code,ticker_tse,symbol_stooq,date,open,high,low,close,volume,source,fetched_at
1803,1803.T,1803.jp,1999-04-06,457.67,461.24,444.30,461.24,839536,https://stooq.com/q/d/l/?s=1803.jp&i=d,2026-03-26T08:35:00+00:00
1803,1803.T,1803.jp,1999-04-07,446.09,462.14,446.09,462.14,738660,https://stooq.com/q/d/l/?s=1803.jp&i=d,2026-03-26T08:35:00+00:00
1803,1803.T,1803.jp,1999-04-08,455.01,463.94,446.09,463.94,867560,https://stooq.com/q/d/l/?s=1803.jp&i=d,2026-03-26T08:35:00+00:00
1803,1803.T,1803.jp,1999-04-09,478.21,478.21,450.54,450.54,2592594,https://stooq.com/q/d/l/?s=1803.jp&i=d,2026-03-26T08:35:00+00:00
1803,1803.T,1803.jp,1999-04-12,450.54,462.14,444.30,444.30,703911,https://stooq.com/q/d/l/?s=1803.jp&i=d,2026-03-26T08:35:00+00:00
1803,1803.T,1803.jp,1999-04-13,448.75,452.32,440.71,445.19,901187,https://stooq.com/q/d/l/?s=1803.jp&i=d,2026-03-26T08:35:00+00:00
1803,1803.T,1803.jp,1999-04-14,445.19,454.12,438.04,454.12,802550,https://stooq.com/q/d/l/?s=1803.jp&i=d,2026-03-26T08:35:00+00:00
1803,1803.T,1803.jp,1999-04-15,452.32,455.01,441.64,448.75,499911,https://stooq.com/q/d/l/?s=1803.jp&i=d,2026-03-26T08:35:00+00:00
1803,1803.T,1803.jp,1999-04-16,444.30,450.54,441.64,445.19,784613,https://stooq.com/q/d/l/?s=1803.jp&i=d,2026-03-26T08:35:00+00:00
1803,1803.T,1803.jp,1999-04-19,446.09,446.09,431.81,433.59,729691,https://stooq.com/q/d/l/?s=1803.jp&i=d,2026-03-26T08:35:00+00:00
1803,1803.T,1803.jp,1999-04-20,432.68,436.28,425.58,433.59,645625,https://stooq.com/q/d/l/?s=1803.jp&i=d,2026-03-26T08:35:00+00:00
1803,1803.T,1803.jp,1999-04-21,429.12,432.68,425.58,431.81,391185,https://stooq.com/q/d/l/?s=1803.jp&i=d,2026-03-26T08:35:00+00:00
1803,1803.T,1803.jp,1999-04-22,428.25,428.25,423.77,427.34,701668,https://stooq.com/q/d/l/?s=1803.jp&i=d,2026-03-26T08:35:00+00:00
1803,1803.T,1803.jp,1999-04-23,420.20,421.99,412.19,416.64,2037757,https://stooq.com/q/d/l/?s=1803.jp&i=d,2026-03-26T08:35:00+00:00
1803,1803.T,1803.jp,1999-04-26,421.09,427.34,418.42,419.32,731934,https://stooq.com/q/d/l/?s=1803.jp&i=d,2026-03-26T08:35:00+00:00
1803,1803.T,1803.jp,1999-04-27,419.32,422.88,416.64,421.99,847386,https://stooq.com/q/d/l/?s=1803.jp&i=d,2026-03-26T08:35:00+00:00
1803,1803.T,1803.jp,1999-04-28,420.20,422.88,412.19,413.07,1933516,https://stooq.com/q/d/l/?s=1803.jp&i=d,2026-03-26T08:35:00+00:00
1803,1803.T,1803.jp,1999-04-30,415.74,423.77,412.19,417.53,1571472,https://stooq.com/q/d/l/?s=1803.jp&i=d,2026-03-26T08:35:00+00:00
1803,1803.T,1803.jp,1999-05-06,422.88,445.19,421.09,445.19,1417913,https://stooq.com/q/d/l/?s=1803.jp&i=d,2026-03-26T08:35:00+00:00
1803,1803.T,1803.jp,1999-05-07,449.65,451.45,435.37,435.37,1505340,https://stooq.com/q/d/l/?s=1803.jp&i=d,2026-03-26T08:35:00+00:00
1803,1803.T,1803.jp,1999-05-10,440.71,444.30,438.94,441.64,793585,https://stooq.com/q/d/l/?s=1803.jp&i=d,2026-03-26T08:35:00+00:00
1803,1803.T,1803.jp,1999-05-11,437.14,437.14,421.99,422.88,1636481,https://stooq.com/q/d/l/?s=1803.jp&i=d,2026-03-26T08:35:00+00:00
1803,1803.T,1803.jp,1999-05-12,427.34,446.09,427.34,436.28,1684682,https://stooq.com/q/d/l/?s=1803.jp&i=d,2026-03-26T08:35:00+00:00
1803,1803.T,1803.jp,1999-05-13,436.28,436.28,427.34,436.28,692702,https://stooq.com/q/d/l/?s=1803.jp&i=d,2026-03-26T08:35:00+00:00
1803,1803.T,1803.jp,1999-05-14,436.28,436.28,423.77,423.77,1991802,https://stooq.com/q/d/l/?s=1803.jp&i=d,2026-03-26T08:35:00+00:00
1803,1803.T,1803.jp,1999-05-17,421.99,422.88,412.19,420.20,1095097,https://stooq.com/q/d/l/?s=1803.jp&i=d,2026-03-26T08:35:00+00:00
1803,1803.T,1803.jp,1999-05-18,420.20,420.20,405.02,410.39,1199340,https://stooq.com/q/d/l/?s=1803.jp&i=d,2026-03-26T08:35:00+00:00
1803,1803.T,1803.jp,1999-05-19,405.93,410.39,401.48,403.27,1121997,https://stooq.com/q/d/l/?s=1803.jp&i=d,2026-03-26T08:35:00+00:00
1803,1803.T,1803.jp,1999-05-20,405.02,407.71,370.25,389.88,2659846,https://stooq.com/q/d/l/?s=1803.jp&i=d,2026-03-26T08:35:00+00:00
1803,1803.T,1803.jp,1999-05-21,392.56,392.56,383.62,388.99,634417,https://stooq.com/q/d/l/?s=1803.jp&i=d,2026-03-26T08:35:00+00:00
1803,1803.T,1803.jp,1999-05-24,390.76,395.24,388.99,390.76,459559,https://stooq.com/q/d/l/?s=1803.jp&i=d,2026-03-26T08:35:00+00:00
1803,1803.T,1803.jp,1999-05-25,388.09,396.12,383.62,395.24,869801,https://stooq.com/q/d/l/?s=1803.jp&i=d,2026-03-26T08:35:00+00:00
1803,1803.T,1803.jp,1999-05-26,391.67,401.48,388.09,388.09,1049142,https://stooq.com/q/d/l/?s=1803.jp&i=d,2026-03-26T08:35:00+00:00
1803,1803.T,1803.jp,1999-05-27,388.09,391.67,383.62,387.21,603032,https://stooq.com/q/d/l/?s=1803.jp&i=d,2026-03-26T08:35:00+00:00
1803,1803.T,1803.jp,1999-05-28,383.62,384.51,375.60,380.95,487581,https://stooq.com/q/d/l/?s=1803.jp&i=d,2026-03-26T08:35:00+00:00
1803,1803.T,1803.jp,1999-05-31,380.95,405.93,379.18,405.93,425934,https://stooq.com/q/d/l/?s=1803.jp&i=d,2026-03-26T08:35:00+00:00
1803,1803.T,1803.jp,1999-06-01,401.48,405.02,392.56,405.02,599671,https://stooq.com/q/d/l/?s=1803.jp&i=d,2026-03-26T08:35:00+00:00
1803,1803.T,1803.jp,1999-06-02,405.02,405.02,379.18,379.18,1018879,https://stooq.com/q/d/l/?s=1803.jp&i=d,2026-03-26T08:35:00+00:00
1803,1803.T,1803.jp,1999-06-03,381.83,388.09,380.95,384.51,551472,https://stooq.com/q/d/l/?s=1803.jp&i=d,2026-03-26T08:35:00+00:00
1803,1803.T,1803.jp,1999-06-04,384.51,392.56,383.62,388.99,443867,https://stooq.com/q/d/l/?s=1803.jp&i=d,2026-03-26T08:35:00+00:00
1803,1803.T,1803.jp,1999-06-07,395.24,401.48,390.76,397.90,582858,https://stooq.com/q/d/l/?s=1803.jp&i=d,2026-03-26T08:35:00+00:00
1803,1803.T,1803.jp,1999-06-08,393.44,397.90,385.40,395.24,523450,https://stooq.com/q/d/l/?s=1803.jp&i=d,2026-03-26T08:35:00+00:00
1803,1803.T,1803.jp,1999-06-09,388.09,389.88,382.73,386.29,910153,https://stooq.com/q/d/l/?s=1803.jp&i=d,2026-03-26T08:35:00+00:00
1803,1803.T,1803.jp,1999-06-10,386.29,401.48,386.29,401.48,1303580,https://stooq.com/q/d/l/?s=1803.jp&i=d,2026-03-26T08:35:00+00:00
1803,1803.T,1803.jp,1999-06-11,405.93,437.14,405.93,418.42,4216747,https://stooq.com/q/d/l/?s=1803.jp&i=d,2026-03-26T08:35:00+00:00
1803,1803.T,1803.jp,1999-06-14,417.53,418.42,410.39,412.19,966197,https://stooq.com/q/d/l/?s=1803.jp&i=d,2026-03-26T08:35:00+00:00
1803,1803.T,1803.jp,1999-06-15,412.19,413.97,408.61,412.19,1037934,https://stooq.com/q/d/l/?s=1803.jp&i=d,2026-03-26T08:35:00+00:00
1803,1803.T,1803.jp,1999-06-16,414.85,422.88,412.19,419.32,1788922,https://stooq.com/q/d/l/?s=1803.jp&i=d,2026-03-26T08:35:00+00:00
1803,1803.T,1803.jp,1999-06-17,414.85,426.45,411.30,426.45,866440,https://stooq.com/q/d/l/?s=1803.jp&i=d,2026-03-26T08:35:00+00:00
1803,1803.T,1803.jp,1999-06-18,423.77,428.25,421.99,421.99,1360747,https://stooq.com/q/d/l/?s=1803.jp&i=d,2026-03-26T08:35:00+00:00
1803,1803.T,1803.jp,1999-06-21,427.34,427.34,416.64,421.09,469649,https://stooq.com/q/d/l/?s=1803.jp&i=d,2026-03-26T08:35:00+00:00
1803,1803.T,1803.jp,1999-06-22,421.99,421.99,401.48,413.07,529056,https://stooq.com/q/d/l/?s=1803.jp&i=d,2026-03-26T08:35:00+00:00
1803,1803.T,1803.jp,1999-06-23,403.27,403.27,394.33,394.33,1496373,https://stooq.com/q/d/l/?s=1803.jp&i=d,2026-03-26T08:35:00+00:00
1803,1803.T,1803.jp,1999-06-24,400.58,407.71,396.12,400.58,937055,https://stooq.com/q/d/l/?s=1803.jp&i=d,2026-03-26T08:35:00+00:00
1803,1803.T,1803.jp,1999-06-25,396.12,405.02,390.76,405.02,1013273,https://stooq.com/q/d/l/?s=1803.jp&i=d,2026-03-26T08:35:00+00:00
1803,1803.T,1803.jp,1999-06-28,417.53,423.77,412.19,422.88,959472,https://stooq.com/q/d/l/?s=1803.jp&i=d,2026-03-26T08:35:00+00:00
1803,1803.T,1803.jp,1999-06-29,419.32,430.02,415.74,428.25,1396615,https://stooq.com/q/d/l/?s=1803.jp&i=d,2026-03-26T08:35:00+00:00
1803,1803.T,1803.jp,1999-06-30,430.92,430.92,421.09,421.09,856352,https://stooq.com/q/d/l/?s=1803.jp&i=d,2026-03-26T08:35:00+00:00
1803,1803.T,1803.jp,1999-07-01,432.68,433.59,427.34,429.12,1748571,https://stooq.com/q/d/l/?s=1803.jp&i=d,2026-03-26T08:35:00+00:00
1803,1803.T,1803.jp,1999-07-02,432.68,432.68,419.32,424.67,884373,https://stooq.com/q/d/l/?s=1803.jp&i=d,2026-03-26T08:35:00+00:00
1803,1803.T,1803.jp,1999-07-05,429.12,437.14,424.67,434.48,1296857,https://stooq.com/q/d/l/?s=1803.jp&i=d,2026-03-26T08:35:00+00:00
1803,1803.T,1803.jp,1999-07-06,436.28,446.09,426.45,426.45,1760900,https://stooq.com/q/d/l/?s=1803.jp&i=d,2026-03-26T08:35:00+00:00
1803,1803.T,1803.jp,1999-07-07,431.81,449.65,431.81,441.64,1447053,https://stooq.com/q/d/l/?s=1803.jp&i=d,2026-03-26T08:35:00+00:00
1803,1803.T,1803.jp,1999-07-08,449.65,467.50,441.64,466.61,2696835,https://stooq.com/q/d/l/?s=1803.jp&i=d,2026-03-26T08:35:00+00:00
1803,1803.T,1803.jp,1999-07-09,466.61,466.61,442.50,442.50,2196925,https://stooq.com/q/d/l/?s=1803.jp&i=d,2026-03-26T08:35:00+00:00
1803,1803.T,1803.jp,1999-07-12,442.50,453.21,432.68,448.75,1453779,https://stooq.com/q/d/l/?s=1803.jp&i=d,2026-03-26T08:35:00+00:00
1803,1803.T,1803.jp,1999-07-13,446.09,453.21,438.04,453.21,2044483,https://stooq.com/q/d/l/?s=1803.jp&i=d,2026-03-26T08:35:00+00:00
1803,1803.T,1803.jp,1999-07-14,453.21,460.34,450.54,455.89,1967142,https://stooq.com/q/d/l/?s=1803.jp&i=d,2026-03-26T08:35:00+00:00
1803,1803.T,1803.jp,1999-07-15,457.67,459.45,450.54,457.67,1332726,https://stooq.com/q/d/l/?s=1803.jp&i=d,2026-03-26T08:35:00+00:00
1803,1803.T,1803.jp,1999-07-16,463.94,478.21,458.56,477.31,2986023,https://stooq.com/q/d/l/?s=1803.jp&i=d,2026-03-26T08:35:00+00:00
1803,1803.T,1803.jp,1999-07-19,481.76,488.91,478.21,488.91,1500856,https://stooq.com/q/d/l/?s=1803.jp&i=d,2026-03-26T08:35:00+00:00
1803,1803.T,1803.jp,1999-07-21,485.32,485.32,477.31,483.54,1435847,https://stooq.com/q/d/l/?s=1803.jp&i=d,2026-03-26T08:35:00+00:00
1803,1803.T,1803.jp,1999-07-22,479.98,479.98,455.01,459.45,1118637,https://stooq.com/q/d/l/?s=1803.jp&i=d,2026-03-26T08:35:00+00:00
1803,1803.T,1803.jp,1999-07-23,453.21,453.21,441.64,450.54,1185891,https://stooq.com/q/d/l/?s=1803.jp&i=d,2026-03-26T08:35:00+00:00
1803,1803.T,1803.jp,1999-07-26,459.45,461.24,450.54,457.67,727450,https://stooq.com/q/d/l/?s=1803.jp&i=d,2026-03-26T08:35:00+00:00
1803,1803.T,1803.jp,1999-07-27,446.09,450.54,435.37,440.71,1478441,https://stooq.com/q/d/l/?s=1803.jp&i=d,2026-03-26T08:35:00+00:00
1803,1803.T,1803.jp,1999-07-28,444.30,456.78,441.64,450.54,539142,https://stooq.com/q/d/l/?s=1803.jp&i=d,2026-03-26T08:35:00+00:00
1803,1803.T,1803.jp,1999-07-29,450.54,455.01,446.09,448.75,465163,https://stooq.com/q/d/l/?s=1803.jp&i=d,2026-03-26T08:35:00+00:00
1803,1803.T,1803.jp,1999-07-30,444.30,461.24,441.64,455.89,631054,https://stooq.com/q/d/l/?s=1803.jp&i=d,2026-03-26T08:35:00+00:00
1803,1803.T,1803.jp,1999-08-02,446.97,449.65,446.09,446.97,783495,https://stooq.com/q/d/l/?s=1803.jp&i=d,2026-03-26T08:35:00+00:00
1803,1803.T,1803.jp,1999-08-03,438.94,440.71,429.12,436.28,1093977,https://stooq.com/q/d/l/?s=1803.jp&i=d,2026-03-26T08:35:00+00:00
1803,1803.T,1803.jp,1999-08-04,428.25,430.92,411.30,423.77,1244174,https://stooq.com/q/d/l/?s=1803.jp&i=d,2026-03-26T08:35:00+00:00
1803,1803.T,1803.jp,1999-08-05,410.39,413.97,405.93,413.97,1308066,https://stooq.com/q/d/l/?s=1803.jp&i=d,2026-03-26T08:35:00+00:00
1803,1803.T,1803.jp,1999-08-06,418.42,427.34,410.39,413.97,818241,https://stooq.com/q/d/l/?s=1803.jp&i=d,2026-03-26T08:35:00+00:00
1803,1803.T,1803.jp,1999-08-09,415.74,423.77,415.74,419.32,353078,https://stooq.com/q/d/l/?s=1803.jp&i=d,2026-03-26T08:35:00+00:00
1803,1803.T,1803.jp,1999-08-10,423.77,428.25,419.32,423.77,431537,https://stooq.com/q/d/l/?s=1803.jp&i=d,2026-03-26T08:35:00+00:00
1803,1803.T,1803.jp,1999-08-11,419.32,427.34,419.32,420.20,1247538,https://stooq.com/q/d/l/?s=1803.jp&i=d,2026-03-26T08:35:00+00:00
1803,1803.T,1803.jp,1999-08-12,424.67,431.81,419.32,429.12,594066,https://stooq.com/q/d/l/?s=1803.jp&i=d,2026-03-26T08:35:00+00:00
1803,1803.T,1803.jp,1999-08-13,411.30,430.02,406.82,422.88,2264176,https://stooq.com/q/d/l/?s=1803.jp&i=d,2026-03-26T08:35:00+00:00
1803,1803.T,1803.jp,1999-08-16,423.77,437.14,422.88,430.02,809276,https://stooq.com/q/d/l/?s=1803.jp&i=d,2026-03-26T08:35:00+00:00
1803,1803.T,1803.jp,1999-08-17,417.53,427.34,416.64,421.99,409120,https://stooq.com/q/d/l/?s=1803.jp&i=d,2026-03-26T08:35:00+00:00
1803,1803.T,1803.jp,1999-08-18,424.67,441.64,414.85,414.85,364286,https://stooq.com/q/d/l/?s=1803.jp&i=d,2026-03-26T08:35:00+00:00
1803,1803.T,1803.jp,1999-08-19,414.85,419.32,414.85,414.85,427055,https://stooq.com/q/d/l/?s=1803.jp&i=d,2026-03-26T08:35:00+00:00
1803,1803.T,1803.jp,1999-08-20,416.64,423.77,410.39,420.20,1076044,https://stooq.com/q/d/l/?s=1803.jp&i=d,2026-03-26T08:35:00+00:00
1803,1803.T,1803.jp,1999-08-23,428.25,445.19,420.20,445.19,1800132,https://stooq.com/q/d/l/?s=1803.jp&i=d,2026-03-26T08:35:00+00:00
1803,1803.T,1803.jp,1999-08-24,445.19,448.75,437.14,447.86,1357382,https://stooq.com/q/d/l/?s=1803.jp&i=d,2026-03-26T08:35:00+00:00
1803,1803.T,1803.jp,1999-08-25,439.83,446.97,437.14,446.09,1443691,https://stooq.com/q/d/l/?s=1803.jp&i=d,2026-03-26T08:35:00+00:00
1803,1803.T,1803.jp,1999-08-26,450.54,450.54,441.64,445.19,1023361,https://stooq.com/q/d/l/?s=1803.jp&i=d,2026-03-26T08:35:00+00:00
1803,1803.T,1803.jp,1999-08-27,446.09,455.01,441.64,446.09,1012155,https://stooq.com/q/d/l/?s=1803.jp&i=d,2026-03-26T08:35:00+00:00
1803,1803.T,1803.jp,1999-08-30,457.67,463.03,457.67,461.24,1155629,https://stooq.com/q/d/l/?s=1803.jp&i=d,2026-03-26T08:35:00+00:00
1803,1803.T,1803.jp,1999-08-31,460.34,462.14,436.28,436.28,1704859,https://stooq.com/q/d/l/?s=1803.jp&i=d,2026-03-26T08:35:00+00:00
1803,1803.T,1803.jp,1999-09-01,439.83,450.54,439.83,447.86,947142,https://stooq.com/q/d/l/?s=1803.jp&i=d,2026-03-26T08:35:00+00:00
1803,1803.T,1803.jp,1999-09-02,445.19,455.01,430.02,430.02,789099,https://stooq.com/q/d/l/?s=1803.jp&i=d,2026-03-26T08:35:00+00:00
1803,1803.T,1803.jp,1999-09-03,428.25,433.59,424.67,425.58,626569,https://stooq.com/q/d/l/?s=1803.jp&i=d,2026-03-26T08:35:00+00:00
1803,1803.T,1803.jp,1999-09-06,425.58,445.19,425.58,437.14,348593,https://stooq.com/q/d/l/?s=1803.jp&i=d,2026-03-26T08:35:00+00:00
1803,1803.T,1803.jp,1999-09-07,432.68,437.14,420.20,426.45,558196,https://stooq.com/q/d/l/?s=1803.jp&i=d,2026-03-26T08:35:00+00:00
1803,1803.T,1803.jp,1999-09-08,426.45,426.45,421.09,423.77,348593,https://stooq.com/q/d/l/?s=1803.jp&i=d,2026-03-26T08:35:00+00:00
1803,1803.T,1803.jp,1999-09-09,424.67,429.12,422.88,427.34,317207,https://stooq.com/q/d/l/?s=1803.jp&i=d,2026-03-26T08:35:00+00:00
1803,1803.T,1803.jp,1999-09-10,428.25,453.21,425.58,433.59,3535254,https://stooq.com/q/d/l/?s=1803.jp&i=d,2026-03-26T08:35:00+00:00
1803,1803.T,1803.jp,1999-09-13,429.12,439.83,427.34,436.28,632175,https://stooq.com/q/d/l/?s=1803.jp&i=d,2026-03-26T08:35:00+00:00
1803,1803.T,1803.jp,1999-09-14,431.81,434.48,422.88,425.58,828329,https://stooq.com/q/d/l/?s=1803.jp&i=d,2026-03-26T08:35:00+00:00
1803,1803.T,1803.jp,1999-09-16,416.64,426.45,411.30,425.58,774529,https://stooq.com/q/d/l/?s=1803.jp&i=d,2026-03-26T08:35:00+00:00
1803,1803.T,1803.jp,1999-09-17,421.09,423.77,411.30,421.09,995341,https://stooq.com/q/d/l/?s=1803.jp&i=d,2026-03-26T08:35:00+00:00
1803,1803.T,1803.jp,1999-09-20,420.20,428.25,416.64,423.77,1142175,https://stooq.com/q/d/l/?s=1803.jp&i=d,2026-03-26T08:35:00+00:00
1803,1803.T,1803.jp,1999-09-21,419.32,445.19,417.53,445.19,620967,https://stooq.com/q/d/l/?s=1803.jp&i=d,2026-03-26T08:35:00+00:00
1803,1803.T,1803.jp,1999-09-22,413.97,421.09,412.19,420.20,932570,https://stooq.com/q/d/l/?s=1803.jp&i=d,2026-03-26T08:35:00+00:00
1803,1803.T,1803.jp,1999-09-24,415.74,419.32,412.19,413.97,664680,https://stooq.com/q/d/l/?s=1803.jp&i=d,2026-03-26T08:35:00+00:00
1803,1803.T,1803.jp,1999-09-27,430.02,430.02,410.39,410.39,535779,https://stooq.com/q/d/l/?s=1803.jp&i=d,2026-03-26T08:35:00+00:00
1803,1803.T,1803.jp,1999-09-28,413.07,419.32,411.30,415.74,458439,https://stooq.com/q/d/l/?s=1803.jp&i=d,2026-03-26T08:35:00+00:00
1803,1803.T,1803.jp,1999-09-29,424.67,432.68,413.97,426.45,496549,https://stooq.com/q/d/l/?s=1803.jp&i=d,2026-03-26T08:35:00+00:00
1803,1803.T,1803.jp,1999-09-30,427.34,431.81,420.20,420.20,803668,https://stooq.com/q/d/l/?s=1803.jp&i=d,2026-03-26T08:35:00+00:00
1803,1803.T,1803.jp,1999-10-01,416.64,437.14,416.64,431.81,595188,https://stooq.com/q/d/l/?s=1803.jp&i=d,2026-03-26T08:35:00+00:00
1803,1803.T,1803.jp,1999-10-04,433.59,441.64,427.34,432.68,572769,https://stooq.com/q/d/l/?s=1803.jp&i=d,2026-03-26T08:35:00+00:00
1803,1803.T,1803.jp,1999-10-05,430.92,435.37,429.12,430.92,359801,https://stooq.com/q/d/l/?s=1803.jp&i=d,2026-03-26T08:35:00+00:00
1803,1803.T,1803.jp,1999-10-06,431.81,434.48,419.32,419.32,420329,https://stooq.com/q/d/l/?s=1803.jp&i=d,2026-03-26T08:35:00+00:00
1803,1803.T,1803.jp,1999-10-07,432.68,437.14,430.02,431.81,585099,https://stooq.com/q/d/l/?s=1803.jp&i=d,2026-03-26T08:35:00+00:00
1803,1803.T,1803.jp,1999-10-08,431.81,431.81,411.30,411.30,1727275,https://stooq.com/q/d/l/?s=1803.jp&i=d,2026-03-26T08:35:00+00:00
1803,1803.T,1803.jp,1999-10-12,406.82,409.49,379.18,383.62,1626394,https://stooq.com/q/d/l/?s=1803.jp&i=d,2026-03-26T08:35:00+00:00
1803,1803.T,1803.jp,1999-10-13,379.18,390.76,379.18,380.95,1461626,https://stooq.com/q/d/l/?s=1803.jp&i=d,2026-03-26T08:35:00+00:00
1803,1803.T,1803.jp,1999-10-14,384.51,388.99,383.62,383.62,1051384,https://stooq.com/q/d/l/?s=1803.jp&i=d,2026-03-26T08:35:00+00:00
1803,1803.T,1803.jp,1999-10-15,386.29,388.99,380.95,387.21,767802,https://stooq.com/q/d/l/?s=1803.jp&i=d,2026-03-26T08:35:00+00:00
1803,1803.T,1803.jp,1999-10-18,388.09,398.80,383.62,383.62,724087,https://stooq.com/q/d/l/?s=1803.jp&i=d,2026-03-26T08:35:00+00:00
1803,1803.T,1803.jp,1999-10-19,384.51,384.51,376.48,379.18,637779,https://stooq.com/q/d/l/?s=1803.jp&i=d,2026-03-26T08:35:00+00:00
1803,1803.T,1803.jp,1999-10-20,383.62,386.29,374.70,381.83,651229,https://stooq.com/q/d/l/?s=1803.jp&i=d,2026-03-26T08:35:00+00:00
1803,1803.T,1803.jp,1999-10-21,374.70,377.38,366.66,373.81,683735,https://stooq.com/q/d/l/?s=1803.jp&i=d,2026-03-26T08:35:00+00:00
1803,1803.T,1803.jp,1999-10-22,374.70,375.60,370.25,372.04,766680,https://stooq.com/q/d/l/?s=1803.jp&i=d,2026-03-26T08:35:00+00:00
1803,1803.T,1803.jp,1999-10-25,370.25,385.40,366.66,378.28,965077,https://stooq.com/q/d/l/?s=1803.jp&i=d,2026-03-26T08:35:00+00:00
1803,1803.T,1803.jp,1999-10-26,379.18,379.18,358.65,359.54,1160109,https://stooq.com/q/d/l/?s=1803.jp&i=d,2026-03-26T08:35:00+00:00
1803,1803.T,1803.jp,1999-10-27,346.16,349.74,339.91,342.58,2233909,https://stooq.com/q/d/l/?s=1803.jp&i=d,2026-03-26T08:35:00+00:00
1803,1803.T,1803.jp,1999-10-28,347.06,351.51,343.47,344.38,1290132,https://stooq.com/q/d/l/?s=1803.jp&i=d,2026-03-26T08:35:00+00:00
1803,1803.T,1803.jp,1999-10-29,347.94,348.83,329.20,333.66,2933339,https://stooq.com/q/d/l/?s=1803.jp&i=d,2026-03-26T08:35:00+00:00
1803,1803.T,1803.jp,1999-11-01,333.66,340.80,330.10,330.10,2155451,https://stooq.com/q/d/l/?s=1803.jp&i=d,2026-03-26T08:35:00+00:00
1803,1803.T,1803.jp,1999-11-02,332.78,337.23,330.10,336.36,852988,https://stooq.com/q/d/l/?s=1803.jp&i=d,2026-03-26T08:35:00+00:00
1803,1803.T,1803.jp,1999-11-04,340.80,349.74,312.26,312.26,1889800,https://stooq.com/q/d/l/?s=1803.jp&i=d,2026-03-26T08:35:00+00:00
1803,1803.T,1803.jp,1999-11-05,313.16,319.40,312.26,312.26,2164418,https://stooq.com/q/d/l/?s=1803.jp&i=d,2026-03-26T08:35:00+00:00
1803,1803.T,1803.jp,1999-11-08,316.73,318.49,303.35,314.04,1994043,https://stooq.com/q/d/l/?s=1803.jp&i=d,2026-03-26T08:35:00+00:00
1803,1803.T,1803.jp,1999-11-09,312.26,314.04,305.11,305.11,1111910,https://stooq.com/q/d/l/?s=1803.jp&i=d,2026-03-26T08:35:00+00:00
1803,1803.T,1803.jp,1999-11-10,301.55,303.35,294.40,301.55,1881956,https://stooq.com/q/d/l/?s=1803.jp&i=d,2026-03-26T08:35:00+00:00
1803,1803.T,1803.jp,1999-11-11,303.35,303.35,288.16,290.83,1805736,https://stooq.com/q/d/l/?s=1803.jp&i=d,2026-03-26T08:35:00+00:00
1803,1803.T,1803.jp,1999-11-12,286.38,290.83,273.89,275.68,2293319,https://stooq.com/q/d/l/?s=1803.jp&i=d,2026-03-26T08:35:00+00:00
1803,1803.T,1803.jp,1999-11-15,281.03,284.58,272.09,272.09,1768747,https://stooq.com/q/d/l/?s=1803.jp&i=d,2026-03-26T08:35:00+00:00
1803,1803.T,1803.jp,1999-11-16,272.09,280.13,270.32,273.89,2378505,https://stooq.com/q/d/l/?s=1803.jp&i=d,2026-03-26T08:35:00+00:00
1803,1803.T,1803.jp,1999-11-17,281.03,345.27,280.13,321.18,3122768,https://stooq.com/q/d/l/?s=1803.jp&i=d,2026-03-26T08:35:00+00:00
1803,1803.T,1803.jp,1999-11-18,330.10,339.02,313.16,313.16,2071383,https://stooq.com/q/d/l/?s=1803.jp&i=d,2026-03-26T08:35:00+00:00
1803,1803.T,1803.jp,1999-11-19,321.18,321.18,307.78,307.78,1185891,https://stooq.com/q/d/l/?s=1803.jp&i=d,2026-03-26T08:35:00+00:00
1803,1803.T,1803.jp,1999-11-22,312.26,314.92,303.35,303.35,961712,https://stooq.com/q/d/l/?s=1803.jp&i=d,2026-03-26T08:35:00+00:00
1803,1803.T,1803.jp,1999-11-24,298.87,303.35,295.31,297.10,727450,https://stooq.com/q/d/l/?s=1803.jp&i=d,2026-03-26T08:35:00+00:00
1803,1803.T,1803.jp,1999-11-25,294.40,300.67,293.52,299.77,882132,https://stooq.com/q/d/l/?s=1803.jp&i=d,2026-03-26T08:35:00+00:00
1803,1803.T,1803.jp,1999-11-26,304.19,311.38,303.35,304.19,1003186,https://stooq.com/q/d/l/?s=1803.jp&i=d,2026-03-26T08:35:00+00:00
1803,1803.T,1803.jp,1999-11-29,300.67,313.16,300.67,308.69,718484,https://stooq.com/q/d/l/?s=1803.jp&i=d,2026-03-26T08:35:00+00:00
1803,1803.T,1803.jp,1999-11-30,309.57,316.73,301.55,308.69,1016636,https://stooq.com/q/d/l/?s=1803.jp&i=d,2026-03-26T08:35:00+00:00
1803,1803.T,1803.jp,1999-12-01,309.57,316.73,307.78,316.73,957230,https://stooq.com/q/d/l/?s=1803.jp&i=d,2026-03-26T08:35:00+00:00
1803,1803.T,1803.jp,1999-12-02,319.40,319.40,299.77,305.11,909033,https://stooq.com/q/d/l/?s=1803.jp&i=d,2026-03-26T08:35:00+00:00
1803,1803.T,1803.jp,1999-12-03,309.57,310.45,305.11,308.69,1079405,https://stooq.com/q/d/l/?s=1803.jp&i=d,2026-03-26T08:35:00+00:00
1803,1803.T,1803.jp,1999-12-06,309.57,316.73,309.57,313.16,1030087,https://stooq.com/q/d/l/?s=1803.jp&i=d,2026-03-26T08:35:00+00:00
1803,1803.T,1803.jp,1999-12-07,313.16,315.82,300.67,314.04,1217273,https://stooq.com/q/d/l/?s=1803.jp&i=d,2026-03-26T08:35:00+00:00
1803,1803.T,1803.jp,1999-12-08,311.38,320.27,311.38,317.60,849626,https://stooq.com/q/d/l/?s=1803.jp&i=d,2026-03-26T08:35:00+00:00
1803,1803.T,1803.jp,1999-12-09,320.27,332.78,317.60,321.18,1786680,https://stooq.com/q/d/l/?s=1803.jp&i=d,2026-03-26T08:35:00+00:00
1803,1803.T,1803.jp,1999-12-10,347.94,347.94,325.63,326.52,4138286,https://stooq.com/q/d/l/?s=1803.jp&i=d,2026-03-26T08:35:00+00:00
1803,1803.T,1803.jp,1999-12-13,331.00,335.46,325.63,325.63,838418,https://stooq.com/q/d/l/?s=1803.jp&i=d,2026-03-26T08:35:00+00:00
1803,1803.T,1803.jp,1999-12-14,325.63,343.47,325.63,332.78,1552418,https://stooq.com/q/d/l/?s=1803.jp&i=d,2026-03-26T08:35:00+00:00
1803,1803.T,1803.jp,1999-12-15,331.00,347.94,331.00,339.02,1607340,https://stooq.com/q/d/l/?s=1803.jp&i=d,2026-03-26T08:35:00+00:00
1803,1803.T,1803.jp,1999-12-16,335.46,344.38,325.63,344.38,1243055,https://stooq.com/q/d/l/?s=1803.jp&i=d,2026-03-26T08:35:00+00:00
1803,1803.T,1803.jp,1999-12-17,344.38,344.38,330.10,333.66,1230724,https://stooq.com/q/d/l/?s=1803.jp&i=d,2026-03-26T08:35:00+00:00
1803,1803.T,1803.jp,1999-12-20,332.78,339.02,330.10,332.78,1456023,https://stooq.com/q/d/l/?s=1803.jp&i=d,2026-03-26T08:35:00+00:00
1803,1803.T,1803.jp,1999-12-21,333.66,339.02,333.66,334.56,560438,https://stooq.com/q/d/l/?s=1803.jp&i=d,2026-03-26T08:35:00+00:00
1803,1803.T,1803.jp,1999-12-22,334.56,336.36,325.63,327.42,456199,https://stooq.com/q/d/l/?s=1803.jp&i=d,2026-03-26T08:35:00+00:00
1803,1803.T,1803.jp,1999-12-24,325.63,332.78,316.73,316.73,1046900,https://stooq.com/q/d/l/?s=1803.jp&i=d,2026-03-26T08:35:00+00:00
1803,1803.T,1803.jp,1999-12-27,325.63,339.02,317.60,328.29,1036814,https://stooq.com/q/d/l/?s=1803.jp&i=d,2026-03-26T08:35:00+00:00
1803,1803.T,1803.jp,1999-12-28,323.85,324.76,314.04,315.82,390066,https://stooq.com/q/d/l/?s=1803.jp&i=d,2026-03-26T08:35:00+00:00
1803,1803.T,1803.jp,1999-12-29,312.26,321.18,306.90,312.26,812637,https://stooq.com/q/d/l/?s=1803.jp&i=d,2026-03-26T08:35:00+00:00
1803,1803.T,1803.jp,1999-12-30,307.78,309.57,300.67,301.55,410240,https://stooq.com/q/d/l/?s=1803.jp&i=d,2026-03-26T08:35:00+00:00
1803,1803.T,1803.jp,2000-01-04,297.10,302.44,294.40,299.77,345232,https://stooq.com/q/d/l/?s=1803.jp&i=d,2026-03-26T08:35:00+00:00
1803,1803.T,1803.jp,2000-01-05,299.77,310.45,296.19,306.00,1115273,https://stooq.com/q/d/l/?s=1803.jp&i=d,2026-03-26T08:35:00+00:00
1803,1803.T,1803.jp,2000-01-06,297.10,298.87,285.48,290.83,1217273,https://stooq.com/q/d/l/?s=1803.jp&i=d,2026-03-26T08:35:00+00:00
1803,1803.T,1803.jp,2000-01-07,295.31,311.38,294.40,306.00,844022,https://stooq.com/q/d/l/?s=1803.jp&i=d,2026-03-26T08:35:00+00:00
1803,1803.T,1803.jp,2000-01-11,314.92,319.40,294.40,296.19,697186,https://stooq.com/q/d/l/?s=1803.jp&i=d,2026-03-26T08:35:00+00:00
1803,1803.T,1803.jp,2000-01-12,296.19,298.87,289.94,289.94,837296,https://stooq.com/q/d/l/?s=1803.jp&i=d,2026-03-26T08:35:00+00:00
1803,1803.T,1803.jp,2000-01-13,298.87,303.35,291.73,297.10,744264,https://stooq.com/q/d/l/?s=1803.jp&i=d,2026-03-26T08:35:00+00:00
1803,1803.T,1803.jp,2000-01-14,303.35,312.26,298.87,312.26,1190372,https://stooq.com/q/d/l/?s=1803.jp&i=d,2026-03-26T08:35:00+00:00
1803,1803.T,1803.jp,2000-01-17,312.26,314.92,306.00,306.00,946023,https://stooq.com/q/d/l/?s=1803.jp&i=d,2026-03-26T08:35:00+00:00
1803,1803.T,1803.jp,2000-01-18,312.26,314.04,306.00,308.69,934812,https://stooq.com/q/d/l/?s=1803.jp&i=d,2026-03-26T08:35:00+00:00
1803,1803.T,1803.jp,2000-01-19,308.69,309.57,294.40,302.44,609757,https://stooq.com/q/d/l/?s=1803.jp&i=d,2026-03-26T08:35:00+00:00
1803,1803.T,1803.jp,2000-01-20,303.35,303.35,297.10,297.10,501034,https://stooq.com/q/d/l/?s=1803.jp&i=d,2026-03-26T08:35:00+00:00
1803,1803.T,1803.jp,2000-01-21,295.31,301.55,294.40,298.87,727450,https://stooq.com/q/d/l/?s=1803.jp&i=d,2026-03-26T08:35:00+00:00
1803,1803.T,1803.jp,2000-01-24,294.40,299.77,289.94,289.94,921364,https://stooq.com/q/d/l/?s=1803.jp&i=d,2026-03-26T08:35:00+00:00
1803,1803.T,1803.jp,2000-01-25,287.27,297.99,287.27,293.52,1562505,https://stooq.com/q/d/l/?s=1803.jp&i=d,2026-03-26T08:35:00+00:00
1803,1803.T,1803.jp,2000-01-26,298.87,298.87,289.94,292.63,987494,https://stooq.com/q/d/l/?s=1803.jp&i=d,2026-03-26T08:35:00+00:00
1803,1803.T,1803.jp,2000-01-27,289.94,293.52,281.90,283.71,861956,https://stooq.com/q/d/l/?s=1803.jp&i=d,2026-03-26T08:35:00+00:00
1803,1803.T,1803.jp,2000-01-28,279.24,285.48,276.57,278.35,1212791,https://stooq.com/q/d/l/?s=1803.jp&i=d,2026-03-26T08:35:00+00:00
1803,1803.T,1803.jp,2000-01-31,282.82,291.73,279.24,291.73,874283,https://stooq.com/q/d/l/?s=1803.jp&i=d,2026-03-26T08:35:00+00:00
1803,1803.T,1803.jp,2000-02-01,282.82,285.48,277.47,278.35,892222,https://stooq.com/q/d/l/?s=1803.jp&i=d,2026-03-26T08:35:00+00:00
1803,1803.T,1803.jp,2000-02-02,277.47,280.13,273.89,276.57,1574835,https://stooq.com/q/d/l/?s=1803.jp&i=d,2026-03-26T08:35:00+00:00
1803,1803.T,1803.jp,2000-02-03,277.47,280.13,274.79,276.57,855230,https://stooq.com/q/d/l/?s=1803.jp&i=d,2026-03-26T08:35:00+00:00
1803,1803.T,1803.jp,2000-02-04,276.57,277.47,270.32,274.79,1148903,https://stooq.com/q/d/l/?s=1803.jp&i=d,2026-03-26T08:35:00+00:00
1803,1803.T,1803.jp,2000-02-07,270.32,275.68,267.64,268.53,1204946,https://stooq.com/q/d/l/?s=1803.jp&i=d,2026-03-26T08:35:00+00:00
1803,1803.T,1803.jp,2000-02-08,268.53,269.43,264.98,269.43,1531121,https://stooq.com/q/d/l/?s=1803.jp&i=d,2026-03-26T08:35:00+00:00
1803,1803.T,1803.jp,2000-02-09,268.53,269.43,264.98,264.98,1243055,https://stooq.com/q/d/l/?s=1803.jp&i=d,2026-03-26T08:35:00+00:00
1803,1803.T,1803.jp,2000-02-10,263.18,270.32,263.18,263.18,1441449,https://stooq.com/q/d/l/?s=1803.jp&i=d,2026-03-26T08:35:00+00:00
1803,1803.T,1803.jp,2000-02-14,264.98,267.64,250.70,252.48,1851691,https://stooq.com/q/d/l/?s=1803.jp&i=d,2026-03-26T08:35:00+00:00
1803,1803.T,1803.jp,2000-02-15,252.48,252.48,236.44,236.44,2247362,https://stooq.com/q/d/l/?s=1803.jp&i=d,2026-03-26T08:35:00+00:00
1803,1803.T,1803.jp,2000-02-16,237.32,257.83,231.06,236.44,3897296,https://stooq.com/q/d/l/?s=1803.jp&i=d,2026-03-26T08:35:00+00:00
1803,1803.T,1803.jp,2000-02-17,240.88,243.54,236.44,239.10,1412307,https://stooq.com/q/d/l/?s=1803.jp&i=d,2026-03-26T08:35:00+00:00
1803,1803.T,1803.jp,2000-02-18,240.88,254.25,223.93,235.53,2618375,https://stooq.com/q/d/l/?s=1803.jp&i=d,2026-03-26T08:35:00+00:00
1803,1803.T,1803.jp,2000-02-21,236.44,243.54,235.53,240.88,2510771,https://stooq.com/q/d/l/?s=1803.jp&i=d,2026-03-26T08:35:00+00:00
1803,1803.T,1803.jp,2000-02-22,240.88,256.95,240.88,252.48,1868506,https://stooq.com/q/d/l/?s=1803.jp&i=d,2026-03-26T08:35:00+00:00
1803,1803.T,1803.jp,2000-02-23,256.03,263.18,249.80,255.16,1756418,https://stooq.com/q/d/l/?s=1803.jp&i=d,2026-03-26T08:35:00+00:00
1803,1803.T,1803.jp,2000-02-24,257.83,264.98,250.70,250.70,977405,https://stooq.com/q/d/l/?s=1803.jp&i=d,2026-03-26T08:35:00+00:00
1803,1803.T,1803.jp,2000-02-25,250.70,258.73,249.80,256.95,1109671,https://stooq.com/q/d/l/?s=1803.jp&i=d,2026-03-26T08:35:00+00:00
1803,1803.T,1803.jp,2000-02-28,265.86,265.86,234.63,234.63,2170021,https://stooq.com/q/d/l/?s=1803.jp&i=d,2026-03-26T08:35:00+00:00
1803,1803.T,1803.jp,2000-02-29,234.63,244.46,231.94,236.44,2646393,https://stooq.com/q/d/l/?s=1803.jp&i=d,2026-03-26T08:35:00+00:00
1803,1803.T,1803.jp,2000-03-01,236.44,240.88,236.44,237.32,1570350,https://stooq.com/q/d/l/?s=1803.jp&i=d,2026-03-26T08:35:00+00:00
1803,1803.T,1803.jp,2000-03-02,236.44,243.54,233.73,243.54,1657780,https://stooq.com/q/d/l/?s=1803.jp&i=d,2026-03-26T08:35:00+00:00
1803,1803.T,1803.jp,2000-03-03,234.63,237.32,230.16,237.32,1954813,https://stooq.com/q/d/l/?s=1803.jp&i=d,2026-03-26T08:35:00+00:00
1803,1803.T,1803.jp,2000-03-06,231.94,233.73,224.82,231.06,2337033,https://stooq.com/q/d/l/?s=1803.jp&i=d,2026-03-26T08:35:00+00:00
1803,1803.T,1803.jp,2000-03-07,231.06,239.99,229.28,236.44,1675711,https://stooq.com/q/d/l/?s=1803.jp&i=d,2026-03-26T08:35:00+00:00
1803,1803.T,1803.jp,2000-03-08,231.94,233.73,223.04,223.04,2570175,https://stooq.com/q/d/l/?s=1803.jp&i=d,2026-03-26T08:35:00+00:00
1803,1803.T,1803.jp,2000-03-09,227.49,232.85,225.71,231.06,1895407,https://stooq.com/q/d/l/?s=1803.jp&i=d,2026-03-26T08:35:00+00:00
1803,1803.T,1803.jp,2000-03-10,231.06,234.63,228.37,232.85,5149318,https://stooq.com/q/d/l/?s=1803.jp&i=d,2026-03-26T08:35:00+00:00
1803,1803.T,1803.jp,2000-03-13,240.88,263.18,240.88,253.37,2626218,https://stooq.com/q/d/l/?s=1803.jp&i=d,2026-03-26T08:35:00+00:00
1803,1803.T,1803.jp,2000-03-14,262.29,265.86,255.16,256.03,2163296,https://stooq.com/q/d/l/?s=1803.jp&i=d,2026-03-26T08:35:00+00:00
1803,1803.T,1803.jp,2000-03-15,260.51,260.51,249.80,256.03,1378682,https://stooq.com/q/d/l/?s=1803.jp&i=d,2026-03-26T08:35:00+00:00
1803,1803.T,1803.jp,2000-03-16,256.03,256.95,240.88,241.77,1840483,https://stooq.com/q/d/l/?s=1803.jp&i=d,2026-03-26T08:35:00+00:00
1803,1803.T,1803.jp,2000-03-17,246.22,248.01,241.77,244.46,1672350,https://stooq.com/q/d/l/?s=1803.jp&i=d,2026-03-26T08:35:00+00:00
1803,1803.T,1803.jp,2000-03-21,248.01,248.01,236.44,239.10,1673472,https://stooq.com/q/d/l/?s=1803.jp&i=d,2026-03-26T08:35:00+00:00
1803,1803.T,1803.jp,2000-03-22,248.01,250.70,237.32,240.88,1904374,https://stooq.com/q/d/l/?s=1803.jp&i=d,2026-03-26T08:35:00+00:00
1803,1803.T,1803.jp,2000-03-23,236.44,240.88,236.44,239.10,1219516,https://stooq.com/q/d/l/?s=1803.jp&i=d,2026-03-26T08:35:00+00:00
1803,1803.T,1803.jp,2000-03-24,243.54,248.01,241.77,248.01,1486286,https://stooq.com/q/d/l/?s=1803.jp&i=d,2026-03-26T08:35:00+00:00
1803,1803.T,1803.jp,2000-03-27,261.39,269.43,257.83,264.08,2555602,https://stooq.com/q/d/l/?s=1803.jp&i=d,2026-03-26T08:35:00+00:00
1803,1803.T,1803.jp,2000-03-28,275.68,276.57,263.18,269.43,1387649,https://stooq.com/q/d/l/?s=1803.jp&i=d,2026-03-26T08:35:00+00:00
1803,1803.T,1803.jp,2000-03-29,264.98,272.09,264.08,267.64,702789,https://stooq.com/q/d/l/?s=1803.jp&i=d,2026-03-26T08:35:00+00:00
1803,1803.T,1803.jp,2000-03-30,267.64,270.32,258.73,258.73,631054,https://stooq.com/q/d/l/?s=1803.jp&i=d,2026-03-26T08:35:00+00:00
1803,1803.T,1803.jp,2000-03-31,262.29,267.64,251.57,256.03,910153,https://stooq.com/q/d/l/?s=1803.jp&i=d,2026-03-26T08:35:00+00:00
1803,1803.T,1803.jp,2000-04-03,256.03,273.89,256.03,273.89,968438,https://stooq.com/q/d/l/?s=1803.jp&i=d,2026-03-26T08:35:00+00:00
1803,1803.T,1803.jp,2000-04-04,271.19,274.79,267.64,273.00,650111,https://stooq.com/q/d/l/?s=1803.jp&i=d,2026-03-26T08:35:00+00:00
1803,1803.T,1803.jp,2000-04-05,272.09,273.00,267.64,270.32,477493,https://stooq.com/q/d/l/?s=1803.jp&i=d,2026-03-26T08:35:00+00:00
1803,1803.T,1803.jp,2000-04-06,270.32,272.09,268.53,268.53,799187,https://stooq.com/q/d/l/?s=1803.jp&i=d,2026-03-26T08:35:00+00:00
1803,1803.T,1803.jp,2000-04-07,272.09,272.09,267.64,267.64,632175,https://stooq.com/q/d/l/?s=1803.jp&i=d,2026-03-26T08:35:00+00:00
1803,1803.T,1803.jp,2000-04-10,267.64,270.32,265.86,266.75,381099,https://stooq.com/q/d/l/?s=1803.jp&i=d,2026-03-26T08:35:00+00:00
1803,1803.T,1803.jp,2000-04-11,266.75,267.64,261.39,264.08,575011,https://stooq.com/q/d/l/?s=1803.jp&i=d,2026-03-26T08:35:00+00:00
1803,1803.T,1803.jp,2000-04-12,258.73,267.64,254.25,267.64,1247538,https://stooq.com/q/d/l/?s=1803.jp&i=d,2026-03-26T08:35:00+00:00
1803,1803.T,1803.jp,2000-04-13,266.75,272.09,264.98,264.98,784613,https://stooq.com/q/d/l/?s=1803.jp&i=d,2026-03-26T08:35:00+00:00
1803,1803.T,1803.jp,2000-04-14,264.08,266.75,258.73,263.18,1145536,https://stooq.com/q/d/l/?s=1803.jp&i=d,2026-03-26T08:35:00+00:00
1803,1803.T,1803.jp,2000-04-17,249.80,263.18,240.88,261.39,1852814,https://stooq.com/q/d/l/?s=1803.jp&i=d,2026-03-26T08:35:00+00:00
1803,1803.T,1803.jp,2000-04-18,261.39,261.39,249.80,256.03,946023,https://stooq.com/q/d/l/?s=1803.jp&i=d,2026-03-26T08:35:00+00:00
1803,1803.T,1803.jp,2000-04-19,256.95,263.18,256.03,263.18,1124242,https://stooq.com/q/d/l/?s=1803.jp&i=d,2026-03-26T08:35:00+00:00
1803,1803.T,1803.jp,2000-04-20,249.80,256.03,249.80,249.80,1228481,https://stooq.com/q/d/l/?s=1803.jp&i=d,2026-03-26T08:35:00+00:00
1803,1803.T,1803.jp,2000-04-21,249.80,253.37,249.80,249.80,2655363,https://stooq.com/q/d/l/?s=1803.jp&i=d,2026-03-26T08:35:00+00:00
1803,1803.T,1803.jp,2000-04-24,272.09,272.09,254.25,265.86,2778658,https://stooq.com/q/d/l/?s=1803.jp&i=d,2026-03-26T08:35:00+00:00
1803,1803.T,1803.jp,2000-04-25,261.39,264.08,254.25,256.95,931449,https://stooq.com/q/d/l/?s=1803.jp&i=d,2026-03-26T08:35:00+00:00
1803,1803.T,1803.jp,2000-04-26,258.73,258.73,246.22,252.48,934812,https://stooq.com/q/d/l/?s=1803.jp&i=d,2026-03-26T08:35:00+00:00
1803,1803.T,1803.jp,2000-04-27,252.48,254.25,243.54,249.80,572769,https://stooq.com/q/d/l/?s=1803.jp&i=d,2026-03-26T08:35:00+00:00
1803,1803.T,1803.jp,2000-04-28,249.80,263.18,240.88,260.51,1025602,https://stooq.com/q/d/l/?s=1803.jp&i=d,2026-03-26T08:35:00+00:00
1803,1803.T,1803.jp,2000-05-01,251.57,255.16,243.54,254.25,562680,https://stooq.com/q/d/l/?s=1803.jp&i=d,2026-03-26T08:35:00+00:00
1803,1803.T,1803.jp,2000-05-02,255.16,264.08,255.16,261.39,766680,https://stooq.com/q/d/l/?s=1803.jp&i=d,2026-03-26T08:35:00+00:00
1803,1803.T,1803.jp,2000-05-08,256.95,258.73,254.25,257.83,308243,https://stooq.com/q/d/l/?s=1803.jp&i=d,2026-03-26T08:35:00+00:00
1803,1803.T,1803.jp,2000-05-09,255.16,261.39,255.16,257.83,411363,https://stooq.com/q/d/l/?s=1803.jp&i=d,2026-03-26T08:35:00+00:00
1803,1803.T,1803.jp,2000-05-10,258.73,262.29,256.03,262.29,459559,https://stooq.com/q/d/l/?s=1803.jp&i=d,2026-03-26T08:35:00+00:00
1803,1803.T,1803.jp,2000-05-11,261.39,262.29,255.16,256.03,466285,https://stooq.com/q/d/l/?s=1803.jp&i=d,2026-03-26T08:35:00+00:00
1803,1803.T,1803.jp,2000-05-12,256.03,258.73,250.70,258.73,1315913,https://stooq.com/q/d/l/?s=1803.jp&i=d,2026-03-26T08:35:00+00:00
1803,1803.T,1803.jp,2000-05-15,258.73,261.39,256.95,261.39,560438,https://stooq.com/q/d/l/?s=1803.jp&i=d,2026-03-26T08:35:00+00:00
1803,1803.T,1803.jp,2000-05-16,258.73,258.73,256.03,257.83,492067,https://stooq.com/q/d/l/?s=1803.jp&i=d,2026-03-26T08:35:00+00:00
1803,1803.T,1803.jp,2000-05-17,257.83,257.83,252.48,252.48,614241,https://stooq.com/q/d/l/?s=1803.jp&i=d,2026-03-26T08:35:00+00:00
1803,1803.T,1803.jp,2000-05-18,252.48,256.03,249.80,252.48,776768,https://stooq.com/q/d/l/?s=1803.jp&i=d,2026-03-26T08:35:00+00:00
1803,1803.T,1803.jp,2000-05-19,249.80,252.48,244.46,245.34,2015341,https://stooq.com/q/d/l/?s=1803.jp&i=d,2026-03-26T08:35:00+00:00
1803,1803.T,1803.jp,2000-05-22,248.90,248.90,242.66,247.13,1527760,https://stooq.com/q/d/l/?s=1803.jp&i=d,2026-03-26T08:35:00+00:00
1803,1803.T,1803.jp,2000-05-23,262.29,262.29,254.25,258.73,2228306,https://stooq.com/q/d/l/?s=1803.jp&i=d,2026-03-26T08:35:00+00:00
1803,1803.T,1803.jp,2000-05-24,249.80,254.25,242.66,246.22,1195977,https://stooq.com/q/d/l/?s=1803.jp&i=d,2026-03-26T08:35:00+00:00
1803,1803.T,1803.jp,2000-05-25,249.80,251.57,248.01,250.70,1442571,https://stooq.com/q/d/l/?s=1803.jp&i=d,2026-03-26T08:35:00+00:00
1803,1803.T,1803.jp,2000-05-26,251.57,251.57,241.77,245.34,1412307,https://stooq.com/q/d/l/?s=1803.jp&i=d,2026-03-26T08:35:00+00:00
1803,1803.T,1803.jp,2000-05-29,248.90,248.90,239.99,245.34,770044,https://stooq.com/q/d/l/?s=1803.jp&i=d,2026-03-26T08:35:00+00:00
1803,1803.T,1803.jp,2000-05-30,245.34,245.34,236.44,237.32,706153,https://stooq.com/q/d/l/?s=1803.jp&i=d,2026-03-26T08:35:00+00:00
1803,1803.T,1803.jp,2000-05-31,239.99,239.99,227.49,227.49,1282285,https://stooq.com/q/d/l/?s=1803.jp&i=d,2026-03-26T08:35:00+00:00
1803,1803.T,1803.jp,2000-06-01,227.49,236.44,227.49,236.44,821604,https://stooq.com/q/d/l/?s=1803.jp&i=d,2026-03-26T08:35:00+00:00
1803,1803.T,1803.jp,2000-06-02,239.99,239.99,230.16,230.16,759956,https://stooq.com/q/d/l/?s=1803.jp&i=d,2026-03-26T08:35:00+00:00
1803,1803.T,1803.jp,2000-06-05,236.44,236.44,230.16,231.06,666923,https://stooq.com/q/d/l/?s=1803.jp&i=d,2026-03-26T08:35:00+00:00
1803,1803.T,1803.jp,2000-06-06,231.06,236.44,230.16,236.44,544747,https://stooq.com/q/d/l/?s=1803.jp&i=d,2026-03-26T08:35:00+00:00
1803,1803.T,1803.jp,2000-06-07,233.73,236.44,230.16,231.06,706153,https://stooq.com/q/d/l/?s=1803.jp&i=d,2026-03-26T08:35:00+00:00
1803,1803.T,1803.jp,2000-06-08,234.63,234.63,231.94,234.63,495427,https://stooq.com/q/d/l/?s=1803.jp&i=d,2026-03-26T08:35:00+00:00
1803,1803.T,1803.jp,2000-06-09,231.94,240.88,231.94,240.88,2459207,https://stooq.com/q/d/l/?s=1803.jp&i=d,2026-03-26T08:35:00+00:00
1803,1803.T,1803.jp,2000-06-12,236.44,248.90,235.53,248.01,1078286,https://stooq.com/q/d/l/?s=1803.jp&i=d,2026-03-26T08:35:00+00:00
1803,1803.T,1803.jp,2000-06-13,248.90,249.80,246.22,248.90,789099,https://stooq.com/q/d/l/?s=1803.jp&i=d,2026-03-26T08:35:00+00:00
1803,1803.T,1803.jp,2000-06-14,248.90,248.90,242.66,248.01,735298,https://stooq.com/q/d/l/?s=1803.jp&i=d,2026-03-26T08:35:00+00:00
1803,1803.T,1803.jp,2000-06-15,247.13,251.57,246.22,250.70,672528,https://stooq.com/q/d/l/?s=1803.jp&i=d,2026-03-26T08:35:00+00:00
1803,1803.T,1803.jp,2000-06-16,246.22,249.80,242.66,242.66,978526,https://stooq.com/q/d/l/?s=1803.jp&i=d,2026-03-26T08:35:00+00:00
1803,1803.T,1803.jp,2000-06-19,245.34,251.57,243.54,249.80,696068,https://stooq.com/q/d/l/?s=1803.jp&i=d,2026-03-26T08:35:00+00:00
1803,1803.T,1803.jp,2000-06-20,256.95,260.51,253.37,259.63,1515427,https://stooq.com/q/d/l/?s=1803.jp&i=d,2026-03-26T08:35:00+00:00
1803,1803.T,1803.jp,2000-06-21,257.83,257.83,250.70,253.37,684857,https://stooq.com/q/d/l/?s=1803.jp&i=d,2026-03-26T08:35:00+00:00
1803,1803.T,1803.jp,2000-06-22,254.25,257.83,248.90,248.90,1266594,https://stooq.com/q/d/l/?s=1803.jp&i=d,2026-03-26T08:35:00+00:00
1803,1803.T,1803.jp,2000-06-23,251.57,256.03,249.80,253.37,1082771,https://stooq.com/q/d/l/?s=1803.jp&i=d,2026-03-26T08:35:00+00:00
1803,1803.T,1803.jp,2000-06-26,260.51,260.51,249.80,254.25,1717187,https://stooq.com/q/d/l/?s=1803.jp&i=d,2026-03-26T08:35:00+00:00
1803,1803.T,1803.jp,2000-06-27,256.03,264.08,253.37,264.08,1797889,https://stooq.com/q/d/l/?s=1803.jp&i=d,2026-03-26T08:35:00+00:00
1803,1803.T,1803.jp,2000-06-28,263.18,265.86,257.83,261.39,2031031,https://stooq.com/q/d/l/?s=1803.jp&i=d,2026-03-26T08:35:00+00:00
1803,1803.T,1803.jp,2000-06-29,261.39,264.08,256.95,261.39,1419030,https://stooq.com/q/d/l/?s=1803.jp&i=d,2026-03-26T08:35:00+00:00
1803,1803.T,1803.jp,2000-06-30,267.64,273.89,266.75,270.32,2702437,https://stooq.com/q/d/l/?s=1803.jp&i=d,2026-03-26T08:35:00+00:00
1803,1803.T,1803.jp,2000-07-03,283.71,284.58,277.47,277.47,1775472,https://stooq.com/q/d/l/?s=1803.jp&i=d,2026-03-26T08:35:00+00:00
1803,1803.T,1803.jp,2000-07-04,284.58,289.07,281.90,284.58,2501800,https://stooq.com/q/d/l/?s=1803.jp&i=d,2026-03-26T08:35:00+00:00
1803,1803.T,1803.jp,2000-07-05,288.16,289.07,283.71,286.38,2338154,https://stooq.com/q/d/l/?s=1803.jp&i=d,2026-03-26T08:35:00+00:00
1803,1803.T,1803.jp,2000-07-06,285.48,289.94,281.90,289.94,1657780,https://stooq.com/q/d/l/?s=1803.jp&i=d,2026-03-26T08:35:00+00:00
1803,1803.T,1803.jp,2000-07-07,285.48,289.94,281.03,289.07,897823,https://stooq.com/q/d/l/?s=1803.jp&i=d,2026-03-26T08:35:00+00:00
1803,1803.T,1803.jp,2000-07-10,284.58,289.94,284.58,289.94,799187,https://stooq.com/q/d/l/?s=1803.jp&i=d,2026-03-26T08:35:00+00:00
1803,1803.T,1803.jp,2000-07-11,285.48,292.63,285.48,290.83,985252,https://stooq.com/q/d/l/?s=1803.jp&i=d,2026-03-26T08:35:00+00:00
1803,1803.T,1803.jp,2000-07-12,290.83,295.31,290.83,290.83,1543448,https://stooq.com/q/d/l/?s=1803.jp&i=d,2026-03-26T08:35:00+00:00
1803,1803.T,1803.jp,2000-07-13,277.47,285.48,272.09,273.89,1085012,https://stooq.com/q/d/l/?s=1803.jp&i=d,2026-03-26T08:35:00+00:00
1803,1803.T,1803.jp,2000-07-14,272.09,283.71,272.09,281.03,941538,https://stooq.com/q/d/l/?s=1803.jp&i=d,2026-03-26T08:35:00+00:00
1803,1803.T,1803.jp,2000-07-17,284.58,287.27,279.24,280.13,391185,https://stooq.com/q/d/l/?s=1803.jp&i=d,2026-03-26T08:35:00+00:00
1803,1803.T,1803.jp,2000-07-18,276.57,278.35,268.53,276.57,786856,https://stooq.com/q/d/l/?s=1803.jp&i=d,2026-03-26T08:35:00+00:00
1803,1803.T,1803.jp,2000-07-19,276.57,276.57,267.64,272.09,669164,https://stooq.com/q/d/l/?s=1803.jp&i=d,2026-03-26T08:35:00+00:00
1803,1803.T,1803.jp,2000-07-21,276.57,281.03,276.57,280.13,733053,https://stooq.com/q/d/l/?s=1803.jp&i=d,2026-03-26T08:35:00+00:00
1803,1803.T,1803.jp,2000-07-24,275.68,277.47,270.32,277.47,768923,https://stooq.com/q/d/l/?s=1803.jp&i=d,2026-03-26T08:35:00+00:00
1803,1803.T,1803.jp,2000-07-25,281.03,287.27,276.57,287.27,2523098,https://stooq.com/q/d/l/?s=1803.jp&i=d,2026-03-26T08:35:00+00:00
1803,1803.T,1803.jp,2000-07-26,289.07,289.07,273.89,274.79,626569,https://stooq.com/q/d/l/?s=1803.jp&i=d,2026-03-26T08:35:00+00:00
1803,1803.T,1803.jp,2000-07-27,274.79,276.57,267.64,271.19,570526,https://stooq.com/q/d/l/?s=1803.jp&i=d,2026-03-26T08:35:00+00:00
1803,1803.T,1803.jp,2000-07-28,262.29,267.64,245.34,267.64,1380924,https://stooq.com/q/d/l/?s=1803.jp&i=d,2026-03-26T08:35:00+00:00
1803,1803.T,1803.jp,2000-07-31,263.18,263.18,255.16,260.51,665803,https://stooq.com/q/d/l/?s=1803.jp&i=d,2026-03-26T08:35:00+00:00
1803,1803.T,1803.jp,2000-08-01,256.03,256.03,247.13,249.80,2202526,https://stooq.com/q/d/l/?s=1803.jp&i=d,2026-03-26T08:35:00+00:00
1803,1803.T,1803.jp,2000-08-02,254.25,263.18,252.48,263.18,698307,https://stooq.com/q/d/l/?s=1803.jp&i=d,2026-03-26T08:35:00+00:00
1803,1803.T,1803.jp,2000-08-03,256.95,260.51,252.48,256.95,583978,https://stooq.com/q/d/l/?s=1803.jp&i=d,2026-03-26T08:35:00+00:00
1803,1803.T,1803.jp,2000-08-04,256.95,263.18,255.16,259.63,1046900,https://stooq.com/q/d/l/?s=1803.jp&i=d,2026-03-26T08:35:00+00:00
1803,1803.T,1803.jp,2000-08-07,255.16,263.18,255.16,263.18,508878,https://stooq.com/q/d/l/?s=1803.jp&i=d,2026-03-26T08:35:00+00:00
1803,1803.T,1803.jp,2000-08-08,259.63,267.64,258.73,261.39,934812,https://stooq.com/q/d/l/?s=1803.jp&i=d,2026-03-26T08:35:00+00:00
1803,1803.T,1803.jp,2000-08-09,264.08,266.75,258.73,261.39,697186,https://stooq.com/q/d/l/?s=1803.jp&i=d,2026-03-26T08:35:00+00:00
1803,1803.T,1803.jp,2000-08-10,263.18,265.86,260.51,263.18,561561,https://stooq.com/q/d/l/?s=1803.jp&i=d,2026-03-26T08:35:00+00:00
1803,1803.T,1803.jp,2000-08-11,265.86,273.00,264.98,273.00,1838242,https://stooq.com/q/d/l/?s=1803.jp&i=d,2026-03-26T08:35:00+00:00
1803,1803.T,1803.jp,2000-08-14,272.09,278.35,272.09,277.47,1216152,https://stooq.com/q/d/l/?s=1803.jp&i=d,2026-03-26T08:35:00+00:00
1803,1803.T,1803.jp,2000-08-15,280.13,281.03,276.57,281.03,1374197,https://stooq.com/q/d/l/?s=1803.jp&i=d,2026-03-26T08:35:00+00:00
1803,1803.T,1803.jp,2000-08-16,276.57,281.03,276.57,281.03,868683,https://stooq.com/q/d/l/?s=1803.jp&i=d,2026-03-26T08:35:00+00:00
1803,1803.T,1803.jp,2000-08-17,273.89,281.03,273.89,280.13,479736,https://stooq.com/q/d/l/?s=1803.jp&i=d,2026-03-26T08:35:00+00:00
1803,1803.T,1803.jp,2000-08-18,275.68,281.03,275.68,281.03,736417,https://stooq.com/q/d/l/?s=1803.jp&i=d,2026-03-26T08:35:00+00:00
1803,1803.T,1803.jp,2000-08-21,279.24,280.13,273.89,276.57,384460,https://stooq.com/q/d/l/?s=1803.jp&i=d,2026-03-26T08:35:00+00:00
1803,1803.T,1803.jp,2000-08-22,278.35,283.71,276.57,283.71,1014396,https://stooq.com/q/d/l/?s=1803.jp&i=d,2026-03-26T08:35:00+00:00
1803,1803.T,1803.jp,2000-08-23,284.58,285.48,277.47,281.90,521208,https://stooq.com/q/d/l/?s=1803.jp&i=d,2026-03-26T08:35:00+00:00
1803,1803.T,1803.jp,2000-08-24,281.03,285.48,280.13,283.71,941538,https://stooq.com/q/d/l/?s=1803.jp&i=d,2026-03-26T08:35:00+00:00
1803,1803.T,1803.jp,2000-08-25,283.71,287.27,281.03,287.27,1512067,https://stooq.com/q/d/l/?s=1803.jp&i=d,2026-03-26T08:35:00+00:00
1803,1803.T,1803.jp,2000-08-28,288.16,288.16,282.82,286.38,1185891,https://stooq.com/q/d/l/?s=1803.jp&i=d,2026-03-26T08:35:00+00:00
1803,1803.T,1803.jp,2000-08-29,281.90,287.27,281.03,287.27,829450,https://stooq.com/q/d/l/?s=1803.jp&i=d,2026-03-26T08:35:00+00:00
1803,1803.T,1803.jp,2000-08-30,285.48,286.38,281.03,281.90,502152,https://stooq.com/q/d/l/?s=1803.jp&i=d,2026-03-26T08:35:00+00:00
1803,1803.T,1803.jp,2000-08-31,280.13,281.03,273.00,281.03,841778,https://stooq.com/q/d/l/?s=1803.jp&i=d,2026-03-26T08:35:00+00:00
1803,1803.T,1803.jp,2000-09-01,284.58,284.58,279.24,281.90,1262109,https://stooq.com/q/d/l/?s=1803.jp&i=d,2026-03-26T08:35:00+00:00
1803,1803.T,1803.jp,2000-09-04,279.24,284.58,275.68,284.58,638901,https://stooq.com/q/d/l/?s=1803.jp&i=d,2026-03-26T08:35:00+00:00
1803,1803.T,1803.jp,2000-09-05,283.71,284.58,280.13,283.71,770044,https://stooq.com/q/d/l/?s=1803.jp&i=d,2026-03-26T08:35:00+00:00
1803,1803.T,1803.jp,2000-09-06,281.03,283.71,278.35,278.35,581736,https://stooq.com/q/d/l/?s=1803.jp&i=d,2026-03-26T08:35:00+00:00
1803,1803.T,1803.jp,2000-09-07,278.35,281.90,273.00,281.03,504394,https://stooq.com/q/d/l/?s=1803.jp&i=d,2026-03-26T08:35:00+00:00
1803,1803.T,1803.jp,2000-09-08,280.13,282.82,276.57,281.03,2223824,https://stooq.com/q/d/l/?s=1803.jp&i=d,2026-03-26T08:35:00+00:00
1803,1803.T,1803.jp,2000-09-11,277.47,279.24,273.89,275.68,350834,https://stooq.com/q/d/l/?s=1803.jp&i=d,2026-03-26T08:35:00+00:00
1803,1803.T,1803.jp,2000-09-12,277.47,277.47,268.53,269.43,448351,https://stooq.com/q/d/l/?s=1803.jp&i=d,2026-03-26T08:35:00+00:00
1803,1803.T,1803.jp,2000-09-13,273.89,275.68,269.43,273.89,499911,https://stooq.com/q/d/l/?s=1803.jp&i=d,2026-03-26T08:35:00+00:00
1803,1803.T,1803.jp,2000-09-14,274.79,277.47,273.89,275.68,538019,https://stooq.com/q/d/l/?s=1803.jp&i=d,2026-03-26T08:35:00+00:00
1803,1803.T,1803.jp,2000-09-18,275.68,275.68,265.86,268.53,823848,https://stooq.com/q/d/l/?s=1803.jp&i=d,2026-03-26T08:35:00+00:00
1803,1803.T,1803.jp,2000-09-19,268.53,276.57,267.64,275.68,881009,https://stooq.com/q/d/l/?s=1803.jp&i=d,2026-03-26T08:35:00+00:00
1803,1803.T,1803.jp,2000-09-20,280.13,283.71,278.35,283.71,793585,https://stooq.com/q/d/l/?s=1803.jp&i=d,2026-03-26T08:35:00+00:00
1803,1803.T,1803.jp,2000-09-21,281.90,285.48,279.24,283.71,730813,https://stooq.com/q/d/l/?s=1803.jp&i=d,2026-03-26T08:35:00+00:00
1803,1803.T,1803.jp,2000-09-22,274.79,282.82,273.89,281.90,542503,https://stooq.com/q/d/l/?s=1803.jp&i=d,2026-03-26T08:35:00+00:00
1803,1803.T,1803.jp,2000-09-25,278.35,281.03,275.68,279.24,643385,https://stooq.com/q/d/l/?s=1803.jp&i=d,2026-03-26T08:35:00+00:00
1803,1803.T,1803.jp,2000-09-26,281.90,282.82,274.79,276.57,830571,https://stooq.com/q/d/l/?s=1803.jp&i=d,2026-03-26T08:35:00+00:00
1803,1803.T,1803.jp,2000-09-27,276.57,276.57,269.43,269.43,325054,https://stooq.com/q/d/l/?s=1803.jp&i=d,2026-03-26T08:35:00+00:00
1803,1803.T,1803.jp,2000-09-28,270.32,279.24,270.32,273.89,331780,https://stooq.com/q/d/l/?s=1803.jp&i=d,2026-03-26T08:35:00+00:00
1803,1803.T,1803.jp,2000-09-29,281.90,285.48,279.24,283.71,1100704,https://stooq.com/q/d/l/?s=1803.jp&i=d,2026-03-26T08:35:00+00:00
1803,1803.T,1803.jp,2000-10-02,273.00,283.71,271.19,282.82,754352,https://stooq.com/q/d/l/?s=1803.jp&i=d,2026-03-26T08:35:00+00:00
1803,1803.T,1803.jp,2000-10-03,285.48,285.48,281.90,285.48,762198,https://stooq.com/q/d/l/?s=1803.jp&i=d,2026-03-26T08:35:00+00:00
1803,1803.T,1803.jp,2000-10-04,285.48,288.16,283.71,285.48,995341,https://stooq.com/q/d/l/?s=1803.jp&i=d,2026-03-26T08:35:00+00:00
1803,1803.T,1803.jp,2000-10-05,283.71,285.48,281.90,285.48,403516,https://stooq.com/q/d/l/?s=1803.jp&i=d,2026-03-26T08:35:00+00:00
1803,1803.T,1803.jp,2000-10-06,281.03,289.94,280.13,289.94,1128724,https://stooq.com/q/d/l/?s=1803.jp&i=d,2026-03-26T08:35:00+00:00
1803,1803.T,1803.jp,2000-10-10,289.07,289.07,278.35,282.82,438262,https://stooq.com/q/d/l/?s=1803.jp&i=d,2026-03-26T08:35:00+00:00
1803,1803.T,1803.jp,2000-10-11,283.71,283.71,279.24,280.13,358680,https://stooq.com/q/d/l/?s=1803.jp&i=d,2026-03-26T08:35:00+00:00
1803,1803.T,1803.jp,2000-10-12,282.82,285.48,281.03,285.48,416966,https://stooq.com/q/d/l/?s=1803.jp&i=d,2026-03-26T08:35:00+00:00
1803,1803.T,1803.jp,2000-10-13,268.53,276.57,268.53,271.19,968438,https://stooq.com/q/d/l/?s=1803.jp&i=d,2026-03-26T08:35:00+00:00
1803,1803.T,1803.jp,2000-10-16,275.68,276.57,269.43,271.19,819360,https://stooq.com/q/d/l/?s=1803.jp&i=d,2026-03-26T08:35:00+00:00
1803,1803.T,1803.jp,2000-10-17,275.68,281.03,273.00,278.35,903429,https://stooq.com/q/d/l/?s=1803.jp&i=d,2026-03-26T08:35:00+00:00
1803,1803.T,1803.jp,2000-10-18,273.89,276.57,269.43,275.68,877648,https://stooq.com/q/d/l/?s=1803.jp&i=d,2026-03-26T08:35:00+00:00
1803,1803.T,1803.jp,2000-10-19,271.19,273.00,268.53,273.00,657954,https://stooq.com/q/d/l/?s=1803.jp&i=d,2026-03-26T08:35:00+00:00
1803,1803.T,1803.jp,2000-10-20,269.43,269.43,263.18,266.75,912395,https://stooq.com/q/d/l/?s=1803.jp&i=d,2026-03-26T08:35:00+00:00
1803,1803.T,1803.jp,2000-10-23,257.83,264.08,257.83,258.73,997583,https://stooq.com/q/d/l/?s=1803.jp&i=d,2026-03-26T08:35:00+00:00
1803,1803.T,1803.jp,2000-10-24,254.25,263.18,254.25,257.83,1132087,https://stooq.com/q/d/l/?s=1803.jp&i=d,2026-03-26T08:35:00+00:00
1803,1803.T,1803.jp,2000-10-25,259.63,259.63,256.03,258.73,980769,https://stooq.com/q/d/l/?s=1803.jp&i=d,2026-03-26T08:35:00+00:00
1803,1803.T,1803.jp,2000-10-26,258.73,260.51,255.16,258.73,1247538,https://stooq.com/q/d/l/?s=1803.jp&i=d,2026-03-26T08:35:00+00:00
1803,1803.T,1803.jp,2000-10-27,256.03,256.95,250.70,250.70,1078286,https://stooq.com/q/d/l/?s=1803.jp&i=d,2026-03-26T08:35:00+00:00
1803,1803.T,1803.jp,2000-10-30,255.16,259.63,248.01,252.48,2464813,https://stooq.com/q/d/l/?s=1803.jp&i=d,2026-03-26T08:35:00+00:00
1803,1803.T,1803.jp,2000-10-31,256.03,265.86,256.03,265.86,1522154,https://stooq.com/q/d/l/?s=1803.jp&i=d,2026-03-26T08:35:00+00:00
1803,1803.T,1803.jp,2000-11-01,266.75,268.53,264.08,267.64,891098,https://stooq.com/q/d/l/?s=1803.jp&i=d,2026-03-26T08:35:00+00:00
1803,1803.T,1803.jp,2000-11-02,267.64,277.47,267.64,275.68,1248658,https://stooq.com/q/d/l/?s=1803.jp&i=d,2026-03-26T08:35:00+00:00
1803,1803.T,1803.jp,2000-11-06,280.13,285.48,274.79,281.90,1120879,https://stooq.com/q/d/l/?s=1803.jp&i=d,2026-03-26T08:35:00+00:00
1803,1803.T,1803.jp,2000-11-07,274.79,276.57,265.86,268.53,856352,https://stooq.com/q/d/l/?s=1803.jp&i=d,2026-03-26T08:35:00+00:00
1803,1803.T,1803.jp,2000-11-08,268.53,279.24,267.64,274.79,1011032,https://stooq.com/q/d/l/?s=1803.jp&i=d,2026-03-26T08:35:00+00:00
1803,1803.T,1803.jp,2000-11-09,272.09,273.89,266.75,266.75,669164,https://stooq.com/q/d/l/?s=1803.jp&i=d,2026-03-26T08:35:00+00:00
1803,1803.T,1803.jp,2000-11-10,270.32,271.19,266.75,266.75,1041296,https://stooq.com/q/d/l/?s=1803.jp&i=d,2026-03-26T08:35:00+00:00
1803,1803.T,1803.jp,2000-11-13,255.16,260.51,250.70,258.73,896703,https://stooq.com/q/d/l/?s=1803.jp&i=d,2026-03-26T08:35:00+00:00
1803,1803.T,1803.jp,2000-11-14,261.39,265.86,257.83,263.18,529056,https://stooq.com/q/d/l/?s=1803.jp&i=d,2026-03-26T08:35:00+00:00
1803,1803.T,1803.jp,2000-11-15,267.64,272.09,264.08,268.53,735298,https://stooq.com/q/d/l/?s=1803.jp&i=d,2026-03-26T08:35:00+00:00
1803,1803.T,1803.jp,2000-11-16,266.75,268.53,263.18,264.08,540264,https://stooq.com/q/d/l/?s=1803.jp&i=d,2026-03-26T08:35:00+00:00
1803,1803.T,1803.jp,2000-11-17,268.53,269.43,264.98,269.43,503275,https://stooq.com/q/d/l/?s=1803.jp&i=d,2026-03-26T08:35:00+00:00
1803,1803.T,1803.jp,2000-11-20,269.43,276.57,267.64,273.89,979647,https://stooq.com/q/d/l/?s=1803.jp&i=d,2026-03-26T08:35:00+00:00
1803,1803.T,1803.jp,2000-11-21,272.09,278.35,269.43,275.68,959472,https://stooq.com/q/d/l/?s=1803.jp&i=d,2026-03-26T08:35:00+00:00
1803,1803.T,1803.jp,2000-11-22,271.19,274.79,270.32,272.09,997583,https://stooq.com/q/d/l/?s=1803.jp&i=d,2026-03-26T08:35:00+00:00
1803,1803.T,1803.jp,2000-11-24,267.64,279.24,267.64,279.24,1036814,https://stooq.com/q/d/l/?s=1803.jp&i=d,2026-03-26T08:35:00+00:00
1803,1803.T,1803.jp,2000-11-27,282.82,283.71,276.57,283.71,1153384,https://stooq.com/q/d/l/?s=1803.jp&i=d,2026-03-26T08:35:00+00:00
1803,1803.T,1803.jp,2000-11-28,281.03,288.16,281.03,284.58,1208306,https://stooq.com/q/d/l/?s=1803.jp&i=d,2026-03-26T08:35:00+00:00
1803,1803.T,1803.jp,2000-11-29,287.27,289.94,286.38,289.94,1074922,https://stooq.com/q/d/l/?s=1803.jp&i=d,2026-03-26T08:35:00+00:00
1803,1803.T,1803.jp,2000-11-30,290.83,303.35,290.83,303.35,3196747,https://stooq.com/q/d/l/?s=1803.jp&i=d,2026-03-26T08:35:00+00:00
1803,1803.T,1803.jp,2000-12-01,303.35,310.45,298.87,307.78,1736240,https://stooq.com/q/d/l/?s=1803.jp&i=d,2026-03-26T08:35:00+00:00
1803,1803.T,1803.jp,2000-12-04,307.78,312.26,303.35,312.26,1523275,https://stooq.com/q/d/l/?s=1803.jp&i=d,2026-03-26T08:35:00+00:00
1803,1803.T,1803.jp,2000-12-05,307.78,309.57,303.35,306.00,1453779,https://stooq.com/q/d/l/?s=1803.jp&i=d,2026-03-26T08:35:00+00:00
1803,1803.T,1803.jp,2000-12-06,302.44,306.90,299.77,306.00,929207,https://stooq.com/q/d/l/?s=1803.jp&i=d,2026-03-26T08:35:00+00:00
1803,1803.T,1803.jp,2000-12-07,297.10,300.67,294.40,297.10,566042,https://stooq.com/q/d/l/?s=1803.jp&i=d,2026-03-26T08:35:00+00:00
1803,1803.T,1803.jp,2000-12-08,301.55,307.78,301.55,303.35,3631647,https://stooq.com/q/d/l/?s=1803.jp&i=d,2026-03-26T08:35:00+00:00
1803,1803.T,1803.jp,2000-12-11,312.26,316.73,307.78,314.92,2340396,https://stooq.com/q/d/l/?s=1803.jp&i=d,2026-03-26T08:35:00+00:00
1803,1803.T,1803.jp,2000-12-12,312.26,314.92,309.57,309.57,640022,https://stooq.com/q/d/l/?s=1803.jp&i=d,2026-03-26T08:35:00+00:00
1803,1803.T,1803.jp,2000-12-13,311.38,312.26,307.78,310.45,456199,https://stooq.com/q/d/l/?s=1803.jp&i=d,2026-03-26T08:35:00+00:00
1803,1803.T,1803.jp,2000-12-14,311.38,316.73,310.45,313.16,1278922,https://stooq.com/q/d/l/?s=1803.jp&i=d,2026-03-26T08:35:00+00:00
1803,1803.T,1803.jp,2000-12-15,316.73,324.76,313.16,317.60,3045428,https://stooq.com/q/d/l/?s=1803.jp&i=d,2026-03-26T08:35:00+00:00
1803,1803.T,1803.jp,2000-12-18,314.92,314.92,308.69,314.04,1108549,https://stooq.com/q/d/l/?s=1803.jp&i=d,2026-03-26T08:35:00+00:00
1803,1803.T,1803.jp,2000-12-19,305.11,314.04,305.11,311.38,1401100,https://stooq.com/q/d/l/?s=1803.jp&i=d,2026-03-26T08:35:00+00:00
1803,1803.T,1803.jp,2000-12-20,314.92,325.63,310.45,322.96,2795471,https://stooq.com/q/d/l/?s=1803.jp&i=d,2026-03-26T08:35:00+00:00
1803,1803.T,1803.jp,2000-12-21,309.57,311.38,294.40,300.67,1202704,https://stooq.com/q/d/l/?s=1803.jp&i=d,2026-03-26T08:35:00+00:00
1803,1803.T,1803.jp,2000-12-22,306.00,307.78,301.55,306.00,918001,https://stooq.com/q/d/l/?s=1803.jp&i=d,2026-03-26T08:35:00+00:00
1803,1803.T,1803.jp,2000-12-25,304.19,308.69,300.67,307.78,1562505,https://stooq.com/q/d/l/?s=1803.jp&i=d,2026-03-26T08:35:00+00:00
1803,1803.T,1803.jp,2000-12-26,307.78,312.26,307.78,311.38,1803493,https://stooq.com/q/d/l/?s=1803.jp&i=d,2026-03-26T08:35:00+00:00
1803,1803.T,1803.jp,2000-12-27,304.19,305.11,299.77,305.11,567167,https://stooq.com/q/d/l/?s=1803.jp&i=d,2026-03-26T08:35:00+00:00
1803,1803.T,1803.jp,2000-12-28,303.35,305.11,301.55,305.11,585099,https://stooq.com/q/d/l/?s=1803.jp&i=d,2026-03-26T08:35:00+00:00
1803,1803.T,1803.jp,2000-12-29,309.57,309.57,300.67,301.55,433780,https://stooq.com/q/d/l/?s=1803.jp&i=d,2026-03-26T08:35:00+00:00
1803,1803.T,1803.jp,2001-01-04,310.45,310.45,292.63,296.19,450594,https://stooq.com/q/d/l/?s=1803.jp&i=d,2026-03-26T08:35:00+00:00
1803,1803.T,1803.jp,2001-01-05,294.40,296.19,288.16,291.73,628811,https://stooq.com/q/d/l/?s=1803.jp&i=d,2026-03-26T08:35:00+00:00
1803,1803.T,1803.jp,2001-01-09,291.73,291.73,286.38,289.94,626569,https://stooq.com/q/d/l/?s=1803.jp&i=d,2026-03-26T08:35:00+00:00
1803,1803.T,1803.jp,2001-01-10,288.16,291.73,287.27,291.73,605274,https://stooq.com/q/d/l/?s=1803.jp&i=d,2026-03-26T08:35:00+00:00
1803,1803.T,1803.jp,2001-01-11,289.94,289.94,277.47,286.38,799187,https://stooq.com/q/d/l/?s=1803.jp&i=d,2026-03-26T08:35:00+00:00
1803,1803.T,1803.jp,2001-01-12,285.48,288.16,269.43,269.43,1945845,https://stooq.com/q/d/l/?s=1803.jp&i=d,2026-03-26T08:35:00+00:00
1803,1803.T,1803.jp,2001-01-15,264.98,269.43,264.08,264.98,867560,https://stooq.com/q/d/l/?s=1803.jp&i=d,2026-03-26T08:35:00+00:00
1803,1803.T,1803.jp,2001-01-16,264.98,265.86,249.80,256.95,2414374,https://stooq.com/q/d/l/?s=1803.jp&i=d,2026-03-26T08:35:00+00:00
1803,1803.T,1803.jp,2001-01-17,250.70,252.48,245.34,245.34,3175450,https://stooq.com/q/d/l/?s=1803.jp&i=d,2026-03-26T08:35:00+00:00
1803,1803.T,1803.jp,2001-01-18,248.90,257.83,248.90,257.83,1857295,https://stooq.com/q/d/l/?s=1803.jp&i=d,2026-03-26T08:35:00+00:00
1803,1803.T,1803.jp,2001-01-19,258.73,261.39,254.25,254.25,1125363,https://stooq.com/q/d/l/?s=1803.jp&i=d,2026-03-26T08:35:00+00:00
1803,1803.T,1803.jp,2001-01-22,258.73,258.73,252.48,256.03,647867,https://stooq.com/q/d/l/?s=1803.jp&i=d,2026-03-26T08:35:00+00:00
1803,1803.T,1803.jp,2001-01-23,255.16,255.16,252.48,254.25,486461,https://stooq.com/q/d/l/?s=1803.jp&i=d,2026-03-26T08:35:00+00:00
1803,1803.T,1803.jp,2001-01-24,256.95,256.95,250.70,254.25,689342,https://stooq.com/q/d/l/?s=1803.jp&i=d,2026-03-26T08:35:00+00:00
1803,1803.T,1803.jp,2001-01-25,250.70,251.57,248.01,250.70,1088372,https://stooq.com/q/d/l/?s=1803.jp&i=d,2026-03-26T08:35:00+00:00
1803,1803.T,1803.jp,2001-01-26,259.63,262.29,252.48,259.63,3123890,https://stooq.com/q/d/l/?s=1803.jp&i=d,2026-03-26T08:35:00+00:00
1803,1803.T,1803.jp,2001-01-29,256.95,264.08,256.95,262.29,1411186,https://stooq.com/q/d/l/?s=1803.jp&i=d,2026-03-26T08:35:00+00:00
1803,1803.T,1803.jp,2001-01-30,263.18,265.86,257.83,265.86,1670110,https://stooq.com/q/d/l/?s=1803.jp&i=d,2026-03-26T08:35:00+00:00
1803,1803.T,1803.jp,2001-01-31,266.75,270.32,264.98,268.53,1321515,https://stooq.com/q/d/l/?s=1803.jp&i=d,2026-03-26T08:35:00+00:00
1803,1803.T,1803.jp,2001-02-01,267.64,268.53,263.18,268.53,961712,https://stooq.com/q/d/l/?s=1803.jp&i=d,2026-03-26T08:35:00+00:00
1803,1803.T,1803.jp,2001-02-02,273.00,273.00,264.08,269.43,1239691,https://stooq.com/q/d/l/?s=1803.jp&i=d,2026-03-26T08:35:00+00:00
1803,1803.T,1803.jp,2001-02-05,267.64,267.64,264.98,265.86,715122,https://stooq.com/q/d/l/?s=1803.jp&i=d,2026-03-26T08:35:00+00:00
1803,1803.T,1803.jp,2001-02-06,263.18,263.18,256.95,256.95,1341691,https://stooq.com/q/d/l/?s=1803.jp&i=d,2026-03-26T08:35:00+00:00
1803,1803.T,1803.jp,2001-02-07,256.95,265.86,256.95,259.63,436021,https://stooq.com/q/d/l/?s=1803.jp&i=d,2026-03-26T08:35:00+00:00
1803,1803.T,1803.jp,2001-02-08,263.18,265.86,256.95,258.73,810395,https://stooq.com/q/d/l/?s=1803.jp&i=d,2026-03-26T08:35:00+00:00
1803,1803.T,1803.jp,2001-02-09,267.64,285.48,264.98,283.71,3340220,https://stooq.com/q/d/l/?s=1803.jp&i=d,2026-03-26T08:35:00+00:00
1803,1803.T,1803.jp,2001-02-13,285.48,292.63,283.71,288.16,2320221,https://stooq.com/q/d/l/?s=1803.jp&i=d,2026-03-26T08:35:00+00:00
1803,1803.T,1803.jp,2001-02-14,285.48,292.63,280.13,291.73,1587164,https://stooq.com/q/d/l/?s=1803.jp&i=d,2026-03-26T08:35:00+00:00
1803,1803.T,1803.jp,2001-02-15,292.63,299.77,289.94,295.31,2690110,https://stooq.com/q/d/l/?s=1803.jp&i=d,2026-03-26T08:35:00+00:00
1803,1803.T,1803.jp,2001-02-16,303.35,304.19,297.10,298.87,1333844,https://stooq.com/q/d/l/?s=1803.jp&i=d,2026-03-26T08:35:00+00:00
1803,1803.T,1803.jp,2001-02-19,297.10,299.77,288.16,297.99,559318,https://stooq.com/q/d/l/?s=1803.jp&i=d,2026-03-26T08:35:00+00:00
1803,1803.T,1803.jp,2001-02-20,297.99,302.44,294.40,297.99,755472,https://stooq.com/q/d/l/?s=1803.jp&i=d,2026-03-26T08:35:00+00:00
1803,1803.T,1803.jp,2001-02-21,297.99,304.19,294.40,304.19,883251,https://stooq.com/q/d/l/?s=1803.jp&i=d,2026-03-26T08:35:00+00:00
1803,1803.T,1803.jp,2001-02-22,297.99,307.78,297.99,305.11,1293493,https://stooq.com/q/d/l/?s=1803.jp&i=d,2026-03-26T08:35:00+00:00
1803,1803.T,1803.jp,2001-02-23,305.11,317.60,304.19,316.73,1831518,https://stooq.com/q/d/l/?s=1803.jp&i=d,2026-03-26T08:35:00+00:00
1803,1803.T,1803.jp,2001-02-26,316.73,322.96,312.26,317.60,1895407,https://stooq.com/q/d/l/?s=1803.jp&i=d,2026-03-26T08:35:00+00:00
1803,1803.T,1803.jp,2001-02-27,316.73,320.27,304.19,309.57,1929033,https://stooq.com/q/d/l/?s=1803.jp&i=d,2026-03-26T08:35:00+00:00
1803,1803.T,1803.jp,2001-02-28,305.11,311.38,297.10,303.35,1504219,https://stooq.com/q/d/l/?s=1803.jp&i=d,2026-03-26T08:35:00+00:00
1803,1803.T,1803.jp,2001-03-01,307.78,312.26,298.87,311.38,1340571,https://stooq.com/q/d/l/?s=1803.jp&i=d,2026-03-26T08:35:00+00:00
1803,1803.T,1803.jp,2001-03-02,311.38,315.82,306.00,313.16,1723912,https://stooq.com/q/d/l/?s=1803.jp&i=d,2026-03-26T08:35:00+00:00
1803,1803.T,1803.jp,2001-03-05,314.04,316.73,313.16,314.04,1578198,https://stooq.com/q/d/l/?s=1803.jp&i=d,2026-03-26T08:35:00+00:00
1803,1803.T,1803.jp,2001-03-06,312.26,314.92,306.90,313.16,892222,https://stooq.com/q/d/l/?s=1803.jp&i=d,2026-03-26T08:35:00+00:00
1803,1803.T,1803.jp,2001-03-07,316.73,317.60,312.26,314.04,1228481,https://stooq.com/q/d/l/?s=1803.jp&i=d,2026-03-26T08:35:00+00:00
1803,1803.T,1803.jp,2001-03-08,316.73,320.27,314.04,319.40,1716065,https://stooq.com/q/d/l/?s=1803.jp&i=d,2026-03-26T08:35:00+00:00
1803,1803.T,1803.jp,2001-03-09,321.18,324.76,320.27,324.76,4405053,https://stooq.com/q/d/l/?s=1803.jp&i=d,2026-03-26T08:35:00+00:00
1803,1803.T,1803.jp,2001-03-12,322.08,326.52,318.49,318.49,1679077,https://stooq.com/q/d/l/?s=1803.jp&i=d,2026-03-26T08:35:00+00:00
1803,1803.T,1803.jp,2001-03-13,314.04,316.73,309.57,314.04,1510945,https://stooq.com/q/d/l/?s=1803.jp&i=d,2026-03-26T08:35:00+00:00
1803,1803.T,1803.jp,2001-03-14,305.11,312.26,298.87,298.87,1527760,https://stooq.com/q/d/l/?s=1803.jp&i=d,2026-03-26T08:35:00+00:00
1803,1803.T,1803.jp,2001-03-15,296.19,315.82,290.83,315.82,1320395,https://stooq.com/q/d/l/?s=1803.jp&i=d,2026-03-26T08:35:00+00:00
1803,1803.T,1803.jp,2001-03-16,322.08,329.20,317.60,324.76,1997407,https://stooq.com/q/d/l/?s=1803.jp&i=d,2026-03-26T08:35:00+00:00
1803,1803.T,1803.jp,2001-03-19,325.63,339.02,322.96,336.36,1338329,https://stooq.com/q/d/l/?s=1803.jp&i=d,2026-03-26T08:35:00+00:00
1803,1803.T,1803.jp,2001-03-21,339.02,373.81,336.36,373.81,3342461,https://stooq.com/q/d/l/?s=1803.jp&i=d,2026-03-26T08:35:00+00:00
1803,1803.T,1803.jp,2001-03-22,369.38,372.92,355.08,358.65,2223824,https://stooq.com/q/d/l/?s=1803.jp&i=d,2026-03-26T08:35:00+00:00
1803,1803.T,1803.jp,2001-03-23,355.08,374.70,348.83,369.38,1908858,https://stooq.com/q/d/l/?s=1803.jp&i=d,2026-03-26T08:35:00+00:00
1803,1803.T,1803.jp,2001-03-26,379.18,406.82,374.70,402.36,3888330,https://stooq.com/q/d/l/?s=1803.jp&i=d,2026-03-26T08:35:00+00:00
1803,1803.T,1803.jp,2001-03-27,393.44,398.80,383.62,388.09,1121997,https://stooq.com/q/d/l/?s=1803.jp&i=d,2026-03-26T08:35:00+00:00
1803,1803.T,1803.jp,2001-03-28,389.88,392.56,372.92,378.28,762198,https://stooq.com/q/d/l/?s=1803.jp&i=d,2026-03-26T08:35:00+00:00
1803,1803.T,1803.jp,2001-03-29,369.38,388.09,367.57,367.57,1003186,https://stooq.com/q/d/l/?s=1803.jp&i=d,2026-03-26T08:35:00+00:00
1803,1803.T,1803.jp,2001-03-30,370.25,380.95,367.57,374.70,1044658,https://stooq.com/q/d/l/?s=1803.jp&i=d,2026-03-26T08:35:00+00:00
1803,1803.T,1803.jp,2001-04-02,374.70,376.48,361.31,361.31,867560,https://stooq.com/q/d/l/?s=1803.jp&i=d,2026-03-26T08:35:00+00:00
1803,1803.T,1803.jp,2001-04-03,361.31,383.62,361.31,376.48,1108549,https://stooq.com/q/d/l/?s=1803.jp&i=d,2026-03-26T08:35:00+00:00
1803,1803.T,1803.jp,2001-04-04,385.40,400.58,380.95,398.80,1600615,https://stooq.com/q/d/l/?s=1803.jp&i=d,2026-03-26T08:35:00+00:00
1803,1803.T,1803.jp,2001-04-05,398.80,406.82,395.24,401.48,2152088,https://stooq.com/q/d/l/?s=1803.jp&i=d,2026-03-26T08:35:00+00:00
1803,1803.T,1803.jp,2001-04-06,397.00,401.48,383.62,392.56,1597253,https://stooq.com/q/d/l/?s=1803.jp&i=d,2026-03-26T08:35:00+00:00
1803,1803.T,1803.jp,2001-04-09,391.67,405.93,389.88,401.48,3080177,https://stooq.com/q/d/l/?s=1803.jp&i=d,2026-03-26T08:35:00+00:00
1803,1803.T,1803.jp,2001-04-10,404.13,426.45,397.00,418.42,3509471,https://stooq.com/q/d/l/?s=1803.jp&i=d,2026-03-26T08:35:00+00:00
1803,1803.T,1803.jp,2001-04-11,428.25,459.45,428.25,447.86,6028086,https://stooq.com/q/d/l/?s=1803.jp&i=d,2026-03-26T08:35:00+00:00
1803,1803.T,1803.jp,2001-04-12,448.75,458.56,437.14,446.09,3075693,https://stooq.com/q/d/l/?s=1803.jp&i=d,2026-03-26T08:35:00+00:00
1803,1803.T,1803.jp,2001-04-13,446.09,447.86,434.48,445.19,2832460,https://stooq.com/q/d/l/?s=1803.jp&i=d,2026-03-26T08:35:00+00:00
1803,1803.T,1803.jp,2001-04-16,432.68,437.14,425.58,429.12,2344879,https://stooq.com/q/d/l/?s=1803.jp&i=d,2026-03-26T08:35:00+00:00
1803,1803.T,1803.jp,2001-04-17,432.68,445.19,432.68,441.64,2108372,https://stooq.com/q/d/l/?s=1803.jp&i=d,2026-03-26T08:35:00+00:00
1803,1803.T,1803.jp,2001-04-18,441.64,449.65,435.37,446.09,1916703,https://stooq.com/q/d/l/?s=1803.jp&i=d,2026-03-26T08:35:00+00:00
1803,1803.T,1803.jp,2001-04-19,450.54,458.56,432.68,438.04,2650878,https://stooq.com/q/d/l/?s=1803.jp&i=d,2026-03-26T08:35:00+00:00
1803,1803.T,1803.jp,2001-04-20,437.14,447.86,437.14,446.09,1870748,https://stooq.com/q/d/l/?s=1803.jp&i=d,2026-03-26T08:35:00+00:00
1803,1803.T,1803.jp,2001-04-23,446.09,455.01,446.09,455.01,2799955,https://stooq.com/q/d/l/?s=1803.jp&i=d,2026-03-26T08:35:00+00:00
1803,1803.T,1803.jp,2001-04-24,459.45,468.39,452.32,468.39,3623802,https://stooq.com/q/d/l/?s=1803.jp&i=d,2026-03-26T08:35:00+00:00
1803,1803.T,1803.jp,2001-04-25,471.95,488.91,470.16,488.03,3535254,https://stooq.com/q/d/l/?s=1803.jp&i=d,2026-03-26T08:35:00+00:00
1803,1803.T,1803.jp,2001-04-26,497.84,529.93,496.91,512.11,7636549,https://stooq.com/q/d/l/?s=1803.jp&i=d,2026-03-26T08:35:00+00:00
1803,1803.T,1803.jp,2001-04-27,517.45,524.59,515.65,522.82,4558616,https://stooq.com/q/d/l/?s=1803.jp&i=d,2026-03-26T08:35:00+00:00
1803,1803.T,1803.jp,2001-05-01,521.92,522.82,517.45,521.92,2697954,https://stooq.com/q/d/l/?s=1803.jp&i=d,2026-03-26T08:35:00+00:00
1803,1803.T,1803.jp,2001-05-02,513.88,520.15,502.30,516.54,2807803,https://stooq.com/q/d/l/?s=1803.jp&i=d,2026-03-26T08:35:00+00:00
1803,1803.T,1803.jp,2001-05-07,509.41,509.41,490.70,494.25,2564570,https://stooq.com/q/d/l/?s=1803.jp&i=d,2026-03-26T08:35:00+00:00
1803,1803.T,1803.jp,2001-05-08,481.76,484.46,446.09,456.78,3401869,https://stooq.com/q/d/l/?s=1803.jp&i=d,2026-03-26T08:35:00+00:00
1803,1803.T,1803.jp,2001-05-09,447.86,451.45,425.58,446.09,4815295,https://stooq.com/q/d/l/?s=1803.jp&i=d,2026-03-26T08:35:00+00:00
1803,1803.T,1803.jp,2001-05-10,453.21,463.94,434.48,441.64,2795471,https://stooq.com/q/d/l/?s=1803.jp&i=d,2026-03-26T08:35:00+00:00
1803,1803.T,1803.jp,2001-05-11,446.09,457.67,441.64,446.09,1856175,https://stooq.com/q/d/l/?s=1803.jp&i=d,2026-03-26T08:35:00+00:00
1803,1803.T,1803.jp,2001-05-14,446.09,446.09,430.02,434.48,1175802,https://stooq.com/q/d/l/?s=1803.jp&i=d,2026-03-26T08:35:00+00:00
1803,1803.T,1803.jp,2001-05-15,434.48,444.30,433.59,443.41,2213736,https://stooq.com/q/d/l/?s=1803.jp&i=d,2026-03-26T08:35:00+00:00
1803,1803.T,1803.jp,2001-05-16,441.64,443.41,426.45,429.12,1611824,https://stooq.com/q/d/l/?s=1803.jp&i=d,2026-03-26T08:35:00+00:00
1803,1803.T,1803.jp,2001-05-17,442.50,442.50,429.12,438.94,1182528,https://stooq.com/q/d/l/?s=1803.jp&i=d,2026-03-26T08:35:00+00:00
1803,1803.T,1803.jp,2001-05-18,443.41,443.41,430.02,434.48,2193561,https://stooq.com/q/d/l/?s=1803.jp&i=d,2026-03-26T08:35:00+00:00
1803,1803.T,1803.jp,2001-05-21,431.81,433.59,421.99,429.12,2092680,https://stooq.com/q/d/l/?s=1803.jp&i=d,2026-03-26T08:35:00+00:00
1803,1803.T,1803.jp,2001-05-22,424.67,429.12,401.48,406.82,1736240,https://stooq.com/q/d/l/?s=1803.jp&i=d,2026-03-26T08:35:00+00:00
1803,1803.T,1803.jp,2001-05-23,411.30,423.77,410.39,421.99,3025252,https://stooq.com/q/d/l/?s=1803.jp&i=d,2026-03-26T08:35:00+00:00
1803,1803.T,1803.jp,2001-05-24,416.64,419.32,404.13,409.49,1395493,https://stooq.com/q/d/l/?s=1803.jp&i=d,2026-03-26T08:35:00+00:00
1803,1803.T,1803.jp,2001-05-25,409.49,415.74,402.36,410.39,1471714,https://stooq.com/q/d/l/?s=1803.jp&i=d,2026-03-26T08:35:00+00:00
1803,1803.T,1803.jp,2001-05-28,413.07,413.07,402.36,402.36,938176,https://stooq.com/q/d/l/?s=1803.jp&i=d,2026-03-26T08:35:00+00:00
1803,1803.T,1803.jp,2001-05-29,405.93,414.85,405.02,410.39,865319,https://stooq.com/q/d/l/?s=1803.jp&i=d,2026-03-26T08:35:00+00:00
1803,1803.T,1803.jp,2001-05-30,413.97,419.32,409.49,412.19,1541208,https://stooq.com/q/d/l/?s=1803.jp&i=d,2026-03-26T08:35:00+00:00
1803,1803.T,1803.jp,2001-05-31,409.49,411.30,403.27,403.27,1229605,https://stooq.com/q/d/l/?s=1803.jp&i=d,2026-03-26T08:35:00+00:00
1803,1803.T,1803.jp,2001-06-01,407.71,408.61,398.80,405.02,1055867,https://stooq.com/q/d/l/?s=1803.jp&i=d,2026-03-26T08:35:00+00:00
1803,1803.T,1803.jp,2001-06-04,403.27,404.13,397.00,401.48,533538,https://stooq.com/q/d/l/?s=1803.jp&i=d,2026-03-26T08:35:00+00:00
1803,1803.T,1803.jp,2001-06-05,405.93,412.19,403.27,411.30,1413429,https://stooq.com/q/d/l/?s=1803.jp&i=d,2026-03-26T08:35:00+00:00
1803,1803.T,1803.jp,2001-06-06,417.53,421.99,411.30,417.53,1794527,https://stooq.com/q/d/l/?s=1803.jp&i=d,2026-03-26T08:35:00+00:00
1803,1803.T,1803.jp,2001-06-07,411.30,417.53,406.82,416.64,487581,https://stooq.com/q/d/l/?s=1803.jp&i=d,2026-03-26T08:35:00+00:00
1803,1803.T,1803.jp,2001-06-08,424.67,437.14,419.32,428.25,4579913,https://stooq.com/q/d/l/?s=1803.jp&i=d,2026-03-26T08:35:00+00:00
1803,1803.T,1803.jp,2001-06-11,437.14,444.30,435.37,437.14,1802372,https://stooq.com/q/d/l/?s=1803.jp&i=d,2026-03-26T08:35:00+00:00
1803,1803.T,1803.jp,2001-06-12,432.68,437.14,409.49,409.49,1412307,https://stooq.com/q/d/l/?s=1803.jp&i=d,2026-03-26T08:35:00+00:00
1803,1803.T,1803.jp,2001-06-13,413.97,429.12,409.49,422.88,1888682,https://stooq.com/q/d/l/?s=1803.jp&i=d,2026-03-26T08:35:00+00:00
1803,1803.T,1803.jp,2001-06-14,431.81,431.81,420.20,421.09,1498615,https://stooq.com/q/d/l/?s=1803.jp&i=d,2026-03-26T08:35:00+00:00
1803,1803.T,1803.jp,2001-06-15,412.19,421.99,412.19,421.99,1995164,https://stooq.com/q/d/l/?s=1803.jp&i=d,2026-03-26T08:35:00+00:00
1803,1803.T,1803.jp,2001-06-18,423.77,440.71,423.77,430.02,1890922,https://stooq.com/q/d/l/?s=1803.jp&i=d,2026-03-26T08:35:00+00:00
1803,1803.T,1803.jp,2001-06-19,434.48,438.04,417.53,419.32,2087076,https://stooq.com/q/d/l/?s=1803.jp&i=d,2026-03-26T08:35:00+00:00
1803,1803.T,1803.jp,2001-06-20,419.32,438.94,415.74,437.14,1685801,https://stooq.com/q/d/l/?s=1803.jp&i=d,2026-03-26T08:35:00+00:00
1803,1803.T,1803.jp,2001-06-21,439.83,445.19,432.68,442.50,1954813,https://stooq.com/q/d/l/?s=1803.jp&i=d,2026-03-26T08:35:00+00:00
1803,1803.T,1803.jp,2001-06-22,445.19,446.97,438.94,438.94,1759780,https://stooq.com/q/d/l/?s=1803.jp&i=d,2026-03-26T08:35:00+00:00
1803,1803.T,1803.jp,2001-06-25,447.86,455.01,439.83,442.50,1489646,https://stooq.com/q/d/l/?s=1803.jp&i=d,2026-03-26T08:35:00+00:00
1803,1803.T,1803.jp,2001-06-26,442.50,442.50,430.02,434.48,1361870,https://stooq.com/q/d/l/?s=1803.jp&i=d,2026-03-26T08:35:00+00:00
1803,1803.T,1803.jp,2001-06-27,436.28,439.83,433.59,437.14,814879,https://stooq.com/q/d/l/?s=1803.jp&i=d,2026-03-26T08:35:00+00:00
1803,1803.T,1803.jp,2001-06-28,441.64,442.50,431.81,437.14,863077,https://stooq.com/q/d/l/?s=1803.jp&i=d,2026-03-26T08:35:00+00:00
1803,1803.T,1803.jp,2001-06-29,446.09,454.12,437.14,454.12,1328240,https://stooq.com/q/d/l/?s=1803.jp&i=d,2026-03-26T08:35:00+00:00
1803,1803.T,1803.jp,2001-07-02,459.45,461.24,446.97,452.32,1640965,https://stooq.com/q/d/l/?s=1803.jp&i=d,2026-03-26T08:35:00+00:00
1803,1803.T,1803.jp,2001-07-03,452.32,452.32,438.04,445.19,579495,https://stooq.com/q/d/l/?s=1803.jp&i=d,2026-03-26T08:35:00+00:00
1803,1803.T,1803.jp,2001-07-04,446.09,447.86,441.64,443.41,861956,https://stooq.com/q/d/l/?s=1803.jp&i=d,2026-03-26T08:35:00+00:00
1803,1803.T,1803.jp,2001-07-05,442.50,442.50,432.68,438.94,666923,https://stooq.com/q/d/l/?s=1803.jp&i=d,2026-03-26T08:35:00+00:00
1803,1803.T,1803.jp,2001-07-06,430.02,437.14,422.88,428.25,1107430,https://stooq.com/q/d/l/?s=1803.jp&i=d,2026-03-26T08:35:00+00:00
1803,1803.T,1803.jp,2001-07-09,421.99,433.59,419.32,433.59,861956,https://stooq.com/q/d/l/?s=1803.jp&i=d,2026-03-26T08:35:00+00:00
1803,1803.T,1803.jp,2001-07-10,424.67,438.94,420.20,430.92,893339,https://stooq.com/q/d/l/?s=1803.jp&i=d,2026-03-26T08:35:00+00:00
1803,1803.T,1803.jp,2001-07-11,422.88,426.45,418.42,421.09,468526,https://stooq.com/q/d/l/?s=1803.jp&i=d,2026-03-26T08:35:00+00:00
1803,1803.T,1803.jp,2001-07-12,425.58,432.68,421.09,432.68,512242,https://stooq.com/q/d/l/?s=1803.jp&i=d,2026-03-26T08:35:00+00:00
1803,1803.T,1803.jp,2001-07-13,423.77,428.25,422.88,427.34,1248658,https://stooq.com/q/d/l/?s=1803.jp&i=d,2026-03-26T08:35:00+00:00
1803,1803.T,1803.jp,2001-07-16,422.88,438.04,422.88,438.04,578374,https://stooq.com/q/d/l/?s=1803.jp&i=d,2026-03-26T08:35:00+00:00
1803,1803.T,1803.jp,2001-07-17,427.34,437.14,427.34,435.37,451715,https://stooq.com/q/d/l/?s=1803.jp&i=d,2026-03-26T08:35:00+00:00
1803,1803.T,1803.jp,2001-07-18,430.92,438.04,420.20,421.99,738660,https://stooq.com/q/d/l/?s=1803.jp&i=d,2026-03-26T08:35:00+00:00
1803,1803.T,1803.jp,2001-07-19,430.92,438.04,423.77,431.81,1380924,https://stooq.com/q/d/l/?s=1803.jp&i=d,2026-03-26T08:35:00+00:00
1803,1803.T,1803.jp,2001-07-23,430.92,443.41,428.25,440.71,1341691,https://stooq.com/q/d/l/?s=1803.jp&i=d,2026-03-26T08:35:00+00:00
1803,1803.T,1803.jp,2001-07-24,434.48,437.14,429.12,437.14,882132,https://stooq.com/q/d/l/?s=1803.jp&i=d,2026-03-26T08:35:00+00:00
1803,1803.T,1803.jp,2001-07-25,430.92,446.97,430.02,446.09,1119754,https://stooq.com/q/d/l/?s=1803.jp&i=d,2026-03-26T08:35:00+00:00
1803,1803.T,1803.jp,2001-07-26,448.75,459.45,442.50,457.67,1477317,https://stooq.com/q/d/l/?s=1803.jp&i=d,2026-03-26T08:35:00+00:00
1803,1803.T,1803.jp,2001-07-27,458.56,462.14,453.21,458.56,1074922,https://stooq.com/q/d/l/?s=1803.jp&i=d,2026-03-26T08:35:00+00:00
1803,1803.T,1803.jp,2001-07-30,463.94,464.83,446.09,453.21,915758,https://stooq.com/q/d/l/?s=1803.jp&i=d,2026-03-26T08:35:00+00:00
1803,1803.T,1803.jp,2001-07-31,449.65,455.01,443.41,455.01,877648,https://stooq.com/q/d/l/?s=1803.jp&i=d,2026-03-26T08:35:00+00:00
1803,1803.T,1803.jp,2001-08-01,455.01,468.39,455.01,468.39,1794527,https://stooq.com/q/d/l/?s=1803.jp&i=d,2026-03-26T08:35:00+00:00
1803,1803.T,1803.jp,2001-08-02,470.16,477.31,466.61,475.52,1182528,https://stooq.com/q/d/l/?s=1803.jp&i=d,2026-03-26T08:35:00+00:00
1803,1803.T,1803.jp,2001-08-03,465.72,472.84,460.34,463.94,623210,https://stooq.com/q/d/l/?s=1803.jp&i=d,2026-03-26T08:35:00+00:00
1803,1803.T,1803.jp,2001-08-06,460.34,472.84,455.01,472.84,448351,https://stooq.com/q/d/l/?s=1803.jp&i=d,2026-03-26T08:35:00+00:00
1803,1803.T,1803.jp,2001-08-07,463.94,489.81,463.03,488.91,1623033,https://stooq.com/q/d/l/?s=1803.jp&i=d,2026-03-26T08:35:00+00:00
1803,1803.T,1803.jp,2001-08-08,490.70,497.84,476.41,480.86,1346176,https://stooq.com/q/d/l/?s=1803.jp&i=d,2026-03-26T08:35:00+00:00
1803,1803.T,1803.jp,2001-08-09,480.86,489.81,477.31,486.23,2119583,https://stooq.com/q/d/l/?s=1803.jp&i=d,2026-03-26T08:35:00+00:00
1803,1803.T,1803.jp,2001-08-10,486.23,489.81,477.31,487.12,1615188,https://stooq.com/q/d/l/?s=1803.jp&i=d,2026-03-26T08:35:00+00:00
1803,1803.T,1803.jp,2001-08-13,471.05,487.12,471.05,479.98,743143,https://stooq.com/q/d/l/?s=1803.jp&i=d,2026-03-26T08:35:00+00:00
1803,1803.T,1803.jp,2001-08-14,479.98,490.70,479.09,490.70,1197097,https://stooq.com/q/d/l/?s=1803.jp&i=d,2026-03-26T08:35:00+00:00
1803,1803.T,1803.jp,2001-08-15,490.70,496.04,488.03,496.04,1727275,https://stooq.com/q/d/l/?s=1803.jp&i=d,2026-03-26T08:35:00+00:00
1803,1803.T,1803.jp,2001-08-16,496.04,529.93,495.14,524.59,4683032,https://stooq.com/q/d/l/?s=1803.jp&i=d,2026-03-26T08:35:00+00:00
1803,1803.T,1803.jp,2001-08-17,497.84,521.03,497.84,517.45,3213560,https://stooq.com/q/d/l/?s=1803.jp&i=d,2026-03-26T08:35:00+00:00
1803,1803.T,1803.jp,2001-08-20,508.54,508.54,497.84,497.84,1757538,https://stooq.com/q/d/l/?s=1803.jp&i=d,2026-03-26T08:35:00+00:00
1803,1803.T,1803.jp,2001-08-21,506.74,506.74,480.86,488.03,1525515,https://stooq.com/q/d/l/?s=1803.jp&i=d,2026-03-26T08:35:00+00:00
1803,1803.T,1803.jp,2001-08-22,486.23,524.59,486.23,518.35,2815647,https://stooq.com/q/d/l/?s=1803.jp&i=d,2026-03-26T08:35:00+00:00
1803,1803.T,1803.jp,2001-08-23,517.45,521.92,490.70,517.45,1922307,https://stooq.com/q/d/l/?s=1803.jp&i=d,2026-03-26T08:35:00+00:00
1803,1803.T,1803.jp,2001-08-24,508.54,512.99,497.84,502.30,1176922,https://stooq.com/q/d/l/?s=1803.jp&i=d,2026-03-26T08:35:00+00:00
1803,1803.T,1803.jp,2001-08-27,511.21,516.54,504.95,513.88,2249605,https://stooq.com/q/d/l/?s=1803.jp&i=d,2026-03-26T08:35:00+00:00
1803,1803.T,1803.jp,2001-08-28,512.11,529.93,510.32,529.93,2182350,https://stooq.com/q/d/l/?s=1803.jp&i=d,2026-03-26T08:35:00+00:00
1803,1803.T,1803.jp,2001-08-29,526.38,531.73,509.41,512.99,1973868,https://stooq.com/q/d/l/?s=1803.jp&i=d,2026-03-26T08:35:00+00:00
1803,1803.T,1803.jp,2001-08-30,486.23,489.81,469.28,481.76,2762966,https://stooq.com/q/d/l/?s=1803.jp&i=d,2026-03-26T08:35:00+00:00
1803,1803.T,1803.jp,2001-08-31,464.83,479.09,450.54,474.64,2469296,https://stooq.com/q/d/l/?s=1803.jp&i=d,2026-03-26T08:35:00+00:00
1803,1803.T,1803.jp,2001-09-03,465.72,476.41,459.45,463.94,1312551,https://stooq.com/q/d/l/?s=1803.jp&i=d,2026-03-26T08:35:00+00:00
1803,1803.T,1803.jp,2001-09-04,455.01,463.94,444.30,463.94,1330484,https://stooq.com/q/d/l/?s=1803.jp&i=d,2026-03-26T08:35:00+00:00
1803,1803.T,1803.jp,2001-09-05,446.09,452.32,442.50,446.09,1803493,https://stooq.com/q/d/l/?s=1803.jp&i=d,2026-03-26T08:35:00+00:00
1803,1803.T,1803.jp,2001-09-06,437.14,459.45,436.28,446.09,1447053,https://stooq.com/q/d/l/?s=1803.jp&i=d,2026-03-26T08:35:00+00:00
1803,1803.T,1803.jp,2001-09-07,437.14,441.64,433.59,438.04,904549,https://stooq.com/q/d/l/?s=1803.jp&i=d,2026-03-26T08:35:00+00:00
1803,1803.T,1803.jp,2001-09-10,428.25,430.02,420.20,421.09,1341691,https://stooq.com/q/d/l/?s=1803.jp&i=d,2026-03-26T08:35:00+00:00
1803,1803.T,1803.jp,2001-09-11,421.09,427.34,412.19,418.42,1361870,https://stooq.com/q/d/l/?s=1803.jp&i=d,2026-03-26T08:35:00+00:00
1803,1803.T,1803.jp,2001-09-12,382.73,394.33,382.73,382.73,1976109,https://stooq.com/q/d/l/?s=1803.jp&i=d,2026-03-26T08:35:00+00:00
1803,1803.T,1803.jp,2001-09-13,379.18,397.00,366.66,388.99,1564746,https://stooq.com/q/d/l/?s=1803.jp&i=d,2026-03-26T08:35:00+00:00
1803,1803.T,1803.jp,2001-09-14,393.44,422.88,393.44,422.88,3325648,https://stooq.com/q/d/l/?s=1803.jp&i=d,2026-03-26T08:35:00+00:00
1803,1803.T,1803.jp,2001-09-17,418.42,418.42,395.24,413.07,2056811,https://stooq.com/q/d/l/?s=1803.jp&i=d,2026-03-26T08:35:00+00:00
1803,1803.T,1803.jp,2001-09-18,433.59,442.50,430.92,435.37,2250725,https://stooq.com/q/d/l/?s=1803.jp&i=d,2026-03-26T08:35:00+00:00
1803,1803.T,1803.jp,2001-09-19,444.30,459.45,428.25,455.89,4046375,https://stooq.com/q/d/l/?s=1803.jp&i=d,2026-03-26T08:35:00+00:00
1803,1803.T,1803.jp,2001-09-20,438.04,450.54,429.12,446.09,2081472,https://stooq.com/q/d/l/?s=1803.jp&i=d,2026-03-26T08:35:00+00:00
1803,1803.T,1803.jp,2001-09-21,432.68,467.50,426.45,453.21,2323581,https://stooq.com/q/d/l/?s=1803.jp&i=d,2026-03-26T08:35:00+00:00
1803,1803.T,1803.jp,2001-09-25,460.34,472.84,451.45,458.56,1825913,https://stooq.com/q/d/l/?s=1803.jp&i=d,2026-03-26T08:35:00+00:00
1803,1803.T,1803.jp,2001-09-26,466.61,467.50,450.54,464.83,1749692,https://stooq.com/q/d/l/?s=1803.jp&i=d,2026-03-26T08:35:00+00:00
1803,1803.T,1803.jp,2001-09-27,463.94,477.31,462.14,477.31,980769,https://stooq.com/q/d/l/?s=1803.jp&i=d,2026-03-26T08:35:00+00:00
1803,1803.T,1803.jp,2001-09-28,481.76,502.30,479.98,495.14,1946967,https://stooq.com/q/d/l/?s=1803.jp&i=d,2026-03-26T08:35:00+00:00
1803,1803.T,1803.jp,2001-10-01,490.70,492.47,477.31,489.81,1278922,https://stooq.com/q/d/l/?s=1803.jp&i=d,2026-03-26T08:35:00+00:00
1803,1803.T,1803.jp,2001-10-02,488.03,493.35,483.54,490.70,1244174,https://stooq.com/q/d/l/?s=1803.jp&i=d,2026-03-26T08:35:00+00:00
1803,1803.T,1803.jp,2001-10-03,490.70,490.70,464.83,464.83,1439208,https://stooq.com/q/d/l/?s=1803.jp&i=d,2026-03-26T08:35:00+00:00
1803,1803.T,1803.jp,2001-10-04,473.73,479.98,458.56,465.72,1812459,https://stooq.com/q/d/l/?s=1803.jp&i=d,2026-03-26T08:35:00+00:00
1803,1803.T,1803.jp,2001-10-05,456.78,457.67,446.09,453.21,2046725,https://stooq.com/q/d/l/?s=1803.jp&i=d,2026-03-26T08:35:00+00:00
1803,1803.T,1803.jp,2001-10-09,446.97,447.86,433.59,443.41,1341691,https://stooq.com/q/d/l/?s=1803.jp&i=d,2026-03-26T08:35:00+00:00
1803,1803.T,1803.jp,2001-10-10,446.09,457.67,444.30,449.65,1543448,https://stooq.com/q/d/l/?s=1803.jp&i=d,2026-03-26T08:35:00+00:00
1803,1803.T,1803.jp,2001-10-11,457.67,462.14,452.32,462.14,1054747,https://stooq.com/q/d/l/?s=1803.jp&i=d,2026-03-26T08:35:00+00:00
1803,1803.T,1803.jp,2001-10-12,471.05,471.05,453.21,467.50,2381866,https://stooq.com/q/d/l/?s=1803.jp&i=d,2026-03-26T08:35:00+00:00
1803,1803.T,1803.jp,2001-10-15,463.94,483.54,460.34,482.66,1610704,https://stooq.com/q/d/l/?s=1803.jp&i=d,2026-03-26T08:35:00+00:00
1803,1803.T,1803.jp,2001-10-16,481.76,484.46,478.21,479.98,1369714,https://stooq.com/q/d/l/?s=1803.jp&i=d,2026-03-26T08:35:00+00:00
1803,1803.T,1803.jp,2001-10-17,463.94,468.39,454.12,466.61,1972746,https://stooq.com/q/d/l/?s=1803.jp&i=d,2026-03-26T08:35:00+00:00
1803,1803.T,1803.jp,2001-10-18,459.45,462.14,443.41,446.09,2158813,https://stooq.com/q/d/l/?s=1803.jp&i=d,2026-03-26T08:35:00+00:00
1803,1803.T,1803.jp,2001-10-19,441.64,449.65,440.71,444.30,1484046,https://stooq.com/q/d/l/?s=1803.jp&i=d,2026-03-26T08:35:00+00:00
1803,1803.T,1803.jp,2001-10-22,446.09,457.67,446.09,455.01,1129846,https://stooq.com/q/d/l/?s=1803.jp&i=d,2026-03-26T08:35:00+00:00
1803,1803.T,1803.jp,2001-10-23,463.94,468.39,456.78,468.39,1756418,https://stooq.com/q/d/l/?s=1803.jp&i=d,2026-03-26T08:35:00+00:00
1803,1803.T,1803.jp,2001-10-24,462.14,480.86,462.14,477.31,2196925,https://stooq.com/q/d/l/?s=1803.jp&i=d,2026-03-26T08:35:00+00:00
1803,1803.T,1803.jp,2001-10-25,468.39,490.70,468.39,487.12,2754000,https://stooq.com/q/d/l/?s=1803.jp&i=d,2026-03-26T08:35:00+00:00
1803,1803.T,1803.jp,2001-10-26,484.46,487.12,469.28,480.86,2254086,https://stooq.com/q/d/l/?s=1803.jp&i=d,2026-03-26T08:35:00+00:00
1803,1803.T,1803.jp,2001-10-29,475.52,475.52,463.94,464.83,738660,https://stooq.com/q/d/l/?s=1803.jp&i=d,2026-03-26T08:35:00+00:00
1803,1803.T,1803.jp,2001-10-30,461.24,480.86,460.34,480.86,1303580,https://stooq.com/q/d/l/?s=1803.jp&i=d,2026-03-26T08:35:00+00:00
1803,1803.T,1803.jp,2001-10-31,480.86,490.70,479.09,480.86,2062416,https://stooq.com/q/d/l/?s=1803.jp&i=d,2026-03-26T08:35:00+00:00
1803,1803.T,1803.jp,2001-11-01,473.73,475.52,464.83,470.16,1284528,https://stooq.com/q/d/l/?s=1803.jp&i=d,2026-03-26T08:35:00+00:00
1803,1803.T,1803.jp,2001-11-02,474.64,476.41,461.24,462.14,1405582,https://stooq.com/q/d/l/?s=1803.jp&i=d,2026-03-26T08:35:00+00:00
1803,1803.T,1803.jp,2001-11-05,460.34,462.14,453.21,460.34,1052507,https://stooq.com/q/d/l/?s=1803.jp&i=d,2026-03-26T08:35:00+00:00
1803,1803.T,1803.jp,2001-11-06,453.21,456.78,445.19,449.65,1896528,https://stooq.com/q/d/l/?s=1803.jp&i=d,2026-03-26T08:35:00+00:00
1803,1803.T,1803.jp,2001-11-07,450.54,457.67,445.19,447.86,1294614,https://stooq.com/q/d/l/?s=1803.jp&i=d,2026-03-26T08:35:00+00:00
1803,1803.T,1803.jp,2001-11-08,455.01,455.01,446.97,454.12,1016636,https://stooq.com/q/d/l/?s=1803.jp&i=d,2026-03-26T08:35:00+00:00
1803,1803.T,1803.jp,2001-11-09,459.45,462.14,446.97,452.32,3009563,https://stooq.com/q/d/l/?s=1803.jp&i=d,2026-03-26T08:35:00+00:00
1803,1803.T,1803.jp,2001-11-12,446.09,450.54,439.83,445.19,2441275,https://stooq.com/q/d/l/?s=1803.jp&i=d,2026-03-26T08:35:00+00:00
1803,1803.T,1803.jp,2001-11-13,438.94,444.30,420.20,432.68,3210197,https://stooq.com/q/d/l/?s=1803.jp&i=d,2026-03-26T08:35:00+00:00
1803,1803.T,1803.jp,2001-11-14,433.59,436.28,406.82,421.99,3036462,https://stooq.com/q/d/l/?s=1803.jp&i=d,2026-03-26T08:35:00+00:00
1803,1803.T,1803.jp,2001-11-15,421.99,445.19,420.20,442.50,1720548,https://stooq.com/q/d/l/?s=1803.jp&i=d,2026-03-26T08:35:00+00:00
1803,1803.T,1803.jp,2001-11-16,429.12,437.14,421.99,426.45,1903253,https://stooq.com/q/d/l/?s=1803.jp&i=d,2026-03-26T08:35:00+00:00
1803,1803.T,1803.jp,2001-11-19,417.53,440.71,417.53,434.48,1007670,https://stooq.com/q/d/l/?s=1803.jp&i=d,2026-03-26T08:35:00+00:00
1803,1803.T,1803.jp,2001-11-20,438.04,450.54,436.28,442.50,1559142,https://stooq.com/q/d/l/?s=1803.jp&i=d,2026-03-26T08:35:00+00:00
1803,1803.T,1803.jp,2001-11-21,440.71,458.56,440.71,457.67,1263230,https://stooq.com/q/d/l/?s=1803.jp&i=d,2026-03-26T08:35:00+00:00
1803,1803.T,1803.jp,2001-11-22,446.97,450.54,424.67,441.64,3340220,https://stooq.com/q/d/l/?s=1803.jp&i=d,2026-03-26T08:35:00+00:00
1803,1803.T,1803.jp,2001-11-26,455.01,469.28,451.45,462.14,1987320,https://stooq.com/q/d/l/?s=1803.jp&i=d,2026-03-26T08:35:00+00:00
1803,1803.T,1803.jp,2001-11-27,453.21,462.14,449.65,452.32,1183647,https://stooq.com/q/d/l/?s=1803.jp&i=d,2026-03-26T08:35:00+00:00
1803,1803.T,1803.jp,2001-11-28,454.12,459.45,439.83,439.83,1072680,https://stooq.com/q/d/l/?s=1803.jp&i=d,2026-03-26T08:35:00+00:00
1803,1803.T,1803.jp,2001-11-29,438.04,441.64,426.45,438.04,1336089,https://stooq.com/q/d/l/?s=1803.jp&i=d,2026-03-26T08:35:00+00:00
1803,1803.T,1803.jp,2001-11-30,433.59,448.75,430.92,441.64,901187,https://stooq.com/q/d/l/?s=1803.jp&i=d,2026-03-26T08:35:00+00:00
1803,1803.T,1803.jp,2001-12-03,446.09,447.86,432.68,432.68,1141056,https://stooq.com/q/d/l/?s=1803.jp&i=d,2026-03-26T08:35:00+00:00
1803,1803.T,1803.jp,2001-12-04,437.14,437.14,414.85,420.20,2168903,https://stooq.com/q/d/l/?s=1803.jp&i=d,2026-03-26T08:35:00+00:00
1803,1803.T,1803.jp,2001-12-05,414.85,417.53,406.82,414.85,2152088,https://stooq.com/q/d/l/?s=1803.jp&i=d,2026-03-26T08:35:00+00:00
1803,1803.T,1803.jp,2001-12-06,411.30,432.68,408.61,420.20,2653120,https://stooq.com/q/d/l/?s=1803.jp&i=d,2026-03-26T08:35:00+00:00
1803,1803.T,1803.jp,2001-12-07,424.67,430.02,421.09,428.25,1274439,https://stooq.com/q/d/l/?s=1803.jp&i=d,2026-03-26T08:35:00+00:00
1803,1803.T,1803.jp,2001-12-10,429.12,434.48,408.61,410.39,2033273,https://stooq.com/q/d/l/?s=1803.jp&i=d,2026-03-26T08:35:00+00:00
1803,1803.T,1803.jp,2001-12-11,392.56,393.44,382.73,383.62,2259690,https://stooq.com/q/d/l/?s=1803.jp&i=d,2026-03-26T08:35:00+00:00
1803,1803.T,1803.jp,2001-12-12,385.40,408.61,376.48,401.48,1760900,https://stooq.com/q/d/l/?s=1803.jp&i=d,2026-03-26T08:35:00+00:00
1803,1803.T,1803.jp,2001-12-13,397.00,397.90,375.60,375.60,1578198,https://stooq.com/q/d/l/?s=1803.jp&i=d,2026-03-26T08:35:00+00:00
1803,1803.T,1803.jp,2001-12-14,380.05,394.33,370.25,385.40,6316152,https://stooq.com/q/d/l/?s=1803.jp&i=d,2026-03-26T08:35:00+00:00
1803,1803.T,1803.jp,2001-12-17,363.10,369.38,360.43,361.31,2283231,https://stooq.com/q/d/l/?s=1803.jp&i=d,2026-03-26T08:35:00+00:00
1803,1803.T,1803.jp,2001-12-18,365.78,392.56,363.99,374.70,2165538,https://stooq.com/q/d/l/?s=1803.jp&i=d,2026-03-26T08:35:00+00:00
1803,1803.T,1803.jp,2001-12-19,379.18,383.62,355.08,360.43,2122944,https://stooq.com/q/d/l/?s=1803.jp&i=d,2026-03-26T08:35:00+00:00
1803,1803.T,1803.jp,2001-12-20,362.21,381.83,362.21,381.83,2789868,https://stooq.com/q/d/l/?s=1803.jp&i=d,2026-03-26T08:35:00+00:00
1803,1803.T,1803.jp,2001-12-21,380.95,390.76,372.04,386.29,1163473,https://stooq.com/q/d/l/?s=1803.jp&i=d,2026-03-26T08:35:00+00:00
1803,1803.T,1803.jp,2001-12-25,383.62,383.62,373.81,380.05,1234089,https://stooq.com/q/d/l/?s=1803.jp&i=d,2026-03-26T08:35:00+00:00
1803,1803.T,1803.jp,2001-12-26,380.05,388.09,376.48,379.18,1105186,https://stooq.com/q/d/l/?s=1803.jp&i=d,2026-03-26T08:35:00+00:00
1803,1803.T,1803.jp,2001-12-27,377.38,388.09,373.81,388.09,1414550,https://stooq.com/q/d/l/?s=1803.jp&i=d,2026-03-26T08:35:00+00:00
1803,1803.T,1803.jp,2001-12-28,392.56,396.12,380.95,396.12,758835,https://stooq.com/q/d/l/?s=1803.jp&i=d,2026-03-26T08:35:00+00:00
1803,1803.T,1803.jp,2002-01-04,396.12,396.12,384.51,395.24,391185,https://stooq.com/q/d/l/?s=1803.jp&i=d,2026-03-26T08:35:00+00:00
1803,1803.T,1803.jp,2002-01-07,394.33,404.13,390.76,402.36,1091738,https://stooq.com/q/d/l/?s=1803.jp&i=d,2026-03-26T08:35:00+00:00
1803,1803.T,1803.jp,2002-01-08,401.48,402.36,377.38,383.62,1115273,https://stooq.com/q/d/l/?s=1803.jp&i=d,2026-03-26T08:35:00+00:00
1803,1803.T,1803.jp,2002-01-09,370.25,378.28,370.25,371.14,1070439,https://stooq.com/q/d/l/?s=1803.jp&i=d,2026-03-26T08:35:00+00:00
1803,1803.T,1803.jp,2002-01-10,371.14,376.48,359.54,362.21,1238572,https://stooq.com/q/d/l/?s=1803.jp&i=d,2026-03-26T08:35:00+00:00
1803,1803.T,1803.jp,2002-01-11,366.66,367.57,347.06,355.08,2326942,https://stooq.com/q/d/l/?s=1803.jp&i=d,2026-03-26T08:35:00+00:00
1803,1803.T,1803.jp,2002-01-15,335.46,336.36,319.40,325.63,2291078,https://stooq.com/q/d/l/?s=1803.jp&i=d,2026-03-26T08:35:00+00:00
1803,1803.T,1803.jp,2002-01-16,329.20,339.91,322.08,335.46,1725033,https://stooq.com/q/d/l/?s=1803.jp&i=d,2026-03-26T08:35:00+00:00
1803,1803.T,1803.jp,2002-01-17,334.56,334.56,323.85,324.76,1432483,https://stooq.com/q/d/l/?s=1803.jp&i=d,2026-03-26T08:35:00+00:00
1803,1803.T,1803.jp,2002-01-18,329.20,347.06,326.52,347.06,1291253,https://stooq.com/q/d/l/?s=1803.jp&i=d,2026-03-26T08:35:00+00:00
1803,1803.T,1803.jp,2002-01-21,350.61,359.54,347.06,350.61,2241758,https://stooq.com/q/d/l/?s=1803.jp&i=d,2026-03-26T08:35:00+00:00
1803,1803.T,1803.jp,2002-01-22,359.54,363.10,348.83,348.83,3391780,https://stooq.com/q/d/l/?s=1803.jp&i=d,2026-03-26T08:35:00+00:00
1803,1803.T,1803.jp,2002-01-23,349.74,361.31,349.74,359.54,1786680,https://stooq.com/q/d/l/?s=1803.jp&i=d,2026-03-26T08:35:00+00:00
1803,1803.T,1803.jp,2002-01-24,359.54,363.10,353.29,361.31,1606221,https://stooq.com/q/d/l/?s=1803.jp&i=d,2026-03-26T08:35:00+00:00
1803,1803.T,1803.jp,2002-01-25,365.78,377.38,363.10,372.92,2544397,https://stooq.com/q/d/l/?s=1803.jp&i=d,2026-03-26T08:35:00+00:00
1803,1803.T,1803.jp,2002-01-28,380.95,387.21,374.70,383.62,2008615,https://stooq.com/q/d/l/?s=1803.jp&i=d,2026-03-26T08:35:00+00:00
1803,1803.T,1803.jp,2002-01-29,380.95,386.29,372.92,374.70,1644328,https://stooq.com/q/d/l/?s=1803.jp&i=d,2026-03-26T08:35:00+00:00
1803,1803.T,1803.jp,2002-01-30,367.57,371.14,364.89,367.57,826087,https://stooq.com/q/d/l/?s=1803.jp&i=d,2026-03-26T08:35:00+00:00
1803,1803.T,1803.jp,2002-01-31,372.04,384.51,363.10,379.18,2402043,https://stooq.com/q/d/l/?s=1803.jp&i=d,2026-03-26T08:35:00+00:00
1803,1803.T,1803.jp,2002-02-01,378.28,382.73,361.31,363.10,1297979,https://stooq.com/q/d/l/?s=1803.jp&i=d,2026-03-26T08:35:00+00:00
1803,1803.T,1803.jp,2002-02-04,363.10,364.89,350.61,351.51,1788922,https://stooq.com/q/d/l/?s=1803.jp&i=d,2026-03-26T08:35:00+00:00
1803,1803.T,1803.jp,2002-02-05,347.06,364.89,346.16,351.51,1111910,https://stooq.com/q/d/l/?s=1803.jp&i=d,2026-03-26T08:35:00+00:00
1803,1803.T,1803.jp,2002-02-06,351.51,355.97,346.16,347.94,710639,https://stooq.com/q/d/l/?s=1803.jp&i=d,2026-03-26T08:35:00+00:00
1803,1803.T,1803.jp,2002-02-07,352.40,369.38,351.51,366.66,1578198,https://stooq.com/q/d/l/?s=1803.jp&i=d,2026-03-26T08:35:00+00:00
1803,1803.T,1803.jp,2002-02-08,375.60,384.51,371.14,377.38,3095867,https://stooq.com/q/d/l/?s=1803.jp&i=d,2026-03-26T08:35:00+00:00
1803,1803.T,1803.jp,2002-02-12,386.29,389.88,383.62,386.29,2083715,https://stooq.com/q/d/l/?s=1803.jp&i=d,2026-03-26T08:35:00+00:00
1803,1803.T,1803.jp,2002-02-13,390.76,401.48,390.76,391.67,1562505,https://stooq.com/q/d/l/?s=1803.jp&i=d,2026-03-26T08:35:00+00:00
1803,1803.T,1803.jp,2002-02-14,398.80,404.13,395.24,396.12,1313671,https://stooq.com/q/d/l/?s=1803.jp&i=d,2026-03-26T08:35:00+00:00
1803,1803.T,1803.jp,2002-02-15,396.12,405.93,393.44,401.48,2062416,https://stooq.com/q/d/l/?s=1803.jp&i=d,2026-03-26T08:35:00+00:00
1803,1803.T,1803.jp,2002-02-18,400.58,405.93,397.90,402.36,1100704,https://stooq.com/q/d/l/?s=1803.jp&i=d,2026-03-26T08:35:00+00:00
1803,1803.T,1803.jp,2002-02-19,402.36,402.36,375.60,375.60,1435847,https://stooq.com/q/d/l/?s=1803.jp&i=d,2026-03-26T08:35:00+00:00
1803,1803.T,1803.jp,2002-02-20,375.60,383.62,375.60,380.95,1042418,https://stooq.com/q/d/l/?s=1803.jp&i=d,2026-03-26T08:35:00+00:00
1803,1803.T,1803.jp,2002-02-21,382.73,403.27,378.28,402.36,2573538,https://stooq.com/q/d/l/?s=1803.jp&i=d,2026-03-26T08:35:00+00:00
1803,1803.T,1803.jp,2002-02-22,389.88,392.56,380.05,385.40,2010857,https://stooq.com/q/d/l/?s=1803.jp&i=d,2026-03-26T08:35:00+00:00
1803,1803.T,1803.jp,2002-02-25,382.73,390.76,374.70,378.28,2277624,https://stooq.com/q/d/l/?s=1803.jp&i=d,2026-03-26T08:35:00+00:00
1803,1803.T,1803.jp,2002-02-26,377.38,378.28,361.31,364.89,2182350,https://stooq.com/q/d/l/?s=1803.jp&i=d,2026-03-26T08:35:00+00:00
1803,1803.T,1803.jp,2002-02-27,369.38,386.29,368.47,386.29,1838242,https://stooq.com/q/d/l/?s=1803.jp&i=d,2026-03-26T08:35:00+00:00
1803,1803.T,1803.jp,2002-02-28,390.76,408.61,390.76,390.76,2488351,https://stooq.com/q/d/l/?s=1803.jp&i=d,2026-03-26T08:35:00+00:00
1803,1803.T,1803.jp,2002-03-01,391.67,407.71,390.76,404.13,1467229,https://stooq.com/q/d/l/?s=1803.jp&i=d,2026-03-26T08:35:00+00:00
1803,1803.T,1803.jp,2002-03-04,412.19,432.68,407.71,427.34,2760726,https://stooq.com/q/d/l/?s=1803.jp&i=d,2026-03-26T08:35:00+00:00
1803,1803.T,1803.jp,2002-03-05,422.88,430.02,414.85,421.09,1812459,https://stooq.com/q/d/l/?s=1803.jp&i=d,2026-03-26T08:35:00+00:00
1803,1803.T,1803.jp,2002-03-06,421.99,431.81,415.74,415.74,1509824,https://stooq.com/q/d/l/?s=1803.jp&i=d,2026-03-26T08:35:00+00:00
1803,1803.T,1803.jp,2002-03-07,427.34,427.34,419.32,421.09,1315913,https://stooq.com/q/d/l/?s=1803.jp&i=d,2026-03-26T08:35:00+00:00
1803,1803.T,1803.jp,2002-03-08,430.02,440.71,423.77,436.28,4986791,https://stooq.com/q/d/l/?s=1803.jp&i=d,2026-03-26T08:35:00+00:00
1803,1803.T,1803.jp,2002-03-11,436.28,453.21,426.45,453.21,2928856,https://stooq.com/q/d/l/?s=1803.jp&i=d,2026-03-26T08:35:00+00:00
1803,1803.T,1803.jp,2002-03-12,449.65,453.21,436.28,440.71,2389714,https://stooq.com/q/d/l/?s=1803.jp&i=d,2026-03-26T08:35:00+00:00
1803,1803.T,1803.jp,2002-03-13,431.81,439.83,419.32,420.20,2017581,https://stooq.com/q/d/l/?s=1803.jp&i=d,2026-03-26T08:35:00+00:00
1803,1803.T,1803.jp,2002-03-14,402.36,414.85,402.36,412.19,2273143,https://stooq.com/q/d/l/?s=1803.jp&i=d,2026-03-26T08:35:00+00:00
1803,1803.T,1803.jp,2002-03-15,416.64,416.64,407.71,413.07,1480680,https://stooq.com/q/d/l/?s=1803.jp&i=d,2026-03-26T08:35:00+00:00
1803,1803.T,1803.jp,2002-03-18,419.32,421.99,404.13,413.97,1731758,https://stooq.com/q/d/l/?s=1803.jp&i=d,2026-03-26T08:35:00+00:00
1803,1803.T,1803.jp,2002-03-19,411.30,413.97,406.82,411.30,1467229,https://stooq.com/q/d/l/?s=1803.jp&i=d,2026-03-26T08:35:00+00:00
1803,1803.T,1803.jp,2002-03-20,412.19,412.19,399.67,403.27,911275,https://stooq.com/q/d/l/?s=1803.jp&i=d,2026-03-26T08:35:00+00:00
1803,1803.T,1803.jp,2002-03-22,397.00,397.90,386.29,386.29,1444813,https://stooq.com/q/d/l/?s=1803.jp&i=d,2026-03-26T08:35:00+00:00
1803,1803.T,1803.jp,2002-03-25,387.21,394.33,387.21,394.33,1245295,https://stooq.com/q/d/l/?s=1803.jp&i=d,2026-03-26T08:35:00+00:00
1803,1803.T,1803.jp,2002-03-26,397.00,397.90,373.81,377.38,1212791,https://stooq.com/q/d/l/?s=1803.jp&i=d,2026-03-26T08:35:00+00:00
1803,1803.T,1803.jp,2002-03-27,381.83,398.80,380.05,390.76,1221757,https://stooq.com/q/d/l/?s=1803.jp&i=d,2026-03-26T08:35:00+00:00
1803,1803.T,1803.jp,2002-03-28,389.88,401.48,388.99,398.80,925846,https://stooq.com/q/d/l/?s=1803.jp&i=d,2026-03-26T08:35:00+00:00
1803,1803.T,1803.jp,2002-03-29,406.82,410.39,390.76,393.44,1573714,https://stooq.com/q/d/l/?s=1803.jp&i=d,2026-03-26T08:35:00+00:00
1803,1803.T,1803.jp,2002-04-01,388.99,390.76,374.70,375.60,1153384,https://stooq.com/q/d/l/?s=1803.jp&i=d,2026-03-26T08:35:00+00:00
1803,1803.T,1803.jp,2002-04-02,380.05,382.73,375.60,381.83,1368594,https://stooq.com/q/d/l/?s=1803.jp&i=d,2026-03-26T08:35:00+00:00
1803,1803.T,1803.jp,2002-04-03,377.38,388.09,374.70,379.18,1733999,https://stooq.com/q/d/l/?s=1803.jp&i=d,2026-03-26T08:35:00+00:00
1803,1803.T,1803.jp,2002-04-04,383.62,401.48,382.73,392.56,2277624,https://stooq.com/q/d/l/?s=1803.jp&i=d,2026-03-26T08:35:00+00:00
1803,1803.T,1803.jp,2002-04-05,397.00,409.49,388.99,405.93,1512067,https://stooq.com/q/d/l/?s=1803.jp&i=d,2026-03-26T08:35:00+00:00
1803,1803.T,1803.jp,2002-04-08,401.48,420.20,397.90,411.30,3664154,https://stooq.com/q/d/l/?s=1803.jp&i=d,2026-03-26T08:35:00+00:00
1803,1803.T,1803.jp,2002-04-09,414.85,418.42,402.36,411.30,1889800,https://stooq.com/q/d/l/?s=1803.jp&i=d,2026-03-26T08:35:00+00:00
1803,1803.T,1803.jp,2002-04-10,410.39,422.88,407.71,420.20,2539911,https://stooq.com/q/d/l/?s=1803.jp&i=d,2026-03-26T08:35:00+00:00
1803,1803.T,1803.jp,2002-04-11,419.32,420.20,399.67,402.36,2046725,https://stooq.com/q/d/l/?s=1803.jp&i=d,2026-03-26T08:35:00+00:00
1803,1803.T,1803.jp,2002-04-12,398.80,404.13,386.29,393.44,2292197,https://stooq.com/q/d/l/?s=1803.jp&i=d,2026-03-26T08:35:00+00:00
1803,1803.T,1803.jp,2002-04-15,393.44,397.00,388.09,397.00,931449,https://stooq.com/q/d/l/?s=1803.jp&i=d,2026-03-26T08:35:00+00:00
1803,1803.T,1803.jp,2002-04-16,399.67,401.48,389.88,394.33,980769,https://stooq.com/q/d/l/?s=1803.jp&i=d,2026-03-26T08:35:00+00:00
1803,1803.T,1803.jp,2002-04-17,395.24,403.27,395.24,402.36,1230724,https://stooq.com/q/d/l/?s=1803.jp&i=d,2026-03-26T08:35:00+00:00
1803,1803.T,1803.jp,2002-04-18,402.36,414.85,401.48,407.71,1280043,https://stooq.com/q/d/l/?s=1803.jp&i=d,2026-03-26T08:35:00+00:00
1803,1803.T,1803.jp,2002-04-19,402.36,402.36,394.33,397.00,1559142,https://stooq.com/q/d/l/?s=1803.jp&i=d,2026-03-26T08:35:00+00:00
1803,1803.T,1803.jp,2002-04-22,401.48,405.93,394.33,397.00,1050262,https://stooq.com/q/d/l/?s=1803.jp&i=d,2026-03-26T08:35:00+00:00
1803,1803.T,1803.jp,2002-04-23,392.56,396.12,389.88,393.44,2421097,https://stooq.com/q/d/l/?s=1803.jp&i=d,2026-03-26T08:35:00+00:00
1803,1803.T,1803.jp,2002-04-24,391.67,394.33,388.09,388.09,1563624,https://stooq.com/q/d/l/?s=1803.jp&i=d,2026-03-26T08:35:00+00:00
1803,1803.T,1803.jp,2002-04-25,385.40,389.88,381.83,384.51,1823669,https://stooq.com/q/d/l/?s=1803.jp&i=d,2026-03-26T08:35:00+00:00
1803,1803.T,1803.jp,2002-04-26,387.21,387.21,370.25,370.25,2170021,https://stooq.com/q/d/l/?s=1803.jp&i=d,2026-03-26T08:35:00+00:00
1803,1803.T,1803.jp,2002-04-30,370.25,374.70,364.89,364.89,1740724,https://stooq.com/q/d/l/?s=1803.jp&i=d,2026-03-26T08:35:00+00:00
1803,1803.T,1803.jp,2002-05-01,365.78,366.66,358.65,360.43,1996284,https://stooq.com/q/d/l/?s=1803.jp&i=d,2026-03-26T08:35:00+00:00
1803,1803.T,1803.jp,2002-05-02,362.21,363.99,355.97,360.43,2362814,https://stooq.com/q/d/l/?s=1803.jp&i=d,2026-03-26T08:35:00+00:00
1803,1803.T,1803.jp,2002-05-07,360.43,367.57,354.19,366.66,1386528,https://stooq.com/q/d/l/?s=1803.jp&i=d,2026-03-26T08:35:00+00:00
1803,1803.T,1803.jp,2002-05-08,365.78,370.25,362.21,367.57,1183647,https://stooq.com/q/d/l/?s=1803.jp&i=d,2026-03-26T08:35:00+00:00
1803,1803.T,1803.jp,2002-05-09,375.60,375.60,361.31,362.21,1948090,https://stooq.com/q/d/l/?s=1803.jp&i=d,2026-03-26T08:35:00+00:00
1803,1803.T,1803.jp,2002-05-10,357.75,363.99,355.97,362.21,1757538,https://stooq.com/q/d/l/?s=1803.jp&i=d,2026-03-26T08:35:00+00:00
1803,1803.T,1803.jp,2002-05-13,366.66,366.66,354.19,354.19,2228306,https://stooq.com/q/d/l/?s=1803.jp&i=d,2026-03-26T08:35:00+00:00
1803,1803.T,1803.jp,2002-05-14,354.19,355.08,341.69,345.27,2796592,https://stooq.com/q/d/l/?s=1803.jp&i=d,2026-03-26T08:35:00+00:00
1803,1803.T,1803.jp,2002-05-15,346.16,355.97,346.16,350.61,1848330,https://stooq.com/q/d/l/?s=1803.jp&i=d,2026-03-26T08:35:00+00:00
1803,1803.T,1803.jp,2002-05-16,356.86,365.78,351.51,358.65,1329363,https://stooq.com/q/d/l/?s=1803.jp&i=d,2026-03-26T08:35:00+00:00
1803,1803.T,1803.jp,2002-05-17,365.78,369.38,361.31,361.31,1867382,https://stooq.com/q/d/l/?s=1803.jp&i=d,2026-03-26T08:35:00+00:00
1803,1803.T,1803.jp,2002-05-20,364.89,379.18,363.99,373.81,2382988,https://stooq.com/q/d/l/?s=1803.jp&i=d,2026-03-26T08:35:00+00:00
1803,1803.T,1803.jp,2002-05-21,379.18,387.21,378.28,383.62,3358153,https://stooq.com/q/d/l/?s=1803.jp&i=d,2026-03-26T08:35:00+00:00
1803,1803.T,1803.jp,2002-05-22,392.56,413.97,392.56,413.07,4740197,https://stooq.com/q/d/l/?s=1803.jp&i=d,2026-03-26T08:35:00+00:00
1803,1803.T,1803.jp,2002-05-23,414.85,419.32,407.71,416.64,4091209,https://stooq.com/q/d/l/?s=1803.jp&i=d,2026-03-26T08:35:00+00:00
1803,1803.T,1803.jp,2002-05-24,419.32,419.32,405.93,414.85,2773056,https://stooq.com/q/d/l/?s=1803.jp&i=d,2026-03-26T08:35:00+00:00
1803,1803.T,1803.jp,2002-05-27,418.42,429.12,405.02,406.82,2621738,https://stooq.com/q/d/l/?s=1803.jp&i=d,2026-03-26T08:35:00+00:00
1803,1803.T,1803.jp,2002-05-28,407.71,407.71,399.67,401.48,1014396,https://stooq.com/q/d/l/?s=1803.jp&i=d,2026-03-26T08:35:00+00:00
1803,1803.T,1803.jp,2002-05-29,393.44,398.80,388.99,392.56,1736240,https://stooq.com/q/d/l/?s=1803.jp&i=d,2026-03-26T08:35:00+00:00
1803,1803.T,1803.jp,2002-05-30,388.09,394.33,387.21,389.88,1469472,https://stooq.com/q/d/l/?s=1803.jp&i=d,2026-03-26T08:35:00+00:00
1803,1803.T,1803.jp,2002-05-31,388.09,405.02,388.09,397.00,2446880,https://stooq.com/q/d/l/?s=1803.jp&i=d,2026-03-26T08:35:00+00:00
1803,1803.T,1803.jp,2002-06-03,396.12,396.12,390.76,392.56,792461,https://stooq.com/q/d/l/?s=1803.jp&i=d,2026-03-26T08:35:00+00:00
1803,1803.T,1803.jp,2002-06-04,388.09,394.33,384.51,392.56,2321339,https://stooq.com/q/d/l/?s=1803.jp&i=d,2026-03-26T08:35:00+00:00
1803,1803.T,1803.jp,2002-06-05,391.67,405.02,390.76,405.02,2593715,https://stooq.com/q/d/l/?s=1803.jp&i=d,2026-03-26T08:35:00+00:00
1803,1803.T,1803.jp,2002-06-06,404.13,404.13,389.88,393.44,2736067,https://stooq.com/q/d/l/?s=1803.jp&i=d,2026-03-26T08:35:00+00:00
1803,1803.T,1803.jp,2002-06-07,388.99,389.88,384.51,386.29,1766505,https://stooq.com/q/d/l/?s=1803.jp&i=d,2026-03-26T08:35:00+00:00
1803,1803.T,1803.jp,2002-06-10,384.51,388.09,384.51,384.51,779011,https://stooq.com/q/d/l/?s=1803.jp&i=d,2026-03-26T08:35:00+00:00
1803,1803.T,1803.jp,2002-06-11,386.29,388.99,384.51,388.99,641144,https://stooq.com/q/d/l/?s=1803.jp&i=d,2026-03-26T08:35:00+00:00
1803,1803.T,1803.jp,2002-06-12,383.62,387.21,381.83,383.62,1054747,https://stooq.com/q/d/l/?s=1803.jp&i=d,2026-03-26T08:35:00+00:00
1803,1803.T,1803.jp,2002-06-13,379.18,382.73,373.81,380.95,2334791,https://stooq.com/q/d/l/?s=1803.jp&i=d,2026-03-26T08:35:00+00:00
1803,1803.T,1803.jp,2002-06-14,383.62,383.62,363.99,363.99,4862372,https://stooq.com/q/d/l/?s=1803.jp&i=d,2026-03-26T08:35:00+00:00
1803,1803.T,1803.jp,2002-06-17,361.31,364.89,358.65,359.54,1513187,https://stooq.com/q/d/l/?s=1803.jp&i=d,2026-03-26T08:35:00+00:00
1803,1803.T,1803.jp,2002-06-18,362.21,365.78,354.19,355.97,1392130,https://stooq.com/q/d/l/?s=1803.jp&i=d,2026-03-26T08:35:00+00:00
1803,1803.T,1803.jp,2002-06-19,360.43,366.66,341.69,343.47,1596132,https://stooq.com/q/d/l/?s=1803.jp&i=d,2026-03-26T08:35:00+00:00
1803,1803.T,1803.jp,2002-06-20,347.94,355.08,344.38,352.40,1412307,https://stooq.com/q/d/l/?s=1803.jp&i=d,2026-03-26T08:35:00+00:00
1803,1803.T,1803.jp,2002-06-21,347.94,357.75,344.38,347.94,1053626,https://stooq.com/q/d/l/?s=1803.jp&i=d,2026-03-26T08:35:00+00:00
1803,1803.T,1803.jp,2002-06-24,343.47,358.65,343.47,354.19,817121,https://stooq.com/q/d/l/?s=1803.jp&i=d,2026-03-26T08:35:00+00:00
1803,1803.T,1803.jp,2002-06-25,349.74,359.54,349.74,354.19,1208306,https://stooq.com/q/d/l/?s=1803.jp&i=d,2026-03-26T08:35:00+00:00
1803,1803.T,1803.jp,2002-06-26,344.38,345.27,331.00,331.00,3387296,https://stooq.com/q/d/l/?s=1803.jp&i=d,2026-03-26T08:35:00+00:00
1803,1803.T,1803.jp,2002-06-27,344.38,347.06,341.69,344.38,1304704,https://stooq.com/q/d/l/?s=1803.jp&i=d,2026-03-26T08:35:00+00:00
1803,1803.T,1803.jp,2002-06-28,355.97,355.97,347.94,352.40,1611824,https://stooq.com/q/d/l/?s=1803.jp&i=d,2026-03-26T08:35:00+00:00
1803,1803.T,1803.jp,2002-07-01,365.78,365.78,356.86,363.99,1955933,https://stooq.com/q/d/l/?s=1803.jp&i=d,2026-03-26T08:35:00+00:00
1803,1803.T,1803.jp,2002-07-02,359.54,371.14,355.97,368.47,1571472,https://stooq.com/q/d/l/?s=1803.jp&i=d,2026-03-26T08:35:00+00:00
1803,1803.T,1803.jp,2002-07-03,363.10,386.29,363.10,383.62,1868506,https://stooq.com/q/d/l/?s=1803.jp&i=d,2026-03-26T08:35:00+00:00
1803,1803.T,1803.jp,2002-07-04,374.70,379.18,368.47,377.38,1095097,https://stooq.com/q/d/l/?s=1803.jp&i=d,2026-03-26T08:35:00+00:00
1803,1803.T,1803.jp,2002-07-05,379.18,386.29,378.28,380.05,1026725,https://stooq.com/q/d/l/?s=1803.jp&i=d,2026-03-26T08:35:00+00:00
1803,1803.T,1803.jp,2002-07-08,391.67,394.33,386.29,386.29,3535254,https://stooq.com/q/d/l/?s=1803.jp&i=d,2026-03-26T08:35:00+00:00
1803,1803.T,1803.jp,2002-07-09,384.51,389.88,378.28,381.83,4220111,https://stooq.com/q/d/l/?s=1803.jp&i=d,2026-03-26T08:35:00+00:00
1803,1803.T,1803.jp,2002-07-10,380.95,381.83,367.57,368.47,3768393,https://stooq.com/q/d/l/?s=1803.jp&i=d,2026-03-26T08:35:00+00:00
1803,1803.T,1803.jp,2002-07-11,370.25,371.14,361.31,365.78,1757538,https://stooq.com/q/d/l/?s=1803.jp&i=d,2026-03-26T08:35:00+00:00
1803,1803.T,1803.jp,2002-07-12,370.25,376.48,366.66,373.81,1552418,https://stooq.com/q/d/l/?s=1803.jp&i=d,2026-03-26T08:35:00+00:00
1803,1803.T,1803.jp,2002-07-15,369.38,369.38,362.21,367.57,2277624,https://stooq.com/q/d/l/?s=1803.jp&i=d,2026-03-26T08:35:00+00:00
1803,1803.T,1803.jp,2002-07-16,358.65,372.04,358.65,363.99,1654417,https://stooq.com/q/d/l/?s=1803.jp&i=d,2026-03-26T08:35:00+00:00
1803,1803.T,1803.jp,2002-07-17,361.31,375.60,360.43,370.25,2018701,https://stooq.com/q/d/l/?s=1803.jp&i=d,2026-03-26T08:35:00+00:00
1803,1803.T,1803.jp,2002-07-18,370.25,370.25,363.99,363.99,1211668,https://stooq.com/q/d/l/?s=1803.jp&i=d,2026-03-26T08:35:00+00:00
1803,1803.T,1803.jp,2002-07-19,363.99,364.89,357.75,359.54,1477317,https://stooq.com/q/d/l/?s=1803.jp&i=d,2026-03-26T08:35:00+00:00
1803,1803.T,1803.jp,2002-07-22,350.61,365.78,350.61,361.31,987494,https://stooq.com/q/d/l/?s=1803.jp&i=d,2026-03-26T08:35:00+00:00
1803,1803.T,1803.jp,2002-07-23,357.75,372.04,357.75,368.47,1940241,https://stooq.com/q/d/l/?s=1803.jp&i=d,2026-03-26T08:35:00+00:00
1803,1803.T,1803.jp,2002-07-24,365.78,367.57,359.54,363.99,1079405,https://stooq.com/q/d/l/?s=1803.jp&i=d,2026-03-26T08:35:00+00:00
1803,1803.T,1803.jp,2002-07-25,370.25,372.92,360.43,360.43,1311429,https://stooq.com/q/d/l/?s=1803.jp&i=d,2026-03-26T08:35:00+00:00
1803,1803.T,1803.jp,2002-07-26,364.89,367.57,355.97,357.75,1914461,https://stooq.com/q/d/l/?s=1803.jp&i=d,2026-03-26T08:35:00+00:00
1803,1803.T,1803.jp,2002-07-29,357.75,368.47,354.19,354.19,1645452,https://stooq.com/q/d/l/?s=1803.jp&i=d,2026-03-26T08:35:00+00:00
1803,1803.T,1803.jp,2002-07-30,358.65,363.99,354.19,358.65,852988,https://stooq.com/q/d/l/?s=1803.jp&i=d,2026-03-26T08:35:00+00:00
1803,1803.T,1803.jp,2002-07-31,355.08,363.99,353.29,359.54,2218218,https://stooq.com/q/d/l/?s=1803.jp&i=d,2026-03-26T08:35:00+00:00
1803,1803.T,1803.jp,2002-08-01,357.75,358.65,352.40,355.97,1387649,https://stooq.com/q/d/l/?s=1803.jp&i=d,2026-03-26T08:35:00+00:00
1803,1803.T,1803.jp,2002-08-02,350.61,350.61,342.58,346.16,2658723,https://stooq.com/q/d/l/?s=1803.jp&i=d,2026-03-26T08:35:00+00:00
1803,1803.T,1803.jp,2002-08-05,344.38,354.19,344.38,348.83,567167,https://stooq.com/q/d/l/?s=1803.jp&i=d,2026-03-26T08:35:00+00:00
1803,1803.T,1803.jp,2002-08-06,342.58,343.47,332.78,335.46,854110,https://stooq.com/q/d/l/?s=1803.jp&i=d,2026-03-26T08:35:00+00:00
1803,1803.T,1803.jp,2002-08-07,339.91,342.58,336.36,339.02,1482923,https://stooq.com/q/d/l/?s=1803.jp&i=d,2026-03-26T08:35:00+00:00
1803,1803.T,1803.jp,2002-08-08,342.58,354.19,341.69,351.51,1488527,https://stooq.com/q/d/l/?s=1803.jp&i=d,2026-03-26T08:35:00+00:00
1803,1803.T,1803.jp,2002-08-09,351.51,355.97,347.94,348.83,1556901,https://stooq.com/q/d/l/?s=1803.jp&i=d,2026-03-26T08:35:00+00:00
1803,1803.T,1803.jp,2002-08-12,344.38,348.83,339.02,340.80,963956,https://stooq.com/q/d/l/?s=1803.jp&i=d,2026-03-26T08:35:00+00:00
1803,1803.T,1803.jp,2002-08-13,337.23,347.06,337.23,342.58,726327,https://stooq.com/q/d/l/?s=1803.jp&i=d,2026-03-26T08:35:00+00:00
1803,1803.T,1803.jp,2002-08-14,338.11,343.47,334.56,334.56,935934,https://stooq.com/q/d/l/?s=1803.jp&i=d,2026-03-26T08:35:00+00:00
1803,1803.T,1803.jp,2002-08-15,339.02,349.74,338.11,347.94,1161230,https://stooq.com/q/d/l/?s=1803.jp&i=d,2026-03-26T08:35:00+00:00
1803,1803.T,1803.jp,2002-08-16,352.40,352.40,339.02,339.91,1150020,https://stooq.com/q/d/l/?s=1803.jp&i=d,2026-03-26T08:35:00+00:00
1803,1803.T,1803.jp,2002-08-19,338.11,339.02,331.00,338.11,1032329,https://stooq.com/q/d/l/?s=1803.jp&i=d,2026-03-26T08:35:00+00:00
1803,1803.T,1803.jp,2002-08-20,342.58,342.58,330.10,330.10,978526,https://stooq.com/q/d/l/?s=1803.jp&i=d,2026-03-26T08:35:00+00:00
1803,1803.T,1803.jp,2002-08-21,330.10,337.23,324.76,328.29,1181407,https://stooq.com/q/d/l/?s=1803.jp&i=d,2026-03-26T08:35:00+00:00
1803,1803.T,1803.jp,2002-08-22,326.52,336.36,322.08,331.88,1254263,https://stooq.com/q/d/l/?s=1803.jp&i=d,2026-03-26T08:35:00+00:00
1803,1803.T,1803.jp,2002-08-23,331.88,337.23,329.20,329.20,1255383,https://stooq.com/q/d/l/?s=1803.jp&i=d,2026-03-26T08:35:00+00:00
1803,1803.T,1803.jp,2002-08-26,329.20,342.58,329.20,338.11,1051384,https://stooq.com/q/d/l/?s=1803.jp&i=d,2026-03-26T08:35:00+00:00
1803,1803.T,1803.jp,2002-08-27,338.11,338.11,330.10,330.10,748747,https://stooq.com/q/d/l/?s=1803.jp&i=d,2026-03-26T08:35:00+00:00
1803,1803.T,1803.jp,2002-08-28,334.56,334.56,328.29,329.20,706153,https://stooq.com/q/d/l/?s=1803.jp&i=d,2026-03-26T08:35:00+00:00
1803,1803.T,1803.jp,2002-08-29,322.96,328.29,322.96,325.63,961712,https://stooq.com/q/d/l/?s=1803.jp&i=d,2026-03-26T08:35:00+00:00
1803,1803.T,1803.jp,2002-08-30,332.78,332.78,321.18,323.85,879889,https://stooq.com/q/d/l/?s=1803.jp&i=d,2026-03-26T08:35:00+00:00
1803,1803.T,1803.jp,2002-09-02,323.85,326.52,319.40,324.76,970680,https://stooq.com/q/d/l/?s=1803.jp&i=d,2026-03-26T08:35:00+00:00
1803,1803.T,1803.jp,2002-09-03,320.27,321.18,311.38,311.38,1376439,https://stooq.com/q/d/l/?s=1803.jp&i=d,2026-03-26T08:35:00+00:00
1803,1803.T,1803.jp,2002-09-04,302.44,304.19,295.31,298.87,1799012,https://stooq.com/q/d/l/?s=1803.jp&i=d,2026-03-26T08:35:00+00:00
1803,1803.T,1803.jp,2002-09-05,298.87,309.57,297.10,306.90,1713824,https://stooq.com/q/d/l/?s=1803.jp&i=d,2026-03-26T08:35:00+00:00
1803,1803.T,1803.jp,2002-09-06,303.35,303.35,296.19,302.44,804792,https://stooq.com/q/d/l/?s=1803.jp&i=d,2026-03-26T08:35:00+00:00
1803,1803.T,1803.jp,2002-09-09,311.38,314.04,302.44,302.44,1704859,https://stooq.com/q/d/l/?s=1803.jp&i=d,2026-03-26T08:35:00+00:00
1803,1803.T,1803.jp,2002-09-10,305.11,312.26,300.67,304.19,2331426,https://stooq.com/q/d/l/?s=1803.jp&i=d,2026-03-26T08:35:00+00:00
1803,1803.T,1803.jp,2002-09-11,303.35,305.11,298.87,300.67,1192615,https://stooq.com/q/d/l/?s=1803.jp&i=d,2026-03-26T08:35:00+00:00
1803,1803.T,1803.jp,2002-09-12,297.99,302.44,292.63,299.77,1229605,https://stooq.com/q/d/l/?s=1803.jp&i=d,2026-03-26T08:35:00+00:00
1803,1803.T,1803.jp,2002-09-13,299.77,299.77,292.63,297.10,4570941,https://stooq.com/q/d/l/?s=1803.jp&i=d,2026-03-26T08:35:00+00:00
1803,1803.T,1803.jp,2002-09-17,297.99,309.57,297.99,306.90,968438,https://stooq.com/q/d/l/?s=1803.jp&i=d,2026-03-26T08:35:00+00:00
1803,1803.T,1803.jp,2002-09-18,298.87,303.35,297.99,303.35,727450,https://stooq.com/q/d/l/?s=1803.jp&i=d,2026-03-26T08:35:00+00:00
1803,1803.T,1803.jp,2002-09-19,330.10,339.02,325.63,326.52,5198639,https://stooq.com/q/d/l/?s=1803.jp&i=d,2026-03-26T08:35:00+00:00
1803,1803.T,1803.jp,2002-09-20,331.00,339.02,323.85,326.52,1190372,https://stooq.com/q/d/l/?s=1803.jp&i=d,2026-03-26T08:35:00+00:00
1803,1803.T,1803.jp,2002-09-24,327.42,327.42,313.16,323.85,1299097,https://stooq.com/q/d/l/?s=1803.jp&i=d,2026-03-26T08:35:00+00:00
1803,1803.T,1803.jp,2002-09-25,312.26,322.08,310.45,315.82,2945667,https://stooq.com/q/d/l/?s=1803.jp&i=d,2026-03-26T08:35:00+00:00
1803,1803.T,1803.jp,2002-09-26,320.27,324.76,317.60,324.76,2545518,https://stooq.com/q/d/l/?s=1803.jp&i=d,2026-03-26T08:35:00+00:00
1803,1803.T,1803.jp,2002-09-27,333.66,339.91,329.20,338.11,2879537,https://stooq.com/q/d/l/?s=1803.jp&i=d,2026-03-26T08:35:00+00:00
1803,1803.T,1803.jp,2002-09-30,333.66,338.11,326.52,336.36,1009912,https://stooq.com/q/d/l/?s=1803.jp&i=d,2026-03-26T08:35:00+00:00
1803,1803.T,1803.jp,2002-10-01,330.10,330.10,322.08,324.76,1296857,https://stooq.com/q/d/l/?s=1803.jp&i=d,2026-03-26T08:35:00+00:00
1803,1803.T,1803.jp,2002-10-02,325.63,330.10,312.26,314.04,1064834,https://stooq.com/q/d/l/?s=1803.jp&i=d,2026-03-26T08:35:00+00:00
1803,1803.T,1803.jp,2002-10-03,322.96,329.20,322.08,323.85,2302284,https://stooq.com/q/d/l/?s=1803.jp&i=d,2026-03-26T08:35:00+00:00
1803,1803.T,1803.jp,2002-10-04,323.85,336.36,316.73,336.36,3250548,https://stooq.com/q/d/l/?s=1803.jp&i=d,2026-03-26T08:35:00+00:00
1803,1803.T,1803.jp,2002-10-07,339.02,341.69,330.10,332.78,2275385,https://stooq.com/q/d/l/?s=1803.jp&i=d,2026-03-26T08:35:00+00:00
1803,1803.T,1803.jp,2002-10-08,333.66,339.02,333.66,337.23,1349537,https://stooq.com/q/d/l/?s=1803.jp&i=d,2026-03-26T08:35:00+00:00
1803,1803.T,1803.jp,2002-10-09,334.56,334.56,322.96,330.10,1118637,https://stooq.com/q/d/l/?s=1803.jp&i=d,2026-03-26T08:35:00+00:00
1803,1803.T,1803.jp,2002-10-10,325.63,329.20,313.16,329.20,1521033,https://stooq.com/q/d/l/?s=1803.jp&i=d,2026-03-26T08:35:00+00:00
1803,1803.T,1803.jp,2002-10-11,324.76,325.63,314.04,317.60,1862900,https://stooq.com/q/d/l/?s=1803.jp&i=d,2026-03-26T08:35:00+00:00
1803,1803.T,1803.jp,2002-10-15,322.08,326.52,317.60,324.76,1265472,https://stooq.com/q/d/l/?s=1803.jp&i=d,2026-03-26T08:35:00+00:00
1803,1803.T,1803.jp,2002-10-16,329.20,337.23,326.52,328.29,1500856,https://stooq.com/q/d/l/?s=1803.jp&i=d,2026-03-26T08:35:00+00:00
1803,1803.T,1803.jp,2002-10-17,328.29,339.02,325.63,339.02,845143,https://stooq.com/q/d/l/?s=1803.jp&i=d,2026-03-26T08:35:00+00:00
1803,1803.T,1803.jp,2002-10-18,340.80,342.58,333.66,334.56,1011032,https://stooq.com/q/d/l/?s=1803.jp&i=d,2026-03-26T08:35:00+00:00
1803,1803.T,1803.jp,2002-10-21,343.47,347.94,331.88,333.66,931449,https://stooq.com/q/d/l/?s=1803.jp&i=d,2026-03-26T08:35:00+00:00
1803,1803.T,1803.jp,2002-10-22,331.88,332.78,321.18,321.18,1320395,https://stooq.com/q/d/l/?s=1803.jp&i=d,2026-03-26T08:35:00+00:00
1803,1803.T,1803.jp,2002-10-23,321.18,321.18,310.45,316.73,1485164,https://stooq.com/q/d/l/?s=1803.jp&i=d,2026-03-26T08:35:00+00:00
1803,1803.T,1803.jp,2002-10-24,317.60,321.18,313.16,321.18,1082771,https://stooq.com/q/d/l/?s=1803.jp&i=d,2026-03-26T08:35:00+00:00
1803,1803.T,1803.jp,2002-10-25,312.26,322.96,312.26,322.08,1235208,https://stooq.com/q/d/l/?s=1803.jp&i=d,2026-03-26T08:35:00+00:00
1803,1803.T,1803.jp,2002-10-28,321.18,321.18,310.45,320.27,1012155,https://stooq.com/q/d/l/?s=1803.jp&i=d,2026-03-26T08:35:00+00:00
1803,1803.T,1803.jp,2002-10-29,315.82,325.63,315.82,325.63,978526,https://stooq.com/q/d/l/?s=1803.jp&i=d,2026-03-26T08:35:00+00:00
1803,1803.T,1803.jp,2002-10-30,319.40,336.36,319.40,333.66,1003186,https://stooq.com/q/d/l/?s=1803.jp&i=d,2026-03-26T08:35:00+00:00
1803,1803.T,1803.jp,2002-10-31,338.11,338.11,321.18,328.29,1181407,https://stooq.com/q/d/l/?s=1803.jp&i=d,2026-03-26T08:35:00+00:00
1803,1803.T,1803.jp,2002-11-01,323.85,327.42,321.18,322.96,617605,https://stooq.com/q/d/l/?s=1803.jp&i=d,2026-03-26T08:35:00+00:00
1803,1803.T,1803.jp,2002-11-05,327.42,330.10,323.85,326.52,1482923,https://stooq.com/q/d/l/?s=1803.jp&i=d,2026-03-26T08:35:00+00:00
1803,1803.T,1803.jp,2002-11-06,331.00,343.47,330.10,337.23,2181230,https://stooq.com/q/d/l/?s=1803.jp&i=d,2026-03-26T08:35:00+00:00
1803,1803.T,1803.jp,2002-11-07,337.23,339.02,327.42,331.88,1415669,https://stooq.com/q/d/l/?s=1803.jp&i=d,2026-03-26T08:35:00+00:00
1803,1803.T,1803.jp,2002-11-08,327.42,330.10,318.49,319.40,1184769,https://stooq.com/q/d/l/?s=1803.jp&i=d,2026-03-26T08:35:00+00:00
1803,1803.T,1803.jp,2002-11-11,310.45,316.73,308.69,313.16,740901,https://stooq.com/q/d/l/?s=1803.jp&i=d,2026-03-26T08:35:00+00:00
1803,1803.T,1803.jp,2002-11-12,308.69,319.40,308.69,317.60,674768,https://stooq.com/q/d/l/?s=1803.jp&i=d,2026-03-26T08:35:00+00:00
1803,1803.T,1803.jp,2002-11-13,314.92,315.82,305.11,306.00,956111,https://stooq.com/q/d/l/?s=1803.jp&i=d,2026-03-26T08:35:00+00:00
1803,1803.T,1803.jp,2002-11-14,298.87,307.78,289.94,295.31,1723912,https://stooq.com/q/d/l/?s=1803.jp&i=d,2026-03-26T08:35:00+00:00
1803,1803.T,1803.jp,2002-11-15,295.31,297.10,289.94,292.63,708396,https://stooq.com/q/d/l/?s=1803.jp&i=d,2026-03-26T08:35:00+00:00
1803,1803.T,1803.jp,2002-11-18,297.10,297.10,276.57,286.38,891098,https://stooq.com/q/d/l/?s=1803.jp&i=d,2026-03-26T08:35:00+00:00
1803,1803.T,1803.jp,2002-11-19,277.47,279.24,261.39,266.75,1645452,https://stooq.com/q/d/l/?s=1803.jp&i=d,2026-03-26T08:35:00+00:00
1803,1803.T,1803.jp,2002-11-20,249.80,266.75,248.90,257.83,4096813,https://stooq.com/q/d/l/?s=1803.jp&i=d,2026-03-26T08:35:00+00:00
1803,1803.T,1803.jp,2002-11-21,265.86,274.79,265.86,274.79,2886265,https://stooq.com/q/d/l/?s=1803.jp&i=d,2026-03-26T08:35:00+00:00
1803,1803.T,1803.jp,2002-11-22,277.47,283.71,268.53,281.03,1321515,https://stooq.com/q/d/l/?s=1803.jp&i=d,2026-03-26T08:35:00+00:00
1803,1803.T,1803.jp,2002-11-25,280.13,293.52,280.13,286.38,1305822,https://stooq.com/q/d/l/?s=1803.jp&i=d,2026-03-26T08:35:00+00:00
1803,1803.T,1803.jp,2002-11-26,287.27,288.16,268.53,273.89,1885316,https://stooq.com/q/d/l/?s=1803.jp&i=d,2026-03-26T08:35:00+00:00
1803,1803.T,1803.jp,2002-11-27,271.19,287.27,270.32,275.68,1329363,https://stooq.com/q/d/l/?s=1803.jp&i=d,2026-03-26T08:35:00+00:00
1803,1803.T,1803.jp,2002-11-28,278.35,289.94,278.35,286.38,2006374,https://stooq.com/q/d/l/?s=1803.jp&i=d,2026-03-26T08:35:00+00:00
1803,1803.T,1803.jp,2002-11-29,289.07,289.94,279.24,280.13,2511891,https://stooq.com/q/d/l/?s=1803.jp&i=d,2026-03-26T08:35:00+00:00
1803,1803.T,1803.jp,2002-12-02,279.24,285.48,274.79,278.35,1507582,https://stooq.com/q/d/l/?s=1803.jp&i=d,2026-03-26T08:35:00+00:00
1803,1803.T,1803.jp,2002-12-03,287.27,287.27,276.57,280.13,948263,https://stooq.com/q/d/l/?s=1803.jp&i=d,2026-03-26T08:35:00+00:00
1803,1803.T,1803.jp,2002-12-04,271.19,278.35,270.32,272.09,1519912,https://stooq.com/q/d/l/?s=1803.jp&i=d,2026-03-26T08:35:00+00:00
1803,1803.T,1803.jp,2002-12-05,273.89,273.89,266.75,267.64,1158990,https://stooq.com/q/d/l/?s=1803.jp&i=d,2026-03-26T08:35:00+00:00
1803,1803.T,1803.jp,2002-12-06,263.18,266.75,255.16,262.29,2256328,https://stooq.com/q/d/l/?s=1803.jp&i=d,2026-03-26T08:35:00+00:00
1803,1803.T,1803.jp,2002-12-09,266.75,266.75,259.63,259.63,1392130,https://stooq.com/q/d/l/?s=1803.jp&i=d,2026-03-26T08:35:00+00:00
1803,1803.T,1803.jp,2002-12-10,260.51,263.18,256.95,256.95,1289011,https://stooq.com/q/d/l/?s=1803.jp&i=d,2026-03-26T08:35:00+00:00
1803,1803.T,1803.jp,2002-12-11,261.39,262.29,256.95,256.95,940419,https://stooq.com/q/d/l/?s=1803.jp&i=d,2026-03-26T08:35:00+00:00
1803,1803.T,1803.jp,2002-12-12,255.16,260.51,254.25,257.83,849626,https://stooq.com/q/d/l/?s=1803.jp&i=d,2026-03-26T08:35:00+00:00
1803,1803.T,1803.jp,2002-12-13,259.63,259.63,253.37,256.95,3980242,https://stooq.com/q/d/l/?s=1803.jp&i=d,2026-03-26T08:35:00+00:00
1803,1803.T,1803.jp,2002-12-16,252.48,256.95,250.70,251.57,866440,https://stooq.com/q/d/l/?s=1803.jp&i=d,2026-03-26T08:35:00+00:00
1803,1803.T,1803.jp,2002-12-17,252.48,253.37,244.46,245.34,1541208,https://stooq.com/q/d/l/?s=1803.jp&i=d,2026-03-26T08:35:00+00:00
1803,1803.T,1803.jp,2002-12-18,244.46,244.46,238.19,243.54,1429121,https://stooq.com/q/d/l/?s=1803.jp&i=d,2026-03-26T08:35:00+00:00
1803,1803.T,1803.jp,2002-12-19,239.10,248.01,238.19,247.13,1493010,https://stooq.com/q/d/l/?s=1803.jp&i=d,2026-03-26T08:35:00+00:00
1803,1803.T,1803.jp,2002-12-20,247.13,260.51,246.22,259.63,3323406,https://stooq.com/q/d/l/?s=1803.jp&i=d,2026-03-26T08:35:00+00:00
1803,1803.T,1803.jp,2002-12-24,255.16,257.83,250.70,256.95,1431361,https://stooq.com/q/d/l/?s=1803.jp&i=d,2026-03-26T08:35:00+00:00
1803,1803.T,1803.jp,2002-12-25,256.95,259.63,254.25,257.83,1128724,https://stooq.com/q/d/l/?s=1803.jp&i=d,2026-03-26T08:35:00+00:00
1803,1803.T,1803.jp,2002-12-26,258.73,264.08,255.16,260.51,995341,https://stooq.com/q/d/l/?s=1803.jp&i=d,2026-03-26T08:35:00+00:00
1803,1803.T,1803.jp,2002-12-27,258.73,266.75,256.95,266.75,884373,https://stooq.com/q/d/l/?s=1803.jp&i=d,2026-03-26T08:35:00+00:00
1803,1803.T,1803.jp,2002-12-30,258.73,267.64,258.73,264.98,483098,https://stooq.com/q/d/l/?s=1803.jp&i=d,2026-03-26T08:35:00+00:00
1803,1803.T,1803.jp,2003-01-06,266.75,272.09,266.75,267.64,365405,https://stooq.com/q/d/l/?s=1803.jp&i=d,2026-03-26T08:35:00+00:00
1803,1803.T,1803.jp,2003-01-07,272.09,273.00,262.29,263.18,782373,https://stooq.com/q/d/l/?s=1803.jp&i=d,2026-03-26T08:35:00+00:00
1803,1803.T,1803.jp,2003-01-08,254.25,262.29,252.48,256.95,787978,https://stooq.com/q/d/l/?s=1803.jp&i=d,2026-03-26T08:35:00+00:00
1803,1803.T,1803.jp,2003-01-09,254.25,256.95,252.48,255.16,910153,https://stooq.com/q/d/l/?s=1803.jp&i=d,2026-03-26T08:35:00+00:00
1803,1803.T,1803.jp,2003-01-10,256.03,257.83,248.90,256.95,1016636,https://stooq.com/q/d/l/?s=1803.jp&i=d,2026-03-26T08:35:00+00:00
1803,1803.T,1803.jp,2003-01-14,252.48,256.95,249.80,252.48,799187,https://stooq.com/q/d/l/?s=1803.jp&i=d,2026-03-26T08:35:00+00:00
1803,1803.T,1803.jp,2003-01-15,255.16,263.18,249.80,263.18,1239691,https://stooq.com/q/d/l/?s=1803.jp&i=d,2026-03-26T08:35:00+00:00
1803,1803.T,1803.jp,2003-01-16,267.64,283.71,267.64,281.03,4825384,https://stooq.com/q/d/l/?s=1803.jp&i=d,2026-03-26T08:35:00+00:00
1803,1803.T,1803.jp,2003-01-17,285.48,294.40,285.48,290.83,3130616,https://stooq.com/q/d/l/?s=1803.jp&i=d,2026-03-26T08:35:00+00:00
1803,1803.T,1803.jp,2003-01-20,285.48,289.94,274.79,278.35,1606221,https://stooq.com/q/d/l/?s=1803.jp&i=d,2026-03-26T08:35:00+00:00
1803,1803.T,1803.jp,2003-01-21,279.24,285.48,273.89,281.90,2186835,https://stooq.com/q/d/l/?s=1803.jp&i=d,2026-03-26T08:35:00+00:00
1803,1803.T,1803.jp,2003-01-22,281.90,288.16,278.35,285.48,1663384,https://stooq.com/q/d/l/?s=1803.jp&i=d,2026-03-26T08:35:00+00:00
1803,1803.T,1803.jp,2003-01-23,286.38,289.07,273.89,289.07,1759780,https://stooq.com/q/d/l/?s=1803.jp&i=d,2026-03-26T08:35:00+00:00
1803,1803.T,1803.jp,2003-01-24,289.07,291.73,283.71,287.27,1457143,https://stooq.com/q/d/l/?s=1803.jp&i=d,2026-03-26T08:35:00+00:00
1803,1803.T,1803.jp,2003-01-27,284.58,288.16,271.19,273.00,1862900,https://stooq.com/q/d/l/?s=1803.jp&i=d,2026-03-26T08:35:00+00:00
1803,1803.T,1803.jp,2003-01-28,269.43,273.00,267.64,269.43,774529,https://stooq.com/q/d/l/?s=1803.jp&i=d,2026-03-26T08:35:00+00:00
1803,1803.T,1803.jp,2003-01-29,264.98,266.75,256.03,256.03,1479561,https://stooq.com/q/d/l/?s=1803.jp&i=d,2026-03-26T08:35:00+00:00
1803,1803.T,1803.jp,2003-01-30,256.95,264.98,256.95,263.18,1725033,https://stooq.com/q/d/l/?s=1803.jp&i=d,2026-03-26T08:35:00+00:00
1803,1803.T,1803.jp,2003-01-31,258.73,264.08,256.95,261.39,1123120,https://stooq.com/q/d/l/?s=1803.jp&i=d,2026-03-26T08:35:00+00:00
1803,1803.T,1803.jp,2003-02-03,256.95,264.98,256.95,262.29,1283405,https://stooq.com/q/d/l/?s=1803.jp&i=d,2026-03-26T08:35:00+00:00
1803,1803.T,1803.jp,2003-02-04,264.08,271.19,263.18,268.53,1386528,https://stooq.com/q/d/l/?s=1803.jp&i=d,2026-03-26T08:35:00+00:00
1803,1803.T,1803.jp,2003-02-05,269.43,277.47,268.53,272.09,1674593,https://stooq.com/q/d/l/?s=1803.jp&i=d,2026-03-26T08:35:00+00:00
1803,1803.T,1803.jp,2003-02-06,275.68,278.35,270.32,272.09,1777715,https://stooq.com/q/d/l/?s=1803.jp&i=d,2026-03-26T08:35:00+00:00
1803,1803.T,1803.jp,2003-02-07,273.00,275.68,270.32,273.89,1185891,https://stooq.com/q/d/l/?s=1803.jp&i=d,2026-03-26T08:35:00+00:00
1803,1803.T,1803.jp,2003-02-10,272.09,274.79,271.19,274.79,551472,https://stooq.com/q/d/l/?s=1803.jp&i=d,2026-03-26T08:35:00+00:00
1803,1803.T,1803.jp,2003-02-12,278.35,282.82,275.68,282.82,1226242,https://stooq.com/q/d/l/?s=1803.jp&i=d,2026-03-26T08:35:00+00:00
1803,1803.T,1803.jp,2003-02-13,278.35,285.48,274.79,275.68,1422394,https://stooq.com/q/d/l/?s=1803.jp&i=d,2026-03-26T08:35:00+00:00
1803,1803.T,1803.jp,2003-02-14,279.24,287.27,275.68,283.71,3676483,https://stooq.com/q/d/l/?s=1803.jp&i=d,2026-03-26T08:35:00+00:00
1803,1803.T,1803.jp,2003-02-17,281.90,286.38,277.47,282.82,1776594,https://stooq.com/q/d/l/?s=1803.jp&i=d,2026-03-26T08:35:00+00:00
1803,1803.T,1803.jp,2003-02-18,284.58,286.38,278.35,279.24,1588285,https://stooq.com/q/d/l/?s=1803.jp&i=d,2026-03-26T08:35:00+00:00
1803,1803.T,1803.jp,2003-02-19,283.71,285.48,275.68,278.35,926967,https://stooq.com/q/d/l/?s=1803.jp&i=d,2026-03-26T08:35:00+00:00
1803,1803.T,1803.jp,2003-02-20,275.68,280.13,270.32,280.13,1179166,https://stooq.com/q/d/l/?s=1803.jp&i=d,2026-03-26T08:35:00+00:00
1803,1803.T,1803.jp,2003-02-21,280.13,281.03,273.00,275.68,612000,https://stooq.com/q/d/l/?s=1803.jp&i=d,2026-03-26T08:35:00+00:00
1803,1803.T,1803.jp,2003-02-24,275.68,278.35,273.00,274.79,736417,https://stooq.com/q/d/l/?s=1803.jp&i=d,2026-03-26T08:35:00+00:00
1803,1803.T,1803.jp,2003-02-25,271.19,271.19,264.08,268.53,1987320,https://stooq.com/q/d/l/?s=1803.jp&i=d,2026-03-26T08:35:00+00:00
1803,1803.T,1803.jp,2003-02-26,269.43,269.43,257.83,258.73,1651054,https://stooq.com/q/d/l/?s=1803.jp&i=d,2026-03-26T08:35:00+00:00
1803,1803.T,1803.jp,2003-02-27,257.83,259.63,254.25,258.73,2161055,https://stooq.com/q/d/l/?s=1803.jp&i=d,2026-03-26T08:35:00+00:00
1803,1803.T,1803.jp,2003-02-28,262.29,262.29,256.95,259.63,1361870,https://stooq.com/q/d/l/?s=1803.jp&i=d,2026-03-26T08:35:00+00:00
1803,1803.T,1803.jp,2003-03-03,264.08,265.86,257.83,260.51,1820309,https://stooq.com/q/d/l/?s=1803.jp&i=d,2026-03-26T08:35:00+00:00
1803,1803.T,1803.jp,2003-03-04,259.63,259.63,248.90,251.57,3867033,https://stooq.com/q/d/l/?s=1803.jp&i=d,2026-03-26T08:35:00+00:00
1803,1803.T,1803.jp,2003-03-05,254.25,259.63,252.48,257.83,2170021,https://stooq.com/q/d/l/?s=1803.jp&i=d,2026-03-26T08:35:00+00:00
1803,1803.T,1803.jp,2003-03-06,260.51,262.29,256.03,256.03,988616,https://stooq.com/q/d/l/?s=1803.jp&i=d,2026-03-26T08:35:00+00:00
1803,1803.T,1803.jp,2003-03-07,254.25,254.25,243.54,243.54,1735121,https://stooq.com/q/d/l/?s=1803.jp&i=d,2026-03-26T08:35:00+00:00
1803,1803.T,1803.jp,2003-03-10,241.77,243.54,232.85,236.44,1031210,https://stooq.com/q/d/l/?s=1803.jp&i=d,2026-03-26T08:35:00+00:00
1803,1803.T,1803.jp,2003-03-11,231.94,236.44,229.28,233.73,2320221,https://stooq.com/q/d/l/?s=1803.jp&i=d,2026-03-26T08:35:00+00:00
1803,1803.T,1803.jp,2003-03-12,233.73,236.44,230.16,234.63,1200461,https://stooq.com/q/d/l/?s=1803.jp&i=d,2026-03-26T08:35:00+00:00
1803,1803.T,1803.jp,2003-03-13,234.63,239.10,233.73,237.32,812637,https://stooq.com/q/d/l/?s=1803.jp&i=d,2026-03-26T08:35:00+00:00
1803,1803.T,1803.jp,2003-03-14,232.85,236.44,229.28,230.16,4516020,https://stooq.com/q/d/l/?s=1803.jp&i=d,2026-03-26T08:35:00+00:00
1803,1803.T,1803.jp,2003-03-17,230.16,230.16,218.58,220.36,2045605,https://stooq.com/q/d/l/?s=1803.jp&i=d,2026-03-26T08:35:00+00:00
1803,1803.T,1803.jp,2003-03-18,223.04,225.71,218.58,218.58,2362814,https://stooq.com/q/d/l/?s=1803.jp&i=d,2026-03-26T08:35:00+00:00
1803,1803.T,1803.jp,2003-03-19,219.46,223.04,217.68,223.04,1178043,https://stooq.com/q/d/l/?s=1803.jp&i=d,2026-03-26T08:35:00+00:00
1803,1803.T,1803.jp,2003-03-20,228.37,239.99,227.49,235.53,3541979,https://stooq.com/q/d/l/?s=1803.jp&i=d,2026-03-26T08:35:00+00:00
1803,1803.T,1803.jp,2003-03-24,244.46,251.57,241.77,244.46,1260989,https://stooq.com/q/d/l/?s=1803.jp&i=d,2026-03-26T08:35:00+00:00
1803,1803.T,1803.jp,2003-03-25,244.46,246.22,242.66,246.22,1595012,https://stooq.com/q/d/l/?s=1803.jp&i=d,2026-03-26T08:35:00+00:00
1803,1803.T,1803.jp,2003-03-26,247.13,248.01,239.99,245.34,1556901,https://stooq.com/q/d/l/?s=1803.jp&i=d,2026-03-26T08:35:00+00:00
1803,1803.T,1803.jp,2003-03-27,246.22,249.80,242.66,249.80,1637602,https://stooq.com/q/d/l/?s=1803.jp&i=d,2026-03-26T08:35:00+00:00
1803,1803.T,1803.jp,2003-03-28,249.80,250.70,243.54,247.13,1920066,https://stooq.com/q/d/l/?s=1803.jp&i=d,2026-03-26T08:35:00+00:00
1803,1803.T,1803.jp,2003-03-31,242.66,245.34,232.85,238.19,1777715,https://stooq.com/q/d/l/?s=1803.jp&i=d,2026-03-26T08:35:00+00:00
1803,1803.T,1803.jp,2003-04-01,231.06,239.99,231.06,239.10,962834,https://stooq.com/q/d/l/?s=1803.jp&i=d,2026-03-26T08:35:00+00:00
1803,1803.T,1803.jp,2003-04-02,241.77,242.66,234.63,242.66,698307,https://stooq.com/q/d/l/?s=1803.jp&i=d,2026-03-26T08:35:00+00:00
1803,1803.T,1803.jp,2003-04-03,247.13,247.13,235.53,235.53,1207186,https://stooq.com/q/d/l/?s=1803.jp&i=d,2026-03-26T08:35:00+00:00
1803,1803.T,1803.jp,2003-04-04,239.10,245.34,234.63,245.34,1142175,https://stooq.com/q/d/l/?s=1803.jp&i=d,2026-03-26T08:35:00+00:00
1803,1803.T,1803.jp,2003-04-07,244.46,248.01,239.99,247.13,1600615,https://stooq.com/q/d/l/?s=1803.jp&i=d,2026-03-26T08:35:00+00:00
1803,1803.T,1803.jp,2003-04-08,247.13,253.37,246.22,252.48,2307889,https://stooq.com/q/d/l/?s=1803.jp&i=d,2026-03-26T08:35:00+00:00
1803,1803.T,1803.jp,2003-04-09,253.37,264.08,245.34,261.39,4874702,https://stooq.com/q/d/l/?s=1803.jp&i=d,2026-03-26T08:35:00+00:00
1803,1803.T,1803.jp,2003-04-10,261.39,263.18,256.03,259.63,4148374,https://stooq.com/q/d/l/?s=1803.jp&i=d,2026-03-26T08:35:00+00:00
1803,1803.T,1803.jp,2003-04-11,255.16,263.18,249.80,259.63,4707691,https://stooq.com/q/d/l/?s=1803.jp&i=d,2026-03-26T08:35:00+00:00
1803,1803.T,1803.jp,2003-04-14,260.51,269.43,257.83,261.39,6434967,https://stooq.com/q/d/l/?s=1803.jp&i=d,2026-03-26T08:35:00+00:00
1803,1803.T,1803.jp,2003-04-15,264.98,273.00,260.51,273.00,2731584,https://stooq.com/q/d/l/?s=1803.jp&i=d,2026-03-26T08:35:00+00:00
1803,1803.T,1803.jp,2003-04-16,274.79,278.35,270.32,276.57,3150790,https://stooq.com/q/d/l/?s=1803.jp&i=d,2026-03-26T08:35:00+00:00
1803,1803.T,1803.jp,2003-04-17,272.09,274.79,271.19,273.00,1899893,https://stooq.com/q/d/l/?s=1803.jp&i=d,2026-03-26T08:35:00+00:00
1803,1803.T,1803.jp,2003-04-18,277.47,282.82,275.68,280.13,2371779,https://stooq.com/q/d/l/?s=1803.jp&i=d,2026-03-26T08:35:00+00:00
1803,1803.T,1803.jp,2003-04-21,280.13,282.82,276.57,276.57,1963781,https://stooq.com/q/d/l/?s=1803.jp&i=d,2026-03-26T08:35:00+00:00
1803,1803.T,1803.jp,2003-04-22,274.79,277.47,270.32,272.09,1746330,https://stooq.com/q/d/l/?s=1803.jp&i=d,2026-03-26T08:35:00+00:00
1803,1803.T,1803.jp,2003-04-23,273.89,284.58,272.09,281.90,2118462,https://stooq.com/q/d/l/?s=1803.jp&i=d,2026-03-26T08:35:00+00:00
1803,1803.T,1803.jp,2003-04-24,277.47,282.82,276.57,277.47,2389714,https://stooq.com/q/d/l/?s=1803.jp&i=d,2026-03-26T08:35:00+00:00
1803,1803.T,1803.jp,2003-04-25,271.19,281.03,264.98,275.68,3742617,https://stooq.com/q/d/l/?s=1803.jp&i=d,2026-03-26T08:35:00+00:00
1803,1803.T,1803.jp,2003-04-28,274.79,274.79,268.53,268.53,1117515,https://stooq.com/q/d/l/?s=1803.jp&i=d,2026-03-26T08:35:00+00:00
1803,1803.T,1803.jp,2003-04-30,268.53,281.03,268.53,278.35,1575957,https://stooq.com/q/d/l/?s=1803.jp&i=d,2026-03-26T08:35:00+00:00
1803,1803.T,1803.jp,2003-05-01,275.68,282.82,272.09,282.82,2079232,https://stooq.com/q/d/l/?s=1803.jp&i=d,2026-03-26T08:35:00+00:00
1803,1803.T,1803.jp,2003-05-02,281.90,281.90,275.68,280.13,1740724,https://stooq.com/q/d/l/?s=1803.jp&i=d,2026-03-26T08:35:00+00:00
1803,1803.T,1803.jp,2003-05-06,281.03,282.82,279.24,280.13,1782200,https://stooq.com/q/d/l/?s=1803.jp&i=d,2026-03-26T08:35:00+00:00
1803,1803.T,1803.jp,2003-05-07,278.35,282.82,277.47,281.03,1403339,https://stooq.com/q/d/l/?s=1803.jp&i=d,2026-03-26T08:35:00+00:00
1803,1803.T,1803.jp,2003-05-08,281.90,285.48,279.24,283.71,1510945,https://stooq.com/q/d/l/?s=1803.jp&i=d,2026-03-26T08:35:00+00:00
1803,1803.T,1803.jp,2003-05-09,288.16,290.83,285.48,287.27,2786505,https://stooq.com/q/d/l/?s=1803.jp&i=d,2026-03-26T08:35:00+00:00
1803,1803.T,1803.jp,2003-05-12,287.27,289.07,284.58,287.27,983009,https://stooq.com/q/d/l/?s=1803.jp&i=d,2026-03-26T08:35:00+00:00
1803,1803.T,1803.jp,2003-05-13,286.38,290.83,285.48,285.48,1907735,https://stooq.com/q/d/l/?s=1803.jp&i=d,2026-03-26T08:35:00+00:00
1803,1803.T,1803.jp,2003-05-14,285.48,289.07,285.48,289.07,954987,https://stooq.com/q/d/l/?s=1803.jp&i=d,2026-03-26T08:35:00+00:00
1803,1803.T,1803.jp,2003-05-15,284.58,284.58,273.89,277.47,1609582,https://stooq.com/q/d/l/?s=1803.jp&i=d,2026-03-26T08:35:00+00:00
1803,1803.T,1803.jp,2003-05-16,268.53,281.03,266.75,272.09,2836945,https://stooq.com/q/d/l/?s=1803.jp&i=d,2026-03-26T08:35:00+00:00
1803,1803.T,1803.jp,2003-05-19,263.18,264.08,257.83,259.63,3717956,https://stooq.com/q/d/l/?s=1803.jp&i=d,2026-03-26T08:35:00+00:00
1803,1803.T,1803.jp,2003-05-20,255.16,262.29,255.16,258.73,3622681,https://stooq.com/q/d/l/?s=1803.jp&i=d,2026-03-26T08:35:00+00:00
1803,1803.T,1803.jp,2003-05-21,258.73,259.63,253.37,256.03,2458086,https://stooq.com/q/d/l/?s=1803.jp&i=d,2026-03-26T08:35:00+00:00
1803,1803.T,1803.jp,2003-05-22,257.83,267.64,257.83,264.98,2785383,https://stooq.com/q/d/l/?s=1803.jp&i=d,2026-03-26T08:35:00+00:00
1803,1803.T,1803.jp,2003-05-23,268.53,273.89,264.08,272.09,2468176,https://stooq.com/q/d/l/?s=1803.jp&i=d,2026-03-26T08:35:00+00:00
1803,1803.T,1803.jp,2003-05-26,273.89,273.89,271.19,271.19,783495,https://stooq.com/q/d/l/?s=1803.jp&i=d,2026-03-26T08:35:00+00:00
1803,1803.T,1803.jp,2003-05-27,268.53,268.53,262.29,263.18,1223999,https://stooq.com/q/d/l/?s=1803.jp&i=d,2026-03-26T08:35:00+00:00
1803,1803.T,1803.jp,2003-05-28,264.98,272.09,264.98,268.53,1527760,https://stooq.com/q/d/l/?s=1803.jp&i=d,2026-03-26T08:35:00+00:00
1803,1803.T,1803.jp,2003-05-29,272.09,273.00,267.64,268.53,757712,https://stooq.com/q/d/l/?s=1803.jp&i=d,2026-03-26T08:35:00+00:00
1803,1803.T,1803.jp,2003-05-30,268.53,271.19,261.39,261.39,851866,https://stooq.com/q/d/l/?s=1803.jp&i=d,2026-03-26T08:35:00+00:00
1803,1803.T,1803.jp,2003-06-02,266.75,272.09,264.98,264.98,1097341,https://stooq.com/q/d/l/?s=1803.jp&i=d,2026-03-26T08:35:00+00:00
1803,1803.T,1803.jp,2003-06-03,263.18,264.08,261.39,261.39,1478441,https://stooq.com/q/d/l/?s=1803.jp&i=d,2026-03-26T08:35:00+00:00
1803,1803.T,1803.jp,2003-06-04,259.63,263.18,259.63,260.51,2360571,https://stooq.com/q/d/l/?s=1803.jp&i=d,2026-03-26T08:35:00+00:00
1803,1803.T,1803.jp,2003-06-05,261.39,265.86,261.39,263.18,1631998,https://stooq.com/q/d/l/?s=1803.jp&i=d,2026-03-26T08:35:00+00:00
1803,1803.T,1803.jp,2003-06-06,264.98,271.19,263.18,270.32,1970508,https://stooq.com/q/d/l/?s=1803.jp&i=d,2026-03-26T08:35:00+00:00
1803,1803.T,1803.jp,2003-06-09,270.32,270.32,263.18,264.08,3556550,https://stooq.com/q/d/l/?s=1803.jp&i=d,2026-03-26T08:35:00+00:00
1803,1803.T,1803.jp,2003-06-10,263.18,269.43,260.51,268.53,2528702,https://stooq.com/q/d/l/?s=1803.jp&i=d,2026-03-26T08:35:00+00:00
1803,1803.T,1803.jp,2003-06-11,268.53,273.00,263.18,272.09,2619494,https://stooq.com/q/d/l/?s=1803.jp&i=d,2026-03-26T08:35:00+00:00
1803,1803.T,1803.jp,2003-06-12,281.03,290.83,277.47,284.58,6834000,https://stooq.com/q/d/l/?s=1803.jp&i=d,2026-03-26T08:35:00+00:00
1803,1803.T,1803.jp,2003-06-13,284.58,287.27,281.90,284.58,5662682,https://stooq.com/q/d/l/?s=1803.jp&i=d,2026-03-26T08:35:00+00:00
1803,1803.T,1803.jp,2003-06-16,287.27,294.40,286.38,288.16,3232615,https://stooq.com/q/d/l/?s=1803.jp&i=d,2026-03-26T08:35:00+00:00
1803,1803.T,1803.jp,2003-06-17,292.63,296.19,284.58,285.48,3133977,https://stooq.com/q/d/l/?s=1803.jp&i=d,2026-03-26T08:35:00+00:00
1803,1803.T,1803.jp,2003-06-18,287.27,287.27,282.82,285.48,1797889,https://stooq.com/q/d/l/?s=1803.jp&i=d,2026-03-26T08:35:00+00:00
1803,1803.T,1803.jp,2003-06-19,282.82,284.58,281.90,284.58,1692524,https://stooq.com/q/d/l/?s=1803.jp&i=d,2026-03-26T08:35:00+00:00
1803,1803.T,1803.jp,2003-06-20,284.58,294.40,282.82,292.63,1764262,https://stooq.com/q/d/l/?s=1803.jp&i=d,2026-03-26T08:35:00+00:00
1803,1803.T,1803.jp,2003-06-23,293.52,302.44,292.63,301.55,1921185,https://stooq.com/q/d/l/?s=1803.jp&i=d,2026-03-26T08:35:00+00:00
1803,1803.T,1803.jp,2003-06-24,300.67,300.67,289.07,289.07,937055,https://stooq.com/q/d/l/?s=1803.jp&i=d,2026-03-26T08:35:00+00:00
1803,1803.T,1803.jp,2003-06-25,289.94,296.19,288.16,293.52,1058109,https://stooq.com/q/d/l/?s=1803.jp&i=d,2026-03-26T08:35:00+00:00
1803,1803.T,1803.jp,2003-06-26,295.31,296.19,288.16,292.63,1064834,https://stooq.com/q/d/l/?s=1803.jp&i=d,2026-03-26T08:35:00+00:00
1803,1803.T,1803.jp,2003-06-27,294.40,295.31,288.16,289.94,1275559,https://stooq.com/q/d/l/?s=1803.jp&i=d,2026-03-26T08:35:00+00:00
1803,1803.T,1803.jp,2003-06-30,290.83,297.99,290.83,297.10,2061298,https://stooq.com/q/d/l/?s=1803.jp&i=d,2026-03-26T08:35:00+00:00
1803,1803.T,1803.jp,2003-07-01,301.55,308.69,296.19,306.00,4053098,https://stooq.com/q/d/l/?s=1803.jp&i=d,2026-03-26T08:35:00+00:00
1803,1803.T,1803.jp,2003-07-02,312.26,325.63,309.57,321.18,4162946,https://stooq.com/q/d/l/?s=1803.jp&i=d,2026-03-26T08:35:00+00:00
1803,1803.T,1803.jp,2003-07-03,330.10,332.78,317.60,323.85,3506108,https://stooq.com/q/d/l/?s=1803.jp&i=d,2026-03-26T08:35:00+00:00
1803,1803.T,1803.jp,2003-07-04,319.40,321.18,309.57,312.26,1725033,https://stooq.com/q/d/l/?s=1803.jp&i=d,2026-03-26T08:35:00+00:00
1803,1803.T,1803.jp,2003-07-07,313.16,323.85,313.16,323.85,1404463,https://stooq.com/q/d/l/?s=1803.jp&i=d,2026-03-26T08:35:00+00:00
1803,1803.T,1803.jp,2003-07-08,326.52,327.42,316.73,319.40,1822549,https://stooq.com/q/d/l/?s=1803.jp&i=d,2026-03-26T08:35:00+00:00
1803,1803.T,1803.jp,2003-07-09,316.73,319.40,306.00,316.73,1676834,https://stooq.com/q/d/l/?s=1803.jp&i=d,2026-03-26T08:35:00+00:00
1803,1803.T,1803.jp,2003-07-10,317.60,328.29,316.73,326.52,2040001,https://stooq.com/q/d/l/?s=1803.jp&i=d,2026-03-26T08:35:00+00:00
1803,1803.T,1803.jp,2003-07-11,322.08,326.52,317.60,320.27,2378505,https://stooq.com/q/d/l/?s=1803.jp&i=d,2026-03-26T08:35:00+00:00
1803,1803.T,1803.jp,2003-07-14,315.82,321.18,313.16,316.73,1589405,https://stooq.com/q/d/l/?s=1803.jp&i=d,2026-03-26T08:35:00+00:00
1803,1803.T,1803.jp,2003-07-15,310.45,315.82,306.00,306.00,1320395,https://stooq.com/q/d/l/?s=1803.jp&i=d,2026-03-26T08:35:00+00:00
1803,1803.T,1803.jp,2003-07-16,294.40,298.87,283.71,289.94,3994814,https://stooq.com/q/d/l/?s=1803.jp&i=d,2026-03-26T08:35:00+00:00
1803,1803.T,1803.jp,2003-07-17,289.94,289.94,274.79,280.13,3261757,https://stooq.com/q/d/l/?s=1803.jp&i=d,2026-03-26T08:35:00+00:00
1803,1803.T,1803.jp,2003-07-18,273.89,285.48,273.89,283.71,2084833,https://stooq.com/q/d/l/?s=1803.jp&i=d,2026-03-26T08:35:00+00:00
1803,1803.T,1803.jp,2003-07-22,279.24,282.82,275.68,275.68,2204767,https://stooq.com/q/d/l/?s=1803.jp&i=d,2026-03-26T08:35:00+00:00
1803,1803.T,1803.jp,2003-07-23,277.47,284.58,277.47,284.58,1927912,https://stooq.com/q/d/l/?s=1803.jp&i=d,2026-03-26T08:35:00+00:00
1803,1803.T,1803.jp,2003-07-24,286.38,292.63,285.48,289.94,2316857,https://stooq.com/q/d/l/?s=1803.jp&i=d,2026-03-26T08:35:00+00:00
1803,1803.T,1803.jp,2003-07-25,286.38,298.87,285.48,297.99,3420923,https://stooq.com/q/d/l/?s=1803.jp&i=d,2026-03-26T08:35:00+00:00
1803,1803.T,1803.jp,2003-07-28,304.19,307.78,295.31,304.19,2810044,https://stooq.com/q/d/l/?s=1803.jp&i=d,2026-03-26T08:35:00+00:00
1803,1803.T,1803.jp,2003-07-29,322.08,330.10,316.73,321.18,5139229,https://stooq.com/q/d/l/?s=1803.jp&i=d,2026-03-26T08:35:00+00:00
1803,1803.T,1803.jp,2003-07-30,321.18,323.85,314.04,321.18,1957054,https://stooq.com/q/d/l/?s=1803.jp&i=d,2026-03-26T08:35:00+00:00
1803,1803.T,1803.jp,2003-07-31,324.76,334.56,320.27,321.18,3738131,https://stooq.com/q/d/l/?s=1803.jp&i=d,2026-03-26T08:35:00+00:00
1803,1803.T,1803.jp,2003-08-01,326.52,340.80,324.76,336.36,5539386,https://stooq.com/q/d/l/?s=1803.jp&i=d,2026-03-26T08:35:00+00:00
1803,1803.T,1803.jp,2003-08-04,339.91,339.91,333.66,334.56,2382988,https://stooq.com/q/d/l/?s=1803.jp&i=d,2026-03-26T08:35:00+00:00
1803,1803.T,1803.jp,2003-08-05,333.66,334.56,321.18,325.63,1410067,https://stooq.com/q/d/l/?s=1803.jp&i=d,2026-03-26T08:35:00+00:00
1803,1803.T,1803.jp,2003-08-06,320.27,331.88,320.27,326.52,1430241,https://stooq.com/q/d/l/?s=1803.jp&i=d,2026-03-26T08:35:00+00:00
1803,1803.T,1803.jp,2003-08-07,330.10,333.66,328.29,333.66,1952572,https://stooq.com/q/d/l/?s=1803.jp&i=d,2026-03-26T08:35:00+00:00
1803,1803.T,1803.jp,2003-08-08,335.46,337.23,333.66,335.46,2113979,https://stooq.com/q/d/l/?s=1803.jp&i=d,2026-03-26T08:35:00+00:00
1803,1803.T,1803.jp,2003-08-11,335.46,345.27,332.78,341.69,1519912,https://stooq.com/q/d/l/?s=1803.jp&i=d,2026-03-26T08:35:00+00:00
1803,1803.T,1803.jp,2003-08-12,340.80,341.69,337.23,339.91,1653296,https://stooq.com/q/d/l/?s=1803.jp&i=d,2026-03-26T08:35:00+00:00
1803,1803.T,1803.jp,2003-08-13,339.91,343.47,338.11,339.02,1555780,https://stooq.com/q/d/l/?s=1803.jp&i=d,2026-03-26T08:35:00+00:00
1803,1803.T,1803.jp,2003-08-14,339.02,344.38,337.23,344.38,2089316,https://stooq.com/q/d/l/?s=1803.jp&i=d,2026-03-26T08:35:00+00:00
1803,1803.T,1803.jp,2003-08-15,345.27,347.06,339.02,342.58,2040001,https://stooq.com/q/d/l/?s=1803.jp&i=d,2026-03-26T08:35:00+00:00
1803,1803.T,1803.jp,2003-08-18,343.47,354.19,342.58,351.51,2365053,https://stooq.com/q/d/l/?s=1803.jp&i=d,2026-03-26T08:35:00+00:00
1803,1803.T,1803.jp,2003-08-19,356.86,359.54,353.29,356.86,2324704,https://stooq.com/q/d/l/?s=1803.jp&i=d,2026-03-26T08:35:00+00:00
1803,1803.T,1803.jp,2003-08-20,357.75,370.25,355.97,366.66,2762966,https://stooq.com/q/d/l/?s=1803.jp&i=d,2026-03-26T08:35:00+00:00
1803,1803.T,1803.jp,2003-08-21,364.89,366.66,359.54,364.89,1406704,https://stooq.com/q/d/l/?s=1803.jp&i=d,2026-03-26T08:35:00+00:00
1803,1803.T,1803.jp,2003-08-22,369.38,369.38,357.75,363.10,1462748,https://stooq.com/q/d/l/?s=1803.jp&i=d,2026-03-26T08:35:00+00:00
1803,1803.T,1803.jp,2003-08-25,358.65,361.31,354.19,357.75,958351,https://stooq.com/q/d/l/?s=1803.jp&i=d,2026-03-26T08:35:00+00:00
1803,1803.T,1803.jp,2003-08-26,357.75,360.43,349.74,356.86,1765385,https://stooq.com/q/d/l/?s=1803.jp&i=d,2026-03-26T08:35:00+00:00
1803,1803.T,1803.jp,2003-08-27,353.29,353.29,339.02,342.58,4600088,https://stooq.com/q/d/l/?s=1803.jp&i=d,2026-03-26T08:35:00+00:00
1803,1803.T,1803.jp,2003-08-28,339.02,339.91,324.76,328.29,4391605,https://stooq.com/q/d/l/?s=1803.jp&i=d,2026-03-26T08:35:00+00:00
1803,1803.T,1803.jp,2003-08-29,333.66,338.11,328.29,332.78,2069142,https://stooq.com/q/d/l/?s=1803.jp&i=d,2026-03-26T08:35:00+00:00
1803,1803.T,1803.jp,2003-09-01,338.11,345.27,333.66,345.27,1628637,https://stooq.com/q/d/l/?s=1803.jp&i=d,2026-03-26T08:35:00+00:00
1803,1803.T,1803.jp,2003-09-02,343.47,343.47,332.78,337.23,4412902,https://stooq.com/q/d/l/?s=1803.jp&i=d,2026-03-26T08:35:00+00:00
1803,1803.T,1803.jp,2003-09-03,341.69,342.58,326.52,335.46,4214505,https://stooq.com/q/d/l/?s=1803.jp&i=d,2026-03-26T08:35:00+00:00
1803,1803.T,1803.jp,2003-09-04,339.91,341.69,336.36,339.02,2795471,https://stooq.com/q/d/l/?s=1803.jp&i=d,2026-03-26T08:35:00+00:00
1803,1803.T,1803.jp,2003-09-05,341.69,347.94,339.02,345.27,4642681,https://stooq.com/q/d/l/?s=1803.jp&i=d,2026-03-26T08:35:00+00:00
1803,1803.T,1803.jp,2003-09-08,347.94,351.51,340.80,346.16,1828154,https://stooq.com/q/d/l/?s=1803.jp&i=d,2026-03-26T08:35:00+00:00
1803,1803.T,1803.jp,2003-09-09,350.61,355.97,345.27,355.08,2819011,https://stooq.com/q/d/l/?s=1803.jp&i=d,2026-03-26T08:35:00+00:00
1803,1803.T,1803.jp,2003-09-10,355.08,357.75,349.74,354.19,1813582,https://stooq.com/q/d/l/?s=1803.jp&i=d,2026-03-26T08:35:00+00:00
1803,1803.T,1803.jp,2003-09-11,347.94,350.61,345.27,345.27,877648,https://stooq.com/q/d/l/?s=1803.jp&i=d,2026-03-26T08:35:00+00:00
1803,1803.T,1803.jp,2003-09-12,349.74,360.43,347.94,355.08,4160700,https://stooq.com/q/d/l/?s=1803.jp&i=d,2026-03-26T08:35:00+00:00
1803,1803.T,1803.jp,2003-09-16,359.54,367.57,357.75,367.57,2347121,https://stooq.com/q/d/l/?s=1803.jp&i=d,2026-03-26T08:35:00+00:00
1803,1803.T,1803.jp,2003-09-17,372.92,374.70,356.86,361.31,2090440,https://stooq.com/q/d/l/?s=1803.jp&i=d,2026-03-26T08:35:00+00:00
1803,1803.T,1803.jp,2003-09-18,359.54,364.89,358.65,362.21,1235208,https://stooq.com/q/d/l/?s=1803.jp&i=d,2026-03-26T08:35:00+00:00
1803,1803.T,1803.jp,2003-09-19,370.25,374.70,367.57,374.70,2417737,https://stooq.com/q/d/l/?s=1803.jp&i=d,2026-03-26T08:35:00+00:00
1803,1803.T,1803.jp,2003-09-22,379.18,395.24,378.28,390.76,4754771,https://stooq.com/q/d/l/?s=1803.jp&i=d,2026-03-26T08:35:00+00:00
1803,1803.T,1803.jp,2003-09-24,394.33,410.39,380.95,399.67,3711230,https://stooq.com/q/d/l/?s=1803.jp&i=d,2026-03-26T08:35:00+00:00
1803,1803.T,1803.jp,2003-09-25,384.51,385.40,372.92,377.38,2602681,https://stooq.com/q/d/l/?s=1803.jp&i=d,2026-03-26T08:35:00+00:00
1803,1803.T,1803.jp,2003-09-26,368.47,374.70,361.31,372.04,2130791,https://stooq.com/q/d/l/?s=1803.jp&i=d,2026-03-26T08:35:00+00:00
1803,1803.T,1803.jp,2003-09-29,367.57,371.14,361.31,363.10,1315913,https://stooq.com/q/d/l/?s=1803.jp&i=d,2026-03-26T08:35:00+00:00
1803,1803.T,1803.jp,2003-09-30,366.66,380.95,366.66,372.92,1392130,https://stooq.com/q/d/l/?s=1803.jp&i=d,2026-03-26T08:35:00+00:00
1803,1803.T,1803.jp,2003-10-01,368.47,375.60,363.99,371.14,2075869,https://stooq.com/q/d/l/?s=1803.jp&i=d,2026-03-26T08:35:00+00:00
1803,1803.T,1803.jp,2003-10-02,379.18,401.48,375.60,393.44,3150790,https://stooq.com/q/d/l/?s=1803.jp&i=d,2026-03-26T08:35:00+00:00
1803,1803.T,1803.jp,2003-10-03,397.00,400.58,388.99,397.00,1699251,https://stooq.com/q/d/l/?s=1803.jp&i=d,2026-03-26T08:35:00+00:00
1803,1803.T,1803.jp,2003-10-06,405.93,406.82,402.36,405.93,3812109,https://stooq.com/q/d/l/?s=1803.jp&i=d,2026-03-26T08:35:00+00:00
1803,1803.T,1803.jp,2003-10-07,406.82,406.82,390.76,392.56,2217099,https://stooq.com/q/d/l/?s=1803.jp&i=d,2026-03-26T08:35:00+00:00
1803,1803.T,1803.jp,2003-10-08,395.24,403.27,391.67,393.44,2592594,https://stooq.com/q/d/l/?s=1803.jp&i=d,2026-03-26T08:35:00+00:00
1803,1803.T,1803.jp,2003-10-09,394.33,401.48,389.88,400.58,1512067,https://stooq.com/q/d/l/?s=1803.jp&i=d,2026-03-26T08:35:00+00:00
1803,1803.T,1803.jp,2003-10-10,401.48,405.93,397.90,401.48,2106132,https://stooq.com/q/d/l/?s=1803.jp&i=d,2026-03-26T08:35:00+00:00
1803,1803.T,1803.jp,2003-10-14,403.27,405.93,392.56,392.56,1080527,https://stooq.com/q/d/l/?s=1803.jp&i=d,2026-03-26T08:35:00+00:00
1803,1803.T,1803.jp,2003-10-15,397.00,397.00,383.62,388.09,1754174,https://stooq.com/q/d/l/?s=1803.jp&i=d,2026-03-26T08:35:00+00:00
1803,1803.T,1803.jp,2003-10-16,383.62,390.76,379.18,389.88,1220636,https://stooq.com/q/d/l/?s=1803.jp&i=d,2026-03-26T08:35:00+00:00
1803,1803.T,1803.jp,2003-10-17,386.29,387.21,378.28,380.05,1755298,https://stooq.com/q/d/l/?s=1803.jp&i=d,2026-03-26T08:35:00+00:00
1803,1803.T,1803.jp,2003-10-20,383.62,393.44,377.38,393.44,2265299,https://stooq.com/q/d/l/?s=1803.jp&i=d,2026-03-26T08:35:00+00:00
1803,1803.T,1803.jp,2003-10-21,393.44,393.44,378.28,378.28,1844969,https://stooq.com/q/d/l/?s=1803.jp&i=d,2026-03-26T08:35:00+00:00
1803,1803.T,1803.jp,2003-10-22,381.83,381.83,363.10,369.38,1257627,https://stooq.com/q/d/l/?s=1803.jp&i=d,2026-03-26T08:35:00+00:00
1803,1803.T,1803.jp,2003-10-23,362.21,362.21,350.61,350.61,2232791,https://stooq.com/q/d/l/?s=1803.jp&i=d,2026-03-26T08:35:00+00:00
1803,1803.T,1803.jp,2003-10-24,355.08,364.89,347.94,354.19,2794350,https://stooq.com/q/d/l/?s=1803.jp&i=d,2026-03-26T08:35:00+00:00
1803,1803.T,1803.jp,2003-10-27,358.65,372.04,356.86,371.14,2776418,https://stooq.com/q/d/l/?s=1803.jp&i=d,2026-03-26T08:35:00+00:00
1803,1803.T,1803.jp,2003-10-28,388.99,388.99,375.60,380.95,2508527,https://stooq.com/q/d/l/?s=1803.jp&i=d,2026-03-26T08:35:00+00:00
1803,1803.T,1803.jp,2003-10-29,385.40,385.40,371.14,372.92,1246417,https://stooq.com/q/d/l/?s=1803.jp&i=d,2026-03-26T08:35:00+00:00
1803,1803.T,1803.jp,2003-10-30,369.38,382.73,369.38,380.05,1192615,https://stooq.com/q/d/l/?s=1803.jp&i=d,2026-03-26T08:35:00+00:00
1803,1803.T,1803.jp,2003-10-31,383.62,387.21,371.14,379.18,2071383,https://stooq.com/q/d/l/?s=1803.jp&i=d,2026-03-26T08:35:00+00:00
1803,1803.T,1803.jp,2003-11-04,388.09,388.99,382.73,382.73,1375318,https://stooq.com/q/d/l/?s=1803.jp&i=d,2026-03-26T08:35:00+00:00
1803,1803.T,1803.jp,2003-11-05,373.81,380.95,367.57,380.05,1605098,https://stooq.com/q/d/l/?s=1803.jp&i=d,2026-03-26T08:35:00+00:00
1803,1803.T,1803.jp,2003-11-06,379.18,379.18,358.65,358.65,3147429,https://stooq.com/q/d/l/?s=1803.jp&i=d,2026-03-26T08:35:00+00:00
1803,1803.T,1803.jp,2003-11-07,363.10,372.92,362.21,368.47,1861779,https://stooq.com/q/d/l/?s=1803.jp&i=d,2026-03-26T08:35:00+00:00
1803,1803.T,1803.jp,2003-11-10,370.25,377.38,363.99,370.25,1429121,https://stooq.com/q/d/l/?s=1803.jp&i=d,2026-03-26T08:35:00+00:00
1803,1803.T,1803.jp,2003-11-11,356.86,362.21,344.38,349.74,2536550,https://stooq.com/q/d/l/?s=1803.jp&i=d,2026-03-26T08:35:00+00:00
1803,1803.T,1803.jp,2003-11-12,354.19,356.86,347.06,347.06,1964901,https://stooq.com/q/d/l/?s=1803.jp&i=d,2026-03-26T08:35:00+00:00
1803,1803.T,1803.jp,2003-11-13,351.51,354.19,342.58,347.94,2010857,https://stooq.com/q/d/l/?s=1803.jp&i=d,2026-03-26T08:35:00+00:00
1803,1803.T,1803.jp,2003-11-14,350.61,363.10,343.47,344.38,2205889,https://stooq.com/q/d/l/?s=1803.jp&i=d,2026-03-26T08:35:00+00:00
1803,1803.T,1803.jp,2003-11-17,340.80,340.80,312.26,314.04,2236152,https://stooq.com/q/d/l/?s=1803.jp&i=d,2026-03-26T08:35:00+00:00
1803,1803.T,1803.jp,2003-11-18,322.96,328.29,314.04,318.49,2263054,https://stooq.com/q/d/l/?s=1803.jp&i=d,2026-03-26T08:35:00+00:00
1803,1803.T,1803.jp,2003-11-19,314.04,322.08,311.38,318.49,2107252,https://stooq.com/q/d/l/?s=1803.jp&i=d,2026-03-26T08:35:00+00:00
1803,1803.T,1803.jp,2003-11-20,321.18,325.63,316.73,324.76,1484046,https://stooq.com/q/d/l/?s=1803.jp&i=d,2026-03-26T08:35:00+00:00
1803,1803.T,1803.jp,2003-11-21,320.27,333.66,318.49,327.42,2421097,https://stooq.com/q/d/l/?s=1803.jp&i=d,2026-03-26T08:35:00+00:00
1803,1803.T,1803.jp,2003-11-25,332.78,339.91,332.78,334.56,3360396,https://stooq.com/q/d/l/?s=1803.jp&i=d,2026-03-26T08:35:00+00:00
1803,1803.T,1803.jp,2003-11-26,335.46,342.58,334.56,341.69,2232791,https://stooq.com/q/d/l/?s=1803.jp&i=d,2026-03-26T08:35:00+00:00
1803,1803.T,1803.jp,2003-11-27,344.38,347.06,336.36,343.47,3020767,https://stooq.com/q/d/l/?s=1803.jp&i=d,2026-03-26T08:35:00+00:00
1803,1803.T,1803.jp,2003-11-28,343.47,343.47,333.66,336.36,1959296,https://stooq.com/q/d/l/?s=1803.jp&i=d,2026-03-26T08:35:00+00:00
1803,1803.T,1803.jp,2003-12-01,328.29,352.40,328.29,346.16,1623033,https://stooq.com/q/d/l/?s=1803.jp&i=d,2026-03-26T08:35:00+00:00
1803,1803.T,1803.jp,2003-12-02,352.40,362.21,348.83,353.29,1957054,https://stooq.com/q/d/l/?s=1803.jp&i=d,2026-03-26T08:35:00+00:00
1803,1803.T,1803.jp,2003-12-03,353.29,355.97,344.38,350.61,2362814,https://stooq.com/q/d/l/?s=1803.jp&i=d,2026-03-26T08:35:00+00:00
1803,1803.T,1803.jp,2003-12-04,346.16,354.19,345.27,350.61,1649935,https://stooq.com/q/d/l/?s=1803.jp&i=d,2026-03-26T08:35:00+00:00
1803,1803.T,1803.jp,2003-12-05,347.06,349.74,338.11,343.47,2045605,https://stooq.com/q/d/l/?s=1803.jp&i=d,2026-03-26T08:35:00+00:00
1803,1803.T,1803.jp,2003-12-08,338.11,347.06,325.63,328.29,2031031,https://stooq.com/q/d/l/?s=1803.jp&i=d,2026-03-26T08:35:00+00:00
1803,1803.T,1803.jp,2003-12-09,339.02,340.80,333.66,336.36,2490595,https://stooq.com/q/d/l/?s=1803.jp&i=d,2026-03-26T08:35:00+00:00
1803,1803.T,1803.jp,2003-12-10,337.23,337.23,331.88,333.66,2168903,https://stooq.com/q/d/l/?s=1803.jp&i=d,2026-03-26T08:35:00+00:00
1803,1803.T,1803.jp,2003-12-11,329.20,339.91,329.20,332.78,1989560,https://stooq.com/q/d/l/?s=1803.jp&i=d,2026-03-26T08:35:00+00:00
1803,1803.T,1803.jp,2003-12-12,331.00,336.36,326.52,334.56,4208901,https://stooq.com/q/d/l/?s=1803.jp&i=d,2026-03-26T08:35:00+00:00
1803,1803.T,1803.jp,2003-12-15,343.47,347.94,339.91,345.27,1414550,https://stooq.com/q/d/l/?s=1803.jp&i=d,2026-03-26T08:35:00+00:00
1803,1803.T,1803.jp,2003-12-16,342.58,343.47,331.00,339.02,739779,https://stooq.com/q/d/l/?s=1803.jp&i=d,2026-03-26T08:35:00+00:00
1803,1803.T,1803.jp,2003-12-17,339.91,339.91,334.56,339.02,1438087,https://stooq.com/q/d/l/?s=1803.jp&i=d,2026-03-26T08:35:00+00:00
1803,1803.T,1803.jp,2003-12-18,334.56,340.80,334.56,335.46,818241,https://stooq.com/q/d/l/?s=1803.jp&i=d,2026-03-26T08:35:00+00:00
1803,1803.T,1803.jp,2003-12-19,344.38,346.16,340.80,343.47,1992922,https://stooq.com/q/d/l/?s=1803.jp&i=d,2026-03-26T08:35:00+00:00
1803,1803.T,1803.jp,2003-12-22,349.74,353.29,343.47,347.94,1484046,https://stooq.com/q/d/l/?s=1803.jp&i=d,2026-03-26T08:35:00+00:00
1803,1803.T,1803.jp,2003-12-24,351.51,351.51,339.91,345.27,780128,https://stooq.com/q/d/l/?s=1803.jp&i=d,2026-03-26T08:35:00+00:00
1803,1803.T,1803.jp,2003-12-25,347.06,352.40,341.69,352.40,882132,https://stooq.com/q/d/l/?s=1803.jp&i=d,2026-03-26T08:35:00+00:00
1803,1803.T,1803.jp,2003-12-26,353.29,354.19,350.61,354.19,844022,https://stooq.com/q/d/l/?s=1803.jp&i=d,2026-03-26T08:35:00+00:00
1803,1803.T,1803.jp,2003-12-29,355.97,363.10,354.19,356.86,934812,https://stooq.com/q/d/l/?s=1803.jp&i=d,2026-03-26T08:35:00+00:00
1803,1803.T,1803.jp,2003-12-30,361.31,363.99,358.65,363.99,451715,https://stooq.com/q/d/l/?s=1803.jp&i=d,2026-03-26T08:35:00+00:00
1803,1803.T,1803.jp,2004-01-05,365.78,370.25,363.10,363.99,516724,https://stooq.com/q/d/l/?s=1803.jp&i=d,2026-03-26T08:35:00+00:00
1803,1803.T,1803.jp,2004-01-06,364.89,369.38,363.10,365.78,1207186,https://stooq.com/q/d/l/?s=1803.jp&i=d,2026-03-26T08:35:00+00:00
1803,1803.T,1803.jp,2004-01-07,371.14,375.60,370.25,372.92,2696835,https://stooq.com/q/d/l/?s=1803.jp&i=d,2026-03-26T08:35:00+00:00
1803,1803.T,1803.jp,2004-01-08,372.92,377.38,371.14,373.81,1293493,https://stooq.com/q/d/l/?s=1803.jp&i=d,2026-03-26T08:35:00+00:00
1803,1803.T,1803.jp,2004-01-09,376.48,376.48,371.14,372.92,1064834,https://stooq.com/q/d/l/?s=1803.jp&i=d,2026-03-26T08:35:00+00:00
1803,1803.T,1803.jp,2004-01-13,370.25,372.04,366.66,371.14,1119754,https://stooq.com/q/d/l/?s=1803.jp&i=d,2026-03-26T08:35:00+00:00
1803,1803.T,1803.jp,2004-01-14,366.66,369.38,361.31,368.47,1277803,https://stooq.com/q/d/l/?s=1803.jp&i=d,2026-03-26T08:35:00+00:00
1803,1803.T,1803.jp,2004-01-15,363.99,373.81,363.10,365.78,2020945,https://stooq.com/q/d/l/?s=1803.jp&i=d,2026-03-26T08:35:00+00:00
1803,1803.T,1803.jp,2004-01-16,370.25,370.25,357.75,363.10,1745209,https://stooq.com/q/d/l/?s=1803.jp&i=d,2026-03-26T08:35:00+00:00
1803,1803.T,1803.jp,2004-01-19,372.04,377.38,371.14,375.60,1436965,https://stooq.com/q/d/l/?s=1803.jp&i=d,2026-03-26T08:35:00+00:00
1803,1803.T,1803.jp,2004-01-20,374.70,387.21,374.70,382.73,2991625,https://stooq.com/q/d/l/?s=1803.jp&i=d,2026-03-26T08:35:00+00:00
1803,1803.T,1803.jp,2004-01-21,383.62,388.09,378.28,386.29,2745033,https://stooq.com/q/d/l/?s=1803.jp&i=d,2026-03-26T08:35:00+00:00
1803,1803.T,1803.jp,2004-01-22,397.90,412.19,396.12,408.61,10232505,https://stooq.com/q/d/l/?s=1803.jp&i=d,2026-03-26T08:35:00+00:00
1803,1803.T,1803.jp,2004-01-23,405.93,420.20,399.67,414.85,6588527,https://stooq.com/q/d/l/?s=1803.jp&i=d,2026-03-26T08:35:00+00:00
1803,1803.T,1803.jp,2004-01-26,411.30,421.99,407.71,415.74,3930925,https://stooq.com/q/d/l/?s=1803.jp&i=d,2026-03-26T08:35:00+00:00
1803,1803.T,1803.jp,2004-01-27,415.74,415.74,400.58,401.48,2680021,https://stooq.com/q/d/l/?s=1803.jp&i=d,2026-03-26T08:35:00+00:00
1803,1803.T,1803.jp,2004-01-28,402.36,405.02,398.80,403.27,1527760,https://stooq.com/q/d/l/?s=1803.jp&i=d,2026-03-26T08:35:00+00:00
1803,1803.T,1803.jp,2004-01-29,397.90,397.90,390.76,396.12,1772108,https://stooq.com/q/d/l/?s=1803.jp&i=d,2026-03-26T08:35:00+00:00
1803,1803.T,1803.jp,2004-01-30,397.00,411.30,395.24,403.27,4000415,https://stooq.com/q/d/l/?s=1803.jp&i=d,2026-03-26T08:35:00+00:00
1803,1803.T,1803.jp,2004-02-02,405.02,413.97,404.13,410.39,3853582,https://stooq.com/q/d/l/?s=1803.jp&i=d,2026-03-26T08:35:00+00:00
1803,1803.T,1803.jp,2004-02-03,411.30,413.97,395.24,407.71,3984725,https://stooq.com/q/d/l/?s=1803.jp&i=d,2026-03-26T08:35:00+00:00
1803,1803.T,1803.jp,2004-02-04,406.82,406.82,397.00,397.90,3437734,https://stooq.com/q/d/l/?s=1803.jp&i=d,2026-03-26T08:35:00+00:00
1803,1803.T,1803.jp,2004-02-05,393.44,401.48,393.44,399.67,2289956,https://stooq.com/q/d/l/?s=1803.jp&i=d,2026-03-26T08:35:00+00:00
1803,1803.T,1803.jp,2004-02-06,400.58,407.71,399.67,407.71,2372901,https://stooq.com/q/d/l/?s=1803.jp&i=d,2026-03-26T08:35:00+00:00
1803,1803.T,1803.jp,2004-02-09,407.71,413.97,402.36,403.27,1946967,https://stooq.com/q/d/l/?s=1803.jp&i=d,2026-03-26T08:35:00+00:00
1803,1803.T,1803.jp,2004-02-10,405.93,409.49,401.48,404.13,1778835,https://stooq.com/q/d/l/?s=1803.jp&i=d,2026-03-26T08:35:00+00:00
1803,1803.T,1803.jp,2004-02-12,405.02,414.85,404.13,404.13,1941361,https://stooq.com/q/d/l/?s=1803.jp&i=d,2026-03-26T08:35:00+00:00
1803,1803.T,1803.jp,2004-02-13,402.36,416.64,402.36,415.74,2119583,https://stooq.com/q/d/l/?s=1803.jp&i=d,2026-03-26T08:35:00+00:00
1803,1803.T,1803.jp,2004-02-16,419.32,430.92,419.32,424.67,4273910,https://stooq.com/q/d/l/?s=1803.jp&i=d,2026-03-26T08:35:00+00:00
1803,1803.T,1803.jp,2004-02-17,423.77,426.45,414.85,415.74,1810219,https://stooq.com/q/d/l/?s=1803.jp&i=d,2026-03-26T08:35:00+00:00
1803,1803.T,1803.jp,2004-02-18,419.32,423.77,416.64,418.42,1467229,https://stooq.com/q/d/l/?s=1803.jp&i=d,2026-03-26T08:35:00+00:00
1803,1803.T,1803.jp,2004-02-19,419.32,420.20,413.97,414.85,1357382,https://stooq.com/q/d/l/?s=1803.jp&i=d,2026-03-26T08:35:00+00:00
1803,1803.T,1803.jp,2004-02-20,412.19,413.07,404.13,404.13,2258571,https://stooq.com/q/d/l/?s=1803.jp&i=d,2026-03-26T08:35:00+00:00
1803,1803.T,1803.jp,2004-02-23,408.61,418.42,407.71,413.97,1300218,https://stooq.com/q/d/l/?s=1803.jp&i=d,2026-03-26T08:35:00+00:00
1803,1803.T,1803.jp,2004-02-24,414.85,417.53,402.36,402.36,1782200,https://stooq.com/q/d/l/?s=1803.jp&i=d,2026-03-26T08:35:00+00:00
1803,1803.T,1803.jp,2004-02-25,411.30,421.99,408.61,417.53,4147252,https://stooq.com/q/d/l/?s=1803.jp&i=d,2026-03-26T08:35:00+00:00
1803,1803.T,1803.jp,2004-02-26,418.42,425.58,416.64,425.58,1889800,https://stooq.com/q/d/l/?s=1803.jp&i=d,2026-03-26T08:35:00+00:00
1803,1803.T,1803.jp,2004-02-27,426.45,440.71,426.45,435.37,3400748,https://stooq.com/q/d/l/?s=1803.jp&i=d,2026-03-26T08:35:00+00:00
1803,1803.T,1803.jp,2004-03-01,444.30,458.56,442.50,448.75,5169494,https://stooq.com/q/d/l/?s=1803.jp&i=d,2026-03-26T08:35:00+00:00
1803,1803.T,1803.jp,2004-03-02,455.01,457.67,445.19,457.67,3197869,https://stooq.com/q/d/l/?s=1803.jp&i=d,2026-03-26T08:35:00+00:00
1803,1803.T,1803.jp,2004-03-03,457.67,463.03,452.32,459.45,2353844,https://stooq.com/q/d/l/?s=1803.jp&i=d,2026-03-26T08:35:00+00:00
1803,1803.T,1803.jp,2004-03-04,454.12,461.24,451.45,451.45,3235978,https://stooq.com/q/d/l/?s=1803.jp&i=d,2026-03-26T08:35:00+00:00
1803,1803.T,1803.jp,2004-03-05,451.45,454.12,446.09,450.54,3498264,https://stooq.com/q/d/l/?s=1803.jp&i=d,2026-03-26T08:35:00+00:00
1803,1803.T,1803.jp,2004-03-08,454.12,472.84,453.21,465.72,5003605,https://stooq.com/q/d/l/?s=1803.jp&i=d,2026-03-26T08:35:00+00:00
1803,1803.T,1803.jp,2004-03-09,466.61,466.61,459.45,466.61,2898595,https://stooq.com/q/d/l/?s=1803.jp&i=d,2026-03-26T08:35:00+00:00
1803,1803.T,1803.jp,2004-03-10,461.24,464.83,455.89,463.94,2404284,https://stooq.com/q/d/l/?s=1803.jp&i=d,2026-03-26T08:35:00+00:00
1803,1803.T,1803.jp,2004-03-11,455.89,460.34,455.01,456.78,2305649,https://stooq.com/q/d/l/?s=1803.jp&i=d,2026-03-26T08:35:00+00:00
1803,1803.T,1803.jp,2004-03-12,446.97,465.72,446.97,463.94,6877716,https://stooq.com/q/d/l/?s=1803.jp&i=d,2026-03-26T08:35:00+00:00
1803,1803.T,1803.jp,2004-03-15,471.95,492.47,471.05,489.81,3855825,https://stooq.com/q/d/l/?s=1803.jp&i=d,2026-03-26T08:35:00+00:00
1803,1803.T,1803.jp,2004-03-16,488.91,499.60,488.91,495.14,4258219,https://stooq.com/q/d/l/?s=1803.jp&i=d,2026-03-26T08:35:00+00:00
1803,1803.T,1803.jp,2004-03-17,496.04,511.21,495.14,509.41,5129145,https://stooq.com/q/d/l/?s=1803.jp&i=d,2026-03-26T08:35:00+00:00
1803,1803.T,1803.jp,2004-03-18,517.45,520.15,508.54,509.41,4641559,https://stooq.com/q/d/l/?s=1803.jp&i=d,2026-03-26T08:35:00+00:00
1803,1803.T,1803.jp,2004-03-19,496.04,499.60,491.57,491.57,3834528,https://stooq.com/q/d/l/?s=1803.jp&i=d,2026-03-26T08:35:00+00:00
1803,1803.T,1803.jp,2004-03-22,485.32,487.12,481.76,482.66,2322462,https://stooq.com/q/d/l/?s=1803.jp&i=d,2026-03-26T08:35:00+00:00
1803,1803.T,1803.jp,2004-03-23,473.73,484.46,466.61,479.98,4799603,https://stooq.com/q/d/l/?s=1803.jp&i=d,2026-03-26T08:35:00+00:00
1803,1803.T,1803.jp,2004-03-24,488.03,509.41,487.12,509.41,5042836,https://stooq.com/q/d/l/?s=1803.jp&i=d,2026-03-26T08:35:00+00:00
1803,1803.T,1803.jp,2004-03-25,518.35,521.92,509.41,515.65,4109141,https://stooq.com/q/d/l/?s=1803.jp&i=d,2026-03-26T08:35:00+00:00
1803,1803.T,1803.jp,2004-03-26,517.45,519.23,502.30,508.54,1651054,https://stooq.com/q/d/l/?s=1803.jp&i=d,2026-03-26T08:35:00+00:00
1803,1803.T,1803.jp,2004-03-29,494.25,497.84,488.03,489.81,2550002,https://stooq.com/q/d/l/?s=1803.jp&i=d,2026-03-26T08:35:00+00:00
1803,1803.T,1803.jp,2004-03-30,496.04,501.40,488.91,490.70,1606221,https://stooq.com/q/d/l/?s=1803.jp&i=d,2026-03-26T08:35:00+00:00
1803,1803.T,1803.jp,2004-03-31,492.47,506.74,492.47,506.74,1571472,https://stooq.com/q/d/l/?s=1803.jp&i=d,2026-03-26T08:35:00+00:00
1803,1803.T,1803.jp,2004-04-01,504.08,505.86,493.35,494.25,2053451,https://stooq.com/q/d/l/?s=1803.jp&i=d,2026-03-26T08:35:00+00:00
1803,1803.T,1803.jp,2004-04-02,493.35,497.84,487.12,492.47,2326942,https://stooq.com/q/d/l/?s=1803.jp&i=d,2026-03-26T08:35:00+00:00
1803,1803.T,1803.jp,2004-04-05,497.84,497.84,486.23,486.23,3104836,https://stooq.com/q/d/l/?s=1803.jp&i=d,2026-03-26T08:35:00+00:00
1803,1803.T,1803.jp,2004-04-06,482.66,482.66,460.34,472.84,8411077,https://stooq.com/q/d/l/?s=1803.jp&i=d,2026-03-26T08:35:00+00:00
1803,1803.T,1803.jp,2004-04-07,468.39,486.23,466.61,479.09,4634835,https://stooq.com/q/d/l/?s=1803.jp&i=d,2026-03-26T08:35:00+00:00
1803,1803.T,1803.jp,2004-04-08,479.09,489.81,472.84,489.81,3172087,https://stooq.com/q/d/l/?s=1803.jp&i=d,2026-03-26T08:35:00+00:00
1803,1803.T,1803.jp,2004-04-09,479.98,480.86,467.50,468.39,3148548,https://stooq.com/q/d/l/?s=1803.jp&i=d,2026-03-26T08:35:00+00:00
1803,1803.T,1803.jp,2004-04-12,470.16,482.66,469.28,479.09,1462748,https://stooq.com/q/d/l/?s=1803.jp&i=d,2026-03-26T08:35:00+00:00
1803,1803.T,1803.jp,2004-04-13,482.66,488.03,478.21,480.86,1354022,https://stooq.com/q/d/l/?s=1803.jp&i=d,2026-03-26T08:35:00+00:00
1803,1803.T,1803.jp,2004-04-14,474.64,487.12,473.73,476.41,2471538,https://stooq.com/q/d/l/?s=1803.jp&i=d,2026-03-26T08:35:00+00:00
1803,1803.T,1803.jp,2004-04-15,479.09,479.98,452.32,453.21,3355912,https://stooq.com/q/d/l/?s=1803.jp&i=d,2026-03-26T08:35:00+00:00
1803,1803.T,1803.jp,2004-04-16,462.14,462.14,448.75,449.65,3279692,https://stooq.com/q/d/l/?s=1803.jp&i=d,2026-03-26T08:35:00+00:00
1803,1803.T,1803.jp,2004-04-19,452.32,452.32,421.99,428.25,4845561,https://stooq.com/q/d/l/?s=1803.jp&i=d,2026-03-26T08:35:00+00:00
1803,1803.T,1803.jp,2004-04-20,432.68,446.09,428.25,439.83,7823736,https://stooq.com/q/d/l/?s=1803.jp&i=d,2026-03-26T08:35:00+00:00
1803,1803.T,1803.jp,2004-04-21,435.37,435.37,424.67,426.45,9593606,https://stooq.com/q/d/l/?s=1803.jp&i=d,2026-03-26T08:35:00+00:00
1803,1803.T,1803.jp,2004-04-22,430.92,434.48,421.99,423.77,6270199,https://stooq.com/q/d/l/?s=1803.jp&i=d,2026-03-26T08:35:00+00:00
1803,1803.T,1803.jp,2004-04-23,423.77,426.45,415.74,417.53,6558263,https://stooq.com/q/d/l/?s=1803.jp&i=d,2026-03-26T08:35:00+00:00
1803,1803.T,1803.jp,2004-04-26,418.42,430.02,416.64,427.34,6603100,https://stooq.com/q/d/l/?s=1803.jp&i=d,2026-03-26T08:35:00+00:00
1803,1803.T,1803.jp,2004-04-27,423.77,423.77,412.19,415.74,5367891,https://stooq.com/q/d/l/?s=1803.jp&i=d,2026-03-26T08:35:00+00:00
1803,1803.T,1803.jp,2004-04-28,419.32,430.92,419.32,425.58,4312023,https://stooq.com/q/d/l/?s=1803.jp&i=d,2026-03-26T08:35:00+00:00
1803,1803.T,1803.jp,2004-04-30,419.32,420.20,411.30,415.74,4222349,https://stooq.com/q/d/l/?s=1803.jp&i=d,2026-03-26T08:35:00+00:00
1803,1803.T,1803.jp,2004-05-06,418.42,421.99,407.71,413.97,4875826,https://stooq.com/q/d/l/?s=1803.jp&i=d,2026-03-26T08:35:00+00:00
1803,1803.T,1803.jp,2004-05-07,413.07,414.85,409.49,409.49,3317801,https://stooq.com/q/d/l/?s=1803.jp&i=d,2026-03-26T08:35:00+00:00
1803,1803.T,1803.jp,2004-05-10,406.82,407.71,373.81,376.48,4206658,https://stooq.com/q/d/l/?s=1803.jp&i=d,2026-03-26T08:35:00+00:00
1803,1803.T,1803.jp,2004-05-11,373.81,387.21,370.25,382.73,3578966,https://stooq.com/q/d/l/?s=1803.jp&i=d,2026-03-26T08:35:00+00:00
1803,1803.T,1803.jp,2004-05-12,388.99,402.36,381.83,402.36,4065429,https://stooq.com/q/d/l/?s=1803.jp&i=d,2026-03-26T08:35:00+00:00
1803,1803.T,1803.jp,2004-05-13,404.13,405.93,392.56,397.90,4915055,https://stooq.com/q/d/l/?s=1803.jp&i=d,2026-03-26T08:35:00+00:00
1803,1803.T,1803.jp,2004-05-14,393.44,401.48,383.62,389.88,3484811,https://stooq.com/q/d/l/?s=1803.jp&i=d,2026-03-26T08:35:00+00:00
1803,1803.T,1803.jp,2004-05-17,388.09,388.09,363.99,366.66,3110438,https://stooq.com/q/d/l/?s=1803.jp&i=d,2026-03-26T08:35:00+00:00
1803,1803.T,1803.jp,2004-05-18,370.25,385.40,368.47,382.73,3073452,https://stooq.com/q/d/l/?s=1803.jp&i=d,2026-03-26T08:35:00+00:00
1803,1803.T,1803.jp,2004-05-19,380.95,392.56,377.38,390.76,2574659,https://stooq.com/q/d/l/?s=1803.jp&i=d,2026-03-26T08:35:00+00:00
1803,1803.T,1803.jp,2004-05-20,392.56,402.36,386.29,401.48,3141825,https://stooq.com/q/d/l/?s=1803.jp&i=d,2026-03-26T08:35:00+00:00
1803,1803.T,1803.jp,2004-05-21,401.48,407.71,391.67,403.27,3045428,https://stooq.com/q/d/l/?s=1803.jp&i=d,2026-03-26T08:35:00+00:00
1803,1803.T,1803.jp,2004-05-24,407.71,411.30,404.13,406.82,2056811,https://stooq.com/q/d/l/?s=1803.jp&i=d,2026-03-26T08:35:00+00:00
1803,1803.T,1803.jp,2004-05-25,411.30,411.30,397.00,403.27,2490595,https://stooq.com/q/d/l/?s=1803.jp&i=d,2026-03-26T08:35:00+00:00
1803,1803.T,1803.jp,2004-05-26,412.19,418.42,412.19,413.07,3272967,https://stooq.com/q/d/l/?s=1803.jp&i=d,2026-03-26T08:35:00+00:00
1803,1803.T,1803.jp,2004-05-27,413.07,418.42,408.61,412.19,1746330,https://stooq.com/q/d/l/?s=1803.jp&i=d,2026-03-26T08:35:00+00:00
1803,1803.T,1803.jp,2004-05-28,413.07,421.09,406.82,412.19,2040001,https://stooq.com/q/d/l/?s=1803.jp&i=d,2026-03-26T08:35:00+00:00
1803,1803.T,1803.jp,2004-05-31,416.64,419.32,407.71,410.39,2138638,https://stooq.com/q/d/l/?s=1803.jp&i=d,2026-03-26T08:35:00+00:00
1803,1803.T,1803.jp,2004-06-01,410.39,416.64,405.93,407.71,4665099,https://stooq.com/q/d/l/?s=1803.jp&i=d,2026-03-26T08:35:00+00:00
1803,1803.T,1803.jp,2004-06-02,409.49,410.39,401.48,402.36,2806680,https://stooq.com/q/d/l/?s=1803.jp&i=d,2026-03-26T08:35:00+00:00
1803,1803.T,1803.jp,2004-06-03,402.36,405.02,385.40,389.88,2664329,https://stooq.com/q/d/l/?s=1803.jp&i=d,2026-03-26T08:35:00+00:00
1803,1803.T,1803.jp,2004-06-04,399.67,406.82,395.24,405.93,3619316,https://stooq.com/q/d/l/?s=1803.jp&i=d,2026-03-26T08:35:00+00:00
1803,1803.T,1803.jp,2004-06-07,401.48,413.97,401.48,406.82,3723562,https://stooq.com/q/d/l/?s=1803.jp&i=d,2026-03-26T08:35:00+00:00
1803,1803.T,1803.jp,2004-06-08,408.61,413.97,404.13,412.19,1827033,https://stooq.com/q/d/l/?s=1803.jp&i=d,2026-03-26T08:35:00+00:00
1803,1803.T,1803.jp,2004-06-09,412.19,423.77,410.39,423.77,3845736,https://stooq.com/q/d/l/?s=1803.jp&i=d,2026-03-26T08:35:00+00:00
1803,1803.T,1803.jp,2004-06-10,417.53,436.28,416.64,430.92,4530593,https://stooq.com/q/d/l/?s=1803.jp&i=d,2026-03-26T08:35:00+00:00
1803,1803.T,1803.jp,2004-06-11,428.25,434.48,426.45,429.12,4623628,https://stooq.com/q/d/l/?s=1803.jp&i=d,2026-03-26T08:35:00+00:00
1803,1803.T,1803.jp,2004-06-14,425.58,438.94,425.58,433.59,1931275,https://stooq.com/q/d/l/?s=1803.jp&i=d,2026-03-26T08:35:00+00:00
1803,1803.T,1803.jp,2004-06-15,431.81,431.81,421.09,425.58,1942485,https://stooq.com/q/d/l/?s=1803.jp&i=d,2026-03-26T08:35:00+00:00
1803,1803.T,1803.jp,2004-06-16,431.81,438.94,428.25,438.94,1732881,https://stooq.com/q/d/l/?s=1803.jp&i=d,2026-03-26T08:35:00+00:00
1803,1803.T,1803.jp,2004-06-17,439.83,445.19,436.28,442.50,3308835,https://stooq.com/q/d/l/?s=1803.jp&i=d,2026-03-26T08:35:00+00:00
1803,1803.T,1803.jp,2004-06-18,438.94,443.41,423.77,428.25,1996284,https://stooq.com/q/d/l/?s=1803.jp&i=d,2026-03-26T08:35:00+00:00
1803,1803.T,1803.jp,2004-06-21,431.81,442.50,429.12,436.28,1904374,https://stooq.com/q/d/l/?s=1803.jp&i=d,2026-03-26T08:35:00+00:00
1803,1803.T,1803.jp,2004-06-22,433.59,438.04,429.12,438.04,1297979,https://stooq.com/q/d/l/?s=1803.jp&i=d,2026-03-26T08:35:00+00:00
1803,1803.T,1803.jp,2004-06-23,441.64,442.50,432.68,436.28,948263,https://stooq.com/q/d/l/?s=1803.jp&i=d,2026-03-26T08:35:00+00:00
1803,1803.T,1803.jp,2004-06-24,436.28,438.94,430.02,433.59,1330484,https://stooq.com/q/d/l/?s=1803.jp&i=d,2026-03-26T08:35:00+00:00
1803,1803.T,1803.jp,2004-06-25,430.92,433.59,425.58,430.02,1969385,https://stooq.com/q/d/l/?s=1803.jp&i=d,2026-03-26T08:35:00+00:00
1803,1803.T,1803.jp,2004-06-28,429.12,436.28,428.25,436.28,954987,https://stooq.com/q/d/l/?s=1803.jp&i=d,2026-03-26T08:35:00+00:00
1803,1803.T,1803.jp,2004-06-29,432.68,444.30,430.02,441.64,1266594,https://stooq.com/q/d/l/?s=1803.jp&i=d,2026-03-26T08:35:00+00:00
1803,1803.T,1803.jp,2004-06-30,442.50,442.50,435.37,440.71,1966023,https://stooq.com/q/d/l/?s=1803.jp&i=d,2026-03-26T08:35:00+00:00
1803,1803.T,1803.jp,2004-07-01,437.14,441.64,435.37,438.94,2218218,https://stooq.com/q/d/l/?s=1803.jp&i=d,2026-03-26T08:35:00+00:00
1803,1803.T,1803.jp,2004-07-02,433.59,438.94,432.68,437.14,2200285,https://stooq.com/q/d/l/?s=1803.jp&i=d,2026-03-26T08:35:00+00:00
1803,1803.T,1803.jp,2004-07-05,434.48,436.28,427.34,432.68,2699077,https://stooq.com/q/d/l/?s=1803.jp&i=d,2026-03-26T08:35:00+00:00
1803,1803.T,1803.jp,2004-07-06,427.34,427.34,418.42,419.32,2229427,https://stooq.com/q/d/l/?s=1803.jp&i=d,2026-03-26T08:35:00+00:00
1803,1803.T,1803.jp,2004-07-07,410.39,413.97,407.71,411.30,957230,https://stooq.com/q/d/l/?s=1803.jp&i=d,2026-03-26T08:35:00+00:00
1803,1803.T,1803.jp,2004-07-08,409.49,415.74,406.82,409.49,1208306,https://stooq.com/q/d/l/?s=1803.jp&i=d,2026-03-26T08:35:00+00:00
1803,1803.T,1803.jp,2004-07-09,408.61,425.58,408.61,423.77,1969385,https://stooq.com/q/d/l/?s=1803.jp&i=d,2026-03-26T08:35:00+00:00
1803,1803.T,1803.jp,2004-07-12,428.25,428.25,421.09,424.67,915758,https://stooq.com/q/d/l/?s=1803.jp&i=d,2026-03-26T08:35:00+00:00
1803,1803.T,1803.jp,2004-07-13,420.20,423.77,418.42,423.77,1985077,https://stooq.com/q/d/l/?s=1803.jp&i=d,2026-03-26T08:35:00+00:00
1803,1803.T,1803.jp,2004-07-14,428.25,430.02,410.39,413.07,1857295,https://stooq.com/q/d/l/?s=1803.jp&i=d,2026-03-26T08:35:00+00:00
1803,1803.T,1803.jp,2004-07-15,417.53,417.53,411.30,417.53,1195977,https://stooq.com/q/d/l/?s=1803.jp&i=d,2026-03-26T08:35:00+00:00
1803,1803.T,1803.jp,2004-07-16,413.07,418.42,405.93,416.64,1359625,https://stooq.com/q/d/l/?s=1803.jp&i=d,2026-03-26T08:35:00+00:00
1803,1803.T,1803.jp,2004-07-20,410.39,416.64,405.93,410.39,1124242,https://stooq.com/q/d/l/?s=1803.jp&i=d,2026-03-26T08:35:00+00:00
1803,1803.T,1803.jp,2004-07-21,411.30,412.19,407.71,408.61,966197,https://stooq.com/q/d/l/?s=1803.jp&i=d,2026-03-26T08:35:00+00:00
1803,1803.T,1803.jp,2004-07-22,402.36,405.93,401.48,405.02,1061472,https://stooq.com/q/d/l/?s=1803.jp&i=d,2026-03-26T08:35:00+00:00
1803,1803.T,1803.jp,2004-07-23,413.97,422.88,411.30,417.53,4334442,https://stooq.com/q/d/l/?s=1803.jp&i=d,2026-03-26T08:35:00+00:00
1803,1803.T,1803.jp,2004-07-26,409.49,412.19,408.61,412.19,1693650,https://stooq.com/q/d/l/?s=1803.jp&i=d,2026-03-26T08:35:00+00:00
1803,1803.T,1803.jp,2004-07-27,416.64,416.64,410.39,412.19,2087076,https://stooq.com/q/d/l/?s=1803.jp&i=d,2026-03-26T08:35:00+00:00
1803,1803.T,1803.jp,2004-07-28,416.64,416.64,408.61,413.07,1521033,https://stooq.com/q/d/l/?s=1803.jp&i=d,2026-03-26T08:35:00+00:00
1803,1803.T,1803.jp,2004-07-29,411.30,411.30,398.80,402.36,1379802,https://stooq.com/q/d/l/?s=1803.jp&i=d,2026-03-26T08:35:00+00:00
1803,1803.T,1803.jp,2004-07-30,404.13,413.07,404.13,413.07,1926793,https://stooq.com/q/d/l/?s=1803.jp&i=d,2026-03-26T08:35:00+00:00
1803,1803.T,1803.jp,2004-08-02,413.97,413.97,407.71,412.19,1180286,https://stooq.com/q/d/l/?s=1803.jp&i=d,2026-03-26T08:35:00+00:00
1803,1803.T,1803.jp,2004-08-03,413.97,416.64,405.02,409.49,1408946,https://stooq.com/q/d/l/?s=1803.jp&i=d,2026-03-26T08:35:00+00:00
1803,1803.T,1803.jp,2004-08-04,408.61,408.61,398.80,403.27,1636481,https://stooq.com/q/d/l/?s=1803.jp&i=d,2026-03-26T08:35:00+00:00
1803,1803.T,1803.jp,2004-08-05,401.48,403.27,393.44,396.12,3977999,https://stooq.com/q/d/l/?s=1803.jp&i=d,2026-03-26T08:35:00+00:00
1803,1803.T,1803.jp,2004-08-06,385.40,387.21,382.73,382.73,3414198,https://stooq.com/q/d/l/?s=1803.jp&i=d,2026-03-26T08:35:00+00:00
1803,1803.T,1803.jp,2004-08-09,379.18,385.40,376.48,384.51,1163473,https://stooq.com/q/d/l/?s=1803.jp&i=d,2026-03-26T08:35:00+00:00
1803,1803.T,1803.jp,2004-08-10,380.95,390.76,379.18,390.76,1599496,https://stooq.com/q/d/l/?s=1803.jp&i=d,2026-03-26T08:35:00+00:00
1803,1803.T,1803.jp,2004-08-11,395.24,404.13,395.24,397.90,3679846,https://stooq.com/q/d/l/?s=1803.jp&i=d,2026-03-26T08:35:00+00:00
1803,1803.T,1803.jp,2004-08-12,400.58,404.13,397.00,398.80,1828154,https://stooq.com/q/d/l/?s=1803.jp&i=d,2026-03-26T08:35:00+00:00
1803,1803.T,1803.jp,2004-08-13,403.27,403.27,392.56,393.44,2950154,https://stooq.com/q/d/l/?s=1803.jp&i=d,2026-03-26T08:35:00+00:00
1803,1803.T,1803.jp,2004-08-16,392.56,392.56,386.29,389.88,2558967,https://stooq.com/q/d/l/?s=1803.jp&i=d,2026-03-26T08:35:00+00:00
1803,1803.T,1803.jp,2004-08-17,394.33,395.24,390.76,391.67,1995164,https://stooq.com/q/d/l/?s=1803.jp&i=d,2026-03-26T08:35:00+00:00
1803,1803.T,1803.jp,2004-08-18,390.76,397.00,387.21,392.56,1198220,https://stooq.com/q/d/l/?s=1803.jp&i=d,2026-03-26T08:35:00+00:00
1803,1803.T,1803.jp,2004-08-19,397.00,403.27,393.44,402.36,1471714,https://stooq.com/q/d/l/?s=1803.jp&i=d,2026-03-26T08:35:00+00:00
1803,1803.T,1803.jp,2004-08-20,405.93,417.53,404.13,413.07,3603625,https://stooq.com/q/d/l/?s=1803.jp&i=d,2026-03-26T08:35:00+00:00
1803,1803.T,1803.jp,2004-08-23,413.07,416.64,409.49,410.39,1514307,https://stooq.com/q/d/l/?s=1803.jp&i=d,2026-03-26T08:35:00+00:00
1803,1803.T,1803.jp,2004-08-24,407.71,413.07,406.82,410.39,919120,https://stooq.com/q/d/l/?s=1803.jp&i=d,2026-03-26T08:35:00+00:00
1803,1803.T,1803.jp,2004-08-25,410.39,421.99,410.39,421.09,2219342,https://stooq.com/q/d/l/?s=1803.jp&i=d,2026-03-26T08:35:00+00:00
1803,1803.T,1803.jp,2004-08-26,424.67,435.37,422.88,427.34,2257450,https://stooq.com/q/d/l/?s=1803.jp&i=d,2026-03-26T08:35:00+00:00
1803,1803.T,1803.jp,2004-08-27,423.77,428.25,421.09,427.34,1434724,https://stooq.com/q/d/l/?s=1803.jp&i=d,2026-03-26T08:35:00+00:00
1803,1803.T,1803.jp,2004-08-30,428.25,431.81,427.34,430.92,878769,https://stooq.com/q/d/l/?s=1803.jp&i=d,2026-03-26T08:35:00+00:00
1803,1803.T,1803.jp,2004-08-31,430.02,430.92,426.45,430.92,1336089,https://stooq.com/q/d/l/?s=1803.jp&i=d,2026-03-26T08:35:00+00:00
1803,1803.T,1803.jp,2004-09-01,427.34,432.68,427.34,430.02,1162352,https://stooq.com/q/d/l/?s=1803.jp&i=d,2026-03-26T08:35:00+00:00
1803,1803.T,1803.jp,2004-09-02,430.92,430.92,426.45,426.45,2149845,https://stooq.com/q/d/l/?s=1803.jp&i=d,2026-03-26T08:35:00+00:00
1803,1803.T,1803.jp,2004-09-03,424.67,430.92,421.09,422.88,1731758,https://stooq.com/q/d/l/?s=1803.jp&i=d,2026-03-26T08:35:00+00:00
1803,1803.T,1803.jp,2004-09-06,422.88,434.48,421.99,430.02,2117341,https://stooq.com/q/d/l/?s=1803.jp&i=d,2026-03-26T08:35:00+00:00
1803,1803.T,1803.jp,2004-09-07,432.68,440.71,432.68,436.28,2191319,https://stooq.com/q/d/l/?s=1803.jp&i=d,2026-03-26T08:35:00+00:00
1803,1803.T,1803.jp,2004-09-08,438.04,438.04,430.92,430.92,944901,https://stooq.com/q/d/l/?s=1803.jp&i=d,2026-03-26T08:35:00+00:00
1803,1803.T,1803.jp,2004-09-09,429.12,433.59,429.12,431.81,1779956,https://stooq.com/q/d/l/?s=1803.jp&i=d,2026-03-26T08:35:00+00:00
1803,1803.T,1803.jp,2004-09-10,431.81,432.68,419.32,425.58,6196218,https://stooq.com/q/d/l/?s=1803.jp&i=d,2026-03-26T08:35:00+00:00
1803,1803.T,1803.jp,2004-09-13,430.02,430.02,421.09,423.77,1458264,https://stooq.com/q/d/l/?s=1803.jp&i=d,2026-03-26T08:35:00+00:00
1803,1803.T,1803.jp,2004-09-14,424.67,428.25,414.85,417.53,4546285,https://stooq.com/q/d/l/?s=1803.jp&i=d,2026-03-26T08:35:00+00:00
1803,1803.T,1803.jp,2004-09-15,417.53,420.20,412.19,412.19,1766505,https://stooq.com/q/d/l/?s=1803.jp&i=d,2026-03-26T08:35:00+00:00
1803,1803.T,1803.jp,2004-09-16,415.74,417.53,408.61,412.19,1422394,https://stooq.com/q/d/l/?s=1803.jp&i=d,2026-03-26T08:35:00+00:00
1803,1803.T,1803.jp,2004-09-17,411.30,411.30,406.82,408.61,1747448,https://stooq.com/q/d/l/?s=1803.jp&i=d,2026-03-26T08:35:00+00:00
1803,1803.T,1803.jp,2004-09-21,404.13,407.71,401.48,402.36,2323581,https://stooq.com/q/d/l/?s=1803.jp&i=d,2026-03-26T08:35:00+00:00
1803,1803.T,1803.jp,2004-09-22,401.48,405.93,396.12,401.48,1244174,https://stooq.com/q/d/l/?s=1803.jp&i=d,2026-03-26T08:35:00+00:00
1803,1803.T,1803.jp,2004-09-24,397.00,399.67,393.44,398.80,1406704,https://stooq.com/q/d/l/?s=1803.jp&i=d,2026-03-26T08:35:00+00:00
1803,1803.T,1803.jp,2004-09-27,397.00,397.00,388.09,396.12,1359625,https://stooq.com/q/d/l/?s=1803.jp&i=d,2026-03-26T08:35:00+00:00
1803,1803.T,1803.jp,2004-09-28,394.33,395.24,388.99,391.67,1981715,https://stooq.com/q/d/l/?s=1803.jp&i=d,2026-03-26T08:35:00+00:00
1803,1803.T,1803.jp,2004-09-29,394.33,397.00,384.51,388.09,3466880,https://stooq.com/q/d/l/?s=1803.jp&i=d,2026-03-26T08:35:00+00:00
1803,1803.T,1803.jp,2004-09-30,392.56,396.12,389.88,390.76,1927912,https://stooq.com/q/d/l/?s=1803.jp&i=d,2026-03-26T08:35:00+00:00
1803,1803.T,1803.jp,2004-10-01,393.44,400.58,392.56,399.67,1210549,https://stooq.com/q/d/l/?s=1803.jp&i=d,2026-03-26T08:35:00+00:00
1803,1803.T,1803.jp,2004-10-04,404.13,409.49,401.48,409.49,2498438,https://stooq.com/q/d/l/?s=1803.jp&i=d,2026-03-26T08:35:00+00:00
1803,1803.T,1803.jp,2004-10-05,405.02,408.61,402.36,405.02,2245119,https://stooq.com/q/d/l/?s=1803.jp&i=d,2026-03-26T08:35:00+00:00
1803,1803.T,1803.jp,2004-10-06,402.36,410.39,401.48,409.49,1535605,https://stooq.com/q/d/l/?s=1803.jp&i=d,2026-03-26T08:35:00+00:00
1803,1803.T,1803.jp,2004-10-07,418.42,422.88,415.74,422.88,4819780,https://stooq.com/q/d/l/?s=1803.jp&i=d,2026-03-26T08:35:00+00:00
1803,1803.T,1803.jp,2004-10-08,418.42,421.99,415.74,420.20,1955933,https://stooq.com/q/d/l/?s=1803.jp&i=d,2026-03-26T08:35:00+00:00
1803,1803.T,1803.jp,2004-10-12,420.20,422.88,414.85,417.53,1198220,https://stooq.com/q/d/l/?s=1803.jp&i=d,2026-03-26T08:35:00+00:00
1803,1803.T,1803.jp,2004-10-13,414.85,417.53,412.19,412.19,1291253,https://stooq.com/q/d/l/?s=1803.jp&i=d,2026-03-26T08:35:00+00:00
1803,1803.T,1803.jp,2004-10-14,413.07,413.07,402.36,403.27,1220636,https://stooq.com/q/d/l/?s=1803.jp&i=d,2026-03-26T08:35:00+00:00
1803,1803.T,1803.jp,2004-10-15,401.48,404.13,397.00,401.48,2273143,https://stooq.com/q/d/l/?s=1803.jp&i=d,2026-03-26T08:35:00+00:00
1803,1803.T,1803.jp,2004-10-18,402.36,402.36,396.12,399.67,996461,https://stooq.com/q/d/l/?s=1803.jp&i=d,2026-03-26T08:35:00+00:00
1803,1803.T,1803.jp,2004-10-19,399.67,406.82,398.80,404.13,2567935,https://stooq.com/q/d/l/?s=1803.jp&i=d,2026-03-26T08:35:00+00:00
1803,1803.T,1803.jp,2004-10-20,395.24,399.67,393.44,396.12,2180109,https://stooq.com/q/d/l/?s=1803.jp&i=d,2026-03-26T08:35:00+00:00
1803,1803.T,1803.jp,2004-10-21,394.33,397.00,388.99,391.67,1260989,https://stooq.com/q/d/l/?s=1803.jp&i=d,2026-03-26T08:35:00+00:00
1803,1803.T,1803.jp,2004-10-22,392.56,399.67,390.76,396.12,2604922,https://stooq.com/q/d/l/?s=1803.jp&i=d,2026-03-26T08:35:00+00:00
1803,1803.T,1803.jp,2004-10-25,399.67,402.36,391.67,394.33,3272967,https://stooq.com/q/d/l/?s=1803.jp&i=d,2026-03-26T08:35:00+00:00
1803,1803.T,1803.jp,2004-10-26,393.44,394.33,389.88,390.76,1287890,https://stooq.com/q/d/l/?s=1803.jp&i=d,2026-03-26T08:35:00+00:00
1803,1803.T,1803.jp,2004-10-27,390.76,393.44,386.29,388.99,1778835,https://stooq.com/q/d/l/?s=1803.jp&i=d,2026-03-26T08:35:00+00:00
1803,1803.T,1803.jp,2004-10-28,397.90,399.67,394.33,397.90,3229253,https://stooq.com/q/d/l/?s=1803.jp&i=d,2026-03-26T08:35:00+00:00
1803,1803.T,1803.jp,2004-10-29,397.90,405.93,393.44,401.48,3312198,https://stooq.com/q/d/l/?s=1803.jp&i=d,2026-03-26T08:35:00+00:00
1803,1803.T,1803.jp,2004-11-01,401.48,410.39,399.67,405.93,2465934,https://stooq.com/q/d/l/?s=1803.jp&i=d,2026-03-26T08:35:00+00:00
1803,1803.T,1803.jp,2004-11-02,413.07,424.67,410.39,422.88,4602329,https://stooq.com/q/d/l/?s=1803.jp&i=d,2026-03-26T08:35:00+00:00
1803,1803.T,1803.jp,2004-11-04,431.81,433.59,426.45,431.81,3322286,https://stooq.com/q/d/l/?s=1803.jp&i=d,2026-03-26T08:35:00+00:00
1803,1803.T,1803.jp,2004-11-05,432.68,434.48,430.92,434.48,1660022,https://stooq.com/q/d/l/?s=1803.jp&i=d,2026-03-26T08:35:00+00:00
1803,1803.T,1803.jp,2004-11-08,431.81,431.81,424.67,425.58,1447053,https://stooq.com/q/d/l/?s=1803.jp&i=d,2026-03-26T08:35:00+00:00
1803,1803.T,1803.jp,2004-11-09,430.02,436.28,427.34,433.59,3260635,https://stooq.com/q/d/l/?s=1803.jp&i=d,2026-03-26T08:35:00+00:00
1803,1803.T,1803.jp,2004-11-10,435.37,441.64,433.59,438.04,3156396,https://stooq.com/q/d/l/?s=1803.jp&i=d,2026-03-26T08:35:00+00:00
1803,1803.T,1803.jp,2004-11-11,439.83,439.83,429.12,430.02,1597253,https://stooq.com/q/d/l/?s=1803.jp&i=d,2026-03-26T08:35:00+00:00
1803,1803.T,1803.jp,2004-11-12,425.58,435.37,425.58,433.59,2842549,https://stooq.com/q/d/l/?s=1803.jp&i=d,2026-03-26T08:35:00+00:00
1803,1803.T,1803.jp,2004-11-15,435.37,446.97,433.59,445.19,3278573,https://stooq.com/q/d/l/?s=1803.jp&i=d,2026-03-26T08:35:00+00:00
1803,1803.T,1803.jp,2004-11-16,446.09,449.65,444.30,445.19,2196925,https://stooq.com/q/d/l/?s=1803.jp&i=d,2026-03-26T08:35:00+00:00
1803,1803.T,1803.jp,2004-11-17,444.30,453.21,442.50,449.65,3275208,https://stooq.com/q/d/l/?s=1803.jp&i=d,2026-03-26T08:35:00+00:00
1803,1803.T,1803.jp,2004-11-18,451.45,454.12,443.41,445.19,2490595,https://stooq.com/q/d/l/?s=1803.jp&i=d,2026-03-26T08:35:00+00:00
1803,1803.T,1803.jp,2004-11-19,449.65,454.12,447.86,450.54,3313321,https://stooq.com/q/d/l/?s=1803.jp&i=d,2026-03-26T08:35:00+00:00
1803,1803.T,1803.jp,2004-11-22,446.09,452.32,445.19,450.54,3530770,https://stooq.com/q/d/l/?s=1803.jp&i=d,2026-03-26T08:35:00+00:00
1803,1803.T,1803.jp,2004-11-24,445.19,450.54,444.30,449.65,2406527,https://stooq.com/q/d/l/?s=1803.jp&i=d,2026-03-26T08:35:00+00:00
1803,1803.T,1803.jp,2004-11-25,450.54,453.21,446.97,451.45,2878417,https://stooq.com/q/d/l/?s=1803.jp&i=d,2026-03-26T08:35:00+00:00
1803,1803.T,1803.jp,2004-11-26,452.32,455.01,447.86,450.54,1923430,https://stooq.com/q/d/l/?s=1803.jp&i=d,2026-03-26T08:35:00+00:00
1803,1803.T,1803.jp,2004-11-29,452.32,465.72,450.54,463.94,3439978,https://stooq.com/q/d/l/?s=1803.jp&i=d,2026-03-26T08:35:00+00:00
1803,1803.T,1803.jp,2004-11-30,464.83,474.64,461.24,471.05,3683207,https://stooq.com/q/d/l/?s=1803.jp&i=d,2026-03-26T08:35:00+00:00
1803,1803.T,1803.jp,2004-12-01,471.95,472.84,464.83,469.28,5058528,https://stooq.com/q/d/l/?s=1803.jp&i=d,2026-03-26T08:35:00+00:00
1803,1803.T,1803.jp,2004-12-02,469.28,469.28,458.56,465.72,5324176,https://stooq.com/q/d/l/?s=1803.jp&i=d,2026-03-26T08:35:00+00:00
1803,1803.T,1803.jp,2004-12-03,460.34,463.03,450.54,454.12,5634660,https://stooq.com/q/d/l/?s=1803.jp&i=d,2026-03-26T08:35:00+00:00
1803,1803.T,1803.jp,2004-12-06,446.97,451.45,444.30,448.75,3580087,https://stooq.com/q/d/l/?s=1803.jp&i=d,2026-03-26T08:35:00+00:00
1803,1803.T,1803.jp,2004-12-07,443.41,446.09,437.14,438.94,3036462,https://stooq.com/q/d/l/?s=1803.jp&i=d,2026-03-26T08:35:00+00:00
1803,1803.T,1803.jp,2004-12-08,437.14,441.64,434.48,438.94,2887384,https://stooq.com/q/d/l/?s=1803.jp&i=d,2026-03-26T08:35:00+00:00
1803,1803.T,1803.jp,2004-12-09,434.48,435.37,411.30,423.77,6099823,https://stooq.com/q/d/l/?s=1803.jp&i=d,2026-03-26T08:35:00+00:00
1803,1803.T,1803.jp,2004-12-10,419.32,428.25,418.42,423.77,7356330,https://stooq.com/q/d/l/?s=1803.jp&i=d,2026-03-26T08:35:00+00:00
1803,1803.T,1803.jp,2004-12-13,419.32,432.68,419.32,429.12,2210374,https://stooq.com/q/d/l/?s=1803.jp&i=d,2026-03-26T08:35:00+00:00
1803,1803.T,1803.jp,2004-12-14,429.12,432.68,424.67,428.25,1869625,https://stooq.com/q/d/l/?s=1803.jp&i=d,2026-03-26T08:35:00+00:00
1803,1803.T,1803.jp,2004-12-15,429.12,436.28,428.25,434.48,1472835,https://stooq.com/q/d/l/?s=1803.jp&i=d,2026-03-26T08:35:00+00:00
1803,1803.T,1803.jp,2004-12-16,430.02,434.48,429.12,430.92,1695888,https://stooq.com/q/d/l/?s=1803.jp&i=d,2026-03-26T08:35:00+00:00
1803,1803.T,1803.jp,2004-12-17,433.59,445.19,431.81,439.83,2889627,https://stooq.com/q/d/l/?s=1803.jp&i=d,2026-03-26T08:35:00+00:00
1803,1803.T,1803.jp,2004-12-20,439.83,441.64,437.14,438.04,1671232,https://stooq.com/q/d/l/?s=1803.jp&i=d,2026-03-26T08:35:00+00:00
1803,1803.T,1803.jp,2004-12-21,438.04,442.50,438.04,439.83,2844791,https://stooq.com/q/d/l/?s=1803.jp&i=d,2026-03-26T08:35:00+00:00
1803,1803.T,1803.jp,2004-12-22,439.83,442.50,438.04,439.83,2156570,https://stooq.com/q/d/l/?s=1803.jp&i=d,2026-03-26T08:35:00+00:00
1803,1803.T,1803.jp,2004-12-24,445.19,449.65,443.41,446.97,2013098,https://stooq.com/q/d/l/?s=1803.jp&i=d,2026-03-26T08:35:00+00:00
1803,1803.T,1803.jp,2004-12-27,445.19,447.86,441.64,447.86,993099,https://stooq.com/q/d/l/?s=1803.jp&i=d,2026-03-26T08:35:00+00:00
1803,1803.T,1803.jp,2004-12-28,442.50,449.65,440.71,447.86,2486111,https://stooq.com/q/d/l/?s=1803.jp&i=d,2026-03-26T08:35:00+00:00
1803,1803.T,1803.jp,2004-12-29,448.75,454.12,448.75,452.32,1662263,https://stooq.com/q/d/l/?s=1803.jp&i=d,2026-03-26T08:35:00+00:00
1803,1803.T,1803.jp,2004-12-30,455.89,458.56,455.01,458.56,770044,https://stooq.com/q/d/l/?s=1803.jp&i=d,2026-03-26T08:35:00+00:00
1803,1803.T,1803.jp,2005-01-04,452.32,459.45,446.97,459.45,930330,https://stooq.com/q/d/l/?s=1803.jp&i=d,2026-03-26T08:35:00+00:00
1803,1803.T,1803.jp,2005-01-05,451.45,453.21,446.09,451.45,1899893,https://stooq.com/q/d/l/?s=1803.jp&i=d,2026-03-26T08:35:00+00:00
1803,1803.T,1803.jp,2005-01-06,443.41,450.54,443.41,448.75,2901957,https://stooq.com/q/d/l/?s=1803.jp&i=d,2026-03-26T08:35:00+00:00
1803,1803.T,1803.jp,2005-01-07,450.54,453.21,446.09,446.97,1711582,https://stooq.com/q/d/l/?s=1803.jp&i=d,2026-03-26T08:35:00+00:00
1803,1803.T,1803.jp,2005-01-11,449.65,452.32,447.86,451.45,2803318,https://stooq.com/q/d/l/?s=1803.jp&i=d,2026-03-26T08:35:00+00:00
1803,1803.T,1803.jp,2005-01-12,451.45,452.32,447.86,448.75,1871869,https://stooq.com/q/d/l/?s=1803.jp&i=d,2026-03-26T08:35:00+00:00
1803,1803.T,1803.jp,2005-01-13,448.75,449.65,445.19,446.97,3192262,https://stooq.com/q/d/l/?s=1803.jp&i=d,2026-03-26T08:35:00+00:00
1803,1803.T,1803.jp,2005-01-14,446.97,450.54,444.30,447.86,4625867,https://stooq.com/q/d/l/?s=1803.jp&i=d,2026-03-26T08:35:00+00:00
1803,1803.T,1803.jp,2005-01-17,446.09,451.45,446.09,447.86,3150790,https://stooq.com/q/d/l/?s=1803.jp&i=d,2026-03-26T08:35:00+00:00
1803,1803.T,1803.jp,2005-01-18,447.86,448.75,436.28,437.14,3352549,https://stooq.com/q/d/l/?s=1803.jp&i=d,2026-03-26T08:35:00+00:00
1803,1803.T,1803.jp,2005-01-19,437.14,441.64,433.59,435.37,4277273,https://stooq.com/q/d/l/?s=1803.jp&i=d,2026-03-26T08:35:00+00:00
1803,1803.T,1803.jp,2005-01-20,430.92,434.48,428.25,432.68,2696835,https://stooq.com/q/d/l/?s=1803.jp&i=d,2026-03-26T08:35:00+00:00
1803,1803.T,1803.jp,2005-01-21,430.92,435.37,430.02,430.92,1981715,https://stooq.com/q/d/l/?s=1803.jp&i=d,2026-03-26T08:35:00+00:00
1803,1803.T,1803.jp,2005-01-24,433.59,446.97,432.68,444.30,4800724,https://stooq.com/q/d/l/?s=1803.jp&i=d,2026-03-26T08:35:00+00:00
1803,1803.T,1803.jp,2005-01-25,454.12,454.12,446.09,448.75,5336505,https://stooq.com/q/d/l/?s=1803.jp&i=d,2026-03-26T08:35:00+00:00
1803,1803.T,1803.jp,2005-01-26,449.65,452.32,445.19,449.65,3329012,https://stooq.com/q/d/l/?s=1803.jp&i=d,2026-03-26T08:35:00+00:00
1803,1803.T,1803.jp,2005-01-27,450.54,450.54,443.41,448.75,2032153,https://stooq.com/q/d/l/?s=1803.jp&i=d,2026-03-26T08:35:00+00:00
1803,1803.T,1803.jp,2005-01-28,451.45,455.01,449.65,455.01,2020945,https://stooq.com/q/d/l/?s=1803.jp&i=d,2026-03-26T08:35:00+00:00
1803,1803.T,1803.jp,2005-01-31,453.21,461.24,450.54,458.56,2841427,https://stooq.com/q/d/l/?s=1803.jp&i=d,2026-03-26T08:35:00+00:00
1803,1803.T,1803.jp,2005-02-01,463.03,465.72,459.45,461.24,4678551,https://stooq.com/q/d/l/?s=1803.jp&i=d,2026-03-26T08:35:00+00:00
1803,1803.T,1803.jp,2005-02-02,464.83,467.50,461.24,465.72,2518616,https://stooq.com/q/d/l/?s=1803.jp&i=d,2026-03-26T08:35:00+00:00
1803,1803.T,1803.jp,2005-02-03,465.72,470.16,464.83,468.39,3467998,https://stooq.com/q/d/l/?s=1803.jp&i=d,2026-03-26T08:35:00+00:00
1803,1803.T,1803.jp,2005-02-04,468.39,469.28,457.67,464.83,2876177,https://stooq.com/q/d/l/?s=1803.jp&i=d,2026-03-26T08:35:00+00:00
1803,1803.T,1803.jp,2005-02-07,459.45,469.28,459.45,468.39,2171143,https://stooq.com/q/d/l/?s=1803.jp&i=d,2026-03-26T08:35:00+00:00
1803,1803.T,1803.jp,2005-02-08,468.39,468.39,463.94,465.72,1654417,https://stooq.com/q/d/l/?s=1803.jp&i=d,2026-03-26T08:35:00+00:00
1803,1803.T,1803.jp,2005-02-09,462.14,463.94,457.67,462.14,2898595,https://stooq.com/q/d/l/?s=1803.jp&i=d,2026-03-26T08:35:00+00:00
1803,1803.T,1803.jp,2005-02-10,457.67,464.83,453.21,462.14,3086901,https://stooq.com/q/d/l/?s=1803.jp&i=d,2026-03-26T08:35:00+00:00
1803,1803.T,1803.jp,2005-02-14,471.05,475.52,470.16,471.95,2921010,https://stooq.com/q/d/l/?s=1803.jp&i=d,2026-03-26T08:35:00+00:00
1803,1803.T,1803.jp,2005-02-15,471.95,474.64,467.50,473.73,2200285,https://stooq.com/q/d/l/?s=1803.jp&i=d,2026-03-26T08:35:00+00:00
1803,1803.T,1803.jp,2005-02-16,469.28,470.16,460.34,461.24,2084833,https://stooq.com/q/d/l/?s=1803.jp&i=d,2026-03-26T08:35:00+00:00
1803,1803.T,1803.jp,2005-02-17,461.24,466.61,461.24,462.14,1123120,https://stooq.com/q/d/l/?s=1803.jp&i=d,2026-03-26T08:35:00+00:00
1803,1803.T,1803.jp,2005-02-18,463.03,470.16,461.24,468.39,1530001,https://stooq.com/q/d/l/?s=1803.jp&i=d,2026-03-26T08:35:00+00:00
1803,1803.T,1803.jp,2005-02-21,471.05,471.05,465.72,465.72,1217273,https://stooq.com/q/d/l/?s=1803.jp&i=d,2026-03-26T08:35:00+00:00
1803,1803.T,1803.jp,2005-02-22,466.61,468.39,461.24,462.14,1374197,https://stooq.com/q/d/l/?s=1803.jp&i=d,2026-03-26T08:35:00+00:00
1803,1803.T,1803.jp,2005-02-23,462.14,462.14,453.21,458.56,1478441,https://stooq.com/q/d/l/?s=1803.jp&i=d,2026-03-26T08:35:00+00:00
1803,1803.T,1803.jp,2005-02-24,463.94,463.94,456.78,459.45,1934636,https://stooq.com/q/d/l/?s=1803.jp&i=d,2026-03-26T08:35:00+00:00
1803,1803.T,1803.jp,2005-02-25,456.78,462.14,455.89,455.89,2450241,https://stooq.com/q/d/l/?s=1803.jp&i=d,2026-03-26T08:35:00+00:00
1803,1803.T,1803.jp,2005-02-28,457.67,461.24,457.67,458.56,2573538,https://stooq.com/q/d/l/?s=1803.jp&i=d,2026-03-26T08:35:00+00:00
1803,1803.T,1803.jp,2005-03-01,464.83,469.28,459.45,466.61,4910571,https://stooq.com/q/d/l/?s=1803.jp&i=d,2026-03-26T08:35:00+00:00
1803,1803.T,1803.jp,2005-03-02,472.84,484.46,472.84,480.86,6711824,https://stooq.com/q/d/l/?s=1803.jp&i=d,2026-03-26T08:35:00+00:00
1803,1803.T,1803.jp,2005-03-03,486.23,486.23,479.98,483.54,2739428,https://stooq.com/q/d/l/?s=1803.jp&i=d,2026-03-26T08:35:00+00:00
1803,1803.T,1803.jp,2005-03-04,478.21,482.66,476.41,481.76,1766505,https://stooq.com/q/d/l/?s=1803.jp&i=d,2026-03-26T08:35:00+00:00
1803,1803.T,1803.jp,2005-03-07,488.91,490.70,487.12,488.91,2631824,https://stooq.com/q/d/l/?s=1803.jp&i=d,2026-03-26T08:35:00+00:00
1803,1803.T,1803.jp,2005-03-08,484.46,488.91,484.46,485.32,2424459,https://stooq.com/q/d/l/?s=1803.jp&i=d,2026-03-26T08:35:00+00:00
1803,1803.T,1803.jp,2005-03-09,485.32,491.57,482.66,484.46,2798834,https://stooq.com/q/d/l/?s=1803.jp&i=d,2026-03-26T08:35:00+00:00
1803,1803.T,1803.jp,2005-03-10,486.23,488.91,483.54,485.32,3460152,https://stooq.com/q/d/l/?s=1803.jp&i=d,2026-03-26T08:35:00+00:00
1803,1803.T,1803.jp,2005-03-11,500.52,505.86,494.25,504.95,9781912,https://stooq.com/q/d/l/?s=1803.jp&i=d,2026-03-26T08:35:00+00:00
1803,1803.T,1803.jp,2005-03-14,508.54,516.54,507.63,512.99,6178284,https://stooq.com/q/d/l/?s=1803.jp&i=d,2026-03-26T08:35:00+00:00
1803,1803.T,1803.jp,2005-03-15,514.77,516.54,507.63,510.32,3447823,https://stooq.com/q/d/l/?s=1803.jp&i=d,2026-03-26T08:35:00+00:00
1803,1803.T,1803.jp,2005-03-16,506.74,507.63,501.40,507.63,4403935,https://stooq.com/q/d/l/?s=1803.jp&i=d,2026-03-26T08:35:00+00:00
1803,1803.T,1803.jp,2005-03-17,510.32,512.11,505.86,505.86,2626218,https://stooq.com/q/d/l/?s=1803.jp&i=d,2026-03-26T08:35:00+00:00
1803,1803.T,1803.jp,2005-03-18,505.86,512.11,504.95,511.21,2293319,https://stooq.com/q/d/l/?s=1803.jp&i=d,2026-03-26T08:35:00+00:00
1803,1803.T,1803.jp,2005-03-22,512.11,517.45,510.32,514.77,3454550,https://stooq.com/q/d/l/?s=1803.jp&i=d,2026-03-26T08:35:00+00:00
1803,1803.T,1803.jp,2005-03-23,516.54,516.54,502.30,504.95,4494726,https://stooq.com/q/d/l/?s=1803.jp&i=d,2026-03-26T08:35:00+00:00
1803,1803.T,1803.jp,2005-03-24,512.11,513.88,504.08,505.86,3729162,https://stooq.com/q/d/l/?s=1803.jp&i=d,2026-03-26T08:35:00+00:00
1803,1803.T,1803.jp,2005-03-25,505.86,505.86,491.57,492.47,2446880,https://stooq.com/q/d/l/?s=1803.jp&i=d,2026-03-26T08:35:00+00:00
1803,1803.T,1803.jp,2005-03-28,496.04,504.95,493.35,500.52,2071383,https://stooq.com/q/d/l/?s=1803.jp&i=d,2026-03-26T08:35:00+00:00
1803,1803.T,1803.jp,2005-03-29,501.40,501.40,483.54,488.03,2296682,https://stooq.com/q/d/l/?s=1803.jp&i=d,2026-03-26T08:35:00+00:00
1803,1803.T,1803.jp,2005-03-30,480.86,484.46,471.95,476.41,3054396,https://stooq.com/q/d/l/?s=1803.jp&i=d,2026-03-26T08:35:00+00:00
1803,1803.T,1803.jp,2005-03-31,485.32,490.70,476.41,489.81,2907558,https://stooq.com/q/d/l/?s=1803.jp&i=d,2026-03-26T08:35:00+00:00
1803,1803.T,1803.jp,2005-04-01,480.86,485.32,479.09,484.46,2650878,https://stooq.com/q/d/l/?s=1803.jp&i=d,2026-03-26T08:35:00+00:00
1803,1803.T,1803.jp,2005-04-04,478.21,481.76,473.73,479.98,2274265,https://stooq.com/q/d/l/?s=1803.jp&i=d,2026-03-26T08:35:00+00:00
1803,1803.T,1803.jp,2005-04-05,475.52,479.09,473.73,476.41,2609407,https://stooq.com/q/d/l/?s=1803.jp&i=d,2026-03-26T08:35:00+00:00
1803,1803.T,1803.jp,2005-04-06,477.31,480.86,475.52,479.09,2236152,https://stooq.com/q/d/l/?s=1803.jp&i=d,2026-03-26T08:35:00+00:00
1803,1803.T,1803.jp,2005-04-07,483.54,483.54,475.52,479.98,1972746,https://stooq.com/q/d/l/?s=1803.jp&i=d,2026-03-26T08:35:00+00:00
1803,1803.T,1803.jp,2005-04-08,486.23,488.91,483.54,484.46,2841427,https://stooq.com/q/d/l/?s=1803.jp&i=d,2026-03-26T08:35:00+00:00
1803,1803.T,1803.jp,2005-04-11,486.23,488.03,481.76,483.54,2840307,https://stooq.com/q/d/l/?s=1803.jp&i=d,2026-03-26T08:35:00+00:00
1803,1803.T,1803.jp,2005-04-12,487.12,487.12,479.98,480.86,2441275,https://stooq.com/q/d/l/?s=1803.jp&i=d,2026-03-26T08:35:00+00:00
1803,1803.T,1803.jp,2005-04-13,481.76,485.32,471.95,477.31,1518791,https://stooq.com/q/d/l/?s=1803.jp&i=d,2026-03-26T08:35:00+00:00
1803,1803.T,1803.jp,2005-04-14,468.39,472.84,461.24,469.28,3840131,https://stooq.com/q/d/l/?s=1803.jp&i=d,2026-03-26T08:35:00+00:00
1803,1803.T,1803.jp,2005-04-15,460.34,462.14,455.89,458.56,2847034,https://stooq.com/q/d/l/?s=1803.jp&i=d,2026-03-26T08:35:00+00:00
1803,1803.T,1803.jp,2005-04-18,449.65,449.65,435.37,437.14,2968087,https://stooq.com/q/d/l/?s=1803.jp&i=d,2026-03-26T08:35:00+00:00
1803,1803.T,1803.jp,2005-04-19,446.09,449.65,442.50,446.09,2622857,https://stooq.com/q/d/l/?s=1803.jp&i=d,2026-03-26T08:35:00+00:00
1803,1803.T,1803.jp,2005-04-20,453.21,453.21,446.09,448.75,3067845,https://stooq.com/q/d/l/?s=1803.jp&i=d,2026-03-26T08:35:00+00:00
1803,1803.T,1803.jp,2005-04-21,439.83,446.97,434.48,444.30,2330306,https://stooq.com/q/d/l/?s=1803.jp&i=d,2026-03-26T08:35:00+00:00
1803,1803.T,1803.jp,2005-04-22,449.65,450.54,443.41,444.30,3573362,https://stooq.com/q/d/l/?s=1803.jp&i=d,2026-03-26T08:35:00+00:00
1803,1803.T,1803.jp,2005-04-25,439.83,445.19,438.94,440.71,2730460,https://stooq.com/q/d/l/?s=1803.jp&i=d,2026-03-26T08:35:00+00:00
1803,1803.T,1803.jp,2005-04-26,438.04,448.75,436.28,445.19,4659495,https://stooq.com/q/d/l/?s=1803.jp&i=d,2026-03-26T08:35:00+00:00
1803,1803.T,1803.jp,2005-04-27,443.41,444.30,438.94,439.83,1961538,https://stooq.com/q/d/l/?s=1803.jp&i=d,2026-03-26T08:35:00+00:00
1803,1803.T,1803.jp,2005-04-28,441.64,444.30,437.14,444.30,2662088,https://stooq.com/q/d/l/?s=1803.jp&i=d,2026-03-26T08:35:00+00:00
1803,1803.T,1803.jp,2005-05-02,442.50,445.19,438.94,442.50,1513187,https://stooq.com/q/d/l/?s=1803.jp&i=d,2026-03-26T08:35:00+00:00
1803,1803.T,1803.jp,2005-05-06,448.75,453.21,446.97,453.21,1445932,https://stooq.com/q/d/l/?s=1803.jp&i=d,2026-03-26T08:35:00+00:00
1803,1803.T,1803.jp,2005-05-09,455.89,455.89,446.97,452.32,1978352,https://stooq.com/q/d/l/?s=1803.jp&i=d,2026-03-26T08:35:00+00:00
1803,1803.T,1803.jp,2005-05-10,453.21,453.21,447.86,448.75,1352901,https://stooq.com/q/d/l/?s=1803.jp&i=d,2026-03-26T08:35:00+00:00
1803,1803.T,1803.jp,2005-05-11,444.30,446.09,440.71,441.64,1507582,https://stooq.com/q/d/l/?s=1803.jp&i=d,2026-03-26T08:35:00+00:00
1803,1803.T,1803.jp,2005-05-12,444.30,447.86,442.50,445.19,2276504,https://stooq.com/q/d/l/?s=1803.jp&i=d,2026-03-26T08:35:00+00:00
1803,1803.T,1803.jp,2005-05-13,440.71,442.50,438.04,438.94,2695713,https://stooq.com/q/d/l/?s=1803.jp&i=d,2026-03-26T08:35:00+00:00
1803,1803.T,1803.jp,2005-05-16,434.48,436.28,425.58,426.45,2339276,https://stooq.com/q/d/l/?s=1803.jp&i=d,2026-03-26T08:35:00+00:00
1803,1803.T,1803.jp,2005-05-17,425.58,429.12,414.85,415.74,3113801,https://stooq.com/q/d/l/?s=1803.jp&i=d,2026-03-26T08:35:00+00:00
1803,1803.T,1803.jp,2005-05-18,413.97,423.77,408.61,421.99,5692946,https://stooq.com/q/d/l/?s=1803.jp&i=d,2026-03-26T08:35:00+00:00
1803,1803.T,1803.jp,2005-05-19,439.83,440.71,427.34,438.94,9136285,https://stooq.com/q/d/l/?s=1803.jp&i=d,2026-03-26T08:35:00+00:00
1803,1803.T,1803.jp,2005-05-20,440.71,446.97,435.37,439.83,5703032,https://stooq.com/q/d/l/?s=1803.jp&i=d,2026-03-26T08:35:00+00:00
1803,1803.T,1803.jp,2005-05-23,438.04,441.64,433.59,437.14,1996284,https://stooq.com/q/d/l/?s=1803.jp&i=d,2026-03-26T08:35:00+00:00
1803,1803.T,1803.jp,2005-05-24,441.64,451.45,441.64,443.41,3299867,https://stooq.com/q/d/l/?s=1803.jp&i=d,2026-03-26T08:35:00+00:00
1803,1803.T,1803.jp,2005-05-25,444.30,444.30,432.68,435.37,3816592,https://stooq.com/q/d/l/?s=1803.jp&i=d,2026-03-26T08:35:00+00:00
1803,1803.T,1803.jp,2005-05-26,430.92,435.37,427.34,430.02,2477140,https://stooq.com/q/d/l/?s=1803.jp&i=d,2026-03-26T08:35:00+00:00
1803,1803.T,1803.jp,2005-05-27,428.25,431.81,422.88,425.58,4436440,https://stooq.com/q/d/l/?s=1803.jp&i=d,2026-03-26T08:35:00+00:00
1803,1803.T,1803.jp,2005-05-30,426.45,433.59,425.58,432.68,2592594,https://stooq.com/q/d/l/?s=1803.jp&i=d,2026-03-26T08:35:00+00:00
1803,1803.T,1803.jp,2005-05-31,429.12,431.81,423.77,431.81,4186483,https://stooq.com/q/d/l/?s=1803.jp&i=d,2026-03-26T08:35:00+00:00
1803,1803.T,1803.jp,2005-06-01,427.34,436.28,427.34,435.37,2586988,https://stooq.com/q/d/l/?s=1803.jp&i=d,2026-03-26T08:35:00+00:00
1803,1803.T,1803.jp,2005-06-02,436.28,439.83,431.81,436.28,2478262,https://stooq.com/q/d/l/?s=1803.jp&i=d,2026-03-26T08:35:00+00:00
1803,1803.T,1803.jp,2005-06-03,438.94,441.64,434.48,440.71,3392899,https://stooq.com/q/d/l/?s=1803.jp&i=d,2026-03-26T08:35:00+00:00
1803,1803.T,1803.jp,2005-06-06,437.14,437.14,428.25,430.92,5022659,https://stooq.com/q/d/l/?s=1803.jp&i=d,2026-03-26T08:35:00+00:00
1803,1803.T,1803.jp,2005-06-07,430.92,431.81,423.77,427.34,2242878,https://stooq.com/q/d/l/?s=1803.jp&i=d,2026-03-26T08:35:00+00:00
1803,1803.T,1803.jp,2005-06-08,427.34,431.81,426.45,430.02,1319273,https://stooq.com/q/d/l/?s=1803.jp&i=d,2026-03-26T08:35:00+00:00
1803,1803.T,1803.jp,2005-06-09,431.81,432.68,421.99,423.77,1430241,https://stooq.com/q/d/l/?s=1803.jp&i=d,2026-03-26T08:35:00+00:00
1803,1803.T,1803.jp,2005-06-10,424.67,430.02,424.67,426.45,6022484,https://stooq.com/q/d/l/?s=1803.jp&i=d,2026-03-26T08:35:00+00:00
1803,1803.T,1803.jp,2005-06-13,427.34,430.92,424.67,425.58,2120702,https://stooq.com/q/d/l/?s=1803.jp&i=d,2026-03-26T08:35:00+00:00
1803,1803.T,1803.jp,2005-06-14,427.34,427.34,421.99,425.58,1535605,https://stooq.com/q/d/l/?s=1803.jp&i=d,2026-03-26T08:35:00+00:00
1803,1803.T,1803.jp,2005-06-15,428.25,437.14,422.88,435.37,4661738,https://stooq.com/q/d/l/?s=1803.jp&i=d,2026-03-26T08:35:00+00:00
1803,1803.T,1803.jp,2005-06-16,435.37,439.83,434.48,437.14,2812286,https://stooq.com/q/d/l/?s=1803.jp&i=d,2026-03-26T08:35:00+00:00
1803,1803.T,1803.jp,2005-06-17,438.04,440.71,436.28,439.83,2394198,https://stooq.com/q/d/l/?s=1803.jp&i=d,2026-03-26T08:35:00+00:00
1803,1803.T,1803.jp,2005-06-20,438.94,438.94,434.48,438.04,1058109,https://stooq.com/q/d/l/?s=1803.jp&i=d,2026-03-26T08:35:00+00:00
1803,1803.T,1803.jp,2005-06-21,438.04,448.75,437.14,446.97,2797713,https://stooq.com/q/d/l/?s=1803.jp&i=d,2026-03-26T08:35:00+00:00
1803,1803.T,1803.jp,2005-06-22,449.65,458.56,446.09,458.56,5388064,https://stooq.com/q/d/l/?s=1803.jp&i=d,2026-03-26T08:35:00+00:00
1803,1803.T,1803.jp,2005-06-23,463.94,466.61,458.56,462.14,6318395,https://stooq.com/q/d/l/?s=1803.jp&i=d,2026-03-26T08:35:00+00:00
1803,1803.T,1803.jp,2005-06-24,455.01,462.14,455.01,461.24,3165363,https://stooq.com/q/d/l/?s=1803.jp&i=d,2026-03-26T08:35:00+00:00
1803,1803.T,1803.jp,2005-06-27,454.12,458.56,450.54,455.89,2087076,https://stooq.com/q/d/l/?s=1803.jp&i=d,2026-03-26T08:35:00+00:00
1803,1803.T,1803.jp,2005-06-28,459.45,467.50,456.78,466.61,3772881,https://stooq.com/q/d/l/?s=1803.jp&i=d,2026-03-26T08:35:00+00:00
1803,1803.T,1803.jp,2005-06-29,465.72,465.72,459.45,465.72,3478090,https://stooq.com/q/d/l/?s=1803.jp&i=d,2026-03-26T08:35:00+00:00
1803,1803.T,1803.jp,2005-06-30,468.39,468.39,459.45,461.24,1783320,https://stooq.com/q/d/l/?s=1803.jp&i=d,2026-03-26T08:35:00+00:00
1803,1803.T,1803.jp,2005-07-01,458.56,471.05,455.89,468.39,2493956,https://stooq.com/q/d/l/?s=1803.jp&i=d,2026-03-26T08:35:00+00:00
1803,1803.T,1803.jp,2005-07-04,470.16,475.52,470.16,473.73,5737782,https://stooq.com/q/d/l/?s=1803.jp&i=d,2026-03-26T08:35:00+00:00
1803,1803.T,1803.jp,2005-07-05,474.64,475.52,471.05,471.95,1807976,https://stooq.com/q/d/l/?s=1803.jp&i=d,2026-03-26T08:35:00+00:00
1803,1803.T,1803.jp,2005-07-06,472.84,472.84,463.94,464.83,1391012,https://stooq.com/q/d/l/?s=1803.jp&i=d,2026-03-26T08:35:00+00:00
1803,1803.T,1803.jp,2005-07-07,463.94,467.50,461.24,467.50,1374197,https://stooq.com/q/d/l/?s=1803.jp&i=d,2026-03-26T08:35:00+00:00
1803,1803.T,1803.jp,2005-07-08,463.94,466.61,461.24,462.14,2796592,https://stooq.com/q/d/l/?s=1803.jp&i=d,2026-03-26T08:35:00+00:00
1803,1803.T,1803.jp,2005-07-11,466.61,471.05,463.94,463.94,1875231,https://stooq.com/q/d/l/?s=1803.jp&i=d,2026-03-26T08:35:00+00:00
1803,1803.T,1803.jp,2005-07-12,463.03,465.72,456.78,459.45,1924548,https://stooq.com/q/d/l/?s=1803.jp&i=d,2026-03-26T08:35:00+00:00
1803,1803.T,1803.jp,2005-07-13,456.78,457.67,455.01,455.01,2054571,https://stooq.com/q/d/l/?s=1803.jp&i=d,2026-03-26T08:35:00+00:00
1803,1803.T,1803.jp,2005-07-14,455.01,465.72,455.01,462.14,3114923,https://stooq.com/q/d/l/?s=1803.jp&i=d,2026-03-26T08:35:00+00:00
1803,1803.T,1803.jp,2005-07-15,471.05,471.05,465.72,467.50,3104836,https://stooq.com/q/d/l/?s=1803.jp&i=d,2026-03-26T08:35:00+00:00
1803,1803.T,1803.jp,2005-07-19,465.72,466.61,459.45,464.83,2529825,https://stooq.com/q/d/l/?s=1803.jp&i=d,2026-03-26T08:35:00+00:00
1803,1803.T,1803.jp,2005-07-20,462.14,463.94,459.45,462.14,2562330,https://stooq.com/q/d/l/?s=1803.jp&i=d,2026-03-26T08:35:00+00:00
1803,1803.T,1803.jp,2005-07-21,461.24,462.14,455.01,455.01,2157694,https://stooq.com/q/d/l/?s=1803.jp&i=d,2026-03-26T08:35:00+00:00
1803,1803.T,1803.jp,2005-07-22,455.01,460.34,452.32,456.78,2774176,https://stooq.com/q/d/l/?s=1803.jp&i=d,2026-03-26T08:35:00+00:00
1803,1803.T,1803.jp,2005-07-25,460.34,460.34,455.89,456.78,1273321,https://stooq.com/q/d/l/?s=1803.jp&i=d,2026-03-26T08:35:00+00:00
1803,1803.T,1803.jp,2005-07-26,457.67,466.61,457.67,464.83,3705626,https://stooq.com/q/d/l/?s=1803.jp&i=d,2026-03-26T08:35:00+00:00
1803,1803.T,1803.jp,2005-07-27,469.28,476.41,467.50,475.52,3621559,https://stooq.com/q/d/l/?s=1803.jp&i=d,2026-03-26T08:35:00+00:00
1803,1803.T,1803.jp,2005-07-28,473.73,478.21,471.95,475.52,2201409,https://stooq.com/q/d/l/?s=1803.jp&i=d,2026-03-26T08:35:00+00:00
1803,1803.T,1803.jp,2005-07-29,478.21,479.98,474.64,478.21,2090440,https://stooq.com/q/d/l/?s=1803.jp&i=d,2026-03-26T08:35:00+00:00
1803,1803.T,1803.jp,2005-08-01,477.31,484.46,477.31,482.66,2143120,https://stooq.com/q/d/l/?s=1803.jp&i=d,2026-03-26T08:35:00+00:00
1803,1803.T,1803.jp,2005-08-02,483.54,485.32,479.98,479.98,1766505,https://stooq.com/q/d/l/?s=1803.jp&i=d,2026-03-26T08:35:00+00:00
1803,1803.T,1803.jp,2005-08-03,481.76,485.32,479.98,485.32,2404284,https://stooq.com/q/d/l/?s=1803.jp&i=d,2026-03-26T08:35:00+00:00
1803,1803.T,1803.jp,2005-08-04,482.66,484.46,479.09,483.54,2711406,https://stooq.com/q/d/l/?s=1803.jp&i=d,2026-03-26T08:35:00+00:00
1803,1803.T,1803.jp,2005-08-05,478.21,480.86,468.39,471.05,2083715,https://stooq.com/q/d/l/?s=1803.jp&i=d,2026-03-26T08:35:00+00:00
1803,1803.T,1803.jp,2005-08-08,462.14,473.73,462.14,473.73,1444813,https://stooq.com/q/d/l/?s=1803.jp&i=d,2026-03-26T08:35:00+00:00
1803,1803.T,1803.jp,2005-08-09,477.31,480.86,473.73,479.98,1879714,https://stooq.com/q/d/l/?s=1803.jp&i=d,2026-03-26T08:35:00+00:00
1803,1803.T,1803.jp,2005-08-10,479.98,500.52,479.09,499.60,6494373,https://stooq.com/q/d/l/?s=1803.jp&i=d,2026-03-26T08:35:00+00:00
1803,1803.T,1803.jp,2005-08-11,507.63,527.26,506.74,523.71,9380638,https://stooq.com/q/d/l/?s=1803.jp&i=d,2026-03-26T08:35:00+00:00
1803,1803.T,1803.jp,2005-08-12,529.93,529.93,518.35,518.35,5191912,https://stooq.com/q/d/l/?s=1803.jp&i=d,2026-03-26T08:35:00+00:00
1803,1803.T,1803.jp,2005-08-15,515.65,521.92,513.88,521.92,2278747,https://stooq.com/q/d/l/?s=1803.jp&i=d,2026-03-26T08:35:00+00:00
1803,1803.T,1803.jp,2005-08-16,530.85,530.85,522.82,525.49,3398506,https://stooq.com/q/d/l/?s=1803.jp&i=d,2026-03-26T08:35:00+00:00
1803,1803.T,1803.jp,2005-08-17,526.38,528.16,524.59,524.59,3494901,https://stooq.com/q/d/l/?s=1803.jp&i=d,2026-03-26T08:35:00+00:00
1803,1803.T,1803.jp,2005-08-18,525.49,529.93,524.59,527.26,2340396,https://stooq.com/q/d/l/?s=1803.jp&i=d,2026-03-26T08:35:00+00:00
1803,1803.T,1803.jp,2005-08-19,527.26,528.16,521.03,523.71,2306769,https://stooq.com/q/d/l/?s=1803.jp&i=d,2026-03-26T08:35:00+00:00
1803,1803.T,1803.jp,2005-08-22,524.59,542.44,523.71,542.44,5120177,https://stooq.com/q/d/l/?s=1803.jp&i=d,2026-03-26T08:35:00+00:00
1803,1803.T,1803.jp,2005-08-23,543.33,545.12,537.08,537.08,4044133,https://stooq.com/q/d/l/?s=1803.jp&i=d,2026-03-26T08:35:00+00:00
1803,1803.T,1803.jp,2005-08-24,537.08,537.97,529.05,534.41,2432309,https://stooq.com/q/d/l/?s=1803.jp&i=d,2026-03-26T08:35:00+00:00
1803,1803.T,1803.jp,2005-08-25,534.41,535.28,520.15,520.15,3243824,https://stooq.com/q/d/l/?s=1803.jp&i=d,2026-03-26T08:35:00+00:00
1803,1803.T,1803.jp,2005-08-26,521.92,524.59,514.77,519.23,3316679,https://stooq.com/q/d/l/?s=1803.jp&i=d,2026-03-26T08:35:00+00:00
1803,1803.T,1803.jp,2005-08-29,516.54,517.45,509.41,511.21,2955759,https://stooq.com/q/d/l/?s=1803.jp&i=d,2026-03-26T08:35:00+00:00
1803,1803.T,1803.jp,2005-08-30,512.99,523.71,512.99,523.71,2446880,https://stooq.com/q/d/l/?s=1803.jp&i=d,2026-03-26T08:35:00+00:00
1803,1803.T,1803.jp,2005-08-31,514.77,530.85,511.21,528.16,4648284,https://stooq.com/q/d/l/?s=1803.jp&i=d,2026-03-26T08:35:00+00:00
1803,1803.T,1803.jp,2005-09-01,537.08,539.75,528.16,528.16,2999471,https://stooq.com/q/d/l/?s=1803.jp&i=d,2026-03-26T08:35:00+00:00
1803,1803.T,1803.jp,2005-09-02,533.51,536.18,529.93,536.18,2088197,https://stooq.com/q/d/l/?s=1803.jp&i=d,2026-03-26T08:35:00+00:00
1803,1803.T,1803.jp,2005-09-05,539.75,546.01,535.28,537.08,6804858,https://stooq.com/q/d/l/?s=1803.jp&i=d,2026-03-26T08:35:00+00:00
1803,1803.T,1803.jp,2005-09-06,539.75,544.22,532.62,537.08,5756835,https://stooq.com/q/d/l/?s=1803.jp&i=d,2026-03-26T08:35:00+00:00
1803,1803.T,1803.jp,2005-09-07,548.68,548.68,534.41,537.97,4510420,https://stooq.com/q/d/l/?s=1803.jp&i=d,2026-03-26T08:35:00+00:00
1803,1803.T,1803.jp,2005-09-08,539.75,539.75,528.16,538.85,3054396,https://stooq.com/q/d/l/?s=1803.jp&i=d,2026-03-26T08:35:00+00:00
1803,1803.T,1803.jp,2005-09-09,547.78,555.81,543.33,555.81,11167319,https://stooq.com/q/d/l/?s=1803.jp&i=d,2026-03-26T08:35:00+00:00
1803,1803.T,1803.jp,2005-09-12,573.66,592.39,569.20,572.76,8195867,https://stooq.com/q/d/l/?s=1803.jp&i=d,2026-03-26T08:35:00+00:00
1803,1803.T,1803.jp,2005-09-13,570.98,573.66,565.62,567.41,4587760,https://stooq.com/q/d/l/?s=1803.jp&i=d,2026-03-26T08:35:00+00:00
1803,1803.T,1803.jp,2005-09-14,567.41,580.79,565.62,579.02,5418329,https://stooq.com/q/d/l/?s=1803.jp&i=d,2026-03-26T08:35:00+00:00
1803,1803.T,1803.jp,2005-09-15,579.02,593.29,577.23,592.39,4693120,https://stooq.com/q/d/l/?s=1803.jp&i=d,2026-03-26T08:35:00+00:00
1803,1803.T,1803.jp,2005-09-16,593.29,599.54,582.58,598.64,4236924,https://stooq.com/q/d/l/?s=1803.jp&i=d,2026-03-26T08:35:00+00:00
1803,1803.T,1803.jp,2005-09-20,602.21,612.91,600.42,612.00,4047494,https://stooq.com/q/d/l/?s=1803.jp&i=d,2026-03-26T08:35:00+00:00
1803,1803.T,1803.jp,2005-09-21,612.00,617.38,603.09,614.69,4446528,https://stooq.com/q/d/l/?s=1803.jp&i=d,2026-03-26T08:35:00+00:00
1803,1803.T,1803.jp,2005-09-22,602.21,607.56,594.19,602.21,3426527,https://stooq.com/q/d/l/?s=1803.jp&i=d,2026-03-26T08:35:00+00:00
1803,1803.T,1803.jp,2005-09-26,611.11,618.28,603.99,618.28,3457911,https://stooq.com/q/d/l/?s=1803.jp&i=d,2026-03-26T08:35:00+00:00
1803,1803.T,1803.jp,2005-09-27,615.58,645.93,604.88,630.75,7998593,https://stooq.com/q/d/l/?s=1803.jp&i=d,2026-03-26T08:35:00+00:00
1803,1803.T,1803.jp,2005-09-28,641.45,646.80,636.99,641.45,6131209,https://stooq.com/q/d/l/?s=1803.jp&i=d,2026-03-26T08:35:00+00:00
1803,1803.T,1803.jp,2005-09-29,646.80,672.68,643.25,667.34,7451604,https://stooq.com/q/d/l/?s=1803.jp&i=d,2026-03-26T08:35:00+00:00
1803,1803.T,1803.jp,2005-09-30,685.16,685.16,658.39,662.86,6093098,https://stooq.com/q/d/l/?s=1803.jp&i=d,2026-03-26T08:35:00+00:00
1803,1803.T,1803.jp,2005-10-03,642.36,649.48,630.75,641.45,5386946,https://stooq.com/q/d/l/?s=1803.jp&i=d,2026-03-26T08:35:00+00:00
1803,1803.T,1803.jp,2005-10-04,632.56,638.76,613.79,620.05,8886330,https://stooq.com/q/d/l/?s=1803.jp&i=d,2026-03-26T08:35:00+00:00
1803,1803.T,1803.jp,2005-10-05,615.58,622.74,604.88,611.11,6496615,https://stooq.com/q/d/l/?s=1803.jp&i=d,2026-03-26T08:35:00+00:00
1803,1803.T,1803.jp,2005-10-06,602.21,611.11,594.19,597.75,4437561,https://stooq.com/q/d/l/?s=1803.jp&i=d,2026-03-26T08:35:00+00:00
1803,1803.T,1803.jp,2005-10-07,588.81,605.76,584.38,602.21,6636725,https://stooq.com/q/d/l/?s=1803.jp&i=d,2026-03-26T08:35:00+00:00
1803,1803.T,1803.jp,2005-10-11,603.09,621.82,598.64,621.82,5960835,https://stooq.com/q/d/l/?s=1803.jp&i=d,2026-03-26T08:35:00+00:00
1803,1803.T,1803.jp,2005-10-12,630.75,631.64,611.11,611.11,6943847,https://stooq.com/q/d/l/?s=1803.jp&i=d,2026-03-26T08:35:00+00:00
1803,1803.T,1803.jp,2005-10-13,603.99,614.69,601.31,613.79,3272967,https://stooq.com/q/d/l/?s=1803.jp&i=d,2026-03-26T08:35:00+00:00
1803,1803.T,1803.jp,2005-10-14,631.64,632.56,612.00,616.48,6382284,https://stooq.com/q/d/l/?s=1803.jp&i=d,2026-03-26T08:35:00+00:00
1803,1803.T,1803.jp,2005-10-17,623.62,623.62,608.44,610.23,2664329,https://stooq.com/q/d/l/?s=1803.jp&i=d,2026-03-26T08:35:00+00:00
1803,1803.T,1803.jp,2005-10-18,609.34,616.48,602.21,614.69,4513780,https://stooq.com/q/d/l/?s=1803.jp&i=d,2026-03-26T08:35:00+00:00
1803,1803.T,1803.jp,2005-10-19,612.00,612.91,583.47,589.73,6947208,https://stooq.com/q/d/l/?s=1803.jp&i=d,2026-03-26T08:35:00+00:00
1803,1803.T,1803.jp,2005-10-20,597.75,611.11,597.75,603.99,4742438,https://stooq.com/q/d/l/?s=1803.jp&i=d,2026-03-26T08:35:00+00:00
1803,1803.T,1803.jp,2005-10-21,595.08,605.76,589.73,601.31,3074569,https://stooq.com/q/d/l/?s=1803.jp&i=d,2026-03-26T08:35:00+00:00
1803,1803.T,1803.jp,2005-10-24,611.11,618.28,604.88,608.44,3002838,https://stooq.com/q/d/l/?s=1803.jp&i=d,2026-03-26T08:35:00+00:00
1803,1803.T,1803.jp,2005-10-25,617.38,630.75,615.58,627.18,5499032,https://stooq.com/q/d/l/?s=1803.jp&i=d,2026-03-26T08:35:00+00:00
1803,1803.T,1803.jp,2005-10-26,632.56,676.25,632.56,671.78,15397516,https://stooq.com/q/d/l/?s=1803.jp&i=d,2026-03-26T08:35:00+00:00
1803,1803.T,1803.jp,2005-10-27,672.68,711.96,672.68,694.09,12854242,https://stooq.com/q/d/l/?s=1803.jp&i=d,2026-03-26T08:35:00+00:00
1803,1803.T,1803.jp,2005-10-28,679.82,690.53,673.59,678.03,7189319,https://stooq.com/q/d/l/?s=1803.jp&i=d,2026-03-26T08:35:00+00:00
1803,1803.T,1803.jp,2005-10-31,704.80,707.48,689.66,698.56,4031802,https://stooq.com/q/d/l/?s=1803.jp&i=d,2026-03-26T08:35:00+00:00
1803,1803.T,1803.jp,2005-11-01,712.83,721.76,711.04,717.28,4156219,https://stooq.com/q/d/l/?s=1803.jp&i=d,2026-03-26T08:35:00+00:00
1803,1803.T,1803.jp,2005-11-02,726.22,744.04,714.60,728.00,5365648,https://stooq.com/q/d/l/?s=1803.jp&i=d,2026-03-26T08:35:00+00:00
1803,1803.T,1803.jp,2005-11-04,732.47,739.60,723.55,734.24,4295209,https://stooq.com/q/d/l/?s=1803.jp&i=d,2026-03-26T08:35:00+00:00
1803,1803.T,1803.jp,2005-11-07,735.14,735.14,725.32,735.14,2387473,https://stooq.com/q/d/l/?s=1803.jp&i=d,2026-03-26T08:35:00+00:00
1803,1803.T,1803.jp,2005-11-08,734.24,736.91,728.00,736.03,2598197,https://stooq.com/q/d/l/?s=1803.jp&i=d,2026-03-26T08:35:00+00:00
1803,1803.T,1803.jp,2005-11-09,727.12,728.00,715.51,719.08,3937650,https://stooq.com/q/d/l/?s=1803.jp&i=d,2026-03-26T08:35:00+00:00
1803,1803.T,1803.jp,2005-11-10,710.16,718.17,681.60,697.66,6144658,https://stooq.com/q/d/l/?s=1803.jp&i=d,2026-03-26T08:35:00+00:00
1803,1803.T,1803.jp,2005-11-11,703.90,721.76,698.56,718.17,5191912,https://stooq.com/q/d/l/?s=1803.jp&i=d,2026-03-26T08:35:00+00:00
1803,1803.T,1803.jp,2005-11-14,722.64,728.00,696.78,699.46,2950154,https://stooq.com/q/d/l/?s=1803.jp&i=d,2026-03-26T08:35:00+00:00
1803,1803.T,1803.jp,2005-11-15,681.60,688.75,670.91,672.68,5621209,https://stooq.com/q/d/l/?s=1803.jp&i=d,2026-03-26T08:35:00+00:00
1803,1803.T,1803.jp,2005-11-16,674.46,693.20,670.91,692.32,3447823,https://stooq.com/q/d/l/?s=1803.jp&i=d,2026-03-26T08:35:00+00:00
1803,1803.T,1803.jp,2005-11-17,687.84,694.09,676.25,686.05,6266835,https://stooq.com/q/d/l/?s=1803.jp&i=d,2026-03-26T08:35:00+00:00
1803,1803.T,1803.jp,2005-11-18,711.96,711.96,702.13,704.80,5778133,https://stooq.com/q/d/l/?s=1803.jp&i=d,2026-03-26T08:35:00+00:00
1803,1803.T,1803.jp,2005-11-21,721.76,731.58,715.51,728.89,9209143,https://stooq.com/q/d/l/?s=1803.jp&i=d,2026-03-26T08:35:00+00:00
1803,1803.T,1803.jp,2005-11-22,740.47,743.17,724.41,728.89,5204241,https://stooq.com/q/d/l/?s=1803.jp&i=d,2026-03-26T08:35:00+00:00
1803,1803.T,1803.jp,2005-11-24,737.82,737.82,700.34,704.80,3321165,https://stooq.com/q/d/l/?s=1803.jp&i=d,2026-03-26T08:35:00+00:00
1803,1803.T,1803.jp,2005-11-25,687.84,711.04,685.16,704.80,4761493,https://stooq.com/q/d/l/?s=1803.jp&i=d,2026-03-26T08:35:00+00:00
1803,1803.T,1803.jp,2005-11-28,710.16,710.16,688.75,708.38,2921010,https://stooq.com/q/d/l/?s=1803.jp&i=d,2026-03-26T08:35:00+00:00
1803,1803.T,1803.jp,2005-11-29,699.46,719.08,699.46,718.17,3363756,https://stooq.com/q/d/l/?s=1803.jp&i=d,2026-03-26T08:35:00+00:00
1803,1803.T,1803.jp,2005-11-30,719.08,719.97,703.90,703.90,3336858,https://stooq.com/q/d/l/?s=1803.jp&i=d,2026-03-26T08:35:00+00:00
1803,1803.T,1803.jp,2005-12-01,712.83,739.60,711.96,738.69,6593010,https://stooq.com/q/d/l/?s=1803.jp&i=d,2026-03-26T08:35:00+00:00
1803,1803.T,1803.jp,2005-12-02,748.52,751.21,736.91,745.85,5347716,https://stooq.com/q/d/l/?s=1803.jp&i=d,2026-03-26T08:35:00+00:00
1803,1803.T,1803.jp,2005-12-05,741.39,747.63,739.60,743.17,3994814,https://stooq.com/q/d/l/?s=1803.jp&i=d,2026-03-26T08:35:00+00:00
1803,1803.T,1803.jp,2005-12-06,740.47,746.73,727.12,733.37,4916177,https://stooq.com/q/d/l/?s=1803.jp&i=d,2026-03-26T08:35:00+00:00
1803,1803.T,1803.jp,2005-12-07,732.47,742.25,731.58,738.69,2792109,https://stooq.com/q/d/l/?s=1803.jp&i=d,2026-03-26T08:35:00+00:00
1803,1803.T,1803.jp,2005-12-08,739.60,739.60,712.83,722.64,3446705,https://stooq.com/q/d/l/?s=1803.jp&i=d,2026-03-26T08:35:00+00:00
1803,1803.T,1803.jp,2005-12-09,714.60,742.25,714.60,739.60,7118704,https://stooq.com/q/d/l/?s=1803.jp&i=d,2026-03-26T08:35:00+00:00
1803,1803.T,1803.jp,2005-12-12,754.77,756.56,740.47,749.42,3237099,https://stooq.com/q/d/l/?s=1803.jp&i=d,2026-03-26T08:35:00+00:00
1803,1803.T,1803.jp,2005-12-13,748.52,748.52,737.82,747.63,2084833,https://stooq.com/q/d/l/?s=1803.jp&i=d,2026-03-26T08:35:00+00:00
1803,1803.T,1803.jp,2005-12-14,753.87,757.44,734.24,740.47,4966613,https://stooq.com/q/d/l/?s=1803.jp&i=d,2026-03-26T08:35:00+00:00
1803,1803.T,1803.jp,2005-12-15,732.47,745.85,725.32,725.32,3024130,https://stooq.com/q/d/l/?s=1803.jp&i=d,2026-03-26T08:35:00+00:00
1803,1803.T,1803.jp,2005-12-16,720.86,736.03,708.38,717.28,3344703,https://stooq.com/q/d/l/?s=1803.jp&i=d,2026-03-26T08:35:00+00:00
1803,1803.T,1803.jp,2005-12-19,719.08,719.08,701.23,706.57,2968087,https://stooq.com/q/d/l/?s=1803.jp&i=d,2026-03-26T08:35:00+00:00
1803,1803.T,1803.jp,2005-12-20,704.80,730.66,703.02,728.00,5207605,https://stooq.com/q/d/l/?s=1803.jp&i=d,2026-03-26T08:35:00+00:00
1803,1803.T,1803.jp,2005-12-21,744.95,776.19,740.47,770.83,12510132,https://stooq.com/q/d/l/?s=1803.jp&i=d,2026-03-26T08:35:00+00:00
1803,1803.T,1803.jp,2005-12-22,775.28,776.19,747.63,765.49,5672768,https://stooq.com/q/d/l/?s=1803.jp&i=d,2026-03-26T08:35:00+00:00
1803,1803.T,1803.jp,2005-12-26,761.91,767.25,752.98,759.23,2210374,https://stooq.com/q/d/l/?s=1803.jp&i=d,2026-03-26T08:35:00+00:00
1803,1803.T,1803.jp,2005-12-27,752.98,757.44,744.04,746.73,3325648,https://stooq.com/q/d/l/?s=1803.jp&i=d,2026-03-26T08:35:00+00:00
1803,1803.T,1803.jp,2005-12-28,755.66,766.36,744.04,766.36,2426702,https://stooq.com/q/d/l/?s=1803.jp&i=d,2026-03-26T08:35:00+00:00
1803,1803.T,1803.jp,2005-12-29,771.72,783.31,760.11,774.40,3534131,https://stooq.com/q/d/l/?s=1803.jp&i=d,2026-03-26T08:35:00+00:00
1803,1803.T,1803.jp,2005-12-30,779.74,779.74,765.49,773.51,1453779,https://stooq.com/q/d/l/?s=1803.jp&i=d,2026-03-26T08:35:00+00:00
1803,1803.T,1803.jp,2006-01-04,791.34,793.12,776.19,793.12,2859364,https://stooq.com/q/d/l/?s=1803.jp&i=d,2026-03-26T08:35:00+00:00
1803,1803.T,1803.jp,2006-01-05,798.49,799.38,773.51,776.19,4345649,https://stooq.com/q/d/l/?s=1803.jp&i=d,2026-03-26T08:35:00+00:00
1803,1803.T,1803.jp,2006-01-06,785.11,793.12,776.19,790.44,4323232,https://stooq.com/q/d/l/?s=1803.jp&i=d,2026-03-26T08:35:00+00:00
1803,1803.T,1803.jp,2006-01-10,799.38,801.15,778.86,778.86,4457734,https://stooq.com/q/d/l/?s=1803.jp&i=d,2026-03-26T08:35:00+00:00
1803,1803.T,1803.jp,2006-01-11,779.74,783.31,745.85,763.67,6872111,https://stooq.com/q/d/l/?s=1803.jp&i=d,2026-03-26T08:35:00+00:00
1803,1803.T,1803.jp,2006-01-12,764.57,771.72,749.42,756.56,5836419,https://stooq.com/q/d/l/?s=1803.jp&i=d,2026-03-26T08:35:00+00:00
1803,1803.T,1803.jp,2006-01-13,764.57,810.96,760.11,803.85,9653011,https://stooq.com/q/d/l/?s=1803.jp&i=d,2026-03-26T08:35:00+00:00
1803,1803.T,1803.jp,2006-01-16,821.69,844.89,810.96,835.94,10298637,https://stooq.com/q/d/l/?s=1803.jp&i=d,2026-03-26T08:35:00+00:00
1803,1803.T,1803.jp,2006-01-17,809.20,834.16,787.78,794.01,7636549,https://stooq.com/q/d/l/?s=1803.jp&i=d,2026-03-26T08:35:00+00:00
1803,1803.T,1803.jp,2006-01-18,802.93,806.52,750.30,763.67,7006614,https://stooq.com/q/d/l/?s=1803.jp&i=d,2026-03-26T08:35:00+00:00
1803,1803.T,1803.jp,2006-01-19,763.67,814.53,760.11,806.52,7295804,https://stooq.com/q/d/l/?s=1803.jp&i=d,2026-03-26T08:35:00+00:00
1803,1803.T,1803.jp,2006-01-20,824.36,824.36,783.31,786.01,6134574,https://stooq.com/q/d/l/?s=1803.jp&i=d,2026-03-26T08:35:00+00:00
1803,1803.T,1803.jp,2006-01-23,774.40,781.53,763.67,765.49,4597845,https://stooq.com/q/d/l/?s=1803.jp&i=d,2026-03-26T08:35:00+00:00
1803,1803.T,1803.jp,2006-01-24,766.36,786.01,760.11,768.14,5645868,https://stooq.com/q/d/l/?s=1803.jp&i=d,2026-03-26T08:35:00+00:00
1803,1803.T,1803.jp,2006-01-25,765.49,789.56,758.32,770.83,5039471,https://stooq.com/q/d/l/?s=1803.jp&i=d,2026-03-26T08:35:00+00:00
1803,1803.T,1803.jp,2006-01-26,779.74,802.05,770.83,797.60,7470656,https://stooq.com/q/d/l/?s=1803.jp&i=d,2026-03-26T08:35:00+00:00
1803,1803.T,1803.jp,2006-01-27,810.08,819.00,802.93,819.00,4721142,https://stooq.com/q/d/l/?s=1803.jp&i=d,2026-03-26T08:35:00+00:00
1803,1803.T,1803.jp,2006-01-30,829.71,843.10,821.69,821.69,3989208,https://stooq.com/q/d/l/?s=1803.jp&i=d,2026-03-26T08:35:00+00:00
1803,1803.T,1803.jp,2006-01-31,830.61,844.89,815.43,826.13,5170616,https://stooq.com/q/d/l/?s=1803.jp&i=d,2026-03-26T08:35:00+00:00
1803,1803.T,1803.jp,2006-02-01,811.87,822.57,802.05,807.41,4113627,https://stooq.com/q/d/l/?s=1803.jp&i=d,2026-03-26T08:35:00+00:00
1803,1803.T,1803.jp,2006-02-02,798.49,813.64,798.49,802.05,3836770,https://stooq.com/q/d/l/?s=1803.jp&i=d,2026-03-26T08:35:00+00:00
1803,1803.T,1803.jp,2006-02-03,792.22,802.05,783.31,792.22,5950747,https://stooq.com/q/d/l/?s=1803.jp&i=d,2026-03-26T08:35:00+00:00
1803,1803.T,1803.jp,2006-02-06,799.38,802.05,791.34,794.01,2894109,https://stooq.com/q/d/l/?s=1803.jp&i=d,2026-03-26T08:35:00+00:00
1803,1803.T,1803.jp,2006-02-07,800.26,802.05,790.44,795.80,2224945,https://stooq.com/q/d/l/?s=1803.jp&i=d,2026-03-26T08:35:00+00:00
1803,1803.T,1803.jp,2006-02-08,795.80,808.30,776.19,777.05,4040771,https://stooq.com/q/d/l/?s=1803.jp&i=d,2026-03-26T08:35:00+00:00
1803,1803.T,1803.jp,2006-02-09,794.91,794.91,754.77,758.32,7701558,https://stooq.com/q/d/l/?s=1803.jp&i=d,2026-03-26T08:35:00+00:00
1803,1803.T,1803.jp,2006-02-10,763.67,767.25,729.79,736.03,4880307,https://stooq.com/q/d/l/?s=1803.jp&i=d,2026-03-26T08:35:00+00:00
1803,1803.T,1803.jp,2006-02-13,731.58,732.47,708.38,708.38,3789692,https://stooq.com/q/d/l/?s=1803.jp&i=d,2026-03-26T08:35:00+00:00
1803,1803.T,1803.jp,2006-02-14,701.23,734.24,692.32,731.58,3691053,https://stooq.com/q/d/l/?s=1803.jp&i=d,2026-03-26T08:35:00+00:00
1803,1803.T,1803.jp,2006-02-15,736.03,744.04,720.86,725.32,3233738,https://stooq.com/q/d/l/?s=1803.jp&i=d,2026-03-26T08:35:00+00:00
1803,1803.T,1803.jp,2006-02-16,724.41,740.47,722.64,731.58,3166483,https://stooq.com/q/d/l/?s=1803.jp&i=d,2026-03-26T08:35:00+00:00
1803,1803.T,1803.jp,2006-02-17,730.66,736.91,697.66,709.28,3877121,https://stooq.com/q/d/l/?s=1803.jp&i=d,2026-03-26T08:35:00+00:00
1803,1803.T,1803.jp,2006-02-20,700.34,707.48,675.37,680.71,4787276,https://stooq.com/q/d/l/?s=1803.jp&i=d,2026-03-26T08:35:00+00:00
1803,1803.T,1803.jp,2006-02-21,695.87,711.04,683.38,710.16,3482571,https://stooq.com/q/d/l/?s=1803.jp&i=d,2026-03-26T08:35:00+00:00
1803,1803.T,1803.jp,2006-02-22,709.28,713.73,688.75,695.87,2733826,https://stooq.com/q/d/l/?s=1803.jp&i=d,2026-03-26T08:35:00+00:00
1803,1803.T,1803.jp,2006-02-23,695.87,709.28,695.87,709.28,4114750,https://stooq.com/q/d/l/?s=1803.jp&i=d,2026-03-26T08:35:00+00:00
1803,1803.T,1803.jp,2006-02-24,709.28,733.37,705.68,728.89,4866857,https://stooq.com/q/d/l/?s=1803.jp&i=d,2026-03-26T08:35:00+00:00
1803,1803.T,1803.jp,2006-02-27,733.37,736.03,722.64,730.66,2784264,https://stooq.com/q/d/l/?s=1803.jp&i=d,2026-03-26T08:35:00+00:00
1803,1803.T,1803.jp,2006-02-28,731.58,736.03,715.51,733.37,3259518,https://stooq.com/q/d/l/?s=1803.jp&i=d,2026-03-26T08:35:00+00:00
1803,1803.T,1803.jp,2006-03-01,724.41,726.22,714.60,719.97,2962483,https://stooq.com/q/d/l/?s=1803.jp&i=d,2026-03-26T08:35:00+00:00
1803,1803.T,1803.jp,2006-03-02,727.12,728.00,713.73,716.38,2275385,https://stooq.com/q/d/l/?s=1803.jp&i=d,2026-03-26T08:35:00+00:00
1803,1803.T,1803.jp,2006-03-03,714.60,719.97,696.78,703.02,2578022,https://stooq.com/q/d/l/?s=1803.jp&i=d,2026-03-26T08:35:00+00:00
1803,1803.T,1803.jp,2006-03-06,704.80,711.04,691.42,704.80,2358328,https://stooq.com/q/d/l/?s=1803.jp&i=d,2026-03-26T08:35:00+00:00
1803,1803.T,1803.jp,2006-03-07,700.34,701.23,682.48,688.75,3142944,https://stooq.com/q/d/l/?s=1803.jp&i=d,2026-03-26T08:35:00+00:00
1803,1803.T,1803.jp,2006-03-08,696.78,701.23,686.96,691.42,3642854,https://stooq.com/q/d/l/?s=1803.jp&i=d,2026-03-26T08:35:00+00:00
1803,1803.T,1803.jp,2006-03-09,700.34,720.86,697.66,717.28,3958944,https://stooq.com/q/d/l/?s=1803.jp&i=d,2026-03-26T08:35:00+00:00
1803,1803.T,1803.jp,2006-03-10,713.73,730.66,705.68,720.86,5614483,https://stooq.com/q/d/l/?s=1803.jp&i=d,2026-03-26T08:35:00+00:00
1803,1803.T,1803.jp,2006-03-13,733.37,738.69,728.89,733.37,3320042,https://stooq.com/q/d/l/?s=1803.jp&i=d,2026-03-26T08:35:00+00:00
1803,1803.T,1803.jp,2006-03-14,737.82,737.82,726.22,731.58,2693472,https://stooq.com/q/d/l/?s=1803.jp&i=d,2026-03-26T08:35:00+00:00
1803,1803.T,1803.jp,2006-03-15,723.55,729.79,715.51,719.97,4957648,https://stooq.com/q/d/l/?s=1803.jp&i=d,2026-03-26T08:35:00+00:00
1803,1803.T,1803.jp,2006-03-16,722.64,724.41,703.02,709.28,3661912,https://stooq.com/q/d/l/?s=1803.jp&i=d,2026-03-26T08:35:00+00:00
1803,1803.T,1803.jp,2006-03-17,713.73,725.32,701.23,719.08,3790813,https://stooq.com/q/d/l/?s=1803.jp&i=d,2026-03-26T08:35:00+00:00
1803,1803.T,1803.jp,2006-03-20,710.16,729.79,709.28,726.22,3209078,https://stooq.com/q/d/l/?s=1803.jp&i=d,2026-03-26T08:35:00+00:00
1803,1803.T,1803.jp,2006-03-22,726.22,732.47,716.38,724.41,3887208,https://stooq.com/q/d/l/?s=1803.jp&i=d,2026-03-26T08:35:00+00:00
1803,1803.T,1803.jp,2006-03-23,727.12,728.89,718.17,719.97,1725033,https://stooq.com/q/d/l/?s=1803.jp&i=d,2026-03-26T08:35:00+00:00
1803,1803.T,1803.jp,2006-03-24,716.38,736.03,716.38,730.66,6085253,https://stooq.com/q/d/l/?s=1803.jp&i=d,2026-03-26T08:35:00+00:00
1803,1803.T,1803.jp,2006-03-27,737.82,745.85,730.66,741.39,5783736,https://stooq.com/q/d/l/?s=1803.jp&i=d,2026-03-26T08:35:00+00:00
1803,1803.T,1803.jp,2006-03-28,733.37,744.04,728.00,736.03,1459386,https://stooq.com/q/d/l/?s=1803.jp&i=d,2026-03-26T08:35:00+00:00
1803,1803.T,1803.jp,2006-03-29,744.04,755.66,735.14,750.30,2713648,https://stooq.com/q/d/l/?s=1803.jp&i=d,2026-03-26T08:35:00+00:00
1803,1803.T,1803.jp,2006-03-30,759.23,771.72,753.87,767.25,4449891,https://stooq.com/q/d/l/?s=1803.jp&i=d,2026-03-26T08:35:00+00:00
1803,1803.T,1803.jp,2006-03-31,767.25,767.25,753.87,764.57,2369536,https://stooq.com/q/d/l/?s=1803.jp&i=d,2026-03-26T08:35:00+00:00
1803,1803.T,1803.jp,2006-04-03,762.78,775.28,761.91,770.83,3051032,https://stooq.com/q/d/l/?s=1803.jp&i=d,2026-03-26T08:35:00+00:00
1803,1803.T,1803.jp,2006-04-04,775.28,777.05,764.57,773.51,3048790,https://stooq.com/q/d/l/?s=1803.jp&i=d,2026-03-26T08:35:00+00:00
1803,1803.T,1803.jp,2006-04-05,769.91,780.62,761.00,765.49,2118462,https://stooq.com/q/d/l/?s=1803.jp&i=d,2026-03-26T08:35:00+00:00
1803,1803.T,1803.jp,2006-04-06,765.49,775.28,754.77,761.91,3522922,https://stooq.com/q/d/l/?s=1803.jp&i=d,2026-03-26T08:35:00+00:00
1803,1803.T,1803.jp,2006-04-07,752.98,760.11,723.55,737.82,9995999,https://stooq.com/q/d/l/?s=1803.jp&i=d,2026-03-26T08:35:00+00:00
1803,1803.T,1803.jp,2006-04-10,726.22,739.60,723.55,732.47,6317276,https://stooq.com/q/d/l/?s=1803.jp&i=d,2026-03-26T08:35:00+00:00
1803,1803.T,1803.jp,2006-04-11,726.22,731.58,707.48,718.17,8170087,https://stooq.com/q/d/l/?s=1803.jp&i=d,2026-03-26T08:35:00+00:00
1803,1803.T,1803.jp,2006-04-12,711.96,718.17,707.48,709.28,4204416,https://stooq.com/q/d/l/?s=1803.jp&i=d,2026-03-26T08:35:00+00:00
1803,1803.T,1803.jp,2006-04-13,711.96,720.86,700.34,714.60,4452133,https://stooq.com/q/d/l/?s=1803.jp&i=d,2026-03-26T08:35:00+00:00
1803,1803.T,1803.jp,2006-04-14,722.64,722.64,711.04,714.60,4418505,https://stooq.com/q/d/l/?s=1803.jp&i=d,2026-03-26T08:35:00+00:00
1803,1803.T,1803.jp,2006-04-17,710.16,713.73,692.32,694.09,3674241,https://stooq.com/q/d/l/?s=1803.jp&i=d,2026-03-26T08:35:00+00:00
1803,1803.T,1803.jp,2006-04-18,694.09,712.83,691.42,709.28,3437734,https://stooq.com/q/d/l/?s=1803.jp&i=d,2026-03-26T08:35:00+00:00
1803,1803.T,1803.jp,2006-04-19,714.60,723.55,702.13,706.57,4346767,https://stooq.com/q/d/l/?s=1803.jp&i=d,2026-03-26T08:35:00+00:00
1803,1803.T,1803.jp,2006-04-20,705.68,706.57,694.99,698.56,3281932,https://stooq.com/q/d/l/?s=1803.jp&i=d,2026-03-26T08:35:00+00:00
1803,1803.T,1803.jp,2006-04-21,703.90,719.08,694.99,709.28,5483342,https://stooq.com/q/d/l/?s=1803.jp&i=d,2026-03-26T08:35:00+00:00
1803,1803.T,1803.jp,2006-04-24,710.16,711.04,688.75,690.53,5796066,https://stooq.com/q/d/l/?s=1803.jp&i=d,2026-03-26T08:35:00+00:00
1803,1803.T,1803.jp,2006-04-25,694.09,700.34,683.38,694.99,3902901,https://stooq.com/q/d/l/?s=1803.jp&i=d,2026-03-26T08:35:00+00:00
1803,1803.T,1803.jp,2006-04-26,703.90,706.57,695.87,701.23,2795471,https://stooq.com/q/d/l/?s=1803.jp&i=d,2026-03-26T08:35:00+00:00
1803,1803.T,1803.jp,2006-04-27,711.96,711.96,702.13,703.90,1840483,https://stooq.com/q/d/l/?s=1803.jp&i=d,2026-03-26T08:35:00+00:00
1803,1803.T,1803.jp,2006-04-28,703.02,703.90,688.75,703.02,2507406,https://stooq.com/q/d/l/?s=1803.jp&i=d,2026-03-26T08:35:00+00:00
1803,1803.T,1803.jp,2006-05-01,697.66,706.57,691.42,692.32,1964901,https://stooq.com/q/d/l/?s=1803.jp&i=d,2026-03-26T08:35:00+00:00
1803,1803.T,1803.jp,2006-05-02,694.99,704.80,693.20,704.80,2657605,https://stooq.com/q/d/l/?s=1803.jp&i=d,2026-03-26T08:35:00+00:00
1803,1803.T,1803.jp,2006-05-08,713.73,720.86,705.68,718.17,4211144,https://stooq.com/q/d/l/?s=1803.jp&i=d,2026-03-26T08:35:00+00:00
1803,1803.T,1803.jp,2006-05-09,709.28,714.60,700.34,708.38,3479209,https://stooq.com/q/d/l/?s=1803.jp&i=d,2026-03-26T08:35:00+00:00
1803,1803.T,1803.jp,2006-05-10,711.96,718.17,699.46,700.34,3179936,https://stooq.com/q/d/l/?s=1803.jp&i=d,2026-03-26T08:35:00+00:00
1803,1803.T,1803.jp,2006-05-11,696.78,705.68,686.05,687.84,3557670,https://stooq.com/q/d/l/?s=1803.jp&i=d,2026-03-26T08:35:00+00:00
1803,1803.T,1803.jp,2006-05-12,670.01,676.25,663.76,676.25,4400571,https://stooq.com/q/d/l/?s=1803.jp&i=d,2026-03-26T08:35:00+00:00
1803,1803.T,1803.jp,2006-05-15,658.39,662.86,650.36,658.39,5680614,https://stooq.com/q/d/l/?s=1803.jp&i=d,2026-03-26T08:35:00+00:00
1803,1803.T,1803.jp,2006-05-16,661.07,670.91,646.80,649.48,2714768,https://stooq.com/q/d/l/?s=1803.jp&i=d,2026-03-26T08:35:00+00:00
1803,1803.T,1803.jp,2006-05-17,641.45,643.25,622.74,639.67,4866857,https://stooq.com/q/d/l/?s=1803.jp&i=d,2026-03-26T08:35:00+00:00
1803,1803.T,1803.jp,2006-05-18,625.39,647.69,625.39,639.67,6185010,https://stooq.com/q/d/l/?s=1803.jp&i=d,2026-03-26T08:35:00+00:00
1803,1803.T,1803.jp,2006-05-19,628.07,629.85,612.00,621.82,9360463,https://stooq.com/q/d/l/?s=1803.jp&i=d,2026-03-26T08:35:00+00:00
1803,1803.T,1803.jp,2006-05-22,615.58,620.05,602.21,602.21,7527823,https://stooq.com/q/d/l/?s=1803.jp&i=d,2026-03-26T08:35:00+00:00
1803,1803.T,1803.jp,2006-05-23,593.29,602.21,575.46,579.02,7971691,https://stooq.com/q/d/l/?s=1803.jp&i=d,2026-03-26T08:35:00+00:00
1803,1803.T,1803.jp,2006-05-24,588.81,602.21,585.26,599.54,8340463,https://stooq.com/q/d/l/?s=1803.jp&i=d,2026-03-26T08:35:00+00:00
1803,1803.T,1803.jp,2006-05-25,597.75,598.64,582.58,583.47,5734416,https://stooq.com/q/d/l/?s=1803.jp&i=d,2026-03-26T08:35:00+00:00
1803,1803.T,1803.jp,2006-05-26,587.03,594.19,582.58,588.81,3413076,https://stooq.com/q/d/l/?s=1803.jp&i=d,2026-03-26T08:35:00+00:00
1803,1803.T,1803.jp,2006-05-29,597.75,602.21,590.60,593.29,3878240,https://stooq.com/q/d/l/?s=1803.jp&i=d,2026-03-26T08:35:00+00:00
1803,1803.T,1803.jp,2006-05-30,596.87,597.75,587.03,591.49,2544397,https://stooq.com/q/d/l/?s=1803.jp&i=d,2026-03-26T08:35:00+00:00
1803,1803.T,1803.jp,2006-05-31,579.92,583.47,572.76,576.35,4611296,https://stooq.com/q/d/l/?s=1803.jp&i=d,2026-03-26T08:35:00+00:00
1803,1803.T,1803.jp,2006-06-01,585.26,591.49,574.55,575.46,2787628,https://stooq.com/q/d/l/?s=1803.jp&i=d,2026-03-26T08:35:00+00:00
1803,1803.T,1803.jp,2006-06-02,588.81,598.64,566.53,593.29,6485408,https://stooq.com/q/d/l/?s=1803.jp&i=d,2026-03-26T08:35:00+00:00
1803,1803.T,1803.jp,2006-06-05,600.42,609.34,587.93,606.67,6137936,https://stooq.com/q/d/l/?s=1803.jp&i=d,2026-03-26T08:35:00+00:00
1803,1803.T,1803.jp,2006-06-06,597.75,599.54,584.38,594.19,5173978,https://stooq.com/q/d/l/?s=1803.jp&i=d,2026-03-26T08:35:00+00:00
1803,1803.T,1803.jp,2006-06-07,595.08,603.99,579.92,583.47,3947736,https://stooq.com/q/d/l/?s=1803.jp&i=d,2026-03-26T08:35:00+00:00
1803,1803.T,1803.jp,2006-06-08,568.31,581.69,554.04,557.60,5394790,https://stooq.com/q/d/l/?s=1803.jp&i=d,2026-03-26T08:35:00+00:00
1803,1803.T,1803.jp,2006-06-09,557.60,587.03,557.60,579.92,9437803,https://stooq.com/q/d/l/?s=1803.jp&i=d,2026-03-26T08:35:00+00:00
1803,1803.T,1803.jp,2006-06-12,563.85,582.58,563.85,580.79,3800903,https://stooq.com/q/d/l/?s=1803.jp&i=d,2026-03-26T08:35:00+00:00
1803,1803.T,1803.jp,2006-06-13,567.41,570.11,550.47,550.47,5172855,https://stooq.com/q/d/l/?s=1803.jp&i=d,2026-03-26T08:35:00+00:00
1803,1803.T,1803.jp,2006-06-14,546.01,563.85,546.01,556.72,4301933,https://stooq.com/q/d/l/?s=1803.jp&i=d,2026-03-26T08:35:00+00:00
1803,1803.T,1803.jp,2006-06-15,556.72,563.85,554.92,559.38,3821078,https://stooq.com/q/d/l/?s=1803.jp&i=d,2026-03-26T08:35:00+00:00
1803,1803.T,1803.jp,2006-06-16,577.23,586.14,570.98,578.14,6559385,https://stooq.com/q/d/l/?s=1803.jp&i=d,2026-03-26T08:35:00+00:00
1803,1803.T,1803.jp,2006-06-19,571.87,579.02,569.20,571.87,2733826,https://stooq.com/q/d/l/?s=1803.jp&i=d,2026-03-26T08:35:00+00:00
1803,1803.T,1803.jp,2006-06-20,570.11,581.69,563.85,564.74,3040944,https://stooq.com/q/d/l/?s=1803.jp&i=d,2026-03-26T08:35:00+00:00
1803,1803.T,1803.jp,2006-06-21,573.66,574.55,554.04,562.07,3534131,https://stooq.com/q/d/l/?s=1803.jp&i=d,2026-03-26T08:35:00+00:00
1803,1803.T,1803.jp,2006-06-22,563.85,571.87,558.50,570.98,6593010,https://stooq.com/q/d/l/?s=1803.jp&i=d,2026-03-26T08:35:00+00:00
1803,1803.T,1803.jp,2006-06-23,561.17,568.31,549.56,563.85,5960835,https://stooq.com/q/d/l/?s=1803.jp&i=d,2026-03-26T08:35:00+00:00
1803,1803.T,1803.jp,2006-06-26,564.74,571.87,558.50,566.53,2673296,https://stooq.com/q/d/l/?s=1803.jp&i=d,2026-03-26T08:35:00+00:00
1803,1803.T,1803.jp,2006-06-27,566.53,567.41,555.81,557.60,2889627,https://stooq.com/q/d/l/?s=1803.jp&i=d,2026-03-26T08:35:00+00:00
1803,1803.T,1803.jp,2006-06-28,554.04,556.72,546.91,549.56,2662088,https://stooq.com/q/d/l/?s=1803.jp&i=d,2026-03-26T08:35:00+00:00
1803,1803.T,1803.jp,2006-06-29,553.14,558.50,549.56,557.60,2017581,https://stooq.com/q/d/l/?s=1803.jp&i=d,2026-03-26T08:35:00+00:00
1803,1803.T,1803.jp,2006-06-30,570.98,571.87,562.93,571.87,3277449,https://stooq.com/q/d/l/?s=1803.jp&i=d,2026-03-26T08:35:00+00:00
1803,1803.T,1803.jp,2006-07-03,575.46,582.58,568.31,576.35,3001712,https://stooq.com/q/d/l/?s=1803.jp&i=d,2026-03-26T08:35:00+00:00
1803,1803.T,1803.jp,2006-07-04,587.93,587.93,576.35,576.35,1860659,https://stooq.com/q/d/l/?s=1803.jp&i=d,2026-03-26T08:35:00+00:00
1803,1803.T,1803.jp,2006-07-05,575.46,583.47,570.98,576.35,2371779,https://stooq.com/q/d/l/?s=1803.jp&i=d,2026-03-26T08:35:00+00:00
1803,1803.T,1803.jp,2006-07-06,572.76,576.35,554.92,560.29,4900484,https://stooq.com/q/d/l/?s=1803.jp&i=d,2026-03-26T08:35:00+00:00
1803,1803.T,1803.jp,2006-07-07,564.74,564.74,554.04,556.72,3475846,https://stooq.com/q/d/l/?s=1803.jp&i=d,2026-03-26T08:35:00+00:00
1803,1803.T,1803.jp,2006-07-10,554.92,562.93,546.01,562.07,4615778,https://stooq.com/q/d/l/?s=1803.jp&i=d,2026-03-26T08:35:00+00:00
1803,1803.T,1803.jp,2006-07-11,562.93,562.93,547.78,554.04,2591472,https://stooq.com/q/d/l/?s=1803.jp&i=d,2026-03-26T08:35:00+00:00
1803,1803.T,1803.jp,2006-07-12,548.68,556.72,541.54,545.12,3341339,https://stooq.com/q/d/l/?s=1803.jp&i=d,2026-03-26T08:35:00+00:00
1803,1803.T,1803.jp,2006-07-13,540.66,542.44,527.26,531.73,5578613,https://stooq.com/q/d/l/?s=1803.jp&i=d,2026-03-26T08:35:00+00:00
1803,1803.T,1803.jp,2006-07-14,522.82,530.85,514.77,519.23,4829868,https://stooq.com/q/d/l/?s=1803.jp&i=d,2026-03-26T08:35:00+00:00
1803,1803.T,1803.jp,2006-07-18,512.99,515.65,500.52,500.52,5484462,https://stooq.com/q/d/l/?s=1803.jp&i=d,2026-03-26T08:35:00+00:00
1803,1803.T,1803.jp,2006-07-19,504.08,512.99,494.25,500.52,3824440,https://stooq.com/q/d/l/?s=1803.jp&i=d,2026-03-26T08:35:00+00:00
1803,1803.T,1803.jp,2006-07-20,518.35,523.71,513.88,523.71,3201230,https://stooq.com/q/d/l/?s=1803.jp&i=d,2026-03-26T08:35:00+00:00
1803,1803.T,1803.jp,2006-07-21,524.59,529.05,513.88,523.71,2650878,https://stooq.com/q/d/l/?s=1803.jp&i=d,2026-03-26T08:35:00+00:00
1803,1803.T,1803.jp,2006-07-24,514.77,520.15,510.32,518.35,3685450,https://stooq.com/q/d/l/?s=1803.jp&i=d,2026-03-26T08:35:00+00:00
1803,1803.T,1803.jp,2006-07-25,534.41,534.41,518.35,521.03,4345649,https://stooq.com/q/d/l/?s=1803.jp&i=d,2026-03-26T08:35:00+00:00
1803,1803.T,1803.jp,2006-07-26,524.59,529.93,520.15,521.92,3574484,https://stooq.com/q/d/l/?s=1803.jp&i=d,2026-03-26T08:35:00+00:00
1803,1803.T,1803.jp,2006-07-27,520.15,538.85,512.11,536.18,3617074,https://stooq.com/q/d/l/?s=1803.jp&i=d,2026-03-26T08:35:00+00:00
1803,1803.T,1803.jp,2006-07-28,532.62,534.41,519.23,530.85,3294262,https://stooq.com/q/d/l/?s=1803.jp&i=d,2026-03-26T08:35:00+00:00
1803,1803.T,1803.jp,2006-07-31,534.41,551.35,533.51,546.01,4221231,https://stooq.com/q/d/l/?s=1803.jp&i=d,2026-03-26T08:35:00+00:00
1803,1803.T,1803.jp,2006-08-01,549.56,561.17,546.01,557.60,3733648,https://stooq.com/q/d/l/?s=1803.jp&i=d,2026-03-26T08:35:00+00:00
1803,1803.T,1803.jp,2006-08-02,554.04,560.29,551.35,560.29,1638726,https://stooq.com/q/d/l/?s=1803.jp&i=d,2026-03-26T08:35:00+00:00
1803,1803.T,1803.jp,2006-08-03,562.07,565.62,557.60,562.07,1859536,https://stooq.com/q/d/l/?s=1803.jp&i=d,2026-03-26T08:35:00+00:00
1803,1803.T,1803.jp,2006-08-04,557.60,560.29,553.14,556.72,2501800,https://stooq.com/q/d/l/?s=1803.jp&i=d,2026-03-26T08:35:00+00:00
1803,1803.T,1803.jp,2006-08-07,553.14,560.29,539.75,544.22,3255033,https://stooq.com/q/d/l/?s=1803.jp&i=d,2026-03-26T08:35:00+00:00
1803,1803.T,1803.jp,2006-08-08,547.78,558.50,541.54,555.81,3074569,https://stooq.com/q/d/l/?s=1803.jp&i=d,2026-03-26T08:35:00+00:00
1803,1803.T,1803.jp,2006-08-09,556.72,569.20,549.56,565.62,3250548,https://stooq.com/q/d/l/?s=1803.jp&i=d,2026-03-26T08:35:00+00:00
1803,1803.T,1803.jp,2006-08-10,565.62,587.03,562.07,579.02,4810813,https://stooq.com/q/d/l/?s=1803.jp&i=d,2026-03-26T08:35:00+00:00
1803,1803.T,1803.jp,2006-08-11,605.76,612.00,602.21,605.76,11305188,https://stooq.com/q/d/l/?s=1803.jp&i=d,2026-03-26T08:35:00+00:00
1803,1803.T,1803.jp,2006-08-14,623.62,636.99,612.91,628.96,6961778,https://stooq.com/q/d/l/?s=1803.jp&i=d,2026-03-26T08:35:00+00:00
1803,1803.T,1803.jp,2006-08-15,629.85,641.45,626.30,626.30,8502989,https://stooq.com/q/d/l/?s=1803.jp&i=d,2026-03-26T08:35:00+00:00
1803,1803.T,1803.jp,2006-08-16,628.96,636.99,624.50,631.64,4888152,https://stooq.com/q/d/l/?s=1803.jp&i=d,2026-03-26T08:35:00+00:00
1803,1803.T,1803.jp,2006-08-17,634.32,636.99,618.28,624.50,6542569,https://stooq.com/q/d/l/?s=1803.jp&i=d,2026-03-26T08:35:00+00:00
1803,1803.T,1803.jp,2006-08-18,632.56,634.32,625.39,628.96,3804265,https://stooq.com/q/d/l/?s=1803.jp&i=d,2026-03-26T08:35:00+00:00
1803,1803.T,1803.jp,2006-08-21,631.64,631.64,623.62,627.18,2840307,https://stooq.com/q/d/l/?s=1803.jp&i=d,2026-03-26T08:35:00+00:00
1803,1803.T,1803.jp,2006-08-22,628.07,637.90,628.07,633.42,3413076,https://stooq.com/q/d/l/?s=1803.jp&i=d,2026-03-26T08:35:00+00:00
1803,1803.T,1803.jp,2006-08-23,635.21,644.13,634.32,639.67,4875826,https://stooq.com/q/d/l/?s=1803.jp&i=d,2026-03-26T08:35:00+00:00
1803,1803.T,1803.jp,2006-08-24,639.67,639.67,623.62,625.39,4013867,https://stooq.com/q/d/l/?s=1803.jp&i=d,2026-03-26T08:35:00+00:00
1803,1803.T,1803.jp,2006-08-25,620.05,636.99,618.28,624.50,2742792,https://stooq.com/q/d/l/?s=1803.jp&i=d,2026-03-26T08:35:00+00:00
1803,1803.T,1803.jp,2006-08-28,623.62,627.18,610.23,617.38,2261932,https://stooq.com/q/d/l/?s=1803.jp&i=d,2026-03-26T08:35:00+00:00
1803,1803.T,1803.jp,2006-08-29,623.62,624.50,616.48,619.14,1675711,https://stooq.com/q/d/l/?s=1803.jp&i=d,2026-03-26T08:35:00+00:00
1803,1803.T,1803.jp,2006-08-30,619.14,621.82,607.56,613.79,2087076,https://stooq.com/q/d/l/?s=1803.jp&i=d,2026-03-26T08:35:00+00:00
1803,1803.T,1803.jp,2006-08-31,611.11,624.50,611.11,620.95,3448944,https://stooq.com/q/d/l/?s=1803.jp&i=d,2026-03-26T08:35:00+00:00
1803,1803.T,1803.jp,2006-09-01,612.00,616.48,607.56,610.23,4475668,https://stooq.com/q/d/l/?s=1803.jp&i=d,2026-03-26T08:35:00+00:00
1803,1803.T,1803.jp,2006-09-04,613.79,619.14,610.23,612.00,3649583,https://stooq.com/q/d/l/?s=1803.jp&i=d,2026-03-26T08:35:00+00:00
1803,1803.T,1803.jp,2006-09-05,612.00,615.58,606.67,612.91,3088024,https://stooq.com/q/d/l/?s=1803.jp&i=d,2026-03-26T08:35:00+00:00
1803,1803.T,1803.jp,2006-09-06,616.48,632.56,615.58,621.82,7151210,https://stooq.com/q/d/l/?s=1803.jp&i=d,2026-03-26T08:35:00+00:00
1803,1803.T,1803.jp,2006-09-07,614.69,616.48,604.88,613.79,5027143,https://stooq.com/q/d/l/?s=1803.jp&i=d,2026-03-26T08:35:00+00:00
1803,1803.T,1803.jp,2006-09-08,608.44,619.14,607.56,615.58,5391430,https://stooq.com/q/d/l/?s=1803.jp&i=d,2026-03-26T08:35:00+00:00
1803,1803.T,1803.jp,2006-09-11,609.34,611.11,598.64,598.64,3582331,https://stooq.com/q/d/l/?s=1803.jp&i=d,2026-03-26T08:35:00+00:00
1803,1803.T,1803.jp,2006-09-12,603.09,603.09,589.73,591.49,2746152,https://stooq.com/q/d/l/?s=1803.jp&i=d,2026-03-26T08:35:00+00:00
1803,1803.T,1803.jp,2006-09-13,600.42,606.67,585.26,588.81,3141825,https://stooq.com/q/d/l/?s=1803.jp&i=d,2026-03-26T08:35:00+00:00
1803,1803.T,1803.jp,2006-09-14,586.14,589.73,578.14,586.14,2395318,https://stooq.com/q/d/l/?s=1803.jp&i=d,2026-03-26T08:35:00+00:00
1803,1803.T,1803.jp,2006-09-15,581.69,584.38,572.76,579.02,1713824,https://stooq.com/q/d/l/?s=1803.jp&i=d,2026-03-26T08:35:00+00:00
1803,1803.T,1803.jp,2006-09-19,579.92,589.73,576.35,577.23,2239516,https://stooq.com/q/d/l/?s=1803.jp&i=d,2026-03-26T08:35:00+00:00
1803,1803.T,1803.jp,2006-09-20,573.66,577.23,566.53,570.98,3583449,https://stooq.com/q/d/l/?s=1803.jp&i=d,2026-03-26T08:35:00+00:00
1803,1803.T,1803.jp,2006-09-21,588.81,589.73,570.98,581.69,5106726,https://stooq.com/q/d/l/?s=1803.jp&i=d,2026-03-26T08:35:00+00:00
1803,1803.T,1803.jp,2006-09-22,579.92,587.93,577.23,580.79,4035164,https://stooq.com/q/d/l/?s=1803.jp&i=d,2026-03-26T08:35:00+00:00
1803,1803.T,1803.jp,2006-09-25,575.46,576.35,562.07,573.66,3379452,https://stooq.com/q/d/l/?s=1803.jp&i=d,2026-03-26T08:35:00+00:00
1803,1803.T,1803.jp,2006-09-26,569.20,576.35,564.74,570.11,1647691,https://stooq.com/q/d/l/?s=1803.jp&i=d,2026-03-26T08:35:00+00:00
1803,1803.T,1803.jp,2006-09-27,579.02,591.49,577.23,591.49,2598197,https://stooq.com/q/d/l/?s=1803.jp&i=d,2026-03-26T08:35:00+00:00
1803,1803.T,1803.jp,2006-09-28,593.29,596.87,586.14,596.87,1617428,https://stooq.com/q/d/l/?s=1803.jp&i=d,2026-03-26T08:35:00+00:00
1803,1803.T,1803.jp,2006-09-29,598.64,603.99,590.60,602.21,2669935,https://stooq.com/q/d/l/?s=1803.jp&i=d,2026-03-26T08:35:00+00:00
1803,1803.T,1803.jp,2006-10-02,609.34,615.58,603.09,606.67,4037405,https://stooq.com/q/d/l/?s=1803.jp&i=d,2026-03-26T08:35:00+00:00
1803,1803.T,1803.jp,2006-10-03,602.21,602.21,596.87,602.21,2941187,https://stooq.com/q/d/l/?s=1803.jp&i=d,2026-03-26T08:35:00+00:00
1803,1803.T,1803.jp,2006-10-04,593.29,593.29,580.79,586.14,6069559,https://stooq.com/q/d/l/?s=1803.jp&i=d,2026-03-26T08:35:00+00:00
1803,1803.T,1803.jp,2006-10-05,593.29,594.19,586.14,591.49,2960244,https://stooq.com/q/d/l/?s=1803.jp&i=d,2026-03-26T08:35:00+00:00
1803,1803.T,1803.jp,2006-10-06,584.38,592.39,582.58,592.39,1951450,https://stooq.com/q/d/l/?s=1803.jp&i=d,2026-03-26T08:35:00+00:00
1803,1803.T,1803.jp,2006-10-10,595.08,604.88,590.60,603.09,3633891,https://stooq.com/q/d/l/?s=1803.jp&i=d,2026-03-26T08:35:00+00:00
1803,1803.T,1803.jp,2006-10-11,607.56,612.91,595.08,595.08,4402811,https://stooq.com/q/d/l/?s=1803.jp&i=d,2026-03-26T08:35:00+00:00
1803,1803.T,1803.jp,2006-10-12,586.14,597.75,585.26,593.29,2425583,https://stooq.com/q/d/l/?s=1803.jp&i=d,2026-03-26T08:35:00+00:00
1803,1803.T,1803.jp,2006-10-13,596.87,615.58,595.96,612.00,4731230,https://stooq.com/q/d/l/?s=1803.jp&i=d,2026-03-26T08:35:00+00:00
1803,1803.T,1803.jp,2006-10-16,620.95,627.18,618.28,624.50,3810990,https://stooq.com/q/d/l/?s=1803.jp&i=d,2026-03-26T08:35:00+00:00
1803,1803.T,1803.jp,2006-10-17,636.99,637.90,623.62,624.50,5967560,https://stooq.com/q/d/l/?s=1803.jp&i=d,2026-03-26T08:35:00+00:00
1803,1803.T,1803.jp,2006-10-18,616.48,622.74,608.44,620.05,2309011,https://stooq.com/q/d/l/?s=1803.jp&i=d,2026-03-26T08:35:00+00:00
1803,1803.T,1803.jp,2006-10-19,620.95,621.82,611.11,614.69,1913340,https://stooq.com/q/d/l/?s=1803.jp&i=d,2026-03-26T08:35:00+00:00
1803,1803.T,1803.jp,2006-10-20,612.91,626.30,602.21,620.05,3321165,https://stooq.com/q/d/l/?s=1803.jp&i=d,2026-03-26T08:35:00+00:00
1803,1803.T,1803.jp,2006-10-23,624.50,628.96,620.95,625.39,2400924,https://stooq.com/q/d/l/?s=1803.jp&i=d,2026-03-26T08:35:00+00:00
1803,1803.T,1803.jp,2006-10-24,631.64,647.69,629.85,639.67,5640263,https://stooq.com/q/d/l/?s=1803.jp&i=d,2026-03-26T08:35:00+00:00
1803,1803.T,1803.jp,2006-10-25,642.36,645.93,634.32,637.90,3243824,https://stooq.com/q/d/l/?s=1803.jp&i=d,2026-03-26T08:35:00+00:00
1803,1803.T,1803.jp,2006-10-26,642.36,642.36,636.10,638.76,1506462,https://stooq.com/q/d/l/?s=1803.jp&i=d,2026-03-26T08:35:00+00:00
1803,1803.T,1803.jp,2006-10-27,638.76,642.36,628.96,632.56,2459207,https://stooq.com/q/d/l/?s=1803.jp&i=d,2026-03-26T08:35:00+00:00
1803,1803.T,1803.jp,2006-10-30,624.50,628.96,618.28,625.39,3048790,https://stooq.com/q/d/l/?s=1803.jp&i=d,2026-03-26T08:35:00+00:00
1803,1803.T,1803.jp,2006-10-31,626.30,632.56,612.91,619.14,3157516,https://stooq.com/q/d/l/?s=1803.jp&i=d,2026-03-26T08:35:00+00:00
1803,1803.T,1803.jp,2006-11-01,610.23,616.48,600.42,612.91,5105604,https://stooq.com/q/d/l/?s=1803.jp&i=d,2026-03-26T08:35:00+00:00
1803,1803.T,1803.jp,2006-11-02,606.67,616.48,606.67,612.00,2162175,https://stooq.com/q/d/l/?s=1803.jp&i=d,2026-03-26T08:35:00+00:00
1803,1803.T,1803.jp,2006-11-06,594.19,606.67,594.19,604.88,4062065,https://stooq.com/q/d/l/?s=1803.jp&i=d,2026-03-26T08:35:00+00:00
1803,1803.T,1803.jp,2006-11-07,604.88,605.76,592.39,593.29,3481449,https://stooq.com/q/d/l/?s=1803.jp&i=d,2026-03-26T08:35:00+00:00
1803,1803.T,1803.jp,2006-11-08,593.29,595.08,577.23,579.92,3599143,https://stooq.com/q/d/l/?s=1803.jp&i=d,2026-03-26T08:35:00+00:00
1803,1803.T,1803.jp,2006-11-09,577.23,584.38,569.20,573.66,4178637,https://stooq.com/q/d/l/?s=1803.jp&i=d,2026-03-26T08:35:00+00:00
1803,1803.T,1803.jp,2006-11-10,567.41,578.14,566.53,570.11,5426174,https://stooq.com/q/d/l/?s=1803.jp&i=d,2026-03-26T08:35:00+00:00
1803,1803.T,1803.jp,2006-11-13,565.62,569.20,554.92,561.17,3766154,https://stooq.com/q/d/l/?s=1803.jp&i=d,2026-03-26T08:35:00+00:00
1803,1803.T,1803.jp,2006-11-14,563.85,575.46,563.85,573.66,3568879,https://stooq.com/q/d/l/?s=1803.jp&i=d,2026-03-26T08:35:00+00:00
1803,1803.T,1803.jp,2006-11-15,575.46,575.46,547.78,562.07,4317626,https://stooq.com/q/d/l/?s=1803.jp&i=d,2026-03-26T08:35:00+00:00
1803,1803.T,1803.jp,2006-11-16,559.38,565.62,554.92,558.50,3099231,https://stooq.com/q/d/l/?s=1803.jp&i=d,2026-03-26T08:35:00+00:00
1803,1803.T,1803.jp,2006-11-17,554.92,556.72,544.22,546.91,5969802,https://stooq.com/q/d/l/?s=1803.jp&i=d,2026-03-26T08:35:00+00:00
1803,1803.T,1803.jp,2006-11-20,544.22,545.12,508.54,509.41,9465823,https://stooq.com/q/d/l/?s=1803.jp&i=d,2026-03-26T08:35:00+00:00
1803,1803.T,1803.jp,2006-11-21,511.21,515.65,498.72,504.95,6334089,https://stooq.com/q/d/l/?s=1803.jp&i=d,2026-03-26T08:35:00+00:00
1803,1803.T,1803.jp,2006-11-22,496.04,520.15,488.03,518.35,8965913,https://stooq.com/q/d/l/?s=1803.jp&i=d,2026-03-26T08:35:00+00:00
1803,1803.T,1803.jp,2006-11-24,512.99,512.99,500.52,505.86,3465758,https://stooq.com/q/d/l/?s=1803.jp&i=d,2026-03-26T08:35:00+00:00
1803,1803.T,1803.jp,2006-11-27,505.86,523.71,504.08,516.54,3544221,https://stooq.com/q/d/l/?s=1803.jp&i=d,2026-03-26T08:35:00+00:00
1803,1803.T,1803.jp,2006-11-28,511.21,517.45,504.08,516.54,2156570,https://stooq.com/q/d/l/?s=1803.jp&i=d,2026-03-26T08:35:00+00:00
1803,1803.T,1803.jp,2006-11-29,516.54,530.85,511.21,530.85,5083186,https://stooq.com/q/d/l/?s=1803.jp&i=d,2026-03-26T08:35:00+00:00
1803,1803.T,1803.jp,2006-11-30,529.05,538.85,521.92,538.85,5575252,https://stooq.com/q/d/l/?s=1803.jp&i=d,2026-03-26T08:35:00+00:00
1803,1803.T,1803.jp,2006-12-01,547.78,547.78,536.18,538.85,4677431,https://stooq.com/q/d/l/?s=1803.jp&i=d,2026-03-26T08:35:00+00:00
1803,1803.T,1803.jp,2006-12-04,545.12,545.12,535.28,538.85,3559911,https://stooq.com/q/d/l/?s=1803.jp&i=d,2026-03-26T08:35:00+00:00
1803,1803.T,1803.jp,2006-12-05,543.33,543.33,530.85,533.51,4640439,https://stooq.com/q/d/l/?s=1803.jp&i=d,2026-03-26T08:35:00+00:00
1803,1803.T,1803.jp,2006-12-06,529.05,534.41,524.59,530.85,4059824,https://stooq.com/q/d/l/?s=1803.jp&i=d,2026-03-26T08:35:00+00:00
1803,1803.T,1803.jp,2006-12-07,530.85,531.73,521.03,525.49,4934110,https://stooq.com/q/d/l/?s=1803.jp&i=d,2026-03-26T08:35:00+00:00
1803,1803.T,1803.jp,2006-12-08,520.15,526.38,518.35,521.92,6976354,https://stooq.com/q/d/l/?s=1803.jp&i=d,2026-03-26T08:35:00+00:00
1803,1803.T,1803.jp,2006-12-11,521.03,534.41,520.15,529.93,4346767,https://stooq.com/q/d/l/?s=1803.jp&i=d,2026-03-26T08:35:00+00:00
1803,1803.T,1803.jp,2006-12-12,537.08,537.08,523.71,527.26,3619316,https://stooq.com/q/d/l/?s=1803.jp&i=d,2026-03-26T08:35:00+00:00
1803,1803.T,1803.jp,2006-12-13,519.23,521.03,512.11,520.15,5627934,https://stooq.com/q/d/l/?s=1803.jp&i=d,2026-03-26T08:35:00+00:00
1803,1803.T,1803.jp,2006-12-14,521.03,530.85,517.45,529.93,4463342,https://stooq.com/q/d/l/?s=1803.jp&i=d,2026-03-26T08:35:00+00:00
1803,1803.T,1803.jp,2006-12-15,523.71,535.28,521.03,534.41,5237869,https://stooq.com/q/d/l/?s=1803.jp&i=d,2026-03-26T08:35:00+00:00
1803,1803.T,1803.jp,2006-12-18,531.73,535.28,521.03,523.71,4801846,https://stooq.com/q/d/l/?s=1803.jp&i=d,2026-03-26T08:35:00+00:00
1803,1803.T,1803.jp,2006-12-19,520.15,524.59,511.21,512.11,3716834,https://stooq.com/q/d/l/?s=1803.jp&i=d,2026-03-26T08:35:00+00:00
1803,1803.T,1803.jp,2006-12-20,513.88,530.85,512.11,529.93,4083361,https://stooq.com/q/d/l/?s=1803.jp&i=d,2026-03-26T08:35:00+00:00
1803,1803.T,1803.jp,2006-12-21,529.93,529.93,521.92,523.71,3839011,https://stooq.com/q/d/l/?s=1803.jp&i=d,2026-03-26T08:35:00+00:00
1803,1803.T,1803.jp,2006-12-22,520.15,530.85,516.54,528.16,4420746,https://stooq.com/q/d/l/?s=1803.jp&i=d,2026-03-26T08:35:00+00:00
1803,1803.T,1803.jp,2006-12-25,530.85,532.62,526.38,529.05,3018527,https://stooq.com/q/d/l/?s=1803.jp&i=d,2026-03-26T08:35:00+00:00
1803,1803.T,1803.jp,2006-12-26,520.15,522.82,513.88,521.92,4331076,https://stooq.com/q/d/l/?s=1803.jp&i=d,2026-03-26T08:35:00+00:00
1803,1803.T,1803.jp,2006-12-27,522.82,523.71,519.23,521.92,2027670,https://stooq.com/q/d/l/?s=1803.jp&i=d,2026-03-26T08:35:00+00:00
1803,1803.T,1803.jp,2006-12-28,523.71,527.26,519.23,523.71,1983955,https://stooq.com/q/d/l/?s=1803.jp&i=d,2026-03-26T08:35:00+00:00
1803,1803.T,1803.jp,2006-12-29,529.93,531.73,524.59,530.85,1466109,https://stooq.com/q/d/l/?s=1803.jp&i=d,2026-03-26T08:35:00+00:00
1803,1803.T,1803.jp,2007-01-04,533.51,537.08,527.26,537.08,2147604,https://stooq.com/q/d/l/?s=1803.jp&i=d,2026-03-26T08:35:00+00:00
1803,1803.T,1803.jp,2007-01-05,537.08,541.54,526.38,529.93,4656133,https://stooq.com/q/d/l/?s=1803.jp&i=d,2026-03-26T08:35:00+00:00
1803,1803.T,1803.jp,2007-01-09,530.85,544.22,530.85,542.44,3673121,https://stooq.com/q/d/l/?s=1803.jp&i=d,2026-03-26T08:35:00+00:00
1803,1803.T,1803.jp,2007-01-10,548.68,554.04,542.44,548.68,7609649,https://stooq.com/q/d/l/?s=1803.jp&i=d,2026-03-26T08:35:00+00:00
1803,1803.T,1803.jp,2007-01-11,561.17,575.46,560.29,564.74,14070395,https://stooq.com/q/d/l/?s=1803.jp&i=d,2026-03-26T08:35:00+00:00
1803,1803.T,1803.jp,2007-01-12,567.41,575.46,560.29,574.55,7013339,https://stooq.com/q/d/l/?s=1803.jp&i=d,2026-03-26T08:35:00+00:00
1803,1803.T,1803.jp,2007-01-15,580.79,591.49,579.92,581.69,7684748,https://stooq.com/q/d/l/?s=1803.jp&i=d,2026-03-26T08:35:00+00:00
1803,1803.T,1803.jp,2007-01-16,578.14,583.47,576.35,579.92,3704506,https://stooq.com/q/d/l/?s=1803.jp&i=d,2026-03-26T08:35:00+00:00
1803,1803.T,1803.jp,2007-01-17,580.79,601.31,579.02,598.64,7717253,https://stooq.com/q/d/l/?s=1803.jp&i=d,2026-03-26T08:35:00+00:00
1803,1803.T,1803.jp,2007-01-18,598.64,600.42,591.49,596.87,6148021,https://stooq.com/q/d/l/?s=1803.jp&i=d,2026-03-26T08:35:00+00:00
1803,1803.T,1803.jp,2007-01-19,591.49,595.08,585.26,591.49,3743738,https://stooq.com/q/d/l/?s=1803.jp&i=d,2026-03-26T08:35:00+00:00
1803,1803.T,1803.jp,2007-01-22,569.20,576.35,559.38,563.85,12456330,https://stooq.com/q/d/l/?s=1803.jp&i=d,2026-03-26T08:35:00+00:00
1803,1803.T,1803.jp,2007-01-23,539.75,553.14,539.75,546.01,12569538,https://stooq.com/q/d/l/?s=1803.jp&i=d,2026-03-26T08:35:00+00:00
1803,1803.T,1803.jp,2007-01-24,548.68,558.50,548.68,550.47,9020833,https://stooq.com/q/d/l/?s=1803.jp&i=d,2026-03-26T08:35:00+00:00
1803,1803.T,1803.jp,2007-01-25,562.07,564.74,553.14,554.04,7240879,https://stooq.com/q/d/l/?s=1803.jp&i=d,2026-03-26T08:35:00+00:00
1803,1803.T,1803.jp,2007-01-26,549.56,554.04,546.91,551.35,3696658,https://stooq.com/q/d/l/?s=1803.jp&i=d,2026-03-26T08:35:00+00:00
1803,1803.T,1803.jp,2007-01-29,573.66,586.14,566.53,582.58,12874418,https://stooq.com/q/d/l/?s=1803.jp&i=d,2026-03-26T08:35:00+00:00
1803,1803.T,1803.jp,2007-01-30,587.93,603.09,584.38,595.96,10409603,https://stooq.com/q/d/l/?s=1803.jp&i=d,2026-03-26T08:35:00+00:00
1803,1803.T,1803.jp,2007-01-31,596.87,596.87,577.23,579.92,5820724,https://stooq.com/q/d/l/?s=1803.jp&i=d,2026-03-26T08:35:00+00:00
1803,1803.T,1803.jp,2007-02-01,584.38,600.42,582.58,599.54,6311670,https://stooq.com/q/d/l/?s=1803.jp&i=d,2026-03-26T08:35:00+00:00
1803,1803.T,1803.jp,2007-02-02,608.44,619.14,600.42,616.48,10134990,https://stooq.com/q/d/l/?s=1803.jp&i=d,2026-03-26T08:35:00+00:00
1803,1803.T,1803.jp,2007-02-05,626.30,632.56,620.05,629.85,11625759,https://stooq.com/q/d/l/?s=1803.jp&i=d,2026-03-26T08:35:00+00:00
1803,1803.T,1803.jp,2007-02-06,627.18,630.75,619.14,624.50,6710704,https://stooq.com/q/d/l/?s=1803.jp&i=d,2026-03-26T08:35:00+00:00
1803,1803.T,1803.jp,2007-02-07,624.50,625.39,614.69,622.74,5054045,https://stooq.com/q/d/l/?s=1803.jp&i=d,2026-03-26T08:35:00+00:00
1803,1803.T,1803.jp,2007-02-08,626.30,626.30,620.95,624.50,6915824,https://stooq.com/q/d/l/?s=1803.jp&i=d,2026-03-26T08:35:00+00:00
1803,1803.T,1803.jp,2007-02-09,625.39,633.42,622.74,629.85,7159056,https://stooq.com/q/d/l/?s=1803.jp&i=d,2026-03-26T08:35:00+00:00
1803,1803.T,1803.jp,2007-02-13,629.85,643.25,626.30,633.42,10310968,https://stooq.com/q/d/l/?s=1803.jp&i=d,2026-03-26T08:35:00+00:00
1803,1803.T,1803.jp,2007-02-14,641.45,648.59,636.99,645.93,6998770,https://stooq.com/q/d/l/?s=1803.jp&i=d,2026-03-26T08:35:00+00:00
1803,1803.T,1803.jp,2007-02-15,654.84,657.50,641.45,647.69,3951098,https://stooq.com/q/d/l/?s=1803.jp&i=d,2026-03-26T08:35:00+00:00
1803,1803.T,1803.jp,2007-02-16,643.25,654.84,640.57,653.06,4244769,https://stooq.com/q/d/l/?s=1803.jp&i=d,2026-03-26T08:35:00+00:00
1803,1803.T,1803.jp,2007-02-19,650.36,671.78,646.80,660.18,4151735,https://stooq.com/q/d/l/?s=1803.jp&i=d,2026-03-26T08:35:00+00:00
1803,1803.T,1803.jp,2007-02-20,652.16,659.30,646.80,657.50,2546636,https://stooq.com/q/d/l/?s=1803.jp&i=d,2026-03-26T08:35:00+00:00
1803,1803.T,1803.jp,2007-02-21,652.16,659.30,648.59,654.84,3244944,https://stooq.com/q/d/l/?s=1803.jp&i=d,2026-03-26T08:35:00+00:00
1803,1803.T,1803.jp,2007-02-22,663.76,678.03,662.86,674.46,5588704,https://stooq.com/q/d/l/?s=1803.jp&i=d,2026-03-26T08:35:00+00:00
1803,1803.T,1803.jp,2007-02-23,673.59,673.59,663.76,664.65,7064901,https://stooq.com/q/d/l/?s=1803.jp&i=d,2026-03-26T08:35:00+00:00
1803,1803.T,1803.jp,2007-02-26,661.07,673.59,656.65,671.78,5927208,https://stooq.com/q/d/l/?s=1803.jp&i=d,2026-03-26T08:35:00+00:00
1803,1803.T,1803.jp,2007-02-27,675.37,676.25,654.84,661.97,3535254,https://stooq.com/q/d/l/?s=1803.jp&i=d,2026-03-26T08:35:00+00:00
1803,1803.T,1803.jp,2007-02-28,608.44,636.99,606.67,635.21,6579561,https://stooq.com/q/d/l/?s=1803.jp&i=d,2026-03-26T08:35:00+00:00
1803,1803.T,1803.jp,2007-03-01,631.64,631.64,619.14,631.64,3631647,https://stooq.com/q/d/l/?s=1803.jp&i=d,2026-03-26T08:35:00+00:00
1803,1803.T,1803.jp,2007-03-02,624.50,628.96,612.91,616.48,5527055,https://stooq.com/q/d/l/?s=1803.jp&i=d,2026-03-26T08:35:00+00:00
1803,1803.T,1803.jp,2007-03-05,611.11,612.91,588.81,591.49,7808042,https://stooq.com/q/d/l/?s=1803.jp&i=d,2026-03-26T08:35:00+00:00
1803,1803.T,1803.jp,2007-03-06,592.39,602.21,592.39,597.75,6476440,https://stooq.com/q/d/l/?s=1803.jp&i=d,2026-03-26T08:35:00+00:00
1803,1803.T,1803.jp,2007-03-07,604.88,618.28,600.42,610.23,8343823,https://stooq.com/q/d/l/?s=1803.jp&i=d,2026-03-26T08:35:00+00:00
1803,1803.T,1803.jp,2007-03-08,596.87,608.44,590.60,608.44,6002309,https://stooq.com/q/d/l/?s=1803.jp&i=d,2026-03-26T08:35:00+00:00
1803,1803.T,1803.jp,2007-03-09,612.91,612.91,599.54,603.99,8042310,https://stooq.com/q/d/l/?s=1803.jp&i=d,2026-03-26T08:35:00+00:00
1803,1803.T,1803.jp,2007-03-12,612.91,634.32,611.11,628.96,8088263,https://stooq.com/q/d/l/?s=1803.jp&i=d,2026-03-26T08:35:00+00:00
1803,1803.T,1803.jp,2007-03-13,632.56,636.10,627.18,628.96,3986968,https://stooq.com/q/d/l/?s=1803.jp&i=d,2026-03-26T08:35:00+00:00
1803,1803.T,1803.jp,2007-03-14,612.91,616.48,602.21,604.88,4238043,https://stooq.com/q/d/l/?s=1803.jp&i=d,2026-03-26T08:35:00+00:00
1803,1803.T,1803.jp,2007-03-15,622.74,623.62,616.48,618.28,6580682,https://stooq.com/q/d/l/?s=1803.jp&i=d,2026-03-26T08:35:00+00:00
1803,1803.T,1803.jp,2007-03-16,612.00,617.38,599.54,608.44,4938595,https://stooq.com/q/d/l/?s=1803.jp&i=d,2026-03-26T08:35:00+00:00
1803,1803.T,1803.jp,2007-03-19,603.09,614.69,595.96,607.56,6401339,https://stooq.com/q/d/l/?s=1803.jp&i=d,2026-03-26T08:35:00+00:00
1803,1803.T,1803.jp,2007-03-20,601.31,608.44,593.29,598.64,7736309,https://stooq.com/q/d/l/?s=1803.jp&i=d,2026-03-26T08:35:00+00:00
1803,1803.T,1803.jp,2007-03-22,607.56,622.74,605.76,619.14,5908155,https://stooq.com/q/d/l/?s=1803.jp&i=d,2026-03-26T08:35:00+00:00
1803,1803.T,1803.jp,2007-03-23,644.13,657.50,640.57,643.25,13895539,https://stooq.com/q/d/l/?s=1803.jp&i=d,2026-03-26T08:35:00+00:00
1803,1803.T,1803.jp,2007-03-26,643.25,645.93,630.75,636.99,3655186,https://stooq.com/q/d/l/?s=1803.jp&i=d,2026-03-26T08:35:00+00:00
1803,1803.T,1803.jp,2007-03-27,634.32,640.57,632.56,632.56,2241758,https://stooq.com/q/d/l/?s=1803.jp&i=d,2026-03-26T08:35:00+00:00
1803,1803.T,1803.jp,2007-03-28,636.99,648.59,636.10,640.57,5746746,https://stooq.com/q/d/l/?s=1803.jp&i=d,2026-03-26T08:35:00+00:00
1803,1803.T,1803.jp,2007-03-29,636.99,639.67,620.95,635.21,3760549,https://stooq.com/q/d/l/?s=1803.jp&i=d,2026-03-26T08:35:00+00:00
1803,1803.T,1803.jp,2007-03-30,637.90,648.59,635.21,645.03,4513780,https://stooq.com/q/d/l/?s=1803.jp&i=d,2026-03-26T08:35:00+00:00
1803,1803.T,1803.jp,2007-04-02,640.57,646.80,628.96,628.96,4255978,https://stooq.com/q/d/l/?s=1803.jp&i=d,2026-03-26T08:35:00+00:00
1803,1803.T,1803.jp,2007-04-03,637.90,645.93,633.42,645.03,5418329,https://stooq.com/q/d/l/?s=1803.jp&i=d,2026-03-26T08:35:00+00:00
1803,1803.T,1803.jp,2007-04-04,645.93,664.65,645.93,662.86,8300112,https://stooq.com/q/d/l/?s=1803.jp&i=d,2026-03-26T08:35:00+00:00
1803,1803.T,1803.jp,2007-04-05,662.86,671.78,655.75,666.43,8202594,https://stooq.com/q/d/l/?s=1803.jp&i=d,2026-03-26T08:35:00+00:00
1803,1803.T,1803.jp,2007-04-06,667.34,674.46,656.65,660.18,5829692,https://stooq.com/q/d/l/?s=1803.jp&i=d,2026-03-26T08:35:00+00:00
1803,1803.T,1803.jp,2007-04-09,669.11,694.09,669.11,692.32,10919605,https://stooq.com/q/d/l/?s=1803.jp&i=d,2026-03-26T08:35:00+00:00
1803,1803.T,1803.jp,2007-04-10,692.32,700.34,686.96,690.53,8444704,https://stooq.com/q/d/l/?s=1803.jp&i=d,2026-03-26T08:35:00+00:00
1803,1803.T,1803.jp,2007-04-11,694.09,703.02,692.32,694.09,3867033,https://stooq.com/q/d/l/?s=1803.jp&i=d,2026-03-26T08:35:00+00:00
1803,1803.T,1803.jp,2007-04-12,689.66,693.20,681.60,691.42,4717780,https://stooq.com/q/d/l/?s=1803.jp&i=d,2026-03-26T08:35:00+00:00
1803,1803.T,1803.jp,2007-04-13,698.56,709.28,696.78,703.02,9979187,https://stooq.com/q/d/l/?s=1803.jp&i=d,2026-03-26T08:35:00+00:00
1803,1803.T,1803.jp,2007-04-16,710.16,731.58,708.38,722.64,14063668,https://stooq.com/q/d/l/?s=1803.jp&i=d,2026-03-26T08:35:00+00:00
1803,1803.T,1803.jp,2007-04-17,714.60,719.97,693.20,696.78,11328727,https://stooq.com/q/d/l/?s=1803.jp&i=d,2026-03-26T08:35:00+00:00
1803,1803.T,1803.jp,2007-04-18,696.78,708.38,695.87,703.02,5429539,https://stooq.com/q/d/l/?s=1803.jp&i=d,2026-03-26T08:35:00+00:00
1803,1803.T,1803.jp,2007-04-19,700.34,701.23,684.28,691.42,5794946,https://stooq.com/q/d/l/?s=1803.jp&i=d,2026-03-26T08:35:00+00:00
1803,1803.T,1803.jp,2007-04-20,700.34,705.68,692.32,694.09,4996879,https://stooq.com/q/d/l/?s=1803.jp&i=d,2026-03-26T08:35:00+00:00
1803,1803.T,1803.jp,2007-04-23,695.87,702.13,678.03,683.38,7560329,https://stooq.com/q/d/l/?s=1803.jp&i=d,2026-03-26T08:35:00+00:00
1803,1803.T,1803.jp,2007-04-24,683.38,688.75,670.01,686.05,5768045,https://stooq.com/q/d/l/?s=1803.jp&i=d,2026-03-26T08:35:00+00:00
1803,1803.T,1803.jp,2007-04-25,680.71,681.60,665.55,670.01,6762263,https://stooq.com/q/d/l/?s=1803.jp&i=d,2026-03-26T08:35:00+00:00
1803,1803.T,1803.jp,2007-04-26,674.46,685.16,673.59,676.25,4765977,https://stooq.com/q/d/l/?s=1803.jp&i=d,2026-03-26T08:35:00+00:00
1803,1803.T,1803.jp,2007-04-27,667.34,678.96,660.18,666.43,5393671,https://stooq.com/q/d/l/?s=1803.jp&i=d,2026-03-26T08:35:00+00:00
1803,1803.T,1803.jp,2007-05-01,667.34,667.34,651.28,661.97,5487824,https://stooq.com/q/d/l/?s=1803.jp&i=d,2026-03-26T08:35:00+00:00
1803,1803.T,1803.jp,2007-05-02,662.86,670.91,657.50,667.34,2491714,https://stooq.com/q/d/l/?s=1803.jp&i=d,2026-03-26T08:35:00+00:00
1803,1803.T,1803.jp,2007-05-07,681.60,700.34,675.37,689.66,6615427,https://stooq.com/q/d/l/?s=1803.jp&i=d,2026-03-26T08:35:00+00:00
1803,1803.T,1803.jp,2007-05-08,685.16,686.05,673.59,675.37,3780725,https://stooq.com/q/d/l/?s=1803.jp&i=d,2026-03-26T08:35:00+00:00
1803,1803.T,1803.jp,2007-05-09,671.78,676.25,666.43,674.46,3227010,https://stooq.com/q/d/l/?s=1803.jp&i=d,2026-03-26T08:35:00+00:00
1803,1803.T,1803.jp,2007-05-10,674.46,686.05,670.01,677.15,4646043,https://stooq.com/q/d/l/?s=1803.jp&i=d,2026-03-26T08:35:00+00:00
1803,1803.T,1803.jp,2007-05-11,676.25,676.25,662.86,672.68,4258219,https://stooq.com/q/d/l/?s=1803.jp&i=d,2026-03-26T08:35:00+00:00
1803,1803.T,1803.jp,2007-05-14,678.96,684.28,670.91,673.59,4590000,https://stooq.com/q/d/l/?s=1803.jp&i=d,2026-03-26T08:35:00+00:00
1803,1803.T,1803.jp,2007-05-15,670.01,670.01,645.03,655.75,9901847,https://stooq.com/q/d/l/?s=1803.jp&i=d,2026-03-26T08:35:00+00:00
1803,1803.T,1803.jp,2007-05-16,646.80,649.48,617.38,633.42,16071166,https://stooq.com/q/d/l/?s=1803.jp&i=d,2026-03-26T08:35:00+00:00
1803,1803.T,1803.jp,2007-05-17,628.96,629.85,612.91,619.14,10293033,https://stooq.com/q/d/l/?s=1803.jp&i=d,2026-03-26T08:35:00+00:00
1803,1803.T,1803.jp,2007-05-18,620.05,620.05,602.21,606.67,7380988,https://stooq.com/q/d/l/?s=1803.jp&i=d,2026-03-26T08:35:00+00:00
1803,1803.T,1803.jp,2007-05-21,625.39,625.39,611.11,616.48,5271495,https://stooq.com/q/d/l/?s=1803.jp&i=d,2026-03-26T08:35:00+00:00
1803,1803.T,1803.jp,2007-05-22,621.82,634.32,613.79,633.42,5742265,https://stooq.com/q/d/l/?s=1803.jp&i=d,2026-03-26T08:35:00+00:00
1803,1803.T,1803.jp,2007-05-23,633.42,645.93,632.56,635.21,6069559,https://stooq.com/q/d/l/?s=1803.jp&i=d,2026-03-26T08:35:00+00:00
1803,1803.T,1803.jp,2007-05-24,630.75,635.21,627.18,628.07,3563274,https://stooq.com/q/d/l/?s=1803.jp&i=d,2026-03-26T08:35:00+00:00
1803,1803.T,1803.jp,2007-05-25,628.07,628.07,609.34,615.58,5650352,https://stooq.com/q/d/l/?s=1803.jp&i=d,2026-03-26T08:35:00+00:00
1803,1803.T,1803.jp,2007-05-28,615.58,621.82,613.79,615.58,2877296,https://stooq.com/q/d/l/?s=1803.jp&i=d,2026-03-26T08:35:00+00:00
1803,1803.T,1803.jp,2007-05-29,616.48,628.07,613.79,625.39,3871516,https://stooq.com/q/d/l/?s=1803.jp&i=d,2026-03-26T08:35:00+00:00
1803,1803.T,1803.jp,2007-05-30,620.95,624.50,614.69,620.95,4300813,https://stooq.com/q/d/l/?s=1803.jp&i=d,2026-03-26T08:35:00+00:00
1803,1803.T,1803.jp,2007-05-31,626.30,630.75,622.74,628.96,3224771,https://stooq.com/q/d/l/?s=1803.jp&i=d,2026-03-26T08:35:00+00:00
1803,1803.T,1803.jp,2007-06-01,643.25,649.48,637.90,638.76,7813648,https://stooq.com/q/d/l/?s=1803.jp&i=d,2026-03-26T08:35:00+00:00
1803,1803.T,1803.jp,2007-06-04,635.21,645.93,627.18,639.67,8152155,https://stooq.com/q/d/l/?s=1803.jp&i=d,2026-03-26T08:35:00+00:00
1803,1803.T,1803.jp,2007-06-05,640.57,649.48,639.67,645.93,3941011,https://stooq.com/q/d/l/?s=1803.jp&i=d,2026-03-26T08:35:00+00:00
1803,1803.T,1803.jp,2007-06-06,644.13,653.06,638.76,646.80,3880480,https://stooq.com/q/d/l/?s=1803.jp&i=d,2026-03-26T08:35:00+00:00
1803,1803.T,1803.jp,2007-06-07,638.76,641.45,632.56,640.57,4410658,https://stooq.com/q/d/l/?s=1803.jp&i=d,2026-03-26T08:35:00+00:00
1803,1803.T,1803.jp,2007-06-08,641.45,641.45,621.82,624.50,10541866,https://stooq.com/q/d/l/?s=1803.jp&i=d,2026-03-26T08:35:00+00:00
1803,1803.T,1803.jp,2007-06-11,628.07,633.42,620.95,623.62,3336858,https://stooq.com/q/d/l/?s=1803.jp&i=d,2026-03-26T08:35:00+00:00
1803,1803.T,1803.jp,2007-06-12,626.30,628.96,612.00,618.28,3714592,https://stooq.com/q/d/l/?s=1803.jp&i=d,2026-03-26T08:35:00+00:00
1803,1803.T,1803.jp,2007-06-13,609.34,614.69,606.67,612.91,2510771,https://stooq.com/q/d/l/?s=1803.jp&i=d,2026-03-26T08:35:00+00:00
1803,1803.T,1803.jp,2007-06-14,621.82,623.62,614.69,618.28,1959296,https://stooq.com/q/d/l/?s=1803.jp&i=d,2026-03-26T08:35:00+00:00
1803,1803.T,1803.jp,2007-06-15,620.95,629.85,619.14,628.07,2533185,https://stooq.com/q/d/l/?s=1803.jp&i=d,2026-03-26T08:35:00+00:00
1803,1803.T,1803.jp,2007-06-18,630.75,645.93,628.96,644.13,5258045,https://stooq.com/q/d/l/?s=1803.jp&i=d,2026-03-26T08:35:00+00:00
1803,1803.T,1803.jp,2007-06-19,648.59,649.48,643.25,645.93,4161824,https://stooq.com/q/d/l/?s=1803.jp&i=d,2026-03-26T08:35:00+00:00
1803,1803.T,1803.jp,2007-06-20,654.84,661.07,648.59,653.06,6456263,https://stooq.com/q/d/l/?s=1803.jp&i=d,2026-03-26T08:35:00+00:00
1803,1803.T,1803.jp,2007-06-21,661.97,670.91,649.48,651.28,5370132,https://stooq.com/q/d/l/?s=1803.jp&i=d,2026-03-26T08:35:00+00:00
1803,1803.T,1803.jp,2007-06-22,651.28,651.28,634.32,643.25,4306417,https://stooq.com/q/d/l/?s=1803.jp&i=d,2026-03-26T08:35:00+00:00
1803,1803.T,1803.jp,2007-06-25,644.13,644.13,630.75,630.75,3578966,https://stooq.com/q/d/l/?s=1803.jp&i=d,2026-03-26T08:35:00+00:00
1803,1803.T,1803.jp,2007-06-26,628.96,634.32,624.50,632.56,4378155,https://stooq.com/q/d/l/?s=1803.jp&i=d,2026-03-26T08:35:00+00:00
1803,1803.T,1803.jp,2007-06-27,627.18,629.85,617.38,620.05,3725802,https://stooq.com/q/d/l/?s=1803.jp&i=d,2026-03-26T08:35:00+00:00
1803,1803.T,1803.jp,2007-06-28,627.18,629.85,621.82,627.18,2159931,https://stooq.com/q/d/l/?s=1803.jp&i=d,2026-03-26T08:35:00+00:00
1803,1803.T,1803.jp,2007-06-29,632.56,642.36,628.07,637.90,3586812,https://stooq.com/q/d/l/?s=1803.jp&i=d,2026-03-26T08:35:00+00:00
1803,1803.T,1803.jp,2007-07-02,633.42,635.21,623.62,630.75,3540857,https://stooq.com/q/d/l/?s=1803.jp&i=d,2026-03-26T08:35:00+00:00
1803,1803.T,1803.jp,2007-07-03,639.67,639.67,626.30,629.85,2562330,https://stooq.com/q/d/l/?s=1803.jp&i=d,2026-03-26T08:35:00+00:00
1803,1803.T,1803.jp,2007-07-04,628.96,630.75,620.95,627.18,2898595,https://stooq.com/q/d/l/?s=1803.jp&i=d,2026-03-26T08:35:00+00:00
1803,1803.T,1803.jp,2007-07-05,623.62,629.85,623.62,627.18,1935757,https://stooq.com/q/d/l/?s=1803.jp&i=d,2026-03-26T08:35:00+00:00
1803,1803.T,1803.jp,2007-07-06,630.75,635.21,625.39,632.56,3243824,https://stooq.com/q/d/l/?s=1803.jp&i=d,2026-03-26T08:35:00+00:00
1803,1803.T,1803.jp,2007-07-09,641.45,659.30,636.99,653.06,6569472,https://stooq.com/q/d/l/?s=1803.jp&i=d,2026-03-26T08:35:00+00:00
1803,1803.T,1803.jp,2007-07-10,650.36,650.36,642.36,645.93,2950154,https://stooq.com/q/d/l/?s=1803.jp&i=d,2026-03-26T08:35:00+00:00
1803,1803.T,1803.jp,2007-07-11,638.76,639.67,632.56,635.21,2834703,https://stooq.com/q/d/l/?s=1803.jp&i=d,2026-03-26T08:35:00+00:00
1803,1803.T,1803.jp,2007-07-12,634.32,641.45,628.07,632.56,2662088,https://stooq.com/q/d/l/?s=1803.jp&i=d,2026-03-26T08:35:00+00:00
1803,1803.T,1803.jp,2007-07-13,643.25,654.84,641.45,652.16,5479978,https://stooq.com/q/d/l/?s=1803.jp&i=d,2026-03-26T08:35:00+00:00
1803,1803.T,1803.jp,2007-07-17,653.06,660.18,643.25,649.48,4017231,https://stooq.com/q/d/l/?s=1803.jp&i=d,2026-03-26T08:35:00+00:00
1803,1803.T,1803.jp,2007-07-18,654.84,655.75,639.67,643.25,3515075,https://stooq.com/q/d/l/?s=1803.jp&i=d,2026-03-26T08:35:00+00:00
1803,1803.T,1803.jp,2007-07-19,653.96,664.65,649.48,661.97,5047319,https://stooq.com/q/d/l/?s=1803.jp&i=d,2026-03-26T08:35:00+00:00
1803,1803.T,1803.jp,2007-07-20,661.97,668.22,656.65,658.39,3719077,https://stooq.com/q/d/l/?s=1803.jp&i=d,2026-03-26T08:35:00+00:00
1803,1803.T,1803.jp,2007-07-23,649.48,658.39,645.03,656.65,2896352,https://stooq.com/q/d/l/?s=1803.jp&i=d,2026-03-26T08:35:00+00:00
1803,1803.T,1803.jp,2007-07-24,653.06,658.39,645.93,658.39,4245890,https://stooq.com/q/d/l/?s=1803.jp&i=d,2026-03-26T08:35:00+00:00
1803,1803.T,1803.jp,2007-07-25,654.84,658.39,647.69,655.75,3772881,https://stooq.com/q/d/l/?s=1803.jp&i=d,2026-03-26T08:35:00+00:00
1803,1803.T,1803.jp,2007-07-26,654.84,664.65,650.36,652.16,4762615,https://stooq.com/q/d/l/?s=1803.jp&i=d,2026-03-26T08:35:00+00:00
1803,1803.T,1803.jp,2007-07-27,640.57,646.80,625.39,642.36,4792877,https://stooq.com/q/d/l/?s=1803.jp&i=d,2026-03-26T08:35:00+00:00
1803,1803.T,1803.jp,2007-07-30,633.42,643.25,627.18,639.67,4694242,https://stooq.com/q/d/l/?s=1803.jp&i=d,2026-03-26T08:35:00+00:00
1803,1803.T,1803.jp,2007-07-31,642.36,642.36,633.42,636.10,2644154,https://stooq.com/q/d/l/?s=1803.jp&i=d,2026-03-26T08:35:00+00:00
1803,1803.T,1803.jp,2007-08-01,629.85,637.90,613.79,615.58,5141473,https://stooq.com/q/d/l/?s=1803.jp&i=d,2026-03-26T08:35:00+00:00
1803,1803.T,1803.jp,2007-08-02,615.58,622.74,610.23,620.95,4167427,https://stooq.com/q/d/l/?s=1803.jp&i=d,2026-03-26T08:35:00+00:00
1803,1803.T,1803.jp,2007-08-03,620.95,620.95,609.34,619.14,5539386,https://stooq.com/q/d/l/?s=1803.jp&i=d,2026-03-26T08:35:00+00:00
1803,1803.T,1803.jp,2007-08-06,607.56,626.30,607.56,622.74,3157516,https://stooq.com/q/d/l/?s=1803.jp&i=d,2026-03-26T08:35:00+00:00
1803,1803.T,1803.jp,2007-08-07,629.85,631.64,621.82,623.62,3734767,https://stooq.com/q/d/l/?s=1803.jp&i=d,2026-03-26T08:35:00+00:00
1803,1803.T,1803.jp,2007-08-08,626.30,670.91,625.39,670.01,9136285,https://stooq.com/q/d/l/?s=1803.jp&i=d,2026-03-26T08:35:00+00:00
1803,1803.T,1803.jp,2007-08-09,664.65,704.80,661.97,662.86,12275867,https://stooq.com/q/d/l/?s=1803.jp&i=d,2026-03-26T08:35:00+00:00
1803,1803.T,1803.jp,2007-08-10,649.48,689.66,646.80,677.15,9463581,https://stooq.com/q/d/l/?s=1803.jp&i=d,2026-03-26T08:35:00+00:00
1803,1803.T,1803.jp,2007-08-13,678.03,678.96,642.36,659.30,9423229,https://stooq.com/q/d/l/?s=1803.jp&i=d,2026-03-26T08:35:00+00:00
1803,1803.T,1803.jp,2007-08-14,659.30,661.07,647.69,653.06,3362636,https://stooq.com/q/d/l/?s=1803.jp&i=d,2026-03-26T08:35:00+00:00
1803,1803.T,1803.jp,2007-08-15,650.36,651.28,633.42,636.10,3318923,https://stooq.com/q/d/l/?s=1803.jp&i=d,2026-03-26T08:35:00+00:00
1803,1803.T,1803.jp,2007-08-16,627.18,630.75,615.58,629.85,5808394,https://stooq.com/q/d/l/?s=1803.jp&i=d,2026-03-26T08:35:00+00:00
1803,1803.T,1803.jp,2007-08-17,626.30,638.76,620.95,621.82,6441692,https://stooq.com/q/d/l/?s=1803.jp&i=d,2026-03-26T08:35:00+00:00
1803,1803.T,1803.jp,2007-08-20,626.30,645.93,624.50,636.99,3639494,https://stooq.com/q/d/l/?s=1803.jp&i=d,2026-03-26T08:35:00+00:00
1803,1803.T,1803.jp,2007-08-21,637.90,648.59,632.56,640.57,5189668,https://stooq.com/q/d/l/?s=1803.jp&i=d,2026-03-26T08:35:00+00:00
1803,1803.T,1803.jp,2007-08-22,637.90,641.45,628.96,631.64,2932220,https://stooq.com/q/d/l/?s=1803.jp&i=d,2026-03-26T08:35:00+00:00
1803,1803.T,1803.jp,2007-08-23,642.36,659.30,640.57,658.39,4559738,https://stooq.com/q/d/l/?s=1803.jp&i=d,2026-03-26T08:35:00+00:00
1803,1803.T,1803.jp,2007-08-24,659.30,664.65,650.36,654.84,4474551,https://stooq.com/q/d/l/?s=1803.jp&i=d,2026-03-26T08:35:00+00:00
1803,1803.T,1803.jp,2007-08-27,663.76,669.11,650.36,655.75,3769516,https://stooq.com/q/d/l/?s=1803.jp&i=d,2026-03-26T08:35:00+00:00
1803,1803.T,1803.jp,2007-08-28,645.93,650.36,640.57,642.36,2502924,https://stooq.com/q/d/l/?s=1803.jp&i=d,2026-03-26T08:35:00+00:00
1803,1803.T,1803.jp,2007-08-29,639.67,640.57,623.62,633.42,5001361,https://stooq.com/q/d/l/?s=1803.jp&i=d,2026-03-26T08:35:00+00:00
1803,1803.T,1803.jp,2007-08-30,660.18,664.65,645.03,650.36,5344351,https://stooq.com/q/d/l/?s=1803.jp&i=d,2026-03-26T08:35:00+00:00
1803,1803.T,1803.jp,2007-08-31,660.18,660.18,645.93,658.39,6118881,https://stooq.com/q/d/l/?s=1803.jp&i=d,2026-03-26T08:35:00+00:00
1803,1803.T,1803.jp,2007-09-03,659.30,660.18,637.90,642.36,5149318,https://stooq.com/q/d/l/?s=1803.jp&i=d,2026-03-26T08:35:00+00:00
1803,1803.T,1803.jp,2007-09-04,643.25,643.25,633.42,637.90,2369536,https://stooq.com/q/d/l/?s=1803.jp&i=d,2026-03-26T08:35:00+00:00
1803,1803.T,1803.jp,2007-09-05,635.21,636.99,617.38,621.82,6830635,https://stooq.com/q/d/l/?s=1803.jp&i=d,2026-03-26T08:35:00+00:00
1803,1803.T,1803.jp,2007-09-06,615.58,616.48,602.21,612.00,6680438,https://stooq.com/q/d/l/?s=1803.jp&i=d,2026-03-26T08:35:00+00:00
1803,1803.T,1803.jp,2007-09-07,606.67,612.91,598.64,603.09,5808394,https://stooq.com/q/d/l/?s=1803.jp&i=d,2026-03-26T08:35:00+00:00
1803,1803.T,1803.jp,2007-09-10,579.02,579.92,554.92,560.29,13312681,https://stooq.com/q/d/l/?s=1803.jp&i=d,2026-03-26T08:35:00+00:00
1803,1803.T,1803.jp,2007-09-11,560.29,571.87,554.92,562.93,9418747,https://stooq.com/q/d/l/?s=1803.jp&i=d,2026-03-26T08:35:00+00:00
1803,1803.T,1803.jp,2007-09-12,568.31,579.92,566.53,576.35,8240702,https://stooq.com/q/d/l/?s=1803.jp&i=d,2026-03-26T08:35:00+00:00
1803,1803.T,1803.jp,2007-09-13,574.55,577.23,546.91,548.68,6126726,https://stooq.com/q/d/l/?s=1803.jp&i=d,2026-03-26T08:35:00+00:00
1803,1803.T,1803.jp,2007-09-14,549.56,553.14,535.28,542.44,10483581,https://stooq.com/q/d/l/?s=1803.jp&i=d,2026-03-26T08:35:00+00:00
1803,1803.T,1803.jp,2007-09-18,546.01,547.78,527.26,533.51,4522747,https://stooq.com/q/d/l/?s=1803.jp&i=d,2026-03-26T08:35:00+00:00
1803,1803.T,1803.jp,2007-09-19,551.35,553.14,539.75,552.24,4585517,https://stooq.com/q/d/l/?s=1803.jp&i=d,2026-03-26T08:35:00+00:00
1803,1803.T,1803.jp,2007-09-20,558.50,559.38,543.33,546.91,4909450,https://stooq.com/q/d/l/?s=1803.jp&i=d,2026-03-26T08:35:00+00:00
1803,1803.T,1803.jp,2007-09-21,538.85,546.01,533.51,535.28,4436440,https://stooq.com/q/d/l/?s=1803.jp&i=d,2026-03-26T08:35:00+00:00
1803,1803.T,1803.jp,2007-09-25,529.05,529.05,514.77,523.71,7648882,https://stooq.com/q/d/l/?s=1803.jp&i=d,2026-03-26T08:35:00+00:00
1803,1803.T,1803.jp,2007-09-26,521.92,538.85,517.45,538.85,6483165,https://stooq.com/q/d/l/?s=1803.jp&i=d,2026-03-26T08:35:00+00:00
1803,1803.T,1803.jp,2007-09-27,547.78,561.17,537.08,557.60,7008856,https://stooq.com/q/d/l/?s=1803.jp&i=d,2026-03-26T08:35:00+00:00
1803,1803.T,1803.jp,2007-09-28,575.46,575.46,554.04,557.60,7829341,https://stooq.com/q/d/l/?s=1803.jp&i=d,2026-03-26T08:35:00+00:00
1803,1803.T,1803.jp,2007-10-01,540.66,540.66,519.23,526.38,12449605,https://stooq.com/q/d/l/?s=1803.jp&i=d,2026-03-26T08:35:00+00:00
1803,1803.T,1803.jp,2007-10-02,522.82,527.26,514.77,521.92,8429010,https://stooq.com/q/d/l/?s=1803.jp&i=d,2026-03-26T08:35:00+00:00
1803,1803.T,1803.jp,2007-10-03,521.03,536.18,520.15,535.28,5854351,https://stooq.com/q/d/l/?s=1803.jp&i=d,2026-03-26T08:35:00+00:00
1803,1803.T,1803.jp,2007-10-04,527.26,536.18,523.71,531.73,4139408,https://stooq.com/q/d/l/?s=1803.jp&i=d,2026-03-26T08:35:00+00:00
1803,1803.T,1803.jp,2007-10-05,531.73,532.62,523.71,528.16,2811164,https://stooq.com/q/d/l/?s=1803.jp&i=d,2026-03-26T08:35:00+00:00
1803,1803.T,1803.jp,2007-10-09,529.05,535.28,525.49,530.85,5954110,https://stooq.com/q/d/l/?s=1803.jp&i=d,2026-03-26T08:35:00+00:00
1803,1803.T,1803.jp,2007-10-10,535.28,539.75,532.62,535.28,4760374,https://stooq.com/q/d/l/?s=1803.jp&i=d,2026-03-26T08:35:00+00:00
1803,1803.T,1803.jp,2007-10-11,537.97,539.75,525.49,529.93,4878066,https://stooq.com/q/d/l/?s=1803.jp&i=d,2026-03-26T08:35:00+00:00
1803,1803.T,1803.jp,2007-10-12,530.85,533.51,521.03,521.92,3725802,https://stooq.com/q/d/l/?s=1803.jp&i=d,2026-03-26T08:35:00+00:00
1803,1803.T,1803.jp,2007-10-15,522.82,525.49,517.45,520.15,3424287,https://stooq.com/q/d/l/?s=1803.jp&i=d,2026-03-26T08:35:00+00:00
1803,1803.T,1803.jp,2007-10-16,517.45,520.15,506.74,508.54,4088967,https://stooq.com/q/d/l/?s=1803.jp&i=d,2026-03-26T08:35:00+00:00
1803,1803.T,1803.jp,2007-10-17,515.65,516.54,492.47,498.72,6753299,https://stooq.com/q/d/l/?s=1803.jp&i=d,2026-03-26T08:35:00+00:00
1803,1803.T,1803.jp,2007-10-18,498.72,507.63,495.14,502.30,4275033,https://stooq.com/q/d/l/?s=1803.jp&i=d,2026-03-26T08:35:00+00:00
1803,1803.T,1803.jp,2007-10-19,497.84,497.84,481.76,483.54,5323055,https://stooq.com/q/d/l/?s=1803.jp&i=d,2026-03-26T08:35:00+00:00
1803,1803.T,1803.jp,2007-10-22,469.28,481.76,466.61,478.21,4603452,https://stooq.com/q/d/l/?s=1803.jp&i=d,2026-03-26T08:35:00+00:00
1803,1803.T,1803.jp,2007-10-23,481.76,491.57,477.31,482.66,3799781,https://stooq.com/q/d/l/?s=1803.jp&i=d,2026-03-26T08:35:00+00:00
1803,1803.T,1803.jp,2007-10-24,486.23,487.12,473.73,475.52,3733648,https://stooq.com/q/d/l/?s=1803.jp&i=d,2026-03-26T08:35:00+00:00
1803,1803.T,1803.jp,2007-10-25,480.86,487.12,478.21,479.98,5136988,https://stooq.com/q/d/l/?s=1803.jp&i=d,2026-03-26T08:35:00+00:00
1803,1803.T,1803.jp,2007-10-26,478.21,482.66,472.84,479.98,3274089,https://stooq.com/q/d/l/?s=1803.jp&i=d,2026-03-26T08:35:00+00:00
1803,1803.T,1803.jp,2007-10-29,488.91,493.35,480.86,489.81,5009209,https://stooq.com/q/d/l/?s=1803.jp&i=d,2026-03-26T08:35:00+00:00
1803,1803.T,1803.jp,2007-10-30,482.66,537.08,478.21,530.85,12985384,https://stooq.com/q/d/l/?s=1803.jp&i=d,2026-03-26T08:35:00+00:00
1803,1803.T,1803.jp,2007-10-31,525.49,542.44,524.59,534.41,10788461,https://stooq.com/q/d/l/?s=1803.jp&i=d,2026-03-26T08:35:00+00:00
1803,1803.T,1803.jp,2007-11-01,528.16,534.41,520.15,525.49,3334615,https://stooq.com/q/d/l/?s=1803.jp&i=d,2026-03-26T08:35:00+00:00
1803,1803.T,1803.jp,2007-11-02,511.21,513.88,500.52,506.74,4947560,https://stooq.com/q/d/l/?s=1803.jp&i=d,2026-03-26T08:35:00+00:00
1803,1803.T,1803.jp,2007-11-05,502.30,503.17,475.52,475.52,7832705,https://stooq.com/q/d/l/?s=1803.jp&i=d,2026-03-26T08:35:00+00:00
1803,1803.T,1803.jp,2007-11-06,472.84,488.03,472.84,483.54,4629229,https://stooq.com/q/d/l/?s=1803.jp&i=d,2026-03-26T08:35:00+00:00
1803,1803.T,1803.jp,2007-11-07,465.72,465.72,447.86,447.86,10973406,https://stooq.com/q/d/l/?s=1803.jp&i=d,2026-03-26T08:35:00+00:00
1803,1803.T,1803.jp,2007-11-08,445.19,451.45,442.50,448.75,7218462,https://stooq.com/q/d/l/?s=1803.jp&i=d,2026-03-26T08:35:00+00:00
1803,1803.T,1803.jp,2007-11-09,446.09,453.21,437.14,439.83,5669407,https://stooq.com/q/d/l/?s=1803.jp&i=d,2026-03-26T08:35:00+00:00
1803,1803.T,1803.jp,2007-11-12,430.92,433.59,421.99,425.58,4672944,https://stooq.com/q/d/l/?s=1803.jp&i=d,2026-03-26T08:35:00+00:00
1803,1803.T,1803.jp,2007-11-13,423.77,446.09,423.77,435.37,7134396,https://stooq.com/q/d/l/?s=1803.jp&i=d,2026-03-26T08:35:00+00:00
1803,1803.T,1803.jp,2007-11-14,433.59,447.86,432.68,439.83,6888921,https://stooq.com/q/d/l/?s=1803.jp&i=d,2026-03-26T08:35:00+00:00
1803,1803.T,1803.jp,2007-11-15,430.92,431.81,411.30,411.30,13284660,https://stooq.com/q/d/l/?s=1803.jp&i=d,2026-03-26T08:35:00+00:00
1803,1803.T,1803.jp,2007-11-16,410.39,412.19,403.27,406.82,7319339,https://stooq.com/q/d/l/?s=1803.jp&i=d,2026-03-26T08:35:00+00:00
1803,1803.T,1803.jp,2007-11-19,408.61,413.97,401.48,404.13,5756835,https://stooq.com/q/d/l/?s=1803.jp&i=d,2026-03-26T08:35:00+00:00
1803,1803.T,1803.jp,2007-11-20,381.83,396.12,375.60,393.44,9180000,https://stooq.com/q/d/l/?s=1803.jp&i=d,2026-03-26T08:35:00+00:00
1803,1803.T,1803.jp,2007-11-21,388.99,399.67,384.51,388.09,7182594,https://stooq.com/q/d/l/?s=1803.jp&i=d,2026-03-26T08:35:00+00:00
1803,1803.T,1803.jp,2007-11-22,395.24,399.67,382.73,390.76,6434967,https://stooq.com/q/d/l/?s=1803.jp&i=d,2026-03-26T08:35:00+00:00
1803,1803.T,1803.jp,2007-11-26,397.00,412.19,396.12,407.71,5747868,https://stooq.com/q/d/l/?s=1803.jp&i=d,2026-03-26T08:35:00+00:00
1803,1803.T,1803.jp,2007-11-27,416.64,431.81,403.27,428.25,10780615,https://stooq.com/q/d/l/?s=1803.jp&i=d,2026-03-26T08:35:00+00:00
1803,1803.T,1803.jp,2007-11-28,431.81,436.28,416.64,423.77,6675957,https://stooq.com/q/d/l/?s=1803.jp&i=d,2026-03-26T08:35:00+00:00
1803,1803.T,1803.jp,2007-11-29,437.14,438.94,428.25,438.04,6477562,https://stooq.com/q/d/l/?s=1803.jp&i=d,2026-03-26T08:35:00+00:00
1803,1803.T,1803.jp,2007-11-30,440.71,440.71,422.88,426.45,13276811,https://stooq.com/q/d/l/?s=1803.jp&i=d,2026-03-26T08:35:00+00:00
1803,1803.T,1803.jp,2007-12-03,430.92,437.14,426.45,433.59,6285892,https://stooq.com/q/d/l/?s=1803.jp&i=d,2026-03-26T08:35:00+00:00
1803,1803.T,1803.jp,2007-12-04,438.04,438.94,421.99,422.88,3821078,https://stooq.com/q/d/l/?s=1803.jp&i=d,2026-03-26T08:35:00+00:00
1803,1803.T,1803.jp,2007-12-05,414.85,416.64,407.71,413.97,4110264,https://stooq.com/q/d/l/?s=1803.jp&i=d,2026-03-26T08:35:00+00:00
1803,1803.T,1803.jp,2007-12-06,422.88,429.12,420.20,428.25,3578966,https://stooq.com/q/d/l/?s=1803.jp&i=d,2026-03-26T08:35:00+00:00
1803,1803.T,1803.jp,2007-12-07,437.14,452.32,434.48,446.09,6763383,https://stooq.com/q/d/l/?s=1803.jp&i=d,2026-03-26T08:35:00+00:00
1803,1803.T,1803.jp,2007-12-10,440.71,446.09,437.14,443.41,4482394,https://stooq.com/q/d/l/?s=1803.jp&i=d,2026-03-26T08:35:00+00:00
1803,1803.T,1803.jp,2007-12-11,461.24,462.14,446.97,452.32,5158285,https://stooq.com/q/d/l/?s=1803.jp&i=d,2026-03-26T08:35:00+00:00
1803,1803.T,1803.jp,2007-12-12,451.45,468.39,449.65,466.61,7082836,https://stooq.com/q/d/l/?s=1803.jp&i=d,2026-03-26T08:35:00+00:00
1803,1803.T,1803.jp,2007-12-13,463.94,465.72,452.32,452.32,7688111,https://stooq.com/q/d/l/?s=1803.jp&i=d,2026-03-26T08:35:00+00:00
1803,1803.T,1803.jp,2007-12-14,450.54,452.32,431.81,438.94,9094811,https://stooq.com/q/d/l/?s=1803.jp&i=d,2026-03-26T08:35:00+00:00
1803,1803.T,1803.jp,2007-12-17,430.02,430.02,405.02,409.49,9256219,https://stooq.com/q/d/l/?s=1803.jp&i=d,2026-03-26T08:35:00+00:00
1803,1803.T,1803.jp,2007-12-18,410.39,420.20,404.13,413.07,5865561,https://stooq.com/q/d/l/?s=1803.jp&i=d,2026-03-26T08:35:00+00:00
1803,1803.T,1803.jp,2007-12-19,410.39,420.20,409.49,414.85,3726924,https://stooq.com/q/d/l/?s=1803.jp&i=d,2026-03-26T08:35:00+00:00
1803,1803.T,1803.jp,2007-12-20,419.32,430.92,414.85,425.58,7973936,https://stooq.com/q/d/l/?s=1803.jp&i=d,2026-03-26T08:35:00+00:00
1803,1803.T,1803.jp,2007-12-21,430.02,441.64,424.67,437.14,6167076,https://stooq.com/q/d/l/?s=1803.jp&i=d,2026-03-26T08:35:00+00:00
1803,1803.T,1803.jp,2007-12-25,448.75,448.75,443.41,448.75,3020767,https://stooq.com/q/d/l/?s=1803.jp&i=d,2026-03-26T08:35:00+00:00
1803,1803.T,1803.jp,2007-12-26,447.86,453.21,446.09,453.21,2469296,https://stooq.com/q/d/l/?s=1803.jp&i=d,2026-03-26T08:35:00+00:00
1803,1803.T,1803.jp,2007-12-27,455.89,455.89,448.75,450.54,2189076,https://stooq.com/q/d/l/?s=1803.jp&i=d,2026-03-26T08:35:00+00:00
1803,1803.T,1803.jp,2007-12-28,440.71,444.30,435.37,435.37,1213912,https://stooq.com/q/d/l/?s=1803.jp&i=d,2026-03-26T08:35:00+00:00
1803,1803.T,1803.jp,2008-01-04,414.85,418.42,409.49,414.85,2999471,https://stooq.com/q/d/l/?s=1803.jp&i=d,2026-03-26T08:35:00+00:00
1803,1803.T,1803.jp,2008-01-07,413.97,420.20,410.39,415.74,4121473,https://stooq.com/q/d/l/?s=1803.jp&i=d,2026-03-26T08:35:00+00:00
1803,1803.T,1803.jp,2008-01-08,420.20,445.19,419.32,442.50,8403231,https://stooq.com/q/d/l/?s=1803.jp&i=d,2026-03-26T08:35:00+00:00
1803,1803.T,1803.jp,2008-01-09,443.41,473.73,443.41,472.84,17356814,https://stooq.com/q/d/l/?s=1803.jp&i=d,2026-03-26T08:35:00+00:00
1803,1803.T,1803.jp,2008-01-10,467.50,479.98,463.03,470.16,8700262,https://stooq.com/q/d/l/?s=1803.jp&i=d,2026-03-26T08:35:00+00:00
1803,1803.T,1803.jp,2008-01-11,477.31,483.54,456.78,458.56,11717670,https://stooq.com/q/d/l/?s=1803.jp&i=d,2026-03-26T08:35:00+00:00
1803,1803.T,1803.jp,2008-01-15,459.45,471.95,455.01,456.78,10497033,https://stooq.com/q/d/l/?s=1803.jp&i=d,2026-03-26T08:35:00+00:00
1803,1803.T,1803.jp,2008-01-16,446.97,464.83,433.59,436.28,8668878,https://stooq.com/q/d/l/?s=1803.jp&i=d,2026-03-26T08:35:00+00:00
1803,1803.T,1803.jp,2008-01-17,457.67,479.09,450.54,474.64,11810704,https://stooq.com/q/d/l/?s=1803.jp&i=d,2026-03-26T08:35:00+00:00
1803,1803.T,1803.jp,2008-01-18,462.14,500.52,455.01,495.14,17768177,https://stooq.com/q/d/l/?s=1803.jp&i=d,2026-03-26T08:35:00+00:00
1803,1803.T,1803.jp,2008-01-21,495.14,505.86,479.98,485.32,14167913,https://stooq.com/q/d/l/?s=1803.jp&i=d,2026-03-26T08:35:00+00:00
1803,1803.T,1803.jp,2008-01-22,459.45,474.64,442.50,446.09,14905450,https://stooq.com/q/d/l/?s=1803.jp&i=d,2026-03-26T08:35:00+00:00
1803,1803.T,1803.jp,2008-01-23,471.05,471.95,434.48,443.41,11253627,https://stooq.com/q/d/l/?s=1803.jp&i=d,2026-03-26T08:35:00+00:00
1803,1803.T,1803.jp,2008-01-24,449.65,474.64,449.65,470.16,10279582,https://stooq.com/q/d/l/?s=1803.jp&i=d,2026-03-26T08:35:00+00:00
1803,1803.T,1803.jp,2008-01-25,479.09,506.74,477.31,505.86,9882790,https://stooq.com/q/d/l/?s=1803.jp&i=d,2026-03-26T08:35:00+00:00
1803,1803.T,1803.jp,2008-01-28,496.91,498.72,473.73,473.73,6274681,https://stooq.com/q/d/l/?s=1803.jp&i=d,2026-03-26T08:35:00+00:00
1803,1803.T,1803.jp,2008-01-29,488.03,501.40,479.98,495.14,7247602,https://stooq.com/q/d/l/?s=1803.jp&i=d,2026-03-26T08:35:00+00:00
1803,1803.T,1803.jp,2008-01-30,496.04,499.60,485.32,493.35,5715363,https://stooq.com/q/d/l/?s=1803.jp&i=d,2026-03-26T08:35:00+00:00
1803,1803.T,1803.jp,2008-01-31,478.21,487.12,473.73,485.32,8609474,https://stooq.com/q/d/l/?s=1803.jp&i=d,2026-03-26T08:35:00+00:00
1803,1803.T,1803.jp,2008-02-01,484.46,493.35,470.16,471.95,8091625,https://stooq.com/q/d/l/?s=1803.jp&i=d,2026-03-26T08:35:00+00:00
1803,1803.T,1803.jp,2008-02-04,489.81,497.84,480.86,489.81,6238813,https://stooq.com/q/d/l/?s=1803.jp&i=d,2026-03-26T08:35:00+00:00
1803,1803.T,1803.jp,2008-02-05,475.52,487.12,471.95,478.21,4091209,https://stooq.com/q/d/l/?s=1803.jp&i=d,2026-03-26T08:35:00+00:00
1803,1803.T,1803.jp,2008-02-06,469.28,469.28,446.09,446.09,5840901,https://stooq.com/q/d/l/?s=1803.jp&i=d,2026-03-26T08:35:00+00:00
1803,1803.T,1803.jp,2008-02-07,446.09,455.01,436.28,446.97,5870045,https://stooq.com/q/d/l/?s=1803.jp&i=d,2026-03-26T08:35:00+00:00
1803,1803.T,1803.jp,2008-02-08,438.94,446.97,422.88,424.67,6153627,https://stooq.com/q/d/l/?s=1803.jp&i=d,2026-03-26T08:35:00+00:00
1803,1803.T,1803.jp,2008-02-12,418.42,455.89,406.82,447.86,17278351,https://stooq.com/q/d/l/?s=1803.jp&i=d,2026-03-26T08:35:00+00:00
1803,1803.T,1803.jp,2008-02-13,448.75,466.61,446.97,452.32,12371144,https://stooq.com/q/d/l/?s=1803.jp&i=d,2026-03-26T08:35:00+00:00
1803,1803.T,1803.jp,2008-02-14,453.21,466.61,453.21,463.94,10275100,https://stooq.com/q/d/l/?s=1803.jp&i=d,2026-03-26T08:35:00+00:00
1803,1803.T,1803.jp,2008-02-15,459.45,473.73,455.01,473.73,6776835,https://stooq.com/q/d/l/?s=1803.jp&i=d,2026-03-26T08:35:00+00:00
1803,1803.T,1803.jp,2008-02-18,471.05,482.66,468.39,476.41,4169671,https://stooq.com/q/d/l/?s=1803.jp&i=d,2026-03-26T08:35:00+00:00
1803,1803.T,1803.jp,2008-02-19,483.54,485.32,477.31,480.86,4077758,https://stooq.com/q/d/l/?s=1803.jp&i=d,2026-03-26T08:35:00+00:00
1803,1803.T,1803.jp,2008-02-20,480.86,480.86,450.54,451.45,10232505,https://stooq.com/q/d/l/?s=1803.jp&i=d,2026-03-26T08:35:00+00:00
1803,1803.T,1803.jp,2008-02-21,462.14,470.16,458.56,465.72,4656133,https://stooq.com/q/d/l/?s=1803.jp&i=d,2026-03-26T08:35:00+00:00
1803,1803.T,1803.jp,2008-02-22,457.67,467.50,456.78,462.14,3676483,https://stooq.com/q/d/l/?s=1803.jp&i=d,2026-03-26T08:35:00+00:00
1803,1803.T,1803.jp,2008-02-25,471.05,484.46,469.28,483.54,3958944,https://stooq.com/q/d/l/?s=1803.jp&i=d,2026-03-26T08:35:00+00:00
1803,1803.T,1803.jp,2008-02-26,490.70,491.57,467.50,468.39,5771407,https://stooq.com/q/d/l/?s=1803.jp&i=d,2026-03-26T08:35:00+00:00
1803,1803.T,1803.jp,2008-02-27,475.52,477.31,469.28,472.84,2449120,https://stooq.com/q/d/l/?s=1803.jp&i=d,2026-03-26T08:35:00+00:00
1803,1803.T,1803.jp,2008-02-28,468.39,468.39,461.24,463.94,2712528,https://stooq.com/q/d/l/?s=1803.jp&i=d,2026-03-26T08:35:00+00:00
1803,1803.T,1803.jp,2008-02-29,446.09,453.21,439.83,451.45,6148021,https://stooq.com/q/d/l/?s=1803.jp&i=d,2026-03-26T08:35:00+00:00
1803,1803.T,1803.jp,2008-03-03,431.81,433.59,421.99,421.99,5717605,https://stooq.com/q/d/l/?s=1803.jp&i=d,2026-03-26T08:35:00+00:00
1803,1803.T,1803.jp,2008-03-04,424.67,429.12,413.97,418.42,6181647,https://stooq.com/q/d/l/?s=1803.jp&i=d,2026-03-26T08:35:00+00:00
1803,1803.T,1803.jp,2008-03-05,417.53,419.32,405.02,408.61,7205012,https://stooq.com/q/d/l/?s=1803.jp&i=d,2026-03-26T08:35:00+00:00
1803,1803.T,1803.jp,2008-03-06,413.07,430.92,411.30,424.67,5559558,https://stooq.com/q/d/l/?s=1803.jp&i=d,2026-03-26T08:35:00+00:00
1803,1803.T,1803.jp,2008-03-07,405.02,411.30,399.67,401.48,4316505,https://stooq.com/q/d/l/?s=1803.jp&i=d,2026-03-26T08:35:00+00:00
1803,1803.T,1803.jp,2008-03-10,397.00,399.67,387.21,388.09,4296329,https://stooq.com/q/d/l/?s=1803.jp&i=d,2026-03-26T08:35:00+00:00
1803,1803.T,1803.jp,2008-03-11,375.60,397.00,375.60,394.33,7370900,https://stooq.com/q/d/l/?s=1803.jp&i=d,2026-03-26T08:35:00+00:00
1803,1803.T,1803.jp,2008-03-12,406.82,409.49,397.90,399.67,5479978,https://stooq.com/q/d/l/?s=1803.jp&i=d,2026-03-26T08:35:00+00:00
1803,1803.T,1803.jp,2008-03-13,393.44,397.90,386.29,388.09,4838835,https://stooq.com/q/d/l/?s=1803.jp&i=d,2026-03-26T08:35:00+00:00
1803,1803.T,1803.jp,2008-03-14,392.56,396.12,378.28,382.73,10115935,https://stooq.com/q/d/l/?s=1803.jp&i=d,2026-03-26T08:35:00+00:00
1803,1803.T,1803.jp,2008-03-17,379.18,380.05,363.99,373.81,8015406,https://stooq.com/q/d/l/?s=1803.jp&i=d,2026-03-26T08:35:00+00:00
1803,1803.T,1803.jp,2008-03-18,380.05,384.51,376.48,383.62,5484462,https://stooq.com/q/d/l/?s=1803.jp&i=d,2026-03-26T08:35:00+00:00
1803,1803.T,1803.jp,2008-03-19,388.99,409.49,388.99,405.02,8098351,https://stooq.com/q/d/l/?s=1803.jp&i=d,2026-03-26T08:35:00+00:00
1803,1803.T,1803.jp,2008-03-21,405.02,413.97,401.48,407.71,4030681,https://stooq.com/q/d/l/?s=1803.jp&i=d,2026-03-26T08:35:00+00:00
1803,1803.T,1803.jp,2008-03-24,407.71,421.09,405.93,419.32,3732527,https://stooq.com/q/d/l/?s=1803.jp&i=d,2026-03-26T08:35:00+00:00
1803,1803.T,1803.jp,2008-03-25,424.67,425.58,408.61,412.19,3457911,https://stooq.com/q/d/l/?s=1803.jp&i=d,2026-03-26T08:35:00+00:00
1803,1803.T,1803.jp,2008-03-26,410.39,418.42,408.61,413.97,3493780,https://stooq.com/q/d/l/?s=1803.jp&i=d,2026-03-26T08:35:00+00:00
1803,1803.T,1803.jp,2008-03-27,418.42,419.32,405.02,407.71,3540857,https://stooq.com/q/d/l/?s=1803.jp&i=d,2026-03-26T08:35:00+00:00
1803,1803.T,1803.jp,2008-03-28,409.49,425.58,402.36,425.58,3659671,https://stooq.com/q/d/l/?s=1803.jp&i=d,2026-03-26T08:35:00+00:00
1803,1803.T,1803.jp,2008-03-31,427.34,433.59,405.02,408.61,4848924,https://stooq.com/q/d/l/?s=1803.jp&i=d,2026-03-26T08:35:00+00:00
1803,1803.T,1803.jp,2008-04-01,405.02,415.74,403.27,412.19,3742617,https://stooq.com/q/d/l/?s=1803.jp&i=d,2026-03-26T08:35:00+00:00
1803,1803.T,1803.jp,2008-04-02,425.58,428.25,419.32,424.67,3720195,https://stooq.com/q/d/l/?s=1803.jp&i=d,2026-03-26T08:35:00+00:00
1803,1803.T,1803.jp,2008-04-03,422.88,439.83,418.42,439.83,3463516,https://stooq.com/q/d/l/?s=1803.jp&i=d,2026-03-26T08:35:00+00:00
1803,1803.T,1803.jp,2008-04-04,435.37,444.30,430.02,440.71,3911867,https://stooq.com/q/d/l/?s=1803.jp&i=d,2026-03-26T08:35:00+00:00
1803,1803.T,1803.jp,2008-04-07,440.71,450.54,437.14,446.09,2868328,https://stooq.com/q/d/l/?s=1803.jp&i=d,2026-03-26T08:35:00+00:00
1803,1803.T,1803.jp,2008-04-08,446.09,451.45,444.30,445.19,2945667,https://stooq.com/q/d/l/?s=1803.jp&i=d,2026-03-26T08:35:00+00:00
1803,1803.T,1803.jp,2008-04-09,446.09,448.75,408.61,419.32,7394440,https://stooq.com/q/d/l/?s=1803.jp&i=d,2026-03-26T08:35:00+00:00
1803,1803.T,1803.jp,2008-04-10,414.85,414.85,404.13,408.61,6225363,https://stooq.com/q/d/l/?s=1803.jp&i=d,2026-03-26T08:35:00+00:00
1803,1803.T,1803.jp,2008-04-11,409.49,416.64,397.00,414.85,7024551,https://stooq.com/q/d/l/?s=1803.jp&i=d,2026-03-26T08:35:00+00:00
1803,1803.T,1803.jp,2008-04-14,401.48,401.48,385.40,394.33,7487473,https://stooq.com/q/d/l/?s=1803.jp&i=d,2026-03-26T08:35:00+00:00
1803,1803.T,1803.jp,2008-04-15,394.33,397.00,389.88,390.76,4808570,https://stooq.com/q/d/l/?s=1803.jp&i=d,2026-03-26T08:35:00+00:00
1803,1803.T,1803.jp,2008-04-16,395.24,399.67,388.09,396.12,6803737,https://stooq.com/q/d/l/?s=1803.jp&i=d,2026-03-26T08:35:00+00:00
1803,1803.T,1803.jp,2008-04-17,409.49,420.20,405.02,413.97,7096286,https://stooq.com/q/d/l/?s=1803.jp&i=d,2026-03-26T08:35:00+00:00
1803,1803.T,1803.jp,2008-04-18,411.30,413.97,401.48,411.30,4223473,https://stooq.com/q/d/l/?s=1803.jp&i=d,2026-03-26T08:35:00+00:00
1803,1803.T,1803.jp,2008-04-21,414.85,420.20,411.30,415.74,4643801,https://stooq.com/q/d/l/?s=1803.jp&i=d,2026-03-26T08:35:00+00:00
1803,1803.T,1803.jp,2008-04-22,411.30,412.19,405.02,407.71,2351603,https://stooq.com/q/d/l/?s=1803.jp&i=d,2026-03-26T08:35:00+00:00
1803,1803.T,1803.jp,2008-04-23,412.19,419.32,409.49,413.07,2978177,https://stooq.com/q/d/l/?s=1803.jp&i=d,2026-03-26T08:35:00+00:00
1803,1803.T,1803.jp,2008-04-24,412.19,417.53,410.39,411.30,2733826,https://stooq.com/q/d/l/?s=1803.jp&i=d,2026-03-26T08:35:00+00:00
1803,1803.T,1803.jp,2008-04-25,417.53,424.67,416.64,424.67,3515075,https://stooq.com/q/d/l/?s=1803.jp&i=d,2026-03-26T08:35:00+00:00
1803,1803.T,1803.jp,2008-04-28,424.67,437.14,424.67,434.48,3995934,https://stooq.com/q/d/l/?s=1803.jp&i=d,2026-03-26T08:35:00+00:00
1803,1803.T,1803.jp,2008-04-30,425.58,443.41,425.58,438.04,3818835,https://stooq.com/q/d/l/?s=1803.jp&i=d,2026-03-26T08:35:00+00:00
1803,1803.T,1803.jp,2008-05-01,434.48,437.14,425.58,427.34,2270901,https://stooq.com/q/d/l/?s=1803.jp&i=d,2026-03-26T08:35:00+00:00
1803,1803.T,1803.jp,2008-05-02,440.71,445.19,436.28,442.50,2149845,https://stooq.com/q/d/l/?s=1803.jp&i=d,2026-03-26T08:35:00+00:00
1803,1803.T,1803.jp,2008-05-07,446.09,448.75,440.71,445.19,2178987,https://stooq.com/q/d/l/?s=1803.jp&i=d,2026-03-26T08:35:00+00:00
1803,1803.T,1803.jp,2008-05-08,442.50,444.30,438.94,438.94,1573714,https://stooq.com/q/d/l/?s=1803.jp&i=d,2026-03-26T08:35:00+00:00
1803,1803.T,1803.jp,2008-05-09,441.64,444.30,427.34,427.34,2465934,https://stooq.com/q/d/l/?s=1803.jp&i=d,2026-03-26T08:35:00+00:00
1803,1803.T,1803.jp,2008-05-12,422.88,434.48,417.53,429.12,2424459,https://stooq.com/q/d/l/?s=1803.jp&i=d,2026-03-26T08:35:00+00:00
1803,1803.T,1803.jp,2008-05-13,431.81,438.94,428.25,438.94,3693297,https://stooq.com/q/d/l/?s=1803.jp&i=d,2026-03-26T08:35:00+00:00
1803,1803.T,1803.jp,2008-05-14,439.83,444.30,430.92,444.30,6050506,https://stooq.com/q/d/l/?s=1803.jp&i=d,2026-03-26T08:35:00+00:00
1803,1803.T,1803.jp,2008-05-15,439.83,443.41,416.64,424.67,12470901,https://stooq.com/q/d/l/?s=1803.jp&i=d,2026-03-26T08:35:00+00:00
1803,1803.T,1803.jp,2008-05-16,441.64,447.86,430.02,443.41,15427779,https://stooq.com/q/d/l/?s=1803.jp&i=d,2026-03-26T08:35:00+00:00
1803,1803.T,1803.jp,2008-05-19,448.75,457.67,446.09,446.97,12010218,https://stooq.com/q/d/l/?s=1803.jp&i=d,2026-03-26T08:35:00+00:00
1803,1803.T,1803.jp,2008-05-20,454.12,464.83,452.32,459.45,12576264,https://stooq.com/q/d/l/?s=1803.jp&i=d,2026-03-26T08:35:00+00:00
1803,1803.T,1803.jp,2008-05-21,448.75,449.65,430.92,435.37,8881846,https://stooq.com/q/d/l/?s=1803.jp&i=d,2026-03-26T08:35:00+00:00
1803,1803.T,1803.jp,2008-05-22,426.45,445.19,422.88,445.19,5094395,https://stooq.com/q/d/l/?s=1803.jp&i=d,2026-03-26T08:35:00+00:00
1803,1803.T,1803.jp,2008-05-23,440.71,470.16,438.94,463.03,8402110,https://stooq.com/q/d/l/?s=1803.jp&i=d,2026-03-26T08:35:00+00:00
1803,1803.T,1803.jp,2008-05-26,460.34,460.34,441.64,442.50,3481449,https://stooq.com/q/d/l/?s=1803.jp&i=d,2026-03-26T08:35:00+00:00
1803,1803.T,1803.jp,2008-05-27,446.09,446.97,435.37,442.50,3640616,https://stooq.com/q/d/l/?s=1803.jp&i=d,2026-03-26T08:35:00+00:00
1803,1803.T,1803.jp,2008-05-28,443.41,448.75,439.83,448.75,4872461,https://stooq.com/q/d/l/?s=1803.jp&i=d,2026-03-26T08:35:00+00:00
1803,1803.T,1803.jp,2008-05-29,449.65,463.94,443.41,463.03,5199759,https://stooq.com/q/d/l/?s=1803.jp&i=d,2026-03-26T08:35:00+00:00
1803,1803.T,1803.jp,2008-05-30,474.64,484.46,472.84,476.41,8757427,https://stooq.com/q/d/l/?s=1803.jp&i=d,2026-03-26T08:35:00+00:00
1803,1803.T,1803.jp,2008-06-02,473.73,477.31,464.83,474.64,5056286,https://stooq.com/q/d/l/?s=1803.jp&i=d,2026-03-26T08:35:00+00:00
1803,1803.T,1803.jp,2008-06-03,465.72,467.50,452.32,455.89,4133801,https://stooq.com/q/d/l/?s=1803.jp&i=d,2026-03-26T08:35:00+00:00
1803,1803.T,1803.jp,2008-06-04,453.21,472.84,453.21,471.95,4963252,https://stooq.com/q/d/l/?s=1803.jp&i=d,2026-03-26T08:35:00+00:00
1803,1803.T,1803.jp,2008-06-05,475.52,479.09,466.61,468.39,5124661,https://stooq.com/q/d/l/?s=1803.jp&i=d,2026-03-26T08:35:00+00:00
1803,1803.T,1803.jp,2008-06-06,486.23,492.47,482.66,491.57,8262001,https://stooq.com/q/d/l/?s=1803.jp&i=d,2026-03-26T08:35:00+00:00
1803,1803.T,1803.jp,2008-06-09,477.31,479.09,473.73,476.41,4854526,https://stooq.com/q/d/l/?s=1803.jp&i=d,2026-03-26T08:35:00+00:00
1803,1803.T,1803.jp,2008-06-10,480.86,483.54,469.28,471.05,3567758,https://stooq.com/q/d/l/?s=1803.jp&i=d,2026-03-26T08:35:00+00:00
1803,1803.T,1803.jp,2008-06-11,470.16,479.09,464.83,474.64,6189493,https://stooq.com/q/d/l/?s=1803.jp&i=d,2026-03-26T08:35:00+00:00
1803,1803.T,1803.jp,2008-06-12,458.56,463.94,455.89,458.56,3901778,https://stooq.com/q/d/l/?s=1803.jp&i=d,2026-03-26T08:35:00+00:00
1803,1803.T,1803.jp,2008-06-13,465.72,465.72,449.65,459.45,8359517,https://stooq.com/q/d/l/?s=1803.jp&i=d,2026-03-26T08:35:00+00:00
1803,1803.T,1803.jp,2008-06-16,474.64,484.46,470.16,484.46,4206658,https://stooq.com/q/d/l/?s=1803.jp&i=d,2026-03-26T08:35:00+00:00
1803,1803.T,1803.jp,2008-06-17,488.03,502.30,481.76,499.60,7571539,https://stooq.com/q/d/l/?s=1803.jp&i=d,2026-03-26T08:35:00+00:00
1803,1803.T,1803.jp,2008-06-18,494.25,496.91,489.81,494.25,4137165,https://stooq.com/q/d/l/?s=1803.jp&i=d,2026-03-26T08:35:00+00:00
1803,1803.T,1803.jp,2008-06-19,490.70,490.70,464.83,468.39,6480923,https://stooq.com/q/d/l/?s=1803.jp&i=d,2026-03-26T08:35:00+00:00
1803,1803.T,1803.jp,2008-06-20,465.72,472.84,444.30,446.09,9149735,https://stooq.com/q/d/l/?s=1803.jp&i=d,2026-03-26T08:35:00+00:00
1803,1803.T,1803.jp,2008-06-23,446.97,451.45,437.14,445.19,4157341,https://stooq.com/q/d/l/?s=1803.jp&i=d,2026-03-26T08:35:00+00:00
1803,1803.T,1803.jp,2008-06-24,449.65,460.34,445.19,457.67,3426527,https://stooq.com/q/d/l/?s=1803.jp&i=d,2026-03-26T08:35:00+00:00
1803,1803.T,1803.jp,2008-06-25,458.56,459.45,444.30,451.45,2734945,https://stooq.com/q/d/l/?s=1803.jp&i=d,2026-03-26T08:35:00+00:00
1803,1803.T,1803.jp,2008-06-26,448.75,455.89,446.97,448.75,2181230,https://stooq.com/q/d/l/?s=1803.jp&i=d,2026-03-26T08:35:00+00:00
1803,1803.T,1803.jp,2008-06-27,435.37,443.41,432.68,436.28,4284001,https://stooq.com/q/d/l/?s=1803.jp&i=d,2026-03-26T08:35:00+00:00
1803,1803.T,1803.jp,2008-06-30,437.14,448.75,430.92,448.75,5435142,https://stooq.com/q/d/l/?s=1803.jp&i=d,2026-03-26T08:35:00+00:00
1803,1803.T,1803.jp,2008-07-01,445.19,448.75,433.59,435.37,4161824,https://stooq.com/q/d/l/?s=1803.jp&i=d,2026-03-26T08:35:00+00:00
1803,1803.T,1803.jp,2008-07-02,442.50,442.50,429.12,430.92,4860131,https://stooq.com/q/d/l/?s=1803.jp&i=d,2026-03-26T08:35:00+00:00
1803,1803.T,1803.jp,2008-07-03,425.58,434.48,419.32,427.34,3481449,https://stooq.com/q/d/l/?s=1803.jp&i=d,2026-03-26T08:35:00+00:00
1803,1803.T,1803.jp,2008-07-04,431.81,436.28,423.77,428.25,2881779,https://stooq.com/q/d/l/?s=1803.jp&i=d,2026-03-26T08:35:00+00:00
1803,1803.T,1803.jp,2008-07-07,428.25,438.94,425.58,437.14,2617252,https://stooq.com/q/d/l/?s=1803.jp&i=d,2026-03-26T08:35:00+00:00
1803,1803.T,1803.jp,2008-07-08,432.68,433.59,419.32,421.99,3499383,https://stooq.com/q/d/l/?s=1803.jp&i=d,2026-03-26T08:35:00+00:00
1803,1803.T,1803.jp,2008-07-09,430.02,436.28,421.99,425.58,2491714,https://stooq.com/q/d/l/?s=1803.jp&i=d,2026-03-26T08:35:00+00:00
1803,1803.T,1803.jp,2008-07-10,421.09,429.12,414.85,424.67,3376088,https://stooq.com/q/d/l/?s=1803.jp&i=d,2026-03-26T08:35:00+00:00
1803,1803.T,1803.jp,2008-07-11,425.58,426.45,413.97,417.53,4693120,https://stooq.com/q/d/l/?s=1803.jp&i=d,2026-03-26T08:35:00+00:00
1803,1803.T,1803.jp,2008-07-14,414.85,425.58,414.85,419.32,3148548,https://stooq.com/q/d/l/?s=1803.jp&i=d,2026-03-26T08:35:00+00:00
1803,1803.T,1803.jp,2008-07-15,419.32,419.32,411.30,412.19,3203473,https://stooq.com/q/d/l/?s=1803.jp&i=d,2026-03-26T08:35:00+00:00
1803,1803.T,1803.jp,2008-07-16,405.93,412.19,399.67,405.02,4111383,https://stooq.com/q/d/l/?s=1803.jp&i=d,2026-03-26T08:35:00+00:00
1803,1803.T,1803.jp,2008-07-17,409.49,412.19,405.02,408.61,2638549,https://stooq.com/q/d/l/?s=1803.jp&i=d,2026-03-26T08:35:00+00:00
1803,1803.T,1803.jp,2008-07-18,413.07,416.64,401.48,402.36,2024308,https://stooq.com/q/d/l/?s=1803.jp&i=d,2026-03-26T08:35:00+00:00
1803,1803.T,1803.jp,2008-07-22,407.71,408.61,396.12,403.27,3862549,https://stooq.com/q/d/l/?s=1803.jp&i=d,2026-03-26T08:35:00+00:00
1803,1803.T,1803.jp,2008-07-23,406.82,413.97,406.82,409.49,5418329,https://stooq.com/q/d/l/?s=1803.jp&i=d,2026-03-26T08:35:00+00:00
1803,1803.T,1803.jp,2008-07-24,412.19,413.97,404.13,411.30,6632239,https://stooq.com/q/d/l/?s=1803.jp&i=d,2026-03-26T08:35:00+00:00
1803,1803.T,1803.jp,2008-07-25,409.49,409.49,396.12,397.90,4437561,https://stooq.com/q/d/l/?s=1803.jp&i=d,2026-03-26T08:35:00+00:00
1803,1803.T,1803.jp,2008-07-28,398.80,401.48,388.99,390.76,5598790,https://stooq.com/q/d/l/?s=1803.jp&i=d,2026-03-26T08:35:00+00:00
1803,1803.T,1803.jp,2008-07-29,382.73,384.51,371.14,378.28,5250197,https://stooq.com/q/d/l/?s=1803.jp&i=d,2026-03-26T08:35:00+00:00
1803,1803.T,1803.jp,2008-07-30,381.83,388.99,381.83,384.51,4943076,https://stooq.com/q/d/l/?s=1803.jp&i=d,2026-03-26T08:35:00+00:00
1803,1803.T,1803.jp,2008-07-31,388.09,391.67,381.83,388.99,4108023,https://stooq.com/q/d/l/?s=1803.jp&i=d,2026-03-26T08:35:00+00:00
1803,1803.T,1803.jp,2008-08-01,384.51,384.51,366.66,367.57,4244769,https://stooq.com/q/d/l/?s=1803.jp&i=d,2026-03-26T08:35:00+00:00
1803,1803.T,1803.jp,2008-08-04,372.04,373.81,360.43,361.31,3540857,https://stooq.com/q/d/l/?s=1803.jp&i=d,2026-03-26T08:35:00+00:00
1803,1803.T,1803.jp,2008-08-05,360.43,364.89,357.75,361.31,3775121,https://stooq.com/q/d/l/?s=1803.jp&i=d,2026-03-26T08:35:00+00:00
1803,1803.T,1803.jp,2008-08-06,370.25,398.80,366.66,398.80,8730527,https://stooq.com/q/d/l/?s=1803.jp&i=d,2026-03-26T08:35:00+00:00
1803,1803.T,1803.jp,2008-08-07,385.40,385.40,364.89,380.95,7644395,https://stooq.com/q/d/l/?s=1803.jp&i=d,2026-03-26T08:35:00+00:00
1803,1803.T,1803.jp,2008-08-08,381.83,391.67,370.25,387.21,5799429,https://stooq.com/q/d/l/?s=1803.jp&i=d,2026-03-26T08:35:00+00:00
1803,1803.T,1803.jp,2008-08-11,389.88,392.56,379.18,388.09,4663975,https://stooq.com/q/d/l/?s=1803.jp&i=d,2026-03-26T08:35:00+00:00
1803,1803.T,1803.jp,2008-08-12,393.44,404.13,389.88,401.48,8082658,https://stooq.com/q/d/l/?s=1803.jp&i=d,2026-03-26T08:35:00+00:00
1803,1803.T,1803.jp,2008-08-13,392.56,393.44,381.83,385.40,4296329,https://stooq.com/q/d/l/?s=1803.jp&i=d,2026-03-26T08:35:00+00:00
1803,1803.T,1803.jp,2008-08-14,388.09,388.09,380.05,381.83,3044307,https://stooq.com/q/d/l/?s=1803.jp&i=d,2026-03-26T08:35:00+00:00
1803,1803.T,1803.jp,2008-08-15,382.73,387.21,380.95,384.51,1884199,https://stooq.com/q/d/l/?s=1803.jp&i=d,2026-03-26T08:35:00+00:00
1803,1803.T,1803.jp,2008-08-18,387.21,405.93,380.95,394.33,3325648,https://stooq.com/q/d/l/?s=1803.jp&i=d,2026-03-26T08:35:00+00:00
1803,1803.T,1803.jp,2008-08-19,387.21,395.24,380.95,392.56,4925143,https://stooq.com/q/d/l/?s=1803.jp&i=d,2026-03-26T08:35:00+00:00
1803,1803.T,1803.jp,2008-08-20,389.88,397.90,388.99,393.44,3021889,https://stooq.com/q/d/l/?s=1803.jp&i=d,2026-03-26T08:35:00+00:00
1803,1803.T,1803.jp,2008-08-21,395.24,395.24,383.62,388.09,2138638,https://stooq.com/q/d/l/?s=1803.jp&i=d,2026-03-26T08:35:00+00:00
1803,1803.T,1803.jp,2008-08-22,388.99,389.88,381.83,382.73,2107252,https://stooq.com/q/d/l/?s=1803.jp&i=d,2026-03-26T08:35:00+00:00
1803,1803.T,1803.jp,2008-08-25,396.12,400.58,394.33,398.80,3711230,https://stooq.com/q/d/l/?s=1803.jp&i=d,2026-03-26T08:35:00+00:00
1803,1803.T,1803.jp,2008-08-26,393.44,393.44,386.29,389.88,2100527,https://stooq.com/q/d/l/?s=1803.jp&i=d,2026-03-26T08:35:00+00:00
1803,1803.T,1803.jp,2008-08-27,394.33,394.33,387.21,389.88,1522154,https://stooq.com/q/d/l/?s=1803.jp&i=d,2026-03-26T08:35:00+00:00
1803,1803.T,1803.jp,2008-08-28,394.33,396.12,388.09,396.12,2888503,https://stooq.com/q/d/l/?s=1803.jp&i=d,2026-03-26T08:35:00+00:00
1803,1803.T,1803.jp,2008-08-29,404.13,413.97,401.48,413.97,4419626,https://stooq.com/q/d/l/?s=1803.jp&i=d,2026-03-26T08:35:00+00:00
1803,1803.T,1803.jp,2008-09-01,404.13,407.71,392.56,393.44,3932043,https://stooq.com/q/d/l/?s=1803.jp&i=d,2026-03-26T08:35:00+00:00
1803,1803.T,1803.jp,2008-09-02,392.56,398.80,384.51,387.21,9311144,https://stooq.com/q/d/l/?s=1803.jp&i=d,2026-03-26T08:35:00+00:00
1803,1803.T,1803.jp,2008-09-03,388.99,396.12,388.09,393.44,4947560,https://stooq.com/q/d/l/?s=1803.jp&i=d,2026-03-26T08:35:00+00:00
1803,1803.T,1803.jp,2008-09-04,388.99,388.99,380.05,383.62,4430835,https://stooq.com/q/d/l/?s=1803.jp&i=d,2026-03-26T08:35:00+00:00
1803,1803.T,1803.jp,2008-09-05,370.25,378.28,370.25,374.70,5070858,https://stooq.com/q/d/l/?s=1803.jp&i=d,2026-03-26T08:35:00+00:00
1803,1803.T,1803.jp,2008-09-08,388.09,405.02,388.09,405.02,4672944,https://stooq.com/q/d/l/?s=1803.jp&i=d,2026-03-26T08:35:00+00:00
1803,1803.T,1803.jp,2008-09-09,401.48,401.48,394.33,398.80,2921010,https://stooq.com/q/d/l/?s=1803.jp&i=d,2026-03-26T08:35:00+00:00
1803,1803.T,1803.jp,2008-09-10,394.33,435.37,392.56,432.68,8508592,https://stooq.com/q/d/l/?s=1803.jp&i=d,2026-03-26T08:35:00+00:00
1803,1803.T,1803.jp,2008-09-11,423.77,426.45,413.07,416.64,5184067,https://stooq.com/q/d/l/?s=1803.jp&i=d,2026-03-26T08:35:00+00:00
1803,1803.T,1803.jp,2008-09-12,417.53,426.45,405.93,424.67,12737669,https://stooq.com/q/d/l/?s=1803.jp&i=d,2026-03-26T08:35:00+00:00
1803,1803.T,1803.jp,2008-09-16,402.36,406.82,394.33,398.80,6159231,https://stooq.com/q/d/l/?s=1803.jp&i=d,2026-03-26T08:35:00+00:00
1803,1803.T,1803.jp,2008-09-17,407.71,421.99,407.71,416.64,7406770,https://stooq.com/q/d/l/?s=1803.jp&i=d,2026-03-26T08:35:00+00:00
1803,1803.T,1803.jp,2008-09-18,398.80,413.97,397.90,411.30,5903671,https://stooq.com/q/d/l/?s=1803.jp&i=d,2026-03-26T08:35:00+00:00
1803,1803.T,1803.jp,2008-09-19,429.12,453.21,429.12,453.21,8652066,https://stooq.com/q/d/l/?s=1803.jp&i=d,2026-03-26T08:35:00+00:00
1803,1803.T,1803.jp,2008-09-22,479.98,483.54,456.78,463.94,7385472,https://stooq.com/q/d/l/?s=1803.jp&i=d,2026-03-26T08:35:00+00:00
1803,1803.T,1803.jp,2008-09-24,463.03,471.95,455.89,471.05,6017999,https://stooq.com/q/d/l/?s=1803.jp&i=d,2026-03-26T08:35:00+00:00
1803,1803.T,1803.jp,2008-09-25,462.14,483.54,448.75,458.56,13802505,https://stooq.com/q/d/l/?s=1803.jp&i=d,2026-03-26T08:35:00+00:00
1803,1803.T,1803.jp,2008-09-26,467.50,474.64,457.67,471.05,6207428,https://stooq.com/q/d/l/?s=1803.jp&i=d,2026-03-26T08:35:00+00:00
1803,1803.T,1803.jp,2008-09-29,468.39,471.05,450.54,451.45,4634835,https://stooq.com/q/d/l/?s=1803.jp&i=d,2026-03-26T08:35:00+00:00
1803,1803.T,1803.jp,2008-09-30,437.14,446.97,431.81,439.83,5644748,https://stooq.com/q/d/l/?s=1803.jp&i=d,2026-03-26T08:35:00+00:00
1803,1803.T,1803.jp,2008-10-01,455.01,455.89,440.71,454.12,4931869,https://stooq.com/q/d/l/?s=1803.jp&i=d,2026-03-26T08:35:00+00:00
1803,1803.T,1803.jp,2008-10-02,471.95,472.84,459.45,466.61,7489714,https://stooq.com/q/d/l/?s=1803.jp&i=d,2026-03-26T08:35:00+00:00
1803,1803.T,1803.jp,2008-10-03,467.50,467.50,453.21,453.21,8637494,https://stooq.com/q/d/l/?s=1803.jp&i=d,2026-03-26T08:35:00+00:00
1803,1803.T,1803.jp,2008-10-06,435.37,438.94,414.85,414.85,7131032,https://stooq.com/q/d/l/?s=1803.jp&i=d,2026-03-26T08:35:00+00:00
1803,1803.T,1803.jp,2008-10-07,397.90,418.42,387.21,411.30,7607406,https://stooq.com/q/d/l/?s=1803.jp&i=d,2026-03-26T08:35:00+00:00
1803,1803.T,1803.jp,2008-10-08,397.90,408.61,376.48,376.48,5244593,https://stooq.com/q/d/l/?s=1803.jp&i=d,2026-03-26T08:35:00+00:00
1803,1803.T,1803.jp,2008-10-09,372.04,386.29,359.54,364.89,7944790,https://stooq.com/q/d/l/?s=1803.jp&i=d,2026-03-26T08:35:00+00:00
1803,1803.T,1803.jp,2008-10-10,324.76,348.83,324.76,330.10,10666285,https://stooq.com/q/d/l/?s=1803.jp&i=d,2026-03-26T08:35:00+00:00
1803,1803.T,1803.jp,2008-10-14,362.21,401.48,362.21,401.48,7128789,https://stooq.com/q/d/l/?s=1803.jp&i=d,2026-03-26T08:35:00+00:00
1803,1803.T,1803.jp,2008-10-15,383.62,390.76,368.47,387.21,6827276,https://stooq.com/q/d/l/?s=1803.jp&i=d,2026-03-26T08:35:00+00:00
1803,1803.T,1803.jp,2008-10-16,355.97,358.65,337.23,337.23,4634835,https://stooq.com/q/d/l/?s=1803.jp&i=d,2026-03-26T08:35:00+00:00
1803,1803.T,1803.jp,2008-10-17,347.94,372.92,347.94,372.04,7638792,https://stooq.com/q/d/l/?s=1803.jp&i=d,2026-03-26T08:35:00+00:00
1803,1803.T,1803.jp,2008-10-20,372.92,378.28,355.08,374.70,6393493,https://stooq.com/q/d/l/?s=1803.jp&i=d,2026-03-26T08:35:00+00:00
1803,1803.T,1803.jp,2008-10-21,393.44,398.80,378.28,391.67,5064133,https://stooq.com/q/d/l/?s=1803.jp&i=d,2026-03-26T08:35:00+00:00
1803,1803.T,1803.jp,2008-10-22,378.28,381.83,357.75,357.75,3515075,https://stooq.com/q/d/l/?s=1803.jp&i=d,2026-03-26T08:35:00+00:00
1803,1803.T,1803.jp,2008-10-23,347.94,368.47,335.46,365.78,6998770,https://stooq.com/q/d/l/?s=1803.jp&i=d,2026-03-26T08:35:00+00:00
1803,1803.T,1803.jp,2008-10-24,366.66,372.92,349.74,352.40,7638792,https://stooq.com/q/d/l/?s=1803.jp&i=d,2026-03-26T08:35:00+00:00
1803,1803.T,1803.jp,2008-10-27,374.70,375.60,340.80,343.47,8763032,https://stooq.com/q/d/l/?s=1803.jp&i=d,2026-03-26T08:35:00+00:00
1803,1803.T,1803.jp,2008-10-28,345.27,370.25,339.02,370.25,7568174,https://stooq.com/q/d/l/?s=1803.jp&i=d,2026-03-26T08:35:00+00:00
1803,1803.T,1803.jp,2008-10-29,388.99,397.00,364.89,397.00,7412374,https://stooq.com/q/d/l/?s=1803.jp&i=d,2026-03-26T08:35:00+00:00
1803,1803.T,1803.jp,2008-10-30,401.48,436.28,395.24,435.37,7066022,https://stooq.com/q/d/l/?s=1803.jp&i=d,2026-03-26T08:35:00+00:00
1803,1803.T,1803.jp,2008-10-31,426.45,446.09,411.30,421.99,7713890,https://stooq.com/q/d/l/?s=1803.jp&i=d,2026-03-26T08:35:00+00:00
1803,1803.T,1803.jp,2008-11-04,446.09,459.45,442.50,459.45,4909450,https://stooq.com/q/d/l/?s=1803.jp&i=d,2026-03-26T08:35:00+00:00
1803,1803.T,1803.jp,2008-11-05,463.94,471.05,441.64,451.45,4518263,https://stooq.com/q/d/l/?s=1803.jp&i=d,2026-03-26T08:35:00+00:00
1803,1803.T,1803.jp,2008-11-06,438.04,445.19,412.19,416.64,4690879,https://stooq.com/q/d/l/?s=1803.jp&i=d,2026-03-26T08:35:00+00:00
1803,1803.T,1803.jp,2008-11-07,399.67,420.20,393.44,407.71,4612418,https://stooq.com/q/d/l/?s=1803.jp&i=d,2026-03-26T08:35:00+00:00
1803,1803.T,1803.jp,2008-11-10,421.09,436.28,420.20,432.68,3341339,https://stooq.com/q/d/l/?s=1803.jp&i=d,2026-03-26T08:35:00+00:00
1803,1803.T,1803.jp,2008-11-11,433.59,440.71,416.64,416.64,4161824,https://stooq.com/q/d/l/?s=1803.jp&i=d,2026-03-26T08:35:00+00:00
1803,1803.T,1803.jp,2008-11-12,403.27,420.20,386.29,387.21,6932637,https://stooq.com/q/d/l/?s=1803.jp&i=d,2026-03-26T08:35:00+00:00
1803,1803.T,1803.jp,2008-11-13,388.09,448.75,381.83,438.94,16487011,https://stooq.com/q/d/l/?s=1803.jp&i=d,2026-03-26T08:35:00+00:00
1803,1803.T,1803.jp,2008-11-14,447.86,451.45,432.68,438.04,6493251,https://stooq.com/q/d/l/?s=1803.jp&i=d,2026-03-26T08:35:00+00:00
1803,1803.T,1803.jp,2008-11-17,433.59,459.45,424.67,443.41,7187076,https://stooq.com/q/d/l/?s=1803.jp&i=d,2026-03-26T08:35:00+00:00
1803,1803.T,1803.jp,2008-11-18,441.64,449.65,434.48,443.41,4248131,https://stooq.com/q/d/l/?s=1803.jp&i=d,2026-03-26T08:35:00+00:00
1803,1803.T,1803.jp,2008-11-19,446.97,448.75,430.92,432.68,4081123,https://stooq.com/q/d/l/?s=1803.jp&i=d,2026-03-26T08:35:00+00:00
1803,1803.T,1803.jp,2008-11-20,420.20,421.99,403.27,403.27,4539560,https://stooq.com/q/d/l/?s=1803.jp&i=d,2026-03-26T08:35:00+00:00
1803,1803.T,1803.jp,2008-11-21,397.90,435.37,392.56,433.59,5407120,https://stooq.com/q/d/l/?s=1803.jp&i=d,2026-03-26T08:35:00+00:00
1803,1803.T,1803.jp,2008-11-25,453.21,455.01,418.42,437.14,7902200,https://stooq.com/q/d/l/?s=1803.jp&i=d,2026-03-26T08:35:00+00:00
1803,1803.T,1803.jp,2008-11-26,433.59,456.78,431.81,451.45,7074988,https://stooq.com/q/d/l/?s=1803.jp&i=d,2026-03-26T08:35:00+00:00
1803,1803.T,1803.jp,2008-11-27,452.32,460.34,447.86,450.54,3527406,https://stooq.com/q/d/l/?s=1803.jp&i=d,2026-03-26T08:35:00+00:00
1803,1803.T,1803.jp,2008-11-28,441.64,448.75,438.94,447.86,4788396,https://stooq.com/q/d/l/?s=1803.jp&i=d,2026-03-26T08:35:00+00:00
1803,1803.T,1803.jp,2008-12-01,445.19,445.19,431.81,432.68,2382988,https://stooq.com/q/d/l/?s=1803.jp&i=d,2026-03-26T08:35:00+00:00
1803,1803.T,1803.jp,2008-12-02,419.32,439.83,412.19,425.58,4204416,https://stooq.com/q/d/l/?s=1803.jp&i=d,2026-03-26T08:35:00+00:00
1803,1803.T,1803.jp,2008-12-03,425.58,434.48,419.32,433.59,2544397,https://stooq.com/q/d/l/?s=1803.jp&i=d,2026-03-26T08:35:00+00:00
1803,1803.T,1803.jp,2008-12-04,431.81,440.71,425.58,426.45,3949977,https://stooq.com/q/d/l/?s=1803.jp&i=d,2026-03-26T08:35:00+00:00
1803,1803.T,1803.jp,2008-12-05,427.34,436.28,424.67,428.25,3348063,https://stooq.com/q/d/l/?s=1803.jp&i=d,2026-03-26T08:35:00+00:00
1803,1803.T,1803.jp,2008-12-08,427.34,455.01,427.34,453.21,3411954,https://stooq.com/q/d/l/?s=1803.jp&i=d,2026-03-26T08:35:00+00:00
1803,1803.T,1803.jp,2008-12-09,448.75,459.45,448.75,459.45,3677605,https://stooq.com/q/d/l/?s=1803.jp&i=d,2026-03-26T08:35:00+00:00
1803,1803.T,1803.jp,2008-12-10,461.24,470.16,458.56,465.72,4862372,https://stooq.com/q/d/l/?s=1803.jp&i=d,2026-03-26T08:35:00+00:00
1803,1803.T,1803.jp,2008-12-11,455.89,463.03,449.65,459.45,3796418,https://stooq.com/q/d/l/?s=1803.jp&i=d,2026-03-26T08:35:00+00:00
1803,1803.T,1803.jp,2008-12-12,437.14,456.78,427.34,435.37,9675430,https://stooq.com/q/d/l/?s=1803.jp&i=d,2026-03-26T08:35:00+00:00
1803,1803.T,1803.jp,2008-12-15,453.21,459.45,451.45,454.12,3009563,https://stooq.com/q/d/l/?s=1803.jp&i=d,2026-03-26T08:35:00+00:00
1803,1803.T,1803.jp,2008-12-16,453.21,455.89,444.30,451.45,2454725,https://stooq.com/q/d/l/?s=1803.jp&i=d,2026-03-26T08:35:00+00:00
1803,1803.T,1803.jp,2008-12-17,456.78,461.24,440.71,455.01,3359273,https://stooq.com/q/d/l/?s=1803.jp&i=d,2026-03-26T08:35:00+00:00
1803,1803.T,1803.jp,2008-12-18,449.65,463.94,449.65,457.67,3630528,https://stooq.com/q/d/l/?s=1803.jp&i=d,2026-03-26T08:35:00+00:00
1803,1803.T,1803.jp,2008-12-19,458.56,467.50,456.78,457.67,2952394,https://stooq.com/q/d/l/?s=1803.jp&i=d,2026-03-26T08:35:00+00:00
1803,1803.T,1803.jp,2008-12-22,457.67,463.03,443.41,446.09,4244769,https://stooq.com/q/d/l/?s=1803.jp&i=d,2026-03-26T08:35:00+00:00
1803,1803.T,1803.jp,2008-12-24,441.64,441.64,431.81,438.94,1220636,https://stooq.com/q/d/l/?s=1803.jp&i=d,2026-03-26T08:35:00+00:00
1803,1803.T,1803.jp,2008-12-25,446.97,448.75,439.83,446.97,1317033,https://stooq.com/q/d/l/?s=1803.jp&i=d,2026-03-26T08:35:00+00:00
1803,1803.T,1803.jp,2008-12-26,446.97,454.12,444.30,454.12,1049142,https://stooq.com/q/d/l/?s=1803.jp&i=d,2026-03-26T08:35:00+00:00
1803,1803.T,1803.jp,2008-12-29,451.45,457.67,448.75,457.67,1117515,https://stooq.com/q/d/l/?s=1803.jp&i=d,2026-03-26T08:35:00+00:00
1803,1803.T,1803.jp,2008-12-30,450.54,463.94,450.54,463.94,997583,https://stooq.com/q/d/l/?s=1803.jp&i=d,2026-03-26T08:35:00+00:00
1803,1803.T,1803.jp,2009-01-05,472.84,472.84,461.24,461.24,792461,https://stooq.com/q/d/l/?s=1803.jp&i=d,2026-03-26T08:35:00+00:00
1803,1803.T,1803.jp,2009-01-06,461.24,464.83,439.83,442.50,2827980,https://stooq.com/q/d/l/?s=1803.jp&i=d,2026-03-26T08:35:00+00:00
1803,1803.T,1803.jp,2009-01-07,442.50,444.30,427.34,429.12,4253735,https://stooq.com/q/d/l/?s=1803.jp&i=d,2026-03-26T08:35:00+00:00
1803,1803.T,1803.jp,2009-01-08,428.25,429.12,405.93,410.39,4600088,https://stooq.com/q/d/l/?s=1803.jp&i=d,2026-03-26T08:35:00+00:00
1803,1803.T,1803.jp,2009-01-09,419.32,424.67,405.02,405.93,4003780,https://stooq.com/q/d/l/?s=1803.jp&i=d,2026-03-26T08:35:00+00:00
1803,1803.T,1803.jp,2009-01-13,402.36,402.36,384.51,385.40,3346947,https://stooq.com/q/d/l/?s=1803.jp&i=d,2026-03-26T08:35:00+00:00
1803,1803.T,1803.jp,2009-01-14,389.88,394.33,383.62,388.99,3211318,https://stooq.com/q/d/l/?s=1803.jp&i=d,2026-03-26T08:35:00+00:00
1803,1803.T,1803.jp,2009-01-15,378.28,387.21,371.14,380.95,4189846,https://stooq.com/q/d/l/?s=1803.jp&i=d,2026-03-26T08:35:00+00:00
1803,1803.T,1803.jp,2009-01-16,385.40,392.56,379.18,389.88,2765211,https://stooq.com/q/d/l/?s=1803.jp&i=d,2026-03-26T08:35:00+00:00
1803,1803.T,1803.jp,2009-01-19,394.33,397.90,389.88,389.88,1971627,https://stooq.com/q/d/l/?s=1803.jp&i=d,2026-03-26T08:35:00+00:00
1803,1803.T,1803.jp,2009-01-20,390.76,391.67,378.28,382.73,2192439,https://stooq.com/q/d/l/?s=1803.jp&i=d,2026-03-26T08:35:00+00:00
1803,1803.T,1803.jp,2009-01-21,379.18,386.29,376.48,376.48,3196747,https://stooq.com/q/d/l/?s=1803.jp&i=d,2026-03-26T08:35:00+00:00
1803,1803.T,1803.jp,2009-01-22,376.48,383.62,372.04,383.62,2833581,https://stooq.com/q/d/l/?s=1803.jp&i=d,2026-03-26T08:35:00+00:00
1803,1803.T,1803.jp,2009-01-23,383.62,383.62,367.57,369.38,2647517,https://stooq.com/q/d/l/?s=1803.jp&i=d,2026-03-26T08:35:00+00:00
1803,1803.T,1803.jp,2009-01-26,359.54,360.43,351.51,353.29,4001539,https://stooq.com/q/d/l/?s=1803.jp&i=d,2026-03-26T08:35:00+00:00
1803,1803.T,1803.jp,2009-01-27,349.74,358.65,343.47,356.86,5363406,https://stooq.com/q/d/l/?s=1803.jp&i=d,2026-03-26T08:35:00+00:00
1803,1803.T,1803.jp,2009-01-28,361.31,363.10,346.16,355.97,2532065,https://stooq.com/q/d/l/?s=1803.jp&i=d,2026-03-26T08:35:00+00:00
1803,1803.T,1803.jp,2009-01-29,363.10,366.66,350.61,363.10,4083361,https://stooq.com/q/d/l/?s=1803.jp&i=d,2026-03-26T08:35:00+00:00
1803,1803.T,1803.jp,2009-01-30,349.74,367.57,349.74,367.57,3204593,https://stooq.com/q/d/l/?s=1803.jp&i=d,2026-03-26T08:35:00+00:00
1803,1803.T,1803.jp,2009-02-02,356.86,356.86,345.27,346.16,3521804,https://stooq.com/q/d/l/?s=1803.jp&i=d,2026-03-26T08:35:00+00:00
1803,1803.T,1803.jp,2009-02-03,347.06,355.97,338.11,339.02,3404110,https://stooq.com/q/d/l/?s=1803.jp&i=d,2026-03-26T08:35:00+00:00
1803,1803.T,1803.jp,2009-02-04,339.02,351.51,335.46,351.51,3489297,https://stooq.com/q/d/l/?s=1803.jp&i=d,2026-03-26T08:35:00+00:00
1803,1803.T,1803.jp,2009-02-05,355.97,355.97,342.58,345.27,3466880,https://stooq.com/q/d/l/?s=1803.jp&i=d,2026-03-26T08:35:00+00:00
1803,1803.T,1803.jp,2009-02-06,347.94,350.61,334.56,339.02,4291845,https://stooq.com/q/d/l/?s=1803.jp&i=d,2026-03-26T08:35:00+00:00
1803,1803.T,1803.jp,2009-02-09,347.94,347.94,322.96,324.76,4257100,https://stooq.com/q/d/l/?s=1803.jp&i=d,2026-03-26T08:35:00+00:00
1803,1803.T,1803.jp,2009-02-10,329.20,341.69,323.85,326.52,5464288,https://stooq.com/q/d/l/?s=1803.jp&i=d,2026-03-26T08:35:00+00:00
1803,1803.T,1803.jp,2009-02-12,310.45,315.82,302.44,304.19,5284945,https://stooq.com/q/d/l/?s=1803.jp&i=d,2026-03-26T08:35:00+00:00
1803,1803.T,1803.jp,2009-02-13,307.78,321.18,306.00,314.04,4337802,https://stooq.com/q/d/l/?s=1803.jp&i=d,2026-03-26T08:35:00+00:00
1803,1803.T,1803.jp,2009-02-16,335.46,340.80,326.52,333.66,7134396,https://stooq.com/q/d/l/?s=1803.jp&i=d,2026-03-26T08:35:00+00:00
1803,1803.T,1803.jp,2009-02-17,330.10,347.06,329.20,332.78,8368484,https://stooq.com/q/d/l/?s=1803.jp&i=d,2026-03-26T08:35:00+00:00
1803,1803.T,1803.jp,2009-02-18,340.80,369.38,335.46,363.99,14197056,https://stooq.com/q/d/l/?s=1803.jp&i=d,2026-03-26T08:35:00+00:00
1803,1803.T,1803.jp,2009-02-19,365.78,373.81,355.08,359.54,8436857,https://stooq.com/q/d/l/?s=1803.jp&i=d,2026-03-26T08:35:00+00:00
1803,1803.T,1803.jp,2009-02-20,355.08,361.31,337.23,339.02,5705274,https://stooq.com/q/d/l/?s=1803.jp&i=d,2026-03-26T08:35:00+00:00
1803,1803.T,1803.jp,2009-02-23,336.36,339.91,327.42,337.23,3995934,https://stooq.com/q/d/l/?s=1803.jp&i=d,2026-03-26T08:35:00+00:00
1803,1803.T,1803.jp,2009-02-24,332.78,340.80,328.29,336.36,5685098,https://stooq.com/q/d/l/?s=1803.jp&i=d,2026-03-26T08:35:00+00:00
1803,1803.T,1803.jp,2009-02-25,349.74,352.40,327.42,330.10,5019298,https://stooq.com/q/d/l/?s=1803.jp&i=d,2026-03-26T08:35:00+00:00
1803,1803.T,1803.jp,2009-02-26,327.42,330.10,315.82,317.60,8681208,https://stooq.com/q/d/l/?s=1803.jp&i=d,2026-03-26T08:35:00+00:00
1803,1803.T,1803.jp,2009-02-27,318.49,333.66,313.16,331.00,7014464,https://stooq.com/q/d/l/?s=1803.jp&i=d,2026-03-26T08:35:00+00:00
1803,1803.T,1803.jp,2009-03-02,320.27,326.52,318.49,322.96,3196747,https://stooq.com/q/d/l/?s=1803.jp&i=d,2026-03-26T08:35:00+00:00
1803,1803.T,1803.jp,2009-03-03,318.49,327.42,316.73,321.18,3185541,https://stooq.com/q/d/l/?s=1803.jp&i=d,2026-03-26T08:35:00+00:00
1803,1803.T,1803.jp,2009-03-04,316.73,331.88,314.92,328.29,3794175,https://stooq.com/q/d/l/?s=1803.jp&i=d,2026-03-26T08:35:00+00:00
1803,1803.T,1803.jp,2009-03-05,334.56,354.19,333.66,349.74,7819253,https://stooq.com/q/d/l/?s=1803.jp&i=d,2026-03-26T08:35:00+00:00
1803,1803.T,1803.jp,2009-03-06,340.80,350.61,334.56,339.91,6767867,https://stooq.com/q/d/l/?s=1803.jp&i=d,2026-03-26T08:35:00+00:00
1803,1803.T,1803.jp,2009-03-09,339.91,350.61,334.56,337.23,4737953,https://stooq.com/q/d/l/?s=1803.jp&i=d,2026-03-26T08:35:00+00:00
1803,1803.T,1803.jp,2009-03-10,334.56,344.38,332.78,337.23,3797540,https://stooq.com/q/d/l/?s=1803.jp&i=d,2026-03-26T08:35:00+00:00
1803,1803.T,1803.jp,2009-03-11,344.38,348.83,326.52,327.42,7041363,https://stooq.com/q/d/l/?s=1803.jp&i=d,2026-03-26T08:35:00+00:00
1803,1803.T,1803.jp,2009-03-12,322.96,330.10,311.38,317.60,5782614,https://stooq.com/q/d/l/?s=1803.jp&i=d,2026-03-26T08:35:00+00:00
1803,1803.T,1803.jp,2009-03-13,324.76,337.23,324.76,331.00,6356506,https://stooq.com/q/d/l/?s=1803.jp&i=d,2026-03-26T08:35:00+00:00
1803,1803.T,1803.jp,2009-03-16,334.56,355.08,334.56,347.94,4984549,https://stooq.com/q/d/l/?s=1803.jp&i=d,2026-03-26T08:35:00+00:00
1803,1803.T,1803.jp,2009-03-17,347.06,363.10,344.38,361.31,5079823,https://stooq.com/q/d/l/?s=1803.jp&i=d,2026-03-26T08:35:00+00:00
1803,1803.T,1803.jp,2009-03-18,364.89,370.25,362.21,368.47,5536022,https://stooq.com/q/d/l/?s=1803.jp&i=d,2026-03-26T08:35:00+00:00
1803,1803.T,1803.jp,2009-03-19,372.92,374.70,364.89,370.25,2915407,https://stooq.com/q/d/l/?s=1803.jp&i=d,2026-03-26T08:35:00+00:00
1803,1803.T,1803.jp,2009-03-23,363.99,376.48,362.21,374.70,3911867,https://stooq.com/q/d/l/?s=1803.jp&i=d,2026-03-26T08:35:00+00:00
1803,1803.T,1803.jp,2009-03-24,382.73,392.56,378.28,391.67,5432901,https://stooq.com/q/d/l/?s=1803.jp&i=d,2026-03-26T08:35:00+00:00
1803,1803.T,1803.jp,2009-03-25,392.56,394.33,380.05,384.51,3966791,https://stooq.com/q/d/l/?s=1803.jp&i=d,2026-03-26T08:35:00+00:00
1803,1803.T,1803.jp,2009-03-26,389.88,392.56,379.18,391.67,2916528,https://stooq.com/q/d/l/?s=1803.jp&i=d,2026-03-26T08:35:00+00:00
1803,1803.T,1803.jp,2009-03-27,390.76,396.12,374.70,376.48,4349009,https://stooq.com/q/d/l/?s=1803.jp&i=d,2026-03-26T08:35:00+00:00
1803,1803.T,1803.jp,2009-03-30,380.95,386.29,361.31,362.21,4028438,https://stooq.com/q/d/l/?s=1803.jp&i=d,2026-03-26T08:35:00+00:00
1803,1803.T,1803.jp,2009-03-31,366.66,379.18,362.21,364.89,3930925,https://stooq.com/q/d/l/?s=1803.jp&i=d,2026-03-26T08:35:00+00:00
1803,1803.T,1803.jp,2009-04-01,362.21,372.92,355.08,372.04,4194333,https://stooq.com/q/d/l/?s=1803.jp&i=d,2026-03-26T08:35:00+00:00
1803,1803.T,1803.jp,2009-04-02,380.95,397.90,372.92,397.90,4500329,https://stooq.com/q/d/l/?s=1803.jp&i=d,2026-03-26T08:35:00+00:00
1803,1803.T,1803.jp,2009-04-03,400.58,401.48,384.51,387.21,3210197,https://stooq.com/q/d/l/?s=1803.jp&i=d,2026-03-26T08:35:00+00:00
1803,1803.T,1803.jp,2009-04-06,396.12,396.12,379.18,380.95,4067669,https://stooq.com/q/d/l/?s=1803.jp&i=d,2026-03-26T08:35:00+00:00
1803,1803.T,1803.jp,2009-04-07,382.73,389.88,381.83,384.51,4847802,https://stooq.com/q/d/l/?s=1803.jp&i=d,2026-03-26T08:35:00+00:00
1803,1803.T,1803.jp,2009-04-08,383.62,387.21,367.57,374.70,4675188,https://stooq.com/q/d/l/?s=1803.jp&i=d,2026-03-26T08:35:00+00:00
1803,1803.T,1803.jp,2009-04-09,388.09,398.80,381.83,397.90,6649055,https://stooq.com/q/d/l/?s=1803.jp&i=d,2026-03-26T08:35:00+00:00
1803,1803.T,1803.jp,2009-04-10,406.82,406.82,391.67,404.13,5764681,https://stooq.com/q/d/l/?s=1803.jp&i=d,2026-03-26T08:35:00+00:00
1803,1803.T,1803.jp,2009-04-13,406.82,414.85,401.48,403.27,3599143,https://stooq.com/q/d/l/?s=1803.jp&i=d,2026-03-26T08:35:00+00:00
1803,1803.T,1803.jp,2009-04-14,409.49,411.30,400.58,402.36,4514901,https://stooq.com/q/d/l/?s=1803.jp&i=d,2026-03-26T08:35:00+00:00
1803,1803.T,1803.jp,2009-04-15,402.36,405.02,397.90,403.27,2380748,https://stooq.com/q/d/l/?s=1803.jp&i=d,2026-03-26T08:35:00+00:00
1803,1803.T,1803.jp,2009-04-16,412.19,419.32,397.90,400.58,4290725,https://stooq.com/q/d/l/?s=1803.jp&i=d,2026-03-26T08:35:00+00:00
1803,1803.T,1803.jp,2009-04-17,409.49,413.97,405.93,411.30,3142944,https://stooq.com/q/d/l/?s=1803.jp&i=d,2026-03-26T08:35:00+00:00
1803,1803.T,1803.jp,2009-04-20,413.97,415.74,405.02,405.93,3034221,https://stooq.com/q/d/l/?s=1803.jp&i=d,2026-03-26T08:35:00+00:00
1803,1803.T,1803.jp,2009-04-21,405.02,405.02,391.67,397.90,2916528,https://stooq.com/q/d/l/?s=1803.jp&i=d,2026-03-26T08:35:00+00:00
1803,1803.T,1803.jp,2009-04-22,398.80,401.48,388.99,389.88,3303232,https://stooq.com/q/d/l/?s=1803.jp&i=d,2026-03-26T08:35:00+00:00
1803,1803.T,1803.jp,2009-04-23,400.58,407.71,392.56,405.02,3630528,https://stooq.com/q/d/l/?s=1803.jp&i=d,2026-03-26T08:35:00+00:00
1803,1803.T,1803.jp,2009-04-24,409.49,410.39,400.58,404.13,2969207,https://stooq.com/q/d/l/?s=1803.jp&i=d,2026-03-26T08:35:00+00:00
1803,1803.T,1803.jp,2009-04-27,408.61,414.85,405.02,413.97,3037581,https://stooq.com/q/d/l/?s=1803.jp&i=d,2026-03-26T08:35:00+00:00
1803,1803.T,1803.jp,2009-04-28,412.19,421.09,407.71,407.71,4189846,https://stooq.com/q/d/l/?s=1803.jp&i=d,2026-03-26T08:35:00+00:00
1803,1803.T,1803.jp,2009-04-30,421.99,422.88,415.74,421.09,2056811,https://stooq.com/q/d/l/?s=1803.jp&i=d,2026-03-26T08:35:00+00:00
1803,1803.T,1803.jp,2009-05-01,419.32,419.32,408.61,413.97,2093802,https://stooq.com/q/d/l/?s=1803.jp&i=d,2026-03-26T08:35:00+00:00
1803,1803.T,1803.jp,2009-05-07,430.02,430.02,417.53,424.67,2824614,https://stooq.com/q/d/l/?s=1803.jp&i=d,2026-03-26T08:35:00+00:00
1803,1803.T,1803.jp,2009-05-08,425.58,425.58,413.97,421.99,4457734,https://stooq.com/q/d/l/?s=1803.jp&i=d,2026-03-26T08:35:00+00:00
1803,1803.T,1803.jp,2009-05-11,420.20,423.77,414.85,417.53,2331426,https://stooq.com/q/d/l/?s=1803.jp&i=d,2026-03-26T08:35:00+00:00
1803,1803.T,1803.jp,2009-05-12,413.07,414.85,401.48,402.36,4556374,https://stooq.com/q/d/l/?s=1803.jp&i=d,2026-03-26T08:35:00+00:00
1803,1803.T,1803.jp,2009-05-13,406.82,411.30,400.58,403.27,3631647,https://stooq.com/q/d/l/?s=1803.jp&i=d,2026-03-26T08:35:00+00:00
1803,1803.T,1803.jp,2009-05-14,397.00,398.80,391.67,393.44,2502924,https://stooq.com/q/d/l/?s=1803.jp&i=d,2026-03-26T08:35:00+00:00
1803,1803.T,1803.jp,2009-05-15,397.90,415.74,394.33,408.61,7246484,https://stooq.com/q/d/l/?s=1803.jp&i=d,2026-03-26T08:35:00+00:00
1803,1803.T,1803.jp,2009-05-18,409.49,409.49,395.24,399.67,3688814,https://stooq.com/q/d/l/?s=1803.jp&i=d,2026-03-26T08:35:00+00:00
1803,1803.T,1803.jp,2009-05-19,400.58,402.36,390.76,397.00,4166309,https://stooq.com/q/d/l/?s=1803.jp&i=d,2026-03-26T08:35:00+00:00
1803,1803.T,1803.jp,2009-05-20,392.56,393.44,381.83,382.73,4650527,https://stooq.com/q/d/l/?s=1803.jp&i=d,2026-03-26T08:35:00+00:00
1803,1803.T,1803.jp,2009-05-21,383.62,385.40,376.48,384.51,4544044,https://stooq.com/q/d/l/?s=1803.jp&i=d,2026-03-26T08:35:00+00:00
1803,1803.T,1803.jp,2009-05-22,376.48,384.51,376.48,381.83,2829099,https://stooq.com/q/d/l/?s=1803.jp&i=d,2026-03-26T08:35:00+00:00
1803,1803.T,1803.jp,2009-05-25,382.73,385.40,378.28,380.95,2844791,https://stooq.com/q/d/l/?s=1803.jp&i=d,2026-03-26T08:35:00+00:00
1803,1803.T,1803.jp,2009-05-26,381.83,381.83,372.92,378.28,3327890,https://stooq.com/q/d/l/?s=1803.jp&i=d,2026-03-26T08:35:00+00:00
1803,1803.T,1803.jp,2009-05-27,382.73,389.88,381.83,389.88,4336682,https://stooq.com/q/d/l/?s=1803.jp&i=d,2026-03-26T08:35:00+00:00
1803,1803.T,1803.jp,2009-05-28,385.40,390.76,385.40,388.09,2943427,https://stooq.com/q/d/l/?s=1803.jp&i=d,2026-03-26T08:35:00+00:00
1803,1803.T,1803.jp,2009-05-29,385.40,387.21,379.18,382.73,2730460,https://stooq.com/q/d/l/?s=1803.jp&i=d,2026-03-26T08:35:00+00:00
1803,1803.T,1803.jp,2009-06-01,383.62,393.44,380.95,391.67,2896352,https://stooq.com/q/d/l/?s=1803.jp&i=d,2026-03-26T08:35:00+00:00
1803,1803.T,1803.jp,2009-06-02,395.24,397.00,386.29,388.09,3879363,https://stooq.com/q/d/l/?s=1803.jp&i=d,2026-03-26T08:35:00+00:00
1803,1803.T,1803.jp,2009-06-03,381.83,385.40,376.48,378.28,4004901,https://stooq.com/q/d/l/?s=1803.jp&i=d,2026-03-26T08:35:00+00:00
1803,1803.T,1803.jp,2009-06-04,374.70,375.60,364.89,366.66,6238813,https://stooq.com/q/d/l/?s=1803.jp&i=d,2026-03-26T08:35:00+00:00
1803,1803.T,1803.jp,2009-06-05,369.38,369.38,363.99,368.47,2266417,https://stooq.com/q/d/l/?s=1803.jp&i=d,2026-03-26T08:35:00+00:00
1803,1803.T,1803.jp,2009-06-08,364.89,368.47,361.31,363.99,3193386,https://stooq.com/q/d/l/?s=1803.jp&i=d,2026-03-26T08:35:00+00:00
1803,1803.T,1803.jp,2009-06-09,359.54,362.21,355.08,355.97,3409712,https://stooq.com/q/d/l/?s=1803.jp&i=d,2026-03-26T08:35:00+00:00
1803,1803.T,1803.jp,2009-06-10,359.54,366.66,358.65,366.66,4032923,https://stooq.com/q/d/l/?s=1803.jp&i=d,2026-03-26T08:35:00+00:00
1803,1803.T,1803.jp,2009-06-11,365.78,374.70,364.89,368.47,4121473,https://stooq.com/q/d/l/?s=1803.jp&i=d,2026-03-26T08:35:00+00:00
1803,1803.T,1803.jp,2009-06-12,372.92,372.92,363.99,372.04,9080244,https://stooq.com/q/d/l/?s=1803.jp&i=d,2026-03-26T08:35:00+00:00
1803,1803.T,1803.jp,2009-06-15,373.81,381.83,372.92,381.83,4371428,https://stooq.com/q/d/l/?s=1803.jp&i=d,2026-03-26T08:35:00+00:00
1803,1803.T,1803.jp,2009-06-16,374.70,376.48,366.66,367.57,3253911,https://stooq.com/q/d/l/?s=1803.jp&i=d,2026-03-26T08:35:00+00:00
1803,1803.T,1803.jp,2009-06-17,363.99,372.92,363.99,368.47,2860484,https://stooq.com/q/d/l/?s=1803.jp&i=d,2026-03-26T08:35:00+00:00
1803,1803.T,1803.jp,2009-06-18,365.78,367.57,360.43,361.31,3604748,https://stooq.com/q/d/l/?s=1803.jp&i=d,2026-03-26T08:35:00+00:00
1803,1803.T,1803.jp,2009-06-19,356.86,360.43,351.51,356.86,5601033,https://stooq.com/q/d/l/?s=1803.jp&i=d,2026-03-26T08:35:00+00:00
1803,1803.T,1803.jp,2009-06-22,360.43,366.66,356.86,364.89,3038704,https://stooq.com/q/d/l/?s=1803.jp&i=d,2026-03-26T08:35:00+00:00
1803,1803.T,1803.jp,2009-06-23,358.65,361.31,353.29,355.08,4789516,https://stooq.com/q/d/l/?s=1803.jp&i=d,2026-03-26T08:35:00+00:00
1803,1803.T,1803.jp,2009-06-24,355.08,355.97,347.94,352.40,4973340,https://stooq.com/q/d/l/?s=1803.jp&i=d,2026-03-26T08:35:00+00:00
1803,1803.T,1803.jp,2009-06-25,356.86,364.89,355.08,362.21,4045251,https://stooq.com/q/d/l/?s=1803.jp&i=d,2026-03-26T08:35:00+00:00
1803,1803.T,1803.jp,2009-06-26,363.10,363.99,359.54,363.10,2820130,https://stooq.com/q/d/l/?s=1803.jp&i=d,2026-03-26T08:35:00+00:00
1803,1803.T,1803.jp,2009-06-29,362.21,368.47,360.43,362.21,3888330,https://stooq.com/q/d/l/?s=1803.jp&i=d,2026-03-26T08:35:00+00:00
1803,1803.T,1803.jp,2009-06-30,362.21,376.48,362.21,374.70,5593188,https://stooq.com/q/d/l/?s=1803.jp&i=d,2026-03-26T08:35:00+00:00
1803,1803.T,1803.jp,2009-07-01,373.81,377.38,369.38,372.92,4335560,https://stooq.com/q/d/l/?s=1803.jp&i=d,2026-03-26T08:35:00+00:00
1803,1803.T,1803.jp,2009-07-02,377.38,377.38,366.66,368.47,4020594,https://stooq.com/q/d/l/?s=1803.jp&i=d,2026-03-26T08:35:00+00:00
1803,1803.T,1803.jp,2009-07-03,361.31,362.21,354.19,355.97,5073097,https://stooq.com/q/d/l/?s=1803.jp&i=d,2026-03-26T08:35:00+00:00
1803,1803.T,1803.jp,2009-07-06,350.61,351.51,344.38,346.16,5351080,https://stooq.com/q/d/l/?s=1803.jp&i=d,2026-03-26T08:35:00+00:00
1803,1803.T,1803.jp,2009-07-07,347.06,352.40,345.27,347.94,2816770,https://stooq.com/q/d/l/?s=1803.jp&i=d,2026-03-26T08:35:00+00:00
1803,1803.T,1803.jp,2009-07-08,343.47,346.16,339.91,339.91,2886265,https://stooq.com/q/d/l/?s=1803.jp&i=d,2026-03-26T08:35:00+00:00
1803,1803.T,1803.jp,2009-07-09,337.23,338.11,332.78,332.78,2037757,https://stooq.com/q/d/l/?s=1803.jp&i=d,2026-03-26T08:35:00+00:00
1803,1803.T,1803.jp,2009-07-10,337.23,343.47,334.56,339.91,3682089,https://stooq.com/q/d/l/?s=1803.jp&i=d,2026-03-26T08:35:00+00:00
1803,1803.T,1803.jp,2009-07-13,334.56,339.02,317.60,317.60,5085428,https://stooq.com/q/d/l/?s=1803.jp&i=d,2026-03-26T08:35:00+00:00
1803,1803.T,1803.jp,2009-07-14,326.52,328.29,321.18,325.63,4169671,https://stooq.com/q/d/l/?s=1803.jp&i=d,2026-03-26T08:35:00+00:00
1803,1803.T,1803.jp,2009-07-15,331.00,332.78,320.27,322.08,3596902,https://stooq.com/q/d/l/?s=1803.jp&i=d,2026-03-26T08:35:00+00:00
1803,1803.T,1803.jp,2009-07-16,330.10,330.10,318.49,318.49,2793231,https://stooq.com/q/d/l/?s=1803.jp&i=d,2026-03-26T08:35:00+00:00
1803,1803.T,1803.jp,2009-07-17,319.40,329.20,319.40,325.63,2621738,https://stooq.com/q/d/l/?s=1803.jp&i=d,2026-03-26T08:35:00+00:00
1803,1803.T,1803.jp,2009-07-21,334.56,335.46,328.29,334.56,2525340,https://stooq.com/q/d/l/?s=1803.jp&i=d,2026-03-26T08:35:00+00:00
1803,1803.T,1803.jp,2009-07-22,331.88,342.58,331.00,339.02,2468176,https://stooq.com/q/d/l/?s=1803.jp&i=d,2026-03-26T08:35:00+00:00
1803,1803.T,1803.jp,2009-07-23,339.02,339.91,331.00,332.78,2476020,https://stooq.com/q/d/l/?s=1803.jp&i=d,2026-03-26T08:35:00+00:00
1803,1803.T,1803.jp,2009-07-24,340.80,340.80,331.00,334.56,2315735,https://stooq.com/q/d/l/?s=1803.jp&i=d,2026-03-26T08:35:00+00:00
1803,1803.T,1803.jp,2009-07-27,335.46,338.11,334.56,335.46,2100527,https://stooq.com/q/d/l/?s=1803.jp&i=d,2026-03-26T08:35:00+00:00
1803,1803.T,1803.jp,2009-07-28,338.11,338.11,332.78,334.56,1555780,https://stooq.com/q/d/l/?s=1803.jp&i=d,2026-03-26T08:35:00+00:00
1803,1803.T,1803.jp,2009-07-29,334.56,335.46,331.00,333.66,2156570,https://stooq.com/q/d/l/?s=1803.jp&i=d,2026-03-26T08:35:00+00:00
1803,1803.T,1803.jp,2009-07-30,331.88,332.78,326.52,328.29,1202704,https://stooq.com/q/d/l/?s=1803.jp&i=d,2026-03-26T08:35:00+00:00
1803,1803.T,1803.jp,2009-07-31,334.56,347.06,333.66,347.06,5377979,https://stooq.com/q/d/l/?s=1803.jp&i=d,2026-03-26T08:35:00+00:00
1803,1803.T,1803.jp,2009-08-03,347.94,347.94,340.80,345.27,2387473,https://stooq.com/q/d/l/?s=1803.jp&i=d,2026-03-26T08:35:00+00:00
1803,1803.T,1803.jp,2009-08-04,347.94,350.61,344.38,350.61,3192262,https://stooq.com/q/d/l/?s=1803.jp&i=d,2026-03-26T08:35:00+00:00
1803,1803.T,1803.jp,2009-08-05,351.51,354.19,347.94,352.40,2793231,https://stooq.com/q/d/l/?s=1803.jp&i=d,2026-03-26T08:35:00+00:00
1803,1803.T,1803.jp,2009-08-06,347.94,352.40,341.69,351.51,2476020,https://stooq.com/q/d/l/?s=1803.jp&i=d,2026-03-26T08:35:00+00:00
1803,1803.T,1803.jp,2009-08-07,347.06,348.83,333.66,339.02,4644922,https://stooq.com/q/d/l/?s=1803.jp&i=d,2026-03-26T08:35:00+00:00
1803,1803.T,1803.jp,2009-08-10,343.47,348.83,339.02,346.16,2396441,https://stooq.com/q/d/l/?s=1803.jp&i=d,2026-03-26T08:35:00+00:00
1803,1803.T,1803.jp,2009-08-11,348.83,359.54,347.94,358.65,3778482,https://stooq.com/q/d/l/?s=1803.jp&i=d,2026-03-26T08:35:00+00:00
1803,1803.T,1803.jp,2009-08-12,356.86,356.86,350.61,351.51,2586988,https://stooq.com/q/d/l/?s=1803.jp&i=d,2026-03-26T08:35:00+00:00
1803,1803.T,1803.jp,2009-08-13,355.08,358.65,352.40,357.75,1902131,https://stooq.com/q/d/l/?s=1803.jp&i=d,2026-03-26T08:35:00+00:00
1803,1803.T,1803.jp,2009-08-14,355.08,355.08,350.61,352.40,3302110,https://stooq.com/q/d/l/?s=1803.jp&i=d,2026-03-26T08:35:00+00:00
1803,1803.T,1803.jp,2009-08-17,347.94,349.74,338.11,338.11,3843496,https://stooq.com/q/d/l/?s=1803.jp&i=d,2026-03-26T08:35:00+00:00
1803,1803.T,1803.jp,2009-08-18,338.11,340.80,334.56,338.11,2548876,https://stooq.com/q/d/l/?s=1803.jp&i=d,2026-03-26T08:35:00+00:00
1803,1803.T,1803.jp,2009-08-19,338.11,338.11,331.00,331.00,2491714,https://stooq.com/q/d/l/?s=1803.jp&i=d,2026-03-26T08:35:00+00:00
1803,1803.T,1803.jp,2009-08-20,331.88,339.02,327.42,338.11,2275385,https://stooq.com/q/d/l/?s=1803.jp&i=d,2026-03-26T08:35:00+00:00
1803,1803.T,1803.jp,2009-08-21,335.46,337.23,330.10,333.66,2696835,https://stooq.com/q/d/l/?s=1803.jp&i=d,2026-03-26T08:35:00+00:00
1803,1803.T,1803.jp,2009-08-24,342.58,343.47,340.80,342.58,1905493,https://stooq.com/q/d/l/?s=1803.jp&i=d,2026-03-26T08:35:00+00:00
1803,1803.T,1803.jp,2009-08-25,343.47,343.47,338.11,341.69,1626394,https://stooq.com/q/d/l/?s=1803.jp&i=d,2026-03-26T08:35:00+00:00
1803,1803.T,1803.jp,2009-08-26,341.69,347.94,341.69,347.94,1597253,https://stooq.com/q/d/l/?s=1803.jp&i=d,2026-03-26T08:35:00+00:00
1803,1803.T,1803.jp,2009-08-27,345.27,347.94,339.91,346.16,2765211,https://stooq.com/q/d/l/?s=1803.jp&i=d,2026-03-26T08:35:00+00:00
1803,1803.T,1803.jp,2009-08-28,345.27,345.27,340.80,340.80,1554658,https://stooq.com/q/d/l/?s=1803.jp&i=d,2026-03-26T08:35:00+00:00
1803,1803.T,1803.jp,2009-08-31,343.47,347.94,338.11,342.58,1924548,https://stooq.com/q/d/l/?s=1803.jp&i=d,2026-03-26T08:35:00+00:00
1803,1803.T,1803.jp,2009-09-01,338.11,345.27,336.36,343.47,1990680,https://stooq.com/q/d/l/?s=1803.jp&i=d,2026-03-26T08:35:00+00:00
1803,1803.T,1803.jp,2009-09-02,334.56,335.46,331.00,331.00,2109496,https://stooq.com/q/d/l/?s=1803.jp&i=d,2026-03-26T08:35:00+00:00
1803,1803.T,1803.jp,2009-09-03,330.10,330.10,325.63,326.52,1587164,https://stooq.com/q/d/l/?s=1803.jp&i=d,2026-03-26T08:35:00+00:00
1803,1803.T,1803.jp,2009-09-04,327.42,327.42,314.92,317.60,2720371,https://stooq.com/q/d/l/?s=1803.jp&i=d,2026-03-26T08:35:00+00:00
1803,1803.T,1803.jp,2009-09-07,322.08,326.52,319.40,324.76,2839186,https://stooq.com/q/d/l/?s=1803.jp&i=d,2026-03-26T08:35:00+00:00
1803,1803.T,1803.jp,2009-09-08,324.76,330.10,323.85,328.29,2298924,https://stooq.com/q/d/l/?s=1803.jp&i=d,2026-03-26T08:35:00+00:00
1803,1803.T,1803.jp,2009-09-09,329.20,329.20,322.08,322.96,2896352,https://stooq.com/q/d/l/?s=1803.jp&i=d,2026-03-26T08:35:00+00:00
1803,1803.T,1803.jp,2009-09-10,325.63,330.10,324.76,327.42,2901957,https://stooq.com/q/d/l/?s=1803.jp&i=d,2026-03-26T08:35:00+00:00
1803,1803.T,1803.jp,2009-09-11,336.36,338.11,330.10,338.11,11834241,https://stooq.com/q/d/l/?s=1803.jp&i=d,2026-03-26T08:35:00+00:00
1803,1803.T,1803.jp,2009-09-14,333.66,334.56,326.52,328.29,2348242,https://stooq.com/q/d/l/?s=1803.jp&i=d,2026-03-26T08:35:00+00:00
1803,1803.T,1803.jp,2009-09-15,328.29,331.00,323.85,325.63,2142000,https://stooq.com/q/d/l/?s=1803.jp&i=d,2026-03-26T08:35:00+00:00
1803,1803.T,1803.jp,2009-09-16,326.52,340.80,325.63,331.88,4336682,https://stooq.com/q/d/l/?s=1803.jp&i=d,2026-03-26T08:35:00+00:00
1803,1803.T,1803.jp,2009-09-17,331.00,339.02,325.63,327.42,3039820,https://stooq.com/q/d/l/?s=1803.jp&i=d,2026-03-26T08:35:00+00:00
1803,1803.T,1803.jp,2009-09-18,327.42,333.66,323.85,333.66,3780725,https://stooq.com/q/d/l/?s=1803.jp&i=d,2026-03-26T08:35:00+00:00
1803,1803.T,1803.jp,2009-09-24,336.36,337.23,327.42,334.56,3233738,https://stooq.com/q/d/l/?s=1803.jp&i=d,2026-03-26T08:35:00+00:00
1803,1803.T,1803.jp,2009-09-25,334.56,334.56,317.60,322.96,3185541,https://stooq.com/q/d/l/?s=1803.jp&i=d,2026-03-26T08:35:00+00:00
1803,1803.T,1803.jp,2009-09-28,317.60,319.40,313.16,318.49,2903077,https://stooq.com/q/d/l/?s=1803.jp&i=d,2026-03-26T08:35:00+00:00
1803,1803.T,1803.jp,2009-09-29,323.85,323.85,317.60,321.18,4214505,https://stooq.com/q/d/l/?s=1803.jp&i=d,2026-03-26T08:35:00+00:00
1803,1803.T,1803.jp,2009-09-30,316.73,317.60,312.26,314.92,3007318,https://stooq.com/q/d/l/?s=1803.jp&i=d,2026-03-26T08:35:00+00:00
1803,1803.T,1803.jp,2009-10-01,312.26,313.16,301.55,304.19,4684154,https://stooq.com/q/d/l/?s=1803.jp&i=d,2026-03-26T08:35:00+00:00
1803,1803.T,1803.jp,2009-10-02,306.90,312.26,304.19,307.78,8746220,https://stooq.com/q/d/l/?s=1803.jp&i=d,2026-03-26T08:35:00+00:00
1803,1803.T,1803.jp,2009-10-05,295.31,306.90,295.31,306.90,5309604,https://stooq.com/q/d/l/?s=1803.jp&i=d,2026-03-26T08:35:00+00:00
1803,1803.T,1803.jp,2009-10-06,305.11,306.90,292.63,300.67,4778308,https://stooq.com/q/d/l/?s=1803.jp&i=d,2026-03-26T08:35:00+00:00
1803,1803.T,1803.jp,2009-10-07,297.99,315.82,294.40,310.45,9276396,https://stooq.com/q/d/l/?s=1803.jp&i=d,2026-03-26T08:35:00+00:00
1803,1803.T,1803.jp,2009-10-08,307.78,326.52,302.44,324.76,9508417,https://stooq.com/q/d/l/?s=1803.jp&i=d,2026-03-26T08:35:00+00:00
1803,1803.T,1803.jp,2009-10-09,333.66,334.56,315.82,323.85,11375801,https://stooq.com/q/d/l/?s=1803.jp&i=d,2026-03-26T08:35:00+00:00
1803,1803.T,1803.jp,2009-10-13,321.18,323.85,313.16,320.27,5588704,https://stooq.com/q/d/l/?s=1803.jp&i=d,2026-03-26T08:35:00+00:00
1803,1803.T,1803.jp,2009-10-14,321.18,322.96,316.73,319.40,2481626,https://stooq.com/q/d/l/?s=1803.jp&i=d,2026-03-26T08:35:00+00:00
1803,1803.T,1803.jp,2009-10-15,320.27,322.96,316.73,318.49,2989384,https://stooq.com/q/d/l/?s=1803.jp&i=d,2026-03-26T08:35:00+00:00
1803,1803.T,1803.jp,2009-10-16,320.27,320.27,309.57,313.16,4340044,https://stooq.com/q/d/l/?s=1803.jp&i=d,2026-03-26T08:35:00+00:00
1803,1803.T,1803.jp,2009-10-19,309.57,313.16,306.00,309.57,3567758,https://stooq.com/q/d/l/?s=1803.jp&i=d,2026-03-26T08:35:00+00:00
1803,1803.T,1803.jp,2009-10-20,311.38,315.82,310.45,314.04,2878417,https://stooq.com/q/d/l/?s=1803.jp&i=d,2026-03-26T08:35:00+00:00
1803,1803.T,1803.jp,2009-10-21,311.38,321.18,311.38,317.60,3684330,https://stooq.com/q/d/l/?s=1803.jp&i=d,2026-03-26T08:35:00+00:00
1803,1803.T,1803.jp,2009-10-22,318.49,329.20,318.49,328.29,6906855,https://stooq.com/q/d/l/?s=1803.jp&i=d,2026-03-26T08:35:00+00:00
1803,1803.T,1803.jp,2009-10-23,330.10,335.46,327.42,328.29,5150438,https://stooq.com/q/d/l/?s=1803.jp&i=d,2026-03-26T08:35:00+00:00
1803,1803.T,1803.jp,2009-10-26,324.76,331.88,321.18,327.42,3303232,https://stooq.com/q/d/l/?s=1803.jp&i=d,2026-03-26T08:35:00+00:00
1803,1803.T,1803.jp,2009-10-27,324.76,327.42,318.49,319.40,3000592,https://stooq.com/q/d/l/?s=1803.jp&i=d,2026-03-26T08:35:00+00:00
1803,1803.T,1803.jp,2009-10-28,314.92,315.82,310.45,312.26,2552240,https://stooq.com/q/d/l/?s=1803.jp&i=d,2026-03-26T08:35:00+00:00
1803,1803.T,1803.jp,2009-10-29,307.78,314.04,305.11,314.04,3142944,https://stooq.com/q/d/l/?s=1803.jp&i=d,2026-03-26T08:35:00+00:00
1803,1803.T,1803.jp,2009-10-30,314.92,318.49,310.45,313.16,2309011,https://stooq.com/q/d/l/?s=1803.jp&i=d,2026-03-26T08:35:00+00:00
1803,1803.T,1803.jp,2009-11-02,311.38,311.38,305.11,307.78,2451363,https://stooq.com/q/d/l/?s=1803.jp&i=d,2026-03-26T08:35:00+00:00
1803,1803.T,1803.jp,2009-11-04,305.11,306.90,299.77,306.90,3702264,https://stooq.com/q/d/l/?s=1803.jp&i=d,2026-03-26T08:35:00+00:00
1803,1803.T,1803.jp,2009-11-05,307.78,313.16,306.00,312.26,2960244,https://stooq.com/q/d/l/?s=1803.jp&i=d,2026-03-26T08:35:00+00:00
1803,1803.T,1803.jp,2009-11-06,312.26,312.26,306.00,306.90,2877296,https://stooq.com/q/d/l/?s=1803.jp&i=d,2026-03-26T08:35:00+00:00
1803,1803.T,1803.jp,2009-11-09,310.45,314.04,307.78,310.45,2715892,https://stooq.com/q/d/l/?s=1803.jp&i=d,2026-03-26T08:35:00+00:00
1803,1803.T,1803.jp,2009-11-10,310.45,314.04,310.45,312.26,3177692,https://stooq.com/q/d/l/?s=1803.jp&i=d,2026-03-26T08:35:00+00:00
1803,1803.T,1803.jp,2009-11-11,314.04,317.60,312.26,314.04,1693650,https://stooq.com/q/d/l/?s=1803.jp&i=d,2026-03-26T08:35:00+00:00
1803,1803.T,1803.jp,2009-11-12,314.92,317.60,297.10,302.44,6633361,https://stooq.com/q/d/l/?s=1803.jp&i=d,2026-03-26T08:35:00+00:00
1803,1803.T,1803.jp,2009-11-13,302.44,303.35,296.19,297.10,4018351,https://stooq.com/q/d/l/?s=1803.jp&i=d,2026-03-26T08:35:00+00:00
1803,1803.T,1803.jp,2009-11-16,296.19,297.10,291.73,294.40,3804265,https://stooq.com/q/d/l/?s=1803.jp&i=d,2026-03-26T08:35:00+00:00
1803,1803.T,1803.jp,2009-11-17,295.31,295.31,287.27,289.94,3771758,https://stooq.com/q/d/l/?s=1803.jp&i=d,2026-03-26T08:35:00+00:00
1803,1803.T,1803.jp,2009-11-18,289.94,291.73,281.90,283.71,4128198,https://stooq.com/q/d/l/?s=1803.jp&i=d,2026-03-26T08:35:00+00:00
1803,1803.T,1803.jp,2009-11-19,282.82,283.71,272.09,276.57,4901604,https://stooq.com/q/d/l/?s=1803.jp&i=d,2026-03-26T08:35:00+00:00
1803,1803.T,1803.jp,2009-11-20,272.09,281.03,272.09,278.35,3465758,https://stooq.com/q/d/l/?s=1803.jp&i=d,2026-03-26T08:35:00+00:00
1803,1803.T,1803.jp,2009-11-24,281.03,281.90,269.43,273.00,2733826,https://stooq.com/q/d/l/?s=1803.jp&i=d,2026-03-26T08:35:00+00:00
1803,1803.T,1803.jp,2009-11-25,274.79,274.79,267.64,269.43,3697780,https://stooq.com/q/d/l/?s=1803.jp&i=d,2026-03-26T08:35:00+00:00
1803,1803.T,1803.jp,2009-11-26,264.98,273.00,264.08,269.43,3088024,https://stooq.com/q/d/l/?s=1803.jp&i=d,2026-03-26T08:35:00+00:00
1803,1803.T,1803.jp,2009-11-27,251.57,261.39,233.73,258.73,18103318,https://stooq.com/q/d/l/?s=1803.jp&i=d,2026-03-26T08:35:00+00:00
1803,1803.T,1803.jp,2009-11-30,259.63,266.75,256.03,266.75,7820374,https://stooq.com/q/d/l/?s=1803.jp&i=d,2026-03-26T08:35:00+00:00
1803,1803.T,1803.jp,2009-12-01,263.18,271.19,261.39,268.53,6618792,https://stooq.com/q/d/l/?s=1803.jp&i=d,2026-03-26T08:35:00+00:00
1803,1803.T,1803.jp,2009-12-02,266.75,270.32,261.39,262.29,4171912,https://stooq.com/q/d/l/?s=1803.jp&i=d,2026-03-26T08:35:00+00:00
1803,1803.T,1803.jp,2009-12-03,264.98,281.90,263.18,281.03,5982132,https://stooq.com/q/d/l/?s=1803.jp&i=d,2026-03-26T08:35:00+00:00
1803,1803.T,1803.jp,2009-12-04,276.57,281.03,275.68,278.35,5308483,https://stooq.com/q/d/l/?s=1803.jp&i=d,2026-03-26T08:35:00+00:00
1803,1803.T,1803.jp,2009-12-07,285.48,289.07,281.90,283.71,4322108,https://stooq.com/q/d/l/?s=1803.jp&i=d,2026-03-26T08:35:00+00:00
1803,1803.T,1803.jp,2009-12-08,279.24,284.58,276.57,278.35,2778658,https://stooq.com/q/d/l/?s=1803.jp&i=d,2026-03-26T08:35:00+00:00
1803,1803.T,1803.jp,2009-12-09,273.89,276.57,267.64,268.53,3926438,https://stooq.com/q/d/l/?s=1803.jp&i=d,2026-03-26T08:35:00+00:00
1803,1803.T,1803.jp,2009-12-10,276.57,276.57,264.98,266.75,3599143,https://stooq.com/q/d/l/?s=1803.jp&i=d,2026-03-26T08:35:00+00:00
1803,1803.T,1803.jp,2009-12-11,264.98,275.68,264.08,274.79,6597495,https://stooq.com/q/d/l/?s=1803.jp&i=d,2026-03-26T08:35:00+00:00
1803,1803.T,1803.jp,2009-12-14,271.19,286.38,268.53,280.13,6735362,https://stooq.com/q/d/l/?s=1803.jp&i=d,2026-03-26T08:35:00+00:00
1803,1803.T,1803.jp,2009-12-15,276.57,279.24,269.43,270.32,3411954,https://stooq.com/q/d/l/?s=1803.jp&i=d,2026-03-26T08:35:00+00:00
1803,1803.T,1803.jp,2009-12-16,279.24,282.82,276.57,278.35,3120526,https://stooq.com/q/d/l/?s=1803.jp&i=d,2026-03-26T08:35:00+00:00
1803,1803.T,1803.jp,2009-12-17,281.90,284.58,280.13,282.82,2246243,https://stooq.com/q/d/l/?s=1803.jp&i=d,2026-03-26T08:35:00+00:00
1803,1803.T,1803.jp,2009-12-18,278.35,283.71,277.47,280.13,2611648,https://stooq.com/q/d/l/?s=1803.jp&i=d,2026-03-26T08:35:00+00:00
1803,1803.T,1803.jp,2009-12-21,281.03,282.82,278.35,280.13,1577075,https://stooq.com/q/d/l/?s=1803.jp&i=d,2026-03-26T08:35:00+00:00
1803,1803.T,1803.jp,2009-12-22,282.82,289.94,281.90,289.07,3276330,https://stooq.com/q/d/l/?s=1803.jp&i=d,2026-03-26T08:35:00+00:00
1803,1803.T,1803.jp,2009-12-24,296.19,297.99,293.52,295.31,3362636,https://stooq.com/q/d/l/?s=1803.jp&i=d,2026-03-26T08:35:00+00:00
1803,1803.T,1803.jp,2009-12-25,298.87,298.87,290.83,293.52,2282109,https://stooq.com/q/d/l/?s=1803.jp&i=d,2026-03-26T08:35:00+00:00
1803,1803.T,1803.jp,2009-12-28,292.63,301.55,291.73,298.87,2019825,https://stooq.com/q/d/l/?s=1803.jp&i=d,2026-03-26T08:35:00+00:00
1803,1803.T,1803.jp,2009-12-29,300.67,303.35,297.99,297.99,2061298,https://stooq.com/q/d/l/?s=1803.jp&i=d,2026-03-26T08:35:00+00:00
1803,1803.T,1803.jp,2009-12-30,298.87,299.77,294.40,297.10,1508702,https://stooq.com/q/d/l/?s=1803.jp&i=d,2026-03-26T08:35:00+00:00
1803,1803.T,1803.jp,2010-01-04,297.10,300.67,296.19,297.10,1166835,https://stooq.com/q/d/l/?s=1803.jp&i=d,2026-03-26T08:35:00+00:00
1803,1803.T,1803.jp,2010-01-05,304.19,305.11,299.77,302.44,4188724,https://stooq.com/q/d/l/?s=1803.jp&i=d,2026-03-26T08:35:00+00:00
1803,1803.T,1803.jp,2010-01-06,305.11,314.04,304.19,313.16,4129319,https://stooq.com/q/d/l/?s=1803.jp&i=d,2026-03-26T08:35:00+00:00
1803,1803.T,1803.jp,2010-01-07,312.26,318.49,309.57,314.04,3995934,https://stooq.com/q/d/l/?s=1803.jp&i=d,2026-03-26T08:35:00+00:00
1803,1803.T,1803.jp,2010-01-08,321.18,328.29,314.92,324.76,8203715,https://stooq.com/q/d/l/?s=1803.jp&i=d,2026-03-26T08:35:00+00:00
1803,1803.T,1803.jp,2010-01-12,327.42,329.20,321.18,326.52,4806329,https://stooq.com/q/d/l/?s=1803.jp&i=d,2026-03-26T08:35:00+00:00
1803,1803.T,1803.jp,2010-01-13,323.85,328.29,322.08,324.76,3787451,https://stooq.com/q/d/l/?s=1803.jp&i=d,2026-03-26T08:35:00+00:00
1803,1803.T,1803.jp,2010-01-14,329.20,331.88,326.52,330.10,3643979,https://stooq.com/q/d/l/?s=1803.jp&i=d,2026-03-26T08:35:00+00:00
1803,1803.T,1803.jp,2010-01-15,334.56,338.11,323.85,327.42,6418156,https://stooq.com/q/d/l/?s=1803.jp&i=d,2026-03-26T08:35:00+00:00
1803,1803.T,1803.jp,2010-01-18,323.85,325.63,316.73,324.76,3777364,https://stooq.com/q/d/l/?s=1803.jp&i=d,2026-03-26T08:35:00+00:00
1803,1803.T,1803.jp,2010-01-19,325.63,326.52,320.27,321.18,2393078,https://stooq.com/q/d/l/?s=1803.jp&i=d,2026-03-26T08:35:00+00:00
1803,1803.T,1803.jp,2010-01-20,327.42,328.29,323.85,325.63,2394198,https://stooq.com/q/d/l/?s=1803.jp&i=d,2026-03-26T08:35:00+00:00
1803,1803.T,1803.jp,2010-01-21,325.63,334.56,321.18,327.42,6634483,https://stooq.com/q/d/l/?s=1803.jp&i=d,2026-03-26T08:35:00+00:00
1803,1803.T,1803.jp,2010-01-22,320.27,328.29,318.49,321.18,4697603,https://stooq.com/q/d/l/?s=1803.jp&i=d,2026-03-26T08:35:00+00:00
1803,1803.T,1803.jp,2010-01-25,316.73,324.76,312.26,321.18,5148197,https://stooq.com/q/d/l/?s=1803.jp&i=d,2026-03-26T08:35:00+00:00
1803,1803.T,1803.jp,2010-01-26,317.60,322.08,308.69,310.45,5356680,https://stooq.com/q/d/l/?s=1803.jp&i=d,2026-03-26T08:35:00+00:00
1803,1803.T,1803.jp,2010-01-27,310.45,314.04,306.90,307.78,2222704,https://stooq.com/q/d/l/?s=1803.jp&i=d,2026-03-26T08:35:00+00:00
1803,1803.T,1803.jp,2010-01-28,307.78,314.92,305.11,313.16,2165538,https://stooq.com/q/d/l/?s=1803.jp&i=d,2026-03-26T08:35:00+00:00
1803,1803.T,1803.jp,2010-01-29,308.69,309.57,304.19,306.90,3270724,https://stooq.com/q/d/l/?s=1803.jp&i=d,2026-03-26T08:35:00+00:00
1803,1803.T,1803.jp,2010-02-01,306.90,310.45,301.55,309.57,2802196,https://stooq.com/q/d/l/?s=1803.jp&i=d,2026-03-26T08:35:00+00:00
1803,1803.T,1803.jp,2010-02-02,308.69,310.45,304.19,306.90,2379625,https://stooq.com/q/d/l/?s=1803.jp&i=d,2026-03-26T08:35:00+00:00
1803,1803.T,1803.jp,2010-02-03,308.69,316.73,307.78,313.16,2499560,https://stooq.com/q/d/l/?s=1803.jp&i=d,2026-03-26T08:35:00+00:00
1803,1803.T,1803.jp,2010-02-04,314.04,319.40,312.26,314.92,2048967,https://stooq.com/q/d/l/?s=1803.jp&i=d,2026-03-26T08:35:00+00:00
1803,1803.T,1803.jp,2010-02-05,305.11,307.78,299.77,302.44,3880480,https://stooq.com/q/d/l/?s=1803.jp&i=d,2026-03-26T08:35:00+00:00
1803,1803.T,1803.jp,2010-02-08,298.87,303.35,295.31,300.67,2662088,https://stooq.com/q/d/l/?s=1803.jp&i=d,2026-03-26T08:35:00+00:00
1803,1803.T,1803.jp,2010-02-09,293.52,299.77,293.52,296.19,2521978,https://stooq.com/q/d/l/?s=1803.jp&i=d,2026-03-26T08:35:00+00:00
1803,1803.T,1803.jp,2010-02-10,294.40,313.16,290.83,306.00,7081714,https://stooq.com/q/d/l/?s=1803.jp&i=d,2026-03-26T08:35:00+00:00
1803,1803.T,1803.jp,2010-02-12,310.45,310.45,302.44,305.11,3946616,https://stooq.com/q/d/l/?s=1803.jp&i=d,2026-03-26T08:35:00+00:00
1803,1803.T,1803.jp,2010-02-15,305.11,307.78,298.87,300.67,2446880,https://stooq.com/q/d/l/?s=1803.jp&i=d,2026-03-26T08:35:00+00:00
1803,1803.T,1803.jp,2010-02-16,298.87,301.55,296.19,298.87,2090440,https://stooq.com/q/d/l/?s=1803.jp&i=d,2026-03-26T08:35:00+00:00
1803,1803.T,1803.jp,2010-02-17,302.44,314.92,301.55,313.16,3842373,https://stooq.com/q/d/l/?s=1803.jp&i=d,2026-03-26T08:35:00+00:00
1803,1803.T,1803.jp,2010-02-18,309.57,313.16,306.90,312.26,3305473,https://stooq.com/q/d/l/?s=1803.jp&i=d,2026-03-26T08:35:00+00:00
1803,1803.T,1803.jp,2010-02-19,309.57,310.45,299.77,301.55,3459032,https://stooq.com/q/d/l/?s=1803.jp&i=d,2026-03-26T08:35:00+00:00
1803,1803.T,1803.jp,2010-02-22,307.78,311.38,304.19,306.00,3640616,https://stooq.com/q/d/l/?s=1803.jp&i=d,2026-03-26T08:35:00+00:00
1803,1803.T,1803.jp,2010-02-23,303.35,314.92,303.35,314.92,3807624,https://stooq.com/q/d/l/?s=1803.jp&i=d,2026-03-26T08:35:00+00:00
1803,1803.T,1803.jp,2010-02-24,307.78,314.04,305.11,306.90,3035340,https://stooq.com/q/d/l/?s=1803.jp&i=d,2026-03-26T08:35:00+00:00
1803,1803.T,1803.jp,2010-02-25,308.69,310.45,305.11,308.69,3504989,https://stooq.com/q/d/l/?s=1803.jp&i=d,2026-03-26T08:35:00+00:00
1803,1803.T,1803.jp,2010-02-26,307.78,311.38,304.19,306.90,2675537,https://stooq.com/q/d/l/?s=1803.jp&i=d,2026-03-26T08:35:00+00:00
1803,1803.T,1803.jp,2010-03-01,310.45,312.26,307.78,307.78,2115100,https://stooq.com/q/d/l/?s=1803.jp&i=d,2026-03-26T08:35:00+00:00
1803,1803.T,1803.jp,2010-03-02,309.57,312.26,306.90,312.26,1727275,https://stooq.com/q/d/l/?s=1803.jp&i=d,2026-03-26T08:35:00+00:00
1803,1803.T,1803.jp,2010-03-03,309.57,312.26,308.69,309.57,1404463,https://stooq.com/q/d/l/?s=1803.jp&i=d,2026-03-26T08:35:00+00:00
1803,1803.T,1803.jp,2010-03-04,310.45,311.38,306.00,306.90,2042243,https://stooq.com/q/d/l/?s=1803.jp&i=d,2026-03-26T08:35:00+00:00
1803,1803.T,1803.jp,2010-03-05,310.45,315.82,309.57,314.04,2636307,https://stooq.com/q/d/l/?s=1803.jp&i=d,2026-03-26T08:35:00+00:00
1803,1803.T,1803.jp,2010-03-08,322.96,322.96,317.60,318.49,3112679,https://stooq.com/q/d/l/?s=1803.jp&i=d,2026-03-26T08:35:00+00:00
1803,1803.T,1803.jp,2010-03-09,318.49,318.49,314.92,315.82,1237450,https://stooq.com/q/d/l/?s=1803.jp&i=d,2026-03-26T08:35:00+00:00
1803,1803.T,1803.jp,2010-03-10,316.73,322.96,316.73,320.27,2248484,https://stooq.com/q/d/l/?s=1803.jp&i=d,2026-03-26T08:35:00+00:00
1803,1803.T,1803.jp,2010-03-11,320.27,328.29,320.27,325.63,2317977,https://stooq.com/q/d/l/?s=1803.jp&i=d,2026-03-26T08:35:00+00:00
1803,1803.T,1803.jp,2010-03-12,331.00,336.36,325.63,333.66,7153449,https://stooq.com/q/d/l/?s=1803.jp&i=d,2026-03-26T08:35:00+00:00
1803,1803.T,1803.jp,2010-03-15,338.11,338.11,330.10,334.56,2129671,https://stooq.com/q/d/l/?s=1803.jp&i=d,2026-03-26T08:35:00+00:00
1803,1803.T,1803.jp,2010-03-16,332.78,339.02,331.00,337.23,2100527,https://stooq.com/q/d/l/?s=1803.jp&i=d,2026-03-26T08:35:00+00:00
1803,1803.T,1803.jp,2010-03-17,338.11,353.29,338.11,351.51,4646043,https://stooq.com/q/d/l/?s=1803.jp&i=d,2026-03-26T08:35:00+00:00
1803,1803.T,1803.jp,2010-03-18,347.94,349.74,339.02,339.91,3076812,https://stooq.com/q/d/l/?s=1803.jp&i=d,2026-03-26T08:35:00+00:00
1803,1803.T,1803.jp,2010-03-19,345.27,346.16,338.11,341.69,1749692,https://stooq.com/q/d/l/?s=1803.jp&i=d,2026-03-26T08:35:00+00:00
1803,1803.T,1803.jp,2010-03-23,339.91,339.91,333.66,336.36,2226066,https://stooq.com/q/d/l/?s=1803.jp&i=d,2026-03-26T08:35:00+00:00
1803,1803.T,1803.jp,2010-03-24,337.23,343.47,337.23,342.58,1927912,https://stooq.com/q/d/l/?s=1803.jp&i=d,2026-03-26T08:35:00+00:00
1803,1803.T,1803.jp,2010-03-25,343.47,345.27,339.02,343.47,2260813,https://stooq.com/q/d/l/?s=1803.jp&i=d,2026-03-26T08:35:00+00:00
1803,1803.T,1803.jp,2010-03-26,344.38,350.61,341.69,349.74,3861428,https://stooq.com/q/d/l/?s=1803.jp&i=d,2026-03-26T08:35:00+00:00
1803,1803.T,1803.jp,2010-03-29,347.06,352.40,342.58,351.51,2037757,https://stooq.com/q/d/l/?s=1803.jp&i=d,2026-03-26T08:35:00+00:00
1803,1803.T,1803.jp,2010-03-30,351.51,355.08,347.94,349.74,2276504,https://stooq.com/q/d/l/?s=1803.jp&i=d,2026-03-26T08:35:00+00:00
1803,1803.T,1803.jp,2010-03-31,350.61,353.29,345.27,347.94,4025077,https://stooq.com/q/d/l/?s=1803.jp&i=d,2026-03-26T08:35:00+00:00
1803,1803.T,1803.jp,2010-04-01,352.40,354.19,347.94,349.74,3580087,https://stooq.com/q/d/l/?s=1803.jp&i=d,2026-03-26T08:35:00+00:00
1803,1803.T,1803.jp,2010-04-02,349.74,351.51,348.83,351.51,2391956,https://stooq.com/q/d/l/?s=1803.jp&i=d,2026-03-26T08:35:00+00:00
1803,1803.T,1803.jp,2010-04-05,355.97,363.99,354.19,362.21,2796592,https://stooq.com/q/d/l/?s=1803.jp&i=d,2026-03-26T08:35:00+00:00
1803,1803.T,1803.jp,2010-04-06,362.21,362.21,355.08,356.86,2003011,https://stooq.com/q/d/l/?s=1803.jp&i=d,2026-03-26T08:35:00+00:00
1803,1803.T,1803.jp,2010-04-07,360.43,365.78,359.54,361.31,2715892,https://stooq.com/q/d/l/?s=1803.jp&i=d,2026-03-26T08:35:00+00:00
1803,1803.T,1803.jp,2010-04-08,362.21,368.47,358.65,358.65,4540683,https://stooq.com/q/d/l/?s=1803.jp&i=d,2026-03-26T08:35:00+00:00
1803,1803.T,1803.jp,2010-04-09,356.86,359.54,355.97,356.86,3724681,https://stooq.com/q/d/l/?s=1803.jp&i=d,2026-03-26T08:35:00+00:00
1803,1803.T,1803.jp,2010-04-12,358.65,363.99,357.75,358.65,2686747,https://stooq.com/q/d/l/?s=1803.jp&i=d,2026-03-26T08:35:00+00:00
1803,1803.T,1803.jp,2010-04-13,357.75,358.65,351.51,352.40,3917472,https://stooq.com/q/d/l/?s=1803.jp&i=d,2026-03-26T08:35:00+00:00
1803,1803.T,1803.jp,2010-04-14,355.08,357.75,350.61,354.19,4312023,https://stooq.com/q/d/l/?s=1803.jp&i=d,2026-03-26T08:35:00+00:00
1803,1803.T,1803.jp,2010-04-15,347.94,353.29,340.80,352.40,7005494,https://stooq.com/q/d/l/?s=1803.jp&i=d,2026-03-26T08:35:00+00:00
1803,1803.T,1803.jp,2010-04-16,347.94,348.83,338.11,339.02,6696133,https://stooq.com/q/d/l/?s=1803.jp&i=d,2026-03-26T08:35:00+00:00
1803,1803.T,1803.jp,2010-04-19,337.23,338.11,332.78,333.66,4530593,https://stooq.com/q/d/l/?s=1803.jp&i=d,2026-03-26T08:35:00+00:00
1803,1803.T,1803.jp,2010-04-20,332.78,336.36,330.10,331.00,3637252,https://stooq.com/q/d/l/?s=1803.jp&i=d,2026-03-26T08:35:00+00:00
1803,1803.T,1803.jp,2010-04-21,334.56,337.23,332.78,337.23,4305297,https://stooq.com/q/d/l/?s=1803.jp&i=d,2026-03-26T08:35:00+00:00
1803,1803.T,1803.jp,2010-04-22,332.78,335.46,328.29,333.66,4273910,https://stooq.com/q/d/l/?s=1803.jp&i=d,2026-03-26T08:35:00+00:00
1803,1803.T,1803.jp,2010-04-23,330.10,332.78,328.29,330.10,2652000,https://stooq.com/q/d/l/?s=1803.jp&i=d,2026-03-26T08:35:00+00:00
1803,1803.T,1803.jp,2010-04-26,335.46,339.91,334.56,335.46,3623802,https://stooq.com/q/d/l/?s=1803.jp&i=d,2026-03-26T08:35:00+00:00
1803,1803.T,1803.jp,2010-04-27,337.23,342.58,336.36,341.69,5080947,https://stooq.com/q/d/l/?s=1803.jp&i=d,2026-03-26T08:35:00+00:00
1803,1803.T,1803.jp,2010-04-28,332.78,333.66,325.63,326.52,4305297,https://stooq.com/q/d/l/?s=1803.jp&i=d,2026-03-26T08:35:00+00:00
1803,1803.T,1803.jp,2010-04-30,331.88,336.36,328.29,336.36,4231319,https://stooq.com/q/d/l/?s=1803.jp&i=d,2026-03-26T08:35:00+00:00
1803,1803.T,1803.jp,2010-05-06,329.20,330.10,322.08,322.96,2783143,https://stooq.com/q/d/l/?s=1803.jp&i=d,2026-03-26T08:35:00+00:00
1803,1803.T,1803.jp,2010-05-07,315.82,316.73,310.45,312.26,3547582,https://stooq.com/q/d/l/?s=1803.jp&i=d,2026-03-26T08:35:00+00:00
1803,1803.T,1803.jp,2010-05-10,310.45,317.60,308.69,316.73,2947913,https://stooq.com/q/d/l/?s=1803.jp&i=d,2026-03-26T08:35:00+00:00
1803,1803.T,1803.jp,2010-05-11,322.08,322.08,306.90,309.57,3679846,https://stooq.com/q/d/l/?s=1803.jp&i=d,2026-03-26T08:35:00+00:00
1803,1803.T,1803.jp,2010-05-12,310.45,316.73,310.45,311.38,2528702,https://stooq.com/q/d/l/?s=1803.jp&i=d,2026-03-26T08:35:00+00:00
1803,1803.T,1803.jp,2010-05-13,315.82,317.60,310.45,310.45,3278573,https://stooq.com/q/d/l/?s=1803.jp&i=d,2026-03-26T08:35:00+00:00
1803,1803.T,1803.jp,2010-05-14,306.90,307.78,296.19,298.87,8900901,https://stooq.com/q/d/l/?s=1803.jp&i=d,2026-03-26T08:35:00+00:00
1803,1803.T,1803.jp,2010-05-17,293.52,294.40,288.16,293.52,4479033,https://stooq.com/q/d/l/?s=1803.jp&i=d,2026-03-26T08:35:00+00:00
1803,1803.T,1803.jp,2010-05-18,294.40,295.31,286.38,287.27,3516198,https://stooq.com/q/d/l/?s=1803.jp&i=d,2026-03-26T08:35:00+00:00
1803,1803.T,1803.jp,2010-05-19,286.38,295.31,285.48,295.31,5252440,https://stooq.com/q/d/l/?s=1803.jp&i=d,2026-03-26T08:35:00+00:00
1803,1803.T,1803.jp,2010-05-20,290.83,292.63,285.48,287.27,4218988,https://stooq.com/q/d/l/?s=1803.jp&i=d,2026-03-26T08:35:00+00:00
1803,1803.T,1803.jp,2010-05-21,281.03,281.90,275.68,278.35,5978768,https://stooq.com/q/d/l/?s=1803.jp&i=d,2026-03-26T08:35:00+00:00
1803,1803.T,1803.jp,2010-05-24,276.57,276.57,271.19,274.79,4638200,https://stooq.com/q/d/l/?s=1803.jp&i=d,2026-03-26T08:35:00+00:00
1803,1803.T,1803.jp,2010-05-25,275.68,275.68,268.53,270.32,3169848,https://stooq.com/q/d/l/?s=1803.jp&i=d,2026-03-26T08:35:00+00:00
1803,1803.T,1803.jp,2010-05-26,276.57,283.71,274.79,279.24,6448415,https://stooq.com/q/d/l/?s=1803.jp&i=d,2026-03-26T08:35:00+00:00
1803,1803.T,1803.jp,2010-05-27,274.79,280.13,273.00,277.47,5491187,https://stooq.com/q/d/l/?s=1803.jp&i=d,2026-03-26T08:35:00+00:00
1803,1803.T,1803.jp,2010-05-28,281.03,283.71,278.35,279.24,4007142,https://stooq.com/q/d/l/?s=1803.jp&i=d,2026-03-26T08:35:00+00:00
1803,1803.T,1803.jp,2010-05-31,277.47,287.27,277.47,284.58,3633891,https://stooq.com/q/d/l/?s=1803.jp&i=d,2026-03-26T08:35:00+00:00
1803,1803.T,1803.jp,2010-06-01,284.58,287.27,280.13,284.58,3008440,https://stooq.com/q/d/l/?s=1803.jp&i=d,2026-03-26T08:35:00+00:00
1803,1803.T,1803.jp,2010-06-02,280.13,281.03,273.89,275.68,4655011,https://stooq.com/q/d/l/?s=1803.jp&i=d,2026-03-26T08:35:00+00:00
1803,1803.T,1803.jp,2010-06-03,279.24,283.71,279.24,281.90,4918417,https://stooq.com/q/d/l/?s=1803.jp&i=d,2026-03-26T08:35:00+00:00
1803,1803.T,1803.jp,2010-06-04,281.90,285.48,279.24,280.13,2896352,https://stooq.com/q/d/l/?s=1803.jp&i=d,2026-03-26T08:35:00+00:00
1803,1803.T,1803.jp,2010-06-07,273.89,276.57,271.19,273.00,3603625,https://stooq.com/q/d/l/?s=1803.jp&i=d,2026-03-26T08:35:00+00:00
1803,1803.T,1803.jp,2010-06-08,268.53,272.09,268.53,270.32,1875231,https://stooq.com/q/d/l/?s=1803.jp&i=d,2026-03-26T08:35:00+00:00
1803,1803.T,1803.jp,2010-06-09,270.32,273.89,269.43,273.00,4294085,https://stooq.com/q/d/l/?s=1803.jp&i=d,2026-03-26T08:35:00+00:00
1803,1803.T,1803.jp,2010-06-10,272.09,274.79,270.32,273.89,2103891,https://stooq.com/q/d/l/?s=1803.jp&i=d,2026-03-26T08:35:00+00:00
1803,1803.T,1803.jp,2010-06-11,280.13,282.82,276.57,276.57,6047143,https://stooq.com/q/d/l/?s=1803.jp&i=d,2026-03-26T08:35:00+00:00
1803,1803.T,1803.jp,2010-06-14,279.24,283.71,279.24,282.82,2229427,https://stooq.com/q/d/l/?s=1803.jp&i=d,2026-03-26T08:35:00+00:00
1803,1803.T,1803.jp,2010-06-15,285.48,285.48,281.90,283.71,2220461,https://stooq.com/q/d/l/?s=1803.jp&i=d,2026-03-26T08:35:00+00:00
1803,1803.T,1803.jp,2010-06-16,287.27,291.73,285.48,289.07,2974815,https://stooq.com/q/d/l/?s=1803.jp&i=d,2026-03-26T08:35:00+00:00
1803,1803.T,1803.jp,2010-06-17,286.38,292.63,286.38,287.27,2960244,https://stooq.com/q/d/l/?s=1803.jp&i=d,2026-03-26T08:35:00+00:00
1803,1803.T,1803.jp,2010-06-18,289.07,289.07,283.71,285.48,1951450,https://stooq.com/q/d/l/?s=1803.jp&i=d,2026-03-26T08:35:00+00:00
1803,1803.T,1803.jp,2010-06-21,290.83,297.99,289.07,297.10,3128372,https://stooq.com/q/d/l/?s=1803.jp&i=d,2026-03-26T08:35:00+00:00
1803,1803.T,1803.jp,2010-06-22,296.19,299.77,295.31,296.19,2900835,https://stooq.com/q/d/l/?s=1803.jp&i=d,2026-03-26T08:35:00+00:00
1803,1803.T,1803.jp,2010-06-23,296.19,297.10,289.94,291.73,1686922,https://stooq.com/q/d/l/?s=1803.jp&i=d,2026-03-26T08:35:00+00:00
1803,1803.T,1803.jp,2010-06-24,291.73,296.19,291.73,293.52,1238572,https://stooq.com/q/d/l/?s=1803.jp&i=d,2026-03-26T08:35:00+00:00
1803,1803.T,1803.jp,2010-06-25,289.94,289.94,284.58,287.27,2026550,https://stooq.com/q/d/l/?s=1803.jp&i=d,2026-03-26T08:35:00+00:00
1803,1803.T,1803.jp,2010-06-28,287.27,289.07,285.48,287.27,1308066,https://stooq.com/q/d/l/?s=1803.jp&i=d,2026-03-26T08:35:00+00:00
1803,1803.T,1803.jp,2010-06-29,286.38,287.27,279.24,280.13,1852814,https://stooq.com/q/d/l/?s=1803.jp&i=d,2026-03-26T08:35:00+00:00
1803,1803.T,1803.jp,2010-06-30,273.89,275.68,273.00,273.00,1652175,https://stooq.com/q/d/l/?s=1803.jp&i=d,2026-03-26T08:35:00+00:00
1803,1803.T,1803.jp,2010-07-01,272.09,273.89,268.53,273.00,2993869,https://stooq.com/q/d/l/?s=1803.jp&i=d,2026-03-26T08:35:00+00:00
1803,1803.T,1803.jp,2010-07-02,275.68,276.57,271.19,272.09,1904374,https://stooq.com/q/d/l/?s=1803.jp&i=d,2026-03-26T08:35:00+00:00
1803,1803.T,1803.jp,2010-07-05,272.09,274.79,270.32,270.32,1265472,https://stooq.com/q/d/l/?s=1803.jp&i=d,2026-03-26T08:35:00+00:00
1803,1803.T,1803.jp,2010-07-06,270.32,276.57,268.53,274.79,1726154,https://stooq.com/q/d/l/?s=1803.jp&i=d,2026-03-26T08:35:00+00:00
1803,1803.T,1803.jp,2010-07-07,274.79,275.68,271.19,273.00,1433606,https://stooq.com/q/d/l/?s=1803.jp&i=d,2026-03-26T08:35:00+00:00
1803,1803.T,1803.jp,2010-07-08,280.13,284.58,278.35,284.58,1697010,https://stooq.com/q/d/l/?s=1803.jp&i=d,2026-03-26T08:35:00+00:00
1803,1803.T,1803.jp,2010-07-09,289.07,289.94,285.48,289.07,2783143,https://stooq.com/q/d/l/?s=1803.jp&i=d,2026-03-26T08:35:00+00:00
1803,1803.T,1803.jp,2010-07-12,289.07,290.83,283.71,285.48,3154155,https://stooq.com/q/d/l/?s=1803.jp&i=d,2026-03-26T08:35:00+00:00
1803,1803.T,1803.jp,2010-07-13,289.07,289.94,286.38,289.07,1568110,https://stooq.com/q/d/l/?s=1803.jp&i=d,2026-03-26T08:35:00+00:00
1803,1803.T,1803.jp,2010-07-14,294.40,297.10,293.52,297.10,1777715,https://stooq.com/q/d/l/?s=1803.jp&i=d,2026-03-26T08:35:00+00:00
1803,1803.T,1803.jp,2010-07-15,295.31,295.31,291.73,293.52,1435847,https://stooq.com/q/d/l/?s=1803.jp&i=d,2026-03-26T08:35:00+00:00
1803,1803.T,1803.jp,2010-07-16,289.94,290.83,286.38,288.16,1981715,https://stooq.com/q/d/l/?s=1803.jp&i=d,2026-03-26T08:35:00+00:00
1803,1803.T,1803.jp,2010-07-20,285.48,291.73,282.82,289.94,2543275,https://stooq.com/q/d/l/?s=1803.jp&i=d,2026-03-26T08:35:00+00:00
1803,1803.T,1803.jp,2010-07-21,289.94,290.83,283.71,284.58,1887560,https://stooq.com/q/d/l/?s=1803.jp&i=d,2026-03-26T08:35:00+00:00
1803,1803.T,1803.jp,2010-07-22,281.90,289.07,281.03,288.16,2414374,https://stooq.com/q/d/l/?s=1803.jp&i=d,2026-03-26T08:35:00+00:00
1803,1803.T,1803.jp,2010-07-23,295.31,297.10,292.63,295.31,3136220,https://stooq.com/q/d/l/?s=1803.jp&i=d,2026-03-26T08:35:00+00:00
1803,1803.T,1803.jp,2010-07-26,297.10,301.55,295.31,297.99,1537847,https://stooq.com/q/d/l/?s=1803.jp&i=d,2026-03-26T08:35:00+00:00
1803,1803.T,1803.jp,2010-07-27,297.99,299.77,296.19,297.10,1180286,https://stooq.com/q/d/l/?s=1803.jp&i=d,2026-03-26T08:35:00+00:00
1803,1803.T,1803.jp,2010-07-28,299.77,302.44,297.99,301.55,2842549,https://stooq.com/q/d/l/?s=1803.jp&i=d,2026-03-26T08:35:00+00:00
1803,1803.T,1803.jp,2010-07-29,296.19,301.55,295.31,297.99,2250725,https://stooq.com/q/d/l/?s=1803.jp&i=d,2026-03-26T08:35:00+00:00
1803,1803.T,1803.jp,2010-07-30,297.99,297.99,290.83,291.73,2075869,https://stooq.com/q/d/l/?s=1803.jp&i=d,2026-03-26T08:35:00+00:00
1803,1803.T,1803.jp,2010-08-02,290.83,296.19,288.16,289.07,2057935,https://stooq.com/q/d/l/?s=1803.jp&i=d,2026-03-26T08:35:00+00:00
1803,1803.T,1803.jp,2010-08-03,291.73,296.19,290.83,294.40,1508702,https://stooq.com/q/d/l/?s=1803.jp&i=d,2026-03-26T08:35:00+00:00
1803,1803.T,1803.jp,2010-08-04,290.83,290.83,286.38,286.38,1705977,https://stooq.com/q/d/l/?s=1803.jp&i=d,2026-03-26T08:35:00+00:00
1803,1803.T,1803.jp,2010-08-05,290.83,297.10,286.38,295.31,2878417,https://stooq.com/q/d/l/?s=1803.jp&i=d,2026-03-26T08:35:00+00:00
1803,1803.T,1803.jp,2010-08-06,292.63,302.44,291.73,299.77,2434551,https://stooq.com/q/d/l/?s=1803.jp&i=d,2026-03-26T08:35:00+00:00
1803,1803.T,1803.jp,2010-08-09,296.19,298.87,294.40,297.10,1137693,https://stooq.com/q/d/l/?s=1803.jp&i=d,2026-03-26T08:35:00+00:00
1803,1803.T,1803.jp,2010-08-10,292.63,299.77,290.83,294.40,3315561,https://stooq.com/q/d/l/?s=1803.jp&i=d,2026-03-26T08:35:00+00:00
1803,1803.T,1803.jp,2010-08-11,289.94,293.52,283.71,287.27,1383163,https://stooq.com/q/d/l/?s=1803.jp&i=d,2026-03-26T08:35:00+00:00
1803,1803.T,1803.jp,2010-08-12,281.90,285.48,280.13,285.48,1554658,https://stooq.com/q/d/l/?s=1803.jp&i=d,2026-03-26T08:35:00+00:00
1803,1803.T,1803.jp,2010-08-13,283.71,288.16,281.90,284.58,1912218,https://stooq.com/q/d/l/?s=1803.jp&i=d,2026-03-26T08:35:00+00:00
1803,1803.T,1803.jp,2010-08-16,281.90,281.90,277.47,281.03,2677780,https://stooq.com/q/d/l/?s=1803.jp&i=d,2026-03-26T08:35:00+00:00
1803,1803.T,1803.jp,2010-08-17,276.57,281.90,276.57,281.03,1629759,https://stooq.com/q/d/l/?s=1803.jp&i=d,2026-03-26T08:35:00+00:00
1803,1803.T,1803.jp,2010-08-18,284.58,287.27,280.13,285.48,1855057,https://stooq.com/q/d/l/?s=1803.jp&i=d,2026-03-26T08:35:00+00:00
1803,1803.T,1803.jp,2010-08-19,283.71,289.07,283.71,286.38,1484046,https://stooq.com/q/d/l/?s=1803.jp&i=d,2026-03-26T08:35:00+00:00
1803,1803.T,1803.jp,2010-08-20,282.82,284.58,277.47,277.47,1560263,https://stooq.com/q/d/l/?s=1803.jp&i=d,2026-03-26T08:35:00+00:00
1803,1803.T,1803.jp,2010-08-23,276.57,276.57,273.00,273.00,2027670,https://stooq.com/q/d/l/?s=1803.jp&i=d,2026-03-26T08:35:00+00:00
1803,1803.T,1803.jp,2010-08-24,269.43,272.09,267.64,270.32,1726154,https://stooq.com/q/d/l/?s=1803.jp&i=d,2026-03-26T08:35:00+00:00
1803,1803.T,1803.jp,2010-08-25,271.19,274.79,265.86,268.53,2909802,https://stooq.com/q/d/l/?s=1803.jp&i=d,2026-03-26T08:35:00+00:00
1803,1803.T,1803.jp,2010-08-26,271.19,271.19,262.29,265.86,2808923,https://stooq.com/q/d/l/?s=1803.jp&i=d,2026-03-26T08:35:00+00:00
1803,1803.T,1803.jp,2010-08-27,263.18,273.89,262.29,273.00,2288836,https://stooq.com/q/d/l/?s=1803.jp&i=d,2026-03-26T08:35:00+00:00
1803,1803.T,1803.jp,2010-08-30,277.47,281.90,275.68,276.57,1398855,https://stooq.com/q/d/l/?s=1803.jp&i=d,2026-03-26T08:35:00+00:00
1803,1803.T,1803.jp,2010-08-31,270.32,272.09,264.98,265.86,1489646,https://stooq.com/q/d/l/?s=1803.jp&i=d,2026-03-26T08:35:00+00:00
1803,1803.T,1803.jp,2010-09-01,268.53,273.00,265.86,273.00,2072505,https://stooq.com/q/d/l/?s=1803.jp&i=d,2026-03-26T08:35:00+00:00
1803,1803.T,1803.jp,2010-09-02,275.68,277.47,271.19,276.57,2710287,https://stooq.com/q/d/l/?s=1803.jp&i=d,2026-03-26T08:35:00+00:00
1803,1803.T,1803.jp,2010-09-03,280.13,281.90,276.57,281.03,1927912,https://stooq.com/q/d/l/?s=1803.jp&i=d,2026-03-26T08:35:00+00:00
1803,1803.T,1803.jp,2010-09-06,283.71,286.38,280.13,286.38,1587164,https://stooq.com/q/d/l/?s=1803.jp&i=d,2026-03-26T08:35:00+00:00
1803,1803.T,1803.jp,2010-09-07,282.82,285.48,282.82,283.71,1117515,https://stooq.com/q/d/l/?s=1803.jp&i=d,2026-03-26T08:35:00+00:00
1803,1803.T,1803.jp,2010-09-08,278.35,280.13,274.79,275.68,1501979,https://stooq.com/q/d/l/?s=1803.jp&i=d,2026-03-26T08:35:00+00:00
1803,1803.T,1803.jp,2010-09-09,280.13,280.13,276.57,278.35,1138811,https://stooq.com/q/d/l/?s=1803.jp&i=d,2026-03-26T08:35:00+00:00
1803,1803.T,1803.jp,2010-09-10,277.47,284.58,276.57,281.90,4026199,https://stooq.com/q/d/l/?s=1803.jp&i=d,2026-03-26T08:35:00+00:00
1803,1803.T,1803.jp,2010-09-13,284.58,287.27,282.82,282.82,1329363,https://stooq.com/q/d/l/?s=1803.jp&i=d,2026-03-26T08:35:00+00:00
1803,1803.T,1803.jp,2010-09-14,281.90,282.82,277.47,278.35,1521033,https://stooq.com/q/d/l/?s=1803.jp&i=d,2026-03-26T08:35:00+00:00
1803,1803.T,1803.jp,2010-09-15,277.47,283.71,273.00,280.13,3088024,https://stooq.com/q/d/l/?s=1803.jp&i=d,2026-03-26T08:35:00+00:00
1803,1803.T,1803.jp,2010-09-16,282.82,283.71,273.89,274.79,3888330,https://stooq.com/q/d/l/?s=1803.jp&i=d,2026-03-26T08:35:00+00:00
1803,1803.T,1803.jp,2010-09-17,276.57,281.90,274.79,279.24,1806858,https://stooq.com/q/d/l/?s=1803.jp&i=d,2026-03-26T08:35:00+00:00
1803,1803.T,1803.jp,2010-09-21,281.03,281.03,274.79,275.68,1512067,https://stooq.com/q/d/l/?s=1803.jp&i=d,2026-03-26T08:35:00+00:00
1803,1803.T,1803.jp,2010-09-22,276.57,280.13,276.57,278.35,1581559,https://stooq.com/q/d/l/?s=1803.jp&i=d,2026-03-26T08:35:00+00:00
1803,1803.T,1803.jp,2010-09-24,278.35,278.35,272.09,273.00,3459032,https://stooq.com/q/d/l/?s=1803.jp&i=d,2026-03-26T08:35:00+00:00
1803,1803.T,1803.jp,2010-09-27,274.79,276.57,273.89,276.57,1169076,https://stooq.com/q/d/l/?s=1803.jp&i=d,2026-03-26T08:35:00+00:00
1803,1803.T,1803.jp,2010-09-28,275.68,276.57,273.89,276.57,926967,https://stooq.com/q/d/l/?s=1803.jp&i=d,2026-03-26T08:35:00+00:00
1803,1803.T,1803.jp,2010-09-29,276.57,280.13,275.68,277.47,3271845,https://stooq.com/q/d/l/?s=1803.jp&i=d,2026-03-26T08:35:00+00:00
1803,1803.T,1803.jp,2010-09-30,276.57,279.24,273.89,275.68,1842724,https://stooq.com/q/d/l/?s=1803.jp&i=d,2026-03-26T08:35:00+00:00
1803,1803.T,1803.jp,2010-10-01,276.57,278.35,273.00,277.47,2798834,https://stooq.com/q/d/l/?s=1803.jp&i=d,2026-03-26T08:35:00+00:00
1803,1803.T,1803.jp,2010-10-04,278.35,279.24,270.32,271.19,2116218,https://stooq.com/q/d/l/?s=1803.jp&i=d,2026-03-26T08:35:00+00:00
1803,1803.T,1803.jp,2010-10-05,271.19,274.79,264.98,270.32,3941011,https://stooq.com/q/d/l/?s=1803.jp&i=d,2026-03-26T08:35:00+00:00
1803,1803.T,1803.jp,2010-10-06,270.32,285.48,270.32,284.58,3571120,https://stooq.com/q/d/l/?s=1803.jp&i=d,2026-03-26T08:35:00+00:00
1803,1803.T,1803.jp,2010-10-07,287.27,295.31,285.48,293.52,4845561,https://stooq.com/q/d/l/?s=1803.jp&i=d,2026-03-26T08:35:00+00:00
1803,1803.T,1803.jp,2010-10-08,294.40,296.19,289.94,291.73,2903077,https://stooq.com/q/d/l/?s=1803.jp&i=d,2026-03-26T08:35:00+00:00
1803,1803.T,1803.jp,2010-10-12,297.10,297.99,286.38,291.73,4563098,https://stooq.com/q/d/l/?s=1803.jp&i=d,2026-03-26T08:35:00+00:00
1803,1803.T,1803.jp,2010-10-13,293.52,296.19,283.71,286.38,3941011,https://stooq.com/q/d/l/?s=1803.jp&i=d,2026-03-26T08:35:00+00:00
1803,1803.T,1803.jp,2010-10-14,291.73,294.40,289.07,293.52,2741670,https://stooq.com/q/d/l/?s=1803.jp&i=d,2026-03-26T08:35:00+00:00
1803,1803.T,1803.jp,2010-10-15,293.52,293.52,285.48,289.07,1976109,https://stooq.com/q/d/l/?s=1803.jp&i=d,2026-03-26T08:35:00+00:00
1803,1803.T,1803.jp,2010-10-18,289.07,290.83,288.16,289.94,1375318,https://stooq.com/q/d/l/?s=1803.jp&i=d,2026-03-26T08:35:00+00:00
1803,1803.T,1803.jp,2010-10-19,290.83,294.40,288.16,289.94,2043363,https://stooq.com/q/d/l/?s=1803.jp&i=d,2026-03-26T08:35:00+00:00
1803,1803.T,1803.jp,2010-10-20,284.58,289.07,282.82,287.27,2464813,https://stooq.com/q/d/l/?s=1803.jp&i=d,2026-03-26T08:35:00+00:00
1803,1803.T,1803.jp,2010-10-21,287.27,289.07,283.71,286.38,1982834,https://stooq.com/q/d/l/?s=1803.jp&i=d,2026-03-26T08:35:00+00:00
1803,1803.T,1803.jp,2010-10-22,289.07,293.52,288.16,291.73,1869625,https://stooq.com/q/d/l/?s=1803.jp&i=d,2026-03-26T08:35:00+00:00
1803,1803.T,1803.jp,2010-10-25,293.52,293.52,288.16,289.07,1875231,https://stooq.com/q/d/l/?s=1803.jp&i=d,2026-03-26T08:35:00+00:00
1803,1803.T,1803.jp,2010-10-26,289.94,293.52,289.07,289.94,1449296,https://stooq.com/q/d/l/?s=1803.jp&i=d,2026-03-26T08:35:00+00:00
1803,1803.T,1803.jp,2010-10-27,292.63,292.63,284.58,285.48,3270724,https://stooq.com/q/d/l/?s=1803.jp&i=d,2026-03-26T08:35:00+00:00
1803,1803.T,1803.jp,2010-10-28,283.71,285.48,280.13,282.82,3098110,https://stooq.com/q/d/l/?s=1803.jp&i=d,2026-03-26T08:35:00+00:00
1803,1803.T,1803.jp,2010-10-29,282.82,282.82,274.79,277.47,3051032,https://stooq.com/q/d/l/?s=1803.jp&i=d,2026-03-26T08:35:00+00:00
1803,1803.T,1803.jp,2010-11-01,275.68,280.13,273.89,274.79,2275385,https://stooq.com/q/d/l/?s=1803.jp&i=d,2026-03-26T08:35:00+00:00
1803,1803.T,1803.jp,2010-11-02,273.00,275.68,271.19,274.79,2025429,https://stooq.com/q/d/l/?s=1803.jp&i=d,2026-03-26T08:35:00+00:00
1803,1803.T,1803.jp,2010-11-04,277.47,285.48,277.47,281.03,2831341,https://stooq.com/q/d/l/?s=1803.jp&i=d,2026-03-26T08:35:00+00:00
1803,1803.T,1803.jp,2010-11-05,286.38,293.52,285.48,289.07,2592594,https://stooq.com/q/d/l/?s=1803.jp&i=d,2026-03-26T08:35:00+00:00
1803,1803.T,1803.jp,2010-11-08,290.83,292.63,289.07,292.63,1738482,https://stooq.com/q/d/l/?s=1803.jp&i=d,2026-03-26T08:35:00+00:00
1803,1803.T,1803.jp,2010-11-09,289.07,291.73,283.71,285.48,3302110,https://stooq.com/q/d/l/?s=1803.jp&i=d,2026-03-26T08:35:00+00:00
1803,1803.T,1803.jp,2010-11-10,289.07,298.87,287.27,296.19,5083186,https://stooq.com/q/d/l/?s=1803.jp&i=d,2026-03-26T08:35:00+00:00
1803,1803.T,1803.jp,2010-11-11,294.40,297.10,290.83,291.73,3188901,https://stooq.com/q/d/l/?s=1803.jp&i=d,2026-03-26T08:35:00+00:00
1803,1803.T,1803.jp,2010-11-12,290.83,294.40,287.27,289.94,3420923,https://stooq.com/q/d/l/?s=1803.jp&i=d,2026-03-26T08:35:00+00:00
1803,1803.T,1803.jp,2010-11-15,289.94,291.73,288.16,288.16,2403164,https://stooq.com/q/d/l/?s=1803.jp&i=d,2026-03-26T08:35:00+00:00
1803,1803.T,1803.jp,2010-11-16,290.83,291.73,285.48,288.16,3048790,https://stooq.com/q/d/l/?s=1803.jp&i=d,2026-03-26T08:35:00+00:00
1803,1803.T,1803.jp,2010-11-17,285.48,290.83,285.48,289.94,1754174,https://stooq.com/q/d/l/?s=1803.jp&i=d,2026-03-26T08:35:00+00:00
1803,1803.T,1803.jp,2010-11-18,290.83,299.77,289.94,298.87,4310901,https://stooq.com/q/d/l/?s=1803.jp&i=d,2026-03-26T08:35:00+00:00
1803,1803.T,1803.jp,2010-11-19,302.44,303.35,297.10,297.99,1673472,https://stooq.com/q/d/l/?s=1803.jp&i=d,2026-03-26T08:35:00+00:00
1803,1803.T,1803.jp,2010-11-22,302.44,304.19,299.77,299.77,1373076,https://stooq.com/q/d/l/?s=1803.jp&i=d,2026-03-26T08:35:00+00:00
1803,1803.T,1803.jp,2010-11-24,298.87,300.67,297.10,298.87,1902131,https://stooq.com/q/d/l/?s=1803.jp&i=d,2026-03-26T08:35:00+00:00
1803,1803.T,1803.jp,2010-11-25,302.44,302.44,297.99,300.67,1980595,https://stooq.com/q/d/l/?s=1803.jp&i=d,2026-03-26T08:35:00+00:00
1803,1803.T,1803.jp,2010-11-26,300.67,305.11,299.77,300.67,1970508,https://stooq.com/q/d/l/?s=1803.jp&i=d,2026-03-26T08:35:00+00:00
1803,1803.T,1803.jp,2010-11-29,299.77,310.45,299.77,308.69,3203473,https://stooq.com/q/d/l/?s=1803.jp&i=d,2026-03-26T08:35:00+00:00
1803,1803.T,1803.jp,2010-11-30,310.45,312.26,298.87,299.77,3622681,https://stooq.com/q/d/l/?s=1803.jp&i=d,2026-03-26T08:35:00+00:00
1803,1803.T,1803.jp,2010-12-01,299.77,304.19,297.99,304.19,2040001,https://stooq.com/q/d/l/?s=1803.jp&i=d,2026-03-26T08:35:00+00:00
1803,1803.T,1803.jp,2010-12-02,308.69,308.69,303.35,306.00,2374022,https://stooq.com/q/d/l/?s=1803.jp&i=d,2026-03-26T08:35:00+00:00
1803,1803.T,1803.jp,2010-12-03,306.00,309.57,305.11,306.90,1760900,https://stooq.com/q/d/l/?s=1803.jp&i=d,2026-03-26T08:35:00+00:00
1803,1803.T,1803.jp,2010-12-06,306.90,307.78,304.19,306.00,1263230,https://stooq.com/q/d/l/?s=1803.jp&i=d,2026-03-26T08:35:00+00:00
1803,1803.T,1803.jp,2010-12-07,303.35,306.90,301.55,305.11,1426879,https://stooq.com/q/d/l/?s=1803.jp&i=d,2026-03-26T08:35:00+00:00
1803,1803.T,1803.jp,2010-12-08,306.00,310.45,305.11,309.57,3198988,https://stooq.com/q/d/l/?s=1803.jp&i=d,2026-03-26T08:35:00+00:00
1803,1803.T,1803.jp,2010-12-09,309.57,312.26,307.78,309.57,2320221,https://stooq.com/q/d/l/?s=1803.jp&i=d,2026-03-26T08:35:00+00:00
1803,1803.T,1803.jp,2010-12-10,314.04,314.04,307.78,310.45,6511187,https://stooq.com/q/d/l/?s=1803.jp&i=d,2026-03-26T08:35:00+00:00
1803,1803.T,1803.jp,2010-12-13,311.38,311.38,307.78,310.45,1514307,https://stooq.com/q/d/l/?s=1803.jp&i=d,2026-03-26T08:35:00+00:00
1803,1803.T,1803.jp,2010-12-14,309.57,311.38,307.78,311.38,2882904,https://stooq.com/q/d/l/?s=1803.jp&i=d,2026-03-26T08:35:00+00:00
1803,1803.T,1803.jp,2010-12-15,312.26,312.26,309.57,310.45,2070265,https://stooq.com/q/d/l/?s=1803.jp&i=d,2026-03-26T08:35:00+00:00
1803,1803.T,1803.jp,2010-12-16,312.26,315.82,310.45,313.16,4129319,https://stooq.com/q/d/l/?s=1803.jp&i=d,2026-03-26T08:35:00+00:00
1803,1803.T,1803.jp,2010-12-17,312.26,315.82,312.26,313.16,2153210,https://stooq.com/q/d/l/?s=1803.jp&i=d,2026-03-26T08:35:00+00:00
1803,1803.T,1803.jp,2010-12-20,314.04,314.92,309.57,311.38,1644328,https://stooq.com/q/d/l/?s=1803.jp&i=d,2026-03-26T08:35:00+00:00
1803,1803.T,1803.jp,2010-12-21,311.38,315.82,311.38,314.04,1558022,https://stooq.com/q/d/l/?s=1803.jp&i=d,2026-03-26T08:35:00+00:00
1803,1803.T,1803.jp,2010-12-22,313.16,318.49,312.26,317.60,2242878,https://stooq.com/q/d/l/?s=1803.jp&i=d,2026-03-26T08:35:00+00:00
1803,1803.T,1803.jp,2010-12-24,318.49,318.49,308.69,309.57,2193561,https://stooq.com/q/d/l/?s=1803.jp&i=d,2026-03-26T08:35:00+00:00
1803,1803.T,1803.jp,2010-12-27,309.57,312.26,308.69,310.45,1135450,https://stooq.com/q/d/l/?s=1803.jp&i=d,2026-03-26T08:35:00+00:00
1803,1803.T,1803.jp,2010-12-28,310.45,310.45,307.78,308.69,941538,https://stooq.com/q/d/l/?s=1803.jp&i=d,2026-03-26T08:35:00+00:00
1803,1803.T,1803.jp,2010-12-29,308.69,314.92,307.78,314.04,1328240,https://stooq.com/q/d/l/?s=1803.jp&i=d,2026-03-26T08:35:00+00:00
1803,1803.T,1803.jp,2010-12-30,310.45,312.26,308.69,309.57,1313671,https://stooq.com/q/d/l/?s=1803.jp&i=d,2026-03-26T08:35:00+00:00
1803,1803.T,1803.jp,2011-01-04,314.92,318.49,313.16,314.92,2270901,https://stooq.com/q/d/l/?s=1803.jp&i=d,2026-03-26T08:35:00+00:00
1803,1803.T,1803.jp,2011-01-05,314.04,316.73,312.26,314.04,2062416,https://stooq.com/q/d/l/?s=1803.jp&i=d,2026-03-26T08:35:00+00:00
1803,1803.T,1803.jp,2011-01-06,320.27,326.52,319.40,324.76,3757187,https://stooq.com/q/d/l/?s=1803.jp&i=d,2026-03-26T08:35:00+00:00
1803,1803.T,1803.jp,2011-01-07,327.42,331.00,323.85,328.29,3222526,https://stooq.com/q/d/l/?s=1803.jp&i=d,2026-03-26T08:35:00+00:00
1803,1803.T,1803.jp,2011-01-11,326.52,328.29,323.85,327.42,1871869,https://stooq.com/q/d/l/?s=1803.jp&i=d,2026-03-26T08:35:00+00:00
1803,1803.T,1803.jp,2011-01-12,330.10,330.10,323.85,324.76,2347121,https://stooq.com/q/d/l/?s=1803.jp&i=d,2026-03-26T08:35:00+00:00
1803,1803.T,1803.jp,2011-01-13,326.52,327.42,323.85,326.52,1812459,https://stooq.com/q/d/l/?s=1803.jp&i=d,2026-03-26T08:35:00+00:00
1803,1803.T,1803.jp,2011-01-14,322.08,325.63,320.27,322.08,3481449,https://stooq.com/q/d/l/?s=1803.jp&i=d,2026-03-26T08:35:00+00:00
1803,1803.T,1803.jp,2011-01-17,323.85,326.52,321.18,322.96,1334968,https://stooq.com/q/d/l/?s=1803.jp&i=d,2026-03-26T08:35:00+00:00
1803,1803.T,1803.jp,2011-01-18,322.08,326.52,322.08,323.85,1311429,https://stooq.com/q/d/l/?s=1803.jp&i=d,2026-03-26T08:35:00+00:00
1803,1803.T,1803.jp,2011-01-19,326.52,326.52,321.18,323.85,1211668,https://stooq.com/q/d/l/?s=1803.jp&i=d,2026-03-26T08:35:00+00:00
1803,1803.T,1803.jp,2011-01-20,321.18,326.52,321.18,325.63,1468351,https://stooq.com/q/d/l/?s=1803.jp&i=d,2026-03-26T08:35:00+00:00
1803,1803.T,1803.jp,2011-01-21,327.42,327.42,321.18,321.18,1963781,https://stooq.com/q/d/l/?s=1803.jp&i=d,2026-03-26T08:35:00+00:00
1803,1803.T,1803.jp,2011-01-24,324.76,325.63,319.40,323.85,1871869,https://stooq.com/q/d/l/?s=1803.jp&i=d,2026-03-26T08:35:00+00:00
1803,1803.T,1803.jp,2011-01-25,325.63,327.42,322.08,326.52,1857295,https://stooq.com/q/d/l/?s=1803.jp&i=d,2026-03-26T08:35:00+00:00
1803,1803.T,1803.jp,2011-01-26,322.96,325.63,322.08,322.96,1525515,https://stooq.com/q/d/l/?s=1803.jp&i=d,2026-03-26T08:35:00+00:00
1803,1803.T,1803.jp,2011-01-27,326.52,328.29,323.85,327.42,1610704,https://stooq.com/q/d/l/?s=1803.jp&i=d,2026-03-26T08:35:00+00:00
1803,1803.T,1803.jp,2011-01-28,327.42,327.42,317.60,321.18,2727099,https://stooq.com/q/d/l/?s=1803.jp&i=d,2026-03-26T08:35:00+00:00
1803,1803.T,1803.jp,2011-01-31,315.82,316.73,311.38,311.38,2182350,https://stooq.com/q/d/l/?s=1803.jp&i=d,2026-03-26T08:35:00+00:00
1803,1803.T,1803.jp,2011-02-01,314.04,314.92,308.69,310.45,2592594,https://stooq.com/q/d/l/?s=1803.jp&i=d,2026-03-26T08:35:00+00:00
1803,1803.T,1803.jp,2011-02-02,311.38,318.49,311.38,314.04,3934285,https://stooq.com/q/d/l/?s=1803.jp&i=d,2026-03-26T08:35:00+00:00
1803,1803.T,1803.jp,2011-02-03,312.26,315.82,309.57,309.57,1619671,https://stooq.com/q/d/l/?s=1803.jp&i=d,2026-03-26T08:35:00+00:00
1803,1803.T,1803.jp,2011-02-04,313.16,315.82,310.45,314.92,2534309,https://stooq.com/q/d/l/?s=1803.jp&i=d,2026-03-26T08:35:00+00:00
1803,1803.T,1803.jp,2011-02-07,315.82,318.49,314.04,314.92,2096042,https://stooq.com/q/d/l/?s=1803.jp&i=d,2026-03-26T08:35:00+00:00
1803,1803.T,1803.jp,2011-02-08,315.82,322.08,313.16,320.27,3943253,https://stooq.com/q/d/l/?s=1803.jp&i=d,2026-03-26T08:35:00+00:00
1803,1803.T,1803.jp,2011-02-09,323.85,323.85,312.26,314.04,4678551,https://stooq.com/q/d/l/?s=1803.jp&i=d,2026-03-26T08:35:00+00:00
1803,1803.T,1803.jp,2011-02-10,312.26,320.27,312.26,318.49,2521978,https://stooq.com/q/d/l/?s=1803.jp&i=d,2026-03-26T08:35:00+00:00
1803,1803.T,1803.jp,2011-02-14,319.40,320.27,312.26,313.16,2947913,https://stooq.com/q/d/l/?s=1803.jp&i=d,2026-03-26T08:35:00+00:00
1803,1803.T,1803.jp,2011-02-15,312.26,312.26,306.00,306.00,5881252,https://stooq.com/q/d/l/?s=1803.jp&i=d,2026-03-26T08:35:00+00:00
1803,1803.T,1803.jp,2011-02-16,306.90,309.57,306.00,306.90,2063540,https://stooq.com/q/d/l/?s=1803.jp&i=d,2026-03-26T08:35:00+00:00
1803,1803.T,1803.jp,2011-02-17,309.57,311.38,306.90,310.45,2850395,https://stooq.com/q/d/l/?s=1803.jp&i=d,2026-03-26T08:35:00+00:00
1803,1803.T,1803.jp,2011-02-18,310.45,311.38,307.78,308.69,2806680,https://stooq.com/q/d/l/?s=1803.jp&i=d,2026-03-26T08:35:00+00:00
1803,1803.T,1803.jp,2011-02-21,306.90,309.57,303.35,309.57,2892989,https://stooq.com/q/d/l/?s=1803.jp&i=d,2026-03-26T08:35:00+00:00
1803,1803.T,1803.jp,2011-02-22,306.90,306.90,301.55,304.19,2644154,https://stooq.com/q/d/l/?s=1803.jp&i=d,2026-03-26T08:35:00+00:00
1803,1803.T,1803.jp,2011-02-23,303.35,307.78,300.67,302.44,4238043,https://stooq.com/q/d/l/?s=1803.jp&i=d,2026-03-26T08:35:00+00:00
1803,1803.T,1803.jp,2011-02-24,303.35,306.00,300.67,302.44,4986791,https://stooq.com/q/d/l/?s=1803.jp&i=d,2026-03-26T08:35:00+00:00
1803,1803.T,1803.jp,2011-02-25,306.90,310.45,304.19,308.69,3658546,https://stooq.com/q/d/l/?s=1803.jp&i=d,2026-03-26T08:35:00+00:00
1803,1803.T,1803.jp,2011-02-28,309.57,314.04,306.00,312.26,2977054,https://stooq.com/q/d/l/?s=1803.jp&i=d,2026-03-26T08:35:00+00:00
1803,1803.T,1803.jp,2011-03-01,313.16,314.92,311.38,314.04,1944723,https://stooq.com/q/d/l/?s=1803.jp&i=d,2026-03-26T08:35:00+00:00
1803,1803.T,1803.jp,2011-03-02,312.26,312.26,305.11,308.69,3093625,https://stooq.com/q/d/l/?s=1803.jp&i=d,2026-03-26T08:35:00+00:00
1803,1803.T,1803.jp,2011-03-03,309.57,311.38,306.90,310.45,2340396,https://stooq.com/q/d/l/?s=1803.jp&i=d,2026-03-26T08:35:00+00:00
1803,1803.T,1803.jp,2011-03-04,315.82,315.82,311.38,314.04,2673296,https://stooq.com/q/d/l/?s=1803.jp&i=d,2026-03-26T08:35:00+00:00
1803,1803.T,1803.jp,2011-03-07,313.16,313.16,303.35,305.11,3854704,https://stooq.com/q/d/l/?s=1803.jp&i=d,2026-03-26T08:35:00+00:00
1803,1803.T,1803.jp,2011-03-08,305.11,306.00,302.44,303.35,3752703,https://stooq.com/q/d/l/?s=1803.jp&i=d,2026-03-26T08:35:00+00:00
1803,1803.T,1803.jp,2011-03-09,304.19,306.00,301.55,302.44,2119583,https://stooq.com/q/d/l/?s=1803.jp&i=d,2026-03-26T08:35:00+00:00
1803,1803.T,1803.jp,2011-03-10,300.67,301.55,295.31,296.19,2278747,https://stooq.com/q/d/l/?s=1803.jp&i=d,2026-03-26T08:35:00+00:00
1803,1803.T,1803.jp,2011-03-11,294.40,304.19,291.73,299.77,8555670,https://stooq.com/q/d/l/?s=1803.jp&i=d,2026-03-26T08:35:00+00:00
1803,1803.T,1803.jp,2011-03-14,363.99,365.78,329.20,332.78,19930352,https://stooq.com/q/d/l/?s=1803.jp&i=d,2026-03-26T08:35:00+00:00
1803,1803.T,1803.jp,2011-03-15,337.23,339.02,281.03,297.10,14973827,https://stooq.com/q/d/l/?s=1803.jp&i=d,2026-03-26T08:35:00+00:00
1803,1803.T,1803.jp,2011-03-16,297.99,314.04,297.10,311.38,10712243,https://stooq.com/q/d/l/?s=1803.jp&i=d,2026-03-26T08:35:00+00:00
1803,1803.T,1803.jp,2011-03-17,313.16,333.66,304.19,328.29,10834417,https://stooq.com/q/d/l/?s=1803.jp&i=d,2026-03-26T08:35:00+00:00
1803,1803.T,1803.jp,2011-03-18,330.10,346.16,327.42,332.78,10271739,https://stooq.com/q/d/l/?s=1803.jp&i=d,2026-03-26T08:35:00+00:00
1803,1803.T,1803.jp,2011-03-22,341.69,355.08,339.02,354.19,11142659,https://stooq.com/q/d/l/?s=1803.jp&i=d,2026-03-26T08:35:00+00:00
1803,1803.T,1803.jp,2011-03-23,355.08,355.08,335.46,340.80,11352263,https://stooq.com/q/d/l/?s=1803.jp&i=d,2026-03-26T08:35:00+00:00
1803,1803.T,1803.jp,2011-03-24,344.38,348.83,341.69,346.16,5385824,https://stooq.com/q/d/l/?s=1803.jp&i=d,2026-03-26T08:35:00+00:00
1803,1803.T,1803.jp,2011-03-25,352.40,352.40,337.23,342.58,5413845,https://stooq.com/q/d/l/?s=1803.jp&i=d,2026-03-26T08:35:00+00:00
1803,1803.T,1803.jp,2011-03-28,339.91,340.80,333.66,339.91,3842373,https://stooq.com/q/d/l/?s=1803.jp&i=d,2026-03-26T08:35:00+00:00
1803,1803.T,1803.jp,2011-03-29,334.56,334.56,324.76,331.00,6328484,https://stooq.com/q/d/l/?s=1803.jp&i=d,2026-03-26T08:35:00+00:00
1803,1803.T,1803.jp,2011-03-30,331.88,331.88,326.52,330.10,5621209,https://stooq.com/q/d/l/?s=1803.jp&i=d,2026-03-26T08:35:00+00:00
1803,1803.T,1803.jp,2011-03-31,333.66,334.56,327.42,330.10,4520504,https://stooq.com/q/d/l/?s=1803.jp&i=d,2026-03-26T08:35:00+00:00
1803,1803.T,1803.jp,2011-04-01,331.00,332.78,325.63,326.52,8646461,https://stooq.com/q/d/l/?s=1803.jp&i=d,2026-03-26T08:35:00+00:00
1803,1803.T,1803.jp,2011-04-04,329.20,329.20,323.85,325.63,5031626,https://stooq.com/q/d/l/?s=1803.jp&i=d,2026-03-26T08:35:00+00:00
1803,1803.T,1803.jp,2011-04-05,326.52,326.52,314.04,318.49,5902549,https://stooq.com/q/d/l/?s=1803.jp&i=d,2026-03-26T08:35:00+00:00
1803,1803.T,1803.jp,2011-04-06,324.76,325.63,316.73,320.27,8675605,https://stooq.com/q/d/l/?s=1803.jp&i=d,2026-03-26T08:35:00+00:00
1803,1803.T,1803.jp,2011-04-07,321.18,322.96,313.16,315.82,4510420,https://stooq.com/q/d/l/?s=1803.jp&i=d,2026-03-26T08:35:00+00:00
1803,1803.T,1803.jp,2011-04-08,318.49,320.27,313.16,317.60,5595429,https://stooq.com/q/d/l/?s=1803.jp&i=d,2026-03-26T08:35:00+00:00
1803,1803.T,1803.jp,2011-04-11,317.60,322.96,316.73,319.40,3566638,https://stooq.com/q/d/l/?s=1803.jp&i=d,2026-03-26T08:35:00+00:00
1803,1803.T,1803.jp,2011-04-12,318.49,321.18,314.92,317.60,7524461,https://stooq.com/q/d/l/?s=1803.jp&i=d,2026-03-26T08:35:00+00:00
1803,1803.T,1803.jp,2011-04-13,314.92,319.40,314.92,317.60,6979714,https://stooq.com/q/d/l/?s=1803.jp&i=d,2026-03-26T08:35:00+00:00
1803,1803.T,1803.jp,2011-04-14,315.82,319.40,314.92,318.49,4364703,https://stooq.com/q/d/l/?s=1803.jp&i=d,2026-03-26T08:35:00+00:00
1803,1803.T,1803.jp,2011-04-15,315.82,317.60,310.45,315.82,4331076,https://stooq.com/q/d/l/?s=1803.jp&i=d,2026-03-26T08:35:00+00:00
1803,1803.T,1803.jp,2011-04-18,314.92,314.92,310.45,310.45,2901957,https://stooq.com/q/d/l/?s=1803.jp&i=d,2026-03-26T08:35:00+00:00
1803,1803.T,1803.jp,2011-04-19,307.78,311.38,303.35,307.78,4720022,https://stooq.com/q/d/l/?s=1803.jp&i=d,2026-03-26T08:35:00+00:00
1803,1803.T,1803.jp,2011-04-20,311.38,311.38,305.11,305.11,3418682,https://stooq.com/q/d/l/?s=1803.jp&i=d,2026-03-26T08:35:00+00:00
1803,1803.T,1803.jp,2011-04-21,308.69,309.57,306.00,307.78,3277449,https://stooq.com/q/d/l/?s=1803.jp&i=d,2026-03-26T08:35:00+00:00
1803,1803.T,1803.jp,2011-04-22,306.90,308.69,304.19,305.11,3167602,https://stooq.com/q/d/l/?s=1803.jp&i=d,2026-03-26T08:35:00+00:00
1803,1803.T,1803.jp,2011-04-25,306.00,307.78,304.19,304.19,1680196,https://stooq.com/q/d/l/?s=1803.jp&i=d,2026-03-26T08:35:00+00:00
1803,1803.T,1803.jp,2011-04-26,304.19,304.19,297.99,300.67,2246243,https://stooq.com/q/d/l/?s=1803.jp&i=d,2026-03-26T08:35:00+00:00
1803,1803.T,1803.jp,2011-04-27,303.35,305.11,302.44,304.19,4116990,https://stooq.com/q/d/l/?s=1803.jp&i=d,2026-03-26T08:35:00+00:00
1803,1803.T,1803.jp,2011-04-28,303.35,307.78,301.55,305.11,2725977,https://stooq.com/q/d/l/?s=1803.jp&i=d,2026-03-26T08:35:00+00:00
1803,1803.T,1803.jp,2011-05-02,305.11,309.57,305.11,309.57,1783320,https://stooq.com/q/d/l/?s=1803.jp&i=d,2026-03-26T08:35:00+00:00
1803,1803.T,1803.jp,2011-05-06,308.69,311.38,306.00,307.78,2937824,https://stooq.com/q/d/l/?s=1803.jp&i=d,2026-03-26T08:35:00+00:00
1803,1803.T,1803.jp,2011-05-09,307.78,312.26,306.90,311.38,2667694,https://stooq.com/q/d/l/?s=1803.jp&i=d,2026-03-26T08:35:00+00:00
1803,1803.T,1803.jp,2011-05-10,314.04,314.92,310.45,313.16,3150790,https://stooq.com/q/d/l/?s=1803.jp&i=d,2026-03-26T08:35:00+00:00
1803,1803.T,1803.jp,2011-05-11,315.82,316.73,312.26,314.92,3558791,https://stooq.com/q/d/l/?s=1803.jp&i=d,2026-03-26T08:35:00+00:00
1803,1803.T,1803.jp,2011-05-12,311.38,314.04,309.57,309.57,2751757,https://stooq.com/q/d/l/?s=1803.jp&i=d,2026-03-26T08:35:00+00:00
1803,1803.T,1803.jp,2011-05-13,308.69,308.69,302.44,303.35,5056286,https://stooq.com/q/d/l/?s=1803.jp&i=d,2026-03-26T08:35:00+00:00
1803,1803.T,1803.jp,2011-05-16,306.00,312.26,304.19,309.57,5870045,https://stooq.com/q/d/l/?s=1803.jp&i=d,2026-03-26T08:35:00+00:00
1803,1803.T,1803.jp,2011-05-17,305.11,307.78,303.35,307.78,3837889,https://stooq.com/q/d/l/?s=1803.jp&i=d,2026-03-26T08:35:00+00:00
1803,1803.T,1803.jp,2011-05-18,308.69,310.45,305.11,308.69,3211318,https://stooq.com/q/d/l/?s=1803.jp&i=d,2026-03-26T08:35:00+00:00
1803,1803.T,1803.jp,2011-05-19,309.57,310.45,304.19,305.11,2257450,https://stooq.com/q/d/l/?s=1803.jp&i=d,2026-03-26T08:35:00+00:00
1803,1803.T,1803.jp,2011-05-20,305.11,306.00,303.35,303.35,2343760,https://stooq.com/q/d/l/?s=1803.jp&i=d,2026-03-26T08:35:00+00:00
1803,1803.T,1803.jp,2011-05-23,304.19,305.11,297.99,300.67,3739252,https://stooq.com/q/d/l/?s=1803.jp&i=d,2026-03-26T08:35:00+00:00
1803,1803.T,1803.jp,2011-05-24,300.67,301.55,297.99,300.67,1857295,https://stooq.com/q/d/l/?s=1803.jp&i=d,2026-03-26T08:35:00+00:00
1803,1803.T,1803.jp,2011-05-25,302.44,302.44,296.19,297.10,2422219,https://stooq.com/q/d/l/?s=1803.jp&i=d,2026-03-26T08:35:00+00:00
1803,1803.T,1803.jp,2011-05-26,300.67,303.35,298.87,300.67,2812286,https://stooq.com/q/d/l/?s=1803.jp&i=d,2026-03-26T08:35:00+00:00
1803,1803.T,1803.jp,2011-05-27,299.77,301.55,298.87,298.87,1347296,https://stooq.com/q/d/l/?s=1803.jp&i=d,2026-03-26T08:35:00+00:00
1803,1803.T,1803.jp,2011-05-30,297.99,299.77,297.10,297.99,1807976,https://stooq.com/q/d/l/?s=1803.jp&i=d,2026-03-26T08:35:00+00:00
1803,1803.T,1803.jp,2011-05-31,298.87,301.55,297.99,300.67,3721319,https://stooq.com/q/d/l/?s=1803.jp&i=d,2026-03-26T08:35:00+00:00
1803,1803.T,1803.jp,2011-06-01,303.35,307.78,300.67,307.78,4271670,https://stooq.com/q/d/l/?s=1803.jp&i=d,2026-03-26T08:35:00+00:00
1803,1803.T,1803.jp,2011-06-02,300.67,305.11,299.77,303.35,7559207,https://stooq.com/q/d/l/?s=1803.jp&i=d,2026-03-26T08:35:00+00:00
1803,1803.T,1803.jp,2011-06-03,303.35,308.69,300.67,301.55,3537495,https://stooq.com/q/d/l/?s=1803.jp&i=d,2026-03-26T08:35:00+00:00
1803,1803.T,1803.jp,2011-06-06,302.44,303.35,297.99,298.87,2858242,https://stooq.com/q/d/l/?s=1803.jp&i=d,2026-03-26T08:35:00+00:00
1803,1803.T,1803.jp,2011-06-07,297.10,306.00,297.10,305.11,3339096,https://stooq.com/q/d/l/?s=1803.jp&i=d,2026-03-26T08:35:00+00:00
1803,1803.T,1803.jp,2011-06-08,306.00,308.69,304.19,307.78,3035340,https://stooq.com/q/d/l/?s=1803.jp&i=d,2026-03-26T08:35:00+00:00
1803,1803.T,1803.jp,2011-06-09,307.78,307.78,302.44,306.00,2474900,https://stooq.com/q/d/l/?s=1803.jp&i=d,2026-03-26T08:35:00+00:00
1803,1803.T,1803.jp,2011-06-10,308.69,310.45,306.00,306.90,5434021,https://stooq.com/q/d/l/?s=1803.jp&i=d,2026-03-26T08:35:00+00:00
1803,1803.T,1803.jp,2011-06-13,304.19,309.57,303.35,307.78,1644328,https://stooq.com/q/d/l/?s=1803.jp&i=d,2026-03-26T08:35:00+00:00
1803,1803.T,1803.jp,2011-06-14,306.90,314.04,306.90,313.16,3663032,https://stooq.com/q/d/l/?s=1803.jp&i=d,2026-03-26T08:35:00+00:00
1803,1803.T,1803.jp,2011-06-15,313.16,313.16,309.57,310.45,1959296,https://stooq.com/q/d/l/?s=1803.jp&i=d,2026-03-26T08:35:00+00:00
1803,1803.T,1803.jp,2011-06-16,308.69,309.57,304.19,304.19,1844969,https://stooq.com/q/d/l/?s=1803.jp&i=d,2026-03-26T08:35:00+00:00
1803,1803.T,1803.jp,2011-06-17,297.99,297.99,283.71,283.71,12900196,https://stooq.com/q/d/l/?s=1803.jp&i=d,2026-03-26T08:35:00+00:00
1803,1803.T,1803.jp,2011-06-20,283.71,289.07,283.71,285.48,7014464,https://stooq.com/q/d/l/?s=1803.jp&i=d,2026-03-26T08:35:00+00:00
1803,1803.T,1803.jp,2011-06-21,285.48,288.16,281.03,286.38,5190792,https://stooq.com/q/d/l/?s=1803.jp&i=d,2026-03-26T08:35:00+00:00
1803,1803.T,1803.jp,2011-06-22,289.07,293.52,288.16,291.73,6784681,https://stooq.com/q/d/l/?s=1803.jp&i=d,2026-03-26T08:35:00+00:00
1803,1803.T,1803.jp,2011-06-23,292.63,297.99,291.73,293.52,3604748,https://stooq.com/q/d/l/?s=1803.jp&i=d,2026-03-26T08:35:00+00:00
1803,1803.T,1803.jp,2011-06-24,294.40,295.31,291.73,294.40,2425583,https://stooq.com/q/d/l/?s=1803.jp&i=d,2026-03-26T08:35:00+00:00
1803,1803.T,1803.jp,2011-06-27,295.31,295.31,291.73,292.63,2210374,https://stooq.com/q/d/l/?s=1803.jp&i=d,2026-03-26T08:35:00+00:00
1803,1803.T,1803.jp,2011-06-28,294.40,297.10,293.52,294.40,2174505,https://stooq.com/q/d/l/?s=1803.jp&i=d,2026-03-26T08:35:00+00:00
1803,1803.T,1803.jp,2011-06-29,297.10,297.99,294.40,296.19,2163296,https://stooq.com/q/d/l/?s=1803.jp&i=d,2026-03-26T08:35:00+00:00
1803,1803.T,1803.jp,2011-06-30,298.87,299.77,296.19,297.99,4278395,https://stooq.com/q/d/l/?s=1803.jp&i=d,2026-03-26T08:35:00+00:00
1803,1803.T,1803.jp,2011-07-01,298.87,300.67,295.31,297.10,4294085,https://stooq.com/q/d/l/?s=1803.jp&i=d,2026-03-26T08:35:00+00:00
1803,1803.T,1803.jp,2011-07-04,299.77,304.19,298.87,301.55,3285297,https://stooq.com/q/d/l/?s=1803.jp&i=d,2026-03-26T08:35:00+00:00
1803,1803.T,1803.jp,2011-07-05,302.44,302.44,299.77,300.67,1913340,https://stooq.com/q/d/l/?s=1803.jp&i=d,2026-03-26T08:35:00+00:00
1803,1803.T,1803.jp,2011-07-06,301.55,302.44,298.87,302.44,2096042,https://stooq.com/q/d/l/?s=1803.jp&i=d,2026-03-26T08:35:00+00:00
1803,1803.T,1803.jp,2011-07-07,299.77,302.44,297.10,300.67,4471187,https://stooq.com/q/d/l/?s=1803.jp&i=d,2026-03-26T08:35:00+00:00
1803,1803.T,1803.jp,2011-07-08,304.19,307.78,303.35,306.00,4792877,https://stooq.com/q/d/l/?s=1803.jp&i=d,2026-03-26T08:35:00+00:00
1803,1803.T,1803.jp,2011-07-11,303.35,304.19,300.67,300.67,2157694,https://stooq.com/q/d/l/?s=1803.jp&i=d,2026-03-26T08:35:00+00:00
1803,1803.T,1803.jp,2011-07-12,296.19,298.87,296.19,297.99,1814704,https://stooq.com/q/d/l/?s=1803.jp&i=d,2026-03-26T08:35:00+00:00
1803,1803.T,1803.jp,2011-07-13,297.10,303.35,297.10,300.67,3881603,https://stooq.com/q/d/l/?s=1803.jp&i=d,2026-03-26T08:35:00+00:00
1803,1803.T,1803.jp,2011-07-14,299.77,302.44,297.99,298.87,1973868,https://stooq.com/q/d/l/?s=1803.jp&i=d,2026-03-26T08:35:00+00:00
1803,1803.T,1803.jp,2011-07-15,299.77,304.19,299.77,303.35,1916703,https://stooq.com/q/d/l/?s=1803.jp&i=d,2026-03-26T08:35:00+00:00
1803,1803.T,1803.jp,2011-07-19,301.55,305.11,298.87,302.44,3009563,https://stooq.com/q/d/l/?s=1803.jp&i=d,2026-03-26T08:35:00+00:00
1803,1803.T,1803.jp,2011-07-20,304.19,305.11,299.77,302.44,2050088,https://stooq.com/q/d/l/?s=1803.jp&i=d,2026-03-26T08:35:00+00:00
1803,1803.T,1803.jp,2011-07-21,302.44,306.90,302.44,304.19,3909627,https://stooq.com/q/d/l/?s=1803.jp&i=d,2026-03-26T08:35:00+00:00
1803,1803.T,1803.jp,2011-07-22,306.90,311.38,306.00,311.38,2467054,https://stooq.com/q/d/l/?s=1803.jp&i=d,2026-03-26T08:35:00+00:00
1803,1803.T,1803.jp,2011-07-25,314.04,315.82,310.45,312.26,3428771,https://stooq.com/q/d/l/?s=1803.jp&i=d,2026-03-26T08:35:00+00:00
1803,1803.T,1803.jp,2011-07-26,313.16,316.73,311.38,314.92,2579143,https://stooq.com/q/d/l/?s=1803.jp&i=d,2026-03-26T08:35:00+00:00
1803,1803.T,1803.jp,2011-07-27,312.26,313.16,308.69,311.38,2239516,https://stooq.com/q/d/l/?s=1803.jp&i=d,2026-03-26T08:35:00+00:00
1803,1803.T,1803.jp,2011-07-28,306.90,308.69,305.11,306.90,1923430,https://stooq.com/q/d/l/?s=1803.jp&i=d,2026-03-26T08:35:00+00:00
1803,1803.T,1803.jp,2011-07-29,306.90,307.78,302.44,304.19,2490595,https://stooq.com/q/d/l/?s=1803.jp&i=d,2026-03-26T08:35:00+00:00
1803,1803.T,1803.jp,2011-08-01,308.69,314.04,308.69,310.45,3311077,https://stooq.com/q/d/l/?s=1803.jp&i=d,2026-03-26T08:35:00+00:00
1803,1803.T,1803.jp,2011-08-02,305.11,307.78,304.19,305.11,2146483,https://stooq.com/q/d/l/?s=1803.jp&i=d,2026-03-26T08:35:00+00:00
1803,1803.T,1803.jp,2011-08-03,298.87,299.77,296.19,297.10,1757538,https://stooq.com/q/d/l/?s=1803.jp&i=d,2026-03-26T08:35:00+00:00
1803,1803.T,1803.jp,2011-08-04,300.67,306.00,298.87,301.55,3219165,https://stooq.com/q/d/l/?s=1803.jp&i=d,2026-03-26T08:35:00+00:00
1803,1803.T,1803.jp,2011-08-05,290.83,294.40,288.16,289.94,3808747,https://stooq.com/q/d/l/?s=1803.jp&i=d,2026-03-26T08:35:00+00:00
1803,1803.T,1803.jp,2011-08-08,286.38,288.16,279.24,280.13,6582925,https://stooq.com/q/d/l/?s=1803.jp&i=d,2026-03-26T08:35:00+00:00
1803,1803.T,1803.jp,2011-08-09,273.00,279.24,265.86,277.47,5709759,https://stooq.com/q/d/l/?s=1803.jp&i=d,2026-03-26T08:35:00+00:00
1803,1803.T,1803.jp,2011-08-10,284.58,284.58,278.35,280.13,5124661,https://stooq.com/q/d/l/?s=1803.jp&i=d,2026-03-26T08:35:00+00:00
1803,1803.T,1803.jp,2011-08-11,274.79,289.07,272.09,289.07,6765627,https://stooq.com/q/d/l/?s=1803.jp&i=d,2026-03-26T08:35:00+00:00
1803,1803.T,1803.jp,2011-08-12,289.94,291.73,283.71,287.27,7088441,https://stooq.com/q/d/l/?s=1803.jp&i=d,2026-03-26T08:35:00+00:00
1803,1803.T,1803.jp,2011-08-15,289.07,293.52,287.27,292.63,4053098,https://stooq.com/q/d/l/?s=1803.jp&i=d,2026-03-26T08:35:00+00:00
1803,1803.T,1803.jp,2011-08-16,294.40,299.77,291.73,293.52,3485933,https://stooq.com/q/d/l/?s=1803.jp&i=d,2026-03-26T08:35:00+00:00
1803,1803.T,1803.jp,2011-08-17,298.87,304.19,297.10,304.19,4899363,https://stooq.com/q/d/l/?s=1803.jp&i=d,2026-03-26T08:35:00+00:00
1803,1803.T,1803.jp,2011-08-18,304.19,305.11,298.87,302.44,6883319,https://stooq.com/q/d/l/?s=1803.jp&i=d,2026-03-26T08:35:00+00:00
1803,1803.T,1803.jp,2011-08-19,295.31,298.87,294.40,294.40,6919186,https://stooq.com/q/d/l/?s=1803.jp&i=d,2026-03-26T08:35:00+00:00
1803,1803.T,1803.jp,2011-08-22,296.19,299.77,289.07,292.63,8927802,https://stooq.com/q/d/l/?s=1803.jp&i=d,2026-03-26T08:35:00+00:00
1803,1803.T,1803.jp,2011-08-23,295.31,297.99,292.63,297.10,5537142,https://stooq.com/q/d/l/?s=1803.jp&i=d,2026-03-26T08:35:00+00:00
1803,1803.T,1803.jp,2011-08-24,303.35,304.19,294.40,297.10,8774240,https://stooq.com/q/d/l/?s=1803.jp&i=d,2026-03-26T08:35:00+00:00
1803,1803.T,1803.jp,2011-08-25,301.55,304.19,297.10,299.77,8106198,https://stooq.com/q/d/l/?s=1803.jp&i=d,2026-03-26T08:35:00+00:00
1803,1803.T,1803.jp,2011-08-26,297.10,297.99,294.40,296.19,5282702,https://stooq.com/q/d/l/?s=1803.jp&i=d,2026-03-26T08:35:00+00:00
1803,1803.T,1803.jp,2011-08-29,296.19,299.77,292.63,298.87,6542569,https://stooq.com/q/d/l/?s=1803.jp&i=d,2026-03-26T08:35:00+00:00
1803,1803.T,1803.jp,2011-08-30,301.55,305.11,299.77,304.19,7301407,https://stooq.com/q/d/l/?s=1803.jp&i=d,2026-03-26T08:35:00+00:00
1803,1803.T,1803.jp,2011-08-31,306.00,306.90,301.55,305.11,3664154,https://stooq.com/q/d/l/?s=1803.jp&i=d,2026-03-26T08:35:00+00:00
1803,1803.T,1803.jp,2011-09-01,305.11,305.11,299.77,302.44,5542748,https://stooq.com/q/d/l/?s=1803.jp&i=d,2026-03-26T08:35:00+00:00
1803,1803.T,1803.jp,2011-09-02,300.67,306.00,299.77,302.44,4152858,https://stooq.com/q/d/l/?s=1803.jp&i=d,2026-03-26T08:35:00+00:00
1803,1803.T,1803.jp,2011-09-05,299.77,306.00,299.77,305.11,6105428,https://stooq.com/q/d/l/?s=1803.jp&i=d,2026-03-26T08:35:00+00:00
1803,1803.T,1803.jp,2011-09-06,305.11,305.11,300.67,301.55,2581385,https://stooq.com/q/d/l/?s=1803.jp&i=d,2026-03-26T08:35:00+00:00
1803,1803.T,1803.jp,2011-09-07,304.19,306.90,302.44,306.00,4436440,https://stooq.com/q/d/l/?s=1803.jp&i=d,2026-03-26T08:35:00+00:00
1803,1803.T,1803.jp,2011-09-08,306.90,309.57,304.19,308.69,5306243,https://stooq.com/q/d/l/?s=1803.jp&i=d,2026-03-26T08:35:00+00:00
1803,1803.T,1803.jp,2011-09-09,308.69,310.45,304.19,306.00,5481099,https://stooq.com/q/d/l/?s=1803.jp&i=d,2026-03-26T08:35:00+00:00
1803,1803.T,1803.jp,2011-09-12,299.77,302.44,297.99,297.99,2542154,https://stooq.com/q/d/l/?s=1803.jp&i=d,2026-03-26T08:35:00+00:00
1803,1803.T,1803.jp,2011-09-13,297.10,297.10,291.73,295.31,6485408,https://stooq.com/q/d/l/?s=1803.jp&i=d,2026-03-26T08:35:00+00:00
1803,1803.T,1803.jp,2011-09-14,293.52,295.31,285.48,288.16,4739078,https://stooq.com/q/d/l/?s=1803.jp&i=d,2026-03-26T08:35:00+00:00
1803,1803.T,1803.jp,2011-09-15,291.73,295.31,290.83,293.52,4452133,https://stooq.com/q/d/l/?s=1803.jp&i=d,2026-03-26T08:35:00+00:00
1803,1803.T,1803.jp,2011-09-16,296.19,297.99,294.40,295.31,3055514,https://stooq.com/q/d/l/?s=1803.jp&i=d,2026-03-26T08:35:00+00:00
1803,1803.T,1803.jp,2011-09-20,288.16,292.63,287.27,291.73,3565516,https://stooq.com/q/d/l/?s=1803.jp&i=d,2026-03-26T08:35:00+00:00
1803,1803.T,1803.jp,2011-09-21,289.07,291.73,287.27,289.07,3321165,https://stooq.com/q/d/l/?s=1803.jp&i=d,2026-03-26T08:35:00+00:00
1803,1803.T,1803.jp,2011-09-22,285.48,289.07,282.82,287.27,5366770,https://stooq.com/q/d/l/?s=1803.jp&i=d,2026-03-26T08:35:00+00:00
1803,1803.T,1803.jp,2011-09-26,289.94,290.83,282.82,282.82,3590176,https://stooq.com/q/d/l/?s=1803.jp&i=d,2026-03-26T08:35:00+00:00
1803,1803.T,1803.jp,2011-09-27,287.27,292.63,287.27,292.63,2063540,https://stooq.com/q/d/l/?s=1803.jp&i=d,2026-03-26T08:35:00+00:00
1803,1803.T,1803.jp,2011-09-28,295.31,306.90,294.40,305.11,5064133,https://stooq.com/q/d/l/?s=1803.jp&i=d,2026-03-26T08:35:00+00:00
1803,1803.T,1803.jp,2011-09-29,301.55,308.69,301.55,307.78,3109319,https://stooq.com/q/d/l/?s=1803.jp&i=d,2026-03-26T08:35:00+00:00
1803,1803.T,1803.jp,2011-09-30,311.38,313.16,304.19,306.90,3831165,https://stooq.com/q/d/l/?s=1803.jp&i=d,2026-03-26T08:35:00+00:00
1803,1803.T,1803.jp,2011-10-03,299.77,325.63,299.77,323.85,9897363,https://stooq.com/q/d/l/?s=1803.jp&i=d,2026-03-26T08:35:00+00:00
1803,1803.T,1803.jp,2011-10-04,319.40,325.63,313.16,324.76,7868571,https://stooq.com/q/d/l/?s=1803.jp&i=d,2026-03-26T08:35:00+00:00
1803,1803.T,1803.jp,2011-10-05,323.85,324.76,317.60,320.27,4114750,https://stooq.com/q/d/l/?s=1803.jp&i=d,2026-03-26T08:35:00+00:00
1803,1803.T,1803.jp,2011-10-06,322.96,324.76,313.16,316.73,7996352,https://stooq.com/q/d/l/?s=1803.jp&i=d,2026-03-26T08:35:00+00:00
1803,1803.T,1803.jp,2011-10-07,317.60,320.27,315.82,316.73,2112856,https://stooq.com/q/d/l/?s=1803.jp&i=d,2026-03-26T08:35:00+00:00
1803,1803.T,1803.jp,2011-10-11,325.63,325.63,318.49,320.27,2319100,https://stooq.com/q/d/l/?s=1803.jp&i=d,2026-03-26T08:35:00+00:00
1803,1803.T,1803.jp,2011-10-12,320.27,320.27,313.16,314.04,2517494,https://stooq.com/q/d/l/?s=1803.jp&i=d,2026-03-26T08:35:00+00:00
1803,1803.T,1803.jp,2011-10-13,314.92,314.92,305.11,307.78,3589055,https://stooq.com/q/d/l/?s=1803.jp&i=d,2026-03-26T08:35:00+00:00
1803,1803.T,1803.jp,2011-10-14,306.90,308.69,300.67,305.11,4220111,https://stooq.com/q/d/l/?s=1803.jp&i=d,2026-03-26T08:35:00+00:00
1803,1803.T,1803.jp,2011-10-17,307.78,309.57,305.11,307.78,2390835,https://stooq.com/q/d/l/?s=1803.jp&i=d,2026-03-26T08:35:00+00:00
1803,1803.T,1803.jp,2011-10-18,305.11,311.38,299.77,301.55,3619316,https://stooq.com/q/d/l/?s=1803.jp&i=d,2026-03-26T08:35:00+00:00
1803,1803.T,1803.jp,2011-10-19,303.35,305.11,289.94,292.63,4545164,https://stooq.com/q/d/l/?s=1803.jp&i=d,2026-03-26T08:35:00+00:00
1803,1803.T,1803.jp,2011-10-20,292.63,297.99,290.83,297.10,3271845,https://stooq.com/q/d/l/?s=1803.jp&i=d,2026-03-26T08:35:00+00:00
1803,1803.T,1803.jp,2011-10-21,297.10,297.10,292.63,295.31,1392130,https://stooq.com/q/d/l/?s=1803.jp&i=d,2026-03-26T08:35:00+00:00
1803,1803.T,1803.jp,2011-10-24,298.87,306.90,298.87,304.19,2841427,https://stooq.com/q/d/l/?s=1803.jp&i=d,2026-03-26T08:35:00+00:00
1803,1803.T,1803.jp,2011-10-25,303.35,303.35,298.87,301.55,2832460,https://stooq.com/q/d/l/?s=1803.jp&i=d,2026-03-26T08:35:00+00:00
1803,1803.T,1803.jp,2011-10-26,300.67,300.67,296.19,298.87,1755298,https://stooq.com/q/d/l/?s=1803.jp&i=d,2026-03-26T08:35:00+00:00
1803,1803.T,1803.jp,2011-10-27,297.99,302.44,297.10,301.55,1728398,https://stooq.com/q/d/l/?s=1803.jp&i=d,2026-03-26T08:35:00+00:00
1803,1803.T,1803.jp,2011-10-28,306.00,306.00,298.87,303.35,3615956,https://stooq.com/q/d/l/?s=1803.jp&i=d,2026-03-26T08:35:00+00:00
1803,1803.T,1803.jp,2011-10-31,303.35,308.69,301.55,301.55,2612769,https://stooq.com/q/d/l/?s=1803.jp&i=d,2026-03-26T08:35:00+00:00
1803,1803.T,1803.jp,2011-11-01,300.67,304.19,297.99,300.67,1477317,https://stooq.com/q/d/l/?s=1803.jp&i=d,2026-03-26T08:35:00+00:00
1803,1803.T,1803.jp,2011-11-02,298.87,299.77,294.40,297.99,2724858,https://stooq.com/q/d/l/?s=1803.jp&i=d,2026-03-26T08:35:00+00:00
1803,1803.T,1803.jp,2011-11-04,301.55,303.35,298.87,303.35,1860659,https://stooq.com/q/d/l/?s=1803.jp&i=d,2026-03-26T08:35:00+00:00
1803,1803.T,1803.jp,2011-11-07,301.55,306.90,300.67,304.19,2367297,https://stooq.com/q/d/l/?s=1803.jp&i=d,2026-03-26T08:35:00+00:00
1803,1803.T,1803.jp,2011-11-08,302.44,306.00,297.10,297.10,2548876,https://stooq.com/q/d/l/?s=1803.jp&i=d,2026-03-26T08:35:00+00:00
1803,1803.T,1803.jp,2011-11-09,300.67,308.69,298.87,304.19,3118286,https://stooq.com/q/d/l/?s=1803.jp&i=d,2026-03-26T08:35:00+00:00
1803,1803.T,1803.jp,2011-11-10,297.10,303.35,297.10,299.77,2774176,https://stooq.com/q/d/l/?s=1803.jp&i=d,2026-03-26T08:35:00+00:00
1803,1803.T,1803.jp,2011-11-11,300.67,302.44,293.52,298.87,2582505,https://stooq.com/q/d/l/?s=1803.jp&i=d,2026-03-26T08:35:00+00:00
1803,1803.T,1803.jp,2011-11-14,302.44,302.44,295.31,296.19,1546813,https://stooq.com/q/d/l/?s=1803.jp&i=d,2026-03-26T08:35:00+00:00
1803,1803.T,1803.jp,2011-11-15,296.19,297.10,293.52,293.52,1436965,https://stooq.com/q/d/l/?s=1803.jp&i=d,2026-03-26T08:35:00+00:00
1803,1803.T,1803.jp,2011-11-16,294.40,297.10,288.16,289.07,2152088,https://stooq.com/q/d/l/?s=1803.jp&i=d,2026-03-26T08:35:00+00:00
1803,1803.T,1803.jp,2011-11-17,288.16,291.73,286.38,287.27,3552066,https://stooq.com/q/d/l/?s=1803.jp&i=d,2026-03-26T08:35:00+00:00
1803,1803.T,1803.jp,2011-11-18,285.48,286.38,280.13,283.71,3921956,https://stooq.com/q/d/l/?s=1803.jp&i=d,2026-03-26T08:35:00+00:00
1803,1803.T,1803.jp,2011-11-21,280.13,281.90,276.57,281.90,3544221,https://stooq.com/q/d/l/?s=1803.jp&i=d,2026-03-26T08:35:00+00:00
1803,1803.T,1803.jp,2011-11-22,280.13,281.03,276.57,279.24,2887384,https://stooq.com/q/d/l/?s=1803.jp&i=d,2026-03-26T08:35:00+00:00
1803,1803.T,1803.jp,2011-11-24,275.68,278.35,274.79,275.68,3527406,https://stooq.com/q/d/l/?s=1803.jp&i=d,2026-03-26T08:35:00+00:00
1803,1803.T,1803.jp,2011-11-25,276.57,280.13,275.68,280.13,2619494,https://stooq.com/q/d/l/?s=1803.jp&i=d,2026-03-26T08:35:00+00:00
1803,1803.T,1803.jp,2011-11-28,281.03,282.82,278.35,280.13,2163296,https://stooq.com/q/d/l/?s=1803.jp&i=d,2026-03-26T08:35:00+00:00
1803,1803.T,1803.jp,2011-11-29,279.24,280.13,273.00,277.47,3661912,https://stooq.com/q/d/l/?s=1803.jp&i=d,2026-03-26T08:35:00+00:00
1803,1803.T,1803.jp,2011-11-30,275.68,280.13,274.79,277.47,3762791,https://stooq.com/q/d/l/?s=1803.jp&i=d,2026-03-26T08:35:00+00:00
1803,1803.T,1803.jp,2011-12-01,281.03,281.90,278.35,279.24,3176572,https://stooq.com/q/d/l/?s=1803.jp&i=d,2026-03-26T08:35:00+00:00
1803,1803.T,1803.jp,2011-12-02,279.24,286.38,279.24,285.48,3839011,https://stooq.com/q/d/l/?s=1803.jp&i=d,2026-03-26T08:35:00+00:00
1803,1803.T,1803.jp,2011-12-05,286.38,288.16,283.71,287.27,1419030,https://stooq.com/q/d/l/?s=1803.jp&i=d,2026-03-26T08:35:00+00:00
1803,1803.T,1803.jp,2011-12-06,284.58,287.27,281.90,282.82,2896352,https://stooq.com/q/d/l/?s=1803.jp&i=d,2026-03-26T08:35:00+00:00
1803,1803.T,1803.jp,2011-12-07,283.71,289.94,282.82,288.16,2407649,https://stooq.com/q/d/l/?s=1803.jp&i=d,2026-03-26T08:35:00+00:00
1803,1803.T,1803.jp,2011-12-08,284.58,289.07,284.58,288.16,1778835,https://stooq.com/q/d/l/?s=1803.jp&i=d,2026-03-26T08:35:00+00:00
1803,1803.T,1803.jp,2011-12-09,282.82,288.16,282.82,286.38,5915998,https://stooq.com/q/d/l/?s=1803.jp&i=d,2026-03-26T08:35:00+00:00
1803,1803.T,1803.jp,2011-12-12,292.63,292.63,284.58,289.07,3220286,https://stooq.com/q/d/l/?s=1803.jp&i=d,2026-03-26T08:35:00+00:00
1803,1803.T,1803.jp,2011-12-13,285.48,287.27,279.24,282.82,2759604,https://stooq.com/q/d/l/?s=1803.jp&i=d,2026-03-26T08:35:00+00:00
1803,1803.T,1803.jp,2011-12-14,281.03,282.82,279.24,280.13,2007493,https://stooq.com/q/d/l/?s=1803.jp&i=d,2026-03-26T08:35:00+00:00
1803,1803.T,1803.jp,2011-12-15,280.13,280.13,276.57,279.24,2740550,https://stooq.com/q/d/l/?s=1803.jp&i=d,2026-03-26T08:35:00+00:00
1803,1803.T,1803.jp,2011-12-16,279.24,281.90,278.35,281.03,2532065,https://stooq.com/q/d/l/?s=1803.jp&i=d,2026-03-26T08:35:00+00:00
1803,1803.T,1803.jp,2011-12-19,281.03,281.03,273.00,273.89,2261932,https://stooq.com/q/d/l/?s=1803.jp&i=d,2026-03-26T08:35:00+00:00
1803,1803.T,1803.jp,2011-12-20,278.35,280.13,275.68,278.35,2158813,https://stooq.com/q/d/l/?s=1803.jp&i=d,2026-03-26T08:35:00+00:00
1803,1803.T,1803.jp,2011-12-21,280.13,281.03,278.35,281.03,2843670,https://stooq.com/q/d/l/?s=1803.jp&i=d,2026-03-26T08:35:00+00:00
1803,1803.T,1803.jp,2011-12-22,281.90,281.90,277.47,278.35,2045605,https://stooq.com/q/d/l/?s=1803.jp&i=d,2026-03-26T08:35:00+00:00
1803,1803.T,1803.jp,2011-12-26,280.13,280.13,278.35,279.24,965077,https://stooq.com/q/d/l/?s=1803.jp&i=d,2026-03-26T08:35:00+00:00
1803,1803.T,1803.jp,2011-12-27,277.47,285.48,277.47,282.82,2737187,https://stooq.com/q/d/l/?s=1803.jp&i=d,2026-03-26T08:35:00+00:00
1803,1803.T,1803.jp,2011-12-28,283.71,284.58,281.90,283.71,1491888,https://stooq.com/q/d/l/?s=1803.jp&i=d,2026-03-26T08:35:00+00:00
1803,1803.T,1803.jp,2011-12-29,282.82,282.82,280.13,281.90,878769,https://stooq.com/q/d/l/?s=1803.jp&i=d,2026-03-26T08:35:00+00:00
1803,1803.T,1803.jp,2011-12-30,284.58,288.16,282.82,288.16,1893167,https://stooq.com/q/d/l/?s=1803.jp&i=d,2026-03-26T08:35:00+00:00
1803,1803.T,1803.jp,2012-01-04,290.83,293.52,289.94,290.83,1415669,https://stooq.com/q/d/l/?s=1803.jp&i=d,2026-03-26T08:35:00+00:00
1803,1803.T,1803.jp,2012-01-05,290.83,290.83,285.48,288.16,3307713,https://stooq.com/q/d/l/?s=1803.jp&i=d,2026-03-26T08:35:00+00:00
1803,1803.T,1803.jp,2012-01-06,287.27,290.83,284.58,289.94,2746152,https://stooq.com/q/d/l/?s=1803.jp&i=d,2026-03-26T08:35:00+00:00
1803,1803.T,1803.jp,2012-01-10,291.73,298.87,291.73,298.87,3663032,https://stooq.com/q/d/l/?s=1803.jp&i=d,2026-03-26T08:35:00+00:00
1803,1803.T,1803.jp,2012-01-11,298.87,299.77,296.19,299.77,2557847,https://stooq.com/q/d/l/?s=1803.jp&i=d,2026-03-26T08:35:00+00:00
1803,1803.T,1803.jp,2012-01-12,297.10,297.99,294.40,297.10,1749692,https://stooq.com/q/d/l/?s=1803.jp&i=d,2026-03-26T08:35:00+00:00
1803,1803.T,1803.jp,2012-01-13,298.87,299.77,297.10,298.87,2415494,https://stooq.com/q/d/l/?s=1803.jp&i=d,2026-03-26T08:35:00+00:00
1803,1803.T,1803.jp,2012-01-16,297.99,302.44,294.40,300.67,3701143,https://stooq.com/q/d/l/?s=1803.jp&i=d,2026-03-26T08:35:00+00:00
1803,1803.T,1803.jp,2012-01-17,304.19,314.04,303.35,311.38,5017055,https://stooq.com/q/d/l/?s=1803.jp&i=d,2026-03-26T08:35:00+00:00
1803,1803.T,1803.jp,2012-01-18,314.04,314.92,307.78,307.78,3754944,https://stooq.com/q/d/l/?s=1803.jp&i=d,2026-03-26T08:35:00+00:00
1803,1803.T,1803.jp,2012-01-19,310.45,310.45,305.11,306.90,4403935,https://stooq.com/q/d/l/?s=1803.jp&i=d,2026-03-26T08:35:00+00:00
1803,1803.T,1803.jp,2012-01-20,307.78,309.57,301.55,307.78,4324351,https://stooq.com/q/d/l/?s=1803.jp&i=d,2026-03-26T08:35:00+00:00
1803,1803.T,1803.jp,2012-01-23,306.90,311.38,306.00,310.45,2535428,https://stooq.com/q/d/l/?s=1803.jp&i=d,2026-03-26T08:35:00+00:00
1803,1803.T,1803.jp,2012-01-24,312.26,312.26,308.69,311.38,2393078,https://stooq.com/q/d/l/?s=1803.jp&i=d,2026-03-26T08:35:00+00:00
1803,1803.T,1803.jp,2012-01-25,312.26,312.26,307.78,308.69,3267362,https://stooq.com/q/d/l/?s=1803.jp&i=d,2026-03-26T08:35:00+00:00
1803,1803.T,1803.jp,2012-01-26,310.45,311.38,308.69,309.57,2218218,https://stooq.com/q/d/l/?s=1803.jp&i=d,2026-03-26T08:35:00+00:00
1803,1803.T,1803.jp,2012-01-27,309.57,311.38,306.90,310.45,2163296,https://stooq.com/q/d/l/?s=1803.jp&i=d,2026-03-26T08:35:00+00:00
1803,1803.T,1803.jp,2012-01-30,311.38,311.38,306.00,306.90,1362990,https://stooq.com/q/d/l/?s=1803.jp&i=d,2026-03-26T08:35:00+00:00
1803,1803.T,1803.jp,2012-01-31,305.11,312.26,305.11,311.38,2242878,https://stooq.com/q/d/l/?s=1803.jp&i=d,2026-03-26T08:35:00+00:00
1803,1803.T,1803.jp,2012-02-01,311.38,314.04,308.69,308.69,2097165,https://stooq.com/q/d/l/?s=1803.jp&i=d,2026-03-26T08:35:00+00:00
1803,1803.T,1803.jp,2012-02-02,309.57,311.38,308.69,310.45,1096217,https://stooq.com/q/d/l/?s=1803.jp&i=d,2026-03-26T08:35:00+00:00
1803,1803.T,1803.jp,2012-02-03,309.57,314.92,308.69,310.45,2153210,https://stooq.com/q/d/l/?s=1803.jp&i=d,2026-03-26T08:35:00+00:00
1803,1803.T,1803.jp,2012-02-06,311.38,314.92,309.57,312.26,2600439,https://stooq.com/q/d/l/?s=1803.jp&i=d,2026-03-26T08:35:00+00:00
1803,1803.T,1803.jp,2012-02-07,311.38,316.73,308.69,311.38,4561979,https://stooq.com/q/d/l/?s=1803.jp&i=d,2026-03-26T08:35:00+00:00
1803,1803.T,1803.jp,2012-02-08,308.69,308.69,298.87,299.77,7222944,https://stooq.com/q/d/l/?s=1803.jp&i=d,2026-03-26T08:35:00+00:00
1803,1803.T,1803.jp,2012-02-09,299.77,300.67,293.52,294.40,7556968,https://stooq.com/q/d/l/?s=1803.jp&i=d,2026-03-26T08:35:00+00:00
1803,1803.T,1803.jp,2012-02-10,295.31,298.87,289.94,295.31,8406594,https://stooq.com/q/d/l/?s=1803.jp&i=d,2026-03-26T08:35:00+00:00
1803,1803.T,1803.jp,2012-02-13,295.31,297.10,293.52,297.10,3343581,https://stooq.com/q/d/l/?s=1803.jp&i=d,2026-03-26T08:35:00+00:00
1803,1803.T,1803.jp,2012-02-14,295.31,297.10,293.52,295.31,4111383,https://stooq.com/q/d/l/?s=1803.jp&i=d,2026-03-26T08:35:00+00:00
1803,1803.T,1803.jp,2012-02-15,296.19,298.87,294.40,295.31,6075166,https://stooq.com/q/d/l/?s=1803.jp&i=d,2026-03-26T08:35:00+00:00
1803,1803.T,1803.jp,2012-02-16,296.19,298.87,294.40,298.87,4372548,https://stooq.com/q/d/l/?s=1803.jp&i=d,2026-03-26T08:35:00+00:00
1803,1803.T,1803.jp,2012-02-17,299.77,299.77,293.52,295.31,4984549,https://stooq.com/q/d/l/?s=1803.jp&i=d,2026-03-26T08:35:00+00:00
1803,1803.T,1803.jp,2012-02-20,295.31,296.19,287.27,288.16,7396682,https://stooq.com/q/d/l/?s=1803.jp&i=d,2026-03-26T08:35:00+00:00
1803,1803.T,1803.jp,2012-02-21,287.27,293.52,287.27,292.63,5653712,https://stooq.com/q/d/l/?s=1803.jp&i=d,2026-03-26T08:35:00+00:00
1803,1803.T,1803.jp,2012-02-22,293.52,297.99,290.83,295.31,5640263,https://stooq.com/q/d/l/?s=1803.jp&i=d,2026-03-26T08:35:00+00:00
1803,1803.T,1803.jp,2012-02-23,295.31,297.10,294.40,296.19,3230372,https://stooq.com/q/d/l/?s=1803.jp&i=d,2026-03-26T08:35:00+00:00
1803,1803.T,1803.jp,2012-02-24,296.19,297.10,294.40,295.31,4065429,https://stooq.com/q/d/l/?s=1803.jp&i=d,2026-03-26T08:35:00+00:00
1803,1803.T,1803.jp,2012-02-27,295.31,295.31,290.83,293.52,6301583,https://stooq.com/q/d/l/?s=1803.jp&i=d,2026-03-26T08:35:00+00:00
1803,1803.T,1803.jp,2012-02-28,291.73,294.40,290.83,293.52,5883494,https://stooq.com/q/d/l/?s=1803.jp&i=d,2026-03-26T08:35:00+00:00
1803,1803.T,1803.jp,2012-02-29,292.63,296.19,292.63,293.52,5649229,https://stooq.com/q/d/l/?s=1803.jp&i=d,2026-03-26T08:35:00+00:00
1803,1803.T,1803.jp,2012-03-01,294.40,294.40,289.94,291.73,5085428,https://stooq.com/q/d/l/?s=1803.jp&i=d,2026-03-26T08:35:00+00:00
1803,1803.T,1803.jp,2012-03-02,292.63,296.19,291.73,293.52,4014989,https://stooq.com/q/d/l/?s=1803.jp&i=d,2026-03-26T08:35:00+00:00
1803,1803.T,1803.jp,2012-03-05,294.40,294.40,291.73,292.63,2239516,https://stooq.com/q/d/l/?s=1803.jp&i=d,2026-03-26T08:35:00+00:00
1803,1803.T,1803.jp,2012-03-06,293.52,299.77,293.52,298.87,8253034,https://stooq.com/q/d/l/?s=1803.jp&i=d,2026-03-26T08:35:00+00:00
1803,1803.T,1803.jp,2012-03-07,298.87,299.77,291.73,294.40,4846679,https://stooq.com/q/d/l/?s=1803.jp&i=d,2026-03-26T08:35:00+00:00
1803,1803.T,1803.jp,2012-03-08,295.31,297.99,294.40,297.99,3441099,https://stooq.com/q/d/l/?s=1803.jp&i=d,2026-03-26T08:35:00+00:00
1803,1803.T,1803.jp,2012-03-09,302.44,302.44,297.99,299.77,6587407,https://stooq.com/q/d/l/?s=1803.jp&i=d,2026-03-26T08:35:00+00:00
1803,1803.T,1803.jp,2012-03-12,301.55,302.44,297.99,297.99,3487054,https://stooq.com/q/d/l/?s=1803.jp&i=d,2026-03-26T08:35:00+00:00
1803,1803.T,1803.jp,2012-03-13,297.99,299.77,295.31,295.31,4058704,https://stooq.com/q/d/l/?s=1803.jp&i=d,2026-03-26T08:35:00+00:00
1803,1803.T,1803.jp,2012-03-14,297.99,300.67,297.99,297.99,2506286,https://stooq.com/q/d/l/?s=1803.jp&i=d,2026-03-26T08:35:00+00:00
1803,1803.T,1803.jp,2012-03-15,299.77,299.77,297.99,298.87,2185715,https://stooq.com/q/d/l/?s=1803.jp&i=d,2026-03-26T08:35:00+00:00
1803,1803.T,1803.jp,2012-03-16,298.87,299.77,297.10,297.10,2576899,https://stooq.com/q/d/l/?s=1803.jp&i=d,2026-03-26T08:35:00+00:00
1803,1803.T,1803.jp,2012-03-19,297.99,298.87,297.10,297.10,1170197,https://stooq.com/q/d/l/?s=1803.jp&i=d,2026-03-26T08:35:00+00:00
1803,1803.T,1803.jp,2012-03-21,297.10,301.55,297.10,299.77,4365823,https://stooq.com/q/d/l/?s=1803.jp&i=d,2026-03-26T08:35:00+00:00
1803,1803.T,1803.jp,2012-03-22,298.87,299.77,297.10,298.87,2901957,https://stooq.com/q/d/l/?s=1803.jp&i=d,2026-03-26T08:35:00+00:00
1803,1803.T,1803.jp,2012-03-23,297.99,297.99,294.40,294.40,2433428,https://stooq.com/q/d/l/?s=1803.jp&i=d,2026-03-26T08:35:00+00:00
1803,1803.T,1803.jp,2012-03-26,295.31,295.31,292.63,293.52,2321339,https://stooq.com/q/d/l/?s=1803.jp&i=d,2026-03-26T08:35:00+00:00
1803,1803.T,1803.jp,2012-03-27,294.40,297.99,294.40,297.99,2375140,https://stooq.com/q/d/l/?s=1803.jp&i=d,2026-03-26T08:35:00+00:00
1803,1803.T,1803.jp,2012-03-28,294.40,295.31,291.73,294.40,2645275,https://stooq.com/q/d/l/?s=1803.jp&i=d,2026-03-26T08:35:00+00:00
1803,1803.T,1803.jp,2012-03-29,294.40,296.19,292.63,296.19,2955759,https://stooq.com/q/d/l/?s=1803.jp&i=d,2026-03-26T08:35:00+00:00
1803,1803.T,1803.jp,2012-03-30,295.31,297.10,294.40,296.19,2994988,https://stooq.com/q/d/l/?s=1803.jp&i=d,2026-03-26T08:35:00+00:00
1803,1803.T,1803.jp,2012-04-02,297.10,297.10,290.83,290.83,3157516,https://stooq.com/q/d/l/?s=1803.jp&i=d,2026-03-26T08:35:00+00:00
1803,1803.T,1803.jp,2012-04-03,290.83,291.73,287.27,288.16,2277624,https://stooq.com/q/d/l/?s=1803.jp&i=d,2026-03-26T08:35:00+00:00
1803,1803.T,1803.jp,2012-04-04,286.38,286.38,281.90,282.82,7238637,https://stooq.com/q/d/l/?s=1803.jp&i=d,2026-03-26T08:35:00+00:00
1803,1803.T,1803.jp,2012-04-05,282.82,284.58,282.82,284.58,4529472,https://stooq.com/q/d/l/?s=1803.jp&i=d,2026-03-26T08:35:00+00:00
1803,1803.T,1803.jp,2012-04-06,285.48,285.48,282.82,282.82,2493956,https://stooq.com/q/d/l/?s=1803.jp&i=d,2026-03-26T08:35:00+00:00
1803,1803.T,1803.jp,2012-04-09,282.82,284.58,280.13,281.90,3839011,https://stooq.com/q/d/l/?s=1803.jp&i=d,2026-03-26T08:35:00+00:00
1803,1803.T,1803.jp,2012-04-10,281.90,282.82,279.24,280.13,4309781,https://stooq.com/q/d/l/?s=1803.jp&i=d,2026-03-26T08:35:00+00:00
1803,1803.T,1803.jp,2012-04-11,279.24,279.24,275.68,278.35,3525164,https://stooq.com/q/d/l/?s=1803.jp&i=d,2026-03-26T08:35:00+00:00
1803,1803.T,1803.jp,2012-04-12,279.24,281.03,278.35,280.13,2080351,https://stooq.com/q/d/l/?s=1803.jp&i=d,2026-03-26T08:35:00+00:00
1803,1803.T,1803.jp,2012-04-13,281.03,282.82,276.57,281.90,5791582,https://stooq.com/q/d/l/?s=1803.jp&i=d,2026-03-26T08:35:00+00:00
1803,1803.T,1803.jp,2012-04-16,281.03,283.71,280.13,281.03,3315561,https://stooq.com/q/d/l/?s=1803.jp&i=d,2026-03-26T08:35:00+00:00
1803,1803.T,1803.jp,2012-04-17,281.03,283.71,279.24,281.90,2788748,https://stooq.com/q/d/l/?s=1803.jp&i=d,2026-03-26T08:35:00+00:00
1803,1803.T,1803.jp,2012-04-18,282.82,285.48,281.03,282.82,3234858,https://stooq.com/q/d/l/?s=1803.jp&i=d,2026-03-26T08:35:00+00:00
1803,1803.T,1803.jp,2012-04-19,282.82,282.82,276.57,276.57,4679670,https://stooq.com/q/d/l/?s=1803.jp&i=d,2026-03-26T08:35:00+00:00
1803,1803.T,1803.jp,2012-04-20,277.47,277.47,274.79,274.79,1964901,https://stooq.com/q/d/l/?s=1803.jp&i=d,2026-03-26T08:35:00+00:00
1803,1803.T,1803.jp,2012-04-23,274.79,276.57,273.89,275.68,1897648,https://stooq.com/q/d/l/?s=1803.jp&i=d,2026-03-26T08:35:00+00:00
1803,1803.T,1803.jp,2012-04-24,274.79,274.79,272.09,273.00,2663208,https://stooq.com/q/d/l/?s=1803.jp&i=d,2026-03-26T08:35:00+00:00
1803,1803.T,1803.jp,2012-04-25,275.68,276.57,273.89,274.79,1952572,https://stooq.com/q/d/l/?s=1803.jp&i=d,2026-03-26T08:35:00+00:00
1803,1803.T,1803.jp,2012-04-26,277.47,280.13,275.68,278.35,2544397,https://stooq.com/q/d/l/?s=1803.jp&i=d,2026-03-26T08:35:00+00:00
1803,1803.T,1803.jp,2012-04-27,276.57,276.57,270.32,271.19,4120352,https://stooq.com/q/d/l/?s=1803.jp&i=d,2026-03-26T08:35:00+00:00
1803,1803.T,1803.jp,2012-05-01,270.32,272.09,267.64,267.64,2239516,https://stooq.com/q/d/l/?s=1803.jp&i=d,2026-03-26T08:35:00+00:00
1803,1803.T,1803.jp,2012-05-02,266.75,267.64,264.08,266.75,3760549,https://stooq.com/q/d/l/?s=1803.jp&i=d,2026-03-26T08:35:00+00:00
1803,1803.T,1803.jp,2012-05-07,262.29,262.29,258.73,260.51,3493780,https://stooq.com/q/d/l/?s=1803.jp&i=d,2026-03-26T08:35:00+00:00
1803,1803.T,1803.jp,2012-05-08,260.51,261.39,258.73,259.63,3001712,https://stooq.com/q/d/l/?s=1803.jp&i=d,2026-03-26T08:35:00+00:00
1803,1803.T,1803.jp,2012-05-09,256.95,257.83,252.48,254.25,3620441,https://stooq.com/q/d/l/?s=1803.jp&i=d,2026-03-26T08:35:00+00:00
1803,1803.T,1803.jp,2012-05-10,248.01,252.48,247.13,250.70,8524285,https://stooq.com/q/d/l/?s=1803.jp&i=d,2026-03-26T08:35:00+00:00
1803,1803.T,1803.jp,2012-05-11,249.80,252.48,242.66,244.46,6273560,https://stooq.com/q/d/l/?s=1803.jp&i=d,2026-03-26T08:35:00+00:00
1803,1803.T,1803.jp,2012-05-14,244.46,248.90,244.46,247.13,3846856,https://stooq.com/q/d/l/?s=1803.jp&i=d,2026-03-26T08:35:00+00:00
1803,1803.T,1803.jp,2012-05-15,244.46,248.01,239.99,245.34,3222526,https://stooq.com/q/d/l/?s=1803.jp&i=d,2026-03-26T08:35:00+00:00
1803,1803.T,1803.jp,2012-05-16,244.46,246.22,239.99,240.88,3306595,https://stooq.com/q/d/l/?s=1803.jp&i=d,2026-03-26T08:35:00+00:00
1803,1803.T,1803.jp,2012-05-17,239.99,245.34,239.99,244.46,3739252,https://stooq.com/q/d/l/?s=1803.jp&i=d,2026-03-26T08:35:00+00:00
1803,1803.T,1803.jp,2012-05-18,241.77,241.77,236.44,238.19,4531712,https://stooq.com/q/d/l/?s=1803.jp&i=d,2026-03-26T08:35:00+00:00
1803,1803.T,1803.jp,2012-05-21,237.32,240.88,236.44,239.99,2059056,https://stooq.com/q/d/l/?s=1803.jp&i=d,2026-03-26T08:35:00+00:00
1803,1803.T,1803.jp,2012-05-22,243.54,244.46,239.99,244.46,3386175,https://stooq.com/q/d/l/?s=1803.jp&i=d,2026-03-26T08:35:00+00:00
1803,1803.T,1803.jp,2012-05-23,241.77,243.54,235.53,236.44,4492482,https://stooq.com/q/d/l/?s=1803.jp&i=d,2026-03-26T08:35:00+00:00
1803,1803.T,1803.jp,2012-05-24,237.32,239.99,236.44,239.10,4663975,https://stooq.com/q/d/l/?s=1803.jp&i=d,2026-03-26T08:35:00+00:00
1803,1803.T,1803.jp,2012-05-25,245.34,245.34,238.19,239.10,2530943,https://stooq.com/q/d/l/?s=1803.jp&i=d,2026-03-26T08:35:00+00:00
1803,1803.T,1803.jp,2012-05-28,236.44,236.44,232.85,234.63,2173385,https://stooq.com/q/d/l/?s=1803.jp&i=d,2026-03-26T08:35:00+00:00
1803,1803.T,1803.jp,2012-05-29,232.85,235.53,230.16,234.63,2665451,https://stooq.com/q/d/l/?s=1803.jp&i=d,2026-03-26T08:35:00+00:00
1803,1803.T,1803.jp,2012-05-30,232.85,233.73,230.16,231.94,3205714,https://stooq.com/q/d/l/?s=1803.jp&i=d,2026-03-26T08:35:00+00:00
1803,1803.T,1803.jp,2012-05-31,229.28,231.94,228.37,231.94,2825736,https://stooq.com/q/d/l/?s=1803.jp&i=d,2026-03-26T08:35:00+00:00
1803,1803.T,1803.jp,2012-06-01,229.28,230.16,224.82,226.61,3043186,https://stooq.com/q/d/l/?s=1803.jp&i=d,2026-03-26T08:35:00+00:00
1803,1803.T,1803.jp,2012-06-04,222.14,222.14,219.46,221.26,3593538,https://stooq.com/q/d/l/?s=1803.jp&i=d,2026-03-26T08:35:00+00:00
1803,1803.T,1803.jp,2012-06-05,222.14,228.37,222.14,227.49,3061119,https://stooq.com/q/d/l/?s=1803.jp&i=d,2026-03-26T08:35:00+00:00
1803,1803.T,1803.jp,2012-06-06,228.37,229.28,225.71,227.49,3315561,https://stooq.com/q/d/l/?s=1803.jp&i=d,2026-03-26T08:35:00+00:00
1803,1803.T,1803.jp,2012-06-07,228.37,231.94,226.61,231.94,3635009,https://stooq.com/q/d/l/?s=1803.jp&i=d,2026-03-26T08:35:00+00:00
1803,1803.T,1803.jp,2012-06-08,229.28,229.28,221.26,223.93,8188023,https://stooq.com/q/d/l/?s=1803.jp&i=d,2026-03-26T08:35:00+00:00
1803,1803.T,1803.jp,2012-06-11,228.37,230.16,225.71,229.28,3888330,https://stooq.com/q/d/l/?s=1803.jp&i=d,2026-03-26T08:35:00+00:00
1803,1803.T,1803.jp,2012-06-12,224.82,229.28,223.04,228.37,4285121,https://stooq.com/q/d/l/?s=1803.jp&i=d,2026-03-26T08:35:00+00:00
1803,1803.T,1803.jp,2012-06-13,228.37,230.16,225.71,227.49,2842549,https://stooq.com/q/d/l/?s=1803.jp&i=d,2026-03-26T08:35:00+00:00
1803,1803.T,1803.jp,2012-06-14,226.61,227.49,225.71,226.61,3179936,https://stooq.com/q/d/l/?s=1803.jp&i=d,2026-03-26T08:35:00+00:00
1803,1803.T,1803.jp,2012-06-15,229.28,230.16,226.61,228.37,1813582,https://stooq.com/q/d/l/?s=1803.jp&i=d,2026-03-26T08:35:00+00:00
1803,1803.T,1803.jp,2012-06-18,231.06,231.94,229.28,229.28,2342636,https://stooq.com/q/d/l/?s=1803.jp&i=d,2026-03-26T08:35:00+00:00
1803,1803.T,1803.jp,2012-06-19,228.37,231.06,226.61,227.49,3589055,https://stooq.com/q/d/l/?s=1803.jp&i=d,2026-03-26T08:35:00+00:00
1803,1803.T,1803.jp,2012-06-20,228.37,231.06,227.49,230.16,2959121,https://stooq.com/q/d/l/?s=1803.jp&i=d,2026-03-26T08:35:00+00:00
1803,1803.T,1803.jp,2012-06-21,230.16,230.16,226.61,228.37,4365823,https://stooq.com/q/d/l/?s=1803.jp&i=d,2026-03-26T08:35:00+00:00
1803,1803.T,1803.jp,2012-06-22,225.71,231.94,224.82,229.28,3915230,https://stooq.com/q/d/l/?s=1803.jp&i=d,2026-03-26T08:35:00+00:00
1803,1803.T,1803.jp,2012-06-25,233.73,236.44,231.94,231.94,6522394,https://stooq.com/q/d/l/?s=1803.jp&i=d,2026-03-26T08:35:00+00:00
1803,1803.T,1803.jp,2012-06-26,232.85,235.53,229.28,232.85,4659495,https://stooq.com/q/d/l/?s=1803.jp&i=d,2026-03-26T08:35:00+00:00
1803,1803.T,1803.jp,2012-06-27,231.06,243.54,231.06,242.66,7123189,https://stooq.com/q/d/l/?s=1803.jp&i=d,2026-03-26T08:35:00+00:00
1803,1803.T,1803.jp,2012-06-28,245.34,245.34,240.88,243.54,4040771,https://stooq.com/q/d/l/?s=1803.jp&i=d,2026-03-26T08:35:00+00:00
1803,1803.T,1803.jp,2012-06-29,243.54,248.01,242.66,246.22,4823142,https://stooq.com/q/d/l/?s=1803.jp&i=d,2026-03-26T08:35:00+00:00
1803,1803.T,1803.jp,2012-07-02,250.70,250.70,245.34,248.01,3131736,https://stooq.com/q/d/l/?s=1803.jp&i=d,2026-03-26T08:35:00+00:00
1803,1803.T,1803.jp,2012-07-03,250.70,250.70,248.90,249.80,3288660,https://stooq.com/q/d/l/?s=1803.jp&i=d,2026-03-26T08:35:00+00:00
1803,1803.T,1803.jp,2012-07-04,249.80,249.80,244.46,245.34,3422044,https://stooq.com/q/d/l/?s=1803.jp&i=d,2026-03-26T08:35:00+00:00
1803,1803.T,1803.jp,2012-07-05,245.34,248.01,242.66,243.54,3105957,https://stooq.com/q/d/l/?s=1803.jp&i=d,2026-03-26T08:35:00+00:00
1803,1803.T,1803.jp,2012-07-06,242.66,243.54,235.53,239.10,10608000,https://stooq.com/q/d/l/?s=1803.jp&i=d,2026-03-26T08:35:00+00:00
1803,1803.T,1803.jp,2012-07-09,237.32,242.66,235.53,239.10,4718898,https://stooq.com/q/d/l/?s=1803.jp&i=d,2026-03-26T08:35:00+00:00
1803,1803.T,1803.jp,2012-07-10,239.10,243.54,239.10,241.77,3415320,https://stooq.com/q/d/l/?s=1803.jp&i=d,2026-03-26T08:35:00+00:00
1803,1803.T,1803.jp,2012-07-11,240.88,241.77,237.32,238.19,2363935,https://stooq.com/q/d/l/?s=1803.jp&i=d,2026-03-26T08:35:00+00:00
1803,1803.T,1803.jp,2012-07-12,239.10,241.77,236.44,237.32,4401692,https://stooq.com/q/d/l/?s=1803.jp&i=d,2026-03-26T08:35:00+00:00
1803,1803.T,1803.jp,2012-07-13,235.53,239.10,235.53,236.44,2362814,https://stooq.com/q/d/l/?s=1803.jp&i=d,2026-03-26T08:35:00+00:00
1803,1803.T,1803.jp,2012-07-17,236.44,240.88,233.73,235.53,3511714,https://stooq.com/q/d/l/?s=1803.jp&i=d,2026-03-26T08:35:00+00:00
1803,1803.T,1803.jp,2012-07-18,236.44,238.19,231.06,231.06,3076812,https://stooq.com/q/d/l/?s=1803.jp&i=d,2026-03-26T08:35:00+00:00
1803,1803.T,1803.jp,2012-07-19,231.06,235.53,229.28,229.28,2867210,https://stooq.com/q/d/l/?s=1803.jp&i=d,2026-03-26T08:35:00+00:00
1803,1803.T,1803.jp,2012-07-20,228.37,231.06,223.04,223.93,3404110,https://stooq.com/q/d/l/?s=1803.jp&i=d,2026-03-26T08:35:00+00:00
1803,1803.T,1803.jp,2012-07-23,220.36,223.04,215.89,216.79,3807624,https://stooq.com/q/d/l/?s=1803.jp&i=d,2026-03-26T08:35:00+00:00
1803,1803.T,1803.jp,2012-07-24,216.79,219.46,214.11,217.68,4702088,https://stooq.com/q/d/l/?s=1803.jp&i=d,2026-03-26T08:35:00+00:00
1803,1803.T,1803.jp,2012-07-25,218.58,218.58,211.44,211.44,2921010,https://stooq.com/q/d/l/?s=1803.jp&i=d,2026-03-26T08:35:00+00:00
1803,1803.T,1803.jp,2012-07-26,215.89,216.79,212.33,215.00,4213386,https://stooq.com/q/d/l/?s=1803.jp&i=d,2026-03-26T08:35:00+00:00
1803,1803.T,1803.jp,2012-07-27,215.00,218.58,214.11,215.89,3419802,https://stooq.com/q/d/l/?s=1803.jp&i=d,2026-03-26T08:35:00+00:00
1803,1803.T,1803.jp,2012-07-30,217.68,219.46,214.11,216.79,2871692,https://stooq.com/q/d/l/?s=1803.jp&i=d,2026-03-26T08:35:00+00:00
1803,1803.T,1803.jp,2012-07-31,216.79,220.36,215.89,218.58,2516373,https://stooq.com/q/d/l/?s=1803.jp&i=d,2026-03-26T08:35:00+00:00
1803,1803.T,1803.jp,2012-08-01,217.68,218.58,213.23,215.00,3179936,https://stooq.com/q/d/l/?s=1803.jp&i=d,2026-03-26T08:35:00+00:00
1803,1803.T,1803.jp,2012-08-02,215.00,215.00,212.33,213.23,2205889,https://stooq.com/q/d/l/?s=1803.jp&i=d,2026-03-26T08:35:00+00:00
1803,1803.T,1803.jp,2012-08-03,212.33,212.33,206.98,207.87,2082593,https://stooq.com/q/d/l/?s=1803.jp&i=d,2026-03-26T08:35:00+00:00
1803,1803.T,1803.jp,2012-08-06,210.55,213.23,209.64,211.44,2641913,https://stooq.com/q/d/l/?s=1803.jp&i=d,2026-03-26T08:35:00+00:00
1803,1803.T,1803.jp,2012-08-07,211.44,215.00,211.44,214.11,3737010,https://stooq.com/q/d/l/?s=1803.jp&i=d,2026-03-26T08:35:00+00:00
1803,1803.T,1803.jp,2012-08-08,218.58,224.82,218.58,223.93,7257692,https://stooq.com/q/d/l/?s=1803.jp&i=d,2026-03-26T08:35:00+00:00
1803,1803.T,1803.jp,2012-08-09,225.71,231.06,224.82,229.28,5338745,https://stooq.com/q/d/l/?s=1803.jp&i=d,2026-03-26T08:35:00+00:00
1803,1803.T,1803.jp,2012-08-10,231.06,231.94,226.61,227.49,4152858,https://stooq.com/q/d/l/?s=1803.jp&i=d,2026-03-26T08:35:00+00:00
1803,1803.T,1803.jp,2012-08-13,228.37,231.94,227.49,230.16,3027494,https://stooq.com/q/d/l/?s=1803.jp&i=d,2026-03-26T08:35:00+00:00
1803,1803.T,1803.jp,2012-08-14,230.16,231.94,229.28,230.16,2116218,https://stooq.com/q/d/l/?s=1803.jp&i=d,2026-03-26T08:35:00+00:00
1803,1803.T,1803.jp,2012-08-15,231.06,231.06,222.14,224.82,3286415,https://stooq.com/q/d/l/?s=1803.jp&i=d,2026-03-26T08:35:00+00:00
1803,1803.T,1803.jp,2012-08-16,225.71,229.28,225.71,228.37,1932397,https://stooq.com/q/d/l/?s=1803.jp&i=d,2026-03-26T08:35:00+00:00
1803,1803.T,1803.jp,2012-08-17,228.37,229.28,226.61,229.28,1250900,https://stooq.com/q/d/l/?s=1803.jp&i=d,2026-03-26T08:35:00+00:00
1803,1803.T,1803.jp,2012-08-20,231.94,234.63,230.16,232.85,2309011,https://stooq.com/q/d/l/?s=1803.jp&i=d,2026-03-26T08:35:00+00:00
1803,1803.T,1803.jp,2012-08-21,233.73,234.63,231.06,234.63,2220461,https://stooq.com/q/d/l/?s=1803.jp&i=d,2026-03-26T08:35:00+00:00
1803,1803.T,1803.jp,2012-08-22,232.85,233.73,228.37,231.06,1913340,https://stooq.com/q/d/l/?s=1803.jp&i=d,2026-03-26T08:35:00+00:00
1803,1803.T,1803.jp,2012-08-23,231.06,232.85,228.37,232.85,2935582,https://stooq.com/q/d/l/?s=1803.jp&i=d,2026-03-26T08:35:00+00:00
1803,1803.T,1803.jp,2012-08-24,229.28,231.06,228.37,230.16,1802372,https://stooq.com/q/d/l/?s=1803.jp&i=d,2026-03-26T08:35:00+00:00
1803,1803.T,1803.jp,2012-08-27,231.94,232.85,230.16,231.06,1162352,https://stooq.com/q/d/l/?s=1803.jp&i=d,2026-03-26T08:35:00+00:00
1803,1803.T,1803.jp,2012-08-28,231.94,232.85,229.28,231.06,2901957,https://stooq.com/q/d/l/?s=1803.jp&i=d,2026-03-26T08:35:00+00:00
1803,1803.T,1803.jp,2012-08-29,232.85,232.85,231.06,232.85,1756418,https://stooq.com/q/d/l/?s=1803.jp&i=d,2026-03-26T08:35:00+00:00
1803,1803.T,1803.jp,2012-08-30,232.85,232.85,228.37,229.28,1601736,https://stooq.com/q/d/l/?s=1803.jp&i=d,2026-03-26T08:35:00+00:00
1803,1803.T,1803.jp,2012-08-31,227.49,228.37,222.14,223.04,2750637,https://stooq.com/q/d/l/?s=1803.jp&i=d,2026-03-26T08:35:00+00:00
1803,1803.T,1803.jp,2012-09-03,221.26,225.71,221.26,221.26,2564570,https://stooq.com/q/d/l/?s=1803.jp&i=d,2026-03-26T08:35:00+00:00
1803,1803.T,1803.jp,2012-09-04,222.14,222.14,218.58,220.36,1757538,https://stooq.com/q/d/l/?s=1803.jp&i=d,2026-03-26T08:35:00+00:00
1803,1803.T,1803.jp,2012-09-05,222.14,223.04,218.58,219.46,1592768,https://stooq.com/q/d/l/?s=1803.jp&i=d,2026-03-26T08:35:00+00:00
1803,1803.T,1803.jp,2012-09-06,217.68,218.58,214.11,216.79,2155451,https://stooq.com/q/d/l/?s=1803.jp&i=d,2026-03-26T08:35:00+00:00
1803,1803.T,1803.jp,2012-09-07,220.36,222.14,218.58,220.36,2607164,https://stooq.com/q/d/l/?s=1803.jp&i=d,2026-03-26T08:35:00+00:00
1803,1803.T,1803.jp,2012-09-10,219.46,224.82,218.58,224.82,1354022,https://stooq.com/q/d/l/?s=1803.jp&i=d,2026-03-26T08:35:00+00:00
1803,1803.T,1803.jp,2012-09-11,224.82,224.82,219.46,221.26,2821254,https://stooq.com/q/d/l/?s=1803.jp&i=d,2026-03-26T08:35:00+00:00
1803,1803.T,1803.jp,2012-09-12,223.04,229.28,222.14,229.28,3320042,https://stooq.com/q/d/l/?s=1803.jp&i=d,2026-03-26T08:35:00+00:00
1803,1803.T,1803.jp,2012-09-13,229.28,231.94,227.49,230.16,3074569,https://stooq.com/q/d/l/?s=1803.jp&i=d,2026-03-26T08:35:00+00:00
1803,1803.T,1803.jp,2012-09-14,232.85,233.73,230.16,231.94,4576549,https://stooq.com/q/d/l/?s=1803.jp&i=d,2026-03-26T08:35:00+00:00
1803,1803.T,1803.jp,2012-09-18,233.73,234.63,231.06,233.73,2921010,https://stooq.com/q/d/l/?s=1803.jp&i=d,2026-03-26T08:35:00+00:00
1803,1803.T,1803.jp,2012-09-19,232.85,234.63,230.16,231.94,4084485,https://stooq.com/q/d/l/?s=1803.jp&i=d,2026-03-26T08:35:00+00:00
1803,1803.T,1803.jp,2012-09-20,230.16,231.06,227.49,229.28,4586637,https://stooq.com/q/d/l/?s=1803.jp&i=d,2026-03-26T08:35:00+00:00
1803,1803.T,1803.jp,2012-09-21,228.37,233.73,228.37,233.73,3186660,https://stooq.com/q/d/l/?s=1803.jp&i=d,2026-03-26T08:35:00+00:00
1803,1803.T,1803.jp,2012-09-24,233.73,236.44,232.85,235.53,4152858,https://stooq.com/q/d/l/?s=1803.jp&i=d,2026-03-26T08:35:00+00:00
1803,1803.T,1803.jp,2012-09-25,237.32,237.32,234.63,237.32,1941361,https://stooq.com/q/d/l/?s=1803.jp&i=d,2026-03-26T08:35:00+00:00
1803,1803.T,1803.jp,2012-09-26,233.73,237.32,232.85,235.53,2061298,https://stooq.com/q/d/l/?s=1803.jp&i=d,2026-03-26T08:35:00+00:00
1803,1803.T,1803.jp,2012-09-27,234.63,237.32,231.94,237.32,2550002,https://stooq.com/q/d/l/?s=1803.jp&i=d,2026-03-26T08:35:00+00:00
1803,1803.T,1803.jp,2012-09-28,238.19,238.19,231.06,234.63,2035517,https://stooq.com/q/d/l/?s=1803.jp&i=d,2026-03-26T08:35:00+00:00
1803,1803.T,1803.jp,2012-10-01,234.63,234.63,229.28,232.85,1702615,https://stooq.com/q/d/l/?s=1803.jp&i=d,2026-03-26T08:35:00+00:00
1803,1803.T,1803.jp,2012-10-02,232.85,234.63,231.06,231.94,2483869,https://stooq.com/q/d/l/?s=1803.jp&i=d,2026-03-26T08:35:00+00:00
1803,1803.T,1803.jp,2012-10-03,231.94,234.63,230.16,232.85,2019825,https://stooq.com/q/d/l/?s=1803.jp&i=d,2026-03-26T08:35:00+00:00
1803,1803.T,1803.jp,2012-10-04,234.63,236.44,231.94,234.63,1433606,https://stooq.com/q/d/l/?s=1803.jp&i=d,2026-03-26T08:35:00+00:00
1803,1803.T,1803.jp,2012-10-05,234.63,237.32,231.94,237.32,2013098,https://stooq.com/q/d/l/?s=1803.jp&i=d,2026-03-26T08:35:00+00:00
1803,1803.T,1803.jp,2012-10-09,237.32,239.10,234.63,234.63,1473955,https://stooq.com/q/d/l/?s=1803.jp&i=d,2026-03-26T08:35:00+00:00
1803,1803.T,1803.jp,2012-10-10,231.94,232.85,227.49,229.28,3205714,https://stooq.com/q/d/l/?s=1803.jp&i=d,2026-03-26T08:35:00+00:00
1803,1803.T,1803.jp,2012-10-11,223.93,227.49,223.93,225.71,1930154,https://stooq.com/q/d/l/?s=1803.jp&i=d,2026-03-26T08:35:00+00:00
1803,1803.T,1803.jp,2012-10-12,226.61,231.06,226.61,230.16,2007493,https://stooq.com/q/d/l/?s=1803.jp&i=d,2026-03-26T08:35:00+00:00
1803,1803.T,1803.jp,2012-10-15,229.28,230.16,226.61,228.37,1899893,https://stooq.com/q/d/l/?s=1803.jp&i=d,2026-03-26T08:35:00+00:00
1803,1803.T,1803.jp,2012-10-16,229.28,230.16,227.49,228.37,2140878,https://stooq.com/q/d/l/?s=1803.jp&i=d,2026-03-26T08:35:00+00:00
1803,1803.T,1803.jp,2012-10-17,229.28,238.19,229.28,237.32,3332373,https://stooq.com/q/d/l/?s=1803.jp&i=d,2026-03-26T08:35:00+00:00
1803,1803.T,1803.jp,2012-10-18,238.19,238.19,231.94,231.94,4324351,https://stooq.com/q/d/l/?s=1803.jp&i=d,2026-03-26T08:35:00+00:00
1803,1803.T,1803.jp,2012-10-19,231.94,235.53,231.06,232.85,2390835,https://stooq.com/q/d/l/?s=1803.jp&i=d,2026-03-26T08:35:00+00:00
1803,1803.T,1803.jp,2012-10-22,232.85,236.44,231.94,235.53,1787800,https://stooq.com/q/d/l/?s=1803.jp&i=d,2026-03-26T08:35:00+00:00
1803,1803.T,1803.jp,2012-10-23,237.32,238.19,232.85,233.73,2100527,https://stooq.com/q/d/l/?s=1803.jp&i=d,2026-03-26T08:35:00+00:00
1803,1803.T,1803.jp,2012-10-24,232.85,235.53,232.85,234.63,2250725,https://stooq.com/q/d/l/?s=1803.jp&i=d,2026-03-26T08:35:00+00:00
1803,1803.T,1803.jp,2012-10-25,235.53,239.10,233.73,239.10,2230550,https://stooq.com/q/d/l/?s=1803.jp&i=d,2026-03-26T08:35:00+00:00
1803,1803.T,1803.jp,2012-10-26,239.10,239.10,233.73,235.53,2046725,https://stooq.com/q/d/l/?s=1803.jp&i=d,2026-03-26T08:35:00+00:00
1803,1803.T,1803.jp,2012-10-29,234.63,238.19,234.63,238.19,1562505,https://stooq.com/q/d/l/?s=1803.jp&i=d,2026-03-26T08:35:00+00:00
1803,1803.T,1803.jp,2012-10-30,238.19,239.99,235.53,235.53,2541033,https://stooq.com/q/d/l/?s=1803.jp&i=d,2026-03-26T08:35:00+00:00
1803,1803.T,1803.jp,2012-10-31,236.44,239.10,235.53,238.19,1322637,https://stooq.com/q/d/l/?s=1803.jp&i=d,2026-03-26T08:35:00+00:00
1803,1803.T,1803.jp,2012-11-01,237.32,238.19,229.28,231.94,2861605,https://stooq.com/q/d/l/?s=1803.jp&i=d,2026-03-26T08:35:00+00:00
1803,1803.T,1803.jp,2012-11-02,234.63,234.63,230.16,231.94,1664505,https://stooq.com/q/d/l/?s=1803.jp&i=d,2026-03-26T08:35:00+00:00
1803,1803.T,1803.jp,2012-11-05,230.16,231.94,229.28,229.28,820485,https://stooq.com/q/d/l/?s=1803.jp&i=d,2026-03-26T08:35:00+00:00
1803,1803.T,1803.jp,2012-11-06,230.16,230.16,226.61,227.49,1264352,https://stooq.com/q/d/l/?s=1803.jp&i=d,2026-03-26T08:35:00+00:00
1803,1803.T,1803.jp,2012-11-07,228.37,228.37,223.04,225.71,2640792,https://stooq.com/q/d/l/?s=1803.jp&i=d,2026-03-26T08:35:00+00:00
1803,1803.T,1803.jp,2012-11-08,221.26,223.93,219.46,222.14,2001890,https://stooq.com/q/d/l/?s=1803.jp&i=d,2026-03-26T08:35:00+00:00
1803,1803.T,1803.jp,2012-11-09,218.58,221.26,217.68,220.36,2059056,https://stooq.com/q/d/l/?s=1803.jp&i=d,2026-03-26T08:35:00+00:00
1803,1803.T,1803.jp,2012-11-12,218.58,219.46,211.44,213.23,4569823,https://stooq.com/q/d/l/?s=1803.jp&i=d,2026-03-26T08:35:00+00:00
1803,1803.T,1803.jp,2012-11-13,206.98,207.87,199.85,201.63,7369780,https://stooq.com/q/d/l/?s=1803.jp&i=d,2026-03-26T08:35:00+00:00
1803,1803.T,1803.jp,2012-11-14,201.63,204.30,198.95,202.53,7155693,https://stooq.com/q/d/l/?s=1803.jp&i=d,2026-03-26T08:35:00+00:00
1803,1803.T,1803.jp,2012-11-15,213.23,220.36,205.19,218.58,9118352,https://stooq.com/q/d/l/?s=1803.jp&i=d,2026-03-26T08:35:00+00:00
1803,1803.T,1803.jp,2012-11-16,221.26,222.14,215.00,221.26,5549473,https://stooq.com/q/d/l/?s=1803.jp&i=d,2026-03-26T08:35:00+00:00
1803,1803.T,1803.jp,2012-11-20,223.04,223.93,217.68,218.58,3751583,https://stooq.com/q/d/l/?s=1803.jp&i=d,2026-03-26T08:35:00+00:00
1803,1803.T,1803.jp,2012-11-21,219.46,221.26,216.79,218.58,2395318,https://stooq.com/q/d/l/?s=1803.jp&i=d,2026-03-26T08:35:00+00:00
1803,1803.T,1803.jp,2012-11-22,218.58,220.36,217.68,220.36,3461272,https://stooq.com/q/d/l/?s=1803.jp&i=d,2026-03-26T08:35:00+00:00
1803,1803.T,1803.jp,2012-11-26,221.26,222.14,220.36,221.26,3164240,https://stooq.com/q/d/l/?s=1803.jp&i=d,2026-03-26T08:35:00+00:00
1803,1803.T,1803.jp,2012-11-27,220.36,224.82,219.46,223.04,3562153,https://stooq.com/q/d/l/?s=1803.jp&i=d,2026-03-26T08:35:00+00:00
1803,1803.T,1803.jp,2012-11-28,223.04,223.04,218.58,219.46,3582331,https://stooq.com/q/d/l/?s=1803.jp&i=d,2026-03-26T08:35:00+00:00
1803,1803.T,1803.jp,2012-11-29,220.36,222.14,219.46,221.26,2274265,https://stooq.com/q/d/l/?s=1803.jp&i=d,2026-03-26T08:35:00+00:00
1803,1803.T,1803.jp,2012-11-30,223.04,224.82,220.36,221.26,3587932,https://stooq.com/q/d/l/?s=1803.jp&i=d,2026-03-26T08:35:00+00:00
1803,1803.T,1803.jp,2012-12-03,225.71,233.73,225.71,230.16,5454197,https://stooq.com/q/d/l/?s=1803.jp&i=d,2026-03-26T08:35:00+00:00
1803,1803.T,1803.jp,2012-12-04,229.28,230.16,223.93,225.71,4676308,https://stooq.com/q/d/l/?s=1803.jp&i=d,2026-03-26T08:35:00+00:00
1803,1803.T,1803.jp,2012-12-05,225.71,229.28,225.71,228.37,2089316,https://stooq.com/q/d/l/?s=1803.jp&i=d,2026-03-26T08:35:00+00:00
1803,1803.T,1803.jp,2012-12-06,230.16,231.06,228.37,230.16,3381692,https://stooq.com/q/d/l/?s=1803.jp&i=d,2026-03-26T08:35:00+00:00
1803,1803.T,1803.jp,2012-12-07,231.94,236.44,231.94,234.63,3568879,https://stooq.com/q/d/l/?s=1803.jp&i=d,2026-03-26T08:35:00+00:00
1803,1803.T,1803.jp,2012-12-10,237.32,239.10,236.44,237.32,4075516,https://stooq.com/q/d/l/?s=1803.jp&i=d,2026-03-26T08:35:00+00:00
1803,1803.T,1803.jp,2012-12-11,239.99,239.99,236.44,238.19,3591296,https://stooq.com/q/d/l/?s=1803.jp&i=d,2026-03-26T08:35:00+00:00
1803,1803.T,1803.jp,2012-12-12,240.88,242.66,239.10,239.99,3125011,https://stooq.com/q/d/l/?s=1803.jp&i=d,2026-03-26T08:35:00+00:00
1803,1803.T,1803.jp,2012-12-13,242.66,243.54,240.88,243.54,3327890,https://stooq.com/q/d/l/?s=1803.jp&i=d,2026-03-26T08:35:00+00:00
1803,1803.T,1803.jp,2012-12-14,243.54,250.70,242.66,248.90,12380110,https://stooq.com/q/d/l/?s=1803.jp&i=d,2026-03-26T08:35:00+00:00
1803,1803.T,1803.jp,2012-12-17,256.95,259.63,252.48,252.48,6271318,https://stooq.com/q/d/l/?s=1803.jp&i=d,2026-03-26T08:35:00+00:00
1803,1803.T,1803.jp,2012-12-18,254.25,266.75,254.25,262.29,10597913,https://stooq.com/q/d/l/?s=1803.jp&i=d,2026-03-26T08:35:00+00:00
1803,1803.T,1803.jp,2012-12-19,271.19,277.47,271.19,277.47,10520573,https://stooq.com/q/d/l/?s=1803.jp&i=d,2026-03-26T08:35:00+00:00
1803,1803.T,1803.jp,2012-12-20,279.24,280.13,269.43,274.79,11599980,https://stooq.com/q/d/l/?s=1803.jp&i=d,2026-03-26T08:35:00+00:00
1803,1803.T,1803.jp,2012-12-21,280.13,282.82,270.32,278.35,10755955,https://stooq.com/q/d/l/?s=1803.jp&i=d,2026-03-26T08:35:00+00:00
1803,1803.T,1803.jp,2012-12-25,286.38,286.38,282.82,283.71,6428242,https://stooq.com/q/d/l/?s=1803.jp&i=d,2026-03-26T08:35:00+00:00
1803,1803.T,1803.jp,2012-12-26,287.27,288.16,283.71,287.27,4789516,https://stooq.com/q/d/l/?s=1803.jp&i=d,2026-03-26T08:35:00+00:00
1803,1803.T,1803.jp,2012-12-27,289.07,290.83,287.27,289.07,5892462,https://stooq.com/q/d/l/?s=1803.jp&i=d,2026-03-26T08:35:00+00:00
1803,1803.T,1803.jp,2012-12-28,289.94,289.94,281.03,288.16,6234331,https://stooq.com/q/d/l/?s=1803.jp&i=d,2026-03-26T08:35:00+00:00
1803,1803.T,1803.jp,2013-01-04,294.40,295.31,290.83,293.52,4416264,https://stooq.com/q/d/l/?s=1803.jp&i=d,2026-03-26T08:35:00+00:00
1803,1803.T,1803.jp,2013-01-07,295.31,296.19,291.73,293.52,6177165,https://stooq.com/q/d/l/?s=1803.jp&i=d,2026-03-26T08:35:00+00:00
1803,1803.T,1803.jp,2013-01-08,291.73,295.31,289.07,292.63,5760199,https://stooq.com/q/d/l/?s=1803.jp&i=d,2026-03-26T08:35:00+00:00
1803,1803.T,1803.jp,2013-01-09,290.83,295.31,288.16,294.40,8742856,https://stooq.com/q/d/l/?s=1803.jp&i=d,2026-03-26T08:35:00+00:00
1803,1803.T,1803.jp,2013-01-10,296.19,301.55,296.19,300.67,5932813,https://stooq.com/q/d/l/?s=1803.jp&i=d,2026-03-26T08:35:00+00:00
1803,1803.T,1803.jp,2013-01-11,299.77,303.35,298.87,301.55,7335032,https://stooq.com/q/d/l/?s=1803.jp&i=d,2026-03-26T08:35:00+00:00
1803,1803.T,1803.jp,2013-01-15,304.19,304.19,293.52,296.19,9841319,https://stooq.com/q/d/l/?s=1803.jp&i=d,2026-03-26T08:35:00+00:00
1803,1803.T,1803.jp,2013-01-16,294.40,295.31,281.90,284.58,10284066,https://stooq.com/q/d/l/?s=1803.jp&i=d,2026-03-26T08:35:00+00:00
1803,1803.T,1803.jp,2013-01-17,282.82,283.71,273.89,278.35,8923316,https://stooq.com/q/d/l/?s=1803.jp&i=d,2026-03-26T08:35:00+00:00
1803,1803.T,1803.jp,2013-01-18,281.90,283.71,276.57,278.35,7063781,https://stooq.com/q/d/l/?s=1803.jp&i=d,2026-03-26T08:35:00+00:00
1803,1803.T,1803.jp,2013-01-21,278.35,280.13,273.89,277.47,5290549,https://stooq.com/q/d/l/?s=1803.jp&i=d,2026-03-26T08:35:00+00:00
1803,1803.T,1803.jp,2013-01-22,278.35,282.82,275.68,278.35,6836242,https://stooq.com/q/d/l/?s=1803.jp&i=d,2026-03-26T08:35:00+00:00
1803,1803.T,1803.jp,2013-01-23,276.57,276.57,268.53,269.43,4861253,https://stooq.com/q/d/l/?s=1803.jp&i=d,2026-03-26T08:35:00+00:00
1803,1803.T,1803.jp,2013-01-24,267.64,273.89,267.64,273.89,6099823,https://stooq.com/q/d/l/?s=1803.jp&i=d,2026-03-26T08:35:00+00:00
1803,1803.T,1803.jp,2013-01-25,276.57,277.47,273.00,273.89,3151913,https://stooq.com/q/d/l/?s=1803.jp&i=d,2026-03-26T08:35:00+00:00
1803,1803.T,1803.jp,2013-01-28,276.57,277.47,269.43,270.32,6075166,https://stooq.com/q/d/l/?s=1803.jp&i=d,2026-03-26T08:35:00+00:00
1803,1803.T,1803.jp,2013-01-29,267.64,270.32,258.73,263.18,18021497,https://stooq.com/q/d/l/?s=1803.jp&i=d,2026-03-26T08:35:00+00:00
1803,1803.T,1803.jp,2013-01-30,264.08,269.43,262.29,268.53,9236045,https://stooq.com/q/d/l/?s=1803.jp&i=d,2026-03-26T08:35:00+00:00
1803,1803.T,1803.jp,2013-01-31,265.86,268.53,260.51,264.08,10206725,https://stooq.com/q/d/l/?s=1803.jp&i=d,2026-03-26T08:35:00+00:00
1803,1803.T,1803.jp,2013-02-01,267.64,269.43,264.98,266.75,8398747,https://stooq.com/q/d/l/?s=1803.jp&i=d,2026-03-26T08:35:00+00:00
1803,1803.T,1803.jp,2013-02-04,267.64,270.32,264.98,265.86,6770111,https://stooq.com/q/d/l/?s=1803.jp&i=d,2026-03-26T08:35:00+00:00
1803,1803.T,1803.jp,2013-02-05,263.18,267.64,263.18,263.18,5883494,https://stooq.com/q/d/l/?s=1803.jp&i=d,2026-03-26T08:35:00+00:00
1803,1803.T,1803.jp,2013-02-06,267.64,273.89,265.86,268.53,7565934,https://stooq.com/q/d/l/?s=1803.jp&i=d,2026-03-26T08:35:00+00:00
1803,1803.T,1803.jp,2013-02-07,268.53,297.10,267.64,280.13,24708661,https://stooq.com/q/d/l/?s=1803.jp&i=d,2026-03-26T08:35:00+00:00
1803,1803.T,1803.jp,2013-02-08,276.57,276.57,268.53,271.19,11614549,https://stooq.com/q/d/l/?s=1803.jp&i=d,2026-03-26T08:35:00+00:00
1803,1803.T,1803.jp,2013-02-12,273.89,276.57,270.32,271.19,6573958,https://stooq.com/q/d/l/?s=1803.jp&i=d,2026-03-26T08:35:00+00:00
1803,1803.T,1803.jp,2013-02-13,268.53,270.32,263.18,264.98,7843913,https://stooq.com/q/d/l/?s=1803.jp&i=d,2026-03-26T08:35:00+00:00
1803,1803.T,1803.jp,2013-02-14,264.08,264.08,258.73,259.63,8046792,https://stooq.com/q/d/l/?s=1803.jp&i=d,2026-03-26T08:35:00+00:00
1803,1803.T,1803.jp,2013-02-15,259.63,260.51,248.90,251.57,11028330,https://stooq.com/q/d/l/?s=1803.jp&i=d,2026-03-26T08:35:00+00:00
1803,1803.T,1803.jp,2013-02-18,253.37,255.16,250.70,252.48,8928921,https://stooq.com/q/d/l/?s=1803.jp&i=d,2026-03-26T08:35:00+00:00
1803,1803.T,1803.jp,2013-02-19,252.48,256.03,251.57,255.16,9731473,https://stooq.com/q/d/l/?s=1803.jp&i=d,2026-03-26T08:35:00+00:00
1803,1803.T,1803.jp,2013-02-20,256.95,259.63,256.03,256.95,6475318,https://stooq.com/q/d/l/?s=1803.jp&i=d,2026-03-26T08:35:00+00:00
1803,1803.T,1803.jp,2013-02-21,257.83,259.63,255.16,256.95,4503692,https://stooq.com/q/d/l/?s=1803.jp&i=d,2026-03-26T08:35:00+00:00
1803,1803.T,1803.jp,2013-02-22,256.95,264.98,255.16,264.08,9238287,https://stooq.com/q/d/l/?s=1803.jp&i=d,2026-03-26T08:35:00+00:00
1803,1803.T,1803.jp,2013-02-25,265.86,266.75,264.08,264.08,4400571,https://stooq.com/q/d/l/?s=1803.jp&i=d,2026-03-26T08:35:00+00:00
1803,1803.T,1803.jp,2013-02-26,261.39,264.08,260.51,262.29,3965669,https://stooq.com/q/d/l/?s=1803.jp&i=d,2026-03-26T08:35:00+00:00
1803,1803.T,1803.jp,2013-02-27,264.08,271.19,263.18,268.53,5825209,https://stooq.com/q/d/l/?s=1803.jp&i=d,2026-03-26T08:35:00+00:00
1803,1803.T,1803.jp,2013-02-28,268.53,268.53,263.18,265.86,7359691,https://stooq.com/q/d/l/?s=1803.jp&i=d,2026-03-26T08:35:00+00:00
1803,1803.T,1803.jp,2013-03-01,265.86,266.75,264.08,264.08,5042836,https://stooq.com/q/d/l/?s=1803.jp&i=d,2026-03-26T08:35:00+00:00
1803,1803.T,1803.jp,2013-03-04,265.86,267.64,264.98,265.86,4778308,https://stooq.com/q/d/l/?s=1803.jp&i=d,2026-03-26T08:35:00+00:00
1803,1803.T,1803.jp,2013-03-05,266.75,278.35,266.75,275.68,15486066,https://stooq.com/q/d/l/?s=1803.jp&i=d,2026-03-26T08:35:00+00:00
1803,1803.T,1803.jp,2013-03-06,279.24,280.13,273.89,276.57,6239933,https://stooq.com/q/d/l/?s=1803.jp&i=d,2026-03-26T08:35:00+00:00
1803,1803.T,1803.jp,2013-03-07,276.57,277.47,270.32,276.57,6616549,https://stooq.com/q/d/l/?s=1803.jp&i=d,2026-03-26T08:35:00+00:00
1803,1803.T,1803.jp,2013-03-08,277.47,278.35,273.89,278.35,10248199,https://stooq.com/q/d/l/?s=1803.jp&i=d,2026-03-26T08:35:00+00:00
1803,1803.T,1803.jp,2013-03-11,281.03,284.58,279.24,282.82,6777956,https://stooq.com/q/d/l/?s=1803.jp&i=d,2026-03-26T08:35:00+00:00
1803,1803.T,1803.jp,2013-03-12,284.58,285.48,276.57,279.24,7324945,https://stooq.com/q/d/l/?s=1803.jp&i=d,2026-03-26T08:35:00+00:00
1803,1803.T,1803.jp,2013-03-13,278.35,280.13,273.00,276.57,7299164,https://stooq.com/q/d/l/?s=1803.jp&i=d,2026-03-26T08:35:00+00:00
1803,1803.T,1803.jp,2013-03-14,280.13,283.71,279.24,280.13,4773825,https://stooq.com/q/d/l/?s=1803.jp&i=d,2026-03-26T08:35:00+00:00
1803,1803.T,1803.jp,2013-03-15,281.03,282.82,279.24,282.82,4168552,https://stooq.com/q/d/l/?s=1803.jp&i=d,2026-03-26T08:35:00+00:00
1803,1803.T,1803.jp,2013-03-18,281.03,281.03,273.89,275.68,4899363,https://stooq.com/q/d/l/?s=1803.jp&i=d,2026-03-26T08:35:00+00:00
1803,1803.T,1803.jp,2013-03-19,278.35,278.35,275.68,275.68,2326942,https://stooq.com/q/d/l/?s=1803.jp&i=d,2026-03-26T08:35:00+00:00
1803,1803.T,1803.jp,2013-03-21,276.57,279.24,274.79,278.35,3773999,https://stooq.com/q/d/l/?s=1803.jp&i=d,2026-03-26T08:35:00+00:00
1803,1803.T,1803.jp,2013-03-22,278.35,280.13,277.47,278.35,3464638,https://stooq.com/q/d/l/?s=1803.jp&i=d,2026-03-26T08:35:00+00:00
1803,1803.T,1803.jp,2013-03-25,279.24,280.13,276.57,277.47,4297450,https://stooq.com/q/d/l/?s=1803.jp&i=d,2026-03-26T08:35:00+00:00
1803,1803.T,1803.jp,2013-03-26,273.89,279.24,273.89,276.57,3921956,https://stooq.com/q/d/l/?s=1803.jp&i=d,2026-03-26T08:35:00+00:00
1803,1803.T,1803.jp,2013-03-27,274.79,275.68,272.09,274.79,2739428,https://stooq.com/q/d/l/?s=1803.jp&i=d,2026-03-26T08:35:00+00:00
1803,1803.T,1803.jp,2013-03-28,274.79,274.79,272.09,274.79,3483692,https://stooq.com/q/d/l/?s=1803.jp&i=d,2026-03-26T08:35:00+00:00
1803,1803.T,1803.jp,2013-03-29,274.79,274.79,271.19,273.00,2831341,https://stooq.com/q/d/l/?s=1803.jp&i=d,2026-03-26T08:35:00+00:00
1803,1803.T,1803.jp,2013-04-01,271.19,273.00,270.32,272.09,3278573,https://stooq.com/q/d/l/?s=1803.jp&i=d,2026-03-26T08:35:00+00:00
1803,1803.T,1803.jp,2013-04-02,270.32,271.19,262.29,264.08,5003605,https://stooq.com/q/d/l/?s=1803.jp&i=d,2026-03-26T08:35:00+00:00
1803,1803.T,1803.jp,2013-04-03,265.86,269.43,263.18,269.43,4328834,https://stooq.com/q/d/l/?s=1803.jp&i=d,2026-03-26T08:35:00+00:00
1803,1803.T,1803.jp,2013-04-04,264.98,274.79,263.18,273.89,5250197,https://stooq.com/q/d/l/?s=1803.jp&i=d,2026-03-26T08:35:00+00:00
1803,1803.T,1803.jp,2013-04-05,277.47,282.82,272.09,274.79,7904442,https://stooq.com/q/d/l/?s=1803.jp&i=d,2026-03-26T08:35:00+00:00
1803,1803.T,1803.jp,2013-04-08,280.13,286.38,277.47,285.48,7560329,https://stooq.com/q/d/l/?s=1803.jp&i=d,2026-03-26T08:35:00+00:00
1803,1803.T,1803.jp,2013-04-09,289.07,297.10,288.16,293.52,10809760,https://stooq.com/q/d/l/?s=1803.jp&i=d,2026-03-26T08:35:00+00:00
1803,1803.T,1803.jp,2013-04-10,295.31,307.78,291.73,305.11,10277341,https://stooq.com/q/d/l/?s=1803.jp&i=d,2026-03-26T08:35:00+00:00
1803,1803.T,1803.jp,2013-04-11,307.78,312.26,299.77,302.44,7097407,https://stooq.com/q/d/l/?s=1803.jp&i=d,2026-03-26T08:35:00+00:00
1803,1803.T,1803.jp,2013-04-12,304.19,305.11,299.77,304.19,4983425,https://stooq.com/q/d/l/?s=1803.jp&i=d,2026-03-26T08:35:00+00:00
1803,1803.T,1803.jp,2013-04-15,304.19,307.78,302.44,306.00,5011448,https://stooq.com/q/d/l/?s=1803.jp&i=d,2026-03-26T08:35:00+00:00
1803,1803.T,1803.jp,2013-04-16,300.67,307.78,297.10,304.19,5995582,https://stooq.com/q/d/l/?s=1803.jp&i=d,2026-03-26T08:35:00+00:00
1803,1803.T,1803.jp,2013-04-17,305.11,306.00,299.77,305.11,4189846,https://stooq.com/q/d/l/?s=1803.jp&i=d,2026-03-26T08:35:00+00:00
1803,1803.T,1803.jp,2013-04-18,303.35,306.90,301.55,305.11,2817887,https://stooq.com/q/d/l/?s=1803.jp&i=d,2026-03-26T08:35:00+00:00
1803,1803.T,1803.jp,2013-04-19,306.00,308.69,298.87,306.90,4505934,https://stooq.com/q/d/l/?s=1803.jp&i=d,2026-03-26T08:35:00+00:00
1803,1803.T,1803.jp,2013-04-22,312.26,338.11,310.45,336.36,23352397,https://stooq.com/q/d/l/?s=1803.jp&i=d,2026-03-26T08:35:00+00:00
1803,1803.T,1803.jp,2013-04-23,339.91,360.43,339.02,352.40,20848353,https://stooq.com/q/d/l/?s=1803.jp&i=d,2026-03-26T08:35:00+00:00
1803,1803.T,1803.jp,2013-04-24,352.40,354.19,337.23,346.16,9242769,https://stooq.com/q/d/l/?s=1803.jp&i=d,2026-03-26T08:35:00+00:00
1803,1803.T,1803.jp,2013-04-25,346.16,349.74,341.69,347.94,5210965,https://stooq.com/q/d/l/?s=1803.jp&i=d,2026-03-26T08:35:00+00:00
1803,1803.T,1803.jp,2013-04-26,349.74,354.19,344.38,347.94,6326242,https://stooq.com/q/d/l/?s=1803.jp&i=d,2026-03-26T08:35:00+00:00
1803,1803.T,1803.jp,2013-04-30,351.51,354.19,346.16,349.74,3284174,https://stooq.com/q/d/l/?s=1803.jp&i=d,2026-03-26T08:35:00+00:00
1803,1803.T,1803.jp,2013-05-01,347.94,355.97,343.47,354.19,5417208,https://stooq.com/q/d/l/?s=1803.jp&i=d,2026-03-26T08:35:00+00:00
1803,1803.T,1803.jp,2013-05-02,351.51,352.40,341.69,342.58,4720022,https://stooq.com/q/d/l/?s=1803.jp&i=d,2026-03-26T08:35:00+00:00
1803,1803.T,1803.jp,2013-05-07,349.74,351.51,344.38,347.94,3905141,https://stooq.com/q/d/l/?s=1803.jp&i=d,2026-03-26T08:35:00+00:00
1803,1803.T,1803.jp,2013-05-08,350.61,356.86,349.74,353.29,5615605,https://stooq.com/q/d/l/?s=1803.jp&i=d,2026-03-26T08:35:00+00:00
1803,1803.T,1803.jp,2013-05-09,356.86,360.43,348.83,349.74,3997056,https://stooq.com/q/d/l/?s=1803.jp&i=d,2026-03-26T08:35:00+00:00
1803,1803.T,1803.jp,2013-05-10,356.86,356.86,348.83,350.61,4471187,https://stooq.com/q/d/l/?s=1803.jp&i=d,2026-03-26T08:35:00+00:00
1803,1803.T,1803.jp,2013-05-13,357.75,361.31,353.29,359.54,4876945,https://stooq.com/q/d/l/?s=1803.jp&i=d,2026-03-26T08:35:00+00:00
1803,1803.T,1803.jp,2013-05-14,358.65,381.83,355.97,371.14,14592726,https://stooq.com/q/d/l/?s=1803.jp&i=d,2026-03-26T08:35:00+00:00
1803,1803.T,1803.jp,2013-05-15,367.57,373.81,355.97,356.86,7767690,https://stooq.com/q/d/l/?s=1803.jp&i=d,2026-03-26T08:35:00+00:00
1803,1803.T,1803.jp,2013-05-16,359.54,360.43,339.02,347.94,7907803,https://stooq.com/q/d/l/?s=1803.jp&i=d,2026-03-26T08:35:00+00:00
1803,1803.T,1803.jp,2013-05-17,347.94,370.25,345.27,366.66,8196990,https://stooq.com/q/d/l/?s=1803.jp&i=d,2026-03-26T08:35:00+00:00
1803,1803.T,1803.jp,2013-05-20,371.14,380.95,365.78,379.18,7888746,https://stooq.com/q/d/l/?s=1803.jp&i=d,2026-03-26T08:35:00+00:00
1803,1803.T,1803.jp,2013-05-21,376.48,381.83,371.14,373.81,5258045,https://stooq.com/q/d/l/?s=1803.jp&i=d,2026-03-26T08:35:00+00:00
1803,1803.T,1803.jp,2013-05-22,376.48,385.40,371.14,379.18,4698726,https://stooq.com/q/d/l/?s=1803.jp&i=d,2026-03-26T08:35:00+00:00
1803,1803.T,1803.jp,2013-05-23,380.05,381.83,349.74,350.61,8223889,https://stooq.com/q/d/l/?s=1803.jp&i=d,2026-03-26T08:35:00+00:00
1803,1803.T,1803.jp,2013-05-24,352.40,365.78,339.91,352.40,6331844,https://stooq.com/q/d/l/?s=1803.jp&i=d,2026-03-26T08:35:00+00:00
1803,1803.T,1803.jp,2013-05-27,346.16,348.83,333.66,335.46,4540683,https://stooq.com/q/d/l/?s=1803.jp&i=d,2026-03-26T08:35:00+00:00
1803,1803.T,1803.jp,2013-05-28,330.10,336.36,325.63,326.52,5965318,https://stooq.com/q/d/l/?s=1803.jp&i=d,2026-03-26T08:35:00+00:00
1803,1803.T,1803.jp,2013-05-29,333.66,333.66,326.52,326.52,5349957,https://stooq.com/q/d/l/?s=1803.jp&i=d,2026-03-26T08:35:00+00:00
1803,1803.T,1803.jp,2013-05-30,321.18,326.52,313.16,314.04,6153627,https://stooq.com/q/d/l/?s=1803.jp&i=d,2026-03-26T08:35:00+00:00
1803,1803.T,1803.jp,2013-05-31,321.18,328.29,318.49,321.18,6411429,https://stooq.com/q/d/l/?s=1803.jp&i=d,2026-03-26T08:35:00+00:00
1803,1803.T,1803.jp,2013-06-03,319.40,322.96,313.16,315.82,6154748,https://stooq.com/q/d/l/?s=1803.jp&i=d,2026-03-26T08:35:00+00:00
1803,1803.T,1803.jp,2013-06-04,314.04,323.85,308.69,318.49,7890989,https://stooq.com/q/d/l/?s=1803.jp&i=d,2026-03-26T08:35:00+00:00
1803,1803.T,1803.jp,2013-06-05,321.18,339.02,306.00,306.90,12958482,https://stooq.com/q/d/l/?s=1803.jp&i=d,2026-03-26T08:35:00+00:00
1803,1803.T,1803.jp,2013-06-06,300.67,314.04,294.40,294.40,8135342,https://stooq.com/q/d/l/?s=1803.jp&i=d,2026-03-26T08:35:00+00:00
1803,1803.T,1803.jp,2013-06-07,293.52,303.35,292.63,297.10,7638792,https://stooq.com/q/d/l/?s=1803.jp&i=d,2026-03-26T08:35:00+00:00
1803,1803.T,1803.jp,2013-06-10,304.19,311.38,304.19,310.45,2799955,https://stooq.com/q/d/l/?s=1803.jp&i=d,2026-03-26T08:35:00+00:00
1803,1803.T,1803.jp,2013-06-11,315.82,335.46,314.92,331.00,11738966,https://stooq.com/q/d/l/?s=1803.jp&i=d,2026-03-26T08:35:00+00:00
1803,1803.T,1803.jp,2013-06-12,322.96,331.88,315.82,329.20,6182770,https://stooq.com/q/d/l/?s=1803.jp&i=d,2026-03-26T08:35:00+00:00
1803,1803.T,1803.jp,2013-06-13,322.96,324.76,307.78,313.16,5143713,https://stooq.com/q/d/l/?s=1803.jp&i=d,2026-03-26T08:35:00+00:00
1803,1803.T,1803.jp,2013-06-14,314.04,323.85,309.57,317.60,8362878,https://stooq.com/q/d/l/?s=1803.jp&i=d,2026-03-26T08:35:00+00:00
1803,1803.T,1803.jp,2013-06-17,316.73,331.00,316.73,330.10,3906263,https://stooq.com/q/d/l/?s=1803.jp&i=d,2026-03-26T08:35:00+00:00
1803,1803.T,1803.jp,2013-06-18,333.66,336.36,328.29,332.78,4102417,https://stooq.com/q/d/l/?s=1803.jp&i=d,2026-03-26T08:35:00+00:00
1803,1803.T,1803.jp,2013-06-19,336.36,341.69,332.78,337.23,3754944,https://stooq.com/q/d/l/?s=1803.jp&i=d,2026-03-26T08:35:00+00:00
1803,1803.T,1803.jp,2013-06-20,332.78,340.80,328.29,334.56,3679846,https://stooq.com/q/d/l/?s=1803.jp&i=d,2026-03-26T08:35:00+00:00
1803,1803.T,1803.jp,2013-06-21,325.63,341.69,324.76,339.02,4136046,https://stooq.com/q/d/l/?s=1803.jp&i=d,2026-03-26T08:35:00+00:00
1803,1803.T,1803.jp,2013-06-24,346.16,348.83,342.58,345.27,4327714,https://stooq.com/q/d/l/?s=1803.jp&i=d,2026-03-26T08:35:00+00:00
1803,1803.T,1803.jp,2013-06-25,344.38,350.61,337.23,345.27,5355560,https://stooq.com/q/d/l/?s=1803.jp&i=d,2026-03-26T08:35:00+00:00
1803,1803.T,1803.jp,2013-06-26,351.51,352.40,336.36,337.23,3438858,https://stooq.com/q/d/l/?s=1803.jp&i=d,2026-03-26T08:35:00+00:00
1803,1803.T,1803.jp,2013-06-27,339.02,346.16,331.88,345.27,5185186,https://stooq.com/q/d/l/?s=1803.jp&i=d,2026-03-26T08:35:00+00:00
1803,1803.T,1803.jp,2013-06-28,348.83,356.86,347.94,355.97,4772703,https://stooq.com/q/d/l/?s=1803.jp&i=d,2026-03-26T08:35:00+00:00
1803,1803.T,1803.jp,2013-07-01,359.54,374.70,355.08,373.81,7345121,https://stooq.com/q/d/l/?s=1803.jp&i=d,2026-03-26T08:35:00+00:00
1803,1803.T,1803.jp,2013-07-02,379.18,380.95,371.14,380.05,5699671,https://stooq.com/q/d/l/?s=1803.jp&i=d,2026-03-26T08:35:00+00:00
1803,1803.T,1803.jp,2013-07-03,380.95,381.83,372.04,378.28,3882726,https://stooq.com/q/d/l/?s=1803.jp&i=d,2026-03-26T08:35:00+00:00
1803,1803.T,1803.jp,2013-07-04,374.70,380.05,373.81,375.60,4504814,https://stooq.com/q/d/l/?s=1803.jp&i=d,2026-03-26T08:35:00+00:00
1803,1803.T,1803.jp,2013-07-05,379.18,382.73,375.60,380.95,4839954,https://stooq.com/q/d/l/?s=1803.jp&i=d,2026-03-26T08:35:00+00:00
1803,1803.T,1803.jp,2013-07-08,388.09,394.33,321.18,370.25,10176458,https://stooq.com/q/d/l/?s=1803.jp&i=d,2026-03-26T08:35:00+00:00
1803,1803.T,1803.jp,2013-07-09,376.48,389.88,374.70,388.99,4856769,https://stooq.com/q/d/l/?s=1803.jp&i=d,2026-03-26T08:35:00+00:00
1803,1803.T,1803.jp,2013-07-10,388.09,391.67,383.62,388.99,4292966,https://stooq.com/q/d/l/?s=1803.jp&i=d,2026-03-26T08:35:00+00:00
1803,1803.T,1803.jp,2013-07-11,383.62,394.33,380.05,393.44,4027318,https://stooq.com/q/d/l/?s=1803.jp&i=d,2026-03-26T08:35:00+00:00
1803,1803.T,1803.jp,2013-07-12,394.33,397.90,389.88,397.00,5815123,https://stooq.com/q/d/l/?s=1803.jp&i=d,2026-03-26T08:35:00+00:00
1803,1803.T,1803.jp,2013-07-16,400.58,401.48,383.62,395.24,4406175,https://stooq.com/q/d/l/?s=1803.jp&i=d,2026-03-26T08:35:00+00:00
1803,1803.T,1803.jp,2013-07-17,392.56,393.44,386.29,392.56,3540857,https://stooq.com/q/d/l/?s=1803.jp&i=d,2026-03-26T08:35:00+00:00
1803,1803.T,1803.jp,2013-07-18,392.56,401.48,388.99,400.58,4503692,https://stooq.com/q/d/l/?s=1803.jp&i=d,2026-03-26T08:35:00+00:00
1803,1803.T,1803.jp,2013-07-19,398.80,401.48,389.88,397.00,5194154,https://stooq.com/q/d/l/?s=1803.jp&i=d,2026-03-26T08:35:00+00:00
1803,1803.T,1803.jp,2013-07-22,399.67,401.48,392.56,400.58,6389011,https://stooq.com/q/d/l/?s=1803.jp&i=d,2026-03-26T08:35:00+00:00
1803,1803.T,1803.jp,2013-07-23,398.80,405.93,397.90,403.27,4187605,https://stooq.com/q/d/l/?s=1803.jp&i=d,2026-03-26T08:35:00+00:00
1803,1803.T,1803.jp,2013-07-24,402.36,402.36,388.99,395.24,4426351,https://stooq.com/q/d/l/?s=1803.jp&i=d,2026-03-26T08:35:00+00:00
1803,1803.T,1803.jp,2013-07-25,394.33,394.33,377.38,380.95,8533251,https://stooq.com/q/d/l/?s=1803.jp&i=d,2026-03-26T08:35:00+00:00
1803,1803.T,1803.jp,2013-07-26,374.70,380.05,368.47,371.14,7711647,https://stooq.com/q/d/l/?s=1803.jp&i=d,2026-03-26T08:35:00+00:00
1803,1803.T,1803.jp,2013-07-29,365.78,366.66,358.65,359.54,4676308,https://stooq.com/q/d/l/?s=1803.jp&i=d,2026-03-26T08:35:00+00:00
1803,1803.T,1803.jp,2013-07-30,359.54,370.25,357.75,367.57,5340988,https://stooq.com/q/d/l/?s=1803.jp&i=d,2026-03-26T08:35:00+00:00
1803,1803.T,1803.jp,2013-07-31,361.31,368.47,355.97,363.99,4825384,https://stooq.com/q/d/l/?s=1803.jp&i=d,2026-03-26T08:35:00+00:00
1803,1803.T,1803.jp,2013-08-01,363.99,375.60,360.43,374.70,3466880,https://stooq.com/q/d/l/?s=1803.jp&i=d,2026-03-26T08:35:00+00:00
1803,1803.T,1803.jp,2013-08-02,375.60,384.51,371.14,383.62,4004901,https://stooq.com/q/d/l/?s=1803.jp&i=d,2026-03-26T08:35:00+00:00
1803,1803.T,1803.jp,2013-08-05,383.62,387.21,377.38,379.18,2808923,https://stooq.com/q/d/l/?s=1803.jp&i=d,2026-03-26T08:35:00+00:00
1803,1803.T,1803.jp,2013-08-06,375.60,384.51,370.25,384.51,4632595,https://stooq.com/q/d/l/?s=1803.jp&i=d,2026-03-26T08:35:00+00:00
1803,1803.T,1803.jp,2013-08-07,374.70,380.05,370.25,371.14,4057583,https://stooq.com/q/d/l/?s=1803.jp&i=d,2026-03-26T08:35:00+00:00
1803,1803.T,1803.jp,2013-08-08,370.25,394.33,363.10,384.51,12940550,https://stooq.com/q/d/l/?s=1803.jp&i=d,2026-03-26T08:35:00+00:00
1803,1803.T,1803.jp,2013-08-09,386.29,393.44,380.95,384.51,6107670,https://stooq.com/q/d/l/?s=1803.jp&i=d,2026-03-26T08:35:00+00:00
1803,1803.T,1803.jp,2013-08-12,380.05,384.51,378.28,381.83,3537495,https://stooq.com/q/d/l/?s=1803.jp&i=d,2026-03-26T08:35:00+00:00
1803,1803.T,1803.jp,2013-08-13,383.62,393.44,381.83,392.56,4057583,https://stooq.com/q/d/l/?s=1803.jp&i=d,2026-03-26T08:35:00+00:00
1803,1803.T,1803.jp,2013-08-14,396.12,403.27,395.24,402.36,5675011,https://stooq.com/q/d/l/?s=1803.jp&i=d,2026-03-26T08:35:00+00:00
1803,1803.T,1803.jp,2013-08-15,397.90,400.58,392.56,394.33,3762791,https://stooq.com/q/d/l/?s=1803.jp&i=d,2026-03-26T08:35:00+00:00
1803,1803.T,1803.jp,2013-08-16,387.21,392.56,384.51,389.88,3380572,https://stooq.com/q/d/l/?s=1803.jp&i=d,2026-03-26T08:35:00+00:00
1803,1803.T,1803.jp,2013-08-19,388.99,400.58,388.99,400.58,3334615,https://stooq.com/q/d/l/?s=1803.jp&i=d,2026-03-26T08:35:00+00:00
1803,1803.T,1803.jp,2013-08-20,397.90,402.36,394.33,395.24,3460152,https://stooq.com/q/d/l/?s=1803.jp&i=d,2026-03-26T08:35:00+00:00
1803,1803.T,1803.jp,2013-08-21,396.12,397.00,384.51,390.76,6531364,https://stooq.com/q/d/l/?s=1803.jp&i=d,2026-03-26T08:35:00+00:00
1803,1803.T,1803.jp,2013-08-22,390.76,398.80,387.21,396.12,4407297,https://stooq.com/q/d/l/?s=1803.jp&i=d,2026-03-26T08:35:00+00:00
1803,1803.T,1803.jp,2013-08-23,402.36,407.71,397.90,401.48,8142065,https://stooq.com/q/d/l/?s=1803.jp&i=d,2026-03-26T08:35:00+00:00
1803,1803.T,1803.jp,2013-08-26,407.71,413.97,404.13,407.71,5161648,https://stooq.com/q/d/l/?s=1803.jp&i=d,2026-03-26T08:35:00+00:00
1803,1803.T,1803.jp,2013-08-27,408.61,409.49,402.36,403.27,3307713,https://stooq.com/q/d/l/?s=1803.jp&i=d,2026-03-26T08:35:00+00:00
1803,1803.T,1803.jp,2013-08-28,393.44,398.80,389.88,395.24,4788396,https://stooq.com/q/d/l/?s=1803.jp&i=d,2026-03-26T08:35:00+00:00
1803,1803.T,1803.jp,2013-08-29,396.12,396.12,389.88,393.44,3072329,https://stooq.com/q/d/l/?s=1803.jp&i=d,2026-03-26T08:35:00+00:00
1803,1803.T,1803.jp,2013-08-30,392.56,393.44,383.62,385.40,5094395,https://stooq.com/q/d/l/?s=1803.jp&i=d,2026-03-26T08:35:00+00:00
1803,1803.T,1803.jp,2013-09-02,387.21,407.71,387.21,402.36,5853232,https://stooq.com/q/d/l/?s=1803.jp&i=d,2026-03-26T08:35:00+00:00
1803,1803.T,1803.jp,2013-09-03,408.61,409.49,399.67,403.27,6329604,https://stooq.com/q/d/l/?s=1803.jp&i=d,2026-03-26T08:35:00+00:00
1803,1803.T,1803.jp,2013-09-04,402.36,404.13,397.00,399.67,5340988,https://stooq.com/q/d/l/?s=1803.jp&i=d,2026-03-26T08:35:00+00:00
1803,1803.T,1803.jp,2013-09-05,403.27,405.93,399.67,403.27,6339691,https://stooq.com/q/d/l/?s=1803.jp&i=d,2026-03-26T08:35:00+00:00
1803,1803.T,1803.jp,2013-09-06,400.58,401.48,384.51,397.00,9186725,https://stooq.com/q/d/l/?s=1803.jp&i=d,2026-03-26T08:35:00+00:00
1803,1803.T,1803.jp,2013-09-09,439.83,444.30,421.99,430.92,25007936,https://stooq.com/q/d/l/?s=1803.jp&i=d,2026-03-26T08:35:00+00:00
1803,1803.T,1803.jp,2013-09-10,438.04,478.21,437.14,455.01,29695453,https://stooq.com/q/d/l/?s=1803.jp&i=d,2026-03-26T08:35:00+00:00
1803,1803.T,1803.jp,2013-09-11,463.94,464.83,437.14,439.83,16509428,https://stooq.com/q/d/l/?s=1803.jp&i=d,2026-03-26T08:35:00+00:00
1803,1803.T,1803.jp,2013-09-12,437.14,445.19,429.12,438.04,10429780,https://stooq.com/q/d/l/?s=1803.jp&i=d,2026-03-26T08:35:00+00:00
1803,1803.T,1803.jp,2013-09-13,436.28,441.64,433.59,437.14,7478507,https://stooq.com/q/d/l/?s=1803.jp&i=d,2026-03-26T08:35:00+00:00
1803,1803.T,1803.jp,2013-09-17,442.50,443.41,432.68,434.48,4648284,https://stooq.com/q/d/l/?s=1803.jp&i=d,2026-03-26T08:35:00+00:00
1803,1803.T,1803.jp,2013-09-18,432.68,437.14,425.58,434.48,6178284,https://stooq.com/q/d/l/?s=1803.jp&i=d,2026-03-26T08:35:00+00:00
1803,1803.T,1803.jp,2013-09-19,441.64,442.50,436.28,441.64,6042658,https://stooq.com/q/d/l/?s=1803.jp&i=d,2026-03-26T08:35:00+00:00
1803,1803.T,1803.jp,2013-09-20,445.19,447.86,439.83,443.41,5920482,https://stooq.com/q/d/l/?s=1803.jp&i=d,2026-03-26T08:35:00+00:00
1803,1803.T,1803.jp,2013-09-24,444.30,446.97,439.83,442.50,4372548,https://stooq.com/q/d/l/?s=1803.jp&i=d,2026-03-26T08:35:00+00:00
1803,1803.T,1803.jp,2013-09-25,438.04,438.94,429.12,433.59,5975406,https://stooq.com/q/d/l/?s=1803.jp&i=d,2026-03-26T08:35:00+00:00
1803,1803.T,1803.jp,2013-09-26,423.77,434.48,417.53,433.59,9806571,https://stooq.com/q/d/l/?s=1803.jp&i=d,2026-03-26T08:35:00+00:00
1803,1803.T,1803.jp,2013-09-27,435.37,436.28,425.58,426.45,6376681,https://stooq.com/q/d/l/?s=1803.jp&i=d,2026-03-26T08:35:00+00:00
1803,1803.T,1803.jp,2013-09-30,421.09,433.59,417.53,427.34,5001361,https://stooq.com/q/d/l/?s=1803.jp&i=d,2026-03-26T08:35:00+00:00
1803,1803.T,1803.jp,2013-10-01,426.45,432.68,421.09,422.88,5403757,https://stooq.com/q/d/l/?s=1803.jp&i=d,2026-03-26T08:35:00+00:00
1803,1803.T,1803.jp,2013-10-02,423.77,431.81,414.85,416.64,7737430,https://stooq.com/q/d/l/?s=1803.jp&i=d,2026-03-26T08:35:00+00:00
1803,1803.T,1803.jp,2013-10-03,414.85,422.88,413.07,417.53,4334442,https://stooq.com/q/d/l/?s=1803.jp&i=d,2026-03-26T08:35:00+00:00
1803,1803.T,1803.jp,2013-10-04,412.19,417.53,406.82,411.30,4902726,https://stooq.com/q/d/l/?s=1803.jp&i=d,2026-03-26T08:35:00+00:00
1803,1803.T,1803.jp,2013-10-07,407.71,409.49,396.12,398.80,4177514,https://stooq.com/q/d/l/?s=1803.jp&i=d,2026-03-26T08:35:00+00:00
1803,1803.T,1803.jp,2013-10-08,397.00,406.82,395.24,404.13,4656133,https://stooq.com/q/d/l/?s=1803.jp&i=d,2026-03-26T08:35:00+00:00
1803,1803.T,1803.jp,2013-10-09,401.48,417.53,400.58,415.74,5914881,https://stooq.com/q/d/l/?s=1803.jp&i=d,2026-03-26T08:35:00+00:00
1803,1803.T,1803.jp,2013-10-10,420.20,421.99,413.07,416.64,3741494,https://stooq.com/q/d/l/?s=1803.jp&i=d,2026-03-26T08:35:00+00:00
1803,1803.T,1803.jp,2013-10-11,420.20,427.34,418.42,426.45,5819607,https://stooq.com/q/d/l/?s=1803.jp&i=d,2026-03-26T08:35:00+00:00
1803,1803.T,1803.jp,2013-10-15,433.59,437.14,430.02,433.59,7330549,https://stooq.com/q/d/l/?s=1803.jp&i=d,2026-03-26T08:35:00+00:00
1803,1803.T,1803.jp,2013-10-16,430.92,435.37,430.02,433.59,4217871,https://stooq.com/q/d/l/?s=1803.jp&i=d,2026-03-26T08:35:00+00:00
1803,1803.T,1803.jp,2013-10-17,436.28,438.94,431.81,434.48,4891518,https://stooq.com/q/d/l/?s=1803.jp&i=d,2026-03-26T08:35:00+00:00
1803,1803.T,1803.jp,2013-10-18,433.59,436.28,429.12,433.59,4312023,https://stooq.com/q/d/l/?s=1803.jp&i=d,2026-03-26T08:35:00+00:00
1803,1803.T,1803.jp,2013-10-21,433.59,437.14,428.25,432.68,6627759,https://stooq.com/q/d/l/?s=1803.jp&i=d,2026-03-26T08:35:00+00:00
1803,1803.T,1803.jp,2013-10-22,434.48,438.94,431.81,435.37,3799781,https://stooq.com/q/d/l/?s=1803.jp&i=d,2026-03-26T08:35:00+00:00
1803,1803.T,1803.jp,2013-10-23,437.14,442.50,432.68,434.48,8188023,https://stooq.com/q/d/l/?s=1803.jp&i=d,2026-03-26T08:35:00+00:00
1803,1803.T,1803.jp,2013-10-24,437.14,450.54,431.81,448.75,8421165,https://stooq.com/q/d/l/?s=1803.jp&i=d,2026-03-26T08:35:00+00:00
1803,1803.T,1803.jp,2013-10-25,451.45,451.45,439.83,440.71,4879186,https://stooq.com/q/d/l/?s=1803.jp&i=d,2026-03-26T08:35:00+00:00
1803,1803.T,1803.jp,2013-10-28,445.19,450.54,441.64,448.75,5414966,https://stooq.com/q/d/l/?s=1803.jp&i=d,2026-03-26T08:35:00+00:00
1803,1803.T,1803.jp,2013-10-29,445.19,446.97,439.83,443.41,4692000,https://stooq.com/q/d/l/?s=1803.jp&i=d,2026-03-26T08:35:00+00:00
1803,1803.T,1803.jp,2013-10-30,448.75,455.89,446.97,454.12,8785451,https://stooq.com/q/d/l/?s=1803.jp&i=d,2026-03-26T08:35:00+00:00
1803,1803.T,1803.jp,2013-10-31,451.45,456.78,446.09,447.86,4874702,https://stooq.com/q/d/l/?s=1803.jp&i=d,2026-03-26T08:35:00+00:00
1803,1803.T,1803.jp,2013-11-01,448.75,449.65,438.04,445.19,4683032,https://stooq.com/q/d/l/?s=1803.jp&i=d,2026-03-26T08:35:00+00:00
1803,1803.T,1803.jp,2013-11-05,449.65,452.32,445.19,448.75,3923076,https://stooq.com/q/d/l/?s=1803.jp&i=d,2026-03-26T08:35:00+00:00
1803,1803.T,1803.jp,2013-11-06,446.97,446.97,439.83,443.41,4814176,https://stooq.com/q/d/l/?s=1803.jp&i=d,2026-03-26T08:35:00+00:00
1803,1803.T,1803.jp,2013-11-07,443.41,449.65,438.94,438.94,4563098,https://stooq.com/q/d/l/?s=1803.jp&i=d,2026-03-26T08:35:00+00:00
1803,1803.T,1803.jp,2013-11-08,437.14,440.71,435.37,438.94,3470241,https://stooq.com/q/d/l/?s=1803.jp&i=d,2026-03-26T08:35:00+00:00
1803,1803.T,1803.jp,2013-11-11,443.41,444.30,435.37,440.71,4059824,https://stooq.com/q/d/l/?s=1803.jp&i=d,2026-03-26T08:35:00+00:00
1803,1803.T,1803.jp,2013-11-12,433.59,446.97,426.45,438.94,18475451,https://stooq.com/q/d/l/?s=1803.jp&i=d,2026-03-26T08:35:00+00:00
1803,1803.T,1803.jp,2013-11-13,433.59,437.14,424.67,430.92,9648529,https://stooq.com/q/d/l/?s=1803.jp&i=d,2026-03-26T08:35:00+00:00
1803,1803.T,1803.jp,2013-11-14,435.37,441.64,432.68,438.94,7765449,https://stooq.com/q/d/l/?s=1803.jp&i=d,2026-03-26T08:35:00+00:00
1803,1803.T,1803.jp,2013-11-15,440.71,441.64,435.37,439.83,6849693,https://stooq.com/q/d/l/?s=1803.jp&i=d,2026-03-26T08:35:00+00:00
1803,1803.T,1803.jp,2013-11-18,439.83,440.71,433.59,438.04,6707341,https://stooq.com/q/d/l/?s=1803.jp&i=d,2026-03-26T08:35:00+00:00
1803,1803.T,1803.jp,2013-11-19,435.37,446.09,435.37,445.19,5190792,https://stooq.com/q/d/l/?s=1803.jp&i=d,2026-03-26T08:35:00+00:00
1803,1803.T,1803.jp,2013-11-20,445.19,445.19,438.04,440.71,3772881,https://stooq.com/q/d/l/?s=1803.jp&i=d,2026-03-26T08:35:00+00:00
1803,1803.T,1803.jp,2013-11-21,440.71,445.19,437.14,444.30,4852286,https://stooq.com/q/d/l/?s=1803.jp&i=d,2026-03-26T08:35:00+00:00
1803,1803.T,1803.jp,2013-11-22,446.09,446.09,438.04,442.50,5145958,https://stooq.com/q/d/l/?s=1803.jp&i=d,2026-03-26T08:35:00+00:00
1803,1803.T,1803.jp,2013-11-25,443.41,443.41,437.14,441.64,3989208,https://stooq.com/q/d/l/?s=1803.jp&i=d,2026-03-26T08:35:00+00:00
1803,1803.T,1803.jp,2013-11-26,439.83,442.50,437.14,438.94,4371428,https://stooq.com/q/d/l/?s=1803.jp&i=d,2026-03-26T08:35:00+00:00
1803,1803.T,1803.jp,2013-11-27,437.14,438.94,429.12,430.02,4443164,https://stooq.com/q/d/l/?s=1803.jp&i=d,2026-03-26T08:35:00+00:00
1803,1803.T,1803.jp,2013-11-28,435.37,436.28,430.02,432.68,2782021,https://stooq.com/q/d/l/?s=1803.jp&i=d,2026-03-26T08:35:00+00:00
1803,1803.T,1803.jp,2013-11-29,430.02,434.48,426.45,427.34,5737782,https://stooq.com/q/d/l/?s=1803.jp&i=d,2026-03-26T08:35:00+00:00
1803,1803.T,1803.jp,2013-12-02,424.67,429.12,421.99,427.34,4848924,https://stooq.com/q/d/l/?s=1803.jp&i=d,2026-03-26T08:35:00+00:00
1803,1803.T,1803.jp,2013-12-03,429.12,431.81,427.34,428.25,3126131,https://stooq.com/q/d/l/?s=1803.jp&i=d,2026-03-26T08:35:00+00:00
1803,1803.T,1803.jp,2013-12-04,423.77,424.67,416.64,419.32,4167427,https://stooq.com/q/d/l/?s=1803.jp&i=d,2026-03-26T08:35:00+00:00
1803,1803.T,1803.jp,2013-12-05,419.32,425.58,416.64,417.53,4091209,https://stooq.com/q/d/l/?s=1803.jp&i=d,2026-03-26T08:35:00+00:00
1803,1803.T,1803.jp,2013-12-06,415.74,418.42,410.39,415.74,4130439,https://stooq.com/q/d/l/?s=1803.jp&i=d,2026-03-26T08:35:00+00:00
1803,1803.T,1803.jp,2013-12-09,421.99,422.88,412.19,416.64,4300813,https://stooq.com/q/d/l/?s=1803.jp&i=d,2026-03-26T08:35:00+00:00
1803,1803.T,1803.jp,2013-12-10,423.77,434.48,421.99,424.67,8355034,https://stooq.com/q/d/l/?s=1803.jp&i=d,2026-03-26T08:35:00+00:00
1803,1803.T,1803.jp,2013-12-11,420.20,431.81,418.42,429.12,5538265,https://stooq.com/q/d/l/?s=1803.jp&i=d,2026-03-26T08:35:00+00:00
1803,1803.T,1803.jp,2013-12-12,428.25,434.48,427.34,430.92,5260284,https://stooq.com/q/d/l/?s=1803.jp&i=d,2026-03-26T08:35:00+00:00
1803,1803.T,1803.jp,2013-12-13,436.28,442.50,430.92,431.81,13817077,https://stooq.com/q/d/l/?s=1803.jp&i=d,2026-03-26T08:35:00+00:00
1803,1803.T,1803.jp,2013-12-16,433.59,437.14,430.02,432.68,5194154,https://stooq.com/q/d/l/?s=1803.jp&i=d,2026-03-26T08:35:00+00:00
1803,1803.T,1803.jp,2013-12-17,432.68,439.83,430.92,437.14,4408418,https://stooq.com/q/d/l/?s=1803.jp&i=d,2026-03-26T08:35:00+00:00
1803,1803.T,1803.jp,2013-12-18,436.28,447.86,435.37,446.97,7560329,https://stooq.com/q/d/l/?s=1803.jp&i=d,2026-03-26T08:35:00+00:00
1803,1803.T,1803.jp,2013-12-19,454.12,455.01,447.86,450.54,5636900,https://stooq.com/q/d/l/?s=1803.jp&i=d,2026-03-26T08:35:00+00:00
1803,1803.T,1803.jp,2013-12-20,451.45,451.45,446.09,450.54,6242175,https://stooq.com/q/d/l/?s=1803.jp&i=d,2026-03-26T08:35:00+00:00
1803,1803.T,1803.jp,2013-12-24,450.54,450.54,446.97,448.75,4591119,https://stooq.com/q/d/l/?s=1803.jp&i=d,2026-03-26T08:35:00+00:00
1803,1803.T,1803.jp,2013-12-25,447.86,451.45,446.97,450.54,6098705,https://stooq.com/q/d/l/?s=1803.jp&i=d,2026-03-26T08:35:00+00:00
1803,1803.T,1803.jp,2013-12-26,452.32,466.61,451.45,464.83,7950397,https://stooq.com/q/d/l/?s=1803.jp&i=d,2026-03-26T08:35:00+00:00
1803,1803.T,1803.jp,2013-12-27,465.72,468.39,459.45,468.39,3949977,https://stooq.com/q/d/l/?s=1803.jp&i=d,2026-03-26T08:35:00+00:00
1803,1803.T,1803.jp,2013-12-30,470.16,475.52,470.16,473.73,4705451,https://stooq.com/q/d/l/?s=1803.jp&i=d,2026-03-26T08:35:00+00:00
1803,1803.T,1803.jp,2014-01-06,473.73,473.73,461.24,466.61,5646988,https://stooq.com/q/d/l/?s=1803.jp&i=d,2026-03-26T08:35:00+00:00
1803,1803.T,1803.jp,2014-01-07,465.72,474.64,463.94,463.94,6654660,https://stooq.com/q/d/l/?s=1803.jp&i=d,2026-03-26T08:35:00+00:00
1803,1803.T,1803.jp,2014-01-08,471.95,496.04,471.95,495.14,10940902,https://stooq.com/q/d/l/?s=1803.jp&i=d,2026-03-26T08:35:00+00:00
1803,1803.T,1803.jp,2014-01-09,491.57,492.47,487.12,488.91,6673713,https://stooq.com/q/d/l/?s=1803.jp&i=d,2026-03-26T08:35:00+00:00
1803,1803.T,1803.jp,2014-01-10,486.23,498.72,486.23,498.72,6573958,https://stooq.com/q/d/l/?s=1803.jp&i=d,2026-03-26T08:35:00+00:00
1803,1803.T,1803.jp,2014-01-14,488.03,488.91,479.98,480.86,6894527,https://stooq.com/q/d/l/?s=1803.jp&i=d,2026-03-26T08:35:00+00:00
1803,1803.T,1803.jp,2014-01-15,488.91,490.70,483.54,490.70,4092330,https://stooq.com/q/d/l/?s=1803.jp&i=d,2026-03-26T08:35:00+00:00
1803,1803.T,1803.jp,2014-01-16,495.14,495.14,488.03,491.57,2909802,https://stooq.com/q/d/l/?s=1803.jp&i=d,2026-03-26T08:35:00+00:00
1803,1803.T,1803.jp,2014-01-17,491.57,491.57,486.23,489.81,3724681,https://stooq.com/q/d/l/?s=1803.jp&i=d,2026-03-26T08:35:00+00:00
1803,1803.T,1803.jp,2014-01-20,490.70,490.70,483.54,485.32,2765211,https://stooq.com/q/d/l/?s=1803.jp&i=d,2026-03-26T08:35:00+00:00
1803,1803.T,1803.jp,2014-01-21,482.66,488.91,479.09,483.54,4382636,https://stooq.com/q/d/l/?s=1803.jp&i=d,2026-03-26T08:35:00+00:00
1803,1803.T,1803.jp,2014-01-22,486.23,491.57,482.66,489.81,5034987,https://stooq.com/q/d/l/?s=1803.jp&i=d,2026-03-26T08:35:00+00:00
1803,1803.T,1803.jp,2014-01-23,492.47,494.25,488.91,488.91,4567582,https://stooq.com/q/d/l/?s=1803.jp&i=d,2026-03-26T08:35:00+00:00
1803,1803.T,1803.jp,2014-01-24,481.76,488.91,477.31,487.12,6046022,https://stooq.com/q/d/l/?s=1803.jp&i=d,2026-03-26T08:35:00+00:00
1803,1803.T,1803.jp,2014-01-27,479.98,491.57,475.52,488.03,7925737,https://stooq.com/q/d/l/?s=1803.jp&i=d,2026-03-26T08:35:00+00:00
1803,1803.T,1803.jp,2014-01-28,487.12,488.03,478.21,480.86,4041892,https://stooq.com/q/d/l/?s=1803.jp&i=d,2026-03-26T08:35:00+00:00
1803,1803.T,1803.jp,2014-01-29,489.81,507.63,489.81,505.86,7765449,https://stooq.com/q/d/l/?s=1803.jp&i=d,2026-03-26T08:35:00+00:00
1803,1803.T,1803.jp,2014-01-30,497.84,504.95,485.32,488.91,8739493,https://stooq.com/q/d/l/?s=1803.jp&i=d,2026-03-26T08:35:00+00:00
1803,1803.T,1803.jp,2014-01-31,497.84,504.08,492.47,497.84,7168022,https://stooq.com/q/d/l/?s=1803.jp&i=d,2026-03-26T08:35:00+00:00
1803,1803.T,1803.jp,2014-02-03,496.04,501.40,480.86,483.54,5496791,https://stooq.com/q/d/l/?s=1803.jp&i=d,2026-03-26T08:35:00+00:00
1803,1803.T,1803.jp,2014-02-04,462.14,465.72,439.83,439.83,11063076,https://stooq.com/q/d/l/?s=1803.jp&i=d,2026-03-26T08:35:00+00:00
1803,1803.T,1803.jp,2014-02-05,451.45,456.78,438.04,451.45,6146902,https://stooq.com/q/d/l/?s=1803.jp&i=d,2026-03-26T08:35:00+00:00
1803,1803.T,1803.jp,2014-02-06,454.12,468.39,450.54,457.67,5216572,https://stooq.com/q/d/l/?s=1803.jp&i=d,2026-03-26T08:35:00+00:00
1803,1803.T,1803.jp,2014-02-07,464.83,468.39,448.75,453.21,5605516,https://stooq.com/q/d/l/?s=1803.jp&i=d,2026-03-26T08:35:00+00:00
1803,1803.T,1803.jp,2014-02-10,463.94,466.61,457.67,465.72,4890395,https://stooq.com/q/d/l/?s=1803.jp&i=d,2026-03-26T08:35:00+00:00
1803,1803.T,1803.jp,2014-02-12,468.39,478.21,451.45,456.78,12891230,https://stooq.com/q/d/l/?s=1803.jp&i=d,2026-03-26T08:35:00+00:00
1803,1803.T,1803.jp,2014-02-13,463.94,475.52,461.24,463.03,8244065,https://stooq.com/q/d/l/?s=1803.jp&i=d,2026-03-26T08:35:00+00:00
1803,1803.T,1803.jp,2014-02-14,460.34,465.72,450.54,453.21,5263647,https://stooq.com/q/d/l/?s=1803.jp&i=d,2026-03-26T08:35:00+00:00
1803,1803.T,1803.jp,2014-02-17,449.65,455.01,443.41,454.12,3323406,https://stooq.com/q/d/l/?s=1803.jp&i=d,2026-03-26T08:35:00+00:00
1803,1803.T,1803.jp,2014-02-18,457.67,471.95,456.78,465.72,5068616,https://stooq.com/q/d/l/?s=1803.jp&i=d,2026-03-26T08:35:00+00:00
1803,1803.T,1803.jp,2014-02-19,468.39,471.95,462.14,469.28,5555077,https://stooq.com/q/d/l/?s=1803.jp&i=d,2026-03-26T08:35:00+00:00
1803,1803.T,1803.jp,2014-02-20,469.28,469.28,459.45,463.94,3976879,https://stooq.com/q/d/l/?s=1803.jp&i=d,2026-03-26T08:35:00+00:00
1803,1803.T,1803.jp,2014-02-21,469.28,481.76,467.50,480.86,4479033,https://stooq.com/q/d/l/?s=1803.jp&i=d,2026-03-26T08:35:00+00:00
1803,1803.T,1803.jp,2014-02-24,477.31,484.46,475.52,484.46,8046792,https://stooq.com/q/d/l/?s=1803.jp&i=d,2026-03-26T08:35:00+00:00
1803,1803.T,1803.jp,2014-02-25,488.91,497.84,485.32,496.91,5781496,https://stooq.com/q/d/l/?s=1803.jp&i=d,2026-03-26T08:35:00+00:00
1803,1803.T,1803.jp,2014-02-26,489.81,498.72,488.03,492.47,3708990,https://stooq.com/q/d/l/?s=1803.jp&i=d,2026-03-26T08:35:00+00:00
1803,1803.T,1803.jp,2014-02-27,493.35,496.91,489.81,492.47,3238219,https://stooq.com/q/d/l/?s=1803.jp&i=d,2026-03-26T08:35:00+00:00
1803,1803.T,1803.jp,2014-02-28,491.57,492.47,485.32,489.81,3061119,https://stooq.com/q/d/l/?s=1803.jp&i=d,2026-03-26T08:35:00+00:00
1803,1803.T,1803.jp,2014-03-03,480.86,481.76,472.84,477.31,5267009,https://stooq.com/q/d/l/?s=1803.jp&i=d,2026-03-26T08:35:00+00:00
1803,1803.T,1803.jp,2014-03-04,471.05,480.86,470.16,477.31,3423166,https://stooq.com/q/d/l/?s=1803.jp&i=d,2026-03-26T08:35:00+00:00
1803,1803.T,1803.jp,2014-03-05,482.66,487.12,480.86,482.66,2264176,https://stooq.com/q/d/l/?s=1803.jp&i=d,2026-03-26T08:35:00+00:00
1803,1803.T,1803.jp,2014-03-06,484.46,488.03,475.52,485.32,3427649,https://stooq.com/q/d/l/?s=1803.jp&i=d,2026-03-26T08:35:00+00:00
1803,1803.T,1803.jp,2014-03-07,489.81,494.25,486.23,489.81,2901957,https://stooq.com/q/d/l/?s=1803.jp&i=d,2026-03-26T08:35:00+00:00
1803,1803.T,1803.jp,2014-03-10,491.57,508.54,490.70,504.08,8133100,https://stooq.com/q/d/l/?s=1803.jp&i=d,2026-03-26T08:35:00+00:00
1803,1803.T,1803.jp,2014-03-11,504.08,506.74,500.52,505.86,5768045,https://stooq.com/q/d/l/?s=1803.jp&i=d,2026-03-26T08:35:00+00:00
1803,1803.T,1803.jp,2014-03-12,498.72,504.08,489.81,489.81,5412725,https://stooq.com/q/d/l/?s=1803.jp&i=d,2026-03-26T08:35:00+00:00
1803,1803.T,1803.jp,2014-03-13,489.81,494.25,488.03,489.81,3082419,https://stooq.com/q/d/l/?s=1803.jp&i=d,2026-03-26T08:35:00+00:00
1803,1803.T,1803.jp,2014-03-14,481.76,488.03,465.72,466.61,9521868,https://stooq.com/q/d/l/?s=1803.jp&i=d,2026-03-26T08:35:00+00:00
1803,1803.T,1803.jp,2014-03-17,467.50,473.73,455.01,456.78,4554130,https://stooq.com/q/d/l/?s=1803.jp&i=d,2026-03-26T08:35:00+00:00
1803,1803.T,1803.jp,2014-03-18,471.05,479.98,470.16,473.73,4660617,https://stooq.com/q/d/l/?s=1803.jp&i=d,2026-03-26T08:35:00+00:00
1803,1803.T,1803.jp,2014-03-19,477.31,479.98,468.39,471.95,3818835,https://stooq.com/q/d/l/?s=1803.jp&i=d,2026-03-26T08:35:00+00:00
1803,1803.T,1803.jp,2014-03-20,473.73,475.52,456.78,456.78,4186483,https://stooq.com/q/d/l/?s=1803.jp&i=d,2026-03-26T08:35:00+00:00
1803,1803.T,1803.jp,2014-03-24,455.01,462.14,451.45,455.01,6849693,https://stooq.com/q/d/l/?s=1803.jp&i=d,2026-03-26T08:35:00+00:00
1803,1803.T,1803.jp,2014-03-25,455.01,460.34,450.54,455.89,3870397,https://stooq.com/q/d/l/?s=1803.jp&i=d,2026-03-26T08:35:00+00:00
1803,1803.T,1803.jp,2014-03-26,455.89,472.84,453.21,470.16,6324001,https://stooq.com/q/d/l/?s=1803.jp&i=d,2026-03-26T08:35:00+00:00
1803,1803.T,1803.jp,2014-03-27,463.94,478.21,460.34,475.52,4370306,https://stooq.com/q/d/l/?s=1803.jp&i=d,2026-03-26T08:35:00+00:00
1803,1803.T,1803.jp,2014-03-28,474.64,476.41,467.50,476.41,4405053,https://stooq.com/q/d/l/?s=1803.jp&i=d,2026-03-26T08:35:00+00:00
1803,1803.T,1803.jp,2014-03-31,482.66,484.46,470.16,477.31,5201999,https://stooq.com/q/d/l/?s=1803.jp&i=d,2026-03-26T08:35:00+00:00
1803,1803.T,1803.jp,2014-04-01,479.09,488.91,474.64,488.03,4120352,https://stooq.com/q/d/l/?s=1803.jp&i=d,2026-03-26T08:35:00+00:00
1803,1803.T,1803.jp,2014-04-02,490.70,498.72,488.91,489.81,3541979,https://stooq.com/q/d/l/?s=1803.jp&i=d,2026-03-26T08:35:00+00:00
1803,1803.T,1803.jp,2014-04-03,490.70,493.35,486.23,490.70,2807803,https://stooq.com/q/d/l/?s=1803.jp&i=d,2026-03-26T08:35:00+00:00
1803,1803.T,1803.jp,2014-04-04,487.12,489.81,483.54,488.03,2128549,https://stooq.com/q/d/l/?s=1803.jp&i=d,2026-03-26T08:35:00+00:00
1803,1803.T,1803.jp,2014-04-07,482.66,485.32,477.31,479.98,3255033,https://stooq.com/q/d/l/?s=1803.jp&i=d,2026-03-26T08:35:00+00:00
1803,1803.T,1803.jp,2014-04-08,478.21,481.76,472.84,473.73,2762966,https://stooq.com/q/d/l/?s=1803.jp&i=d,2026-03-26T08:35:00+00:00
1803,1803.T,1803.jp,2014-04-09,468.39,469.28,460.34,460.34,3406352,https://stooq.com/q/d/l/?s=1803.jp&i=d,2026-03-26T08:35:00+00:00
1803,1803.T,1803.jp,2014-04-10,470.16,471.95,461.24,462.14,2811164,https://stooq.com/q/d/l/?s=1803.jp&i=d,2026-03-26T08:35:00+00:00
1803,1803.T,1803.jp,2014-04-11,447.86,455.01,446.97,452.32,5854351,https://stooq.com/q/d/l/?s=1803.jp&i=d,2026-03-26T08:35:00+00:00
1803,1803.T,1803.jp,2014-04-14,454.12,459.45,450.54,453.21,3285297,https://stooq.com/q/d/l/?s=1803.jp&i=d,2026-03-26T08:35:00+00:00
1803,1803.T,1803.jp,2014-04-15,459.45,462.14,451.45,458.56,4983425,https://stooq.com/q/d/l/?s=1803.jp&i=d,2026-03-26T08:35:00+00:00
1803,1803.T,1803.jp,2014-04-16,462.14,471.95,461.24,471.05,4111383,https://stooq.com/q/d/l/?s=1803.jp&i=d,2026-03-26T08:35:00+00:00
1803,1803.T,1803.jp,2014-04-17,470.16,479.09,469.28,476.41,4020594,https://stooq.com/q/d/l/?s=1803.jp&i=d,2026-03-26T08:35:00+00:00
1803,1803.T,1803.jp,2014-04-18,476.41,482.66,474.64,481.76,2788748,https://stooq.com/q/d/l/?s=1803.jp&i=d,2026-03-26T08:35:00+00:00
1803,1803.T,1803.jp,2014-04-21,484.46,486.23,479.09,479.09,2082593,https://stooq.com/q/d/l/?s=1803.jp&i=d,2026-03-26T08:35:00+00:00
1803,1803.T,1803.jp,2014-04-22,479.09,483.54,473.73,474.64,2853758,https://stooq.com/q/d/l/?s=1803.jp&i=d,2026-03-26T08:35:00+00:00
1803,1803.T,1803.jp,2014-04-23,474.64,481.76,472.84,479.98,2215977,https://stooq.com/q/d/l/?s=1803.jp&i=d,2026-03-26T08:35:00+00:00
1803,1803.T,1803.jp,2014-04-24,482.66,498.72,477.31,487.12,9777430,https://stooq.com/q/d/l/?s=1803.jp&i=d,2026-03-26T08:35:00+00:00
1803,1803.T,1803.jp,2014-04-25,490.70,507.63,486.23,504.95,11005912,https://stooq.com/q/d/l/?s=1803.jp&i=d,2026-03-26T08:35:00+00:00
1803,1803.T,1803.jp,2014-04-28,508.54,516.54,506.74,511.21,6949451,https://stooq.com/q/d/l/?s=1803.jp&i=d,2026-03-26T08:35:00+00:00
1803,1803.T,1803.jp,2014-04-30,512.99,523.71,512.99,516.54,7118704,https://stooq.com/q/d/l/?s=1803.jp&i=d,2026-03-26T08:35:00+00:00
1803,1803.T,1803.jp,2014-05-01,517.45,521.92,507.63,521.03,5475493,https://stooq.com/q/d/l/?s=1803.jp&i=d,2026-03-26T08:35:00+00:00
1803,1803.T,1803.jp,2014-05-02,518.35,520.15,513.88,517.45,4717780,https://stooq.com/q/d/l/?s=1803.jp&i=d,2026-03-26T08:35:00+00:00
1803,1803.T,1803.jp,2014-05-07,511.21,514.77,502.30,502.30,5564043,https://stooq.com/q/d/l/?s=1803.jp&i=d,2026-03-26T08:35:00+00:00
1803,1803.T,1803.jp,2014-05-08,506.74,507.63,497.84,502.30,3391780,https://stooq.com/q/d/l/?s=1803.jp&i=d,2026-03-26T08:35:00+00:00
1803,1803.T,1803.jp,2014-05-09,498.72,507.63,497.84,502.30,3045428,https://stooq.com/q/d/l/?s=1803.jp&i=d,2026-03-26T08:35:00+00:00
1803,1803.T,1803.jp,2014-05-12,502.30,505.86,496.04,498.72,3546462,https://stooq.com/q/d/l/?s=1803.jp&i=d,2026-03-26T08:35:00+00:00
1803,1803.T,1803.jp,2014-05-13,507.63,535.28,505.86,531.73,12765693,https://stooq.com/q/d/l/?s=1803.jp&i=d,2026-03-26T08:35:00+00:00
1803,1803.T,1803.jp,2014-05-14,531.73,542.44,523.71,537.97,9777430,https://stooq.com/q/d/l/?s=1803.jp&i=d,2026-03-26T08:35:00+00:00
1803,1803.T,1803.jp,2014-05-15,535.28,545.12,531.73,537.97,6673713,https://stooq.com/q/d/l/?s=1803.jp&i=d,2026-03-26T08:35:00+00:00
1803,1803.T,1803.jp,2014-05-16,529.05,534.41,523.71,527.26,4587760,https://stooq.com/q/d/l/?s=1803.jp&i=d,2026-03-26T08:35:00+00:00
1803,1803.T,1803.jp,2014-05-19,526.38,529.93,521.03,522.82,3919714,https://stooq.com/q/d/l/?s=1803.jp&i=d,2026-03-26T08:35:00+00:00
1803,1803.T,1803.jp,2014-05-20,527.26,536.18,518.35,534.41,4796240,https://stooq.com/q/d/l/?s=1803.jp&i=d,2026-03-26T08:35:00+00:00
1803,1803.T,1803.jp,2014-05-21,533.51,546.01,531.73,539.75,6675957,https://stooq.com/q/d/l/?s=1803.jp&i=d,2026-03-26T08:35:00+00:00
1803,1803.T,1803.jp,2014-05-22,542.44,551.35,541.54,546.91,5204241,https://stooq.com/q/d/l/?s=1803.jp&i=d,2026-03-26T08:35:00+00:00
1803,1803.T,1803.jp,2014-05-23,553.14,564.74,552.24,560.29,9565581,https://stooq.com/q/d/l/?s=1803.jp&i=d,2026-03-26T08:35:00+00:00
1803,1803.T,1803.jp,2014-05-26,567.41,569.20,554.04,557.60,5716484,https://stooq.com/q/d/l/?s=1803.jp&i=d,2026-03-26T08:35:00+00:00
1803,1803.T,1803.jp,2014-05-27,559.38,564.74,556.72,557.60,4296329,https://stooq.com/q/d/l/?s=1803.jp&i=d,2026-03-26T08:35:00+00:00
1803,1803.T,1803.jp,2014-05-28,570.98,595.08,570.98,588.81,12028155,https://stooq.com/q/d/l/?s=1803.jp&i=d,2026-03-26T08:35:00+00:00
1803,1803.T,1803.jp,2014-05-29,587.93,594.19,587.03,590.60,6733118,https://stooq.com/q/d/l/?s=1803.jp&i=d,2026-03-26T08:35:00+00:00
1803,1803.T,1803.jp,2014-05-30,595.96,602.21,592.39,601.31,8869515,https://stooq.com/q/d/l/?s=1803.jp&i=d,2026-03-26T08:35:00+00:00
1803,1803.T,1803.jp,2014-06-02,602.21,610.23,600.42,603.99,5478857,https://stooq.com/q/d/l/?s=1803.jp&i=d,2026-03-26T08:35:00+00:00
1803,1803.T,1803.jp,2014-06-03,612.91,613.79,604.88,610.23,5325297,https://stooq.com/q/d/l/?s=1803.jp&i=d,2026-03-26T08:35:00+00:00
1803,1803.T,1803.jp,2014-06-04,608.44,619.14,606.67,612.91,6959540,https://stooq.com/q/d/l/?s=1803.jp&i=d,2026-03-26T08:35:00+00:00
1803,1803.T,1803.jp,2014-06-05,619.14,623.62,615.58,618.28,6817187,https://stooq.com/q/d/l/?s=1803.jp&i=d,2026-03-26T08:35:00+00:00
1803,1803.T,1803.jp,2014-06-06,620.95,620.95,612.91,615.58,5208723,https://stooq.com/q/d/l/?s=1803.jp&i=d,2026-03-26T08:35:00+00:00
1803,1803.T,1803.jp,2014-06-09,620.05,620.05,608.44,612.91,3971274,https://stooq.com/q/d/l/?s=1803.jp&i=d,2026-03-26T08:35:00+00:00
1803,1803.T,1803.jp,2014-06-10,613.79,617.38,604.88,606.67,6913583,https://stooq.com/q/d/l/?s=1803.jp&i=d,2026-03-26T08:35:00+00:00
1803,1803.T,1803.jp,2014-06-11,606.67,619.14,603.99,619.14,5740022,https://stooq.com/q/d/l/?s=1803.jp&i=d,2026-03-26T08:35:00+00:00
1803,1803.T,1803.jp,2014-06-12,614.69,619.14,606.67,618.28,5921606,https://stooq.com/q/d/l/?s=1803.jp&i=d,2026-03-26T08:35:00+00:00
1803,1803.T,1803.jp,2014-06-13,615.58,621.82,607.56,620.05,7772175,https://stooq.com/q/d/l/?s=1803.jp&i=d,2026-03-26T08:35:00+00:00
1803,1803.T,1803.jp,2014-06-16,617.38,617.38,607.56,609.34,4536197,https://stooq.com/q/d/l/?s=1803.jp&i=d,2026-03-26T08:35:00+00:00
1803,1803.T,1803.jp,2014-06-17,609.34,612.91,604.88,606.67,3408594,https://stooq.com/q/d/l/?s=1803.jp&i=d,2026-03-26T08:35:00+00:00
1803,1803.T,1803.jp,2014-06-18,608.44,610.23,605.76,608.44,2586988,https://stooq.com/q/d/l/?s=1803.jp&i=d,2026-03-26T08:35:00+00:00
1803,1803.T,1803.jp,2014-06-19,609.34,620.05,609.34,618.28,4889274,https://stooq.com/q/d/l/?s=1803.jp&i=d,2026-03-26T08:35:00+00:00
1803,1803.T,1803.jp,2014-06-20,622.74,637.90,620.05,634.32,9419869,https://stooq.com/q/d/l/?s=1803.jp&i=d,2026-03-26T08:35:00+00:00
1803,1803.T,1803.jp,2014-06-23,640.57,642.36,628.07,633.42,5502395,https://stooq.com/q/d/l/?s=1803.jp&i=d,2026-03-26T08:35:00+00:00
1803,1803.T,1803.jp,2014-06-24,631.64,639.67,625.39,638.76,5474374,https://stooq.com/q/d/l/?s=1803.jp&i=d,2026-03-26T08:35:00+00:00
1803,1803.T,1803.jp,2014-06-25,636.99,645.03,631.64,642.36,4834351,https://stooq.com/q/d/l/?s=1803.jp&i=d,2026-03-26T08:35:00+00:00
1803,1803.T,1803.jp,2014-06-26,645.93,651.28,641.45,651.28,4971100,https://stooq.com/q/d/l/?s=1803.jp&i=d,2026-03-26T08:35:00+00:00
1803,1803.T,1803.jp,2014-06-27,655.75,655.75,634.32,639.67,5585339,https://stooq.com/q/d/l/?s=1803.jp&i=d,2026-03-26T08:35:00+00:00
1803,1803.T,1803.jp,2014-06-30,643.25,644.13,634.32,639.67,3531889,https://stooq.com/q/d/l/?s=1803.jp&i=d,2026-03-26T08:35:00+00:00
1803,1803.T,1803.jp,2014-07-01,638.76,650.36,635.21,649.48,4957648,https://stooq.com/q/d/l/?s=1803.jp&i=d,2026-03-26T08:35:00+00:00
1803,1803.T,1803.jp,2014-07-02,653.96,654.84,637.90,639.67,4327714,https://stooq.com/q/d/l/?s=1803.jp&i=d,2026-03-26T08:35:00+00:00
1803,1803.T,1803.jp,2014-07-03,642.36,645.03,634.32,635.21,2378505,https://stooq.com/q/d/l/?s=1803.jp&i=d,2026-03-26T08:35:00+00:00
1803,1803.T,1803.jp,2014-07-04,638.76,639.67,625.39,628.07,3817715,https://stooq.com/q/d/l/?s=1803.jp&i=d,2026-03-26T08:35:00+00:00
1803,1803.T,1803.jp,2014-07-07,623.62,631.64,619.14,626.30,3304351,https://stooq.com/q/d/l/?s=1803.jp&i=d,2026-03-26T08:35:00+00:00
1803,1803.T,1803.jp,2014-07-08,621.82,628.96,616.48,627.18,3198988,https://stooq.com/q/d/l/?s=1803.jp&i=d,2026-03-26T08:35:00+00:00
1803,1803.T,1803.jp,2014-07-09,617.38,621.82,615.58,620.95,3130616,https://stooq.com/q/d/l/?s=1803.jp&i=d,2026-03-26T08:35:00+00:00
1803,1803.T,1803.jp,2014-07-10,612.00,617.38,606.67,607.56,4711055,https://stooq.com/q/d/l/?s=1803.jp&i=d,2026-03-26T08:35:00+00:00
1803,1803.T,1803.jp,2014-07-11,603.09,621.82,603.09,621.82,4400571,https://stooq.com/q/d/l/?s=1803.jp&i=d,2026-03-26T08:35:00+00:00
1803,1803.T,1803.jp,2014-07-14,628.07,630.75,617.38,629.85,3159758,https://stooq.com/q/d/l/?s=1803.jp&i=d,2026-03-26T08:35:00+00:00
1803,1803.T,1803.jp,2014-07-15,631.64,632.56,627.18,630.75,2458086,https://stooq.com/q/d/l/?s=1803.jp&i=d,2026-03-26T08:35:00+00:00
1803,1803.T,1803.jp,2014-07-16,633.42,639.67,630.75,638.76,3027494,https://stooq.com/q/d/l/?s=1803.jp&i=d,2026-03-26T08:35:00+00:00
1803,1803.T,1803.jp,2014-07-17,642.36,648.59,640.57,646.80,6142418,https://stooq.com/q/d/l/?s=1803.jp&i=d,2026-03-26T08:35:00+00:00
1803,1803.T,1803.jp,2014-07-18,640.57,649.48,636.99,648.59,4722262,https://stooq.com/q/d/l/?s=1803.jp&i=d,2026-03-26T08:35:00+00:00
1803,1803.T,1803.jp,2014-07-22,653.06,683.38,653.06,679.82,11587649,https://stooq.com/q/d/l/?s=1803.jp&i=d,2026-03-26T08:35:00+00:00
1803,1803.T,1803.jp,2014-07-23,682.48,689.66,674.46,680.71,8040064,https://stooq.com/q/d/l/?s=1803.jp&i=d,2026-03-26T08:35:00+00:00
1803,1803.T,1803.jp,2014-07-24,679.82,684.28,665.55,672.68,4292966,https://stooq.com/q/d/l/?s=1803.jp&i=d,2026-03-26T08:35:00+00:00
1803,1803.T,1803.jp,2014-07-25,695.87,720.86,694.09,718.17,15741626,https://stooq.com/q/d/l/?s=1803.jp&i=d,2026-03-26T08:35:00+00:00
1803,1803.T,1803.jp,2014-07-28,717.28,730.66,714.60,715.51,8872879,https://stooq.com/q/d/l/?s=1803.jp&i=d,2026-03-26T08:35:00+00:00
1803,1803.T,1803.jp,2014-07-29,715.51,721.76,711.96,721.76,5559558,https://stooq.com/q/d/l/?s=1803.jp&i=d,2026-03-26T08:35:00+00:00
1803,1803.T,1803.jp,2014-07-30,719.97,722.64,715.51,717.28,4744679,https://stooq.com/q/d/l/?s=1803.jp&i=d,2026-03-26T08:35:00+00:00
1803,1803.T,1803.jp,2014-07-31,716.38,716.38,708.38,710.16,5209846,https://stooq.com/q/d/l/?s=1803.jp&i=d,2026-03-26T08:35:00+00:00
1803,1803.T,1803.jp,2014-08-01,705.68,720.86,703.02,716.38,5147077,https://stooq.com/q/d/l/?s=1803.jp&i=d,2026-03-26T08:35:00+00:00
1803,1803.T,1803.jp,2014-08-04,717.28,722.64,713.73,720.86,4297450,https://stooq.com/q/d/l/?s=1803.jp&i=d,2026-03-26T08:35:00+00:00
1803,1803.T,1803.jp,2014-08-05,722.64,726.22,704.80,704.80,9299934,https://stooq.com/q/d/l/?s=1803.jp&i=d,2026-03-26T08:35:00+00:00
1803,1803.T,1803.jp,2014-08-06,711.04,722.64,710.16,716.38,6899011,https://stooq.com/q/d/l/?s=1803.jp&i=d,2026-03-26T08:35:00+00:00
1803,1803.T,1803.jp,2014-08-07,719.08,735.14,712.83,727.12,12482111,https://stooq.com/q/d/l/?s=1803.jp&i=d,2026-03-26T08:35:00+00:00
1803,1803.T,1803.jp,2014-08-08,718.17,733.37,708.38,718.17,7587234,https://stooq.com/q/d/l/?s=1803.jp&i=d,2026-03-26T08:35:00+00:00
1803,1803.T,1803.jp,2014-08-11,722.64,739.60,721.76,739.60,8694659,https://stooq.com/q/d/l/?s=1803.jp&i=d,2026-03-26T08:35:00+00:00
1803,1803.T,1803.jp,2014-08-12,740.47,748.52,736.03,738.69,6562748,https://stooq.com/q/d/l/?s=1803.jp&i=d,2026-03-26T08:35:00+00:00
1803,1803.T,1803.jp,2014-08-13,739.60,741.39,728.89,740.47,5390308,https://stooq.com/q/d/l/?s=1803.jp&i=d,2026-03-26T08:35:00+00:00
1803,1803.T,1803.jp,2014-08-14,746.73,766.36,742.25,763.67,10195517,https://stooq.com/q/d/l/?s=1803.jp&i=d,2026-03-26T08:35:00+00:00
1803,1803.T,1803.jp,2014-08-15,762.78,766.36,753.87,757.44,7226305,https://stooq.com/q/d/l/?s=1803.jp&i=d,2026-03-26T08:35:00+00:00
1803,1803.T,1803.jp,2014-08-18,763.67,770.83,754.77,769.91,6419273,https://stooq.com/q/d/l/?s=1803.jp&i=d,2026-03-26T08:35:00+00:00
1803,1803.T,1803.jp,2014-08-19,778.86,779.74,763.67,766.36,7898835,https://stooq.com/q/d/l/?s=1803.jp&i=d,2026-03-26T08:35:00+00:00
1803,1803.T,1803.jp,2014-08-20,768.14,768.14,756.56,758.32,6070682,https://stooq.com/q/d/l/?s=1803.jp&i=d,2026-03-26T08:35:00+00:00
1803,1803.T,1803.jp,2014-08-21,763.67,763.67,748.52,752.09,7456088,https://stooq.com/q/d/l/?s=1803.jp&i=d,2026-03-26T08:35:00+00:00
1803,1803.T,1803.jp,2014-08-22,752.98,752.98,728.89,731.58,10771649,https://stooq.com/q/d/l/?s=1803.jp&i=d,2026-03-26T08:35:00+00:00
1803,1803.T,1803.jp,2014-08-25,739.60,748.52,732.47,743.17,5877889,https://stooq.com/q/d/l/?s=1803.jp&i=d,2026-03-26T08:35:00+00:00
1803,1803.T,1803.jp,2014-08-26,747.63,769.91,746.73,764.57,10662925,https://stooq.com/q/d/l/?s=1803.jp&i=d,2026-03-26T08:35:00+00:00
1803,1803.T,1803.jp,2014-08-27,761.91,779.74,761.91,770.83,8608350,https://stooq.com/q/d/l/?s=1803.jp&i=d,2026-03-26T08:35:00+00:00
1803,1803.T,1803.jp,2014-08-28,777.96,786.87,770.83,777.05,9877187,https://stooq.com/q/d/l/?s=1803.jp&i=d,2026-03-26T08:35:00+00:00
1803,1803.T,1803.jp,2014-08-29,774.40,776.19,763.67,767.25,6761143,https://stooq.com/q/d/l/?s=1803.jp&i=d,2026-03-26T08:35:00+00:00
1803,1803.T,1803.jp,2014-09-01,773.51,777.05,765.49,777.05,5960835,https://stooq.com/q/d/l/?s=1803.jp&i=d,2026-03-26T08:35:00+00:00
1803,1803.T,1803.jp,2014-09-02,780.62,781.53,771.72,771.72,5985496,https://stooq.com/q/d/l/?s=1803.jp&i=d,2026-03-26T08:35:00+00:00
1803,1803.T,1803.jp,2014-09-03,775.28,780.62,763.67,773.51,6775713,https://stooq.com/q/d/l/?s=1803.jp&i=d,2026-03-26T08:35:00+00:00
1803,1803.T,1803.jp,2014-09-04,773.51,774.40,753.87,754.77,7247602,https://stooq.com/q/d/l/?s=1803.jp&i=d,2026-03-26T08:35:00+00:00
1803,1803.T,1803.jp,2014-09-05,759.23,765.49,745.85,749.42,8010922,https://stooq.com/q/d/l/?s=1803.jp&i=d,2026-03-26T08:35:00+00:00
1803,1803.T,1803.jp,2014-09-08,747.63,764.57,744.95,760.11,5438506,https://stooq.com/q/d/l/?s=1803.jp&i=d,2026-03-26T08:35:00+00:00
1803,1803.T,1803.jp,2014-09-09,761.91,769.04,752.98,753.87,6224242,https://stooq.com/q/d/l/?s=1803.jp&i=d,2026-03-26T08:35:00+00:00
1803,1803.T,1803.jp,2014-09-10,753.87,754.77,738.69,749.42,5876768,https://stooq.com/q/d/l/?s=1803.jp&i=d,2026-03-26T08:35:00+00:00
1803,1803.T,1803.jp,2014-09-11,748.52,749.42,734.24,735.14,8381933,https://stooq.com/q/d/l/?s=1803.jp&i=d,2026-03-26T08:35:00+00:00
1803,1803.T,1803.jp,2014-09-12,734.24,740.47,722.64,729.79,8709231,https://stooq.com/q/d/l/?s=1803.jp&i=d,2026-03-26T08:35:00+00:00
1803,1803.T,1803.jp,2014-09-16,740.47,747.63,725.32,728.89,10509362,https://stooq.com/q/d/l/?s=1803.jp&i=d,2026-03-26T08:35:00+00:00
1803,1803.T,1803.jp,2014-09-17,737.82,742.25,733.37,735.14,4911692,https://stooq.com/q/d/l/?s=1803.jp&i=d,2026-03-26T08:35:00+00:00
1803,1803.T,1803.jp,2014-09-18,741.39,744.04,728.89,731.58,5606638,https://stooq.com/q/d/l/?s=1803.jp&i=d,2026-03-26T08:35:00+00:00
1803,1803.T,1803.jp,2014-09-19,736.91,739.60,729.79,731.58,6808221,https://stooq.com/q/d/l/?s=1803.jp&i=d,2026-03-26T08:35:00+00:00
1803,1803.T,1803.jp,2014-09-22,730.66,736.91,725.32,730.66,4693120,https://stooq.com/q/d/l/?s=1803.jp&i=d,2026-03-26T08:35:00+00:00
1803,1803.T,1803.jp,2014-09-24,731.58,762.78,731.58,757.44,10495911,https://stooq.com/q/d/l/?s=1803.jp&i=d,2026-03-26T08:35:00+00:00
1803,1803.T,1803.jp,2014-09-25,765.49,765.49,752.09,759.23,5168374,https://stooq.com/q/d/l/?s=1803.jp&i=d,2026-03-26T08:35:00+00:00
1803,1803.T,1803.jp,2014-09-26,745.85,764.57,745.85,760.11,5982132,https://stooq.com/q/d/l/?s=1803.jp&i=d,2026-03-26T08:35:00+00:00
1803,1803.T,1803.jp,2014-09-29,765.49,777.05,753.87,775.28,7922375,https://stooq.com/q/d/l/?s=1803.jp&i=d,2026-03-26T08:35:00+00:00
1803,1803.T,1803.jp,2014-09-30,774.40,777.96,761.00,771.72,7451604,https://stooq.com/q/d/l/?s=1803.jp&i=d,2026-03-26T08:35:00+00:00
1803,1803.T,1803.jp,2014-10-01,769.04,771.72,754.77,754.77,7445998,https://stooq.com/q/d/l/?s=1803.jp&i=d,2026-03-26T08:35:00+00:00
1803,1803.T,1803.jp,2014-10-02,744.04,744.04,724.41,727.12,9175516,https://stooq.com/q/d/l/?s=1803.jp&i=d,2026-03-26T08:35:00+00:00
1803,1803.T,1803.jp,2014-10-03,727.12,739.60,724.41,733.37,7475143,https://stooq.com/q/d/l/?s=1803.jp&i=d,2026-03-26T08:35:00+00:00
1803,1803.T,1803.jp,2014-10-06,740.47,754.77,731.58,747.63,8775362,https://stooq.com/q/d/l/?s=1803.jp&i=d,2026-03-26T08:35:00+00:00
1803,1803.T,1803.jp,2014-10-07,746.73,748.52,731.58,731.58,5057405,https://stooq.com/q/d/l/?s=1803.jp&i=d,2026-03-26T08:35:00+00:00
1803,1803.T,1803.jp,2014-10-08,724.41,735.14,719.97,732.47,5732175,https://stooq.com/q/d/l/?s=1803.jp&i=d,2026-03-26T08:35:00+00:00
1803,1803.T,1803.jp,2014-10-09,733.37,735.14,696.78,699.46,9656375,https://stooq.com/q/d/l/?s=1803.jp&i=d,2026-03-26T08:35:00+00:00
1803,1803.T,1803.jp,2014-10-10,684.28,694.09,672.68,681.60,13758794,https://stooq.com/q/d/l/?s=1803.jp&i=d,2026-03-26T08:35:00+00:00
1803,1803.T,1803.jp,2014-10-14,653.06,661.97,645.03,653.06,13904506,https://stooq.com/q/d/l/?s=1803.jp&i=d,2026-03-26T08:35:00+00:00
1803,1803.T,1803.jp,2014-10-15,660.18,670.91,653.06,669.11,10705517,https://stooq.com/q/d/l/?s=1803.jp&i=d,2026-03-26T08:35:00+00:00
1803,1803.T,1803.jp,2014-10-16,651.28,658.39,647.69,653.96,12114463,https://stooq.com/q/d/l/?s=1803.jp&i=d,2026-03-26T08:35:00+00:00
1803,1803.T,1803.jp,2014-10-17,658.39,663.76,640.57,642.36,8756307,https://stooq.com/q/d/l/?s=1803.jp&i=d,2026-03-26T08:35:00+00:00
1803,1803.T,1803.jp,2014-10-20,666.43,683.38,664.65,682.48,9496089,https://stooq.com/q/d/l/?s=1803.jp&i=d,2026-03-26T08:35:00+00:00
1803,1803.T,1803.jp,2014-10-21,685.16,691.42,670.91,674.46,6698377,https://stooq.com/q/d/l/?s=1803.jp&i=d,2026-03-26T08:35:00+00:00
1803,1803.T,1803.jp,2014-10-22,698.56,705.68,691.42,703.90,8849341,https://stooq.com/q/d/l/?s=1803.jp&i=d,2026-03-26T08:35:00+00:00
1803,1803.T,1803.jp,2014-10-23,694.09,702.13,683.38,695.87,11367956,https://stooq.com/q/d/l/?s=1803.jp&i=d,2026-03-26T08:35:00+00:00
1803,1803.T,1803.jp,2014-10-24,706.57,708.38,695.87,701.23,5345473,https://stooq.com/q/d/l/?s=1803.jp&i=d,2026-03-26T08:35:00+00:00
1803,1803.T,1803.jp,2014-10-27,703.02,711.04,701.23,708.38,3392899,https://stooq.com/q/d/l/?s=1803.jp&i=d,2026-03-26T08:35:00+00:00
1803,1803.T,1803.jp,2014-10-28,709.28,712.83,698.56,702.13,6643451,https://stooq.com/q/d/l/?s=1803.jp&i=d,2026-03-26T08:35:00+00:00
1803,1803.T,1803.jp,2014-10-29,706.57,715.51,704.80,709.28,4014989,https://stooq.com/q/d/l/?s=1803.jp&i=d,2026-03-26T08:35:00+00:00
1803,1803.T,1803.jp,2014-10-30,708.38,710.16,698.56,698.56,4513780,https://stooq.com/q/d/l/?s=1803.jp&i=d,2026-03-26T08:35:00+00:00
1803,1803.T,1803.jp,2014-10-31,709.28,727.12,706.57,719.97,9400814,https://stooq.com/q/d/l/?s=1803.jp&i=d,2026-03-26T08:35:00+00:00
1803,1803.T,1803.jp,2014-11-04,740.47,740.47,718.17,719.08,9631718,https://stooq.com/q/d/l/?s=1803.jp&i=d,2026-03-26T08:35:00+00:00
1803,1803.T,1803.jp,2014-11-05,715.51,718.17,708.38,715.51,6818307,https://stooq.com/q/d/l/?s=1803.jp&i=d,2026-03-26T08:35:00+00:00
1803,1803.T,1803.jp,2014-11-06,719.97,736.03,717.28,719.97,7356330,https://stooq.com/q/d/l/?s=1803.jp&i=d,2026-03-26T08:35:00+00:00
1803,1803.T,1803.jp,2014-11-07,728.89,729.79,713.73,716.38,4839954,https://stooq.com/q/d/l/?s=1803.jp&i=d,2026-03-26T08:35:00+00:00
1803,1803.T,1803.jp,2014-11-10,722.64,722.64,709.28,713.73,7318222,https://stooq.com/q/d/l/?s=1803.jp&i=d,2026-03-26T08:35:00+00:00
1803,1803.T,1803.jp,2014-11-11,723.55,735.14,719.08,733.37,10630416,https://stooq.com/q/d/l/?s=1803.jp&i=d,2026-03-26T08:35:00+00:00
1803,1803.T,1803.jp,2014-11-12,737.82,744.95,709.28,712.83,14751892,https://stooq.com/q/d/l/?s=1803.jp&i=d,2026-03-26T08:35:00+00:00
1803,1803.T,1803.jp,2014-11-13,712.83,720.86,703.90,712.83,11138177,https://stooq.com/q/d/l/?s=1803.jp&i=d,2026-03-26T08:35:00+00:00
1803,1803.T,1803.jp,2014-11-14,718.17,719.08,705.68,712.83,8375208,https://stooq.com/q/d/l/?s=1803.jp&i=d,2026-03-26T08:35:00+00:00
1803,1803.T,1803.jp,2014-11-17,708.38,708.38,681.60,685.16,10025142,https://stooq.com/q/d/l/?s=1803.jp&i=d,2026-03-26T08:35:00+00:00
1803,1803.T,1803.jp,2014-11-18,693.20,709.28,693.20,707.48,6688285,https://stooq.com/q/d/l/?s=1803.jp&i=d,2026-03-26T08:35:00+00:00
1803,1803.T,1803.jp,2014-11-19,714.60,736.91,714.60,728.00,8585933,https://stooq.com/q/d/l/?s=1803.jp&i=d,2026-03-26T08:35:00+00:00
1803,1803.T,1803.jp,2014-11-20,735.14,738.69,720.86,726.22,5041713,https://stooq.com/q/d/l/?s=1803.jp&i=d,2026-03-26T08:35:00+00:00
1803,1803.T,1803.jp,2014-11-21,728.89,729.79,714.60,725.32,5190792,https://stooq.com/q/d/l/?s=1803.jp&i=d,2026-03-26T08:35:00+00:00
1803,1803.T,1803.jp,2014-11-25,728.89,728.89,717.28,719.08,3938768,https://stooq.com/q/d/l/?s=1803.jp&i=d,2026-03-26T08:35:00+00:00
1803,1803.T,1803.jp,2014-11-26,716.38,718.17,713.73,715.51,3422044,https://stooq.com/q/d/l/?s=1803.jp&i=d,2026-03-26T08:35:00+00:00
1803,1803.T,1803.jp,2014-11-27,711.04,723.55,710.16,715.51,4778308,https://stooq.com/q/d/l/?s=1803.jp&i=d,2026-03-26T08:35:00+00:00
1803,1803.T,1803.jp,2014-11-28,719.97,726.22,715.51,722.64,4466703,https://stooq.com/q/d/l/?s=1803.jp&i=d,2026-03-26T08:35:00+00:00
1803,1803.T,1803.jp,2014-12-01,723.55,724.41,716.38,720.86,4263826,https://stooq.com/q/d/l/?s=1803.jp&i=d,2026-03-26T08:35:00+00:00
1803,1803.T,1803.jp,2014-12-02,715.51,725.32,713.73,725.32,4072153,https://stooq.com/q/d/l/?s=1803.jp&i=d,2026-03-26T08:35:00+00:00
1803,1803.T,1803.jp,2014-12-03,728.00,733.37,720.86,721.76,4239165,https://stooq.com/q/d/l/?s=1803.jp&i=d,2026-03-26T08:35:00+00:00
1803,1803.T,1803.jp,2014-12-04,723.55,726.22,715.51,719.08,4312023,https://stooq.com/q/d/l/?s=1803.jp&i=d,2026-03-26T08:35:00+00:00
1803,1803.T,1803.jp,2014-12-05,715.51,715.51,704.80,708.38,5309604,https://stooq.com/q/d/l/?s=1803.jp&i=d,2026-03-26T08:35:00+00:00
1803,1803.T,1803.jp,2014-12-08,709.28,713.73,706.57,709.28,3687692,https://stooq.com/q/d/l/?s=1803.jp&i=d,2026-03-26T08:35:00+00:00
1803,1803.T,1803.jp,2014-12-09,703.90,705.68,698.56,700.34,3925318,https://stooq.com/q/d/l/?s=1803.jp&i=d,2026-03-26T08:35:00+00:00
1803,1803.T,1803.jp,2014-12-10,694.99,711.04,684.28,705.68,8412198,https://stooq.com/q/d/l/?s=1803.jp&i=d,2026-03-26T08:35:00+00:00
1803,1803.T,1803.jp,2014-12-11,697.66,703.02,686.96,698.56,5102244,https://stooq.com/q/d/l/?s=1803.jp&i=d,2026-03-26T08:35:00+00:00
1803,1803.T,1803.jp,2014-12-12,696.78,724.41,696.78,716.38,9501692,https://stooq.com/q/d/l/?s=1803.jp&i=d,2026-03-26T08:35:00+00:00
1803,1803.T,1803.jp,2014-12-15,705.68,731.58,704.80,721.76,9128438,https://stooq.com/q/d/l/?s=1803.jp&i=d,2026-03-26T08:35:00+00:00
1803,1803.T,1803.jp,2014-12-16,713.73,715.51,703.02,703.90,6553778,https://stooq.com/q/d/l/?s=1803.jp&i=d,2026-03-26T08:35:00+00:00
1803,1803.T,1803.jp,2014-12-17,701.23,711.04,699.46,706.57,4160700,https://stooq.com/q/d/l/?s=1803.jp&i=d,2026-03-26T08:35:00+00:00
1803,1803.T,1803.jp,2014-12-18,718.17,726.22,714.60,723.55,7723979,https://stooq.com/q/d/l/?s=1803.jp&i=d,2026-03-26T08:35:00+00:00
1803,1803.T,1803.jp,2014-12-19,732.47,734.24,726.22,729.79,7011098,https://stooq.com/q/d/l/?s=1803.jp&i=d,2026-03-26T08:35:00+00:00
1803,1803.T,1803.jp,2014-12-22,729.79,733.37,720.86,730.66,4048614,https://stooq.com/q/d/l/?s=1803.jp&i=d,2026-03-26T08:35:00+00:00
1803,1803.T,1803.jp,2014-12-24,734.24,735.14,729.79,731.58,2806680,https://stooq.com/q/d/l/?s=1803.jp&i=d,2026-03-26T08:35:00+00:00
1803,1803.T,1803.jp,2014-12-25,728.00,734.24,726.22,729.79,3719077,https://stooq.com/q/d/l/?s=1803.jp&i=d,2026-03-26T08:35:00+00:00
1803,1803.T,1803.jp,2014-12-26,733.37,748.52,731.58,742.25,5858834,https://stooq.com/q/d/l/?s=1803.jp&i=d,2026-03-26T08:35:00+00:00
1803,1803.T,1803.jp,2014-12-29,746.73,758.32,732.47,744.95,7318222,https://stooq.com/q/d/l/?s=1803.jp&i=d,2026-03-26T08:35:00+00:00
1803,1803.T,1803.jp,2014-12-30,744.95,744.95,729.79,734.24,4158458,https://stooq.com/q/d/l/?s=1803.jp&i=d,2026-03-26T08:35:00+00:00
1803,1803.T,1803.jp,2015-01-05,731.58,737.82,722.64,734.24,4035164,https://stooq.com/q/d/l/?s=1803.jp&i=d,2026-03-26T08:35:00+00:00
1803,1803.T,1803.jp,2015-01-06,724.41,724.41,713.73,713.73,5706397,https://stooq.com/q/d/l/?s=1803.jp&i=d,2026-03-26T08:35:00+00:00
1803,1803.T,1803.jp,2015-01-07,712.83,722.64,707.48,709.28,4509296,https://stooq.com/q/d/l/?s=1803.jp&i=d,2026-03-26T08:35:00+00:00
1803,1803.T,1803.jp,2015-01-08,717.28,719.08,711.04,714.60,3873756,https://stooq.com/q/d/l/?s=1803.jp&i=d,2026-03-26T08:35:00+00:00
1803,1803.T,1803.jp,2015-01-09,717.28,719.08,706.57,709.28,3988090,https://stooq.com/q/d/l/?s=1803.jp&i=d,2026-03-26T08:35:00+00:00
1803,1803.T,1803.jp,2015-01-13,703.90,703.90,692.32,702.13,4249252,https://stooq.com/q/d/l/?s=1803.jp&i=d,2026-03-26T08:35:00+00:00
1803,1803.T,1803.jp,2015-01-14,695.87,701.23,693.20,695.87,3397382,https://stooq.com/q/d/l/?s=1803.jp&i=d,2026-03-26T08:35:00+00:00
1803,1803.T,1803.jp,2015-01-15,699.46,720.86,699.46,717.28,5314088,https://stooq.com/q/d/l/?s=1803.jp&i=d,2026-03-26T08:35:00+00:00
1803,1803.T,1803.jp,2015-01-16,709.28,710.16,696.78,709.28,4670702,https://stooq.com/q/d/l/?s=1803.jp&i=d,2026-03-26T08:35:00+00:00
1803,1803.T,1803.jp,2015-01-19,712.83,719.97,708.38,716.38,3401869,https://stooq.com/q/d/l/?s=1803.jp&i=d,2026-03-26T08:35:00+00:00
1803,1803.T,1803.jp,2015-01-20,719.08,730.66,717.28,727.12,3441099,https://stooq.com/q/d/l/?s=1803.jp&i=d,2026-03-26T08:35:00+00:00
1803,1803.T,1803.jp,2015-01-21,725.32,729.79,720.86,727.12,3164240,https://stooq.com/q/d/l/?s=1803.jp&i=d,2026-03-26T08:35:00+00:00
1803,1803.T,1803.jp,2015-01-22,726.22,726.22,714.60,723.55,3479209,https://stooq.com/q/d/l/?s=1803.jp&i=d,2026-03-26T08:35:00+00:00
1803,1803.T,1803.jp,2015-01-23,730.66,731.58,714.60,728.00,4967735,https://stooq.com/q/d/l/?s=1803.jp&i=d,2026-03-26T08:35:00+00:00
1803,1803.T,1803.jp,2015-01-26,721.76,728.00,719.97,726.22,1895407,https://stooq.com/q/d/l/?s=1803.jp&i=d,2026-03-26T08:35:00+00:00
1803,1803.T,1803.jp,2015-01-27,729.79,733.37,725.32,733.37,3168723,https://stooq.com/q/d/l/?s=1803.jp&i=d,2026-03-26T08:35:00+00:00
1803,1803.T,1803.jp,2015-01-28,726.22,735.14,725.32,731.58,2767451,https://stooq.com/q/d/l/?s=1803.jp&i=d,2026-03-26T08:35:00+00:00
1803,1803.T,1803.jp,2015-01-29,725.32,733.37,723.55,726.22,2527583,https://stooq.com/q/d/l/?s=1803.jp&i=d,2026-03-26T08:35:00+00:00
1803,1803.T,1803.jp,2015-01-30,734.24,738.69,722.64,729.79,4316505,https://stooq.com/q/d/l/?s=1803.jp&i=d,2026-03-26T08:35:00+00:00
1803,1803.T,1803.jp,2015-02-02,721.76,722.64,711.96,719.08,3659671,https://stooq.com/q/d/l/?s=1803.jp&i=d,2026-03-26T08:35:00+00:00
1803,1803.T,1803.jp,2015-02-03,718.17,720.86,704.80,708.38,3864791,https://stooq.com/q/d/l/?s=1803.jp&i=d,2026-03-26T08:35:00+00:00
1803,1803.T,1803.jp,2015-02-04,716.38,729.79,716.38,723.55,4021714,https://stooq.com/q/d/l/?s=1803.jp&i=d,2026-03-26T08:35:00+00:00
1803,1803.T,1803.jp,2015-02-05,721.76,728.00,718.17,719.97,2560087,https://stooq.com/q/d/l/?s=1803.jp&i=d,2026-03-26T08:35:00+00:00
1803,1803.T,1803.jp,2015-02-06,722.64,726.22,714.60,715.51,3337977,https://stooq.com/q/d/l/?s=1803.jp&i=d,2026-03-26T08:35:00+00:00
1803,1803.T,1803.jp,2015-02-09,720.86,722.64,714.60,719.08,3471362,https://stooq.com/q/d/l/?s=1803.jp&i=d,2026-03-26T08:35:00+00:00
1803,1803.T,1803.jp,2015-02-10,721.76,733.37,705.68,707.48,9318990,https://stooq.com/q/d/l/?s=1803.jp&i=d,2026-03-26T08:35:00+00:00
1803,1803.T,1803.jp,2015-02-12,719.97,728.89,716.38,725.32,5096638,https://stooq.com/q/d/l/?s=1803.jp&i=d,2026-03-26T08:35:00+00:00
1803,1803.T,1803.jp,2015-02-13,727.12,739.60,724.41,734.24,6677079,https://stooq.com/q/d/l/?s=1803.jp&i=d,2026-03-26T08:35:00+00:00
1803,1803.T,1803.jp,2015-02-16,737.82,738.69,720.86,720.86,4879186,https://stooq.com/q/d/l/?s=1803.jp&i=d,2026-03-26T08:35:00+00:00
1803,1803.T,1803.jp,2015-02-17,719.97,726.22,716.38,724.41,6195098,https://stooq.com/q/d/l/?s=1803.jp&i=d,2026-03-26T08:35:00+00:00
1803,1803.T,1803.jp,2015-02-18,727.12,737.82,725.32,733.37,5936175,https://stooq.com/q/d/l/?s=1803.jp&i=d,2026-03-26T08:35:00+00:00
1803,1803.T,1803.jp,2015-02-19,731.58,739.60,729.79,735.14,5510241,https://stooq.com/q/d/l/?s=1803.jp&i=d,2026-03-26T08:35:00+00:00
1803,1803.T,1803.jp,2015-02-20,736.91,761.91,733.37,759.23,10066614,https://stooq.com/q/d/l/?s=1803.jp&i=d,2026-03-26T08:35:00+00:00
1803,1803.T,1803.jp,2015-02-23,765.49,769.04,756.56,766.36,6721913,https://stooq.com/q/d/l/?s=1803.jp&i=d,2026-03-26T08:35:00+00:00
1803,1803.T,1803.jp,2015-02-24,760.11,767.25,757.44,765.49,4006022,https://stooq.com/q/d/l/?s=1803.jp&i=d,2026-03-26T08:35:00+00:00
1803,1803.T,1803.jp,2015-02-25,768.14,773.51,763.67,766.36,5393671,https://stooq.com/q/d/l/?s=1803.jp&i=d,2026-03-26T08:35:00+00:00
1803,1803.T,1803.jp,2015-02-26,762.78,768.14,761.91,767.25,3279692,https://stooq.com/q/d/l/?s=1803.jp&i=d,2026-03-26T08:35:00+00:00
1803,1803.T,1803.jp,2015-02-27,767.25,777.96,759.23,761.00,7755363,https://stooq.com/q/d/l/?s=1803.jp&i=d,2026-03-26T08:35:00+00:00
1803,1803.T,1803.jp,2015-03-02,758.32,760.11,749.42,756.56,4149494,https://stooq.com/q/d/l/?s=1803.jp&i=d,2026-03-26T08:35:00+00:00
1803,1803.T,1803.jp,2015-03-03,756.56,764.57,750.30,751.21,3647340,https://stooq.com/q/d/l/?s=1803.jp&i=d,2026-03-26T08:35:00+00:00
1803,1803.T,1803.jp,2015-03-04,747.63,747.63,732.47,741.39,4795121,https://stooq.com/q/d/l/?s=1803.jp&i=d,2026-03-26T08:35:00+00:00
1803,1803.T,1803.jp,2015-03-05,742.25,744.04,736.91,738.69,2752879,https://stooq.com/q/d/l/?s=1803.jp&i=d,2026-03-26T08:35:00+00:00
1803,1803.T,1803.jp,2015-03-06,740.47,740.47,733.37,736.91,3174329,https://stooq.com/q/d/l/?s=1803.jp&i=d,2026-03-26T08:35:00+00:00
1803,1803.T,1803.jp,2015-03-09,732.47,733.37,720.86,726.22,4143891,https://stooq.com/q/d/l/?s=1803.jp&i=d,2026-03-26T08:35:00+00:00
1803,1803.T,1803.jp,2015-03-10,727.12,728.89,716.38,722.64,5501275,https://stooq.com/q/d/l/?s=1803.jp&i=d,2026-03-26T08:35:00+00:00
1803,1803.T,1803.jp,2015-03-11,723.55,739.60,721.76,736.03,4157341,https://stooq.com/q/d/l/?s=1803.jp&i=d,2026-03-26T08:35:00+00:00
1803,1803.T,1803.jp,2015-03-12,740.47,745.85,736.91,743.17,3946616,https://stooq.com/q/d/l/?s=1803.jp&i=d,2026-03-26T08:35:00+00:00
1803,1803.T,1803.jp,2015-03-13,748.52,749.42,733.37,736.03,6331844,https://stooq.com/q/d/l/?s=1803.jp&i=d,2026-03-26T08:35:00+00:00
1803,1803.T,1803.jp,2015-03-16,735.14,736.03,731.58,733.37,2931100,https://stooq.com/q/d/l/?s=1803.jp&i=d,2026-03-26T08:35:00+00:00
1803,1803.T,1803.jp,2015-03-17,736.91,737.82,729.79,736.03,3741494,https://stooq.com/q/d/l/?s=1803.jp&i=d,2026-03-26T08:35:00+00:00
1803,1803.T,1803.jp,2015-03-18,734.24,740.47,729.79,734.24,2754000,https://stooq.com/q/d/l/?s=1803.jp&i=d,2026-03-26T08:35:00+00:00
1803,1803.T,1803.jp,2015-03-19,728.00,730.66,722.64,727.12,4233560,https://stooq.com/q/d/l/?s=1803.jp&i=d,2026-03-26T08:35:00+00:00
1803,1803.T,1803.jp,2015-03-20,727.12,732.47,725.32,730.66,3260635,https://stooq.com/q/d/l/?s=1803.jp&i=d,2026-03-26T08:35:00+00:00
1803,1803.T,1803.jp,2015-03-23,731.58,736.91,730.66,735.14,3447823,https://stooq.com/q/d/l/?s=1803.jp&i=d,2026-03-26T08:35:00+00:00
1803,1803.T,1803.jp,2015-03-24,730.66,755.66,730.66,753.87,7327187,https://stooq.com/q/d/l/?s=1803.jp&i=d,2026-03-26T08:35:00+00:00
1803,1803.T,1803.jp,2015-03-25,753.87,764.57,752.09,760.11,6724154,https://stooq.com/q/d/l/?s=1803.jp&i=d,2026-03-26T08:35:00+00:00
1803,1803.T,1803.jp,2015-03-26,752.09,758.32,745.85,751.21,3810990,https://stooq.com/q/d/l/?s=1803.jp&i=d,2026-03-26T08:35:00+00:00
1803,1803.T,1803.jp,2015-03-27,742.25,752.98,724.41,731.58,6882199,https://stooq.com/q/d/l/?s=1803.jp&i=d,2026-03-26T08:35:00+00:00
1803,1803.T,1803.jp,2015-03-30,728.89,733.37,724.41,730.66,3352549,https://stooq.com/q/d/l/?s=1803.jp&i=d,2026-03-26T08:35:00+00:00
1803,1803.T,1803.jp,2015-03-31,738.69,740.47,725.32,725.32,3698902,https://stooq.com/q/d/l/?s=1803.jp&i=d,2026-03-26T08:35:00+00:00
1803,1803.T,1803.jp,2015-04-01,724.41,730.66,713.73,726.22,5265889,https://stooq.com/q/d/l/?s=1803.jp&i=d,2026-03-26T08:35:00+00:00
1803,1803.T,1803.jp,2015-04-02,727.12,739.60,724.41,733.37,3589055,https://stooq.com/q/d/l/?s=1803.jp&i=d,2026-03-26T08:35:00+00:00
1803,1803.T,1803.jp,2015-04-03,733.37,736.03,724.41,727.12,2450241,https://stooq.com/q/d/l/?s=1803.jp&i=d,2026-03-26T08:35:00+00:00
1803,1803.T,1803.jp,2015-04-06,724.41,724.41,718.17,720.86,2113979,https://stooq.com/q/d/l/?s=1803.jp&i=d,2026-03-26T08:35:00+00:00
1803,1803.T,1803.jp,2015-04-07,724.41,733.37,723.55,732.47,3109319,https://stooq.com/q/d/l/?s=1803.jp&i=d,2026-03-26T08:35:00+00:00
1803,1803.T,1803.jp,2015-04-08,736.03,739.60,732.47,734.24,2303405,https://stooq.com/q/d/l/?s=1803.jp&i=d,2026-03-26T08:35:00+00:00
1803,1803.T,1803.jp,2015-04-09,736.03,737.82,731.58,736.91,3061119,https://stooq.com/q/d/l/?s=1803.jp&i=d,2026-03-26T08:35:00+00:00
1803,1803.T,1803.jp,2015-04-10,736.91,737.82,728.89,735.14,3484811,https://stooq.com/q/d/l/?s=1803.jp&i=d,2026-03-26T08:35:00+00:00
1803,1803.T,1803.jp,2015-04-13,737.82,744.04,735.14,741.39,3300988,https://stooq.com/q/d/l/?s=1803.jp&i=d,2026-03-26T08:35:00+00:00
1803,1803.T,1803.jp,2015-04-14,741.39,747.63,738.69,747.63,4083361,https://stooq.com/q/d/l/?s=1803.jp&i=d,2026-03-26T08:35:00+00:00
1803,1803.T,1803.jp,2015-04-15,756.56,782.41,755.66,778.86,15384066,https://stooq.com/q/d/l/?s=1803.jp&i=d,2026-03-26T08:35:00+00:00
1803,1803.T,1803.jp,2015-04-16,778.86,788.66,767.25,781.53,10242595,https://stooq.com/q/d/l/?s=1803.jp&i=d,2026-03-26T08:35:00+00:00
1803,1803.T,1803.jp,2015-04-17,785.11,785.11,773.51,773.51,4208901,https://stooq.com/q/d/l/?s=1803.jp&i=d,2026-03-26T08:35:00+00:00
1803,1803.T,1803.jp,2015-04-20,765.49,777.96,764.57,772.60,3836770,https://stooq.com/q/d/l/?s=1803.jp&i=d,2026-03-26T08:35:00+00:00
1803,1803.T,1803.jp,2015-04-21,773.51,784.22,773.51,777.96,3803140,https://stooq.com/q/d/l/?s=1803.jp&i=d,2026-03-26T08:35:00+00:00
1803,1803.T,1803.jp,2015-04-22,779.74,792.22,778.86,791.34,6519033,https://stooq.com/q/d/l/?s=1803.jp&i=d,2026-03-26T08:35:00+00:00
1803,1803.T,1803.jp,2015-04-23,793.12,801.15,789.56,793.12,5113451,https://stooq.com/q/d/l/?s=1803.jp&i=d,2026-03-26T08:35:00+00:00
1803,1803.T,1803.jp,2015-04-24,793.12,796.69,787.78,794.01,3890571,https://stooq.com/q/d/l/?s=1803.jp&i=d,2026-03-26T08:35:00+00:00
1803,1803.T,1803.jp,2015-04-27,793.12,793.12,782.41,787.78,2482744,https://stooq.com/q/d/l/?s=1803.jp&i=d,2026-03-26T08:35:00+00:00
1803,1803.T,1803.jp,2015-04-28,782.41,791.34,777.05,784.22,3358153,https://stooq.com/q/d/l/?s=1803.jp&i=d,2026-03-26T08:35:00+00:00
1803,1803.T,1803.jp,2015-04-30,772.60,777.96,766.36,771.72,4466703,https://stooq.com/q/d/l/?s=1803.jp&i=d,2026-03-26T08:35:00+00:00
1803,1803.T,1803.jp,2015-05-01,766.36,767.25,759.23,763.67,2879537,https://stooq.com/q/d/l/?s=1803.jp&i=d,2026-03-26T08:35:00+00:00
1803,1803.T,1803.jp,2015-05-07,752.09,752.98,744.04,745.85,3889451,https://stooq.com/q/d/l/?s=1803.jp&i=d,2026-03-26T08:35:00+00:00
1803,1803.T,1803.jp,2015-05-08,745.85,752.09,737.82,738.69,5576372,https://stooq.com/q/d/l/?s=1803.jp&i=d,2026-03-26T08:35:00+00:00
1803,1803.T,1803.jp,2015-05-11,749.42,750.30,744.95,747.63,4817537,https://stooq.com/q/d/l/?s=1803.jp&i=d,2026-03-26T08:35:00+00:00
1803,1803.T,1803.jp,2015-05-12,745.85,752.98,741.39,750.30,3609229,https://stooq.com/q/d/l/?s=1803.jp&i=d,2026-03-26T08:35:00+00:00
1803,1803.T,1803.jp,2015-05-13,748.52,801.15,744.04,799.38,13718441,https://stooq.com/q/d/l/?s=1803.jp&i=d,2026-03-26T08:35:00+00:00
1803,1803.T,1803.jp,2015-05-14,802.93,818.10,798.49,813.64,10417450,https://stooq.com/q/d/l/?s=1803.jp&i=d,2026-03-26T08:35:00+00:00
1803,1803.T,1803.jp,2015-05-15,814.53,824.36,808.30,818.10,5439627,https://stooq.com/q/d/l/?s=1803.jp&i=d,2026-03-26T08:35:00+00:00
1803,1803.T,1803.jp,2015-05-18,813.64,824.36,813.64,820.80,4916177,https://stooq.com/q/d/l/?s=1803.jp&i=d,2026-03-26T08:35:00+00:00
1803,1803.T,1803.jp,2015-05-19,822.57,836.82,821.69,833.28,5158285,https://stooq.com/q/d/l/?s=1803.jp&i=d,2026-03-26T08:35:00+00:00
1803,1803.T,1803.jp,2015-05-20,833.28,835.94,820.80,828.83,4518263,https://stooq.com/q/d/l/?s=1803.jp&i=d,2026-03-26T08:35:00+00:00
1803,1803.T,1803.jp,2015-05-21,825.24,829.71,825.24,827.93,2937824,https://stooq.com/q/d/l/?s=1803.jp&i=d,2026-03-26T08:35:00+00:00
1803,1803.T,1803.jp,2015-05-22,824.36,828.83,819.00,823.46,2268659,https://stooq.com/q/d/l/?s=1803.jp&i=d,2026-03-26T08:35:00+00:00
1803,1803.T,1803.jp,2015-05-25,822.57,825.24,817.21,821.69,2217099,https://stooq.com/q/d/l/?s=1803.jp&i=d,2026-03-26T08:35:00+00:00
1803,1803.T,1803.jp,2015-05-26,821.69,831.50,819.88,828.83,3395144,https://stooq.com/q/d/l/?s=1803.jp&i=d,2026-03-26T08:35:00+00:00
1803,1803.T,1803.jp,2015-05-27,825.24,850.23,824.36,840.42,6288129,https://stooq.com/q/d/l/?s=1803.jp&i=d,2026-03-26T08:35:00+00:00
1803,1803.T,1803.jp,2015-05-28,851.12,853.79,843.98,846.65,3339096,https://stooq.com/q/d/l/?s=1803.jp&i=d,2026-03-26T08:35:00+00:00
1803,1803.T,1803.jp,2015-05-29,842.21,856.47,841.31,849.32,3600264,https://stooq.com/q/d/l/?s=1803.jp&i=d,2026-03-26T08:35:00+00:00
1803,1803.T,1803.jp,2015-06-01,852.02,871.64,851.12,867.18,4769340,https://stooq.com/q/d/l/?s=1803.jp&i=d,2026-03-26T08:35:00+00:00
1803,1803.T,1803.jp,2015-06-02,868.96,872.51,858.25,862.71,3027494,https://stooq.com/q/d/l/?s=1803.jp&i=d,2026-03-26T08:35:00+00:00
1803,1803.T,1803.jp,2015-06-03,876.11,878.77,858.25,858.25,4490242,https://stooq.com/q/d/l/?s=1803.jp&i=d,2026-03-26T08:35:00+00:00
1803,1803.T,1803.jp,2015-06-04,858.25,873.42,852.91,869.84,4067669,https://stooq.com/q/d/l/?s=1803.jp&i=d,2026-03-26T08:35:00+00:00
1803,1803.T,1803.jp,2015-06-05,863.62,874.32,860.05,869.84,2453603,https://stooq.com/q/d/l/?s=1803.jp&i=d,2026-03-26T08:35:00+00:00
1803,1803.T,1803.jp,2015-06-08,889.48,890.37,875.19,885.92,6087494,https://stooq.com/q/d/l/?s=1803.jp&i=d,2026-03-26T08:35:00+00:00
1803,1803.T,1803.jp,2015-06-09,880.57,883.24,870.75,873.42,4065429,https://stooq.com/q/d/l/?s=1803.jp&i=d,2026-03-26T08:35:00+00:00
1803,1803.T,1803.jp,2015-06-10,883.24,896.62,874.32,881.46,6786922,https://stooq.com/q/d/l/?s=1803.jp&i=d,2026-03-26T08:35:00+00:00
1803,1803.T,1803.jp,2015-06-11,892.14,909.11,891.27,905.53,4807451,https://stooq.com/q/d/l/?s=1803.jp&i=d,2026-03-26T08:35:00+00:00
1803,1803.T,1803.jp,2015-06-12,904.67,904.67,888.59,890.37,5203122,https://stooq.com/q/d/l/?s=1803.jp&i=d,2026-03-26T08:35:00+00:00
1803,1803.T,1803.jp,2015-06-15,885.92,888.59,878.77,885.92,2424459,https://stooq.com/q/d/l/?s=1803.jp&i=d,2026-03-26T08:35:00+00:00
1803,1803.T,1803.jp,2015-06-16,881.46,890.37,876.11,880.57,2989384,https://stooq.com/q/d/l/?s=1803.jp&i=d,2026-03-26T08:35:00+00:00
1803,1803.T,1803.jp,2015-06-17,881.46,886.80,876.11,883.24,3299867,https://stooq.com/q/d/l/?s=1803.jp&i=d,2026-03-26T08:35:00+00:00
1803,1803.T,1803.jp,2015-06-18,883.24,883.24,868.96,869.84,2575779,https://stooq.com/q/d/l/?s=1803.jp&i=d,2026-03-26T08:35:00+00:00
1803,1803.T,1803.jp,2015-06-19,886.80,889.48,873.42,873.42,3674241,https://stooq.com/q/d/l/?s=1803.jp&i=d,2026-03-26T08:35:00+00:00
1803,1803.T,1803.jp,2015-06-22,878.77,896.62,874.32,887.71,3487054,https://stooq.com/q/d/l/?s=1803.jp&i=d,2026-03-26T08:35:00+00:00
1803,1803.T,1803.jp,2015-06-23,894.83,895.72,881.46,887.71,3914112,https://stooq.com/q/d/l/?s=1803.jp&i=d,2026-03-26T08:35:00+00:00
1803,1803.T,1803.jp,2015-06-24,892.14,893.05,885.02,891.27,3334615,https://stooq.com/q/d/l/?s=1803.jp&i=d,2026-03-26T08:35:00+00:00
1803,1803.T,1803.jp,2015-06-25,892.14,913.56,891.27,909.11,5685098,https://stooq.com/q/d/l/?s=1803.jp&i=d,2026-03-26T08:35:00+00:00
1803,1803.T,1803.jp,2015-06-26,918.03,925.16,903.77,918.93,5376856,https://stooq.com/q/d/l/?s=1803.jp&i=d,2026-03-26T08:35:00+00:00
1803,1803.T,1803.jp,2015-06-29,892.14,918.03,892.14,903.77,5059646,https://stooq.com/q/d/l/?s=1803.jp&i=d,2026-03-26T08:35:00+00:00
1803,1803.T,1803.jp,2015-06-30,917.14,942.12,914.46,919.82,7915647,https://stooq.com/q/d/l/?s=1803.jp&i=d,2026-03-26T08:35:00+00:00
1803,1803.T,1803.jp,2015-07-01,919.82,936.78,916.25,934.10,3803140,https://stooq.com/q/d/l/?s=1803.jp&i=d,2026-03-26T08:35:00+00:00
1803,1803.T,1803.jp,2015-07-02,952.84,968.88,952.84,960.86,6848570,https://stooq.com/q/d/l/?s=1803.jp&i=d,2026-03-26T08:35:00+00:00
1803,1803.T,1803.jp,2015-07-03,962.66,966.21,948.37,963.54,3725802,https://stooq.com/q/d/l/?s=1803.jp&i=d,2026-03-26T08:35:00+00:00
1803,1803.T,1803.jp,2015-07-06,948.37,956.40,936.78,942.12,4021714,https://stooq.com/q/d/l/?s=1803.jp&i=d,2026-03-26T08:35:00+00:00
1803,1803.T,1803.jp,2015-07-07,955.51,957.30,939.44,944.80,3993690,https://stooq.com/q/d/l/?s=1803.jp&i=d,2026-03-26T08:35:00+00:00
1803,1803.T,1803.jp,2015-07-08,942.12,942.12,917.14,918.03,4424109,https://stooq.com/q/d/l/?s=1803.jp&i=d,2026-03-26T08:35:00+00:00
1803,1803.T,1803.jp,2015-07-09,898.42,922.50,873.42,919.82,6257867,https://stooq.com/q/d/l/?s=1803.jp&i=d,2026-03-26T08:35:00+00:00
1803,1803.T,1803.jp,2015-07-10,918.03,934.10,908.21,922.50,5178460,https://stooq.com/q/d/l/?s=1803.jp&i=d,2026-03-26T08:35:00+00:00
1803,1803.T,1803.jp,2015-07-13,930.52,944.80,919.82,943.02,3918592,https://stooq.com/q/d/l/?s=1803.jp&i=d,2026-03-26T08:35:00+00:00
1803,1803.T,1803.jp,2015-07-14,943.02,943.02,924.29,934.10,6403581,https://stooq.com/q/d/l/?s=1803.jp&i=d,2026-03-26T08:35:00+00:00
1803,1803.T,1803.jp,2015-07-15,939.44,947.47,934.10,935.87,2847034,https://stooq.com/q/d/l/?s=1803.jp&i=d,2026-03-26T08:35:00+00:00
1803,1803.T,1803.jp,2015-07-16,945.67,954.62,939.44,952.84,2965845,https://stooq.com/q/d/l/?s=1803.jp&i=d,2026-03-26T08:35:00+00:00
1803,1803.T,1803.jp,2015-07-17,955.51,965.32,948.37,954.62,3021889,https://stooq.com/q/d/l/?s=1803.jp&i=d,2026-03-26T08:35:00+00:00
1803,1803.T,1803.jp,2015-07-21,954.62,966.21,950.16,962.66,2317977,https://stooq.com/q/d/l/?s=1803.jp&i=d,2026-03-26T08:35:00+00:00
1803,1803.T,1803.jp,2015-07-22,959.07,965.32,955.51,959.97,2228306,https://stooq.com/q/d/l/?s=1803.jp&i=d,2026-03-26T08:35:00+00:00
1803,1803.T,1803.jp,2015-07-23,964.42,968.88,957.30,965.32,2368418,https://stooq.com/q/d/l/?s=1803.jp&i=d,2026-03-26T08:35:00+00:00
1803,1803.T,1803.jp,2015-07-24,973.34,976.93,959.97,961.75,3072329,https://stooq.com/q/d/l/?s=1803.jp&i=d,2026-03-26T08:35:00+00:00
1803,1803.T,1803.jp,2015-07-27,958.18,968.88,952.84,958.18,3382813,https://stooq.com/q/d/l/?s=1803.jp&i=d,2026-03-26T08:35:00+00:00
1803,1803.T,1803.jp,2015-07-28,955.51,972.47,949.23,967.97,3724681,https://stooq.com/q/d/l/?s=1803.jp&i=d,2026-03-26T08:35:00+00:00
1803,1803.T,1803.jp,2015-07-29,979.59,980.50,965.32,970.66,2768570,https://stooq.com/q/d/l/?s=1803.jp&i=d,2026-03-26T08:35:00+00:00
1803,1803.T,1803.jp,2015-07-30,976.03,978.69,956.40,961.75,3612592,https://stooq.com/q/d/l/?s=1803.jp&i=d,2026-03-26T08:35:00+00:00
1803,1803.T,1803.jp,2015-07-31,961.75,970.66,952.84,970.66,3381692,https://stooq.com/q/d/l/?s=1803.jp&i=d,2026-03-26T08:35:00+00:00
1803,1803.T,1803.jp,2015-08-03,967.10,972.47,957.30,963.54,2282109,https://stooq.com/q/d/l/?s=1803.jp&i=d,2026-03-26T08:35:00+00:00
1803,1803.T,1803.jp,2015-08-04,963.54,972.47,936.78,972.47,5856592,https://stooq.com/q/d/l/?s=1803.jp&i=d,2026-03-26T08:35:00+00:00
1803,1803.T,1803.jp,2015-08-05,979.59,1027.75,977.81,1013.49,8531010,https://stooq.com/q/d/l/?s=1803.jp&i=d,2026-03-26T08:35:00+00:00
1803,1803.T,1803.jp,2015-08-06,1025.06,1068.81,978.69,987.62,17094528,https://stooq.com/q/d/l/?s=1803.jp&i=d,2026-03-26T08:35:00+00:00
1803,1803.T,1803.jp,2015-08-07,977.81,1008.13,959.97,1002.79,7787868,https://stooq.com/q/d/l/?s=1803.jp&i=d,2026-03-26T08:35:00+00:00
1803,1803.T,1803.jp,2015-08-10,1015.26,1040.23,1007.24,1039.37,5995582,https://stooq.com/q/d/l/?s=1803.jp&i=d,2026-03-26T08:35:00+00:00
1803,1803.T,1803.jp,2015-08-11,1052.75,1060.77,1025.96,1037.57,5329780,https://stooq.com/q/d/l/?s=1803.jp&i=d,2026-03-26T08:35:00+00:00
1803,1803.T,1803.jp,2015-08-12,1042.94,1054.54,1028.66,1035.78,5138109,https://stooq.com/q/d/l/?s=1803.jp&i=d,2026-03-26T08:35:00+00:00
1803,1803.T,1803.jp,2015-08-13,1037.57,1069.69,1035.78,1065.24,7131032,https://stooq.com/q/d/l/?s=1803.jp&i=d,2026-03-26T08:35:00+00:00
1803,1803.T,1803.jp,2015-08-14,1065.24,1076.83,1056.30,1066.12,5383582,https://stooq.com/q/d/l/?s=1803.jp&i=d,2026-03-26T08:35:00+00:00
1803,1803.T,1803.jp,2015-08-17,1070.59,1087.53,1067.03,1084.86,4553011,https://stooq.com/q/d/l/?s=1803.jp&i=d,2026-03-26T08:35:00+00:00
1803,1803.T,1803.jp,2015-08-18,1090.20,1103.60,1083.96,1090.20,5531539,https://stooq.com/q/d/l/?s=1803.jp&i=d,2026-03-26T08:35:00+00:00
1803,1803.T,1803.jp,2015-08-19,1081.29,1091.11,1064.33,1066.12,4190968,https://stooq.com/q/d/l/?s=1803.jp&i=d,2026-03-26T08:35:00+00:00
1803,1803.T,1803.jp,2015-08-20,1058.09,1082.18,1054.54,1058.09,4249252,https://stooq.com/q/d/l/?s=1803.jp&i=d,2026-03-26T08:35:00+00:00
1803,1803.T,1803.jp,2015-08-21,1028.66,1057.22,1028.66,1048.27,6662504,https://stooq.com/q/d/l/?s=1803.jp&i=d,2026-03-26T08:35:00+00:00
1803,1803.T,1803.jp,2015-08-24,1027.75,1057.22,986.74,987.62,8993935,https://stooq.com/q/d/l/?s=1803.jp&i=d,2026-03-26T08:35:00+00:00
1803,1803.T,1803.jp,2015-08-25,960.86,1019.73,940.35,963.54,10302001,https://stooq.com/q/d/l/?s=1803.jp&i=d,2026-03-26T08:35:00+00:00
1803,1803.T,1803.jp,2015-08-26,981.37,989.39,966.21,982.26,7638792,https://stooq.com/q/d/l/?s=1803.jp&i=d,2026-03-26T08:35:00+00:00
1803,1803.T,1803.jp,2015-08-27,1017.93,1043.81,1010.83,1033.12,7694835,https://stooq.com/q/d/l/?s=1803.jp&i=d,2026-03-26T08:35:00+00:00
1803,1803.T,1803.jp,2015-08-28,1059.87,1077.72,1044.71,1052.75,11899252,https://stooq.com/q/d/l/?s=1803.jp&i=d,2026-03-26T08:35:00+00:00
1803,1803.T,1803.jp,2015-08-31,1053.64,1077.72,1048.27,1058.99,6708460,https://stooq.com/q/d/l/?s=1803.jp&i=d,2026-03-26T08:35:00+00:00
1803,1803.T,1803.jp,2015-09-01,1052.75,1067.03,1028.66,1028.66,6524638,https://stooq.com/q/d/l/?s=1803.jp&i=d,2026-03-26T08:35:00+00:00
1803,1803.T,1803.jp,2015-09-02,1009.03,1043.81,1000.11,1011.70,6350901,https://stooq.com/q/d/l/?s=1803.jp&i=d,2026-03-26T08:35:00+00:00
1803,1803.T,1803.jp,2015-09-03,1033.12,1036.68,1000.99,1003.67,4865738,https://stooq.com/q/d/l/?s=1803.jp&i=d,2026-03-26T08:35:00+00:00
1803,1803.T,1803.jp,2015-09-04,1009.94,1025.06,987.62,1000.11,5724329,https://stooq.com/q/d/l/?s=1803.jp&i=d,2026-03-26T08:35:00+00:00
1803,1803.T,1803.jp,2015-09-07,998.34,1009.94,983.17,995.65,3988090,https://stooq.com/q/d/l/?s=1803.jp&i=d,2026-03-26T08:35:00+00:00
1803,1803.T,1803.jp,2015-09-08,1001.89,1003.67,927.84,934.99,7786749,https://stooq.com/q/d/l/?s=1803.jp&i=d,2026-03-26T08:35:00+00:00
1803,1803.T,1803.jp,2015-09-09,965.32,979.59,943.02,979.59,6753299,https://stooq.com/q/d/l/?s=1803.jp&i=d,2026-03-26T08:35:00+00:00
1803,1803.T,1803.jp,2015-09-10,957.30,994.76,947.47,991.20,5123538,https://stooq.com/q/d/l/?s=1803.jp&i=d,2026-03-26T08:35:00+00:00
1803,1803.T,1803.jp,2015-09-11,983.17,999.23,983.17,992.98,5490065,https://stooq.com/q/d/l/?s=1803.jp&i=d,2026-03-26T08:35:00+00:00
1803,1803.T,1803.jp,2015-09-14,999.23,1014.37,990.30,992.05,3023010,https://stooq.com/q/d/l/?s=1803.jp&i=d,2026-03-26T08:35:00+00:00
1803,1803.T,1803.jp,2015-09-15,992.98,994.76,959.97,960.86,4715538,https://stooq.com/q/d/l/?s=1803.jp&i=d,2026-03-26T08:35:00+00:00
1803,1803.T,1803.jp,2015-09-16,970.66,974.25,941.22,948.37,4361342,https://stooq.com/q/d/l/?s=1803.jp&i=d,2026-03-26T08:35:00+00:00
1803,1803.T,1803.jp,2015-09-17,957.30,971.56,940.35,967.10,4111383,https://stooq.com/q/d/l/?s=1803.jp&i=d,2026-03-26T08:35:00+00:00
1803,1803.T,1803.jp,2015-09-18,952.84,965.32,943.02,948.37,7511012,https://stooq.com/q/d/l/?s=1803.jp&i=d,2026-03-26T08:35:00+00:00
1803,1803.T,1803.jp,2015-09-24,936.78,936.78,914.46,918.93,6691650,https://stooq.com/q/d/l/?s=1803.jp&i=d,2026-03-26T08:35:00+00:00
1803,1803.T,1803.jp,2015-09-25,924.29,946.58,915.36,943.90,5282702,https://stooq.com/q/d/l/?s=1803.jp&i=d,2026-03-26T08:35:00+00:00
1803,1803.T,1803.jp,2015-09-28,937.67,957.30,936.78,947.47,4109141,https://stooq.com/q/d/l/?s=1803.jp&i=d,2026-03-26T08:35:00+00:00
1803,1803.T,1803.jp,2015-09-29,934.10,944.80,910.89,912.67,4715538,https://stooq.com/q/d/l/?s=1803.jp&i=d,2026-03-26T08:35:00+00:00
1803,1803.T,1803.jp,2015-09-30,918.93,923.37,896.62,913.56,6228726,https://stooq.com/q/d/l/?s=1803.jp&i=d,2026-03-26T08:35:00+00:00
1803,1803.T,1803.jp,2015-10-01,886.80,891.27,870.75,887.71,11978837,https://stooq.com/q/d/l/?s=1803.jp&i=d,2026-03-26T08:35:00+00:00
1803,1803.T,1803.jp,2015-10-02,891.27,909.11,882.34,891.27,6261231,https://stooq.com/q/d/l/?s=1803.jp&i=d,2026-03-26T08:35:00+00:00
1803,1803.T,1803.jp,2015-10-05,901.98,901.98,886.80,897.50,3361515,https://stooq.com/q/d/l/?s=1803.jp&i=d,2026-03-26T08:35:00+00:00
1803,1803.T,1803.jp,2015-10-06,903.77,908.21,890.37,895.72,4852286,https://stooq.com/q/d/l/?s=1803.jp&i=d,2026-03-26T08:35:00+00:00
1803,1803.T,1803.jp,2015-10-07,900.20,900.20,874.32,887.71,5122420,https://stooq.com/q/d/l/?s=1803.jp&i=d,2026-03-26T08:35:00+00:00
1803,1803.T,1803.jp,2015-10-08,886.80,895.72,880.57,886.80,3367122,https://stooq.com/q/d/l/?s=1803.jp&i=d,2026-03-26T08:35:00+00:00
1803,1803.T,1803.jp,2015-10-09,891.27,948.37,882.34,945.67,10641627,https://stooq.com/q/d/l/?s=1803.jp&i=d,2026-03-26T08:35:00+00:00
1803,1803.T,1803.jp,2015-10-13,942.12,963.54,929.62,932.31,8361757,https://stooq.com/q/d/l/?s=1803.jp&i=d,2026-03-26T08:35:00+00:00
1803,1803.T,1803.jp,2015-10-14,931.40,942.12,918.93,919.82,4556374,https://stooq.com/q/d/l/?s=1803.jp&i=d,2026-03-26T08:35:00+00:00
1803,1803.T,1803.jp,2015-10-15,925.16,945.67,919.82,939.44,4551889,https://stooq.com/q/d/l/?s=1803.jp&i=d,2026-03-26T08:35:00+00:00
1803,1803.T,1803.jp,2015-10-16,946.58,953.72,931.40,933.20,3773999,https://stooq.com/q/d/l/?s=1803.jp&i=d,2026-03-26T08:35:00+00:00
1803,1803.T,1803.jp,2015-10-19,933.20,959.97,926.96,951.04,4328834,https://stooq.com/q/d/l/?s=1803.jp&i=d,2026-03-26T08:35:00+00:00
1803,1803.T,1803.jp,2015-10-20,954.62,959.97,918.93,929.62,5362285,https://stooq.com/q/d/l/?s=1803.jp&i=d,2026-03-26T08:35:00+00:00
1803,1803.T,1803.jp,2015-10-21,930.52,956.40,930.52,953.72,3125011,https://stooq.com/q/d/l/?s=1803.jp&i=d,2026-03-26T08:35:00+00:00
1803,1803.T,1803.jp,2015-10-22,948.37,949.23,921.59,926.06,4796240,https://stooq.com/q/d/l/?s=1803.jp&i=d,2026-03-26T08:35:00+00:00
1803,1803.T,1803.jp,2015-10-23,938.55,948.37,917.14,920.72,7012219,https://stooq.com/q/d/l/?s=1803.jp&i=d,2026-03-26T08:35:00+00:00
1803,1803.T,1803.jp,2015-10-26,932.31,938.55,925.16,933.20,3659671,https://stooq.com/q/d/l/?s=1803.jp&i=d,2026-03-26T08:35:00+00:00
1803,1803.T,1803.jp,2015-10-27,933.20,933.20,919.82,923.37,3084659,https://stooq.com/q/d/l/?s=1803.jp&i=d,2026-03-26T08:35:00+00:00
1803,1803.T,1803.jp,2015-10-28,921.59,934.10,912.67,926.96,2986023,https://stooq.com/q/d/l/?s=1803.jp&i=d,2026-03-26T08:35:00+00:00
1803,1803.T,1803.jp,2015-10-29,941.22,942.12,923.37,923.37,2910923,https://stooq.com/q/d/l/?s=1803.jp&i=d,2026-03-26T08:35:00+00:00
1803,1803.T,1803.jp,2015-10-30,923.37,951.93,918.93,948.37,5796066,https://stooq.com/q/d/l/?s=1803.jp&i=d,2026-03-26T08:35:00+00:00
1803,1803.T,1803.jp,2015-11-02,933.20,935.87,910.02,911.78,5426174,https://stooq.com/q/d/l/?s=1803.jp&i=d,2026-03-26T08:35:00+00:00
1803,1803.T,1803.jp,2015-11-04,915.36,918.03,861.83,865.40,12210860,https://stooq.com/q/d/l/?s=1803.jp&i=d,2026-03-26T08:35:00+00:00
1803,1803.T,1803.jp,2015-11-05,852.02,881.46,844.89,872.51,8699143,https://stooq.com/q/d/l/?s=1803.jp&i=d,2026-03-26T08:35:00+00:00
1803,1803.T,1803.jp,2015-11-06,874.32,888.59,869.84,883.24,5798306,https://stooq.com/q/d/l/?s=1803.jp&i=d,2026-03-26T08:35:00+00:00
1803,1803.T,1803.jp,2015-11-09,905.53,941.22,901.98,930.52,11132571,https://stooq.com/q/d/l/?s=1803.jp&i=d,2026-03-26T08:35:00+00:00
1803,1803.T,1803.jp,2015-11-10,941.22,958.18,932.31,947.47,6825033,https://stooq.com/q/d/l/?s=1803.jp&i=d,2026-03-26T08:35:00+00:00
1803,1803.T,1803.jp,2015-11-11,954.62,967.10,949.23,959.07,5410481,https://stooq.com/q/d/l/?s=1803.jp&i=d,2026-03-26T08:35:00+00:00
1803,1803.T,1803.jp,2015-11-12,965.32,976.03,955.51,957.30,4421867,https://stooq.com/q/d/l/?s=1803.jp&i=d,2026-03-26T08:35:00+00:00
1803,1803.T,1803.jp,2015-11-13,948.37,959.07,942.12,955.51,3543098,https://stooq.com/q/d/l/?s=1803.jp&i=d,2026-03-26T08:35:00+00:00
1803,1803.T,1803.jp,2015-11-16,941.22,952.84,934.10,943.90,3163122,https://stooq.com/q/d/l/?s=1803.jp&i=d,2026-03-26T08:35:00+00:00
1803,1803.T,1803.jp,2015-11-17,949.23,951.04,935.87,943.02,4993517,https://stooq.com/q/d/l/?s=1803.jp&i=d,2026-03-26T08:35:00+00:00
1803,1803.T,1803.jp,2015-11-18,947.47,951.93,934.10,937.67,4371428,https://stooq.com/q/d/l/?s=1803.jp&i=d,2026-03-26T08:35:00+00:00
1803,1803.T,1803.jp,2015-11-19,947.47,949.23,933.20,936.78,2955759,https://stooq.com/q/d/l/?s=1803.jp&i=d,2026-03-26T08:35:00+00:00
1803,1803.T,1803.jp,2015-11-20,940.35,947.47,928.74,947.47,3568879,https://stooq.com/q/d/l/?s=1803.jp&i=d,2026-03-26T08:35:00+00:00
1803,1803.T,1803.jp,2015-11-24,939.44,960.86,937.67,959.07,4214505,https://stooq.com/q/d/l/?s=1803.jp&i=d,2026-03-26T08:35:00+00:00
1803,1803.T,1803.jp,2015-11-25,954.62,955.51,943.02,945.67,2981538,https://stooq.com/q/d/l/?s=1803.jp&i=d,2026-03-26T08:35:00+00:00
1803,1803.T,1803.jp,2015-11-26,947.47,960.86,945.67,955.51,3693297,https://stooq.com/q/d/l/?s=1803.jp&i=d,2026-03-26T08:35:00+00:00
1803,1803.T,1803.jp,2015-11-27,959.97,959.97,939.44,941.22,2686747,https://stooq.com/q/d/l/?s=1803.jp&i=d,2026-03-26T08:35:00+00:00
1803,1803.T,1803.jp,2015-11-30,938.55,941.22,921.59,921.59,3321165,https://stooq.com/q/d/l/?s=1803.jp&i=d,2026-03-26T08:35:00+00:00
1803,1803.T,1803.jp,2015-12-01,915.36,935.87,915.36,935.87,5446353,https://stooq.com/q/d/l/?s=1803.jp&i=d,2026-03-26T08:35:00+00:00
1803,1803.T,1803.jp,2015-12-02,934.99,943.02,926.96,941.22,5329780,https://stooq.com/q/d/l/?s=1803.jp&i=d,2026-03-26T08:35:00+00:00
1803,1803.T,1803.jp,2015-12-03,934.99,943.90,926.96,932.31,3571120,https://stooq.com/q/d/l/?s=1803.jp&i=d,2026-03-26T08:35:00+00:00
1803,1803.T,1803.jp,2015-12-04,920.72,920.72,908.21,913.56,3937650,https://stooq.com/q/d/l/?s=1803.jp&i=d,2026-03-26T08:35:00+00:00
1803,1803.T,1803.jp,2015-12-07,921.59,929.62,912.67,912.67,4140527,https://stooq.com/q/d/l/?s=1803.jp&i=d,2026-03-26T08:35:00+00:00
1803,1803.T,1803.jp,2015-12-08,913.56,913.56,894.83,900.20,4203297,https://stooq.com/q/d/l/?s=1803.jp&i=d,2026-03-26T08:35:00+00:00
1803,1803.T,1803.jp,2015-12-09,893.94,908.21,891.27,896.62,3009563,https://stooq.com/q/d/l/?s=1803.jp&i=d,2026-03-26T08:35:00+00:00
1803,1803.T,1803.jp,2015-12-10,899.31,918.93,896.62,905.53,4674065,https://stooq.com/q/d/l/?s=1803.jp&i=d,2026-03-26T08:35:00+00:00
1803,1803.T,1803.jp,2015-12-11,893.94,911.78,893.94,906.42,4391605,https://stooq.com/q/d/l/?s=1803.jp&i=d,2026-03-26T08:35:00+00:00
1803,1803.T,1803.jp,2015-12-14,894.83,913.56,893.94,911.78,3758307,https://stooq.com/q/d/l/?s=1803.jp&i=d,2026-03-26T08:35:00+00:00
1803,1803.T,1803.jp,2015-12-15,912.67,924.29,897.50,900.20,4252613,https://stooq.com/q/d/l/?s=1803.jp&i=d,2026-03-26T08:35:00+00:00
1803,1803.T,1803.jp,2015-12-16,918.03,928.74,912.67,927.84,4723386,https://stooq.com/q/d/l/?s=1803.jp&i=d,2026-03-26T08:35:00+00:00
1803,1803.T,1803.jp,2015-12-17,940.35,952.84,940.35,947.47,4581033,https://stooq.com/q/d/l/?s=1803.jp&i=d,2026-03-26T08:35:00+00:00
1803,1803.T,1803.jp,2015-12-18,944.80,951.93,923.37,924.29,4661738,https://stooq.com/q/d/l/?s=1803.jp&i=d,2026-03-26T08:35:00+00:00
1803,1803.T,1803.jp,2015-12-21,918.03,918.93,895.72,904.67,4250372,https://stooq.com/q/d/l/?s=1803.jp&i=d,2026-03-26T08:35:00+00:00
1803,1803.T,1803.jp,2015-12-22,901.98,905.53,893.94,897.50,4255978,https://stooq.com/q/d/l/?s=1803.jp&i=d,2026-03-26T08:35:00+00:00
1803,1803.T,1803.jp,2015-12-24,899.31,902.86,878.77,880.57,4508175,https://stooq.com/q/d/l/?s=1803.jp&i=d,2026-03-26T08:35:00+00:00
1803,1803.T,1803.jp,2015-12-25,887.71,888.59,870.75,873.42,2697954,https://stooq.com/q/d/l/?s=1803.jp&i=d,2026-03-26T08:35:00+00:00
1803,1803.T,1803.jp,2015-12-28,874.32,878.77,867.18,875.19,1996284,https://stooq.com/q/d/l/?s=1803.jp&i=d,2026-03-26T08:35:00+00:00
1803,1803.T,1803.jp,2015-12-29,877.89,889.48,870.75,888.59,2111734,https://stooq.com/q/d/l/?s=1803.jp&i=d,2026-03-26T08:35:00+00:00
1803,1803.T,1803.jp,2015-12-30,891.27,893.94,881.46,883.24,2388592,https://stooq.com/q/d/l/?s=1803.jp&i=d,2026-03-26T08:35:00+00:00
1803,1803.T,1803.jp,2016-01-04,879.68,883.24,860.05,864.49,3446705,https://stooq.com/q/d/l/?s=1803.jp&i=d,2026-03-26T08:35:00+00:00
1803,1803.T,1803.jp,2016-01-05,866.29,880.57,858.25,873.42,4114750,https://stooq.com/q/d/l/?s=1803.jp&i=d,2026-03-26T08:35:00+00:00
1803,1803.T,1803.jp,2016-01-06,878.77,882.34,860.94,870.75,3566638,https://stooq.com/q/d/l/?s=1803.jp&i=d,2026-03-26T08:35:00+00:00
1803,1803.T,1803.jp,2016-01-07,869.84,880.57,862.71,867.18,5104485,https://stooq.com/q/d/l/?s=1803.jp&i=d,2026-03-26T08:35:00+00:00
1803,1803.T,1803.jp,2016-01-08,856.47,874.32,852.02,854.69,4559738,https://stooq.com/q/d/l/?s=1803.jp&i=d,2026-03-26T08:35:00+00:00
1803,1803.T,1803.jp,2016-01-12,843.10,852.02,816.30,819.88,4655011,https://stooq.com/q/d/l/?s=1803.jp&i=d,2026-03-26T08:35:00+00:00
1803,1803.T,1803.jp,2016-01-13,827.03,850.23,827.03,850.23,3276330,https://stooq.com/q/d/l/?s=1803.jp&i=d,2026-03-26T08:35:00+00:00
1803,1803.T,1803.jp,2016-01-14,823.46,828.83,807.41,823.46,4897123,https://stooq.com/q/d/l/?s=1803.jp&i=d,2026-03-26T08:35:00+00:00
1803,1803.T,1803.jp,2016-01-15,835.94,838.62,809.20,811.87,2825736,https://stooq.com/q/d/l/?s=1803.jp&i=d,2026-03-26T08:35:00+00:00
1803,1803.T,1803.jp,2016-01-18,791.34,796.69,780.62,794.01,3572243,https://stooq.com/q/d/l/?s=1803.jp&i=d,2026-03-26T08:35:00+00:00
1803,1803.T,1803.jp,2016-01-19,794.01,798.49,781.53,790.44,3645099,https://stooq.com/q/d/l/?s=1803.jp&i=d,2026-03-26T08:35:00+00:00
1803,1803.T,1803.jp,2016-01-20,786.01,786.01,744.95,747.63,5460924,https://stooq.com/q/d/l/?s=1803.jp&i=d,2026-03-26T08:35:00+00:00
1803,1803.T,1803.jp,2016-01-21,745.85,765.49,728.89,728.89,6532484,https://stooq.com/q/d/l/?s=1803.jp&i=d,2026-03-26T08:35:00+00:00
1803,1803.T,1803.jp,2016-01-22,752.09,769.04,744.04,767.25,4278395,https://stooq.com/q/d/l/?s=1803.jp&i=d,2026-03-26T08:35:00+00:00
1803,1803.T,1803.jp,2016-01-25,777.05,779.74,761.00,768.14,2725977,https://stooq.com/q/d/l/?s=1803.jp&i=d,2026-03-26T08:35:00+00:00
1803,1803.T,1803.jp,2016-01-26,761.91,770.83,754.77,757.44,3045428,https://stooq.com/q/d/l/?s=1803.jp&i=d,2026-03-26T08:35:00+00:00
1803,1803.T,1803.jp,2016-01-27,770.83,787.78,766.36,780.62,3370484,https://stooq.com/q/d/l/?s=1803.jp&i=d,2026-03-26T08:35:00+00:00
1803,1803.T,1803.jp,2016-01-28,773.51,789.56,764.57,782.41,2723734,https://stooq.com/q/d/l/?s=1803.jp&i=d,2026-03-26T08:35:00+00:00
1803,1803.T,1803.jp,2016-01-29,791.34,828.83,781.53,827.03,8315802,https://stooq.com/q/d/l/?s=1803.jp&i=d,2026-03-26T08:35:00+00:00
1803,1803.T,1803.jp,2016-02-01,860.94,873.42,858.25,872.51,5977648,https://stooq.com/q/d/l/?s=1803.jp&i=d,2026-03-26T08:35:00+00:00
1803,1803.T,1803.jp,2016-02-02,885.02,885.02,860.94,865.40,4932988,https://stooq.com/q/d/l/?s=1803.jp&i=d,2026-03-26T08:35:00+00:00
1803,1803.T,1803.jp,2016-02-03,838.62,841.31,820.80,834.16,4264946,https://stooq.com/q/d/l/?s=1803.jp&i=d,2026-03-26T08:35:00+00:00
1803,1803.T,1803.jp,2016-02-04,822.57,838.62,820.80,822.57,3101472,https://stooq.com/q/d/l/?s=1803.jp&i=d,2026-03-26T08:35:00+00:00
1803,1803.T,1803.jp,2016-02-05,810.08,817.21,794.91,808.30,3979121,https://stooq.com/q/d/l/?s=1803.jp&i=d,2026-03-26T08:35:00+00:00
1803,1803.T,1803.jp,2016-02-08,794.91,829.71,791.34,826.13,4815295,https://stooq.com/q/d/l/?s=1803.jp&i=d,2026-03-26T08:35:00+00:00
1803,1803.T,1803.jp,2016-02-09,799.38,806.52,771.72,794.01,8555670,https://stooq.com/q/d/l/?s=1803.jp&i=d,2026-03-26T08:35:00+00:00
1803,1803.T,1803.jp,2016-02-10,798.49,809.20,762.78,774.40,8034459,https://stooq.com/q/d/l/?s=1803.jp&i=d,2026-03-26T08:35:00+00:00
1803,1803.T,1803.jp,2016-02-12,747.63,764.57,734.24,743.17,7947033,https://stooq.com/q/d/l/?s=1803.jp&i=d,2026-03-26T08:35:00+00:00
1803,1803.T,1803.jp,2016-02-15,769.04,810.08,763.67,802.93,7024551,https://stooq.com/q/d/l/?s=1803.jp&i=d,2026-03-26T08:35:00+00:00
1803,1803.T,1803.jp,2016-02-16,792.22,807.41,786.01,786.01,4880307,https://stooq.com/q/d/l/?s=1803.jp&i=d,2026-03-26T08:35:00+00:00
1803,1803.T,1803.jp,2016-02-17,780.62,794.91,751.21,763.67,5015935,https://stooq.com/q/d/l/?s=1803.jp&i=d,2026-03-26T08:35:00+00:00
1803,1803.T,1803.jp,2016-02-18,777.96,784.22,767.25,770.83,4178637,https://stooq.com/q/d/l/?s=1803.jp&i=d,2026-03-26T08:35:00+00:00
1803,1803.T,1803.jp,2016-02-19,765.49,771.72,754.77,762.78,2885144,https://stooq.com/q/d/l/?s=1803.jp&i=d,2026-03-26T08:35:00+00:00
1803,1803.T,1803.jp,2016-02-22,761.00,779.74,759.23,771.72,2652000,https://stooq.com/q/d/l/?s=1803.jp&i=d,2026-03-26T08:35:00+00:00
1803,1803.T,1803.jp,2016-02-23,777.05,781.53,756.56,759.23,2906439,https://stooq.com/q/d/l/?s=1803.jp&i=d,2026-03-26T08:35:00+00:00
1803,1803.T,1803.jp,2016-02-24,749.42,753.87,741.39,748.52,3667515,https://stooq.com/q/d/l/?s=1803.jp&i=d,2026-03-26T08:35:00+00:00
1803,1803.T,1803.jp,2016-02-25,751.21,789.56,751.21,777.96,6756658,https://stooq.com/q/d/l/?s=1803.jp&i=d,2026-03-26T08:35:00+00:00
1803,1803.T,1803.jp,2016-02-26,784.22,792.22,782.41,782.41,2933339,https://stooq.com/q/d/l/?s=1803.jp&i=d,2026-03-26T08:35:00+00:00
1803,1803.T,1803.jp,2016-02-29,779.74,784.22,765.49,765.49,4398330,https://stooq.com/q/d/l/?s=1803.jp&i=d,2026-03-26T08:35:00+00:00
1803,1803.T,1803.jp,2016-03-01,765.49,786.01,765.49,780.62,3111561,https://stooq.com/q/d/l/?s=1803.jp&i=d,2026-03-26T08:35:00+00:00
1803,1803.T,1803.jp,2016-03-02,802.93,820.80,801.15,813.64,5000243,https://stooq.com/q/d/l/?s=1803.jp&i=d,2026-03-26T08:35:00+00:00
1803,1803.T,1803.jp,2016-03-03,811.87,813.64,804.73,810.96,4741318,https://stooq.com/q/d/l/?s=1803.jp&i=d,2026-03-26T08:35:00+00:00
1803,1803.T,1803.jp,2016-03-04,812.73,824.36,801.15,822.57,5057405,https://stooq.com/q/d/l/?s=1803.jp&i=d,2026-03-26T08:35:00+00:00
1803,1803.T,1803.jp,2016-03-07,816.30,821.69,810.08,820.80,3537495,https://stooq.com/q/d/l/?s=1803.jp&i=d,2026-03-26T08:35:00+00:00
1803,1803.T,1803.jp,2016-03-08,815.43,822.57,802.05,817.21,3118286,https://stooq.com/q/d/l/?s=1803.jp&i=d,2026-03-26T08:35:00+00:00
1803,1803.T,1803.jp,2016-03-09,810.96,818.10,801.15,810.08,2659846,https://stooq.com/q/d/l/?s=1803.jp&i=d,2026-03-26T08:35:00+00:00
1803,1803.T,1803.jp,2016-03-10,810.96,816.30,802.05,814.53,3519560,https://stooq.com/q/d/l/?s=1803.jp&i=d,2026-03-26T08:35:00+00:00
1803,1803.T,1803.jp,2016-03-11,813.64,840.42,810.96,838.62,7823736,https://stooq.com/q/d/l/?s=1803.jp&i=d,2026-03-26T08:35:00+00:00
1803,1803.T,1803.jp,2016-03-14,835.94,854.69,835.05,845.76,4892637,https://stooq.com/q/d/l/?s=1803.jp&i=d,2026-03-26T08:35:00+00:00
1803,1803.T,1803.jp,2016-03-15,842.21,852.91,835.05,843.10,3299867,https://stooq.com/q/d/l/?s=1803.jp&i=d,2026-03-26T08:35:00+00:00
1803,1803.T,1803.jp,2016-03-16,836.82,850.23,835.05,842.21,3052155,https://stooq.com/q/d/l/?s=1803.jp&i=d,2026-03-26T08:35:00+00:00
1803,1803.T,1803.jp,2016-03-17,846.65,851.12,834.16,841.31,3573362,https://stooq.com/q/d/l/?s=1803.jp&i=d,2026-03-26T08:35:00+00:00
1803,1803.T,1803.jp,2016-03-18,838.62,839.51,830.61,834.16,3305473,https://stooq.com/q/d/l/?s=1803.jp&i=d,2026-03-26T08:35:00+00:00
1803,1803.T,1803.jp,2016-03-22,843.10,867.18,839.51,865.40,5543866,https://stooq.com/q/d/l/?s=1803.jp&i=d,2026-03-26T08:35:00+00:00
1803,1803.T,1803.jp,2016-03-23,864.49,886.80,863.62,882.34,6834000,https://stooq.com/q/d/l/?s=1803.jp&i=d,2026-03-26T08:35:00+00:00
1803,1803.T,1803.jp,2016-03-24,881.46,889.48,878.77,881.46,3544221,https://stooq.com/q/d/l/?s=1803.jp&i=d,2026-03-26T08:35:00+00:00
1803,1803.T,1803.jp,2016-03-25,885.02,885.02,848.44,855.59,5008088,https://stooq.com/q/d/l/?s=1803.jp&i=d,2026-03-26T08:35:00+00:00
1803,1803.T,1803.jp,2016-03-28,860.94,868.96,847.55,861.83,3548702,https://stooq.com/q/d/l/?s=1803.jp&i=d,2026-03-26T08:35:00+00:00
1803,1803.T,1803.jp,2016-03-29,856.44,885.15,856.44,883.35,3692022,https://stooq.com/q/d/l/?s=1803.jp&i=d,2026-03-26T08:35:00+00:00
1803,1803.T,1803.jp,2016-03-30,879.77,885.15,869.88,871.70,2503350,https://stooq.com/q/d/l/?s=1803.jp&i=d,2026-03-26T08:35:00+00:00
1803,1803.T,1803.jp,2016-03-31,877.08,880.66,853.75,855.55,4229488,https://stooq.com/q/d/l/?s=1803.jp&i=d,2026-03-26T08:35:00+00:00
1803,1803.T,1803.jp,2016-04-01,852.86,855.55,828.64,828.64,3715438,https://stooq.com/q/d/l/?s=1803.jp&i=d,2026-03-26T08:35:00+00:00
1803,1803.T,1803.jp,2016-04-04,824.16,847.48,823.28,834.04,3346349,https://stooq.com/q/d/l/?s=1803.jp&i=d,2026-03-26T08:35:00+00:00
1803,1803.T,1803.jp,2016-04-05,828.64,831.33,809.81,815.19,3393182,https://stooq.com/q/d/l/?s=1803.jp&i=d,2026-03-26T08:35:00+00:00
1803,1803.T,1803.jp,2016-04-06,812.49,823.28,800.86,816.08,3508033,https://stooq.com/q/d/l/?s=1803.jp&i=d,2026-03-26T08:35:00+00:00
1803,1803.T,1803.jp,2016-04-07,818.77,853.75,818.77,851.06,6373784,https://stooq.com/q/d/l/?s=1803.jp&i=d,2026-03-26T08:35:00+00:00
1803,1803.T,1803.jp,2016-04-08,843.89,872.57,839.40,860.04,5442694,https://stooq.com/q/d/l/?s=1803.jp&i=d,2026-03-26T08:35:00+00:00
1803,1803.T,1803.jp,2016-04-11,859.11,859.11,840.30,851.06,2745320,https://stooq.com/q/d/l/?s=1803.jp&i=d,2026-03-26T08:35:00+00:00
1803,1803.T,1803.jp,2016-04-12,845.69,852.86,842.10,850.17,1876676,https://stooq.com/q/d/l/?s=1803.jp&i=d,2026-03-26T08:35:00+00:00
1803,1803.T,1803.jp,2016-04-13,857.33,864.51,847.48,860.93,2310439,https://stooq.com/q/d/l/?s=1803.jp&i=d,2026-03-26T08:35:00+00:00
1803,1803.T,1803.jp,2016-04-14,871.70,886.93,859.11,870.80,9920844,https://stooq.com/q/d/l/?s=1803.jp&i=d,2026-03-26T08:35:00+00:00
1803,1803.T,1803.jp,2016-04-15,882.46,903.98,880.66,903.08,10139401,https://stooq.com/q/d/l/?s=1803.jp&i=d,2026-03-26T08:35:00+00:00
1803,1803.T,1803.jp,2016-04-18,894.12,913.83,890.53,904.86,7705184,https://stooq.com/q/d/l/?s=1803.jp&i=d,2026-03-26T08:35:00+00:00
1803,1803.T,1803.jp,2016-04-19,903.08,909.35,897.70,905.76,5224136,https://stooq.com/q/d/l/?s=1803.jp&i=d,2026-03-26T08:35:00+00:00
1803,1803.T,1803.jp,2016-04-20,914.73,918.31,897.70,902.19,4052191,https://stooq.com/q/d/l/?s=1803.jp&i=d,2026-03-26T08:35:00+00:00
1803,1803.T,1803.jp,2016-04-21,915.62,917.43,907.57,915.62,3838095,https://stooq.com/q/d/l/?s=1803.jp&i=d,2026-03-26T08:35:00+00:00
1803,1803.T,1803.jp,2016-04-22,908.47,918.31,903.08,918.31,3809103,https://stooq.com/q/d/l/?s=1803.jp&i=d,2026-03-26T08:35:00+00:00
1803,1803.T,1803.jp,2016-04-25,918.31,921.91,887.84,891.42,3888275,https://stooq.com/q/d/l/?s=1803.jp&i=d,2026-03-26T08:35:00+00:00
1803,1803.T,1803.jp,2016-04-26,893.21,904.86,892.31,900.39,3221459,https://stooq.com/q/d/l/?s=1803.jp&i=d,2026-03-26T08:35:00+00:00
1803,1803.T,1803.jp,2016-04-27,905.76,909.35,898.59,907.57,2696257,https://stooq.com/q/d/l/?s=1803.jp&i=d,2026-03-26T08:35:00+00:00
1803,1803.T,1803.jp,2016-04-28,910.23,910.23,879.77,881.55,4213879,https://stooq.com/q/d/l/?s=1803.jp&i=d,2026-03-26T08:35:00+00:00
1803,1803.T,1803.jp,2016-05-02,851.96,859.11,848.37,853.75,3496883,https://stooq.com/q/d/l/?s=1803.jp&i=d,2026-03-26T08:35:00+00:00
1803,1803.T,1803.jp,2016-05-06,854.65,859.11,834.91,842.99,3404331,https://stooq.com/q/d/l/?s=1803.jp&i=d,2026-03-26T08:35:00+00:00
1803,1803.T,1803.jp,2016-05-09,847.48,870.80,847.48,868.11,4356606,https://stooq.com/q/d/l/?s=1803.jp&i=d,2026-03-26T08:35:00+00:00
1803,1803.T,1803.jp,2016-05-10,866.32,884.26,862.72,880.66,3502457,https://stooq.com/q/d/l/?s=1803.jp&i=d,2026-03-26T08:35:00+00:00
1803,1803.T,1803.jp,2016-05-11,893.21,927.29,873.47,910.23,10335654,https://stooq.com/q/d/l/?s=1803.jp&i=d,2026-03-26T08:35:00+00:00
1803,1803.T,1803.jp,2016-05-12,904.86,913.83,897.70,906.67,4769187,https://stooq.com/q/d/l/?s=1803.jp&i=d,2026-03-26T08:35:00+00:00
1803,1803.T,1803.jp,2016-05-13,910.23,910.23,895.89,895.89,4632030,https://stooq.com/q/d/l/?s=1803.jp&i=d,2026-03-26T08:35:00+00:00
1803,1803.T,1803.jp,2016-05-16,895.89,912.94,888.73,893.21,3216998,https://stooq.com/q/d/l/?s=1803.jp&i=d,2026-03-26T08:35:00+00:00
1803,1803.T,1803.jp,2016-05-17,896.80,910.23,888.73,904.86,3382029,https://stooq.com/q/d/l/?s=1803.jp&i=d,2026-03-26T08:35:00+00:00
1803,1803.T,1803.jp,2016-05-18,903.08,912.05,886.93,899.49,4511603,https://stooq.com/q/d/l/?s=1803.jp&i=d,2026-03-26T08:35:00+00:00
1803,1803.T,1803.jp,2016-05-19,904.86,906.67,889.63,893.21,3785687,https://stooq.com/q/d/l/?s=1803.jp&i=d,2026-03-26T08:35:00+00:00
1803,1803.T,1803.jp,2016-05-20,889.63,893.21,874.39,879.77,4751344,https://stooq.com/q/d/l/?s=1803.jp&i=d,2026-03-26T08:35:00+00:00
1803,1803.T,1803.jp,2016-05-23,877.08,882.46,871.70,880.66,2705178,https://stooq.com/q/d/l/?s=1803.jp&i=d,2026-03-26T08:35:00+00:00
1803,1803.T,1803.jp,2016-05-24,879.77,890.53,879.77,880.66,3143404,https://stooq.com/q/d/l/?s=1803.jp&i=d,2026-03-26T08:35:00+00:00
1803,1803.T,1803.jp,2016-05-25,890.53,891.42,879.77,881.55,2036131,https://stooq.com/q/d/l/?s=1803.jp&i=d,2026-03-26T08:35:00+00:00
1803,1803.T,1803.jp,2016-05-26,891.42,903.08,888.73,890.53,4723468,https://stooq.com/q/d/l/?s=1803.jp&i=d,2026-03-26T08:35:00+00:00
1803,1803.T,1803.jp,2016-05-27,894.12,907.57,891.42,894.12,3512494,https://stooq.com/q/d/l/?s=1803.jp&i=d,2026-03-26T08:35:00+00:00
1803,1803.T,1803.jp,2016-05-30,894.12,896.80,886.93,894.12,3084303,https://stooq.com/q/d/l/?s=1803.jp&i=d,2026-03-26T08:35:00+00:00
1803,1803.T,1803.jp,2016-05-31,890.53,894.12,884.26,889.63,8513615,https://stooq.com/q/d/l/?s=1803.jp&i=d,2026-03-26T08:35:00+00:00
1803,1803.T,1803.jp,2016-06-01,891.42,891.42,870.80,875.26,5049070,https://stooq.com/q/d/l/?s=1803.jp&i=d,2026-03-26T08:35:00+00:00
1803,1803.T,1803.jp,2016-06-02,874.39,878.87,862.72,863.63,3011824,https://stooq.com/q/d/l/?s=1803.jp&i=d,2026-03-26T08:35:00+00:00
1803,1803.T,1803.jp,2016-06-03,858.24,862.72,853.75,860.93,5896528,https://stooq.com/q/d/l/?s=1803.jp&i=d,2026-03-26T08:35:00+00:00
1803,1803.T,1803.jp,2016-06-06,866.32,877.08,859.11,865.42,5860848,https://stooq.com/q/d/l/?s=1803.jp&i=d,2026-03-26T08:35:00+00:00
1803,1803.T,1803.jp,2016-06-07,864.51,867.20,860.04,863.63,2775427,https://stooq.com/q/d/l/?s=1803.jp&i=d,2026-03-26T08:35:00+00:00
1803,1803.T,1803.jp,2016-06-08,865.42,873.47,857.33,873.47,2491083,https://stooq.com/q/d/l/?s=1803.jp&i=d,2026-03-26T08:35:00+00:00
1803,1803.T,1803.jp,2016-06-09,869.88,878.87,869.00,875.26,2537917,https://stooq.com/q/d/l/?s=1803.jp&i=d,2026-03-26T08:35:00+00:00
1803,1803.T,1803.jp,2016-06-10,879.77,880.66,864.51,869.00,3945144,https://stooq.com/q/d/l/?s=1803.jp&i=d,2026-03-26T08:35:00+00:00
1803,1803.T,1803.jp,2016-06-13,860.93,860.93,838.50,838.50,3228150,https://stooq.com/q/d/l/?s=1803.jp&i=d,2026-03-26T08:35:00+00:00
1803,1803.T,1803.jp,2016-06-14,840.30,850.17,828.64,836.72,3729933,https://stooq.com/q/d/l/?s=1803.jp&i=d,2026-03-26T08:35:00+00:00
1803,1803.T,1803.jp,2016-06-16,830.43,835.81,799.05,802.63,4997778,https://stooq.com/q/d/l/?s=1803.jp&i=d,2026-03-26T08:35:00+00:00
1803,1803.T,1803.jp,2016-06-17,808.00,818.77,800.86,802.63,3259372,https://stooq.com/q/d/l/?s=1803.jp&i=d,2026-03-26T08:35:00+00:00
1803,1803.T,1803.jp,2016-06-20,812.49,825.93,812.49,817.88,2799958,https://stooq.com/q/d/l/?s=1803.jp&i=d,2026-03-26T08:35:00+00:00
1803,1803.T,1803.jp,2016-06-21,816.08,834.04,814.28,833.12,2659459,https://stooq.com/q/d/l/?s=1803.jp&i=d,2026-03-26T08:35:00+00:00
1803,1803.T,1803.jp,2016-06-22,833.12,835.81,819.67,829.53,2683992,https://stooq.com/q/d/l/?s=1803.jp&i=d,2026-03-26T08:35:00+00:00
1803,1803.T,1803.jp,2016-06-23,829.53,837.61,828.64,834.91,2443135,https://stooq.com/q/d/l/?s=1803.jp&i=d,2026-03-26T08:35:00+00:00
1803,1803.T,1803.jp,2016-06-24,841.20,843.89,778.43,791.87,7275880,https://stooq.com/q/d/l/?s=1803.jp&i=d,2026-03-26T08:35:00+00:00
1803,1803.T,1803.jp,2016-06-27,795.46,829.53,795.46,827.73,4928641,https://stooq.com/q/d/l/?s=1803.jp&i=d,2026-03-26T08:35:00+00:00
1803,1803.T,1803.jp,2016-06-28,816.08,848.37,814.28,838.50,3876011,https://stooq.com/q/d/l/?s=1803.jp&i=d,2026-03-26T08:35:00+00:00
1803,1803.T,1803.jp,2016-06-29,849.25,854.65,840.30,851.96,3615080,https://stooq.com/q/d/l/?s=1803.jp&i=d,2026-03-26T08:35:00+00:00
1803,1803.T,1803.jp,2016-06-30,860.04,876.18,857.33,857.33,3764500,https://stooq.com/q/d/l/?s=1803.jp&i=d,2026-03-26T08:35:00+00:00
1803,1803.T,1803.jp,2016-07-01,857.33,860.04,847.48,854.65,2399648,https://stooq.com/q/d/l/?s=1803.jp&i=d,2026-03-26T08:35:00+00:00
1803,1803.T,1803.jp,2016-07-04,848.37,858.24,845.69,857.33,2498887,https://stooq.com/q/d/l/?s=1803.jp&i=d,2026-03-26T08:35:00+00:00
1803,1803.T,1803.jp,2016-07-05,852.86,860.04,851.06,857.33,1962535,https://stooq.com/q/d/l/?s=1803.jp&i=d,2026-03-26T08:35:00+00:00
1803,1803.T,1803.jp,2016-07-06,848.37,855.55,832.23,853.75,3647417,https://stooq.com/q/d/l/?s=1803.jp&i=d,2026-03-26T08:35:00+00:00
1803,1803.T,1803.jp,2016-07-07,854.65,854.65,840.30,842.99,2889166,https://stooq.com/q/d/l/?s=1803.jp&i=d,2026-03-26T08:35:00+00:00
1803,1803.T,1803.jp,2016-07-08,844.79,853.75,834.91,834.91,2750894,https://stooq.com/q/d/l/?s=1803.jp&i=d,2026-03-26T08:35:00+00:00
1803,1803.T,1803.jp,2016-07-11,854.65,889.63,852.86,884.26,5266511,https://stooq.com/q/d/l/?s=1803.jp&i=d,2026-03-26T08:35:00+00:00
1803,1803.T,1803.jp,2016-07-12,897.70,917.43,892.31,895.01,6619099,https://stooq.com/q/d/l/?s=1803.jp&i=d,2026-03-26T08:35:00+00:00
1803,1803.T,1803.jp,2016-07-13,906.67,910.23,892.31,900.39,3684216,https://stooq.com/q/d/l/?s=1803.jp&i=d,2026-03-26T08:35:00+00:00
1803,1803.T,1803.jp,2016-07-14,898.59,911.15,897.70,905.76,3404331,https://stooq.com/q/d/l/?s=1803.jp&i=d,2026-03-26T08:35:00+00:00
1803,1803.T,1803.jp,2016-07-15,910.23,914.73,902.19,903.08,3224804,https://stooq.com/q/d/l/?s=1803.jp&i=d,2026-03-26T08:35:00+00:00
1803,1803.T,1803.jp,2016-07-19,905.76,912.94,896.80,912.94,3253795,https://stooq.com/q/d/l/?s=1803.jp&i=d,2026-03-26T08:35:00+00:00
1803,1803.T,1803.jp,2016-07-20,908.47,929.96,907.57,929.96,3880467,https://stooq.com/q/d/l/?s=1803.jp&i=d,2026-03-26T08:35:00+00:00
1803,1803.T,1803.jp,2016-07-21,938.96,950.60,935.37,945.24,5074717,https://stooq.com/q/d/l/?s=1803.jp&i=d,2026-03-26T08:35:00+00:00
1803,1803.T,1803.jp,2016-07-22,934.45,941.64,926.38,935.37,2894739,https://stooq.com/q/d/l/?s=1803.jp&i=d,2026-03-26T08:35:00+00:00
1803,1803.T,1803.jp,2016-07-25,941.64,947.02,931.77,931.77,3131137,https://stooq.com/q/d/l/?s=1803.jp&i=d,2026-03-26T08:35:00+00:00
1803,1803.T,1803.jp,2016-07-26,933.57,938.05,923.69,929.96,2903662,https://stooq.com/q/d/l/?s=1803.jp&i=d,2026-03-26T08:35:00+00:00
1803,1803.T,1803.jp,2016-07-27,938.96,951.50,934.45,946.13,4545055,https://stooq.com/q/d/l/?s=1803.jp&i=d,2026-03-26T08:35:00+00:00
1803,1803.T,1803.jp,2016-07-28,938.05,940.73,925.50,930.88,2824493,https://stooq.com/q/d/l/?s=1803.jp&i=d,2026-03-26T08:35:00+00:00
1803,1803.T,1803.jp,2016-07-29,941.64,946.13,921.91,941.64,5188457,https://stooq.com/q/d/l/?s=1803.jp&i=d,2026-03-26T08:35:00+00:00
1803,1803.T,1803.jp,2016-08-01,927.29,937.14,919.21,936.26,2907007,https://stooq.com/q/d/l/?s=1803.jp&i=d,2026-03-26T08:35:00+00:00
1803,1803.T,1803.jp,2016-08-02,926.38,929.08,921.01,924.61,2072930,https://stooq.com/q/d/l/?s=1803.jp&i=d,2026-03-26T08:35:00+00:00
1803,1803.T,1803.jp,2016-08-03,914.73,917.43,900.39,902.19,3189122,https://stooq.com/q/d/l/?s=1803.jp&i=d,2026-03-26T08:35:00+00:00
1803,1803.T,1803.jp,2016-08-04,897.70,898.59,883.35,886.05,3010707,https://stooq.com/q/d/l/?s=1803.jp&i=d,2026-03-26T08:35:00+00:00
1803,1803.T,1803.jp,2016-08-05,888.73,895.89,860.93,861.83,5471685,https://stooq.com/q/d/l/?s=1803.jp&i=d,2026-03-26T08:35:00+00:00
1803,1803.T,1803.jp,2016-08-08,870.80,872.57,844.79,854.65,5142737,https://stooq.com/q/d/l/?s=1803.jp&i=d,2026-03-26T08:35:00+00:00
1803,1803.T,1803.jp,2016-08-09,851.96,860.04,827.73,832.23,11348145,https://stooq.com/q/d/l/?s=1803.jp&i=d,2026-03-26T08:35:00+00:00
1803,1803.T,1803.jp,2016-08-10,844.79,886.05,842.10,882.46,9906349,https://stooq.com/q/d/l/?s=1803.jp&i=d,2026-03-26T08:35:00+00:00
1803,1803.T,1803.jp,2016-08-12,888.73,899.49,882.46,890.53,4803755,https://stooq.com/q/d/l/?s=1803.jp&i=d,2026-03-26T08:35:00+00:00
1803,1803.T,1803.jp,2016-08-15,886.05,888.73,874.39,875.26,2042822,https://stooq.com/q/d/l/?s=1803.jp&i=d,2026-03-26T08:35:00+00:00
1803,1803.T,1803.jp,2016-08-16,874.39,879.77,865.42,865.42,3611734,https://stooq.com/q/d/l/?s=1803.jp&i=d,2026-03-26T08:35:00+00:00
1803,1803.T,1803.jp,2016-08-17,861.83,865.42,845.69,851.96,3813564,https://stooq.com/q/d/l/?s=1803.jp&i=d,2026-03-26T08:35:00+00:00
1803,1803.T,1803.jp,2016-08-18,845.69,860.93,843.89,851.96,3564900,https://stooq.com/q/d/l/?s=1803.jp&i=d,2026-03-26T08:35:00+00:00
1803,1803.T,1803.jp,2016-08-19,851.96,852.86,832.23,838.50,2752013,https://stooq.com/q/d/l/?s=1803.jp&i=d,2026-03-26T08:35:00+00:00
1803,1803.T,1803.jp,2016-08-22,842.10,844.79,835.81,843.89,2258032,https://stooq.com/q/d/l/?s=1803.jp&i=d,2026-03-26T08:35:00+00:00
1803,1803.T,1803.jp,2016-08-23,843.89,859.11,843.89,848.37,2504463,https://stooq.com/q/d/l/?s=1803.jp&i=d,2026-03-26T08:35:00+00:00
1803,1803.T,1803.jp,2016-08-24,855.55,855.55,844.79,851.96,2152102,https://stooq.com/q/d/l/?s=1803.jp&i=d,2026-03-26T08:35:00+00:00
1803,1803.T,1803.jp,2016-08-25,849.25,850.17,835.81,835.81,3463430,https://stooq.com/q/d/l/?s=1803.jp&i=d,2026-03-26T08:35:00+00:00
1803,1803.T,1803.jp,2016-08-26,831.33,834.04,826.84,827.73,2350583,https://stooq.com/q/d/l/?s=1803.jp&i=d,2026-03-26T08:35:00+00:00
1803,1803.T,1803.jp,2016-08-29,834.04,836.72,825.06,826.84,2801074,https://stooq.com/q/d/l/?s=1803.jp&i=d,2026-03-26T08:35:00+00:00
1803,1803.T,1803.jp,2016-08-30,828.64,828.64,817.88,821.47,2269183,https://stooq.com/q/d/l/?s=1803.jp&i=d,2026-03-26T08:35:00+00:00
1803,1803.T,1803.jp,2016-08-31,825.06,830.43,817.88,827.73,2682875,https://stooq.com/q/d/l/?s=1803.jp&i=d,2026-03-26T08:35:00+00:00
1803,1803.T,1803.jp,2016-09-01,826.84,831.33,818.77,828.64,2033900,https://stooq.com/q/d/l/?s=1803.jp&i=d,2026-03-26T08:35:00+00:00
1803,1803.T,1803.jp,2016-09-02,832.23,845.69,832.23,838.50,3268291,https://stooq.com/q/d/l/?s=1803.jp&i=d,2026-03-26T08:35:00+00:00
1803,1803.T,1803.jp,2016-09-05,846.57,846.57,830.43,833.12,2010485,https://stooq.com/q/d/l/?s=1803.jp&i=d,2026-03-26T08:35:00+00:00
1803,1803.T,1803.jp,2016-09-06,829.53,851.96,827.73,849.25,2946036,https://stooq.com/q/d/l/?s=1803.jp&i=d,2026-03-26T08:35:00+00:00
1803,1803.T,1803.jp,2016-09-07,843.89,854.65,843.89,848.37,4323155,https://stooq.com/q/d/l/?s=1803.jp&i=d,2026-03-26T08:35:00+00:00
1803,1803.T,1803.jp,2016-09-08,856.44,858.24,838.50,842.99,3892735,https://stooq.com/q/d/l/?s=1803.jp&i=d,2026-03-26T08:35:00+00:00
1803,1803.T,1803.jp,2016-09-09,840.30,846.57,834.04,836.72,3220344,https://stooq.com/q/d/l/?s=1803.jp&i=d,2026-03-26T08:35:00+00:00
1803,1803.T,1803.jp,2016-09-12,829.53,830.43,817.88,822.36,2387381,https://stooq.com/q/d/l/?s=1803.jp&i=d,2026-03-26T08:35:00+00:00
1803,1803.T,1803.jp,2016-09-13,818.77,825.06,817.88,824.16,1761822,https://stooq.com/q/d/l/?s=1803.jp&i=d,2026-03-26T08:35:00+00:00
1803,1803.T,1803.jp,2016-09-14,817.88,827.73,815.19,825.06,1990415,https://stooq.com/q/d/l/?s=1803.jp&i=d,2026-03-26T08:35:00+00:00
1803,1803.T,1803.jp,2016-09-15,819.67,819.67,809.81,812.49,2191127,https://stooq.com/q/d/l/?s=1803.jp&i=d,2026-03-26T08:35:00+00:00
1803,1803.T,1803.jp,2016-09-16,812.49,814.28,799.94,805.30,3263833,https://stooq.com/q/d/l/?s=1803.jp&i=d,2026-03-26T08:35:00+00:00
1803,1803.T,1803.jp,2016-09-20,803.53,810.71,796.35,798.14,3301743,https://stooq.com/q/d/l/?s=1803.jp&i=d,2026-03-26T08:35:00+00:00
1803,1803.T,1803.jp,2016-09-21,805.30,824.16,798.14,823.28,3159014,https://stooq.com/q/d/l/?s=1803.jp&i=d,2026-03-26T08:35:00+00:00
1803,1803.T,1803.jp,2016-09-23,816.08,823.28,813.40,821.47,3094339,https://stooq.com/q/d/l/?s=1803.jp&i=d,2026-03-26T08:35:00+00:00
1803,1803.T,1803.jp,2016-09-26,819.67,822.36,810.71,813.40,1914588,https://stooq.com/q/d/l/?s=1803.jp&i=d,2026-03-26T08:35:00+00:00
1803,1803.T,1803.jp,2016-09-27,807.11,824.16,799.94,823.28,3292824,https://stooq.com/q/d/l/?s=1803.jp&i=d,2026-03-26T08:35:00+00:00
1803,1803.T,1803.jp,2016-09-28,816.04,820.56,805.23,811.54,3352518,https://stooq.com/q/d/l/?s=1803.jp&i=d,2026-03-26T08:35:00+00:00
1803,1803.T,1803.jp,2016-09-29,818.75,821.46,814.25,817.85,2239078,https://stooq.com/q/d/l/?s=1803.jp&i=d,2026-03-26T08:35:00+00:00
1803,1803.T,1803.jp,2016-09-30,809.73,817.85,805.23,811.54,2342217,https://stooq.com/q/d/l/?s=1803.jp&i=d,2026-03-26T08:35:00+00:00
1803,1803.T,1803.jp,2016-10-03,819.66,831.38,816.04,818.75,2425391,https://stooq.com/q/d/l/?s=1803.jp&i=d,2026-03-26T08:35:00+00:00
1803,1803.T,1803.jp,2016-10-04,822.35,823.28,816.04,818.75,1535970,https://stooq.com/q/d/l/?s=1803.jp&i=d,2026-03-26T08:35:00+00:00
1803,1803.T,1803.jp,2016-10-05,816.95,816.95,807.02,808.82,2239078,https://stooq.com/q/d/l/?s=1803.jp&i=d,2026-03-26T08:35:00+00:00
1803,1803.T,1803.jp,2016-10-06,808.82,810.63,803.42,805.23,3114083,https://stooq.com/q/d/l/?s=1803.jp&i=d,2026-03-26T08:35:00+00:00
1803,1803.T,1803.jp,2016-10-07,807.02,807.02,793.52,796.21,2195828,https://stooq.com/q/d/l/?s=1803.jp&i=d,2026-03-26T08:35:00+00:00
1803,1803.T,1803.jp,2016-10-11,797.12,807.02,793.52,807.02,3328120,https://stooq.com/q/d/l/?s=1803.jp&i=d,2026-03-26T08:35:00+00:00
1803,1803.T,1803.jp,2016-10-12,807.02,815.15,802.53,807.02,3125174,https://stooq.com/q/d/l/?s=1803.jp&i=d,2026-03-26T08:35:00+00:00
1803,1803.T,1803.jp,2016-10-13,807.92,808.82,798.91,800.72,1731157,https://stooq.com/q/d/l/?s=1803.jp&i=d,2026-03-26T08:35:00+00:00
1803,1803.T,1803.jp,2016-10-14,796.21,802.53,794.41,801.61,2282331,https://stooq.com/q/d/l/?s=1803.jp&i=d,2026-03-26T08:35:00+00:00
1803,1803.T,1803.jp,2016-10-17,799.82,802.53,790.80,794.41,2704861,https://stooq.com/q/d/l/?s=1803.jp&i=d,2026-03-26T08:35:00+00:00
1803,1803.T,1803.jp,2016-10-18,792.62,802.53,789.90,800.72,2658282,https://stooq.com/q/d/l/?s=1803.jp&i=d,2026-03-26T08:35:00+00:00
1803,1803.T,1803.jp,2016-10-19,798.91,811.54,798.91,808.82,2245734,https://stooq.com/q/d/l/?s=1803.jp&i=d,2026-03-26T08:35:00+00:00
1803,1803.T,1803.jp,2016-10-20,811.54,819.66,809.73,816.04,2567345,https://stooq.com/q/d/l/?s=1803.jp&i=d,2026-03-26T08:35:00+00:00
1803,1803.T,1803.jp,2016-10-21,819.66,819.66,806.12,809.73,2693770,https://stooq.com/q/d/l/?s=1803.jp&i=d,2026-03-26T08:35:00+00:00
1803,1803.T,1803.jp,2016-10-24,810.63,822.35,808.82,820.56,3019817,https://stooq.com/q/d/l/?s=1803.jp&i=d,2026-03-26T08:35:00+00:00
1803,1803.T,1803.jp,2016-10-25,819.66,831.38,818.75,828.67,2699314,https://stooq.com/q/d/l/?s=1803.jp&i=d,2026-03-26T08:35:00+00:00
1803,1803.T,1803.jp,2016-10-26,826.86,833.18,824.17,832.28,3107428,https://stooq.com/q/d/l/?s=1803.jp&i=d,2026-03-26T08:35:00+00:00
1803,1803.T,1803.jp,2016-10-27,834.98,843.11,834.10,839.50,2555144,https://stooq.com/q/d/l/?s=1803.jp&i=d,2026-03-26T08:35:00+00:00
1803,1803.T,1803.jp,2016-10-28,843.11,847.62,841.30,844.01,3675240,https://stooq.com/q/d/l/?s=1803.jp&i=d,2026-03-26T08:35:00+00:00
1803,1803.T,1803.jp,2016-10-31,838.59,842.21,834.10,842.21,2033912,https://stooq.com/q/d/l/?s=1803.jp&i=d,2026-03-26T08:35:00+00:00
1803,1803.T,1803.jp,2016-11-01,838.59,846.70,834.98,846.70,2159230,https://stooq.com/q/d/l/?s=1803.jp&i=d,2026-03-26T08:35:00+00:00
1803,1803.T,1803.jp,2016-11-02,837.69,839.50,826.86,830.47,2469753,https://stooq.com/q/d/l/?s=1803.jp&i=d,2026-03-26T08:35:00+00:00
1803,1803.T,1803.jp,2016-11-04,825.95,829.57,815.15,821.46,2296748,https://stooq.com/q/d/l/?s=1803.jp&i=d,2026-03-26T08:35:00+00:00
1803,1803.T,1803.jp,2016-11-07,829.57,835.87,821.46,830.47,2420955,https://stooq.com/q/d/l/?s=1803.jp&i=d,2026-03-26T08:35:00+00:00
1803,1803.T,1803.jp,2016-11-08,830.47,857.52,825.95,843.11,5852215,https://stooq.com/q/d/l/?s=1803.jp&i=d,2026-03-26T08:35:00+00:00
1803,1803.T,1803.jp,2016-11-09,844.01,863.85,806.12,814.25,7881692,https://stooq.com/q/d/l/?s=1803.jp&i=d,2026-03-26T08:35:00+00:00
1803,1803.T,1803.jp,2016-11-10,856.62,865.65,847.62,863.85,7003361,https://stooq.com/q/d/l/?s=1803.jp&i=d,2026-03-26T08:35:00+00:00
1803,1803.T,1803.jp,2016-11-11,883.68,900.81,880.96,891.80,7751938,https://stooq.com/q/d/l/?s=1803.jp&i=d,2026-03-26T08:35:00+00:00
1803,1803.T,1803.jp,2016-11-14,893.60,898.09,886.37,887.28,4319571,https://stooq.com/q/d/l/?s=1803.jp&i=d,2026-03-26T08:35:00+00:00
1803,1803.T,1803.jp,2016-11-15,891.80,895.41,886.37,893.60,2638319,https://stooq.com/q/d/l/?s=1803.jp&i=d,2026-03-26T08:35:00+00:00
1803,1803.T,1803.jp,2016-11-16,901.71,910.73,898.09,902.61,4931741,https://stooq.com/q/d/l/?s=1803.jp&i=d,2026-03-26T08:35:00+00:00
1803,1803.T,1803.jp,2016-11-17,892.70,897.21,880.05,882.77,6802631,https://stooq.com/q/d/l/?s=1803.jp&i=d,2026-03-26T08:35:00+00:00
1803,1803.T,1803.jp,2016-11-18,892.70,903.52,887.28,897.21,4628983,https://stooq.com/q/d/l/?s=1803.jp&i=d,2026-03-26T08:35:00+00:00
1803,1803.T,1803.jp,2016-11-21,899.90,910.73,898.09,908.02,2962149,https://stooq.com/q/d/l/?s=1803.jp&i=d,2026-03-26T08:35:00+00:00
1803,1803.T,1803.jp,2016-11-22,908.02,920.65,907.11,919.75,4027903,https://stooq.com/q/d/l/?s=1803.jp&i=d,2026-03-26T08:35:00+00:00
1803,1803.T,1803.jp,2016-11-24,925.15,927.86,921.54,922.45,2962149,https://stooq.com/q/d/l/?s=1803.jp&i=d,2026-03-26T08:35:00+00:00
1803,1803.T,1803.jp,2016-11-25,925.15,926.97,913.43,917.04,2718168,https://stooq.com/q/d/l/?s=1803.jp&i=d,2026-03-26T08:35:00+00:00
1803,1803.T,1803.jp,2016-11-28,917.04,926.97,917.04,926.05,3142916,https://stooq.com/q/d/l/?s=1803.jp&i=d,2026-03-26T08:35:00+00:00
1803,1803.T,1803.jp,2016-11-29,926.97,938.69,925.15,936.89,3152899,https://stooq.com/q/d/l/?s=1803.jp&i=d,2026-03-26T08:35:00+00:00
1803,1803.T,1803.jp,2016-11-30,942.29,951.30,941.39,950.40,5010479,https://stooq.com/q/d/l/?s=1803.jp&i=d,2026-03-26T08:35:00+00:00
1803,1803.T,1803.jp,2016-12-01,954.90,960.31,947.70,949.50,4385002,https://stooq.com/q/d/l/?s=1803.jp&i=d,2026-03-26T08:35:00+00:00
1803,1803.T,1803.jp,2016-12-02,946.80,953.10,943.17,948.60,2710405,https://stooq.com/q/d/l/?s=1803.jp&i=d,2026-03-26T08:35:00+00:00
1803,1803.T,1803.jp,2016-12-05,935.98,941.39,924.26,931.46,3781703,https://stooq.com/q/d/l/?s=1803.jp&i=d,2026-03-26T08:35:00+00:00
1803,1803.T,1803.jp,2016-12-06,942.29,955.82,940.48,954.90,5563873,https://stooq.com/q/d/l/?s=1803.jp&i=d,2026-03-26T08:35:00+00:00
1803,1803.T,1803.jp,2016-12-07,950.40,954.00,945.88,950.40,3115193,https://stooq.com/q/d/l/?s=1803.jp&i=d,2026-03-26T08:35:00+00:00
1803,1803.T,1803.jp,2016-12-08,956.69,963.93,951.30,962.12,3574319,https://stooq.com/q/d/l/?s=1803.jp&i=d,2026-03-26T08:35:00+00:00
1803,1803.T,1803.jp,2016-12-09,963.93,973.84,962.12,967.55,5170177,https://stooq.com/q/d/l/?s=1803.jp&i=d,2026-03-26T08:35:00+00:00
1803,1803.T,1803.jp,2016-12-12,972.94,977.45,965.73,970.23,3258254,https://stooq.com/q/d/l/?s=1803.jp&i=d,2026-03-26T08:35:00+00:00
1803,1803.T,1803.jp,2016-12-13,972.94,982.85,971.14,981.97,3393551,https://stooq.com/q/d/l/?s=1803.jp&i=d,2026-03-26T08:35:00+00:00
1803,1803.T,1803.jp,2016-12-14,986.47,987.38,978.37,981.05,2185848,https://stooq.com/q/d/l/?s=1803.jp&i=d,2026-03-26T08:35:00+00:00
1803,1803.T,1803.jp,2016-12-15,984.66,988.28,972.03,975.65,2686009,https://stooq.com/q/d/l/?s=1803.jp&i=d,2026-03-26T08:35:00+00:00
1803,1803.T,1803.jp,2016-12-16,986.47,991.88,981.05,991.88,3667477,https://stooq.com/q/d/l/?s=1803.jp&i=d,2026-03-26T08:35:00+00:00
1803,1803.T,1803.jp,2016-12-19,984.66,988.28,977.45,986.47,2229099,https://stooq.com/q/d/l/?s=1803.jp&i=d,2026-03-26T08:35:00+00:00
1803,1803.T,1803.jp,2016-12-20,988.28,996.40,984.66,994.58,3689657,https://stooq.com/q/d/l/?s=1803.jp&i=d,2026-03-26T08:35:00+00:00
1803,1803.T,1803.jp,2016-12-21,994.58,996.40,983.75,989.18,2409867,https://stooq.com/q/d/l/?s=1803.jp&i=d,2026-03-26T08:35:00+00:00
1803,1803.T,1803.jp,2016-12-22,986.47,990.09,979.26,988.28,2140379,https://stooq.com/q/d/l/?s=1803.jp&i=d,2026-03-26T08:35:00+00:00
1803,1803.T,1803.jp,2016-12-26,985.57,986.47,981.05,981.97,1521553,https://stooq.com/q/d/l/?s=1803.jp&i=d,2026-03-26T08:35:00+00:00
1803,1803.T,1803.jp,2016-12-27,978.37,981.97,972.03,972.94,2375485,https://stooq.com/q/d/l/?s=1803.jp&i=d,2026-03-26T08:35:00+00:00
1803,1803.T,1803.jp,2016-12-28,972.94,981.97,969.35,976.56,2026151,https://stooq.com/q/d/l/?s=1803.jp&i=d,2026-03-26T08:35:00+00:00
1803,1803.T,1803.jp,2016-12-29,968.44,972.03,963.02,967.55,3057525,https://stooq.com/q/d/l/?s=1803.jp&i=d,2026-03-26T08:35:00+00:00
1803,1803.T,1803.jp,2016-12-30,961.23,966.63,954.00,963.93,2529638,https://stooq.com/q/d/l/?s=1803.jp&i=d,2026-03-26T08:35:00+00:00
1803,1803.T,1803.jp,2017-01-04,972.94,996.40,971.14,992.78,4206452,https://stooq.com/q/d/l/?s=1803.jp&i=d,2026-03-26T08:35:00+00:00
1803,1803.T,1803.jp,2017-01-05,999.11,1000.91,984.66,987.38,2837941,https://stooq.com/q/d/l/?s=1803.jp&i=d,2026-03-26T08:35:00+00:00
1803,1803.T,1803.jp,2017-01-06,983.75,990.98,981.97,990.09,2590634,https://stooq.com/q/d/l/?s=1803.jp&i=d,2026-03-26T08:35:00+00:00
1803,1803.T,1803.jp,2017-01-10,983.75,986.47,973.84,976.56,3446785,https://stooq.com/q/d/l/?s=1803.jp&i=d,2026-03-26T08:35:00+00:00
1803,1803.T,1803.jp,2017-01-11,977.45,978.37,968.44,975.65,2111544,https://stooq.com/q/d/l/?s=1803.jp&i=d,2026-03-26T08:35:00+00:00
1803,1803.T,1803.jp,2017-01-12,978.37,978.37,955.82,964.83,2766965,https://stooq.com/q/d/l/?s=1803.jp&i=d,2026-03-26T08:35:00+00:00
1803,1803.T,1803.jp,2017-01-13,968.44,976.56,963.93,976.56,2761420,https://stooq.com/q/d/l/?s=1803.jp&i=d,2026-03-26T08:35:00+00:00
1803,1803.T,1803.jp,2017-01-16,971.14,971.14,958.51,961.23,2086038,https://stooq.com/q/d/l/?s=1803.jp&i=d,2026-03-26T08:35:00+00:00
1803,1803.T,1803.jp,2017-01-17,958.51,958.51,938.69,941.39,2815760,https://stooq.com/q/d/l/?s=1803.jp&i=d,2026-03-26T08:35:00+00:00
1803,1803.T,1803.jp,2017-01-18,941.39,944.08,928.76,942.29,2346652,https://stooq.com/q/d/l/?s=1803.jp&i=d,2026-03-26T08:35:00+00:00
1803,1803.T,1803.jp,2017-01-19,949.50,952.20,940.48,943.17,1924121,https://stooq.com/q/d/l/?s=1803.jp&i=d,2026-03-26T08:35:00+00:00
1803,1803.T,1803.jp,2017-01-20,945.00,947.70,937.80,945.88,1433940,https://stooq.com/q/d/l/?s=1803.jp&i=d,2026-03-26T08:35:00+00:00
1803,1803.T,1803.jp,2017-01-23,934.17,938.69,926.05,930.57,2958821,https://stooq.com/q/d/l/?s=1803.jp&i=d,2026-03-26T08:35:00+00:00
1803,1803.T,1803.jp,2017-01-24,926.05,937.80,925.15,933.27,2964368,https://stooq.com/q/d/l/?s=1803.jp&i=d,2026-03-26T08:35:00+00:00
1803,1803.T,1803.jp,2017-01-25,948.60,953.10,934.17,941.39,2477514,https://stooq.com/q/d/l/?s=1803.jp&i=d,2026-03-26T08:35:00+00:00
1803,1803.T,1803.jp,2017-01-26,952.20,958.51,947.70,956.69,2605050,https://stooq.com/q/d/l/?s=1803.jp&i=d,2026-03-26T08:35:00+00:00
1803,1803.T,1803.jp,2017-01-27,959.42,963.93,953.10,956.69,2086038,https://stooq.com/q/d/l/?s=1803.jp&i=d,2026-03-26T08:35:00+00:00
1803,1803.T,1803.jp,2017-01-30,949.50,953.10,945.88,949.50,2226881,https://stooq.com/q/d/l/?s=1803.jp&i=d,2026-03-26T08:35:00+00:00
1803,1803.T,1803.jp,2017-01-31,938.69,941.39,935.07,936.89,2844596,https://stooq.com/q/d/l/?s=1803.jp&i=d,2026-03-26T08:35:00+00:00
1803,1803.T,1803.jp,2017-02-01,928.76,943.17,922.45,943.17,1916359,https://stooq.com/q/d/l/?s=1803.jp&i=d,2026-03-26T08:35:00+00:00
1803,1803.T,1803.jp,2017-02-02,940.48,943.17,922.45,925.15,1901943,https://stooq.com/q/d/l/?s=1803.jp&i=d,2026-03-26T08:35:00+00:00
1803,1803.T,1803.jp,2017-02-03,929.65,935.07,926.05,931.46,1982899,https://stooq.com/q/d/l/?s=1803.jp&i=d,2026-03-26T08:35:00+00:00
1803,1803.T,1803.jp,2017-02-06,936.89,937.80,928.76,930.57,1857581,https://stooq.com/q/d/l/?s=1803.jp&i=d,2026-03-26T08:35:00+00:00
1803,1803.T,1803.jp,2017-02-07,922.45,931.46,922.45,927.86,1985117,https://stooq.com/q/d/l/?s=1803.jp&i=d,2026-03-26T08:35:00+00:00
1803,1803.T,1803.jp,2017-02-08,929.65,936.89,913.43,916.14,3299286,https://stooq.com/q/d/l/?s=1803.jp&i=d,2026-03-26T08:35:00+00:00
1803,1803.T,1803.jp,2017-02-09,913.43,917.04,904.41,907.11,2666046,https://stooq.com/q/d/l/?s=1803.jp&i=d,2026-03-26T08:35:00+00:00
1803,1803.T,1803.jp,2017-02-10,918.85,926.05,914.33,919.75,3931419,https://stooq.com/q/d/l/?s=1803.jp&i=d,2026-03-26T08:35:00+00:00
1803,1803.T,1803.jp,2017-02-13,934.17,935.07,917.04,924.26,3487818,https://stooq.com/q/d/l/?s=1803.jp&i=d,2026-03-26T08:35:00+00:00
1803,1803.T,1803.jp,2017-02-14,925.15,935.98,913.43,913.43,4404963,https://stooq.com/q/d/l/?s=1803.jp&i=d,2026-03-26T08:35:00+00:00
1803,1803.T,1803.jp,2017-02-15,935.07,958.51,932.38,949.50,4373911,https://stooq.com/q/d/l/?s=1803.jp&i=d,2026-03-26T08:35:00+00:00
1803,1803.T,1803.jp,2017-02-16,950.40,950.40,929.65,942.29,3240510,https://stooq.com/q/d/l/?s=1803.jp&i=d,2026-03-26T08:35:00+00:00
1803,1803.T,1803.jp,2017-02-17,933.27,937.80,931.46,935.98,2226881,https://stooq.com/q/d/l/?s=1803.jp&i=d,2026-03-26T08:35:00+00:00
1803,1803.T,1803.jp,2017-02-20,930.57,940.48,926.97,939.58,1883090,https://stooq.com/q/d/l/?s=1803.jp&i=d,2026-03-26T08:35:00+00:00
1803,1803.T,1803.jp,2017-02-21,940.48,954.00,940.48,948.60,2247951,https://stooq.com/q/d/l/?s=1803.jp&i=d,2026-03-26T08:35:00+00:00
1803,1803.T,1803.jp,2017-02-22,944.08,945.00,935.98,938.69,2005080,https://stooq.com/q/d/l/?s=1803.jp&i=d,2026-03-26T08:35:00+00:00
1803,1803.T,1803.jp,2017-02-23,945.00,949.50,934.17,949.50,2125959,https://stooq.com/q/d/l/?s=1803.jp&i=d,2026-03-26T08:35:00+00:00
1803,1803.T,1803.jp,2017-02-24,946.80,949.50,938.69,942.29,1786605,https://stooq.com/q/d/l/?s=1803.jp&i=d,2026-03-26T08:35:00+00:00
1803,1803.T,1803.jp,2017-02-27,932.38,935.07,923.35,926.05,2957715,https://stooq.com/q/d/l/?s=1803.jp&i=d,2026-03-26T08:35:00+00:00
1803,1803.T,1803.jp,2017-02-28,931.46,941.39,927.86,929.65,2747002,https://stooq.com/q/d/l/?s=1803.jp&i=d,2026-03-26T08:35:00+00:00
1803,1803.T,1803.jp,2017-03-01,933.27,943.17,927.86,942.29,2276785,https://stooq.com/q/d/l/?s=1803.jp&i=d,2026-03-26T08:35:00+00:00
1803,1803.T,1803.jp,2017-03-02,950.40,955.82,947.70,953.10,2104889,https://stooq.com/q/d/l/?s=1803.jp&i=d,2026-03-26T08:35:00+00:00
1803,1803.T,1803.jp,2017-03-03,941.39,945.00,932.38,936.89,2911137,https://stooq.com/q/d/l/?s=1803.jp&i=d,2026-03-26T08:35:00+00:00
1803,1803.T,1803.jp,2017-03-06,938.69,938.69,926.05,927.86,1682359,https://stooq.com/q/d/l/?s=1803.jp&i=d,2026-03-26T08:35:00+00:00
1803,1803.T,1803.jp,2017-03-07,924.26,932.38,921.54,932.38,1871999,https://stooq.com/q/d/l/?s=1803.jp&i=d,2026-03-26T08:35:00+00:00
1803,1803.T,1803.jp,2017-03-08,928.76,941.39,928.76,941.39,2652737,https://stooq.com/q/d/l/?s=1803.jp&i=d,2026-03-26T08:35:00+00:00
1803,1803.T,1803.jp,2017-03-09,945.88,949.50,936.89,939.58,2107107,https://stooq.com/q/d/l/?s=1803.jp&i=d,2026-03-26T08:35:00+00:00
1803,1803.T,1803.jp,2017-03-10,939.58,947.70,938.69,944.08,3414622,https://stooq.com/q/d/l/?s=1803.jp&i=d,2026-03-26T08:35:00+00:00
1803,1803.T,1803.jp,2017-03-13,945.88,950.40,943.17,949.50,1392908,https://stooq.com/q/d/l/?s=1803.jp&i=d,2026-03-26T08:35:00+00:00
1803,1803.T,1803.jp,2017-03-14,946.80,950.40,944.08,946.80,1394016,https://stooq.com/q/d/l/?s=1803.jp&i=d,2026-03-26T08:35:00+00:00
1803,1803.T,1803.jp,2017-03-15,945.88,948.60,940.48,942.29,1852035,https://stooq.com/q/d/l/?s=1803.jp&i=d,2026-03-26T08:35:00+00:00
1803,1803.T,1803.jp,2017-03-16,937.80,942.29,935.07,938.69,2849031,https://stooq.com/q/d/l/?s=1803.jp&i=d,2026-03-26T08:35:00+00:00
1803,1803.T,1803.jp,2017-03-17,930.57,930.57,924.26,926.05,2947732,https://stooq.com/q/d/l/?s=1803.jp&i=d,2026-03-26T08:35:00+00:00
1803,1803.T,1803.jp,2017-03-21,922.45,926.97,911.63,923.35,1923012,https://stooq.com/q/d/l/?s=1803.jp&i=d,2026-03-26T08:35:00+00:00
1803,1803.T,1803.jp,2017-03-22,911.63,921.54,911.63,913.43,2483059,https://stooq.com/q/d/l/?s=1803.jp&i=d,2026-03-26T08:35:00+00:00
1803,1803.T,1803.jp,2017-03-23,905.31,908.02,899.00,905.31,2408754,https://stooq.com/q/d/l/?s=1803.jp&i=d,2026-03-26T08:35:00+00:00
1803,1803.T,1803.jp,2017-03-24,908.91,926.97,905.31,925.15,2666046,https://stooq.com/q/d/l/?s=1803.jp&i=d,2026-03-26T08:35:00+00:00
1803,1803.T,1803.jp,2017-03-27,918.85,921.54,910.73,912.54,2243515,https://stooq.com/q/d/l/?s=1803.jp&i=d,2026-03-26T08:35:00+00:00
1803,1803.T,1803.jp,2017-03-28,917.95,924.26,915.24,924.26,2541837,https://stooq.com/q/d/l/?s=1803.jp&i=d,2026-03-26T08:35:00+00:00
1803,1803.T,1803.jp,2017-03-29,926.98,930.60,920.63,926.06,2459914,https://stooq.com/q/d/l/?s=1803.jp&i=d,2026-03-26T08:35:00+00:00
1803,1803.T,1803.jp,2017-03-30,921.53,923.35,906.13,907.94,2144285,https://stooq.com/q/d/l/?s=1803.jp&i=d,2026-03-26T08:35:00+00:00
1803,1803.T,1803.jp,2017-03-31,917.92,921.53,904.31,904.31,2740222,https://stooq.com/q/d/l/?s=1803.jp&i=d,2026-03-26T08:35:00+00:00
1803,1803.T,1803.jp,2017-04-03,910.67,942.37,909.76,937.85,5118470,https://stooq.com/q/d/l/?s=1803.jp&i=d,2026-03-26T08:35:00+00:00
1803,1803.T,1803.jp,2017-04-04,927.88,936.94,920.63,925.15,3896791,https://stooq.com/q/d/l/?s=1803.jp&i=d,2026-03-26T08:35:00+00:00
1803,1803.T,1803.jp,2017-04-05,929.68,937.85,926.98,928.78,2692769,https://stooq.com/q/d/l/?s=1803.jp&i=d,2026-03-26T08:35:00+00:00
1803,1803.T,1803.jp,2017-04-06,926.06,927.88,909.76,914.28,3278779,https://stooq.com/q/d/l/?s=1803.jp&i=d,2026-03-26T08:35:00+00:00
1803,1803.T,1803.jp,2017-04-07,916.11,926.06,913.40,918.82,2930042,https://stooq.com/q/d/l/?s=1803.jp&i=d,2026-03-26T08:35:00+00:00
1803,1803.T,1803.jp,2017-04-10,922.44,926.98,919.73,924.26,1642148,https://stooq.com/q/d/l/?s=1803.jp&i=d,2026-03-26T08:35:00+00:00
1803,1803.T,1803.jp,2017-04-11,917.00,923.35,915.19,923.35,1875004,https://stooq.com/q/d/l/?s=1803.jp&i=d,2026-03-26T08:35:00+00:00
1803,1803.T,1803.jp,2017-04-12,917.92,923.35,912.48,922.44,2574684,https://stooq.com/q/d/l/?s=1803.jp&i=d,2026-03-26T08:35:00+00:00
1803,1803.T,1803.jp,2017-04-13,917.92,926.06,915.19,924.26,2995155,https://stooq.com/q/d/l/?s=1803.jp&i=d,2026-03-26T08:35:00+00:00
1803,1803.T,1803.jp,2017-04-14,928.78,928.78,907.03,910.67,4860230,https://stooq.com/q/d/l/?s=1803.jp&i=d,2026-03-26T08:35:00+00:00
1803,1803.T,1803.jp,2017-04-17,907.94,920.63,906.13,919.73,2814165,https://stooq.com/q/d/l/?s=1803.jp&i=d,2026-03-26T08:35:00+00:00
1803,1803.T,1803.jp,2017-04-18,929.68,941.48,926.06,939.64,5775109,https://stooq.com/q/d/l/?s=1803.jp&i=d,2026-03-26T08:35:00+00:00
1803,1803.T,1803.jp,2017-04-19,932.42,932.42,917.92,927.88,4601990,https://stooq.com/q/d/l/?s=1803.jp&i=d,2026-03-26T08:35:00+00:00
1803,1803.T,1803.jp,2017-04-20,927.88,938.75,924.26,934.22,2983016,https://stooq.com/q/d/l/?s=1803.jp&i=d,2026-03-26T08:35:00+00:00
1803,1803.T,1803.jp,2017-04-21,939.64,944.19,935.13,942.37,2938874,https://stooq.com/q/d/l/?s=1803.jp&i=d,2026-03-26T08:35:00+00:00
1803,1803.T,1803.jp,2017-04-24,949.62,963.21,947.81,962.31,4341539,https://stooq.com/q/d/l/?s=1803.jp&i=d,2026-03-26T08:35:00+00:00
1803,1803.T,1803.jp,2017-04-25,965.03,969.56,962.31,966.85,2605588,https://stooq.com/q/d/l/?s=1803.jp&i=d,2026-03-26T08:35:00+00:00
1803,1803.T,1803.jp,2017-04-26,970.47,975.91,965.94,975.00,3000673,https://stooq.com/q/d/l/?s=1803.jp&i=d,2026-03-26T08:35:00+00:00
1803,1803.T,1803.jp,2017-04-27,965.03,968.66,956.87,957.77,3889066,https://stooq.com/q/d/l/?s=1803.jp&i=d,2026-03-26T08:35:00+00:00
1803,1803.T,1803.jp,2017-04-28,960.48,972.29,958.69,968.66,2601171,https://stooq.com/q/d/l/?s=1803.jp&i=d,2026-03-26T08:35:00+00:00
1803,1803.T,1803.jp,2017-05-01,966.85,974.09,964.12,971.36,1442398,https://stooq.com/q/d/l/?s=1803.jp&i=d,2026-03-26T08:35:00+00:00
1803,1803.T,1803.jp,2017-05-02,977.72,984.97,975.00,977.72,2000815,https://stooq.com/q/d/l/?s=1803.jp&i=d,2026-03-26T08:35:00+00:00
1803,1803.T,1803.jp,2017-05-08,985.88,1005.81,985.88,1004.00,3580060,https://stooq.com/q/d/l/?s=1803.jp&i=d,2026-03-26T08:35:00+00:00
1803,1803.T,1803.jp,2017-05-09,1005.81,1014.88,1004.00,1008.52,2575789,https://stooq.com/q/d/l/?s=1803.jp&i=d,2026-03-26T08:35:00+00:00
1803,1803.T,1803.jp,2017-05-10,1010.32,1013.96,1003.09,1004.00,2590134,https://stooq.com/q/d/l/?s=1803.jp&i=d,2026-03-26T08:35:00+00:00
1803,1803.T,1803.jp,2017-05-11,1005.81,1021.21,942.37,980.44,9626655,https://stooq.com/q/d/l/?s=1803.jp&i=d,2026-03-26T08:35:00+00:00
1803,1803.T,1803.jp,2017-05-12,979.52,1009.43,974.09,1005.81,6532175,https://stooq.com/q/d/l/?s=1803.jp&i=d,2026-03-26T08:35:00+00:00
1803,1803.T,1803.jp,2017-05-15,1000.36,1029.37,999.47,1029.37,3902308,https://stooq.com/q/d/l/?s=1803.jp&i=d,2026-03-26T08:35:00+00:00
1803,1803.T,1803.jp,2017-05-16,1026.65,1028.46,1013.96,1022.12,3301955,https://stooq.com/q/d/l/?s=1803.jp&i=d,2026-03-26T08:35:00+00:00
1803,1803.T,1803.jp,2017-05-17,1012.16,1021.21,1010.32,1014.88,2112279,https://stooq.com/q/d/l/?s=1803.jp&i=d,2026-03-26T08:35:00+00:00
1803,1803.T,1803.jp,2017-05-18,1000.36,1011.24,998.54,1011.24,2222640,https://stooq.com/q/d/l/?s=1803.jp&i=d,2026-03-26T08:35:00+00:00
1803,1803.T,1803.jp,2017-05-19,1011.24,1015.78,1003.09,1007.61,1909220,https://stooq.com/q/d/l/?s=1803.jp&i=d,2026-03-26T08:35:00+00:00
1803,1803.T,1803.jp,2017-05-22,1009.43,1010.32,1001.27,1005.81,1690705,https://stooq.com/q/d/l/?s=1803.jp&i=d,2026-03-26T08:35:00+00:00
1803,1803.T,1803.jp,2017-05-23,1002.17,1014.88,1001.27,1002.17,2007439,https://stooq.com/q/d/l/?s=1803.jp&i=d,2026-03-26T08:35:00+00:00
1803,1803.T,1803.jp,2017-05-24,1009.43,1016.67,1003.09,1005.81,2274507,https://stooq.com/q/d/l/?s=1803.jp&i=d,2026-03-26T08:35:00+00:00
1803,1803.T,1803.jp,2017-05-25,1004.00,1023.03,1002.17,1019.38,2613311,https://stooq.com/q/d/l/?s=1803.jp&i=d,2026-03-26T08:35:00+00:00
1803,1803.T,1803.jp,2017-05-26,1023.03,1026.65,1016.67,1016.67,2555925,https://stooq.com/q/d/l/?s=1803.jp&i=d,2026-03-26T08:35:00+00:00
1803,1803.T,1803.jp,2017-05-29,1016.67,1022.12,1009.43,1016.67,2059306,https://stooq.com/q/d/l/?s=1803.jp&i=d,2026-03-26T08:35:00+00:00
1803,1803.T,1803.jp,2017-05-30,1016.67,1025.74,1013.96,1022.12,1685188,https://stooq.com/q/d/l/?s=1803.jp&i=d,2026-03-26T08:35:00+00:00
1803,1803.T,1803.jp,2017-05-31,1018.48,1019.38,1007.61,1011.24,4160549,https://stooq.com/q/d/l/?s=1803.jp&i=d,2026-03-26T08:35:00+00:00
1803,1803.T,1803.jp,2017-06-01,1021.21,1022.12,1013.96,1018.48,2764503,https://stooq.com/q/d/l/?s=1803.jp&i=d,2026-03-26T08:35:00+00:00
1803,1803.T,1803.jp,2017-06-02,1021.21,1027.54,1010.32,1023.94,4185934,https://stooq.com/q/d/l/?s=1803.jp&i=d,2026-03-26T08:35:00+00:00
1803,1803.T,1803.jp,2017-06-05,1028.46,1035.71,1024.85,1033.00,2819683,https://stooq.com/q/d/l/?s=1803.jp&i=d,2026-03-26T08:35:00+00:00
1803,1803.T,1803.jp,2017-06-06,1033.00,1033.90,1020.30,1022.12,3774294,https://stooq.com/q/d/l/?s=1803.jp&i=d,2026-03-26T08:35:00+00:00
1803,1803.T,1803.jp,2017-06-07,1017.59,1017.59,1000.36,1002.17,2611103,https://stooq.com/q/d/l/?s=1803.jp&i=d,2026-03-26T08:35:00+00:00
1803,1803.T,1803.jp,2017-06-08,1004.00,1004.89,993.11,997.64,2617724,https://stooq.com/q/d/l/?s=1803.jp&i=d,2026-03-26T08:35:00+00:00
1803,1803.T,1803.jp,2017-06-09,1002.17,1004.00,990.38,996.76,3746702,https://stooq.com/q/d/l/?s=1803.jp&i=d,2026-03-26T08:35:00+00:00
1803,1803.T,1803.jp,2017-06-12,990.38,1007.61,987.66,1005.81,2131042,https://stooq.com/q/d/l/?s=1803.jp&i=d,2026-03-26T08:35:00+00:00
1803,1803.T,1803.jp,2017-06-13,1015.78,1035.71,1015.78,1035.71,4288569,https://stooq.com/q/d/l/?s=1803.jp&i=d,2026-03-26T08:35:00+00:00
1803,1803.T,1803.jp,2017-06-14,1034.81,1048.38,1033.90,1047.48,3331750,https://stooq.com/q/d/l/?s=1803.jp&i=d,2026-03-26T08:35:00+00:00
1803,1803.T,1803.jp,2017-06-15,1042.05,1066.51,1042.05,1061.98,2529437,https://stooq.com/q/d/l/?s=1803.jp&i=d,2026-03-26T08:35:00+00:00
1803,1803.T,1803.jp,2017-06-16,1062.89,1071.05,1057.44,1060.18,3019433,https://stooq.com/q/d/l/?s=1803.jp&i=d,2026-03-26T08:35:00+00:00
1803,1803.T,1803.jp,2017-06-19,1063.80,1073.78,1061.98,1072.85,1692914,https://stooq.com/q/d/l/?s=1803.jp&i=d,2026-03-26T08:35:00+00:00
1803,1803.T,1803.jp,2017-06-20,1087.36,1108.20,1086.45,1092.79,4098748,https://stooq.com/q/d/l/?s=1803.jp&i=d,2026-03-26T08:35:00+00:00
1803,1803.T,1803.jp,2017-06-21,1087.36,1105.49,1083.73,1100.94,2969773,https://stooq.com/q/d/l/?s=1803.jp&i=d,2026-03-26T08:35:00+00:00
1803,1803.T,1803.jp,2017-06-22,1114.55,1125.41,1103.66,1112.73,3139725,https://stooq.com/q/d/l/?s=1803.jp&i=d,2026-03-26T08:35:00+00:00
1803,1803.T,1803.jp,2017-06-23,1112.73,1117.26,1106.38,1112.73,2328585,https://stooq.com/q/d/l/?s=1803.jp&i=d,2026-03-26T08:35:00+00:00
1803,1803.T,1803.jp,2017-06-26,1112.73,1115.45,1105.49,1112.73,1921355,https://stooq.com/q/d/l/?s=1803.jp&i=d,2026-03-26T08:35:00+00:00
1803,1803.T,1803.jp,2017-06-27,1097.31,1102.75,1089.16,1096.41,3507222,https://stooq.com/q/d/l/?s=1803.jp&i=d,2026-03-26T08:35:00+00:00
1803,1803.T,1803.jp,2017-06-28,1091.88,1100.03,1087.36,1088.25,3248980,https://stooq.com/q/d/l/?s=1803.jp&i=d,2026-03-26T08:35:00+00:00
1803,1803.T,1803.jp,2017-06-29,1096.41,1096.41,1085.55,1088.25,1562689,https://stooq.com/q/d/l/?s=1803.jp&i=d,2026-03-26T08:35:00+00:00
1803,1803.T,1803.jp,2017-06-30,1080.11,1085.55,1073.78,1079.22,2212706,https://stooq.com/q/d/l/?s=1803.jp&i=d,2026-03-26T08:35:00+00:00
1803,1803.T,1803.jp,2017-07-03,1083.73,1096.41,1079.22,1083.73,2354407,https://stooq.com/q/d/l/?s=1803.jp&i=d,2026-03-26T08:35:00+00:00
1803,1803.T,1803.jp,2017-07-04,1089.16,1090.98,1068.33,1072.85,2058313,https://stooq.com/q/d/l/?s=1803.jp&i=d,2026-03-26T08:35:00+00:00
1803,1803.T,1803.jp,2017-07-05,1065.62,1074.68,1060.18,1074.68,2662090,https://stooq.com/q/d/l/?s=1803.jp&i=d,2026-03-26T08:35:00+00:00
1803,1803.T,1803.jp,2017-07-06,1085.55,1110.91,1083.73,1101.85,4345515,https://stooq.com/q/d/l/?s=1803.jp&i=d,2026-03-26T08:35:00+00:00
1803,1803.T,1803.jp,2017-07-07,1093.69,1101.85,1080.11,1083.73,2281791,https://stooq.com/q/d/l/?s=1803.jp&i=d,2026-03-26T08:35:00+00:00
1803,1803.T,1803.jp,2017-07-10,1093.69,1093.69,1076.48,1085.55,1998167,https://stooq.com/q/d/l/?s=1803.jp&i=d,2026-03-26T08:35:00+00:00
1803,1803.T,1803.jp,2017-07-11,1086.45,1095.52,1083.73,1093.69,1536865,https://stooq.com/q/d/l/?s=1803.jp&i=d,2026-03-26T08:35:00+00:00
1803,1803.T,1803.jp,2017-07-12,1083.73,1084.66,1074.68,1081.93,2642446,https://stooq.com/q/d/l/?s=1803.jp&i=d,2026-03-26T08:35:00+00:00
1803,1803.T,1803.jp,2017-07-13,1087.36,1090.98,1081.01,1083.73,2345249,https://stooq.com/q/d/l/?s=1803.jp&i=d,2026-03-26T08:35:00+00:00
1803,1803.T,1803.jp,2017-07-14,1091.88,1104.56,1090.98,1096.41,2566078,https://stooq.com/q/d/l/?s=1803.jp&i=d,2026-03-26T08:35:00+00:00
1803,1803.T,1803.jp,2017-07-18,1089.16,1090.98,1076.48,1083.73,2617173,https://stooq.com/q/d/l/?s=1803.jp&i=d,2026-03-26T08:35:00+00:00
1803,1803.T,1803.jp,2017-07-19,1077.40,1083.73,1072.85,1076.48,2326046,https://stooq.com/q/d/l/?s=1803.jp&i=d,2026-03-26T08:35:00+00:00
1803,1803.T,1803.jp,2017-07-20,1077.40,1088.25,1075.57,1082.83,2130268,https://stooq.com/q/d/l/?s=1803.jp&i=d,2026-03-26T08:35:00+00:00
1803,1803.T,1803.jp,2017-07-21,1078.30,1082.83,1068.33,1073.78,2509463,https://stooq.com/q/d/l/?s=1803.jp&i=d,2026-03-26T08:35:00+00:00
1803,1803.T,1803.jp,2017-07-24,1064.70,1071.05,1060.18,1063.80,2142958,https://stooq.com/q/d/l/?s=1803.jp&i=d,2026-03-26T08:35:00+00:00
1803,1803.T,1803.jp,2017-07-25,1061.09,1061.09,1052.01,1056.55,2513878,https://stooq.com/q/d/l/?s=1803.jp&i=d,2026-03-26T08:35:00+00:00
1803,1803.T,1803.jp,2017-07-26,1060.18,1061.09,1054.72,1055.65,1754934,https://stooq.com/q/d/l/?s=1803.jp&i=d,2026-03-26T08:35:00+00:00
1803,1803.T,1803.jp,2017-07-27,1053.83,1064.70,1049.29,1051.12,2209616,https://stooq.com/q/d/l/?s=1803.jp&i=d,2026-03-26T08:35:00+00:00
1803,1803.T,1803.jp,2017-07-28,1052.01,1055.65,1046.56,1051.12,1922572,https://stooq.com/q/d/l/?s=1803.jp&i=d,2026-03-26T08:35:00+00:00
1803,1803.T,1803.jp,2017-07-31,1041.13,1061.98,1038.43,1056.55,2620041,https://stooq.com/q/d/l/?s=1803.jp&i=d,2026-03-26T08:35:00+00:00
1803,1803.T,1803.jp,2017-08-01,1054.72,1074.68,1051.12,1073.78,1812210,https://stooq.com/q/d/l/?s=1803.jp&i=d,2026-03-26T08:35:00+00:00
1803,1803.T,1803.jp,2017-08-02,1076.48,1078.30,1056.55,1063.80,2190856,https://stooq.com/q/d/l/?s=1803.jp&i=d,2026-03-26T08:35:00+00:00
1803,1803.T,1803.jp,2017-08-03,1065.62,1072.85,1061.98,1067.41,2006223,https://stooq.com/q/d/l/?s=1803.jp&i=d,2026-03-26T08:35:00+00:00
1803,1803.T,1803.jp,2017-08-04,1062.89,1071.05,1053.83,1068.33,1943430,https://stooq.com/q/d/l/?s=1803.jp&i=d,2026-03-26T08:35:00+00:00
1803,1803.T,1803.jp,2017-08-07,1074.68,1112.73,1071.05,1110.91,5064062,https://stooq.com/q/d/l/?s=1803.jp&i=d,2026-03-26T08:35:00+00:00
1803,1803.T,1803.jp,2017-08-08,1110.91,1113.65,1067.41,1107.29,6884333,https://stooq.com/q/d/l/?s=1803.jp&i=d,2026-03-26T08:35:00+00:00
1803,1803.T,1803.jp,2017-08-09,1087.36,1094.61,1039.33,1040.22,6220299,https://stooq.com/q/d/l/?s=1803.jp&i=d,2026-03-26T08:35:00+00:00
1803,1803.T,1803.jp,2017-08-10,1062.89,1064.70,1033.90,1048.38,4339443,https://stooq.com/q/d/l/?s=1803.jp&i=d,2026-03-26T08:35:00+00:00
1803,1803.T,1803.jp,2017-08-14,1050.21,1056.55,1038.43,1040.22,2847827,https://stooq.com/q/d/l/?s=1803.jp&i=d,2026-03-26T08:35:00+00:00
1803,1803.T,1803.jp,2017-08-15,1042.96,1057.44,1038.43,1050.21,1912529,https://stooq.com/q/d/l/?s=1803.jp&i=d,2026-03-26T08:35:00+00:00
1803,1803.T,1803.jp,2017-08-16,1060.18,1065.62,1042.05,1044.76,1772704,https://stooq.com/q/d/l/?s=1803.jp&i=d,2026-03-26T08:35:00+00:00
1803,1803.T,1803.jp,2017-08-17,1050.21,1060.18,1047.48,1052.93,2701377,https://stooq.com/q/d/l/?s=1803.jp&i=d,2026-03-26T08:35:00+00:00
1803,1803.T,1803.jp,2017-08-18,1039.33,1042.96,1033.90,1034.81,2003467,https://stooq.com/q/d/l/?s=1803.jp&i=d,2026-03-26T08:35:00+00:00
1803,1803.T,1803.jp,2017-08-21,1033.90,1046.56,1030.28,1043.86,1431912,https://stooq.com/q/d/l/?s=1803.jp&i=d,2026-03-26T08:35:00+00:00
1803,1803.T,1803.jp,2017-08-22,1041.13,1043.86,1028.46,1029.37,1966051,https://stooq.com/q/d/l/?s=1803.jp&i=d,2026-03-26T08:35:00+00:00
1803,1803.T,1803.jp,2017-08-23,1040.22,1047.48,1034.81,1036.61,1668742,https://stooq.com/q/d/l/?s=1803.jp&i=d,2026-03-26T08:35:00+00:00
1803,1803.T,1803.jp,2017-08-24,1031.17,1036.61,1020.30,1021.21,1863972,https://stooq.com/q/d/l/?s=1803.jp&i=d,2026-03-26T08:35:00+00:00
1803,1803.T,1803.jp,2017-08-25,1022.12,1026.65,1013.96,1023.94,1872138,https://stooq.com/q/d/l/?s=1803.jp&i=d,2026-03-26T08:35:00+00:00
1803,1803.T,1803.jp,2017-08-28,1029.37,1032.09,1016.67,1024.85,1308314,https://stooq.com/q/d/l/?s=1803.jp&i=d,2026-03-26T08:35:00+00:00
1803,1803.T,1803.jp,2017-08-29,1022.12,1031.17,1020.30,1030.28,1997065,https://stooq.com/q/d/l/?s=1803.jp&i=d,2026-03-26T08:35:00+00:00
1803,1803.T,1803.jp,2017-08-30,1034.81,1036.61,1023.94,1032.09,2004347,https://stooq.com/q/d/l/?s=1803.jp&i=d,2026-03-26T08:35:00+00:00
1803,1803.T,1803.jp,2017-08-31,1028.46,1033.90,1023.94,1029.37,2334435,https://stooq.com/q/d/l/?s=1803.jp&i=d,2026-03-26T08:35:00+00:00
1803,1803.T,1803.jp,2017-09-01,1029.37,1035.71,1018.48,1033.90,2177282,https://stooq.com/q/d/l/?s=1803.jp&i=d,2026-03-26T08:35:00+00:00
1803,1803.T,1803.jp,2017-09-04,1033.00,1038.43,1022.12,1023.94,1641154,https://stooq.com/q/d/l/?s=1803.jp&i=d,2026-03-26T08:35:00+00:00
1803,1803.T,1803.jp,2017-09-05,1024.85,1024.85,1011.24,1015.78,1367684,https://stooq.com/q/d/l/?s=1803.jp&i=d,2026-03-26T08:35:00+00:00
1803,1803.T,1803.jp,2017-09-06,1012.16,1025.74,1011.24,1024.85,2021123,https://stooq.com/q/d/l/?s=1803.jp&i=d,2026-03-26T08:35:00+00:00
1803,1803.T,1803.jp,2017-09-07,1031.17,1049.29,1030.28,1041.13,2206307,https://stooq.com/q/d/l/?s=1803.jp&i=d,2026-03-26T08:35:00+00:00
1803,1803.T,1803.jp,2017-09-08,1059.26,1064.70,1050.21,1056.55,4555967,https://stooq.com/q/d/l/?s=1803.jp&i=d,2026-03-26T08:35:00+00:00
1803,1803.T,1803.jp,2017-09-11,1083.73,1085.55,1067.41,1070.15,2670587,https://stooq.com/q/d/l/?s=1803.jp&i=d,2026-03-26T08:35:00+00:00
1803,1803.T,1803.jp,2017-09-12,1080.11,1082.83,1060.18,1062.89,2765939,https://stooq.com/q/d/l/?s=1803.jp&i=d,2026-03-26T08:35:00+00:00
1803,1803.T,1803.jp,2017-09-13,1055.65,1066.51,1047.48,1060.18,1941554,https://stooq.com/q/d/l/?s=1803.jp&i=d,2026-03-26T08:35:00+00:00
1803,1803.T,1803.jp,2017-09-14,1061.09,1065.62,1053.83,1061.98,1718737,https://stooq.com/q/d/l/?s=1803.jp&i=d,2026-03-26T08:35:00+00:00
1803,1803.T,1803.jp,2017-09-15,1065.62,1075.57,1064.70,1074.68,3456457,https://stooq.com/q/d/l/?s=1803.jp&i=d,2026-03-26T08:35:00+00:00
1803,1803.T,1803.jp,2017-09-19,1078.30,1086.45,1074.68,1086.45,2352751,https://stooq.com/q/d/l/?s=1803.jp&i=d,2026-03-26T08:35:00+00:00
1803,1803.T,1803.jp,2017-09-20,1081.01,1100.94,1079.22,1100.03,2316112,https://stooq.com/q/d/l/?s=1803.jp&i=d,2026-03-26T08:35:00+00:00
1803,1803.T,1803.jp,2017-09-21,1102.75,1107.29,1096.41,1102.75,1684857,https://stooq.com/q/d/l/?s=1803.jp&i=d,2026-03-26T08:35:00+00:00
1803,1803.T,1803.jp,2017-09-22,1111.82,1119.07,1108.20,1110.91,2067363,https://stooq.com/q/d/l/?s=1803.jp&i=d,2026-03-26T08:35:00+00:00
1803,1803.T,1803.jp,2017-09-25,1118.16,1118.16,1110.01,1116.36,1374857,https://stooq.com/q/d/l/?s=1803.jp&i=d,2026-03-26T08:35:00+00:00
1803,1803.T,1803.jp,2017-09-26,1119.07,1130.85,1117.26,1122.71,2200457,https://stooq.com/q/d/l/?s=1803.jp&i=d,2026-03-26T08:35:00+00:00
1803,1803.T,1803.jp,2017-09-27,1129.07,1133.64,1118.14,1132.72,1796705,https://stooq.com/q/d/l/?s=1803.jp&i=d,2026-03-26T08:35:00+00:00
1803,1803.T,1803.jp,2017-09-28,1140.00,1154.58,1131.82,1138.19,2509990,https://stooq.com/q/d/l/?s=1803.jp&i=d,2026-03-26T08:35:00+00:00
1803,1803.T,1803.jp,2017-09-29,1131.82,1141.84,1129.07,1136.36,2828005,https://stooq.com/q/d/l/?s=1803.jp&i=d,2026-03-26T08:35:00+00:00
1803,1803.T,1803.jp,2017-10-02,1140.00,1146.39,1133.64,1138.19,1741838,https://stooq.com/q/d/l/?s=1803.jp&i=d,2026-03-26T08:35:00+00:00
1803,1803.T,1803.jp,2017-10-03,1139.10,1147.29,1134.53,1139.10,1702552,https://stooq.com/q/d/l/?s=1803.jp&i=d,2026-03-26T08:35:00+00:00
1803,1803.T,1803.jp,2017-10-04,1142.74,1146.39,1133.64,1138.19,1989951,https://stooq.com/q/d/l/?s=1803.jp&i=d,2026-03-26T08:35:00+00:00
1803,1803.T,1803.jp,2017-10-05,1138.19,1145.46,1137.27,1142.74,1672813,https://stooq.com/q/d/l/?s=1803.jp&i=d,2026-03-26T08:35:00+00:00
1803,1803.T,1803.jp,2017-10-06,1148.21,1154.58,1139.10,1140.93,1709248,https://stooq.com/q/d/l/?s=1803.jp&i=d,2026-03-26T08:35:00+00:00
1803,1803.T,1803.jp,2017-10-10,1135.45,1166.43,1135.45,1164.61,2268460,https://stooq.com/q/d/l/?s=1803.jp&i=d,2026-03-26T08:35:00+00:00
1803,1803.T,1803.jp,2017-10-11,1164.61,1173.73,1159.15,1170.11,1828641,https://stooq.com/q/d/l/?s=1803.jp&i=d,2026-03-26T08:35:00+00:00
1803,1803.T,1803.jp,2017-10-12,1172.81,1178.28,1164.61,1165.53,1669852,https://stooq.com/q/d/l/?s=1803.jp&i=d,2026-03-26T08:35:00+00:00
1803,1803.T,1803.jp,2017-10-13,1161.89,1184.66,1161.89,1178.28,2914257,https://stooq.com/q/d/l/?s=1803.jp&i=d,2026-03-26T08:35:00+00:00
1803,1803.T,1803.jp,2017-10-16,1183.74,1183.74,1172.81,1180.11,1620361,https://stooq.com/q/d/l/?s=1803.jp&i=d,2026-03-26T08:35:00+00:00
1803,1803.T,1803.jp,2017-10-17,1183.74,1183.74,1174.64,1181.92,1595777,https://stooq.com/q/d/l/?s=1803.jp&i=d,2026-03-26T08:35:00+00:00
1803,1803.T,1803.jp,2017-10-18,1181.00,1197.41,1174.64,1178.28,2376660,https://stooq.com/q/d/l/?s=1803.jp&i=d,2026-03-26T08:35:00+00:00
1803,1803.T,1803.jp,2017-10-19,1181.92,1182.84,1167.35,1169.18,1450051,https://stooq.com/q/d/l/?s=1803.jp&i=d,2026-03-26T08:35:00+00:00
1803,1803.T,1803.jp,2017-10-20,1164.61,1172.81,1160.97,1170.11,1757530,https://stooq.com/q/d/l/?s=1803.jp&i=d,2026-03-26T08:35:00+00:00
1803,1803.T,1803.jp,2017-10-23,1184.66,1191.95,1176.47,1180.11,1912368,https://stooq.com/q/d/l/?s=1803.jp&i=d,2026-03-26T08:35:00+00:00
1803,1803.T,1803.jp,2017-10-24,1179.21,1193.76,1176.47,1193.76,1555836,https://stooq.com/q/d/l/?s=1803.jp&i=d,2026-03-26T08:35:00+00:00
1803,1803.T,1803.jp,2017-10-25,1199.23,1202.89,1191.04,1195.61,2244867,https://stooq.com/q/d/l/?s=1803.jp&i=d,2026-03-26T08:35:00+00:00
1803,1803.T,1803.jp,2017-10-26,1193.76,1201.97,1186.48,1198.34,1861121,https://stooq.com/q/d/l/?s=1803.jp&i=d,2026-03-26T08:35:00+00:00
1803,1803.T,1803.jp,2017-10-27,1202.89,1216.55,1196.50,1212.01,2489687,https://stooq.com/q/d/l/?s=1803.jp&i=d,2026-03-26T08:35:00+00:00
1803,1803.T,1803.jp,2017-10-30,1215.65,1217.47,1206.54,1213.81,2255731,https://stooq.com/q/d/l/?s=1803.jp&i=d,2026-03-26T08:35:00+00:00
1803,1803.T,1803.jp,2017-10-31,1212.01,1216.55,1209.28,1211.09,2169257,https://stooq.com/q/d/l/?s=1803.jp&i=d,2026-03-26T08:35:00+00:00
1803,1803.T,1803.jp,2017-11-01,1212.01,1236.60,1207.45,1232.95,2521950,https://stooq.com/q/d/l/?s=1803.jp&i=d,2026-03-26T08:35:00+00:00
1803,1803.T,1803.jp,2017-11-02,1241.16,1263.03,1238.43,1259.38,2390707,https://stooq.com/q/d/l/?s=1803.jp&i=d,2026-03-26T08:35:00+00:00
1803,1803.T,1803.jp,2017-11-06,1264.85,1272.16,1255.74,1258.48,2287774,https://stooq.com/q/d/l/?s=1803.jp&i=d,2026-03-26T08:35:00+00:00
1803,1803.T,1803.jp,2017-11-07,1256.65,1266.68,1248.46,1265.77,2400255,https://stooq.com/q/d/l/?s=1803.jp&i=d,2026-03-26T08:35:00+00:00
1803,1803.T,1803.jp,2017-11-08,1257.55,1263.94,1150.94,1160.97,11026706,https://stooq.com/q/d/l/?s=1803.jp&i=d,2026-03-26T08:35:00+00:00
1803,1803.T,1803.jp,2017-11-09,1208.36,1261.20,1206.54,1224.75,12143708,https://stooq.com/q/d/l/?s=1803.jp&i=d,2026-03-26T08:35:00+00:00
1803,1803.T,1803.jp,2017-11-10,1201.97,1209.28,1171.90,1172.81,7504290,https://stooq.com/q/d/l/?s=1803.jp&i=d,2026-03-26T08:35:00+00:00
1803,1803.T,1803.jp,2017-11-13,1179.21,1180.11,1156.41,1156.41,3042538,https://stooq.com/q/d/l/?s=1803.jp&i=d,2026-03-26T08:35:00+00:00
1803,1803.T,1803.jp,2017-11-14,1143.66,1165.53,1140.00,1156.41,2943227,https://stooq.com/q/d/l/?s=1803.jp&i=d,2026-03-26T08:35:00+00:00
1803,1803.T,1803.jp,2017-11-15,1142.74,1147.29,1110.85,1112.67,4912437,https://stooq.com/q/d/l/?s=1803.jp&i=d,2026-03-26T08:35:00+00:00
1803,1803.T,1803.jp,2017-11-16,1112.67,1127.25,1105.40,1121.78,3068876,https://stooq.com/q/d/l/?s=1803.jp&i=d,2026-03-26T08:35:00+00:00
1803,1803.T,1803.jp,2017-11-17,1140.00,1148.21,1126.35,1136.36,3724437,https://stooq.com/q/d/l/?s=1803.jp&i=d,2026-03-26T08:35:00+00:00
1803,1803.T,1803.jp,2017-11-20,1124.52,1140.93,1123.61,1137.27,2157079,https://stooq.com/q/d/l/?s=1803.jp&i=d,2026-03-26T08:35:00+00:00
1803,1803.T,1803.jp,2017-11-21,1146.39,1147.29,1133.64,1136.36,1930912,https://stooq.com/q/d/l/?s=1803.jp&i=d,2026-03-26T08:35:00+00:00
1803,1803.T,1803.jp,2017-11-22,1140.00,1149.13,1134.53,1140.00,1544314,https://stooq.com/q/d/l/?s=1803.jp&i=d,2026-03-26T08:35:00+00:00
1803,1803.T,1803.jp,2017-11-24,1126.35,1134.53,1123.61,1128.15,1784196,https://stooq.com/q/d/l/?s=1803.jp&i=d,2026-03-26T08:35:00+00:00
1803,1803.T,1803.jp,2017-11-27,1131.82,1132.72,1109.03,1117.23,1857610,https://stooq.com/q/d/l/?s=1803.jp&i=d,2026-03-26T08:35:00+00:00
1803,1803.T,1803.jp,2017-11-28,1109.03,1128.15,1108.13,1120.87,2903941,https://stooq.com/q/d/l/?s=1803.jp&i=d,2026-03-26T08:35:00+00:00
1803,1803.T,1803.jp,2017-11-29,1127.25,1132.72,1122.71,1130.90,1904467,https://stooq.com/q/d/l/?s=1803.jp&i=d,2026-03-26T08:35:00+00:00
1803,1803.T,1803.jp,2017-11-30,1132.72,1137.27,1119.96,1136.36,5177121,https://stooq.com/q/d/l/?s=1803.jp&i=d,2026-03-26T08:35:00+00:00
1803,1803.T,1803.jp,2017-12-01,1146.39,1146.39,1124.52,1132.72,2384013,https://stooq.com/q/d/l/?s=1803.jp&i=d,2026-03-26T08:35:00+00:00
1803,1803.T,1803.jp,2017-12-04,1131.82,1132.72,1119.96,1121.78,2244649,https://stooq.com/q/d/l/?s=1803.jp&i=d,2026-03-26T08:35:00+00:00
1803,1803.T,1803.jp,2017-12-05,1112.67,1137.27,1108.13,1135.45,2455999,https://stooq.com/q/d/l/?s=1803.jp&i=d,2026-03-26T08:35:00+00:00
1803,1803.T,1803.jp,2017-12-06,1129.07,1138.19,1119.06,1126.35,3137460,https://stooq.com/q/d/l/?s=1803.jp&i=d,2026-03-26T08:35:00+00:00
1803,1803.T,1803.jp,2017-12-07,1122.71,1150.94,1120.87,1147.29,3487409,https://stooq.com/q/d/l/?s=1803.jp&i=d,2026-03-26T08:35:00+00:00
1803,1803.T,1803.jp,2017-12-08,1147.29,1158.24,1140.93,1155.50,3682299,https://stooq.com/q/d/l/?s=1803.jp&i=d,2026-03-26T08:35:00+00:00
1803,1803.T,1803.jp,2017-12-11,1146.39,1147.29,1116.32,1127.25,4202225,https://stooq.com/q/d/l/?s=1803.jp&i=d,2026-03-26T08:35:00+00:00
1803,1803.T,1803.jp,2017-12-12,1129.07,1143.66,1126.35,1140.93,2462254,https://stooq.com/q/d/l/?s=1803.jp&i=d,2026-03-26T08:35:00+00:00
1803,1803.T,1803.jp,2017-12-13,1140.00,1140.93,1125.43,1130.90,2667351,https://stooq.com/q/d/l/?s=1803.jp&i=d,2026-03-26T08:35:00+00:00
1803,1803.T,1803.jp,2017-12-14,1134.53,1141.84,1133.64,1139.10,1666559,https://stooq.com/q/d/l/?s=1803.jp&i=d,2026-03-26T08:35:00+00:00
1803,1803.T,1803.jp,2017-12-15,1137.27,1139.10,1113.60,1122.71,3003801,https://stooq.com/q/d/l/?s=1803.jp&i=d,2026-03-26T08:35:00+00:00
1803,1803.T,1803.jp,2017-12-18,1120.87,1123.61,1080.77,1095.36,6449402,https://stooq.com/q/d/l/?s=1803.jp&i=d,2026-03-26T08:35:00+00:00
1803,1803.T,1803.jp,2017-12-19,1088.97,1088.97,1054.36,1065.29,6506902,https://stooq.com/q/d/l/?s=1803.jp&i=d,2026-03-26T08:35:00+00:00
1803,1803.T,1803.jp,2017-12-20,1061.63,1063.45,1037.95,1056.17,6220710,https://stooq.com/q/d/l/?s=1803.jp&i=d,2026-03-26T08:35:00+00:00
1803,1803.T,1803.jp,2017-12-21,1053.43,1073.49,1050.69,1070.75,4932191,https://stooq.com/q/d/l/?s=1803.jp&i=d,2026-03-26T08:35:00+00:00
1803,1803.T,1803.jp,2017-12-22,1069.84,1069.84,1058.90,1065.29,2145776,https://stooq.com/q/d/l/?s=1803.jp&i=d,2026-03-26T08:35:00+00:00
1803,1803.T,1803.jp,2017-12-25,1072.58,1073.49,1058.90,1058.90,2974721,https://stooq.com/q/d/l/?s=1803.jp&i=d,2026-03-26T08:35:00+00:00
1803,1803.T,1803.jp,2017-12-26,1059.82,1066.19,1059.82,1063.45,1540691,https://stooq.com/q/d/l/?s=1803.jp&i=d,2026-03-26T08:35:00+00:00
1803,1803.T,1803.jp,2017-12-27,1066.19,1073.49,1061.63,1072.58,1569003,https://stooq.com/q/d/l/?s=1803.jp&i=d,2026-03-26T08:35:00+00:00
1803,1803.T,1803.jp,2017-12-28,1072.58,1072.58,1057.99,1060.71,1673363,https://stooq.com/q/d/l/?s=1803.jp&i=d,2026-03-26T08:35:00+00:00
1803,1803.T,1803.jp,2017-12-29,1064.36,1066.19,1056.17,1060.71,1224872,https://stooq.com/q/d/l/?s=1803.jp&i=d,2026-03-26T08:35:00+00:00
1803,1803.T,1803.jp,2018-01-04,1069.84,1084.43,1065.29,1083.50,3860619,https://stooq.com/q/d/l/?s=1803.jp&i=d,2026-03-26T08:35:00+00:00
1803,1803.T,1803.jp,2018-01-05,1086.23,1088.07,1076.22,1084.43,2929509,https://stooq.com/q/d/l/?s=1803.jp&i=d,2026-03-26T08:35:00+00:00
1803,1803.T,1803.jp,2018-01-09,1098.99,1102.65,1086.23,1088.97,2860815,https://stooq.com/q/d/l/?s=1803.jp&i=d,2026-03-26T08:35:00+00:00
1803,1803.T,1803.jp,2018-01-10,1087.17,1093.52,1080.77,1090.81,2829760,https://stooq.com/q/d/l/?s=1803.jp&i=d,2026-03-26T08:35:00+00:00
1803,1803.T,1803.jp,2018-01-11,1088.97,1089.89,1074.40,1079.87,2566725,https://stooq.com/q/d/l/?s=1803.jp&i=d,2026-03-26T08:35:00+00:00
1803,1803.T,1803.jp,2018-01-12,1078.05,1078.95,1063.45,1067.10,2358115,https://stooq.com/q/d/l/?s=1803.jp&i=d,2026-03-26T08:35:00+00:00
1803,1803.T,1803.jp,2018-01-15,1066.19,1070.75,1058.90,1060.71,2098480,https://stooq.com/q/d/l/?s=1803.jp&i=d,2026-03-26T08:35:00+00:00
1803,1803.T,1803.jp,2018-01-16,1062.55,1065.29,1056.17,1061.63,2458633,https://stooq.com/q/d/l/?s=1803.jp&i=d,2026-03-26T08:35:00+00:00
1803,1803.T,1803.jp,2018-01-17,1064.36,1078.05,1060.71,1060.71,3249173,https://stooq.com/q/d/l/?s=1803.jp&i=d,2026-03-26T08:35:00+00:00
1803,1803.T,1803.jp,2018-01-18,1078.95,1079.87,1068.94,1070.75,3645866,https://stooq.com/q/d/l/?s=1803.jp&i=d,2026-03-26T08:35:00+00:00
1803,1803.T,1803.jp,2018-01-19,1075.31,1091.71,1073.49,1088.97,3009397,https://stooq.com/q/d/l/?s=1803.jp&i=d,2026-03-26T08:35:00+00:00
1803,1803.T,1803.jp,2018-01-22,1088.97,1090.81,1077.13,1082.60,2038783,https://stooq.com/q/d/l/?s=1803.jp&i=d,2026-03-26T08:35:00+00:00
1803,1803.T,1803.jp,2018-01-23,1088.07,1090.81,1071.67,1073.49,3332132,https://stooq.com/q/d/l/?s=1803.jp&i=d,2026-03-26T08:35:00+00:00
1803,1803.T,1803.jp,2018-01-24,1072.58,1087.17,1070.75,1080.77,2306429,https://stooq.com/q/d/l/?s=1803.jp&i=d,2026-03-26T08:35:00+00:00
1803,1803.T,1803.jp,2018-01-25,1078.05,1078.05,1067.10,1067.10,2075874,https://stooq.com/q/d/l/?s=1803.jp&i=d,2026-03-26T08:35:00+00:00
1803,1803.T,1803.jp,2018-01-26,1066.19,1067.10,1059.82,1062.55,2382258,https://stooq.com/q/d/l/?s=1803.jp&i=d,2026-03-26T08:35:00+00:00
1803,1803.T,1803.jp,2018-01-29,1057.09,1068.01,1056.17,1060.71,2030773,https://stooq.com/q/d/l/?s=1803.jp&i=d,2026-03-26T08:35:00+00:00
1803,1803.T,1803.jp,2018-01-30,1055.26,1057.09,1038.87,1040.69,4005910,https://stooq.com/q/d/l/?s=1803.jp&i=d,2026-03-26T08:35:00+00:00
1803,1803.T,1803.jp,2018-01-31,1033.38,1037.95,1017.89,1017.89,3979463,https://stooq.com/q/d/l/?s=1803.jp&i=d,2026-03-26T08:35:00+00:00
1803,1803.T,1803.jp,2018-02-01,1016.08,1029.74,1006.05,1027.92,2865973,https://stooq.com/q/d/l/?s=1803.jp&i=d,2026-03-26T08:35:00+00:00
1803,1803.T,1803.jp,2018-02-02,1020.62,1028.83,1018.82,1023.35,2491225,https://stooq.com/q/d/l/?s=1803.jp&i=d,2026-03-26T08:35:00+00:00
1803,1803.T,1803.jp,2018-02-05,1004.23,1011.54,998.75,1001.50,3029699,https://stooq.com/q/d/l/?s=1803.jp&i=d,2026-03-26T08:35:00+00:00
1803,1803.T,1803.jp,2018-02-06,953.19,961.40,925.85,946.82,5695734,https://stooq.com/q/d/l/?s=1803.jp&i=d,2026-03-26T08:35:00+00:00
1803,1803.T,1803.jp,2018-02-07,974.16,979.63,932.25,935.88,4873044,https://stooq.com/q/d/l/?s=1803.jp&i=d,2026-03-26T08:35:00+00:00
1803,1803.T,1803.jp,2018-02-08,937.72,982.35,882.11,924.94,8515618,https://stooq.com/q/d/l/?s=1803.jp&i=d,2026-03-26T08:35:00+00:00
1803,1803.T,1803.jp,2018-02-09,887.58,905.81,886.67,903.98,5098661,https://stooq.com/q/d/l/?s=1803.jp&i=d,2026-03-26T08:35:00+00:00
1803,1803.T,1803.jp,2018-02-13,910.36,911.29,881.22,883.94,4139348,https://stooq.com/q/d/l/?s=1803.jp&i=d,2026-03-26T08:35:00+00:00
1803,1803.T,1803.jp,2018-02-14,883.03,887.58,867.53,877.56,4724022,https://stooq.com/q/d/l/?s=1803.jp&i=d,2026-03-26T08:35:00+00:00
1803,1803.T,1803.jp,2018-02-15,880.30,884.84,869.37,871.17,4107854,https://stooq.com/q/d/l/?s=1803.jp&i=d,2026-03-26T08:35:00+00:00
1803,1803.T,1803.jp,2018-02-16,874.82,901.26,873.01,897.61,3917792,https://stooq.com/q/d/l/?s=1803.jp&i=d,2026-03-26T08:35:00+00:00
1803,1803.T,1803.jp,2018-02-19,907.64,924.94,903.98,922.21,2642001,https://stooq.com/q/d/l/?s=1803.jp&i=d,2026-03-26T08:35:00+00:00
1803,1803.T,1803.jp,2018-02-20,919.48,924.04,911.29,923.12,2454793,https://stooq.com/q/d/l/?s=1803.jp&i=d,2026-03-26T08:35:00+00:00
1803,1803.T,1803.jp,2018-02-21,924.94,939.54,919.48,924.94,2877275,https://stooq.com/q/d/l/?s=1803.jp&i=d,2026-03-26T08:35:00+00:00
1803,1803.T,1803.jp,2018-02-22,915.84,918.57,907.64,914.92,3179160,https://stooq.com/q/d/l/?s=1803.jp&i=d,2026-03-26T08:35:00+00:00
1803,1803.T,1803.jp,2018-02-23,920.39,924.94,914.92,924.04,1589415,https://stooq.com/q/d/l/?s=1803.jp&i=d,2026-03-26T08:35:00+00:00
1803,1803.T,1803.jp,2018-02-26,930.41,934.98,922.21,928.60,1688068,https://stooq.com/q/d/l/?s=1803.jp&i=d,2026-03-26T08:35:00+00:00
1803,1803.T,1803.jp,2018-02-27,938.63,939.54,922.21,926.77,2226982,https://stooq.com/q/d/l/?s=1803.jp&i=d,2026-03-26T08:35:00+00:00
1803,1803.T,1803.jp,2018-02-28,920.39,927.67,909.45,909.45,2905916,https://stooq.com/q/d/l/?s=1803.jp&i=d,2026-03-26T08:35:00+00:00
1803,1803.T,1803.jp,2018-03-01,903.08,904.90,884.84,887.58,3395448,https://stooq.com/q/d/l/?s=1803.jp&i=d,2026-03-26T08:35:00+00:00
1803,1803.T,1803.jp,2018-03-02,873.91,878.48,865.71,868.45,3362308,https://stooq.com/q/d/l/?s=1803.jp&i=d,2026-03-26T08:35:00+00:00
1803,1803.T,1803.jp,2018-03-05,860.25,872.11,857.51,871.17,3256304,https://stooq.com/q/d/l/?s=1803.jp&i=d,2026-03-26T08:35:00+00:00
1803,1803.T,1803.jp,2018-03-06,882.11,892.13,878.48,879.38,2350543,https://stooq.com/q/d/l/?s=1803.jp&i=d,2026-03-26T08:35:00+00:00
1803,1803.T,1803.jp,2018-03-07,877.56,883.03,871.17,872.11,3090274,https://stooq.com/q/d/l/?s=1803.jp&i=d,2026-03-26T08:35:00+00:00
1803,1803.T,1803.jp,2018-03-08,883.94,888.50,873.91,876.64,2209971,https://stooq.com/q/d/l/?s=1803.jp&i=d,2026-03-26T08:35:00+00:00
1803,1803.T,1803.jp,2018-03-09,890.32,914.92,889.40,895.78,4750468,https://stooq.com/q/d/l/?s=1803.jp&i=d,2026-03-26T08:35:00+00:00
1803,1803.T,1803.jp,2018-03-12,909.45,914.92,901.26,904.90,2576708,https://stooq.com/q/d/l/?s=1803.jp&i=d,2026-03-26T08:35:00+00:00
1803,1803.T,1803.jp,2018-03-13,899.44,900.34,888.50,900.34,2294357,https://stooq.com/q/d/l/?s=1803.jp&i=d,2026-03-26T08:35:00+00:00
1803,1803.T,1803.jp,2018-03-14,893.97,896.69,881.22,881.22,2350543,https://stooq.com/q/d/l/?s=1803.jp&i=d,2026-03-26T08:35:00+00:00
1803,1803.T,1803.jp,2018-03-15,875.74,877.56,865.71,873.91,2892638,https://stooq.com/q/d/l/?s=1803.jp&i=d,2026-03-26T08:35:00+00:00
1803,1803.T,1803.jp,2018-03-16,874.82,885.76,871.17,881.22,3995594,https://stooq.com/q/d/l/?s=1803.jp&i=d,2026-03-26T08:35:00+00:00
1803,1803.T,1803.jp,2018-03-19,880.30,892.13,874.82,875.74,3217017,https://stooq.com/q/d/l/?s=1803.jp&i=d,2026-03-26T08:35:00+00:00
1803,1803.T,1803.jp,2018-03-20,865.71,866.62,852.96,866.62,2919632,https://stooq.com/q/d/l/?s=1803.jp&i=d,2026-03-26T08:35:00+00:00
1803,1803.T,1803.jp,2018-03-22,860.25,862.07,849.30,860.25,3837026,https://stooq.com/q/d/l/?s=1803.jp&i=d,2026-03-26T08:35:00+00:00
1803,1803.T,1803.jp,2018-03-23,842.02,843.85,828.35,834.74,5693100,https://stooq.com/q/d/l/?s=1803.jp&i=d,2026-03-26T08:35:00+00:00
1803,1803.T,1803.jp,2018-03-26,823.79,825.63,815.60,825.63,4386254,https://stooq.com/q/d/l/?s=1803.jp&i=d,2026-03-26T08:35:00+00:00
1803,1803.T,1803.jp,2018-03-27,829.25,855.70,823.79,855.70,3898479,https://stooq.com/q/d/l/?s=1803.jp&i=d,2026-03-26T08:35:00+00:00
1803,1803.T,1803.jp,2018-03-28,839.16,852.94,834.57,852.94,3491362,https://stooq.com/q/d/l/?s=1803.jp&i=d,2026-03-26T08:35:00+00:00
1803,1803.T,1803.jp,2018-03-29,863.03,868.54,849.25,860.29,2317010,https://stooq.com/q/d/l/?s=1803.jp&i=d,2026-03-26T08:35:00+00:00
1803,1803.T,1803.jp,2018-03-30,871.30,877.74,865.76,873.14,2658358,https://stooq.com/q/d/l/?s=1803.jp&i=d,2026-03-26T08:35:00+00:00
1803,1803.T,1803.jp,2018-04-02,874.04,876.81,863.95,863.95,1640412,https://stooq.com/q/d/l/?s=1803.jp&i=d,2026-03-26T08:35:00+00:00
1803,1803.T,1803.jp,2018-04-03,857.52,868.54,854.78,863.95,2158098,https://stooq.com/q/d/l/?s=1803.jp&i=d,2026-03-26T08:35:00+00:00
1803,1803.T,1803.jp,2018-04-04,866.70,874.97,857.52,872.22,1807164,https://stooq.com/q/d/l/?s=1803.jp&i=d,2026-03-26T08:35:00+00:00
1803,1803.T,1803.jp,2018-04-05,879.57,884.15,869.47,879.57,2244578,https://stooq.com/q/d/l/?s=1803.jp&i=d,2026-03-26T08:35:00+00:00
1803,1803.T,1803.jp,2018-04-06,886.00,893.33,882.31,886.00,3779123,https://stooq.com/q/d/l/?s=1803.jp&i=d,2026-03-26T08:35:00+00:00
1803,1803.T,1803.jp,2018-04-09,885.08,897.01,881.40,883.24,2845262,https://stooq.com/q/d/l/?s=1803.jp&i=d,2026-03-26T08:35:00+00:00
1803,1803.T,1803.jp,2018-04-10,874.97,893.33,873.14,889.67,2070854,https://stooq.com/q/d/l/?s=1803.jp&i=d,2026-03-26T08:35:00+00:00
1803,1803.T,1803.jp,2018-04-11,890.58,891.50,877.74,881.40,2093946,https://stooq.com/q/d/l/?s=1803.jp&i=d,2026-03-26T08:35:00+00:00
1803,1803.T,1803.jp,2018-04-12,885.08,885.08,877.74,879.57,1961502,https://stooq.com/q/d/l/?s=1803.jp&i=d,2026-03-26T08:35:00+00:00
1803,1803.T,1803.jp,2018-04-13,884.15,895.17,880.49,892.41,2169754,https://stooq.com/q/d/l/?s=1803.jp&i=d,2026-03-26T08:35:00+00:00
1803,1803.T,1803.jp,2018-04-16,892.41,898.83,888.75,893.33,1291875,https://stooq.com/q/d/l/?s=1803.jp&i=d,2026-03-26T08:35:00+00:00
1803,1803.T,1803.jp,2018-04-17,889.67,890.58,878.65,887.84,1760330,https://stooq.com/q/d/l/?s=1803.jp&i=d,2026-03-26T08:35:00+00:00
1803,1803.T,1803.jp,2018-04-18,883.24,909.86,883.24,908.02,2498794,https://stooq.com/q/d/l/?s=1803.jp&i=d,2026-03-26T08:35:00+00:00
1803,1803.T,1803.jp,2018-04-19,916.29,924.55,914.45,921.79,2515350,https://stooq.com/q/d/l/?s=1803.jp&i=d,2026-03-26T08:35:00+00:00
1803,1803.T,1803.jp,2018-04-20,919.97,922.72,909.86,917.21,1923816,https://stooq.com/q/d/l/?s=1803.jp&i=d,2026-03-26T08:35:00+00:00
1803,1803.T,1803.jp,2018-04-23,922.72,922.72,908.93,912.61,1787342,https://stooq.com/q/d/l/?s=1803.jp&i=d,2026-03-26T08:35:00+00:00
1803,1803.T,1803.jp,2018-04-24,923.62,930.98,913.52,930.05,2411769,https://stooq.com/q/d/l/?s=1803.jp&i=d,2026-03-26T08:35:00+00:00
1803,1803.T,1803.jp,2018-04-25,923.62,963.11,916.29,948.41,5901171,https://stooq.com/q/d/l/?s=1803.jp&i=d,2026-03-26T08:35:00+00:00
1803,1803.T,1803.jp,2018-04-26,959.44,980.56,953.01,977.81,4710043,https://stooq.com/q/d/l/?s=1803.jp&i=d,2026-03-26T08:35:00+00:00
1803,1803.T,1803.jp,2018-04-27,986.97,995.24,985.15,995.24,3031293,https://stooq.com/q/d/l/?s=1803.jp&i=d,2026-03-26T08:35:00+00:00
1803,1803.T,1803.jp,2018-05-01,991.58,993.41,975.06,977.81,2838618,https://stooq.com/q/d/l/?s=1803.jp&i=d,2026-03-26T08:35:00+00:00
1803,1803.T,1803.jp,2018-05-02,980.56,989.74,973.22,975.98,2044389,https://stooq.com/q/d/l/?s=1803.jp&i=d,2026-03-26T08:35:00+00:00
1803,1803.T,1803.jp,2018-05-07,971.37,978.71,953.01,961.27,3340293,https://stooq.com/q/d/l/?s=1803.jp&i=d,2026-03-26T08:35:00+00:00
1803,1803.T,1803.jp,2018-05-08,962.19,981.47,962.19,966.79,2979339,https://stooq.com/q/d/l/?s=1803.jp&i=d,2026-03-26T08:35:00+00:00
1803,1803.T,1803.jp,2018-05-09,964.04,965.87,947.51,950.27,2242836,https://stooq.com/q/d/l/?s=1803.jp&i=d,2026-03-26T08:35:00+00:00
1803,1803.T,1803.jp,2018-05-10,945.67,995.24,938.32,993.41,6035794,https://stooq.com/q/d/l/?s=1803.jp&i=d,2026-03-26T08:35:00+00:00
1803,1803.T,1803.jp,2018-05-11,1003.49,1020.03,1000.77,1015.44,5945716,https://stooq.com/q/d/l/?s=1803.jp&i=d,2026-03-26T08:35:00+00:00
1803,1803.T,1803.jp,2018-05-14,1022.80,1040.22,1021.86,1037.48,5019261,https://stooq.com/q/d/l/?s=1803.jp&i=d,2026-03-26T08:35:00+00:00
1803,1803.T,1803.jp,2018-05-15,1032.89,1042.99,1025.56,1033.81,3860376,https://stooq.com/q/d/l/?s=1803.jp&i=d,2026-03-26T08:35:00+00:00
1803,1803.T,1803.jp,2018-05-16,1021.86,1023.70,1009.95,1013.60,2672735,https://stooq.com/q/d/l/?s=1803.jp&i=d,2026-03-26T08:35:00+00:00
1803,1803.T,1803.jp,2018-05-17,1017.29,1019.11,1001.68,1014.53,2668379,https://stooq.com/q/d/l/?s=1803.jp&i=d,2026-03-26T08:35:00+00:00
1803,1803.T,1803.jp,2018-05-18,1017.29,1021.86,1007.18,1019.11,2119323,https://stooq.com/q/d/l/?s=1803.jp&i=d,2026-03-26T08:35:00+00:00
1803,1803.T,1803.jp,2018-05-21,1016.36,1024.62,1009.95,1018.21,1490105,https://stooq.com/q/d/l/?s=1803.jp&i=d,2026-03-26T08:35:00+00:00
1803,1803.T,1803.jp,2018-05-22,1016.36,1018.21,1009.95,1015.44,1353740,https://stooq.com/q/d/l/?s=1803.jp&i=d,2026-03-26T08:35:00+00:00
1803,1803.T,1803.jp,2018-05-23,1009.02,1014.53,998.01,1009.02,3078563,https://stooq.com/q/d/l/?s=1803.jp&i=d,2026-03-26T08:35:00+00:00
1803,1803.T,1803.jp,2018-05-24,1009.95,1013.60,994.32,998.01,2226499,https://stooq.com/q/d/l/?s=1803.jp&i=d,2026-03-26T08:35:00+00:00
1803,1803.T,1803.jp,2018-05-25,994.32,1005.35,991.58,996.15,2307860,https://stooq.com/q/d/l/?s=1803.jp&i=d,2026-03-26T08:35:00+00:00
1803,1803.T,1803.jp,2018-05-28,998.91,1009.95,997.08,1001.68,2077173,https://stooq.com/q/d/l/?s=1803.jp&i=d,2026-03-26T08:35:00+00:00
1803,1803.T,1803.jp,2018-05-29,998.01,1000.77,988.82,996.15,1680820,https://stooq.com/q/d/l/?s=1803.jp&i=d,2026-03-26T08:35:00+00:00
1803,1803.T,1803.jp,2018-05-30,976.89,986.06,974.13,975.98,2107234,https://stooq.com/q/d/l/?s=1803.jp&i=d,2026-03-26T08:35:00+00:00
1803,1803.T,1803.jp,2018-05-31,983.32,986.06,968.62,977.81,6817932,https://stooq.com/q/d/l/?s=1803.jp&i=d,2026-03-26T08:35:00+00:00
1803,1803.T,1803.jp,2018-06-01,1005.35,1017.29,991.58,1005.35,3729130,https://stooq.com/q/d/l/?s=1803.jp&i=d,2026-03-26T08:35:00+00:00
1803,1803.T,1803.jp,2018-06-04,1020.03,1027.37,1017.29,1022.80,1911834,https://stooq.com/q/d/l/?s=1803.jp&i=d,2026-03-26T08:35:00+00:00
1803,1803.T,1803.jp,2018-06-05,1031.05,1034.74,1008.10,1009.02,2002128,https://stooq.com/q/d/l/?s=1803.jp&i=d,2026-03-26T08:35:00+00:00
1803,1803.T,1803.jp,2018-06-06,1018.21,1034.74,1018.21,1033.81,2541598,https://stooq.com/q/d/l/?s=1803.jp&i=d,2026-03-26T08:35:00+00:00
1803,1803.T,1803.jp,2018-06-07,1041.14,1043.89,1036.56,1036.56,3348680,https://stooq.com/q/d/l/?s=1803.jp&i=d,2026-03-26T08:35:00+00:00
1803,1803.T,1803.jp,2018-06-08,1027.37,1039.31,1024.62,1024.62,2935772,https://stooq.com/q/d/l/?s=1803.jp&i=d,2026-03-26T08:35:00+00:00
1803,1803.T,1803.jp,2018-06-11,1020.03,1037.48,1015.44,1034.74,1976642,https://stooq.com/q/d/l/?s=1803.jp&i=d,2026-03-26T08:35:00+00:00
1803,1803.T,1803.jp,2018-06-12,1039.31,1040.22,1021.86,1028.31,2138167,https://stooq.com/q/d/l/?s=1803.jp&i=d,2026-03-26T08:35:00+00:00
1803,1803.T,1803.jp,2018-06-13,1022.80,1035.64,1020.95,1032.89,1506552,https://stooq.com/q/d/l/?s=1803.jp&i=d,2026-03-26T08:35:00+00:00
1803,1803.T,1803.jp,2018-06-14,1029.21,1031.05,1021.86,1022.80,1804222,https://stooq.com/q/d/l/?s=1803.jp&i=d,2026-03-26T08:35:00+00:00
1803,1803.T,1803.jp,2018-06-15,1031.05,1036.56,1015.44,1018.21,2664785,https://stooq.com/q/d/l/?s=1803.jp&i=d,2026-03-26T08:35:00+00:00
1803,1803.T,1803.jp,2018-06-18,1020.03,1025.56,1008.10,1017.29,1571467,https://stooq.com/q/d/l/?s=1803.jp&i=d,2026-03-26T08:35:00+00:00
1803,1803.T,1803.jp,2018-06-19,1016.36,1040.22,1014.53,1037.48,5089950,https://stooq.com/q/d/l/?s=1803.jp&i=d,2026-03-26T08:35:00+00:00
1803,1803.T,1803.jp,2018-06-20,1023.70,1031.97,1012.68,1028.31,3752438,https://stooq.com/q/d/l/?s=1803.jp&i=d,2026-03-26T08:35:00+00:00
1803,1803.T,1803.jp,2018-06-21,1031.05,1034.74,1022.80,1027.37,2420808,https://stooq.com/q/d/l/?s=1803.jp&i=d,2026-03-26T08:35:00+00:00
1803,1803.T,1803.jp,2018-06-22,1015.44,1026.47,1009.95,1013.60,1786580,https://stooq.com/q/d/l/?s=1803.jp&i=d,2026-03-26T08:35:00+00:00
1803,1803.T,1803.jp,2018-06-25,1023.70,1033.81,1012.68,1015.44,1919786,https://stooq.com/q/d/l/?s=1803.jp&i=d,2026-03-26T08:35:00+00:00
1803,1803.T,1803.jp,2018-06-26,1005.35,1032.89,996.15,1031.05,2295443,https://stooq.com/q/d/l/?s=1803.jp&i=d,2026-03-26T08:35:00+00:00
1803,1803.T,1803.jp,2018-06-27,1029.21,1054.91,1020.95,1049.40,3833147,https://stooq.com/q/d/l/?s=1803.jp&i=d,2026-03-26T08:35:00+00:00
1803,1803.T,1803.jp,2018-06-28,1046.65,1055.86,1036.56,1041.14,2755186,https://stooq.com/q/d/l/?s=1803.jp&i=d,2026-03-26T08:35:00+00:00
1803,1803.T,1803.jp,2018-06-29,1042.99,1059.53,1040.22,1054.91,3069632,https://stooq.com/q/d/l/?s=1803.jp&i=d,2026-03-26T08:35:00+00:00
1803,1803.T,1803.jp,2018-07-02,1048.49,1050.34,1007.18,1008.10,2994589,https://stooq.com/q/d/l/?s=1803.jp&i=d,2026-03-26T08:35:00+00:00
1803,1803.T,1803.jp,2018-07-03,1013.60,1017.29,998.01,1008.10,2731769,https://stooq.com/q/d/l/?s=1803.jp&i=d,2026-03-26T08:35:00+00:00
1803,1803.T,1803.jp,2018-07-04,1005.35,1045.74,1005.35,1039.31,3255664,https://stooq.com/q/d/l/?s=1803.jp&i=d,2026-03-26T08:35:00+00:00
1803,1803.T,1803.jp,2018-07-05,1040.22,1044.82,1032.89,1035.64,2643981,https://stooq.com/q/d/l/?s=1803.jp&i=d,2026-03-26T08:35:00+00:00
1803,1803.T,1803.jp,2018-07-06,1038.40,1039.31,1020.95,1030.13,3127685,https://stooq.com/q/d/l/?s=1803.jp&i=d,2026-03-26T08:35:00+00:00
1803,1803.T,1803.jp,2018-07-09,1042.07,1065.95,1041.14,1060.43,2735362,https://stooq.com/q/d/l/?s=1803.jp&i=d,2026-03-26T08:35:00+00:00
1803,1803.T,1803.jp,2018-07-10,1074.20,1088.89,1073.28,1078.79,3855802,https://stooq.com/q/d/l/?s=1803.jp&i=d,2026-03-26T08:35:00+00:00
1803,1803.T,1803.jp,2018-07-11,1073.28,1088.89,1067.78,1085.22,3104704,https://stooq.com/q/d/l/?s=1803.jp&i=d,2026-03-26T08:35:00+00:00
1803,1803.T,1803.jp,2018-07-12,1090.73,1093.49,1073.28,1073.28,1781133,https://stooq.com/q/d/l/?s=1803.jp&i=d,2026-03-26T08:35:00+00:00
1803,1803.T,1803.jp,2018-07-13,1080.64,1081.54,1063.19,1071.45,2355458,https://stooq.com/q/d/l/?s=1803.jp&i=d,2026-03-26T08:35:00+00:00
1803,1803.T,1803.jp,2018-07-17,1071.45,1082.46,1070.53,1076.05,1820997,https://stooq.com/q/d/l/?s=1803.jp&i=d,2026-03-26T08:35:00+00:00
1803,1803.T,1803.jp,2018-07-18,1082.46,1090.73,1077.88,1078.79,2016722,https://stooq.com/q/d/l/?s=1803.jp&i=d,2026-03-26T08:35:00+00:00
1803,1803.T,1803.jp,2018-07-19,1082.46,1086.13,1074.20,1076.95,1545326,https://stooq.com/q/d/l/?s=1803.jp&i=d,2026-03-26T08:35:00+00:00
1803,1803.T,1803.jp,2018-07-20,1070.53,1073.28,1058.60,1068.69,1737022,https://stooq.com/q/d/l/?s=1803.jp&i=d,2026-03-26T08:35:00+00:00
1803,1803.T,1803.jp,2018-07-23,1059.53,1074.20,1050.34,1066.87,2412749,https://stooq.com/q/d/l/?s=1803.jp&i=d,2026-03-26T08:35:00+00:00
1803,1803.T,1803.jp,2018-07-24,1069.61,1076.05,1065.03,1071.45,1648145,https://stooq.com/q/d/l/?s=1803.jp&i=d,2026-03-26T08:35:00+00:00
1803,1803.T,1803.jp,2018-07-25,1075.13,1091.65,1066.87,1080.64,2544319,https://stooq.com/q/d/l/?s=1803.jp&i=d,2026-03-26T08:35:00+00:00
1803,1803.T,1803.jp,2018-07-26,1087.98,1101.74,1087.06,1095.32,1915320,https://stooq.com/q/d/l/?s=1803.jp&i=d,2026-03-26T08:35:00+00:00
1803,1803.T,1803.jp,2018-07-27,1092.57,1099.91,1089.81,1093.49,1645749,https://stooq.com/q/d/l/?s=1803.jp&i=d,2026-03-26T08:35:00+00:00
1803,1803.T,1803.jp,2018-07-30,1088.89,1091.65,1076.95,1080.64,1729289,https://stooq.com/q/d/l/?s=1803.jp&i=d,2026-03-26T08:35:00+00:00
1803,1803.T,1803.jp,2018-07-31,1084.31,1086.13,1067.78,1072.37,2363629,https://stooq.com/q/d/l/?s=1803.jp&i=d,2026-03-26T08:35:00+00:00
1803,1803.T,1803.jp,2018-08-01,1064.11,1066.87,1030.13,1042.99,4062855,https://stooq.com/q/d/l/?s=1803.jp&i=d,2026-03-26T08:35:00+00:00
1803,1803.T,1803.jp,2018-08-02,1041.14,1048.49,1028.31,1031.05,2387044,https://stooq.com/q/d/l/?s=1803.jp&i=d,2026-03-26T08:35:00+00:00
1803,1803.T,1803.jp,2018-08-03,1031.05,1031.05,1003.49,1009.02,2473743,https://stooq.com/q/d/l/?s=1803.jp&i=d,2026-03-26T08:35:00+00:00
1803,1803.T,1803.jp,2018-08-06,1006.26,1011.76,955.76,964.95,4214686,https://stooq.com/q/d/l/?s=1803.jp&i=d,2026-03-26T08:35:00+00:00
1803,1803.T,1803.jp,2018-08-07,970.46,993.41,961.27,993.41,4134196,https://stooq.com/q/d/l/?s=1803.jp&i=d,2026-03-26T08:35:00+00:00
1803,1803.T,1803.jp,2018-08-08,989.74,998.01,970.46,975.06,2470691,https://stooq.com/q/d/l/?s=1803.jp&i=d,2026-03-26T08:35:00+00:00
1803,1803.T,1803.jp,2018-08-09,964.04,975.06,908.93,930.98,6911274,https://stooq.com/q/d/l/?s=1803.jp&i=d,2026-03-26T08:35:00+00:00
1803,1803.T,1803.jp,2018-08-10,931.89,932.81,909.86,913.52,4139205,https://stooq.com/q/d/l/?s=1803.jp&i=d,2026-03-26T08:35:00+00:00
1803,1803.T,1803.jp,2018-08-13,900.67,908.02,895.17,898.83,2684063,https://stooq.com/q/d/l/?s=1803.jp&i=d,2026-03-26T08:35:00+00:00
1803,1803.T,1803.jp,2018-08-14,897.93,914.45,892.41,914.45,2759433,https://stooq.com/q/d/l/?s=1803.jp&i=d,2026-03-26T08:35:00+00:00
1803,1803.T,1803.jp,2018-08-15,914.45,915.38,891.50,897.01,2358724,https://stooq.com/q/d/l/?s=1803.jp&i=d,2026-03-26T08:35:00+00:00
1803,1803.T,1803.jp,2018-08-16,885.08,901.59,881.40,900.67,2107123,https://stooq.com/q/d/l/?s=1803.jp&i=d,2026-03-26T08:35:00+00:00
1803,1803.T,1803.jp,2018-08-17,900.67,902.52,889.67,900.67,1802807,https://stooq.com/q/d/l/?s=1803.jp&i=d,2026-03-26T08:35:00+00:00
1803,1803.T,1803.jp,2018-08-20,898.83,903.43,891.50,900.67,1498709,https://stooq.com/q/d/l/?s=1803.jp&i=d,2026-03-26T08:35:00+00:00
1803,1803.T,1803.jp,2018-08-21,895.17,903.43,888.75,897.93,2021841,https://stooq.com/q/d/l/?s=1803.jp&i=d,2026-03-26T08:35:00+00:00
1803,1803.T,1803.jp,2018-08-22,896.08,908.02,888.75,904.34,1904975,https://stooq.com/q/d/l/?s=1803.jp&i=d,2026-03-26T08:35:00+00:00
1803,1803.T,1803.jp,2018-08-23,904.34,906.19,894.26,898.83,2541055,https://stooq.com/q/d/l/?s=1803.jp&i=d,2026-03-26T08:35:00+00:00
1803,1803.T,1803.jp,2018-08-24,906.19,914.45,900.67,910.78,2054081,https://stooq.com/q/d/l/?s=1803.jp&i=d,2026-03-26T08:35:00+00:00
1803,1803.T,1803.jp,2018-08-27,916.29,917.21,909.86,914.45,1837553,https://stooq.com/q/d/l/?s=1803.jp&i=d,2026-03-26T08:35:00+00:00
1803,1803.T,1803.jp,2018-08-28,921.79,931.89,919.05,921.79,2185327,https://stooq.com/q/d/l/?s=1803.jp&i=d,2026-03-26T08:35:00+00:00
1803,1803.T,1803.jp,2018-08-29,914.45,919.05,907.10,908.02,3799273,https://stooq.com/q/d/l/?s=1803.jp&i=d,2026-03-26T08:35:00+00:00
1803,1803.T,1803.jp,2018-08-30,909.86,910.78,897.93,900.67,3103834,https://stooq.com/q/d/l/?s=1803.jp&i=d,2026-03-26T08:35:00+00:00
1803,1803.T,1803.jp,2018-08-31,896.08,900.67,892.41,892.41,2805289,https://stooq.com/q/d/l/?s=1803.jp&i=d,2026-03-26T08:35:00+00:00
1803,1803.T,1803.jp,2018-09-03,891.50,895.17,874.04,880.49,2240439,https://stooq.com/q/d/l/?s=1803.jp&i=d,2026-03-26T08:35:00+00:00
1803,1803.T,1803.jp,2018-09-04,878.65,886.00,870.39,877.74,3026718,https://stooq.com/q/d/l/?s=1803.jp&i=d,2026-03-26T08:35:00+00:00
1803,1803.T,1803.jp,2018-09-05,872.22,874.97,864.87,870.39,3484829,https://stooq.com/q/d/l/?s=1803.jp&i=d,2026-03-26T08:35:00+00:00
1803,1803.T,1803.jp,2018-09-06,863.95,879.57,857.52,867.62,3917121,https://stooq.com/q/d/l/?s=1803.jp&i=d,2026-03-26T08:35:00+00:00
1803,1803.T,1803.jp,2018-09-07,860.29,863.03,850.18,859.36,3698198,https://stooq.com/q/d/l/?s=1803.jp&i=d,2026-03-26T08:35:00+00:00
1803,1803.T,1803.jp,2018-09-10,846.51,862.12,841.92,857.52,2116057,https://stooq.com/q/d/l/?s=1803.jp&i=d,2026-03-26T08:35:00+00:00
1803,1803.T,1803.jp,2018-09-11,855.70,863.03,842.84,848.34,2535825,https://stooq.com/q/d/l/?s=1803.jp&i=d,2026-03-26T08:35:00+00:00
1803,1803.T,1803.jp,2018-09-12,848.34,854.78,841.92,849.25,1934709,https://stooq.com/q/d/l/?s=1803.jp&i=d,2026-03-26T08:35:00+00:00
1803,1803.T,1803.jp,2018-09-13,858.44,879.57,857.52,874.97,2774682,https://stooq.com/q/d/l/?s=1803.jp&i=d,2026-03-26T08:35:00+00:00
1803,1803.T,1803.jp,2018-09-14,885.08,894.26,874.97,889.67,4162623,https://stooq.com/q/d/l/?s=1803.jp&i=d,2026-03-26T08:35:00+00:00
1803,1803.T,1803.jp,2018-09-18,884.15,909.86,880.49,908.02,3526542,https://stooq.com/q/d/l/?s=1803.jp&i=d,2026-03-26T08:35:00+00:00
1803,1803.T,1803.jp,2018-09-19,918.12,922.72,908.02,919.05,3276140,https://stooq.com/q/d/l/?s=1803.jp&i=d,2026-03-26T08:35:00+00:00
1803,1803.T,1803.jp,2018-09-20,922.72,923.62,908.93,917.21,4398431,https://stooq.com/q/d/l/?s=1803.jp&i=d,2026-03-26T08:35:00+00:00
1803,1803.T,1803.jp,2018-09-21,927.30,948.41,925.47,944.75,4777683,https://stooq.com/q/d/l/?s=1803.jp&i=d,2026-03-26T08:35:00+00:00
1803,1803.T,1803.jp,2018-09-25,947.51,959.44,947.51,959.44,4562460,https://stooq.com/q/d/l/?s=1803.jp&i=d,2026-03-26T08:35:00+00:00
1803,1803.T,1803.jp,2018-09-26,959.44,960.36,940.95,960.36,3184523,https://stooq.com/q/d/l/?s=1803.jp&i=d,2026-03-26T08:35:00+00:00
1803,1803.T,1803.jp,2018-09-27,957.58,959.44,940.03,942.81,2324857,https://stooq.com/q/d/l/?s=1803.jp&i=d,2026-03-26T08:35:00+00:00
1803,1803.T,1803.jp,2018-09-28,956.66,969.60,951.12,958.51,3135728,https://stooq.com/q/d/l/?s=1803.jp&i=d,2026-03-26T08:35:00+00:00
1803,1803.T,1803.jp,2018-10-01,961.28,964.06,952.96,960.36,2071698,https://stooq.com/q/d/l/?s=1803.jp&i=d,2026-03-26T08:35:00+00:00
1803,1803.T,1803.jp,2018-10-02,933.56,945.58,928.01,934.48,4828010,https://stooq.com/q/d/l/?s=1803.jp&i=d,2026-03-26T08:35:00+00:00
1803,1803.T,1803.jp,2018-10-03,940.95,949.27,929.86,933.56,2388905,https://stooq.com/q/d/l/?s=1803.jp&i=d,2026-03-26T08:35:00+00:00
1803,1803.T,1803.jp,2018-10-04,942.81,943.72,931.70,937.25,2058390,https://stooq.com/q/d/l/?s=1803.jp&i=d,2026-03-26T08:35:00+00:00
1803,1803.T,1803.jp,2018-10-05,924.32,942.81,924.32,937.25,1912659,https://stooq.com/q/d/l/?s=1803.jp&i=d,2026-03-26T08:35:00+00:00
1803,1803.T,1803.jp,2018-10-09,929.86,940.95,925.24,934.48,2337191,https://stooq.com/q/d/l/?s=1803.jp&i=d,2026-03-26T08:35:00+00:00
1803,1803.T,1803.jp,2018-10-10,937.25,941.87,928.92,940.03,1761414,https://stooq.com/q/d/l/?s=1803.jp&i=d,2026-03-26T08:35:00+00:00
1803,1803.T,1803.jp,2018-10-11,912.30,924.32,902.14,911.38,3449692,https://stooq.com/q/d/l/?s=1803.jp&i=d,2026-03-26T08:35:00+00:00
1803,1803.T,1803.jp,2018-10-12,900.29,922.47,898.44,919.69,2695944,https://stooq.com/q/d/l/?s=1803.jp&i=d,2026-03-26T08:35:00+00:00
1803,1803.T,1803.jp,2018-10-15,912.30,912.30,893.82,897.51,2426231,https://stooq.com/q/d/l/?s=1803.jp&i=d,2026-03-26T08:35:00+00:00
1803,1803.T,1803.jp,2018-10-16,892.89,903.06,891.04,902.14,2673441,https://stooq.com/q/d/l/?s=1803.jp&i=d,2026-03-26T08:35:00+00:00
1803,1803.T,1803.jp,2018-10-17,913.22,924.32,910.45,918.78,2265787,https://stooq.com/q/d/l/?s=1803.jp&i=d,2026-03-26T08:35:00+00:00
1803,1803.T,1803.jp,2018-10-18,923.39,932.62,911.38,915.08,2043784,https://stooq.com/q/d/l/?s=1803.jp&i=d,2026-03-26T08:35:00+00:00
1803,1803.T,1803.jp,2018-10-19,901.21,919.69,900.29,916.00,2313930,https://stooq.com/q/d/l/?s=1803.jp&i=d,2026-03-26T08:35:00+00:00
1803,1803.T,1803.jp,2018-10-22,908.60,921.54,902.14,916.00,1510523,https://stooq.com/q/d/l/?s=1803.jp&i=d,2026-03-26T08:35:00+00:00
1803,1803.T,1803.jp,2018-10-23,903.06,904.90,875.33,875.33,2301598,https://stooq.com/q/d/l/?s=1803.jp&i=d,2026-03-26T08:35:00+00:00
1803,1803.T,1803.jp,2018-10-24,882.71,889.19,870.70,883.65,2775136,https://stooq.com/q/d/l/?s=1803.jp&i=d,2026-03-26T08:35:00+00:00
1803,1803.T,1803.jp,2018-10-25,855.91,856.83,837.44,841.12,3203564,https://stooq.com/q/d/l/?s=1803.jp&i=d,2026-03-26T08:35:00+00:00
1803,1803.T,1803.jp,2018-10-26,841.12,845.75,818.94,824.49,4682172,https://stooq.com/q/d/l/?s=1803.jp&i=d,2026-03-26T08:35:00+00:00
1803,1803.T,1803.jp,2018-10-29,829.12,845.75,827.28,837.44,2655373,https://stooq.com/q/d/l/?s=1803.jp&i=d,2026-03-26T08:35:00+00:00
1803,1803.T,1803.jp,2018-10-30,829.12,844.83,827.28,841.12,2896524,https://stooq.com/q/d/l/?s=1803.jp&i=d,2026-03-26T08:35:00+00:00
1803,1803.T,1803.jp,2018-10-31,840.20,848.52,834.66,846.67,2494929,https://stooq.com/q/d/l/?s=1803.jp&i=d,2026-03-26T08:35:00+00:00
1803,1803.T,1803.jp,2018-11-01,846.67,864.23,842.05,860.53,2659483,https://stooq.com/q/d/l/?s=1803.jp&i=d,2026-03-26T08:35:00+00:00
1803,1803.T,1803.jp,2018-11-02,865.15,878.10,858.69,872.54,2950403,https://stooq.com/q/d/l/?s=1803.jp&i=d,2026-03-26T08:35:00+00:00
1803,1803.T,1803.jp,2018-11-05,863.30,924.32,847.60,916.00,7154058,https://stooq.com/q/d/l/?s=1803.jp&i=d,2026-03-26T08:35:00+00:00
1803,1803.T,1803.jp,2018-11-06,907.67,907.67,877.17,877.17,3816343,https://stooq.com/q/d/l/?s=1803.jp&i=d,2026-03-26T08:35:00+00:00
1803,1803.T,1803.jp,2018-11-07,878.10,878.10,851.30,855.00,4355443,https://stooq.com/q/d/l/?s=1803.jp&i=d,2026-03-26T08:35:00+00:00
1803,1803.T,1803.jp,2018-11-08,866.08,870.70,848.52,850.37,3399600,https://stooq.com/q/d/l/?s=1803.jp&i=d,2026-03-26T08:35:00+00:00
1803,1803.T,1803.jp,2018-11-09,853.15,866.08,851.30,860.53,3000494,https://stooq.com/q/d/l/?s=1803.jp&i=d,2026-03-26T08:35:00+00:00
1803,1803.T,1803.jp,2018-11-12,850.37,872.54,845.75,866.08,2308414,https://stooq.com/q/d/l/?s=1803.jp&i=d,2026-03-26T08:35:00+00:00
1803,1803.T,1803.jp,2018-11-13,845.75,847.60,833.73,837.44,4029473,https://stooq.com/q/d/l/?s=1803.jp&i=d,2026-03-26T08:35:00+00:00
1803,1803.T,1803.jp,2018-11-14,837.44,844.83,833.73,841.12,2725372,https://stooq.com/q/d/l/?s=1803.jp&i=d,2026-03-26T08:35:00+00:00
1803,1803.T,1803.jp,2018-11-15,831.88,851.30,828.19,848.52,2595868,https://stooq.com/q/d/l/?s=1803.jp&i=d,2026-03-26T08:35:00+00:00
1803,1803.T,1803.jp,2018-11-16,847.60,855.91,842.05,846.67,1897188,https://stooq.com/q/d/l/?s=1803.jp&i=d,2026-03-26T08:35:00+00:00
1803,1803.T,1803.jp,2018-11-19,841.12,854.07,839.28,841.12,2138774,https://stooq.com/q/d/l/?s=1803.jp&i=d,2026-03-26T08:35:00+00:00
1803,1803.T,1803.jp,2018-11-20,832.79,859.62,832.79,857.75,2446894,https://stooq.com/q/d/l/?s=1803.jp&i=d,2026-03-26T08:35:00+00:00
1803,1803.T,1803.jp,2018-11-21,843.91,862.38,843.91,859.62,2881379,https://stooq.com/q/d/l/?s=1803.jp&i=d,2026-03-26T08:35:00+00:00
1803,1803.T,1803.jp,2018-11-22,866.08,879.02,861.46,877.17,1987527,https://stooq.com/q/d/l/?s=1803.jp&i=d,2026-03-26T08:35:00+00:00
1803,1803.T,1803.jp,2018-11-26,887.33,897.51,877.17,880.86,3029814,https://stooq.com/q/d/l/?s=1803.jp&i=d,2026-03-26T08:35:00+00:00
1803,1803.T,1803.jp,2018-11-27,883.65,887.33,877.17,882.71,1928782,https://stooq.com/q/d/l/?s=1803.jp&i=d,2026-03-26T08:35:00+00:00
1803,1803.T,1803.jp,2018-11-28,883.65,883.65,867.94,877.17,2321288,https://stooq.com/q/d/l/?s=1803.jp&i=d,2026-03-26T08:35:00+00:00
1803,1803.T,1803.jp,2018-11-29,883.65,890.11,877.17,885.48,1813776,https://stooq.com/q/d/l/?s=1803.jp&i=d,2026-03-26T08:35:00+00:00
1803,1803.T,1803.jp,2018-11-30,885.48,900.29,880.86,896.59,3341069,https://stooq.com/q/d/l/?s=1803.jp&i=d,2026-03-26T08:35:00+00:00
1803,1803.T,1803.jp,2018-12-03,903.98,903.98,891.97,894.74,2053954,https://stooq.com/q/d/l/?s=1803.jp&i=d,2026-03-26T08:35:00+00:00
1803,1803.T,1803.jp,2018-12-04,877.17,880.86,839.28,841.12,6009535,https://stooq.com/q/d/l/?s=1803.jp&i=d,2026-03-26T08:35:00+00:00
1803,1803.T,1803.jp,2018-12-05,840.20,862.38,839.28,860.53,3761380,https://stooq.com/q/d/l/?s=1803.jp&i=d,2026-03-26T08:35:00+00:00
1803,1803.T,1803.jp,2018-12-06,855.00,857.75,845.75,852.23,2295322,https://stooq.com/q/d/l/?s=1803.jp&i=d,2026-03-26T08:35:00+00:00
1803,1803.T,1803.jp,2018-12-07,852.23,854.07,833.73,837.44,2623998,https://stooq.com/q/d/l/?s=1803.jp&i=d,2026-03-26T08:35:00+00:00
1803,1803.T,1803.jp,2018-12-10,829.12,830.05,818.94,821.73,2417576,https://stooq.com/q/d/l/?s=1803.jp&i=d,2026-03-26T08:35:00+00:00
1803,1803.T,1803.jp,2018-12-11,824.49,827.28,811.55,819.87,3071898,https://stooq.com/q/d/l/?s=1803.jp&i=d,2026-03-26T08:35:00+00:00
1803,1803.T,1803.jp,2018-12-12,826.34,839.28,823.57,837.44,3030354,https://stooq.com/q/d/l/?s=1803.jp&i=d,2026-03-26T08:35:00+00:00
1803,1803.T,1803.jp,2018-12-13,844.83,862.38,842.05,859.62,3076983,https://stooq.com/q/d/l/?s=1803.jp&i=d,2026-03-26T08:35:00+00:00
1803,1803.T,1803.jp,2018-12-14,856.83,864.23,833.73,836.51,4686175,https://stooq.com/q/d/l/?s=1803.jp&i=d,2026-03-26T08:35:00+00:00
1803,1803.T,1803.jp,2018-12-17,840.20,847.60,835.58,842.98,1941329,https://stooq.com/q/d/l/?s=1803.jp&i=d,2026-03-26T08:35:00+00:00
1803,1803.T,1803.jp,2018-12-18,837.44,842.98,827.28,832.79,3740609,https://stooq.com/q/d/l/?s=1803.jp&i=d,2026-03-26T08:35:00+00:00
1803,1803.T,1803.jp,2018-12-19,843.91,855.00,837.44,846.67,3559934,https://stooq.com/q/d/l/?s=1803.jp&i=d,2026-03-26T08:35:00+00:00
1803,1803.T,1803.jp,2018-12-20,846.67,851.30,818.94,824.49,3325274,https://stooq.com/q/d/l/?s=1803.jp&i=d,2026-03-26T08:35:00+00:00
1803,1803.T,1803.jp,2018-12-21,821.73,830.05,804.15,805.09,4222373,https://stooq.com/q/d/l/?s=1803.jp&i=d,2026-03-26T08:35:00+00:00
1803,1803.T,1803.jp,2018-12-25,795.84,795.84,774.58,779.20,3122961,https://stooq.com/q/d/l/?s=1803.jp&i=d,2026-03-26T08:35:00+00:00
1803,1803.T,1803.jp,2018-12-26,775.50,797.68,770.89,784.73,2736622,https://stooq.com/q/d/l/?s=1803.jp&i=d,2026-03-26T08:35:00+00:00
1803,1803.T,1803.jp,2018-12-27,813.39,836.51,807.84,831.88,3082824,https://stooq.com/q/d/l/?s=1803.jp&i=d,2026-03-26T08:35:00+00:00
1803,1803.T,1803.jp,2018-12-28,829.12,836.51,824.49,827.28,1768012,https://stooq.com/q/d/l/?s=1803.jp&i=d,2026-03-26T08:35:00+00:00
1803,1803.T,1803.jp,2019-01-04,813.39,819.87,802.31,814.32,2419522,https://stooq.com/q/d/l/?s=1803.jp&i=d,2026-03-26T08:35:00+00:00
1803,1803.T,1803.jp,2019-01-07,840.20,853.15,838.34,841.12,2196655,https://stooq.com/q/d/l/?s=1803.jp&i=d,2026-03-26T08:35:00+00:00
1803,1803.T,1803.jp,2019-01-08,849.45,850.37,833.73,836.51,2093442,https://stooq.com/q/d/l/?s=1803.jp&i=d,2026-03-26T08:35:00+00:00
1803,1803.T,1803.jp,2019-01-09,827.28,827.28,809.69,822.64,3763976,https://stooq.com/q/d/l/?s=1803.jp&i=d,2026-03-26T08:35:00+00:00
1803,1803.T,1803.jp,2019-01-10,819.87,832.79,817.08,830.05,2957218,https://stooq.com/q/d/l/?s=1803.jp&i=d,2026-03-26T08:35:00+00:00
1803,1803.T,1803.jp,2019-01-11,836.51,849.45,834.66,845.75,4002209,https://stooq.com/q/d/l/?s=1803.jp&i=d,2026-03-26T08:35:00+00:00
1803,1803.T,1803.jp,2019-01-15,835.58,847.60,832.79,842.98,3399926,https://stooq.com/q/d/l/?s=1803.jp&i=d,2026-03-26T08:35:00+00:00
1803,1803.T,1803.jp,2019-01-16,845.75,849.45,830.05,830.96,2619996,https://stooq.com/q/d/l/?s=1803.jp&i=d,2026-03-26T08:35:00+00:00
1803,1803.T,1803.jp,2019-01-17,834.66,847.60,829.12,831.88,2635683,https://stooq.com/q/d/l/?s=1803.jp&i=d,2026-03-26T08:35:00+00:00
1803,1803.T,1803.jp,2019-01-18,845.75,868.85,844.83,865.15,4537633,https://stooq.com/q/d/l/?s=1803.jp&i=d,2026-03-26T08:35:00+00:00
1803,1803.T,1803.jp,2019-01-21,876.25,885.48,872.54,873.48,2553026,https://stooq.com/q/d/l/?s=1803.jp&i=d,2026-03-26T08:35:00+00:00
1803,1803.T,1803.jp,2019-01-22,875.33,884.55,867.94,871.63,1800143,https://stooq.com/q/d/l/?s=1803.jp&i=d,2026-03-26T08:35:00+00:00
1803,1803.T,1803.jp,2019-01-23,863.30,871.63,855.91,858.69,2926493,https://stooq.com/q/d/l/?s=1803.jp&i=d,2026-03-26T08:35:00+00:00
1803,1803.T,1803.jp,2019-01-24,850.37,857.75,848.52,855.00,2108806,https://stooq.com/q/d/l/?s=1803.jp&i=d,2026-03-26T08:35:00+00:00
1803,1803.T,1803.jp,2019-01-25,856.83,866.08,852.23,856.83,2048112,https://stooq.com/q/d/l/?s=1803.jp&i=d,2026-03-26T08:35:00+00:00
1803,1803.T,1803.jp,2019-01-28,859.62,860.53,849.45,851.30,1946955,https://stooq.com/q/d/l/?s=1803.jp&i=d,2026-03-26T08:35:00+00:00
1803,1803.T,1803.jp,2019-01-29,849.45,859.62,844.83,857.75,1956583,https://stooq.com/q/d/l/?s=1803.jp&i=d,2026-03-26T08:35:00+00:00
1803,1803.T,1803.jp,2019-01-30,851.30,853.15,844.83,851.30,3074061,https://stooq.com/q/d/l/?s=1803.jp&i=d,2026-03-26T08:35:00+00:00
1803,1803.T,1803.jp,2019-01-31,866.08,869.77,851.30,855.00,2469720,https://stooq.com/q/d/l/?s=1803.jp&i=d,2026-03-26T08:35:00+00:00
1803,1803.T,1803.jp,2019-02-01,855.00,864.23,854.07,860.53,2008515,https://stooq.com/q/d/l/?s=1803.jp&i=d,2026-03-26T08:35:00+00:00
1803,1803.T,1803.jp,2019-02-04,869.77,878.10,867.01,878.10,1713810,https://stooq.com/q/d/l/?s=1803.jp&i=d,2026-03-26T08:35:00+00:00
1803,1803.T,1803.jp,2019-02-05,880.86,883.65,874.41,876.25,1508793,https://stooq.com/q/d/l/?s=1803.jp&i=d,2026-03-26T08:35:00+00:00
1803,1803.T,1803.jp,2019-02-06,881.79,884.55,875.33,878.10,2095066,https://stooq.com/q/d/l/?s=1803.jp&i=d,2026-03-26T08:35:00+00:00
1803,1803.T,1803.jp,2019-02-07,881.79,882.71,851.30,855.00,2344007,https://stooq.com/q/d/l/?s=1803.jp&i=d,2026-03-26T08:35:00+00:00
1803,1803.T,1803.jp,2019-02-08,842.05,855.00,822.64,834.66,4240439,https://stooq.com/q/d/l/?s=1803.jp&i=d,2026-03-26T08:35:00+00:00
1803,1803.T,1803.jp,2019-02-12,835.58,848.52,827.28,827.28,2956137,https://stooq.com/q/d/l/?s=1803.jp&i=d,2026-03-26T08:35:00+00:00
1803,1803.T,1803.jp,2019-02-13,840.20,843.91,833.73,837.44,3464297,https://stooq.com/q/d/l/?s=1803.jp&i=d,2026-03-26T08:35:00+00:00
1803,1803.T,1803.jp,2019-02-14,854.07,870.70,854.07,855.91,2703407,https://stooq.com/q/d/l/?s=1803.jp&i=d,2026-03-26T08:35:00+00:00
1803,1803.T,1803.jp,2019-02-15,858.69,861.46,845.75,849.45,2725263,https://stooq.com/q/d/l/?s=1803.jp&i=d,2026-03-26T08:35:00+00:00
1803,1803.T,1803.jp,2019-02-18,863.30,867.94,858.69,864.23,1505980,https://stooq.com/q/d/l/?s=1803.jp&i=d,2026-03-26T08:35:00+00:00
1803,1803.T,1803.jp,2019-02-19,863.30,872.54,860.53,870.70,1423324,https://stooq.com/q/d/l/?s=1803.jp&i=d,2026-03-26T08:35:00+00:00
1803,1803.T,1803.jp,2019-02-20,868.85,879.02,867.94,873.48,1403527,https://stooq.com/q/d/l/?s=1803.jp&i=d,2026-03-26T08:35:00+00:00
1803,1803.T,1803.jp,2019-02-21,877.17,880.86,867.01,876.25,1782400,https://stooq.com/q/d/l/?s=1803.jp&i=d,2026-03-26T08:35:00+00:00
1803,1803.T,1803.jp,2019-02-22,876.25,879.02,868.85,877.17,1357112,https://stooq.com/q/d/l/?s=1803.jp&i=d,2026-03-26T08:35:00+00:00
1803,1803.T,1803.jp,2019-02-25,884.55,889.19,877.17,886.42,1584957,https://stooq.com/q/d/l/?s=1803.jp&i=d,2026-03-26T08:35:00+00:00
1803,1803.T,1803.jp,2019-02-26,882.71,887.33,874.41,883.65,1900977,https://stooq.com/q/d/l/?s=1803.jp&i=d,2026-03-26T08:35:00+00:00
1803,1803.T,1803.jp,2019-02-27,894.74,910.45,893.82,908.60,3117662,https://stooq.com/q/d/l/?s=1803.jp&i=d,2026-03-26T08:35:00+00:00
1803,1803.T,1803.jp,2019-02-28,904.90,914.15,897.51,903.98,2364669,https://stooq.com/q/d/l/?s=1803.jp&i=d,2026-03-26T08:35:00+00:00
1803,1803.T,1803.jp,2019-03-01,911.38,912.30,898.44,907.67,1849801,https://stooq.com/q/d/l/?s=1803.jp&i=d,2026-03-26T08:35:00+00:00
1803,1803.T,1803.jp,2019-03-04,916.91,918.78,907.67,918.78,1936679,https://stooq.com/q/d/l/?s=1803.jp&i=d,2026-03-26T08:35:00+00:00
1803,1803.T,1803.jp,2019-03-05,910.45,917.85,907.67,915.08,1328769,https://stooq.com/q/d/l/?s=1803.jp&i=d,2026-03-26T08:35:00+00:00
1803,1803.T,1803.jp,2019-03-06,908.60,912.30,904.90,906.75,1512905,https://stooq.com/q/d/l/?s=1803.jp&i=d,2026-03-26T08:35:00+00:00
1803,1803.T,1803.jp,2019-03-07,897.51,908.60,889.19,903.98,1793005,https://stooq.com/q/d/l/?s=1803.jp&i=d,2026-03-26T08:35:00+00:00
1803,1803.T,1803.jp,2019-03-08,892.89,897.51,885.48,887.33,3063134,https://stooq.com/q/d/l/?s=1803.jp&i=d,2026-03-26T08:35:00+00:00
1803,1803.T,1803.jp,2019-03-11,888.26,892.89,881.79,889.19,1321086,https://stooq.com/q/d/l/?s=1803.jp&i=d,2026-03-26T08:35:00+00:00
1803,1803.T,1803.jp,2019-03-12,902.14,907.67,896.59,899.38,1654523,https://stooq.com/q/d/l/?s=1803.jp&i=d,2026-03-26T08:35:00+00:00
1803,1803.T,1803.jp,2019-03-13,892.89,900.29,886.42,890.11,1392383,https://stooq.com/q/d/l/?s=1803.jp&i=d,2026-03-26T08:35:00+00:00
1803,1803.T,1803.jp,2019-03-14,901.21,903.98,896.59,900.29,2011761,https://stooq.com/q/d/l/?s=1803.jp&i=d,2026-03-26T08:35:00+00:00
1803,1803.T,1803.jp,2019-03-15,902.14,904.90,892.89,894.74,2232032,https://stooq.com/q/d/l/?s=1803.jp&i=d,2026-03-26T08:35:00+00:00
1803,1803.T,1803.jp,2019-03-18,901.21,903.06,891.04,897.51,1773747,https://stooq.com/q/d/l/?s=1803.jp&i=d,2026-03-26T08:35:00+00:00
1803,1803.T,1803.jp,2019-03-19,898.44,901.21,892.89,895.67,1207272,https://stooq.com/q/d/l/?s=1803.jp&i=d,2026-03-26T08:35:00+00:00
1803,1803.T,1803.jp,2019-03-20,894.74,897.51,887.33,892.89,1640026,https://stooq.com/q/d/l/?s=1803.jp&i=d,2026-03-26T08:35:00+00:00
1803,1803.T,1803.jp,2019-03-22,903.06,910.45,898.44,907.67,2627567,https://stooq.com/q/d/l/?s=1803.jp&i=d,2026-03-26T08:35:00+00:00
1803,1803.T,1803.jp,2019-03-25,893.82,893.82,875.33,884.55,2065314,https://stooq.com/q/d/l/?s=1803.jp&i=d,2026-03-26T08:35:00+00:00
1803,1803.T,1803.jp,2019-03-26,897.51,918.78,897.51,918.78,3860915,https://stooq.com/q/d/l/?s=1803.jp&i=d,2026-03-26T08:35:00+00:00
1803,1803.T,1803.jp,2019-03-27,917.84,919.70,907.60,918.78,2401839,https://stooq.com/q/d/l/?s=1803.jp&i=d,2026-03-26T08:35:00+00:00
1803,1803.T,1803.jp,2019-03-28,913.18,915.98,899.23,903.88,2147775,https://stooq.com/q/d/l/?s=1803.jp&i=d,2026-03-26T08:35:00+00:00
1803,1803.T,1803.jp,2019-03-29,903.88,908.53,893.63,895.50,2147883,https://stooq.com/q/d/l/?s=1803.jp&i=d,2026-03-26T08:35:00+00:00
1803,1803.T,1803.jp,2019-04-01,916.90,920.63,908.53,916.90,2433851,https://stooq.com/q/d/l/?s=1803.jp&i=d,2026-03-26T08:35:00+00:00
1803,1803.T,1803.jp,2019-04-02,921.56,923.43,901.08,901.08,2218892,https://stooq.com/q/d/l/?s=1803.jp&i=d,2026-03-26T08:35:00+00:00
1803,1803.T,1803.jp,2019-04-03,913.18,914.12,894.57,903.88,2645590,https://stooq.com/q/d/l/?s=1803.jp&i=d,2026-03-26T08:35:00+00:00
1803,1803.T,1803.jp,2019-04-04,896.43,901.08,891.78,892.71,2321485,https://stooq.com/q/d/l/?s=1803.jp&i=d,2026-03-26T08:35:00+00:00
1803,1803.T,1803.jp,2019-04-05,898.29,902.01,889.90,894.57,1991470,https://stooq.com/q/d/l/?s=1803.jp&i=d,2026-03-26T08:35:00+00:00
1803,1803.T,1803.jp,2019-04-08,903.88,911.33,901.08,904.80,2020046,https://stooq.com/q/d/l/?s=1803.jp&i=d,2026-03-26T08:35:00+00:00
1803,1803.T,1803.jp,2019-04-09,898.29,900.16,890.84,900.16,2236617,https://stooq.com/q/d/l/?s=1803.jp&i=d,2026-03-26T08:35:00+00:00
1803,1803.T,1803.jp,2019-04-10,888.98,890.84,870.37,872.23,2396682,https://stooq.com/q/d/l/?s=1803.jp&i=d,2026-03-26T08:35:00+00:00
1803,1803.T,1803.jp,2019-04-11,867.57,871.30,861.99,867.57,1831082,https://stooq.com/q/d/l/?s=1803.jp&i=d,2026-03-26T08:35:00+00:00
1803,1803.T,1803.jp,2019-04-12,872.23,873.16,862.93,863.86,1498061,https://stooq.com/q/d/l/?s=1803.jp&i=d,2026-03-26T08:35:00+00:00
1803,1803.T,1803.jp,2019-04-15,877.82,885.26,875.02,880.61,1811209,https://stooq.com/q/d/l/?s=1803.jp&i=d,2026-03-26T08:35:00+00:00
1803,1803.T,1803.jp,2019-04-16,887.12,890.84,881.53,883.40,1742135,https://stooq.com/q/d/l/?s=1803.jp&i=d,2026-03-26T08:35:00+00:00
1803,1803.T,1803.jp,2019-04-17,881.53,888.05,874.08,875.95,1490432,https://stooq.com/q/d/l/?s=1803.jp&i=d,2026-03-26T08:35:00+00:00
1803,1803.T,1803.jp,2019-04-18,872.23,875.02,865.71,868.50,1437258,https://stooq.com/q/d/l/?s=1803.jp&i=d,2026-03-26T08:35:00+00:00
1803,1803.T,1803.jp,2019-04-19,865.71,868.50,859.19,861.07,1172773,https://stooq.com/q/d/l/?s=1803.jp&i=d,2026-03-26T08:35:00+00:00
1803,1803.T,1803.jp,2019-04-22,858.25,870.37,855.47,867.57,1117127,https://stooq.com/q/d/l/?s=1803.jp&i=d,2026-03-26T08:35:00+00:00
1803,1803.T,1803.jp,2019-04-23,872.23,884.34,871.30,882.47,1781023,https://stooq.com/q/d/l/?s=1803.jp&i=d,2026-03-26T08:35:00+00:00
1803,1803.T,1803.jp,2019-04-24,886.18,890.84,867.57,870.37,1436290,https://stooq.com/q/d/l/?s=1803.jp&i=d,2026-03-26T08:35:00+00:00
1803,1803.T,1803.jp,2019-04-25,871.30,882.47,870.37,881.53,1211555,https://stooq.com/q/d/l/?s=1803.jp&i=d,2026-03-26T08:35:00+00:00
1803,1803.T,1803.jp,2019-04-26,875.95,884.34,869.44,883.40,1412550,https://stooq.com/q/d/l/?s=1803.jp&i=d,2026-03-26T08:35:00+00:00
1803,1803.T,1803.jp,2019-05-07,887.12,888.05,868.50,873.16,2214057,https://stooq.com/q/d/l/?s=1803.jp&i=d,2026-03-26T08:35:00+00:00
1803,1803.T,1803.jp,2019-05-08,864.79,871.30,857.33,862.93,2150245,https://stooq.com/q/d/l/?s=1803.jp&i=d,2026-03-26T08:35:00+00:00
1803,1803.T,1803.jp,2019-05-09,852.67,854.53,840.58,844.29,2766014,https://stooq.com/q/d/l/?s=1803.jp&i=d,2026-03-26T08:35:00+00:00
1803,1803.T,1803.jp,2019-05-10,851.73,916.90,839.64,913.18,6982178,https://stooq.com/q/d/l/?s=1803.jp&i=d,2026-03-26T08:35:00+00:00
1803,1803.T,1803.jp,2019-05-13,902.95,933.66,902.95,922.50,4841815,https://stooq.com/q/d/l/?s=1803.jp&i=d,2026-03-26T08:35:00+00:00
1803,1803.T,1803.jp,2019-05-14,913.18,938.32,912.25,937.38,4336051,https://stooq.com/q/d/l/?s=1803.jp&i=d,2026-03-26T08:35:00+00:00
1803,1803.T,1803.jp,2019-05-15,930.87,931.80,884.34,888.05,5276785,https://stooq.com/q/d/l/?s=1803.jp&i=d,2026-03-26T08:35:00+00:00
1803,1803.T,1803.jp,2019-05-16,884.34,911.33,880.61,909.46,2703599,https://stooq.com/q/d/l/?s=1803.jp&i=d,2026-03-26T08:35:00+00:00
1803,1803.T,1803.jp,2019-05-17,900.16,915.98,899.23,909.46,2631838,https://stooq.com/q/d/l/?s=1803.jp&i=d,2026-03-26T08:35:00+00:00
1803,1803.T,1803.jp,2019-05-20,902.95,915.05,901.08,913.18,2212983,https://stooq.com/q/d/l/?s=1803.jp&i=d,2026-03-26T08:35:00+00:00
1803,1803.T,1803.jp,2019-05-21,900.16,901.08,887.12,891.78,2620452,https://stooq.com/q/d/l/?s=1803.jp&i=d,2026-03-26T08:35:00+00:00
1803,1803.T,1803.jp,2019-05-22,884.34,886.18,873.16,877.82,3058752,https://stooq.com/q/d/l/?s=1803.jp&i=d,2026-03-26T08:35:00+00:00
1803,1803.T,1803.jp,2019-05-23,863.86,866.63,829.40,836.85,4640604,https://stooq.com/q/d/l/?s=1803.jp&i=d,2026-03-26T08:35:00+00:00
1803,1803.T,1803.jp,2019-05-24,822.88,829.40,807.06,825.68,4222716,https://stooq.com/q/d/l/?s=1803.jp&i=d,2026-03-26T08:35:00+00:00
1803,1803.T,1803.jp,2019-05-27,824.75,829.40,812.64,823.82,2575546,https://stooq.com/q/d/l/?s=1803.jp&i=d,2026-03-26T08:35:00+00:00
1803,1803.T,1803.jp,2019-05-28,826.62,830.33,807.06,817.31,6462127,https://stooq.com/q/d/l/?s=1803.jp&i=d,2026-03-26T08:35:00+00:00
1803,1803.T,1803.jp,2019-05-29,807.06,819.17,795.89,816.37,3318186,https://stooq.com/q/d/l/?s=1803.jp&i=d,2026-03-26T08:35:00+00:00
1803,1803.T,1803.jp,2019-05-30,807.99,834.07,807.99,833.13,3033613,https://stooq.com/q/d/l/?s=1803.jp&i=d,2026-03-26T08:35:00+00:00
1803,1803.T,1803.jp,2019-05-31,825.68,831.26,819.17,823.82,4021400,https://stooq.com/q/d/l/?s=1803.jp&i=d,2026-03-26T08:35:00+00:00
1803,1803.T,1803.jp,2019-06-03,813.57,841.52,813.57,841.52,3425506,https://stooq.com/q/d/l/?s=1803.jp&i=d,2026-03-26T08:35:00+00:00
1803,1803.T,1803.jp,2019-06-04,831.26,848.96,828.46,848.02,4101002,https://stooq.com/q/d/l/?s=1803.jp&i=d,2026-03-26T08:35:00+00:00
1803,1803.T,1803.jp,2019-06-05,848.96,863.86,846.16,862.93,4386649,https://stooq.com/q/d/l/?s=1803.jp&i=d,2026-03-26T08:35:00+00:00
1803,1803.T,1803.jp,2019-06-06,867.57,872.23,848.02,848.96,3672048,https://stooq.com/q/d/l/?s=1803.jp&i=d,2026-03-26T08:35:00+00:00
1803,1803.T,1803.jp,2019-06-07,858.25,865.71,850.80,859.19,2241881,https://stooq.com/q/d/l/?s=1803.jp&i=d,2026-03-26T08:35:00+00:00
1803,1803.T,1803.jp,2019-06-10,868.50,871.30,857.33,863.86,2095996,https://stooq.com/q/d/l/?s=1803.jp&i=d,2026-03-26T08:35:00+00:00
1803,1803.T,1803.jp,2019-06-11,866.63,879.68,865.71,876.89,1919816,https://stooq.com/q/d/l/?s=1803.jp&i=d,2026-03-26T08:35:00+00:00
1803,1803.T,1803.jp,2019-06-12,873.16,875.95,864.79,864.79,2560185,https://stooq.com/q/d/l/?s=1803.jp&i=d,2026-03-26T08:35:00+00:00
1803,1803.T,1803.jp,2019-06-13,856.40,859.19,841.52,851.73,2991396,https://stooq.com/q/d/l/?s=1803.jp&i=d,2026-03-26T08:35:00+00:00
1803,1803.T,1803.jp,2019-06-14,857.33,860.13,848.02,853.61,2787070,https://stooq.com/q/d/l/?s=1803.jp&i=d,2026-03-26T08:35:00+00:00
1803,1803.T,1803.jp,2019-06-17,851.73,861.99,850.80,851.73,1597001,https://stooq.com/q/d/l/?s=1803.jp&i=d,2026-03-26T08:35:00+00:00
1803,1803.T,1803.jp,2019-06-18,848.02,855.47,833.13,838.71,2463609,https://stooq.com/q/d/l/?s=1803.jp&i=d,2026-03-26T08:35:00+00:00
1803,1803.T,1803.jp,2019-06-19,850.80,857.33,845.23,849.88,2677280,https://stooq.com/q/d/l/?s=1803.jp&i=d,2026-03-26T08:35:00+00:00
1803,1803.T,1803.jp,2019-06-20,851.73,856.40,848.02,851.73,2298173,https://stooq.com/q/d/l/?s=1803.jp&i=d,2026-03-26T08:35:00+00:00
1803,1803.T,1803.jp,2019-06-21,845.23,846.16,827.54,833.13,5697573,https://stooq.com/q/d/l/?s=1803.jp&i=d,2026-03-26T08:35:00+00:00
1803,1803.T,1803.jp,2019-06-24,834.99,841.52,834.07,835.91,1740414,https://stooq.com/q/d/l/?s=1803.jp&i=d,2026-03-26T08:35:00+00:00
1803,1803.T,1803.jp,2019-06-25,861.99,864.79,830.33,834.99,5121981,https://stooq.com/q/d/l/?s=1803.jp&i=d,2026-03-26T08:35:00+00:00
1803,1803.T,1803.jp,2019-06-26,828.46,828.46,816.37,827.54,3194968,https://stooq.com/q/d/l/?s=1803.jp&i=d,2026-03-26T08:35:00+00:00
1803,1803.T,1803.jp,2019-06-27,820.09,836.85,820.09,836.85,3256846,https://stooq.com/q/d/l/?s=1803.jp&i=d,2026-03-26T08:35:00+00:00
1803,1803.T,1803.jp,2019-06-28,833.13,834.99,822.88,833.13,3526915,https://stooq.com/q/d/l/?s=1803.jp&i=d,2026-03-26T08:35:00+00:00
1803,1803.T,1803.jp,2019-07-01,844.29,848.96,834.99,843.36,3126859,https://stooq.com/q/d/l/?s=1803.jp&i=d,2026-03-26T08:35:00+00:00
1803,1803.T,1803.jp,2019-07-02,844.29,859.19,843.36,850.80,3756486,https://stooq.com/q/d/l/?s=1803.jp&i=d,2026-03-26T08:35:00+00:00
1803,1803.T,1803.jp,2019-07-03,847.08,860.13,841.52,860.13,3750039,https://stooq.com/q/d/l/?s=1803.jp&i=d,2026-03-26T08:35:00+00:00
1803,1803.T,1803.jp,2019-07-04,863.86,871.30,862.93,866.63,2134347,https://stooq.com/q/d/l/?s=1803.jp&i=d,2026-03-26T08:35:00+00:00
1803,1803.T,1803.jp,2019-07-05,873.16,879.68,870.37,874.08,2203852,https://stooq.com/q/d/l/?s=1803.jp&i=d,2026-03-26T08:35:00+00:00
1803,1803.T,1803.jp,2019-07-08,864.79,869.44,856.40,856.40,2235222,https://stooq.com/q/d/l/?s=1803.jp&i=d,2026-03-26T08:35:00+00:00
1803,1803.T,1803.jp,2019-07-09,861.99,868.50,846.16,847.08,2570605,https://stooq.com/q/d/l/?s=1803.jp&i=d,2026-03-26T08:35:00+00:00
1803,1803.T,1803.jp,2019-07-10,839.64,840.58,830.33,831.26,3224188,https://stooq.com/q/d/l/?s=1803.jp&i=d,2026-03-26T08:35:00+00:00
1803,1803.T,1803.jp,2019-07-11,832.19,835.91,826.62,832.19,2659661,https://stooq.com/q/d/l/?s=1803.jp&i=d,2026-03-26T08:35:00+00:00
1803,1803.T,1803.jp,2019-07-12,834.99,838.71,826.62,834.07,2170979,https://stooq.com/q/d/l/?s=1803.jp&i=d,2026-03-26T08:35:00+00:00
1803,1803.T,1803.jp,2019-07-16,835.91,844.29,824.75,828.46,2691676,https://stooq.com/q/d/l/?s=1803.jp&i=d,2026-03-26T08:35:00+00:00
1803,1803.T,1803.jp,2019-07-17,828.46,834.07,823.82,832.19,2786533,https://stooq.com/q/d/l/?s=1803.jp&i=d,2026-03-26T08:35:00+00:00
1803,1803.T,1803.jp,2019-07-18,824.75,826.62,805.20,807.06,4050726,https://stooq.com/q/d/l/?s=1803.jp&i=d,2026-03-26T08:35:00+00:00
1803,1803.T,1803.jp,2019-07-19,807.99,821.96,807.99,819.17,2131554,https://stooq.com/q/d/l/?s=1803.jp&i=d,2026-03-26T08:35:00+00:00
1803,1803.T,1803.jp,2019-07-22,821.02,832.19,820.09,824.75,2839279,https://stooq.com/q/d/l/?s=1803.jp&i=d,2026-03-26T08:35:00+00:00
1803,1803.T,1803.jp,2019-07-23,823.82,832.19,819.17,829.40,2295057,https://stooq.com/q/d/l/?s=1803.jp&i=d,2026-03-26T08:35:00+00:00
1803,1803.T,1803.jp,2019-07-24,823.82,824.75,814.51,817.31,3357720,https://stooq.com/q/d/l/?s=1803.jp&i=d,2026-03-26T08:35:00+00:00
1803,1803.T,1803.jp,2019-07-25,826.62,826.62,816.37,821.02,3135453,https://stooq.com/q/d/l/?s=1803.jp&i=d,2026-03-26T08:35:00+00:00
1803,1803.T,1803.jp,2019-07-26,817.31,819.17,808.92,808.92,2374338,https://stooq.com/q/d/l/?s=1803.jp&i=d,2026-03-26T08:35:00+00:00
1803,1803.T,1803.jp,2019-07-29,808.92,812.64,800.54,803.34,2046689,https://stooq.com/q/d/l/?s=1803.jp&i=d,2026-03-26T08:35:00+00:00
1803,1803.T,1803.jp,2019-07-30,805.20,817.31,805.20,817.31,2884720,https://stooq.com/q/d/l/?s=1803.jp&i=d,2026-03-26T08:35:00+00:00
1803,1803.T,1803.jp,2019-07-31,807.06,827.54,805.20,820.09,4824948,https://stooq.com/q/d/l/?s=1803.jp&i=d,2026-03-26T08:35:00+00:00
1803,1803.T,1803.jp,2019-08-01,809.86,828.46,808.92,828.46,2285818,https://stooq.com/q/d/l/?s=1803.jp&i=d,2026-03-26T08:35:00+00:00
1803,1803.T,1803.jp,2019-08-02,814.51,823.82,810.79,815.43,3805257,https://stooq.com/q/d/l/?s=1803.jp&i=d,2026-03-26T08:35:00+00:00
1803,1803.T,1803.jp,2019-08-05,802.42,809.86,789.38,807.99,4128504,https://stooq.com/q/d/l/?s=1803.jp&i=d,2026-03-26T08:35:00+00:00
1803,1803.T,1803.jp,2019-08-06,786.58,809.86,786.58,807.99,3248682,https://stooq.com/q/d/l/?s=1803.jp&i=d,2026-03-26T08:35:00+00:00
1803,1803.T,1803.jp,2019-08-07,801.48,807.06,789.38,790.31,4201123,https://stooq.com/q/d/l/?s=1803.jp&i=d,2026-03-26T08:35:00+00:00
1803,1803.T,1803.jp,2019-08-08,793.10,804.28,792.16,800.54,3262001,https://stooq.com/q/d/l/?s=1803.jp&i=d,2026-03-26T08:35:00+00:00
1803,1803.T,1803.jp,2019-08-09,809.86,809.86,802.42,807.06,2468657,https://stooq.com/q/d/l/?s=1803.jp&i=d,2026-03-26T08:35:00+00:00
1803,1803.T,1803.jp,2019-08-13,797.76,801.48,789.38,794.97,3030391,https://stooq.com/q/d/l/?s=1803.jp&i=d,2026-03-26T08:35:00+00:00
1803,1803.T,1803.jp,2019-08-14,803.34,807.06,796.83,805.20,3113754,https://stooq.com/q/d/l/?s=1803.jp&i=d,2026-03-26T08:35:00+00:00
1803,1803.T,1803.jp,2019-08-15,791.24,798.68,787.52,794.97,2875267,https://stooq.com/q/d/l/?s=1803.jp&i=d,2026-03-26T08:35:00+00:00
1803,1803.T,1803.jp,2019-08-16,788.45,804.28,786.58,801.48,2176781,https://stooq.com/q/d/l/?s=1803.jp&i=d,2026-03-26T08:35:00+00:00
1803,1803.T,1803.jp,2019-08-19,809.86,812.64,800.54,808.92,2877309,https://stooq.com/q/d/l/?s=1803.jp&i=d,2026-03-26T08:35:00+00:00
1803,1803.T,1803.jp,2019-08-20,809.86,818.24,807.99,814.51,2000710,https://stooq.com/q/d/l/?s=1803.jp&i=d,2026-03-26T08:35:00+00:00
1803,1803.T,1803.jp,2019-08-21,807.06,811.72,802.42,807.06,2952292,https://stooq.com/q/d/l/?s=1803.jp&i=d,2026-03-26T08:35:00+00:00
1803,1803.T,1803.jp,2019-08-22,807.06,810.79,802.42,809.86,3089367,https://stooq.com/q/d/l/?s=1803.jp&i=d,2026-03-26T08:35:00+00:00
1803,1803.T,1803.jp,2019-08-23,813.57,816.37,808.92,809.86,2685015,https://stooq.com/q/d/l/?s=1803.jp&i=d,2026-03-26T08:35:00+00:00
1803,1803.T,1803.jp,2019-08-26,788.45,806.12,786.58,803.34,2819512,https://stooq.com/q/d/l/?s=1803.jp&i=d,2026-03-26T08:35:00+00:00
1803,1803.T,1803.jp,2019-08-27,810.79,819.17,809.86,815.43,2702203,https://stooq.com/q/d/l/?s=1803.jp&i=d,2026-03-26T08:35:00+00:00
1803,1803.T,1803.jp,2019-08-28,813.57,816.37,807.99,807.99,2436215,https://stooq.com/q/d/l/?s=1803.jp&i=d,2026-03-26T08:35:00+00:00
1803,1803.T,1803.jp,2019-08-29,812.64,822.88,808.92,821.96,2277761,https://stooq.com/q/d/l/?s=1803.jp&i=d,2026-03-26T08:35:00+00:00
1803,1803.T,1803.jp,2019-08-30,826.62,827.54,819.17,824.75,3174879,https://stooq.com/q/d/l/?s=1803.jp&i=d,2026-03-26T08:35:00+00:00
1803,1803.T,1803.jp,2019-09-02,821.96,825.68,818.24,821.02,1857617,https://stooq.com/q/d/l/?s=1803.jp&i=d,2026-03-26T08:35:00+00:00
1803,1803.T,1803.jp,2019-09-03,821.02,826.62,818.24,825.68,2061835,https://stooq.com/q/d/l/?s=1803.jp&i=d,2026-03-26T08:35:00+00:00
1803,1803.T,1803.jp,2019-09-04,827.54,830.33,820.09,820.09,2434282,https://stooq.com/q/d/l/?s=1803.jp&i=d,2026-03-26T08:35:00+00:00
1803,1803.T,1803.jp,2019-09-05,828.46,835.91,822.88,830.33,3302392,https://stooq.com/q/d/l/?s=1803.jp&i=d,2026-03-26T08:35:00+00:00
1803,1803.T,1803.jp,2019-09-06,835.91,848.02,834.07,842.43,3109564,https://stooq.com/q/d/l/?s=1803.jp&i=d,2026-03-26T08:35:00+00:00
1803,1803.T,1803.jp,2019-09-09,841.52,860.13,840.58,859.19,2409144,https://stooq.com/q/d/l/?s=1803.jp&i=d,2026-03-26T08:35:00+00:00
1803,1803.T,1803.jp,2019-09-10,864.79,877.82,864.79,871.30,2760535,https://stooq.com/q/d/l/?s=1803.jp&i=d,2026-03-26T08:35:00+00:00
1803,1803.T,1803.jp,2019-09-11,877.82,890.84,873.16,890.84,3982403,https://stooq.com/q/d/l/?s=1803.jp&i=d,2026-03-26T08:35:00+00:00
1803,1803.T,1803.jp,2019-09-12,900.16,914.12,900.16,908.53,3905272,https://stooq.com/q/d/l/?s=1803.jp&i=d,2026-03-26T08:35:00+00:00
1803,1803.T,1803.jp,2019-09-13,917.84,926.23,901.08,924.35,4817644,https://stooq.com/q/d/l/?s=1803.jp&i=d,2026-03-26T08:35:00+00:00
1803,1803.T,1803.jp,2019-09-17,916.90,935.53,915.05,920.63,3844360,https://stooq.com/q/d/l/?s=1803.jp&i=d,2026-03-26T08:35:00+00:00
1803,1803.T,1803.jp,2019-09-18,912.25,915.05,902.95,912.25,3923104,https://stooq.com/q/d/l/?s=1803.jp&i=d,2026-03-26T08:35:00+00:00
1803,1803.T,1803.jp,2019-09-19,916.90,935.53,916.90,928.08,3206462,https://stooq.com/q/d/l/?s=1803.jp&i=d,2026-03-26T08:35:00+00:00
1803,1803.T,1803.jp,2019-09-20,930.87,935.53,924.35,925.29,3122885,https://stooq.com/q/d/l/?s=1803.jp&i=d,2026-03-26T08:35:00+00:00
1803,1803.T,1803.jp,2019-09-24,927.14,940.18,926.23,929.00,3430983,https://stooq.com/q/d/l/?s=1803.jp&i=d,2026-03-26T08:35:00+00:00
1803,1803.T,1803.jp,2019-09-25,925.29,934.59,922.50,932.73,2675884,https://stooq.com/q/d/l/?s=1803.jp&i=d,2026-03-26T08:35:00+00:00
1803,1803.T,1803.jp,2019-09-26,942.98,952.27,933.66,936.45,3161235,https://stooq.com/q/d/l/?s=1803.jp&i=d,2026-03-26T08:35:00+00:00
1803,1803.T,1803.jp,2019-09-27,935.52,939.28,924.24,933.63,2964106,https://stooq.com/q/d/l/?s=1803.jp&i=d,2026-03-26T08:35:00+00:00
1803,1803.T,1803.jp,2019-09-30,928.92,929.87,917.64,919.53,3381776,https://stooq.com/q/d/l/?s=1803.jp&i=d,2026-03-26T08:35:00+00:00
1803,1803.T,1803.jp,2019-10-01,926.12,935.52,919.53,921.41,2780638,https://stooq.com/q/d/l/?s=1803.jp&i=d,2026-03-26T08:35:00+00:00
1803,1803.T,1803.jp,2019-10-02,917.64,929.87,917.64,926.12,2786487,https://stooq.com/q/d/l/?s=1803.jp&i=d,2026-03-26T08:35:00+00:00
1803,1803.T,1803.jp,2019-10-03,902.61,914.83,901.67,913.88,2828392,https://stooq.com/q/d/l/?s=1803.jp&i=d,2026-03-26T08:35:00+00:00
1803,1803.T,1803.jp,2019-10-04,906.36,913.88,898.84,912.01,2979315,https://stooq.com/q/d/l/?s=1803.jp&i=d,2026-03-26T08:35:00+00:00
1803,1803.T,1803.jp,2019-10-07,915.77,918.59,907.31,915.77,2120469,https://stooq.com/q/d/l/?s=1803.jp&i=d,2026-03-26T08:35:00+00:00
1803,1803.T,1803.jp,2019-10-08,921.41,930.81,917.64,920.47,2504212,https://stooq.com/q/d/l/?s=1803.jp&i=d,2026-03-26T08:35:00+00:00
1803,1803.T,1803.jp,2019-10-09,911.07,918.59,907.31,916.72,2694061,https://stooq.com/q/d/l/?s=1803.jp&i=d,2026-03-26T08:35:00+00:00
1803,1803.T,1803.jp,2019-10-10,916.72,916.72,903.54,914.83,2393492,https://stooq.com/q/d/l/?s=1803.jp&i=d,2026-03-26T08:35:00+00:00
1803,1803.T,1803.jp,2019-10-11,926.12,928.92,918.59,928.92,2818075,https://stooq.com/q/d/l/?s=1803.jp&i=d,2026-03-26T08:35:00+00:00
1803,1803.T,1803.jp,2019-10-15,946.80,950.56,942.10,947.74,2392642,https://stooq.com/q/d/l/?s=1803.jp&i=d,2026-03-26T08:35:00+00:00
1803,1803.T,1803.jp,2019-10-16,952.43,960.91,944.92,947.74,2738201,https://stooq.com/q/d/l/?s=1803.jp&i=d,2026-03-26T08:35:00+00:00
1803,1803.T,1803.jp,2019-10-17,945.85,952.43,938.34,947.74,2076332,https://stooq.com/q/d/l/?s=1803.jp&i=d,2026-03-26T08:35:00+00:00
1803,1803.T,1803.jp,2019-10-18,949.62,954.33,941.16,942.10,2148549,https://stooq.com/q/d/l/?s=1803.jp&i=d,2026-03-26T08:35:00+00:00
1803,1803.T,1803.jp,2019-10-21,946.80,957.14,945.85,948.67,1850106,https://stooq.com/q/d/l/?s=1803.jp&i=d,2026-03-26T08:35:00+00:00
1803,1803.T,1803.jp,2019-10-23,958.08,960.91,943.97,960.91,1929236,https://stooq.com/q/d/l/?s=1803.jp&i=d,2026-03-26T08:35:00+00:00
1803,1803.T,1803.jp,2019-10-24,961.85,974.06,956.20,970.30,3163953,https://stooq.com/q/d/l/?s=1803.jp&i=d,2026-03-26T08:35:00+00:00
1803,1803.T,1803.jp,2019-10-25,967.48,969.37,962.77,967.48,2230871,https://stooq.com/q/d/l/?s=1803.jp&i=d,2026-03-26T08:35:00+00:00
1803,1803.T,1803.jp,2019-10-28,969.37,969.37,959.02,959.02,1854042,https://stooq.com/q/d/l/?s=1803.jp&i=d,2026-03-26T08:35:00+00:00
1803,1803.T,1803.jp,2019-10-29,959.96,968.43,959.02,966.53,2195559,https://stooq.com/q/d/l/?s=1803.jp&i=d,2026-03-26T08:35:00+00:00
1803,1803.T,1803.jp,2019-10-30,959.02,959.96,949.62,955.26,4547360,https://stooq.com/q/d/l/?s=1803.jp&i=d,2026-03-26T08:35:00+00:00
1803,1803.T,1803.jp,2019-10-31,959.96,963.72,950.56,953.38,2477941,https://stooq.com/q/d/l/?s=1803.jp&i=d,2026-03-26T08:35:00+00:00
1803,1803.T,1803.jp,2019-11-01,943.97,949.62,941.16,946.80,1740131,https://stooq.com/q/d/l/?s=1803.jp&i=d,2026-03-26T08:35:00+00:00
1803,1803.T,1803.jp,2019-11-05,968.43,969.37,954.33,966.53,3060998,https://stooq.com/q/d/l/?s=1803.jp&i=d,2026-03-26T08:35:00+00:00
1803,1803.T,1803.jp,2019-11-06,977.82,982.53,974.06,980.64,3221706,https://stooq.com/q/d/l/?s=1803.jp&i=d,2026-03-26T08:35:00+00:00
1803,1803.T,1803.jp,2019-11-07,977.82,984.41,974.06,980.64,2338717,https://stooq.com/q/d/l/?s=1803.jp&i=d,2026-03-26T08:35:00+00:00
1803,1803.T,1803.jp,2019-11-08,989.11,989.11,973.13,979.70,3348699,https://stooq.com/q/d/l/?s=1803.jp&i=d,2026-03-26T08:35:00+00:00
1803,1803.T,1803.jp,2019-11-11,981.58,982.53,968.43,971.24,1838300,https://stooq.com/q/d/l/?s=1803.jp&i=d,2026-03-26T08:35:00+00:00
1803,1803.T,1803.jp,2019-11-12,975.01,1007.91,972.18,1001.33,6112425,https://stooq.com/q/d/l/?s=1803.jp&i=d,2026-03-26T08:35:00+00:00
1803,1803.T,1803.jp,2019-11-13,988.17,1000.38,978.75,992.86,3236490,https://stooq.com/q/d/l/?s=1803.jp&i=d,2026-03-26T08:35:00+00:00
1803,1803.T,1803.jp,2019-11-14,993.81,1003.22,991.93,1001.33,2900184,https://stooq.com/q/d/l/?s=1803.jp&i=d,2026-03-26T08:35:00+00:00
1803,1803.T,1803.jp,2019-11-15,998.50,1020.13,994.75,1019.18,3777855,https://stooq.com/q/d/l/?s=1803.jp&i=d,2026-03-26T08:35:00+00:00
1803,1803.T,1803.jp,2019-11-18,1019.18,1019.18,1004.16,1017.32,2924327,https://stooq.com/q/d/l/?s=1803.jp&i=d,2026-03-26T08:35:00+00:00
1803,1803.T,1803.jp,2019-11-19,1020.13,1022.96,1006.97,1013.55,3720423,https://stooq.com/q/d/l/?s=1803.jp&i=d,2026-03-26T08:35:00+00:00
1803,1803.T,1803.jp,2019-11-20,1001.33,1002.27,982.53,993.81,4016949,https://stooq.com/q/d/l/?s=1803.jp&i=d,2026-03-26T08:35:00+00:00
1803,1803.T,1803.jp,2019-11-21,990.99,1011.67,990.99,1010.75,3322002,https://stooq.com/q/d/l/?s=1803.jp&i=d,2026-03-26T08:35:00+00:00
1803,1803.T,1803.jp,2019-11-22,1006.97,1018.27,1006.97,1013.55,2558561,https://stooq.com/q/d/l/?s=1803.jp&i=d,2026-03-26T08:35:00+00:00
1803,1803.T,1803.jp,2019-11-25,1020.13,1026.71,1014.49,1026.71,2170459,https://stooq.com/q/d/l/?s=1803.jp&i=d,2026-03-26T08:35:00+00:00
1803,1803.T,1803.jp,2019-11-26,1022.02,1022.02,984.41,986.28,5635088,https://stooq.com/q/d/l/?s=1803.jp&i=d,2026-03-26T08:35:00+00:00
1803,1803.T,1803.jp,2019-11-27,997.57,1004.16,992.86,997.57,2827647,https://stooq.com/q/d/l/?s=1803.jp&i=d,2026-03-26T08:35:00+00:00
1803,1803.T,1803.jp,2019-11-28,991.93,994.75,980.64,987.23,2178542,https://stooq.com/q/d/l/?s=1803.jp&i=d,2026-03-26T08:35:00+00:00
1803,1803.T,1803.jp,2019-11-29,989.11,990.05,982.53,985.34,1909242,https://stooq.com/q/d/l/?s=1803.jp&i=d,2026-03-26T08:35:00+00:00
1803,1803.T,1803.jp,2019-12-02,985.34,1002.27,984.41,1001.33,2298408,https://stooq.com/q/d/l/?s=1803.jp&i=d,2026-03-26T08:35:00+00:00
1803,1803.T,1803.jp,2019-12-03,979.70,993.81,976.89,992.86,2534950,https://stooq.com/q/d/l/?s=1803.jp&i=d,2026-03-26T08:35:00+00:00
1803,1803.T,1803.jp,2019-12-04,990.99,1000.38,984.41,999.45,2308725,https://stooq.com/q/d/l/?s=1803.jp&i=d,2026-03-26T08:35:00+00:00
1803,1803.T,1803.jp,2019-12-05,1006.97,1033.29,1006.03,1033.29,4822722,https://stooq.com/q/d/l/?s=1803.jp&i=d,2026-03-26T08:35:00+00:00
1803,1803.T,1803.jp,2019-12-06,1024.85,1038.00,1022.96,1031.42,3775621,https://stooq.com/q/d/l/?s=1803.jp&i=d,2026-03-26T08:35:00+00:00
1803,1803.T,1803.jp,2019-12-09,1037.07,1041.76,1023.90,1037.07,2779788,https://stooq.com/q/d/l/?s=1803.jp&i=d,2026-03-26T08:35:00+00:00
1803,1803.T,1803.jp,2019-12-10,1047.39,1048.34,1030.47,1033.29,2856470,https://stooq.com/q/d/l/?s=1803.jp&i=d,2026-03-26T08:35:00+00:00
1803,1803.T,1803.jp,2019-12-11,1048.34,1050.22,1038.00,1040.82,2815309,https://stooq.com/q/d/l/?s=1803.jp&i=d,2026-03-26T08:35:00+00:00
1803,1803.T,1803.jp,2019-12-12,1053.04,1059.63,1047.39,1052.11,3135130,https://stooq.com/q/d/l/?s=1803.jp&i=d,2026-03-26T08:35:00+00:00
1803,1803.T,1803.jp,2019-12-13,1066.20,1069.97,1053.98,1058.69,4289971,https://stooq.com/q/d/l/?s=1803.jp&i=d,2026-03-26T08:35:00+00:00
1803,1803.T,1803.jp,2019-12-16,1054.92,1061.50,1049.27,1052.11,1962209,https://stooq.com/q/d/l/?s=1803.jp&i=d,2026-03-26T08:35:00+00:00
1803,1803.T,1803.jp,2019-12-17,1049.27,1053.98,1039.88,1048.34,2369454,https://stooq.com/q/d/l/?s=1803.jp&i=d,2026-03-26T08:35:00+00:00
1803,1803.T,1803.jp,2019-12-18,1060.57,1063.38,1052.11,1058.69,2375411,https://stooq.com/q/d/l/?s=1803.jp&i=d,2026-03-26T08:35:00+00:00
1803,1803.T,1803.jp,2019-12-19,1062.44,1065.27,1055.87,1057.75,1904775,https://stooq.com/q/d/l/?s=1803.jp&i=d,2026-03-26T08:35:00+00:00
1803,1803.T,1803.jp,2019-12-20,1058.69,1062.44,1048.34,1062.44,3030154,https://stooq.com/q/d/l/?s=1803.jp&i=d,2026-03-26T08:35:00+00:00
1803,1803.T,1803.jp,2019-12-23,1062.44,1063.38,1053.98,1055.87,1283854,https://stooq.com/q/d/l/?s=1803.jp&i=d,2026-03-26T08:35:00+00:00
1803,1803.T,1803.jp,2019-12-24,1053.04,1056.80,1049.27,1056.80,1148033,https://stooq.com/q/d/l/?s=1803.jp&i=d,2026-03-26T08:35:00+00:00
1803,1803.T,1803.jp,2019-12-25,1062.44,1062.44,1050.22,1053.98,1136759,https://stooq.com/q/d/l/?s=1803.jp&i=d,2026-03-26T08:35:00+00:00
1803,1803.T,1803.jp,2019-12-26,1053.98,1062.44,1052.11,1062.44,1171644,https://stooq.com/q/d/l/?s=1803.jp&i=d,2026-03-26T08:35:00+00:00
1803,1803.T,1803.jp,2019-12-27,1069.97,1075.60,1065.27,1068.08,1775443,https://stooq.com/q/d/l/?s=1803.jp&i=d,2026-03-26T08:35:00+00:00
1803,1803.T,1803.jp,2019-12-30,1055.87,1057.75,1047.39,1049.27,1856169,https://stooq.com/q/d/l/?s=1803.jp&i=d,2026-03-26T08:35:00+00:00
1803,1803.T,1803.jp,2020-01-06,1038.00,1043.65,1032.36,1043.65,2437418,https://stooq.com/q/d/l/?s=1803.jp&i=d,2026-03-26T08:35:00+00:00
1803,1803.T,1803.jp,2020-01-07,1053.04,1064.32,1050.22,1063.38,1901796,https://stooq.com/q/d/l/?s=1803.jp&i=d,2026-03-26T08:35:00+00:00
1803,1803.T,1803.jp,2020-01-08,1051.17,1051.17,1030.47,1040.82,2385090,https://stooq.com/q/d/l/?s=1803.jp&i=d,2026-03-26T08:35:00+00:00
1803,1803.T,1803.jp,2020-01-09,1053.98,1058.69,1049.27,1055.87,1488380,https://stooq.com/q/d/l/?s=1803.jp&i=d,2026-03-26T08:35:00+00:00
1803,1803.T,1803.jp,2020-01-10,1058.69,1061.50,1051.17,1060.57,1896691,https://stooq.com/q/d/l/?s=1803.jp&i=d,2026-03-26T08:35:00+00:00
1803,1803.T,1803.jp,2020-01-14,1063.38,1070.91,1060.57,1066.20,2521334,https://stooq.com/q/d/l/?s=1803.jp&i=d,2026-03-26T08:35:00+00:00
1803,1803.T,1803.jp,2020-01-15,1069.97,1072.78,1056.80,1057.75,1483275,https://stooq.com/q/d/l/?s=1803.jp&i=d,2026-03-26T08:35:00+00:00
1803,1803.T,1803.jp,2020-01-16,1051.17,1053.04,1041.76,1052.11,2183114,https://stooq.com/q/d/l/?s=1803.jp&i=d,2026-03-26T08:35:00+00:00
1803,1803.T,1803.jp,2020-01-17,1058.69,1065.27,1054.92,1061.50,2131638,https://stooq.com/q/d/l/?s=1803.jp&i=d,2026-03-26T08:35:00+00:00
1803,1803.T,1803.jp,2020-01-20,1065.27,1077.49,1063.38,1072.78,1389681,https://stooq.com/q/d/l/?s=1803.jp&i=d,2026-03-26T08:35:00+00:00
1803,1803.T,1803.jp,2020-01-21,1072.78,1085.01,1070.91,1075.60,2182158,https://stooq.com/q/d/l/?s=1803.jp&i=d,2026-03-26T08:35:00+00:00
1803,1803.T,1803.jp,2020-01-22,1076.55,1090.65,1073.73,1087.83,1824686,https://stooq.com/q/d/l/?s=1803.jp&i=d,2026-03-26T08:35:00+00:00
1803,1803.T,1803.jp,2020-01-23,1079.36,1093.48,1070.91,1089.71,3290626,https://stooq.com/q/d/l/?s=1803.jp&i=d,2026-03-26T08:35:00+00:00
1803,1803.T,1803.jp,2020-01-24,1098.17,1100.99,1089.71,1096.29,1626859,https://stooq.com/q/d/l/?s=1803.jp&i=d,2026-03-26T08:35:00+00:00
1803,1803.T,1803.jp,2020-01-27,1074.68,1086.88,1071.85,1075.60,2270649,https://stooq.com/q/d/l/?s=1803.jp&i=d,2026-03-26T08:35:00+00:00
1803,1803.T,1803.jp,2020-01-28,1063.38,1068.08,1056.80,1066.20,2307341,https://stooq.com/q/d/l/?s=1803.jp&i=d,2026-03-26T08:35:00+00:00
1803,1803.T,1803.jp,2020-01-29,1061.50,1074.68,1054.92,1071.85,2453797,https://stooq.com/q/d/l/?s=1803.jp&i=d,2026-03-26T08:35:00+00:00
1803,1803.T,1803.jp,2020-01-30,1074.68,1085.96,1066.20,1073.73,1976886,https://stooq.com/q/d/l/?s=1803.jp&i=d,2026-03-26T08:35:00+00:00
1803,1803.T,1803.jp,2020-01-31,1076.55,1091.59,1065.27,1065.27,3644162,https://stooq.com/q/d/l/?s=1803.jp&i=d,2026-03-26T08:35:00+00:00
1803,1803.T,1803.jp,2020-02-03,1051.17,1055.87,1043.65,1048.34,3325299,https://stooq.com/q/d/l/?s=1803.jp&i=d,2026-03-26T08:35:00+00:00
1803,1803.T,1803.jp,2020-02-04,1038.00,1053.98,1029.54,1051.17,3223515,https://stooq.com/q/d/l/?s=1803.jp&i=d,2026-03-26T08:35:00+00:00
1803,1803.T,1803.jp,2020-02-05,1060.57,1069.02,1055.87,1067.15,1934128,https://stooq.com/q/d/l/?s=1803.jp&i=d,2026-03-26T08:35:00+00:00
1803,1803.T,1803.jp,2020-02-06,1077.49,1100.05,1076.55,1093.48,3070570,https://stooq.com/q/d/l/?s=1803.jp&i=d,2026-03-26T08:35:00+00:00
1803,1803.T,1803.jp,2020-02-07,1090.65,1097.23,1085.96,1095.36,2199495,https://stooq.com/q/d/l/?s=1803.jp&i=d,2026-03-26T08:35:00+00:00
1803,1803.T,1803.jp,2020-02-10,1085.96,1105.69,1085.01,1100.99,2183966,https://stooq.com/q/d/l/?s=1803.jp&i=d,2026-03-26T08:35:00+00:00
1803,1803.T,1803.jp,2020-02-12,1094.41,1094.41,1050.22,1053.98,4611493,https://stooq.com/q/d/l/?s=1803.jp&i=d,2026-03-26T08:35:00+00:00
1803,1803.T,1803.jp,2020-02-13,1043.65,1046.46,1029.54,1042.70,3512809,https://stooq.com/q/d/l/?s=1803.jp&i=d,2026-03-26T08:35:00+00:00
1803,1803.T,1803.jp,2020-02-14,1038.00,1046.46,1030.47,1046.46,2532822,https://stooq.com/q/d/l/?s=1803.jp&i=d,2026-03-26T08:35:00+00:00
1803,1803.T,1803.jp,2020-02-17,1029.54,1034.23,1023.90,1028.60,2462624,https://stooq.com/q/d/l/?s=1803.jp&i=d,2026-03-26T08:35:00+00:00
1803,1803.T,1803.jp,2020-02-18,1015.43,1022.02,1010.75,1018.27,2591107,https://stooq.com/q/d/l/?s=1803.jp&i=d,2026-03-26T08:35:00+00:00
1803,1803.T,1803.jp,2020-02-19,1022.02,1029.54,1018.27,1026.71,2216298,https://stooq.com/q/d/l/?s=1803.jp&i=d,2026-03-26T08:35:00+00:00
1803,1803.T,1803.jp,2020-02-20,1021.07,1030.47,1012.60,1017.32,2221723,https://stooq.com/q/d/l/?s=1803.jp&i=d,2026-03-26T08:35:00+00:00
1803,1803.T,1803.jp,2020-02-21,1005.08,1008.86,996.63,1000.38,2649817,https://stooq.com/q/d/l/?s=1803.jp&i=d,2026-03-26T08:35:00+00:00
1803,1803.T,1803.jp,2020-02-25,964.65,988.17,960.91,978.75,3522276,https://stooq.com/q/d/l/?s=1803.jp&i=d,2026-03-26T08:35:00+00:00
1803,1803.T,1803.jp,2020-02-26,963.72,974.06,959.02,973.13,2414337,https://stooq.com/q/d/l/?s=1803.jp&i=d,2026-03-26T08:35:00+00:00
1803,1803.T,1803.jp,2020-02-27,968.43,968.43,948.67,952.43,2906459,https://stooq.com/q/d/l/?s=1803.jp&i=d,2026-03-26T08:35:00+00:00
1803,1803.T,1803.jp,2020-02-28,930.81,944.92,913.88,923.30,5025760,https://stooq.com/q/d/l/?s=1803.jp&i=d,2026-03-26T08:35:00+00:00
1803,1803.T,1803.jp,2020-03-02,905.43,926.12,900.72,915.77,4457167,https://stooq.com/q/d/l/?s=1803.jp&i=d,2026-03-26T08:35:00+00:00
1803,1803.T,1803.jp,2020-03-03,928.00,932.69,898.84,900.72,4226156,https://stooq.com/q/d/l/?s=1803.jp&i=d,2026-03-26T08:35:00+00:00
1803,1803.T,1803.jp,2020-03-04,889.45,905.43,881.92,896.96,3008244,https://stooq.com/q/d/l/?s=1803.jp&i=d,2026-03-26T08:35:00+00:00
1803,1803.T,1803.jp,2020-03-05,900.72,903.54,873.46,878.16,4727637,https://stooq.com/q/d/l/?s=1803.jp&i=d,2026-03-26T08:35:00+00:00
1803,1803.T,1803.jp,2020-03-06,868.76,870.64,835.84,847.13,4302946,https://stooq.com/q/d/l/?s=1803.jp&i=d,2026-03-26T08:35:00+00:00
1803,1803.T,1803.jp,2020-03-09,817.99,821.75,793.54,803.89,4325389,https://stooq.com/q/d/l/?s=1803.jp&i=d,2026-03-26T08:35:00+00:00
1803,1803.T,1803.jp,2020-03-10,785.09,807.65,761.57,803.89,4857394,https://stooq.com/q/d/l/?s=1803.jp&i=d,2026-03-26T08:35:00+00:00
1803,1803.T,1803.jp,2020-03-11,789.78,802.94,782.26,794.48,5711241,https://stooq.com/q/d/l/?s=1803.jp&i=d,2026-03-26T08:35:00+00:00
1803,1803.T,1803.jp,2020-03-12,774.74,779.43,749.35,759.70,4978855,https://stooq.com/q/d/l/?s=1803.jp&i=d,2026-03-26T08:35:00+00:00
1803,1803.T,1803.jp,2020-03-13,703.28,740.90,682.59,717.38,5802921,https://stooq.com/q/d/l/?s=1803.jp&i=d,2026-03-26T08:35:00+00:00
1803,1803.T,1803.jp,2020-03-16,732.43,745.58,708.92,712.68,4380163,https://stooq.com/q/d/l/?s=1803.jp&i=d,2026-03-26T08:35:00+00:00
1803,1803.T,1803.jp,2020-03-17,694.81,726.79,675.07,701.40,6106575,https://stooq.com/q/d/l/?s=1803.jp&i=d,2026-03-26T08:35:00+00:00
1803,1803.T,1803.jp,2020-03-18,699.53,724.91,690.12,692.01,6527118,https://stooq.com/q/d/l/?s=1803.jp&i=d,2026-03-26T08:35:00+00:00
1803,1803.T,1803.jp,2020-03-19,706.11,732.43,706.11,707.98,6029571,https://stooq.com/q/d/l/?s=1803.jp&i=d,2026-03-26T08:35:00+00:00
1803,1803.T,1803.jp,2020-03-23,705.16,723.02,690.12,705.16,6529030,https://stooq.com/q/d/l/?s=1803.jp&i=d,2026-03-26T08:35:00+00:00
1803,1803.T,1803.jp,2020-03-24,733.38,751.23,719.26,739.01,4884303,https://stooq.com/q/d/l/?s=1803.jp&i=d,2026-03-26T08:35:00+00:00
1803,1803.T,1803.jp,2020-03-25,767.22,816.09,766.27,815.17,4976409,https://stooq.com/q/d/l/?s=1803.jp&i=d,2026-03-26T08:35:00+00:00
1803,1803.T,1803.jp,2020-03-26,786.96,801.06,768.15,785.09,4502476,https://stooq.com/q/d/l/?s=1803.jp&i=d,2026-03-26T08:35:00+00:00
1803,1803.T,1803.jp,2020-03-27,825.51,830.20,799.19,825.51,5347281,https://stooq.com/q/d/l/?s=1803.jp&i=d,2026-03-26T08:35:00+00:00
1803,1803.T,1803.jp,2020-03-30,808.40,827.42,773.20,824.56,4350569,https://stooq.com/q/d/l/?s=1803.jp&i=d,2026-03-26T08:35:00+00:00
1803,1803.T,1803.jp,2020-03-31,824.56,833.12,800.78,803.63,4609125,https://stooq.com/q/d/l/?s=1803.jp&i=d,2026-03-26T08:35:00+00:00
1803,1803.T,1803.jp,2020-04-01,796.98,806.49,757.99,769.41,4309456,https://stooq.com/q/d/l/?s=1803.jp&i=d,2026-03-26T08:35:00+00:00
1803,1803.T,1803.jp,2020-04-02,760.84,777.95,753.23,755.14,3225389,https://stooq.com/q/d/l/?s=1803.jp&i=d,2026-03-26T08:35:00+00:00
1803,1803.T,1803.jp,2020-04-03,741.82,761.79,732.30,743.73,4000849,https://stooq.com/q/d/l/?s=1803.jp&i=d,2026-03-26T08:35:00+00:00
1803,1803.T,1803.jp,2020-04-06,741.82,770.35,735.16,759.88,3493304,https://stooq.com/q/d/l/?s=1803.jp&i=d,2026-03-26T08:35:00+00:00
1803,1803.T,1803.jp,2020-04-07,785.57,803.63,771.30,790.32,3567118,https://stooq.com/q/d/l/?s=1803.jp&i=d,2026-03-26T08:35:00+00:00
1803,1803.T,1803.jp,2020-04-08,789.37,813.15,782.72,804.59,2555918,https://stooq.com/q/d/l/?s=1803.jp&i=d,2026-03-26T08:35:00+00:00
1803,1803.T,1803.jp,2020-04-09,809.34,815.05,802.67,813.15,2096109,https://stooq.com/q/d/l/?s=1803.jp&i=d,2026-03-26T08:35:00+00:00
1803,1803.T,1803.jp,2020-04-10,821.71,823.61,801.74,820.75,2531313,https://stooq.com/q/d/l/?s=1803.jp&i=d,2026-03-26T08:35:00+00:00
1803,1803.T,1803.jp,2020-04-13,808.40,815.05,777.95,782.72,2574739,https://stooq.com/q/d/l/?s=1803.jp&i=d,2026-03-26T08:35:00+00:00
1803,1803.T,1803.jp,2020-04-14,747.52,765.60,737.07,760.84,4748550,https://stooq.com/q/d/l/?s=1803.jp&i=d,2026-03-26T08:35:00+00:00
1803,1803.T,1803.jp,2020-04-15,760.84,777.00,758.93,771.30,2755907,https://stooq.com/q/d/l/?s=1803.jp&i=d,2026-03-26T08:35:00+00:00
1803,1803.T,1803.jp,2020-04-16,758.93,765.60,745.61,753.23,3719476,https://stooq.com/q/d/l/?s=1803.jp&i=d,2026-03-26T08:35:00+00:00
1803,1803.T,1803.jp,2020-04-17,757.99,771.30,750.38,770.35,3245788,https://stooq.com/q/d/l/?s=1803.jp&i=d,2026-03-26T08:35:00+00:00
1803,1803.T,1803.jp,2020-04-20,758.93,771.30,756.09,760.84,2035964,https://stooq.com/q/d/l/?s=1803.jp&i=d,2026-03-26T08:35:00+00:00
1803,1803.T,1803.jp,2020-04-21,740.87,755.14,738.96,752.27,2985968,https://stooq.com/q/d/l/?s=1803.jp&i=d,2026-03-26T08:35:00+00:00
1803,1803.T,1803.jp,2020-04-22,744.67,759.88,741.82,758.93,1979816,https://stooq.com/q/d/l/?s=1803.jp&i=d,2026-03-26T08:35:00+00:00
1803,1803.T,1803.jp,2020-04-23,763.68,778.91,761.79,778.91,1786766,https://stooq.com/q/d/l/?s=1803.jp&i=d,2026-03-26T08:35:00+00:00
1803,1803.T,1803.jp,2020-04-24,776.06,777.00,763.68,769.41,1952793,https://stooq.com/q/d/l/?s=1803.jp&i=d,2026-03-26T08:35:00+00:00
1803,1803.T,1803.jp,2020-04-27,778.91,786.51,773.20,784.61,1655437,https://stooq.com/q/d/l/?s=1803.jp&i=d,2026-03-26T08:35:00+00:00
1803,1803.T,1803.jp,2020-04-28,786.51,787.47,776.06,784.61,2445618,https://stooq.com/q/d/l/?s=1803.jp&i=d,2026-03-26T08:35:00+00:00
1803,1803.T,1803.jp,2020-04-30,797.93,804.59,786.51,795.08,3408450,https://stooq.com/q/d/l/?s=1803.jp&i=d,2026-03-26T08:35:00+00:00
1803,1803.T,1803.jp,2020-05-01,795.08,796.98,773.20,777.95,2691136,https://stooq.com/q/d/l/?s=1803.jp&i=d,2026-03-26T08:35:00+00:00
1803,1803.T,1803.jp,2020-05-07,788.42,810.29,786.51,806.49,3497930,https://stooq.com/q/d/l/?s=1803.jp&i=d,2026-03-26T08:35:00+00:00
1803,1803.T,1803.jp,2020-05-08,820.75,831.21,817.90,831.21,2776937,https://stooq.com/q/d/l/?s=1803.jp&i=d,2026-03-26T08:35:00+00:00
1803,1803.T,1803.jp,2020-05-11,822.66,834.08,818.85,832.16,2333320,https://stooq.com/q/d/l/?s=1803.jp&i=d,2026-03-26T08:35:00+00:00
1803,1803.T,1803.jp,2020-05-12,829.31,833.12,820.75,821.71,1792548,https://stooq.com/q/d/l/?s=1803.jp&i=d,2026-03-26T08:35:00+00:00
1803,1803.T,1803.jp,2020-05-13,807.44,828.36,803.63,817.90,3004791,https://stooq.com/q/d/l/?s=1803.jp&i=d,2026-03-26T08:35:00+00:00
1803,1803.T,1803.jp,2020-05-14,816.00,822.66,799.83,804.59,2598712,https://stooq.com/q/d/l/?s=1803.jp&i=d,2026-03-26T08:35:00+00:00
1803,1803.T,1803.jp,2020-05-15,811.25,817.90,799.83,803.63,1945748,https://stooq.com/q/d/l/?s=1803.jp&i=d,2026-03-26T08:35:00+00:00
1803,1803.T,1803.jp,2020-05-18,813.15,816.94,801.74,813.15,1494981,https://stooq.com/q/d/l/?s=1803.jp&i=d,2026-03-26T08:35:00+00:00
1803,1803.T,1803.jp,2020-05-19,835.97,842.62,821.71,826.47,2015356,https://stooq.com/q/d/l/?s=1803.jp&i=d,2026-03-26T08:35:00+00:00
1803,1803.T,1803.jp,2020-05-20,824.56,835.01,822.66,833.12,1657960,https://stooq.com/q/d/l/?s=1803.jp&i=d,2026-03-26T08:35:00+00:00
1803,1803.T,1803.jp,2020-05-21,831.21,832.16,819.81,822.66,2252988,https://stooq.com/q/d/l/?s=1803.jp&i=d,2026-03-26T08:35:00+00:00
1803,1803.T,1803.jp,2020-05-22,820.75,822.66,803.63,811.25,2752648,https://stooq.com/q/d/l/?s=1803.jp&i=d,2026-03-26T08:35:00+00:00
1803,1803.T,1803.jp,2020-05-25,832.16,832.16,805.54,819.81,3890341,https://stooq.com/q/d/l/?s=1803.jp&i=d,2026-03-26T08:35:00+00:00
1803,1803.T,1803.jp,2020-05-26,818.85,850.24,815.05,849.28,3663642,https://stooq.com/q/d/l/?s=1803.jp&i=d,2026-03-26T08:35:00+00:00
1803,1803.T,1803.jp,2020-05-27,855.94,871.15,855.00,865.46,3023927,https://stooq.com/q/d/l/?s=1803.jp&i=d,2026-03-26T08:35:00+00:00
1803,1803.T,1803.jp,2020-05-28,879.73,890.18,867.36,877.82,3737771,https://stooq.com/q/d/l/?s=1803.jp&i=d,2026-03-26T08:35:00+00:00
1803,1803.T,1803.jp,2020-05-29,871.15,890.18,862.60,867.36,7462505,https://stooq.com/q/d/l/?s=1803.jp&i=d,2026-03-26T08:35:00+00:00
1803,1803.T,1803.jp,2020-06-01,861.65,883.52,860.70,874.00,3099633,https://stooq.com/q/d/l/?s=1803.jp&i=d,2026-03-26T08:35:00+00:00
1803,1803.T,1803.jp,2020-06-02,877.82,886.38,874.00,878.77,2417017,https://stooq.com/q/d/l/?s=1803.jp&i=d,2026-03-26T08:35:00+00:00
1803,1803.T,1803.jp,2020-06-03,893.99,898.74,876.87,882.58,3013938,https://stooq.com/q/d/l/?s=1803.jp&i=d,2026-03-26T08:35:00+00:00
1803,1803.T,1803.jp,2020-06-04,894.94,894.94,872.11,879.73,2719420,https://stooq.com/q/d/l/?s=1803.jp&i=d,2026-03-26T08:35:00+00:00
1803,1803.T,1803.jp,2020-06-05,878.77,888.27,870.21,888.27,2606598,https://stooq.com/q/d/l/?s=1803.jp&i=d,2026-03-26T08:35:00+00:00
1803,1803.T,1803.jp,2020-06-08,895.89,898.74,889.23,898.74,2954003,https://stooq.com/q/d/l/?s=1803.jp&i=d,2026-03-26T08:35:00+00:00
1803,1803.T,1803.jp,2020-06-09,896.84,917.76,896.84,915.86,2915626,https://stooq.com/q/d/l/?s=1803.jp&i=d,2026-03-26T08:35:00+00:00
1803,1803.T,1803.jp,2020-06-10,902.55,903.49,870.21,875.91,4016096,https://stooq.com/q/d/l/?s=1803.jp&i=d,2026-03-26T08:35:00+00:00
1803,1803.T,1803.jp,2020-06-11,856.89,862.60,844.53,844.53,3864369,https://stooq.com/q/d/l/?s=1803.jp&i=d,2026-03-26T08:35:00+00:00
1803,1803.T,1803.jp,2020-06-12,826.47,839.78,810.29,837.88,3877617,https://stooq.com/q/d/l/?s=1803.jp&i=d,2026-03-26T08:35:00+00:00
1803,1803.T,1803.jp,2020-06-15,831.21,838.83,800.78,803.63,2967147,https://stooq.com/q/d/l/?s=1803.jp&i=d,2026-03-26T08:35:00+00:00
1803,1803.T,1803.jp,2020-06-16,827.42,852.15,823.61,847.39,2750860,https://stooq.com/q/d/l/?s=1803.jp&i=d,2026-03-26T08:35:00+00:00
1803,1803.T,1803.jp,2020-06-17,847.39,853.09,832.16,835.01,3154414,https://stooq.com/q/d/l/?s=1803.jp&i=d,2026-03-26T08:35:00+00:00
1803,1803.T,1803.jp,2020-06-18,829.31,851.19,828.36,848.33,2070768,https://stooq.com/q/d/l/?s=1803.jp&i=d,2026-03-26T08:35:00+00:00
1803,1803.T,1803.jp,2020-06-19,862.60,862.60,841.66,851.19,3451666,https://stooq.com/q/d/l/?s=1803.jp&i=d,2026-03-26T08:35:00+00:00
1803,1803.T,1803.jp,2020-06-22,847.39,859.74,844.53,846.43,1729144,https://stooq.com/q/d/l/?s=1803.jp&i=d,2026-03-26T08:35:00+00:00
1803,1803.T,1803.jp,2020-06-23,850.24,856.89,837.88,851.19,1767207,https://stooq.com/q/d/l/?s=1803.jp&i=d,2026-03-26T08:35:00+00:00
1803,1803.T,1803.jp,2020-06-24,844.53,847.39,838.83,841.66,1705696,https://stooq.com/q/d/l/?s=1803.jp&i=d,2026-03-26T08:35:00+00:00
1803,1803.T,1803.jp,2020-06-25,838.83,839.78,814.09,816.00,2118085,https://stooq.com/q/d/l/?s=1803.jp&i=d,2026-03-26T08:35:00+00:00
1803,1803.T,1803.jp,2020-06-26,837.88,847.39,833.12,843.58,2007260,https://stooq.com/q/d/l/?s=1803.jp&i=d,2026-03-26T08:35:00+00:00
1803,1803.T,1803.jp,2020-06-29,829.31,839.78,825.51,828.36,1993800,https://stooq.com/q/d/l/?s=1803.jp&i=d,2026-03-26T08:35:00+00:00
1803,1803.T,1803.jp,2020-06-30,846.43,851.19,839.78,841.66,2327853,https://stooq.com/q/d/l/?s=1803.jp&i=d,2026-03-26T08:35:00+00:00
1803,1803.T,1803.jp,2020-07-01,836.92,839.78,819.81,821.71,1705802,https://stooq.com/q/d/l/?s=1803.jp&i=d,2026-03-26T08:35:00+00:00
1803,1803.T,1803.jp,2020-07-02,819.81,834.08,819.81,826.47,2266341,https://stooq.com/q/d/l/?s=1803.jp&i=d,2026-03-26T08:35:00+00:00
1803,1803.T,1803.jp,2020-07-03,827.42,830.26,812.20,817.90,1176386,https://stooq.com/q/d/l/?s=1803.jp&i=d,2026-03-26T08:35:00+00:00
1803,1803.T,1803.jp,2020-07-06,817.90,828.36,814.09,827.42,1439884,https://stooq.com/q/d/l/?s=1803.jp&i=d,2026-03-26T08:35:00+00:00
1803,1803.T,1803.jp,2020-07-07,827.42,829.31,814.09,818.85,1693185,https://stooq.com/q/d/l/?s=1803.jp&i=d,2026-03-26T08:35:00+00:00
1803,1803.T,1803.jp,2020-07-08,808.40,821.71,805.54,805.54,1971298,https://stooq.com/q/d/l/?s=1803.jp&i=d,2026-03-26T08:35:00+00:00
1803,1803.T,1803.jp,2020-07-09,805.54,816.00,796.98,809.34,2598186,https://stooq.com/q/d/l/?s=1803.jp&i=d,2026-03-26T08:35:00+00:00
1803,1803.T,1803.jp,2020-07-10,805.54,807.44,795.08,795.08,2081283,https://stooq.com/q/d/l/?s=1803.jp&i=d,2026-03-26T08:35:00+00:00
1803,1803.T,1803.jp,2020-07-13,808.40,816.00,804.59,809.34,1810423,https://stooq.com/q/d/l/?s=1803.jp&i=d,2026-03-26T08:35:00+00:00
1803,1803.T,1803.jp,2020-07-14,795.08,802.67,790.32,793.17,2977242,https://stooq.com/q/d/l/?s=1803.jp&i=d,2026-03-26T08:35:00+00:00
1803,1803.T,1803.jp,2020-07-15,804.59,817.90,802.67,811.25,2303248,https://stooq.com/q/d/l/?s=1803.jp&i=d,2026-03-26T08:35:00+00:00
1803,1803.T,1803.jp,2020-07-16,825.51,839.78,823.61,825.51,2457919,https://stooq.com/q/d/l/?s=1803.jp&i=d,2026-03-26T08:35:00+00:00
1803,1803.T,1803.jp,2020-07-17,823.61,825.51,816.00,823.61,1954369,https://stooq.com/q/d/l/?s=1803.jp&i=d,2026-03-26T08:35:00+00:00
1803,1803.T,1803.jp,2020-07-20,828.36,828.36,805.54,808.40,2144581,https://stooq.com/q/d/l/?s=1803.jp&i=d,2026-03-26T08:35:00+00:00
1803,1803.T,1803.jp,2020-07-21,801.74,801.74,790.32,796.98,2161931,https://stooq.com/q/d/l/?s=1803.jp&i=d,2026-03-26T08:35:00+00:00
1803,1803.T,1803.jp,2020-07-22,808.40,810.29,800.78,802.67,2116612,https://stooq.com/q/d/l/?s=1803.jp&i=d,2026-03-26T08:35:00+00:00
1803,1803.T,1803.jp,2020-07-27,796.02,801.74,783.67,801.74,1659117,https://stooq.com/q/d/l/?s=1803.jp&i=d,2026-03-26T08:35:00+00:00
1803,1803.T,1803.jp,2020-07-28,799.83,804.59,793.17,794.13,1990750,https://stooq.com/q/d/l/?s=1803.jp&i=d,2026-03-26T08:35:00+00:00
1803,1803.T,1803.jp,2020-07-29,782.72,787.47,777.00,786.51,1520848,https://stooq.com/q/d/l/?s=1803.jp&i=d,2026-03-26T08:35:00+00:00
1803,1803.T,1803.jp,2020-07-30,791.27,793.17,776.06,776.06,2137642,https://stooq.com/q/d/l/?s=1803.jp&i=d,2026-03-26T08:35:00+00:00
1803,1803.T,1803.jp,2020-07-31,770.35,774.15,717.09,718.99,5356616,https://stooq.com/q/d/l/?s=1803.jp&i=d,2026-03-26T08:35:00+00:00
1803,1803.T,1803.jp,2020-08-03,706.62,714.24,690.46,703.78,5112254,https://stooq.com/q/d/l/?s=1803.jp&i=d,2026-03-26T08:35:00+00:00
1803,1803.T,1803.jp,2020-08-04,708.53,744.67,708.53,742.77,4010417,https://stooq.com/q/d/l/?s=1803.jp&i=d,2026-03-26T08:35:00+00:00
1803,1803.T,1803.jp,2020-08-05,749.43,749.43,738.01,740.87,2257509,https://stooq.com/q/d/l/?s=1803.jp&i=d,2026-03-26T08:35:00+00:00
1803,1803.T,1803.jp,2020-08-06,741.82,749.43,738.96,743.73,1977818,https://stooq.com/q/d/l/?s=1803.jp&i=d,2026-03-26T08:35:00+00:00
1803,1803.T,1803.jp,2020-08-07,738.01,739.92,726.61,735.16,2644345,https://stooq.com/q/d/l/?s=1803.jp&i=d,2026-03-26T08:35:00+00:00
1803,1803.T,1803.jp,2020-08-11,739.92,759.88,737.07,757.99,2527947,https://stooq.com/q/d/l/?s=1803.jp&i=d,2026-03-26T08:35:00+00:00
1803,1803.T,1803.jp,2020-08-12,757.03,770.35,752.27,765.60,3345993,https://stooq.com/q/d/l/?s=1803.jp&i=d,2026-03-26T08:35:00+00:00
1803,1803.T,1803.jp,2020-08-13,773.20,777.00,761.79,771.30,2974928,https://stooq.com/q/d/l/?s=1803.jp&i=d,2026-03-26T08:35:00+00:00
1803,1803.T,1803.jp,2020-08-14,772.25,772.25,756.09,758.93,1884447,https://stooq.com/q/d/l/?s=1803.jp&i=d,2026-03-26T08:35:00+00:00
1803,1803.T,1803.jp,2020-08-17,756.09,765.60,755.14,757.03,1167132,https://stooq.com/q/d/l/?s=1803.jp&i=d,2026-03-26T08:35:00+00:00
1803,1803.T,1803.jp,2020-08-18,755.14,763.68,750.38,760.84,2319126,https://stooq.com/q/d/l/?s=1803.jp&i=d,2026-03-26T08:35:00+00:00
1803,1803.T,1803.jp,2020-08-19,763.68,770.35,761.79,769.41,1708220,https://stooq.com/q/d/l/?s=1803.jp&i=d,2026-03-26T08:35:00+00:00
1803,1803.T,1803.jp,2020-08-20,757.03,763.68,752.27,755.14,2541301,https://stooq.com/q/d/l/?s=1803.jp&i=d,2026-03-26T08:35:00+00:00
1803,1803.T,1803.jp,2020-08-21,755.14,766.54,752.27,761.79,1551761,https://stooq.com/q/d/l/?s=1803.jp&i=d,2026-03-26T08:35:00+00:00
1803,1803.T,1803.jp,2020-08-24,761.79,766.54,757.03,761.79,1111931,https://stooq.com/q/d/l/?s=1803.jp&i=d,2026-03-26T08:35:00+00:00
1803,1803.T,1803.jp,2020-08-25,776.06,778.91,765.60,774.15,2586725,https://stooq.com/q/d/l/?s=1803.jp&i=d,2026-03-26T08:35:00+00:00
1803,1803.T,1803.jp,2020-08-26,767.50,773.20,762.74,771.30,1641558,https://stooq.com/q/d/l/?s=1803.jp&i=d,2026-03-26T08:35:00+00:00
1803,1803.T,1803.jp,2020-08-27,763.68,768.45,758.93,763.68,1579310,https://stooq.com/q/d/l/?s=1803.jp&i=d,2026-03-26T08:35:00+00:00
1803,1803.T,1803.jp,2020-08-28,769.41,783.67,756.09,763.68,3074187,https://stooq.com/q/d/l/?s=1803.jp&i=d,2026-03-26T08:35:00+00:00
1803,1803.T,1803.jp,2020-08-31,776.06,785.57,771.30,776.06,2764213,https://stooq.com/q/d/l/?s=1803.jp&i=d,2026-03-26T08:35:00+00:00
1803,1803.T,1803.jp,2020-09-01,767.50,768.45,757.03,765.60,1726410,https://stooq.com/q/d/l/?s=1803.jp&i=d,2026-03-26T08:35:00+00:00
1803,1803.T,1803.jp,2020-09-02,769.41,770.35,755.14,757.03,1806113,https://stooq.com/q/d/l/?s=1803.jp&i=d,2026-03-26T08:35:00+00:00
1803,1803.T,1803.jp,2020-09-03,768.45,773.20,762.74,766.54,1962572,https://stooq.com/q/d/l/?s=1803.jp&i=d,2026-03-26T08:35:00+00:00
1803,1803.T,1803.jp,2020-09-04,758.93,768.45,757.03,766.54,1556073,https://stooq.com/q/d/l/?s=1803.jp&i=d,2026-03-26T08:35:00+00:00
1803,1803.T,1803.jp,2020-09-07,763.68,765.60,757.99,758.93,1237581,https://stooq.com/q/d/l/?s=1803.jp&i=d,2026-03-26T08:35:00+00:00
1803,1803.T,1803.jp,2020-09-08,763.68,764.64,749.43,755.14,1679305,https://stooq.com/q/d/l/?s=1803.jp&i=d,2026-03-26T08:35:00+00:00
1803,1803.T,1803.jp,2020-09-09,741.82,754.18,738.96,751.33,1911891,https://stooq.com/q/d/l/?s=1803.jp&i=d,2026-03-26T08:35:00+00:00
1803,1803.T,1803.jp,2020-09-10,755.14,763.68,751.33,762.74,1783401,https://stooq.com/q/d/l/?s=1803.jp&i=d,2026-03-26T08:35:00+00:00
1803,1803.T,1803.jp,2020-09-11,758.93,775.10,753.23,775.10,2915731,https://stooq.com/q/d/l/?s=1803.jp&i=d,2026-03-26T08:35:00+00:00
1803,1803.T,1803.jp,2020-09-14,784.61,797.93,782.72,796.02,2043220,https://stooq.com/q/d/l/?s=1803.jp&i=d,2026-03-26T08:35:00+00:00
1803,1803.T,1803.jp,2020-09-15,795.08,796.98,779.86,783.67,1833556,https://stooq.com/q/d/l/?s=1803.jp&i=d,2026-03-26T08:35:00+00:00
1803,1803.T,1803.jp,2020-09-16,780.81,781.76,766.54,769.41,2173496,https://stooq.com/q/d/l/?s=1803.jp&i=d,2026-03-26T08:35:00+00:00
1803,1803.T,1803.jp,2020-09-17,769.41,777.00,765.60,765.60,2385157,https://stooq.com/q/d/l/?s=1803.jp&i=d,2026-03-26T08:35:00+00:00
1803,1803.T,1803.jp,2020-09-18,769.41,781.76,767.50,781.76,3845862,https://stooq.com/q/d/l/?s=1803.jp&i=d,2026-03-26T08:35:00+00:00
1803,1803.T,1803.jp,2020-09-23,766.54,776.06,763.68,775.10,2608702,https://stooq.com/q/d/l/?s=1803.jp&i=d,2026-03-26T08:35:00+00:00
1803,1803.T,1803.jp,2020-09-24,768.45,771.30,760.84,764.64,1761320,https://stooq.com/q/d/l/?s=1803.jp&i=d,2026-03-26T08:35:00+00:00
1803,1803.T,1803.jp,2020-09-25,774.15,774.15,760.84,765.60,1844912,https://stooq.com/q/d/l/?s=1803.jp&i=d,2026-03-26T08:35:00+00:00
1803,1803.T,1803.jp,2020-09-28,771.30,784.61,767.50,784.61,2675785,https://stooq.com/q/d/l/?s=1803.jp&i=d,2026-03-26T08:35:00+00:00
1803,1803.T,1803.jp,2020-09-29,777.00,777.95,760.84,771.30,2158145,https://stooq.com/q/d/l/?s=1803.jp&i=d,2026-03-26T08:35:00+00:00
1803,1803.T,1803.jp,2020-09-30,771.30,772.25,749.43,750.38,2629941,https://stooq.com/q/d/l/?s=1803.jp&i=d,2026-03-26T08:35:00+00:00
1803,1803.T,1803.jp,2020-10-02,747.52,751.33,727.55,731.35,2505446,https://stooq.com/q/d/l/?s=1803.jp&i=d,2026-03-26T08:35:00+00:00
1803,1803.T,1803.jp,2020-10-05,743.73,756.09,738.96,751.33,1951951,https://stooq.com/q/d/l/?s=1803.jp&i=d,2026-03-26T08:35:00+00:00
1803,1803.T,1803.jp,2020-10-06,761.79,762.74,751.33,758.93,1779090,https://stooq.com/q/d/l/?s=1803.jp&i=d,2026-03-26T08:35:00+00:00
1803,1803.T,1803.jp,2020-10-07,748.47,756.09,742.77,752.27,1925981,https://stooq.com/q/d/l/?s=1803.jp&i=d,2026-03-26T08:35:00+00:00
1803,1803.T,1803.jp,2020-10-08,757.99,760.84,750.38,756.09,1547975,https://stooq.com/q/d/l/?s=1803.jp&i=d,2026-03-26T08:35:00+00:00
1803,1803.T,1803.jp,2020-10-09,754.18,756.09,745.61,749.43,1516958,https://stooq.com/q/d/l/?s=1803.jp&i=d,2026-03-26T08:35:00+00:00
1803,1803.T,1803.jp,2020-10-12,751.33,755.14,742.77,746.57,2418805,https://stooq.com/q/d/l/?s=1803.jp&i=d,2026-03-26T08:35:00+00:00
1803,1803.T,1803.jp,2020-10-13,749.43,754.18,742.77,751.33,1475424,https://stooq.com/q/d/l/?s=1803.jp&i=d,2026-03-26T08:35:00+00:00
1803,1803.T,1803.jp,2020-10-14,741.82,746.57,737.07,742.77,1601496,https://stooq.com/q/d/l/?s=1803.jp&i=d,2026-03-26T08:35:00+00:00
1803,1803.T,1803.jp,2020-10-15,741.82,743.73,736.11,736.11,1337788,https://stooq.com/q/d/l/?s=1803.jp&i=d,2026-03-26T08:35:00+00:00
1803,1803.T,1803.jp,2020-10-16,730.40,735.16,726.61,730.40,1433787,https://stooq.com/q/d/l/?s=1803.jp&i=d,2026-03-26T08:35:00+00:00
1803,1803.T,1803.jp,2020-10-19,731.35,737.07,727.55,728.51,1574894,https://stooq.com/q/d/l/?s=1803.jp&i=d,2026-03-26T08:35:00+00:00
1803,1803.T,1803.jp,2020-10-20,723.75,723.75,706.62,706.62,2380846,https://stooq.com/q/d/l/?s=1803.jp&i=d,2026-03-26T08:35:00+00:00
1803,1803.T,1803.jp,2020-10-21,710.44,721.85,708.53,718.99,1795808,https://stooq.com/q/d/l/?s=1803.jp&i=d,2026-03-26T08:35:00+00:00
1803,1803.T,1803.jp,2020-10-22,709.48,716.14,703.78,705.67,1962150,https://stooq.com/q/d/l/?s=1803.jp&i=d,2026-03-26T08:35:00+00:00
1803,1803.T,1803.jp,2020-10-23,710.44,716.14,701.87,711.39,1965201,https://stooq.com/q/d/l/?s=1803.jp&i=d,2026-03-26T08:35:00+00:00
1803,1803.T,1803.jp,2020-10-26,713.28,726.61,712.34,721.85,1676255,https://stooq.com/q/d/l/?s=1803.jp&i=d,2026-03-26T08:35:00+00:00
1803,1803.T,1803.jp,2020-10-27,718.03,718.03,704.73,709.48,1563643,https://stooq.com/q/d/l/?s=1803.jp&i=d,2026-03-26T08:35:00+00:00
1803,1803.T,1803.jp,2020-10-28,695.21,695.21,682.86,689.51,2425533,https://stooq.com/q/d/l/?s=1803.jp&i=d,2026-03-26T08:35:00+00:00
1803,1803.T,1803.jp,2020-10-29,677.14,694.27,676.20,691.41,1552918,https://stooq.com/q/d/l/?s=1803.jp&i=d,2026-03-26T08:35:00+00:00
1803,1803.T,1803.jp,2020-10-30,694.27,694.27,683.80,688.55,2625840,https://stooq.com/q/d/l/?s=1803.jp&i=d,2026-03-26T08:35:00+00:00
1803,1803.T,1803.jp,2020-11-02,694.27,705.67,693.31,703.78,2112300,https://stooq.com/q/d/l/?s=1803.jp&i=d,2026-03-26T08:35:00+00:00
1803,1803.T,1803.jp,2020-11-04,717.09,717.09,703.78,704.73,2048897,https://stooq.com/q/d/l/?s=1803.jp&i=d,2026-03-26T08:35:00+00:00
1803,1803.T,1803.jp,2020-11-05,701.87,709.48,685.71,707.58,2731827,https://stooq.com/q/d/l/?s=1803.jp&i=d,2026-03-26T08:35:00+00:00
1803,1803.T,1803.jp,2020-11-06,707.58,728.51,700.93,719.93,2848436,https://stooq.com/q/d/l/?s=1803.jp&i=d,2026-03-26T08:35:00+00:00
1803,1803.T,1803.jp,2020-11-09,726.61,746.57,722.80,738.96,3931452,https://stooq.com/q/d/l/?s=1803.jp&i=d,2026-03-26T08:35:00+00:00
1803,1803.T,1803.jp,2020-11-10,757.99,780.81,755.14,776.06,5980981,https://stooq.com/q/d/l/?s=1803.jp&i=d,2026-03-26T08:35:00+00:00
1803,1803.T,1803.jp,2020-11-11,795.08,807.44,780.81,782.72,4828042,https://stooq.com/q/d/l/?s=1803.jp&i=d,2026-03-26T08:35:00+00:00
1803,1803.T,1803.jp,2020-11-12,768.45,780.81,754.18,763.68,4532999,https://stooq.com/q/d/l/?s=1803.jp&i=d,2026-03-26T08:35:00+00:00
1803,1803.T,1803.jp,2020-11-13,763.68,765.60,743.73,754.18,2757905,https://stooq.com/q/d/l/?s=1803.jp&i=d,2026-03-26T08:35:00+00:00
1803,1803.T,1803.jp,2020-11-16,757.03,760.84,747.52,757.99,2954109,https://stooq.com/q/d/l/?s=1803.jp&i=d,2026-03-26T08:35:00+00:00
1803,1803.T,1803.jp,2020-11-17,762.74,767.50,754.18,763.68,3365550,https://stooq.com/q/d/l/?s=1803.jp&i=d,2026-03-26T08:35:00+00:00
1803,1803.T,1803.jp,2020-11-18,759.88,764.64,752.27,757.03,1871409,https://stooq.com/q/d/l/?s=1803.jp&i=d,2026-03-26T08:35:00+00:00
1803,1803.T,1803.jp,2020-11-19,750.38,772.25,749.43,771.30,2667582,https://stooq.com/q/d/l/?s=1803.jp&i=d,2026-03-26T08:35:00+00:00
1803,1803.T,1803.jp,2020-11-20,760.84,762.74,751.33,758.93,2116296,https://stooq.com/q/d/l/?s=1803.jp&i=d,2026-03-26T08:35:00+00:00
1803,1803.T,1803.jp,2020-11-24,777.95,788.42,773.20,780.81,2418174,https://stooq.com/q/d/l/?s=1803.jp&i=d,2026-03-26T08:35:00+00:00
1803,1803.T,1803.jp,2020-11-25,795.08,797.93,774.15,778.91,3255671,https://stooq.com/q/d/l/?s=1803.jp&i=d,2026-03-26T08:35:00+00:00
1803,1803.T,1803.jp,2020-11-26,774.15,774.15,761.79,767.50,1720523,https://stooq.com/q/d/l/?s=1803.jp&i=d,2026-03-26T08:35:00+00:00
1803,1803.T,1803.jp,2020-11-27,769.41,775.10,764.64,772.25,2619216,https://stooq.com/q/d/l/?s=1803.jp&i=d,2026-03-26T08:35:00+00:00
1803,1803.T,1803.jp,2020-11-30,777.00,777.00,751.33,754.18,6241957,https://stooq.com/q/d/l/?s=1803.jp&i=d,2026-03-26T08:35:00+00:00
1803,1803.T,1803.jp,2020-12-01,761.79,771.30,752.27,767.50,3183015,https://stooq.com/q/d/l/?s=1803.jp&i=d,2026-03-26T08:35:00+00:00
1803,1803.T,1803.jp,2020-12-02,776.06,779.86,767.50,770.35,3359661,https://stooq.com/q/d/l/?s=1803.jp&i=d,2026-03-26T08:35:00+00:00
1803,1803.T,1803.jp,2020-12-03,763.68,776.06,761.79,767.50,2116403,https://stooq.com/q/d/l/?s=1803.jp&i=d,2026-03-26T08:35:00+00:00
1803,1803.T,1803.jp,2020-12-04,768.45,789.37,767.50,778.91,2278749,https://stooq.com/q/d/l/?s=1803.jp&i=d,2026-03-26T08:35:00+00:00
1803,1803.T,1803.jp,2020-12-07,787.47,791.27,775.10,775.10,1694657,https://stooq.com/q/d/l/?s=1803.jp&i=d,2026-03-26T08:35:00+00:00
1803,1803.T,1803.jp,2020-12-08,772.25,782.72,772.25,778.91,2286425,https://stooq.com/q/d/l/?s=1803.jp&i=d,2026-03-26T08:35:00+00:00
1803,1803.T,1803.jp,2020-12-09,786.51,802.67,780.81,802.67,2996694,https://stooq.com/q/d/l/?s=1803.jp&i=d,2026-03-26T08:35:00+00:00
1803,1803.T,1803.jp,2020-12-10,803.63,803.63,791.27,791.27,2312922,https://stooq.com/q/d/l/?s=1803.jp&i=d,2026-03-26T08:35:00+00:00
1803,1803.T,1803.jp,2020-12-11,793.17,797.93,773.20,777.95,2583781,https://stooq.com/q/d/l/?s=1803.jp&i=d,2026-03-26T08:35:00+00:00
1803,1803.T,1803.jp,2020-12-14,777.95,789.37,776.06,780.81,2482734,https://stooq.com/q/d/l/?s=1803.jp&i=d,2026-03-26T08:35:00+00:00
1803,1803.T,1803.jp,2020-12-15,768.45,779.86,767.50,774.15,1827352,https://stooq.com/q/d/l/?s=1803.jp&i=d,2026-03-26T08:35:00+00:00
1803,1803.T,1803.jp,2020-12-16,773.20,774.15,762.74,763.68,2059622,https://stooq.com/q/d/l/?s=1803.jp&i=d,2026-03-26T08:35:00+00:00
1803,1803.T,1803.jp,2020-12-17,760.84,761.79,740.87,741.82,3141482,https://stooq.com/q/d/l/?s=1803.jp&i=d,2026-03-26T08:35:00+00:00
1803,1803.T,1803.jp,2020-12-18,742.77,747.52,738.01,741.82,3412656,https://stooq.com/q/d/l/?s=1803.jp&i=d,2026-03-26T08:35:00+00:00
1803,1803.T,1803.jp,2020-12-21,741.82,744.67,723.75,727.55,2354666,https://stooq.com/q/d/l/?s=1803.jp&i=d,2026-03-26T08:35:00+00:00
1803,1803.T,1803.jp,2020-12-22,716.14,718.99,700.93,701.87,3839764,https://stooq.com/q/d/l/?s=1803.jp&i=d,2026-03-26T08:35:00+00:00
1803,1803.T,1803.jp,2020-12-23,708.53,710.44,694.27,696.17,3262084,https://stooq.com/q/d/l/?s=1803.jp&i=d,2026-03-26T08:35:00+00:00
1803,1803.T,1803.jp,2020-12-24,700.93,711.39,700.93,703.78,1911680,https://stooq.com/q/d/l/?s=1803.jp&i=d,2026-03-26T08:35:00+00:00
1803,1803.T,1803.jp,2020-12-25,711.39,713.28,703.78,708.53,1891807,https://stooq.com/q/d/l/?s=1803.jp&i=d,2026-03-26T08:35:00+00:00
1803,1803.T,1803.jp,2020-12-28,705.67,710.44,699.02,703.78,1729040,https://stooq.com/q/d/l/?s=1803.jp&i=d,2026-03-26T08:35:00+00:00
1803,1803.T,1803.jp,2020-12-29,712.34,722.80,711.39,720.89,2003789,https://stooq.com/q/d/l/?s=1803.jp&i=d,2026-03-26T08:35:00+00:00
1803,1803.T,1803.jp,2020-12-30,722.80,722.80,706.62,713.28,1938282,https://stooq.com/q/d/l/?s=1803.jp&i=d,2026-03-26T08:35:00+00:00
1803,1803.T,1803.jp,2021-01-04,721.85,722.80,701.87,703.78,1790655,https://stooq.com/q/d/l/?s=1803.jp&i=d,2026-03-26T08:35:00+00:00
1803,1803.T,1803.jp,2021-01-05,693.31,697.12,688.55,690.46,3501190,https://stooq.com/q/d/l/?s=1803.jp&i=d,2026-03-26T08:35:00+00:00
1803,1803.T,1803.jp,2021-01-06,687.61,708.53,686.66,707.58,2912891,https://stooq.com/q/d/l/?s=1803.jp&i=d,2026-03-26T08:35:00+00:00
1803,1803.T,1803.jp,2021-01-07,718.99,729.46,714.24,721.85,3538833,https://stooq.com/q/d/l/?s=1803.jp&i=d,2026-03-26T08:35:00+00:00
1803,1803.T,1803.jp,2021-01-08,730.40,730.40,712.34,730.40,3792237,https://stooq.com/q/d/l/?s=1803.jp&i=d,2026-03-26T08:35:00+00:00
1803,1803.T,1803.jp,2021-01-12,730.40,730.40,720.89,726.61,2475164,https://stooq.com/q/d/l/?s=1803.jp&i=d,2026-03-26T08:35:00+00:00
1803,1803.T,1803.jp,2021-01-13,729.46,729.46,718.03,723.75,2910157,https://stooq.com/q/d/l/?s=1803.jp&i=d,2026-03-26T08:35:00+00:00
1803,1803.T,1803.jp,2021-01-14,722.80,741.82,722.80,740.87,3257880,https://stooq.com/q/d/l/?s=1803.jp&i=d,2026-03-26T08:35:00+00:00
1803,1803.T,1803.jp,2021-01-15,741.82,748.47,734.20,737.07,2579786,https://stooq.com/q/d/l/?s=1803.jp&i=d,2026-03-26T08:35:00+00:00
1803,1803.T,1803.jp,2021-01-18,732.30,736.11,724.69,727.55,1678569,https://stooq.com/q/d/l/?s=1803.jp&i=d,2026-03-26T08:35:00+00:00
1803,1803.T,1803.jp,2021-01-19,732.30,738.01,724.69,731.35,1997796,https://stooq.com/q/d/l/?s=1803.jp&i=d,2026-03-26T08:35:00+00:00
1803,1803.T,1803.jp,2021-01-20,723.75,727.55,719.93,723.75,2656543,https://stooq.com/q/d/l/?s=1803.jp&i=d,2026-03-26T08:35:00+00:00
1803,1803.T,1803.jp,2021-01-21,730.40,742.77,729.46,740.87,2755171,https://stooq.com/q/d/l/?s=1803.jp&i=d,2026-03-26T08:35:00+00:00
1803,1803.T,1803.jp,2021-01-22,739.92,752.27,739.92,748.47,3160618,https://stooq.com/q/d/l/?s=1803.jp&i=d,2026-03-26T08:35:00+00:00
1803,1803.T,1803.jp,2021-01-25,753.23,756.09,735.16,736.11,3186170,https://stooq.com/q/d/l/?s=1803.jp&i=d,2026-03-26T08:35:00+00:00
1803,1803.T,1803.jp,2021-01-26,738.01,742.77,731.35,733.26,2117138,https://stooq.com/q/d/l/?s=1803.jp&i=d,2026-03-26T08:35:00+00:00
1803,1803.T,1803.jp,2021-01-27,735.16,739.92,731.35,738.01,1667950,https://stooq.com/q/d/l/?s=1803.jp&i=d,2026-03-26T08:35:00+00:00
1803,1803.T,1803.jp,2021-01-28,722.80,735.16,719.93,728.51,7010056,https://stooq.com/q/d/l/?s=1803.jp&i=d,2026-03-26T08:35:00+00:00
1803,1803.T,1803.jp,2021-01-29,735.16,740.87,695.21,700.93,6068568,https://stooq.com/q/d/l/?s=1803.jp&i=d,2026-03-26T08:35:00+00:00
1803,1803.T,1803.jp,2021-02-01,703.78,725.65,699.02,700.93,5040965,https://stooq.com/q/d/l/?s=1803.jp&i=d,2026-03-26T08:35:00+00:00
1803,1803.T,1803.jp,2021-02-02,703.78,712.34,697.12,699.02,3311715,https://stooq.com/q/d/l/?s=1803.jp&i=d,2026-03-26T08:35:00+00:00
1803,1803.T,1803.jp,2021-02-03,702.82,718.99,699.97,718.99,3299623,https://stooq.com/q/d/l/?s=1803.jp&i=d,2026-03-26T08:35:00+00:00
1803,1803.T,1803.jp,2021-02-04,718.99,722.80,710.44,710.44,2547084,https://stooq.com/q/d/l/?s=1803.jp&i=d,2026-03-26T08:35:00+00:00
1803,1803.T,1803.jp,2021-02-05,716.14,727.55,711.39,726.61,3270602,https://stooq.com/q/d/l/?s=1803.jp&i=d,2026-03-26T08:35:00+00:00
1803,1803.T,1803.jp,2021-02-08,735.16,760.84,733.26,759.88,5040229,https://stooq.com/q/d/l/?s=1803.jp&i=d,2026-03-26T08:35:00+00:00
1803,1803.T,1803.jp,2021-02-09,753.23,764.64,748.47,753.23,2889549,https://stooq.com/q/d/l/?s=1803.jp&i=d,2026-03-26T08:35:00+00:00
1803,1803.T,1803.jp,2021-02-10,746.57,754.18,746.57,747.52,1793285,https://stooq.com/q/d/l/?s=1803.jp&i=d,2026-03-26T08:35:00+00:00
1803,1803.T,1803.jp,2021-02-12,749.43,757.03,741.82,755.14,3293524,https://stooq.com/q/d/l/?s=1803.jp&i=d,2026-03-26T08:35:00+00:00
1803,1803.T,1803.jp,2021-02-15,768.45,784.61,766.54,781.76,2848436,https://stooq.com/q/d/l/?s=1803.jp&i=d,2026-03-26T08:35:00+00:00
1803,1803.T,1803.jp,2021-02-16,787.47,796.02,781.76,787.47,3185539,https://stooq.com/q/d/l/?s=1803.jp&i=d,2026-03-26T08:35:00+00:00
1803,1803.T,1803.jp,2021-02-17,782.72,783.67,775.10,775.10,2051526,https://stooq.com/q/d/l/?s=1803.jp&i=d,2026-03-26T08:35:00+00:00
1803,1803.T,1803.jp,2021-02-18,779.86,786.51,760.84,763.68,2576526,https://stooq.com/q/d/l/?s=1803.jp&i=d,2026-03-26T08:35:00+00:00
1803,1803.T,1803.jp,2021-02-19,761.79,767.50,757.03,766.54,2000530,https://stooq.com/q/d/l/?s=1803.jp&i=d,2026-03-26T08:35:00+00:00
1803,1803.T,1803.jp,2021-02-22,780.81,783.67,773.20,777.00,2373276,https://stooq.com/q/d/l/?s=1803.jp&i=d,2026-03-26T08:35:00+00:00
1803,1803.T,1803.jp,2021-02-24,791.27,792.22,776.06,777.00,3183330,https://stooq.com/q/d/l/?s=1803.jp&i=d,2026-03-26T08:35:00+00:00
1803,1803.T,1803.jp,2021-02-25,797.93,807.44,790.32,803.63,3548506,https://stooq.com/q/d/l/?s=1803.jp&i=d,2026-03-26T08:35:00+00:00
1803,1803.T,1803.jp,2021-02-26,799.83,799.83,760.84,765.60,4669795,https://stooq.com/q/d/l/?s=1803.jp&i=d,2026-03-26T08:35:00+00:00
1803,1803.T,1803.jp,2021-03-01,775.10,789.37,773.20,787.47,2767894,https://stooq.com/q/d/l/?s=1803.jp&i=d,2026-03-26T08:35:00+00:00
1803,1803.T,1803.jp,2021-03-02,796.02,804.59,791.27,796.02,2785979,https://stooq.com/q/d/l/?s=1803.jp&i=d,2026-03-26T08:35:00+00:00
1803,1803.T,1803.jp,2021-03-03,796.98,806.49,795.08,804.59,1697915,https://stooq.com/q/d/l/?s=1803.jp&i=d,2026-03-26T08:35:00+00:00
1803,1803.T,1803.jp,2021-03-04,804.59,812.20,795.08,806.49,2266341,https://stooq.com/q/d/l/?s=1803.jp&i=d,2026-03-26T08:35:00+00:00
1803,1803.T,1803.jp,2021-03-05,813.15,816.00,800.78,816.00,2551080,https://stooq.com/q/d/l/?s=1803.jp&i=d,2026-03-26T08:35:00+00:00
1803,1803.T,1803.jp,2021-03-08,826.47,827.42,807.44,816.00,2663272,https://stooq.com/q/d/l/?s=1803.jp&i=d,2026-03-26T08:35:00+00:00
1803,1803.T,1803.jp,2021-03-09,834.08,843.58,825.51,836.92,3015621,https://stooq.com/q/d/l/?s=1803.jp&i=d,2026-03-26T08:35:00+00:00
1803,1803.T,1803.jp,2021-03-10,828.36,842.62,826.47,840.74,2906793,https://stooq.com/q/d/l/?s=1803.jp&i=d,2026-03-26T08:35:00+00:00
1803,1803.T,1803.jp,2021-03-11,865.46,878.77,858.80,867.36,3716637,https://stooq.com/q/d/l/?s=1803.jp&i=d,2026-03-26T08:35:00+00:00
1803,1803.T,1803.jp,2021-03-12,865.46,865.46,842.62,858.80,3503082,https://stooq.com/q/d/l/?s=1803.jp&i=d,2026-03-26T08:35:00+00:00
1803,1803.T,1803.jp,2021-03-15,863.55,883.52,861.65,875.91,2363813,https://stooq.com/q/d/l/?s=1803.jp&i=d,2026-03-26T08:35:00+00:00
1803,1803.T,1803.jp,2021-03-16,875.91,895.89,873.07,882.58,2931712,https://stooq.com/q/d/l/?s=1803.jp&i=d,2026-03-26T08:35:00+00:00
1803,1803.T,1803.jp,2021-03-17,862.60,868.31,858.80,864.50,2887341,https://stooq.com/q/d/l/?s=1803.jp&i=d,2026-03-26T08:35:00+00:00
1803,1803.T,1803.jp,2021-03-18,868.31,881.62,865.46,875.91,2335844,https://stooq.com/q/d/l/?s=1803.jp&i=d,2026-03-26T08:35:00+00:00
1803,1803.T,1803.jp,2021-03-19,870.21,889.23,863.55,880.67,4440680,https://stooq.com/q/d/l/?s=1803.jp&i=d,2026-03-26T08:35:00+00:00
1803,1803.T,1803.jp,2021-03-22,874.96,891.14,869.26,887.32,2697340,https://stooq.com/q/d/l/?s=1803.jp&i=d,2026-03-26T08:35:00+00:00
1803,1803.T,1803.jp,2021-03-23,880.67,893.04,878.77,881.62,2550448,https://stooq.com/q/d/l/?s=1803.jp&i=d,2026-03-26T08:35:00+00:00
1803,1803.T,1803.jp,2021-03-24,881.62,885.42,855.94,857.84,2286740,https://stooq.com/q/d/l/?s=1803.jp&i=d,2026-03-26T08:35:00+00:00
1803,1803.T,1803.jp,2021-03-25,865.46,890.18,864.50,880.67,2013147,https://stooq.com/q/d/l/?s=1803.jp&i=d,2026-03-26T08:35:00+00:00
1803,1803.T,1803.jp,2021-03-26,893.04,898.74,886.38,893.04,2136800,https://stooq.com/q/d/l/?s=1803.jp&i=d,2026-03-26T08:35:00+00:00
1803,1803.T,1803.jp,2021-03-29,907.30,909.21,879.73,890.18,2995116,https://stooq.com/q/d/l/?s=1803.jp&i=d,2026-03-26T08:35:00+00:00
1803,1803.T,1803.jp,2021-03-30,874.80,887.29,867.12,886.34,2895398,https://stooq.com/q/d/l/?s=1803.jp&i=d,2026-03-26T08:35:00+00:00
1803,1803.T,1803.jp,2021-03-31,871.91,875.76,861.34,861.34,2497923,https://stooq.com/q/d/l/?s=1803.jp&i=d,2026-03-26T08:35:00+00:00
1803,1803.T,1803.jp,2021-04-01,875.76,894.02,865.18,867.12,2546814,https://stooq.com/q/d/l/?s=1803.jp&i=d,2026-03-26T08:35:00+00:00
1803,1803.T,1803.jp,2021-04-02,873.85,877.69,863.26,866.15,1120960,https://stooq.com/q/d/l/?s=1803.jp&i=d,2026-03-26T08:35:00+00:00
1803,1803.T,1803.jp,2021-04-05,869.99,872.88,862.31,870.96,1027443,https://stooq.com/q/d/l/?s=1803.jp&i=d,2026-03-26T08:35:00+00:00
1803,1803.T,1803.jp,2021-04-06,874.80,875.76,858.45,868.07,2247434,https://stooq.com/q/d/l/?s=1803.jp&i=d,2026-03-26T08:35:00+00:00
1803,1803.T,1803.jp,2021-04-07,874.80,881.52,866.15,874.80,2749764,https://stooq.com/q/d/l/?s=1803.jp&i=d,2026-03-26T08:35:00+00:00
1803,1803.T,1803.jp,2021-04-08,876.72,876.72,862.31,869.03,2990164,https://stooq.com/q/d/l/?s=1803.jp&i=d,2026-03-26T08:35:00+00:00
1803,1803.T,1803.jp,2021-04-09,874.80,880.57,867.12,869.03,3460352,https://stooq.com/q/d/l/?s=1803.jp&i=d,2026-03-26T08:35:00+00:00
1803,1803.T,1803.jp,2021-04-12,875.76,876.72,864.22,872.88,2026487,https://stooq.com/q/d/l/?s=1803.jp&i=d,2026-03-26T08:35:00+00:00
1803,1803.T,1803.jp,2021-04-13,875.76,886.34,872.88,873.85,1884494,https://stooq.com/q/d/l/?s=1803.jp&i=d,2026-03-26T08:35:00+00:00
1803,1803.T,1803.jp,2021-04-14,861.34,865.18,846.91,863.26,2186268,https://stooq.com/q/d/l/?s=1803.jp&i=d,2026-03-26T08:35:00+00:00
1803,1803.T,1803.jp,2021-04-15,868.07,878.64,868.07,871.91,1574919,https://stooq.com/q/d/l/?s=1803.jp&i=d,2026-03-26T08:35:00+00:00
1803,1803.T,1803.jp,2021-04-16,874.80,877.69,866.15,874.80,2257108,https://stooq.com/q/d/l/?s=1803.jp&i=d,2026-03-26T08:35:00+00:00
1803,1803.T,1803.jp,2021-04-19,874.80,883.45,873.85,873.85,1681856,https://stooq.com/q/d/l/?s=1803.jp&i=d,2026-03-26T08:35:00+00:00
1803,1803.T,1803.jp,2021-04-20,869.99,870.96,860.38,864.22,2382353,https://stooq.com/q/d/l/?s=1803.jp&i=d,2026-03-26T08:35:00+00:00
1803,1803.T,1803.jp,2021-04-21,844.99,850.77,835.39,846.91,2972064,https://stooq.com/q/d/l/?s=1803.jp&i=d,2026-03-26T08:35:00+00:00
1803,1803.T,1803.jp,2021-04-22,855.58,856.54,844.04,849.81,2505205,https://stooq.com/q/d/l/?s=1803.jp&i=d,2026-03-26T08:35:00+00:00
1803,1803.T,1803.jp,2021-04-23,849.81,857.49,844.04,855.58,2115947,https://stooq.com/q/d/l/?s=1803.jp&i=d,2026-03-26T08:35:00+00:00
1803,1803.T,1803.jp,2021-04-26,860.38,864.22,853.65,859.42,2324412,https://stooq.com/q/d/l/?s=1803.jp&i=d,2026-03-26T08:35:00+00:00
1803,1803.T,1803.jp,2021-04-27,859.42,866.15,853.65,862.31,2076522,https://stooq.com/q/d/l/?s=1803.jp&i=d,2026-03-26T08:35:00+00:00
1803,1803.T,1803.jp,2021-04-28,864.22,868.07,857.49,864.22,1932969,https://stooq.com/q/d/l/?s=1803.jp&i=d,2026-03-26T08:35:00+00:00
1803,1803.T,1803.jp,2021-04-30,867.12,872.88,856.54,860.38,2947721,https://stooq.com/q/d/l/?s=1803.jp&i=d,2026-03-26T08:35:00+00:00
1803,1803.T,1803.jp,2021-05-06,879.61,881.52,870.96,878.64,3232018,https://stooq.com/q/d/l/?s=1803.jp&i=d,2026-03-26T08:35:00+00:00
1803,1803.T,1803.jp,2021-05-07,882.49,902.67,880.57,897.88,2855973,https://stooq.com/q/d/l/?s=1803.jp&i=d,2026-03-26T08:35:00+00:00
1803,1803.T,1803.jp,2021-05-10,899.79,916.13,869.99,898.83,6456549,https://stooq.com/q/d/l/?s=1803.jp&i=d,2026-03-26T08:35:00+00:00
1803,1803.T,1803.jp,2021-05-11,894.99,899.79,869.99,874.80,4416746,https://stooq.com/q/d/l/?s=1803.jp&i=d,2026-03-26T08:35:00+00:00
1803,1803.T,1803.jp,2021-05-12,869.99,883.45,855.58,864.22,3603384,https://stooq.com/q/d/l/?s=1803.jp&i=d,2026-03-26T08:35:00+00:00
1803,1803.T,1803.jp,2021-05-13,866.15,872.88,855.58,857.49,3213503,https://stooq.com/q/d/l/?s=1803.jp&i=d,2026-03-26T08:35:00+00:00
1803,1803.T,1803.jp,2021-05-14,867.12,877.69,864.22,875.76,3444124,https://stooq.com/q/d/l/?s=1803.jp&i=d,2026-03-26T08:35:00+00:00
1803,1803.T,1803.jp,2021-05-17,874.80,877.69,844.04,854.61,3044151,https://stooq.com/q/d/l/?s=1803.jp&i=d,2026-03-26T08:35:00+00:00
1803,1803.T,1803.jp,2021-05-18,862.31,868.07,852.69,860.38,3159930,https://stooq.com/q/d/l/?s=1803.jp&i=d,2026-03-26T08:35:00+00:00
1803,1803.T,1803.jp,2021-05-19,852.69,877.69,852.69,877.69,2592689,https://stooq.com/q/d/l/?s=1803.jp&i=d,2026-03-26T08:35:00+00:00
1803,1803.T,1803.jp,2021-05-20,870.96,875.76,865.18,869.99,2328260,https://stooq.com/q/d/l/?s=1803.jp&i=d,2026-03-26T08:35:00+00:00
1803,1803.T,1803.jp,2021-05-21,872.88,880.57,870.96,877.69,1727315,https://stooq.com/q/d/l/?s=1803.jp&i=d,2026-03-26T08:35:00+00:00
1803,1803.T,1803.jp,2021-05-24,877.69,888.26,874.80,878.64,1417116,https://stooq.com/q/d/l/?s=1803.jp&i=d,2026-03-26T08:35:00+00:00
1803,1803.T,1803.jp,2021-05-25,884.42,884.42,872.88,873.85,1851519,https://stooq.com/q/d/l/?s=1803.jp&i=d,2026-03-26T08:35:00+00:00
1803,1803.T,1803.jp,2021-05-26,865.18,870.96,857.49,866.15,2606524,https://stooq.com/q/d/l/?s=1803.jp&i=d,2026-03-26T08:35:00+00:00
1803,1803.T,1803.jp,2021-05-27,861.34,863.26,846.91,852.69,5415895,https://stooq.com/q/d/l/?s=1803.jp&i=d,2026-03-26T08:35:00+00:00
1803,1803.T,1803.jp,2021-05-28,860.38,867.12,858.45,863.26,2983090,https://stooq.com/q/d/l/?s=1803.jp&i=d,2026-03-26T08:35:00+00:00
1803,1803.T,1803.jp,2021-05-31,860.38,866.15,857.49,862.31,2208217,https://stooq.com/q/d/l/?s=1803.jp&i=d,2026-03-26T08:35:00+00:00
1803,1803.T,1803.jp,2021-06-01,868.07,869.99,859.42,867.12,1921216,https://stooq.com/q/d/l/?s=1803.jp&i=d,2026-03-26T08:35:00+00:00
1803,1803.T,1803.jp,2021-06-02,881.52,903.64,873.85,902.67,3351958,https://stooq.com/q/d/l/?s=1803.jp&i=d,2026-03-26T08:35:00+00:00
1803,1803.T,1803.jp,2021-06-03,894.99,914.21,892.10,894.99,2860237,https://stooq.com/q/d/l/?s=1803.jp&i=d,2026-03-26T08:35:00+00:00
1803,1803.T,1803.jp,2021-06-04,903.64,911.34,900.75,906.52,2289355,https://stooq.com/q/d/l/?s=1803.jp&i=d,2026-03-26T08:35:00+00:00
1803,1803.T,1803.jp,2021-06-07,906.52,916.13,903.64,916.13,1933074,https://stooq.com/q/d/l/?s=1803.jp&i=d,2026-03-26T08:35:00+00:00
1803,1803.T,1803.jp,2021-06-08,906.52,911.34,895.95,900.75,3052786,https://stooq.com/q/d/l/?s=1803.jp&i=d,2026-03-26T08:35:00+00:00
1803,1803.T,1803.jp,2021-06-09,901.72,910.37,901.72,904.61,1461950,https://stooq.com/q/d/l/?s=1803.jp&i=d,2026-03-26T08:35:00+00:00
1803,1803.T,1803.jp,2021-06-10,904.61,908.45,894.99,902.67,2049996,https://stooq.com/q/d/l/?s=1803.jp&i=d,2026-03-26T08:35:00+00:00
1803,1803.T,1803.jp,2021-06-11,907.48,908.45,891.15,896.91,3039990,https://stooq.com/q/d/l/?s=1803.jp&i=d,2026-03-26T08:35:00+00:00
1803,1803.T,1803.jp,2021-06-14,898.83,901.72,845.96,848.85,6816575,https://stooq.com/q/d/l/?s=1803.jp&i=d,2026-03-26T08:35:00+00:00
1803,1803.T,1803.jp,2021-06-15,849.81,855.58,826.73,830.58,6058554,https://stooq.com/q/d/l/?s=1803.jp&i=d,2026-03-26T08:35:00+00:00
1803,1803.T,1803.jp,2021-06-16,838.27,848.85,836.35,841.15,3544714,https://stooq.com/q/d/l/?s=1803.jp&i=d,2026-03-26T08:35:00+00:00
1803,1803.T,1803.jp,2021-06-17,845.96,849.81,825.78,834.42,3351438,https://stooq.com/q/d/l/?s=1803.jp&i=d,2026-03-26T08:35:00+00:00
1803,1803.T,1803.jp,2021-06-18,825.78,832.51,817.12,829.62,4379921,https://stooq.com/q/d/l/?s=1803.jp&i=d,2026-03-26T08:35:00+00:00
1803,1803.T,1803.jp,2021-06-21,815.20,816.15,797.89,806.55,4036227,https://stooq.com/q/d/l/?s=1803.jp&i=d,2026-03-26T08:35:00+00:00
1803,1803.T,1803.jp,2021-06-22,820.96,835.39,818.08,834.42,3065582,https://stooq.com/q/d/l/?s=1803.jp&i=d,2026-03-26T08:35:00+00:00
1803,1803.T,1803.jp,2021-06-23,833.46,839.23,827.69,832.51,2913186,https://stooq.com/q/d/l/?s=1803.jp&i=d,2026-03-26T08:35:00+00:00
1803,1803.T,1803.jp,2021-06-24,825.78,832.51,820.01,828.66,1991744,https://stooq.com/q/d/l/?s=1803.jp&i=d,2026-03-26T08:35:00+00:00
1803,1803.T,1803.jp,2021-06-25,835.39,838.27,822.88,825.78,1942436,https://stooq.com/q/d/l/?s=1803.jp&i=d,2026-03-26T08:35:00+00:00
1803,1803.T,1803.jp,2021-06-28,835.39,836.35,827.69,835.39,1418780,https://stooq.com/q/d/l/?s=1803.jp&i=d,2026-03-26T08:35:00+00:00
1803,1803.T,1803.jp,2021-06-29,822.88,826.73,819.05,821.93,1991848,https://stooq.com/q/d/l/?s=1803.jp&i=d,2026-03-26T08:35:00+00:00
1803,1803.T,1803.jp,2021-06-30,815.20,825.78,815.20,819.05,2158597,https://stooq.com/q/d/l/?s=1803.jp&i=d,2026-03-26T08:35:00+00:00
1803,1803.T,1803.jp,2021-07-01,827.69,834.42,820.01,822.88,2536829,https://stooq.com/q/d/l/?s=1803.jp&i=d,2026-03-26T08:35:00+00:00
1803,1803.T,1803.jp,2021-07-02,825.78,840.18,825.78,837.31,3325016,https://stooq.com/q/d/l/?s=1803.jp&i=d,2026-03-26T08:35:00+00:00
1803,1803.T,1803.jp,2021-07-05,831.54,836.35,830.58,833.46,1664484,https://stooq.com/q/d/l/?s=1803.jp&i=d,2026-03-26T08:35:00+00:00
1803,1803.T,1803.jp,2021-07-06,840.18,843.08,835.39,838.27,1595205,https://stooq.com/q/d/l/?s=1803.jp&i=d,2026-03-26T08:35:00+00:00
1803,1803.T,1803.jp,2021-07-07,823.85,833.46,822.88,830.58,2019725,https://stooq.com/q/d/l/?s=1803.jp&i=d,2026-03-26T08:35:00+00:00
1803,1803.T,1803.jp,2021-07-08,826.73,838.27,819.05,833.46,2843802,https://stooq.com/q/d/l/?s=1803.jp&i=d,2026-03-26T08:35:00+00:00
1803,1803.T,1803.jp,2021-07-09,819.05,836.35,815.20,834.42,3065789,https://stooq.com/q/d/l/?s=1803.jp&i=d,2026-03-26T08:35:00+00:00
1803,1803.T,1803.jp,2021-07-12,844.99,856.54,844.04,856.54,2579790,https://stooq.com/q/d/l/?s=1803.jp&i=d,2026-03-26T08:35:00+00:00
1803,1803.T,1803.jp,2021-07-13,856.54,862.31,850.77,860.38,2047812,https://stooq.com/q/d/l/?s=1803.jp&i=d,2026-03-26T08:35:00+00:00
1803,1803.T,1803.jp,2021-07-14,861.34,874.80,860.38,874.80,2497611,https://stooq.com/q/d/l/?s=1803.jp&i=d,2026-03-26T08:35:00+00:00
1803,1803.T,1803.jp,2021-07-15,876.72,887.29,867.12,869.99,3201644,https://stooq.com/q/d/l/?s=1803.jp&i=d,2026-03-26T08:35:00+00:00
1803,1803.T,1803.jp,2021-07-16,855.58,872.88,855.58,863.26,2972271,https://stooq.com/q/d/l/?s=1803.jp&i=d,2026-03-26T08:35:00+00:00
1803,1803.T,1803.jp,2021-07-19,860.38,864.22,853.65,860.38,1577416,https://stooq.com/q/d/l/?s=1803.jp&i=d,2026-03-26T08:35:00+00:00
1803,1803.T,1803.jp,2021-07-20,848.85,856.54,844.99,852.69,2099511,https://stooq.com/q/d/l/?s=1803.jp&i=d,2026-03-26T08:35:00+00:00
1803,1803.T,1803.jp,2021-07-21,867.12,872.88,859.42,861.34,1940147,https://stooq.com/q/d/l/?s=1803.jp&i=d,2026-03-26T08:35:00+00:00
1803,1803.T,1803.jp,2021-07-26,875.76,875.76,854.61,856.54,2467341,https://stooq.com/q/d/l/?s=1803.jp&i=d,2026-03-26T08:35:00+00:00
1803,1803.T,1803.jp,2021-07-27,867.12,869.99,863.26,865.18,1762683,https://stooq.com/q/d/l/?s=1803.jp&i=d,2026-03-26T08:35:00+00:00
1803,1803.T,1803.jp,2021-07-28,843.08,852.69,843.08,847.88,3441523,https://stooq.com/q/d/l/?s=1803.jp&i=d,2026-03-26T08:35:00+00:00
1803,1803.T,1803.jp,2021-07-29,846.91,847.88,834.42,842.12,3126643,https://stooq.com/q/d/l/?s=1803.jp&i=d,2026-03-26T08:35:00+00:00
1803,1803.T,1803.jp,2021-07-30,841.15,852.69,765.21,771.94,9626050,https://stooq.com/q/d/l/?s=1803.jp&i=d,2026-03-26T08:35:00+00:00
1803,1803.T,1803.jp,2021-08-02,782.51,805.58,777.72,795.97,7704210,https://stooq.com/q/d/l/?s=1803.jp&i=d,2026-03-26T08:35:00+00:00
1803,1803.T,1803.jp,2021-08-03,781.55,803.66,780.59,796.93,4838355,https://stooq.com/q/d/l/?s=1803.jp&i=d,2026-03-26T08:35:00+00:00
1803,1803.T,1803.jp,2021-08-04,790.21,802.69,788.28,801.75,2424898,https://stooq.com/q/d/l/?s=1803.jp&i=d,2026-03-26T08:35:00+00:00
1803,1803.T,1803.jp,2021-08-05,791.16,799.82,783.48,787.32,2845570,https://stooq.com/q/d/l/?s=1803.jp&i=d,2026-03-26T08:35:00+00:00
1803,1803.T,1803.jp,2021-08-06,779.63,794.05,776.75,788.28,3160659,https://stooq.com/q/d/l/?s=1803.jp&i=d,2026-03-26T08:35:00+00:00
1803,1803.T,1803.jp,2021-08-10,787.32,795.97,778.66,784.43,2725319,https://stooq.com/q/d/l/?s=1803.jp&i=d,2026-03-26T08:35:00+00:00
1803,1803.T,1803.jp,2021-08-11,793.09,797.89,778.66,796.93,3765453,https://stooq.com/q/d/l/?s=1803.jp&i=d,2026-03-26T08:35:00+00:00
1803,1803.T,1803.jp,2021-08-12,802.69,814.24,796.93,809.42,3040927,https://stooq.com/q/d/l/?s=1803.jp&i=d,2026-03-26T08:35:00+00:00
1803,1803.T,1803.jp,2021-08-13,808.47,812.32,801.75,803.66,2063936,https://stooq.com/q/d/l/?s=1803.jp&i=d,2026-03-26T08:35:00+00:00
1803,1803.T,1803.jp,2021-08-16,797.89,800.78,781.55,790.21,3116449,https://stooq.com/q/d/l/?s=1803.jp&i=d,2026-03-26T08:35:00+00:00
1803,1803.T,1803.jp,2021-08-17,792.12,795.97,781.55,782.51,2244521,https://stooq.com/q/d/l/?s=1803.jp&i=d,2026-03-26T08:35:00+00:00
1803,1803.T,1803.jp,2021-08-18,774.82,801.75,774.82,799.82,2819357,https://stooq.com/q/d/l/?s=1803.jp&i=d,2026-03-26T08:35:00+00:00
1803,1803.T,1803.jp,2021-08-19,795.02,798.85,787.32,795.97,2477847,https://stooq.com/q/d/l/?s=1803.jp&i=d,2026-03-26T08:35:00+00:00
1803,1803.T,1803.jp,2021-08-20,793.09,797.89,791.16,792.12,2597369,https://stooq.com/q/d/l/?s=1803.jp&i=d,2026-03-26T08:35:00+00:00
1803,1803.T,1803.jp,2021-08-23,795.97,802.69,786.36,789.24,1483691,https://stooq.com/q/d/l/?s=1803.jp&i=d,2026-03-26T08:35:00+00:00
1803,1803.T,1803.jp,2021-08-24,785.39,794.05,785.39,788.28,1852247,https://stooq.com/q/d/l/?s=1803.jp&i=d,2026-03-26T08:35:00+00:00
1803,1803.T,1803.jp,2021-08-25,787.32,790.21,779.63,780.59,1878774,https://stooq.com/q/d/l/?s=1803.jp&i=d,2026-03-26T08:35:00+00:00
1803,1803.T,1803.jp,2021-08-26,783.48,783.48,774.82,778.66,1639207,https://stooq.com/q/d/l/?s=1803.jp&i=d,2026-03-26T08:35:00+00:00
1803,1803.T,1803.jp,2021-08-27,767.13,771.94,760.40,761.36,2475558,https://stooq.com/q/d/l/?s=1803.jp&i=d,2026-03-26T08:35:00+00:00
1803,1803.T,1803.jp,2021-08-30,766.17,771.94,760.40,768.09,2269695,https://stooq.com/q/d/l/?s=1803.jp&i=d,2026-03-26T08:35:00+00:00
1803,1803.T,1803.jp,2021-08-31,760.40,767.13,754.63,759.45,4757736,https://stooq.com/q/d/l/?s=1803.jp&i=d,2026-03-26T08:35:00+00:00
1803,1803.T,1803.jp,2021-09-01,747.90,770.99,745.99,767.13,3630535,https://stooq.com/q/d/l/?s=1803.jp&i=d,2026-03-26T08:35:00+00:00
1803,1803.T,1803.jp,2021-09-02,765.21,769.05,755.59,759.45,2329612,https://stooq.com/q/d/l/?s=1803.jp&i=d,2026-03-26T08:35:00+00:00
1803,1803.T,1803.jp,2021-09-03,749.83,788.28,749.83,782.51,4220870,https://stooq.com/q/d/l/?s=1803.jp&i=d,2026-03-26T08:35:00+00:00
1803,1803.T,1803.jp,2021-09-06,791.16,792.12,781.55,783.48,2180963,https://stooq.com/q/d/l/?s=1803.jp&i=d,2026-03-26T08:35:00+00:00
1803,1803.T,1803.jp,2021-09-07,793.09,794.05,785.39,787.32,2131967,https://stooq.com/q/d/l/?s=1803.jp&i=d,2026-03-26T08:35:00+00:00
1803,1803.T,1803.jp,2021-09-08,786.36,795.97,783.48,795.02,2386929,https://stooq.com/q/d/l/?s=1803.jp&i=d,2026-03-26T08:35:00+00:00
1803,1803.T,1803.jp,2021-09-09,786.36,791.16,779.63,782.51,2676115,https://stooq.com/q/d/l/?s=1803.jp&i=d,2026-03-26T08:35:00+00:00
1803,1803.T,1803.jp,2021-09-10,790.21,792.12,783.48,789.24,3644369,https://stooq.com/q/d/l/?s=1803.jp&i=d,2026-03-26T08:35:00+00:00
1803,1803.T,1803.jp,2021-09-13,788.28,801.75,783.48,801.75,2139562,https://stooq.com/q/d/l/?s=1803.jp&i=d,2026-03-26T08:35:00+00:00
1803,1803.T,1803.jp,2021-09-14,815.20,818.08,809.42,813.28,2699001,https://stooq.com/q/d/l/?s=1803.jp&i=d,2026-03-26T08:35:00+00:00
1803,1803.T,1803.jp,2021-09-15,798.85,814.24,796.93,811.36,2960828,https://stooq.com/q/d/l/?s=1803.jp&i=d,2026-03-26T08:35:00+00:00
1803,1803.T,1803.jp,2021-09-16,819.05,832.51,814.24,829.62,3341973,https://stooq.com/q/d/l/?s=1803.jp&i=d,2026-03-26T08:35:00+00:00
1803,1803.T,1803.jp,2021-09-17,831.54,837.31,821.93,829.62,4210363,https://stooq.com/q/d/l/?s=1803.jp&i=d,2026-03-26T08:35:00+00:00
1803,1803.T,1803.jp,2021-09-21,812.32,829.62,812.32,813.28,2433636,https://stooq.com/q/d/l/?s=1803.jp&i=d,2026-03-26T08:35:00+00:00
1803,1803.T,1803.jp,2021-09-22,802.69,809.42,797.89,799.82,3150881,https://stooq.com/q/d/l/?s=1803.jp&i=d,2026-03-26T08:35:00+00:00
1803,1803.T,1803.jp,2021-09-24,812.32,814.24,796.93,806.55,3553869,https://stooq.com/q/d/l/?s=1803.jp&i=d,2026-03-26T08:35:00+00:00
1803,1803.T,1803.jp,2021-09-27,813.28,824.81,812.32,821.93,2090565,https://stooq.com/q/d/l/?s=1803.jp&i=d,2026-03-26T08:35:00+00:00
1803,1803.T,1803.jp,2021-09-28,828.66,831.54,820.96,829.62,2328364,https://stooq.com/q/d/l/?s=1803.jp&i=d,2026-03-26T08:35:00+00:00
1803,1803.T,1803.jp,2021-09-29,826.70,830.59,819.89,826.70,2655286,https://stooq.com/q/d/l/?s=1803.jp&i=d,2026-03-26T08:35:00+00:00
1803,1803.T,1803.jp,2021-09-30,837.40,846.16,818.92,819.89,3332242,https://stooq.com/q/d/l/?s=1803.jp&i=d,2026-03-26T08:35:00+00:00
1803,1803.T,1803.jp,2021-10-01,814.05,818.92,804.33,810.16,2242264,https://stooq.com/q/d/l/?s=1803.jp&i=d,2026-03-26T08:35:00+00:00
1803,1803.T,1803.jp,2021-10-04,821.84,836.42,819.89,831.56,2665259,https://stooq.com/q/d/l/?s=1803.jp&i=d,2026-03-26T08:35:00+00:00
1803,1803.T,1803.jp,2021-10-05,831.56,856.85,831.56,842.26,4461291,https://stooq.com/q/d/l/?s=1803.jp&i=d,2026-03-26T08:35:00+00:00
1803,1803.T,1803.jp,2021-10-06,834.48,843.23,809.20,827.67,3472075,https://stooq.com/q/d/l/?s=1803.jp&i=d,2026-03-26T08:35:00+00:00
1803,1803.T,1803.jp,2021-10-07,830.59,834.48,819.89,832.54,2135127,https://stooq.com/q/d/l/?s=1803.jp&i=d,2026-03-26T08:35:00+00:00
1803,1803.T,1803.jp,2021-10-08,839.35,847.12,831.56,840.31,2957572,https://stooq.com/q/d/l/?s=1803.jp&i=d,2026-03-26T08:35:00+00:00
1803,1803.T,1803.jp,2021-10-11,839.35,840.31,823.78,832.54,3071494,https://stooq.com/q/d/l/?s=1803.jp&i=d,2026-03-26T08:35:00+00:00
1803,1803.T,1803.jp,2021-10-12,825.73,827.67,818.92,820.86,2946879,https://stooq.com/q/d/l/?s=1803.jp&i=d,2026-03-26T08:35:00+00:00
1803,1803.T,1803.jp,2021-10-13,819.89,826.70,815.03,825.73,2351868,https://stooq.com/q/d/l/?s=1803.jp&i=d,2026-03-26T08:35:00+00:00
1803,1803.T,1803.jp,2021-10-14,819.89,827.67,813.08,826.70,2209876,https://stooq.com/q/d/l/?s=1803.jp&i=d,2026-03-26T08:35:00+00:00
1803,1803.T,1803.jp,2021-10-15,829.62,834.48,826.70,830.59,2030869,https://stooq.com/q/d/l/?s=1803.jp&i=d,2026-03-26T08:35:00+00:00
1803,1803.T,1803.jp,2021-10-18,835.46,836.42,827.67,833.50,1284922,https://stooq.com/q/d/l/?s=1803.jp&i=d,2026-03-26T08:35:00+00:00
1803,1803.T,1803.jp,2021-10-19,832.54,836.42,827.67,831.56,1402957,https://stooq.com/q/d/l/?s=1803.jp&i=d,2026-03-26T08:35:00+00:00
1803,1803.T,1803.jp,2021-10-20,836.42,842.26,832.54,835.46,1387945,https://stooq.com/q/d/l/?s=1803.jp&i=d,2026-03-26T08:35:00+00:00
1803,1803.T,1803.jp,2021-10-21,838.37,841.29,826.70,830.59,1817315,https://stooq.com/q/d/l/?s=1803.jp&i=d,2026-03-26T08:35:00+00:00
1803,1803.T,1803.jp,2021-10-22,824.75,840.31,820.86,833.50,1705963,https://stooq.com/q/d/l/?s=1803.jp&i=d,2026-03-26T08:35:00+00:00
1803,1803.T,1803.jp,2021-10-25,832.54,837.40,823.78,824.75,1366250,https://stooq.com/q/d/l/?s=1803.jp&i=d,2026-03-26T08:35:00+00:00
1803,1803.T,1803.jp,2021-10-26,827.67,835.46,822.81,827.67,1468350,https://stooq.com/q/d/l/?s=1803.jp&i=d,2026-03-26T08:35:00+00:00
1803,1803.T,1803.jp,2021-10-27,829.62,831.56,816.97,818.92,1867593,https://stooq.com/q/d/l/?s=1803.jp&i=d,2026-03-26T08:35:00+00:00
1803,1803.T,1803.jp,2021-10-28,812.11,822.81,805.30,817.95,2219130,https://stooq.com/q/d/l/?s=1803.jp&i=d,2026-03-26T08:35:00+00:00
1803,1803.T,1803.jp,2021-10-29,814.05,815.03,803.35,810.16,1828111,https://stooq.com/q/d/l/?s=1803.jp&i=d,2026-03-26T08:35:00+00:00
1803,1803.T,1803.jp,2021-11-01,834.48,856.85,832.54,856.85,3426527,https://stooq.com/q/d/l/?s=1803.jp&i=d,2026-03-26T08:35:00+00:00
1803,1803.T,1803.jp,2021-11-02,853.93,858.80,843.23,846.16,1902244,https://stooq.com/q/d/l/?s=1803.jp&i=d,2026-03-26T08:35:00+00:00
1803,1803.T,1803.jp,2021-11-04,855.88,866.57,852.96,858.80,2355981,https://stooq.com/q/d/l/?s=1803.jp&i=d,2026-03-26T08:35:00+00:00
1803,1803.T,1803.jp,2021-11-05,847.12,854.91,843.23,851.99,1788834,https://stooq.com/q/d/l/?s=1803.jp&i=d,2026-03-26T08:35:00+00:00
1803,1803.T,1803.jp,2021-11-08,861.72,868.52,778.07,786.82,8999491,https://stooq.com/q/d/l/?s=1803.jp&i=d,2026-03-26T08:35:00+00:00
1803,1803.T,1803.jp,2021-11-09,763.48,778.07,753.75,768.35,8080808,https://stooq.com/q/d/l/?s=1803.jp&i=d,2026-03-26T08:35:00+00:00
1803,1803.T,1803.jp,2021-11-10,761.54,764.45,744.03,754.73,3387969,https://stooq.com/q/d/l/?s=1803.jp&i=d,2026-03-26T08:35:00+00:00
1803,1803.T,1803.jp,2021-11-11,753.75,754.73,742.09,742.09,2154662,https://stooq.com/q/d/l/?s=1803.jp&i=d,2026-03-26T08:35:00+00:00
1803,1803.T,1803.jp,2021-11-12,740.14,755.70,739.17,752.79,2406465,https://stooq.com/q/d/l/?s=1803.jp&i=d,2026-03-26T08:35:00+00:00
1803,1803.T,1803.jp,2021-11-15,754.73,756.68,745.00,746.94,1451487,https://stooq.com/q/d/l/?s=1803.jp&i=d,2026-03-26T08:35:00+00:00
1803,1803.T,1803.jp,2021-11-16,753.75,758.62,745.00,745.00,1757989,https://stooq.com/q/d/l/?s=1803.jp&i=d,2026-03-26T08:35:00+00:00
1803,1803.T,1803.jp,2021-11-17,742.09,743.06,731.38,732.36,2130603,https://stooq.com/q/d/l/?s=1803.jp&i=d,2026-03-26T08:35:00+00:00
1803,1803.T,1803.jp,2021-11-18,728.47,739.17,722.63,738.19,2838405,https://stooq.com/q/d/l/?s=1803.jp&i=d,2026-03-26T08:35:00+00:00
1803,1803.T,1803.jp,2021-11-19,734.30,742.09,730.41,734.30,1520478,https://stooq.com/q/d/l/?s=1803.jp&i=d,2026-03-26T08:35:00+00:00
1803,1803.T,1803.jp,2021-11-22,730.41,732.36,721.66,726.53,1780609,https://stooq.com/q/d/l/?s=1803.jp&i=d,2026-03-26T08:35:00+00:00
1803,1803.T,1803.jp,2021-11-24,732.36,739.17,725.55,727.49,2026654,https://stooq.com/q/d/l/?s=1803.jp&i=d,2026-03-26T08:35:00+00:00
1803,1803.T,1803.jp,2021-11-25,731.38,736.25,729.44,733.34,1684783,https://stooq.com/q/d/l/?s=1803.jp&i=d,2026-03-26T08:35:00+00:00
1803,1803.T,1803.jp,2021-11-26,733.34,736.25,721.66,725.55,2628347,https://stooq.com/q/d/l/?s=1803.jp&i=d,2026-03-26T08:35:00+00:00
1803,1803.T,1803.jp,2021-11-29,720.68,723.61,705.13,705.13,2741756,https://stooq.com/q/d/l/?s=1803.jp&i=d,2026-03-26T08:35:00+00:00
1803,1803.T,1803.jp,2021-11-30,714.85,725.55,694.42,697.34,8464115,https://stooq.com/q/d/l/?s=1803.jp&i=d,2026-03-26T08:35:00+00:00
1803,1803.T,1803.jp,2021-12-01,692.48,713.88,690.54,707.08,3307154,https://stooq.com/q/d/l/?s=1803.jp&i=d,2026-03-26T08:35:00+00:00
1803,1803.T,1803.jp,2021-12-02,700.27,712.91,699.29,702.21,2572413,https://stooq.com/q/d/l/?s=1803.jp&i=d,2026-03-26T08:35:00+00:00
1803,1803.T,1803.jp,2021-12-03,698.32,711.93,694.42,710.96,3318362,https://stooq.com/q/d/l/?s=1803.jp&i=d,2026-03-26T08:35:00+00:00
1803,1803.T,1803.jp,2021-12-06,714.85,721.66,705.13,712.91,1783077,https://stooq.com/q/d/l/?s=1803.jp&i=d,2026-03-26T08:35:00+00:00
1803,1803.T,1803.jp,2021-12-07,705.13,720.68,699.29,717.77,3024815,https://stooq.com/q/d/l/?s=1803.jp&i=d,2026-03-26T08:35:00+00:00
1803,1803.T,1803.jp,2021-12-08,713.88,714.85,702.21,703.18,3439276,https://stooq.com/q/d/l/?s=1803.jp&i=d,2026-03-26T08:35:00+00:00
1803,1803.T,1803.jp,2021-12-09,703.18,704.15,691.51,694.42,2597810,https://stooq.com/q/d/l/?s=1803.jp&i=d,2026-03-26T08:35:00+00:00
1803,1803.T,1803.jp,2021-12-10,690.54,699.29,688.59,692.48,3088768,https://stooq.com/q/d/l/?s=1803.jp&i=d,2026-03-26T08:35:00+00:00
1803,1803.T,1803.jp,2021-12-13,697.34,698.32,690.54,695.40,1955709,https://stooq.com/q/d/l/?s=1803.jp&i=d,2026-03-26T08:35:00+00:00
1803,1803.T,1803.jp,2021-12-14,697.34,701.23,690.54,692.48,1840243,https://stooq.com/q/d/l/?s=1803.jp&i=d,2026-03-26T08:35:00+00:00
1803,1803.T,1803.jp,2021-12-15,692.48,704.15,691.51,700.27,1910880,https://stooq.com/q/d/l/?s=1803.jp&i=d,2026-03-26T08:35:00+00:00
1803,1803.T,1803.jp,2021-12-16,709.02,709.02,700.27,703.18,1896691,https://stooq.com/q/d/l/?s=1803.jp&i=d,2026-03-26T08:35:00+00:00
1803,1803.T,1803.jp,2021-12-17,707.08,708.04,698.32,701.23,3581783,https://stooq.com/q/d/l/?s=1803.jp&i=d,2026-03-26T08:35:00+00:00
1803,1803.T,1803.jp,2021-12-20,690.54,697.34,689.57,689.57,2362561,https://stooq.com/q/d/l/?s=1803.jp&i=d,2026-03-26T08:35:00+00:00
1803,1803.T,1803.jp,2021-12-21,695.40,705.13,694.42,700.27,2216148,https://stooq.com/q/d/l/?s=1803.jp&i=d,2026-03-26T08:35:00+00:00
1803,1803.T,1803.jp,2021-12-22,700.27,704.15,693.46,696.38,1896485,https://stooq.com/q/d/l/?s=1803.jp&i=d,2026-03-26T08:35:00+00:00
1803,1803.T,1803.jp,2021-12-23,703.18,703.18,696.38,703.18,1194132,https://stooq.com/q/d/l/?s=1803.jp&i=d,2026-03-26T08:35:00+00:00
1803,1803.T,1803.jp,2021-12-24,706.10,706.10,694.42,697.34,1461563,https://stooq.com/q/d/l/?s=1803.jp&i=d,2026-03-26T08:35:00+00:00
1803,1803.T,1803.jp,2021-12-27,695.40,695.40,687.62,690.54,1398125,https://stooq.com/q/d/l/?s=1803.jp&i=d,2026-03-26T08:35:00+00:00
1803,1803.T,1803.jp,2021-12-28,695.40,696.38,687.62,691.51,2024083,https://stooq.com/q/d/l/?s=1803.jp&i=d,2026-03-26T08:35:00+00:00
1803,1803.T,1803.jp,2021-12-29,694.42,699.29,694.42,698.32,1745343,https://stooq.com/q/d/l/?s=1803.jp&i=d,2026-03-26T08:35:00+00:00
1803,1803.T,1803.jp,2021-12-30,696.38,701.23,689.57,693.46,2514424,https://stooq.com/q/d/l/?s=1803.jp&i=d,2026-03-26T08:35:00+00:00
1803,1803.T,1803.jp,2022-01-04,703.18,708.04,696.38,706.10,2198258,https://stooq.com/q/d/l/?s=1803.jp&i=d,2026-03-26T08:35:00+00:00
1803,1803.T,1803.jp,2022-01-05,712.91,722.63,709.02,718.74,2624028,https://stooq.com/q/d/l/?s=1803.jp&i=d,2026-03-26T08:35:00+00:00
1803,1803.T,1803.jp,2022-01-06,719.72,723.61,708.04,709.99,2242572,https://stooq.com/q/d/l/?s=1803.jp&i=d,2026-03-26T08:35:00+00:00
1803,1803.T,1803.jp,2022-01-07,716.80,717.77,708.04,709.99,2828945,https://stooq.com/q/d/l/?s=1803.jp&i=d,2026-03-26T08:35:00+00:00
1803,1803.T,1803.jp,2022-01-11,714.85,714.85,707.08,709.02,2475353,https://stooq.com/q/d/l/?s=1803.jp&i=d,2026-03-26T08:35:00+00:00
1803,1803.T,1803.jp,2022-01-12,709.99,717.77,709.02,712.91,2260360,https://stooq.com/q/d/l/?s=1803.jp&i=d,2026-03-26T08:35:00+00:00
1803,1803.T,1803.jp,2022-01-13,712.91,715.83,707.08,708.04,1669462,https://stooq.com/q/d/l/?s=1803.jp&i=d,2026-03-26T08:35:00+00:00
1803,1803.T,1803.jp,2022-01-14,705.13,709.99,698.32,703.18,2595445,https://stooq.com/q/d/l/?s=1803.jp&i=d,2026-03-26T08:35:00+00:00
1803,1803.T,1803.jp,2022-01-17,712.91,736.25,710.96,733.34,3080131,https://stooq.com/q/d/l/?s=1803.jp&i=d,2026-03-26T08:35:00+00:00
1803,1803.T,1803.jp,2022-01-18,742.09,753.75,731.38,732.36,4349527,https://stooq.com/q/d/l/?s=1803.jp&i=d,2026-03-26T08:35:00+00:00
1803,1803.T,1803.jp,2022-01-19,727.49,741.11,726.53,730.41,2802316,https://stooq.com/q/d/l/?s=1803.jp&i=d,2026-03-26T08:35:00+00:00
1803,1803.T,1803.jp,2022-01-20,727.49,746.94,727.49,739.17,2379423,https://stooq.com/q/d/l/?s=1803.jp&i=d,2026-03-26T08:35:00+00:00
1803,1803.T,1803.jp,2022-01-21,743.06,755.70,739.17,752.79,3275075,https://stooq.com/q/d/l/?s=1803.jp&i=d,2026-03-26T08:35:00+00:00
1803,1803.T,1803.jp,2022-01-24,753.75,758.62,746.94,756.68,1845179,https://stooq.com/q/d/l/?s=1803.jp&i=d,2026-03-26T08:35:00+00:00
1803,1803.T,1803.jp,2022-01-25,751.81,751.81,740.14,748.89,1945735,https://stooq.com/q/d/l/?s=1803.jp&i=d,2026-03-26T08:35:00+00:00
1803,1803.T,1803.jp,2022-01-26,749.87,755.70,740.14,740.14,1908103,https://stooq.com/q/d/l/?s=1803.jp&i=d,2026-03-26T08:35:00+00:00
1803,1803.T,1803.jp,2022-01-27,743.06,752.79,734.30,741.11,2438442,https://stooq.com/q/d/l/?s=1803.jp&i=d,2026-03-26T08:35:00+00:00
1803,1803.T,1803.jp,2022-01-28,746.94,754.73,741.11,745.98,2596473,https://stooq.com/q/d/l/?s=1803.jp&i=d,2026-03-26T08:35:00+00:00
1803,1803.T,1803.jp,2022-01-31,740.14,753.75,701.23,742.09,6367648,https://stooq.com/q/d/l/?s=1803.jp&i=d,2026-03-26T08:35:00+00:00
1803,1803.T,1803.jp,2022-02-01,727.49,745.98,718.74,743.06,3256054,https://stooq.com/q/d/l/?s=1803.jp&i=d,2026-03-26T08:35:00+00:00
1803,1803.T,1803.jp,2022-02-02,742.09,750.84,737.22,745.00,2670708,https://stooq.com/q/d/l/?s=1803.jp&i=d,2026-03-26T08:35:00+00:00
1803,1803.T,1803.jp,2022-02-03,749.87,760.56,747.92,758.62,2121041,https://stooq.com/q/d/l/?s=1803.jp&i=d,2026-03-26T08:35:00+00:00
1803,1803.T,1803.jp,2022-02-04,757.64,760.56,747.92,759.60,2229514,https://stooq.com/q/d/l/?s=1803.jp&i=d,2026-03-26T08:35:00+00:00
1803,1803.T,1803.jp,2022-02-07,748.89,762.51,747.92,761.54,1464340,https://stooq.com/q/d/l/?s=1803.jp&i=d,2026-03-26T08:35:00+00:00
1803,1803.T,1803.jp,2022-02-08,763.48,763.48,750.84,761.54,1792742,https://stooq.com/q/d/l/?s=1803.jp&i=d,2026-03-26T08:35:00+00:00
1803,1803.T,1803.jp,2022-02-09,763.48,763.48,749.87,749.87,1847647,https://stooq.com/q/d/l/?s=1803.jp&i=d,2026-03-26T08:35:00+00:00
1803,1803.T,1803.jp,2022-02-10,762.51,773.21,759.60,768.35,2669577,https://stooq.com/q/d/l/?s=1803.jp&i=d,2026-03-26T08:35:00+00:00
1803,1803.T,1803.jp,2022-02-14,756.68,772.24,752.79,769.32,2792343,https://stooq.com/q/d/l/?s=1803.jp&i=d,2026-03-26T08:35:00+00:00
1803,1803.T,1803.jp,2022-02-15,769.32,774.18,763.48,766.40,2106750,https://stooq.com/q/d/l/?s=1803.jp&i=d,2026-03-26T08:35:00+00:00
1803,1803.T,1803.jp,2022-02-16,771.26,776.13,767.37,773.21,1641804,https://stooq.com/q/d/l/?s=1803.jp&i=d,2026-03-26T08:35:00+00:00
1803,1803.T,1803.jp,2022-02-17,769.32,773.21,755.70,758.62,2907191,https://stooq.com/q/d/l/?s=1803.jp&i=d,2026-03-26T08:35:00+00:00
1803,1803.T,1803.jp,2022-02-18,753.75,771.26,753.75,757.64,2569946,https://stooq.com/q/d/l/?s=1803.jp&i=d,2026-03-26T08:35:00+00:00
1803,1803.T,1803.jp,2022-02-21,751.81,761.54,746.94,758.62,1515132,https://stooq.com/q/d/l/?s=1803.jp&i=d,2026-03-26T08:35:00+00:00
1803,1803.T,1803.jp,2022-02-22,749.87,750.84,742.09,748.89,1522946,https://stooq.com/q/d/l/?s=1803.jp&i=d,2026-03-26T08:35:00+00:00
1803,1803.T,1803.jp,2022-02-24,734.30,739.17,710.96,716.80,3725420,https://stooq.com/q/d/l/?s=1803.jp&i=d,2026-03-26T08:35:00+00:00
1803,1803.T,1803.jp,2022-02-25,719.72,733.34,719.72,732.36,2249255,https://stooq.com/q/d/l/?s=1803.jp&i=d,2026-03-26T08:35:00+00:00
1803,1803.T,1803.jp,2022-02-28,741.11,745.98,730.41,740.14,2634414,https://stooq.com/q/d/l/?s=1803.jp&i=d,2026-03-26T08:35:00+00:00
1803,1803.T,1803.jp,2022-03-01,745.00,749.87,743.06,746.94,1756755,https://stooq.com/q/d/l/?s=1803.jp&i=d,2026-03-26T08:35:00+00:00
1803,1803.T,1803.jp,2022-03-02,744.03,745.00,730.41,731.38,2509386,https://stooq.com/q/d/l/?s=1803.jp&i=d,2026-03-26T08:35:00+00:00
1803,1803.T,1803.jp,2022-03-03,740.14,748.89,739.17,745.98,1951185,https://stooq.com/q/d/l/?s=1803.jp&i=d,2026-03-26T08:35:00+00:00
1803,1803.T,1803.jp,2022-03-04,749.87,751.81,733.34,744.03,2063052,https://stooq.com/q/d/l/?s=1803.jp&i=d,2026-03-26T08:35:00+00:00
1803,1803.T,1803.jp,2022-03-07,746.94,756.68,741.11,752.79,2923641,https://stooq.com/q/d/l/?s=1803.jp&i=d,2026-03-26T08:35:00+00:00
1803,1803.T,1803.jp,2022-03-08,752.79,762.51,732.36,732.36,3368125,https://stooq.com/q/d/l/?s=1803.jp&i=d,2026-03-26T08:35:00+00:00
1803,1803.T,1803.jp,2022-03-09,731.38,735.28,710.96,713.88,3048977,https://stooq.com/q/d/l/?s=1803.jp&i=d,2026-03-26T08:35:00+00:00
1803,1803.T,1803.jp,2022-03-10,726.53,744.03,722.63,740.14,2285653,https://stooq.com/q/d/l/?s=1803.jp&i=d,2026-03-26T08:35:00+00:00
1803,1803.T,1803.jp,2022-03-11,737.22,745.98,733.34,740.14,2174198,https://stooq.com/q/d/l/?s=1803.jp&i=d,2026-03-26T08:35:00+00:00
1803,1803.T,1803.jp,2022-03-14,738.19,741.11,721.66,721.66,2755430,https://stooq.com/q/d/l/?s=1803.jp&i=d,2026-03-26T08:35:00+00:00
1803,1803.T,1803.jp,2022-03-15,716.80,722.63,710.96,715.83,2427439,https://stooq.com/q/d/l/?s=1803.jp&i=d,2026-03-26T08:35:00+00:00
1803,1803.T,1803.jp,2022-03-16,716.80,721.66,711.93,720.68,2204118,https://stooq.com/q/d/l/?s=1803.jp&i=d,2026-03-26T08:35:00+00:00
1803,1803.T,1803.jp,2022-03-17,745.98,745.98,734.30,743.06,2718828,https://stooq.com/q/d/l/?s=1803.jp&i=d,2026-03-26T08:35:00+00:00
1803,1803.T,1803.jp,2022-03-18,739.17,740.14,729.44,733.34,3540861,https://stooq.com/q/d/l/?s=1803.jp&i=d,2026-03-26T08:35:00+00:00
1803,1803.T,1803.jp,2022-03-22,743.06,762.51,737.22,758.62,2324518,https://stooq.com/q/d/l/?s=1803.jp&i=d,2026-03-26T08:35:00+00:00
1803,1803.T,1803.jp,2022-03-23,760.56,767.37,752.79,763.48,2066136,https://stooq.com/q/d/l/?s=1803.jp&i=d,2026-03-26T08:35:00+00:00
1803,1803.T,1803.jp,2022-03-24,755.70,758.62,737.22,748.89,2063359,https://stooq.com/q/d/l/?s=1803.jp&i=d,2026-03-26T08:35:00+00:00
1803,1803.T,1803.jp,2022-03-25,756.68,756.68,745.00,751.81,1879418,https://stooq.com/q/d/l/?s=1803.jp&i=d,2026-03-26T08:35:00+00:00
1803,1803.T,1803.jp,2022-03-28,755.70,757.64,747.92,751.81,1107457,https://stooq.com/q/d/l/?s=1803.jp&i=d,2026-03-26T08:35:00+00:00
1803,1803.T,1803.jp,2022-03-29,750.84,754.73,745.98,751.81,2124434,https://stooq.com/q/d/l/?s=1803.jp&i=d,2026-03-26T08:35:00+00:00
1803,1803.T,1803.jp,2022-03-30,753.78,754.77,733.09,742.94,2151349,https://stooq.com/q/d/l/?s=1803.jp&i=d,2026-03-26T08:35:00+00:00
1803,1803.T,1803.jp,2022-03-31,729.15,739.00,722.25,724.22,3655608,https://stooq.com/q/d/l/?s=1803.jp&i=d,2026-03-26T08:35:00+00:00
1803,1803.T,1803.jp,2022-04-01,725.21,739.99,718.31,733.09,2410753,https://stooq.com/q/d/l/?s=1803.jp&i=d,2026-03-26T08:35:00+00:00
1803,1803.T,1803.jp,2022-04-04,733.09,739.99,727.18,735.06,2055950,https://stooq.com/q/d/l/?s=1803.jp&i=d,2026-03-26T08:35:00+00:00
1803,1803.T,1803.jp,2022-04-05,733.09,735.06,723.24,724.22,2071985,https://stooq.com/q/d/l/?s=1803.jp&i=d,2026-03-26T08:35:00+00:00
1803,1803.T,1803.jp,2022-04-06,719.29,731.12,711.41,711.41,2417654,https://stooq.com/q/d/l/?s=1803.jp&i=d,2026-03-26T08:35:00+00:00
1803,1803.T,1803.jp,2022-04-07,702.54,706.49,689.74,703.53,2910887,https://stooq.com/q/d/l/?s=1803.jp&i=d,2026-03-26T08:35:00+00:00
1803,1803.T,1803.jp,2022-04-08,705.50,710.43,701.56,710.43,2349454,https://stooq.com/q/d/l/?s=1803.jp&i=d,2026-03-26T08:35:00+00:00
1803,1803.T,1803.jp,2022-04-11,706.49,725.21,706.49,715.35,2108521,https://stooq.com/q/d/l/?s=1803.jp&i=d,2026-03-26T08:35:00+00:00
1803,1803.T,1803.jp,2022-04-12,717.32,721.26,704.51,709.44,2049860,https://stooq.com/q/d/l/?s=1803.jp&i=d,2026-03-26T08:35:00+00:00
1803,1803.T,1803.jp,2022-04-13,712.40,715.35,708.46,712.40,1664306,https://stooq.com/q/d/l/?s=1803.jp&i=d,2026-03-26T08:35:00+00:00
1803,1803.T,1803.jp,2022-04-14,713.38,722.25,712.40,720.28,1377399,https://stooq.com/q/d/l/?s=1803.jp&i=d,2026-03-26T08:35:00+00:00
1803,1803.T,1803.jp,2022-04-15,717.32,723.24,716.34,720.28,937853,https://stooq.com/q/d/l/?s=1803.jp&i=d,2026-03-26T08:35:00+00:00
1803,1803.T,1803.jp,2022-04-18,714.37,720.28,705.50,707.47,1831254,https://stooq.com/q/d/l/?s=1803.jp&i=d,2026-03-26T08:35:00+00:00
1803,1803.T,1803.jp,2022-04-19,712.40,717.32,709.44,714.37,1594482,https://stooq.com/q/d/l/?s=1803.jp&i=d,2026-03-26T08:35:00+00:00
1803,1803.T,1803.jp,2022-04-20,720.28,722.25,713.38,722.25,1920869,https://stooq.com/q/d/l/?s=1803.jp&i=d,2026-03-26T08:35:00+00:00
1803,1803.T,1803.jp,2022-04-21,725.21,728.16,718.31,721.26,2129935,https://stooq.com/q/d/l/?s=1803.jp&i=d,2026-03-26T08:35:00+00:00
1803,1803.T,1803.jp,2022-04-22,718.31,723.24,712.40,718.31,2045496,https://stooq.com/q/d/l/?s=1803.jp&i=d,2026-03-26T08:35:00+00:00
1803,1803.T,1803.jp,2022-04-25,709.44,715.35,661.16,664.12,6951238,https://stooq.com/q/d/l/?s=1803.jp&i=d,2026-03-26T08:35:00+00:00
1803,1803.T,1803.jp,2022-04-26,671.01,678.90,663.13,675.94,4319951,https://stooq.com/q/d/l/?s=1803.jp&i=d,2026-03-26T08:35:00+00:00
1803,1803.T,1803.jp,2022-04-27,662.14,669.04,651.31,653.28,5239638,https://stooq.com/q/d/l/?s=1803.jp&i=d,2026-03-26T08:35:00+00:00
1803,1803.T,1803.jp,2022-04-28,661.16,674.96,659.19,672.98,3081996,https://stooq.com/q/d/l/?s=1803.jp&i=d,2026-03-26T08:35:00+00:00
1803,1803.T,1803.jp,2022-05-02,666.09,676.92,663.13,672.00,2856388,https://stooq.com/q/d/l/?s=1803.jp&i=d,2026-03-26T08:35:00+00:00
1803,1803.T,1803.jp,2022-05-06,672.98,689.74,671.01,683.82,3221441,https://stooq.com/q/d/l/?s=1803.jp&i=d,2026-03-26T08:35:00+00:00
1803,1803.T,1803.jp,2022-05-09,678.90,680.87,666.09,667.07,2460482,https://stooq.com/q/d/l/?s=1803.jp&i=d,2026-03-26T08:35:00+00:00
1803,1803.T,1803.jp,2022-05-10,669.04,683.82,668.06,682.84,3067991,https://stooq.com/q/d/l/?s=1803.jp&i=d,2026-03-26T08:35:00+00:00
1803,1803.T,1803.jp,2022-05-11,672.98,673.97,663.13,669.04,2796713,https://stooq.com/q/d/l/?s=1803.jp&i=d,2026-03-26T08:35:00+00:00
1803,1803.T,1803.jp,2022-05-12,672.00,698.60,661.16,667.07,6950122,https://stooq.com/q/d/l/?s=1803.jp&i=d,2026-03-26T08:35:00+00:00
1803,1803.T,1803.jp,2022-05-13,679.88,698.60,662.14,694.66,6138114,https://stooq.com/q/d/l/?s=1803.jp&i=d,2026-03-26T08:35:00+00:00
1803,1803.T,1803.jp,2022-05-16,702.54,705.50,684.81,694.66,3711934,https://stooq.com/q/d/l/?s=1803.jp&i=d,2026-03-26T08:35:00+00:00
1803,1803.T,1803.jp,2022-05-17,691.71,700.57,686.78,689.74,2627633,https://stooq.com/q/d/l/?s=1803.jp&i=d,2026-03-26T08:35:00+00:00
1803,1803.T,1803.jp,2022-05-18,687.76,695.65,682.84,685.79,2577092,https://stooq.com/q/d/l/?s=1803.jp&i=d,2026-03-26T08:35:00+00:00
1803,1803.T,1803.jp,2022-05-19,669.04,683.82,669.04,679.88,2445360,https://stooq.com/q/d/l/?s=1803.jp&i=d,2026-03-26T08:35:00+00:00
1803,1803.T,1803.jp,2022-05-20,673.97,682.84,669.04,672.00,3120663,https://stooq.com/q/d/l/?s=1803.jp&i=d,2026-03-26T08:35:00+00:00
1803,1803.T,1803.jp,2022-05-23,678.90,679.88,672.98,676.92,1806694,https://stooq.com/q/d/l/?s=1803.jp&i=d,2026-03-26T08:35:00+00:00
1803,1803.T,1803.jp,2022-05-24,680.87,681.85,665.10,670.03,2355543,https://stooq.com/q/d/l/?s=1803.jp&i=d,2026-03-26T08:35:00+00:00
1803,1803.T,1803.jp,2022-05-25,671.01,673.97,665.10,672.98,1994651,https://stooq.com/q/d/l/?s=1803.jp&i=d,2026-03-26T08:35:00+00:00
1803,1803.T,1803.jp,2022-05-26,672.98,681.85,672.98,677.91,1880172,https://stooq.com/q/d/l/?s=1803.jp&i=d,2026-03-26T08:35:00+00:00
1803,1803.T,1803.jp,2022-05-27,683.82,684.81,674.96,678.90,1630815,https://stooq.com/q/d/l/?s=1803.jp&i=d,2026-03-26T08:35:00+00:00
1803,1803.T,1803.jp,2022-05-30,677.91,680.87,672.98,674.96,3278681,https://stooq.com/q/d/l/?s=1803.jp&i=d,2026-03-26T08:35:00+00:00
1803,1803.T,1803.jp,2022-05-31,674.96,678.90,669.04,674.96,8964360,https://stooq.com/q/d/l/?s=1803.jp&i=d,2026-03-26T08:35:00+00:00
1803,1803.T,1803.jp,2022-06-01,675.94,699.59,674.96,696.63,3685243,https://stooq.com/q/d/l/?s=1803.jp&i=d,2026-03-26T08:35:00+00:00
1803,1803.T,1803.jp,2022-06-02,694.66,700.57,688.75,700.57,1650605,https://stooq.com/q/d/l/?s=1803.jp&i=d,2026-03-26T08:35:00+00:00
1803,1803.T,1803.jp,2022-06-03,709.44,710.43,693.68,699.59,2584298,https://stooq.com/q/d/l/?s=1803.jp&i=d,2026-03-26T08:35:00+00:00
1803,1803.T,1803.jp,2022-06-06,701.56,714.37,700.57,709.44,2288459,https://stooq.com/q/d/l/?s=1803.jp&i=d,2026-03-26T08:35:00+00:00
1803,1803.T,1803.jp,2022-06-07,711.41,720.28,707.47,717.32,2034536,https://stooq.com/q/d/l/?s=1803.jp&i=d,2026-03-26T08:35:00+00:00
1803,1803.T,1803.jp,2022-06-08,722.25,730.13,720.28,729.15,2069448,https://stooq.com/q/d/l/?s=1803.jp&i=d,2026-03-26T08:35:00+00:00
1803,1803.T,1803.jp,2022-06-09,724.22,731.12,723.24,727.18,1835314,https://stooq.com/q/d/l/?s=1803.jp&i=d,2026-03-26T08:35:00+00:00
1803,1803.T,1803.jp,2022-06-10,725.21,734.08,718.31,725.21,2525840,https://stooq.com/q/d/l/?s=1803.jp&i=d,2026-03-26T08:35:00+00:00
1803,1803.T,1803.jp,2022-06-13,712.40,726.19,712.40,725.21,2979392,https://stooq.com/q/d/l/?s=1803.jp&i=d,2026-03-26T08:35:00+00:00
1803,1803.T,1803.jp,2022-06-14,710.43,726.19,707.47,717.32,2875062,https://stooq.com/q/d/l/?s=1803.jp&i=d,2026-03-26T08:35:00+00:00
1803,1803.T,1803.jp,2022-06-15,716.34,724.22,702.54,705.50,3357131,https://stooq.com/q/d/l/?s=1803.jp&i=d,2026-03-26T08:35:00+00:00
1803,1803.T,1803.jp,2022-06-16,716.34,718.31,709.44,709.44,2145259,https://stooq.com/q/d/l/?s=1803.jp&i=d,2026-03-26T08:35:00+00:00
1803,1803.T,1803.jp,2022-06-17,694.66,720.28,694.66,719.29,4291636,https://stooq.com/q/d/l/?s=1803.jp&i=d,2026-03-26T08:35:00+00:00
1803,1803.T,1803.jp,2022-06-20,718.31,718.31,701.56,706.49,1799692,https://stooq.com/q/d/l/?s=1803.jp&i=d,2026-03-26T08:35:00+00:00
1803,1803.T,1803.jp,2022-06-21,715.35,721.26,713.38,715.35,1999725,https://stooq.com/q/d/l/?s=1803.jp&i=d,2026-03-26T08:35:00+00:00
1803,1803.T,1803.jp,2022-06-22,718.31,724.22,714.37,720.28,1692013,https://stooq.com/q/d/l/?s=1803.jp&i=d,2026-03-26T08:35:00+00:00
1803,1803.T,1803.jp,2022-06-23,725.21,728.16,718.31,727.18,1817554,https://stooq.com/q/d/l/?s=1803.jp&i=d,2026-03-26T08:35:00+00:00
1803,1803.T,1803.jp,2022-06-24,719.29,722.25,712.40,720.28,2183520,https://stooq.com/q/d/l/?s=1803.jp&i=d,2026-03-26T08:35:00+00:00
1803,1803.T,1803.jp,2022-06-27,730.13,732.10,720.28,720.28,1325335,https://stooq.com/q/d/l/?s=1803.jp&i=d,2026-03-26T08:35:00+00:00
1803,1803.T,1803.jp,2022-06-28,723.24,731.12,720.28,730.13,2201382,https://stooq.com/q/d/l/?s=1803.jp&i=d,2026-03-26T08:35:00+00:00
1803,1803.T,1803.jp,2022-06-29,729.15,732.10,723.24,731.12,2182201,https://stooq.com/q/d/l/?s=1803.jp&i=d,2026-03-26T08:35:00+00:00
1803,1803.T,1803.jp,2022-06-30,727.18,743.93,727.18,739.00,2955035,https://stooq.com/q/d/l/?s=1803.jp&i=d,2026-03-26T08:35:00+00:00
1803,1803.T,1803.jp,2022-07-01,744.91,744.91,726.19,730.13,1989170,https://stooq.com/q/d/l/?s=1803.jp&i=d,2026-03-26T08:35:00+00:00
1803,1803.T,1803.jp,2022-07-04,741.96,744.91,735.06,739.00,2065794,https://stooq.com/q/d/l/?s=1803.jp&i=d,2026-03-26T08:35:00+00:00
1803,1803.T,1803.jp,2022-07-05,740.97,741.96,732.10,734.08,1560687,https://stooq.com/q/d/l/?s=1803.jp&i=d,2026-03-26T08:35:00+00:00
1803,1803.T,1803.jp,2022-07-06,727.18,732.10,714.37,723.24,2055138,https://stooq.com/q/d/l/?s=1803.jp&i=d,2026-03-26T08:35:00+00:00
1803,1803.T,1803.jp,2022-07-07,733.09,742.94,729.15,738.02,2769615,https://stooq.com/q/d/l/?s=1803.jp&i=d,2026-03-26T08:35:00+00:00
1803,1803.T,1803.jp,2022-07-08,738.02,744.91,730.13,736.04,3203376,https://stooq.com/q/d/l/?s=1803.jp&i=d,2026-03-26T08:35:00+00:00
1803,1803.T,1803.jp,2022-07-11,747.87,754.77,739.99,751.81,2317383,https://stooq.com/q/d/l/?s=1803.jp&i=d,2026-03-26T08:35:00+00:00
1803,1803.T,1803.jp,2022-07-12,751.81,755.75,743.93,745.90,1797459,https://stooq.com/q/d/l/?s=1803.jp&i=d,2026-03-26T08:35:00+00:00
1803,1803.T,1803.jp,2022-07-13,744.91,748.86,737.03,739.00,1335789,https://stooq.com/q/d/l/?s=1803.jp&i=d,2026-03-26T08:35:00+00:00
1803,1803.T,1803.jp,2022-07-14,732.10,738.02,727.18,735.06,2085483,https://stooq.com/q/d/l/?s=1803.jp&i=d,2026-03-26T08:35:00+00:00
1803,1803.T,1803.jp,2022-07-15,729.15,733.09,718.31,722.25,1995564,https://stooq.com/q/d/l/?s=1803.jp&i=d,2026-03-26T08:35:00+00:00
1803,1803.T,1803.jp,2022-07-19,736.04,741.96,728.16,730.13,2472255,https://stooq.com/q/d/l/?s=1803.jp&i=d,2026-03-26T08:35:00+00:00
1803,1803.T,1803.jp,2022-07-20,744.91,751.81,739.00,749.84,2212648,https://stooq.com/q/d/l/?s=1803.jp&i=d,2026-03-26T08:35:00+00:00
1803,1803.T,1803.jp,2022-07-21,744.91,747.87,741.96,744.91,1301790,https://stooq.com/q/d/l/?s=1803.jp&i=d,2026-03-26T08:35:00+00:00
1803,1803.T,1803.jp,2022-07-22,744.91,750.83,739.99,750.83,1571038,https://stooq.com/q/d/l/?s=1803.jp&i=d,2026-03-26T08:35:00+00:00
1803,1803.T,1803.jp,2022-07-25,760.68,763.63,753.78,756.74,1707134,https://stooq.com/q/d/l/?s=1803.jp&i=d,2026-03-26T08:35:00+00:00
1803,1803.T,1803.jp,2022-07-26,756.74,766.59,756.74,760.68,1328278,https://stooq.com/q/d/l/?s=1803.jp&i=d,2026-03-26T08:35:00+00:00
1803,1803.T,1803.jp,2022-07-27,753.78,760.68,752.80,756.74,1238055,https://stooq.com/q/d/l/?s=1803.jp&i=d,2026-03-26T08:35:00+00:00
1803,1803.T,1803.jp,2022-07-28,761.66,763.63,753.78,762.65,1969989,https://stooq.com/q/d/l/?s=1803.jp&i=d,2026-03-26T08:35:00+00:00
1803,1803.T,1803.jp,2022-07-29,764.62,770.53,723.24,741.96,5624684,https://stooq.com/q/d/l/?s=1803.jp&i=d,2026-03-26T08:35:00+00:00
1803,1803.T,1803.jp,2022-08-01,747.87,748.86,731.12,741.96,2237512,https://stooq.com/q/d/l/?s=1803.jp&i=d,2026-03-26T08:35:00+00:00
1803,1803.T,1803.jp,2022-08-02,735.06,738.02,725.21,732.10,2261768,https://stooq.com/q/d/l/?s=1803.jp&i=d,2026-03-26T08:35:00+00:00
1803,1803.T,1803.jp,2022-08-03,730.13,734.08,724.22,725.21,1456966,https://stooq.com/q/d/l/?s=1803.jp&i=d,2026-03-26T08:35:00+00:00
1803,1803.T,1803.jp,2022-08-04,724.22,725.21,715.35,716.34,1420125,https://stooq.com/q/d/l/?s=1803.jp&i=d,2026-03-26T08:35:00+00:00
1803,1803.T,1803.jp,2022-08-05,714.37,718.31,708.46,712.40,1852770,https://stooq.com/q/d/l/?s=1803.jp&i=d,2026-03-26T08:35:00+00:00
1803,1803.T,1803.jp,2022-08-08,713.38,722.25,713.38,722.25,1691810,https://stooq.com/q/d/l/?s=1803.jp&i=d,2026-03-26T08:35:00+00:00
1803,1803.T,1803.jp,2022-08-09,718.31,724.22,710.43,714.37,1945429,https://stooq.com/q/d/l/?s=1803.jp&i=d,2026-03-26T08:35:00+00:00
1803,1803.T,1803.jp,2022-08-10,724.22,732.10,716.34,731.12,2542890,https://stooq.com/q/d/l/?s=1803.jp&i=d,2026-03-26T08:35:00+00:00
1803,1803.T,1803.jp,2022-08-12,743.93,751.81,739.99,748.86,3591265,https://stooq.com/q/d/l/?s=1803.jp&i=d,2026-03-26T08:35:00+00:00
1803,1803.T,1803.jp,2022-08-15,748.86,748.86,737.03,741.96,1185383,https://stooq.com/q/d/l/?s=1803.jp&i=d,2026-03-26T08:35:00+00:00
1803,1803.T,1803.jp,2022-08-16,734.08,741.96,732.10,737.03,1152095,https://stooq.com/q/d/l/?s=1803.jp&i=d,2026-03-26T08:35:00+00:00
1803,1803.T,1803.jp,2022-08-17,743.93,747.87,739.00,746.88,1609807,https://stooq.com/q/d/l/?s=1803.jp&i=d,2026-03-26T08:35:00+00:00
1803,1803.T,1803.jp,2022-08-18,746.88,747.87,739.99,742.94,1080444,https://stooq.com/q/d/l/?s=1803.jp&i=d,2026-03-26T08:35:00+00:00
1803,1803.T,1803.jp,2022-08-19,748.86,750.83,740.97,747.87,1499895,https://stooq.com/q/d/l/?s=1803.jp&i=d,2026-03-26T08:35:00+00:00
1803,1803.T,1803.jp,2022-08-22,746.88,756.74,744.91,754.77,1573373,https://stooq.com/q/d/l/?s=1803.jp&i=d,2026-03-26T08:35:00+00:00
1803,1803.T,1803.jp,2022-08-23,751.81,752.80,742.94,749.84,1526993,https://stooq.com/q/d/l/?s=1803.jp&i=d,2026-03-26T08:35:00+00:00
1803,1803.T,1803.jp,2022-08-24,752.80,760.68,750.83,759.69,1420024,https://stooq.com/q/d/l/?s=1803.jp&i=d,2026-03-26T08:35:00+00:00
1803,1803.T,1803.jp,2022-08-25,761.66,772.50,757.72,762.65,2118365,https://stooq.com/q/d/l/?s=1803.jp&i=d,2026-03-26T08:35:00+00:00
1803,1803.T,1803.jp,2022-08-26,767.58,770.53,760.68,769.55,1591133,https://stooq.com/q/d/l/?s=1803.jp&i=d,2026-03-26T08:35:00+00:00
1803,1803.T,1803.jp,2022-08-29,754.77,761.66,751.81,757.72,1581898,https://stooq.com/q/d/l/?s=1803.jp&i=d,2026-03-26T08:35:00+00:00
1803,1803.T,1803.jp,2022-08-30,764.62,765.61,759.69,761.66,839206,https://stooq.com/q/d/l/?s=1803.jp&i=d,2026-03-26T08:35:00+00:00
1803,1803.T,1803.jp,2022-08-31,751.81,754.77,745.90,754.77,2590793,https://stooq.com/q/d/l/?s=1803.jp&i=d,2026-03-26T08:35:00+00:00
1803,1803.T,1803.jp,2022-09-01,748.86,752.80,743.93,750.83,1701349,https://stooq.com/q/d/l/?s=1803.jp&i=d,2026-03-26T08:35:00+00:00
1803,1803.T,1803.jp,2022-09-02,751.81,753.78,743.93,751.81,1647967,https://stooq.com/q/d/l/?s=1803.jp&i=d,2026-03-26T08:35:00+00:00
1803,1803.T,1803.jp,2022-09-05,753.78,755.75,746.88,749.84,1203651,https://stooq.com/q/d/l/?s=1803.jp&i=d,2026-03-26T08:35:00+00:00
1803,1803.T,1803.jp,2022-09-06,753.78,753.78,745.90,750.83,924558,https://stooq.com/q/d/l/?s=1803.jp&i=d,2026-03-26T08:35:00+00:00
1803,1803.T,1803.jp,2022-09-07,740.97,744.91,738.02,741.96,1425504,https://stooq.com/q/d/l/?s=1803.jp&i=d,2026-03-26T08:35:00+00:00
1803,1803.T,1803.jp,2022-09-08,741.96,751.81,739.99,746.88,2383554,https://stooq.com/q/d/l/?s=1803.jp&i=d,2026-03-26T08:35:00+00:00
1803,1803.T,1803.jp,2022-09-09,739.00,751.81,737.03,746.88,3821745,https://stooq.com/q/d/l/?s=1803.jp&i=d,2026-03-26T08:35:00+00:00
1803,1803.T,1803.jp,2022-09-12,756.74,764.62,752.80,754.77,2093094,https://stooq.com/q/d/l/?s=1803.jp&i=d,2026-03-26T08:35:00+00:00
1803,1803.T,1803.jp,2022-09-13,755.75,760.68,753.78,758.71,1394652,https://stooq.com/q/d/l/?s=1803.jp&i=d,2026-03-26T08:35:00+00:00
1803,1803.T,1803.jp,2022-09-14,749.84,751.81,739.99,741.96,2299014,https://stooq.com/q/d/l/?s=1803.jp&i=d,2026-03-26T08:35:00+00:00
1803,1803.T,1803.jp,2022-09-15,748.86,752.80,743.93,747.87,1447223,https://stooq.com/q/d/l/?s=1803.jp&i=d,2026-03-26T08:35:00+00:00
1803,1803.T,1803.jp,2022-09-16,743.93,757.72,741.96,755.75,2547863,https://stooq.com/q/d/l/?s=1803.jp&i=d,2026-03-26T08:35:00+00:00
1803,1803.T,1803.jp,2022-09-20,759.69,771.52,746.88,751.81,2401923,https://stooq.com/q/d/l/?s=1803.jp&i=d,2026-03-26T08:35:00+00:00
1803,1803.T,1803.jp,2022-09-21,742.94,749.84,739.99,740.97,1461736,https://stooq.com/q/d/l/?s=1803.jp&i=d,2026-03-26T08:35:00+00:00
1803,1803.T,1803.jp,2022-09-22,738.02,739.00,730.13,733.09,1779901,https://stooq.com/q/d/l/?s=1803.jp&i=d,2026-03-26T08:35:00+00:00
1803,1803.T,1803.jp,2022-09-26,726.19,728.16,716.34,716.34,2375130,https://stooq.com/q/d/l/?s=1803.jp&i=d,2026-03-26T08:35:00+00:00
1803,1803.T,1803.jp,2022-09-27,718.31,723.24,712.40,712.40,1892756,https://stooq.com/q/d/l/?s=1803.jp&i=d,2026-03-26T08:35:00+00:00
1803,1803.T,1803.jp,2022-09-28,709.44,709.44,696.63,705.50,2925603,https://stooq.com/q/d/l/?s=1803.jp&i=d,2026-03-26T08:35:00+00:00
1803,1803.T,1803.jp,2022-09-29,711.00,719.00,704.00,718.00,2805200,https://stooq.com/q/d/l/?s=1803.jp&i=d,2026-03-26T08:35:00+00:00
1803,1803.T,1803.jp,2022-09-30,715.00,723.00,705.00,709.00,2387300,https://stooq.com/q/d/l/?s=1803.jp&i=d,2026-03-26T08:35:00+00:00
1803,1803.T,1803.jp,2022-10-03,707.00,709.00,698.00,705.00,1817000,https://stooq.com/q/d/l/?s=1803.jp&i=d,2026-03-26T08:35:00+00:00
1803,1803.T,1803.jp,2022-10-04,719.00,738.00,717.00,736.00,2273000,https://stooq.com/q/d/l/?s=1803.jp&i=d,2026-03-26T08:35:00+00:00
1803,1803.T,1803.jp,2022-10-05,736.00,738.00,729.00,731.00,1607600,https://stooq.com/q/d/l/?s=1803.jp&i=d,2026-03-26T08:35:00+00:00
1803,1803.T,1803.jp,2022-10-06,735.00,743.00,733.00,735.00,1603000,https://stooq.com/q/d/l/?s=1803.jp&i=d,2026-03-26T08:35:00+00:00
1803,1803.T,1803.jp,2022-10-07,728.00,732.00,726.00,728.00,1292700,https://stooq.com/q/d/l/?s=1803.jp&i=d,2026-03-26T08:35:00+00:00
1803,1803.T,1803.jp,2022-10-11,723.00,735.00,723.00,729.00,2042400,https://stooq.com/q/d/l/?s=1803.jp&i=d,2026-03-26T08:35:00+00:00
1803,1803.T,1803.jp,2022-10-12,729.00,730.00,721.00,727.00,1445700,https://stooq.com/q/d/l/?s=1803.jp&i=d,2026-03-26T08:35:00+00:00
1803,1803.T,1803.jp,2022-10-13,721.00,731.00,720.00,726.00,1519100,https://stooq.com/q/d/l/?s=1803.jp&i=d,2026-03-26T08:35:00+00:00
1803,1803.T,1803.jp,2022-10-14,733.00,740.00,730.00,738.00,2375500,https://stooq.com/q/d/l/?s=1803.jp&i=d,2026-03-26T08:35:00+00:00
1803,1803.T,1803.jp,2022-10-17,735.00,737.00,728.00,730.00,1252200,https://stooq.com/q/d/l/?s=1803.jp&i=d,2026-03-26T08:35:00+00:00
1803,1803.T,1803.jp,2022-10-18,739.00,740.00,732.00,733.00,1318700,https://stooq.com/q/d/l/?s=1803.jp&i=d,2026-03-26T08:35:00+00:00
1803,1803.T,1803.jp,2022-10-19,738.00,743.00,737.00,742.00,1542300,https://stooq.com/q/d/l/?s=1803.jp&i=d,2026-03-26T08:35:00+00:00
1803,1803.T,1803.jp,2022-10-20,739.00,745.00,735.00,743.00,1724700,https://stooq.com/q/d/l/?s=1803.jp&i=d,2026-03-26T08:35:00+00:00
1803,1803.T,1803.jp,2022-10-21,737.00,740.00,730.00,730.00,1443400,https://stooq.com/q/d/l/?s=1803.jp&i=d,2026-03-26T08:35:00+00:00
1803,1803.T,1803.jp,2022-10-24,738.00,739.00,726.00,727.00,1689700,https://stooq.com/q/d/l/?s=1803.jp&i=d,2026-03-26T08:35:00+00:00
1803,1803.T,1803.jp,2022-10-25,731.00,741.00,728.00,739.00,1636100,https://stooq.com/q/d/l/?s=1803.jp&i=d,2026-03-26T08:35:00+00:00
1803,1803.T,1803.jp,2022-10-26,739.00,745.00,736.00,740.00,1751500,https://stooq.com/q/d/l/?s=1803.jp&i=d,2026-03-26T08:35:00+00:00
1803,1803.T,1803.jp,2022-10-27,739.00,739.00,733.00,735.00,1131800,https://stooq.com/q/d/l/?s=1803.jp&i=d,2026-03-26T08:35:00+00:00
1803,1803.T,1803.jp,2022-10-28,734.00,737.00,727.00,732.00,4160200,https://stooq.com/q/d/l/?s=1803.jp&i=d,2026-03-26T08:35:00+00:00
1803,1803.T,1803.jp,2022-10-31,740.00,745.00,737.00,743.00,1611900,https://stooq.com/q/d/l/?s=1803.jp&i=d,2026-03-26T08:35:00+00:00
1803,1803.T,1803.jp,2022-11-01,744.00,746.00,741.00,741.00,980800,https://stooq.com/q/d/l/?s=1803.jp&i=d,2026-03-26T08:35:00+00:00
1803,1803.T,1803.jp,2022-11-02,743.00,748.00,741.00,744.00,1656200,https://stooq.com/q/d/l/?s=1803.jp&i=d,2026-03-26T08:35:00+00:00
1803,1803.T,1803.jp,2022-11-04,736.00,745.00,735.00,742.00,1996100,https://stooq.com/q/d/l/?s=1803.jp&i=d,2026-03-26T08:35:00+00:00
1803,1803.T,1803.jp,2022-11-07,747.00,750.00,740.00,747.00,1637700,https://stooq.com/q/d/l/?s=1803.jp&i=d,2026-03-26T08:35:00+00:00
1803,1803.T,1803.jp,2022-11-08,756.00,759.00,728.00,736.00,4846800,https://stooq.com/q/d/l/?s=1803.jp&i=d,2026-03-26T08:35:00+00:00
1803,1803.T,1803.jp,2022-11-09,733.00,749.00,725.00,742.00,2359800,https://stooq.com/q/d/l/?s=1803.jp&i=d,2026-03-26T08:35:00+00:00
1803,1803.T,1803.jp,2022-11-10,740.00,754.00,732.00,747.00,2775400,https://stooq.com/q/d/l/?s=1803.jp&i=d,2026-03-26T08:35:00+00:00
1803,1803.T,1803.jp,2022-11-11,751.00,752.00,727.00,727.00,3210300,https://stooq.com/q/d/l/?s=1803.jp&i=d,2026-03-26T08:35:00+00:00
1803,1803.T,1803.jp,2022-11-14,729.00,729.00,711.00,711.00,2502700,https://stooq.com/q/d/l/?s=1803.jp&i=d,2026-03-26T08:35:00+00:00
1803,1803.T,1803.jp,2022-11-15,710.00,716.00,708.00,710.00,1631300,https://stooq.com/q/d/l/?s=1803.jp&i=d,2026-03-26T08:35:00+00:00
1803,1803.T,1803.jp,2022-11-16,708.00,716.00,705.00,713.00,1349800,https://stooq.com/q/d/l/?s=1803.jp&i=d,2026-03-26T08:35:00+00:00
1803,1803.T,1803.jp,2022-11-17,717.00,723.00,717.00,719.00,1230700,https://stooq.com/q/d/l/?s=1803.jp&i=d,2026-03-26T08:35:00+00:00
1803,1803.T,1803.jp,2022-11-18,722.00,727.00,720.00,724.00,1346600,https://stooq.com/q/d/l/?s=1803.jp&i=d,2026-03-26T08:35:00+00:00
1803,1803.T,1803.jp,2022-11-21,732.00,735.00,723.00,728.00,1445300,https://stooq.com/q/d/l/?s=1803.jp&i=d,2026-03-26T08:35:00+00:00
1803,1803.T,1803.jp,2022-11-22,730.00,751.00,729.00,743.00,2564400,https://stooq.com/q/d/l/?s=1803.jp&i=d,2026-03-26T08:35:00+00:00
1803,1803.T,1803.jp,2022-11-24,746.00,750.00,742.00,750.00,1624700,https://stooq.com/q/d/l/?s=1803.jp&i=d,2026-03-26T08:35:00+00:00
1803,1803.T,1803.jp,2022-11-25,750.00,750.00,742.00,747.00,1150300,https://stooq.com/q/d/l/?s=1803.jp&i=d,2026-03-26T08:35:00+00:00
1803,1803.T,1803.jp,2022-11-28,749.00,749.00,732.00,737.00,1600200,https://stooq.com/q/d/l/?s=1803.jp&i=d,2026-03-26T08:35:00+00:00
1803,1803.T,1803.jp,2022-11-29,737.00,740.00,733.00,735.00,1247600,https://stooq.com/q/d/l/?s=1803.jp&i=d,2026-03-26T08:35:00+00:00
1803,1803.T,1803.jp,2022-11-30,733.00,738.00,729.00,738.00,6750000,https://stooq.com/q/d/l/?s=1803.jp&i=d,2026-03-26T08:35:00+00:00
1803,1803.T,1803.jp,2022-12-01,739.00,741.00,722.00,723.00,2163500,https://stooq.com/q/d/l/?s=1803.jp&i=d,2026-03-26T08:35:00+00:00
1803,1803.T,1803.jp,2022-12-02,720.00,720.00,706.00,711.00,2078000,https://stooq.com/q/d/l/?s=1803.jp&i=d,2026-03-26T08:35:00+00:00
1803,1803.T,1803.jp,2022-12-05,707.00,710.00,702.00,709.00,1800100,https://stooq.com/q/d/l/?s=1803.jp&i=d,2026-03-26T08:35:00+00:00
1803,1803.T,1803.jp,2022-12-06,707.00,716.00,706.00,715.00,1363800,https://stooq.com/q/d/l/?s=1803.jp&i=d,2026-03-26T08:35:00+00:00
1803,1803.T,1803.jp,2022-12-07,716.00,723.00,713.00,714.00,2355600,https://stooq.com/q/d/l/?s=1803.jp&i=d,2026-03-26T08:35:00+00:00
1803,1803.T,1803.jp,2022-12-08,710.00,715.00,707.00,711.00,1415300,https://stooq.com/q/d/l/?s=1803.jp&i=d,2026-03-26T08:35:00+00:00
1803,1803.T,1803.jp,2022-12-09,725.00,728.00,715.00,720.00,2525600,https://stooq.com/q/d/l/?s=1803.jp&i=d,2026-03-26T08:35:00+00:00
1803,1803.T,1803.jp,2022-12-12,720.00,721.00,712.00,715.00,901700,https://stooq.com/q/d/l/?s=1803.jp&i=d,2026-03-26T08:35:00+00:00
1803,1803.T,1803.jp,2022-12-13,719.00,720.00,714.00,715.00,1558000,https://stooq.com/q/d/l/?s=1803.jp&i=d,2026-03-26T08:35:00+00:00
1803,1803.T,1803.jp,2022-12-14,715.00,721.00,713.00,719.00,996300,https://stooq.com/q/d/l/?s=1803.jp&i=d,2026-03-26T08:35:00+00:00
1803,1803.T,1803.jp,2022-12-15,719.00,721.00,716.00,720.00,1019500,https://stooq.com/q/d/l/?s=1803.jp&i=d,2026-03-26T08:35:00+00:00
1803,1803.T,1803.jp,2022-12-16,716.00,721.00,712.00,715.00,2761000,https://stooq.com/q/d/l/?s=1803.jp&i=d,2026-03-26T08:35:00+00:00
1803,1803.T,1803.jp,2022-12-19,714.00,718.00,713.00,718.00,1602700,https://stooq.com/q/d/l/?s=1803.jp&i=d,2026-03-26T08:35:00+00:00
1803,1803.T,1803.jp,2022-12-20,722.00,722.00,702.00,708.00,2023200,https://stooq.com/q/d/l/?s=1803.jp&i=d,2026-03-26T08:35:00+00:00
1803,1803.T,1803.jp,2022-12-21,708.00,708.00,697.00,700.00,1904900,https://stooq.com/q/d/l/?s=1803.jp&i=d,2026-03-26T08:35:00+00:00
1803,1803.T,1803.jp,2022-12-22,704.00,708.00,700.00,708.00,1613300,https://stooq.com/q/d/l/?s=1803.jp&i=d,2026-03-26T08:35:00+00:00
1803,1803.T,1803.jp,2022-12-23,703.00,708.00,702.00,706.00,1321900,https://stooq.com/q/d/l/?s=1803.jp&i=d,2026-03-26T08:35:00+00:00
1803,1803.T,1803.jp,2022-12-26,712.00,713.00,705.00,710.00,752100,https://stooq.com/q/d/l/?s=1803.jp&i=d,2026-03-26T08:35:00+00:00
1803,1803.T,1803.jp,2022-12-27,713.00,715.00,710.00,712.00,570000,https://stooq.com/q/d/l/?s=1803.jp&i=d,2026-03-26T08:35:00+00:00
1803,1803.T,1803.jp,2022-12-28,714.00,715.00,708.00,715.00,1072500,https://stooq.com/q/d/l/?s=1803.jp&i=d,2026-03-26T08:35:00+00:00
1803,1803.T,1803.jp,2022-12-29,707.00,709.00,700.00,705.00,1094700,https://stooq.com/q/d/l/?s=1803.jp&i=d,2026-03-26T08:35:00+00:00
1803,1803.T,1803.jp,2022-12-30,702.00,709.00,702.00,704.00,1262000,https://stooq.com/q/d/l/?s=1803.jp&i=d,2026-03-26T08:35:00+00:00
1803,1803.T,1803.jp,2023-01-04,708.00,708.00,693.00,698.00,1392300,https://stooq.com/q/d/l/?s=1803.jp&i=d,2026-03-26T08:35:00+00:00
1803,1803.T,1803.jp,2023-01-05,693.00,693.00,683.00,686.00,1941500,https://stooq.com/q/d/l/?s=1803.jp&i=d,2026-03-26T08:35:00+00:00
1803,1803.T,1803.jp,2023-01-06,685.00,687.00,678.00,678.00,1913500,https://stooq.com/q/d/l/?s=1803.jp&i=d,2026-03-26T08:35:00+00:00
1803,1803.T,1803.jp,2023-01-10,684.00,688.00,680.00,683.00,1884500,https://stooq.com/q/d/l/?s=1803.jp&i=d,2026-03-26T08:35:00+00:00
1803,1803.T,1803.jp,2023-01-11,686.00,689.00,681.00,684.00,1494800,https://stooq.com/q/d/l/?s=1803.jp&i=d,2026-03-26T08:35:00+00:00
1803,1803.T,1803.jp,2023-01-12,676.00,680.00,671.00,673.00,2588800,https://stooq.com/q/d/l/?s=1803.jp&i=d,2026-03-26T08:35:00+00:00
1803,1803.T,1803.jp,2023-01-13,671.00,679.00,670.00,673.00,1549600,https://stooq.com/q/d/l/?s=1803.jp&i=d,2026-03-26T08:35:00+00:00
1803,1803.T,1803.jp,2023-01-16,666.00,670.00,661.00,667.00,1751300,https://stooq.com/q/d/l/?s=1803.jp&i=d,2026-03-26T08:35:00+00:00
1803,1803.T,1803.jp,2023-01-17,667.00,679.00,665.00,675.00,1626200,https://stooq.com/q/d/l/?s=1803.jp&i=d,2026-03-26T08:35:00+00:00
1803,1803.T,1803.jp,2023-01-18,676.00,687.00,670.00,681.00,1539600,https://stooq.com/q/d/l/?s=1803.jp&i=d,2026-03-26T08:35:00+00:00
1803,1803.T,1803.jp,2023-01-19,678.00,681.00,675.00,675.00,1548300,https://stooq.com/q/d/l/?s=1803.jp&i=d,2026-03-26T08:35:00+00:00
1803,1803.T,1803.jp,2023-01-20,685.00,700.00,679.00,697.00,2998700,https://stooq.com/q/d/l/?s=1803.jp&i=d,2026-03-26T08:35:00+00:00
1803,1803.T,1803.jp,2023-01-23,705.00,707.00,697.00,705.00,1703800,https://stooq.com/q/d/l/?s=1803.jp&i=d,2026-03-26T08:35:00+00:00
1803,1803.T,1803.jp,2023-01-24,710.00,716.00,708.00,715.00,1555300,https://stooq.com/q/d/l/?s=1803.jp&i=d,2026-03-26T08:35:00+00:00
1803,1803.T,1803.jp,2023-01-25,716.00,717.00,712.00,717.00,1656500,https://stooq.com/q/d/l/?s=1803.jp&i=d,2026-03-26T08:35:00+00:00
1803,1803.T,1803.jp,2023-01-26,719.00,722.00,714.00,718.00,1188700,https://stooq.com/q/d/l/?s=1803.jp&i=d,2026-03-26T08:35:00+00:00
1803,1803.T,1803.jp,2023-01-27,720.00,722.00,716.00,720.00,1123000,https://stooq.com/q/d/l/?s=1803.jp&i=d,2026-03-26T08:35:00+00:00
1803,1803.T,1803.jp,2023-01-30,718.00,725.00,718.00,725.00,1516100,https://stooq.com/q/d/l/?s=1803.jp&i=d,2026-03-26T08:35:00+00:00
1803,1803.T,1803.jp,2023-01-31,725.00,738.00,712.00,727.00,5124700,https://stooq.com/q/d/l/?s=1803.jp&i=d,2026-03-26T08:35:00+00:00
1803,1803.T,1803.jp,2023-02-01,733.00,749.00,724.00,726.00,3861500,https://stooq.com/q/d/l/?s=1803.jp&i=d,2026-03-26T08:35:00+00:00
1803,1803.T,1803.jp,2023-02-02,719.00,720.00,704.00,707.00,2694400,https://stooq.com/q/d/l/?s=1803.jp&i=d,2026-03-26T08:35:00+00:00
1803,1803.T,1803.jp,2023-02-03,696.00,705.00,694.00,699.00,1572600,https://stooq.com/q/d/l/?s=1803.jp&i=d,2026-03-26T08:35:00+00:00
1803,1803.T,1803.jp,2023-02-06,708.00,712.00,705.00,711.00,1539400,https://stooq.com/q/d/l/?s=1803.jp&i=d,2026-03-26T08:35:00+00:00
1803,1803.T,1803.jp,2023-02-07,710.00,711.00,704.00,704.00,1162800,https://stooq.com/q/d/l/?s=1803.jp&i=d,2026-03-26T08:35:00+00:00
1803,1803.T,1803.jp,2023-02-08,707.00,710.00,704.00,706.00,1457800,https://stooq.com/q/d/l/?s=1803.jp&i=d,2026-03-26T08:35:00+00:00
1803,1803.T,1803.jp,2023-02-09,704.00,710.00,701.00,709.00,1491800,https://stooq.com/q/d/l/?s=1803.jp&i=d,2026-03-26T08:35:00+00:00
1803,1803.T,1803.jp,2023-02-10,710.00,712.00,704.00,711.00,1843100,https://stooq.com/q/d/l/?s=1803.jp&i=d,2026-03-26T08:35:00+00:00
1803,1803.T,1803.jp,2023-02-13,715.00,717.00,708.00,712.00,1118600,https://stooq.com/q/d/l/?s=1803.jp&i=d,2026-03-26T08:35:00+00:00
1803,1803.T,1803.jp,2023-02-14,718.00,720.00,711.00,719.00,1319700,https://stooq.com/q/d/l/?s=1803.jp&i=d,2026-03-26T08:35:00+00:00
1803,1803.T,1803.jp,2023-02-15,719.00,720.00,712.00,716.00,1106100,https://stooq.com/q/d/l/?s=1803.jp&i=d,2026-03-26T08:35:00+00:00
1803,1803.T,1803.jp,2023-02-16,716.00,717.00,709.00,713.00,1348400,https://stooq.com/q/d/l/?s=1803.jp&i=d,2026-03-26T08:35:00+00:00
1803,1803.T,1803.jp,2023-02-17,716.00,724.00,712.00,724.00,1578000,https://stooq.com/q/d/l/?s=1803.jp&i=d,2026-03-26T08:35:00+00:00
1803,1803.T,1803.jp,2023-02-20,726.00,736.00,723.00,733.00,1435200,https://stooq.com/q/d/l/?s=1803.jp&i=d,2026-03-26T08:35:00+00:00
1803,1803.T,1803.jp,2023-02-21,729.00,735.00,727.00,733.00,1181000,https://stooq.com/q/d/l/?s=1803.jp&i=d,2026-03-26T08:35:00+00:00
1803,1803.T,1803.jp,2023-02-22,733.00,737.00,728.00,732.00,2240000,https://stooq.com/q/d/l/?s=1803.jp&i=d,2026-03-26T08:35:00+00:00
1803,1803.T,1803.jp,2023-02-24,735.00,741.00,734.00,739.00,2524600,https://stooq.com/q/d/l/?s=1803.jp&i=d,2026-03-26T08:35:00+00:00
1803,1803.T,1803.jp,2023-02-27,745.00,748.00,741.00,748.00,1316500,https://stooq.com/q/d/l/?s=1803.jp&i=d,2026-03-26T08:35:00+00:00
1803,1803.T,1803.jp,2023-02-28,744.00,747.00,735.00,735.00,2334800,https://stooq.com/q/d/l/?s=1803.jp&i=d,2026-03-26T08:35:00+00:00
1803,1803.T,1803.jp,2023-03-01,736.00,742.00,734.00,738.00,1474800,https://stooq.com/q/d/l/?s=1803.jp&i=d,2026-03-26T08:35:00+00:00
1803,1803.T,1803.jp,2023-03-02,741.00,742.00,737.00,738.00,1166800,https://stooq.com/q/d/l/?s=1803.jp&i=d,2026-03-26T08:35:00+00:00
1803,1803.T,1803.jp,2023-03-03,737.00,748.00,737.00,746.00,2399800,https://stooq.com/q/d/l/?s=1803.jp&i=d,2026-03-26T08:35:00+00:00
1803,1803.T,1803.jp,2023-03-06,748.00,753.00,747.00,748.00,1342300,https://stooq.com/q/d/l/?s=1803.jp&i=d,2026-03-26T08:35:00+00:00
1803,1803.T,1803.jp,2023-03-07,749.00,754.00,746.00,754.00,1253300,https://stooq.com/q/d/l/?s=1803.jp&i=d,2026-03-26T08:35:00+00:00
1803,1803.T,1803.jp,2023-03-08,752.00,774.00,752.00,774.00,2649900,https://stooq.com/q/d/l/?s=1803.jp&i=d,2026-03-26T08:35:00+00:00
1803,1803.T,1803.jp,2023-03-09,778.00,790.00,778.00,788.00,2571700,https://stooq.com/q/d/l/?s=1803.jp&i=d,2026-03-26T08:35:00+00:00
1803,1803.T,1803.jp,2023-03-10,780.00,787.00,778.00,778.00,2641900,https://stooq.com/q/d/l/?s=1803.jp&i=d,2026-03-26T08:35:00+00:00
1803,1803.T,1803.jp,2023-03-13,773.00,774.00,755.00,759.00,2196800,https://stooq.com/q/d/l/?s=1803.jp&i=d,2026-03-26T08:35:00+00:00
1803,1803.T,1803.jp,2023-03-14,749.00,750.00,739.00,747.00,2504700,https://stooq.com/q/d/l/?s=1803.jp&i=d,2026-03-26T08:35:00+00:00
1803,1803.T,1803.jp,2023-03-15,755.00,760.00,751.00,758.00,1770100,https://stooq.com/q/d/l/?s=1803.jp&i=d,2026-03-26T08:35:00+00:00
1803,1803.T,1803.jp,2023-03-16,738.00,746.00,737.00,744.00,2459500,https://stooq.com/q/d/l/?s=1803.jp&i=d,2026-03-26T08:35:00+00:00
1803,1803.T,1803.jp,2023-03-17,747.00,750.00,735.00,735.00,4137500,https://stooq.com/q/d/l/?s=1803.jp&i=d,2026-03-26T08:35:00+00:00
1803,1803.T,1803.jp,2023-03-20,730.00,736.00,724.00,724.00,2042100,https://stooq.com/q/d/l/?s=1803.jp&i=d,2026-03-26T08:35:00+00:00
1803,1803.T,1803.jp,2023-03-22,738.00,742.00,731.00,738.00,1878600,https://stooq.com/q/d/l/?s=1803.jp&i=d,2026-03-26T08:35:00+00:00
1803,1803.T,1803.jp,2023-03-23,738.00,744.00,735.00,743.00,1356100,https://stooq.com/q/d/l/?s=1803.jp&i=d,2026-03-26T08:35:00+00:00
1803,1803.T,1803.jp,2023-03-24,735.00,743.00,733.00,740.00,1499500,https://stooq.com/q/d/l/?s=1803.jp&i=d,2026-03-26T08:35:00+00:00
1803,1803.T,1803.jp,2023-03-27,749.00,749.00,742.00,743.00,1237900,https://stooq.com/q/d/l/?s=1803.jp&i=d,2026-03-26T08:35:00+00:00
1803,1803.T,1803.jp,2023-03-28,750.00,752.00,738.00,742.00,1766400,https://stooq.com/q/d/l/?s=1803.jp&i=d,2026-03-26T08:35:00+00:00
1803,1803.T,1803.jp,2023-03-29,749.00,756.00,741.00,754.00,2227500,https://stooq.com/q/d/l/?s=1803.jp&i=d,2026-03-26T08:35:00+00:00
1803,1803.T,1803.jp,2023-03-30,739.00,747.00,738.00,747.00,1444600,https://stooq.com/q/d/l/?s=1803.jp&i=d,2026-03-26T08:35:00+00:00
1803,1803.T,1803.jp,2023-03-31,747.00,753.00,744.00,750.00,1964800,https://stooq.com/q/d/l/?s=1803.jp&i=d,2026-03-26T08:35:00+00:00
1803,1803.T,1803.jp,2023-04-03,758.00,766.00,753.00,764.00,1704400,https://stooq.com/q/d/l/?s=1803.jp&i=d,2026-03-26T08:35:00+00:00
1803,1803.T,1803.jp,2023-04-04,771.00,775.00,765.00,773.00,2123800,https://stooq.com/q/d/l/?s=1803.jp&i=d,2026-03-26T08:35:00+00:00
1803,1803.T,1803.jp,2023-04-05,766.00,770.00,757.00,757.00,2222300,https://stooq.com/q/d/l/?s=1803.jp&i=d,2026-03-26T08:35:00+00:00
1803,1803.T,1803.jp,2023-04-06,754.00,761.00,750.00,759.00,1845500,https://stooq.com/q/d/l/?s=1803.jp&i=d,2026-03-26T08:35:00+00:00
1803,1803.T,1803.jp,2023-04-07,757.00,760.00,754.00,757.00,941700,https://stooq.com/q/d/l/?s=1803.jp&i=d,2026-03-26T08:35:00+00:00
1803,1803.T,1803.jp,2023-04-10,764.00,765.00,758.00,762.00,1095500,https://stooq.com/q/d/l/?s=1803.jp&i=d,2026-03-26T08:35:00+00:00
1803,1803.T,1803.jp,2023-04-11,765.00,771.00,762.00,768.00,1605400,https://stooq.com/q/d/l/?s=1803.jp&i=d,2026-03-26T08:35:00+00:00
1803,1803.T,1803.jp,2023-04-12,774.00,779.00,771.00,779.00,1755400,https://stooq.com/q/d/l/?s=1803.jp&i=d,2026-03-26T08:35:00+00:00
1803,1803.T,1803.jp,2023-04-13,780.00,780.00,770.00,773.00,1750700,https://stooq.com/q/d/l/?s=1803.jp&i=d,2026-03-26T08:35:00+00:00
1803,1803.T,1803.jp,2023-04-14,781.00,782.00,768.00,779.00,2428100,https://stooq.com/q/d/l/?s=1803.jp&i=d,2026-03-26T08:35:00+00:00
1803,1803.T,1803.jp,2023-04-17,776.00,781.00,770.00,780.00,1649100,https://stooq.com/q/d/l/?s=1803.jp&i=d,2026-03-26T08:35:00+00:00
1803,1803.T,1803.jp,2023-04-18,766.00,776.00,759.00,768.00,3325900,https://stooq.com/q/d/l/?s=1803.jp&i=d,2026-03-26T08:35:00+00:00
1803,1803.T,1803.jp,2023-04-19,767.00,767.00,760.00,766.00,2360700,https://stooq.com/q/d/l/?s=1803.jp&i=d,2026-03-26T08:35:00+00:00
1803,1803.T,1803.jp,2023-04-20,761.00,764.00,756.00,763.00,2190800,https://stooq.com/q/d/l/?s=1803.jp&i=d,2026-03-26T08:35:00+00:00
1803,1803.T,1803.jp,2023-04-21,764.00,769.00,760.00,764.00,1542500,https://stooq.com/q/d/l/?s=1803.jp&i=d,2026-03-26T08:35:00+00:00
1803,1803.T,1803.jp,2023-04-24,769.00,771.00,764.00,766.00,1241800,https://stooq.com/q/d/l/?s=1803.jp&i=d,2026-03-26T08:35:00+00:00
1803,1803.T,1803.jp,2023-04-25,769.00,772.00,759.00,760.00,2153300,https://stooq.com/q/d/l/?s=1803.jp&i=d,2026-03-26T08:35:00+00:00
1803,1803.T,1803.jp,2023-04-26,759.00,836.00,756.00,825.00,15462500,https://stooq.com/q/d/l/?s=1803.jp&i=d,2026-03-26T08:35:00+00:00
1803,1803.T,1803.jp,2023-04-27,823.00,824.00,796.00,805.00,5105200,https://stooq.com/q/d/l/?s=1803.jp&i=d,2026-03-26T08:35:00+00:00
1803,1803.T,1803.jp,2023-04-28,820.00,830.00,817.00,829.00,3188100,https://stooq.com/q/d/l/?s=1803.jp&i=d,2026-03-26T08:35:00+00:00
1803,1803.T,1803.jp,2023-05-01,829.00,831.00,817.00,820.00,2763800,https://stooq.com/q/d/l/?s=1803.jp&i=d,2026-03-26T08:35:00+00:00
1803,1803.T,1803.jp,2023-05-02,825.00,825.00,812.00,816.00,1831800,https://stooq.com/q/d/l/?s=1803.jp&i=d,2026-03-26T08:35:00+00:00
1803,1803.T,1803.jp,2023-05-08,830.00,830.00,817.00,823.00,2879500,https://stooq.com/q/d/l/?s=1803.jp&i=d,2026-03-26T08:35:00+00:00
1803,1803.T,1803.jp,2023-05-09,827.00,838.00,824.00,838.00,3154800,https://stooq.com/q/d/l/?s=1803.jp&i=d,2026-03-26T08:35:00+00:00
1803,1803.T,1803.jp,2023-05-10,841.00,845.00,835.00,845.00,2340600,https://stooq.com/q/d/l/?s=1803.jp&i=d,2026-03-26T08:35:00+00:00
1803,1803.T,1803.jp,2023-05-11,835.00,842.00,791.00,827.00,5877200,https://stooq.com/q/d/l/?s=1803.jp&i=d,2026-03-26T08:35:00+00:00
1803,1803.T,1803.jp,2023-05-12,827.00,845.00,813.00,844.00,5150500,https://stooq.com/q/d/l/?s=1803.jp&i=d,2026-03-26T08:35:00+00:00
1803,1803.T,1803.jp,2023-05-15,850.00,859.00,846.00,858.00,3004700,https://stooq.com/q/d/l/?s=1803.jp&i=d,2026-03-26T08:35:00+00:00
1803,1803.T,1803.jp,2023-05-16,860.00,875.00,858.00,867.00,3183500,https://stooq.com/q/d/l/?s=1803.jp&i=d,2026-03-26T08:35:00+00:00
1803,1803.T,1803.jp,2023-05-17,868.00,880.00,865.00,880.00,2513800,https://stooq.com/q/d/l/?s=1803.jp&i=d,2026-03-26T08:35:00+00:00
1803,1803.T,1803.jp,2023-05-18,881.00,882.00,862.00,870.00,3153100,https://stooq.com/q/d/l/?s=1803.jp&i=d,2026-03-26T08:35:00+00:00
1803,1803.T,1803.jp,2023-05-19,870.00,880.00,866.00,869.00,3012200,https://stooq.com/q/d/l/?s=1803.jp&i=d,2026-03-26T08:35:00+00:00
1803,1803.T,1803.jp,2023-05-22,869.00,884.00,868.00,881.00,2659900,https://stooq.com/q/d/l/?s=1803.jp&i=d,2026-03-26T08:35:00+00:00
1803,1803.T,1803.jp,2023-05-23,877.00,884.00,865.00,870.00,2512200,https://stooq.com/q/d/l/?s=1803.jp&i=d,2026-03-26T08:35:00+00:00
1803,1803.T,1803.jp,2023-05-24,873.00,879.00,869.00,877.00,2110500,https://stooq.com/q/d/l/?s=1803.jp&i=d,2026-03-26T08:35:00+00:00
1803,1803.T,1803.jp,2023-05-25,875.00,879.00,870.00,876.00,1847800,https://stooq.com/q/d/l/?s=1803.jp&i=d,2026-03-26T08:35:00+00:00
1803,1803.T,1803.jp,2023-05-26,876.00,878.00,864.00,865.00,1983700,https://stooq.com/q/d/l/?s=1803.jp&i=d,2026-03-26T08:35:00+00:00
1803,1803.T,1803.jp,2023-05-29,870.00,872.00,864.00,867.00,1812200,https://stooq.com/q/d/l/?s=1803.jp&i=d,2026-03-26T08:35:00+00:00
1803,1803.T,1803.jp,2023-05-30,862.00,866.00,853.00,863.00,1855800,https://stooq.com/q/d/l/?s=1803.jp&i=d,2026-03-26T08:35:00+00:00
1803,1803.T,1803.jp,2023-05-31,850.00,857.00,841.00,846.00,5215800,https://stooq.com/q/d/l/?s=1803.jp&i=d,2026-03-26T08:35:00+00:00
1803,1803.T,1803.jp,2023-06-01,843.00,853.00,840.00,848.00,2086200,https://stooq.com/q/d/l/?s=1803.jp&i=d,2026-03-26T08:35:00+00:00
1803,1803.T,1803.jp,2023-06-02,837.00,852.00,837.00,851.00,2388600,https://stooq.com/q/d/l/?s=1803.jp&i=d,2026-03-26T08:35:00+00:00
1803,1803.T,1803.jp,2023-06-05,862.30,869.00,860.20,868.50,2946700,https://stooq.com/q/d/l/?s=1803.jp&i=d,2026-03-26T08:35:00+00:00
1803,1803.T,1803.jp,2023-06-06,864.40,882.00,858.00,882.00,2306800,https://stooq.com/q/d/l/?s=1803.jp&i=d,2026-03-26T08:35:00+00:00
1803,1803.T,1803.jp,2023-06-07,882.00,884.10,867.00,868.90,2330700,https://stooq.com/q/d/l/?s=1803.jp&i=d,2026-03-26T08:35:00+00:00
1803,1803.T,1803.jp,2023-06-08,872.00,877.00,862.40,867.90,1990400,https://stooq.com/q/d/l/?s=1803.jp&i=d,2026-03-26T08:35:00+00:00
1803,1803.T,1803.jp,2023-06-09,867.90,878.90,865.10,878.00,2942300,https://stooq.com/q/d/l/?s=1803.jp&i=d,2026-03-26T08:35:00+00:00
1803,1803.T,1803.jp,2023-06-12,872.10,874.30,868.30,874.30,1710700,https://stooq.com/q/d/l/?s=1803.jp&i=d,2026-03-26T08:35:00+00:00
1803,1803.T,1803.jp,2023-06-13,875.00,877.90,871.50,873.20,2002300,https://stooq.com/q/d/l/?s=1803.jp&i=d,2026-03-26T08:35:00+00:00
1803,1803.T,1803.jp,2023-06-14,876.70,881.60,874.00,878.60,2063000,https://stooq.com/q/d/l/?s=1803.jp&i=d,2026-03-26T08:35:00+00:00
1803,1803.T,1803.jp,2023-06-15,875.40,891.50,873.00,886.70,2711800,https://stooq.com/q/d/l/?s=1803.jp&i=d,2026-03-26T08:35:00+00:00
1803,1803.T,1803.jp,2023-06-16,880.80,892.40,876.50,892.30,3640300,https://stooq.com/q/d/l/?s=1803.jp&i=d,2026-03-26T08:35:00+00:00
1803,1803.T,1803.jp,2023-06-19,899.90,900.70,873.60,882.60,2977300,https://stooq.com/q/d/l/?s=1803.jp&i=d,2026-03-26T08:35:00+00:00
1803,1803.T,1803.jp,2023-06-20,881.60,882.60,869.20,877.40,1923100,https://stooq.com/q/d/l/?s=1803.jp&i=d,2026-03-26T08:35:00+00:00
1803,1803.T,1803.jp,2023-06-21,879.60,893.00,876.00,892.90,1712200,https://stooq.com/q/d/l/?s=1803.jp&i=d,2026-03-26T08:35:00+00:00
1803,1803.T,1803.jp,2023-06-22,894.80,909.10,893.30,905.00,2341800,https://stooq.com/q/d/l/?s=1803.jp&i=d,2026-03-26T08:35:00+00:00
1803,1803.T,1803.jp,2023-06-23,909.80,914.20,893.50,902.00,2420200,https://stooq.com/q/d/l/?s=1803.jp&i=d,2026-03-26T08:35:00+00:00
1803,1803.T,1803.jp,2023-06-26,900.10,901.60,891.90,893.20,1533400,https://stooq.com/q/d/l/?s=1803.jp&i=d,2026-03-26T08:35:00+00:00
1803,1803.T,1803.jp,2023-06-27,898.10,901.50,891.10,897.80,1424100,https://stooq.com/q/d/l/?s=1803.jp&i=d,2026-03-26T08:35:00+00:00
1803,1803.T,1803.jp,2023-06-28,898.00,911.80,897.40,911.60,2012900,https://stooq.com/q/d/l/?s=1803.jp&i=d,2026-03-26T08:35:00+00:00
1803,1803.T,1803.jp,2023-06-29,909.30,917.10,903.30,909.20,5826600,https://stooq.com/q/d/l/?s=1803.jp&i=d,2026-03-26T08:35:00+00:00
1803,1803.T,1803.jp,2023-06-30,914.60,917.90,904.20,910.30,2276200,https://stooq.com/q/d/l/?s=1803.jp&i=d,2026-03-26T08:35:00+00:00
1803,1803.T,1803.jp,2023-07-03,910.30,926.10,910.30,921.90,2144800,https://stooq.com/q/d/l/?s=1803.jp&i=d,2026-03-26T08:35:00+00:00
1803,1803.T,1803.jp,2023-07-04,918.00,920.50,910.80,913.10,1576000,https://stooq.com/q/d/l/?s=1803.jp&i=d,2026-03-26T08:35:00+00:00
1803,1803.T,1803.jp,2023-07-05,909.20,917.00,906.00,913.10,2051900,https://stooq.com/q/d/l/?s=1803.jp&i=d,2026-03-26T08:35:00+00:00
1803,1803.T,1803.jp,2023-07-06,908.90,916.10,902.70,908.40,2311000,https://stooq.com/q/d/l/?s=1803.jp&i=d,2026-03-26T08:35:00+00:00
1803,1803.T,1803.jp,2023-07-07,900.00,909.50,890.50,899.60,2822000,https://stooq.com/q/d/l/?s=1803.jp&i=d,2026-03-26T08:35:00+00:00
1803,1803.T,1803.jp,2023-07-10,899.90,906.40,892.10,897.60,2743200,https://stooq.com/q/d/l/?s=1803.jp&i=d,2026-03-26T08:35:00+00:00
1803,1803.T,1803.jp,2023-07-11,902.30,906.70,890.90,894.50,2178200,https://stooq.com/q/d/l/?s=1803.jp&i=d,2026-03-26T08:35:00+00:00
1803,1803.T,1803.jp,2023-07-12,894.90,902.50,887.30,888.90,2511700,https://stooq.com/q/d/l/?s=1803.jp&i=d,2026-03-26T08:35:00+00:00
1803,1803.T,1803.jp,2023-07-13,887.00,891.60,880.30,886.40,1735800,https://stooq.com/q/d/l/?s=1803.jp&i=d,2026-03-26T08:35:00+00:00
1803,1803.T,1803.jp,2023-07-14,888.40,896.70,883.60,890.20,2082800,https://stooq.com/q/d/l/?s=1803.jp&i=d,2026-03-26T08:35:00+00:00
1803,1803.T,1803.jp,2023-07-18,894.00,901.50,889.20,897.20,1892800,https://stooq.com/q/d/l/?s=1803.jp&i=d,2026-03-26T08:35:00+00:00
1803,1803.T,1803.jp,2023-07-19,905.00,907.80,900.50,907.80,1422200,https://stooq.com/q/d/l/?s=1803.jp&i=d,2026-03-26T08:35:00+00:00
1803,1803.T,1803.jp,2023-07-20,910.00,917.50,908.60,913.40,1662700,https://stooq.com/q/d/l/?s=1803.jp&i=d,2026-03-26T08:35:00+00:00
1803,1803.T,1803.jp,2023-07-21,925.00,933.10,915.30,927.00,3197400,https://stooq.com/q/d/l/?s=1803.jp&i=d,2026-03-26T08:35:00+00:00
1803,1803.T,1803.jp,2023-07-24,935.00,950.00,932.00,947.90,3928500,https://stooq.com/q/d/l/?s=1803.jp&i=d,2026-03-26T08:35:00+00:00
1803,1803.T,1803.jp,2023-07-25,952.00,958.80,943.10,957.90,3715300,https://stooq.com/q/d/l/?s=1803.jp&i=d,2026-03-26T08:35:00+00:00
1803,1803.T,1803.jp,2023-07-26,954.60,957.00,940.10,952.80,2804400,https://stooq.com/q/d/l/?s=1803.jp&i=d,2026-03-26T08:35:00+00:00
1803,1803.T,1803.jp,2023-07-27,945.50,949.60,933.50,949.60,3050700,https://stooq.com/q/d/l/?s=1803.jp&i=d,2026-03-26T08:35:00+00:00
1803,1803.T,1803.jp,2023-07-28,947.30,961.80,932.00,959.60,6272400,https://stooq.com/q/d/l/?s=1803.jp&i=d,2026-03-26T08:35:00+00:00
1803,1803.T,1803.jp,2023-07-31,962.00,984.80,962.00,979.60,4445200,https://stooq.com/q/d/l/?s=1803.jp&i=d,2026-03-26T08:35:00+00:00
1803,1803.T,1803.jp,2023-08-01,979.60,985.00,971.20,985.00,3390800,https://stooq.com/q/d/l/?s=1803.jp&i=d,2026-03-26T08:35:00+00:00
1803,1803.T,1803.jp,2023-08-02,981.00,994.40,973.60,980.30,3464600,https://stooq.com/q/d/l/?s=1803.jp&i=d,2026-03-26T08:35:00+00:00
1803,1803.T,1803.jp,2023-08-03,977.90,981.90,966.80,968.90,3408300,https://stooq.com/q/d/l/?s=1803.jp&i=d,2026-03-26T08:35:00+00:00
1803,1803.T,1803.jp,2023-08-04,965.50,973.00,963.20,970.70,2305800,https://stooq.com/q/d/l/?s=1803.jp&i=d,2026-03-26T08:35:00+00:00
1803,1803.T,1803.jp,2023-08-07,970.00,979.80,932.80,956.50,3992100,https://stooq.com/q/d/l/?s=1803.jp&i=d,2026-03-26T08:35:00+00:00
1803,1803.T,1803.jp,2023-08-08,968.20,976.00,965.00,974.40,2720000,https://stooq.com/q/d/l/?s=1803.jp&i=d,2026-03-26T08:35:00+00:00
1803,1803.T,1803.jp,2023-08-09,971.00,982.90,960.60,979.80,2769400,https://stooq.com/q/d/l/?s=1803.jp&i=d,2026-03-26T08:35:00+00:00
1803,1803.T,1803.jp,2023-08-10,973.70,998.00,968.50,998.00,2764700,https://stooq.com/q/d/l/?s=1803.jp&i=d,2026-03-26T08:35:00+00:00
1803,1803.T,1803.jp,2023-08-14,994.00,1002.50,983.10,985.80,2358400,https://stooq.com/q/d/l/?s=1803.jp&i=d,2026-03-26T08:35:00+00:00
1803,1803.T,1803.jp,2023-08-15,987.70,993.70,981.00,990.30,1710900,https://stooq.com/q/d/l/?s=1803.jp&i=d,2026-03-26T08:35:00+00:00
1803,1803.T,1803.jp,2023-08-16,984.10,998.60,980.80,993.10,2281800,https://stooq.com/q/d/l/?s=1803.jp&i=d,2026-03-26T08:35:00+00:00
1803,1803.T,1803.jp,2023-08-17,993.00,993.00,969.60,980.00,2317800,https://stooq.com/q/d/l/?s=1803.jp&i=d,2026-03-26T08:35:00+00:00
1803,1803.T,1803.jp,2023-08-18,971.00,976.60,962.50,968.50,1633900,https://stooq.com/q/d/l/?s=1803.jp&i=d,2026-03-26T08:35:00+00:00
1803,1803.T,1803.jp,2023-08-21,975.50,978.70,967.00,971.20,1724700,https://stooq.com/q/d/l/?s=1803.jp&i=d,2026-03-26T08:35:00+00:00
1803,1803.T,1803.jp,2023-08-22,970.00,973.60,963.10,967.40,2102400,https://stooq.com/q/d/l/?s=1803.jp&i=d,2026-03-26T08:35:00+00:00
1803,1803.T,1803.jp,2023-08-23,966.00,977.40,961.00,976.20,1659500,https://stooq.com/q/d/l/?s=1803.jp&i=d,2026-03-26T08:35:00+00:00
1803,1803.T,1803.jp,2023-08-24,974.00,991.50,971.50,990.00,1991900,https://stooq.com/q/d/l/?s=1803.jp&i=d,2026-03-26T08:35:00+00:00
1803,1803.T,1803.jp,2023-08-25,981.00,984.00,968.50,968.90,1730400,https://stooq.com/q/d/l/?s=1803.jp&i=d,2026-03-26T08:35:00+00:00
1803,1803.T,1803.jp,2023-08-28,979.90,980.20,974.90,979.80,1498400,https://stooq.com/q/d/l/?s=1803.jp&i=d,2026-03-26T08:35:00+00:00
1803,1803.T,1803.jp,2023-08-29,980.10,985.30,973.40,975.50,1697200,https://stooq.com/q/d/l/?s=1803.jp&i=d,2026-03-26T08:35:00+00:00
1803,1803.T,1803.jp,2023-08-30,975.00,978.00,971.90,975.60,2007400,https://stooq.com/q/d/l/?s=1803.jp&i=d,2026-03-26T08:35:00+00:00
1803,1803.T,1803.jp,2023-08-31,971.30,986.30,969.70,979.70,4278800,https://stooq.com/q/d/l/?s=1803.jp&i=d,2026-03-26T08:35:00+00:00
1803,1803.T,1803.jp,2023-09-01,980.50,993.90,976.20,987.60,1998900,https://stooq.com/q/d/l/?s=1803.jp&i=d,2026-03-26T08:35:00+00:00
1803,1803.T,1803.jp,2023-09-04,983.00,992.50,978.40,992.50,2032200,https://stooq.com/q/d/l/?s=1803.jp&i=d,2026-03-26T08:35:00+00:00
1803,1803.T,1803.jp,2023-09-05,996.00,1002.50,987.50,1000.00,2003900,https://stooq.com/q/d/l/?s=1803.jp&i=d,2026-03-26T08:35:00+00:00
1803,1803.T,1803.jp,2023-09-06,1003.00,1017.00,1003.00,1015.50,1589700,https://stooq.com/q/d/l/?s=1803.jp&i=d,2026-03-26T08:35:00+00:00
1803,1803.T,1803.jp,2023-09-07,1016.50,1032.50,1015.00,1022.00,2093500,https://stooq.com/q/d/l/?s=1803.jp&i=d,2026-03-26T08:35:00+00:00
1803,1803.T,1803.jp,2023-09-08,1024.00,1034.00,1013.50,1018.50,2189700,https://stooq.com/q/d/l/?s=1803.jp&i=d,2026-03-26T08:35:00+00:00
1803,1803.T,1803.jp,2023-09-11,1023.00,1027.50,1018.50,1024.50,1672400,https://stooq.com/q/d/l/?s=1803.jp&i=d,2026-03-26T08:35:00+00:00
1803,1803.T,1803.jp,2023-09-12,1035.50,1036.00,1018.50,1028.50,1900600,https://stooq.com/q/d/l/?s=1803.jp&i=d,2026-03-26T08:35:00+00:00
1803,1803.T,1803.jp,2023-09-13,1014.50,1019.50,1001.00,1005.00,2881800,https://stooq.com/q/d/l/?s=1803.jp&i=d,2026-03-26T08:35:00+00:00
1803,1803.T,1803.jp,2023-09-14,1008.50,1026.00,1007.50,1022.50,2038100,https://stooq.com/q/d/l/?s=1803.jp&i=d,2026-03-26T08:35:00+00:00
1803,1803.T,1803.jp,2023-09-15,1041.00,1061.00,1040.50,1055.50,4625300,https://stooq.com/q/d/l/?s=1803.jp&i=d,2026-03-26T08:35:00+00:00
1803,1803.T,1803.jp,2023-09-19,1055.50,1056.00,1042.50,1055.00,2551000,https://stooq.com/q/d/l/?s=1803.jp&i=d,2026-03-26T08:35:00+00:00
1803,1803.T,1803.jp,2023-09-20,1054.50,1057.50,1047.50,1051.00,2282400,https://stooq.com/q/d/l/?s=1803.jp&i=d,2026-03-26T08:35:00+00:00
1803,1803.T,1803.jp,2023-09-21,1053.50,1066.50,1051.50,1054.50,2347200,https://stooq.com/q/d/l/?s=1803.jp&i=d,2026-03-26T08:35:00+00:00
1803,1803.T,1803.jp,2023-09-22,1048.00,1060.50,1043.50,1053.00,3219500,https://stooq.com/q/d/l/?s=1803.jp&i=d,2026-03-26T08:35:00+00:00
1803,1803.T,1803.jp,2023-09-25,1060.00,1061.50,1048.00,1050.00,2129500,https://stooq.com/q/d/l/?s=1803.jp&i=d,2026-03-26T08:35:00+00:00
1803,1803.T,1803.jp,2023-09-26,1050.00,1051.50,1041.00,1049.00,1366900,https://stooq.com/q/d/l/?s=1803.jp&i=d,2026-03-26T08:35:00+00:00
1803,1803.T,1803.jp,2023-09-27,1050.00,1058.50,1038.50,1056.00,2506000,https://stooq.com/q/d/l/?s=1803.jp&i=d,2026-03-26T08:35:00+00:00
1803,1803.T,1803.jp,2023-09-28,1043.00,1055.00,1039.00,1047.50,2538300,https://stooq.com/q/d/l/?s=1803.jp&i=d,2026-03-26T08:35:00+00:00
1803,1803.T,1803.jp,2023-09-29,1045.00,1048.00,1032.00,1039.50,2392700,https://stooq.com/q/d/l/?s=1803.jp&i=d,2026-03-26T08:35:00+00:00
1803,1803.T,1803.jp,2023-10-02,1037.50,1047.50,1030.00,1030.00,2592600,https://stooq.com/q/d/l/?s=1803.jp&i=d,2026-03-26T08:35:00+00:00
1803,1803.T,1803.jp,2023-10-03,1030.00,1030.00,1001.00,1003.50,2542700,https://stooq.com/q/d/l/?s=1803.jp&i=d,2026-03-26T08:35:00+00:00
1803,1803.T,1803.jp,2023-10-04,992.10,1000.00,974.20,974.50,2747900,https://stooq.com/q/d/l/?s=1803.jp&i=d,2026-03-26T08:35:00+00:00
1803,1803.T,1803.jp,2023-10-05,976.70,1011.00,974.00,1009.50,2579800,https://stooq.com/q/d/l/?s=1803.jp&i=d,2026-03-26T08:35:00+00:00
1803,1803.T,1803.jp,2023-10-06,1014.00,1033.00,1014.00,1022.50,2518200,https://stooq.com/q/d/l/?s=1803.jp&i=d,2026-03-26T08:35:00+00:00
1803,1803.T,1803.jp,2023-10-10,1030.00,1047.50,1030.00,1043.50,2045200,https://stooq.com/q/d/l/?s=1803.jp&i=d,2026-03-26T08:35:00+00:00
1803,1803.T,1803.jp,2023-10-11,1042.50,1047.00,1038.00,1038.00,2518100,https://stooq.com/q/d/l/?s=1803.jp&i=d,2026-03-26T08:35:00+00:00
1803,1803.T,1803.jp,2023-10-12,1040.50,1043.00,1032.00,1039.00,2461400,https://stooq.com/q/d/l/?s=1803.jp&i=d,2026-03-26T08:35:00+00:00
1803,1803.T,1803.jp,2023-10-13,1027.00,1035.50,1023.50,1033.50,2230700,https://stooq.com/q/d/l/?s=1803.jp&i=d,2026-03-26T08:35:00+00:00
1803,1803.T,1803.jp,2023-10-16,1026.50,1030.00,1013.00,1020.00,2016800,https://stooq.com/q/d/l/?s=1803.jp&i=d,2026-03-26T08:35:00+00:00
1803,1803.T,1803.jp,2023-10-17,1020.00,1031.50,1018.50,1026.00,2267300,https://stooq.com/q/d/l/?s=1803.jp&i=d,2026-03-26T08:35:00+00:00
1803,1803.T,1803.jp,2023-10-18,1030.00,1044.00,1029.00,1040.50,2986500,https://stooq.com/q/d/l/?s=1803.jp&i=d,2026-03-26T08:35:00+00:00
1803,1803.T,1803.jp,2023-10-19,1021.50,1039.00,1020.50,1035.00,2360100,https://stooq.com/q/d/l/?s=1803.jp&i=d,2026-03-26T08:35:00+00:00
1803,1803.T,1803.jp,2023-10-20,1032.00,1040.00,1026.50,1032.50,2434700,https://stooq.com/q/d/l/?s=1803.jp&i=d,2026-03-26T08:35:00+00:00
1803,1803.T,1803.jp,2023-10-23,1032.50,1038.00,1022.50,1023.00,2358700,https://stooq.com/q/d/l/?s=1803.jp&i=d,2026-03-26T08:35:00+00:00
1803,1803.T,1803.jp,2023-10-24,1028.50,1032.00,1004.50,1019.50,2308000,https://stooq.com/q/d/l/?s=1803.jp&i=d,2026-03-26T08:35:00+00:00
1803,1803.T,1803.jp,2023-10-25,1025.00,1048.00,1023.50,1042.00,1658400,https://stooq.com/q/d/l/?s=1803.jp&i=d,2026-03-26T08:35:00+00:00
1803,1803.T,1803.jp,2023-10-26,1042.00,1049.50,1027.50,1037.00,2493000,https://stooq.com/q/d/l/?s=1803.jp&i=d,2026-03-26T08:35:00+00:00
1803,1803.T,1803.jp,2023-10-27,1041.00,1056.00,1033.50,1053.50,2623400,https://stooq.com/q/d/l/?s=1803.jp&i=d,2026-03-26T08:35:00+00:00
1803,1803.T,1803.jp,2023-10-30,1051.00,1053.00,1035.50,1048.50,2912900,https://stooq.com/q/d/l/?s=1803.jp&i=d,2026-03-26T08:35:00+00:00
1803,1803.T,1803.jp,2023-10-31,1051.00,1072.00,1050.00,1071.00,3486900,https://stooq.com/q/d/l/?s=1803.jp&i=d,2026-03-26T08:35:00+00:00
1803,1803.T,1803.jp,2023-11-01,1086.50,1105.50,1086.00,1105.50,3243200,https://stooq.com/q/d/l/?s=1803.jp&i=d,2026-03-26T08:35:00+00:00
1803,1803.T,1803.jp,2023-11-02,1110.00,1116.00,1094.50,1098.00,2900100,https://stooq.com/q/d/l/?s=1803.jp&i=d,2026-03-26T08:35:00+00:00
1803,1803.T,1803.jp,2023-11-06,1093.00,1096.00,1081.50,1090.00,3965600,https://stooq.com/q/d/l/?s=1803.jp&i=d,2026-03-26T08:35:00+00:00
1803,1803.T,1803.jp,2023-11-07,1090.50,1121.50,981.10,997.50,10506300,https://stooq.com/q/d/l/?s=1803.jp&i=d,2026-03-26T08:35:00+00:00
1803,1803.T,1803.jp,2023-11-08,982.50,995.40,918.80,922.40,9753700,https://stooq.com/q/d/l/?s=1803.jp&i=d,2026-03-26T08:35:00+00:00
1803,1803.T,1803.jp,2023-11-09,918.00,931.60,902.10,928.70,5535800,https://stooq.com/q/d/l/?s=1803.jp&i=d,2026-03-26T08:35:00+00:00
1803,1803.T,1803.jp,2023-11-10,918.30,952.70,916.00,952.70,4878200,https://stooq.com/q/d/l/?s=1803.jp&i=d,2026-03-26T08:35:00+00:00
1803,1803.T,1803.jp,2023-11-13,952.70,970.90,947.00,968.90,4522500,https://stooq.com/q/d/l/?s=1803.jp&i=d,2026-03-26T08:35:00+00:00
1803,1803.T,1803.jp,2023-11-14,968.00,978.30,958.00,973.80,4050900,https://stooq.com/q/d/l/?s=1803.jp&i=d,2026-03-26T08:35:00+00:00
1803,1803.T,1803.jp,2023-11-15,981.60,984.40,945.30,954.10,4017000,https://stooq.com/q/d/l/?s=1803.jp&i=d,2026-03-26T08:35:00+00:00
1803,1803.T,1803.jp,2023-11-16,948.00,977.00,945.80,959.60,3682900,https://stooq.com/q/d/l/?s=1803.jp&i=d,2026-03-26T08:35:00+00:00
1803,1803.T,1803.jp,2023-11-17,965.00,992.80,964.10,992.80,3291100,https://stooq.com/q/d/l/?s=1803.jp&i=d,2026-03-26T08:35:00+00:00
1803,1803.T,1803.jp,2023-11-20,995.00,1002.00,976.70,977.50,3430100,https://stooq.com/q/d/l/?s=1803.jp&i=d,2026-03-26T08:35:00+00:00
1803,1803.T,1803.jp,2023-11-21,966.70,994.30,965.00,983.40,3782000,https://stooq.com/q/d/l/?s=1803.jp&i=d,2026-03-26T08:35:00+00:00
1803,1803.T,1803.jp,2023-11-22,983.00,1007.50,981.80,987.60,3265200,https://stooq.com/q/d/l/?s=1803.jp&i=d,2026-03-26T08:35:00+00:00
1803,1803.T,1803.jp,2023-11-24,998.00,1009.50,994.50,1007.00,3344900,https://stooq.com/q/d/l/?s=1803.jp&i=d,2026-03-26T08:35:00+00:00
1803,1803.T,1803.jp,2023-11-27,1009.50,1013.00,984.70,984.70,3149600,https://stooq.com/q/d/l/?s=1803.jp&i=d,2026-03-26T08:35:00+00:00
1803,1803.T,1803.jp,2023-11-28,987.50,996.60,985.60,989.30,3541300,https://stooq.com/q/d/l/?s=1803.jp&i=d,2026-03-26T08:35:00+00:00
1803,1803.T,1803.jp,2023-11-29,980.50,984.40,960.70,966.30,3912600,https://stooq.com/q/d/l/?s=1803.jp&i=d,2026-03-26T08:35:00+00:00
1803,1803.T,1803.jp,2023-11-30,957.00,984.80,955.90,971.60,8980000,https://stooq.com/q/d/l/?s=1803.jp&i=d,2026-03-26T08:35:00+00:00
1803,1803.T,1803.jp,2023-12-01,983.20,991.00,974.00,978.30,2178400,https://stooq.com/q/d/l/?s=1803.jp&i=d,2026-03-26T08:35:00+00:00
1803,1803.T,1803.jp,2023-12-04,970.50,975.00,960.40,971.00,2380600,https://stooq.com/q/d/l/?s=1803.jp&i=d,2026-03-26T08:35:00+00:00
1803,1803.T,1803.jp,2023-12-05,975.20,992.00,971.80,972.80,3117800,https://stooq.com/q/d/l/?s=1803.jp&i=d,2026-03-26T08:35:00+00:00
1803,1803.T,1803.jp,2023-12-06,971.00,984.90,970.00,979.50,2541800,https://stooq.com/q/d/l/?s=1803.jp&i=d,2026-03-26T08:35:00+00:00
1803,1803.T,1803.jp,2023-12-07,964.50,980.20,945.20,948.10,3864500,https://stooq.com/q/d/l/?s=1803.jp&i=d,2026-03-26T08:35:00+00:00
1803,1803.T,1803.jp,2023-12-08,947.40,952.60,935.20,952.60,4290300,https://stooq.com/q/d/l/?s=1803.jp&i=d,2026-03-26T08:35:00+00:00
1803,1803.T,1803.jp,2023-12-11,956.00,980.40,951.30,980.40,2318300,https://stooq.com/q/d/l/?s=1803.jp&i=d,2026-03-26T08:35:00+00:00
1803,1803.T,1803.jp,2023-12-12,980.50,985.00,972.60,973.30,1854900,https://stooq.com/q/d/l/?s=1803.jp&i=d,2026-03-26T08:35:00+00:00
1803,1803.T,1803.jp,2023-12-13,970.40,972.50,948.40,955.00,2429200,https://stooq.com/q/d/l/?s=1803.jp&i=d,2026-03-26T08:35:00+00:00
1803,1803.T,1803.jp,2023-12-14,955.30,959.30,925.30,930.10,3748300,https://stooq.com/q/d/l/?s=1803.jp&i=d,2026-03-26T08:35:00+00:00
1803,1803.T,1803.jp,2023-12-15,925.20,932.20,916.00,932.20,3563100,https://stooq.com/q/d/l/?s=1803.jp&i=d,2026-03-26T08:35:00+00:00
1803,1803.T,1803.jp,2023-12-18,919.50,927.10,908.00,911.40,2271900,https://stooq.com/q/d/l/?s=1803.jp&i=d,2026-03-26T08:35:00+00:00
1803,1803.T,1803.jp,2023-12-19,909.70,917.10,903.00,910.90,2456100,https://stooq.com/q/d/l/?s=1803.jp&i=d,2026-03-26T08:35:00+00:00
1803,1803.T,1803.jp,2023-12-20,912.40,919.90,912.40,912.90,2183000,https://stooq.com/q/d/l/?s=1803.jp&i=d,2026-03-26T08:35:00+00:00
1803,1803.T,1803.jp,2023-12-21,906.10,910.40,900.80,902.50,1508300,https://stooq.com/q/d/l/?s=1803.jp&i=d,2026-03-26T08:35:00+00:00
1803,1803.T,1803.jp,2023-12-22,904.60,913.10,902.80,913.00,1738400,https://stooq.com/q/d/l/?s=1803.jp&i=d,2026-03-26T08:35:00+00:00
1803,1803.T,1803.jp,2023-12-25,926.00,927.90,914.10,915.90,1400200,https://stooq.com/q/d/l/?s=1803.jp&i=d,2026-03-26T08:35:00+00:00
1803,1803.T,1803.jp,2023-12-26,919.90,920.70,910.70,917.40,1212500,https://stooq.com/q/d/l/?s=1803.jp&i=d,2026-03-26T08:35:00+00:00
1803,1803.T,1803.jp,2023-12-27,926.00,942.10,925.60,940.30,2080900,https://stooq.com/q/d/l/?s=1803.jp&i=d,2026-03-26T08:35:00+00:00
1803,1803.T,1803.jp,2023-12-28,932.50,933.60,927.00,932.10,1520100,https://stooq.com/q/d/l/?s=1803.jp&i=d,2026-03-26T08:35:00+00:00
1803,1803.T,1803.jp,2023-12-29,933.10,946.20,930.60,936.60,1768200,https://stooq.com/q/d/l/?s=1803.jp&i=d,2026-03-26T08:35:00+00:00
1803,1803.T,1803.jp,2024-01-04,960.40,971.80,949.10,967.10,3559500,https://stooq.com/q/d/l/?s=1803.jp&i=d,2026-03-26T08:35:00+00:00
1803,1803.T,1803.jp,2024-01-05,966.70,971.80,957.00,962.10,2280100,https://stooq.com/q/d/l/?s=1803.jp&i=d,2026-03-26T08:35:00+00:00
1803,1803.T,1803.jp,2024-01-09,964.50,979.70,953.80,979.00,2639300,https://stooq.com/q/d/l/?s=1803.jp&i=d,2026-03-26T08:35:00+00:00
1803,1803.T,1803.jp,2024-01-10,980.00,991.90,973.70,987.00,1997400,https://stooq.com/q/d/l/?s=1803.jp&i=d,2026-03-26T08:35:00+00:00
1803,1803.T,1803.jp,2024-01-11,998.00,1013.00,993.80,998.50,2540100,https://stooq.com/q/d/l/?s=1803.jp&i=d,2026-03-26T08:35:00+00:00
1803,1803.T,1803.jp,2024-01-12,1010.00,1010.00,989.00,996.80,1998600,https://stooq.com/q/d/l/?s=1803.jp&i=d,2026-03-26T08:35:00+00:00
1803,1803.T,1803.jp,2024-01-15,999.50,1013.50,997.10,1006.00,1896600,https://stooq.com/q/d/l/?s=1803.jp&i=d,2026-03-26T08:35:00+00:00
1803,1803.T,1803.jp,2024-01-16,1010.00,1010.50,990.10,991.20,1756200,https://stooq.com/q/d/l/?s=1803.jp&i=d,2026-03-26T08:35:00+00:00
1803,1803.T,1803.jp,2024-01-17,996.00,1009.00,981.80,982.20,1984700,https://stooq.com/q/d/l/?s=1803.jp&i=d,2026-03-26T08:35:00+00:00
1803,1803.T,1803.jp,2024-01-18,980.80,985.80,977.50,977.50,1192900,https://stooq.com/q/d/l/?s=1803.jp&i=d,2026-03-26T08:35:00+00:00
1803,1803.T,1803.jp,2024-01-19,987.00,1004.50,979.60,1004.00,2466300,https://stooq.com/q/d/l/?s=1803.jp&i=d,2026-03-26T08:35:00+00:00
1803,1803.T,1803.jp,2024-01-22,1012.50,1032.50,1010.50,1030.00,2423100,https://stooq.com/q/d/l/?s=1803.jp&i=d,2026-03-26T08:35:00+00:00
1803,1803.T,1803.jp,2024-01-23,1035.00,1038.00,1016.00,1020.00,1875400,https://stooq.com/q/d/l/?s=1803.jp&i=d,2026-03-26T08:35:00+00:00
1803,1803.T,1803.jp,2024-01-24,1007.50,1008.00,998.60,1004.50,1675000,https://stooq.com/q/d/l/?s=1803.jp&i=d,2026-03-26T08:35:00+00:00
1803,1803.T,1803.jp,2024-01-25,1009.50,1018.00,1004.50,1011.50,1706200,https://stooq.com/q/d/l/?s=1803.jp&i=d,2026-03-26T08:35:00+00:00
1803,1803.T,1803.jp,2024-01-26,1011.50,1011.50,987.20,987.80,2355600,https://stooq.com/q/d/l/?s=1803.jp&i=d,2026-03-26T08:35:00+00:00
1803,1803.T,1803.jp,2024-01-29,990.00,1006.50,988.80,997.00,1737800,https://stooq.com/q/d/l/?s=1803.jp&i=d,2026-03-26T08:35:00+00:00
1803,1803.T,1803.jp,2024-01-30,997.00,1002.50,985.20,985.20,1391900,https://stooq.com/q/d/l/?s=1803.jp&i=d,2026-03-26T08:35:00+00:00
1803,1803.T,1803.jp,2024-01-31,974.00,989.90,972.50,989.50,2712800,https://stooq.com/q/d/l/?s=1803.jp&i=d,2026-03-26T08:35:00+00:00
1803,1803.T,1803.jp,2024-02-01,988.90,991.50,979.60,987.90,1553500,https://stooq.com/q/d/l/?s=1803.jp&i=d,2026-03-26T08:35:00+00:00
1803,1803.T,1803.jp,2024-02-02,989.90,997.80,984.40,988.00,1485800,https://stooq.com/q/d/l/?s=1803.jp&i=d,2026-03-26T08:35:00+00:00
1803,1803.T,1803.jp,2024-02-05,993.70,1016.00,991.00,1016.00,3377500,https://stooq.com/q/d/l/?s=1803.jp&i=d,2026-03-26T08:35:00+00:00
1803,1803.T,1803.jp,2024-02-06,1011.50,1037.00,1006.50,1019.00,2970500,https://stooq.com/q/d/l/?s=1803.jp&i=d,2026-03-26T08:35:00+00:00
1803,1803.T,1803.jp,2024-02-07,1014.50,1049.50,1012.50,1048.00,3024100,https://stooq.com/q/d/l/?s=1803.jp&i=d,2026-03-26T08:35:00+00:00
1803,1803.T,1803.jp,2024-02-08,1040.00,1042.50,870.10,878.80,15152600,https://stooq.com/q/d/l/?s=1803.jp&i=d,2026-03-26T08:35:00+00:00
1803,1803.T,1803.jp,2024-02-09,888.60,908.30,879.60,892.40,10564600,https://stooq.com/q/d/l/?s=1803.jp&i=d,2026-03-26T08:35:00+00:00
1803,1803.T,1803.jp,2024-02-13,894.30,899.70,872.70,894.90,5875900,https://stooq.com/q/d/l/?s=1803.jp&i=d,2026-03-26T08:35:00+00:00
1803,1803.T,1803.jp,2024-02-14,887.10,891.80,872.00,883.60,4337200,https://stooq.com/q/d/l/?s=1803.jp&i=d,2026-03-26T08:35:00+00:00
1803,1803.T,1803.jp,2024-02-15,888.00,890.00,866.10,871.80,3919900,https://stooq.com/q/d/l/?s=1803.jp&i=d,2026-03-26T08:35:00+00:00
1803,1803.T,1803.jp,2024-02-16,875.00,885.70,867.60,869.10,4411200,https://stooq.com/q/d/l/?s=1803.jp&i=d,2026-03-26T08:35:00+00:00
1803,1803.T,1803.jp,2024-02-19,881.00,914.80,881.00,914.80,4383600,https://stooq.com/q/d/l/?s=1803.jp&i=d,2026-03-26T08:35:00+00:00
1803,1803.T,1803.jp,2024-02-20,912.60,912.80,890.30,893.40,4723400,https://stooq.com/q/d/l/?s=1803.jp&i=d,2026-03-26T08:35:00+00:00
1803,1803.T,1803.jp,2024-02-21,900.00,903.00,877.10,881.10,3710400,https://stooq.com/q/d/l/?s=1803.jp&i=d,2026-03-26T08:35:00+00:00
1803,1803.T,1803.jp,2024-02-22,886.80,917.90,884.20,903.10,3960000,https://stooq.com/q/d/l/?s=1803.jp&i=d,2026-03-26T08:35:00+00:00
1803,1803.T,1803.jp,2024-02-26,913.00,921.40,901.30,906.10,4516700,https://stooq.com/q/d/l/?s=1803.jp&i=d,2026-03-26T08:35:00+00:00
1803,1803.T,1803.jp,2024-02-27,902.40,908.80,878.70,879.60,4380800,https://stooq.com/q/d/l/?s=1803.jp&i=d,2026-03-26T08:35:00+00:00
1803,1803.T,1803.jp,2024-02-28,880.00,889.60,878.30,882.40,2869800,https://stooq.com/q/d/l/?s=1803.jp&i=d,2026-03-26T08:35:00+00:00
1803,1803.T,1803.jp,2024-02-29,882.70,885.00,862.20,868.80,6737600,https://stooq.com/q/d/l/?s=1803.jp&i=d,2026-03-26T08:35:00+00:00
1803,1803.T,1803.jp,2024-03-01,870.00,875.00,866.70,871.10,3304700,https://stooq.com/q/d/l/?s=1803.jp&i=d,2026-03-26T08:35:00+00:00
1803,1803.T,1803.jp,2024-03-04,867.10,875.20,856.10,864.00,4814800,https://stooq.com/q/d/l/?s=1803.jp&i=d,2026-03-26T08:35:00+00:00
1803,1803.T,1803.jp,2024-03-05,894.00,921.90,892.30,916.20,9891600,https://stooq.com/q/d/l/?s=1803.jp&i=d,2026-03-26T08:35:00+00:00
1803,1803.T,1803.jp,2024-03-06,913.60,921.70,904.00,915.60,5154600,https://stooq.com/q/d/l/?s=1803.jp&i=d,2026-03-26T08:35:00+00:00
1803,1803.T,1803.jp,2024-03-07,915.30,935.00,906.20,934.00,6126200,https://stooq.com/q/d/l/?s=1803.jp&i=d,2026-03-26T08:35:00+00:00
1803,1803.T,1803.jp,2024-03-08,936.00,979.80,935.20,969.80,8038100,https://stooq.com/q/d/l/?s=1803.jp&i=d,2026-03-26T08:35:00+00:00
1803,1803.T,1803.jp,2024-03-11,963.90,964.00,930.40,945.60,5032500,https://stooq.com/q/d/l/?s=1803.jp&i=d,2026-03-26T08:35:00+00:00
1803,1803.T,1803.jp,2024-03-12,942.20,962.00,932.90,951.50,4301000,https://stooq.com/q/d/l/?s=1803.jp&i=d,2026-03-26T08:35:00+00:00
1803,1803.T,1803.jp,2024-03-13,956.80,966.40,937.40,938.50,3222400,https://stooq.com/q/d/l/?s=1803.jp&i=d,2026-03-26T08:35:00+00:00
1803,1803.T,1803.jp,2024-03-14,938.50,947.10,925.10,943.60,3898700,https://stooq.com/q/d/l/?s=1803.jp&i=d,2026-03-26T08:35:00+00:00
1803,1803.T,1803.jp,2024-03-15,948.80,963.50,943.70,958.40,5316800,https://stooq.com/q/d/l/?s=1803.jp&i=d,2026-03-26T08:35:00+00:00
1803,1803.T,1803.jp,2024-03-18,961.30,974.90,954.90,972.00,3217600,https://stooq.com/q/d/l/?s=1803.jp&i=d,2026-03-26T08:35:00+00:00
1803,1803.T,1803.jp,2024-03-19,981.00,1002.00,980.00,999.60,4218700,https://stooq.com/q/d/l/?s=1803.jp&i=d,2026-03-26T08:35:00+00:00
1803,1803.T,1803.jp,2024-03-21,1004.00,1028.00,1002.00,1026.00,5638100,https://stooq.com/q/d/l/?s=1803.jp&i=d,2026-03-26T08:35:00+00:00
1803,1803.T,1803.jp,2024-03-22,1029.50,1035.50,1018.50,1028.50,3282200,https://stooq.com/q/d/l/?s=1803.jp&i=d,2026-03-26T08:35:00+00:00
1803,1803.T,1803.jp,2024-03-25,1032.00,1034.00,1016.50,1021.00,2497700,https://stooq.com/q/d/l/?s=1803.jp&i=d,2026-03-26T08:35:00+00:00
1803,1803.T,1803.jp,2024-03-26,1013.00,1020.00,1005.50,1011.00,2726200,https://stooq.com/q/d/l/?s=1803.jp&i=d,2026-03-26T08:35:00+00:00
1803,1803.T,1803.jp,2024-03-27,1015.00,1029.50,1007.50,1013.00,3600300,https://stooq.com/q/d/l/?s=1803.jp&i=d,2026-03-26T08:35:00+00:00
1803,1803.T,1803.jp,2024-03-28,995.20,1001.00,972.40,974.50,2901700,https://stooq.com/q/d/l/?s=1803.jp&i=d,2026-03-26T08:35:00+00:00
1803,1803.T,1803.jp,2024-03-29,980.60,1009.00,980.30,1000.50,3129500,https://stooq.com/q/d/l/?s=1803.jp&i=d,2026-03-26T08:35:00+00:00
1803,1803.T,1803.jp,2024-04-01,1001.00,1005.50,977.10,983.20,2665400,https://stooq.com/q/d/l/?s=1803.jp&i=d,2026-03-26T08:35:00+00:00
1803,1803.T,1803.jp,2024-04-02,980.00,980.00,955.30,962.50,3717600,https://stooq.com/q/d/l/?s=1803.jp&i=d,2026-03-26T08:35:00+00:00
1803,1803.T,1803.jp,2024-04-03,940.00,943.00,863.60,876.30,14161000,https://stooq.com/q/d/l/?s=1803.jp&i=d,2026-03-26T08:35:00+00:00
1803,1803.T,1803.jp,2024-04-04,891.30,906.50,885.00,904.70,7394600,https://stooq.com/q/d/l/?s=1803.jp&i=d,2026-03-26T08:35:00+00:00
1803,1803.T,1803.jp,2024-04-05,890.30,910.30,888.30,905.90,4759300,https://stooq.com/q/d/l/?s=1803.jp&i=d,2026-03-26T08:35:00+00:00
1803,1803.T,1803.jp,2024-04-08,914.00,916.10,901.60,911.70,4110900,https://stooq.com/q/d/l/?s=1803.jp&i=d,2026-03-26T08:35:00+00:00
1803,1803.T,1803.jp,2024-04-09,920.00,924.90,888.20,896.00,4583500,https://stooq.com/q/d/l/?s=1803.jp&i=d,2026-03-26T08:35:00+00:00
1803,1803.T,1803.jp,2024-04-10,896.50,904.90,890.10,892.30,4587200,https://stooq.com/q/d/l/?s=1803.jp&i=d,2026-03-26T08:35:00+00:00
1803,1803.T,1803.jp,2024-04-11,881.00,881.00,863.20,880.30,6349100,https://stooq.com/q/d/l/?s=1803.jp&i=d,2026-03-26T08:35:00+00:00
1803,1803.T,1803.jp,2024-04-12,880.30,892.20,874.00,883.30,4109100,https://stooq.com/q/d/l/?s=1803.jp&i=d,2026-03-26T08:35:00+00:00
1803,1803.T,1803.jp,2024-04-15,882.00,888.90,874.90,884.40,4506400,https://stooq.com/q/d/l/?s=1803.jp&i=d,2026-03-26T08:35:00+00:00
1803,1803.T,1803.jp,2024-04-16,880.00,900.60,870.20,892.00,6467600,https://stooq.com/q/d/l/?s=1803.jp&i=d,2026-03-26T08:35:00+00:00
1803,1803.T,1803.jp,2024-04-17,892.80,894.70,879.10,884.80,4588000,https://stooq.com/q/d/l/?s=1803.jp&i=d,2026-03-26T08:35:00+00:00
1803,1803.T,1803.jp,2024-04-18,891.60,893.20,880.90,887.70,4641700,https://stooq.com/q/d/l/?s=1803.jp&i=d,2026-03-26T08:35:00+00:00
1803,1803.T,1803.jp,2024-04-19,888.00,894.90,870.60,889.90,5268600,https://stooq.com/q/d/l/?s=1803.jp&i=d,2026-03-26T08:35:00+00:00
1803,1803.T,1803.jp,2024-04-22,902.90,925.70,899.60,925.70,5523700,https://stooq.com/q/d/l/?s=1803.jp&i=d,2026-03-26T08:35:00+00:00
1803,1803.T,1803.jp,2024-04-23,930.50,942.30,920.20,927.90,4870200,https://stooq.com/q/d/l/?s=1803.jp&i=d,2026-03-26T08:35:00+00:00
1803,1803.T,1803.jp,2024-04-24,924.60,974.80,922.30,961.00,7976700,https://stooq.com/q/d/l/?s=1803.jp&i=d,2026-03-26T08:35:00+00:00
1803,1803.T,1803.jp,2024-04-25,960.40,960.70,940.50,946.00,4043600,https://stooq.com/q/d/l/?s=1803.jp&i=d,2026-03-26T08:35:00+00:00
1803,1803.T,1803.jp,2024-04-26,945.60,955.00,933.10,951.50,3091500,https://stooq.com/q/d/l/?s=1803.jp&i=d,2026-03-26T08:35:00+00:00
1803,1803.T,1803.jp,2024-04-30,961.00,985.70,957.20,977.50,4181900,https://stooq.com/q/d/l/?s=1803.jp&i=d,2026-03-26T08:35:00+00:00
1803,1803.T,1803.jp,2024-05-01,974.00,991.00,972.00,985.60,3264900,https://stooq.com/q/d/l/?s=1803.jp&i=d,2026-03-26T08:35:00+00:00
1803,1803.T,1803.jp,2024-05-02,986.70,1005.00,983.00,1003.00,3124500,https://stooq.com/q/d/l/?s=1803.jp&i=d,2026-03-26T08:35:00+00:00
1803,1803.T,1803.jp,2024-05-07,1010.00,1010.00,991.60,1008.50,3900200,https://stooq.com/q/d/l/?s=1803.jp&i=d,2026-03-26T08:35:00+00:00
1803,1803.T,1803.jp,2024-05-08,1010.00,1015.00,986.70,988.00,3202600,https://stooq.com/q/d/l/?s=1803.jp&i=d,2026-03-26T08:35:00+00:00
1803,1803.T,1803.jp,2024-05-09,997.50,1018.00,992.60,1007.50,3008300,https://stooq.com/q/d/l/?s=1803.jp&i=d,2026-03-26T08:35:00+00:00
1803,1803.T,1803.jp,2024-05-10,1015.00,1043.00,1007.00,1042.00,4122600,https://stooq.com/q/d/l/?s=1803.jp&i=d,2026-03-26T08:35:00+00:00
1803,1803.T,1803.jp,2024-05-13,1030.00,1049.50,943.40,949.30,9781600,https://stooq.com/q/d/l/?s=1803.jp&i=d,2026-03-26T08:35:00+00:00
1803,1803.T,1803.jp,2024-05-14,934.30,956.90,908.10,911.80,9982100,https://stooq.com/q/d/l/?s=1803.jp&i=d,2026-03-26T08:35:00+00:00
1803,1803.T,1803.jp,2024-05-15,915.00,915.00,878.00,897.00,9347700,https://stooq.com/q/d/l/?s=1803.jp&i=d,2026-03-26T08:35:00+00:00
1803,1803.T,1803.jp,2024-05-16,898.00,898.30,867.50,880.70,7641500,https://stooq.com/q/d/l/?s=1803.jp&i=d,2026-03-26T08:35:00+00:00
1803,1803.T,1803.jp,2024-05-17,865.70,880.00,865.00,879.80,5410000,https://stooq.com/q/d/l/?s=1803.jp&i=d,2026-03-26T08:35:00+00:00
1803,1803.T,1803.jp,2024-05-20,876.40,909.90,873.00,902.80,6018600,https://stooq.com/q/d/l/?s=1803.jp&i=d,2026-03-26T08:35:00+00:00
1803,1803.T,1803.jp,2024-05-21,907.00,913.80,900.90,906.20,4377800,https://stooq.com/q/d/l/?s=1803.jp&i=d,2026-03-26T08:35:00+00:00
1803,1803.T,1803.jp,2024-05-22,910.00,912.10,880.10,894.40,4745700,https://stooq.com/q/d/l/?s=1803.jp&i=d,2026-03-26T08:35:00+00:00
1803,1803.T,1803.jp,2024-05-23,890.00,897.10,863.30,892.20,6161700,https://stooq.com/q/d/l/?s=1803.jp&i=d,2026-03-26T08:35:00+00:00
1803,1803.T,1803.jp,2024-05-24,885.00,891.20,878.60,883.30,5229700,https://stooq.com/q/d/l/?s=1803.jp&i=d,2026-03-26T08:35:00+00:00
1803,1803.T,1803.jp,2024-05-27,888.00,899.90,873.70,898.00,5829600,https://stooq.com/q/d/l/?s=1803.jp&i=d,2026-03-26T08:35:00+00:00
1803,1803.T,1803.jp,2024-05-28,896.00,898.60,885.80,894.70,4559500,https://stooq.com/q/d/l/?s=1803.jp&i=d,2026-03-26T08:35:00+00:00
1803,1803.T,1803.jp,2024-05-29,885.50,888.40,872.30,872.90,6971000,https://stooq.com/q/d/l/?s=1803.jp&i=d,2026-03-26T08:35:00+00:00
1803,1803.T,1803.jp,2024-05-30,865.00,866.40,846.50,857.40,8744600,https://stooq.com/q/d/l/?s=1803.jp&i=d,2026-03-26T08:35:00+00:00
1803,1803.T,1803.jp,2024-05-31,850.00,882.80,849.70,869.70,54764300,https://stooq.com/q/d/l/?s=1803.jp&i=d,2026-03-26T08:35:00+00:00
1803,1803.T,1803.jp,2024-06-03,878.50,884.90,868.10,868.10,7073400,https://stooq.com/q/d/l/?s=1803.jp&i=d,2026-03-26T08:35:00+00:00
1803,1803.T,1803.jp,2024-06-04,864.00,864.80,845.10,858.20,7873600,https://stooq.com/q/d/l/?s=1803.jp&i=d,2026-03-26T08:35:00+00:00
1803,1803.T,1803.jp,2024-06-05,850.00,852.60,829.50,837.20,7824300,https://stooq.com/q/d/l/?s=1803.jp&i=d,2026-03-26T08:35:00+00:00
1803,1803.T,1803.jp,2024-06-06,835.00,843.90,832.10,838.20,5681900,https://stooq.com/q/d/l/?s=1803.jp&i=d,2026-03-26T08:35:00+00:00
1803,1803.T,1803.jp,2024-06-07,835.90,836.40,821.10,827.50,6974100,https://stooq.com/q/d/l/?s=1803.jp&i=d,2026-03-26T08:35:00+00:00
1803,1803.T,1803.jp,2024-06-10,827.80,846.30,825.40,844.00,4946400,https://stooq.com/q/d/l/?s=1803.jp&i=d,2026-03-26T08:35:00+00:00
1803,1803.T,1803.jp,2024-06-11,850.00,864.20,849.00,860.40,4644900,https://stooq.com/q/d/l/?s=1803.jp&i=d,2026-03-26T08:35:00+00:00
1803,1803.T,1803.jp,2024-06-12,860.90,863.80,854.20,862.50,3889100,https://stooq.com/q/d/l/?s=1803.jp&i=d,2026-03-26T08:35:00+00:00
1803,1803.T,1803.jp,2024-06-13,867.00,871.70,843.20,847.80,4442000,https://stooq.com/q/d/l/?s=1803.jp&i=d,2026-03-26T08:35:00+00:00
1803,1803.T,1803.jp,2024-06-14,852.00,863.80,851.10,859.40,5585100,https://stooq.com/q/d/l/?s=1803.jp&i=d,2026-03-26T08:35:00+00:00
1803,1803.T,1803.jp,2024-06-17,855.30,857.00,833.50,836.00,4063600,https://stooq.com/q/d/l/?s=1803.jp&i=d,2026-03-26T08:35:00+00:00
1803,1803.T,1803.jp,2024-06-18,837.00,845.90,833.80,842.90,4012300,https://stooq.com/q/d/l/?s=1803.jp&i=d,2026-03-26T08:35:00+00:00
1803,1803.T,1803.jp,2024-06-19,846.00,861.50,843.30,861.30,3373700,https://stooq.com/q/d/l/?s=1803.jp&i=d,2026-03-26T08:35:00+00:00
1803,1803.T,1803.jp,2024-06-20,860.10,860.70,843.20,853.00,2783300,https://stooq.com/q/d/l/?s=1803.jp&i=d,2026-03-26T08:35:00+00:00
1803,1803.T,1803.jp,2024-06-21,852.90,868.90,852.90,862.60,4748400,https://stooq.com/q/d/l/?s=1803.jp&i=d,2026-03-26T08:35:00+00:00
1803,1803.T,1803.jp,2024-06-24,873.00,878.00,863.40,870.80,3240700,https://stooq.com/q/d/l/?s=1803.jp&i=d,2026-03-26T08:35:00+00:00
1803,1803.T,1803.jp,2024-06-25,878.00,886.70,872.00,884.50,3323900,https://stooq.com/q/d/l/?s=1803.jp&i=d,2026-03-26T08:35:00+00:00
1803,1803.T,1803.jp,2024-06-26,887.00,908.80,886.70,901.30,5194800,https://stooq.com/q/d/l/?s=1803.jp&i=d,2026-03-26T08:35:00+00:00
1803,1803.T,1803.jp,2024-06-27,896.00,905.20,892.00,905.20,4455700,https://stooq.com/q/d/l/?s=1803.jp&i=d,2026-03-26T08:35:00+00:00
1803,1803.T,1803.jp,2024-06-28,909.10,911.50,897.70,903.50,3514100,https://stooq.com/q/d/l/?s=1803.jp&i=d,2026-03-26T08:35:00+00:00
1803,1803.T,1803.jp,2024-07-01,910.00,913.60,899.40,908.40,3757800,https://stooq.com/q/d/l/?s=1803.jp&i=d,2026-03-26T08:35:00+00:00
1803,1803.T,1803.jp,2024-07-02,908.40,932.00,906.40,930.40,5855200,https://stooq.com/q/d/l/?s=1803.jp&i=d,2026-03-26T08:35:00+00:00
1803,1803.T,1803.jp,2024-07-03,930.00,937.80,922.60,936.00,3937800,https://stooq.com/q/d/l/?s=1803.jp&i=d,2026-03-26T08:35:00+00:00
1803,1803.T,1803.jp,2024-07-04,936.20,952.50,936.20,947.40,3179100,https://stooq.com/q/d/l/?s=1803.jp&i=d,2026-03-26T08:35:00+00:00
1803,1803.T,1803.jp,2024-07-05,948.00,949.70,927.20,928.10,3182800,https://stooq.com/q/d/l/?s=1803.jp&i=d,2026-03-26T08:35:00+00:00
1803,1803.T,1803.jp,2024-07-08,928.00,928.00,910.80,916.00,3067900,https://stooq.com/q/d/l/?s=1803.jp&i=d,2026-03-26T08:35:00+00:00
1803,1803.T,1803.jp,2024-07-09,916.00,932.40,911.50,928.60,3464500,https://stooq.com/q/d/l/?s=1803.jp&i=d,2026-03-26T08:35:00+00:00
1803,1803.T,1803.jp,2024-07-10,921.00,936.40,921.00,925.60,4260800,https://stooq.com/q/d/l/?s=1803.jp&i=d,2026-03-26T08:35:00+00:00
1803,1803.T,1803.jp,2024-07-11,927.90,940.70,927.10,934.30,3304600,https://stooq.com/q/d/l/?s=1803.jp&i=d,2026-03-26T08:35:00+00:00
1803,1803.T,1803.jp,2024-07-12,932.00,942.80,926.20,937.20,3940100,https://stooq.com/q/d/l/?s=1803.jp&i=d,2026-03-26T08:35:00+00:00
1803,1803.T,1803.jp,2024-07-16,938.00,939.80,922.70,930.80,2580100,https://stooq.com/q/d/l/?s=1803.jp&i=d,2026-03-26T08:35:00+00:00
1803,1803.T,1803.jp,2024-07-17,940.00,954.00,936.30,946.60,3313700,https://stooq.com/q/d/l/?s=1803.jp&i=d,2026-03-26T08:35:00+00:00
1803,1803.T,1803.jp,2024-07-18,938.50,949.80,937.00,945.00,1947400,https://stooq.com/q/d/l/?s=1803.jp&i=d,2026-03-26T08:35:00+00:00
1803,1803.T,1803.jp,2024-07-19,943.50,944.50,913.50,915.40,3191800,https://stooq.com/q/d/l/?s=1803.jp&i=d,2026-03-26T08:35:00+00:00
1803,1803.T,1803.jp,2024-07-22,924.90,928.80,911.10,916.10,2131900,https://stooq.com/q/d/l/?s=1803.jp&i=d,2026-03-26T08:35:00+00:00
1803,1803.T,1803.jp,2024-07-23,907.10,914.00,903.60,911.60,2125500,https://stooq.com/q/d/l/?s=1803.jp&i=d,2026-03-26T08:35:00+00:00
1803,1803.T,1803.jp,2024-07-24,904.10,911.00,898.20,899.10,1786400,https://stooq.com/q/d/l/?s=1803.jp&i=d,2026-03-26T08:35:00+00:00
1803,1803.T,1803.jp,2024-07-25,885.80,900.30,883.00,886.60,2752000,https://stooq.com/q/d/l/?s=1803.jp&i=d,2026-03-26T08:35:00+00:00
1803,1803.T,1803.jp,2024-07-26,891.50,892.30,878.30,881.90,2083300,https://stooq.com/q/d/l/?s=1803.jp&i=d,2026-03-26T08:35:00+00:00
1803,1803.T,1803.jp,2024-07-29,890.00,913.70,888.20,902.10,2500000,https://stooq.com/q/d/l/?s=1803.jp&i=d,2026-03-26T08:35:00+00:00
1803,1803.T,1803.jp,2024-07-30,887.10,910.70,855.20,903.00,13378600,https://stooq.com/q/d/l/?s=1803.jp&i=d,2026-03-26T08:35:00+00:00
1803,1803.T,1803.jp,2024-07-31,876.00,958.80,861.20,950.70,10609500,https://stooq.com/q/d/l/?s=1803.jp&i=d,2026-03-26T08:35:00+00:00
1803,1803.T,1803.jp,2024-08-01,946.10,949.60,900.60,908.20,4841300,https://stooq.com/q/d/l/?s=1803.jp&i=d,2026-03-26T08:35:00+00:00
1803,1803.T,1803.jp,2024-08-02,887.60,910.40,879.20,880.40,5229400,https://stooq.com/q/d/l/?s=1803.jp&i=d,2026-03-26T08:35:00+00:00
1803,1803.T,1803.jp,2024-08-05,849.80,861.60,797.30,806.40,8320000,https://stooq.com/q/d/l/?s=1803.jp&i=d,2026-03-26T08:35:00+00:00
1803,1803.T,1803.jp,2024-08-06,866.40,904.90,856.00,886.40,7289900,https://stooq.com/q/d/l/?s=1803.jp&i=d,2026-03-26T08:35:00+00:00
1803,1803.T,1803.jp,2024-08-07,871.40,896.40,863.50,872.20,4520200,https://stooq.com/q/d/l/?s=1803.jp&i=d,2026-03-26T08:35:00+00:00
1803,1803.T,1803.jp,2024-08-08,859.10,879.00,843.80,845.60,3277600,https://stooq.com/q/d/l/?s=1803.jp&i=d,2026-03-26T08:35:00+00:00
1803,1803.T,1803.jp,2024-08-09,879.00,904.80,871.70,898.40,7637700,https://stooq.com/q/d/l/?s=1803.jp&i=d,2026-03-26T08:35:00+00:00
1803,1803.T,1803.jp,2024-08-13,887.00,903.80,873.00,885.50,5072900,https://stooq.com/q/d/l/?s=1803.jp&i=d,2026-03-26T08:35:00+00:00
1803,1803.T,1803.jp,2024-08-14,886.00,910.70,877.30,910.40,3611000,https://stooq.com/q/d/l/?s=1803.jp&i=d,2026-03-26T08:35:00+00:00
1803,1803.T,1803.jp,2024-08-15,905.50,908.10,892.60,899.40,2881800,https://stooq.com/q/d/l/?s=1803.jp&i=d,2026-03-26T08:35:00+00:00
1803,1803.T,1803.jp,2024-08-16,907.20,918.70,902.90,916.90,2507400,https://stooq.com/q/d/l/?s=1803.jp&i=d,2026-03-26T08:35:00+00:00
1803,1803.T,1803.jp,2024-08-19,915.00,918.00,902.30,905.50,2315700,https://stooq.com/q/d/l/?s=1803.jp&i=d,2026-03-26T08:35:00+00:00
1803,1803.T,1803.jp,2024-08-20,915.00,924.40,908.10,918.20,2514800,https://stooq.com/q/d/l/?s=1803.jp&i=d,2026-03-26T08:35:00+00:00
1803,1803.T,1803.jp,2024-08-21,914.00,926.10,912.10,917.00,2164600,https://stooq.com/q/d/l/?s=1803.jp&i=d,2026-03-26T08:35:00+00:00
1803,1803.T,1803.jp,2024-08-22,912.00,929.00,906.20,928.50,2651900,https://stooq.com/q/d/l/?s=1803.jp&i=d,2026-03-26T08:35:00+00:00
1803,1803.T,1803.jp,2024-08-23,930.00,976.00,928.70,972.30,6078500,https://stooq.com/q/d/l/?s=1803.jp&i=d,2026-03-26T08:35:00+00:00
1803,1803.T,1803.jp,2024-08-26,973.00,993.80,969.30,990.00,4571800,https://stooq.com/q/d/l/?s=1803.jp&i=d,2026-03-26T08:35:00+00:00
1803,1803.T,1803.jp,2024-08-27,999.50,1010.00,992.70,1006.50,4660200,https://stooq.com/q/d/l/?s=1803.jp&i=d,2026-03-26T08:35:00+00:00
1803,1803.T,1803.jp,2024-08-28,1004.50,1012.00,982.80,993.70,2712900,https://stooq.com/q/d/l/?s=1803.jp&i=d,2026-03-26T08:35:00+00:00
1803,1803.T,1803.jp,2024-08-29,995.30,1001.50,984.90,988.00,6581800,https://stooq.com/q/d/l/?s=1803.jp&i=d,2026-03-26T08:35:00+00:00
1803,1803.T,1803.jp,2024-08-30,982.00,993.60,969.80,973.60,3881500,https://stooq.com/q/d/l/?s=1803.jp&i=d,2026-03-26T08:35:00+00:00
1803,1803.T,1803.jp,2024-09-02,990.00,998.00,981.60,989.20,2160900,https://stooq.com/q/d/l/?s=1803.jp&i=d,2026-03-26T08:35:00+00:00
1803,1803.T,1803.jp,2024-09-03,984.00,1001.50,983.60,1000.00,2357000,https://stooq.com/q/d/l/?s=1803.jp&i=d,2026-03-26T08:35:00+00:00
1803,1803.T,1803.jp,2024-09-04,991.00,1003.00,985.10,990.40,2590800,https://stooq.com/q/d/l/?s=1803.jp&i=d,2026-03-26T08:35:00+00:00
1803,1803.T,1803.jp,2024-09-05,980.00,999.90,973.80,992.60,2960300,https://stooq.com/q/d/l/?s=1803.jp&i=d,2026-03-26T08:35:00+00:00
1803,1803.T,1803.jp,2024-09-06,1000.00,1025.00,993.00,1003.00,4354900,https://stooq.com/q/d/l/?s=1803.jp&i=d,2026-03-26T08:35:00+00:00
1803,1803.T,1803.jp,2024-09-09,977.80,1012.00,975.40,1002.50,3965900,https://stooq.com/q/d/l/?s=1803.jp&i=d,2026-03-26T08:35:00+00:00
1803,1803.T,1803.jp,2024-09-10,1002.00,1013.50,995.00,1004.50,2993300,https://stooq.com/q/d/l/?s=1803.jp&i=d,2026-03-26T08:35:00+00:00
1803,1803.T,1803.jp,2024-09-11,998.50,1000.00,981.40,991.80,2749300,https://stooq.com/q/d/l/?s=1803.jp&i=d,2026-03-26T08:35:00+00:00
1803,1803.T,1803.jp,2024-09-12,1007.00,1011.00,992.40,1007.50,2390800,https://stooq.com/q/d/l/?s=1803.jp&i=d,2026-03-26T08:35:00+00:00
1803,1803.T,1803.jp,2024-09-13,1004.50,1012.50,994.00,999.40,3601500,https://stooq.com/q/d/l/?s=1803.jp&i=d,2026-03-26T08:35:00+00:00
1803,1803.T,1803.jp,2024-09-17,1005.50,1008.00,986.60,999.70,3308300,https://stooq.com/q/d/l/?s=1803.jp&i=d,2026-03-26T08:35:00+00:00
1803,1803.T,1803.jp,2024-09-18,1007.00,1014.00,979.80,990.00,3638600,https://stooq.com/q/d/l/?s=1803.jp&i=d,2026-03-26T08:35:00+00:00
1803,1803.T,1803.jp,2024-09-19,1010.00,1022.50,1004.50,1004.50,3762800,https://stooq.com/q/d/l/?s=1803.jp&i=d,2026-03-26T08:35:00+00:00
1803,1803.T,1803.jp,2024-09-20,1014.50,1014.50,984.00,985.40,7536000,https://stooq.com/q/d/l/?s=1803.jp&i=d,2026-03-26T08:35:00+00:00
1803,1803.T,1803.jp,2024-09-24,999.00,1021.50,998.30,1004.50,3291200,https://stooq.com/q/d/l/?s=1803.jp&i=d,2026-03-26T08:35:00+00:00
1803,1803.T,1803.jp,2024-09-25,1006.00,1007.50,992.60,1000.00,3162000,https://stooq.com/q/d/l/?s=1803.jp&i=d,2026-03-26T08:35:00+00:00
1803,1803.T,1803.jp,2024-09-26,1006.00,1008.00,987.00,1006.00,5167300,https://stooq.com/q/d/l/?s=1803.jp&i=d,2026-03-26T08:35:00+00:00
1803,1803.T,1803.jp,2024-09-27,998.10,1005.00,986.10,1001.00,4183100,https://stooq.com/q/d/l/?s=1803.jp&i=d,2026-03-26T08:35:00+00:00
1803,1803.T,1803.jp,2024-09-30,969.70,992.50,965.10,983.50,4552300,https://stooq.com/q/d/l/?s=1803.jp&i=d,2026-03-26T08:35:00+00:00
1803,1803.T,1803.jp,2024-10-01,988.50,989.10,976.30,981.00,2096300,https://stooq.com/q/d/l/?s=1803.jp&i=d,2026-03-26T08:35:00+00:00
1803,1803.T,1803.jp,2024-10-02,970.00,973.50,957.20,962.10,3189200,https://stooq.com/q/d/l/?s=1803.jp&i=d,2026-03-26T08:35:00+00:00
1803,1803.T,1803.jp,2024-10-03,976.00,979.00,963.00,970.00,2103000,https://stooq.com/q/d/l/?s=1803.jp&i=d,2026-03-26T08:35:00+00:00
1803,1803.T,1803.jp,2024-10-04,968.10,975.90,967.40,975.00,2414600,https://stooq.com/q/d/l/?s=1803.jp&i=d,2026-03-26T08:35:00+00:00
1803,1803.T,1803.jp,2024-10-07,977.20,981.70,964.20,976.80,2721400,https://stooq.com/q/d/l/?s=1803.jp&i=d,2026-03-26T08:35:00+00:00
1803,1803.T,1803.jp,2024-10-08,968.00,975.50,960.10,971.30,1989000,https://stooq.com/q/d/l/?s=1803.jp&i=d,2026-03-26T08:35:00+00:00
1803,1803.T,1803.jp,2024-10-09,978.70,985.90,969.50,984.90,2806600,https://stooq.com/q/d/l/?s=1803.jp&i=d,2026-03-26T08:35:00+00:00
1803,1803.T,1803.jp,2024-10-10,986.00,989.90,980.80,986.10,2138500,https://stooq.com/q/d/l/?s=1803.jp&i=d,2026-03-26T08:35:00+00:00
1803,1803.T,1803.jp,2024-10-11,986.00,993.30,981.50,984.80,2228100,https://stooq.com/q/d/l/?s=1803.jp&i=d,2026-03-26T08:35:00+00:00
1803,1803.T,1803.jp,2024-10-15,988.00,1003.00,979.70,1002.00,2238900,https://stooq.com/q/d/l/?s=1803.jp&i=d,2026-03-26T08:35:00+00:00
1803,1803.T,1803.jp,2024-10-16,998.60,1026.00,993.20,1002.50,2661000,https://stooq.com/q/d/l/?s=1803.jp&i=d,2026-03-26T08:35:00+00:00
1803,1803.T,1803.jp,2024-10-17,1010.00,1012.00,999.70,1002.50,1520500,https://stooq.com/q/d/l/?s=1803.jp&i=d,2026-03-26T08:35:00+00:00
1803,1803.T,1803.jp,2024-10-18,1004.00,1007.00,993.00,998.60,1433900,https://stooq.com/q/d/l/?s=1803.jp&i=d,2026-03-26T08:35:00+00:00
1803,1803.T,1803.jp,2024-10-21,985.00,992.50,967.40,979.30,3473700,https://stooq.com/q/d/l/?s=1803.jp&i=d,2026-03-26T08:35:00+00:00
1803,1803.T,1803.jp,2024-10-22,969.90,973.60,955.80,963.30,2643100,https://stooq.com/q/d/l/?s=1803.jp&i=d,2026-03-26T08:35:00+00:00
1803,1803.T,1803.jp,2024-10-23,957.00,961.10,945.00,960.60,2037500,https://stooq.com/q/d/l/?s=1803.jp&i=d,2026-03-26T08:35:00+00:00
1803,1803.T,1803.jp,2024-10-24,951.00,984.00,951.00,983.10,3064300,https://stooq.com/q/d/l/?s=1803.jp&i=d,2026-03-26T08:35:00+00:00
1803,1803.T,1803.jp,2024-10-25,980.00,987.00,976.00,982.00,1704000,https://stooq.com/q/d/l/?s=1803.jp&i=d,2026-03-26T08:35:00+00:00
1803,1803.T,1803.jp,2024-10-28,978.90,983.10,965.80,977.00,2046700,https://stooq.com/q/d/l/?s=1803.jp&i=d,2026-03-26T08:35:00+00:00
1803,1803.T,1803.jp,2024-10-29,985.70,999.50,982.10,997.90,2987900,https://stooq.com/q/d/l/?s=1803.jp&i=d,2026-03-26T08:35:00+00:00
1803,1803.T,1803.jp,2024-10-30,1005.00,1013.00,998.70,1008.50,3659300,https://stooq.com/q/d/l/?s=1803.jp&i=d,2026-03-26T08:35:00+00:00
1803,1803.T,1803.jp,2024-10-31,1011.50,1024.00,1006.00,1017.00,2888100,https://stooq.com/q/d/l/?s=1803.jp&i=d,2026-03-26T08:35:00+00:00
1803,1803.T,1803.jp,2024-11-01,1006.00,1010.00,995.60,1003.50,1875600,https://stooq.com/q/d/l/?s=1803.jp&i=d,2026-03-26T08:35:00+00:00
1803,1803.T,1803.jp,2024-11-05,995.00,1002.50,990.20,996.50,2058300,https://stooq.com/q/d/l/?s=1803.jp&i=d,2026-03-26T08:35:00+00:00
1803,1803.T,1803.jp,2024-11-06,1006.00,1016.00,988.60,989.10,3690900,https://stooq.com/q/d/l/?s=1803.jp&i=d,2026-03-26T08:35:00+00:00
1803,1803.T,1803.jp,2024-11-07,1010.00,1062.00,992.80,1057.50,6282600,https://stooq.com/q/d/l/?s=1803.jp&i=d,2026-03-26T08:35:00+00:00
1803,1803.T,1803.jp,2024-11-08,1053.50,1056.00,1031.00,1031.00,2064200,https://stooq.com/q/d/l/?s=1803.jp&i=d,2026-03-26T08:35:00+00:00
1803,1803.T,1803.jp,2024-11-11,1042.00,1044.50,1028.00,1034.00,2587800,https://stooq.com/q/d/l/?s=1803.jp&i=d,2026-03-26T08:35:00+00:00
1803,1803.T,1803.jp,2024-11-12,1050.00,1247.00,1007.00,1236.00,16523800,https://stooq.com/q/d/l/?s=1803.jp&i=d,2026-03-26T08:35:00+00:00
1803,1803.T,1803.jp,2024-11-13,1216.00,1234.00,1194.00,1200.50,6676200,https://stooq.com/q/d/l/?s=1803.jp&i=d,2026-03-26T08:35:00+00:00
1803,1803.T,1803.jp,2024-11-14,1193.00,1230.00,1192.50,1230.00,5175200,https://stooq.com/q/d/l/?s=1803.jp&i=d,2026-03-26T08:35:00+00:00
1803,1803.T,1803.jp,2024-11-15,1230.50,1232.50,1200.00,1200.00,4517600,https://stooq.com/q/d/l/?s=1803.jp&i=d,2026-03-26T08:35:00+00:00
1803,1803.T,1803.jp,2024-11-18,1191.00,1211.50,1187.00,1196.00,3488400,https://stooq.com/q/d/l/?s=1803.jp&i=d,2026-03-26T08:35:00+00:00
1803,1803.T,1803.jp,2024-11-19,1195.00,1203.50,1185.00,1200.50,2838300,https://stooq.com/q/d/l/?s=1803.jp&i=d,2026-03-26T08:35:00+00:00
1803,1803.T,1803.jp,2024-11-20,1184.50,1190.00,1166.00,1171.00,3947700,https://stooq.com/q/d/l/?s=1803.jp&i=d,2026-03-26T08:35:00+00:00
1803,1803.T,1803.jp,2024-11-21,1160.00,1175.50,1143.00,1148.50,2554700,https://stooq.com/q/d/l/?s=1803.jp&i=d,2026-03-26T08:35:00+00:00
1803,1803.T,1803.jp,2024-11-22,1150.00,1166.00,1141.00,1166.00,3164400,https://stooq.com/q/d/l/?s=1803.jp&i=d,2026-03-26T08:35:00+00:00
1803,1803.T,1803.jp,2024-11-25,1179.50,1180.50,1150.00,1154.00,4393500,https://stooq.com/q/d/l/?s=1803.jp&i=d,2026-03-26T08:35:00+00:00
1803,1803.T,1803.jp,2024-11-26,1158.00,1179.50,1156.00,1171.50,2841300,https://stooq.com/q/d/l/?s=1803.jp&i=d,2026-03-26T08:35:00+00:00
1803,1803.T,1803.jp,2024-11-27,1174.00,1182.50,1158.50,1161.00,2945600,https://stooq.com/q/d/l/?s=1803.jp&i=d,2026-03-26T08:35:00+00:00
1803,1803.T,1803.jp,2024-11-28,1195.00,1207.00,1186.00,1196.50,3581300,https://stooq.com/q/d/l/?s=1803.jp&i=d,2026-03-26T08:35:00+00:00
1803,1803.T,1803.jp,2024-11-29,1189.50,1199.00,1179.50,1188.00,2084500,https://stooq.com/q/d/l/?s=1803.jp&i=d,2026-03-26T08:35:00+00:00
1803,1803.T,1803.jp,2024-12-02,1182.00,1196.50,1168.00,1190.50,1889600,https://stooq.com/q/d/l/?s=1803.jp&i=d,2026-03-26T08:35:00+00:00
1803,1803.T,1803.jp,2024-12-03,1190.50,1207.00,1188.00,1199.50,2337600,https://stooq.com/q/d/l/?s=1803.jp&i=d,2026-03-26T08:35:00+00:00
1803,1803.T,1803.jp,2024-12-04,1199.50,1206.50,1192.00,1195.00,1841600,https://stooq.com/q/d/l/?s=1803.jp&i=d,2026-03-26T08:35:00+00:00
1803,1803.T,1803.jp,2024-12-05,1198.00,1205.00,1187.00,1187.50,2226900,https://stooq.com/q/d/l/?s=1803.jp&i=d,2026-03-26T08:35:00+00:00
1803,1803.T,1803.jp,2024-12-06,1182.50,1197.00,1177.00,1192.00,1583700,https://stooq.com/q/d/l/?s=1803.jp&i=d,2026-03-26T08:35:00+00:00
1803,1803.T,1803.jp,2024-12-09,1192.00,1204.00,1185.00,1194.50,1872600,https://stooq.com/q/d/l/?s=1803.jp&i=d,2026-03-26T08:35:00+00:00
1803,1803.T,1803.jp,2024-12-10,1205.00,1205.00,1177.00,1183.50,1950800,https://stooq.com/q/d/l/?s=1803.jp&i=d,2026-03-26T08:35:00+00:00
1803,1803.T,1803.jp,2024-12-11,1183.50,1201.50,1183.50,1198.50,1866000,https://stooq.com/q/d/l/?s=1803.jp&i=d,2026-03-26T08:35:00+00:00
1803,1803.T,1803.jp,2024-12-12,1208.00,1242.00,1202.00,1234.00,3512200,https://stooq.com/q/d/l/?s=1803.jp&i=d,2026-03-26T08:35:00+00:00
1803,1803.T,1803.jp,2024-12-13,1220.50,1230.00,1208.00,1215.00,2694600,https://stooq.com/q/d/l/?s=1803.jp&i=d,2026-03-26T08:35:00+00:00
1803,1803.T,1803.jp,2024-12-16,1219.00,1248.00,1215.00,1229.00,3304300,https://stooq.com/q/d/l/?s=1803.jp&i=d,2026-03-26T08:35:00+00:00
1803,1803.T,1803.jp,2024-12-17,1228.00,1228.00,1205.50,1207.00,2340400,https://stooq.com/q/d/l/?s=1803.jp&i=d,2026-03-26T08:35:00+00:00
1803,1803.T,1803.jp,2024-12-18,1204.50,1220.00,1204.00,1205.50,3488600,https://stooq.com/q/d/l/?s=1803.jp&i=d,2026-03-26T08:35:00+00:00
1803,1803.T,1803.jp,2024-12-19,1184.00,1224.00,1177.00,1215.00,5038800,https://stooq.com/q/d/l/?s=1803.jp&i=d,2026-03-26T08:35:00+00:00
1803,1803.T,1803.jp,2024-12-20,1218.00,1225.00,1207.50,1221.00,3391200,https://stooq.com/q/d/l/?s=1803.jp&i=d,2026-03-26T08:35:00+00:00
1803,1803.T,1803.jp,2024-12-23,1221.00,1238.50,1221.00,1230.50,3488800,https://stooq.com/q/d/l/?s=1803.jp&i=d,2026-03-26T08:35:00+00:00
1803,1803.T,1803.jp,2024-12-24,1227.00,1247.00,1224.00,1237.50,3061100,https://stooq.com/q/d/l/?s=1803.jp&i=d,2026-03-26T08:35:00+00:00
1803,1803.T,1803.jp,2024-12-25,1248.00,1248.00,1213.00,1233.00,2622700,https://stooq.com/q/d/l/?s=1803.jp&i=d,2026-03-26T08:35:00+00:00
1803,1803.T,1803.jp,2024-12-26,1231.00,1235.50,1221.50,1235.50,1448700,https://stooq.com/q/d/l/?s=1803.jp&i=d,2026-03-26T08:35:00+00:00
1803,1803.T,1803.jp,2024-12-27,1233.00,1249.00,1230.00,1248.50,3884600,https://stooq.com/q/d/l/?s=1803.jp&i=d,2026-03-26T08:35:00+00:00
1803,1803.T,1803.jp,2024-12-30,1250.00,1264.00,1243.00,1252.50,2374000,https://stooq.com/q/d/l/?s=1803.jp&i=d,2026-03-26T08:35:00+00:00
1803,1803.T,1803.jp,2025-01-06,1259.50,1268.00,1237.00,1243.00,2608000,https://stooq.com/q/d/l/?s=1803.jp&i=d,2026-03-26T08:35:00+00:00
1803,1803.T,1803.jp,2025-01-07,1250.00,1265.00,1234.00,1265.00,2251500,https://stooq.com/q/d/l/?s=1803.jp&i=d,2026-03-26T08:35:00+00:00
1803,1803.T,1803.jp,2025-01-08,1265.00,1288.00,1256.50,1281.50,3705800,https://stooq.com/q/d/l/?s=1803.jp&i=d,2026-03-26T08:35:00+00:00
1803,1803.T,1803.jp,2025-01-09,1281.50,1292.00,1272.50,1286.00,2786700,https://stooq.com/q/d/l/?s=1803.jp&i=d,2026-03-26T08:35:00+00:00
1803,1803.T,1803.jp,2025-01-10,1291.00,1297.00,1263.00,1265.00,3157800,https://stooq.com/q/d/l/?s=1803.jp&i=d,2026-03-26T08:35:00+00:00
1803,1803.T,1803.jp,2025-01-14,1266.00,1281.00,1256.50,1261.50,2566400,https://stooq.com/q/d/l/?s=1803.jp&i=d,2026-03-26T08:35:00+00:00
1803,1803.T,1803.jp,2025-01-15,1261.50,1265.50,1243.50,1253.50,2221300,https://stooq.com/q/d/l/?s=1803.jp&i=d,2026-03-26T08:35:00+00:00
1803,1803.T,1803.jp,2025-01-16,1257.50,1268.00,1247.00,1261.50,2078800,https://stooq.com/q/d/l/?s=1803.jp&i=d,2026-03-26T08:35:00+00:00
1803,1803.T,1803.jp,2025-01-17,1255.00,1272.00,1242.50,1267.50,2740800,https://stooq.com/q/d/l/?s=1803.jp&i=d,2026-03-26T08:35:00+00:00
1803,1803.T,1803.jp,2025-01-20,1270.00,1283.50,1268.00,1281.00,2274100,https://stooq.com/q/d/l/?s=1803.jp&i=d,2026-03-26T08:35:00+00:00
1803,1803.T,1803.jp,2025-01-21,1295.00,1295.50,1276.50,1289.50,1881200,https://stooq.com/q/d/l/?s=1803.jp&i=d,2026-03-26T08:35:00+00:00
1803,1803.T,1803.jp,2025-01-22,1294.50,1304.50,1288.00,1295.00,2410400,https://stooq.com/q/d/l/?s=1803.jp&i=d,2026-03-26T08:35:00+00:00
1803,1803.T,1803.jp,2025-01-23,1297.00,1313.50,1296.50,1308.50,1764800,https://stooq.com/q/d/l/?s=1803.jp&i=d,2026-03-26T08:35:00+00:00
1803,1803.T,1803.jp,2025-01-24,1308.50,1322.50,1303.50,1313.00,2200600,https://stooq.com/q/d/l/?s=1803.jp&i=d,2026-03-26T08:35:00+00:00
1803,1803.T,1803.jp,2025-01-27,1323.00,1342.50,1323.00,1333.50,2510600,https://stooq.com/q/d/l/?s=1803.jp&i=d,2026-03-26T08:35:00+00:00
1803,1803.T,1803.jp,2025-01-28,1337.00,1352.50,1332.00,1341.00,2660600,https://stooq.com/q/d/l/?s=1803.jp&i=d,2026-03-26T08:35:00+00:00
1803,1803.T,1803.jp,2025-01-29,1352.00,1380.50,1346.00,1367.00,4293900,https://stooq.com/q/d/l/?s=1803.jp&i=d,2026-03-26T08:35:00+00:00
1803,1803.T,1803.jp,2025-01-30,1372.00,1384.00,1363.00,1378.50,3097300,https://stooq.com/q/d/l/?s=1803.jp&i=d,2026-03-26T08:35:00+00:00
1803,1803.T,1803.jp,2025-01-31,1375.00,1378.50,1337.50,1349.50,6113700,https://stooq.com/q/d/l/?s=1803.jp&i=d,2026-03-26T08:35:00+00:00
1803,1803.T,1803.jp,2025-02-03,1290.50,1327.00,1281.50,1305.00,4788000,https://stooq.com/q/d/l/?s=1803.jp&i=d,2026-03-26T08:35:00+00:00
1803,1803.T,1803.jp,2025-02-04,1317.00,1337.00,1302.00,1331.50,3767900,https://stooq.com/q/d/l/?s=1803.jp&i=d,2026-03-26T08:35:00+00:00
1803,1803.T,1803.jp,2025-02-05,1335.00,1340.00,1316.50,1330.00,3707300,https://stooq.com/q/d/l/?s=1803.jp&i=d,2026-03-26T08:35:00+00:00
1803,1803.T,1803.jp,2025-02-06,1326.00,1329.50,1297.00,1304.50,2498000,https://stooq.com/q/d/l/?s=1803.jp&i=d,2026-03-26T08:35:00+00:00
1803,1803.T,1803.jp,2025-02-07,1309.00,1327.50,1300.00,1319.50,2650800,https://stooq.com/q/d/l/?s=1803.jp&i=d,2026-03-26T08:35:00+00:00
1803,1803.T,1803.jp,2025-02-10,1323.00,1344.50,1322.00,1335.50,2686100,https://stooq.com/q/d/l/?s=1803.jp&i=d,2026-03-26T08:35:00+00:00
1803,1803.T,1803.jp,2025-02-12,1350.00,1389.50,1348.50,1375.50,5919300,https://stooq.com/q/d/l/?s=1803.jp&i=d,2026-03-26T08:35:00+00:00
1803,1803.T,1803.jp,2025-02-13,1390.00,1457.00,1388.00,1456.00,6777000,https://stooq.com/q/d/l/?s=1803.jp&i=d,2026-03-26T08:35:00+00:00
1803,1803.T,1803.jp,2025-02-14,1466.00,1475.00,1447.50,1452.50,4195400,https://stooq.com/q/d/l/?s=1803.jp&i=d,2026-03-26T08:35:00+00:00
1803,1803.T,1803.jp,2025-02-17,1481.50,1489.50,1444.00,1446.00,2832600,https://stooq.com/q/d/l/?s=1803.jp&i=d,2026-03-26T08:35:00+00:00
1803,1803.T,1803.jp,2025-02-18,1454.50,1474.00,1448.00,1474.00,1851800,https://stooq.com/q/d/l/?s=1803.jp&i=d,2026-03-26T08:35:00+00:00
1803,1803.T,1803.jp,2025-02-19,1476.00,1491.00,1464.50,1476.50,2816700,https://stooq.com/q/d/l/?s=1803.jp&i=d,2026-03-26T08:35:00+00:00
1803,1803.T,1803.jp,2025-02-20,1465.00,1467.00,1400.50,1416.50,4064900,https://stooq.com/q/d/l/?s=1803.jp&i=d,2026-03-26T08:35:00+00:00
1803,1803.T,1803.jp,2025-02-21,1423.50,1431.00,1390.50,1404.00,3471800,https://stooq.com/q/d/l/?s=1803.jp&i=d,2026-03-26T08:35:00+00:00
1803,1803.T,1803.jp,2025-02-25,1381.50,1386.50,1353.00,1359.00,4100200,https://stooq.com/q/d/l/?s=1803.jp&i=d,2026-03-26T08:35:00+00:00
1803,1803.T,1803.jp,2025-02-26,1352.00,1356.50,1332.00,1353.50,3234200,https://stooq.com/q/d/l/?s=1803.jp&i=d,2026-03-26T08:35:00+00:00
1803,1803.T,1803.jp,2025-02-27,1353.50,1372.00,1352.50,1371.00,2850900,https://stooq.com/q/d/l/?s=1803.jp&i=d,2026-03-26T08:35:00+00:00
1803,1803.T,1803.jp,2025-02-28,1378.00,1387.00,1359.00,1378.50,4235200,https://stooq.com/q/d/l/?s=1803.jp&i=d,2026-03-26T08:35:00+00:00
1803,1803.T,1803.jp,2025-03-03,1391.50,1437.00,1391.00,1426.00,2709900,https://stooq.com/q/d/l/?s=1803.jp&i=d,2026-03-26T08:35:00+00:00
1803,1803.T,1803.jp,2025-03-04,1412.50,1421.50,1397.00,1405.50,1990500,https://stooq.com/q/d/l/?s=1803.jp&i=d,2026-03-26T08:35:00+00:00
1803,1803.T,1803.jp,2025-03-05,1405.50,1405.50,1380.50,1398.50,2676800,https://stooq.com/q/d/l/?s=1803.jp&i=d,2026-03-26T08:35:00+00:00
1803,1803.T,1803.jp,2025-03-06,1400.00,1409.00,1381.00,1386.00,2611600,https://stooq.com/q/d/l/?s=1803.jp&i=d,2026-03-26T08:35:00+00:00
1803,1803.T,1803.jp,2025-03-07,1376.00,1386.50,1352.00,1362.50,2732900,https://stooq.com/q/d/l/?s=1803.jp&i=d,2026-03-26T08:35:00+00:00
1803,1803.T,1803.jp,2025-03-10,1365.00,1373.50,1346.00,1346.00,2121700,https://stooq.com/q/d/l/?s=1803.jp&i=d,2026-03-26T08:35:00+00:00
1803,1803.T,1803.jp,2025-03-11,1333.50,1343.00,1294.00,1312.50,2716500,https://stooq.com/q/d/l/?s=1803.jp&i=d,2026-03-26T08:35:00+00:00
1803,1803.T,1803.jp,2025-03-12,1319.50,1329.00,1311.00,1320.50,2669700,https://stooq.com/q/d/l/?s=1803.jp&i=d,2026-03-26T08:35:00+00:00
1803,1803.T,1803.jp,2025-03-13,1319.00,1339.00,1314.00,1339.00,2324900,https://stooq.com/q/d/l/?s=1803.jp&i=d,2026-03-26T08:35:00+00:00
1803,1803.T,1803.jp,2025-03-14,1339.00,1369.00,1338.50,1360.00,3362100,https://stooq.com/q/d/l/?s=1803.jp&i=d,2026-03-26T08:35:00+00:00
1803,1803.T,1803.jp,2025-03-17,1386.00,1399.00,1374.00,1393.00,1764000,https://stooq.com/q/d/l/?s=1803.jp&i=d,2026-03-26T08:35:00+00:00
1803,1803.T,1803.jp,2025-03-18,1399.50,1405.50,1392.00,1399.50,1610600,https://stooq.com/q/d/l/?s=1803.jp&i=d,2026-03-26T08:35:00+00:00
1803,1803.T,1803.jp,2025-03-19,1392.00,1407.00,1387.00,1388.50,2473200,https://stooq.com/q/d/l/?s=1803.jp&i=d,2026-03-26T08:35:00+00:00
1803,1803.T,1803.jp,2025-03-21,1385.00,1416.00,1379.00,1379.00,4317100,https://stooq.com/q/d/l/?s=1803.jp&i=d,2026-03-26T08:35:00+00:00
1803,1803.T,1803.jp,2025-03-24,1378.00,1389.50,1376.50,1379.00,1802700,https://stooq.com/q/d/l/?s=1803.jp&i=d,2026-03-26T08:35:00+00:00
1803,1803.T,1803.jp,2025-03-25,1385.50,1386.50,1376.50,1382.50,1508700,https://stooq.com/q/d/l/?s=1803.jp&i=d,2026-03-26T08:35:00+00:00
1803,1803.T,1803.jp,2025-03-26,1409.50,1412.50,1395.50,1397.50,2349000,https://stooq.com/q/d/l/?s=1803.jp&i=d,2026-03-26T08:35:00+00:00
1803,1803.T,1803.jp,2025-03-27,1385.00,1409.50,1385.00,1401.50,2475800,https://stooq.com/q/d/l/?s=1803.jp&i=d,2026-03-26T08:35:00+00:00
1803,1803.T,1803.jp,2025-03-28,1375.00,1394.00,1375.00,1390.50,1749500,https://stooq.com/q/d/l/?s=1803.jp&i=d,2026-03-26T08:35:00+00:00
1803,1803.T,1803.jp,2025-03-31,1338.00,1339.00,1313.50,1323.50,2677600,https://stooq.com/q/d/l/?s=1803.jp&i=d,2026-03-26T08:35:00+00:00
1803,1803.T,1803.jp,2025-04-01,1342.00,1352.50,1333.00,1338.50,1681900,https://stooq.com/q/d/l/?s=1803.jp&i=d,2026-03-26T08:35:00+00:00
1803,1803.T,1803.jp,2025-04-02,1350.00,1352.50,1319.50,1323.00,1458000,https://stooq.com/q/d/l/?s=1803.jp&i=d,2026-03-26T08:35:00+00:00
1803,1803.T,1803.jp,2025-04-03,1263.00,1325.50,1261.00,1319.00,2260400,https://stooq.com/q/d/l/?s=1803.jp&i=d,2026-03-26T08:35:00+00:00
1803,1803.T,1803.jp,2025-04-04,1289.00,1311.00,1255.00,1279.50,2381600,https://stooq.com/q/d/l/?s=1803.jp&i=d,2026-03-26T08:35:00+00:00
1803,1803.T,1803.jp,2025-04-07,1188.00,1232.50,1166.50,1207.00,2971800,https://stooq.com/q/d/l/?s=1803.jp&i=d,2026-03-26T08:35:00+00:00
1803,1803.T,1803.jp,2025-04-08,1243.00,1275.00,1240.00,1255.50,1970000,https://stooq.com/q/d/l/?s=1803.jp&i=d,2026-03-26T08:35:00+00:00
1803,1803.T,1803.jp,2025-04-09,1243.50,1268.00,1227.50,1254.00,1715800,https://stooq.com/q/d/l/?s=1803.jp&i=d,2026-03-26T08:35:00+00:00
1803,1803.T,1803.jp,2025-04-10,1310.00,1331.00,1266.50,1325.00,2560500,https://stooq.com/q/d/l/?s=1803.jp&i=d,2026-03-26T08:35:00+00:00
1803,1803.T,1803.jp,2025-04-11,1266.00,1344.00,1264.00,1334.50,2441300,https://stooq.com/q/d/l/?s=1803.jp&i=d,2026-03-26T08:35:00+00:00
1803,1803.T,1803.jp,2025-04-14,1346.50,1363.50,1335.50,1350.00,1773500,https://stooq.com/q/d/l/?s=1803.jp&i=d,2026-03-26T08:35:00+00:00
1803,1803.T,1803.jp,2025-04-15,1363.00,1364.00,1329.00,1333.00,1402300,https://stooq.com/q/d/l/?s=1803.jp&i=d,2026-03-26T08:35:00+00:00
1803,1803.T,1803.jp,2025-04-16,1347.00,1377.00,1344.50,1372.00,1736300,https://stooq.com/q/d/l/?s=1803.jp&i=d,2026-03-26T08:35:00+00:00
1803,1803.T,1803.jp,2025-04-17,1383.00,1388.50,1371.00,1382.00,1354500,https://stooq.com/q/d/l/?s=1803.jp&i=d,2026-03-26T08:35:00+00:00
1803,1803.T,1803.jp,2025-04-18,1385.00,1420.00,1384.00,1415.00,1302800,https://stooq.com/q/d/l/?s=1803.jp&i=d,2026-03-26T08:35:00+00:00
1803,1803.T,1803.jp,2025-04-21,1416.00,1423.50,1402.50,1409.00,1024100,https://stooq.com/q/d/l/?s=1803.jp&i=d,2026-03-26T08:35:00+00:00
1803,1803.T,1803.jp,2025-04-22,1395.00,1424.00,1391.00,1419.50,1152300,https://stooq.com/q/d/l/?s=1803.jp&i=d,2026-03-26T08:35:00+00:00
1803,1803.T,1803.jp,2025-04-23,1427.00,1454.00,1414.50,1449.50,2592600,https://stooq.com/q/d/l/?s=1803.jp&i=d,2026-03-26T08:35:00+00:00
1803,1803.T,1803.jp,2025-04-24,1459.00,1459.00,1413.00,1413.50,1917900,https://stooq.com/q/d/l/?s=1803.jp&i=d,2026-03-26T08:35:00+00:00
1803,1803.T,1803.jp,2025-04-25,1420.00,1476.50,1403.50,1472.00,3382900,https://stooq.com/q/d/l/?s=1803.jp&i=d,2026-03-26T08:35:00+00:00
1803,1803.T,1803.jp,2025-04-28,1468.00,1537.00,1455.00,1525.00,4182300,https://stooq.com/q/d/l/?s=1803.jp&i=d,2026-03-26T08:35:00+00:00
1803,1803.T,1803.jp,2025-04-30,1520.00,1535.50,1498.50,1525.50,3015900,https://stooq.com/q/d/l/?s=1803.jp&i=d,2026-03-26T08:35:00+00:00
1803,1803.T,1803.jp,2025-05-01,1520.00,1527.50,1499.00,1512.00,2132400,https://stooq.com/q/d/l/?s=1803.jp&i=d,2026-03-26T08:35:00+00:00
1803,1803.T,1803.jp,2025-05-02,1505.00,1544.00,1503.00,1528.00,2388600,https://stooq.com/q/d/l/?s=1803.jp&i=d,2026-03-26T08:35:00+00:00
1803,1803.T,1803.jp,2025-05-07,1537.00,1558.00,1529.00,1545.50,2248400,https://stooq.com/q/d/l/?s=1803.jp&i=d,2026-03-26T08:35:00+00:00
1803,1803.T,1803.jp,2025-05-08,1535.00,1551.50,1520.00,1551.50,1723200,https://stooq.com/q/d/l/?s=1803.jp&i=d,2026-03-26T08:35:00+00:00
1803,1803.T,1803.jp,2025-05-09,1560.00,1579.00,1551.00,1574.50,2313600,https://stooq.com/q/d/l/?s=1803.jp&i=d,2026-03-26T08:35:00+00:00
1803,1803.T,1803.jp,2025-05-12,1580.00,1600.00,1544.50,1562.50,2727800,https://stooq.com/q/d/l/?s=1803.jp&i=d,2026-03-26T08:35:00+00:00
1803,1803.T,1803.jp,2025-05-13,1563.00,1568.50,1476.00,1518.00,3957000,https://stooq.com/q/d/l/?s=1803.jp&i=d,2026-03-26T08:35:00+00:00
1803,1803.T,1803.jp,2025-05-14,1530.50,1547.50,1499.50,1523.00,3308700,https://stooq.com/q/d/l/?s=1803.jp&i=d,2026-03-26T08:35:00+00:00
1803,1803.T,1803.jp,2025-05-15,1506.50,1557.50,1493.50,1549.00,4022400,https://stooq.com/q/d/l/?s=1803.jp&i=d,2026-03-26T08:35:00+00:00
1803,1803.T,1803.jp,2025-05-16,1549.00,1599.50,1535.50,1544.00,4100800,https://stooq.com/q/d/l/?s=1803.jp&i=d,2026-03-26T08:35:00+00:00
1803,1803.T,1803.jp,2025-05-19,1543.00,1586.00,1530.00,1586.00,2615200,https://stooq.com/q/d/l/?s=1803.jp&i=d,2026-03-26T08:35:00+00:00
1803,1803.T,1803.jp,2025-05-20,1561.50,1565.00,1539.00,1561.00,2456900,https://stooq.com/q/d/l/?s=1803.jp&i=d,2026-03-26T08:35:00+00:00
1803,1803.T,1803.jp,2025-05-21,1561.50,1574.50,1545.50,1574.00,2131300,https://stooq.com/q/d/l/?s=1803.jp&i=d,2026-03-26T08:35:00+00:00
1803,1803.T,1803.jp,2025-05-22,1594.00,1596.00,1571.50,1578.00,2379700,https://stooq.com/q/d/l/?s=1803.jp&i=d,2026-03-26T08:35:00+00:00
1803,1803.T,1803.jp,2025-05-23,1578.00,1586.00,1568.00,1585.50,2348600,https://stooq.com/q/d/l/?s=1803.jp&i=d,2026-03-26T08:35:00+00:00
1803,1803.T,1803.jp,2025-05-26,1588.00,1590.50,1570.50,1582.50,1337900,https://stooq.com/q/d/l/?s=1803.jp&i=d,2026-03-26T08:35:00+00:00
1803,1803.T,1803.jp,2025-05-27,1574.00,1580.00,1555.50,1558.50,1758300,https://stooq.com/q/d/l/?s=1803.jp&i=d,2026-03-26T08:35:00+00:00
1803,1803.T,1803.jp,2025-05-28,1567.50,1583.00,1563.00,1575.50,2802500,https://stooq.com/q/d/l/?s=1803.jp&i=d,2026-03-26T08:35:00+00:00
1803,1803.T,1803.jp,2025-05-29,1575.50,1600.00,1572.50,1600.00,2371500,https://stooq.com/q/d/l/?s=1803.jp&i=d,2026-03-26T08:35:00+00:00
1803,1803.T,1803.jp,2025-05-30,1578.00,1588.50,1570.50,1588.50,3782200,https://stooq.com/q/d/l/?s=1803.jp&i=d,2026-03-26T08:35:00+00:00
1803,1803.T,1803.jp,2025-06-02,1580.00,1599.50,1573.50,1599.50,2580100,https://stooq.com/q/d/l/?s=1803.jp&i=d,2026-03-26T08:35:00+00:00
1803,1803.T,1803.jp,2025-06-03,1599.00,1599.00,1548.50,1554.50,2454300,https://stooq.com/q/d/l/?s=1803.jp&i=d,2026-03-26T08:35:00+00:00
1803,1803.T,1803.jp,2025-06-04,1575.00,1623.00,1574.00,1610.00,3628200,https://stooq.com/q/d/l/?s=1803.jp&i=d,2026-03-26T08:35:00+00:00
1803,1803.T,1803.jp,2025-06-05,1588.00,1592.00,1566.00,1578.50,2005500,https://stooq.com/q/d/l/?s=1803.jp&i=d,2026-03-26T08:35:00+00:00
1803,1803.T,1803.jp,2025-06-06,1582.00,1641.50,1578.50,1641.50,3020200,https://stooq.com/q/d/l/?s=1803.jp&i=d,2026-03-26T08:35:00+00:00
1803,1803.T,1803.jp,2025-06-09,1641.50,1649.50,1608.00,1617.00,1869200,https://stooq.com/q/d/l/?s=1803.jp&i=d,2026-03-26T08:35:00+00:00
1803,1803.T,1803.jp,2025-06-10,1625.00,1633.50,1615.00,1629.50,1773600,https://stooq.com/q/d/l/?s=1803.jp&i=d,2026-03-26T08:35:00+00:00
1803,1803.T,1803.jp,2025-06-11,1615.00,1624.50,1574.00,1603.00,2384900,https://stooq.com/q/d/l/?s=1803.jp&i=d,2026-03-26T08:35:00+00:00
1803,1803.T,1803.jp,2025-06-12,1610.00,1628.50,1583.00,1590.50,2112700,https://stooq.com/q/d/l/?s=1803.jp&i=d,2026-03-26T08:35:00+00:00
1803,1803.T,1803.jp,2025-06-13,1590.50,1599.00,1573.00,1585.00,2098400,https://stooq.com/q/d/l/?s=1803.jp&i=d,2026-03-26T08:35:00+00:00
1803,1803.T,1803.jp,2025-06-16,1597.00,1607.00,1591.00,1601.00,1579800,https://stooq.com/q/d/l/?s=1803.jp&i=d,2026-03-26T08:35:00+00:00
1803,1803.T,1803.jp,2025-06-17,1595.00,1601.00,1581.00,1594.00,1482000,https://stooq.com/q/d/l/?s=1803.jp&i=d,2026-03-26T08:35:00+00:00
1803,1803.T,1803.jp,2025-06-18,1602.00,1620.00,1594.00,1597.00,2133600,https://stooq.com/q/d/l/?s=1803.jp&i=d,2026-03-26T08:35:00+00:00
1803,1803.T,1803.jp,2025-06-19,1603.00,1614.00,1593.50,1614.00,1213900,https://stooq.com/q/d/l/?s=1803.jp&i=d,2026-03-26T08:35:00+00:00
1803,1803.T,1803.jp,2025-06-20,1606.00,1608.00,1585.00,1591.50,3391700,https://stooq.com/q/d/l/?s=1803.jp&i=d,2026-03-26T08:35:00+00:00
1803,1803.T,1803.jp,2025-06-23,1598.50,1619.00,1592.00,1593.50,1490000,https://stooq.com/q/d/l/?s=1803.jp&i=d,2026-03-26T08:35:00+00:00
1803,1803.T,1803.jp,2025-06-24,1601.00,1603.00,1561.50,1582.00,2042000,https://stooq.com/q/d/l/?s=1803.jp&i=d,2026-03-26T08:35:00+00:00
1803,1803.T,1803.jp,2025-06-25,1572.50,1582.00,1565.50,1570.50,1341500,https://stooq.com/q/d/l/?s=1803.jp&i=d,2026-03-26T08:35:00+00:00
1803,1803.T,1803.jp,2025-06-26,1563.00,1577.50,1553.00,1577.50,1464200,https://stooq.com/q/d/l/?s=1803.jp&i=d,2026-03-26T08:35:00+00:00
1803,1803.T,1803.jp,2025-06-27,1585.00,1589.50,1567.00,1576.50,1323900,https://stooq.com/q/d/l/?s=1803.jp&i=d,2026-03-26T08:35:00+00:00
1803,1803.T,1803.jp,2025-06-30,1600.00,1616.00,1596.50,1611.00,2313400,https://stooq.com/q/d/l/?s=1803.jp&i=d,2026-03-26T08:35:00+00:00
1803,1803.T,1803.jp,2025-07-01,1603.00,1629.00,1600.50,1616.50,2084400,https://stooq.com/q/d/l/?s=1803.jp&i=d,2026-03-26T08:35:00+00:00
1803,1803.T,1803.jp,2025-07-02,1598.00,1630.50,1595.00,1610.50,1729300,https://stooq.com/q/d/l/?s=1803.jp&i=d,2026-03-26T08:35:00+00:00
1803,1803.T,1803.jp,2025-07-03,1613.50,1630.00,1545.50,1581.00,3295300,https://stooq.com/q/d/l/?s=1803.jp&i=d,2026-03-26T08:35:00+00:00
1803,1803.T,1803.jp,2025-07-04,1585.00,1603.00,1582.00,1598.50,2004000,https://stooq.com/q/d/l/?s=1803.jp&i=d,2026-03-26T08:35:00+00:00
1803,1803.T,1803.jp,2025-07-07,1599.00,1609.00,1582.50,1604.50,1310200,https://stooq.com/q/d/l/?s=1803.jp&i=d,2026-03-26T08:35:00+00:00
1803,1803.T,1803.jp,2025-07-08,1605.00,1610.00,1589.00,1605.50,2401100,https://stooq.com/q/d/l/?s=1803.jp&i=d,2026-03-26T08:35:00+00:00
1803,1803.T,1803.jp,2025-07-09,1610.00,1632.00,1608.00,1621.50,2148100,https://stooq.com/q/d/l/?s=1803.jp&i=d,2026-03-26T08:35:00+00:00
1803,1803.T,1803.jp,2025-07-10,1633.00,1638.00,1617.50,1634.50,1916300,https://stooq.com/q/d/l/?s=1803.jp&i=d,2026-03-26T08:35:00+00:00
1803,1803.T,1803.jp,2025-07-11,1639.50,1666.00,1603.00,1611.50,2206500,https://stooq.com/q/d/l/?s=1803.jp&i=d,2026-03-26T08:35:00+00:00
1803,1803.T,1803.jp,2025-07-14,1625.50,1632.50,1606.00,1631.50,1353200,https://stooq.com/q/d/l/?s=1803.jp&i=d,2026-03-26T08:35:00+00:00
1803,1803.T,1803.jp,2025-07-15,1638.00,1651.00,1617.50,1622.00,1646400,https://stooq.com/q/d/l/?s=1803.jp&i=d,2026-03-26T08:35:00+00:00
1803,1803.T,1803.jp,2025-07-16,1616.00,1628.50,1614.00,1626.00,1385500,https://stooq.com/q/d/l/?s=1803.jp&i=d,2026-03-26T08:35:00+00:00
1803,1803.T,1803.jp,2025-07-17,1633.50,1664.00,1632.00,1663.50,1718400,https://stooq.com/q/d/l/?s=1803.jp&i=d,2026-03-26T08:35:00+00:00
1803,1803.T,1803.jp,2025-07-18,1666.00,1675.00,1650.00,1661.50,1742400,https://stooq.com/q/d/l/?s=1803.jp&i=d,2026-03-26T08:35:00+00:00
1803,1803.T,1803.jp,2025-07-22,1665.00,1696.00,1663.00,1681.00,2421200,https://stooq.com/q/d/l/?s=1803.jp&i=d,2026-03-26T08:35:00+00:00
1803,1803.T,1803.jp,2025-07-23,1705.00,1709.50,1649.00,1670.50,2946500,https://stooq.com/q/d/l/?s=1803.jp&i=d,2026-03-26T08:35:00+00:00
1803,1803.T,1803.jp,2025-07-24,1685.50,1696.50,1672.50,1681.00,1900200,https://stooq.com/q/d/l/?s=1803.jp&i=d,2026-03-26T08:35:00+00:00
1803,1803.T,1803.jp,2025-07-25,1681.00,1689.50,1666.00,1686.50,1664700,https://stooq.com/q/d/l/?s=1803.jp&i=d,2026-03-26T08:35:00+00:00
1803,1803.T,1803.jp,2025-07-28,1694.50,1700.50,1649.50,1649.50,2133800,https://stooq.com/q/d/l/?s=1803.jp&i=d,2026-03-26T08:35:00+00:00
1803,1803.T,1803.jp,2025-07-29,1631.00,1788.00,1613.00,1676.50,13172600,https://stooq.com/q/d/l/?s=1803.jp&i=d,2026-03-26T08:35:00+00:00
1803,1803.T,1803.jp,2025-07-30,1649.50,1658.50,1615.00,1636.00,5434900,https://stooq.com/q/d/l/?s=1803.jp&i=d,2026-03-26T08:35:00+00:00
1803,1803.T,1803.jp,2025-07-31,1646.00,1692.00,1638.00,1680.50,3980100,https://stooq.com/q/d/l/?s=1803.jp&i=d,2026-03-26T08:35:00+00:00
1803,1803.T,1803.jp,2025-08-01,1696.50,1761.00,1691.00,1740.00,3897800,https://stooq.com/q/d/l/?s=1803.jp&i=d,2026-03-26T08:35:00+00:00
1803,1803.T,1803.jp,2025-08-04,1675.00,1716.50,1662.00,1712.00,3006900,https://stooq.com/q/d/l/?s=1803.jp&i=d,2026-03-26T08:35:00+00:00
1803,1803.T,1803.jp,2025-08-05,1715.00,1731.50,1696.00,1731.50,2721500,https://stooq.com/q/d/l/?s=1803.jp&i=d,2026-03-26T08:35:00+00:00
1803,1803.T,1803.jp,2025-08-06,1735.00,1786.00,1729.00,1775.50,3100600,https://stooq.com/q/d/l/?s=1803.jp&i=d,2026-03-26T08:35:00+00:00
1803,1803.T,1803.jp,2025-08-07,1794.00,1812.50,1773.50,1807.00,3492300,https://stooq.com/q/d/l/?s=1803.jp&i=d,2026-03-26T08:35:00+00:00
1803,1803.T,1803.jp,2025-08-08,1820.00,1855.00,1793.50,1826.50,3961000,https://stooq.com/q/d/l/?s=1803.jp&i=d,2026-03-26T08:35:00+00:00
1803,1803.T,1803.jp,2025-08-12,1855.00,1894.00,1832.50,1871.00,3314500,https://stooq.com/q/d/l/?s=1803.jp&i=d,2026-03-26T08:35:00+00:00
1803,1803.T,1803.jp,2025-08-13,1885.00,1904.00,1875.00,1894.00,2911600,https://stooq.com/q/d/l/?s=1803.jp&i=d,2026-03-26T08:35:00+00:00
1803,1803.T,1803.jp,2025-08-14,1861.00,1870.50,1811.50,1828.00,3398600,https://stooq.com/q/d/l/?s=1803.jp&i=d,2026-03-26T08:35:00+00:00
1803,1803.T,1803.jp,2025-08-15,1832.00,1875.50,1823.50,1871.50,2066900,https://stooq.com/q/d/l/?s=1803.jp&i=d,2026-03-26T08:35:00+00:00
1803,1803.T,1803.jp,2025-08-18,1859.00,1898.00,1845.50,1873.50,2188200,https://stooq.com/q/d/l/?s=1803.jp&i=d,2026-03-26T08:35:00+00:00
1803,1803.T,1803.jp,2025-08-19,1889.00,1908.00,1870.00,1908.00,2167200,https://stooq.com/q/d/l/?s=1803.jp&i=d,2026-03-26T08:35:00+00:00
1803,1803.T,1803.jp,2025-08-20,1903.50,1919.50,1881.50,1913.00,2408900,https://stooq.com/q/d/l/?s=1803.jp&i=d,2026-03-26T08:35:00+00:00
1803,1803.T,1803.jp,2025-08-21,1913.00,1915.00,1867.00,1900.00,1933900,https://stooq.com/q/d/l/?s=1803.jp&i=d,2026-03-26T08:35:00+00:00
1803,1803.T,1803.jp,2025-08-22,1915.00,1950.00,1906.50,1946.00,1884200,https://stooq.com/q/d/l/?s=1803.jp&i=d,2026-03-26T08:35:00+00:00
1803,1803.T,1803.jp,2025-08-25,1950.00,1962.50,1901.00,1905.00,2671800,https://stooq.com/q/d/l/?s=1803.jp&i=d,2026-03-26T08:35:00+00:00
1803,1803.T,1803.jp,2025-08-26,1917.00,1926.50,1875.00,1888.00,2439600,https://stooq.com/q/d/l/?s=1803.jp&i=d,2026-03-26T08:35:00+00:00
1803,1803.T,1803.jp,2025-08-27,1918.00,1948.50,1906.50,1920.00,2288600,https://stooq.com/q/d/l/?s=1803.jp&i=d,2026-03-26T08:35:00+00:00
1803,1803.T,1803.jp,2025-08-28,1929.00,1960.00,1913.50,1960.00,1606800,https://stooq.com/q/d/l/?s=1803.jp&i=d,2026-03-26T08:35:00+00:00
1803,1803.T,1803.jp,2025-08-29,1954.50,1995.50,1939.00,1988.50,1985300,https://stooq.com/q/d/l/?s=1803.jp&i=d,2026-03-26T08:35:00+00:00
1803,1803.T,1803.jp,2025-09-01,1971.00,2010.00,1960.00,2003.50,1797500,https://stooq.com/q/d/l/?s=1803.jp&i=d,2026-03-26T08:35:00+00:00
1803,1803.T,1803.jp,2025-09-02,2016.50,2031.50,1979.00,2029.00,2511900,https://stooq.com/q/d/l/?s=1803.jp&i=d,2026-03-26T08:35:00+00:00
1803,1803.T,1803.jp,2025-09-03,2029.00,2033.00,1978.00,2001.50,2021800,https://stooq.com/q/d/l/?s=1803.jp&i=d,2026-03-26T08:35:00+00:00
1803,1803.T,1803.jp,2025-09-04,2016.50,2074.00,2014.50,2063.00,2336000,https://stooq.com/q/d/l/?s=1803.jp&i=d,2026-03-26T08:35:00+00:00
1803,1803.T,1803.jp,2025-09-05,2080.00,2086.50,2035.50,2058.00,2321300,https://stooq.com/q/d/l/?s=1803.jp&i=d,2026-03-26T08:35:00+00:00
1803,1803.T,1803.jp,2025-09-08,2066.50,2113.50,2060.50,2105.00,2194800,https://stooq.com/q/d/l/?s=1803.jp&i=d,2026-03-26T08:35:00+00:00
1803,1803.T,1803.jp,2025-09-09,2124.00,2155.00,2110.00,2129.50,2870100,https://stooq.com/q/d/l/?s=1803.jp&i=d,2026-03-26T08:35:00+00:00
1803,1803.T,1803.jp,2025-09-10,2124.00,2161.50,2116.00,2140.50,2265000,https://stooq.com/q/d/l/?s=1803.jp&i=d,2026-03-26T08:35:00+00:00
1803,1803.T,1803.jp,2025-09-11,2161.50,2184.50,2154.00,2181.00,2659400,https://stooq.com/q/d/l/?s=1803.jp&i=d,2026-03-26T08:35:00+00:00
1803,1803.T,1803.jp,2025-09-12,2185.00,2209.00,2145.00,2145.50,4216300,https://stooq.com/q/d/l/?s=1803.jp&i=d,2026-03-26T08:35:00+00:00
1803,1803.T,1803.jp,2025-09-16,2143.00,2150.00,2110.50,2115.00,3127000,https://stooq.com/q/d/l/?s=1803.jp&i=d,2026-03-26T08:35:00+00:00
1803,1803.T,1803.jp,2025-09-17,2100.00,2116.00,2079.00,2094.50,2381200,https://stooq.com/q/d/l/?s=1803.jp&i=d,2026-03-26T08:35:00+00:00
1803,1803.T,1803.jp,2025-09-18,2095.00,2120.00,2073.00,2109.50,2152500,https://stooq.com/q/d/l/?s=1803.jp&i=d,2026-03-26T08:35:00+00:00
1803,1803.T,1803.jp,2025-09-19,2112.00,2144.00,2107.00,2133.00,4623500,https://stooq.com/q/d/l/?s=1803.jp&i=d,2026-03-26T08:35:00+00:00
1803,1803.T,1803.jp,2025-09-22,2133.00,2142.00,2066.00,2089.00,2217400,https://stooq.com/q/d/l/?s=1803.jp&i=d,2026-03-26T08:35:00+00:00
1803,1803.T,1803.jp,2025-09-24,2113.00,2118.00,2079.00,2114.00,2269200,https://stooq.com/q/d/l/?s=1803.jp&i=d,2026-03-26T08:35:00+00:00
1803,1803.T,1803.jp,2025-09-25,2116.00,2137.50,2090.00,2097.50,2886300,https://stooq.com/q/d/l/?s=1803.jp&i=d,2026-03-26T08:35:00+00:00
1803,1803.T,1803.jp,2025-09-26,2110.00,2130.00,2103.00,2114.00,2613700,https://stooq.com/q/d/l/?s=1803.jp&i=d,2026-03-26T08:35:00+00:00
1803,1803.T,1803.jp,2025-09-29,2096.00,2097.50,2053.50,2076.00,2100500,https://stooq.com/q/d/l/?s=1803.jp&i=d,2026-03-26T08:35:00+00:00
1803,1803.T,1803.jp,2025-09-30,2062.00,2090.00,2052.50,2079.50,1946900,https://stooq.com/q/d/l/?s=1803.jp&i=d,2026-03-26T08:35:00+00:00
1803,1803.T,1803.jp,2025-10-01,2051.50,2066.00,2011.50,2038.50,2350700,https://stooq.com/q/d/l/?s=1803.jp&i=d,2026-03-26T08:35:00+00:00
1803,1803.T,1803.jp,2025-10-02,2023.00,2039.50,1979.00,1979.00,2359600,https://stooq.com/q/d/l/?s=1803.jp&i=d,2026-03-26T08:35:00+00:00
1803,1803.T,1803.jp,2025-10-03,1979.00,2019.00,1967.50,1975.50,2421900,https://stooq.com/q/d/l/?s=1803.jp&i=d,2026-03-26T08:35:00+00:00
1803,1803.T,1803.jp,2025-10-06,2049.00,2079.50,2025.00,2056.00,2617600,https://stooq.com/q/d/l/?s=1803.jp&i=d,2026-03-26T08:35:00+00:00
1803,1803.T,1803.jp,2025-10-07,2075.00,2077.50,2040.00,2046.50,1963200,https://stooq.com/q/d/l/?s=1803.jp&i=d,2026-03-26T08:35:00+00:00
1803,1803.T,1803.jp,2025-10-08,2055.50,2090.50,2020.00,2029.50,2550500,https://stooq.com/q/d/l/?s=1803.jp&i=d,2026-03-26T08:35:00+00:00
1803,1803.T,1803.jp,2025-10-09,2042.00,2044.00,1998.00,2015.50,2245800,https://stooq.com/q/d/l/?s=1803.jp&i=d,2026-03-26T08:35:00+00:00
1803,1803.T,1803.jp,2025-10-10,1994.50,2035.00,1950.00,1992.50,3502700,https://stooq.com/q/d/l/?s=1803.jp&i=d,2026-03-26T08:35:00+00:00
1803,1803.T,1803.jp,2025-10-14,1952.50,2004.00,1949.50,1973.00,2530900,https://stooq.com/q/d/l/?s=1803.jp&i=d,2026-03-26T08:35:00+00:00
1803,1803.T,1803.jp,2025-10-15,1986.00,1999.50,1969.50,1986.00,2571000,https://stooq.com/q/d/l/?s=1803.jp&i=d,2026-03-26T08:35:00+00:00
1803,1803.T,1803.jp,2025-10-16,2004.00,2016.50,1970.50,1985.00,2280700,https://stooq.com/q/d/l/?s=1803.jp&i=d,2026-03-26T08:35:00+00:00
1803,1803.T,1803.jp,2025-10-17,1968.00,1984.50,1941.50,1956.00,2441700,https://stooq.com/q/d/l/?s=1803.jp&i=d,2026-03-26T08:35:00+00:00
1803,1803.T,1803.jp,2025-10-20,1982.50,1993.50,1953.00,1992.00,1764200,https://stooq.com/q/d/l/?s=1803.jp&i=d,2026-03-26T08:35:00+00:00
1803,1803.T,1803.jp,2025-10-21,1999.50,2002.50,1959.50,1971.00,1577600,https://stooq.com/q/d/l/?s=1803.jp&i=d,2026-03-26T08:35:00+00:00
1803,1803.T,1803.jp,2025-10-22,1984.00,2057.00,1980.00,2052.00,2704100,https://stooq.com/q/d/l/?s=1803.jp&i=d,2026-03-26T08:35:00+00:00
1803,1803.T,1803.jp,2025-10-23,2028.00,2059.00,2015.50,2036.00,2080200,https://stooq.com/q/d/l/?s=1803.jp&i=d,2026-03-26T08:35:00+00:00
1803,1803.T,1803.jp,2025-10-24,2051.00,2085.00,2037.00,2074.00,2170300,https://stooq.com/q/d/l/?s=1803.jp&i=d,2026-03-26T08:35:00+00:00
1803,1803.T,1803.jp,2025-10-27,2098.00,2128.00,2079.00,2117.00,1978700,https://stooq.com/q/d/l/?s=1803.jp&i=d,2026-03-26T08:35:00+00:00
1803,1803.T,1803.jp,2025-10-28,2100.00,2105.00,2031.00,2044.00,1956300,https://stooq.com/q/d/l/?s=1803.jp&i=d,2026-03-26T08:35:00+00:00
1803,1803.T,1803.jp,2025-10-29,2065.00,2077.00,2027.00,2040.50,2608700,https://stooq.com/q/d/l/?s=1803.jp&i=d,2026-03-26T08:35:00+00:00
1803,1803.T,1803.jp,2025-10-30,2048.50,2076.50,2030.00,2069.00,2152500,https://stooq.com/q/d/l/?s=1803.jp&i=d,2026-03-26T08:35:00+00:00
1803,1803.T,1803.jp,2025-10-31,2077.00,2088.00,2053.50,2073.50,1745600,https://stooq.com/q/d/l/?s=1803.jp&i=d,2026-03-26T08:35:00+00:00
1803,1803.T,1803.jp,2025-11-04,2066.50,2131.00,2060.50,2104.50,2350700,https://stooq.com/q/d/l/?s=1803.jp&i=d,2026-03-26T08:35:00+00:00
1803,1803.T,1803.jp,2025-11-05,2109.00,2197.50,2024.00,2186.50,4461800,https://stooq.com/q/d/l/?s=1803.jp&i=d,2026-03-26T08:35:00+00:00
1803,1803.T,1803.jp,2025-11-06,2161.50,2216.00,2153.00,2216.00,3274200,https://stooq.com/q/d/l/?s=1803.jp&i=d,2026-03-26T08:35:00+00:00
1803,1803.T,1803.jp,2025-11-07,2200.00,2258.00,2064.50,2187.50,7200300,https://stooq.com/q/d/l/?s=1803.jp&i=d,2026-03-26T08:35:00+00:00
1803,1803.T,1803.jp,2025-11-10,2176.00,2280.50,2151.50,2271.00,4288400,https://stooq.com/q/d/l/?s=1803.jp&i=d,2026-03-26T08:35:00+00:00
1803,1803.T,1803.jp,2025-11-11,2240.00,2344.50,2214.00,2312.50,4417700,https://stooq.com/q/d/l/?s=1803.jp&i=d,2026-03-26T08:35:00+00:00
1803,1803.T,1803.jp,2025-11-12,2309.50,2366.00,2295.00,2361.50,3283900,https://stooq.com/q/d/l/?s=1803.jp&i=d,2026-03-26T08:35:00+00:00
1803,1803.T,1803.jp,2025-11-13,2366.00,2516.00,2358.00,2515.00,4465400,https://stooq.com/q/d/l/?s=1803.jp&i=d,2026-03-26T08:35:00+00:00
1803,1803.T,1803.jp,2025-11-14,2493.50,2529.00,2472.00,2507.00,3109000,https://stooq.com/q/d/l/?s=1803.jp&i=d,2026-03-26T08:35:00+00:00
1803,1803.T,1803.jp,2025-11-17,2519.00,2520.00,2456.00,2502.50,2688000,https://stooq.com/q/d/l/?s=1803.jp&i=d,2026-03-26T08:35:00+00:00
1803,1803.T,1803.jp,2025-11-18,2500.00,2526.00,2421.50,2432.00,3174400,https://stooq.com/q/d/l/?s=1803.jp&i=d,2026-03-26T08:35:00+00:00
1803,1803.T,1803.jp,2025-11-19,2482.00,2527.50,2425.00,2485.00,3276400,https://stooq.com/q/d/l/?s=1803.jp&i=d,2026-03-26T08:35:00+00:00
1803,1803.T,1803.jp,2025-11-20,2529.00,2559.00,2484.50,2539.50,2605900,https://stooq.com/q/d/l/?s=1803.jp&i=d,2026-03-26T08:35:00+00:00
1803,1803.T,1803.jp,2025-11-21,2501.00,2572.00,2491.50,2572.00,3372900,https://stooq.com/q/d/l/?s=1803.jp&i=d,2026-03-26T08:35:00+00:00
1803,1803.T,1803.jp,2025-11-25,2548.00,2590.00,2512.50,2574.00,3612300,https://stooq.com/q/d/l/?s=1803.jp&i=d,2026-03-26T08:35:00+00:00
1803,1803.T,1803.jp,2025-11-26,2581.00,2668.00,2569.00,2651.50,2592500,https://stooq.com/q/d/l/?s=1803.jp&i=d,2026-03-26T08:35:00+00:00
1803,1803.T,1803.jp,2025-11-27,2677.00,2694.00,2652.50,2687.00,2875900,https://stooq.com/q/d/l/?s=1803.jp&i=d,2026-03-26T08:35:00+00:00
1803,1803.T,1803.jp,2025-11-28,2664.00,2789.50,2647.00,2771.00,3338400,https://stooq.com/q/d/l/?s=1803.jp&i=d,2026-03-26T08:35:00+00:00
1803,1803.T,1803.jp,2025-12-01,2759.50,2780.00,2686.00,2769.50,3335500,https://stooq.com/q/d/l/?s=1803.jp&i=d,2026-03-26T08:35:00+00:00
1803,1803.T,1803.jp,2025-12-02,2742.00,2769.00,2678.00,2716.50,3255700,https://stooq.com/q/d/l/?s=1803.jp&i=d,2026-03-26T08:35:00+00:00
1803,1803.T,1803.jp,2025-12-03,2720.50,2744.50,2703.00,2720.00,2160200,https://stooq.com/q/d/l/?s=1803.jp&i=d,2026-03-26T08:35:00+00:00
1803,1803.T,1803.jp,2025-12-04,2734.00,2751.50,2672.00,2679.00,3194600,https://stooq.com/q/d/l/?s=1803.jp&i=d,2026-03-26T08:35:00+00:00
1803,1803.T,1803.jp,2025-12-05,2684.00,2693.00,2645.50,2645.50,2188900,https://stooq.com/q/d/l/?s=1803.jp&i=d,2026-03-26T08:35:00+00:00
1803,1803.T,1803.jp,2025-12-08,2664.00,2700.00,2622.00,2700.00,2600300,https://stooq.com/q/d/l/?s=1803.jp&i=d,2026-03-26T08:35:00+00:00
1803,1803.T,1803.jp,2025-12-09,2719.50,2757.50,2681.00,2691.00,2497600,https://stooq.com/q/d/l/?s=1803.jp&i=d,2026-03-26T08:35:00+00:00
1803,1803.T,1803.jp,2025-12-10,2722.00,2747.50,2700.00,2704.00,2203500,https://stooq.com/q/d/l/?s=1803.jp&i=d,2026-03-26T08:35:00+00:00
1803,1803.T,1803.jp,2025-12-11,2717.00,2717.50,2643.00,2645.00,1997700,https://stooq.com/q/d/l/?s=1803.jp&i=d,2026-03-26T08:35:00+00:00
1803,1803.T,1803.jp,2025-12-12,2676.50,2686.50,2657.00,2672.00,2580600,https://stooq.com/q/d/l/?s=1803.jp&i=d,2026-03-26T08:35:00+00:00
1803,1803.T,1803.jp,2025-12-15,2665.00,2720.00,2654.50,2702.50,1973300,https://stooq.com/q/d/l/?s=1803.jp&i=d,2026-03-26T08:35:00+00:00
1803,1803.T,1803.jp,2025-12-16,2690.00,2693.50,2658.50,2659.00,1775100,https://stooq.com/q/d/l/?s=1803.jp&i=d,2026-03-26T08:35:00+00:00
1803,1803.T,1803.jp,2025-12-17,2656.50,2673.50,2574.50,2664.00,2413000,https://stooq.com/q/d/l/?s=1803.jp&i=d,2026-03-26T08:35:00+00:00
1803,1803.T,1803.jp,2025-12-18,2634.50,2672.00,2611.00,2637.00,1523800,https://stooq.com/q/d/l/?s=1803.jp&i=d,2026-03-26T08:35:00+00:00
1803,1803.T,1803.jp,2025-12-19,2640.00,2719.00,2614.00,2700.00,3308200,https://stooq.com/q/d/l/?s=1803.jp&i=d,2026-03-26T08:35:00+00:00
1803,1803.T,1803.jp,2025-12-22,2715.00,2726.00,2657.50,2657.50,1648900,https://stooq.com/q/d/l/?s=1803.jp&i=d,2026-03-26T08:35:00+00:00
1803,1803.T,1803.jp,2025-12-23,2648.00,2669.50,2615.50,2668.00,1677100,https://stooq.com/q/d/l/?s=1803.jp&i=d,2026-03-26T08:35:00+00:00
1803,1803.T,1803.jp,2025-12-24,2681.00,2705.00,2665.00,2666.00,1550300,https://stooq.com/q/d/l/?s=1803.jp&i=d,2026-03-26T08:35:00+00:00
1803,1803.T,1803.jp,2025-12-25,2686.00,2689.00,2633.50,2679.50,1115200,https://stooq.com/q/d/l/?s=1803.jp&i=d,2026-03-26T08:35:00+00:00
1803,1803.T,1803.jp,2025-12-26,2698.50,2722.50,2660.50,2669.50,1391300,https://stooq.com/q/d/l/?s=1803.jp&i=d,2026-03-26T08:35:00+00:00
1803,1803.T,1803.jp,2025-12-29,2670.00,2714.00,2667.00,2699.00,1286500,https://stooq.com/q/d/l/?s=1803.jp&i=d,2026-03-26T08:35:00+00:00
1803,1803.T,1803.jp,2025-12-30,2700.00,2717.00,2668.50,2668.50,1298900,https://stooq.com/q/d/l/?s=1803.jp&i=d,2026-03-26T08:35:00+00:00
1803,1803.T,1803.jp,2026-01-05,2710.00,2773.00,2680.50,2728.00,2088400,https://stooq.com/q/d/l/?s=1803.jp&i=d,2026-03-26T08:35:00+00:00
1803,1803.T,1803.jp,2026-01-06,2745.50,2785.00,2706.00,2776.00,2444400,https://stooq.com/q/d/l/?s=1803.jp&i=d,2026-03-26T08:35:00+00:00
1803,1803.T,1803.jp,2026-01-07,2727.00,2759.50,2707.00,2730.00,1791500,https://stooq.com/q/d/l/?s=1803.jp&i=d,2026-03-26T08:35:00+00:00
1803,1803.T,1803.jp,2026-01-08,2738.50,2825.00,2737.50,2763.00,2420600,https://stooq.com/q/d/l/?s=1803.jp&i=d,2026-03-26T08:35:00+00:00
1803,1803.T,1803.jp,2026-01-09,2757.50,2796.00,2718.50,2795.00,2027900,https://stooq.com/q/d/l/?s=1803.jp&i=d,2026-03-26T08:35:00+00:00
1803,1803.T,1803.jp,2026-01-13,2920.00,2920.00,2835.50,2839.00,2747800,https://stooq.com/q/d/l/?s=1803.jp&i=d,2026-03-26T08:35:00+00:00
1803,1803.T,1803.jp,2026-01-14,2870.00,2909.00,2842.00,2895.50,2153000,https://stooq.com/q/d/l/?s=1803.jp&i=d,2026-03-26T08:35:00+00:00
1803,1803.T,1803.jp,2026-01-15,2908.00,2943.50,2885.00,2906.50,2304400,https://stooq.com/q/d/l/?s=1803.jp&i=d,2026-03-26T08:35:00+00:00
1803,1803.T,1803.jp,2026-01-16,2886.00,2943.50,2874.50,2918.50,2432900,https://stooq.com/q/d/l/?s=1803.jp&i=d,2026-03-26T08:35:00+00:00
1803,1803.T,1803.jp,2026-01-19,2883.50,2918.00,2822.50,2847.50,1905600,https://stooq.com/q/d/l/?s=1803.jp&i=d,2026-03-26T08:35:00+00:00
1803,1803.T,1803.jp,2026-01-20,2845.00,2847.50,2780.00,2780.00,2216000,https://stooq.com/q/d/l/?s=1803.jp&i=d,2026-03-26T08:35:00+00:00
1803,1803.T,1803.jp,2026-01-21,2730.00,2815.00,2712.50,2794.50,2190200,https://stooq.com/q/d/l/?s=1803.jp&i=d,2026-03-26T08:35:00+00:00
1803,1803.T,1803.jp,2026-01-22,2805.50,2818.00,2736.50,2778.50,2700500,https://stooq.com/q/d/l/?s=1803.jp&i=d,2026-03-26T08:35:00+00:00
1803,1803.T,1803.jp,2026-01-23,2795.00,2848.00,2780.00,2805.00,1879800,https://stooq.com/q/d/l/?s=1803.jp&i=d,2026-03-26T08:35:00+00:00
1803,1803.T,1803.jp,2026-01-26,2722.00,2750.00,2709.00,2709.00,2061000,https://stooq.com/q/d/l/?s=1803.jp&i=d,2026-03-26T08:35:00+00:00
1803,1803.T,1803.jp,2026-01-27,2700.00,2741.50,2661.50,2735.50,2428200,https://stooq.com/q/d/l/?s=1803.jp&i=d,2026-03-26T08:35:00+00:00
1803,1803.T,1803.jp,2026-01-28,2691.00,2737.00,2683.00,2712.00,1513400,https://stooq.com/q/d/l/?s=1803.jp&i=d,2026-03-26T08:35:00+00:00
1803,1803.T,1803.jp,2026-01-29,2697.00,2755.50,2666.50,2752.50,2163600,https://stooq.com/q/d/l/?s=1803.jp&i=d,2026-03-26T08:35:00+00:00
1803,1803.T,1803.jp,2026-01-30,2740.00,2759.50,2718.00,2738.50,1939200,https://stooq.com/q/d/l/?s=1803.jp&i=d,2026-03-26T08:35:00+00:00
1803,1803.T,1803.jp,2026-02-02,2800.00,2833.00,2730.00,2730.00,2246700,https://stooq.com/q/d/l/?s=1803.jp&i=d,2026-03-26T08:35:00+00:00
1803,1803.T,1803.jp,2026-02-03,2815.00,2906.50,2805.50,2905.50,2725400,https://stooq.com/q/d/l/?s=1803.jp&i=d,2026-03-26T08:35:00+00:00
1803,1803.T,1803.jp,2026-02-04,2900.00,2963.00,2882.00,2939.00,3469800,https://stooq.com/q/d/l/?s=1803.jp&i=d,2026-03-26T08:35:00+00:00
1803,1803.T,1803.jp,2026-02-05,2942.50,3253.00,2867.00,3170.00,11150900,https://stooq.com/q/d/l/?s=1803.jp&i=d,2026-03-26T08:35:00+00:00
1803,1803.T,1803.jp,2026-02-06,3204.00,3414.00,3199.00,3319.00,8508100,https://stooq.com/q/d/l/?s=1803.jp&i=d,2026-03-26T08:35:00+00:00
1803,1803.T,1803.jp,2026-02-09,3426.00,3582.00,3391.00,3443.00,6282600,https://stooq.com/q/d/l/?s=1803.jp&i=d,2026-03-26T08:35:00+00:00
1803,1803.T,1803.jp,2026-02-10,3450.00,3537.00,3445.00,3518.00,3253800,https://stooq.com/q/d/l/?s=1803.jp&i=d,2026-03-26T08:35:00+00:00
1803,1803.T,1803.jp,2026-02-12,3540.00,3552.00,3409.00,3460.00,5240300,https://stooq.com/q/d/l/?s=1803.jp&i=d,2026-03-26T08:35:00+00:00
1803,1803.T,1803.jp,2026-02-13,3409.00,3459.00,3304.00,3320.00,4697100,https://stooq.com/q/d/l/?s=1803.jp&i=d,2026-03-26T08:35:00+00:00
1803,1803.T,1803.jp,2026-02-16,3350.00,3356.00,3212.00,3220.00,3222700,https://stooq.com/q/d/l/?s=1803.jp&i=d,2026-03-26T08:35:00+00:00
1803,1803.T,1803.jp,2026-02-17,3280.00,3334.00,3245.00,3271.00,2969200,https://stooq.com/q/d/l/?s=1803.jp&i=d,2026-03-26T08:35:00+00:00
1803,1803.T,1803.jp,2026-02-18,3278.00,3421.00,3278.00,3407.00,3142200,https://stooq.com/q/d/l/?s=1803.jp&i=d,2026-03-26T08:35:00+00:00
1803,1803.T,1803.jp,2026-02-19,3414.00,3493.00,3377.00,3483.00,2870300,https://stooq.com/q/d/l/?s=1803.jp&i=d,2026-03-26T08:35:00+00:00
1803,1803.T,1803.jp,2026-02-20,3485.00,3532.00,3432.00,3452.00,3134200,https://stooq.com/q/d/l/?s=1803.jp&i=d,2026-03-26T08:35:00+00:00
1803,1803.T,1803.jp,2026-02-24,3440.00,3499.00,3343.00,3490.00,3780800,https://stooq.com/q/d/l/?s=1803.jp&i=d,2026-03-26T08:35:00+00:00
1803,1803.T,1803.jp,2026-02-25,3500.00,3511.00,3431.00,3463.00,3762500,https://stooq.com/q/d/l/?s=1803.jp&i=d,2026-03-26T08:35:00+00:00
1803,1803.T,1803.jp,2026-02-26,3472.00,3480.00,3405.00,3416.00,4339800,https://stooq.com/q/d/l/?s=1803.jp&i=d,2026-03-26T08:35:00+00:00
1803,1803.T,1803.jp,2026-02-27,3486.00,3548.00,3417.00,3493.00,34224000,https://stooq.com/q/d/l/?s=1803.jp&i=d,2026-03-26T08:35:00+00:00
1803,1803.T,1803.jp,2026-03-02,3388.00,3587.00,3357.00,3578.00,3376300,https://stooq.com/q/d/l/?s=1803.jp&i=d,2026-03-26T08:35:00+00:00
1803,1803.T,1803.jp,2026-03-03,3581.00,3618.00,3495.00,3515.00,3998300,https://stooq.com/q/d/l/?s=1803.jp&i=d,2026-03-26T08:35:00+00:00
1803,1803.T,1803.jp,2026-03-04,3498.00,3549.00,3250.00,3330.00,5270500,https://stooq.com/q/d/l/?s=1803.jp&i=d,2026-03-26T08:35:00+00:00
1803,1803.T,1803.jp,2026-03-05,3468.00,3492.00,3297.00,3344.00,3791300,https://stooq.com/q/d/l/?s=1803.jp&i=d,2026-03-26T08:35:00+00:00
1803,1803.T,1803.jp,2026-03-06,3277.00,3298.00,3207.00,3278.00,3830900,https://stooq.com/q/d/l/?s=1803.jp&i=d,2026-03-26T08:35:00+00:00
1803,1803.T,1803.jp,2026-03-09,2982.00,3068.00,2930.50,3063.00,5072700,https://stooq.com/q/d/l/?s=1803.jp&i=d,2026-03-26T08:35:00+00:00
1803,1803.T,1803.jp,2026-03-10,3150.00,3200.00,3087.00,3160.00,3396200,https://stooq.com/q/d/l/?s=1803.jp&i=d,2026-03-26T08:35:00+00:00
1803,1803.T,1803.jp,2026-03-11,3230.00,3259.00,3160.00,3179.00,2553000,https://stooq.com/q/d/l/?s=1803.jp&i=d,2026-03-26T08:35:00+00:00
1803,1803.T,1803.jp,2026-03-12,3148.00,3178.00,3086.00,3117.00,2598400,https://stooq.com/q/d/l/?s=1803.jp&i=d,2026-03-26T08:35:00+00:00
1803,1803.T,1803.jp,2026-03-13,3060.00,3163.00,3050.00,3114.00,2582000,https://stooq.com/q/d/l/?s=1803.jp&i=d,2026-03-26T08:35:00+00:00
1803,1803.T,1803.jp,2026-03-16,3090.00,3106.00,3000.00,3011.00,4894200,https://stooq.com/q/d/l/?s=1803.jp&i=d,2026-03-26T08:35:00+00:00
1803,1803.T,1803.jp,2026-03-17,3024.00,3089.00,3012.00,3016.00,4669100,https://stooq.com/q/d/l/?s=1803.jp&i=d,2026-03-26T08:35:00+00:00
1803,1803.T,1803.jp,2026-03-18,3031.00,3092.00,3008.00,3092.00,2762700,https://stooq.com/q/d/l/?s=1803.jp&i=d,2026-03-26T08:35:00+00:00
1803,1803.T,1803.jp,2026-03-19,2966.00,2977.50,2900.00,2900.00,9918600,https://stooq.com/q/d/l/?s=1803.jp&i=d,2026-03-26T08:35:00+00:00
1803,1803.T,1803.jp,2026-03-23,2817.00,2824.00,2701.50,2743.50,5301400,https://stooq.com/q/d/l/?s=1803.jp&i=d,2026-03-26T08:35:00+00:00
1803,1803.T,1803.jp,2026-03-24,2793.50,2834.00,2761.00,2830.00,3870600,https://stooq.com/q/d/l/?s=1803.jp&i=d,2026-03-26T08:35:00+00:00
1803,1803.T,1803.jp,2026-03-25,2900.00,2979.50,2894.50,2976.00,4313600,https://stooq.com/q/d/l/?s=1803.jp&i=d,2026-03-26T08:35:00+00:00
