code,ticker_tse,symbol_stooq,date,open,high,low,close,volume,source,fetched_at
2502,2502.T,2502.jp,1999-04-06,400.62,401.89,394.73,401.89,4265860,https://stooq.com/q/d/l/?s=2502.jp&i=d,2026-03-26T08:35:00+00:00
2502,2502.T,2502.jp,1999-04-07,400.62,400.87,394.73,398.57,4363515,https://stooq.com/q/d/l/?s=2502.jp&i=d,2026-03-26T08:35:00+00:00
2502,2502.T,2502.jp,1999-04-08,394.22,396.78,392.94,393.20,3172052,https://stooq.com/q/d/l/?s=2502.jp&i=d,2026-03-26T08:35:00+00:00
2502,2502.T,2502.jp,1999-04-09,404.97,404.97,392.94,393.45,9617709,https://stooq.com/q/d/l/?s=2502.jp&i=d,2026-03-26T08:35:00+00:00
2502,2502.T,2502.jp,1999-04-12,393.45,395.49,392.69,393.20,5574524,https://stooq.com/q/d/l/?s=2502.jp&i=d,2026-03-26T08:35:00+00:00
2502,2502.T,2502.jp,1999-04-13,394.47,395.00,393.70,393.97,3879120,https://stooq.com/q/d/l/?s=2502.jp&i=d,2026-03-26T08:35:00+00:00
2502,2502.T,2502.jp,1999-04-14,396.78,401.89,394.22,401.89,5058867,https://stooq.com/q/d/l/?s=2502.jp&i=d,2026-03-26T08:35:00+00:00
2502,2502.T,2502.jp,1999-04-15,400.62,404.19,399.85,402.92,3398624,https://stooq.com/q/d/l/?s=2502.jp&i=d,2026-03-26T08:35:00+00:00
2502,2502.T,2502.jp,1999-04-16,404.46,406.76,401.89,401.89,4590094,https://stooq.com/q/d/l/?s=2502.jp&i=d,2026-03-26T08:35:00+00:00
2502,2502.T,2502.jp,1999-04-19,401.89,404.46,399.33,404.46,3285340,https://stooq.com/q/d/l/?s=2502.jp&i=d,2026-03-26T08:35:00+00:00
2502,2502.T,2502.jp,1999-04-20,401.89,405.74,401.64,402.67,5512017,https://stooq.com/q/d/l/?s=2502.jp&i=d,2026-03-26T08:35:00+00:00
2502,2502.T,2502.jp,1999-04-21,404.46,405.49,402.67,404.19,3941623,https://stooq.com/q/d/l/?s=2502.jp&i=d,2026-03-26T08:35:00+00:00
2502,2502.T,2502.jp,1999-04-22,406.76,406.76,401.64,403.18,2804841,https://stooq.com/q/d/l/?s=2502.jp&i=d,2026-03-26T08:35:00+00:00
2502,2502.T,2502.jp,1999-04-23,404.19,413.42,403.69,413.42,4547130,https://stooq.com/q/d/l/?s=2502.jp&i=d,2026-03-26T08:35:00+00:00
2502,2502.T,2502.jp,1999-04-26,413.42,414.44,411.63,411.63,2777496,https://stooq.com/q/d/l/?s=2502.jp&i=d,2026-03-26T08:35:00+00:00
2502,2502.T,2502.jp,1999-04-27,410.86,412.13,404.72,407.02,2871251,https://stooq.com/q/d/l/?s=2502.jp&i=d,2026-03-26T08:35:00+00:00
2502,2502.T,2502.jp,1999-04-28,407.02,409.06,397.29,401.64,3425966,https://stooq.com/q/d/l/?s=2502.jp&i=d,2026-03-26T08:35:00+00:00
2502,2502.T,2502.jp,1999-04-30,402.42,404.19,398.31,398.31,2843906,https://stooq.com/q/d/l/?s=2502.jp&i=d,2026-03-26T08:35:00+00:00
2502,2502.T,2502.jp,1999-05-06,411.37,412.91,406.51,412.65,4148670,https://stooq.com/q/d/l/?s=2502.jp&i=d,2026-03-26T08:35:00+00:00
2502,2502.T,2502.jp,1999-05-07,412.13,412.65,400.11,401.89,4594004,https://stooq.com/q/d/l/?s=2502.jp&i=d,2026-03-26T08:35:00+00:00
2502,2502.T,2502.jp,1999-05-10,402.16,404.72,400.11,403.44,2851715,https://stooq.com/q/d/l/?s=2502.jp&i=d,2026-03-26T08:35:00+00:00
2502,2502.T,2502.jp,1999-05-11,401.89,402.92,397.29,397.29,2515762,https://stooq.com/q/d/l/?s=2502.jp&i=d,2026-03-26T08:35:00+00:00
2502,2502.T,2502.jp,1999-05-12,401.38,409.59,401.13,407.78,2433726,https://stooq.com/q/d/l/?s=2502.jp&i=d,2026-03-26T08:35:00+00:00
2502,2502.T,2502.jp,1999-05-13,403.44,403.69,399.60,401.38,1035207,https://stooq.com/q/d/l/?s=2502.jp&i=d,2026-03-26T08:35:00+00:00
2502,2502.T,2502.jp,1999-05-14,401.38,404.46,398.31,398.57,5113564,https://stooq.com/q/d/l/?s=2502.jp&i=d,2026-03-26T08:35:00+00:00
2502,2502.T,2502.jp,1999-05-17,398.57,403.18,398.06,402.16,2570456,https://stooq.com/q/d/l/?s=2502.jp&i=d,2026-03-26T08:35:00+00:00
2502,2502.T,2502.jp,1999-05-18,403.94,405.49,400.87,403.44,2554827,https://stooq.com/q/d/l/?s=2502.jp&i=d,2026-03-26T08:35:00+00:00
2502,2502.T,2502.jp,1999-05-19,400.87,401.89,393.70,395.75,3656451,https://stooq.com/q/d/l/?s=2502.jp&i=d,2026-03-26T08:35:00+00:00
2502,2502.T,2502.jp,1999-05-20,397.03,399.09,391.65,393.20,2875164,https://stooq.com/q/d/l/?s=2502.jp&i=d,2026-03-26T08:35:00+00:00
2502,2502.T,2502.jp,1999-05-21,394.22,396.52,391.65,394.22,1855569,https://stooq.com/q/d/l/?s=2502.jp&i=d,2026-03-26T08:35:00+00:00
2502,2502.T,2502.jp,1999-05-24,391.65,397.55,391.65,394.47,898487,https://stooq.com/q/d/l/?s=2502.jp&i=d,2026-03-26T08:35:00+00:00
2502,2502.T,2502.jp,1999-05-25,396.78,403.69,396.78,401.89,1750094,https://stooq.com/q/d/l/?s=2502.jp&i=d,2026-03-26T08:35:00+00:00
2502,2502.T,2502.jp,1999-05-26,396.78,403.18,396.78,400.11,1515703,https://stooq.com/q/d/l/?s=2502.jp&i=d,2026-03-26T08:35:00+00:00
2502,2502.T,2502.jp,1999-05-27,401.89,402.67,398.06,401.64,2390755,https://stooq.com/q/d/l/?s=2502.jp&i=d,2026-03-26T08:35:00+00:00
2502,2502.T,2502.jp,1999-05-28,396.52,396.52,392.94,393.45,1804788,https://stooq.com/q/d/l/?s=2502.jp&i=d,2026-03-26T08:35:00+00:00
2502,2502.T,2502.jp,1999-05-31,396.52,403.69,393.45,403.69,1804788,https://stooq.com/q/d/l/?s=2502.jp&i=d,2026-03-26T08:35:00+00:00
2502,2502.T,2502.jp,1999-06-01,401.64,403.69,396.78,403.44,1839940,https://stooq.com/q/d/l/?s=2502.jp&i=d,2026-03-26T08:35:00+00:00
2502,2502.T,2502.jp,1999-06-02,399.09,401.13,396.78,401.13,1640713,https://stooq.com/q/d/l/?s=2502.jp&i=d,2026-03-26T08:35:00+00:00
2502,2502.T,2502.jp,1999-06-03,397.80,398.06,389.10,392.17,3699415,https://stooq.com/q/d/l/?s=2502.jp&i=d,2026-03-26T08:35:00+00:00
2502,2502.T,2502.jp,1999-06-04,389.87,394.22,389.35,393.97,2566543,https://stooq.com/q/d/l/?s=2502.jp&i=d,2026-03-26T08:35:00+00:00
2502,2502.T,2502.jp,1999-06-07,390.38,390.89,383.47,386.29,4254141,https://stooq.com/q/d/l/?s=2502.jp&i=d,2026-03-26T08:35:00+00:00
2502,2502.T,2502.jp,1999-06-08,387.05,390.38,385.26,387.82,3972875,https://stooq.com/q/d/l/?s=2502.jp&i=d,2026-03-26T08:35:00+00:00
2502,2502.T,2502.jp,1999-06-09,386.55,388.33,385.26,386.55,3738480,https://stooq.com/q/d/l/?s=2502.jp&i=d,2026-03-26T08:35:00+00:00
2502,2502.T,2502.jp,1999-06-10,391.15,401.38,388.07,396.26,5582334,https://stooq.com/q/d/l/?s=2502.jp&i=d,2026-03-26T08:35:00+00:00
2502,2502.T,2502.jp,1999-06-11,391.15,401.13,391.15,396.52,14367969,https://stooq.com/q/d/l/?s=2502.jp&i=d,2026-03-26T08:35:00+00:00
2502,2502.T,2502.jp,1999-06-14,396.52,399.33,395.49,396.78,4234602,https://stooq.com/q/d/l/?s=2502.jp&i=d,2026-03-26T08:35:00+00:00
2502,2502.T,2502.jp,1999-06-15,398.83,400.62,397.80,399.33,3132981,https://stooq.com/q/d/l/?s=2502.jp&i=d,2026-03-26T08:35:00+00:00
2502,2502.T,2502.jp,1999-06-16,399.33,401.38,398.06,400.37,3035329,https://stooq.com/q/d/l/?s=2502.jp&i=d,2026-03-26T08:35:00+00:00
2502,2502.T,2502.jp,1999-06-17,401.64,402.42,399.33,400.11,2183705,https://stooq.com/q/d/l/?s=2502.jp&i=d,2026-03-26T08:35:00+00:00
2502,2502.T,2502.jp,1999-06-18,401.89,402.42,400.11,400.11,2464978,https://stooq.com/q/d/l/?s=2502.jp&i=d,2026-03-26T08:35:00+00:00
2502,2502.T,2502.jp,1999-06-21,400.11,400.62,392.94,395.49,2207148,https://stooq.com/q/d/l/?s=2502.jp&i=d,2026-03-26T08:35:00+00:00
2502,2502.T,2502.jp,1999-06-22,399.33,399.33,392.94,395.49,2336061,https://stooq.com/q/d/l/?s=2502.jp&i=d,2026-03-26T08:35:00+00:00
2502,2502.T,2502.jp,1999-06-23,392.17,392.69,385.26,385.26,4246321,https://stooq.com/q/d/l/?s=2502.jp&i=d,2026-03-26T08:35:00+00:00
2502,2502.T,2502.jp,1999-06-24,387.82,394.22,386.80,391.15,2718902,https://stooq.com/q/d/l/?s=2502.jp&i=d,2026-03-26T08:35:00+00:00
2502,2502.T,2502.jp,1999-06-25,389.10,391.15,383.97,384.48,2785315,https://stooq.com/q/d/l/?s=2502.jp&i=d,2026-03-26T08:35:00+00:00
2502,2502.T,2502.jp,1999-06-28,386.29,391.65,386.03,389.10,1304760,https://stooq.com/q/d/l/?s=2502.jp&i=d,2026-03-26T08:35:00+00:00
2502,2502.T,2502.jp,1999-06-29,388.33,389.87,386.55,389.87,1136779,https://stooq.com/q/d/l/?s=2502.jp&i=d,2026-03-26T08:35:00+00:00
2502,2502.T,2502.jp,1999-06-30,390.12,391.15,385.26,385.52,2445442,https://stooq.com/q/d/l/?s=2502.jp&i=d,2026-03-26T08:35:00+00:00
2502,2502.T,2502.jp,1999-07-01,390.38,391.15,386.55,386.55,2023540,https://stooq.com/q/d/l/?s=2502.jp&i=d,2026-03-26T08:35:00+00:00
2502,2502.T,2502.jp,1999-07-02,386.80,388.33,384.24,384.24,2007918,https://stooq.com/q/d/l/?s=2502.jp&i=d,2026-03-26T08:35:00+00:00
2502,2502.T,2502.jp,1999-07-05,385.77,396.78,384.74,395.49,4457281,https://stooq.com/q/d/l/?s=2502.jp&i=d,2026-03-26T08:35:00+00:00
2502,2502.T,2502.jp,1999-07-06,396.78,400.37,395.75,397.29,6308937,https://stooq.com/q/d/l/?s=2502.jp&i=d,2026-03-26T08:35:00+00:00
2502,2502.T,2502.jp,1999-07-07,397.55,398.31,395.24,396.01,3390811,https://stooq.com/q/d/l/?s=2502.jp&i=d,2026-03-26T08:35:00+00:00
2502,2502.T,2502.jp,1999-07-08,396.01,396.26,390.12,396.26,1808695,https://stooq.com/q/d/l/?s=2502.jp&i=d,2026-03-26T08:35:00+00:00
2502,2502.T,2502.jp,1999-07-09,395.49,398.06,390.38,396.78,5152625,https://stooq.com/q/d/l/?s=2502.jp&i=d,2026-03-26T08:35:00+00:00
2502,2502.T,2502.jp,1999-07-12,390.89,398.31,390.89,396.26,2593895,https://stooq.com/q/d/l/?s=2502.jp&i=d,2026-03-26T08:35:00+00:00
2502,2502.T,2502.jp,1999-07-13,390.38,394.22,389.10,389.87,1445390,https://stooq.com/q/d/l/?s=2502.jp&i=d,2026-03-26T08:35:00+00:00
2502,2502.T,2502.jp,1999-07-14,389.87,393.20,388.33,388.33,2097780,https://stooq.com/q/d/l/?s=2502.jp&i=d,2026-03-26T08:35:00+00:00
2502,2502.T,2502.jp,1999-07-15,387.82,394.73,385.26,393.97,2582169,https://stooq.com/q/d/l/?s=2502.jp&i=d,2026-03-26T08:35:00+00:00
2502,2502.T,2502.jp,1999-07-16,391.65,393.45,385.26,385.26,2171993,https://stooq.com/q/d/l/?s=2502.jp&i=d,2026-03-26T08:35:00+00:00
2502,2502.T,2502.jp,1999-07-19,387.05,392.69,387.05,391.65,1699314,https://stooq.com/q/d/l/?s=2502.jp&i=d,2026-03-26T08:35:00+00:00
2502,2502.T,2502.jp,1999-07-21,390.38,395.00,389.61,393.97,2793111,https://stooq.com/q/d/l/?s=2502.jp&i=d,2026-03-26T08:35:00+00:00
2502,2502.T,2502.jp,1999-07-22,393.97,394.73,385.52,386.55,2375133,https://stooq.com/q/d/l/?s=2502.jp&i=d,2026-03-26T08:35:00+00:00
2502,2502.T,2502.jp,1999-07-23,386.03,389.35,383.97,387.05,2539198,https://stooq.com/q/d/l/?s=2502.jp&i=d,2026-03-26T08:35:00+00:00
2502,2502.T,2502.jp,1999-07-26,387.31,391.65,386.55,387.82,1312573,https://stooq.com/q/d/l/?s=2502.jp&i=d,2026-03-26T08:35:00+00:00
2502,2502.T,2502.jp,1999-07-27,385.52,387.82,383.97,385.00,2797025,https://stooq.com/q/d/l/?s=2502.jp&i=d,2026-03-26T08:35:00+00:00
2502,2502.T,2502.jp,1999-07-28,388.07,392.17,385.26,387.05,2218874,https://stooq.com/q/d/l/?s=2502.jp&i=d,2026-03-26T08:35:00+00:00
2502,2502.T,2502.jp,1999-07-29,386.29,386.29,378.86,380.65,3082200,https://stooq.com/q/d/l/?s=2502.jp&i=d,2026-03-26T08:35:00+00:00
2502,2502.T,2502.jp,1999-07-30,380.40,383.97,380.15,383.72,2988442,https://stooq.com/q/d/l/?s=2502.jp&i=d,2026-03-26T08:35:00+00:00
2502,2502.T,2502.jp,1999-08-02,380.15,383.47,378.86,380.65,2183705,https://stooq.com/q/d/l/?s=2502.jp&i=d,2026-03-26T08:35:00+00:00
2502,2502.T,2502.jp,1999-08-03,387.82,390.64,385.77,390.38,5351859,https://stooq.com/q/d/l/?s=2502.jp&i=d,2026-03-26T08:35:00+00:00
2502,2502.T,2502.jp,1999-08-04,390.38,393.70,389.10,391.65,3765829,https://stooq.com/q/d/l/?s=2502.jp&i=d,2026-03-26T08:35:00+00:00
2502,2502.T,2502.jp,1999-08-05,383.97,386.55,378.86,379.38,4156479,https://stooq.com/q/d/l/?s=2502.jp&i=d,2026-03-26T08:35:00+00:00
2502,2502.T,2502.jp,1999-08-06,383.97,391.65,380.91,390.12,5019799,https://stooq.com/q/d/l/?s=2502.jp&i=d,2026-03-26T08:35:00+00:00
2502,2502.T,2502.jp,1999-08-09,394.22,400.11,391.65,398.31,15266464,https://stooq.com/q/d/l/?s=2502.jp&i=d,2026-03-26T08:35:00+00:00
2502,2502.T,2502.jp,1999-08-10,406.00,406.00,399.33,404.46,11102168,https://stooq.com/q/d/l/?s=2502.jp&i=d,2026-03-26T08:35:00+00:00
2502,2502.T,2502.jp,1999-08-11,403.94,407.52,402.42,405.23,7242583,https://stooq.com/q/d/l/?s=2502.jp&i=d,2026-03-26T08:35:00+00:00
2502,2502.T,2502.jp,1999-08-12,404.46,409.06,403.44,407.27,6164397,https://stooq.com/q/d/l/?s=2502.jp&i=d,2026-03-26T08:35:00+00:00
2502,2502.T,2502.jp,1999-08-13,407.02,412.13,404.46,405.74,13180409,https://stooq.com/q/d/l/?s=2502.jp&i=d,2026-03-26T08:35:00+00:00
2502,2502.T,2502.jp,1999-08-16,408.29,411.63,407.02,409.59,4222889,https://stooq.com/q/d/l/?s=2502.jp&i=d,2026-03-26T08:35:00+00:00
2502,2502.T,2502.jp,1999-08-17,412.13,415.98,409.83,412.65,5324507,https://stooq.com/q/d/l/?s=2502.jp&i=d,2026-03-26T08:35:00+00:00
2502,2502.T,2502.jp,1999-08-18,412.65,416.49,409.59,410.86,4015846,https://stooq.com/q/d/l/?s=2502.jp&i=d,2026-03-26T08:35:00+00:00
2502,2502.T,2502.jp,1999-08-19,409.59,433.64,409.59,432.10,13379636,https://stooq.com/q/d/l/?s=2502.jp&i=d,2026-03-26T08:35:00+00:00
2502,2502.T,2502.jp,1999-08-20,447.97,451.31,443.62,447.97,18145528,https://stooq.com/q/d/l/?s=2502.jp&i=d,2026-03-26T08:35:00+00:00
2502,2502.T,2502.jp,1999-08-23,449.25,453.60,446.18,447.97,6738652,https://stooq.com/q/d/l/?s=2502.jp&i=d,2026-03-26T08:35:00+00:00
2502,2502.T,2502.jp,1999-08-24,447.72,447.72,439.27,443.11,5015899,https://stooq.com/q/d/l/?s=2502.jp&i=d,2026-03-26T08:35:00+00:00
2502,2502.T,2502.jp,1999-08-25,439.02,441.83,435.42,439.52,3613483,https://stooq.com/q/d/l/?s=2502.jp&i=d,2026-03-26T08:35:00+00:00
2502,2502.T,2502.jp,1999-08-26,441.57,447.46,439.52,444.14,4543216,https://stooq.com/q/d/l/?s=2502.jp&i=d,2026-03-26T08:35:00+00:00
2502,2502.T,2502.jp,1999-08-27,443.62,444.14,436.46,436.46,2937657,https://stooq.com/q/d/l/?s=2502.jp&i=d,2026-03-26T08:35:00+00:00
2502,2502.T,2502.jp,1999-08-30,441.31,444.90,436.97,444.38,1824321,https://stooq.com/q/d/l/?s=2502.jp&i=d,2026-03-26T08:35:00+00:00
2502,2502.T,2502.jp,1999-08-31,445.67,446.70,425.96,425.96,5676092,https://stooq.com/q/d/l/?s=2502.jp&i=d,2026-03-26T08:35:00+00:00
2502,2502.T,2502.jp,1999-09-01,430.05,442.34,428.01,440.03,4172098,https://stooq.com/q/d/l/?s=2502.jp&i=d,2026-03-26T08:35:00+00:00
2502,2502.T,2502.jp,1999-09-02,432.61,439.02,430.83,432.61,3293153,https://stooq.com/q/d/l/?s=2502.jp&i=d,2026-03-26T08:35:00+00:00
2502,2502.T,2502.jp,1999-09-03,422.63,427.49,420.58,424.94,4390864,https://stooq.com/q/d/l/?s=2502.jp&i=d,2026-03-26T08:35:00+00:00
2502,2502.T,2502.jp,1999-09-06,423.67,424.94,421.10,423.67,3254085,https://stooq.com/q/d/l/?s=2502.jp&i=d,2026-03-26T08:35:00+00:00
2502,2502.T,2502.jp,1999-09-07,422.63,423.67,419.31,420.33,4062721,https://stooq.com/q/d/l/?s=2502.jp&i=d,2026-03-26T08:35:00+00:00
2502,2502.T,2502.jp,1999-09-08,422.38,425.44,420.84,423.67,2754053,https://stooq.com/q/d/l/?s=2502.jp&i=d,2026-03-26T08:35:00+00:00
2502,2502.T,2502.jp,1999-09-09,423.67,425.71,420.33,425.71,3558789,https://stooq.com/q/d/l/?s=2502.jp&i=d,2026-03-26T08:35:00+00:00
2502,2502.T,2502.jp,1999-09-10,422.38,432.36,422.38,425.96,11152948,https://stooq.com/q/d/l/?s=2502.jp&i=d,2026-03-26T08:35:00+00:00
2502,2502.T,2502.jp,1999-09-13,430.83,440.03,425.96,435.18,3953332,https://stooq.com/q/d/l/?s=2502.jp&i=d,2026-03-26T08:35:00+00:00
2502,2502.T,2502.jp,1999-09-14,437.47,437.47,421.10,422.38,3398624,https://stooq.com/q/d/l/?s=2502.jp&i=d,2026-03-26T08:35:00+00:00
2502,2502.T,2502.jp,1999-09-16,420.58,420.58,396.78,405.74,5773751,https://stooq.com/q/d/l/?s=2502.jp&i=d,2026-03-26T08:35:00+00:00
2502,2502.T,2502.jp,1999-09-17,408.05,409.59,402.16,409.32,2828283,https://stooq.com/q/d/l/?s=2502.jp&i=d,2026-03-26T08:35:00+00:00
2502,2502.T,2502.jp,1999-09-20,409.32,409.59,405.74,406.51,1851662,https://stooq.com/q/d/l/?s=2502.jp&i=d,2026-03-26T08:35:00+00:00
2502,2502.T,2502.jp,1999-09-21,403.69,406.51,401.89,405.74,2593895,https://stooq.com/q/d/l/?s=2502.jp&i=d,2026-03-26T08:35:00+00:00
2502,2502.T,2502.jp,1999-09-22,398.06,400.37,394.22,398.06,3633009,https://stooq.com/q/d/l/?s=2502.jp&i=d,2026-03-26T08:35:00+00:00
2502,2502.T,2502.jp,1999-09-24,393.70,393.70,386.55,389.10,3058765,https://stooq.com/q/d/l/?s=2502.jp&i=d,2026-03-26T08:35:00+00:00
2502,2502.T,2502.jp,1999-09-27,386.55,389.35,380.65,384.48,3004074,https://stooq.com/q/d/l/?s=2502.jp&i=d,2026-03-26T08:35:00+00:00
2502,2502.T,2502.jp,1999-09-28,389.10,392.94,389.10,389.87,1742281,https://stooq.com/q/d/l/?s=2502.jp&i=d,2026-03-26T08:35:00+00:00
2502,2502.T,2502.jp,1999-09-29,391.65,404.19,391.65,399.60,1836040,https://stooq.com/q/d/l/?s=2502.jp&i=d,2026-03-26T08:35:00+00:00
2502,2502.T,2502.jp,1999-09-30,400.62,417.00,400.62,417.00,3273610,https://stooq.com/q/d/l/?s=2502.jp&i=d,2026-03-26T08:35:00+00:00
2502,2502.T,2502.jp,1999-10-01,406.00,414.18,404.46,404.46,2035263,https://stooq.com/q/d/l/?s=2502.jp&i=d,2026-03-26T08:35:00+00:00
2502,2502.T,2502.jp,1999-10-04,412.13,412.13,402.42,406.00,1601655,https://stooq.com/q/d/l/?s=2502.jp&i=d,2026-03-26T08:35:00+00:00
2502,2502.T,2502.jp,1999-10-05,406.51,410.86,397.03,402.92,1836040,https://stooq.com/q/d/l/?s=2502.jp&i=d,2026-03-26T08:35:00+00:00
2502,2502.T,2502.jp,1999-10-06,410.60,412.91,407.52,409.06,2312629,https://stooq.com/q/d/l/?s=2502.jp&i=d,2026-03-26T08:35:00+00:00
2502,2502.T,2502.jp,1999-10-07,415.98,416.49,406.00,412.13,1582116,https://stooq.com/q/d/l/?s=2502.jp&i=d,2026-03-26T08:35:00+00:00
2502,2502.T,2502.jp,1999-10-08,419.56,419.56,408.29,408.56,3402531,https://stooq.com/q/d/l/?s=2502.jp&i=d,2026-03-26T08:35:00+00:00
2502,2502.T,2502.jp,1999-10-12,409.59,412.13,408.80,409.06,2472788,https://stooq.com/q/d/l/?s=2502.jp&i=d,2026-03-26T08:35:00+00:00
2502,2502.T,2502.jp,1999-10-13,404.72,410.09,404.46,406.76,988329,https://stooq.com/q/d/l/?s=2502.jp&i=d,2026-03-26T08:35:00+00:00
2502,2502.T,2502.jp,1999-10-14,407.02,407.52,405.23,406.51,4176018,https://stooq.com/q/d/l/?s=2502.jp&i=d,2026-03-26T08:35:00+00:00
2502,2502.T,2502.jp,1999-10-15,407.27,409.59,393.20,399.33,3699415,https://stooq.com/q/d/l/?s=2502.jp&i=d,2026-03-26T08:35:00+00:00
2502,2502.T,2502.jp,1999-10-18,396.78,403.18,395.00,396.52,2586079,https://stooq.com/q/d/l/?s=2502.jp&i=d,2026-03-26T08:35:00+00:00
2502,2502.T,2502.jp,1999-10-19,404.19,405.49,400.11,401.38,5019799,https://stooq.com/q/d/l/?s=2502.jp&i=d,2026-03-26T08:35:00+00:00
2502,2502.T,2502.jp,1999-10-20,403.94,403.94,394.73,396.52,2101673,https://stooq.com/q/d/l/?s=2502.jp&i=d,2026-03-26T08:35:00+00:00
2502,2502.T,2502.jp,1999-10-21,395.49,396.52,390.12,396.52,2840003,https://stooq.com/q/d/l/?s=2502.jp&i=d,2026-03-26T08:35:00+00:00
2502,2502.T,2502.jp,1999-10-22,396.78,396.78,393.45,394.73,1621174,https://stooq.com/q/d/l/?s=2502.jp&i=d,2026-03-26T08:35:00+00:00
2502,2502.T,2502.jp,1999-10-25,392.69,396.52,390.64,392.43,2449356,https://stooq.com/q/d/l/?s=2502.jp&i=d,2026-03-26T08:35:00+00:00
2502,2502.T,2502.jp,1999-10-26,389.35,392.43,386.03,389.35,3906472,https://stooq.com/q/d/l/?s=2502.jp&i=d,2026-03-26T08:35:00+00:00
2502,2502.T,2502.jp,1999-10-27,381.68,386.55,380.40,384.74,4394770,https://stooq.com/q/d/l/?s=2502.jp&i=d,2026-03-26T08:35:00+00:00
2502,2502.T,2502.jp,1999-10-28,382.70,383.97,380.40,380.40,2496226,https://stooq.com/q/d/l/?s=2502.jp&i=d,2026-03-26T08:35:00+00:00
2502,2502.T,2502.jp,1999-10-29,383.97,383.97,379.62,379.62,3781455,https://stooq.com/q/d/l/?s=2502.jp&i=d,2026-03-26T08:35:00+00:00
2502,2502.T,2502.jp,1999-11-01,380.65,381.93,372.97,375.54,2832183,https://stooq.com/q/d/l/?s=2502.jp&i=d,2026-03-26T08:35:00+00:00
2502,2502.T,2502.jp,1999-11-02,375.54,375.79,368.63,370.41,2570456,https://stooq.com/q/d/l/?s=2502.jp&i=d,2026-03-26T08:35:00+00:00
2502,2502.T,2502.jp,1999-11-04,366.06,371.69,363.50,365.55,3316588,https://stooq.com/q/d/l/?s=2502.jp&i=d,2026-03-26T08:35:00+00:00
2502,2502.T,2502.jp,1999-11-05,358.37,359.40,344.30,348.91,6176117,https://stooq.com/q/d/l/?s=2502.jp&i=d,2026-03-26T08:35:00+00:00
2502,2502.T,2502.jp,1999-11-08,348.91,353.26,339.18,343.78,6500350,https://stooq.com/q/d/l/?s=2502.jp&i=d,2026-03-26T08:35:00+00:00
2502,2502.T,2502.jp,1999-11-09,343.78,343.78,330.73,331.76,6680048,https://stooq.com/q/d/l/?s=2502.jp&i=d,2026-03-26T08:35:00+00:00
2502,2502.T,2502.jp,1999-11-10,331.76,331.76,325.61,327.42,7336335,https://stooq.com/q/d/l/?s=2502.jp&i=d,2026-03-26T08:35:00+00:00
2502,2502.T,2502.jp,1999-11-11,325.10,327.42,316.65,318.96,5711251,https://stooq.com/q/d/l/?s=2502.jp&i=d,2026-03-26T08:35:00+00:00
2502,2502.T,2502.jp,1999-11-12,316.14,322.54,306.16,308.46,7504313,https://stooq.com/q/d/l/?s=2502.jp&i=d,2026-03-26T08:35:00+00:00
2502,2502.T,2502.jp,1999-11-15,308.46,317.42,305.90,314.35,4886979,https://stooq.com/q/d/l/?s=2502.jp&i=d,2026-03-26T08:35:00+00:00
2502,2502.T,2502.jp,1999-11-16,307.18,314.35,297.46,301.81,8941890,https://stooq.com/q/d/l/?s=2502.jp&i=d,2026-03-26T08:35:00+00:00
2502,2502.T,2502.jp,1999-11-17,304.36,309.74,299.76,305.90,5152625,https://stooq.com/q/d/l/?s=2502.jp&i=d,2026-03-26T08:35:00+00:00
2502,2502.T,2502.jp,1999-11-18,314.35,316.14,309.74,314.86,7418378,https://stooq.com/q/d/l/?s=2502.jp&i=d,2026-03-26T08:35:00+00:00
2502,2502.T,2502.jp,1999-11-19,314.86,314.86,308.46,308.46,3504092,https://stooq.com/q/d/l/?s=2502.jp&i=d,2026-03-26T08:35:00+00:00
2502,2502.T,2502.jp,1999-11-22,310.00,311.02,308.46,308.72,3468941,https://stooq.com/q/d/l/?s=2502.jp&i=d,2026-03-26T08:35:00+00:00
2502,2502.T,2502.jp,1999-11-24,307.18,308.72,299.51,305.39,3894753,https://stooq.com/q/d/l/?s=2502.jp&i=d,2026-03-26T08:35:00+00:00
2502,2502.T,2502.jp,1999-11-25,296.94,299.51,296.94,299.25,3902555,https://stooq.com/q/d/l/?s=2502.jp&i=d,2026-03-26T08:35:00+00:00
2502,2502.T,2502.jp,1999-11-26,299.51,304.11,299.25,299.51,5570611,https://stooq.com/q/d/l/?s=2502.jp&i=d,2026-03-26T08:35:00+00:00
2502,2502.T,2502.jp,1999-11-29,303.34,305.13,302.32,302.32,3531448,https://stooq.com/q/d/l/?s=2502.jp&i=d,2026-03-26T08:35:00+00:00
2502,2502.T,2502.jp,1999-11-30,307.18,309.74,305.90,308.46,4101785,https://stooq.com/q/d/l/?s=2502.jp&i=d,2026-03-26T08:35:00+00:00
2502,2502.T,2502.jp,1999-12-01,310.76,315.89,307.18,307.18,3847858,https://stooq.com/q/d/l/?s=2502.jp&i=d,2026-03-26T08:35:00+00:00
2502,2502.T,2502.jp,1999-12-02,309.74,312.30,306.67,307.18,4605720,https://stooq.com/q/d/l/?s=2502.jp&i=d,2026-03-26T08:35:00+00:00
2502,2502.T,2502.jp,1999-12-03,307.45,308.46,302.57,302.57,2968913,https://stooq.com/q/d/l/?s=2502.jp&i=d,2026-03-26T08:35:00+00:00
2502,2502.T,2502.jp,1999-12-06,305.90,306.67,303.34,304.62,3449401,https://stooq.com/q/d/l/?s=2502.jp&i=d,2026-03-26T08:35:00+00:00
2502,2502.T,2502.jp,1999-12-07,304.88,309.74,304.62,308.21,1949328,https://stooq.com/q/d/l/?s=2502.jp&i=d,2026-03-26T08:35:00+00:00
2502,2502.T,2502.jp,1999-12-08,308.21,313.32,307.18,307.18,3531448,https://stooq.com/q/d/l/?s=2502.jp&i=d,2026-03-26T08:35:00+00:00
2502,2502.T,2502.jp,1999-12-09,312.30,316.14,308.21,311.79,6879285,https://stooq.com/q/d/l/?s=2502.jp&i=d,2026-03-26T08:35:00+00:00
2502,2502.T,2502.jp,1999-12-10,314.35,318.70,313.58,317.42,16286052,https://stooq.com/q/d/l/?s=2502.jp&i=d,2026-03-26T08:35:00+00:00
2502,2502.T,2502.jp,1999-12-13,319.99,321.27,317.42,319.47,3500192,https://stooq.com/q/d/l/?s=2502.jp&i=d,2026-03-26T08:35:00+00:00
2502,2502.T,2502.jp,1999-12-14,317.67,324.59,317.17,319.99,4515867,https://stooq.com/q/d/l/?s=2502.jp&i=d,2026-03-26T08:35:00+00:00
2502,2502.T,2502.jp,1999-12-15,317.42,318.19,310.00,310.76,2468888,https://stooq.com/q/d/l/?s=2502.jp&i=d,2026-03-26T08:35:00+00:00
2502,2502.T,2502.jp,1999-12-16,308.72,310.51,302.06,307.18,2464978,https://stooq.com/q/d/l/?s=2502.jp&i=d,2026-03-26T08:35:00+00:00
2502,2502.T,2502.jp,1999-12-17,304.62,305.65,297.71,297.71,1855569,https://stooq.com/q/d/l/?s=2502.jp&i=d,2026-03-26T08:35:00+00:00
2502,2502.T,2502.jp,1999-12-20,297.96,304.62,293.61,294.38,3957239,https://stooq.com/q/d/l/?s=2502.jp&i=d,2026-03-26T08:35:00+00:00
2502,2502.T,2502.jp,1999-12-21,295.67,307.18,294.38,302.57,3058765,https://stooq.com/q/d/l/?s=2502.jp&i=d,2026-03-26T08:35:00+00:00
2502,2502.T,2502.jp,1999-12-22,302.57,305.90,294.90,299.51,1793062,https://stooq.com/q/d/l/?s=2502.jp&i=d,2026-03-26T08:35:00+00:00
2502,2502.T,2502.jp,1999-12-24,299.51,299.51,289.26,289.26,2847809,https://stooq.com/q/d/l/?s=2502.jp&i=d,2026-03-26T08:35:00+00:00
2502,2502.T,2502.jp,1999-12-27,290.54,296.18,289.26,295.67,882855,https://stooq.com/q/d/l/?s=2502.jp&i=d,2026-03-26T08:35:00+00:00
2502,2502.T,2502.jp,1999-12-28,290.54,295.67,286.71,286.71,1168037,https://stooq.com/q/d/l/?s=2502.jp&i=d,2026-03-26T08:35:00+00:00
2502,2502.T,2502.jp,1999-12-29,286.71,288.75,281.84,285.94,1613371,https://stooq.com/q/d/l/?s=2502.jp&i=d,2026-03-26T08:35:00+00:00
2502,2502.T,2502.jp,1999-12-30,284.65,291.31,284.15,286.19,1121153,https://stooq.com/q/d/l/?s=2502.jp&i=d,2026-03-26T08:35:00+00:00
2502,2502.T,2502.jp,2000-01-04,286.19,289.26,282.10,283.63,1117250,https://stooq.com/q/d/l/?s=2502.jp&i=d,2026-03-26T08:35:00+00:00
2502,2502.T,2502.jp,2000-01-05,283.63,291.06,279.28,281.33,3890829,https://stooq.com/q/d/l/?s=2502.jp&i=d,2026-03-26T08:35:00+00:00
2502,2502.T,2502.jp,2000-01-06,273.39,275.69,268.79,269.56,5754222,https://stooq.com/q/d/l/?s=2502.jp&i=d,2026-03-26T08:35:00+00:00
2502,2502.T,2502.jp,2000-01-07,276.46,280.31,271.61,280.31,7242583,https://stooq.com/q/d/l/?s=2502.jp&i=d,2026-03-26T08:35:00+00:00
2502,2502.T,2502.jp,2000-01-11,276.46,277.75,268.79,271.35,9434105,https://stooq.com/q/d/l/?s=2502.jp&i=d,2026-03-26T08:35:00+00:00
2502,2502.T,2502.jp,2000-01-12,271.35,278.77,271.35,273.14,11399059,https://stooq.com/q/d/l/?s=2502.jp&i=d,2026-03-26T08:35:00+00:00
2502,2502.T,2502.jp,2000-01-13,273.90,276.46,269.04,272.62,9938043,https://stooq.com/q/d/l/?s=2502.jp&i=d,2026-03-26T08:35:00+00:00
2502,2502.T,2502.jp,2000-01-14,276.46,283.38,274.93,283.38,21391797,https://stooq.com/q/d/l/?s=2502.jp&i=d,2026-03-26T08:35:00+00:00
2502,2502.T,2502.jp,2000-01-17,287.73,290.54,282.35,289.26,8812980,https://stooq.com/q/d/l/?s=2502.jp&i=d,2026-03-26T08:35:00+00:00
2502,2502.T,2502.jp,2000-01-18,286.71,286.71,279.02,281.58,5058867,https://stooq.com/q/d/l/?s=2502.jp&i=d,2026-03-26T08:35:00+00:00
2502,2502.T,2502.jp,2000-01-19,281.58,290.54,281.58,290.54,5308881,https://stooq.com/q/d/l/?s=2502.jp&i=d,2026-03-26T08:35:00+00:00
2502,2502.T,2502.jp,2000-01-20,285.42,285.42,276.46,281.33,7414464,https://stooq.com/q/d/l/?s=2502.jp&i=d,2026-03-26T08:35:00+00:00
2502,2502.T,2502.jp,2000-01-21,276.46,277.75,272.62,277.75,6234714,https://stooq.com/q/d/l/?s=2502.jp&i=d,2026-03-26T08:35:00+00:00
2502,2502.T,2502.jp,2000-01-24,275.19,279.79,272.62,272.62,4222889,https://stooq.com/q/d/l/?s=2502.jp&i=d,2026-03-26T08:35:00+00:00
2502,2502.T,2502.jp,2000-01-25,271.35,272.37,269.30,269.30,4972928,https://stooq.com/q/d/l/?s=2502.jp&i=d,2026-03-26T08:35:00+00:00
2502,2502.T,2502.jp,2000-01-26,270.58,270.58,268.27,269.30,5367481,https://stooq.com/q/d/l/?s=2502.jp&i=d,2026-03-26T08:35:00+00:00
2502,2502.T,2502.jp,2000-01-27,268.79,270.06,265.72,266.23,5562801,https://stooq.com/q/d/l/?s=2502.jp&i=d,2026-03-26T08:35:00+00:00
2502,2502.T,2502.jp,2000-01-28,268.53,269.81,266.48,268.79,4855741,https://stooq.com/q/d/l/?s=2502.jp&i=d,2026-03-26T08:35:00+00:00
2502,2502.T,2502.jp,2000-01-31,270.83,270.83,267.51,269.04,3820519,https://stooq.com/q/d/l/?s=2502.jp&i=d,2026-03-26T08:35:00+00:00
2502,2502.T,2502.jp,2000-02-01,272.62,273.90,268.79,273.64,5265910,https://stooq.com/q/d/l/?s=2502.jp&i=d,2026-03-26T08:35:00+00:00
2502,2502.T,2502.jp,2000-02-02,273.39,273.64,267.51,268.79,6859749,https://stooq.com/q/d/l/?s=2502.jp&i=d,2026-03-26T08:35:00+00:00
2502,2502.T,2502.jp,2000-02-03,268.79,270.32,266.99,267.51,4668220,https://stooq.com/q/d/l/?s=2502.jp&i=d,2026-03-26T08:35:00+00:00
2502,2502.T,2502.jp,2000-02-04,267.51,268.27,259.32,261.87,6410508,https://stooq.com/q/d/l/?s=2502.jp&i=d,2026-03-26T08:35:00+00:00
2502,2502.T,2502.jp,2000-02-07,263.67,266.99,261.10,261.87,3597858,https://stooq.com/q/d/l/?s=2502.jp&i=d,2026-03-26T08:35:00+00:00
2502,2502.T,2502.jp,2000-02-08,263.67,265.97,262.39,263.16,4531497,https://stooq.com/q/d/l/?s=2502.jp&i=d,2026-03-26T08:35:00+00:00
2502,2502.T,2502.jp,2000-02-09,263.67,263.67,259.32,263.67,6750375,https://stooq.com/q/d/l/?s=2502.jp&i=d,2026-03-26T08:35:00+00:00
2502,2502.T,2502.jp,2000-02-10,261.87,270.06,261.87,263.67,4719011,https://stooq.com/q/d/l/?s=2502.jp&i=d,2026-03-26T08:35:00+00:00
2502,2502.T,2502.jp,2000-02-14,266.99,270.58,265.20,266.23,3617383,https://stooq.com/q/d/l/?s=2502.jp&i=d,2026-03-26T08:35:00+00:00
2502,2502.T,2502.jp,2000-02-15,271.35,272.37,263.67,264.69,3304866,https://stooq.com/q/d/l/?s=2502.jp&i=d,2026-03-26T08:35:00+00:00
2502,2502.T,2502.jp,2000-02-16,268.53,270.58,263.67,265.72,3117358,https://stooq.com/q/d/l/?s=2502.jp&i=d,2026-03-26T08:35:00+00:00
2502,2502.T,2502.jp,2000-02-17,270.83,275.19,268.27,273.90,3394714,https://stooq.com/q/d/l/?s=2502.jp&i=d,2026-03-26T08:35:00+00:00
2502,2502.T,2502.jp,2000-02-18,269.04,270.83,268.27,269.81,4621342,https://stooq.com/q/d/l/?s=2502.jp&i=d,2026-03-26T08:35:00+00:00
2502,2502.T,2502.jp,2000-02-21,272.62,278.51,271.85,275.44,6113610,https://stooq.com/q/d/l/?s=2502.jp&i=d,2026-03-26T08:35:00+00:00
2502,2502.T,2502.jp,2000-02-22,279.02,280.31,276.46,278.00,4437748,https://stooq.com/q/d/l/?s=2502.jp&i=d,2026-03-26T08:35:00+00:00
2502,2502.T,2502.jp,2000-02-23,281.08,289.52,280.31,289.26,5578434,https://stooq.com/q/d/l/?s=2502.jp&i=d,2026-03-26T08:35:00+00:00
2502,2502.T,2502.jp,2000-02-24,290.54,290.54,281.84,286.19,3570502,https://stooq.com/q/d/l/?s=2502.jp&i=d,2026-03-26T08:35:00+00:00
2502,2502.T,2502.jp,2000-02-25,283.12,287.73,282.10,287.21,3105632,https://stooq.com/q/d/l/?s=2502.jp&i=d,2026-03-26T08:35:00+00:00
2502,2502.T,2502.jp,2000-02-28,284.15,284.15,278.77,279.53,3203301,https://stooq.com/q/d/l/?s=2502.jp&i=d,2026-03-26T08:35:00+00:00
2502,2502.T,2502.jp,2000-02-29,279.02,279.02,269.30,273.14,3453311,https://stooq.com/q/d/l/?s=2502.jp&i=d,2026-03-26T08:35:00+00:00
2502,2502.T,2502.jp,2000-03-01,269.56,271.09,264.44,265.97,5308881,https://stooq.com/q/d/l/?s=2502.jp&i=d,2026-03-26T08:35:00+00:00
2502,2502.T,2502.jp,2000-03-02,263.67,267.76,260.60,261.36,6312840,https://stooq.com/q/d/l/?s=2502.jp&i=d,2026-03-26T08:35:00+00:00
2502,2502.T,2502.jp,2000-03-03,258.54,262.13,256.50,258.03,7242583,https://stooq.com/q/d/l/?s=2502.jp&i=d,2026-03-26T08:35:00+00:00
2502,2502.T,2502.jp,2000-03-06,258.54,260.08,257.27,258.03,7242583,https://stooq.com/q/d/l/?s=2502.jp&i=d,2026-03-26T08:35:00+00:00
2502,2502.T,2502.jp,2000-03-07,259.83,266.74,258.80,263.92,8160600,https://stooq.com/q/d/l/?s=2502.jp&i=d,2026-03-26T08:35:00+00:00
2502,2502.T,2502.jp,2000-03-08,262.39,262.39,258.03,258.54,4043185,https://stooq.com/q/d/l/?s=2502.jp&i=d,2026-03-26T08:35:00+00:00
2502,2502.T,2502.jp,2000-03-09,259.32,260.60,258.54,259.06,3976782,https://stooq.com/q/d/l/?s=2502.jp&i=d,2026-03-26T08:35:00+00:00
2502,2502.T,2502.jp,2000-03-10,264.18,264.18,259.83,263.16,14789871,https://stooq.com/q/d/l/?s=2502.jp&i=d,2026-03-26T08:35:00+00:00
2502,2502.T,2502.jp,2000-03-13,263.67,266.74,259.32,261.87,5914390,https://stooq.com/q/d/l/?s=2502.jp&i=d,2026-03-26T08:35:00+00:00
2502,2502.T,2502.jp,2000-03-14,262.64,265.20,261.10,261.87,3445498,https://stooq.com/q/d/l/?s=2502.jp&i=d,2026-03-26T08:35:00+00:00
2502,2502.T,2502.jp,2000-03-15,260.08,263.67,257.27,258.54,4359612,https://stooq.com/q/d/l/?s=2502.jp&i=d,2026-03-26T08:35:00+00:00
2502,2502.T,2502.jp,2000-03-16,260.60,263.67,258.29,263.67,5691711,https://stooq.com/q/d/l/?s=2502.jp&i=d,2026-03-26T08:35:00+00:00
2502,2502.T,2502.jp,2000-03-17,263.67,263.67,259.32,262.39,3066571,https://stooq.com/q/d/l/?s=2502.jp&i=d,2026-03-26T08:35:00+00:00
2502,2502.T,2502.jp,2000-03-21,263.41,263.67,261.10,262.39,2007918,https://stooq.com/q/d/l/?s=2502.jp&i=d,2026-03-26T08:35:00+00:00
2502,2502.T,2502.jp,2000-03-22,261.10,261.62,256.50,260.60,8367646,https://stooq.com/q/d/l/?s=2502.jp&i=d,2026-03-26T08:35:00+00:00
2502,2502.T,2502.jp,2000-03-23,260.34,261.10,257.78,258.54,2714996,https://stooq.com/q/d/l/?s=2502.jp&i=d,2026-03-26T08:35:00+00:00
2502,2502.T,2502.jp,2000-03-24,259.57,259.83,256.50,259.83,5433891,https://stooq.com/q/d/l/?s=2502.jp&i=d,2026-03-26T08:35:00+00:00
2502,2502.T,2502.jp,2000-03-27,262.39,269.56,262.13,266.99,6262059,https://stooq.com/q/d/l/?s=2502.jp&i=d,2026-03-26T08:35:00+00:00
2502,2502.T,2502.jp,2000-03-28,272.12,272.12,261.62,264.95,4058814,https://stooq.com/q/d/l/?s=2502.jp&i=d,2026-03-26T08:35:00+00:00
2502,2502.T,2502.jp,2000-03-29,261.62,264.69,258.54,261.10,8102010,https://stooq.com/q/d/l/?s=2502.jp&i=d,2026-03-26T08:35:00+00:00
2502,2502.T,2502.jp,2000-03-30,266.23,267.76,262.39,264.69,7512126,https://stooq.com/q/d/l/?s=2502.jp&i=d,2026-03-26T08:35:00+00:00
2502,2502.T,2502.jp,2000-03-31,267.76,270.32,263.67,263.67,4027566,https://stooq.com/q/d/l/?s=2502.jp&i=d,2026-03-26T08:35:00+00:00
2502,2502.T,2502.jp,2000-04-03,267.25,272.62,266.23,268.27,6652710,https://stooq.com/q/d/l/?s=2502.jp&i=d,2026-03-26T08:35:00+00:00
2502,2502.T,2502.jp,2000-04-04,271.61,280.04,270.83,278.51,9098152,https://stooq.com/q/d/l/?s=2502.jp&i=d,2026-03-26T08:35:00+00:00
2502,2502.T,2502.jp,2000-04-05,279.02,283.63,276.46,280.56,5808909,https://stooq.com/q/d/l/?s=2502.jp&i=d,2026-03-26T08:35:00+00:00
2502,2502.T,2502.jp,2000-04-06,287.99,295.92,286.71,291.83,17575177,https://stooq.com/q/d/l/?s=2502.jp&i=d,2026-03-26T08:35:00+00:00
2502,2502.T,2502.jp,2000-04-07,302.06,307.70,299.51,304.36,17973633,https://stooq.com/q/d/l/?s=2502.jp&i=d,2026-03-26T08:35:00+00:00
2502,2502.T,2502.jp,2000-04-10,307.18,309.74,301.29,302.06,12028001,https://stooq.com/q/d/l/?s=2502.jp&i=d,2026-03-26T08:35:00+00:00
2502,2502.T,2502.jp,2000-04-11,291.83,296.94,284.15,286.71,10094305,https://stooq.com/q/d/l/?s=2502.jp&i=d,2026-03-26T08:35:00+00:00
2502,2502.T,2502.jp,2000-04-12,281.58,288.75,281.33,286.71,8547347,https://stooq.com/q/d/l/?s=2502.jp&i=d,2026-03-26T08:35:00+00:00
2502,2502.T,2502.jp,2000-04-13,286.71,294.38,285.42,294.38,13086654,https://stooq.com/q/d/l/?s=2502.jp&i=d,2026-03-26T08:35:00+00:00
2502,2502.T,2502.jp,2000-04-14,296.94,302.06,296.69,297.71,15102385,https://stooq.com/q/d/l/?s=2502.jp&i=d,2026-03-26T08:35:00+00:00
2502,2502.T,2502.jp,2000-04-17,286.71,293.10,285.42,291.83,13719509,https://stooq.com/q/d/l/?s=2502.jp&i=d,2026-03-26T08:35:00+00:00
2502,2502.T,2502.jp,2000-04-18,294.63,295.67,284.40,287.73,8969242,https://stooq.com/q/d/l/?s=2502.jp&i=d,2026-03-26T08:35:00+00:00
2502,2502.T,2502.jp,2000-04-19,284.40,288.24,283.12,284.40,8172326,https://stooq.com/q/d/l/?s=2502.jp&i=d,2026-03-26T08:35:00+00:00
2502,2502.T,2502.jp,2000-04-20,284.15,284.91,276.46,276.46,10172431,https://stooq.com/q/d/l/?s=2502.jp&i=d,2026-03-26T08:35:00+00:00
2502,2502.T,2502.jp,2000-04-21,281.58,284.15,268.79,270.06,11531883,https://stooq.com/q/d/l/?s=2502.jp&i=d,2026-03-26T08:35:00+00:00
2502,2502.T,2502.jp,2000-04-24,275.19,289.26,274.67,283.12,11246707,https://stooq.com/q/d/l/?s=2502.jp&i=d,2026-03-26T08:35:00+00:00
2502,2502.T,2502.jp,2000-04-25,280.82,285.42,277.23,280.04,5765927,https://stooq.com/q/d/l/?s=2502.jp&i=d,2026-03-26T08:35:00+00:00
2502,2502.T,2502.jp,2000-04-26,281.58,281.58,277.49,279.28,3109549,https://stooq.com/q/d/l/?s=2502.jp&i=d,2026-03-26T08:35:00+00:00
2502,2502.T,2502.jp,2000-04-27,281.08,283.38,279.53,281.58,3773642,https://stooq.com/q/d/l/?s=2502.jp&i=d,2026-03-26T08:35:00+00:00
2502,2502.T,2502.jp,2000-04-28,284.15,285.68,280.82,281.58,4179911,https://stooq.com/q/d/l/?s=2502.jp&i=d,2026-03-26T08:35:00+00:00
2502,2502.T,2502.jp,2000-05-01,285.42,285.42,280.04,285.17,3238459,https://stooq.com/q/d/l/?s=2502.jp&i=d,2026-03-26T08:35:00+00:00
2502,2502.T,2502.jp,2000-05-02,285.42,286.71,283.12,284.91,4953395,https://stooq.com/q/d/l/?s=2502.jp&i=d,2026-03-26T08:35:00+00:00
2502,2502.T,2502.jp,2000-05-08,285.42,286.19,281.58,282.35,6945691,https://stooq.com/q/d/l/?s=2502.jp&i=d,2026-03-26T08:35:00+00:00
2502,2502.T,2502.jp,2000-05-09,281.58,287.21,280.82,282.61,14199994,https://stooq.com/q/d/l/?s=2502.jp&i=d,2026-03-26T08:35:00+00:00
2502,2502.T,2502.jp,2000-05-10,287.73,289.52,286.45,287.99,15418813,https://stooq.com/q/d/l/?s=2502.jp&i=d,2026-03-26T08:35:00+00:00
2502,2502.T,2502.jp,2000-05-11,290.29,304.62,288.75,299.51,16125894,https://stooq.com/q/d/l/?s=2502.jp&i=d,2026-03-26T08:35:00+00:00
2502,2502.T,2502.jp,2000-05-12,309.74,314.35,308.46,312.05,23075475,https://stooq.com/q/d/l/?s=2502.jp&i=d,2026-03-26T08:35:00+00:00
2502,2502.T,2502.jp,2000-05-15,327.42,332.79,322.81,327.67,28208572,https://stooq.com/q/d/l/?s=2502.jp&i=d,2026-03-26T08:35:00+00:00
2502,2502.T,2502.jp,2000-05-16,327.67,329.97,323.56,327.15,13653095,https://stooq.com/q/d/l/?s=2502.jp&i=d,2026-03-26T08:35:00+00:00
2502,2502.T,2502.jp,2000-05-17,326.90,328.69,320.24,325.10,7183982,https://stooq.com/q/d/l/?s=2502.jp&i=d,2026-03-26T08:35:00+00:00
2502,2502.T,2502.jp,2000-05-18,325.10,329.71,322.28,328.94,5445607,https://stooq.com/q/d/l/?s=2502.jp&i=d,2026-03-26T08:35:00+00:00
2502,2502.T,2502.jp,2000-05-19,328.94,331.50,326.39,329.45,4961219,https://stooq.com/q/d/l/?s=2502.jp&i=d,2026-03-26T08:35:00+00:00
2502,2502.T,2502.jp,2000-05-22,329.19,329.19,324.33,327.67,3851771,https://stooq.com/q/d/l/?s=2502.jp&i=d,2026-03-26T08:35:00+00:00
2502,2502.T,2502.jp,2000-05-23,332.79,336.88,329.19,336.36,8637186,https://stooq.com/q/d/l/?s=2502.jp&i=d,2026-03-26T08:35:00+00:00
2502,2502.T,2502.jp,2000-05-24,332.79,339.18,332.79,336.11,8262168,https://stooq.com/q/d/l/?s=2502.jp&i=d,2026-03-26T08:35:00+00:00
2502,2502.T,2502.jp,2000-05-25,346.86,348.14,342.25,347.63,14840655,https://stooq.com/q/d/l/?s=2502.jp&i=d,2026-03-26T08:35:00+00:00
2502,2502.T,2502.jp,2000-05-26,342.52,344.30,340.72,342.25,3359553,https://stooq.com/q/d/l/?s=2502.jp&i=d,2026-03-26T08:35:00+00:00
2502,2502.T,2502.jp,2000-05-29,343.01,346.86,343.01,345.07,4886979,https://stooq.com/q/d/l/?s=2502.jp&i=d,2026-03-26T08:35:00+00:00
2502,2502.T,2502.jp,2000-05-30,340.72,343.01,338.41,338.93,5219035,https://stooq.com/q/d/l/?s=2502.jp&i=d,2026-03-26T08:35:00+00:00
2502,2502.T,2502.jp,2000-05-31,338.16,345.59,338.16,342.25,4719011,https://stooq.com/q/d/l/?s=2502.jp&i=d,2026-03-26T08:35:00+00:00
2502,2502.T,2502.jp,2000-06-01,340.46,348.14,336.36,348.14,6265969,https://stooq.com/q/d/l/?s=2502.jp&i=d,2026-03-26T08:35:00+00:00
2502,2502.T,2502.jp,2000-06-02,345.83,348.14,338.68,340.97,5746412,https://stooq.com/q/d/l/?s=2502.jp&i=d,2026-03-26T08:35:00+00:00
2502,2502.T,2502.jp,2000-06-05,335.85,336.62,320.75,325.10,8957519,https://stooq.com/q/d/l/?s=2502.jp&i=d,2026-03-26T08:35:00+00:00
2502,2502.T,2502.jp,2000-06-06,325.10,331.50,324.59,327.67,3562689,https://stooq.com/q/d/l/?s=2502.jp&i=d,2026-03-26T08:35:00+00:00
2502,2502.T,2502.jp,2000-06-07,332.79,341.48,328.43,340.46,6855843,https://stooq.com/q/d/l/?s=2502.jp&i=d,2026-03-26T08:35:00+00:00
2502,2502.T,2502.jp,2000-06-08,335.85,336.88,324.08,327.67,6269879,https://stooq.com/q/d/l/?s=2502.jp&i=d,2026-03-26T08:35:00+00:00
2502,2502.T,2502.jp,2000-06-09,322.54,331.76,322.54,328.94,10121651,https://stooq.com/q/d/l/?s=2502.jp&i=d,2026-03-26T08:35:00+00:00
2502,2502.T,2502.jp,2000-06-12,330.49,333.55,329.45,332.79,2812654,https://stooq.com/q/d/l/?s=2502.jp&i=d,2026-03-26T08:35:00+00:00
2502,2502.T,2502.jp,2000-06-13,327.67,327.67,319.99,326.39,6301124,https://stooq.com/q/d/l/?s=2502.jp&i=d,2026-03-26T08:35:00+00:00
2502,2502.T,2502.jp,2000-06-14,326.39,329.19,323.56,325.10,2812654,https://stooq.com/q/d/l/?s=2502.jp&i=d,2026-03-26T08:35:00+00:00
2502,2502.T,2502.jp,2000-06-15,319.99,324.85,319.99,321.27,2035263,https://stooq.com/q/d/l/?s=2502.jp&i=d,2026-03-26T08:35:00+00:00
2502,2502.T,2502.jp,2000-06-16,321.27,322.04,315.38,315.38,6738652,https://stooq.com/q/d/l/?s=2502.jp&i=d,2026-03-26T08:35:00+00:00
2502,2502.T,2502.jp,2000-06-19,325.61,327.67,322.54,322.54,2800934,https://stooq.com/q/d/l/?s=2502.jp&i=d,2026-03-26T08:35:00+00:00
2502,2502.T,2502.jp,2000-06-20,317.93,324.85,317.93,324.85,1910266,https://stooq.com/q/d/l/?s=2502.jp&i=d,2026-03-26T08:35:00+00:00
2502,2502.T,2502.jp,2000-06-21,326.39,327.67,321.52,327.42,2863441,https://stooq.com/q/d/l/?s=2502.jp&i=d,2026-03-26T08:35:00+00:00
2502,2502.T,2502.jp,2000-06-22,327.42,327.42,320.24,320.24,2105590,https://stooq.com/q/d/l/?s=2502.jp&i=d,2026-03-26T08:35:00+00:00
2502,2502.T,2502.jp,2000-06-23,320.50,324.33,320.24,322.54,2265755,https://stooq.com/q/d/l/?s=2502.jp&i=d,2026-03-26T08:35:00+00:00
2502,2502.T,2502.jp,2000-06-26,325.37,325.37,318.96,323.31,2129025,https://stooq.com/q/d/l/?s=2502.jp&i=d,2026-03-26T08:35:00+00:00
2502,2502.T,2502.jp,2000-06-27,321.77,325.61,321.77,324.85,1339908,https://stooq.com/q/d/l/?s=2502.jp&i=d,2026-03-26T08:35:00+00:00
2502,2502.T,2502.jp,2000-06-28,324.59,324.85,317.67,318.19,2129025,https://stooq.com/q/d/l/?s=2502.jp&i=d,2026-03-26T08:35:00+00:00
2502,2502.T,2502.jp,2000-06-29,322.04,322.54,318.19,322.54,2398561,https://stooq.com/q/d/l/?s=2502.jp&i=d,2026-03-26T08:35:00+00:00
2502,2502.T,2502.jp,2000-06-30,318.96,324.85,318.96,324.85,1761817,https://stooq.com/q/d/l/?s=2502.jp&i=d,2026-03-26T08:35:00+00:00
2502,2502.T,2502.jp,2000-07-03,324.85,325.61,321.77,324.08,3082200,https://stooq.com/q/d/l/?s=2502.jp&i=d,2026-03-26T08:35:00+00:00
2502,2502.T,2502.jp,2000-07-04,319.99,323.82,314.60,319.99,4754166,https://stooq.com/q/d/l/?s=2502.jp&i=d,2026-03-26T08:35:00+00:00
2502,2502.T,2502.jp,2000-07-05,314.86,317.42,308.46,312.30,5906574,https://stooq.com/q/d/l/?s=2502.jp&i=d,2026-03-26T08:35:00+00:00
2502,2502.T,2502.jp,2000-07-06,307.18,309.74,303.34,305.90,6816781,https://stooq.com/q/d/l/?s=2502.jp&i=d,2026-03-26T08:35:00+00:00
2502,2502.T,2502.jp,2000-07-07,303.34,304.88,301.81,304.11,9699745,https://stooq.com/q/d/l/?s=2502.jp&i=d,2026-03-26T08:35:00+00:00
2502,2502.T,2502.jp,2000-07-10,304.62,306.67,298.74,300.79,5238568,https://stooq.com/q/d/l/?s=2502.jp&i=d,2026-03-26T08:35:00+00:00
2502,2502.T,2502.jp,2000-07-11,299.76,300.52,294.90,296.69,4894798,https://stooq.com/q/d/l/?s=2502.jp&i=d,2026-03-26T08:35:00+00:00
2502,2502.T,2502.jp,2000-07-12,295.92,299.25,294.38,299.25,6000326,https://stooq.com/q/d/l/?s=2502.jp&i=d,2026-03-26T08:35:00+00:00
2502,2502.T,2502.jp,2000-07-13,294.38,294.90,284.40,285.42,9082533,https://stooq.com/q/d/l/?s=2502.jp&i=d,2026-03-26T08:35:00+00:00
2502,2502.T,2502.jp,2000-07-14,284.65,291.83,284.65,286.71,8480934,https://stooq.com/q/d/l/?s=2502.jp&i=d,2026-03-26T08:35:00+00:00
2502,2502.T,2502.jp,2000-07-17,284.91,289.00,282.86,286.71,4511964,https://stooq.com/q/d/l/?s=2502.jp&i=d,2026-03-26T08:35:00+00:00
2502,2502.T,2502.jp,2000-07-18,284.15,285.42,280.31,282.86,4351799,https://stooq.com/q/d/l/?s=2502.jp&i=d,2026-03-26T08:35:00+00:00
2502,2502.T,2502.jp,2000-07-19,279.79,282.61,279.53,280.82,2812654,https://stooq.com/q/d/l/?s=2502.jp&i=d,2026-03-26T08:35:00+00:00
2502,2502.T,2502.jp,2000-07-21,279.02,282.86,274.67,277.75,7516032,https://stooq.com/q/d/l/?s=2502.jp&i=d,2026-03-26T08:35:00+00:00
2502,2502.T,2502.jp,2000-07-24,275.44,276.21,265.20,268.79,10457607,https://stooq.com/q/d/l/?s=2502.jp&i=d,2026-03-26T08:35:00+00:00
2502,2502.T,2502.jp,2000-07-25,264.18,272.62,263.92,268.79,6238620,https://stooq.com/q/d/l/?s=2502.jp&i=d,2026-03-26T08:35:00+00:00
2502,2502.T,2502.jp,2000-07-26,269.30,270.58,263.67,263.67,7719172,https://stooq.com/q/d/l/?s=2502.jp&i=d,2026-03-26T08:35:00+00:00
2502,2502.T,2502.jp,2000-07-27,263.92,266.23,261.10,264.95,4820576,https://stooq.com/q/d/l/?s=2502.jp&i=d,2026-03-26T08:35:00+00:00
2502,2502.T,2502.jp,2000-07-28,263.67,266.48,263.16,263.16,3840059,https://stooq.com/q/d/l/?s=2502.jp&i=d,2026-03-26T08:35:00+00:00
2502,2502.T,2502.jp,2000-07-31,261.36,264.69,261.10,264.69,3183768,https://stooq.com/q/d/l/?s=2502.jp&i=d,2026-03-26T08:35:00+00:00
2502,2502.T,2502.jp,2000-08-01,263.67,272.62,263.16,272.62,6984753,https://stooq.com/q/d/l/?s=2502.jp&i=d,2026-03-26T08:35:00+00:00
2502,2502.T,2502.jp,2000-08-02,272.62,273.90,268.79,271.35,5492488,https://stooq.com/q/d/l/?s=2502.jp&i=d,2026-03-26T08:35:00+00:00
2502,2502.T,2502.jp,2000-08-03,274.93,274.93,267.51,268.79,2441543,https://stooq.com/q/d/l/?s=2502.jp&i=d,2026-03-26T08:35:00+00:00
2502,2502.T,2502.jp,2000-08-04,268.79,269.81,266.23,266.99,3777552,https://stooq.com/q/d/l/?s=2502.jp&i=d,2026-03-26T08:35:00+00:00
2502,2502.T,2502.jp,2000-08-07,266.99,268.79,262.13,262.13,3726764,https://stooq.com/q/d/l/?s=2502.jp&i=d,2026-03-26T08:35:00+00:00
2502,2502.T,2502.jp,2000-08-08,264.95,265.46,261.10,263.67,4719011,https://stooq.com/q/d/l/?s=2502.jp&i=d,2026-03-26T08:35:00+00:00
2502,2502.T,2502.jp,2000-08-09,262.90,267.25,261.36,265.20,3273610,https://stooq.com/q/d/l/?s=2502.jp&i=d,2026-03-26T08:35:00+00:00
2502,2502.T,2502.jp,2000-08-10,263.92,268.27,261.87,263.67,1773533,https://stooq.com/q/d/l/?s=2502.jp&i=d,2026-03-26T08:35:00+00:00
2502,2502.T,2502.jp,2000-08-11,258.54,259.83,256.76,259.06,9285663,https://stooq.com/q/d/l/?s=2502.jp&i=d,2026-03-26T08:35:00+00:00
2502,2502.T,2502.jp,2000-08-14,255.99,255.99,252.66,253.94,10254467,https://stooq.com/q/d/l/?s=2502.jp&i=d,2026-03-26T08:35:00+00:00
2502,2502.T,2502.jp,2000-08-15,256.50,258.29,255.99,258.03,4972928,https://stooq.com/q/d/l/?s=2502.jp&i=d,2026-03-26T08:35:00+00:00
2502,2502.T,2502.jp,2000-08-16,259.32,259.32,255.47,255.99,3289247,https://stooq.com/q/d/l/?s=2502.jp&i=d,2026-03-26T08:35:00+00:00
2502,2502.T,2502.jp,2000-08-17,255.73,255.73,252.92,253.17,3472844,https://stooq.com/q/d/l/?s=2502.jp&i=d,2026-03-26T08:35:00+00:00
2502,2502.T,2502.jp,2000-08-18,253.43,255.47,252.92,253.68,2285281,https://stooq.com/q/d/l/?s=2502.jp&i=d,2026-03-26T08:35:00+00:00
2502,2502.T,2502.jp,2000-08-21,255.47,255.47,252.66,253.68,2336061,https://stooq.com/q/d/l/?s=2502.jp&i=d,2026-03-26T08:35:00+00:00
2502,2502.T,2502.jp,2000-08-22,253.17,255.99,252.15,255.99,3312682,https://stooq.com/q/d/l/?s=2502.jp&i=d,2026-03-26T08:35:00+00:00
2502,2502.T,2502.jp,2000-08-23,253.43,255.47,253.43,254.44,2464978,https://stooq.com/q/d/l/?s=2502.jp&i=d,2026-03-26T08:35:00+00:00
2502,2502.T,2502.jp,2000-08-24,253.94,258.03,253.94,254.96,2890787,https://stooq.com/q/d/l/?s=2502.jp&i=d,2026-03-26T08:35:00+00:00
2502,2502.T,2502.jp,2000-08-25,257.52,257.52,254.19,255.99,3215013,https://stooq.com/q/d/l/?s=2502.jp&i=d,2026-03-26T08:35:00+00:00
2502,2502.T,2502.jp,2000-08-28,255.99,255.99,251.64,252.15,5160445,https://stooq.com/q/d/l/?s=2502.jp&i=d,2026-03-26T08:35:00+00:00
2502,2502.T,2502.jp,2000-08-29,252.66,253.43,252.15,252.15,3691606,https://stooq.com/q/d/l/?s=2502.jp&i=d,2026-03-26T08:35:00+00:00
2502,2502.T,2502.jp,2000-08-30,252.41,254.71,252.41,252.92,2488413,https://stooq.com/q/d/l/?s=2502.jp&i=d,2026-03-26T08:35:00+00:00
2502,2502.T,2502.jp,2000-08-31,253.68,254.19,249.59,249.59,3625199,https://stooq.com/q/d/l/?s=2502.jp&i=d,2026-03-26T08:35:00+00:00
2502,2502.T,2502.jp,2000-09-01,250.61,251.12,243.70,243.70,3808800,https://stooq.com/q/d/l/?s=2502.jp&i=d,2026-03-26T08:35:00+00:00
2502,2502.T,2502.jp,2000-09-04,243.70,247.80,243.70,247.54,2925938,https://stooq.com/q/d/l/?s=2502.jp&i=d,2026-03-26T08:35:00+00:00
2502,2502.T,2502.jp,2000-09-05,247.03,247.03,243.96,246.51,1820407,https://stooq.com/q/d/l/?s=2502.jp&i=d,2026-03-26T08:35:00+00:00
2502,2502.T,2502.jp,2000-09-06,244.47,247.03,243.18,243.18,1687587,https://stooq.com/q/d/l/?s=2502.jp&i=d,2026-03-26T08:35:00+00:00
2502,2502.T,2502.jp,2000-09-07,243.96,244.72,236.27,236.27,4269767,https://stooq.com/q/d/l/?s=2502.jp&i=d,2026-03-26T08:35:00+00:00
2502,2502.T,2502.jp,2000-09-08,236.27,246.77,236.27,246.77,9531774,https://stooq.com/q/d/l/?s=2502.jp&i=d,2026-03-26T08:35:00+00:00
2502,2502.T,2502.jp,2000-09-11,245.24,245.24,237.81,237.81,2609524,https://stooq.com/q/d/l/?s=2502.jp&i=d,2026-03-26T08:35:00+00:00
2502,2502.T,2502.jp,2000-09-12,237.81,241.91,237.04,239.85,3922091,https://stooq.com/q/d/l/?s=2502.jp&i=d,2026-03-26T08:35:00+00:00
2502,2502.T,2502.jp,2000-09-13,239.85,243.18,239.85,241.39,2617327,https://stooq.com/q/d/l/?s=2502.jp&i=d,2026-03-26T08:35:00+00:00
2502,2502.T,2502.jp,2000-09-14,240.63,242.42,239.85,239.85,1562584,https://stooq.com/q/d/l/?s=2502.jp&i=d,2026-03-26T08:35:00+00:00
2502,2502.T,2502.jp,2000-09-18,240.37,241.91,237.04,238.07,1765720,https://stooq.com/q/d/l/?s=2502.jp&i=d,2026-03-26T08:35:00+00:00
2502,2502.T,2502.jp,2000-09-19,237.81,239.85,236.27,239.85,2711082,https://stooq.com/q/d/l/?s=2502.jp&i=d,2026-03-26T08:35:00+00:00
2502,2502.T,2502.jp,2000-09-20,237.30,239.85,237.30,239.85,3043139,https://stooq.com/q/d/l/?s=2502.jp&i=d,2026-03-26T08:35:00+00:00
2502,2502.T,2502.jp,2000-09-21,240.89,246.77,239.35,246.00,6000326,https://stooq.com/q/d/l/?s=2502.jp&i=d,2026-03-26T08:35:00+00:00
2502,2502.T,2502.jp,2000-09-22,241.65,246.77,240.63,243.70,3742394,https://stooq.com/q/d/l/?s=2502.jp&i=d,2026-03-26T08:35:00+00:00
2502,2502.T,2502.jp,2000-09-25,244.21,246.26,241.91,245.75,2664208,https://stooq.com/q/d/l/?s=2502.jp&i=d,2026-03-26T08:35:00+00:00
2502,2502.T,2502.jp,2000-09-26,247.03,249.34,246.26,247.80,2050892,https://stooq.com/q/d/l/?s=2502.jp&i=d,2026-03-26T08:35:00+00:00
2502,2502.T,2502.jp,2000-09-27,247.28,252.15,247.03,252.15,2000105,https://stooq.com/q/d/l/?s=2502.jp&i=d,2026-03-26T08:35:00+00:00
2502,2502.T,2502.jp,2000-09-28,250.35,251.38,244.98,244.98,2070425,https://stooq.com/q/d/l/?s=2502.jp&i=d,2026-03-26T08:35:00+00:00
2502,2502.T,2502.jp,2000-09-29,250.10,250.87,246.00,247.80,1769627,https://stooq.com/q/d/l/?s=2502.jp&i=d,2026-03-26T08:35:00+00:00
2502,2502.T,2502.jp,2000-10-02,248.05,260.85,247.80,260.85,6168304,https://stooq.com/q/d/l/?s=2502.jp&i=d,2026-03-26T08:35:00+00:00
2502,2502.T,2502.jp,2000-10-03,266.99,269.04,263.92,269.04,7070695,https://stooq.com/q/d/l/?s=2502.jp&i=d,2026-03-26T08:35:00+00:00
2502,2502.T,2502.jp,2000-10-04,271.35,279.79,270.32,275.19,9039559,https://stooq.com/q/d/l/?s=2502.jp&i=d,2026-03-26T08:35:00+00:00
2502,2502.T,2502.jp,2000-10-05,270.83,274.67,269.30,271.85,3976782,https://stooq.com/q/d/l/?s=2502.jp&i=d,2026-03-26T08:35:00+00:00
2502,2502.T,2502.jp,2000-10-06,275.44,281.33,273.14,275.44,6875378,https://stooq.com/q/d/l/?s=2502.jp&i=d,2026-03-26T08:35:00+00:00
2502,2502.T,2502.jp,2000-10-10,274.67,279.53,274.67,277.23,3328308,https://stooq.com/q/d/l/?s=2502.jp&i=d,2026-03-26T08:35:00+00:00
2502,2502.T,2502.jp,2000-10-11,280.31,280.56,276.98,277.75,5465143,https://stooq.com/q/d/l/?s=2502.jp&i=d,2026-03-26T08:35:00+00:00
2502,2502.T,2502.jp,2000-10-12,277.75,281.08,275.19,279.79,3699415,https://stooq.com/q/d/l/?s=2502.jp&i=d,2026-03-26T08:35:00+00:00
2502,2502.T,2502.jp,2000-10-13,279.79,279.79,272.37,274.93,7238676,https://stooq.com/q/d/l/?s=2502.jp&i=d,2026-03-26T08:35:00+00:00
2502,2502.T,2502.jp,2000-10-16,273.90,273.90,268.02,268.02,5984703,https://stooq.com/q/d/l/?s=2502.jp&i=d,2026-03-26T08:35:00+00:00
2502,2502.T,2502.jp,2000-10-17,273.14,290.03,273.14,287.99,11188113,https://stooq.com/q/d/l/?s=2502.jp&i=d,2026-03-26T08:35:00+00:00
2502,2502.T,2502.jp,2000-10-18,277.75,284.15,273.90,279.28,10426359,https://stooq.com/q/d/l/?s=2502.jp&i=d,2026-03-26T08:35:00+00:00
2502,2502.T,2502.jp,2000-10-19,279.02,279.02,268.79,268.79,4722917,https://stooq.com/q/d/l/?s=2502.jp&i=d,2026-03-26T08:35:00+00:00
2502,2502.T,2502.jp,2000-10-20,276.46,276.46,269.30,270.06,2965010,https://stooq.com/q/d/l/?s=2502.jp&i=d,2026-03-26T08:35:00+00:00
2502,2502.T,2502.jp,2000-10-23,268.53,271.35,266.23,267.76,2800934,https://stooq.com/q/d/l/?s=2502.jp&i=d,2026-03-26T08:35:00+00:00
2502,2502.T,2502.jp,2000-10-24,268.79,269.56,266.74,266.74,2187622,https://stooq.com/q/d/l/?s=2502.jp&i=d,2026-03-26T08:35:00+00:00
2502,2502.T,2502.jp,2000-10-25,271.85,276.46,268.79,271.35,4168195,https://stooq.com/q/d/l/?s=2502.jp&i=d,2026-03-26T08:35:00+00:00
2502,2502.T,2502.jp,2000-10-26,273.90,276.98,268.79,276.46,4449461,https://stooq.com/q/d/l/?s=2502.jp&i=d,2026-03-26T08:35:00+00:00
2502,2502.T,2502.jp,2000-10-27,277.49,281.58,277.49,280.31,5512017,https://stooq.com/q/d/l/?s=2502.jp&i=d,2026-03-26T08:35:00+00:00
2502,2502.T,2502.jp,2000-10-30,281.58,281.58,276.46,280.31,2992351,https://stooq.com/q/d/l/?s=2502.jp&i=d,2026-03-26T08:35:00+00:00
2502,2502.T,2502.jp,2000-10-31,275.19,278.77,273.64,275.95,2859525,https://stooq.com/q/d/l/?s=2502.jp&i=d,2026-03-26T08:35:00+00:00
2502,2502.T,2502.jp,2000-11-01,275.19,279.02,272.62,279.02,2148551,https://stooq.com/q/d/l/?s=2502.jp&i=d,2026-03-26T08:35:00+00:00
2502,2502.T,2502.jp,2000-11-02,279.02,284.15,276.46,281.58,5316697,https://stooq.com/q/d/l/?s=2502.jp&i=d,2026-03-26T08:35:00+00:00
2502,2502.T,2502.jp,2000-11-06,285.42,291.31,281.58,289.77,8785638,https://stooq.com/q/d/l/?s=2502.jp&i=d,2026-03-26T08:35:00+00:00
2502,2502.T,2502.jp,2000-11-07,290.03,296.44,290.03,292.85,8613757,https://stooq.com/q/d/l/?s=2502.jp&i=d,2026-03-26T08:35:00+00:00
2502,2502.T,2502.jp,2000-11-08,295.40,295.67,287.73,292.08,5363582,https://stooq.com/q/d/l/?s=2502.jp&i=d,2026-03-26T08:35:00+00:00
2502,2502.T,2502.jp,2000-11-09,293.87,293.87,287.99,289.26,3156423,https://stooq.com/q/d/l/?s=2502.jp&i=d,2026-03-26T08:35:00+00:00
2502,2502.T,2502.jp,2000-11-10,284.40,290.29,284.40,286.45,2910319,https://stooq.com/q/d/l/?s=2502.jp&i=d,2026-03-26T08:35:00+00:00
2502,2502.T,2502.jp,2000-11-13,286.19,291.83,282.10,291.06,2863441,https://stooq.com/q/d/l/?s=2502.jp&i=d,2026-03-26T08:35:00+00:00
2502,2502.T,2502.jp,2000-11-14,291.57,291.57,288.75,290.03,1910266,https://stooq.com/q/d/l/?s=2502.jp&i=d,2026-03-26T08:35:00+00:00
2502,2502.T,2502.jp,2000-11-15,290.29,291.83,286.71,286.71,2101673,https://stooq.com/q/d/l/?s=2502.jp&i=d,2026-03-26T08:35:00+00:00
2502,2502.T,2502.jp,2000-11-16,289.26,290.03,282.86,284.65,1515703,https://stooq.com/q/d/l/?s=2502.jp&i=d,2026-03-26T08:35:00+00:00
2502,2502.T,2502.jp,2000-11-17,286.45,291.31,283.63,290.80,2695463,https://stooq.com/q/d/l/?s=2502.jp&i=d,2026-03-26T08:35:00+00:00
2502,2502.T,2502.jp,2000-11-20,290.29,290.29,286.71,288.75,1605562,https://stooq.com/q/d/l/?s=2502.jp&i=d,2026-03-26T08:35:00+00:00
2502,2502.T,2502.jp,2000-11-21,288.75,292.85,288.75,292.85,4168195,https://stooq.com/q/d/l/?s=2502.jp&i=d,2026-03-26T08:35:00+00:00
2502,2502.T,2502.jp,2000-11-22,293.10,299.51,292.33,298.22,8941890,https://stooq.com/q/d/l/?s=2502.jp&i=d,2026-03-26T08:35:00+00:00
2502,2502.T,2502.jp,2000-11-24,299.51,306.16,298.48,305.65,9746633,https://stooq.com/q/d/l/?s=2502.jp&i=d,2026-03-26T08:35:00+00:00
2502,2502.T,2502.jp,2000-11-27,305.65,306.16,301.81,303.60,3996314,https://stooq.com/q/d/l/?s=2502.jp&i=d,2026-03-26T08:35:00+00:00
2502,2502.T,2502.jp,2000-11-28,300.27,300.79,298.74,299.25,2476704,https://stooq.com/q/d/l/?s=2502.jp&i=d,2026-03-26T08:35:00+00:00
2502,2502.T,2502.jp,2000-11-29,294.13,295.67,290.03,293.87,4687756,https://stooq.com/q/d/l/?s=2502.jp&i=d,2026-03-26T08:35:00+00:00
2502,2502.T,2502.jp,2000-11-30,293.10,301.55,291.57,301.55,4254141,https://stooq.com/q/d/l/?s=2502.jp&i=d,2026-03-26T08:35:00+00:00
2502,2502.T,2502.jp,2000-12-01,296.44,302.06,296.44,300.79,5031525,https://stooq.com/q/d/l/?s=2502.jp&i=d,2026-03-26T08:35:00+00:00
2502,2502.T,2502.jp,2000-12-04,298.22,298.48,291.57,291.57,4093976,https://stooq.com/q/d/l/?s=2502.jp&i=d,2026-03-26T08:35:00+00:00
2502,2502.T,2502.jp,2000-12-05,288.75,290.03,285.42,285.68,4824482,https://stooq.com/q/d/l/?s=2502.jp&i=d,2026-03-26T08:35:00+00:00
2502,2502.T,2502.jp,2000-12-06,281.84,286.71,281.84,284.15,3996314,https://stooq.com/q/d/l/?s=2502.jp&i=d,2026-03-26T08:35:00+00:00
2502,2502.T,2502.jp,2000-12-07,284.15,284.15,278.26,279.79,3172052,https://stooq.com/q/d/l/?s=2502.jp&i=d,2026-03-26T08:35:00+00:00
2502,2502.T,2502.jp,2000-12-08,279.79,280.31,275.95,277.49,12168634,https://stooq.com/q/d/l/?s=2502.jp&i=d,2026-03-26T08:35:00+00:00
2502,2502.T,2502.jp,2000-12-11,274.67,283.63,274.67,280.31,2672024,https://stooq.com/q/d/l/?s=2502.jp&i=d,2026-03-26T08:35:00+00:00
2502,2502.T,2502.jp,2000-12-12,276.72,280.31,269.56,269.81,5211222,https://stooq.com/q/d/l/?s=2502.jp&i=d,2026-03-26T08:35:00+00:00
2502,2502.T,2502.jp,2000-12-13,269.04,274.42,268.27,272.12,4437748,https://stooq.com/q/d/l/?s=2502.jp&i=d,2026-03-26T08:35:00+00:00
2502,2502.T,2502.jp,2000-12-14,272.62,274.93,270.06,271.35,2226683,https://stooq.com/q/d/l/?s=2502.jp&i=d,2026-03-26T08:35:00+00:00
2502,2502.T,2502.jp,2000-12-15,273.90,273.90,270.06,271.61,2640766,https://stooq.com/q/d/l/?s=2502.jp&i=d,2026-03-26T08:35:00+00:00
2502,2502.T,2502.jp,2000-12-18,276.72,282.86,274.67,280.82,4699478,https://stooq.com/q/d/l/?s=2502.jp&i=d,2026-03-26T08:35:00+00:00
2502,2502.T,2502.jp,2000-12-19,283.63,285.68,280.31,280.31,3562689,https://stooq.com/q/d/l/?s=2502.jp&i=d,2026-03-26T08:35:00+00:00
2502,2502.T,2502.jp,2000-12-20,284.15,287.73,280.31,285.68,4488526,https://stooq.com/q/d/l/?s=2502.jp&i=d,2026-03-26T08:35:00+00:00
2502,2502.T,2502.jp,2000-12-21,282.86,293.87,280.56,290.03,6863655,https://stooq.com/q/d/l/?s=2502.jp&i=d,2026-03-26T08:35:00+00:00
2502,2502.T,2502.jp,2000-12-22,294.38,300.27,290.54,297.46,9039559,https://stooq.com/q/d/l/?s=2502.jp&i=d,2026-03-26T08:35:00+00:00
2502,2502.T,2502.jp,2000-12-25,296.94,302.06,296.18,302.06,4582284,https://stooq.com/q/d/l/?s=2502.jp&i=d,2026-03-26T08:35:00+00:00
2502,2502.T,2502.jp,2000-12-26,301.81,305.39,301.04,305.39,4976841,https://stooq.com/q/d/l/?s=2502.jp&i=d,2026-03-26T08:35:00+00:00
2502,2502.T,2502.jp,2000-12-27,303.09,304.36,300.02,303.34,2832183,https://stooq.com/q/d/l/?s=2502.jp&i=d,2026-03-26T08:35:00+00:00
2502,2502.T,2502.jp,2000-12-28,302.83,302.83,300.27,301.55,1574303,https://stooq.com/q/d/l/?s=2502.jp&i=d,2026-03-26T08:35:00+00:00
2502,2502.T,2502.jp,2000-12-29,302.06,302.57,298.22,298.22,953171,https://stooq.com/q/d/l/?s=2502.jp&i=d,2026-03-26T08:35:00+00:00
2502,2502.T,2502.jp,2001-01-04,294.38,295.67,287.48,287.48,2269648,https://stooq.com/q/d/l/?s=2502.jp&i=d,2026-03-26T08:35:00+00:00
2502,2502.T,2502.jp,2001-01-05,292.59,299.51,290.29,296.69,4261944,https://stooq.com/q/d/l/?s=2502.jp&i=d,2026-03-26T08:35:00+00:00
2502,2502.T,2502.jp,2001-01-09,300.79,300.79,296.69,298.22,5527646,https://stooq.com/q/d/l/?s=2502.jp&i=d,2026-03-26T08:35:00+00:00
2502,2502.T,2502.jp,2001-01-10,301.55,304.62,299.51,302.57,8301240,https://stooq.com/q/d/l/?s=2502.jp&i=d,2026-03-26T08:35:00+00:00
2502,2502.T,2502.jp,2001-01-11,302.83,303.34,298.99,302.83,3023603,https://stooq.com/q/d/l/?s=2502.jp&i=d,2026-03-26T08:35:00+00:00
2502,2502.T,2502.jp,2001-01-12,303.34,305.39,297.46,298.48,7141011,https://stooq.com/q/d/l/?s=2502.jp&i=d,2026-03-26T08:35:00+00:00
2502,2502.T,2502.jp,2001-01-15,294.90,298.99,294.90,295.15,2308716,https://stooq.com/q/d/l/?s=2502.jp&i=d,2026-03-26T08:35:00+00:00
2502,2502.T,2502.jp,2001-01-16,291.83,294.13,287.99,289.52,3648635,https://stooq.com/q/d/l/?s=2502.jp&i=d,2026-03-26T08:35:00+00:00
2502,2502.T,2502.jp,2001-01-17,286.96,294.38,286.96,288.75,3367369,https://stooq.com/q/d/l/?s=2502.jp&i=d,2026-03-26T08:35:00+00:00
2502,2502.T,2502.jp,2001-01-18,286.71,287.73,281.58,281.84,5801099,https://stooq.com/q/d/l/?s=2502.jp&i=d,2026-03-26T08:35:00+00:00
2502,2502.T,2502.jp,2001-01-19,282.10,284.15,279.53,280.31,5285442,https://stooq.com/q/d/l/?s=2502.jp&i=d,2026-03-26T08:35:00+00:00
2502,2502.T,2502.jp,2001-01-22,280.31,282.10,277.75,279.02,5429981,https://stooq.com/q/d/l/?s=2502.jp&i=d,2026-03-26T08:35:00+00:00
2502,2502.T,2502.jp,2001-01-23,279.02,280.82,277.49,279.28,3086107,https://stooq.com/q/d/l/?s=2502.jp&i=d,2026-03-26T08:35:00+00:00
2502,2502.T,2502.jp,2001-01-24,277.23,280.04,276.98,276.98,3746297,https://stooq.com/q/d/l/?s=2502.jp&i=d,2026-03-26T08:35:00+00:00
2502,2502.T,2502.jp,2001-01-25,276.46,280.04,274.42,274.42,3050945,https://stooq.com/q/d/l/?s=2502.jp&i=d,2026-03-26T08:35:00+00:00
2502,2502.T,2502.jp,2001-01-26,274.16,281.58,274.16,280.31,1851662,https://stooq.com/q/d/l/?s=2502.jp&i=d,2026-03-26T08:35:00+00:00
2502,2502.T,2502.jp,2001-01-29,277.23,286.71,277.23,283.89,2105590,https://stooq.com/q/d/l/?s=2502.jp&i=d,2026-03-26T08:35:00+00:00
2502,2502.T,2502.jp,2001-01-30,289.00,289.00,279.79,284.91,2984535,https://stooq.com/q/d/l/?s=2502.jp&i=d,2026-03-26T08:35:00+00:00
2502,2502.T,2502.jp,2001-01-31,279.79,281.08,276.72,281.08,2851715,https://stooq.com/q/d/l/?s=2502.jp&i=d,2026-03-26T08:35:00+00:00
2502,2502.T,2502.jp,2001-02-01,281.08,283.12,273.90,282.35,2004022,https://stooq.com/q/d/l/?s=2502.jp&i=d,2026-03-26T08:35:00+00:00
2502,2502.T,2502.jp,2001-02-02,277.23,284.15,275.19,275.19,1652429,https://stooq.com/q/d/l/?s=2502.jp&i=d,2026-03-26T08:35:00+00:00
2502,2502.T,2502.jp,2001-02-05,280.31,281.33,276.46,277.49,1855569,https://stooq.com/q/d/l/?s=2502.jp&i=d,2026-03-26T08:35:00+00:00
2502,2502.T,2502.jp,2001-02-06,276.21,282.61,276.21,281.84,1980579,https://stooq.com/q/d/l/?s=2502.jp&i=d,2026-03-26T08:35:00+00:00
2502,2502.T,2502.jp,2001-02-07,277.75,283.38,277.75,279.79,1332102,https://stooq.com/q/d/l/?s=2502.jp&i=d,2026-03-26T08:35:00+00:00
2502,2502.T,2502.jp,2001-02-08,282.61,286.45,281.58,285.17,3855681,https://stooq.com/q/d/l/?s=2502.jp&i=d,2026-03-26T08:35:00+00:00
2502,2502.T,2502.jp,2001-02-09,284.15,291.31,283.89,289.52,5844067,https://stooq.com/q/d/l/?s=2502.jp&i=d,2026-03-26T08:35:00+00:00
2502,2502.T,2502.jp,2001-02-13,287.21,291.06,285.94,286.45,2293097,https://stooq.com/q/d/l/?s=2502.jp&i=d,2026-03-26T08:35:00+00:00
2502,2502.T,2502.jp,2001-02-14,289.26,293.36,289.26,291.57,3172052,https://stooq.com/q/d/l/?s=2502.jp&i=d,2026-03-26T08:35:00+00:00
2502,2502.T,2502.jp,2001-02-15,291.06,293.36,290.29,290.54,2101673,https://stooq.com/q/d/l/?s=2502.jp&i=d,2026-03-26T08:35:00+00:00
2502,2502.T,2502.jp,2001-02-16,292.59,293.36,290.54,290.54,3515815,https://stooq.com/q/d/l/?s=2502.jp&i=d,2026-03-26T08:35:00+00:00
2502,2502.T,2502.jp,2001-02-19,288.24,291.06,286.71,287.21,2062612,https://stooq.com/q/d/l/?s=2502.jp&i=d,2026-03-26T08:35:00+00:00
2502,2502.T,2502.jp,2001-02-20,286.71,289.00,285.68,288.75,1644620,https://stooq.com/q/d/l/?s=2502.jp&i=d,2026-03-26T08:35:00+00:00
2502,2502.T,2502.jp,2001-02-21,287.99,289.26,281.58,285.68,2761873,https://stooq.com/q/d/l/?s=2502.jp&i=d,2026-03-26T08:35:00+00:00
2502,2502.T,2502.jp,2001-02-22,285.68,288.75,283.12,285.94,2613427,https://stooq.com/q/d/l/?s=2502.jp&i=d,2026-03-26T08:35:00+00:00
2502,2502.T,2502.jp,2001-02-23,281.84,287.99,281.84,286.45,2617327,https://stooq.com/q/d/l/?s=2502.jp&i=d,2026-03-26T08:35:00+00:00
2502,2502.T,2502.jp,2001-02-26,285.42,289.26,285.42,286.71,2531388,https://stooq.com/q/d/l/?s=2502.jp&i=d,2026-03-26T08:35:00+00:00
2502,2502.T,2502.jp,2001-02-27,291.83,292.59,286.71,288.75,3039226,https://stooq.com/q/d/l/?s=2502.jp&i=d,2026-03-26T08:35:00+00:00
2502,2502.T,2502.jp,2001-02-28,291.31,296.94,291.06,291.83,6621454,https://stooq.com/q/d/l/?s=2502.jp&i=d,2026-03-26T08:35:00+00:00
2502,2502.T,2502.jp,2001-03-01,289.52,295.67,287.21,291.83,3683796,https://stooq.com/q/d/l/?s=2502.jp&i=d,2026-03-26T08:35:00+00:00
2502,2502.T,2502.jp,2001-03-02,294.38,298.99,288.24,288.24,6180016,https://stooq.com/q/d/l/?s=2502.jp&i=d,2026-03-26T08:35:00+00:00
2502,2502.T,2502.jp,2001-03-05,288.24,294.13,288.24,290.80,2941564,https://stooq.com/q/d/l/?s=2502.jp&i=d,2026-03-26T08:35:00+00:00
2502,2502.T,2502.jp,2001-03-06,290.54,293.10,287.48,293.10,3816616,https://stooq.com/q/d/l/?s=2502.jp&i=d,2026-03-26T08:35:00+00:00
2502,2502.T,2502.jp,2001-03-07,289.77,291.31,285.42,291.06,4160386,https://stooq.com/q/d/l/?s=2502.jp&i=d,2026-03-26T08:35:00+00:00
2502,2502.T,2502.jp,2001-03-08,285.94,290.29,285.94,290.03,2320432,https://stooq.com/q/d/l/?s=2502.jp&i=d,2026-03-26T08:35:00+00:00
2502,2502.T,2502.jp,2001-03-09,284.91,292.85,284.91,289.77,11168581,https://stooq.com/q/d/l/?s=2502.jp&i=d,2026-03-26T08:35:00+00:00
2502,2502.T,2502.jp,2001-03-12,286.19,288.75,284.40,285.94,3593944,https://stooq.com/q/d/l/?s=2502.jp&i=d,2026-03-26T08:35:00+00:00
2502,2502.T,2502.jp,2001-03-13,284.91,288.50,281.58,282.10,4207260,https://stooq.com/q/d/l/?s=2502.jp&i=d,2026-03-26T08:35:00+00:00
2502,2502.T,2502.jp,2001-03-14,283.63,284.15,278.77,279.28,4347893,https://stooq.com/q/d/l/?s=2502.jp&i=d,2026-03-26T08:35:00+00:00
2502,2502.T,2502.jp,2001-03-15,281.58,297.46,279.28,296.94,6152675,https://stooq.com/q/d/l/?s=2502.jp&i=d,2026-03-26T08:35:00+00:00
2502,2502.T,2502.jp,2001-03-16,293.87,296.44,289.52,289.52,5293262,https://stooq.com/q/d/l/?s=2502.jp&i=d,2026-03-26T08:35:00+00:00
2502,2502.T,2502.jp,2001-03-19,284.15,287.99,277.75,278.51,7180083,https://stooq.com/q/d/l/?s=2502.jp&i=d,2026-03-26T08:35:00+00:00
2502,2502.T,2502.jp,2001-03-21,278.00,292.33,277.23,292.33,6734749,https://stooq.com/q/d/l/?s=2502.jp&i=d,2026-03-26T08:35:00+00:00
2502,2502.T,2502.jp,2001-03-22,291.06,293.36,286.71,289.77,5363582,https://stooq.com/q/d/l/?s=2502.jp&i=d,2026-03-26T08:35:00+00:00
2502,2502.T,2502.jp,2001-03-23,281.84,287.73,281.84,285.42,3890829,https://stooq.com/q/d/l/?s=2502.jp&i=d,2026-03-26T08:35:00+00:00
2502,2502.T,2502.jp,2001-03-26,284.15,294.38,279.53,294.38,5211222,https://stooq.com/q/d/l/?s=2502.jp&i=d,2026-03-26T08:35:00+00:00
2502,2502.T,2502.jp,2001-03-27,289.52,293.61,286.96,293.61,4355709,https://stooq.com/q/d/l/?s=2502.jp&i=d,2026-03-26T08:35:00+00:00
2502,2502.T,2502.jp,2001-03-28,298.74,303.60,296.18,299.76,7793392,https://stooq.com/q/d/l/?s=2502.jp&i=d,2026-03-26T08:35:00+00:00
2502,2502.T,2502.jp,2001-03-29,299.76,304.11,297.19,303.34,4847924,https://stooq.com/q/d/l/?s=2502.jp&i=d,2026-03-26T08:35:00+00:00
2502,2502.T,2502.jp,2001-03-30,305.90,313.32,305.13,305.90,10895135,https://stooq.com/q/d/l/?s=2502.jp&i=d,2026-03-26T08:35:00+00:00
2502,2502.T,2502.jp,2001-04-02,302.32,304.62,297.19,301.81,4211163,https://stooq.com/q/d/l/?s=2502.jp&i=d,2026-03-26T08:35:00+00:00
2502,2502.T,2502.jp,2001-04-03,305.13,313.85,305.13,309.49,4898708,https://stooq.com/q/d/l/?s=2502.jp&i=d,2026-03-26T08:35:00+00:00
2502,2502.T,2502.jp,2001-04-04,314.60,322.54,312.30,318.96,11125606,https://stooq.com/q/d/l/?s=2502.jp&i=d,2026-03-26T08:35:00+00:00
2502,2502.T,2502.jp,2001-04-05,324.08,326.39,321.52,321.52,7160551,https://stooq.com/q/d/l/?s=2502.jp&i=d,2026-03-26T08:35:00+00:00
2502,2502.T,2502.jp,2001-04-06,324.33,326.39,322.04,323.82,7410561,https://stooq.com/q/d/l/?s=2502.jp&i=d,2026-03-26T08:35:00+00:00
2502,2502.T,2502.jp,2001-04-09,322.04,322.04,318.96,319.99,5320607,https://stooq.com/q/d/l/?s=2502.jp&i=d,2026-03-26T08:35:00+00:00
2502,2502.T,2502.jp,2001-04-10,319.73,322.04,316.14,316.91,4465087,https://stooq.com/q/d/l/?s=2502.jp&i=d,2026-03-26T08:35:00+00:00
2502,2502.T,2502.jp,2001-04-11,319.99,322.28,314.09,319.99,5726873,https://stooq.com/q/d/l/?s=2502.jp&i=d,2026-03-26T08:35:00+00:00
2502,2502.T,2502.jp,2001-04-12,318.19,319.99,314.86,319.22,4883079,https://stooq.com/q/d/l/?s=2502.jp&i=d,2026-03-26T08:35:00+00:00
2502,2502.T,2502.jp,2001-04-13,319.99,327.42,318.70,325.10,8477024,https://stooq.com/q/d/l/?s=2502.jp&i=d,2026-03-26T08:35:00+00:00
2502,2502.T,2502.jp,2001-04-16,327.67,334.06,326.39,330.22,7262119,https://stooq.com/q/d/l/?s=2502.jp&i=d,2026-03-26T08:35:00+00:00
2502,2502.T,2502.jp,2001-04-17,333.81,334.58,332.02,334.31,7465248,https://stooq.com/q/d/l/?s=2502.jp&i=d,2026-03-26T08:35:00+00:00
2502,2502.T,2502.jp,2001-04-18,335.85,339.96,334.83,338.93,15082860,https://stooq.com/q/d/l/?s=2502.jp&i=d,2026-03-26T08:35:00+00:00
2502,2502.T,2502.jp,2001-04-19,343.01,344.05,337.90,339.18,9020023,https://stooq.com/q/d/l/?s=2502.jp&i=d,2026-03-26T08:35:00+00:00
2502,2502.T,2502.jp,2001-04-20,342.25,345.32,340.46,344.56,8238733,https://stooq.com/q/d/l/?s=2502.jp&i=d,2026-03-26T08:35:00+00:00
2502,2502.T,2502.jp,2001-04-23,344.56,347.37,343.78,345.07,6984753,https://stooq.com/q/d/l/?s=2502.jp&i=d,2026-03-26T08:35:00+00:00
2502,2502.T,2502.jp,2001-04-24,345.32,350.19,343.01,348.14,9086433,https://stooq.com/q/d/l/?s=2502.jp&i=d,2026-03-26T08:35:00+00:00
2502,2502.T,2502.jp,2001-04-25,347.88,349.94,345.59,349.17,9457548,https://stooq.com/q/d/l/?s=2502.jp&i=d,2026-03-26T08:35:00+00:00
2502,2502.T,2502.jp,2001-04-26,349.42,353.00,348.39,350.70,9856004,https://stooq.com/q/d/l/?s=2502.jp&i=d,2026-03-26T08:35:00+00:00
2502,2502.T,2502.jp,2001-04-27,353.26,354.29,349.68,354.29,12215515,https://stooq.com/q/d/l/?s=2502.jp&i=d,2026-03-26T08:35:00+00:00
2502,2502.T,2502.jp,2001-05-01,358.12,364.01,356.59,364.01,10246654,https://stooq.com/q/d/l/?s=2502.jp&i=d,2026-03-26T08:35:00+00:00
2502,2502.T,2502.jp,2001-05-02,368.63,369.64,362.72,367.59,10984980,https://stooq.com/q/d/l/?s=2502.jp&i=d,2026-03-26T08:35:00+00:00
2502,2502.T,2502.jp,2001-05-07,362.47,363.50,348.14,348.65,13246823,https://stooq.com/q/d/l/?s=2502.jp&i=d,2026-03-26T08:35:00+00:00
2502,2502.T,2502.jp,2001-05-08,343.01,350.19,339.18,344.56,8184039,https://stooq.com/q/d/l/?s=2502.jp&i=d,2026-03-26T08:35:00+00:00
2502,2502.T,2502.jp,2001-05-09,345.07,354.54,342.00,352.50,8809077,https://stooq.com/q/d/l/?s=2502.jp&i=d,2026-03-26T08:35:00+00:00
2502,2502.T,2502.jp,2001-05-10,342.25,346.61,336.62,340.46,12559281,https://stooq.com/q/d/l/?s=2502.jp&i=d,2026-03-26T08:35:00+00:00
2502,2502.T,2502.jp,2001-05-11,340.46,340.46,330.73,336.11,10371661,https://stooq.com/q/d/l/?s=2502.jp&i=d,2026-03-26T08:35:00+00:00
2502,2502.T,2502.jp,2001-05-14,338.93,341.23,332.79,336.36,5851880,https://stooq.com/q/d/l/?s=2502.jp&i=d,2026-03-26T08:35:00+00:00
2502,2502.T,2502.jp,2001-05-15,339.18,339.96,334.06,337.39,5469056,https://stooq.com/q/d/l/?s=2502.jp&i=d,2026-03-26T08:35:00+00:00
2502,2502.T,2502.jp,2001-05-16,339.18,339.18,333.03,333.03,5387017,https://stooq.com/q/d/l/?s=2502.jp&i=d,2026-03-26T08:35:00+00:00
2502,2502.T,2502.jp,2001-05-17,338.41,338.41,334.31,337.39,7512126,https://stooq.com/q/d/l/?s=2502.jp&i=d,2026-03-26T08:35:00+00:00
2502,2502.T,2502.jp,2001-05-18,342.52,344.81,335.85,335.85,6015955,https://stooq.com/q/d/l/?s=2502.jp&i=d,2026-03-26T08:35:00+00:00
2502,2502.T,2502.jp,2001-05-21,340.20,343.54,339.18,343.29,6058919,https://stooq.com/q/d/l/?s=2502.jp&i=d,2026-03-26T08:35:00+00:00
2502,2502.T,2502.jp,2001-05-22,344.30,346.61,336.88,338.16,4883079,https://stooq.com/q/d/l/?s=2502.jp&i=d,2026-03-26T08:35:00+00:00
2502,2502.T,2502.jp,2001-05-23,335.60,341.48,333.81,337.39,3789271,https://stooq.com/q/d/l/?s=2502.jp&i=d,2026-03-26T08:35:00+00:00
2502,2502.T,2502.jp,2001-05-24,333.81,335.85,332.79,333.81,3261901,https://stooq.com/q/d/l/?s=2502.jp&i=d,2026-03-26T08:35:00+00:00
2502,2502.T,2502.jp,2001-05-25,332.79,334.83,326.64,327.67,4500238,https://stooq.com/q/d/l/?s=2502.jp&i=d,2026-03-26T08:35:00+00:00
2502,2502.T,2502.jp,2001-05-28,326.39,329.71,325.10,325.37,2976729,https://stooq.com/q/d/l/?s=2502.jp&i=d,2026-03-26T08:35:00+00:00
2502,2502.T,2502.jp,2001-05-29,327.67,332.02,326.64,330.49,2648575,https://stooq.com/q/d/l/?s=2502.jp&i=d,2026-03-26T08:35:00+00:00
2502,2502.T,2502.jp,2001-05-30,329.71,331.50,324.85,325.87,4527597,https://stooq.com/q/d/l/?s=2502.jp&i=d,2026-03-26T08:35:00+00:00
2502,2502.T,2502.jp,2001-05-31,329.45,332.52,326.13,328.94,3547070,https://stooq.com/q/d/l/?s=2502.jp&i=d,2026-03-26T08:35:00+00:00
2502,2502.T,2502.jp,2001-06-01,332.79,332.79,325.10,328.94,4343986,https://stooq.com/q/d/l/?s=2502.jp&i=d,2026-03-26T08:35:00+00:00
2502,2502.T,2502.jp,2001-06-04,329.71,331.25,328.94,329.45,1718846,https://stooq.com/q/d/l/?s=2502.jp&i=d,2026-03-26T08:35:00+00:00
2502,2502.T,2502.jp,2001-06-05,332.27,336.62,328.69,336.62,4656507,https://stooq.com/q/d/l/?s=2502.jp&i=d,2026-03-26T08:35:00+00:00
2502,2502.T,2502.jp,2001-06-06,336.36,336.62,330.99,331.25,2148551,https://stooq.com/q/d/l/?s=2502.jp&i=d,2026-03-26T08:35:00+00:00
2502,2502.T,2502.jp,2001-06-07,336.36,337.64,332.79,335.09,4176018,https://stooq.com/q/d/l/?s=2502.jp&i=d,2026-03-26T08:35:00+00:00
2502,2502.T,2502.jp,2001-06-08,340.20,340.20,331.50,335.34,11824868,https://stooq.com/q/d/l/?s=2502.jp&i=d,2026-03-26T08:35:00+00:00
2502,2502.T,2502.jp,2001-06-11,332.52,339.96,331.50,338.93,4554936,https://stooq.com/q/d/l/?s=2502.jp&i=d,2026-03-26T08:35:00+00:00
2502,2502.T,2502.jp,2001-06-12,344.05,351.46,343.01,348.14,11621731,https://stooq.com/q/d/l/?s=2502.jp&i=d,2026-03-26T08:35:00+00:00
2502,2502.T,2502.jp,2001-06-13,353.26,359.40,352.23,356.33,14102329,https://stooq.com/q/d/l/?s=2502.jp&i=d,2026-03-26T08:35:00+00:00
2502,2502.T,2502.jp,2001-06-14,356.33,356.59,348.39,348.65,3652548,https://stooq.com/q/d/l/?s=2502.jp&i=d,2026-03-26T08:35:00+00:00
2502,2502.T,2502.jp,2001-06-15,343.78,348.14,343.01,348.14,6246430,https://stooq.com/q/d/l/?s=2502.jp&i=d,2026-03-26T08:35:00+00:00
2502,2502.T,2502.jp,2001-06-18,341.48,347.37,341.48,344.56,1371170,https://stooq.com/q/d/l/?s=2502.jp&i=d,2026-03-26T08:35:00+00:00
2502,2502.T,2502.jp,2001-06-19,344.81,347.88,339.18,342.77,3828336,https://stooq.com/q/d/l/?s=2502.jp&i=d,2026-03-26T08:35:00+00:00
2502,2502.T,2502.jp,2001-06-20,345.59,350.95,345.59,349.94,3597858,https://stooq.com/q/d/l/?s=2502.jp&i=d,2026-03-26T08:35:00+00:00
2502,2502.T,2502.jp,2001-06-21,353.26,357.61,353.26,356.59,6402702,https://stooq.com/q/d/l/?s=2502.jp&i=d,2026-03-26T08:35:00+00:00
2502,2502.T,2502.jp,2001-06-22,352.74,356.59,349.42,355.05,5652650,https://stooq.com/q/d/l/?s=2502.jp&i=d,2026-03-26T08:35:00+00:00
2502,2502.T,2502.jp,2001-06-25,355.05,358.12,352.74,355.56,4062721,https://stooq.com/q/d/l/?s=2502.jp&i=d,2026-03-26T08:35:00+00:00
2502,2502.T,2502.jp,2001-06-26,354.03,357.61,354.03,357.11,2293097,https://stooq.com/q/d/l/?s=2502.jp&i=d,2026-03-26T08:35:00+00:00
2502,2502.T,2502.jp,2001-06-27,356.59,356.85,354.79,354.79,2320432,https://stooq.com/q/d/l/?s=2502.jp&i=d,2026-03-26T08:35:00+00:00
2502,2502.T,2502.jp,2001-06-28,355.81,355.81,349.94,354.54,2718902,https://stooq.com/q/d/l/?s=2502.jp&i=d,2026-03-26T08:35:00+00:00
2502,2502.T,2502.jp,2001-06-29,355.81,358.12,353.26,358.12,3898645,https://stooq.com/q/d/l/?s=2502.jp&i=d,2026-03-26T08:35:00+00:00
2502,2502.T,2502.jp,2001-07-02,357.61,357.86,355.31,356.33,2558733,https://stooq.com/q/d/l/?s=2502.jp&i=d,2026-03-26T08:35:00+00:00
2502,2502.T,2502.jp,2001-07-03,357.61,363.24,357.11,361.71,7019918,https://stooq.com/q/d/l/?s=2502.jp&i=d,2026-03-26T08:35:00+00:00
2502,2502.T,2502.jp,2001-07-04,358.89,358.89,351.46,356.33,5543272,https://stooq.com/q/d/l/?s=2502.jp&i=d,2026-03-26T08:35:00+00:00
2502,2502.T,2502.jp,2001-07-05,358.37,358.37,355.05,356.59,3328308,https://stooq.com/q/d/l/?s=2502.jp&i=d,2026-03-26T08:35:00+00:00
2502,2502.T,2502.jp,2001-07-06,358.12,362.99,357.11,361.20,6340189,https://stooq.com/q/d/l/?s=2502.jp&i=d,2026-03-26T08:35:00+00:00
2502,2502.T,2502.jp,2001-07-09,360.43,360.69,356.07,359.15,2328248,https://stooq.com/q/d/l/?s=2502.jp&i=d,2026-03-26T08:35:00+00:00
2502,2502.T,2502.jp,2001-07-10,358.12,358.12,353.77,356.59,2300910,https://stooq.com/q/d/l/?s=2502.jp&i=d,2026-03-26T08:35:00+00:00
2502,2502.T,2502.jp,2001-07-11,353.51,355.31,351.97,352.50,2457169,https://stooq.com/q/d/l/?s=2502.jp&i=d,2026-03-26T08:35:00+00:00
2502,2502.T,2502.jp,2001-07-12,345.83,349.42,343.78,349.42,11430314,https://stooq.com/q/d/l/?s=2502.jp&i=d,2026-03-26T08:35:00+00:00
2502,2502.T,2502.jp,2001-07-13,339.18,344.30,339.18,343.29,10344313,https://stooq.com/q/d/l/?s=2502.jp&i=d,2026-03-26T08:35:00+00:00
2502,2502.T,2502.jp,2001-07-16,343.29,350.70,343.29,349.68,7195705,https://stooq.com/q/d/l/?s=2502.jp&i=d,2026-03-26T08:35:00+00:00
2502,2502.T,2502.jp,2001-07-17,344.30,347.37,343.01,345.59,2773596,https://stooq.com/q/d/l/?s=2502.jp&i=d,2026-03-26T08:35:00+00:00
2502,2502.T,2502.jp,2001-07-18,343.54,345.59,338.93,339.96,3699415,https://stooq.com/q/d/l/?s=2502.jp&i=d,2026-03-26T08:35:00+00:00
2502,2502.T,2502.jp,2001-07-19,339.96,341.75,332.02,333.55,6019862,https://stooq.com/q/d/l/?s=2502.jp&i=d,2026-03-26T08:35:00+00:00
2502,2502.T,2502.jp,2001-07-23,329.45,329.71,320.24,325.10,9008304,https://stooq.com/q/d/l/?s=2502.jp&i=d,2026-03-26T08:35:00+00:00
2502,2502.T,2502.jp,2001-07-24,325.10,332.27,325.10,331.25,5211222,https://stooq.com/q/d/l/?s=2502.jp&i=d,2026-03-26T08:35:00+00:00
2502,2502.T,2502.jp,2001-07-25,332.79,333.55,328.94,332.02,3480660,https://stooq.com/q/d/l/?s=2502.jp&i=d,2026-03-26T08:35:00+00:00
2502,2502.T,2502.jp,2001-07-26,332.02,336.36,330.49,333.29,3215013,https://stooq.com/q/d/l/?s=2502.jp&i=d,2026-03-26T08:35:00+00:00
2502,2502.T,2502.jp,2001-07-27,333.29,336.62,332.27,332.79,2203245,https://stooq.com/q/d/l/?s=2502.jp&i=d,2026-03-26T08:35:00+00:00
2502,2502.T,2502.jp,2001-07-30,337.90,339.18,334.83,337.64,5094032,https://stooq.com/q/d/l/?s=2502.jp&i=d,2026-03-26T08:35:00+00:00
2502,2502.T,2502.jp,2001-07-31,340.46,345.32,337.64,343.29,6656616,https://stooq.com/q/d/l/?s=2502.jp&i=d,2026-03-26T08:35:00+00:00
2502,2502.T,2502.jp,2001-08-01,348.14,348.65,344.81,346.86,5820632,https://stooq.com/q/d/l/?s=2502.jp&i=d,2026-03-26T08:35:00+00:00
2502,2502.T,2502.jp,2001-08-02,346.86,350.44,344.30,349.42,7527752,https://stooq.com/q/d/l/?s=2502.jp&i=d,2026-03-26T08:35:00+00:00
2502,2502.T,2502.jp,2001-08-03,342.00,343.29,337.90,339.44,7144925,https://stooq.com/q/d/l/?s=2502.jp&i=d,2026-03-26T08:35:00+00:00
2502,2502.T,2502.jp,2001-08-06,340.46,344.81,340.46,341.75,2918125,https://stooq.com/q/d/l/?s=2502.jp&i=d,2026-03-26T08:35:00+00:00
2502,2502.T,2502.jp,2001-08-07,340.46,345.59,338.68,343.78,3777552,https://stooq.com/q/d/l/?s=2502.jp&i=d,2026-03-26T08:35:00+00:00
2502,2502.T,2502.jp,2001-08-08,343.78,343.78,335.09,337.14,6430037,https://stooq.com/q/d/l/?s=2502.jp&i=d,2026-03-26T08:35:00+00:00
2502,2502.T,2502.jp,2001-08-09,332.79,340.20,326.39,328.43,10207593,https://stooq.com/q/d/l/?s=2502.jp&i=d,2026-03-26T08:35:00+00:00
2502,2502.T,2502.jp,2001-08-10,323.82,328.18,320.75,321.52,8930174,https://stooq.com/q/d/l/?s=2502.jp&i=d,2026-03-26T08:35:00+00:00
2502,2502.T,2502.jp,2001-08-13,320.75,321.52,316.40,318.96,5129183,https://stooq.com/q/d/l/?s=2502.jp&i=d,2026-03-26T08:35:00+00:00
2502,2502.T,2502.jp,2001-08-14,324.08,327.67,320.24,323.82,3906472,https://stooq.com/q/d/l/?s=2502.jp&i=d,2026-03-26T08:35:00+00:00
2502,2502.T,2502.jp,2001-08-15,328.94,330.49,324.59,327.67,4133040,https://stooq.com/q/d/l/?s=2502.jp&i=d,2026-03-26T08:35:00+00:00
2502,2502.T,2502.jp,2001-08-16,323.31,326.64,322.81,324.33,2441543,https://stooq.com/q/d/l/?s=2502.jp&i=d,2026-03-26T08:35:00+00:00
2502,2502.T,2502.jp,2001-08-17,323.06,327.42,322.81,323.06,2304809,https://stooq.com/q/d/l/?s=2502.jp&i=d,2026-03-26T08:35:00+00:00
2502,2502.T,2502.jp,2001-08-20,319.99,320.24,315.63,317.93,3898645,https://stooq.com/q/d/l/?s=2502.jp&i=d,2026-03-26T08:35:00+00:00
2502,2502.T,2502.jp,2001-08-21,318.45,321.52,317.42,317.67,2566543,https://stooq.com/q/d/l/?s=2502.jp&i=d,2026-03-26T08:35:00+00:00
2502,2502.T,2502.jp,2001-08-22,319.73,326.13,317.42,318.70,2418104,https://stooq.com/q/d/l/?s=2502.jp&i=d,2026-03-26T08:35:00+00:00
2502,2502.T,2502.jp,2001-08-23,319.99,321.27,317.67,317.67,2562640,https://stooq.com/q/d/l/?s=2502.jp&i=d,2026-03-26T08:35:00+00:00
2502,2502.T,2502.jp,2001-08-24,319.99,322.04,317.67,320.24,2476704,https://stooq.com/q/d/l/?s=2502.jp&i=d,2026-03-26T08:35:00+00:00
2502,2502.T,2502.jp,2001-08-27,321.27,321.27,308.98,309.74,5062777,https://stooq.com/q/d/l/?s=2502.jp&i=d,2026-03-26T08:35:00+00:00
2502,2502.T,2502.jp,2001-08-28,309.74,309.74,305.13,308.72,3937717,https://stooq.com/q/d/l/?s=2502.jp&i=d,2026-03-26T08:35:00+00:00
2502,2502.T,2502.jp,2001-08-29,305.39,306.67,301.04,302.32,4504155,https://stooq.com/q/d/l/?s=2502.jp&i=d,2026-03-26T08:35:00+00:00
2502,2502.T,2502.jp,2001-08-30,299.76,304.36,297.96,304.36,3840059,https://stooq.com/q/d/l/?s=2502.jp&i=d,2026-03-26T08:35:00+00:00
2502,2502.T,2502.jp,2001-08-31,301.55,304.62,300.27,303.34,5652650,https://stooq.com/q/d/l/?s=2502.jp&i=d,2026-03-26T08:35:00+00:00
2502,2502.T,2502.jp,2001-09-03,298.74,305.13,298.74,300.52,4000217,https://stooq.com/q/d/l/?s=2502.jp&i=d,2026-03-26T08:35:00+00:00
2502,2502.T,2502.jp,2001-09-04,300.27,301.55,295.67,299.51,6414415,https://stooq.com/q/d/l/?s=2502.jp&i=d,2026-03-26T08:35:00+00:00
2502,2502.T,2502.jp,2001-09-05,296.44,298.99,291.31,294.63,4664324,https://stooq.com/q/d/l/?s=2502.jp&i=d,2026-03-26T08:35:00+00:00
2502,2502.T,2502.jp,2001-09-06,293.10,296.69,289.77,290.80,6820688,https://stooq.com/q/d/l/?s=2502.jp&i=d,2026-03-26T08:35:00+00:00
2502,2502.T,2502.jp,2001-09-07,289.26,289.26,278.77,281.08,8844239,https://stooq.com/q/d/l/?s=2502.jp&i=d,2026-03-26T08:35:00+00:00
2502,2502.T,2502.jp,2001-09-10,275.95,280.31,272.62,272.88,8117629,https://stooq.com/q/d/l/?s=2502.jp&i=d,2026-03-26T08:35:00+00:00
2502,2502.T,2502.jp,2001-09-11,278.00,285.68,275.19,279.53,4785417,https://stooq.com/q/d/l/?s=2502.jp&i=d,2026-03-26T08:35:00+00:00
2502,2502.T,2502.jp,2001-09-12,268.79,276.46,264.95,268.02,5676092,https://stooq.com/q/d/l/?s=2502.jp&i=d,2026-03-26T08:35:00+00:00
2502,2502.T,2502.jp,2001-09-13,270.58,276.72,269.30,273.39,4121321,https://stooq.com/q/d/l/?s=2502.jp&i=d,2026-03-26T08:35:00+00:00
2502,2502.T,2502.jp,2001-09-14,275.69,281.58,275.69,281.58,7426187,https://stooq.com/q/d/l/?s=2502.jp&i=d,2026-03-26T08:35:00+00:00
2502,2502.T,2502.jp,2001-09-17,273.90,277.75,271.35,274.42,3875207,https://stooq.com/q/d/l/?s=2502.jp&i=d,2026-03-26T08:35:00+00:00
2502,2502.T,2502.jp,2001-09-18,278.51,287.99,278.51,284.15,6933972,https://stooq.com/q/d/l/?s=2502.jp&i=d,2026-03-26T08:35:00+00:00
2502,2502.T,2502.jp,2001-09-19,287.73,303.34,284.40,300.52,13715589,https://stooq.com/q/d/l/?s=2502.jp&i=d,2026-03-26T08:35:00+00:00
2502,2502.T,2502.jp,2001-09-20,303.09,304.36,296.94,303.86,7070695,https://stooq.com/q/d/l/?s=2502.jp&i=d,2026-03-26T08:35:00+00:00
2502,2502.T,2502.jp,2001-09-21,303.86,307.70,299.76,305.13,6906630,https://stooq.com/q/d/l/?s=2502.jp&i=d,2026-03-26T08:35:00+00:00
2502,2502.T,2502.jp,2001-09-25,308.98,313.32,306.16,312.30,8348117,https://stooq.com/q/d/l/?s=2502.jp&i=d,2026-03-26T08:35:00+00:00
2502,2502.T,2502.jp,2001-09-26,313.58,317.67,311.79,317.17,10070863,https://stooq.com/q/d/l/?s=2502.jp&i=d,2026-03-26T08:35:00+00:00
2502,2502.T,2502.jp,2001-09-27,311.28,316.40,310.26,314.86,4836205,https://stooq.com/q/d/l/?s=2502.jp&i=d,2026-03-26T08:35:00+00:00
2502,2502.T,2502.jp,2001-09-28,310.51,316.14,310.26,312.82,4656507,https://stooq.com/q/d/l/?s=2502.jp&i=d,2026-03-26T08:35:00+00:00
2502,2502.T,2502.jp,2001-10-01,314.09,319.47,312.82,317.42,6676145,https://stooq.com/q/d/l/?s=2502.jp&i=d,2026-03-26T08:35:00+00:00
2502,2502.T,2502.jp,2001-10-02,317.17,324.85,315.63,324.59,8019974,https://stooq.com/q/d/l/?s=2502.jp&i=d,2026-03-26T08:35:00+00:00
2502,2502.T,2502.jp,2001-10-03,326.39,330.73,323.82,328.43,8641095,https://stooq.com/q/d/l/?s=2502.jp&i=d,2026-03-26T08:35:00+00:00
2502,2502.T,2502.jp,2001-10-04,328.43,329.71,325.10,328.43,6562861,https://stooq.com/q/d/l/?s=2502.jp&i=d,2026-03-26T08:35:00+00:00
2502,2502.T,2502.jp,2001-10-05,328.43,330.49,326.13,329.71,5539362,https://stooq.com/q/d/l/?s=2502.jp&i=d,2026-03-26T08:35:00+00:00
2502,2502.T,2502.jp,2001-10-09,327.42,327.42,324.33,324.85,5508114,https://stooq.com/q/d/l/?s=2502.jp&i=d,2026-03-26T08:35:00+00:00
2502,2502.T,2502.jp,2001-10-10,327.67,333.03,325.87,330.22,9883353,https://stooq.com/q/d/l/?s=2502.jp&i=d,2026-03-26T08:35:00+00:00
2502,2502.T,2502.jp,2001-10-11,330.49,333.81,325.87,329.19,9418483,https://stooq.com/q/d/l/?s=2502.jp&i=d,2026-03-26T08:35:00+00:00
2502,2502.T,2502.jp,2001-10-12,332.79,333.55,325.10,330.73,13028050,https://stooq.com/q/d/l/?s=2502.jp&i=d,2026-03-26T08:35:00+00:00
2502,2502.T,2502.jp,2001-10-15,325.61,329.71,318.70,318.70,7973093,https://stooq.com/q/d/l/?s=2502.jp&i=d,2026-03-26T08:35:00+00:00
2502,2502.T,2502.jp,2001-10-16,319.47,330.22,319.47,327.15,3101733,https://stooq.com/q/d/l/?s=2502.jp&i=d,2026-03-26T08:35:00+00:00
2502,2502.T,2502.jp,2001-10-17,325.37,325.61,318.70,321.52,3683796,https://stooq.com/q/d/l/?s=2502.jp&i=d,2026-03-26T08:35:00+00:00
2502,2502.T,2502.jp,2001-10-18,314.86,319.73,311.02,314.09,5910474,https://stooq.com/q/d/l/?s=2502.jp&i=d,2026-03-26T08:35:00+00:00
2502,2502.T,2502.jp,2001-10-19,309.74,314.09,307.18,313.32,4121321,https://stooq.com/q/d/l/?s=2502.jp&i=d,2026-03-26T08:35:00+00:00
2502,2502.T,2502.jp,2001-10-22,308.46,312.56,308.46,310.00,2437633,https://stooq.com/q/d/l/?s=2502.jp&i=d,2026-03-26T08:35:00+00:00
2502,2502.T,2502.jp,2001-10-23,315.12,315.12,309.49,314.35,3250175,https://stooq.com/q/d/l/?s=2502.jp&i=d,2026-03-26T08:35:00+00:00
2502,2502.T,2502.jp,2001-10-24,314.35,319.47,312.56,315.38,3343927,https://stooq.com/q/d/l/?s=2502.jp&i=d,2026-03-26T08:35:00+00:00
2502,2502.T,2502.jp,2001-10-25,317.17,323.31,316.14,321.27,3562689,https://stooq.com/q/d/l/?s=2502.jp&i=d,2026-03-26T08:35:00+00:00
2502,2502.T,2502.jp,2001-10-26,326.39,327.15,323.31,326.39,4320554,https://stooq.com/q/d/l/?s=2502.jp&i=d,2026-03-26T08:35:00+00:00
2502,2502.T,2502.jp,2001-10-29,326.39,327.67,321.77,321.77,3015787,https://stooq.com/q/d/l/?s=2502.jp&i=d,2026-03-26T08:35:00+00:00
2502,2502.T,2502.jp,2001-10-30,319.99,322.81,317.17,319.99,3355657,https://stooq.com/q/d/l/?s=2502.jp&i=d,2026-03-26T08:35:00+00:00
2502,2502.T,2502.jp,2001-10-31,325.10,328.69,324.33,327.15,5000277,https://stooq.com/q/d/l/?s=2502.jp&i=d,2026-03-26T08:35:00+00:00
2502,2502.T,2502.jp,2001-11-01,327.15,327.15,312.56,313.58,4703385,https://stooq.com/q/d/l/?s=2502.jp&i=d,2026-03-26T08:35:00+00:00
2502,2502.T,2502.jp,2001-11-02,319.47,319.47,311.79,313.58,3340027,https://stooq.com/q/d/l/?s=2502.jp&i=d,2026-03-26T08:35:00+00:00
2502,2502.T,2502.jp,2001-11-05,308.46,317.42,308.46,315.38,3300962,https://stooq.com/q/d/l/?s=2502.jp&i=d,2026-03-26T08:35:00+00:00
2502,2502.T,2502.jp,2001-11-06,319.99,321.27,315.38,320.24,2894690,https://stooq.com/q/d/l/?s=2502.jp&i=d,2026-03-26T08:35:00+00:00
2502,2502.T,2502.jp,2001-11-07,316.14,318.96,311.54,311.79,2586079,https://stooq.com/q/d/l/?s=2502.jp&i=d,2026-03-26T08:35:00+00:00
2502,2502.T,2502.jp,2001-11-08,316.91,316.91,311.28,313.58,4285396,https://stooq.com/q/d/l/?s=2502.jp&i=d,2026-03-26T08:35:00+00:00
2502,2502.T,2502.jp,2001-11-09,313.58,317.42,313.58,315.12,5164345,https://stooq.com/q/d/l/?s=2502.jp&i=d,2026-03-26T08:35:00+00:00
2502,2502.T,2502.jp,2001-11-12,313.58,318.96,313.32,314.09,3734584,https://stooq.com/q/d/l/?s=2502.jp&i=d,2026-03-26T08:35:00+00:00
2502,2502.T,2502.jp,2001-11-13,314.09,315.38,311.54,314.86,2105590,https://stooq.com/q/d/l/?s=2502.jp&i=d,2026-03-26T08:35:00+00:00
2502,2502.T,2502.jp,2001-11-14,312.30,313.85,308.46,308.98,3523635,https://stooq.com/q/d/l/?s=2502.jp&i=d,2026-03-26T08:35:00+00:00
2502,2502.T,2502.jp,2001-11-15,307.70,313.58,305.90,313.08,3054851,https://stooq.com/q/d/l/?s=2502.jp&i=d,2026-03-26T08:35:00+00:00
2502,2502.T,2502.jp,2001-11-16,307.95,310.51,303.34,304.11,4371325,https://stooq.com/q/d/l/?s=2502.jp&i=d,2026-03-26T08:35:00+00:00
2502,2502.T,2502.jp,2001-11-19,303.34,306.16,301.04,305.65,5140899,https://stooq.com/q/d/l/?s=2502.jp&i=d,2026-03-26T08:35:00+00:00
2502,2502.T,2502.jp,2001-11-20,304.88,306.67,302.83,305.65,5152625,https://stooq.com/q/d/l/?s=2502.jp&i=d,2026-03-26T08:35:00+00:00
2502,2502.T,2502.jp,2001-11-21,307.18,313.85,306.93,309.49,6668335,https://stooq.com/q/d/l/?s=2502.jp&i=d,2026-03-26T08:35:00+00:00
2502,2502.T,2502.jp,2001-11-22,309.74,312.30,307.18,309.49,4078343,https://stooq.com/q/d/l/?s=2502.jp&i=d,2026-03-26T08:35:00+00:00
2502,2502.T,2502.jp,2001-11-26,310.76,317.42,310.76,317.42,4496339,https://stooq.com/q/d/l/?s=2502.jp&i=d,2026-03-26T08:35:00+00:00
2502,2502.T,2502.jp,2001-11-27,316.91,318.19,312.82,313.58,3050945,https://stooq.com/q/d/l/?s=2502.jp&i=d,2026-03-26T08:35:00+00:00
2502,2502.T,2502.jp,2001-11-28,311.02,315.89,307.70,308.98,2269648,https://stooq.com/q/d/l/?s=2502.jp&i=d,2026-03-26T08:35:00+00:00
2502,2502.T,2502.jp,2001-11-29,308.98,314.60,305.13,308.98,4269767,https://stooq.com/q/d/l/?s=2502.jp&i=d,2026-03-26T08:35:00+00:00
2502,2502.T,2502.jp,2001-11-30,308.98,311.54,304.88,309.49,2418104,https://stooq.com/q/d/l/?s=2502.jp&i=d,2026-03-26T08:35:00+00:00
2502,2502.T,2502.jp,2001-12-03,314.60,314.60,307.70,307.95,5476866,https://stooq.com/q/d/l/?s=2502.jp&i=d,2026-03-26T08:35:00+00:00
2502,2502.T,2502.jp,2001-12-04,311.02,312.82,307.95,311.02,4195537,https://stooq.com/q/d/l/?s=2502.jp&i=d,2026-03-26T08:35:00+00:00
2502,2502.T,2502.jp,2001-12-05,314.86,314.86,308.72,310.00,3203301,https://stooq.com/q/d/l/?s=2502.jp&i=d,2026-03-26T08:35:00+00:00
2502,2502.T,2502.jp,2001-12-06,308.98,311.79,303.60,304.11,6035484,https://stooq.com/q/d/l/?s=2502.jp&i=d,2026-03-26T08:35:00+00:00
2502,2502.T,2502.jp,2001-12-07,303.86,304.36,299.51,300.79,6508170,https://stooq.com/q/d/l/?s=2502.jp&i=d,2026-03-26T08:35:00+00:00
2502,2502.T,2502.jp,2001-12-10,298.22,301.55,294.63,294.63,13043679,https://stooq.com/q/d/l/?s=2502.jp&i=d,2026-03-26T08:35:00+00:00
2502,2502.T,2502.jp,2001-12-11,294.38,298.99,293.61,296.44,8234823,https://stooq.com/q/d/l/?s=2502.jp&i=d,2026-03-26T08:35:00+00:00
2502,2502.T,2502.jp,2001-12-12,299.76,306.93,298.48,305.13,10758395,https://stooq.com/q/d/l/?s=2502.jp&i=d,2026-03-26T08:35:00+00:00
2502,2502.T,2502.jp,2001-12-13,307.95,313.32,307.95,311.54,15184424,https://stooq.com/q/d/l/?s=2502.jp&i=d,2026-03-26T08:35:00+00:00
2502,2502.T,2502.jp,2001-12-14,312.05,313.08,308.72,310.76,21126157,https://stooq.com/q/d/l/?s=2502.jp&i=d,2026-03-26T08:35:00+00:00
2502,2502.T,2502.jp,2001-12-17,307.70,307.95,304.88,305.65,5855786,https://stooq.com/q/d/l/?s=2502.jp&i=d,2026-03-26T08:35:00+00:00
2502,2502.T,2502.jp,2001-12-18,305.13,307.18,299.76,302.06,6859749,https://stooq.com/q/d/l/?s=2502.jp&i=d,2026-03-26T08:35:00+00:00
2502,2502.T,2502.jp,2001-12-19,297.96,302.83,297.96,300.52,5961265,https://stooq.com/q/d/l/?s=2502.jp&i=d,2026-03-26T08:35:00+00:00
2502,2502.T,2502.jp,2001-12-20,300.52,301.29,297.71,299.76,8250442,https://stooq.com/q/d/l/?s=2502.jp&i=d,2026-03-26T08:35:00+00:00
2502,2502.T,2502.jp,2001-12-21,299.76,301.81,298.99,299.51,7488687,https://stooq.com/q/d/l/?s=2502.jp&i=d,2026-03-26T08:35:00+00:00
2502,2502.T,2502.jp,2001-12-25,300.52,300.79,296.94,298.48,5453420,https://stooq.com/q/d/l/?s=2502.jp&i=d,2026-03-26T08:35:00+00:00
2502,2502.T,2502.jp,2001-12-26,303.34,303.34,296.94,298.22,3281434,https://stooq.com/q/d/l/?s=2502.jp&i=d,2026-03-26T08:35:00+00:00
2502,2502.T,2502.jp,2001-12-27,294.63,299.51,293.10,299.51,4324454,https://stooq.com/q/d/l/?s=2502.jp&i=d,2026-03-26T08:35:00+00:00
2502,2502.T,2502.jp,2001-12-28,302.06,302.06,294.63,301.81,2308716,https://stooq.com/q/d/l/?s=2502.jp&i=d,2026-03-26T08:35:00+00:00
2502,2502.T,2502.jp,2002-01-04,301.81,302.83,296.94,301.29,1226634,https://stooq.com/q/d/l/?s=2502.jp&i=d,2026-03-26T08:35:00+00:00
2502,2502.T,2502.jp,2002-01-07,293.36,296.18,288.75,292.59,7262119,https://stooq.com/q/d/l/?s=2502.jp&i=d,2026-03-26T08:35:00+00:00
2502,2502.T,2502.jp,2002-01-08,293.10,296.18,292.59,294.63,7902776,https://stooq.com/q/d/l/?s=2502.jp&i=d,2026-03-26T08:35:00+00:00
2502,2502.T,2502.jp,2002-01-09,294.63,299.51,289.52,294.38,5472959,https://stooq.com/q/d/l/?s=2502.jp&i=d,2026-03-26T08:35:00+00:00
2502,2502.T,2502.jp,2002-01-10,292.59,294.13,278.51,279.79,7512126,https://stooq.com/q/d/l/?s=2502.jp&i=d,2026-03-26T08:35:00+00:00
2502,2502.T,2502.jp,2002-01-11,269.56,273.64,267.76,272.12,12653036,https://stooq.com/q/d/l/?s=2502.jp&i=d,2026-03-26T08:35:00+00:00
2502,2502.T,2502.jp,2002-01-15,276.46,279.02,273.14,273.14,8055125,https://stooq.com/q/d/l/?s=2502.jp&i=d,2026-03-26T08:35:00+00:00
2502,2502.T,2502.jp,2002-01-16,283.38,284.91,276.98,283.12,10606049,https://stooq.com/q/d/l/?s=2502.jp&i=d,2026-03-26T08:35:00+00:00
2502,2502.T,2502.jp,2002-01-17,286.45,289.26,281.84,282.61,6476915,https://stooq.com/q/d/l/?s=2502.jp&i=d,2026-03-26T08:35:00+00:00
2502,2502.T,2502.jp,2002-01-18,279.02,281.58,273.90,281.58,4043185,https://stooq.com/q/d/l/?s=2502.jp&i=d,2026-03-26T08:35:00+00:00
2502,2502.T,2502.jp,2002-01-21,283.89,290.03,282.10,285.94,4035375,https://stooq.com/q/d/l/?s=2502.jp&i=d,2026-03-26T08:35:00+00:00
2502,2502.T,2502.jp,2002-01-22,286.71,287.48,282.86,283.63,4875270,https://stooq.com/q/d/l/?s=2502.jp&i=d,2026-03-26T08:35:00+00:00
2502,2502.T,2502.jp,2002-01-23,282.61,286.71,277.75,277.75,2890787,https://stooq.com/q/d/l/?s=2502.jp&i=d,2026-03-26T08:35:00+00:00
2502,2502.T,2502.jp,2002-01-24,281.08,282.86,277.75,281.58,4035375,https://stooq.com/q/d/l/?s=2502.jp&i=d,2026-03-26T08:35:00+00:00
2502,2502.T,2502.jp,2002-01-25,277.49,280.31,274.16,279.53,3656451,https://stooq.com/q/d/l/?s=2502.jp&i=d,2026-03-26T08:35:00+00:00
2502,2502.T,2502.jp,2002-01-28,276.98,281.33,275.19,277.75,3992397,https://stooq.com/q/d/l/?s=2502.jp&i=d,2026-03-26T08:35:00+00:00
2502,2502.T,2502.jp,2002-01-29,281.58,284.40,276.72,278.00,2918125,https://stooq.com/q/d/l/?s=2502.jp&i=d,2026-03-26T08:35:00+00:00
2502,2502.T,2502.jp,2002-01-30,279.02,281.33,276.98,281.08,2828283,https://stooq.com/q/d/l/?s=2502.jp&i=d,2026-03-26T08:35:00+00:00
2502,2502.T,2502.jp,2002-01-31,281.08,281.08,275.19,276.46,5586247,https://stooq.com/q/d/l/?s=2502.jp&i=d,2026-03-26T08:35:00+00:00
2502,2502.T,2502.jp,2002-02-01,279.02,280.31,274.42,276.46,2722809,https://stooq.com/q/d/l/?s=2502.jp&i=d,2026-03-26T08:35:00+00:00
2502,2502.T,2502.jp,2002-02-04,279.79,284.15,276.72,276.72,2761873,https://stooq.com/q/d/l/?s=2502.jp&i=d,2026-03-26T08:35:00+00:00
2502,2502.T,2502.jp,2002-02-05,273.90,277.49,269.04,270.06,5031525,https://stooq.com/q/d/l/?s=2502.jp&i=d,2026-03-26T08:35:00+00:00
2502,2502.T,2502.jp,2002-02-06,270.06,271.35,263.92,265.46,4871356,https://stooq.com/q/d/l/?s=2502.jp&i=d,2026-03-26T08:35:00+00:00
2502,2502.T,2502.jp,2002-02-07,267.25,270.06,266.23,269.04,3347844,https://stooq.com/q/d/l/?s=2502.jp&i=d,2026-03-26T08:35:00+00:00
2502,2502.T,2502.jp,2002-02-08,270.06,275.19,268.27,270.83,6551131,https://stooq.com/q/d/l/?s=2502.jp&i=d,2026-03-26T08:35:00+00:00
2502,2502.T,2502.jp,2002-02-12,272.12,273.90,262.90,263.67,11145142,https://stooq.com/q/d/l/?s=2502.jp&i=d,2026-03-26T08:35:00+00:00
2502,2502.T,2502.jp,2002-02-13,261.10,261.62,255.21,255.47,18188496,https://stooq.com/q/d/l/?s=2502.jp&i=d,2026-03-26T08:35:00+00:00
2502,2502.T,2502.jp,2002-02-14,257.01,260.60,257.01,257.52,9680216,https://stooq.com/q/d/l/?s=2502.jp&i=d,2026-03-26T08:35:00+00:00
2502,2502.T,2502.jp,2002-02-15,257.52,258.03,255.21,255.99,8098096,https://stooq.com/q/d/l/?s=2502.jp&i=d,2026-03-26T08:35:00+00:00
2502,2502.T,2502.jp,2002-02-18,258.03,262.13,257.27,260.60,7418378,https://stooq.com/q/d/l/?s=2502.jp&i=d,2026-03-26T08:35:00+00:00
2502,2502.T,2502.jp,2002-02-19,264.18,264.95,256.25,256.25,6183930,https://stooq.com/q/d/l/?s=2502.jp&i=d,2026-03-26T08:35:00+00:00
2502,2502.T,2502.jp,2002-02-20,257.78,263.41,257.01,262.13,6215182,https://stooq.com/q/d/l/?s=2502.jp&i=d,2026-03-26T08:35:00+00:00
2502,2502.T,2502.jp,2002-02-21,268.79,273.39,268.79,271.35,11543595,https://stooq.com/q/d/l/?s=2502.jp&i=d,2026-03-26T08:35:00+00:00
2502,2502.T,2502.jp,2002-02-22,271.09,271.35,266.48,267.76,6390973,https://stooq.com/q/d/l/?s=2502.jp&i=d,2026-03-26T08:35:00+00:00
2502,2502.T,2502.jp,2002-02-25,275.19,275.44,266.23,266.48,5781564,https://stooq.com/q/d/l/?s=2502.jp&i=d,2026-03-26T08:35:00+00:00
2502,2502.T,2502.jp,2002-02-26,266.99,269.04,263.16,263.41,4054908,https://stooq.com/q/d/l/?s=2502.jp&i=d,2026-03-26T08:35:00+00:00
2502,2502.T,2502.jp,2002-02-27,267.51,275.19,264.18,271.09,3679893,https://stooq.com/q/d/l/?s=2502.jp&i=d,2026-03-26T08:35:00+00:00
2502,2502.T,2502.jp,2002-02-28,271.61,272.62,264.95,264.95,6129246,https://stooq.com/q/d/l/?s=2502.jp&i=d,2026-03-26T08:35:00+00:00
2502,2502.T,2502.jp,2002-03-01,266.23,266.74,261.62,265.97,6410508,https://stooq.com/q/d/l/?s=2502.jp&i=d,2026-03-26T08:35:00+00:00
2502,2502.T,2502.jp,2002-03-04,271.09,273.64,269.30,270.32,6504260,https://stooq.com/q/d/l/?s=2502.jp&i=d,2026-03-26T08:35:00+00:00
2502,2502.T,2502.jp,2002-03-05,273.90,273.90,270.32,270.58,3859581,https://stooq.com/q/d/l/?s=2502.jp&i=d,2026-03-26T08:35:00+00:00
2502,2502.T,2502.jp,2002-03-06,271.35,278.00,271.35,274.42,5269819,https://stooq.com/q/d/l/?s=2502.jp&i=d,2026-03-26T08:35:00+00:00
2502,2502.T,2502.jp,2002-03-07,279.53,279.53,274.42,277.49,5500298,https://stooq.com/q/d/l/?s=2502.jp&i=d,2026-03-26T08:35:00+00:00
2502,2502.T,2502.jp,2002-03-08,267.51,275.95,267.51,272.88,23141888,https://stooq.com/q/d/l/?s=2502.jp&i=d,2026-03-26T08:35:00+00:00
2502,2502.T,2502.jp,2002-03-11,275.19,277.75,274.67,276.21,6109710,https://stooq.com/q/d/l/?s=2502.jp&i=d,2026-03-26T08:35:00+00:00
2502,2502.T,2502.jp,2002-03-12,279.02,279.53,276.72,277.23,6664429,https://stooq.com/q/d/l/?s=2502.jp&i=d,2026-03-26T08:35:00+00:00
2502,2502.T,2502.jp,2002-03-13,280.56,282.35,277.75,279.28,6637080,https://stooq.com/q/d/l/?s=2502.jp&i=d,2026-03-26T08:35:00+00:00
2502,2502.T,2502.jp,2002-03-14,286.45,286.45,279.53,281.08,8027783,https://stooq.com/q/d/l/?s=2502.jp&i=d,2026-03-26T08:35:00+00:00
2502,2502.T,2502.jp,2002-03-15,281.08,281.58,278.77,281.08,7707453,https://stooq.com/q/d/l/?s=2502.jp&i=d,2026-03-26T08:35:00+00:00
2502,2502.T,2502.jp,2002-03-18,286.19,286.19,279.79,280.04,5918286,https://stooq.com/q/d/l/?s=2502.jp&i=d,2026-03-26T08:35:00+00:00
2502,2502.T,2502.jp,2002-03-19,281.58,284.40,280.04,284.40,6219092,https://stooq.com/q/d/l/?s=2502.jp&i=d,2026-03-26T08:35:00+00:00
2502,2502.T,2502.jp,2002-03-20,284.65,284.65,279.28,279.28,5332326,https://stooq.com/q/d/l/?s=2502.jp&i=d,2026-03-26T08:35:00+00:00
2502,2502.T,2502.jp,2002-03-22,281.33,283.89,279.02,281.33,5937822,https://stooq.com/q/d/l/?s=2502.jp&i=d,2026-03-26T08:35:00+00:00
2502,2502.T,2502.jp,2002-03-25,283.89,284.15,280.31,281.58,4523684,https://stooq.com/q/d/l/?s=2502.jp&i=d,2026-03-26T08:35:00+00:00
2502,2502.T,2502.jp,2002-03-26,282.61,284.65,281.08,281.08,4804946,https://stooq.com/q/d/l/?s=2502.jp&i=d,2026-03-26T08:35:00+00:00
2502,2502.T,2502.jp,2002-03-27,281.84,283.12,280.31,280.31,3285340,https://stooq.com/q/d/l/?s=2502.jp&i=d,2026-03-26T08:35:00+00:00
2502,2502.T,2502.jp,2002-03-28,280.56,281.33,271.35,273.90,7973093,https://stooq.com/q/d/l/?s=2502.jp&i=d,2026-03-26T08:35:00+00:00
2502,2502.T,2502.jp,2002-03-29,276.46,277.75,272.62,272.62,2843906,https://stooq.com/q/d/l/?s=2502.jp&i=d,2026-03-26T08:35:00+00:00
2502,2502.T,2502.jp,2002-04-01,277.75,278.77,273.90,275.19,2418104,https://stooq.com/q/d/l/?s=2502.jp&i=d,2026-03-26T08:35:00+00:00
2502,2502.T,2502.jp,2002-04-02,277.49,278.51,275.44,277.23,3203301,https://stooq.com/q/d/l/?s=2502.jp&i=d,2026-03-26T08:35:00+00:00
2502,2502.T,2502.jp,2002-04-03,276.46,280.04,274.67,279.02,4054908,https://stooq.com/q/d/l/?s=2502.jp&i=d,2026-03-26T08:35:00+00:00
2502,2502.T,2502.jp,2002-04-04,280.31,285.94,280.31,283.63,8207481,https://stooq.com/q/d/l/?s=2502.jp&i=d,2026-03-26T08:35:00+00:00
2502,2502.T,2502.jp,2002-04-05,288.75,293.10,286.45,291.06,13680427,https://stooq.com/q/d/l/?s=2502.jp&i=d,2026-03-26T08:35:00+00:00
2502,2502.T,2502.jp,2002-04-08,298.48,300.52,295.92,298.74,9383325,https://stooq.com/q/d/l/?s=2502.jp&i=d,2026-03-26T08:35:00+00:00
2502,2502.T,2502.jp,2002-04-09,297.19,297.96,295.40,295.92,4359612,https://stooq.com/q/d/l/?s=2502.jp&i=d,2026-03-26T08:35:00+00:00
2502,2502.T,2502.jp,2002-04-10,294.38,300.27,294.38,300.27,6871465,https://stooq.com/q/d/l/?s=2502.jp&i=d,2026-03-26T08:35:00+00:00
2502,2502.T,2502.jp,2002-04-11,300.52,300.79,296.44,297.46,6652710,https://stooq.com/q/d/l/?s=2502.jp&i=d,2026-03-26T08:35:00+00:00
2502,2502.T,2502.jp,2002-04-12,297.46,300.52,294.63,295.40,5383104,https://stooq.com/q/d/l/?s=2502.jp&i=d,2026-03-26T08:35:00+00:00
2502,2502.T,2502.jp,2002-04-15,300.02,300.27,295.40,298.74,3425966,https://stooq.com/q/d/l/?s=2502.jp&i=d,2026-03-26T08:35:00+00:00
2502,2502.T,2502.jp,2002-04-16,298.99,304.88,297.46,300.79,7742608,https://stooq.com/q/d/l/?s=2502.jp&i=d,2026-03-26T08:35:00+00:00
2502,2502.T,2502.jp,2002-04-17,298.74,299.51,294.13,296.94,10508388,https://stooq.com/q/d/l/?s=2502.jp&i=d,2026-03-26T08:35:00+00:00
2502,2502.T,2502.jp,2002-04-18,298.22,298.74,296.18,297.19,8246546,https://stooq.com/q/d/l/?s=2502.jp&i=d,2026-03-26T08:35:00+00:00
2502,2502.T,2502.jp,2002-04-19,297.19,299.25,295.92,298.99,5469056,https://stooq.com/q/d/l/?s=2502.jp&i=d,2026-03-26T08:35:00+00:00
2502,2502.T,2502.jp,2002-04-22,302.32,303.09,300.52,301.81,5566704,https://stooq.com/q/d/l/?s=2502.jp&i=d,2026-03-26T08:35:00+00:00
2502,2502.T,2502.jp,2002-04-23,305.65,305.65,302.57,303.34,4218979,https://stooq.com/q/d/l/?s=2502.jp&i=d,2026-03-26T08:35:00+00:00
2502,2502.T,2502.jp,2002-04-24,300.79,302.57,299.51,302.06,4804946,https://stooq.com/q/d/l/?s=2502.jp&i=d,2026-03-26T08:35:00+00:00
2502,2502.T,2502.jp,2002-04-25,302.06,305.90,300.79,303.86,6508170,https://stooq.com/q/d/l/?s=2502.jp&i=d,2026-03-26T08:35:00+00:00
2502,2502.T,2502.jp,2002-04-26,305.90,305.90,300.79,301.04,4484623,https://stooq.com/q/d/l/?s=2502.jp&i=d,2026-03-26T08:35:00+00:00
2502,2502.T,2502.jp,2002-04-30,298.22,303.34,296.69,302.83,4465087,https://stooq.com/q/d/l/?s=2502.jp&i=d,2026-03-26T08:35:00+00:00
2502,2502.T,2502.jp,2002-05-01,299.51,299.51,296.69,296.69,5781564,https://stooq.com/q/d/l/?s=2502.jp&i=d,2026-03-26T08:35:00+00:00
2502,2502.T,2502.jp,2002-05-02,298.22,298.99,296.94,297.96,3691606,https://stooq.com/q/d/l/?s=2502.jp&i=d,2026-03-26T08:35:00+00:00
2502,2502.T,2502.jp,2002-05-07,301.55,301.55,296.94,300.79,5090129,https://stooq.com/q/d/l/?s=2502.jp&i=d,2026-03-26T08:35:00+00:00
2502,2502.T,2502.jp,2002-05-08,304.11,311.02,304.11,308.46,10731053,https://stooq.com/q/d/l/?s=2502.jp&i=d,2026-03-26T08:35:00+00:00
2502,2502.T,2502.jp,2002-05-09,315.63,320.50,313.85,319.22,19407314,https://stooq.com/q/d/l/?s=2502.jp&i=d,2026-03-26T08:35:00+00:00
2502,2502.T,2502.jp,2002-05-10,322.28,324.33,319.73,319.73,13574959,https://stooq.com/q/d/l/?s=2502.jp&i=d,2026-03-26T08:35:00+00:00
2502,2502.T,2502.jp,2002-05-13,315.12,317.17,312.05,314.86,4941673,https://stooq.com/q/d/l/?s=2502.jp&i=d,2026-03-26T08:35:00+00:00
2502,2502.T,2502.jp,2002-05-14,318.70,318.70,304.11,307.45,9691936,https://stooq.com/q/d/l/?s=2502.jp&i=d,2026-03-26T08:35:00+00:00
2502,2502.T,2502.jp,2002-05-15,309.74,310.26,306.42,308.46,11996746,https://stooq.com/q/d/l/?s=2502.jp&i=d,2026-03-26T08:35:00+00:00
2502,2502.T,2502.jp,2002-05-16,309.74,309.74,307.18,309.23,7301183,https://stooq.com/q/d/l/?s=2502.jp&i=d,2026-03-26T08:35:00+00:00
2502,2502.T,2502.jp,2002-05-17,309.74,313.58,307.18,307.45,6371440,https://stooq.com/q/d/l/?s=2502.jp&i=d,2026-03-26T08:35:00+00:00
2502,2502.T,2502.jp,2002-05-20,307.18,307.18,304.11,304.11,12621781,https://stooq.com/q/d/l/?s=2502.jp&i=d,2026-03-26T08:35:00+00:00
2502,2502.T,2502.jp,2002-05-21,302.06,303.86,299.25,300.79,8672347,https://stooq.com/q/d/l/?s=2502.jp&i=d,2026-03-26T08:35:00+00:00
2502,2502.T,2502.jp,2002-05-22,298.48,303.09,298.48,302.83,8051222,https://stooq.com/q/d/l/?s=2502.jp&i=d,2026-03-26T08:35:00+00:00
2502,2502.T,2502.jp,2002-05-23,305.90,316.40,305.90,312.30,16356365,https://stooq.com/q/d/l/?s=2502.jp&i=d,2026-03-26T08:35:00+00:00
2502,2502.T,2502.jp,2002-05-24,317.42,319.99,313.58,318.19,10059140,https://stooq.com/q/d/l/?s=2502.jp&i=d,2026-03-26T08:35:00+00:00
2502,2502.T,2502.jp,2002-05-27,316.14,316.91,313.08,313.58,5926106,https://stooq.com/q/d/l/?s=2502.jp&i=d,2026-03-26T08:35:00+00:00
2502,2502.T,2502.jp,2002-05-28,309.74,312.82,308.98,311.79,3808800,https://stooq.com/q/d/l/?s=2502.jp&i=d,2026-03-26T08:35:00+00:00
2502,2502.T,2502.jp,2002-05-29,309.23,311.28,307.70,307.70,4840115,https://stooq.com/q/d/l/?s=2502.jp&i=d,2026-03-26T08:35:00+00:00
2502,2502.T,2502.jp,2002-05-30,311.79,311.79,306.67,307.18,5269819,https://stooq.com/q/d/l/?s=2502.jp&i=d,2026-03-26T08:35:00+00:00
2502,2502.T,2502.jp,2002-05-31,307.45,311.02,302.83,302.83,11602192,https://stooq.com/q/d/l/?s=2502.jp&i=d,2026-03-26T08:35:00+00:00
2502,2502.T,2502.jp,2002-06-03,300.79,302.06,289.77,291.83,12059249,https://stooq.com/q/d/l/?s=2502.jp&i=d,2026-03-26T08:35:00+00:00
2502,2502.T,2502.jp,2002-06-04,282.86,285.42,278.51,283.89,26786617,https://stooq.com/q/d/l/?s=2502.jp&i=d,2026-03-26T08:35:00+00:00
2502,2502.T,2502.jp,2002-06-05,280.31,283.63,279.02,279.02,16121967,https://stooq.com/q/d/l/?s=2502.jp&i=d,2026-03-26T08:35:00+00:00
2502,2502.T,2502.jp,2002-06-06,277.75,278.00,270.58,276.21,16125894,https://stooq.com/q/d/l/?s=2502.jp&i=d,2026-03-26T08:35:00+00:00
2502,2502.T,2502.jp,2002-06-07,278.77,282.86,276.98,281.84,12903050,https://stooq.com/q/d/l/?s=2502.jp&i=d,2026-03-26T08:35:00+00:00
2502,2502.T,2502.jp,2002-06-10,286.19,286.19,280.82,282.35,11707674,https://stooq.com/q/d/l/?s=2502.jp&i=d,2026-03-26T08:35:00+00:00
2502,2502.T,2502.jp,2002-06-11,277.23,277.75,272.12,275.95,16407153,https://stooq.com/q/d/l/?s=2502.jp&i=d,2026-03-26T08:35:00+00:00
2502,2502.T,2502.jp,2002-06-12,275.44,275.44,271.61,272.62,7969190,https://stooq.com/q/d/l/?s=2502.jp&i=d,2026-03-26T08:35:00+00:00
2502,2502.T,2502.jp,2002-06-13,271.35,272.12,265.20,267.51,13403081,https://stooq.com/q/d/l/?s=2502.jp&i=d,2026-03-26T08:35:00+00:00
2502,2502.T,2502.jp,2002-06-14,268.79,269.30,264.18,266.23,16739199,https://stooq.com/q/d/l/?s=2502.jp&i=d,2026-03-26T08:35:00+00:00
2502,2502.T,2502.jp,2002-06-17,266.23,266.74,261.10,262.39,8086387,https://stooq.com/q/d/l/?s=2502.jp&i=d,2026-03-26T08:35:00+00:00
2502,2502.T,2502.jp,2002-06-18,268.53,268.53,261.87,264.18,6910540,https://stooq.com/q/d/l/?s=2502.jp&i=d,2026-03-26T08:35:00+00:00
2502,2502.T,2502.jp,2002-06-19,262.39,263.16,257.52,258.54,8691886,https://stooq.com/q/d/l/?s=2502.jp&i=d,2026-03-26T08:35:00+00:00
2502,2502.T,2502.jp,2002-06-20,260.85,262.39,255.99,258.54,12559281,https://stooq.com/q/d/l/?s=2502.jp&i=d,2026-03-26T08:35:00+00:00
2502,2502.T,2502.jp,2002-06-21,259.83,259.83,255.99,257.52,8687970,https://stooq.com/q/d/l/?s=2502.jp&i=d,2026-03-26T08:35:00+00:00
2502,2502.T,2502.jp,2002-06-24,255.99,259.06,255.47,258.29,10324784,https://stooq.com/q/d/l/?s=2502.jp&i=d,2026-03-26T08:35:00+00:00
2502,2502.T,2502.jp,2002-06-25,257.27,260.60,254.19,257.78,9793504,https://stooq.com/q/d/l/?s=2502.jp&i=d,2026-03-26T08:35:00+00:00
2502,2502.T,2502.jp,2002-06-26,255.21,255.99,251.38,251.38,8543441,https://stooq.com/q/d/l/?s=2502.jp&i=d,2026-03-26T08:35:00+00:00
2502,2502.T,2502.jp,2002-06-27,253.43,254.96,251.89,253.94,6769897,https://stooq.com/q/d/l/?s=2502.jp&i=d,2026-03-26T08:35:00+00:00
2502,2502.T,2502.jp,2002-06-28,259.83,259.83,254.19,256.76,4804946,https://stooq.com/q/d/l/?s=2502.jp&i=d,2026-03-26T08:35:00+00:00
2502,2502.T,2502.jp,2002-07-01,261.87,268.53,261.10,262.64,9367706,https://stooq.com/q/d/l/?s=2502.jp&i=d,2026-03-26T08:35:00+00:00
2502,2502.T,2502.jp,2002-07-02,264.69,264.69,258.03,262.39,5762031,https://stooq.com/q/d/l/?s=2502.jp&i=d,2026-03-26T08:35:00+00:00
2502,2502.T,2502.jp,2002-07-03,259.83,265.72,259.06,265.46,4562749,https://stooq.com/q/d/l/?s=2502.jp&i=d,2026-03-26T08:35:00+00:00
2502,2502.T,2502.jp,2002-07-04,266.23,268.79,261.87,263.92,4797133,https://stooq.com/q/d/l/?s=2502.jp&i=d,2026-03-26T08:35:00+00:00
2502,2502.T,2502.jp,2002-07-05,265.72,271.09,265.46,267.76,5238568,https://stooq.com/q/d/l/?s=2502.jp&i=d,2026-03-26T08:35:00+00:00
2502,2502.T,2502.jp,2002-07-08,275.44,279.28,269.81,269.81,11371711,https://stooq.com/q/d/l/?s=2502.jp&i=d,2026-03-26T08:35:00+00:00
2502,2502.T,2502.jp,2002-07-09,268.79,271.35,265.72,267.76,6539422,https://stooq.com/q/d/l/?s=2502.jp&i=d,2026-03-26T08:35:00+00:00
2502,2502.T,2502.jp,2002-07-10,268.79,273.90,266.48,266.74,5961265,https://stooq.com/q/d/l/?s=2502.jp&i=d,2026-03-26T08:35:00+00:00
2502,2502.T,2502.jp,2002-07-11,266.23,266.23,259.57,259.57,4320554,https://stooq.com/q/d/l/?s=2502.jp&i=d,2026-03-26T08:35:00+00:00
2502,2502.T,2502.jp,2002-07-12,259.57,262.13,258.80,260.34,5539362,https://stooq.com/q/d/l/?s=2502.jp&i=d,2026-03-26T08:35:00+00:00
2502,2502.T,2502.jp,2002-07-15,257.27,259.83,257.27,257.27,4152573,https://stooq.com/q/d/l/?s=2502.jp&i=d,2026-03-26T08:35:00+00:00
2502,2502.T,2502.jp,2002-07-16,256.25,258.54,255.73,256.25,4625245,https://stooq.com/q/d/l/?s=2502.jp&i=d,2026-03-26T08:35:00+00:00
2502,2502.T,2502.jp,2002-07-17,256.50,257.27,252.92,254.19,6168304,https://stooq.com/q/d/l/?s=2502.jp&i=d,2026-03-26T08:35:00+00:00
2502,2502.T,2502.jp,2002-07-18,255.99,257.27,252.92,253.43,6043300,https://stooq.com/q/d/l/?s=2502.jp&i=d,2026-03-26T08:35:00+00:00
2502,2502.T,2502.jp,2002-07-19,254.44,254.71,251.38,251.38,4758072,https://stooq.com/q/d/l/?s=2502.jp&i=d,2026-03-26T08:35:00+00:00
2502,2502.T,2502.jp,2002-07-22,250.87,255.99,249.59,251.38,4515867,https://stooq.com/q/d/l/?s=2502.jp&i=d,2026-03-26T08:35:00+00:00
2502,2502.T,2502.jp,2002-07-23,250.10,251.89,249.07,251.38,5457330,https://stooq.com/q/d/l/?s=2502.jp&i=d,2026-03-26T08:35:00+00:00
2502,2502.T,2502.jp,2002-07-24,253.43,253.43,250.87,250.87,5445607,https://stooq.com/q/d/l/?s=2502.jp&i=d,2026-03-26T08:35:00+00:00
2502,2502.T,2502.jp,2002-07-25,253.43,255.99,252.41,255.47,3203301,https://stooq.com/q/d/l/?s=2502.jp&i=d,2026-03-26T08:35:00+00:00
2502,2502.T,2502.jp,2002-07-26,254.96,257.78,253.43,256.25,5492488,https://stooq.com/q/d/l/?s=2502.jp&i=d,2026-03-26T08:35:00+00:00
2502,2502.T,2502.jp,2002-07-29,255.47,258.80,253.68,256.25,6715213,https://stooq.com/q/d/l/?s=2502.jp&i=d,2026-03-26T08:35:00+00:00
2502,2502.T,2502.jp,2002-07-30,260.85,261.10,254.96,257.01,6199552,https://stooq.com/q/d/l/?s=2502.jp&i=d,2026-03-26T08:35:00+00:00
2502,2502.T,2502.jp,2002-07-31,259.32,259.32,254.44,254.71,2894690,https://stooq.com/q/d/l/?s=2502.jp&i=d,2026-03-26T08:35:00+00:00
2502,2502.T,2502.jp,2002-08-01,256.76,256.76,249.59,251.89,4488526,https://stooq.com/q/d/l/?s=2502.jp&i=d,2026-03-26T08:35:00+00:00
2502,2502.T,2502.jp,2002-08-02,248.31,254.44,248.31,253.17,4074440,https://stooq.com/q/d/l/?s=2502.jp&i=d,2026-03-26T08:35:00+00:00
2502,2502.T,2502.jp,2002-08-05,250.61,257.52,250.61,256.50,2664208,https://stooq.com/q/d/l/?s=2502.jp&i=d,2026-03-26T08:35:00+00:00
2502,2502.T,2502.jp,2002-08-06,259.83,263.16,257.78,257.78,9797407,https://stooq.com/q/d/l/?s=2502.jp&i=d,2026-03-26T08:35:00+00:00
2502,2502.T,2502.jp,2002-08-07,260.85,263.67,257.78,260.60,9012207,https://stooq.com/q/d/l/?s=2502.jp&i=d,2026-03-26T08:35:00+00:00
2502,2502.T,2502.jp,2002-08-08,263.67,266.74,261.87,261.87,4894798,https://stooq.com/q/d/l/?s=2502.jp&i=d,2026-03-26T08:35:00+00:00
2502,2502.T,2502.jp,2002-08-09,261.87,265.97,261.36,264.18,8266081,https://stooq.com/q/d/l/?s=2502.jp&i=d,2026-03-26T08:35:00+00:00
2502,2502.T,2502.jp,2002-08-12,256.25,258.03,250.87,252.15,11332660,https://stooq.com/q/d/l/?s=2502.jp&i=d,2026-03-26T08:35:00+00:00
2502,2502.T,2502.jp,2002-08-13,249.59,251.64,248.05,249.34,4359612,https://stooq.com/q/d/l/?s=2502.jp&i=d,2026-03-26T08:35:00+00:00
2502,2502.T,2502.jp,2002-08-14,248.31,248.31,245.75,246.00,6988662,https://stooq.com/q/d/l/?s=2502.jp&i=d,2026-03-26T08:35:00+00:00
2502,2502.T,2502.jp,2002-08-15,246.77,250.35,246.77,248.81,3781455,https://stooq.com/q/d/l/?s=2502.jp&i=d,2026-03-26T08:35:00+00:00
2502,2502.T,2502.jp,2002-08-16,251.38,251.38,248.31,250.10,4011940,https://stooq.com/q/d/l/?s=2502.jp&i=d,2026-03-26T08:35:00+00:00
2502,2502.T,2502.jp,2002-08-19,248.31,249.07,242.93,243.70,5234658,https://stooq.com/q/d/l/?s=2502.jp&i=d,2026-03-26T08:35:00+00:00
2502,2502.T,2502.jp,2002-08-20,244.21,244.72,238.58,240.12,7125389,https://stooq.com/q/d/l/?s=2502.jp&i=d,2026-03-26T08:35:00+00:00
2502,2502.T,2502.jp,2002-08-21,239.35,239.35,236.27,237.04,6680048,https://stooq.com/q/d/l/?s=2502.jp&i=d,2026-03-26T08:35:00+00:00
2502,2502.T,2502.jp,2002-08-22,239.60,241.91,236.79,241.91,6473009,https://stooq.com/q/d/l/?s=2502.jp&i=d,2026-03-26T08:35:00+00:00
2502,2502.T,2502.jp,2002-08-23,244.47,246.00,240.89,241.39,4640881,https://stooq.com/q/d/l/?s=2502.jp&i=d,2026-03-26T08:35:00+00:00
2502,2502.T,2502.jp,2002-08-26,241.65,245.75,241.65,245.75,3113445,https://stooq.com/q/d/l/?s=2502.jp&i=d,2026-03-26T08:35:00+00:00
2502,2502.T,2502.jp,2002-08-27,243.70,247.80,243.70,244.47,2488413,https://stooq.com/q/d/l/?s=2502.jp&i=d,2026-03-26T08:35:00+00:00
2502,2502.T,2502.jp,2002-08-28,244.47,244.98,242.93,244.98,3238459,https://stooq.com/q/d/l/?s=2502.jp&i=d,2026-03-26T08:35:00+00:00
2502,2502.T,2502.jp,2002-08-29,243.18,244.47,242.68,244.47,3351753,https://stooq.com/q/d/l/?s=2502.jp&i=d,2026-03-26T08:35:00+00:00
2502,2502.T,2502.jp,2002-08-30,242.16,243.18,237.81,241.91,4797133,https://stooq.com/q/d/l/?s=2502.jp&i=d,2026-03-26T08:35:00+00:00
2502,2502.T,2502.jp,2002-09-02,241.91,241.91,237.81,241.14,1882911,https://stooq.com/q/d/l/?s=2502.jp&i=d,2026-03-26T08:35:00+00:00
2502,2502.T,2502.jp,2002-09-03,236.02,237.81,233.71,233.97,5336233,https://stooq.com/q/d/l/?s=2502.jp&i=d,2026-03-26T08:35:00+00:00
2502,2502.T,2502.jp,2002-09-04,225.52,228.85,222.20,225.78,9777878,https://stooq.com/q/d/l/?s=2502.jp&i=d,2026-03-26T08:35:00+00:00
2502,2502.T,2502.jp,2002-09-05,225.78,229.87,225.78,227.06,4926047,https://stooq.com/q/d/l/?s=2502.jp&i=d,2026-03-26T08:35:00+00:00
2502,2502.T,2502.jp,2002-09-06,224.50,224.75,221.43,223.47,3468941,https://stooq.com/q/d/l/?s=2502.jp&i=d,2026-03-26T08:35:00+00:00
2502,2502.T,2502.jp,2002-09-09,223.99,227.06,223.99,223.99,2902503,https://stooq.com/q/d/l/?s=2502.jp&i=d,2026-03-26T08:35:00+00:00
2502,2502.T,2502.jp,2002-09-10,224.75,229.62,220.66,221.94,4265860,https://stooq.com/q/d/l/?s=2502.jp&i=d,2026-03-26T08:35:00+00:00
2502,2502.T,2502.jp,2002-09-11,222.71,222.97,218.87,219.38,5254190,https://stooq.com/q/d/l/?s=2502.jp&i=d,2026-03-26T08:35:00+00:00
2502,2502.T,2502.jp,2002-09-12,218.61,218.61,215.80,217.59,4511964,https://stooq.com/q/d/l/?s=2502.jp&i=d,2026-03-26T08:35:00+00:00
2502,2502.T,2502.jp,2002-09-13,215.02,216.31,213.75,216.06,15176615,https://stooq.com/q/d/l/?s=2502.jp&i=d,2026-03-26T08:35:00+00:00
2502,2502.T,2502.jp,2002-09-17,217.07,222.45,217.07,220.66,4328367,https://stooq.com/q/d/l/?s=2502.jp&i=d,2026-03-26T08:35:00+00:00
2502,2502.T,2502.jp,2002-09-18,220.15,220.41,214.77,217.33,3922091,https://stooq.com/q/d/l/?s=2502.jp&i=d,2026-03-26T08:35:00+00:00
2502,2502.T,2502.jp,2002-09-19,212.21,217.59,211.45,214.26,16719660,https://stooq.com/q/d/l/?s=2502.jp&i=d,2026-03-26T08:35:00+00:00
2502,2502.T,2502.jp,2002-09-20,211.70,212.47,207.09,209.66,6445663,https://stooq.com/q/d/l/?s=2502.jp&i=d,2026-03-26T08:35:00+00:00
2502,2502.T,2502.jp,2002-09-24,204.79,206.06,201.46,204.28,7480878,https://stooq.com/q/d/l/?s=2502.jp&i=d,2026-03-26T08:35:00+00:00
2502,2502.T,2502.jp,2002-09-25,200.95,207.09,200.69,204.28,7516032,https://stooq.com/q/d/l/?s=2502.jp&i=d,2026-03-26T08:35:00+00:00
2502,2502.T,2502.jp,2002-09-26,204.02,205.55,199.92,200.95,6578480,https://stooq.com/q/d/l/?s=2502.jp&i=d,2026-03-26T08:35:00+00:00
2502,2502.T,2502.jp,2002-09-27,201.20,203.51,201.20,203.51,9731004,https://stooq.com/q/d/l/?s=2502.jp&i=d,2026-03-26T08:35:00+00:00
2502,2502.T,2502.jp,2002-09-30,201.72,202.23,196.59,200.69,6894907,https://stooq.com/q/d/l/?s=2502.jp&i=d,2026-03-26T08:35:00+00:00
2502,2502.T,2502.jp,2002-10-01,198.14,199.41,194.81,196.86,5191694,https://stooq.com/q/d/l/?s=2502.jp&i=d,2026-03-26T08:35:00+00:00
2502,2502.T,2502.jp,2002-10-02,199.41,199.66,194.81,195.83,4449461,https://stooq.com/q/d/l/?s=2502.jp&i=d,2026-03-26T08:35:00+00:00
2502,2502.T,2502.jp,2002-10-03,193.53,195.57,189.94,192.25,7133209,https://stooq.com/q/d/l/?s=2502.jp&i=d,2026-03-26T08:35:00+00:00
2502,2502.T,2502.jp,2002-10-04,194.55,198.90,192.25,198.90,7293371,https://stooq.com/q/d/l/?s=2502.jp&i=d,2026-03-26T08:35:00+00:00
2502,2502.T,2502.jp,2002-10-07,200.95,202.23,198.39,199.66,16993113,https://stooq.com/q/d/l/?s=2502.jp&i=d,2026-03-26T08:35:00+00:00
2502,2502.T,2502.jp,2002-10-08,202.23,202.74,198.65,199.66,6750375,https://stooq.com/q/d/l/?s=2502.jp&i=d,2026-03-26T08:35:00+00:00
2502,2502.T,2502.jp,2002-10-09,200.18,205.04,199.16,204.79,6758177,https://stooq.com/q/d/l/?s=2502.jp&i=d,2026-03-26T08:35:00+00:00
2502,2502.T,2502.jp,2002-10-10,203.76,203.76,196.59,201.20,5355762,https://stooq.com/q/d/l/?s=2502.jp&i=d,2026-03-26T08:35:00+00:00
2502,2502.T,2502.jp,2002-10-11,203.51,204.79,200.18,201.72,6539422,https://stooq.com/q/d/l/?s=2502.jp&i=d,2026-03-26T08:35:00+00:00
2502,2502.T,2502.jp,2002-10-15,204.28,207.86,201.20,207.09,4390864,https://stooq.com/q/d/l/?s=2502.jp&i=d,2026-03-26T08:35:00+00:00
2502,2502.T,2502.jp,2002-10-16,212.21,212.21,204.79,205.30,5117467,https://stooq.com/q/d/l/?s=2502.jp&i=d,2026-03-26T08:35:00+00:00
2502,2502.T,2502.jp,2002-10-17,207.35,212.47,207.35,210.67,3140794,https://stooq.com/q/d/l/?s=2502.jp&i=d,2026-03-26T08:35:00+00:00
2502,2502.T,2502.jp,2002-10-18,213.24,214.77,211.45,211.70,4035375,https://stooq.com/q/d/l/?s=2502.jp&i=d,2026-03-26T08:35:00+00:00
2502,2502.T,2502.jp,2002-10-21,215.02,217.07,213.24,214.77,3043139,https://stooq.com/q/d/l/?s=2502.jp&i=d,2026-03-26T08:35:00+00:00
2502,2502.T,2502.jp,2002-10-22,212.98,212.98,204.79,206.06,4629159,https://stooq.com/q/d/l/?s=2502.jp&i=d,2026-03-26T08:35:00+00:00
2502,2502.T,2502.jp,2002-10-23,206.32,208.63,202.49,205.81,3461124,https://stooq.com/q/d/l/?s=2502.jp&i=d,2026-03-26T08:35:00+00:00
2502,2502.T,2502.jp,2002-10-24,206.06,207.35,203.51,205.04,2273558,https://stooq.com/q/d/l/?s=2502.jp&i=d,2026-03-26T08:35:00+00:00
2502,2502.T,2502.jp,2002-10-25,207.61,208.37,204.53,204.79,2789215,https://stooq.com/q/d/l/?s=2502.jp&i=d,2026-03-26T08:35:00+00:00
2502,2502.T,2502.jp,2002-10-28,204.79,206.06,201.72,206.06,1597742,https://stooq.com/q/d/l/?s=2502.jp&i=d,2026-03-26T08:35:00+00:00
2502,2502.T,2502.jp,2002-10-29,208.63,208.88,205.30,205.55,2093864,https://stooq.com/q/d/l/?s=2502.jp&i=d,2026-03-26T08:35:00+00:00
2502,2502.T,2502.jp,2002-10-30,208.11,216.06,206.58,210.67,4969025,https://stooq.com/q/d/l/?s=2502.jp&i=d,2026-03-26T08:35:00+00:00
2502,2502.T,2502.jp,2002-10-31,210.93,211.19,204.79,206.32,2765780,https://stooq.com/q/d/l/?s=2502.jp&i=d,2026-03-26T08:35:00+00:00
2502,2502.T,2502.jp,2002-11-01,206.58,207.35,204.02,205.81,2082137,https://stooq.com/q/d/l/?s=2502.jp&i=d,2026-03-26T08:35:00+00:00
2502,2502.T,2502.jp,2002-11-05,206.06,206.58,197.62,200.95,11922526,https://stooq.com/q/d/l/?s=2502.jp&i=d,2026-03-26T08:35:00+00:00
2502,2502.T,2502.jp,2002-11-06,199.66,201.72,194.03,196.34,11957688,https://stooq.com/q/d/l/?s=2502.jp&i=d,2026-03-26T08:35:00+00:00
2502,2502.T,2502.jp,2002-11-07,193.78,194.81,190.97,192.50,7539468,https://stooq.com/q/d/l/?s=2502.jp&i=d,2026-03-26T08:35:00+00:00
2502,2502.T,2502.jp,2002-11-08,189.94,191.99,189.69,190.45,5422172,https://stooq.com/q/d/l/?s=2502.jp&i=d,2026-03-26T08:35:00+00:00
2502,2502.T,2502.jp,2002-11-11,186.87,187.90,176.63,176.63,9219256,https://stooq.com/q/d/l/?s=2502.jp&i=d,2026-03-26T08:35:00+00:00
2502,2502.T,2502.jp,2002-11-12,174.07,177.65,170.23,176.63,11875645,https://stooq.com/q/d/l/?s=2502.jp&i=d,2026-03-26T08:35:00+00:00
2502,2502.T,2502.jp,2002-11-13,179.19,180.22,174.33,177.65,10938089,https://stooq.com/q/d/l/?s=2502.jp&i=d,2026-03-26T08:35:00+00:00
2502,2502.T,2502.jp,2002-11-14,182.78,192.76,180.47,190.71,20176878,https://stooq.com/q/d/l/?s=2502.jp&i=d,2026-03-26T08:35:00+00:00
2502,2502.T,2502.jp,2002-11-15,190.20,191.48,186.61,186.87,7242583,https://stooq.com/q/d/l/?s=2502.jp&i=d,2026-03-26T08:35:00+00:00
2502,2502.T,2502.jp,2002-11-18,189.43,189.69,186.87,187.63,4375235,https://stooq.com/q/d/l/?s=2502.jp&i=d,2026-03-26T08:35:00+00:00
2502,2502.T,2502.jp,2002-11-19,185.08,186.61,178.42,180.73,4468997,https://stooq.com/q/d/l/?s=2502.jp&i=d,2026-03-26T08:35:00+00:00
2502,2502.T,2502.jp,2002-11-20,178.17,187.63,177.65,184.83,4316641,https://stooq.com/q/d/l/?s=2502.jp&i=d,2026-03-26T08:35:00+00:00
2502,2502.T,2502.jp,2002-11-21,182.26,187.63,182.26,184.57,4449461,https://stooq.com/q/d/l/?s=2502.jp&i=d,2026-03-26T08:35:00+00:00
2502,2502.T,2502.jp,2002-11-22,188.15,188.15,179.96,182.00,7609784,https://stooq.com/q/d/l/?s=2502.jp&i=d,2026-03-26T08:35:00+00:00
2502,2502.T,2502.jp,2002-11-25,180.73,185.59,179.96,180.98,5281542,https://stooq.com/q/d/l/?s=2502.jp&i=d,2026-03-26T08:35:00+00:00
2502,2502.T,2502.jp,2002-11-26,182.26,183.03,179.19,179.45,4109598,https://stooq.com/q/d/l/?s=2502.jp&i=d,2026-03-26T08:35:00+00:00
2502,2502.T,2502.jp,2002-11-27,180.22,185.59,180.22,182.52,2398561,https://stooq.com/q/d/l/?s=2502.jp&i=d,2026-03-26T08:35:00+00:00
2502,2502.T,2502.jp,2002-11-28,185.34,187.13,183.54,185.34,4808863,https://stooq.com/q/d/l/?s=2502.jp&i=d,2026-03-26T08:35:00+00:00
2502,2502.T,2502.jp,2002-11-29,185.08,187.90,182.52,185.59,4343986,https://stooq.com/q/d/l/?s=2502.jp&i=d,2026-03-26T08:35:00+00:00
2502,2502.T,2502.jp,2002-12-02,186.87,187.63,183.29,185.34,4804946,https://stooq.com/q/d/l/?s=2502.jp&i=d,2026-03-26T08:35:00+00:00
2502,2502.T,2502.jp,2002-12-03,183.80,185.34,180.73,181.50,4754166,https://stooq.com/q/d/l/?s=2502.jp&i=d,2026-03-26T08:35:00+00:00
2502,2502.T,2502.jp,2002-12-04,184.05,185.59,180.22,182.52,5746412,https://stooq.com/q/d/l/?s=2502.jp&i=d,2026-03-26T08:35:00+00:00
2502,2502.T,2502.jp,2002-12-05,185.08,191.99,185.08,188.40,13824977,https://stooq.com/q/d/l/?s=2502.jp&i=d,2026-03-26T08:35:00+00:00
2502,2502.T,2502.jp,2002-12-06,185.84,188.92,185.59,186.36,7246486,https://stooq.com/q/d/l/?s=2502.jp&i=d,2026-03-26T08:35:00+00:00
2502,2502.T,2502.jp,2002-12-09,188.40,193.53,186.87,191.99,6406599,https://stooq.com/q/d/l/?s=2502.jp&i=d,2026-03-26T08:35:00+00:00
2502,2502.T,2502.jp,2002-12-10,189.43,192.50,189.17,190.71,5367481,https://stooq.com/q/d/l/?s=2502.jp&i=d,2026-03-26T08:35:00+00:00
2502,2502.T,2502.jp,2002-12-11,191.99,195.32,189.43,189.43,6097991,https://stooq.com/q/d/l/?s=2502.jp&i=d,2026-03-26T08:35:00+00:00
2502,2502.T,2502.jp,2002-12-12,190.20,193.78,187.90,191.48,5547175,https://stooq.com/q/d/l/?s=2502.jp&i=d,2026-03-26T08:35:00+00:00
2502,2502.T,2502.jp,2002-12-13,192.25,195.83,185.34,185.34,14024203,https://stooq.com/q/d/l/?s=2502.jp&i=d,2026-03-26T08:35:00+00:00
2502,2502.T,2502.jp,2002-12-16,186.87,190.71,185.84,189.94,5765927,https://stooq.com/q/d/l/?s=2502.jp&i=d,2026-03-26T08:35:00+00:00
2502,2502.T,2502.jp,2002-12-17,189.94,193.78,189.43,190.71,4879169,https://stooq.com/q/d/l/?s=2502.jp&i=d,2026-03-26T08:35:00+00:00
2502,2502.T,2502.jp,2002-12-18,191.99,196.09,191.48,192.76,9289566,https://stooq.com/q/d/l/?s=2502.jp&i=d,2026-03-26T08:35:00+00:00
2502,2502.T,2502.jp,2002-12-19,190.20,199.66,190.20,197.36,7598072,https://stooq.com/q/d/l/?s=2502.jp&i=d,2026-03-26T08:35:00+00:00
2502,2502.T,2502.jp,2002-12-20,197.62,201.97,197.62,199.41,6695677,https://stooq.com/q/d/l/?s=2502.jp&i=d,2026-03-26T08:35:00+00:00
2502,2502.T,2502.jp,2002-12-24,196.86,200.44,196.09,199.66,2777496,https://stooq.com/q/d/l/?s=2502.jp&i=d,2026-03-26T08:35:00+00:00
2502,2502.T,2502.jp,2002-12-25,198.90,199.66,196.09,198.39,1390696,https://stooq.com/q/d/l/?s=2502.jp&i=d,2026-03-26T08:35:00+00:00
2502,2502.T,2502.jp,2002-12-26,198.39,202.23,198.39,201.97,2097780,https://stooq.com/q/d/l/?s=2502.jp&i=d,2026-03-26T08:35:00+00:00
2502,2502.T,2502.jp,2002-12-27,199.41,201.72,198.39,201.72,2398561,https://stooq.com/q/d/l/?s=2502.jp&i=d,2026-03-26T08:35:00+00:00
2502,2502.T,2502.jp,2002-12-30,196.59,199.66,195.06,199.16,1136779,https://stooq.com/q/d/l/?s=2502.jp&i=d,2026-03-26T08:35:00+00:00
2502,2502.T,2502.jp,2003-01-06,199.66,204.28,199.66,203.26,1265689,https://stooq.com/q/d/l/?s=2502.jp&i=d,2026-03-26T08:35:00+00:00
2502,2502.T,2502.jp,2003-01-07,203.26,204.28,198.39,198.39,2492327,https://stooq.com/q/d/l/?s=2502.jp&i=d,2026-03-26T08:35:00+00:00
2502,2502.T,2502.jp,2003-01-08,195.06,195.83,192.50,192.76,3308769,https://stooq.com/q/d/l/?s=2502.jp&i=d,2026-03-26T08:35:00+00:00
2502,2502.T,2502.jp,2003-01-09,192.76,193.27,189.94,191.74,2922032,https://stooq.com/q/d/l/?s=2502.jp&i=d,2026-03-26T08:35:00+00:00
2502,2502.T,2502.jp,2003-01-10,191.99,194.03,187.63,188.40,7277745,https://stooq.com/q/d/l/?s=2502.jp&i=d,2026-03-26T08:35:00+00:00
2502,2502.T,2502.jp,2003-01-14,189.69,190.45,186.36,186.36,4965118,https://stooq.com/q/d/l/?s=2502.jp&i=d,2026-03-26T08:35:00+00:00
2502,2502.T,2502.jp,2003-01-15,187.63,191.48,186.61,190.97,7019918,https://stooq.com/q/d/l/?s=2502.jp&i=d,2026-03-26T08:35:00+00:00
2502,2502.T,2502.jp,2003-01-16,191.99,193.01,189.17,189.43,3109549,https://stooq.com/q/d/l/?s=2502.jp&i=d,2026-03-26T08:35:00+00:00
2502,2502.T,2502.jp,2003-01-17,188.15,193.78,188.15,191.23,4090069,https://stooq.com/q/d/l/?s=2502.jp&i=d,2026-03-26T08:35:00+00:00
2502,2502.T,2502.jp,2003-01-20,189.43,191.48,184.31,184.31,5519830,https://stooq.com/q/d/l/?s=2502.jp&i=d,2026-03-26T08:35:00+00:00
2502,2502.T,2502.jp,2003-01-21,186.87,190.20,185.59,188.15,4668220,https://stooq.com/q/d/l/?s=2502.jp&i=d,2026-03-26T08:35:00+00:00
2502,2502.T,2502.jp,2003-01-22,190.71,192.76,187.63,189.17,5429981,https://stooq.com/q/d/l/?s=2502.jp&i=d,2026-03-26T08:35:00+00:00
2502,2502.T,2502.jp,2003-01-23,192.50,198.90,190.97,197.11,7875428,https://stooq.com/q/d/l/?s=2502.jp&i=d,2026-03-26T08:35:00+00:00
2502,2502.T,2502.jp,2003-01-24,194.55,197.62,193.01,194.55,4152573,https://stooq.com/q/d/l/?s=2502.jp&i=d,2026-03-26T08:35:00+00:00
2502,2502.T,2502.jp,2003-01-27,192.25,196.09,191.23,194.03,3183768,https://stooq.com/q/d/l/?s=2502.jp&i=d,2026-03-26T08:35:00+00:00
2502,2502.T,2502.jp,2003-01-28,192.25,200.69,191.48,198.90,5594060,https://stooq.com/q/d/l/?s=2502.jp&i=d,2026-03-26T08:35:00+00:00
2502,2502.T,2502.jp,2003-01-29,199.66,201.46,196.34,196.34,7988715,https://stooq.com/q/d/l/?s=2502.jp&i=d,2026-03-26T08:35:00+00:00
2502,2502.T,2502.jp,2003-01-30,198.90,201.72,197.11,200.95,3929904,https://stooq.com/q/d/l/?s=2502.jp&i=d,2026-03-26T08:35:00+00:00
2502,2502.T,2502.jp,2003-01-31,201.20,202.23,198.90,198.90,5058867,https://stooq.com/q/d/l/?s=2502.jp&i=d,2026-03-26T08:35:00+00:00
2502,2502.T,2502.jp,2003-02-03,196.34,203.26,196.09,202.99,4222889,https://stooq.com/q/d/l/?s=2502.jp&i=d,2026-03-26T08:35:00+00:00
2502,2502.T,2502.jp,2003-02-04,203.76,210.67,203.51,208.63,7695733,https://stooq.com/q/d/l/?s=2502.jp&i=d,2026-03-26T08:35:00+00:00
2502,2502.T,2502.jp,2003-02-05,206.06,210.93,205.55,205.81,5816722,https://stooq.com/q/d/l/?s=2502.jp&i=d,2026-03-26T08:35:00+00:00
2502,2502.T,2502.jp,2003-02-06,204.79,206.06,201.72,202.99,3375178,https://stooq.com/q/d/l/?s=2502.jp&i=d,2026-03-26T08:35:00+00:00
2502,2502.T,2502.jp,2003-02-07,202.74,204.02,200.95,204.02,1691494,https://stooq.com/q/d/l/?s=2502.jp&i=d,2026-03-26T08:35:00+00:00
2502,2502.T,2502.jp,2003-02-10,201.97,204.02,201.97,203.26,1906353,https://stooq.com/q/d/l/?s=2502.jp&i=d,2026-03-26T08:35:00+00:00
2502,2502.T,2502.jp,2003-02-12,204.53,207.09,204.28,204.79,5476866,https://stooq.com/q/d/l/?s=2502.jp&i=d,2026-03-26T08:35:00+00:00
2502,2502.T,2502.jp,2003-02-13,203.51,204.53,201.72,203.26,4613533,https://stooq.com/q/d/l/?s=2502.jp&i=d,2026-03-26T08:35:00+00:00
2502,2502.T,2502.jp,2003-02-14,201.20,207.09,201.20,204.79,7211335,https://stooq.com/q/d/l/?s=2502.jp&i=d,2026-03-26T08:35:00+00:00
2502,2502.T,2502.jp,2003-02-17,204.79,205.04,202.49,203.51,2113396,https://stooq.com/q/d/l/?s=2502.jp&i=d,2026-03-26T08:35:00+00:00
2502,2502.T,2502.jp,2003-02-18,201.20,202.99,197.11,199.16,6387073,https://stooq.com/q/d/l/?s=2502.jp&i=d,2026-03-26T08:35:00+00:00
2502,2502.T,2502.jp,2003-02-19,199.92,201.46,198.14,199.16,3097823,https://stooq.com/q/d/l/?s=2502.jp&i=d,2026-03-26T08:35:00+00:00
2502,2502.T,2502.jp,2003-02-20,198.90,199.16,196.34,199.16,3414250,https://stooq.com/q/d/l/?s=2502.jp&i=d,2026-03-26T08:35:00+00:00
2502,2502.T,2502.jp,2003-02-21,199.41,199.66,193.78,195.57,2613427,https://stooq.com/q/d/l/?s=2502.jp&i=d,2026-03-26T08:35:00+00:00
2502,2502.T,2502.jp,2003-02-24,198.14,202.74,195.83,201.46,3484563,https://stooq.com/q/d/l/?s=2502.jp&i=d,2026-03-26T08:35:00+00:00
2502,2502.T,2502.jp,2003-02-25,200.95,202.74,196.86,198.90,3340027,https://stooq.com/q/d/l/?s=2502.jp&i=d,2026-03-26T08:35:00+00:00
2502,2502.T,2502.jp,2003-02-26,199.66,203.51,199.66,201.97,3687699,https://stooq.com/q/d/l/?s=2502.jp&i=d,2026-03-26T08:35:00+00:00
2502,2502.T,2502.jp,2003-02-27,201.72,203.26,198.14,200.69,6555044,https://stooq.com/q/d/l/?s=2502.jp&i=d,2026-03-26T08:35:00+00:00
2502,2502.T,2502.jp,2003-02-28,203.26,203.76,199.16,201.97,5109651,https://stooq.com/q/d/l/?s=2502.jp&i=d,2026-03-26T08:35:00+00:00
2502,2502.T,2502.jp,2003-03-03,202.23,204.28,199.66,203.26,4058814,https://stooq.com/q/d/l/?s=2502.jp&i=d,2026-03-26T08:35:00+00:00
2502,2502.T,2502.jp,2003-03-04,203.26,205.81,202.23,204.02,4457281,https://stooq.com/q/d/l/?s=2502.jp&i=d,2026-03-26T08:35:00+00:00
2502,2502.T,2502.jp,2003-03-05,201.72,208.11,201.72,206.58,4000217,https://stooq.com/q/d/l/?s=2502.jp&i=d,2026-03-26T08:35:00+00:00
2502,2502.T,2502.jp,2003-03-06,206.32,208.11,202.74,205.55,7410561,https://stooq.com/q/d/l/?s=2502.jp&i=d,2026-03-26T08:35:00+00:00
2502,2502.T,2502.jp,2003-03-07,203.76,206.06,201.20,201.20,3097823,https://stooq.com/q/d/l/?s=2502.jp&i=d,2026-03-26T08:35:00+00:00
2502,2502.T,2502.jp,2003-03-10,196.09,200.69,196.09,199.41,4379145,https://stooq.com/q/d/l/?s=2502.jp&i=d,2026-03-26T08:35:00+00:00
2502,2502.T,2502.jp,2003-03-11,198.65,202.49,195.57,197.36,3472844,https://stooq.com/q/d/l/?s=2502.jp&i=d,2026-03-26T08:35:00+00:00
2502,2502.T,2502.jp,2003-03-12,199.92,200.95,195.57,196.86,2961096,https://stooq.com/q/d/l/?s=2502.jp&i=d,2026-03-26T08:35:00+00:00
2502,2502.T,2502.jp,2003-03-13,194.55,196.59,191.48,191.48,5078403,https://stooq.com/q/d/l/?s=2502.jp&i=d,2026-03-26T08:35:00+00:00
2502,2502.T,2502.jp,2003-03-14,191.48,194.29,190.20,193.53,12578816,https://stooq.com/q/d/l/?s=2502.jp&i=d,2026-03-26T08:35:00+00:00
2502,2502.T,2502.jp,2003-03-17,194.55,194.55,192.25,193.78,2136835,https://stooq.com/q/d/l/?s=2502.jp&i=d,2026-03-26T08:35:00+00:00
2502,2502.T,2502.jp,2003-03-18,194.81,198.39,192.25,195.06,5258097,https://stooq.com/q/d/l/?s=2502.jp&i=d,2026-03-26T08:35:00+00:00
2502,2502.T,2502.jp,2003-03-19,194.29,196.09,189.69,195.32,3453311,https://stooq.com/q/d/l/?s=2502.jp&i=d,2026-03-26T08:35:00+00:00
2502,2502.T,2502.jp,2003-03-20,196.86,201.46,195.06,196.59,5621398,https://stooq.com/q/d/l/?s=2502.jp&i=d,2026-03-26T08:35:00+00:00
2502,2502.T,2502.jp,2003-03-24,200.69,204.79,200.69,202.23,3937717,https://stooq.com/q/d/l/?s=2502.jp&i=d,2026-03-26T08:35:00+00:00
2502,2502.T,2502.jp,2003-03-25,200.18,202.99,198.65,200.44,3246268,https://stooq.com/q/d/l/?s=2502.jp&i=d,2026-03-26T08:35:00+00:00
2502,2502.T,2502.jp,2003-03-26,199.66,200.95,198.14,199.41,3582221,https://stooq.com/q/d/l/?s=2502.jp&i=d,2026-03-26T08:35:00+00:00
2502,2502.T,2502.jp,2003-03-27,200.44,203.51,199.92,203.51,3140794,https://stooq.com/q/d/l/?s=2502.jp&i=d,2026-03-26T08:35:00+00:00
2502,2502.T,2502.jp,2003-03-28,203.76,205.04,200.69,203.51,5219035,https://stooq.com/q/d/l/?s=2502.jp&i=d,2026-03-26T08:35:00+00:00
2502,2502.T,2502.jp,2003-03-31,200.44,200.44,190.71,192.25,7422284,https://stooq.com/q/d/l/?s=2502.jp&i=d,2026-03-26T08:35:00+00:00
2502,2502.T,2502.jp,2003-04-01,194.55,195.57,190.97,193.78,4844021,https://stooq.com/q/d/l/?s=2502.jp&i=d,2026-03-26T08:35:00+00:00
2502,2502.T,2502.jp,2003-04-02,198.39,198.65,194.55,198.14,5199500,https://stooq.com/q/d/l/?s=2502.jp&i=d,2026-03-26T08:35:00+00:00
2502,2502.T,2502.jp,2003-04-03,200.18,200.18,193.27,194.55,5625305,https://stooq.com/q/d/l/?s=2502.jp&i=d,2026-03-26T08:35:00+00:00
2502,2502.T,2502.jp,2003-04-04,194.81,196.86,193.53,195.57,7730888,https://stooq.com/q/d/l/?s=2502.jp&i=d,2026-03-26T08:35:00+00:00
2502,2502.T,2502.jp,2003-04-07,195.06,195.57,191.23,193.01,8004341,https://stooq.com/q/d/l/?s=2502.jp&i=d,2026-03-26T08:35:00+00:00
2502,2502.T,2502.jp,2003-04-08,193.27,193.27,189.69,191.99,8543441,https://stooq.com/q/d/l/?s=2502.jp&i=d,2026-03-26T08:35:00+00:00
2502,2502.T,2502.jp,2003-04-09,191.99,191.99,187.90,188.92,8820790,https://stooq.com/q/d/l/?s=2502.jp&i=d,2026-03-26T08:35:00+00:00
2502,2502.T,2502.jp,2003-04-10,188.92,188.92,184.05,185.59,5965171,https://stooq.com/q/d/l/?s=2502.jp&i=d,2026-03-26T08:35:00+00:00
2502,2502.T,2502.jp,2003-04-11,185.59,187.63,182.52,183.29,10840445,https://stooq.com/q/d/l/?s=2502.jp&i=d,2026-03-26T08:35:00+00:00
2502,2502.T,2502.jp,2003-04-14,180.73,184.31,176.63,179.19,11262340,https://stooq.com/q/d/l/?s=2502.jp&i=d,2026-03-26T08:35:00+00:00
2502,2502.T,2502.jp,2003-04-15,180.47,184.31,178.68,180.22,8656721,https://stooq.com/q/d/l/?s=2502.jp&i=d,2026-03-26T08:35:00+00:00
2502,2502.T,2502.jp,2003-04-16,181.75,184.05,178.17,179.70,9254404,https://stooq.com/q/d/l/?s=2502.jp&i=d,2026-03-26T08:35:00+00:00
2502,2502.T,2502.jp,2003-04-17,179.70,179.70,177.65,177.92,5105751,https://stooq.com/q/d/l/?s=2502.jp&i=d,2026-03-26T08:35:00+00:00
2502,2502.T,2502.jp,2003-04-18,180.47,180.47,177.92,178.17,4070537,https://stooq.com/q/d/l/?s=2502.jp&i=d,2026-03-26T08:35:00+00:00
2502,2502.T,2502.jp,2003-04-21,180.73,182.52,179.19,182.26,6738652,https://stooq.com/q/d/l/?s=2502.jp&i=d,2026-03-26T08:35:00+00:00
2502,2502.T,2502.jp,2003-04-22,183.03,183.03,178.17,180.47,5851880,https://stooq.com/q/d/l/?s=2502.jp&i=d,2026-03-26T08:35:00+00:00
2502,2502.T,2502.jp,2003-04-23,180.22,180.22,178.68,178.94,6566760,https://stooq.com/q/d/l/?s=2502.jp&i=d,2026-03-26T08:35:00+00:00
2502,2502.T,2502.jp,2003-04-24,179.19,180.47,177.65,179.45,12918672,https://stooq.com/q/d/l/?s=2502.jp&i=d,2026-03-26T08:35:00+00:00
2502,2502.T,2502.jp,2003-04-25,179.19,179.45,177.65,178.68,7715266,https://stooq.com/q/d/l/?s=2502.jp&i=d,2026-03-26T08:35:00+00:00
2502,2502.T,2502.jp,2003-04-28,179.45,179.96,178.17,178.42,2863441,https://stooq.com/q/d/l/?s=2502.jp&i=d,2026-03-26T08:35:00+00:00
2502,2502.T,2502.jp,2003-04-30,179.19,182.26,178.17,181.50,7055079,https://stooq.com/q/d/l/?s=2502.jp&i=d,2026-03-26T08:35:00+00:00
2502,2502.T,2502.jp,2003-05-01,182.00,182.78,179.19,182.26,5621398,https://stooq.com/q/d/l/?s=2502.jp&i=d,2026-03-26T08:35:00+00:00
2502,2502.T,2502.jp,2003-05-02,182.00,182.00,179.19,180.47,5238568,https://stooq.com/q/d/l/?s=2502.jp&i=d,2026-03-26T08:35:00+00:00
2502,2502.T,2502.jp,2003-05-06,181.75,182.00,177.92,178.94,8477024,https://stooq.com/q/d/l/?s=2502.jp&i=d,2026-03-26T08:35:00+00:00
2502,2502.T,2502.jp,2003-05-07,179.45,179.96,176.88,179.45,10426359,https://stooq.com/q/d/l/?s=2502.jp&i=d,2026-03-26T08:35:00+00:00
2502,2502.T,2502.jp,2003-05-08,179.96,180.98,179.19,179.45,5262003,https://stooq.com/q/d/l/?s=2502.jp&i=d,2026-03-26T08:35:00+00:00
2502,2502.T,2502.jp,2003-05-09,180.73,183.03,179.45,182.78,8051222,https://stooq.com/q/d/l/?s=2502.jp&i=d,2026-03-26T08:35:00+00:00
2502,2502.T,2502.jp,2003-05-12,185.34,187.13,183.54,186.10,8273887,https://stooq.com/q/d/l/?s=2502.jp&i=d,2026-03-26T08:35:00+00:00
2502,2502.T,2502.jp,2003-05-13,186.10,186.61,180.98,181.24,7058979,https://stooq.com/q/d/l/?s=2502.jp&i=d,2026-03-26T08:35:00+00:00
2502,2502.T,2502.jp,2003-05-14,180.98,182.52,180.47,181.75,4144749,https://stooq.com/q/d/l/?s=2502.jp&i=d,2026-03-26T08:35:00+00:00
2502,2502.T,2502.jp,2003-05-15,183.29,183.29,180.73,182.52,5469056,https://stooq.com/q/d/l/?s=2502.jp&i=d,2026-03-26T08:35:00+00:00
2502,2502.T,2502.jp,2003-05-16,184.57,186.61,183.54,186.10,8949700,https://stooq.com/q/d/l/?s=2502.jp&i=d,2026-03-26T08:35:00+00:00
2502,2502.T,2502.jp,2003-05-19,185.59,185.59,180.73,183.54,5590150,https://stooq.com/q/d/l/?s=2502.jp&i=d,2026-03-26T08:35:00+00:00
2502,2502.T,2502.jp,2003-05-20,183.54,186.61,182.26,185.34,4453367,https://stooq.com/q/d/l/?s=2502.jp&i=d,2026-03-26T08:35:00+00:00
2502,2502.T,2502.jp,2003-05-21,185.34,187.13,184.57,186.36,5578434,https://stooq.com/q/d/l/?s=2502.jp&i=d,2026-03-26T08:35:00+00:00
2502,2502.T,2502.jp,2003-05-22,187.13,188.66,186.36,186.61,4308828,https://stooq.com/q/d/l/?s=2502.jp&i=d,2026-03-26T08:35:00+00:00
2502,2502.T,2502.jp,2003-05-23,189.17,194.29,189.17,193.53,12442090,https://stooq.com/q/d/l/?s=2502.jp&i=d,2026-03-26T08:35:00+00:00
2502,2502.T,2502.jp,2003-05-26,193.53,197.88,192.76,196.09,8051222,https://stooq.com/q/d/l/?s=2502.jp&i=d,2026-03-26T08:35:00+00:00
2502,2502.T,2502.jp,2003-05-27,194.55,194.55,189.43,190.71,4601810,https://stooq.com/q/d/l/?s=2502.jp&i=d,2026-03-26T08:35:00+00:00
2502,2502.T,2502.jp,2003-05-28,193.27,195.57,193.01,193.78,4199447,https://stooq.com/q/d/l/?s=2502.jp&i=d,2026-03-26T08:35:00+00:00
2502,2502.T,2502.jp,2003-05-29,196.34,198.65,194.55,198.39,5695618,https://stooq.com/q/d/l/?s=2502.jp&i=d,2026-03-26T08:35:00+00:00
2502,2502.T,2502.jp,2003-05-30,197.88,202.23,197.36,199.16,6777717,https://stooq.com/q/d/l/?s=2502.jp&i=d,2026-03-26T08:35:00+00:00
2502,2502.T,2502.jp,2003-06-02,198.39,199.41,195.32,195.57,5090129,https://stooq.com/q/d/l/?s=2502.jp&i=d,2026-03-26T08:35:00+00:00
2502,2502.T,2502.jp,2003-06-03,195.83,195.83,193.78,195.57,3246268,https://stooq.com/q/d/l/?s=2502.jp&i=d,2026-03-26T08:35:00+00:00
2502,2502.T,2502.jp,2003-06-04,195.57,196.59,194.03,194.03,5207319,https://stooq.com/q/d/l/?s=2502.jp&i=d,2026-03-26T08:35:00+00:00
2502,2502.T,2502.jp,2003-06-05,193.53,194.29,190.71,192.25,7570726,https://stooq.com/q/d/l/?s=2502.jp&i=d,2026-03-26T08:35:00+00:00
2502,2502.T,2502.jp,2003-06-06,192.50,193.27,189.69,190.97,8684067,https://stooq.com/q/d/l/?s=2502.jp&i=d,2026-03-26T08:35:00+00:00
2502,2502.T,2502.jp,2003-06-09,188.40,190.71,187.63,188.15,10504478,https://stooq.com/q/d/l/?s=2502.jp&i=d,2026-03-26T08:35:00+00:00
2502,2502.T,2502.jp,2003-06-10,188.66,191.48,188.66,190.71,5347952,https://stooq.com/q/d/l/?s=2502.jp&i=d,2026-03-26T08:35:00+00:00
2502,2502.T,2502.jp,2003-06-11,193.27,195.32,190.71,192.25,6894907,https://stooq.com/q/d/l/?s=2502.jp&i=d,2026-03-26T08:35:00+00:00
2502,2502.T,2502.jp,2003-06-12,194.03,194.03,189.69,190.20,9645055,https://stooq.com/q/d/l/?s=2502.jp&i=d,2026-03-26T08:35:00+00:00
2502,2502.T,2502.jp,2003-06-13,190.45,196.09,190.45,191.99,15989157,https://stooq.com/q/d/l/?s=2502.jp&i=d,2026-03-26T08:35:00+00:00
2502,2502.T,2502.jp,2003-06-16,193.78,194.03,191.99,192.76,4125227,https://stooq.com/q/d/l/?s=2502.jp&i=d,2026-03-26T08:35:00+00:00
2502,2502.T,2502.jp,2003-06-17,195.32,195.32,193.27,194.55,4222889,https://stooq.com/q/d/l/?s=2502.jp&i=d,2026-03-26T08:35:00+00:00
2502,2502.T,2502.jp,2003-06-18,193.27,194.55,190.71,191.74,10078680,https://stooq.com/q/d/l/?s=2502.jp&i=d,2026-03-26T08:35:00+00:00
2502,2502.T,2502.jp,2003-06-19,193.01,193.53,189.94,190.97,7762140,https://stooq.com/q/d/l/?s=2502.jp&i=d,2026-03-26T08:35:00+00:00
2502,2502.T,2502.jp,2003-06-20,191.23,194.03,191.23,192.76,4476803,https://stooq.com/q/d/l/?s=2502.jp&i=d,2026-03-26T08:35:00+00:00
2502,2502.T,2502.jp,2003-06-23,193.01,194.55,192.76,194.29,5023712,https://stooq.com/q/d/l/?s=2502.jp&i=d,2026-03-26T08:35:00+00:00
2502,2502.T,2502.jp,2003-06-24,191.74,194.03,191.74,191.99,4047098,https://stooq.com/q/d/l/?s=2502.jp&i=d,2026-03-26T08:35:00+00:00
2502,2502.T,2502.jp,2003-06-25,192.50,192.76,187.38,187.63,7293371,https://stooq.com/q/d/l/?s=2502.jp&i=d,2026-03-26T08:35:00+00:00
2502,2502.T,2502.jp,2003-06-26,187.63,189.43,185.59,188.40,5011996,https://stooq.com/q/d/l/?s=2502.jp&i=d,2026-03-26T08:35:00+00:00
2502,2502.T,2502.jp,2003-06-27,187.63,189.94,185.34,186.36,6273782,https://stooq.com/q/d/l/?s=2502.jp&i=d,2026-03-26T08:35:00+00:00
2502,2502.T,2502.jp,2003-06-30,186.87,187.90,185.59,185.59,4574475,https://stooq.com/q/d/l/?s=2502.jp&i=d,2026-03-26T08:35:00+00:00
2502,2502.T,2502.jp,2003-07-01,185.84,188.15,185.08,187.63,5586247,https://stooq.com/q/d/l/?s=2502.jp&i=d,2026-03-26T08:35:00+00:00
2502,2502.T,2502.jp,2003-07-02,188.15,191.74,187.63,190.71,6859749,https://stooq.com/q/d/l/?s=2502.jp&i=d,2026-03-26T08:35:00+00:00
2502,2502.T,2502.jp,2003-07-03,191.99,193.27,185.08,186.61,13785915,https://stooq.com/q/d/l/?s=2502.jp&i=d,2026-03-26T08:35:00+00:00
2502,2502.T,2502.jp,2003-07-04,185.84,187.90,185.84,187.13,7340248,https://stooq.com/q/d/l/?s=2502.jp&i=d,2026-03-26T08:35:00+00:00
2502,2502.T,2502.jp,2003-07-07,188.92,189.17,186.87,187.13,5984703,https://stooq.com/q/d/l/?s=2502.jp&i=d,2026-03-26T08:35:00+00:00
2502,2502.T,2502.jp,2003-07-08,188.40,188.66,185.84,186.61,7863705,https://stooq.com/q/d/l/?s=2502.jp&i=d,2026-03-26T08:35:00+00:00
2502,2502.T,2502.jp,2003-07-09,189.17,191.23,188.66,190.97,9762252,https://stooq.com/q/d/l/?s=2502.jp&i=d,2026-03-26T08:35:00+00:00
2502,2502.T,2502.jp,2003-07-10,190.97,191.74,188.92,190.20,5484675,https://stooq.com/q/d/l/?s=2502.jp&i=d,2026-03-26T08:35:00+00:00
2502,2502.T,2502.jp,2003-07-11,188.66,189.94,185.84,186.61,10484945,https://stooq.com/q/d/l/?s=2502.jp&i=d,2026-03-26T08:35:00+00:00
2502,2502.T,2502.jp,2003-07-14,188.15,188.66,185.08,185.08,7797302,https://stooq.com/q/d/l/?s=2502.jp&i=d,2026-03-26T08:35:00+00:00
2502,2502.T,2502.jp,2003-07-15,184.31,184.83,179.96,179.96,16102445,https://stooq.com/q/d/l/?s=2502.jp&i=d,2026-03-26T08:35:00+00:00
2502,2502.T,2502.jp,2003-07-16,179.96,181.50,179.19,179.96,11246707,https://stooq.com/q/d/l/?s=2502.jp&i=d,2026-03-26T08:35:00+00:00
2502,2502.T,2502.jp,2003-07-17,180.22,182.52,179.70,181.50,7609784,https://stooq.com/q/d/l/?s=2502.jp&i=d,2026-03-26T08:35:00+00:00
2502,2502.T,2502.jp,2003-07-18,181.50,182.26,180.73,182.00,5609686,https://stooq.com/q/d/l/?s=2502.jp&i=d,2026-03-26T08:35:00+00:00
2502,2502.T,2502.jp,2003-07-22,183.03,183.80,180.73,181.24,7824647,https://stooq.com/q/d/l/?s=2502.jp&i=d,2026-03-26T08:35:00+00:00
2502,2502.T,2502.jp,2003-07-23,180.73,182.52,179.96,182.52,7176173,https://stooq.com/q/d/l/?s=2502.jp&i=d,2026-03-26T08:35:00+00:00
2502,2502.T,2502.jp,2003-07-24,182.26,182.52,180.73,181.75,6422228,https://stooq.com/q/d/l/?s=2502.jp&i=d,2026-03-26T08:35:00+00:00
2502,2502.T,2502.jp,2003-07-25,181.24,181.50,179.70,179.96,6562861,https://stooq.com/q/d/l/?s=2502.jp&i=d,2026-03-26T08:35:00+00:00
2502,2502.T,2502.jp,2003-07-28,180.47,181.24,179.96,180.98,3035329,https://stooq.com/q/d/l/?s=2502.jp&i=d,2026-03-26T08:35:00+00:00
2502,2502.T,2502.jp,2003-07-29,180.73,181.75,179.96,180.22,4992453,https://stooq.com/q/d/l/?s=2502.jp&i=d,2026-03-26T08:35:00+00:00
2502,2502.T,2502.jp,2003-07-30,180.47,181.24,179.96,179.96,4765878,https://stooq.com/q/d/l/?s=2502.jp&i=d,2026-03-26T08:35:00+00:00
2502,2502.T,2502.jp,2003-07-31,181.75,181.75,180.22,180.98,6848026,https://stooq.com/q/d/l/?s=2502.jp&i=d,2026-03-26T08:35:00+00:00
2502,2502.T,2502.jp,2003-08-01,182.00,182.00,180.73,180.73,5680002,https://stooq.com/q/d/l/?s=2502.jp&i=d,2026-03-26T08:35:00+00:00
2502,2502.T,2502.jp,2003-08-04,181.24,181.50,176.88,177.15,6426134,https://stooq.com/q/d/l/?s=2502.jp&i=d,2026-03-26T08:35:00+00:00
2502,2502.T,2502.jp,2003-08-05,176.63,179.96,171.51,178.94,10660743,https://stooq.com/q/d/l/?s=2502.jp&i=d,2026-03-26T08:35:00+00:00
2502,2502.T,2502.jp,2003-08-06,176.38,178.94,175.35,177.40,4515867,https://stooq.com/q/d/l/?s=2502.jp&i=d,2026-03-26T08:35:00+00:00
2502,2502.T,2502.jp,2003-08-07,178.94,179.19,177.40,178.42,6148775,https://stooq.com/q/d/l/?s=2502.jp&i=d,2026-03-26T08:35:00+00:00
2502,2502.T,2502.jp,2003-08-08,179.45,181.75,178.42,181.24,11656890,https://stooq.com/q/d/l/?s=2502.jp&i=d,2026-03-26T08:35:00+00:00
2502,2502.T,2502.jp,2003-08-11,180.47,181.75,179.45,181.75,4644781,https://stooq.com/q/d/l/?s=2502.jp&i=d,2026-03-26T08:35:00+00:00
2502,2502.T,2502.jp,2003-08-12,180.98,181.75,179.19,180.22,5945635,https://stooq.com/q/d/l/?s=2502.jp&i=d,2026-03-26T08:35:00+00:00
2502,2502.T,2502.jp,2003-08-13,180.22,181.75,179.96,180.22,5211222,https://stooq.com/q/d/l/?s=2502.jp&i=d,2026-03-26T08:35:00+00:00
2502,2502.T,2502.jp,2003-08-14,179.70,182.52,179.45,182.52,6953504,https://stooq.com/q/d/l/?s=2502.jp&i=d,2026-03-26T08:35:00+00:00
2502,2502.T,2502.jp,2003-08-15,182.26,182.78,180.73,181.50,7246486,https://stooq.com/q/d/l/?s=2502.jp&i=d,2026-03-26T08:35:00+00:00
2502,2502.T,2502.jp,2003-08-18,180.73,182.78,180.73,182.00,8641095,https://stooq.com/q/d/l/?s=2502.jp&i=d,2026-03-26T08:35:00+00:00
2502,2502.T,2502.jp,2003-08-19,184.57,186.87,182.52,186.87,15153173,https://stooq.com/q/d/l/?s=2502.jp&i=d,2026-03-26T08:35:00+00:00
2502,2502.T,2502.jp,2003-08-20,186.87,187.90,184.31,185.84,8008247,https://stooq.com/q/d/l/?s=2502.jp&i=d,2026-03-26T08:35:00+00:00
2502,2502.T,2502.jp,2003-08-21,186.87,188.66,185.59,186.87,5554988,https://stooq.com/q/d/l/?s=2502.jp&i=d,2026-03-26T08:35:00+00:00
2502,2502.T,2502.jp,2003-08-22,184.31,190.20,184.05,188.92,8621553,https://stooq.com/q/d/l/?s=2502.jp&i=d,2026-03-26T08:35:00+00:00
2502,2502.T,2502.jp,2003-08-25,189.43,190.45,188.15,190.20,4472900,https://stooq.com/q/d/l/?s=2502.jp&i=d,2026-03-26T08:35:00+00:00
2502,2502.T,2502.jp,2003-08-26,190.20,190.71,188.40,189.69,5207319,https://stooq.com/q/d/l/?s=2502.jp&i=d,2026-03-26T08:35:00+00:00
2502,2502.T,2502.jp,2003-08-27,188.92,190.45,188.92,189.69,3148607,https://stooq.com/q/d/l/?s=2502.jp&i=d,2026-03-26T08:35:00+00:00
2502,2502.T,2502.jp,2003-08-28,188.92,190.71,187.13,188.92,5144809,https://stooq.com/q/d/l/?s=2502.jp&i=d,2026-03-26T08:35:00+00:00
2502,2502.T,2502.jp,2003-08-29,188.92,191.48,188.66,191.48,6078455,https://stooq.com/q/d/l/?s=2502.jp&i=d,2026-03-26T08:35:00+00:00
2502,2502.T,2502.jp,2003-09-01,194.03,196.59,192.25,195.32,11380698,https://stooq.com/q/d/l/?s=2502.jp&i=d,2026-03-26T08:35:00+00:00
2502,2502.T,2502.jp,2003-09-02,196.86,196.86,191.23,191.74,6510906,https://stooq.com/q/d/l/?s=2502.jp&i=d,2026-03-26T08:35:00+00:00
2502,2502.T,2502.jp,2003-09-03,191.74,192.50,190.71,192.50,6805055,https://stooq.com/q/d/l/?s=2502.jp&i=d,2026-03-26T08:35:00+00:00
2502,2502.T,2502.jp,2003-09-04,194.29,194.29,191.48,194.03,6460512,https://stooq.com/q/d/l/?s=2502.jp&i=d,2026-03-26T08:35:00+00:00
2502,2502.T,2502.jp,2003-09-05,194.55,198.90,193.78,198.90,7533223,https://stooq.com/q/d/l/?s=2502.jp&i=d,2026-03-26T08:35:00+00:00
2502,2502.T,2502.jp,2003-09-08,199.16,202.74,198.14,201.97,10686130,https://stooq.com/q/d/l/?s=2502.jp&i=d,2026-03-26T08:35:00+00:00
2502,2502.T,2502.jp,2003-09-09,202.23,203.51,198.65,202.74,10515410,https://stooq.com/q/d/l/?s=2502.jp&i=d,2026-03-26T08:35:00+00:00
2502,2502.T,2502.jp,2003-09-10,203.51,207.86,202.99,206.32,13181967,https://stooq.com/q/d/l/?s=2502.jp&i=d,2026-03-26T08:35:00+00:00
2502,2502.T,2502.jp,2003-09-11,208.88,208.88,206.32,207.61,11807284,https://stooq.com/q/d/l/?s=2502.jp&i=d,2026-03-26T08:35:00+00:00
2502,2502.T,2502.jp,2003-09-12,210.67,214.51,209.91,213.24,23285647,https://stooq.com/q/d/l/?s=2502.jp&i=d,2026-03-26T08:35:00+00:00
2502,2502.T,2502.jp,2003-09-16,214.51,225.27,214.51,225.02,18531875,https://stooq.com/q/d/l/?s=2502.jp&i=d,2026-03-26T08:35:00+00:00
2502,2502.T,2502.jp,2003-09-17,222.45,223.73,218.61,219.12,11970184,https://stooq.com/q/d/l/?s=2502.jp&i=d,2026-03-26T08:35:00+00:00
2502,2502.T,2502.jp,2003-09-18,218.87,219.38,215.02,218.35,8919239,https://stooq.com/q/d/l/?s=2502.jp&i=d,2026-03-26T08:35:00+00:00
2502,2502.T,2502.jp,2003-09-19,218.87,221.43,218.35,219.64,9173943,https://stooq.com/q/d/l/?s=2502.jp&i=d,2026-03-26T08:35:00+00:00
2502,2502.T,2502.jp,2003-09-22,220.15,223.99,219.89,220.15,8724699,https://stooq.com/q/d/l/?s=2502.jp&i=d,2026-03-26T08:35:00+00:00
2502,2502.T,2502.jp,2003-09-24,220.15,222.45,217.59,221.68,4778388,https://stooq.com/q/d/l/?s=2502.jp&i=d,2026-03-26T08:35:00+00:00
2502,2502.T,2502.jp,2003-09-25,216.57,223.73,216.57,222.71,10541201,https://stooq.com/q/d/l/?s=2502.jp&i=d,2026-03-26T08:35:00+00:00
2502,2502.T,2502.jp,2003-09-26,220.15,222.45,220.15,220.91,5066687,https://stooq.com/q/d/l/?s=2502.jp&i=d,2026-03-26T08:35:00+00:00
2502,2502.T,2502.jp,2003-09-29,218.35,219.38,215.02,215.80,6573796,https://stooq.com/q/d/l/?s=2502.jp&i=d,2026-03-26T08:35:00+00:00
2502,2502.T,2502.jp,2003-09-30,212.72,216.31,210.93,210.93,7126553,https://stooq.com/q/d/l/?s=2502.jp&i=d,2026-03-26T08:35:00+00:00
2502,2502.T,2502.jp,2003-10-01,210.93,215.02,210.16,215.02,6564032,https://stooq.com/q/d/l/?s=2502.jp&i=d,2026-03-26T08:35:00+00:00
2502,2502.T,2502.jp,2003-10-02,217.59,220.15,214.26,219.89,5556159,https://stooq.com/q/d/l/?s=2502.jp&i=d,2026-03-26T08:35:00+00:00
2502,2502.T,2502.jp,2003-10-03,220.15,221.43,218.10,220.15,5166293,https://stooq.com/q/d/l/?s=2502.jp&i=d,2026-03-26T08:35:00+00:00
2502,2502.T,2502.jp,2003-10-06,221.43,221.43,215.80,216.57,3838877,https://stooq.com/q/d/l/?s=2502.jp&i=d,2026-03-26T08:35:00+00:00
2502,2502.T,2502.jp,2003-10-07,219.12,220.91,217.33,220.66,4362741,https://stooq.com/q/d/l/?s=2502.jp&i=d,2026-03-26T08:35:00+00:00
2502,2502.T,2502.jp,2003-10-08,221.43,221.68,219.12,219.12,4281092,https://stooq.com/q/d/l/?s=2502.jp&i=d,2026-03-26T08:35:00+00:00
2502,2502.T,2502.jp,2003-10-09,220.15,222.71,218.10,220.91,4362741,https://stooq.com/q/d/l/?s=2502.jp&i=d,2026-03-26T08:35:00+00:00
2502,2502.T,2502.jp,2003-10-10,223.22,225.02,221.43,223.47,8275065,https://stooq.com/q/d/l/?s=2502.jp&i=d,2026-03-26T08:35:00+00:00
2502,2502.T,2502.jp,2003-10-14,223.47,229.62,223.47,228.34,6449179,https://stooq.com/q/d/l/?s=2502.jp&i=d,2026-03-26T08:35:00+00:00
2502,2502.T,2502.jp,2003-10-15,229.11,230.39,225.78,227.32,3921307,https://stooq.com/q/d/l/?s=2502.jp&i=d,2026-03-26T08:35:00+00:00
2502,2502.T,2502.jp,2003-10-16,229.87,232.43,228.08,232.43,5419443,https://stooq.com/q/d/l/?s=2502.jp&i=d,2026-03-26T08:35:00+00:00
2502,2502.T,2502.jp,2003-10-17,232.43,232.94,226.80,228.85,4681898,https://stooq.com/q/d/l/?s=2502.jp&i=d,2026-03-26T08:35:00+00:00
2502,2502.T,2502.jp,2003-10-20,226.55,231.67,224.24,231.41,4749482,https://stooq.com/q/d/l/?s=2502.jp&i=d,2026-03-26T08:35:00+00:00
2502,2502.T,2502.jp,2003-10-21,229.62,231.41,227.83,228.60,3252517,https://stooq.com/q/d/l/?s=2502.jp&i=d,2026-03-26T08:35:00+00:00
2502,2502.T,2502.jp,2003-10-22,235.51,236.79,229.62,230.39,8677822,https://stooq.com/q/d/l/?s=2502.jp&i=d,2026-03-26T08:35:00+00:00
2502,2502.T,2502.jp,2003-10-23,230.64,230.64,222.71,224.50,5374123,https://stooq.com/q/d/l/?s=2502.jp&i=d,2026-03-26T08:35:00+00:00
2502,2502.T,2502.jp,2003-10-24,222.71,226.55,218.35,221.68,4949486,https://stooq.com/q/d/l/?s=2502.jp&i=d,2026-03-26T08:35:00+00:00
2502,2502.T,2502.jp,2003-10-27,228.34,233.97,227.32,233.97,6060885,https://stooq.com/q/d/l/?s=2502.jp&i=d,2026-03-26T08:35:00+00:00
2502,2502.T,2502.jp,2003-10-28,233.20,235.00,231.93,234.23,3543941,https://stooq.com/q/d/l/?s=2502.jp&i=d,2026-03-26T08:35:00+00:00
2502,2502.T,2502.jp,2003-10-29,231.67,235.25,229.36,234.48,3946311,https://stooq.com/q/d/l/?s=2502.jp&i=d,2026-03-26T08:35:00+00:00
2502,2502.T,2502.jp,2003-10-30,232.18,235.51,231.93,235.51,3237678,https://stooq.com/q/d/l/?s=2502.jp&i=d,2026-03-26T08:35:00+00:00
2502,2502.T,2502.jp,2003-10-31,235.51,235.51,232.43,235.00,2248561,https://stooq.com/q/d/l/?s=2502.jp&i=d,2026-03-26T08:35:00+00:00
2502,2502.T,2502.jp,2003-11-04,232.43,236.79,232.43,235.25,5131532,https://stooq.com/q/d/l/?s=2502.jp&i=d,2026-03-26T08:35:00+00:00
2502,2502.T,2502.jp,2003-11-05,236.02,241.39,234.48,240.12,7635962,https://stooq.com/q/d/l/?s=2502.jp&i=d,2026-03-26T08:35:00+00:00
2502,2502.T,2502.jp,2003-11-06,240.63,240.63,232.18,232.43,4604549,https://stooq.com/q/d/l/?s=2502.jp&i=d,2026-03-26T08:35:00+00:00
2502,2502.T,2502.jp,2003-11-07,236.79,239.85,231.67,239.85,3660361,https://stooq.com/q/d/l/?s=2502.jp&i=d,2026-03-26T08:35:00+00:00
2502,2502.T,2502.jp,2003-11-10,240.63,245.49,238.32,243.44,7835976,https://stooq.com/q/d/l/?s=2502.jp&i=d,2026-03-26T08:35:00+00:00
2502,2502.T,2502.jp,2003-11-11,240.89,244.98,239.35,242.93,7291806,https://stooq.com/q/d/l/?s=2502.jp&i=d,2026-03-26T08:35:00+00:00
2502,2502.T,2502.jp,2003-11-12,240.37,245.75,236.53,238.84,8477421,https://stooq.com/q/d/l/?s=2502.jp&i=d,2026-03-26T08:35:00+00:00
2502,2502.T,2502.jp,2003-11-13,241.39,242.93,238.32,240.89,6212056,https://stooq.com/q/d/l/?s=2502.jp&i=d,2026-03-26T08:35:00+00:00
2502,2502.T,2502.jp,2003-11-14,239.09,242.42,238.32,242.42,7466809,https://stooq.com/q/d/l/?s=2502.jp&i=d,2026-03-26T08:35:00+00:00
2502,2502.T,2502.jp,2003-11-17,239.85,239.85,227.57,231.16,6741774,https://stooq.com/q/d/l/?s=2502.jp&i=d,2026-03-26T08:35:00+00:00
2502,2502.T,2502.jp,2003-11-18,229.11,230.12,224.50,229.62,3747087,https://stooq.com/q/d/l/?s=2502.jp&i=d,2026-03-26T08:35:00+00:00
2502,2502.T,2502.jp,2003-11-19,228.34,233.45,226.55,230.90,5795632,https://stooq.com/q/d/l/?s=2502.jp&i=d,2026-03-26T08:35:00+00:00
2502,2502.T,2502.jp,2003-11-20,230.90,233.20,227.32,231.67,4996363,https://stooq.com/q/d/l/?s=2502.jp&i=d,2026-03-26T08:35:00+00:00
2502,2502.T,2502.jp,2003-11-21,232.94,232.94,228.08,229.87,6055016,https://stooq.com/q/d/l/?s=2502.jp&i=d,2026-03-26T08:35:00+00:00
2502,2502.T,2502.jp,2003-11-25,232.43,237.30,229.87,235.25,4623687,https://stooq.com/q/d/l/?s=2502.jp&i=d,2026-03-26T08:35:00+00:00
2502,2502.T,2502.jp,2003-11-26,231.67,236.79,231.67,234.74,4555326,https://stooq.com/q/d/l/?s=2502.jp&i=d,2026-03-26T08:35:00+00:00
2502,2502.T,2502.jp,2003-11-27,232.18,234.74,228.60,234.74,5213181,https://stooq.com/q/d/l/?s=2502.jp&i=d,2026-03-26T08:35:00+00:00
2502,2502.T,2502.jp,2003-11-28,231.41,233.45,230.39,232.43,2686873,https://stooq.com/q/d/l/?s=2502.jp&i=d,2026-03-26T08:35:00+00:00
2502,2502.T,2502.jp,2003-12-01,227.83,237.30,227.83,234.48,4601423,https://stooq.com/q/d/l/?s=2502.jp&i=d,2026-03-26T08:35:00+00:00
2502,2502.T,2502.jp,2003-12-02,231.93,236.79,230.12,231.67,6695677,https://stooq.com/q/d/l/?s=2502.jp&i=d,2026-03-26T08:35:00+00:00
2502,2502.T,2502.jp,2003-12-03,234.23,235.76,230.12,231.67,5353023,https://stooq.com/q/d/l/?s=2502.jp&i=d,2026-03-26T08:35:00+00:00
2502,2502.T,2502.jp,2003-12-04,231.93,233.71,231.67,232.18,4532671,https://stooq.com/q/d/l/?s=2502.jp&i=d,2026-03-26T08:35:00+00:00
2502,2502.T,2502.jp,2003-12-05,231.67,234.23,230.90,232.43,3558399,https://stooq.com/q/d/l/?s=2502.jp&i=d,2026-03-26T08:35:00+00:00
2502,2502.T,2502.jp,2003-12-08,231.67,235.76,231.16,233.71,4683849,https://stooq.com/q/d/l/?s=2502.jp&i=d,2026-03-26T08:35:00+00:00
2502,2502.T,2502.jp,2003-12-09,235.51,240.89,233.71,240.37,7299225,https://stooq.com/q/d/l/?s=2502.jp&i=d,2026-03-26T08:35:00+00:00
2502,2502.T,2502.jp,2003-12-10,236.02,240.89,235.00,239.35,4610407,https://stooq.com/q/d/l/?s=2502.jp&i=d,2026-03-26T08:35:00+00:00
2502,2502.T,2502.jp,2003-12-11,243.18,247.80,241.39,247.80,8818838,https://stooq.com/q/d/l/?s=2502.jp&i=d,2026-03-26T08:35:00+00:00
2502,2502.T,2502.jp,2003-12-12,250.87,255.47,248.81,254.96,17967785,https://stooq.com/q/d/l/?s=2502.jp&i=d,2026-03-26T08:35:00+00:00
2502,2502.T,2502.jp,2003-12-15,252.41,252.66,244.21,246.00,10678324,https://stooq.com/q/d/l/?s=2502.jp&i=d,2026-03-26T08:35:00+00:00
2502,2502.T,2502.jp,2003-12-16,246.00,250.87,245.75,249.59,6163230,https://stooq.com/q/d/l/?s=2502.jp&i=d,2026-03-26T08:35:00+00:00
2502,2502.T,2502.jp,2003-12-17,248.31,249.34,240.63,243.44,5577650,https://stooq.com/q/d/l/?s=2502.jp&i=d,2026-03-26T08:35:00+00:00
2502,2502.T,2502.jp,2003-12-18,246.00,250.35,244.98,248.31,5837815,https://stooq.com/q/d/l/?s=2502.jp&i=d,2026-03-26T08:35:00+00:00
2502,2502.T,2502.jp,2003-12-19,250.61,250.61,247.03,247.03,4148269,https://stooq.com/q/d/l/?s=2502.jp&i=d,2026-03-26T08:35:00+00:00
2502,2502.T,2502.jp,2003-12-22,247.03,249.34,245.24,245.49,14682445,https://stooq.com/q/d/l/?s=2502.jp&i=d,2026-03-26T08:35:00+00:00
2502,2502.T,2502.jp,2003-12-24,246.00,248.31,245.49,247.03,4019356,https://stooq.com/q/d/l/?s=2502.jp&i=d,2026-03-26T08:35:00+00:00
2502,2502.T,2502.jp,2003-12-25,242.16,243.70,239.09,241.14,3132601,https://stooq.com/q/d/l/?s=2502.jp&i=d,2026-03-26T08:35:00+00:00
2502,2502.T,2502.jp,2003-12-26,238.58,240.12,236.02,240.12,2392316,https://stooq.com/q/d/l/?s=2502.jp&i=d,2026-03-26T08:35:00+00:00
2502,2502.T,2502.jp,2003-12-29,243.70,246.26,242.42,242.42,2716163,https://stooq.com/q/d/l/?s=2502.jp&i=d,2026-03-26T08:35:00+00:00
2502,2502.T,2502.jp,2003-12-30,247.54,250.10,246.51,250.10,13190567,https://stooq.com/q/d/l/?s=2502.jp&i=d,2026-03-26T08:35:00+00:00
2502,2502.T,2502.jp,2004-01-05,251.38,253.43,249.85,249.85,2071986,https://stooq.com/q/d/l/?s=2502.jp&i=d,2026-03-26T08:35:00+00:00
2502,2502.T,2502.jp,2004-01-06,248.31,250.61,246.00,246.77,8582889,https://stooq.com/q/d/l/?s=2502.jp&i=d,2026-03-26T08:35:00+00:00
2502,2502.T,2502.jp,2004-01-07,250.35,251.12,245.49,249.34,12725304,https://stooq.com/q/d/l/?s=2502.jp&i=d,2026-03-26T08:35:00+00:00
2502,2502.T,2502.jp,2004-01-08,250.35,252.41,248.81,251.89,7016402,https://stooq.com/q/d/l/?s=2502.jp&i=d,2026-03-26T08:35:00+00:00
2502,2502.T,2502.jp,2004-01-09,251.89,251.89,248.56,250.35,9383711,https://stooq.com/q/d/l/?s=2502.jp&i=d,2026-03-26T08:35:00+00:00
2502,2502.T,2502.jp,2004-01-13,251.89,251.89,248.81,250.87,6391360,https://stooq.com/q/d/l/?s=2502.jp&i=d,2026-03-26T08:35:00+00:00
2502,2502.T,2502.jp,2004-01-14,249.85,250.10,244.47,246.26,6447228,https://stooq.com/q/d/l/?s=2502.jp&i=d,2026-03-26T08:35:00+00:00
2502,2502.T,2502.jp,2004-01-15,248.31,248.31,243.44,243.96,5856570,https://stooq.com/q/d/l/?s=2502.jp&i=d,2026-03-26T08:35:00+00:00
2502,2502.T,2502.jp,2004-01-16,247.54,248.05,243.44,248.05,3079855,https://stooq.com/q/d/l/?s=2502.jp&i=d,2026-03-26T08:35:00+00:00
2502,2502.T,2502.jp,2004-01-19,251.64,253.43,250.87,250.87,5160445,https://stooq.com/q/d/l/?s=2502.jp&i=d,2026-03-26T08:35:00+00:00
2502,2502.T,2502.jp,2004-01-20,250.87,252.92,248.56,250.87,4147098,https://stooq.com/q/d/l/?s=2502.jp&i=d,2026-03-26T08:35:00+00:00
2502,2502.T,2502.jp,2004-01-21,249.59,252.15,247.80,247.80,3284162,https://stooq.com/q/d/l/?s=2502.jp&i=d,2026-03-26T08:35:00+00:00
2502,2502.T,2502.jp,2004-01-22,250.35,252.92,248.56,251.12,3260720,https://stooq.com/q/d/l/?s=2502.jp&i=d,2026-03-26T08:35:00+00:00
2502,2502.T,2502.jp,2004-01-23,251.89,253.68,249.85,252.15,3949436,https://stooq.com/q/d/l/?s=2502.jp&i=d,2026-03-26T08:35:00+00:00
2502,2502.T,2502.jp,2004-01-26,250.87,253.17,249.59,251.12,2330207,https://stooq.com/q/d/l/?s=2502.jp&i=d,2026-03-26T08:35:00+00:00
2502,2502.T,2502.jp,2004-01-27,253.17,253.43,250.87,250.87,2401691,https://stooq.com/q/d/l/?s=2502.jp&i=d,2026-03-26T08:35:00+00:00
2502,2502.T,2502.jp,2004-01-28,248.31,252.41,248.31,251.64,3560351,https://stooq.com/q/d/l/?s=2502.jp&i=d,2026-03-26T08:35:00+00:00
2502,2502.T,2502.jp,2004-01-29,251.12,254.71,251.12,254.19,5670618,https://stooq.com/q/d/l/?s=2502.jp&i=d,2026-03-26T08:35:00+00:00
2502,2502.T,2502.jp,2004-01-30,254.71,257.78,254.44,256.76,7146092,https://stooq.com/q/d/l/?s=2502.jp&i=d,2026-03-26T08:35:00+00:00
2502,2502.T,2502.jp,2004-02-02,255.99,258.03,254.96,256.25,4450242,https://stooq.com/q/d/l/?s=2502.jp&i=d,2026-03-26T08:35:00+00:00
2502,2502.T,2502.jp,2004-02-03,256.25,257.52,255.21,256.76,6695677,https://stooq.com/q/d/l/?s=2502.jp&i=d,2026-03-26T08:35:00+00:00
2502,2502.T,2502.jp,2004-02-04,256.76,262.13,255.99,261.10,9430199,https://stooq.com/q/d/l/?s=2502.jp&i=d,2026-03-26T08:35:00+00:00
2502,2502.T,2502.jp,2004-02-05,257.52,260.85,256.50,257.52,6206201,https://stooq.com/q/d/l/?s=2502.jp&i=d,2026-03-26T08:35:00+00:00
2502,2502.T,2502.jp,2004-02-06,258.54,258.80,256.50,258.54,5459679,https://stooq.com/q/d/l/?s=2502.jp&i=d,2026-03-26T08:35:00+00:00
2502,2502.T,2502.jp,2004-02-09,256.76,258.54,244.47,249.07,9141127,https://stooq.com/q/d/l/?s=2502.jp&i=d,2026-03-26T08:35:00+00:00
2502,2502.T,2502.jp,2004-02-10,249.34,255.73,249.34,255.73,4876047,https://stooq.com/q/d/l/?s=2502.jp&i=d,2026-03-26T08:35:00+00:00
2502,2502.T,2502.jp,2004-02-12,258.29,259.57,254.44,257.52,5475691,https://stooq.com/q/d/l/?s=2502.jp&i=d,2026-03-26T08:35:00+00:00
2502,2502.T,2502.jp,2004-02-13,253.94,258.29,253.94,255.99,4223670,https://stooq.com/q/d/l/?s=2502.jp&i=d,2026-03-26T08:35:00+00:00
2502,2502.T,2502.jp,2004-02-16,255.73,258.29,254.44,258.29,2264187,https://stooq.com/q/d/l/?s=2502.jp&i=d,2026-03-26T08:35:00+00:00
2502,2502.T,2502.jp,2004-02-17,255.99,260.08,255.73,258.54,3224007,https://stooq.com/q/d/l/?s=2502.jp&i=d,2026-03-26T08:35:00+00:00
2502,2502.T,2502.jp,2004-02-18,257.27,260.34,257.01,257.78,2945470,https://stooq.com/q/d/l/?s=2502.jp&i=d,2026-03-26T08:35:00+00:00
2502,2502.T,2502.jp,2004-02-19,258.54,262.13,258.03,261.62,3698251,https://stooq.com/q/d/l/?s=2502.jp&i=d,2026-03-26T08:35:00+00:00
2502,2502.T,2502.jp,2004-02-20,258.03,260.85,257.78,259.06,2697798,https://stooq.com/q/d/l/?s=2502.jp&i=d,2026-03-26T08:35:00+00:00
2502,2502.T,2502.jp,2004-02-23,262.39,267.76,261.87,265.20,8354362,https://stooq.com/q/d/l/?s=2502.jp&i=d,2026-03-26T08:35:00+00:00
2502,2502.T,2502.jp,2004-02-24,264.95,268.53,262.64,262.64,10098993,https://stooq.com/q/d/l/?s=2502.jp&i=d,2026-03-26T08:35:00+00:00
2502,2502.T,2502.jp,2004-02-25,262.64,278.00,262.64,275.95,11397498,https://stooq.com/q/d/l/?s=2502.jp&i=d,2026-03-26T08:35:00+00:00
2502,2502.T,2502.jp,2004-02-26,275.19,281.08,273.64,277.75,7089067,https://stooq.com/q/d/l/?s=2502.jp&i=d,2026-03-26T08:35:00+00:00
2502,2502.T,2502.jp,2004-02-27,276.46,277.49,272.88,274.67,10040385,https://stooq.com/q/d/l/?s=2502.jp&i=d,2026-03-26T08:35:00+00:00
2502,2502.T,2502.jp,2004-03-01,279.79,282.61,276.46,282.35,7458613,https://stooq.com/q/d/l/?s=2502.jp&i=d,2026-03-26T08:35:00+00:00
2502,2502.T,2502.jp,2004-03-02,282.61,285.68,282.35,285.17,5721012,https://stooq.com/q/d/l/?s=2502.jp&i=d,2026-03-26T08:35:00+00:00
2502,2502.T,2502.jp,2004-03-03,287.21,287.21,282.10,283.38,5518272,https://stooq.com/q/d/l/?s=2502.jp&i=d,2026-03-26T08:35:00+00:00
2502,2502.T,2502.jp,2004-03-04,284.15,289.52,283.38,288.50,7873479,https://stooq.com/q/d/l/?s=2502.jp&i=d,2026-03-26T08:35:00+00:00
2502,2502.T,2502.jp,2004-03-05,283.63,287.73,283.38,285.42,8115290,https://stooq.com/q/d/l/?s=2502.jp&i=d,2026-03-26T08:35:00+00:00
2502,2502.T,2502.jp,2004-03-08,287.48,288.24,284.40,286.71,6661693,https://stooq.com/q/d/l/?s=2502.jp&i=d,2026-03-26T08:35:00+00:00
2502,2502.T,2502.jp,2004-03-09,289.26,293.36,288.75,293.36,6658568,https://stooq.com/q/d/l/?s=2502.jp&i=d,2026-03-26T08:35:00+00:00
2502,2502.T,2502.jp,2004-03-10,294.38,301.55,291.31,292.85,9197382,https://stooq.com/q/d/l/?s=2502.jp&i=d,2026-03-26T08:35:00+00:00
2502,2502.T,2502.jp,2004-03-11,292.85,300.27,291.06,294.38,8459443,https://stooq.com/q/d/l/?s=2502.jp&i=d,2026-03-26T08:35:00+00:00
2502,2502.T,2502.jp,2004-03-12,284.15,294.38,281.84,289.77,16602856,https://stooq.com/q/d/l/?s=2502.jp&i=d,2026-03-26T08:35:00+00:00
2502,2502.T,2502.jp,2004-03-15,294.90,297.96,290.80,293.10,4514697,https://stooq.com/q/d/l/?s=2502.jp&i=d,2026-03-26T08:35:00+00:00
2502,2502.T,2502.jp,2004-03-16,294.38,299.51,293.10,298.22,6674977,https://stooq.com/q/d/l/?s=2502.jp&i=d,2026-03-26T08:35:00+00:00
2502,2502.T,2502.jp,2004-03-17,298.48,301.55,298.22,298.22,7860195,https://stooq.com/q/d/l/?s=2502.jp&i=d,2026-03-26T08:35:00+00:00
2502,2502.T,2502.jp,2004-03-18,301.29,301.55,298.48,300.27,5969471,https://stooq.com/q/d/l/?s=2502.jp&i=d,2026-03-26T08:35:00+00:00
2502,2502.T,2502.jp,2004-03-19,300.79,300.79,296.94,298.48,4911989,https://stooq.com/q/d/l/?s=2502.jp&i=d,2026-03-26T08:35:00+00:00
2502,2502.T,2502.jp,2004-03-22,296.44,298.22,287.99,291.57,6889049,https://stooq.com/q/d/l/?s=2502.jp&i=d,2026-03-26T08:35:00+00:00
2502,2502.T,2502.jp,2004-03-23,296.69,300.27,292.33,297.19,12803827,https://stooq.com/q/d/l/?s=2502.jp&i=d,2026-03-26T08:35:00+00:00
2502,2502.T,2502.jp,2004-03-24,302.06,312.30,298.22,310.51,12650307,https://stooq.com/q/d/l/?s=2502.jp&i=d,2026-03-26T08:35:00+00:00
2502,2502.T,2502.jp,2004-03-25,314.60,314.60,303.86,312.05,5912049,https://stooq.com/q/d/l/?s=2502.jp&i=d,2026-03-26T08:35:00+00:00
2502,2502.T,2502.jp,2004-03-26,314.86,315.89,310.51,311.54,4988163,https://stooq.com/q/d/l/?s=2502.jp&i=d,2026-03-26T08:35:00+00:00
2502,2502.T,2502.jp,2004-03-29,306.42,311.28,304.62,309.23,4087337,https://stooq.com/q/d/l/?s=2502.jp&i=d,2026-03-26T08:35:00+00:00
2502,2502.T,2502.jp,2004-03-30,311.54,312.05,307.95,308.46,4506493,https://stooq.com/q/d/l/?s=2502.jp&i=d,2026-03-26T08:35:00+00:00
2502,2502.T,2502.jp,2004-03-31,308.46,310.76,306.16,308.98,5267871,https://stooq.com/q/d/l/?s=2502.jp&i=d,2026-03-26T08:35:00+00:00
2502,2502.T,2502.jp,2004-04-01,303.86,307.18,300.52,301.55,9330195,https://stooq.com/q/d/l/?s=2502.jp&i=d,2026-03-26T08:35:00+00:00
2502,2502.T,2502.jp,2004-04-02,304.36,311.54,302.57,310.51,8109042,https://stooq.com/q/d/l/?s=2502.jp&i=d,2026-03-26T08:35:00+00:00
2502,2502.T,2502.jp,2004-04-05,308.46,311.54,307.18,307.18,6124939,https://stooq.com/q/d/l/?s=2502.jp&i=d,2026-03-26T08:35:00+00:00
2502,2502.T,2502.jp,2004-04-06,310.51,311.79,308.46,310.00,4780723,https://stooq.com/q/d/l/?s=2502.jp&i=d,2026-03-26T08:35:00+00:00
2502,2502.T,2502.jp,2004-04-07,312.30,315.38,310.51,311.28,7701591,https://stooq.com/q/d/l/?s=2502.jp&i=d,2026-03-26T08:35:00+00:00
2502,2502.T,2502.jp,2004-04-08,310.51,316.91,308.46,313.58,5204967,https://stooq.com/q/d/l/?s=2502.jp&i=d,2026-03-26T08:35:00+00:00
2502,2502.T,2502.jp,2004-04-09,312.30,316.40,308.98,314.60,5955800,https://stooq.com/q/d/l/?s=2502.jp&i=d,2026-03-26T08:35:00+00:00
2502,2502.T,2502.jp,2004-04-12,315.12,316.14,313.32,314.60,2926719,https://stooq.com/q/d/l/?s=2502.jp&i=d,2026-03-26T08:35:00+00:00
2502,2502.T,2502.jp,2004-04-13,314.86,316.91,311.02,315.63,5348726,https://stooq.com/q/d/l/?s=2502.jp&i=d,2026-03-26T08:35:00+00:00
2502,2502.T,2502.jp,2004-04-14,317.42,319.99,316.14,319.99,5855396,https://stooq.com/q/d/l/?s=2502.jp&i=d,2026-03-26T08:35:00+00:00
2502,2502.T,2502.jp,2004-04-15,316.91,319.22,310.00,311.02,6064394,https://stooq.com/q/d/l/?s=2502.jp&i=d,2026-03-26T08:35:00+00:00
2502,2502.T,2502.jp,2004-04-16,311.02,315.38,307.70,313.85,6343311,https://stooq.com/q/d/l/?s=2502.jp&i=d,2026-03-26T08:35:00+00:00
2502,2502.T,2502.jp,2004-04-19,318.96,319.47,313.58,316.91,6780062,https://stooq.com/q/d/l/?s=2502.jp&i=d,2026-03-26T08:35:00+00:00
2502,2502.T,2502.jp,2004-04-20,314.60,317.42,312.82,315.12,5255361,https://stooq.com/q/d/l/?s=2502.jp&i=d,2026-03-26T08:35:00+00:00
2502,2502.T,2502.jp,2004-04-21,314.86,315.63,311.02,312.05,5145983,https://stooq.com/q/d/l/?s=2502.jp&i=d,2026-03-26T08:35:00+00:00
2502,2502.T,2502.jp,2004-04-22,312.30,314.86,311.79,313.85,4647907,https://stooq.com/q/d/l/?s=2502.jp&i=d,2026-03-26T08:35:00+00:00
2502,2502.T,2502.jp,2004-04-23,315.38,315.63,312.56,315.38,4690484,https://stooq.com/q/d/l/?s=2502.jp&i=d,2026-03-26T08:35:00+00:00
2502,2502.T,2502.jp,2004-04-26,313.58,319.99,311.02,317.93,8162555,https://stooq.com/q/d/l/?s=2502.jp&i=d,2026-03-26T08:35:00+00:00
2502,2502.T,2502.jp,2004-04-27,316.65,319.22,315.89,316.91,5182706,https://stooq.com/q/d/l/?s=2502.jp&i=d,2026-03-26T08:35:00+00:00
2502,2502.T,2502.jp,2004-04-28,319.99,327.42,318.19,323.06,9430199,https://stooq.com/q/d/l/?s=2502.jp&i=d,2026-03-26T08:35:00+00:00
2502,2502.T,2502.jp,2004-04-30,323.82,323.82,311.28,317.42,9152059,https://stooq.com/q/d/l/?s=2502.jp&i=d,2026-03-26T08:35:00+00:00
2502,2502.T,2502.jp,2004-05-06,321.01,321.01,312.82,315.12,8034035,https://stooq.com/q/d/l/?s=2502.jp&i=d,2026-03-26T08:35:00+00:00
2502,2502.T,2502.jp,2004-05-07,315.38,315.38,308.72,308.72,3769345,https://stooq.com/q/d/l/?s=2502.jp&i=d,2026-03-26T08:35:00+00:00
2502,2502.T,2502.jp,2004-05-10,303.60,306.42,294.63,299.25,7304700,https://stooq.com/q/d/l/?s=2502.jp&i=d,2026-03-26T08:35:00+00:00
2502,2502.T,2502.jp,2004-05-11,289.00,298.99,288.75,295.40,8174274,https://stooq.com/q/d/l/?s=2502.jp&i=d,2026-03-26T08:35:00+00:00
2502,2502.T,2502.jp,2004-05-12,294.38,295.92,289.52,293.36,6592158,https://stooq.com/q/d/l/?s=2502.jp&i=d,2026-03-26T08:35:00+00:00
2502,2502.T,2502.jp,2004-05-13,295.67,296.69,288.75,293.10,4212344,https://stooq.com/q/d/l/?s=2502.jp&i=d,2026-03-26T08:35:00+00:00
2502,2502.T,2502.jp,2004-05-14,287.99,294.63,287.73,293.61,7451581,https://stooq.com/q/d/l/?s=2502.jp&i=d,2026-03-26T08:35:00+00:00
2502,2502.T,2502.jp,2004-05-17,284.15,289.26,281.84,284.15,4892843,https://stooq.com/q/d/l/?s=2502.jp&i=d,2026-03-26T08:35:00+00:00
2502,2502.T,2502.jp,2004-05-18,281.08,289.26,279.28,286.45,5004176,https://stooq.com/q/d/l/?s=2502.jp&i=d,2026-03-26T08:35:00+00:00
2502,2502.T,2502.jp,2004-05-19,285.68,293.36,282.35,290.03,4242808,https://stooq.com/q/d/l/?s=2502.jp&i=d,2026-03-26T08:35:00+00:00
2502,2502.T,2502.jp,2004-05-20,284.91,292.59,284.15,287.73,6401525,https://stooq.com/q/d/l/?s=2502.jp&i=d,2026-03-26T08:35:00+00:00
2502,2502.T,2502.jp,2004-05-21,292.85,293.61,287.73,292.33,4032249,https://stooq.com/q/d/l/?s=2502.jp&i=d,2026-03-26T08:35:00+00:00
2502,2502.T,2502.jp,2004-05-24,293.87,296.18,288.50,290.80,3885368,https://stooq.com/q/d/l/?s=2502.jp&i=d,2026-03-26T08:35:00+00:00
2502,2502.T,2502.jp,2004-05-25,295.67,295.67,288.24,289.52,6140575,https://stooq.com/q/d/l/?s=2502.jp&i=d,2026-03-26T08:35:00+00:00
2502,2502.T,2502.jp,2004-05-26,296.94,297.96,294.38,295.67,5997200,https://stooq.com/q/d/l/?s=2502.jp&i=d,2026-03-26T08:35:00+00:00
2502,2502.T,2502.jp,2004-05-27,297.71,300.52,294.38,295.92,4681114,https://stooq.com/q/d/l/?s=2502.jp&i=d,2026-03-26T08:35:00+00:00
2502,2502.T,2502.jp,2004-05-28,296.94,299.76,294.90,297.96,5441708,https://stooq.com/q/d/l/?s=2502.jp&i=d,2026-03-26T08:35:00+00:00
2502,2502.T,2502.jp,2004-05-31,297.71,298.74,290.54,297.46,5140129,https://stooq.com/q/d/l/?s=2502.jp&i=d,2026-03-26T08:35:00+00:00
2502,2502.T,2502.jp,2004-06-01,297.71,302.83,297.19,299.25,3828336,https://stooq.com/q/d/l/?s=2502.jp&i=d,2026-03-26T08:35:00+00:00
2502,2502.T,2502.jp,2004-06-02,301.55,301.81,296.94,300.79,3520896,https://stooq.com/q/d/l/?s=2502.jp&i=d,2026-03-26T08:35:00+00:00
2502,2502.T,2502.jp,2004-06-03,303.34,304.62,294.63,298.22,5790945,https://stooq.com/q/d/l/?s=2502.jp&i=d,2026-03-26T08:35:00+00:00
2502,2502.T,2502.jp,2004-06-04,301.04,303.34,298.22,303.09,3691606,https://stooq.com/q/d/l/?s=2502.jp&i=d,2026-03-26T08:35:00+00:00
2502,2502.T,2502.jp,2004-06-07,306.67,312.05,304.62,309.23,5245600,https://stooq.com/q/d/l/?s=2502.jp&i=d,2026-03-26T08:35:00+00:00
2502,2502.T,2502.jp,2004-06-08,311.54,311.79,304.11,306.93,4452197,https://stooq.com/q/d/l/?s=2502.jp&i=d,2026-03-26T08:35:00+00:00
2502,2502.T,2502.jp,2004-06-09,307.18,308.21,305.39,306.42,3567383,https://stooq.com/q/d/l/?s=2502.jp&i=d,2026-03-26T08:35:00+00:00
2502,2502.T,2502.jp,2004-06-10,299.51,307.95,299.51,306.42,3509953,https://stooq.com/q/d/l/?s=2502.jp&i=d,2026-03-26T08:35:00+00:00
2502,2502.T,2502.jp,2004-06-11,307.45,308.21,303.34,305.65,12030736,https://stooq.com/q/d/l/?s=2502.jp&i=d,2026-03-26T08:35:00+00:00
2502,2502.T,2502.jp,2004-06-14,303.34,306.93,302.06,306.93,2595066,https://stooq.com/q/d/l/?s=2502.jp&i=d,2026-03-26T08:35:00+00:00
2502,2502.T,2502.jp,2004-06-15,307.18,307.95,304.88,305.65,4506891,https://stooq.com/q/d/l/?s=2502.jp&i=d,2026-03-26T08:35:00+00:00
2502,2502.T,2502.jp,2004-06-16,307.18,309.74,305.65,308.98,3187285,https://stooq.com/q/d/l/?s=2502.jp&i=d,2026-03-26T08:35:00+00:00
2502,2502.T,2502.jp,2004-06-17,307.18,308.21,305.13,306.42,3029071,https://stooq.com/q/d/l/?s=2502.jp&i=d,2026-03-26T08:35:00+00:00
2502,2502.T,2502.jp,2004-06-18,305.13,307.18,300.79,302.06,2854841,https://stooq.com/q/d/l/?s=2502.jp&i=d,2026-03-26T08:35:00+00:00
2502,2502.T,2502.jp,2004-06-21,302.83,309.23,302.83,306.16,4292422,https://stooq.com/q/d/l/?s=2502.jp&i=d,2026-03-26T08:35:00+00:00
2502,2502.T,2502.jp,2004-06-22,307.95,309.74,305.65,309.74,3523635,https://stooq.com/q/d/l/?s=2502.jp&i=d,2026-03-26T08:35:00+00:00
2502,2502.T,2502.jp,2004-06-23,309.74,314.86,309.74,312.56,5689767,https://stooq.com/q/d/l/?s=2502.jp&i=d,2026-03-26T08:35:00+00:00
2502,2502.T,2502.jp,2004-06-24,311.02,313.32,310.51,310.51,4066630,https://stooq.com/q/d/l/?s=2502.jp&i=d,2026-03-26T08:35:00+00:00
2502,2502.T,2502.jp,2004-06-25,311.02,311.28,305.39,307.70,4174837,https://stooq.com/q/d/l/?s=2502.jp&i=d,2026-03-26T08:35:00+00:00
2502,2502.T,2502.jp,2004-06-28,306.93,309.49,304.62,309.49,3197436,https://stooq.com/q/d/l/?s=2502.jp&i=d,2026-03-26T08:35:00+00:00
2502,2502.T,2502.jp,2004-06-29,309.74,311.02,307.18,308.98,2863044,https://stooq.com/q/d/l/?s=2502.jp&i=d,2026-03-26T08:35:00+00:00
2502,2502.T,2502.jp,2004-06-30,307.18,307.95,305.39,307.95,4622910,https://stooq.com/q/d/l/?s=2502.jp&i=d,2026-03-26T08:35:00+00:00
2502,2502.T,2502.jp,2004-07-01,308.46,310.76,307.18,309.74,2729053,https://stooq.com/q/d/l/?s=2502.jp&i=d,2026-03-26T08:35:00+00:00
2502,2502.T,2502.jp,2004-07-02,307.18,310.00,305.39,306.42,2354423,https://stooq.com/q/d/l/?s=2502.jp&i=d,2026-03-26T08:35:00+00:00
2502,2502.T,2502.jp,2004-07-05,304.62,305.39,300.52,301.81,2764609,https://stooq.com/q/d/l/?s=2502.jp&i=d,2026-03-26T08:35:00+00:00
2502,2502.T,2502.jp,2004-07-06,300.27,303.34,298.22,298.22,2602495,https://stooq.com/q/d/l/?s=2502.jp&i=d,2026-03-26T08:35:00+00:00
2502,2502.T,2502.jp,2004-07-07,293.10,296.44,292.33,296.44,4405319,https://stooq.com/q/d/l/?s=2502.jp&i=d,2026-03-26T08:35:00+00:00
2502,2502.T,2502.jp,2004-07-08,294.38,295.92,291.83,293.61,9282931,https://stooq.com/q/d/l/?s=2502.jp&i=d,2026-03-26T08:35:00+00:00
2502,2502.T,2502.jp,2004-07-09,289.26,296.94,289.26,296.18,9351679,https://stooq.com/q/d/l/?s=2502.jp&i=d,2026-03-26T08:35:00+00:00
2502,2502.T,2502.jp,2004-07-12,300.02,304.11,298.48,300.02,6314405,https://stooq.com/q/d/l/?s=2502.jp&i=d,2026-03-26T08:35:00+00:00
2502,2502.T,2502.jp,2004-07-13,299.76,300.79,296.94,298.99,6037056,https://stooq.com/q/d/l/?s=2502.jp&i=d,2026-03-26T08:35:00+00:00
2502,2502.T,2502.jp,2004-07-14,299.25,299.51,291.31,291.57,4796349,https://stooq.com/q/d/l/?s=2502.jp&i=d,2026-03-26T08:35:00+00:00
2502,2502.T,2502.jp,2004-07-15,295.15,297.71,292.08,296.18,4028350,https://stooq.com/q/d/l/?s=2502.jp&i=d,2026-03-26T08:35:00+00:00
2502,2502.T,2502.jp,2004-07-16,291.06,295.15,289.52,292.08,4030688,https://stooq.com/q/d/l/?s=2502.jp&i=d,2026-03-26T08:35:00+00:00
2502,2502.T,2502.jp,2004-07-20,289.77,294.90,288.50,293.87,5131142,https://stooq.com/q/d/l/?s=2502.jp&i=d,2026-03-26T08:35:00+00:00
2502,2502.T,2502.jp,2004-07-21,296.18,297.71,294.38,295.40,4635023,https://stooq.com/q/d/l/?s=2502.jp&i=d,2026-03-26T08:35:00+00:00
2502,2502.T,2502.jp,2004-07-22,296.94,298.22,294.90,298.22,4064679,https://stooq.com/q/d/l/?s=2502.jp&i=d,2026-03-26T08:35:00+00:00
2502,2502.T,2502.jp,2004-07-23,297.96,299.25,295.67,296.69,4920192,https://stooq.com/q/d/l/?s=2502.jp&i=d,2026-03-26T08:35:00+00:00
2502,2502.T,2502.jp,2004-07-26,296.69,298.22,294.90,296.18,3889278,https://stooq.com/q/d/l/?s=2502.jp&i=d,2026-03-26T08:35:00+00:00
2502,2502.T,2502.jp,2004-07-27,296.94,300.79,296.94,298.99,3810375,https://stooq.com/q/d/l/?s=2502.jp&i=d,2026-03-26T08:35:00+00:00
2502,2502.T,2502.jp,2004-07-28,304.11,304.36,301.04,301.55,8155909,https://stooq.com/q/d/l/?s=2502.jp&i=d,2026-03-26T08:35:00+00:00
2502,2502.T,2502.jp,2004-07-29,301.81,302.83,299.76,301.55,7247273,https://stooq.com/q/d/l/?s=2502.jp&i=d,2026-03-26T08:35:00+00:00
2502,2502.T,2502.jp,2004-07-30,297.96,303.60,297.96,303.09,6581999,https://stooq.com/q/d/l/?s=2502.jp&i=d,2026-03-26T08:35:00+00:00
2502,2502.T,2502.jp,2004-08-02,300.27,302.57,298.22,301.55,4432274,https://stooq.com/q/d/l/?s=2502.jp&i=d,2026-03-26T08:35:00+00:00
2502,2502.T,2502.jp,2004-08-03,300.27,300.79,294.38,296.18,4208431,https://stooq.com/q/d/l/?s=2502.jp&i=d,2026-03-26T08:35:00+00:00
2502,2502.T,2502.jp,2004-08-04,290.03,295.92,287.99,292.85,5217080,https://stooq.com/q/d/l/?s=2502.jp&i=d,2026-03-26T08:35:00+00:00
2502,2502.T,2502.jp,2004-08-05,290.29,294.38,290.29,291.83,4077963,https://stooq.com/q/d/l/?s=2502.jp&i=d,2026-03-26T08:35:00+00:00
2502,2502.T,2502.jp,2004-08-06,286.71,289.77,284.40,287.48,4569000,https://stooq.com/q/d/l/?s=2502.jp&i=d,2026-03-26T08:35:00+00:00
2502,2502.T,2502.jp,2004-08-09,279.79,283.12,276.72,279.79,5503821,https://stooq.com/q/d/l/?s=2502.jp&i=d,2026-03-26T08:35:00+00:00
2502,2502.T,2502.jp,2004-08-10,280.04,280.04,277.49,279.02,5653431,https://stooq.com/q/d/l/?s=2502.jp&i=d,2026-03-26T08:35:00+00:00
2502,2502.T,2502.jp,2004-08-11,279.79,283.38,276.98,279.53,8985645,https://stooq.com/q/d/l/?s=2502.jp&i=d,2026-03-26T08:35:00+00:00
2502,2502.T,2502.jp,2004-08-12,279.02,283.12,278.00,280.56,6880456,https://stooq.com/q/d/l/?s=2502.jp&i=d,2026-03-26T08:35:00+00:00
2502,2502.T,2502.jp,2004-08-13,280.56,281.08,272.88,272.88,8614925,https://stooq.com/q/d/l/?s=2502.jp&i=d,2026-03-26T08:35:00+00:00
2502,2502.T,2502.jp,2004-08-16,274.42,276.46,272.12,275.19,7437523,https://stooq.com/q/d/l/?s=2502.jp&i=d,2026-03-26T08:35:00+00:00
2502,2502.T,2502.jp,2004-08-17,276.72,277.75,272.62,273.39,7827376,https://stooq.com/q/d/l/?s=2502.jp&i=d,2026-03-26T08:35:00+00:00
2502,2502.T,2502.jp,2004-08-18,271.35,272.12,267.25,270.06,4958863,https://stooq.com/q/d/l/?s=2502.jp&i=d,2026-03-26T08:35:00+00:00
2502,2502.T,2502.jp,2004-08-19,268.79,268.79,265.72,266.74,8608283,https://stooq.com/q/d/l/?s=2502.jp&i=d,2026-03-26T08:35:00+00:00
2502,2502.T,2502.jp,2004-08-20,266.23,266.99,264.18,265.46,5926497,https://stooq.com/q/d/l/?s=2502.jp&i=d,2026-03-26T08:35:00+00:00
2502,2502.T,2502.jp,2004-08-23,262.90,264.44,260.08,260.60,8696964,https://stooq.com/q/d/l/?s=2502.jp&i=d,2026-03-26T08:35:00+00:00
2502,2502.T,2502.jp,2004-08-24,261.62,266.74,261.62,266.74,5959700,https://stooq.com/q/d/l/?s=2502.jp&i=d,2026-03-26T08:35:00+00:00
2502,2502.T,2502.jp,2004-08-25,267.76,276.21,266.23,274.67,11142800,https://stooq.com/q/d/l/?s=2502.jp&i=d,2026-03-26T08:35:00+00:00
2502,2502.T,2502.jp,2004-08-26,274.67,274.67,270.32,271.35,5766324,https://stooq.com/q/d/l/?s=2502.jp&i=d,2026-03-26T08:35:00+00:00
2502,2502.T,2502.jp,2004-08-27,268.79,269.30,265.46,266.74,6258937,https://stooq.com/q/d/l/?s=2502.jp&i=d,2026-03-26T08:35:00+00:00
2502,2502.T,2502.jp,2004-08-30,266.23,266.23,263.92,265.72,5447175,https://stooq.com/q/d/l/?s=2502.jp&i=d,2026-03-26T08:35:00+00:00
2502,2502.T,2502.jp,2004-08-31,264.95,265.46,262.64,265.20,4870178,https://stooq.com/q/d/l/?s=2502.jp&i=d,2026-03-26T08:35:00+00:00
2502,2502.T,2502.jp,2004-09-01,266.23,266.74,265.20,265.97,3922868,https://stooq.com/q/d/l/?s=2502.jp&i=d,2026-03-26T08:35:00+00:00
2502,2502.T,2502.jp,2004-09-02,265.46,266.48,264.95,265.46,6954682,https://stooq.com/q/d/l/?s=2502.jp&i=d,2026-03-26T08:35:00+00:00
2502,2502.T,2502.jp,2004-09-03,266.23,266.74,264.18,264.95,4608068,https://stooq.com/q/d/l/?s=2502.jp&i=d,2026-03-26T08:35:00+00:00
2502,2502.T,2502.jp,2004-09-06,267.51,275.69,266.48,273.64,11811974,https://stooq.com/q/d/l/?s=2502.jp&i=d,2026-03-26T08:35:00+00:00
2502,2502.T,2502.jp,2004-09-07,275.19,282.10,275.19,277.23,12403412,https://stooq.com/q/d/l/?s=2502.jp&i=d,2026-03-26T08:35:00+00:00
2502,2502.T,2502.jp,2004-09-08,282.35,284.91,279.53,284.15,12650307,https://stooq.com/q/d/l/?s=2502.jp&i=d,2026-03-26T08:35:00+00:00
2502,2502.T,2502.jp,2004-09-09,284.40,287.21,282.86,283.89,9988437,https://stooq.com/q/d/l/?s=2502.jp&i=d,2026-03-26T08:35:00+00:00
2502,2502.T,2502.jp,2004-09-10,289.00,289.77,284.65,289.00,26279950,https://stooq.com/q/d/l/?s=2502.jp&i=d,2026-03-26T08:35:00+00:00
2502,2502.T,2502.jp,2004-09-13,286.71,292.59,286.71,290.54,10277129,https://stooq.com/q/d/l/?s=2502.jp&i=d,2026-03-26T08:35:00+00:00
2502,2502.T,2502.jp,2004-09-14,290.54,290.80,285.94,286.45,7867621,https://stooq.com/q/d/l/?s=2502.jp&i=d,2026-03-26T08:35:00+00:00
2502,2502.T,2502.jp,2004-09-15,287.21,287.73,282.35,283.12,7612917,https://stooq.com/q/d/l/?s=2502.jp&i=d,2026-03-26T08:35:00+00:00
2502,2502.T,2502.jp,2004-09-16,283.38,283.89,279.53,280.82,7609401,https://stooq.com/q/d/l/?s=2502.jp&i=d,2026-03-26T08:35:00+00:00
2502,2502.T,2502.jp,2004-09-17,284.65,284.91,279.79,281.58,8589140,https://stooq.com/q/d/l/?s=2502.jp&i=d,2026-03-26T08:35:00+00:00
2502,2502.T,2502.jp,2004-09-21,286.19,286.19,282.61,283.63,5212003,https://stooq.com/q/d/l/?s=2502.jp&i=d,2026-03-26T08:35:00+00:00
2502,2502.T,2502.jp,2004-09-22,282.86,284.65,276.98,283.12,5387794,https://stooq.com/q/d/l/?s=2502.jp&i=d,2026-03-26T08:35:00+00:00
2502,2502.T,2502.jp,2004-09-24,282.61,282.86,276.98,280.82,4650642,https://stooq.com/q/d/l/?s=2502.jp&i=d,2026-03-26T08:35:00+00:00
2502,2502.T,2502.jp,2004-09-27,284.65,289.00,281.58,288.50,6200730,https://stooq.com/q/d/l/?s=2502.jp&i=d,2026-03-26T08:35:00+00:00
2502,2502.T,2502.jp,2004-09-28,289.26,290.80,285.17,289.52,5634285,https://stooq.com/q/d/l/?s=2502.jp&i=d,2026-03-26T08:35:00+00:00
2502,2502.T,2502.jp,2004-09-29,289.52,291.57,288.50,291.06,6167520,https://stooq.com/q/d/l/?s=2502.jp&i=d,2026-03-26T08:35:00+00:00
2502,2502.T,2502.jp,2004-09-30,289.26,293.36,287.21,287.21,7483219,https://stooq.com/q/d/l/?s=2502.jp&i=d,2026-03-26T08:35:00+00:00
2502,2502.T,2502.jp,2004-10-01,291.06,292.59,289.26,292.59,3556841,https://stooq.com/q/d/l/?s=2502.jp&i=d,2026-03-26T08:35:00+00:00
2502,2502.T,2502.jp,2004-10-04,292.59,292.59,287.21,290.80,6706226,https://stooq.com/q/d/l/?s=2502.jp&i=d,2026-03-26T08:35:00+00:00
2502,2502.T,2502.jp,2004-10-05,287.21,290.54,284.65,289.26,8819232,https://stooq.com/q/d/l/?s=2502.jp&i=d,2026-03-26T08:35:00+00:00
2502,2502.T,2502.jp,2004-10-06,286.71,291.06,285.68,290.54,4346725,https://stooq.com/q/d/l/?s=2502.jp&i=d,2026-03-26T08:35:00+00:00
2502,2502.T,2502.jp,2004-10-07,290.80,291.06,287.21,287.99,4617829,https://stooq.com/q/d/l/?s=2502.jp&i=d,2026-03-26T08:35:00+00:00
2502,2502.T,2502.jp,2004-10-08,284.91,290.03,284.91,287.48,7402748,https://stooq.com/q/d/l/?s=2502.jp&i=d,2026-03-26T08:35:00+00:00
2502,2502.T,2502.jp,2004-10-12,286.71,288.24,285.42,286.96,4817843,https://stooq.com/q/d/l/?s=2502.jp&i=d,2026-03-26T08:35:00+00:00
2502,2502.T,2502.jp,2004-10-13,289.26,291.31,287.99,289.26,5184661,https://stooq.com/q/d/l/?s=2502.jp&i=d,2026-03-26T08:35:00+00:00
2502,2502.T,2502.jp,2004-10-14,291.83,291.83,285.42,285.94,4337351,https://stooq.com/q/d/l/?s=2502.jp&i=d,2026-03-26T08:35:00+00:00
2502,2502.T,2502.jp,2004-10-15,285.17,285.17,279.79,280.56,5399517,https://stooq.com/q/d/l/?s=2502.jp&i=d,2026-03-26T08:35:00+00:00
2502,2502.T,2502.jp,2004-10-18,279.28,280.56,277.49,279.53,2976729,https://stooq.com/q/d/l/?s=2502.jp&i=d,2026-03-26T08:35:00+00:00
2502,2502.T,2502.jp,2004-10-19,281.33,288.75,281.08,285.94,7579721,https://stooq.com/q/d/l/?s=2502.jp&i=d,2026-03-26T08:35:00+00:00
2502,2502.T,2502.jp,2004-10-20,286.19,286.71,282.35,284.91,7785972,https://stooq.com/q/d/l/?s=2502.jp&i=d,2026-03-26T08:35:00+00:00
2502,2502.T,2502.jp,2004-10-21,285.94,287.99,283.12,283.63,7002724,https://stooq.com/q/d/l/?s=2502.jp&i=d,2026-03-26T08:35:00+00:00
2502,2502.T,2502.jp,2004-10-22,288.75,288.75,285.42,285.94,3025168,https://stooq.com/q/d/l/?s=2502.jp&i=d,2026-03-26T08:35:00+00:00
2502,2502.T,2502.jp,2004-10-25,279.28,283.12,278.00,282.10,2947812,https://stooq.com/q/d/l/?s=2502.jp&i=d,2026-03-26T08:35:00+00:00
2502,2502.T,2502.jp,2004-10-26,278.00,282.86,278.00,279.28,2997422,https://stooq.com/q/d/l/?s=2502.jp&i=d,2026-03-26T08:35:00+00:00
2502,2502.T,2502.jp,2004-10-27,276.72,279.28,275.69,276.98,4089292,https://stooq.com/q/d/l/?s=2502.jp&i=d,2026-03-26T08:35:00+00:00
2502,2502.T,2502.jp,2004-10-28,277.75,280.31,276.98,277.75,3673645,https://stooq.com/q/d/l/?s=2502.jp&i=d,2026-03-26T08:35:00+00:00
2502,2502.T,2502.jp,2004-10-29,278.77,280.82,276.46,279.53,5408884,https://stooq.com/q/d/l/?s=2502.jp&i=d,2026-03-26T08:35:00+00:00
2502,2502.T,2502.jp,2004-11-01,277.75,284.15,277.75,283.38,2271216,https://stooq.com/q/d/l/?s=2502.jp&i=d,2026-03-26T08:35:00+00:00
2502,2502.T,2502.jp,2004-11-02,285.42,287.99,283.63,287.21,4915899,https://stooq.com/q/d/l/?s=2502.jp&i=d,2026-03-26T08:35:00+00:00
2502,2502.T,2502.jp,2004-11-04,290.03,295.67,288.50,294.63,13099154,https://stooq.com/q/d/l/?s=2502.jp&i=d,2026-03-26T08:35:00+00:00
2502,2502.T,2502.jp,2004-11-05,298.22,303.09,297.96,299.76,6206985,https://stooq.com/q/d/l/?s=2502.jp&i=d,2026-03-26T08:35:00+00:00
2502,2502.T,2502.jp,2004-11-08,298.48,299.51,294.63,295.92,4557281,https://stooq.com/q/d/l/?s=2502.jp&i=d,2026-03-26T08:35:00+00:00
2502,2502.T,2502.jp,2004-11-09,294.63,298.74,294.63,297.19,2929454,https://stooq.com/q/d/l/?s=2502.jp&i=d,2026-03-26T08:35:00+00:00
2502,2502.T,2502.jp,2004-11-10,298.74,305.13,297.46,302.57,9504038,https://stooq.com/q/d/l/?s=2502.jp&i=d,2026-03-26T08:35:00+00:00
2502,2502.T,2502.jp,2004-11-11,304.11,304.36,298.48,298.74,4422119,https://stooq.com/q/d/l/?s=2502.jp&i=d,2026-03-26T08:35:00+00:00
2502,2502.T,2502.jp,2004-11-12,301.29,304.11,299.25,303.86,7905515,https://stooq.com/q/d/l/?s=2502.jp&i=d,2026-03-26T08:35:00+00:00
2502,2502.T,2502.jp,2004-11-15,304.62,308.98,304.62,306.67,6972643,https://stooq.com/q/d/l/?s=2502.jp&i=d,2026-03-26T08:35:00+00:00
2502,2502.T,2502.jp,2004-11-16,307.18,308.72,305.39,306.16,4430326,https://stooq.com/q/d/l/?s=2502.jp&i=d,2026-03-26T08:35:00+00:00
2502,2502.T,2502.jp,2004-11-17,304.88,306.16,300.02,302.32,5273336,https://stooq.com/q/d/l/?s=2502.jp&i=d,2026-03-26T08:35:00+00:00
2502,2502.T,2502.jp,2004-11-18,301.81,305.13,299.51,300.79,2736089,https://stooq.com/q/d/l/?s=2502.jp&i=d,2026-03-26T08:35:00+00:00
2502,2502.T,2502.jp,2004-11-19,302.57,304.11,299.51,300.27,2420449,https://stooq.com/q/d/l/?s=2502.jp&i=d,2026-03-26T08:35:00+00:00
2502,2502.T,2502.jp,2004-11-22,299.76,300.02,290.29,293.87,4328751,https://stooq.com/q/d/l/?s=2502.jp&i=d,2026-03-26T08:35:00+00:00
2502,2502.T,2502.jp,2004-11-24,293.61,296.94,292.33,295.40,3387689,https://stooq.com/q/d/l/?s=2502.jp&i=d,2026-03-26T08:35:00+00:00
2502,2502.T,2502.jp,2004-11-25,296.94,298.99,294.13,296.18,3025168,https://stooq.com/q/d/l/?s=2502.jp&i=d,2026-03-26T08:35:00+00:00
2502,2502.T,2502.jp,2004-11-26,297.19,298.48,293.36,294.13,1849711,https://stooq.com/q/d/l/?s=2502.jp&i=d,2026-03-26T08:35:00+00:00
2502,2502.T,2502.jp,2004-11-29,296.94,309.74,296.44,306.42,8853223,https://stooq.com/q/d/l/?s=2502.jp&i=d,2026-03-26T08:35:00+00:00
2502,2502.T,2502.jp,2004-11-30,307.18,311.54,306.16,311.54,9808349,https://stooq.com/q/d/l/?s=2502.jp&i=d,2026-03-26T08:35:00+00:00
2502,2502.T,2502.jp,2004-12-01,307.45,311.54,307.18,311.28,4284605,https://stooq.com/q/d/l/?s=2502.jp&i=d,2026-03-26T08:35:00+00:00
2502,2502.T,2502.jp,2004-12-02,312.30,316.40,312.05,315.12,6146043,https://stooq.com/q/d/l/?s=2502.jp&i=d,2026-03-26T08:35:00+00:00
2502,2502.T,2502.jp,2004-12-03,316.65,316.91,313.08,314.09,5263571,https://stooq.com/q/d/l/?s=2502.jp&i=d,2026-03-26T08:35:00+00:00
2502,2502.T,2502.jp,2004-12-06,311.79,313.58,307.45,310.26,4235783,https://stooq.com/q/d/l/?s=2502.jp&i=d,2026-03-26T08:35:00+00:00
2502,2502.T,2502.jp,2004-12-07,311.54,312.56,308.98,309.74,3027517,https://stooq.com/q/d/l/?s=2502.jp&i=d,2026-03-26T08:35:00+00:00
2502,2502.T,2502.jp,2004-12-08,308.46,312.30,308.46,311.54,4067411,https://stooq.com/q/d/l/?s=2502.jp&i=d,2026-03-26T08:35:00+00:00
2502,2502.T,2502.jp,2004-12-09,308.98,309.74,302.83,306.16,6090568,https://stooq.com/q/d/l/?s=2502.jp&i=d,2026-03-26T08:35:00+00:00
2502,2502.T,2502.jp,2004-12-10,301.04,307.18,301.04,303.34,18594378,https://stooq.com/q/d/l/?s=2502.jp&i=d,2026-03-26T08:35:00+00:00
2502,2502.T,2502.jp,2004-12-13,302.57,304.11,300.79,301.81,6088223,https://stooq.com/q/d/l/?s=2502.jp&i=d,2026-03-26T08:35:00+00:00
2502,2502.T,2502.jp,2004-12-14,304.88,305.65,302.06,305.65,4933083,https://stooq.com/q/d/l/?s=2502.jp&i=d,2026-03-26T08:35:00+00:00
2502,2502.T,2502.jp,2004-12-15,308.98,309.23,305.13,307.45,3915846,https://stooq.com/q/d/l/?s=2502.jp&i=d,2026-03-26T08:35:00+00:00
2502,2502.T,2502.jp,2004-12-16,303.34,307.95,302.06,304.36,5441314,https://stooq.com/q/d/l/?s=2502.jp&i=d,2026-03-26T08:35:00+00:00
2502,2502.T,2502.jp,2004-12-17,307.95,317.17,307.18,314.86,9788040,https://stooq.com/q/d/l/?s=2502.jp&i=d,2026-03-26T08:35:00+00:00
2502,2502.T,2502.jp,2004-12-20,313.85,317.67,313.08,316.91,6729668,https://stooq.com/q/d/l/?s=2502.jp&i=d,2026-03-26T08:35:00+00:00
2502,2502.T,2502.jp,2004-12-21,317.17,322.28,317.17,320.50,9337228,https://stooq.com/q/d/l/?s=2502.jp&i=d,2026-03-26T08:35:00+00:00
2502,2502.T,2502.jp,2004-12-22,322.04,326.39,322.04,326.13,10842786,https://stooq.com/q/d/l/?s=2502.jp&i=d,2026-03-26T08:35:00+00:00
2502,2502.T,2502.jp,2004-12-24,325.87,328.18,325.10,327.67,6510906,https://stooq.com/q/d/l/?s=2502.jp&i=d,2026-03-26T08:35:00+00:00
2502,2502.T,2502.jp,2004-12-27,323.82,325.10,322.28,325.10,3897478,https://stooq.com/q/d/l/?s=2502.jp&i=d,2026-03-26T08:35:00+00:00
2502,2502.T,2502.jp,2004-12-28,321.27,323.82,319.99,321.52,4365864,https://stooq.com/q/d/l/?s=2502.jp&i=d,2026-03-26T08:35:00+00:00
2502,2502.T,2502.jp,2004-12-29,322.81,324.59,321.01,321.01,3399011,https://stooq.com/q/d/l/?s=2502.jp&i=d,2026-03-26T08:35:00+00:00
2502,2502.T,2502.jp,2004-12-30,324.08,324.85,322.54,324.85,1535629,https://stooq.com/q/d/l/?s=2502.jp&i=d,2026-03-26T08:35:00+00:00
2502,2502.T,2502.jp,2005-01-04,324.85,327.92,322.54,326.39,2939609,https://stooq.com/q/d/l/?s=2502.jp&i=d,2026-03-26T08:35:00+00:00
2502,2502.T,2502.jp,2005-01-05,326.64,326.64,324.85,324.85,3418163,https://stooq.com/q/d/l/?s=2502.jp&i=d,2026-03-26T08:35:00+00:00
2502,2502.T,2502.jp,2005-01-06,325.10,328.94,325.10,328.94,5571395,https://stooq.com/q/d/l/?s=2502.jp&i=d,2026-03-26T08:35:00+00:00
2502,2502.T,2502.jp,2005-01-07,329.97,329.97,326.90,327.15,4360002,https://stooq.com/q/d/l/?s=2502.jp&i=d,2026-03-26T08:35:00+00:00
2502,2502.T,2502.jp,2005-01-11,327.92,332.27,327.92,330.73,4113902,https://stooq.com/q/d/l/?s=2502.jp&i=d,2026-03-26T08:35:00+00:00
2502,2502.T,2502.jp,2005-01-12,330.73,332.52,327.67,329.19,4089676,https://stooq.com/q/d/l/?s=2502.jp&i=d,2026-03-26T08:35:00+00:00
2502,2502.T,2502.jp,2005-01-13,327.67,330.22,322.81,324.59,5361233,https://stooq.com/q/d/l/?s=2502.jp&i=d,2026-03-26T08:35:00+00:00
2502,2502.T,2502.jp,2005-01-14,326.64,332.79,323.06,331.50,8226619,https://stooq.com/q/d/l/?s=2502.jp&i=d,2026-03-26T08:35:00+00:00
2502,2502.T,2502.jp,2005-01-17,331.50,332.02,327.92,328.69,5230758,https://stooq.com/q/d/l/?s=2502.jp&i=d,2026-03-26T08:35:00+00:00
2502,2502.T,2502.jp,2005-01-18,325.10,326.13,322.28,322.81,7795347,https://stooq.com/q/d/l/?s=2502.jp&i=d,2026-03-26T08:35:00+00:00
2502,2502.T,2502.jp,2005-01-19,322.54,325.10,322.04,322.28,6248385,https://stooq.com/q/d/l/?s=2502.jp&i=d,2026-03-26T08:35:00+00:00
2502,2502.T,2502.jp,2005-01-20,321.52,323.82,318.70,321.77,7812534,https://stooq.com/q/d/l/?s=2502.jp&i=d,2026-03-26T08:35:00+00:00
2502,2502.T,2502.jp,2005-01-21,324.08,330.73,323.82,328.69,9068859,https://stooq.com/q/d/l/?s=2502.jp&i=d,2026-03-26T08:35:00+00:00
2502,2502.T,2502.jp,2005-01-24,325.10,328.94,324.33,327.92,4736978,https://stooq.com/q/d/l/?s=2502.jp&i=d,2026-03-26T08:35:00+00:00
2502,2502.T,2502.jp,2005-01-25,324.85,329.97,324.33,329.97,3827946,https://stooq.com/q/d/l/?s=2502.jp&i=d,2026-03-26T08:35:00+00:00
2502,2502.T,2502.jp,2005-01-26,329.97,331.25,327.67,330.99,3170097,https://stooq.com/q/d/l/?s=2502.jp&i=d,2026-03-26T08:35:00+00:00
2502,2502.T,2502.jp,2005-01-27,331.25,331.76,328.69,330.22,3818174,https://stooq.com/q/d/l/?s=2502.jp&i=d,2026-03-26T08:35:00+00:00
2502,2502.T,2502.jp,2005-01-28,330.22,330.73,326.39,328.43,4179137,https://stooq.com/q/d/l/?s=2502.jp&i=d,2026-03-26T08:35:00+00:00
2502,2502.T,2502.jp,2005-01-31,328.69,334.31,326.64,330.99,6342144,https://stooq.com/q/d/l/?s=2502.jp&i=d,2026-03-26T08:35:00+00:00
2502,2502.T,2502.jp,2005-02-01,331.50,332.27,328.43,332.27,4444380,https://stooq.com/q/d/l/?s=2502.jp&i=d,2026-03-26T08:35:00+00:00
2502,2502.T,2502.jp,2005-02-02,333.81,336.62,331.76,336.62,6488634,https://stooq.com/q/d/l/?s=2502.jp&i=d,2026-03-26T08:35:00+00:00
2502,2502.T,2502.jp,2005-02-03,335.34,335.34,328.18,330.49,10797466,https://stooq.com/q/d/l/?s=2502.jp&i=d,2026-03-26T08:35:00+00:00
2502,2502.T,2502.jp,2005-02-04,326.39,328.43,317.17,320.24,14999263,https://stooq.com/q/d/l/?s=2502.jp&i=d,2026-03-26T08:35:00+00:00
2502,2502.T,2502.jp,2005-02-07,320.24,328.43,320.24,322.54,7326964,https://stooq.com/q/d/l/?s=2502.jp&i=d,2026-03-26T08:35:00+00:00
2502,2502.T,2502.jp,2005-02-08,322.81,324.85,319.99,320.75,5811247,https://stooq.com/q/d/l/?s=2502.jp&i=d,2026-03-26T08:35:00+00:00
2502,2502.T,2502.jp,2005-02-09,323.31,324.33,318.70,319.73,4701047,https://stooq.com/q/d/l/?s=2502.jp&i=d,2026-03-26T08:35:00+00:00
2502,2502.T,2502.jp,2005-02-10,319.73,323.31,318.70,320.50,7787921,https://stooq.com/q/d/l/?s=2502.jp&i=d,2026-03-26T08:35:00+00:00
2502,2502.T,2502.jp,2005-02-14,321.27,322.81,321.01,321.52,6639812,https://stooq.com/q/d/l/?s=2502.jp&i=d,2026-03-26T08:35:00+00:00
2502,2502.T,2502.jp,2005-02-15,326.13,327.42,323.31,326.39,4829166,https://stooq.com/q/d/l/?s=2502.jp&i=d,2026-03-26T08:35:00+00:00
2502,2502.T,2502.jp,2005-02-16,330.99,336.88,330.22,330.49,10185712,https://stooq.com/q/d/l/?s=2502.jp&i=d,2026-03-26T08:35:00+00:00
2502,2502.T,2502.jp,2005-02-17,332.52,342.52,330.99,339.18,12633883,https://stooq.com/q/d/l/?s=2502.jp&i=d,2026-03-26T08:35:00+00:00
2502,2502.T,2502.jp,2005-02-18,339.18,342.00,336.88,341.23,6465983,https://stooq.com/q/d/l/?s=2502.jp&i=d,2026-03-26T08:35:00+00:00
2502,2502.T,2502.jp,2005-02-21,341.75,341.75,334.83,338.41,5451075,https://stooq.com/q/d/l/?s=2502.jp&i=d,2026-03-26T08:35:00+00:00
2502,2502.T,2502.jp,2005-02-22,336.36,339.70,336.11,337.90,4820966,https://stooq.com/q/d/l/?s=2502.jp&i=d,2026-03-26T08:35:00+00:00
2502,2502.T,2502.jp,2005-02-23,339.96,340.46,337.90,340.46,4029521,https://stooq.com/q/d/l/?s=2502.jp&i=d,2026-03-26T08:35:00+00:00
2502,2502.T,2502.jp,2005-02-24,339.18,347.37,338.93,346.86,7891844,https://stooq.com/q/d/l/?s=2502.jp&i=d,2026-03-26T08:35:00+00:00
2502,2502.T,2502.jp,2005-02-25,345.59,351.73,345.59,350.95,9261834,https://stooq.com/q/d/l/?s=2502.jp&i=d,2026-03-26T08:35:00+00:00
2502,2502.T,2502.jp,2005-02-28,350.95,351.21,348.14,348.14,4944802,https://stooq.com/q/d/l/?s=2502.jp&i=d,2026-03-26T08:35:00+00:00
2502,2502.T,2502.jp,2005-03-01,348.39,352.74,347.88,349.42,5795632,https://stooq.com/q/d/l/?s=2502.jp&i=d,2026-03-26T08:35:00+00:00
2502,2502.T,2502.jp,2005-03-02,351.97,354.79,348.91,353.77,5781564,https://stooq.com/q/d/l/?s=2502.jp&i=d,2026-03-26T08:35:00+00:00
2502,2502.T,2502.jp,2005-03-03,352.23,354.54,351.73,354.54,3245488,https://stooq.com/q/d/l/?s=2502.jp&i=d,2026-03-26T08:35:00+00:00
2502,2502.T,2502.jp,2005-03-04,351.73,357.61,350.95,357.11,3715435,https://stooq.com/q/d/l/?s=2502.jp&i=d,2026-03-26T08:35:00+00:00
2502,2502.T,2502.jp,2005-03-07,357.86,358.37,354.54,355.56,4509232,https://stooq.com/q/d/l/?s=2502.jp&i=d,2026-03-26T08:35:00+00:00
2502,2502.T,2502.jp,2005-03-08,351.97,355.56,347.37,348.14,8986827,https://stooq.com/q/d/l/?s=2502.jp&i=d,2026-03-26T08:35:00+00:00
2502,2502.T,2502.jp,2005-03-09,348.14,348.65,344.56,346.61,7437126,https://stooq.com/q/d/l/?s=2502.jp&i=d,2026-03-26T08:35:00+00:00
2502,2502.T,2502.jp,2005-03-10,345.32,346.61,342.00,343.54,6200343,https://stooq.com/q/d/l/?s=2502.jp&i=d,2026-03-26T08:35:00+00:00
2502,2502.T,2502.jp,2005-03-11,351.21,353.77,350.70,353.51,25837742,https://stooq.com/q/d/l/?s=2502.jp&i=d,2026-03-26T08:35:00+00:00
2502,2502.T,2502.jp,2005-03-14,357.61,360.95,356.85,358.37,9627878,https://stooq.com/q/d/l/?s=2502.jp&i=d,2026-03-26T08:35:00+00:00
2502,2502.T,2502.jp,2005-03-15,363.50,363.50,357.11,359.92,7734404,https://stooq.com/q/d/l/?s=2502.jp&i=d,2026-03-26T08:35:00+00:00
2502,2502.T,2502.jp,2005-03-16,360.16,360.95,358.12,360.95,4774088,https://stooq.com/q/d/l/?s=2502.jp&i=d,2026-03-26T08:35:00+00:00
2502,2502.T,2502.jp,2005-03-17,358.37,360.16,357.11,358.89,2621634,https://stooq.com/q/d/l/?s=2502.jp&i=d,2026-03-26T08:35:00+00:00
2502,2502.T,2502.jp,2005-03-18,360.16,370.41,358.89,369.38,9193079,https://stooq.com/q/d/l/?s=2502.jp&i=d,2026-03-26T08:35:00+00:00
2502,2502.T,2502.jp,2005-03-22,369.64,369.64,365.03,365.55,5164345,https://stooq.com/q/d/l/?s=2502.jp&i=d,2026-03-26T08:35:00+00:00
2502,2502.T,2502.jp,2005-03-23,362.47,364.53,354.54,358.37,11547509,https://stooq.com/q/d/l/?s=2502.jp&i=d,2026-03-26T08:35:00+00:00
2502,2502.T,2502.jp,2005-03-24,355.81,360.16,354.79,355.56,4726820,https://stooq.com/q/d/l/?s=2502.jp&i=d,2026-03-26T08:35:00+00:00
2502,2502.T,2502.jp,2005-03-25,359.66,360.16,355.56,358.37,4109598,https://stooq.com/q/d/l/?s=2502.jp&i=d,2026-03-26T08:35:00+00:00
2502,2502.T,2502.jp,2005-03-28,357.11,359.40,356.07,358.37,1941511,https://stooq.com/q/d/l/?s=2502.jp&i=d,2026-03-26T08:35:00+00:00
2502,2502.T,2502.jp,2005-03-29,355.31,355.81,344.05,349.17,7659784,https://stooq.com/q/d/l/?s=2502.jp&i=d,2026-03-26T08:35:00+00:00
2502,2502.T,2502.jp,2005-03-30,350.19,353.26,348.39,351.73,4564306,https://stooq.com/q/d/l/?s=2502.jp&i=d,2026-03-26T08:35:00+00:00
2502,2502.T,2502.jp,2005-03-31,358.12,358.64,350.95,355.56,6452696,https://stooq.com/q/d/l/?s=2502.jp&i=d,2026-03-26T08:35:00+00:00
2502,2502.T,2502.jp,2005-04-01,349.68,355.81,348.91,355.81,3812713,https://stooq.com/q/d/l/?s=2502.jp&i=d,2026-03-26T08:35:00+00:00
2502,2502.T,2502.jp,2005-04-04,355.81,358.12,353.51,356.59,4468997,https://stooq.com/q/d/l/?s=2502.jp&i=d,2026-03-26T08:35:00+00:00
2502,2502.T,2502.jp,2005-04-05,354.29,357.36,354.29,355.31,6035101,https://stooq.com/q/d/l/?s=2502.jp&i=d,2026-03-26T08:35:00+00:00
2502,2502.T,2502.jp,2005-04-06,356.33,359.66,354.54,359.40,4806117,https://stooq.com/q/d/l/?s=2502.jp&i=d,2026-03-26T08:35:00+00:00
2502,2502.T,2502.jp,2005-04-07,360.95,365.03,360.43,365.03,6223385,https://stooq.com/q/d/l/?s=2502.jp&i=d,2026-03-26T08:35:00+00:00
2502,2502.T,2502.jp,2005-04-08,365.55,367.86,365.29,365.55,7014830,https://stooq.com/q/d/l/?s=2502.jp&i=d,2026-03-26T08:35:00+00:00
2502,2502.T,2502.jp,2005-04-11,360.43,361.71,355.05,356.07,6619897,https://stooq.com/q/d/l/?s=2502.jp&i=d,2026-03-26T08:35:00+00:00
2502,2502.T,2502.jp,2005-04-12,356.07,357.86,354.79,356.07,4656898,https://stooq.com/q/d/l/?s=2502.jp&i=d,2026-03-26T08:35:00+00:00
2502,2502.T,2502.jp,2005-04-13,356.07,360.43,355.56,356.33,4185776,https://stooq.com/q/d/l/?s=2502.jp&i=d,2026-03-26T08:35:00+00:00
2502,2502.T,2502.jp,2005-04-14,357.61,359.15,350.70,353.26,4552977,https://stooq.com/q/d/l/?s=2502.jp&i=d,2026-03-26T08:35:00+00:00
2502,2502.T,2502.jp,2005-04-15,352.50,353.26,346.86,351.73,5266303,https://stooq.com/q/d/l/?s=2502.jp&i=d,2026-03-26T08:35:00+00:00
2502,2502.T,2502.jp,2005-04-18,344.56,345.32,334.06,335.34,10448223,https://stooq.com/q/d/l/?s=2502.jp&i=d,2026-03-26T08:35:00+00:00
2502,2502.T,2502.jp,2005-04-19,336.62,344.05,336.62,341.75,6323789,https://stooq.com/q/d/l/?s=2502.jp&i=d,2026-03-26T08:35:00+00:00
2502,2502.T,2502.jp,2005-04-20,348.91,349.17,338.41,343.01,5576082,https://stooq.com/q/d/l/?s=2502.jp&i=d,2026-03-26T08:35:00+00:00
2502,2502.T,2502.jp,2005-04-21,337.90,338.93,332.79,335.60,5959700,https://stooq.com/q/d/l/?s=2502.jp&i=d,2026-03-26T08:35:00+00:00
2502,2502.T,2502.jp,2005-04-22,340.72,345.59,338.93,343.54,4013107,https://stooq.com/q/d/l/?s=2502.jp&i=d,2026-03-26T08:35:00+00:00
2502,2502.T,2502.jp,2005-04-25,342.52,344.05,341.48,341.48,2324735,https://stooq.com/q/d/l/?s=2502.jp&i=d,2026-03-26T08:35:00+00:00
2502,2502.T,2502.jp,2005-04-26,343.78,346.61,340.46,341.23,3772467,https://stooq.com/q/d/l/?s=2502.jp&i=d,2026-03-26T08:35:00+00:00
2502,2502.T,2502.jp,2005-04-27,339.18,342.77,339.18,339.70,2997035,https://stooq.com/q/d/l/?s=2502.jp&i=d,2026-03-26T08:35:00+00:00
2502,2502.T,2502.jp,2005-04-28,334.58,342.25,331.25,342.25,8839935,https://stooq.com/q/d/l/?s=2502.jp&i=d,2026-03-26T08:35:00+00:00
2502,2502.T,2502.jp,2005-05-02,340.46,340.72,334.83,337.39,8750473,https://stooq.com/q/d/l/?s=2502.jp&i=d,2026-03-26T08:35:00+00:00
2502,2502.T,2502.jp,2005-05-06,340.46,341.48,336.62,341.48,6421447,https://stooq.com/q/d/l/?s=2502.jp&i=d,2026-03-26T08:35:00+00:00
2502,2502.T,2502.jp,2005-05-09,339.18,341.23,336.88,341.23,6866785,https://stooq.com/q/d/l/?s=2502.jp&i=d,2026-03-26T08:35:00+00:00
2502,2502.T,2502.jp,2005-05-10,341.23,344.05,339.18,341.75,6644116,https://stooq.com/q/d/l/?s=2502.jp&i=d,2026-03-26T08:35:00+00:00
2502,2502.T,2502.jp,2005-05-11,337.90,340.72,336.88,339.70,5040122,https://stooq.com/q/d/l/?s=2502.jp&i=d,2026-03-26T08:35:00+00:00
2502,2502.T,2502.jp,2005-05-12,337.39,339.70,337.39,338.41,5784296,https://stooq.com/q/d/l/?s=2502.jp&i=d,2026-03-26T08:35:00+00:00
2502,2502.T,2502.jp,2005-05-13,335.85,335.85,331.76,333.55,10789260,https://stooq.com/q/d/l/?s=2502.jp&i=d,2026-03-26T08:35:00+00:00
2502,2502.T,2502.jp,2005-05-16,333.55,336.11,332.02,333.55,5044025,https://stooq.com/q/d/l/?s=2502.jp&i=d,2026-03-26T08:35:00+00:00
2502,2502.T,2502.jp,2005-05-17,337.64,337.64,326.90,330.49,7389858,https://stooq.com/q/d/l/?s=2502.jp&i=d,2026-03-26T08:35:00+00:00
2502,2502.T,2502.jp,2005-05-18,325.37,329.45,322.81,326.39,7076563,https://stooq.com/q/d/l/?s=2502.jp&i=d,2026-03-26T08:35:00+00:00
2502,2502.T,2502.jp,2005-05-19,330.22,331.25,325.37,328.69,4627207,https://stooq.com/q/d/l/?s=2502.jp&i=d,2026-03-26T08:35:00+00:00
2502,2502.T,2502.jp,2005-05-20,330.22,330.73,325.37,325.37,4590484,https://stooq.com/q/d/l/?s=2502.jp&i=d,2026-03-26T08:35:00+00:00
2502,2502.T,2502.jp,2005-05-23,329.71,333.81,327.67,333.81,5035041,https://stooq.com/q/d/l/?s=2502.jp&i=d,2026-03-26T08:35:00+00:00
2502,2502.T,2502.jp,2005-05-24,333.03,336.36,330.99,335.34,9891173,https://stooq.com/q/d/l/?s=2502.jp&i=d,2026-03-26T08:35:00+00:00
2502,2502.T,2502.jp,2005-05-25,332.79,335.34,330.22,332.79,4130695,https://stooq.com/q/d/l/?s=2502.jp&i=d,2026-03-26T08:35:00+00:00
2502,2502.T,2502.jp,2005-05-26,335.34,339.18,332.79,337.39,5832745,https://stooq.com/q/d/l/?s=2502.jp&i=d,2026-03-26T08:35:00+00:00
2502,2502.T,2502.jp,2005-05-27,337.64,339.18,335.34,339.18,5371775,https://stooq.com/q/d/l/?s=2502.jp&i=d,2026-03-26T08:35:00+00:00
2502,2502.T,2502.jp,2005-05-30,335.34,339.96,334.83,338.41,4812362,https://stooq.com/q/d/l/?s=2502.jp&i=d,2026-03-26T08:35:00+00:00
2502,2502.T,2502.jp,2005-05-31,336.62,338.68,333.55,338.16,5656560,https://stooq.com/q/d/l/?s=2502.jp&i=d,2026-03-26T08:35:00+00:00
2502,2502.T,2502.jp,2005-06-01,336.62,338.93,335.60,338.68,4625642,https://stooq.com/q/d/l/?s=2502.jp&i=d,2026-03-26T08:35:00+00:00
2502,2502.T,2502.jp,2005-06-02,336.62,338.16,331.50,332.02,7276180,https://stooq.com/q/d/l/?s=2502.jp&i=d,2026-03-26T08:35:00+00:00
2502,2502.T,2502.jp,2005-06-03,330.22,330.49,327.42,328.69,7562523,https://stooq.com/q/d/l/?s=2502.jp&i=d,2026-03-26T08:35:00+00:00
2502,2502.T,2502.jp,2005-06-06,327.42,327.42,323.82,325.37,7726595,https://stooq.com/q/d/l/?s=2502.jp&i=d,2026-03-26T08:35:00+00:00
2502,2502.T,2502.jp,2005-06-07,325.87,330.99,325.61,330.73,8018413,https://stooq.com/q/d/l/?s=2502.jp&i=d,2026-03-26T08:35:00+00:00
2502,2502.T,2502.jp,2005-06-08,330.99,333.55,329.97,331.76,3553318,https://stooq.com/q/d/l/?s=2502.jp&i=d,2026-03-26T08:35:00+00:00
2502,2502.T,2502.jp,2005-06-09,334.06,334.58,330.99,333.55,8712977,https://stooq.com/q/d/l/?s=2502.jp&i=d,2026-03-26T08:35:00+00:00
2502,2502.T,2502.jp,2005-06-10,336.88,343.54,335.60,341.48,24988474,https://stooq.com/q/d/l/?s=2502.jp&i=d,2026-03-26T08:35:00+00:00
2502,2502.T,2502.jp,2005-06-13,339.18,340.46,334.83,335.34,9337228,https://stooq.com/q/d/l/?s=2502.jp&i=d,2026-03-26T08:35:00+00:00
2502,2502.T,2502.jp,2005-06-14,335.34,335.60,334.06,335.09,5822977,https://stooq.com/q/d/l/?s=2502.jp&i=d,2026-03-26T08:35:00+00:00
2502,2502.T,2502.jp,2005-06-15,334.06,336.36,333.03,334.31,6142921,https://stooq.com/q/d/l/?s=2502.jp&i=d,2026-03-26T08:35:00+00:00
2502,2502.T,2502.jp,2005-06-16,334.06,335.60,332.79,333.81,8930965,https://stooq.com/q/d/l/?s=2502.jp&i=d,2026-03-26T08:35:00+00:00
2502,2502.T,2502.jp,2005-06-17,334.83,335.09,333.03,333.81,5406542,https://stooq.com/q/d/l/?s=2502.jp&i=d,2026-03-26T08:35:00+00:00
2502,2502.T,2502.jp,2005-06-20,333.55,336.36,333.55,334.83,6743339,https://stooq.com/q/d/l/?s=2502.jp&i=d,2026-03-26T08:35:00+00:00
2502,2502.T,2502.jp,2005-06-21,334.83,338.93,334.83,337.14,7561349,https://stooq.com/q/d/l/?s=2502.jp&i=d,2026-03-26T08:35:00+00:00
2502,2502.T,2502.jp,2005-06-22,337.90,342.00,337.90,339.44,7468775,https://stooq.com/q/d/l/?s=2502.jp&i=d,2026-03-26T08:35:00+00:00
2502,2502.T,2502.jp,2005-06-23,332.79,334.58,330.73,333.29,13721844,https://stooq.com/q/d/l/?s=2502.jp&i=d,2026-03-26T08:35:00+00:00
2502,2502.T,2502.jp,2005-06-24,333.55,336.88,332.79,335.85,10546285,https://stooq.com/q/d/l/?s=2502.jp&i=d,2026-03-26T08:35:00+00:00
2502,2502.T,2502.jp,2005-06-27,335.09,335.60,332.52,332.79,5080357,https://stooq.com/q/d/l/?s=2502.jp&i=d,2026-03-26T08:35:00+00:00
2502,2502.T,2502.jp,2005-06-28,333.03,341.75,333.03,340.20,10459952,https://stooq.com/q/d/l/?s=2502.jp&i=d,2026-03-26T08:35:00+00:00
2502,2502.T,2502.jp,2005-06-29,341.75,341.75,338.41,340.97,5070196,https://stooq.com/q/d/l/?s=2502.jp&i=d,2026-03-26T08:35:00+00:00
2502,2502.T,2502.jp,2005-06-30,339.44,339.70,334.58,338.41,7841844,https://stooq.com/q/d/l/?s=2502.jp&i=d,2026-03-26T08:35:00+00:00
2502,2502.T,2502.jp,2005-07-01,339.44,342.25,337.39,340.46,4578374,https://stooq.com/q/d/l/?s=2502.jp&i=d,2026-03-26T08:35:00+00:00
2502,2502.T,2502.jp,2005-07-04,341.23,345.32,339.70,345.32,7224615,https://stooq.com/q/d/l/?s=2502.jp&i=d,2026-03-26T08:35:00+00:00
2502,2502.T,2502.jp,2005-07-05,345.32,345.59,341.75,343.54,6272217,https://stooq.com/q/d/l/?s=2502.jp&i=d,2026-03-26T08:35:00+00:00
2502,2502.T,2502.jp,2005-07-06,343.78,345.07,336.62,337.64,8666489,https://stooq.com/q/d/l/?s=2502.jp&i=d,2026-03-26T08:35:00+00:00
2502,2502.T,2502.jp,2005-07-07,337.90,337.90,333.81,334.06,6318705,https://stooq.com/q/d/l/?s=2502.jp&i=d,2026-03-26T08:35:00+00:00
2502,2502.T,2502.jp,2005-07-08,334.31,335.09,331.76,331.76,11004903,https://stooq.com/q/d/l/?s=2502.jp&i=d,2026-03-26T08:35:00+00:00
2502,2502.T,2502.jp,2005-07-11,332.02,336.11,331.76,333.55,4440087,https://stooq.com/q/d/l/?s=2502.jp&i=d,2026-03-26T08:35:00+00:00
2502,2502.T,2502.jp,2005-07-12,335.60,337.14,331.50,331.76,5786648,https://stooq.com/q/d/l/?s=2502.jp&i=d,2026-03-26T08:35:00+00:00
2502,2502.T,2502.jp,2005-07-13,333.55,333.81,326.39,327.92,11751812,https://stooq.com/q/d/l/?s=2502.jp&i=d,2026-03-26T08:35:00+00:00
2502,2502.T,2502.jp,2005-07-14,328.18,329.97,325.87,325.87,8903613,https://stooq.com/q/d/l/?s=2502.jp&i=d,2026-03-26T08:35:00+00:00
2502,2502.T,2502.jp,2005-07-15,326.39,327.15,323.06,326.13,8601640,https://stooq.com/q/d/l/?s=2502.jp&i=d,2026-03-26T08:35:00+00:00
2502,2502.T,2502.jp,2005-07-19,327.42,328.18,325.87,327.15,6539816,https://stooq.com/q/d/l/?s=2502.jp&i=d,2026-03-26T08:35:00+00:00
2502,2502.T,2502.jp,2005-07-20,328.43,330.22,327.15,328.94,6657003,https://stooq.com/q/d/l/?s=2502.jp&i=d,2026-03-26T08:35:00+00:00
2502,2502.T,2502.jp,2005-07-21,331.76,332.02,328.43,328.69,4838934,https://stooq.com/q/d/l/?s=2502.jp&i=d,2026-03-26T08:35:00+00:00
2502,2502.T,2502.jp,2005-07-22,329.97,329.97,326.39,328.94,5952277,https://stooq.com/q/d/l/?s=2502.jp&i=d,2026-03-26T08:35:00+00:00
2502,2502.T,2502.jp,2005-07-25,328.94,329.71,327.67,328.94,3313469,https://stooq.com/q/d/l/?s=2502.jp&i=d,2026-03-26T08:35:00+00:00
2502,2502.T,2502.jp,2005-07-26,328.69,328.69,323.31,324.08,7256261,https://stooq.com/q/d/l/?s=2502.jp&i=d,2026-03-26T08:35:00+00:00
2502,2502.T,2502.jp,2005-07-27,327.42,329.71,325.37,328.18,6332759,https://stooq.com/q/d/l/?s=2502.jp&i=d,2026-03-26T08:35:00+00:00
2502,2502.T,2502.jp,2005-07-28,329.97,330.49,326.64,326.90,3519334,https://stooq.com/q/d/l/?s=2502.jp&i=d,2026-03-26T08:35:00+00:00
2502,2502.T,2502.jp,2005-07-29,327.92,328.94,324.08,324.59,6864830,https://stooq.com/q/d/l/?s=2502.jp&i=d,2026-03-26T08:35:00+00:00
2502,2502.T,2502.jp,2005-08-01,324.85,327.15,322.81,323.31,7695350,https://stooq.com/q/d/l/?s=2502.jp&i=d,2026-03-26T08:35:00+00:00
2502,2502.T,2502.jp,2005-08-02,323.06,324.08,319.99,320.50,6961317,https://stooq.com/q/d/l/?s=2502.jp&i=d,2026-03-26T08:35:00+00:00
2502,2502.T,2502.jp,2005-08-03,319.47,319.99,313.85,315.38,11992059,https://stooq.com/q/d/l/?s=2502.jp&i=d,2026-03-26T08:35:00+00:00
2502,2502.T,2502.jp,2005-08-04,316.14,319.73,315.63,316.40,6149162,https://stooq.com/q/d/l/?s=2502.jp&i=d,2026-03-26T08:35:00+00:00
2502,2502.T,2502.jp,2005-08-05,318.70,318.70,314.86,315.63,4429148,https://stooq.com/q/d/l/?s=2502.jp&i=d,2026-03-26T08:35:00+00:00
2502,2502.T,2502.jp,2005-08-08,313.08,318.45,312.56,316.65,8185600,https://stooq.com/q/d/l/?s=2502.jp&i=d,2026-03-26T08:35:00+00:00
2502,2502.T,2502.jp,2005-08-09,317.42,318.45,314.86,317.17,6579274,https://stooq.com/q/d/l/?s=2502.jp&i=d,2026-03-26T08:35:00+00:00
2502,2502.T,2502.jp,2005-08-10,317.93,324.33,317.42,323.56,10876767,https://stooq.com/q/d/l/?s=2502.jp&i=d,2026-03-26T08:35:00+00:00
2502,2502.T,2502.jp,2005-08-11,323.82,324.33,321.27,322.04,6401525,https://stooq.com/q/d/l/?s=2502.jp&i=d,2026-03-26T08:35:00+00:00
2502,2502.T,2502.jp,2005-08-12,321.27,323.82,320.75,322.28,6455825,https://stooq.com/q/d/l/?s=2502.jp&i=d,2026-03-26T08:35:00+00:00
2502,2502.T,2502.jp,2005-08-15,323.56,323.56,321.52,322.54,3006803,https://stooq.com/q/d/l/?s=2502.jp&i=d,2026-03-26T08:35:00+00:00
2502,2502.T,2502.jp,2005-08-16,323.31,323.31,320.50,321.52,4690484,https://stooq.com/q/d/l/?s=2502.jp&i=d,2026-03-26T08:35:00+00:00
2502,2502.T,2502.jp,2005-08-17,321.77,323.31,320.24,320.24,4148269,https://stooq.com/q/d/l/?s=2502.jp&i=d,2026-03-26T08:35:00+00:00
2502,2502.T,2502.jp,2005-08-18,322.28,326.90,321.01,325.10,9711468,https://stooq.com/q/d/l/?s=2502.jp&i=d,2026-03-26T08:35:00+00:00
2502,2502.T,2502.jp,2005-08-19,325.37,326.64,322.81,325.61,6022594,https://stooq.com/q/d/l/?s=2502.jp&i=d,2026-03-26T08:35:00+00:00
2502,2502.T,2502.jp,2005-08-22,325.61,326.13,323.82,325.87,6343712,https://stooq.com/q/d/l/?s=2502.jp&i=d,2026-03-26T08:35:00+00:00
2502,2502.T,2502.jp,2005-08-23,327.15,335.60,326.13,334.06,12175666,https://stooq.com/q/d/l/?s=2502.jp&i=d,2026-03-26T08:35:00+00:00
2502,2502.T,2502.jp,2005-08-24,334.31,336.88,333.03,336.36,12885863,https://stooq.com/q/d/l/?s=2502.jp&i=d,2026-03-26T08:35:00+00:00
2502,2502.T,2502.jp,2005-08-25,333.55,335.85,333.29,333.29,5407720,https://stooq.com/q/d/l/?s=2502.jp&i=d,2026-03-26T08:35:00+00:00
2502,2502.T,2502.jp,2005-08-26,334.83,335.34,332.79,333.55,5445607,https://stooq.com/q/d/l/?s=2502.jp&i=d,2026-03-26T08:35:00+00:00
2502,2502.T,2502.jp,2005-08-29,333.55,333.55,329.45,330.49,5488188,https://stooq.com/q/d/l/?s=2502.jp&i=d,2026-03-26T08:35:00+00:00
2502,2502.T,2502.jp,2005-08-30,332.79,335.85,332.79,335.85,6148388,https://stooq.com/q/d/l/?s=2502.jp&i=d,2026-03-26T08:35:00+00:00
2502,2502.T,2502.jp,2005-08-31,340.97,349.42,338.68,348.91,23736843,https://stooq.com/q/d/l/?s=2502.jp&i=d,2026-03-26T08:35:00+00:00
2502,2502.T,2502.jp,2005-09-01,348.91,349.94,345.83,346.86,9638806,https://stooq.com/q/d/l/?s=2502.jp&i=d,2026-03-26T08:35:00+00:00
2502,2502.T,2502.jp,2005-09-02,347.12,347.12,338.41,341.48,7690656,https://stooq.com/q/d/l/?s=2502.jp&i=d,2026-03-26T08:35:00+00:00
2502,2502.T,2502.jp,2005-09-05,343.29,346.10,342.25,344.56,6461676,https://stooq.com/q/d/l/?s=2502.jp&i=d,2026-03-26T08:35:00+00:00
2502,2502.T,2502.jp,2005-09-06,346.35,349.17,345.07,346.61,7379703,https://stooq.com/q/d/l/?s=2502.jp&i=d,2026-03-26T08:35:00+00:00
2502,2502.T,2502.jp,2005-09-07,348.14,350.70,346.61,350.44,7866050,https://stooq.com/q/d/l/?s=2502.jp&i=d,2026-03-26T08:35:00+00:00
2502,2502.T,2502.jp,2005-09-08,346.35,348.39,344.56,346.10,7209383,https://stooq.com/q/d/l/?s=2502.jp&i=d,2026-03-26T08:35:00+00:00
2502,2502.T,2502.jp,2005-09-09,351.21,359.15,346.10,359.15,25239659,https://stooq.com/q/d/l/?s=2502.jp&i=d,2026-03-26T08:35:00+00:00
2502,2502.T,2502.jp,2005-09-12,366.06,368.36,362.22,364.78,12345596,https://stooq.com/q/d/l/?s=2502.jp&i=d,2026-03-26T08:35:00+00:00
2502,2502.T,2502.jp,2005-09-13,364.78,364.78,358.37,360.16,8143022,https://stooq.com/q/d/l/?s=2502.jp&i=d,2026-03-26T08:35:00+00:00
2502,2502.T,2502.jp,2005-09-14,358.37,358.89,355.81,356.07,8629376,https://stooq.com/q/d/l/?s=2502.jp&i=d,2026-03-26T08:35:00+00:00
2502,2502.T,2502.jp,2005-09-15,353.26,357.11,353.00,355.56,9796630,https://stooq.com/q/d/l/?s=2502.jp&i=d,2026-03-26T08:35:00+00:00
2502,2502.T,2502.jp,2005-09-16,355.56,360.69,354.03,358.37,8680164,https://stooq.com/q/d/l/?s=2502.jp&i=d,2026-03-26T08:35:00+00:00
2502,2502.T,2502.jp,2005-09-20,359.66,366.57,358.89,363.24,11236162,https://stooq.com/q/d/l/?s=2502.jp&i=d,2026-03-26T08:35:00+00:00
2502,2502.T,2502.jp,2005-09-21,366.06,369.38,365.03,367.34,9104408,https://stooq.com/q/d/l/?s=2502.jp&i=d,2026-03-26T08:35:00+00:00
2502,2502.T,2502.jp,2005-09-22,367.59,368.10,360.43,362.72,10962713,https://stooq.com/q/d/l/?s=2502.jp&i=d,2026-03-26T08:35:00+00:00
2502,2502.T,2502.jp,2005-09-26,365.80,369.13,365.55,368.36,6790206,https://stooq.com/q/d/l/?s=2502.jp&i=d,2026-03-26T08:35:00+00:00
2502,2502.T,2502.jp,2005-09-27,368.36,368.36,364.53,367.34,4781511,https://stooq.com/q/d/l/?s=2502.jp&i=d,2026-03-26T08:35:00+00:00
2502,2502.T,2502.jp,2005-09-28,368.63,371.69,367.34,368.10,9217688,https://stooq.com/q/d/l/?s=2502.jp&i=d,2026-03-26T08:35:00+00:00
2502,2502.T,2502.jp,2005-09-29,362.99,367.86,361.20,365.29,11251788,https://stooq.com/q/d/l/?s=2502.jp&i=d,2026-03-26T08:35:00+00:00
2502,2502.T,2502.jp,2005-09-30,371.18,371.18,364.78,367.86,12888985,https://stooq.com/q/d/l/?s=2502.jp&i=d,2026-03-26T08:35:00+00:00
2502,2502.T,2502.jp,2005-10-03,367.86,367.86,359.66,359.66,5659686,https://stooq.com/q/d/l/?s=2502.jp&i=d,2026-03-26T08:35:00+00:00
2502,2502.T,2502.jp,2005-10-04,363.24,367.08,360.69,367.08,5251855,https://stooq.com/q/d/l/?s=2502.jp&i=d,2026-03-26T08:35:00+00:00
2502,2502.T,2502.jp,2005-10-05,367.34,369.64,362.47,365.29,7455884,https://stooq.com/q/d/l/?s=2502.jp&i=d,2026-03-26T08:35:00+00:00
2502,2502.T,2502.jp,2005-10-06,365.55,369.13,364.01,366.82,8518047,https://stooq.com/q/d/l/?s=2502.jp&i=d,2026-03-26T08:35:00+00:00
2502,2502.T,2502.jp,2005-10-07,366.82,367.59,364.01,365.80,7571117,https://stooq.com/q/d/l/?s=2502.jp&i=d,2026-03-26T08:35:00+00:00
2502,2502.T,2502.jp,2005-10-11,368.10,378.86,366.32,378.60,10155241,https://stooq.com/q/d/l/?s=2502.jp&i=d,2026-03-26T08:35:00+00:00
2502,2502.T,2502.jp,2005-10-12,378.09,385.00,374.26,377.84,10476742,https://stooq.com/q/d/l/?s=2502.jp&i=d,2026-03-26T08:35:00+00:00
2502,2502.T,2502.jp,2005-10-13,372.71,380.40,371.69,378.86,6749190,https://stooq.com/q/d/l/?s=2502.jp&i=d,2026-03-26T08:35:00+00:00
2502,2502.T,2502.jp,2005-10-14,383.97,383.97,371.43,379.38,12042452,https://stooq.com/q/d/l/?s=2502.jp&i=d,2026-03-26T08:35:00+00:00
2502,2502.T,2502.jp,2005-10-17,379.62,381.93,376.30,380.40,5405762,https://stooq.com/q/d/l/?s=2502.jp&i=d,2026-03-26T08:35:00+00:00
2502,2502.T,2502.jp,2005-10-18,378.86,380.15,377.58,378.34,5195210,https://stooq.com/q/d/l/?s=2502.jp&i=d,2026-03-26T08:35:00+00:00
2502,2502.T,2502.jp,2005-10-19,373.23,378.60,369.64,371.95,5870639,https://stooq.com/q/d/l/?s=2502.jp&i=d,2026-03-26T08:35:00+00:00
2502,2502.T,2502.jp,2005-10-20,376.05,380.65,372.46,375.28,7052337,https://stooq.com/q/d/l/?s=2502.jp&i=d,2026-03-26T08:35:00+00:00
2502,2502.T,2502.jp,2005-10-21,375.28,379.88,371.43,377.58,4737372,https://stooq.com/q/d/l/?s=2502.jp&i=d,2026-03-26T08:35:00+00:00
2502,2502.T,2502.jp,2005-10-24,378.86,382.95,377.58,381.16,5043635,https://stooq.com/q/d/l/?s=2502.jp&i=d,2026-03-26T08:35:00+00:00
2502,2502.T,2502.jp,2005-10-25,383.47,393.45,382.19,389.10,10445494,https://stooq.com/q/d/l/?s=2502.jp&i=d,2026-03-26T08:35:00+00:00
2502,2502.T,2502.jp,2005-10-26,383.97,385.77,375.79,376.81,11686580,https://stooq.com/q/d/l/?s=2502.jp&i=d,2026-03-26T08:35:00+00:00
2502,2502.T,2502.jp,2005-10-27,381.93,382.70,378.09,378.09,5733518,https://stooq.com/q/d/l/?s=2502.jp&i=d,2026-03-26T08:35:00+00:00
2502,2502.T,2502.jp,2005-10-28,371.43,371.69,364.01,365.29,13258929,https://stooq.com/q/d/l/?s=2502.jp&i=d,2026-03-26T08:35:00+00:00
2502,2502.T,2502.jp,2005-10-31,362.47,370.41,361.71,370.41,8477421,https://stooq.com/q/d/l/?s=2502.jp&i=d,2026-03-26T08:35:00+00:00
2502,2502.T,2502.jp,2005-11-01,369.90,370.15,365.55,366.57,4261553,https://stooq.com/q/d/l/?s=2502.jp&i=d,2026-03-26T08:35:00+00:00
2502,2502.T,2502.jp,2005-11-02,367.08,367.34,362.22,364.27,8257091,https://stooq.com/q/d/l/?s=2502.jp&i=d,2026-03-26T08:35:00+00:00
2502,2502.T,2502.jp,2005-11-04,367.86,376.30,364.53,375.28,9174330,https://stooq.com/q/d/l/?s=2502.jp&i=d,2026-03-26T08:35:00+00:00
2502,2502.T,2502.jp,2005-11-07,376.30,378.34,368.36,372.46,5298726,https://stooq.com/q/d/l/?s=2502.jp&i=d,2026-03-26T08:35:00+00:00
2502,2502.T,2502.jp,2005-11-08,372.71,372.71,366.82,367.59,4228360,https://stooq.com/q/d/l/?s=2502.jp&i=d,2026-03-26T08:35:00+00:00
2502,2502.T,2502.jp,2005-11-09,366.82,369.64,365.55,368.36,4496339,https://stooq.com/q/d/l/?s=2502.jp&i=d,2026-03-26T08:35:00+00:00
2502,2502.T,2502.jp,2005-11-10,366.82,368.36,363.50,365.29,4633455,https://stooq.com/q/d/l/?s=2502.jp&i=d,2026-03-26T08:35:00+00:00
2502,2502.T,2502.jp,2005-11-11,365.55,369.90,364.01,367.08,5637017,https://stooq.com/q/d/l/?s=2502.jp&i=d,2026-03-26T08:35:00+00:00
2502,2502.T,2502.jp,2005-11-14,369.13,370.67,368.10,368.88,3148997,https://stooq.com/q/d/l/?s=2502.jp&i=d,2026-03-26T08:35:00+00:00
2502,2502.T,2502.jp,2005-11-15,366.82,366.82,363.24,364.27,3731064,https://stooq.com/q/d/l/?s=2502.jp&i=d,2026-03-26T08:35:00+00:00
2502,2502.T,2502.jp,2005-11-16,362.22,363.24,358.12,360.95,7951612,https://stooq.com/q/d/l/?s=2502.jp&i=d,2026-03-26T08:35:00+00:00
2502,2502.T,2502.jp,2005-11-17,355.81,359.15,353.51,356.33,8730561,https://stooq.com/q/d/l/?s=2502.jp&i=d,2026-03-26T08:35:00+00:00
2502,2502.T,2502.jp,2005-11-18,357.36,357.86,354.03,355.81,11880339,https://stooq.com/q/d/l/?s=2502.jp&i=d,2026-03-26T08:35:00+00:00
2502,2502.T,2502.jp,2005-11-21,358.37,358.89,352.74,354.29,12613184,https://stooq.com/q/d/l/?s=2502.jp&i=d,2026-03-26T08:35:00+00:00
2502,2502.T,2502.jp,2005-11-22,356.33,360.69,355.05,359.40,7459003,https://stooq.com/q/d/l/?s=2502.jp&i=d,2026-03-26T08:35:00+00:00
2502,2502.T,2502.jp,2005-11-24,364.01,364.01,358.37,360.16,7883247,https://stooq.com/q/d/l/?s=2502.jp&i=d,2026-03-26T08:35:00+00:00
2502,2502.T,2502.jp,2005-11-25,359.40,359.66,352.74,358.12,8477421,https://stooq.com/q/d/l/?s=2502.jp&i=d,2026-03-26T08:35:00+00:00
2502,2502.T,2502.jp,2005-11-28,358.37,359.92,356.85,359.92,6328082,https://stooq.com/q/d/l/?s=2502.jp&i=d,2026-03-26T08:35:00+00:00
2502,2502.T,2502.jp,2005-11-29,361.71,364.53,359.92,364.53,5825319,https://stooq.com/q/d/l/?s=2502.jp&i=d,2026-03-26T08:35:00+00:00
2502,2502.T,2502.jp,2005-11-30,365.80,371.18,364.78,366.06,10691988,https://stooq.com/q/d/l/?s=2502.jp&i=d,2026-03-26T08:35:00+00:00
2502,2502.T,2502.jp,2005-12-01,371.18,375.54,370.15,372.21,8119967,https://stooq.com/q/d/l/?s=2502.jp&i=d,2026-03-26T08:35:00+00:00
2502,2502.T,2502.jp,2005-12-02,376.30,379.12,372.97,379.12,6009306,https://stooq.com/q/d/l/?s=2502.jp&i=d,2026-03-26T08:35:00+00:00
2502,2502.T,2502.jp,2005-12-05,381.16,381.43,371.18,375.01,9170033,https://stooq.com/q/d/l/?s=2502.jp&i=d,2026-03-26T08:35:00+00:00
2502,2502.T,2502.jp,2005-12-06,375.28,382.44,375.28,380.40,6776542,https://stooq.com/q/d/l/?s=2502.jp&i=d,2026-03-26T08:35:00+00:00
2502,2502.T,2502.jp,2005-12-07,380.40,382.19,379.12,380.91,5097545,https://stooq.com/q/d/l/?s=2502.jp&i=d,2026-03-26T08:35:00+00:00
2502,2502.T,2502.jp,2005-12-08,378.86,378.86,371.69,374.26,9418870,https://stooq.com/q/d/l/?s=2502.jp&i=d,2026-03-26T08:35:00+00:00
2502,2502.T,2502.jp,2005-12-09,372.46,381.68,372.46,379.38,18884231,https://stooq.com/q/d/l/?s=2502.jp&i=d,2026-03-26T08:35:00+00:00
2502,2502.T,2502.jp,2005-12-12,382.70,383.97,378.60,381.43,5326071,https://stooq.com/q/d/l/?s=2502.jp&i=d,2026-03-26T08:35:00+00:00
2502,2502.T,2502.jp,2005-12-13,383.72,383.72,380.15,381.43,5474517,https://stooq.com/q/d/l/?s=2502.jp&i=d,2026-03-26T08:35:00+00:00
2502,2502.T,2502.jp,2005-12-14,382.95,383.47,375.79,377.32,10497832,https://stooq.com/q/d/l/?s=2502.jp&i=d,2026-03-26T08:35:00+00:00
2502,2502.T,2502.jp,2005-12-15,377.06,380.65,373.74,374.76,6816001,https://stooq.com/q/d/l/?s=2502.jp&i=d,2026-03-26T08:35:00+00:00
2502,2502.T,2502.jp,2005-12-16,379.88,379.88,368.36,371.18,8164116,https://stooq.com/q/d/l/?s=2502.jp&i=d,2026-03-26T08:35:00+00:00
2502,2502.T,2502.jp,2005-12-19,376.30,376.81,371.69,376.05,5982362,https://stooq.com/q/d/l/?s=2502.jp&i=d,2026-03-26T08:35:00+00:00
2502,2502.T,2502.jp,2005-12-20,376.05,381.93,376.05,381.93,6645674,https://stooq.com/q/d/l/?s=2502.jp&i=d,2026-03-26T08:35:00+00:00
2502,2502.T,2502.jp,2005-12-21,382.44,386.55,381.68,386.29,8057080,https://stooq.com/q/d/l/?s=2502.jp&i=d,2026-03-26T08:35:00+00:00
2502,2502.T,2502.jp,2005-12-22,384.24,385.26,377.06,380.40,7699636,https://stooq.com/q/d/l/?s=2502.jp&i=d,2026-03-26T08:35:00+00:00
2502,2502.T,2502.jp,2005-12-26,383.97,383.97,381.68,382.44,3859581,https://stooq.com/q/d/l/?s=2502.jp&i=d,2026-03-26T08:35:00+00:00
2502,2502.T,2502.jp,2005-12-27,378.60,379.38,375.79,376.30,5642108,https://stooq.com/q/d/l/?s=2502.jp&i=d,2026-03-26T08:35:00+00:00
2502,2502.T,2502.jp,2005-12-28,367.59,372.97,365.03,372.97,6544112,https://stooq.com/q/d/l/?s=2502.jp&i=d,2026-03-26T08:35:00+00:00
2502,2502.T,2502.jp,2005-12-29,373.99,376.05,372.46,375.28,4075618,https://stooq.com/q/d/l/?s=2502.jp&i=d,2026-03-26T08:35:00+00:00
2502,2502.T,2502.jp,2005-12-30,372.71,373.23,368.36,368.36,3889665,https://stooq.com/q/d/l/?s=2502.jp&i=d,2026-03-26T08:35:00+00:00
2502,2502.T,2502.jp,2006-01-04,371.18,373.74,366.82,370.15,3469718,https://stooq.com/q/d/l/?s=2502.jp&i=d,2026-03-26T08:35:00+00:00
2502,2502.T,2502.jp,2006-01-05,371.18,372.21,368.88,372.21,7218367,https://stooq.com/q/d/l/?s=2502.jp&i=d,2026-03-26T08:35:00+00:00
2502,2502.T,2502.jp,2006-01-06,372.97,378.86,372.71,376.81,7535185,https://stooq.com/q/d/l/?s=2502.jp&i=d,2026-03-26T08:35:00+00:00
2502,2502.T,2502.jp,2006-01-10,381.43,382.70,377.06,377.06,10797857,https://stooq.com/q/d/l/?s=2502.jp&i=d,2026-03-26T08:35:00+00:00
2502,2502.T,2502.jp,2006-01-11,378.86,381.68,375.28,381.68,7696904,https://stooq.com/q/d/l/?s=2502.jp&i=d,2026-03-26T08:35:00+00:00
2502,2502.T,2502.jp,2006-01-12,381.68,382.44,377.06,381.93,7210160,https://stooq.com/q/d/l/?s=2502.jp&i=d,2026-03-26T08:35:00+00:00
2502,2502.T,2502.jp,2006-01-13,383.97,383.97,373.23,375.54,13769889,https://stooq.com/q/d/l/?s=2502.jp&i=d,2026-03-26T08:35:00+00:00
2502,2502.T,2502.jp,2006-01-16,373.74,376.05,370.93,371.43,6281198,https://stooq.com/q/d/l/?s=2502.jp&i=d,2026-03-26T08:35:00+00:00
2502,2502.T,2502.jp,2006-01-17,371.69,375.79,367.34,367.59,6473009,https://stooq.com/q/d/l/?s=2502.jp&i=d,2026-03-26T08:35:00+00:00
2502,2502.T,2502.jp,2006-01-18,374.76,378.60,371.95,375.79,13003057,https://stooq.com/q/d/l/?s=2502.jp&i=d,2026-03-26T08:35:00+00:00
2502,2502.T,2502.jp,2006-01-19,365.55,371.95,361.96,370.67,11056074,https://stooq.com/q/d/l/?s=2502.jp&i=d,2026-03-26T08:35:00+00:00
2502,2502.T,2502.jp,2006-01-20,373.99,375.28,369.90,371.95,6907411,https://stooq.com/q/d/l/?s=2502.jp&i=d,2026-03-26T08:35:00+00:00
2502,2502.T,2502.jp,2006-01-23,369.90,373.49,368.63,371.43,5921032,https://stooq.com/q/d/l/?s=2502.jp&i=d,2026-03-26T08:35:00+00:00
2502,2502.T,2502.jp,2006-01-24,373.74,375.54,371.43,374.26,4082249,https://stooq.com/q/d/l/?s=2502.jp&i=d,2026-03-26T08:35:00+00:00
2502,2502.T,2502.jp,2006-01-25,371.18,373.99,363.24,363.76,11726816,https://stooq.com/q/d/l/?s=2502.jp&i=d,2026-03-26T08:35:00+00:00
2502,2502.T,2502.jp,2006-01-26,364.01,366.82,364.01,366.32,5680386,https://stooq.com/q/d/l/?s=2502.jp&i=d,2026-03-26T08:35:00+00:00
2502,2502.T,2502.jp,2006-01-27,368.88,373.49,367.59,373.49,6206985,https://stooq.com/q/d/l/?s=2502.jp&i=d,2026-03-26T08:35:00+00:00
2502,2502.T,2502.jp,2006-01-30,373.23,377.06,373.23,375.54,7365635,https://stooq.com/q/d/l/?s=2502.jp&i=d,2026-03-26T08:35:00+00:00
2502,2502.T,2502.jp,2006-01-31,376.30,378.86,375.28,376.81,8868845,https://stooq.com/q/d/l/?s=2502.jp&i=d,2026-03-26T08:35:00+00:00
2502,2502.T,2502.jp,2006-02-01,377.06,377.58,367.59,368.63,7799257,https://stooq.com/q/d/l/?s=2502.jp&i=d,2026-03-26T08:35:00+00:00
2502,2502.T,2502.jp,2006-02-02,368.88,377.58,368.88,376.55,7153905,https://stooq.com/q/d/l/?s=2502.jp&i=d,2026-03-26T08:35:00+00:00
2502,2502.T,2502.jp,2006-02-03,373.74,375.79,368.36,369.13,5846025,https://stooq.com/q/d/l/?s=2502.jp&i=d,2026-03-26T08:35:00+00:00
2502,2502.T,2502.jp,2006-02-06,369.13,372.21,365.29,367.86,7265628,https://stooq.com/q/d/l/?s=2502.jp&i=d,2026-03-26T08:35:00+00:00
2502,2502.T,2502.jp,2006-02-07,369.13,371.43,368.10,370.15,3958033,https://stooq.com/q/d/l/?s=2502.jp&i=d,2026-03-26T08:35:00+00:00
2502,2502.T,2502.jp,2006-02-08,366.06,368.10,358.64,358.64,14544161,https://stooq.com/q/d/l/?s=2502.jp&i=d,2026-03-26T08:35:00+00:00
2502,2502.T,2502.jp,2006-02-09,361.45,364.01,357.86,358.89,10251732,https://stooq.com/q/d/l/?s=2502.jp&i=d,2026-03-26T08:35:00+00:00
2502,2502.T,2502.jp,2006-02-10,361.71,361.96,354.03,354.03,13618324,https://stooq.com/q/d/l/?s=2502.jp&i=d,2026-03-26T08:35:00+00:00
2502,2502.T,2502.jp,2006-02-13,364.27,371.43,361.71,369.90,21485545,https://stooq.com/q/d/l/?s=2502.jp&i=d,2026-03-26T08:35:00+00:00
2502,2502.T,2502.jp,2006-02-14,370.67,378.60,366.82,378.09,18606098,https://stooq.com/q/d/l/?s=2502.jp&i=d,2026-03-26T08:35:00+00:00
2502,2502.T,2502.jp,2006-02-15,382.70,385.52,380.15,380.65,17005620,https://stooq.com/q/d/l/?s=2502.jp&i=d,2026-03-26T08:35:00+00:00
2502,2502.T,2502.jp,2006-02-16,380.65,402.16,379.88,399.60,29169957,https://stooq.com/q/d/l/?s=2502.jp&i=d,2026-03-26T08:35:00+00:00
2502,2502.T,2502.jp,2006-02-17,399.33,401.38,395.75,398.83,23682939,https://stooq.com/q/d/l/?s=2502.jp&i=d,2026-03-26T08:35:00+00:00
2502,2502.T,2502.jp,2006-02-20,397.29,400.87,391.65,398.83,18597504,https://stooq.com/q/d/l/?s=2502.jp&i=d,2026-03-26T08:35:00+00:00
2502,2502.T,2502.jp,2006-02-21,399.09,401.13,392.17,396.52,11887751,https://stooq.com/q/d/l/?s=2502.jp&i=d,2026-03-26T08:35:00+00:00
2502,2502.T,2502.jp,2006-02-22,392.69,394.47,389.10,390.38,8607505,https://stooq.com/q/d/l/?s=2502.jp&i=d,2026-03-26T08:35:00+00:00
2502,2502.T,2502.jp,2006-02-23,391.91,397.80,390.38,397.55,8310614,https://stooq.com/q/d/l/?s=2502.jp&i=d,2026-03-26T08:35:00+00:00
2502,2502.T,2502.jp,2006-02-24,399.33,405.49,397.80,403.44,12850705,https://stooq.com/q/d/l/?s=2502.jp&i=d,2026-03-26T08:35:00+00:00
2502,2502.T,2502.jp,2006-02-27,407.02,409.59,404.46,405.49,8084038,https://stooq.com/q/d/l/?s=2502.jp&i=d,2026-03-26T08:35:00+00:00
2502,2502.T,2502.jp,2006-02-28,399.33,407.52,392.43,402.67,12895237,https://stooq.com/q/d/l/?s=2502.jp&i=d,2026-03-26T08:35:00+00:00
2502,2502.T,2502.jp,2006-03-01,395.49,400.11,394.22,398.06,6540593,https://stooq.com/q/d/l/?s=2502.jp&i=d,2026-03-26T08:35:00+00:00
2502,2502.T,2502.jp,2006-03-02,399.33,407.27,398.57,405.23,9909524,https://stooq.com/q/d/l/?s=2502.jp&i=d,2026-03-26T08:35:00+00:00
2502,2502.T,2502.jp,2006-03-03,405.23,415.98,402.16,414.44,11042400,https://stooq.com/q/d/l/?s=2502.jp&i=d,2026-03-26T08:35:00+00:00
2502,2502.T,2502.jp,2006-03-06,422.38,431.59,418.28,431.59,16630985,https://stooq.com/q/d/l/?s=2502.jp&i=d,2026-03-26T08:35:00+00:00
2502,2502.T,2502.jp,2006-03-07,431.59,446.18,425.96,443.88,15767272,https://stooq.com/q/d/l/?s=2502.jp&i=d,2026-03-26T08:35:00+00:00
2502,2502.T,2502.jp,2006-03-08,442.09,442.60,424.94,429.80,12524906,https://stooq.com/q/d/l/?s=2502.jp&i=d,2026-03-26T08:35:00+00:00
2502,2502.T,2502.jp,2006-03-09,429.54,434.92,423.40,430.83,10172815,https://stooq.com/q/d/l/?s=2502.jp&i=d,2026-03-26T08:35:00+00:00
2502,2502.T,2502.jp,2006-03-10,426.73,429.80,415.72,417.26,24790802,https://stooq.com/q/d/l/?s=2502.jp&i=d,2026-03-26T08:35:00+00:00
2502,2502.T,2502.jp,2006-03-13,418.54,422.88,417.26,420.84,9172379,https://stooq.com/q/d/l/?s=2502.jp&i=d,2026-03-26T08:35:00+00:00
2502,2502.T,2502.jp,2006-03-14,422.38,423.92,418.54,421.87,6127291,https://stooq.com/q/d/l/?s=2502.jp&i=d,2026-03-26T08:35:00+00:00
2502,2502.T,2502.jp,2006-03-15,424.94,430.05,423.67,428.78,4565094,https://stooq.com/q/d/l/?s=2502.jp&i=d,2026-03-26T08:35:00+00:00
2502,2502.T,2502.jp,2006-03-16,428.78,429.03,418.03,419.06,6542154,https://stooq.com/q/d/l/?s=2502.jp&i=d,2026-03-26T08:35:00+00:00
2502,2502.T,2502.jp,2006-03-17,423.14,429.80,419.82,429.80,5226455,https://stooq.com/q/d/l/?s=2502.jp&i=d,2026-03-26T08:35:00+00:00
2502,2502.T,2502.jp,2006-03-20,428.78,443.88,424.17,434.15,7442984,https://stooq.com/q/d/l/?s=2502.jp&i=d,2026-03-26T08:35:00+00:00
2502,2502.T,2502.jp,2006-03-22,442.86,443.88,428.52,428.78,7759411,https://stooq.com/q/d/l/?s=2502.jp&i=d,2026-03-26T08:35:00+00:00
2502,2502.T,2502.jp,2006-03-23,428.78,436.46,428.78,433.13,5160445,https://stooq.com/q/d/l/?s=2502.jp&i=d,2026-03-26T08:35:00+00:00
2502,2502.T,2502.jp,2006-03-24,432.61,439.27,432.61,437.23,5996426,https://stooq.com/q/d/l/?s=2502.jp&i=d,2026-03-26T08:35:00+00:00
2502,2502.T,2502.jp,2006-03-27,434.15,442.34,434.15,441.83,5510073,https://stooq.com/q/d/l/?s=2502.jp&i=d,2026-03-26T08:35:00+00:00
2502,2502.T,2502.jp,2006-03-28,442.34,444.14,437.73,442.09,3950214,https://stooq.com/q/d/l/?s=2502.jp&i=d,2026-03-26T08:35:00+00:00
2502,2502.T,2502.jp,2006-03-29,439.27,439.27,432.87,436.97,9754436,https://stooq.com/q/d/l/?s=2502.jp&i=d,2026-03-26T08:35:00+00:00
2502,2502.T,2502.jp,2006-03-30,436.46,436.46,429.80,432.10,13948029,https://stooq.com/q/d/l/?s=2502.jp&i=d,2026-03-26T08:35:00+00:00
2502,2502.T,2502.jp,2006-03-31,428.27,428.52,425.71,427.49,8102393,https://stooq.com/q/d/l/?s=2502.jp&i=d,2026-03-26T08:35:00+00:00
2502,2502.T,2502.jp,2006-04-03,427.49,435.18,427.49,433.13,11052168,https://stooq.com/q/d/l/?s=2502.jp&i=d,2026-03-26T08:35:00+00:00
2502,2502.T,2502.jp,2006-04-04,433.13,433.13,428.27,428.52,8522340,https://stooq.com/q/d/l/?s=2502.jp&i=d,2026-03-26T08:35:00+00:00
2502,2502.T,2502.jp,2006-04-05,425.20,429.03,424.94,426.47,11189671,https://stooq.com/q/d/l/?s=2502.jp&i=d,2026-03-26T08:35:00+00:00
2502,2502.T,2502.jp,2006-04-06,431.07,433.64,430.05,432.10,8166071,https://stooq.com/q/d/l/?s=2502.jp&i=d,2026-03-26T08:35:00+00:00
2502,2502.T,2502.jp,2006-04-07,432.61,434.67,428.52,434.15,5302636,https://stooq.com/q/d/l/?s=2502.jp&i=d,2026-03-26T08:35:00+00:00
2502,2502.T,2502.jp,2006-04-10,428.78,431.33,427.75,430.57,4908469,https://stooq.com/q/d/l/?s=2502.jp&i=d,2026-03-26T08:35:00+00:00
2502,2502.T,2502.jp,2006-04-11,430.83,440.56,430.83,435.95,12101450,https://stooq.com/q/d/l/?s=2502.jp&i=d,2026-03-26T08:35:00+00:00
2502,2502.T,2502.jp,2006-04-12,436.46,440.03,436.46,439.27,11293975,https://stooq.com/q/d/l/?s=2502.jp&i=d,2026-03-26T08:35:00+00:00
2502,2502.T,2502.jp,2006-04-13,440.56,449.25,437.73,445.41,11165842,https://stooq.com/q/d/l/?s=2502.jp&i=d,2026-03-26T08:35:00+00:00
2502,2502.T,2502.jp,2006-04-14,450.01,450.01,440.81,443.11,7483613,https://stooq.com/q/d/l/?s=2502.jp&i=d,2026-03-26T08:35:00+00:00
2502,2502.T,2502.jp,2006-04-17,443.37,443.62,434.15,435.18,7144925,https://stooq.com/q/d/l/?s=2502.jp&i=d,2026-03-26T08:35:00+00:00
2502,2502.T,2502.jp,2006-04-18,430.05,434.67,428.78,432.10,11331872,https://stooq.com/q/d/l/?s=2502.jp&i=d,2026-03-26T08:35:00+00:00
2502,2502.T,2502.jp,2006-04-19,440.03,443.37,434.67,435.95,11606102,https://stooq.com/q/d/l/?s=2502.jp&i=d,2026-03-26T08:35:00+00:00
2502,2502.T,2502.jp,2006-04-20,436.46,438.25,435.69,436.97,4873301,https://stooq.com/q/d/l/?s=2502.jp&i=d,2026-03-26T08:35:00+00:00
2502,2502.T,2502.jp,2006-04-21,442.86,449.00,441.57,446.45,9341528,https://stooq.com/q/d/l/?s=2502.jp&i=d,2026-03-26T08:35:00+00:00
2502,2502.T,2502.jp,2006-04-24,446.70,449.76,433.13,434.41,11367807,https://stooq.com/q/d/l/?s=2502.jp&i=d,2026-03-26T08:35:00+00:00
2502,2502.T,2502.jp,2006-04-25,435.69,439.79,434.15,434.41,9675529,https://stooq.com/q/d/l/?s=2502.jp&i=d,2026-03-26T08:35:00+00:00
2502,2502.T,2502.jp,2006-04-26,433.89,434.15,424.17,425.44,22447317,https://stooq.com/q/d/l/?s=2502.jp&i=d,2026-03-26T08:35:00+00:00
2502,2502.T,2502.jp,2006-04-27,425.44,425.71,416.49,417.26,20921456,https://stooq.com/q/d/l/?s=2502.jp&i=d,2026-03-26T08:35:00+00:00
2502,2502.T,2502.jp,2006-04-28,417.26,418.28,411.89,417.00,16651302,https://stooq.com/q/d/l/?s=2502.jp&i=d,2026-03-26T08:35:00+00:00
2502,2502.T,2502.jp,2006-05-01,419.82,421.61,417.26,420.08,8348887,https://stooq.com/q/d/l/?s=2502.jp&i=d,2026-03-26T08:35:00+00:00
2502,2502.T,2502.jp,2006-05-02,421.36,422.63,419.31,420.58,12640543,https://stooq.com/q/d/l/?s=2502.jp&i=d,2026-03-26T08:35:00+00:00
2502,2502.T,2502.jp,2006-05-08,422.38,422.38,420.33,420.84,11190845,https://stooq.com/q/d/l/?s=2502.jp&i=d,2026-03-26T08:35:00+00:00
2502,2502.T,2502.jp,2006-05-09,420.84,420.84,418.80,420.08,11737751,https://stooq.com/q/d/l/?s=2502.jp&i=d,2026-03-26T08:35:00+00:00
2502,2502.T,2502.jp,2006-05-10,421.10,427.24,419.82,423.40,12292466,https://stooq.com/q/d/l/?s=2502.jp&i=d,2026-03-26T08:35:00+00:00
2502,2502.T,2502.jp,2006-05-11,422.88,428.78,421.87,426.22,10667769,https://stooq.com/q/d/l/?s=2502.jp&i=d,2026-03-26T08:35:00+00:00
2502,2502.T,2502.jp,2006-05-12,425.96,434.92,423.67,432.10,14001161,https://stooq.com/q/d/l/?s=2502.jp&i=d,2026-03-26T08:35:00+00:00
2502,2502.T,2502.jp,2006-05-15,433.38,439.27,428.01,437.98,17311492,https://stooq.com/q/d/l/?s=2502.jp&i=d,2026-03-26T08:35:00+00:00
2502,2502.T,2502.jp,2006-05-16,440.30,440.30,428.27,430.31,12815156,https://stooq.com/q/d/l/?s=2502.jp&i=d,2026-03-26T08:35:00+00:00
2502,2502.T,2502.jp,2006-05-17,430.57,431.33,420.08,425.44,10666208,https://stooq.com/q/d/l/?s=2502.jp&i=d,2026-03-26T08:35:00+00:00
2502,2502.T,2502.jp,2006-05-18,414.70,422.38,413.93,415.21,13585905,https://stooq.com/q/d/l/?s=2502.jp&i=d,2026-03-26T08:35:00+00:00
2502,2502.T,2502.jp,2006-05-19,419.82,421.87,415.47,418.54,16261045,https://stooq.com/q/d/l/?s=2502.jp&i=d,2026-03-26T08:35:00+00:00
2502,2502.T,2502.jp,2006-05-22,418.80,428.52,416.74,422.38,12496387,https://stooq.com/q/d/l/?s=2502.jp&i=d,2026-03-26T08:35:00+00:00
2502,2502.T,2502.jp,2006-05-23,427.24,430.57,420.58,422.12,11749467,https://stooq.com/q/d/l/?s=2502.jp&i=d,2026-03-26T08:35:00+00:00
2502,2502.T,2502.jp,2006-05-24,418.54,421.10,414.18,420.58,10470100,https://stooq.com/q/d/l/?s=2502.jp&i=d,2026-03-26T08:35:00+00:00
2502,2502.T,2502.jp,2006-05-25,423.14,435.18,420.58,427.49,17591590,https://stooq.com/q/d/l/?s=2502.jp&i=d,2026-03-26T08:35:00+00:00
2502,2502.T,2502.jp,2006-05-26,432.10,432.61,425.96,429.80,7893792,https://stooq.com/q/d/l/?s=2502.jp&i=d,2026-03-26T08:35:00+00:00
2502,2502.T,2502.jp,2006-05-29,430.57,431.07,425.44,426.99,9870069,https://stooq.com/q/d/l/?s=2502.jp&i=d,2026-03-26T08:35:00+00:00
2502,2502.T,2502.jp,2006-05-30,427.49,429.29,423.67,426.22,3954510,https://stooq.com/q/d/l/?s=2502.jp&i=d,2026-03-26T08:35:00+00:00
2502,2502.T,2502.jp,2006-05-31,424.43,426.73,419.06,422.38,7621901,https://stooq.com/q/d/l/?s=2502.jp&i=d,2026-03-26T08:35:00+00:00
2502,2502.T,2502.jp,2006-06-01,421.87,428.78,420.58,425.71,5244816,https://stooq.com/q/d/l/?s=2502.jp&i=d,2026-03-26T08:35:00+00:00
2502,2502.T,2502.jp,2006-06-02,427.49,434.41,424.94,429.80,9137210,https://stooq.com/q/d/l/?s=2502.jp&i=d,2026-03-26T08:35:00+00:00
2502,2502.T,2502.jp,2006-06-05,429.03,431.07,425.71,428.01,4872924,https://stooq.com/q/d/l/?s=2502.jp&i=d,2026-03-26T08:35:00+00:00
2502,2502.T,2502.jp,2006-06-06,425.20,430.31,422.38,423.92,7213670,https://stooq.com/q/d/l/?s=2502.jp&i=d,2026-03-26T08:35:00+00:00
2502,2502.T,2502.jp,2006-06-07,424.68,428.27,420.33,420.84,7746514,https://stooq.com/q/d/l/?s=2502.jp&i=d,2026-03-26T08:35:00+00:00
2502,2502.T,2502.jp,2006-06-08,421.36,425.20,403.44,408.29,11841271,https://stooq.com/q/d/l/?s=2502.jp&i=d,2026-03-26T08:35:00+00:00
2502,2502.T,2502.jp,2006-06-09,423.67,427.49,406.76,411.89,26381128,https://stooq.com/q/d/l/?s=2502.jp&i=d,2026-03-26T08:35:00+00:00
2502,2502.T,2502.jp,2006-06-12,412.13,412.13,405.74,411.12,9661074,https://stooq.com/q/d/l/?s=2502.jp&i=d,2026-03-26T08:35:00+00:00
2502,2502.T,2502.jp,2006-06-13,407.27,408.05,397.03,398.31,12595613,https://stooq.com/q/d/l/?s=2502.jp&i=d,2026-03-26T08:35:00+00:00
2502,2502.T,2502.jp,2006-06-14,398.06,400.11,392.94,393.97,11847132,https://stooq.com/q/d/l/?s=2502.jp&i=d,2026-03-26T08:35:00+00:00
2502,2502.T,2502.jp,2006-06-15,393.97,396.78,391.15,393.20,9949365,https://stooq.com/q/d/l/?s=2502.jp&i=d,2026-03-26T08:35:00+00:00
2502,2502.T,2502.jp,2006-06-16,394.22,401.13,393.97,396.78,9984524,https://stooq.com/q/d/l/?s=2502.jp&i=d,2026-03-26T08:35:00+00:00
2502,2502.T,2502.jp,2006-06-19,396.78,404.72,394.47,402.67,8871194,https://stooq.com/q/d/l/?s=2502.jp&i=d,2026-03-26T08:35:00+00:00
2502,2502.T,2502.jp,2006-06-20,402.16,402.42,394.47,398.31,10818560,https://stooq.com/q/d/l/?s=2502.jp&i=d,2026-03-26T08:35:00+00:00
2502,2502.T,2502.jp,2006-06-21,403.18,408.80,399.85,407.27,11220539,https://stooq.com/q/d/l/?s=2502.jp&i=d,2026-03-26T08:35:00+00:00
2502,2502.T,2502.jp,2006-06-22,414.70,418.03,408.05,417.51,9749362,https://stooq.com/q/d/l/?s=2502.jp&i=d,2026-03-26T08:35:00+00:00
2502,2502.T,2502.jp,2006-06-23,417.77,417.77,403.44,413.15,6849594,https://stooq.com/q/d/l/?s=2502.jp&i=d,2026-03-26T08:35:00+00:00
2502,2502.T,2502.jp,2006-06-26,413.93,417.00,410.09,414.44,5452643,https://stooq.com/q/d/l/?s=2502.jp&i=d,2026-03-26T08:35:00+00:00
2502,2502.T,2502.jp,2006-06-27,410.60,413.42,407.27,409.59,7512126,https://stooq.com/q/d/l/?s=2502.jp&i=d,2026-03-26T08:35:00+00:00
2502,2502.T,2502.jp,2006-06-28,404.46,410.09,401.13,406.51,6775765,https://stooq.com/q/d/l/?s=2502.jp&i=d,2026-03-26T08:35:00+00:00
2502,2502.T,2502.jp,2006-06-29,408.29,412.91,407.52,412.91,5463195,https://stooq.com/q/d/l/?s=2502.jp&i=d,2026-03-26T08:35:00+00:00
2502,2502.T,2502.jp,2006-06-30,413.15,417.26,410.09,411.37,10900206,https://stooq.com/q/d/l/?s=2502.jp&i=d,2026-03-26T08:35:00+00:00
2502,2502.T,2502.jp,2006-07-03,410.86,411.12,405.23,408.05,13868725,https://stooq.com/q/d/l/?s=2502.jp&i=d,2026-03-26T08:35:00+00:00
2502,2502.T,2502.jp,2006-07-04,409.06,416.74,407.78,415.21,10942786,https://stooq.com/q/d/l/?s=2502.jp&i=d,2026-03-26T08:35:00+00:00
2502,2502.T,2502.jp,2006-07-05,412.13,416.49,411.63,413.15,8169984,https://stooq.com/q/d/l/?s=2502.jp&i=d,2026-03-26T08:35:00+00:00
2502,2502.T,2502.jp,2006-07-06,413.42,413.42,408.05,411.63,6843729,https://stooq.com/q/d/l/?s=2502.jp&i=d,2026-03-26T08:35:00+00:00
2502,2502.T,2502.jp,2006-07-07,411.89,415.72,410.34,413.67,5565931,https://stooq.com/q/d/l/?s=2502.jp&i=d,2026-03-26T08:35:00+00:00
2502,2502.T,2502.jp,2006-07-10,414.70,424.68,413.67,423.67,9377076,https://stooq.com/q/d/l/?s=2502.jp&i=d,2026-03-26T08:35:00+00:00
2502,2502.T,2502.jp,2006-07-11,424.17,429.03,420.08,426.99,11245146,https://stooq.com/q/d/l/?s=2502.jp&i=d,2026-03-26T08:35:00+00:00
2502,2502.T,2502.jp,2006-07-12,426.47,428.78,420.08,421.36,6067126,https://stooq.com/q/d/l/?s=2502.jp&i=d,2026-03-26T08:35:00+00:00
2502,2502.T,2502.jp,2006-07-13,421.36,429.80,420.58,422.63,9763036,https://stooq.com/q/d/l/?s=2502.jp&i=d,2026-03-26T08:35:00+00:00
2502,2502.T,2502.jp,2006-07-14,421.87,428.27,420.08,423.14,12189340,https://stooq.com/q/d/l/?s=2502.jp&i=d,2026-03-26T08:35:00+00:00
2502,2502.T,2502.jp,2006-07-18,419.82,424.43,413.67,419.82,7867621,https://stooq.com/q/d/l/?s=2502.jp&i=d,2026-03-26T08:35:00+00:00
2502,2502.T,2502.jp,2006-07-19,420.08,420.33,412.91,414.95,7059373,https://stooq.com/q/d/l/?s=2502.jp&i=d,2026-03-26T08:35:00+00:00
2502,2502.T,2502.jp,2006-07-20,420.58,420.58,414.70,416.74,5751096,https://stooq.com/q/d/l/?s=2502.jp&i=d,2026-03-26T08:35:00+00:00
2502,2502.T,2502.jp,2006-07-21,417.26,419.82,415.72,417.26,4205702,https://stooq.com/q/d/l/?s=2502.jp&i=d,2026-03-26T08:35:00+00:00
2502,2502.T,2502.jp,2006-07-24,414.95,419.82,413.67,417.77,6433944,https://stooq.com/q/d/l/?s=2502.jp&i=d,2026-03-26T08:35:00+00:00
2502,2502.T,2502.jp,2006-07-25,418.54,420.08,412.91,418.80,7248054,https://stooq.com/q/d/l/?s=2502.jp&i=d,2026-03-26T08:35:00+00:00
2502,2502.T,2502.jp,2006-07-26,421.36,424.43,418.54,420.08,5518659,https://stooq.com/q/d/l/?s=2502.jp&i=d,2026-03-26T08:35:00+00:00
2502,2502.T,2502.jp,2006-07-27,422.38,428.78,421.87,424.17,7390252,https://stooq.com/q/d/l/?s=2502.jp&i=d,2026-03-26T08:35:00+00:00
2502,2502.T,2502.jp,2006-07-28,428.78,435.18,425.96,435.18,10903722,https://stooq.com/q/d/l/?s=2502.jp&i=d,2026-03-26T08:35:00+00:00
2502,2502.T,2502.jp,2006-07-31,435.18,435.42,426.47,428.52,11134594,https://stooq.com/q/d/l/?s=2502.jp&i=d,2026-03-26T08:35:00+00:00
2502,2502.T,2502.jp,2006-08-01,428.78,432.36,427.24,430.83,9205979,https://stooq.com/q/d/l/?s=2502.jp&i=d,2026-03-26T08:35:00+00:00
2502,2502.T,2502.jp,2006-08-02,426.22,433.13,423.67,432.61,7084760,https://stooq.com/q/d/l/?s=2502.jp&i=d,2026-03-26T08:35:00+00:00
2502,2502.T,2502.jp,2006-08-03,432.87,436.46,429.54,433.64,9750529,https://stooq.com/q/d/l/?s=2502.jp&i=d,2026-03-26T08:35:00+00:00
2502,2502.T,2502.jp,2006-08-04,433.89,434.92,431.33,434.67,4603381,https://stooq.com/q/d/l/?s=2502.jp&i=d,2026-03-26T08:35:00+00:00
2502,2502.T,2502.jp,2006-08-07,431.33,431.59,421.61,422.38,9781781,https://stooq.com/q/d/l/?s=2502.jp&i=d,2026-03-26T08:35:00+00:00
2502,2502.T,2502.jp,2006-08-08,424.94,430.05,421.87,428.78,11625244,https://stooq.com/q/d/l/?s=2502.jp&i=d,2026-03-26T08:35:00+00:00
2502,2502.T,2502.jp,2006-08-09,433.89,443.88,431.33,443.88,20383938,https://stooq.com/q/d/l/?s=2502.jp&i=d,2026-03-26T08:35:00+00:00
2502,2502.T,2502.jp,2006-08-10,439.27,442.34,436.46,438.76,8854390,https://stooq.com/q/d/l/?s=2502.jp&i=d,2026-03-26T08:35:00+00:00
2502,2502.T,2502.jp,2006-08-11,435.95,435.95,429.03,432.61,14158190,https://stooq.com/q/d/l/?s=2502.jp&i=d,2026-03-26T08:35:00+00:00
2502,2502.T,2502.jp,2006-08-14,433.64,444.64,433.64,441.31,11408433,https://stooq.com/q/d/l/?s=2502.jp&i=d,2026-03-26T08:35:00+00:00
2502,2502.T,2502.jp,2006-08-15,438.25,439.27,435.69,436.20,7992625,https://stooq.com/q/d/l/?s=2502.jp&i=d,2026-03-26T08:35:00+00:00
2502,2502.T,2502.jp,2006-08-16,441.06,443.88,438.76,443.37,5922590,https://stooq.com/q/d/l/?s=2502.jp&i=d,2026-03-26T08:35:00+00:00
2502,2502.T,2502.jp,2006-08-17,435.95,440.30,435.95,440.03,10607614,https://stooq.com/q/d/l/?s=2502.jp&i=d,2026-03-26T08:35:00+00:00
2502,2502.T,2502.jp,2006-08-18,441.57,446.45,440.81,443.88,12368648,https://stooq.com/q/d/l/?s=2502.jp&i=d,2026-03-26T08:35:00+00:00
2502,2502.T,2502.jp,2006-08-21,444.14,445.41,438.25,442.09,4965896,https://stooq.com/q/d/l/?s=2502.jp&i=d,2026-03-26T08:35:00+00:00
2502,2502.T,2502.jp,2006-08-22,442.34,447.20,441.06,445.67,5929232,https://stooq.com/q/d/l/?s=2502.jp&i=d,2026-03-26T08:35:00+00:00
2502,2502.T,2502.jp,2006-08-23,445.41,446.70,443.62,444.90,5328413,https://stooq.com/q/d/l/?s=2502.jp&i=d,2026-03-26T08:35:00+00:00
2502,2502.T,2502.jp,2006-08-24,441.57,442.86,433.13,433.89,11499073,https://stooq.com/q/d/l/?s=2502.jp&i=d,2026-03-26T08:35:00+00:00
2502,2502.T,2502.jp,2006-08-25,435.42,442.60,435.18,437.23,6494893,https://stooq.com/q/d/l/?s=2502.jp&i=d,2026-03-26T08:35:00+00:00
2502,2502.T,2502.jp,2006-08-28,437.23,439.02,432.87,436.46,7986377,https://stooq.com/q/d/l/?s=2502.jp&i=d,2026-03-26T08:35:00+00:00
2502,2502.T,2502.jp,2006-08-29,438.25,441.06,437.23,439.79,6987098,https://stooq.com/q/d/l/?s=2502.jp&i=d,2026-03-26T08:35:00+00:00
2502,2502.T,2502.jp,2006-08-30,439.79,440.30,433.13,436.71,9601310,https://stooq.com/q/d/l/?s=2502.jp&i=d,2026-03-26T08:35:00+00:00
2502,2502.T,2502.jp,2006-08-31,437.47,442.86,435.18,440.81,6740603,https://stooq.com/q/d/l/?s=2502.jp&i=d,2026-03-26T08:35:00+00:00
2502,2502.T,2502.jp,2006-09-01,435.69,440.30,434.15,438.76,4982692,https://stooq.com/q/d/l/?s=2502.jp&i=d,2026-03-26T08:35:00+00:00
2502,2502.T,2502.jp,2006-09-04,438.76,441.06,437.47,438.25,7572284,https://stooq.com/q/d/l/?s=2502.jp&i=d,2026-03-26T08:35:00+00:00
2502,2502.T,2502.jp,2006-09-05,438.51,439.52,434.41,435.69,6728884,https://stooq.com/q/d/l/?s=2502.jp&i=d,2026-03-26T08:35:00+00:00
2502,2502.T,2502.jp,2006-09-06,433.89,435.69,431.33,433.38,6316746,https://stooq.com/q/d/l/?s=2502.jp&i=d,2026-03-26T08:35:00+00:00
2502,2502.T,2502.jp,2006-09-07,430.05,431.59,425.44,427.49,7598072,https://stooq.com/q/d/l/?s=2502.jp&i=d,2026-03-26T08:35:00+00:00
2502,2502.T,2502.jp,2006-09-08,423.40,431.07,422.63,428.01,14920346,https://stooq.com/q/d/l/?s=2502.jp&i=d,2026-03-26T08:35:00+00:00
2502,2502.T,2502.jp,2006-09-11,422.38,426.22,419.82,420.33,8787987,https://stooq.com/q/d/l/?s=2502.jp&i=d,2026-03-26T08:35:00+00:00
2502,2502.T,2502.jp,2006-09-12,421.87,426.47,418.28,423.14,6909756,https://stooq.com/q/d/l/?s=2502.jp&i=d,2026-03-26T08:35:00+00:00
2502,2502.T,2502.jp,2006-09-13,433.89,433.89,425.44,426.73,10879112,https://stooq.com/q/d/l/?s=2502.jp&i=d,2026-03-26T08:35:00+00:00
2502,2502.T,2502.jp,2006-09-14,428.78,433.38,428.01,431.07,5965171,https://stooq.com/q/d/l/?s=2502.jp&i=d,2026-03-26T08:35:00+00:00
2502,2502.T,2502.jp,2006-09-15,428.27,431.33,423.67,427.75,4098266,https://stooq.com/q/d/l/?s=2502.jp&i=d,2026-03-26T08:35:00+00:00
2502,2502.T,2502.jp,2006-09-19,425.96,432.87,423.92,428.27,4804169,https://stooq.com/q/d/l/?s=2502.jp&i=d,2026-03-26T08:35:00+00:00
2502,2502.T,2502.jp,2006-09-20,424.94,426.73,420.33,424.94,4483058,https://stooq.com/q/d/l/?s=2502.jp&i=d,2026-03-26T08:35:00+00:00
2502,2502.T,2502.jp,2006-09-21,423.92,428.27,420.84,426.73,5603044,https://stooq.com/q/d/l/?s=2502.jp&i=d,2026-03-26T08:35:00+00:00
2502,2502.T,2502.jp,2006-09-22,425.71,426.47,422.12,422.88,5821803,https://stooq.com/q/d/l/?s=2502.jp&i=d,2026-03-26T08:35:00+00:00
2502,2502.T,2502.jp,2006-09-25,422.38,431.84,422.38,431.33,11048261,https://stooq.com/q/d/l/?s=2502.jp&i=d,2026-03-26T08:35:00+00:00
2502,2502.T,2502.jp,2006-09-26,431.59,433.64,428.78,433.64,7717998,https://stooq.com/q/d/l/?s=2502.jp&i=d,2026-03-26T08:35:00+00:00
2502,2502.T,2502.jp,2006-09-27,433.89,438.76,433.38,438.76,9314172,https://stooq.com/q/d/l/?s=2502.jp&i=d,2026-03-26T08:35:00+00:00
2502,2502.T,2502.jp,2006-09-28,436.46,439.79,434.15,439.02,7867224,https://stooq.com/q/d/l/?s=2502.jp&i=d,2026-03-26T08:35:00+00:00
2502,2502.T,2502.jp,2006-09-29,439.52,443.11,437.73,440.81,7442984,https://stooq.com/q/d/l/?s=2502.jp&i=d,2026-03-26T08:35:00+00:00
2502,2502.T,2502.jp,2006-10-02,442.86,448.23,440.81,445.93,9672020,https://stooq.com/q/d/l/?s=2502.jp&i=d,2026-03-26T08:35:00+00:00
2502,2502.T,2502.jp,2006-10-03,445.93,447.20,443.37,445.41,5688592,https://stooq.com/q/d/l/?s=2502.jp&i=d,2026-03-26T08:35:00+00:00
2502,2502.T,2502.jp,2006-10-04,443.11,444.14,439.52,440.81,7627372,https://stooq.com/q/d/l/?s=2502.jp&i=d,2026-03-26T08:35:00+00:00
2502,2502.T,2502.jp,2006-10-05,444.90,446.70,440.81,445.16,7855515,https://stooq.com/q/d/l/?s=2502.jp&i=d,2026-03-26T08:35:00+00:00
2502,2502.T,2502.jp,2006-10-06,440.56,443.88,438.76,441.31,6541370,https://stooq.com/q/d/l/?s=2502.jp&i=d,2026-03-26T08:35:00+00:00
2502,2502.T,2502.jp,2006-10-10,439.79,445.16,438.25,443.88,7862541,https://stooq.com/q/d/l/?s=2502.jp&i=d,2026-03-26T08:35:00+00:00
2502,2502.T,2502.jp,2006-10-11,444.64,447.20,439.79,439.79,10587691,https://stooq.com/q/d/l/?s=2502.jp&i=d,2026-03-26T08:35:00+00:00
2502,2502.T,2502.jp,2006-10-12,441.06,441.83,435.69,437.98,8643047,https://stooq.com/q/d/l/?s=2502.jp&i=d,2026-03-26T08:35:00+00:00
2502,2502.T,2502.jp,2006-10-13,438.25,440.30,426.73,427.75,21150763,https://stooq.com/q/d/l/?s=2502.jp&i=d,2026-03-26T08:35:00+00:00
2502,2502.T,2502.jp,2006-10-16,429.80,434.92,429.29,431.07,10941225,https://stooq.com/q/d/l/?s=2502.jp&i=d,2026-03-26T08:35:00+00:00
2502,2502.T,2502.jp,2006-10-17,429.29,430.83,427.49,428.01,8863768,https://stooq.com/q/d/l/?s=2502.jp&i=d,2026-03-26T08:35:00+00:00
2502,2502.T,2502.jp,2006-10-18,425.44,433.38,425.44,433.38,10885357,https://stooq.com/q/d/l/?s=2502.jp&i=d,2026-03-26T08:35:00+00:00
2502,2502.T,2502.jp,2006-10-19,432.61,435.18,430.57,433.38,8285216,https://stooq.com/q/d/l/?s=2502.jp&i=d,2026-03-26T08:35:00+00:00
2502,2502.T,2502.jp,2006-10-20,434.67,439.52,433.89,439.02,7175396,https://stooq.com/q/d/l/?s=2502.jp&i=d,2026-03-26T08:35:00+00:00
2502,2502.T,2502.jp,2006-10-23,436.46,440.03,434.92,439.27,6961701,https://stooq.com/q/d/l/?s=2502.jp&i=d,2026-03-26T08:35:00+00:00
2502,2502.T,2502.jp,2006-10-24,437.47,438.76,431.84,433.89,10143131,https://stooq.com/q/d/l/?s=2502.jp&i=d,2026-03-26T08:35:00+00:00
2502,2502.T,2502.jp,2006-10-25,437.23,439.02,433.89,434.41,6766387,https://stooq.com/q/d/l/?s=2502.jp&i=d,2026-03-26T08:35:00+00:00
2502,2502.T,2502.jp,2006-10-26,437.73,440.30,435.69,436.20,7200002,https://stooq.com/q/d/l/?s=2502.jp&i=d,2026-03-26T08:35:00+00:00
2502,2502.T,2502.jp,2006-10-27,435.95,437.73,432.87,434.67,5187787,https://stooq.com/q/d/l/?s=2502.jp&i=d,2026-03-26T08:35:00+00:00
2502,2502.T,2502.jp,2006-10-30,432.61,434.67,425.96,425.96,7770340,https://stooq.com/q/d/l/?s=2502.jp&i=d,2026-03-26T08:35:00+00:00
2502,2502.T,2502.jp,2006-10-31,433.64,433.64,424.94,426.73,9264956,https://stooq.com/q/d/l/?s=2502.jp&i=d,2026-03-26T08:35:00+00:00
2502,2502.T,2502.jp,2006-11-01,423.67,426.47,420.58,424.94,7653926,https://stooq.com/q/d/l/?s=2502.jp&i=d,2026-03-26T08:35:00+00:00
2502,2502.T,2502.jp,2006-11-02,420.33,420.84,412.65,415.98,18399442,https://stooq.com/q/d/l/?s=2502.jp&i=d,2026-03-26T08:35:00+00:00
2502,2502.T,2502.jp,2006-11-06,409.59,414.18,403.44,409.59,14666042,https://stooq.com/q/d/l/?s=2502.jp&i=d,2026-03-26T08:35:00+00:00
2502,2502.T,2502.jp,2006-11-07,414.18,415.72,410.34,411.37,6570287,https://stooq.com/q/d/l/?s=2502.jp&i=d,2026-03-26T08:35:00+00:00
2502,2502.T,2502.jp,2006-11-08,410.86,412.40,402.16,403.44,9130965,https://stooq.com/q/d/l/?s=2502.jp&i=d,2026-03-26T08:35:00+00:00
2502,2502.T,2502.jp,2006-11-09,407.02,412.40,405.23,409.32,6584338,https://stooq.com/q/d/l/?s=2502.jp&i=d,2026-03-26T08:35:00+00:00
2502,2502.T,2502.jp,2006-11-10,406.76,408.05,400.87,400.87,8644225,https://stooq.com/q/d/l/?s=2502.jp&i=d,2026-03-26T08:35:00+00:00
2502,2502.T,2502.jp,2006-11-13,401.13,406.76,400.87,406.51,5799531,https://stooq.com/q/d/l/?s=2502.jp&i=d,2026-03-26T08:35:00+00:00
2502,2502.T,2502.jp,2006-11-14,409.06,410.60,402.16,405.23,8252010,https://stooq.com/q/d/l/?s=2502.jp&i=d,2026-03-26T08:35:00+00:00
2502,2502.T,2502.jp,2006-11-15,408.05,408.05,403.69,404.97,5367872,https://stooq.com/q/d/l/?s=2502.jp&i=d,2026-03-26T08:35:00+00:00
2502,2502.T,2502.jp,2006-11-16,407.27,407.78,403.69,405.74,5371775,https://stooq.com/q/d/l/?s=2502.jp&i=d,2026-03-26T08:35:00+00:00
2502,2502.T,2502.jp,2006-11-17,408.05,415.98,406.25,411.37,11069362,https://stooq.com/q/d/l/?s=2502.jp&i=d,2026-03-26T08:35:00+00:00
2502,2502.T,2502.jp,2006-11-20,413.67,420.08,412.65,413.42,18032234,https://stooq.com/q/d/l/?s=2502.jp&i=d,2026-03-26T08:35:00+00:00
2502,2502.T,2502.jp,2006-11-21,416.49,416.49,408.29,413.67,9296605,https://stooq.com/q/d/l/?s=2502.jp&i=d,2026-03-26T08:35:00+00:00
2502,2502.T,2502.jp,2006-11-22,415.72,416.74,411.63,415.98,8550473,https://stooq.com/q/d/l/?s=2502.jp&i=d,2026-03-26T08:35:00+00:00
2502,2502.T,2502.jp,2006-11-24,415.72,422.12,413.93,421.87,9775923,https://stooq.com/q/d/l/?s=2502.jp&i=d,2026-03-26T08:35:00+00:00
2502,2502.T,2502.jp,2006-11-27,419.82,424.68,419.31,423.92,7392200,https://stooq.com/q/d/l/?s=2502.jp&i=d,2026-03-26T08:35:00+00:00
2502,2502.T,2502.jp,2006-11-28,420.08,421.87,415.47,420.58,7500804,https://stooq.com/q/d/l/?s=2502.jp&i=d,2026-03-26T08:35:00+00:00
2502,2502.T,2502.jp,2006-11-29,421.10,425.44,418.54,423.67,6685909,https://stooq.com/q/d/l/?s=2502.jp&i=d,2026-03-26T08:35:00+00:00
2502,2502.T,2502.jp,2006-11-30,422.63,427.49,418.80,427.49,5454594,https://stooq.com/q/d/l/?s=2502.jp&i=d,2026-03-26T08:35:00+00:00
2502,2502.T,2502.jp,2006-12-01,434.67,434.67,428.01,431.07,6930853,https://stooq.com/q/d/l/?s=2502.jp&i=d,2026-03-26T08:35:00+00:00
2502,2502.T,2502.jp,2006-12-04,429.29,431.59,426.73,428.78,7830892,https://stooq.com/q/d/l/?s=2502.jp&i=d,2026-03-26T08:35:00+00:00
2502,2502.T,2502.jp,2006-12-05,432.61,433.13,428.78,432.10,6240575,https://stooq.com/q/d/l/?s=2502.jp&i=d,2026-03-26T08:35:00+00:00
2502,2502.T,2502.jp,2006-12-06,434.41,434.92,429.29,433.13,6803884,https://stooq.com/q/d/l/?s=2502.jp&i=d,2026-03-26T08:35:00+00:00
2502,2502.T,2502.jp,2006-12-07,435.69,438.51,430.83,432.36,9307931,https://stooq.com/q/d/l/?s=2502.jp&i=d,2026-03-26T08:35:00+00:00
2502,2502.T,2502.jp,2006-12-08,429.29,437.23,429.29,434.67,16532933,https://stooq.com/q/d/l/?s=2502.jp&i=d,2026-03-26T08:35:00+00:00
2502,2502.T,2502.jp,2006-12-11,438.51,440.30,436.71,438.76,5898761,https://stooq.com/q/d/l/?s=2502.jp&i=d,2026-03-26T08:35:00+00:00
2502,2502.T,2502.jp,2006-12-12,438.25,443.11,437.98,442.09,6573409,https://stooq.com/q/d/l/?s=2502.jp&i=d,2026-03-26T08:35:00+00:00
2502,2502.T,2502.jp,2006-12-13,441.83,443.11,438.25,442.34,8301240,https://stooq.com/q/d/l/?s=2502.jp&i=d,2026-03-26T08:35:00+00:00
2502,2502.T,2502.jp,2006-12-14,443.37,445.16,442.09,444.64,6131194,https://stooq.com/q/d/l/?s=2502.jp&i=d,2026-03-26T08:35:00+00:00
2502,2502.T,2502.jp,2006-12-15,444.64,446.70,438.25,441.83,10838089,https://stooq.com/q/d/l/?s=2502.jp&i=d,2026-03-26T08:35:00+00:00
2502,2502.T,2502.jp,2006-12-18,437.98,440.03,432.36,438.76,9227069,https://stooq.com/q/d/l/?s=2502.jp&i=d,2026-03-26T08:35:00+00:00
2502,2502.T,2502.jp,2006-12-19,439.02,442.34,436.71,438.76,6736310,https://stooq.com/q/d/l/?s=2502.jp&i=d,2026-03-26T08:35:00+00:00
2502,2502.T,2502.jp,2006-12-20,444.64,464.36,444.64,463.33,21516811,https://stooq.com/q/d/l/?s=2502.jp&i=d,2026-03-26T08:35:00+00:00
2502,2502.T,2502.jp,2006-12-21,463.58,477.17,463.08,475.88,20811291,https://stooq.com/q/d/l/?s=2502.jp&i=d,2026-03-26T08:35:00+00:00
2502,2502.T,2502.jp,2006-12-22,478.69,488.94,477.67,486.63,16153229,https://stooq.com/q/d/l/?s=2502.jp&i=d,2026-03-26T08:35:00+00:00
2502,2502.T,2502.jp,2006-12-25,486.63,497.38,486.38,491.49,9919288,https://stooq.com/q/d/l/?s=2502.jp&i=d,2026-03-26T08:35:00+00:00
2502,2502.T,2502.jp,2006-12-26,486.38,486.63,480.24,483.04,6665206,https://stooq.com/q/d/l/?s=2502.jp&i=d,2026-03-26T08:35:00+00:00
2502,2502.T,2502.jp,2006-12-27,481.25,487.65,478.18,485.34,5183874,https://stooq.com/q/d/l/?s=2502.jp&i=d,2026-03-26T08:35:00+00:00
2502,2502.T,2502.jp,2006-12-28,485.86,487.40,482.28,482.79,5236233,https://stooq.com/q/d/l/?s=2502.jp&i=d,2026-03-26T08:35:00+00:00
2502,2502.T,2502.jp,2006-12-29,483.81,489.71,483.04,487.65,4134992,https://stooq.com/q/d/l/?s=2502.jp&i=d,2026-03-26T08:35:00+00:00
2502,2502.T,2502.jp,2007-01-04,485.86,489.96,482.28,488.68,4428758,https://stooq.com/q/d/l/?s=2502.jp&i=d,2026-03-26T08:35:00+00:00
2502,2502.T,2502.jp,2007-01-05,484.59,485.34,477.42,481.00,7168743,https://stooq.com/q/d/l/?s=2502.jp&i=d,2026-03-26T08:35:00+00:00
2502,2502.T,2502.jp,2007-01-09,475.88,487.90,471.01,486.88,7187896,https://stooq.com/q/d/l/?s=2502.jp&i=d,2026-03-26T08:35:00+00:00
2502,2502.T,2502.jp,2007-01-10,486.38,486.88,469.73,471.78,10103286,https://stooq.com/q/d/l/?s=2502.jp&i=d,2026-03-26T08:35:00+00:00
2502,2502.T,2502.jp,2007-01-11,471.78,477.17,465.13,468.20,7343768,https://stooq.com/q/d/l/?s=2502.jp&i=d,2026-03-26T08:35:00+00:00
2502,2502.T,2502.jp,2007-01-12,469.73,484.33,469.73,479.98,8914942,https://stooq.com/q/d/l/?s=2502.jp&i=d,2026-03-26T08:35:00+00:00
2502,2502.T,2502.jp,2007-01-15,486.12,486.12,477.92,478.94,4759239,https://stooq.com/q/d/l/?s=2502.jp&i=d,2026-03-26T08:35:00+00:00
2502,2502.T,2502.jp,2007-01-16,474.59,479.98,473.57,476.13,4309609,https://stooq.com/q/d/l/?s=2502.jp&i=d,2026-03-26T08:35:00+00:00
2502,2502.T,2502.jp,2007-01-17,476.65,477.92,470.50,474.59,8599299,https://stooq.com/q/d/l/?s=2502.jp&i=d,2026-03-26T08:35:00+00:00
2502,2502.T,2502.jp,2007-01-18,473.83,478.44,472.04,475.62,5084654,https://stooq.com/q/d/l/?s=2502.jp&i=d,2026-03-26T08:35:00+00:00
2502,2502.T,2502.jp,2007-01-19,481.25,481.25,471.27,472.81,7191412,https://stooq.com/q/d/l/?s=2502.jp&i=d,2026-03-26T08:35:00+00:00
2502,2502.T,2502.jp,2007-01-22,478.44,483.30,475.62,482.53,6775371,https://stooq.com/q/d/l/?s=2502.jp&i=d,2026-03-26T08:35:00+00:00
2502,2502.T,2502.jp,2007-01-23,481.25,481.25,476.39,479.72,5092077,https://stooq.com/q/d/l/?s=2502.jp&i=d,2026-03-26T08:35:00+00:00
2502,2502.T,2502.jp,2007-01-24,481.25,488.16,479.98,487.15,5989777,https://stooq.com/q/d/l/?s=2502.jp&i=d,2026-03-26T08:35:00+00:00
2502,2502.T,2502.jp,2007-01-25,491.49,498.67,491.24,497.12,11190065,https://stooq.com/q/d/l/?s=2502.jp&i=d,2026-03-26T08:35:00+00:00
2502,2502.T,2502.jp,2007-01-26,490.47,490.73,484.07,486.12,9176289,https://stooq.com/q/d/l/?s=2502.jp&i=d,2026-03-26T08:35:00+00:00
2502,2502.T,2502.jp,2007-01-29,478.44,485.10,478.44,483.04,6128065,https://stooq.com/q/d/l/?s=2502.jp&i=d,2026-03-26T08:35:00+00:00
2502,2502.T,2502.jp,2007-01-30,478.69,484.33,477.42,479.21,7086324,https://stooq.com/q/d/l/?s=2502.jp&i=d,2026-03-26T08:35:00+00:00
2502,2502.T,2502.jp,2007-01-31,480.75,481.00,472.04,474.08,7916447,https://stooq.com/q/d/l/?s=2502.jp&i=d,2026-03-26T08:35:00+00:00
2502,2502.T,2502.jp,2007-02-01,475.88,483.81,471.78,482.28,7505097,https://stooq.com/q/d/l/?s=2502.jp&i=d,2026-03-26T08:35:00+00:00
2502,2502.T,2502.jp,2007-02-02,483.30,487.15,482.53,483.81,4792450,https://stooq.com/q/d/l/?s=2502.jp&i=d,2026-03-26T08:35:00+00:00
2502,2502.T,2502.jp,2007-02-05,490.21,490.73,478.94,482.53,7924650,https://stooq.com/q/d/l/?s=2502.jp&i=d,2026-03-26T08:35:00+00:00
2502,2502.T,2502.jp,2007-02-06,485.10,491.24,484.59,489.71,6533170,https://stooq.com/q/d/l/?s=2502.jp&i=d,2026-03-26T08:35:00+00:00
2502,2502.T,2502.jp,2007-02-07,497.38,518.38,497.38,515.81,22280524,https://stooq.com/q/d/l/?s=2502.jp&i=d,2026-03-26T08:35:00+00:00
2502,2502.T,2502.jp,2007-02-08,510.69,511.21,502.25,503.53,16265736,https://stooq.com/q/d/l/?s=2502.jp&i=d,2026-03-26T08:35:00+00:00
2502,2502.T,2502.jp,2007-02-09,503.01,503.78,494.05,496.87,14573451,https://stooq.com/q/d/l/?s=2502.jp&i=d,2026-03-26T08:35:00+00:00
2502,2502.T,2502.jp,2007-02-13,491.49,502.25,491.49,497.64,7329306,https://stooq.com/q/d/l/?s=2502.jp&i=d,2026-03-26T08:35:00+00:00
2502,2502.T,2502.jp,2007-02-14,499.17,502.25,496.87,500.97,7311338,https://stooq.com/q/d/l/?s=2502.jp&i=d,2026-03-26T08:35:00+00:00
2502,2502.T,2502.jp,2007-02-15,500.45,506.59,498.41,499.43,6853888,https://stooq.com/q/d/l/?s=2502.jp&i=d,2026-03-26T08:35:00+00:00
2502,2502.T,2502.jp,2007-02-16,511.97,524.77,504.31,507.36,18867441,https://stooq.com/q/d/l/?s=2502.jp&i=d,2026-03-26T08:35:00+00:00
2502,2502.T,2502.jp,2007-02-19,517.09,517.09,511.21,513.25,5887819,https://stooq.com/q/d/l/?s=2502.jp&i=d,2026-03-26T08:35:00+00:00
2502,2502.T,2502.jp,2007-02-20,511.97,511.97,502.76,509.41,7189844,https://stooq.com/q/d/l/?s=2502.jp&i=d,2026-03-26T08:35:00+00:00
2502,2502.T,2502.jp,2007-02-21,509.92,513.25,504.80,506.35,11460779,https://stooq.com/q/d/l/?s=2502.jp&i=d,2026-03-26T08:35:00+00:00
2502,2502.T,2502.jp,2007-02-22,508.13,510.96,505.31,507.62,5050273,https://stooq.com/q/d/l/?s=2502.jp&i=d,2026-03-26T08:35:00+00:00
2502,2502.T,2502.jp,2007-02-23,507.36,507.36,499.69,504.31,7277358,https://stooq.com/q/d/l/?s=2502.jp&i=d,2026-03-26T08:35:00+00:00
2502,2502.T,2502.jp,2007-02-26,506.08,507.87,500.97,502.50,6202288,https://stooq.com/q/d/l/?s=2502.jp&i=d,2026-03-26T08:35:00+00:00
2502,2502.T,2502.jp,2007-02-27,499.69,504.80,497.89,498.41,6969918,https://stooq.com/q/d/l/?s=2502.jp&i=d,2026-03-26T08:35:00+00:00
2502,2502.T,2502.jp,2007-02-28,483.04,496.61,482.28,496.61,14141791,https://stooq.com/q/d/l/?s=2502.jp&i=d,2026-03-26T08:35:00+00:00
2502,2502.T,2502.jp,2007-03-01,489.71,492.77,485.86,490.21,9536851,https://stooq.com/q/d/l/?s=2502.jp&i=d,2026-03-26T08:35:00+00:00
2502,2502.T,2502.jp,2007-03-02,490.47,490.47,478.44,485.34,12077227,https://stooq.com/q/d/l/?s=2502.jp&i=d,2026-03-26T08:35:00+00:00
2502,2502.T,2502.jp,2007-03-05,474.34,474.59,462.57,469.22,12335831,https://stooq.com/q/d/l/?s=2502.jp&i=d,2026-03-26T08:35:00+00:00
2502,2502.T,2502.jp,2007-03-06,466.16,467.70,461.03,465.64,11015054,https://stooq.com/q/d/l/?s=2502.jp&i=d,2026-03-26T08:35:00+00:00
2502,2502.T,2502.jp,2007-03-07,473.32,474.59,467.70,471.27,11186936,https://stooq.com/q/d/l/?s=2502.jp&i=d,2026-03-26T08:35:00+00:00
2502,2502.T,2502.jp,2007-03-08,477.17,477.42,468.46,475.62,9397393,https://stooq.com/q/d/l/?s=2502.jp&i=d,2026-03-26T08:35:00+00:00
2502,2502.T,2502.jp,2007-03-09,483.30,483.30,468.46,470.25,22594986,https://stooq.com/q/d/l/?s=2502.jp&i=d,2026-03-26T08:35:00+00:00
2502,2502.T,2502.jp,2007-03-12,474.85,484.59,474.34,481.76,9070417,https://stooq.com/q/d/l/?s=2502.jp&i=d,2026-03-26T08:35:00+00:00
2502,2502.T,2502.jp,2007-03-13,486.38,486.38,476.65,480.24,8433272,https://stooq.com/q/d/l/?s=2502.jp&i=d,2026-03-26T08:35:00+00:00
2502,2502.T,2502.jp,2007-03-14,471.78,478.69,468.71,472.81,8316472,https://stooq.com/q/d/l/?s=2502.jp&i=d,2026-03-26T08:35:00+00:00
2502,2502.T,2502.jp,2007-03-15,475.12,476.90,470.25,472.04,6336679,https://stooq.com/q/d/l/?s=2502.jp&i=d,2026-03-26T08:35:00+00:00
2502,2502.T,2502.jp,2007-03-16,467.17,476.90,465.13,471.27,8502424,https://stooq.com/q/d/l/?s=2502.jp&i=d,2026-03-26T08:35:00+00:00
2502,2502.T,2502.jp,2007-03-19,471.53,481.25,469.22,481.00,7523455,https://stooq.com/q/d/l/?s=2502.jp&i=d,2026-03-26T08:35:00+00:00
2502,2502.T,2502.jp,2007-03-20,496.36,496.36,482.02,482.28,12232308,https://stooq.com/q/d/l/?s=2502.jp&i=d,2026-03-26T08:35:00+00:00
2502,2502.T,2502.jp,2007-03-22,484.07,490.98,484.07,488.94,5927664,https://stooq.com/q/d/l/?s=2502.jp&i=d,2026-03-26T08:35:00+00:00
2502,2502.T,2502.jp,2007-03-23,486.88,490.73,483.56,488.42,7609007,https://stooq.com/q/d/l/?s=2502.jp&i=d,2026-03-26T08:35:00+00:00
2502,2502.T,2502.jp,2007-03-26,487.90,493.02,487.90,491.24,4944802,https://stooq.com/q/d/l/?s=2502.jp&i=d,2026-03-26T08:35:00+00:00
2502,2502.T,2502.jp,2007-03-27,488.94,496.61,488.68,489.96,6041729,https://stooq.com/q/d/l/?s=2502.jp&i=d,2026-03-26T08:35:00+00:00
2502,2502.T,2502.jp,2007-03-28,490.21,493.02,480.75,485.86,7063276,https://stooq.com/q/d/l/?s=2502.jp&i=d,2026-03-26T08:35:00+00:00
2502,2502.T,2502.jp,2007-03-29,484.07,485.61,476.13,481.00,8050828,https://stooq.com/q/d/l/?s=2502.jp&i=d,2026-03-26T08:35:00+00:00
2502,2502.T,2502.jp,2007-03-30,483.81,489.20,483.04,483.81,5763202,https://stooq.com/q/d/l/?s=2502.jp&i=d,2026-03-26T08:35:00+00:00
2502,2502.T,2502.jp,2007-04-02,487.15,495.33,482.02,482.28,8425842,https://stooq.com/q/d/l/?s=2502.jp&i=d,2026-03-26T08:35:00+00:00
2502,2502.T,2502.jp,2007-04-03,486.63,489.71,482.79,487.90,10413458,https://stooq.com/q/d/l/?s=2502.jp&i=d,2026-03-26T08:35:00+00:00
2502,2502.T,2502.jp,2007-04-04,490.73,493.28,487.15,489.71,8719235,https://stooq.com/q/d/l/?s=2502.jp&i=d,2026-03-26T08:35:00+00:00
2502,2502.T,2502.jp,2007-04-05,490.73,498.41,489.71,496.87,7571894,https://stooq.com/q/d/l/?s=2502.jp&i=d,2026-03-26T08:35:00+00:00
2502,2502.T,2502.jp,2007-04-06,494.31,494.82,488.42,492.77,5600698,https://stooq.com/q/d/l/?s=2502.jp&i=d,2026-03-26T08:35:00+00:00
2502,2502.T,2502.jp,2007-04-09,496.61,503.53,494.05,502.25,7230090,https://stooq.com/q/d/l/?s=2502.jp&i=d,2026-03-26T08:35:00+00:00
2502,2502.T,2502.jp,2007-04-10,499.69,502.25,497.89,501.74,5785090,https://stooq.com/q/d/l/?s=2502.jp&i=d,2026-03-26T08:35:00+00:00
2502,2502.T,2502.jp,2007-04-11,502.00,502.25,496.61,498.16,6608564,https://stooq.com/q/d/l/?s=2502.jp&i=d,2026-03-26T08:35:00+00:00
2502,2502.T,2502.jp,2007-04-12,495.33,495.59,488.94,492.26,7341419,https://stooq.com/q/d/l/?s=2502.jp&i=d,2026-03-26T08:35:00+00:00
2502,2502.T,2502.jp,2007-04-13,494.05,497.12,490.21,491.75,9478251,https://stooq.com/q/d/l/?s=2502.jp&i=d,2026-03-26T08:35:00+00:00
2502,2502.T,2502.jp,2007-04-16,493.28,503.01,492.77,502.25,6983589,https://stooq.com/q/d/l/?s=2502.jp&i=d,2026-03-26T08:35:00+00:00
2502,2502.T,2502.jp,2007-04-17,499.17,499.17,490.21,492.01,7841447,https://stooq.com/q/d/l/?s=2502.jp&i=d,2026-03-26T08:35:00+00:00
2502,2502.T,2502.jp,2007-04-18,489.20,498.41,489.20,496.36,6139401,https://stooq.com/q/d/l/?s=2502.jp&i=d,2026-03-26T08:35:00+00:00
2502,2502.T,2502.jp,2007-04-19,489.44,491.24,481.76,483.30,11225227,https://stooq.com/q/d/l/?s=2502.jp&i=d,2026-03-26T08:35:00+00:00
2502,2502.T,2502.jp,2007-04-20,485.10,491.49,484.84,489.96,5839380,https://stooq.com/q/d/l/?s=2502.jp&i=d,2026-03-26T08:35:00+00:00
2502,2502.T,2502.jp,2007-04-23,491.75,496.61,487.65,488.68,6580048,https://stooq.com/q/d/l/?s=2502.jp&i=d,2026-03-26T08:35:00+00:00
2502,2502.T,2502.jp,2007-04-24,490.73,500.70,485.34,498.41,10341967,https://stooq.com/q/d/l/?s=2502.jp&i=d,2026-03-26T08:35:00+00:00
2502,2502.T,2502.jp,2007-04-25,494.82,496.36,490.73,493.02,5247552,https://stooq.com/q/d/l/?s=2502.jp&i=d,2026-03-26T08:35:00+00:00
2502,2502.T,2502.jp,2007-04-26,496.61,503.27,495.59,498.91,8454369,https://stooq.com/q/d/l/?s=2502.jp&i=d,2026-03-26T08:35:00+00:00
2502,2502.T,2502.jp,2007-04-27,498.67,503.53,494.05,500.45,8547347,https://stooq.com/q/d/l/?s=2502.jp&i=d,2026-03-26T08:35:00+00:00
2502,2502.T,2502.jp,2007-05-01,494.05,497.12,488.94,490.47,9916950,https://stooq.com/q/d/l/?s=2502.jp&i=d,2026-03-26T08:35:00+00:00
2502,2502.T,2502.jp,2007-05-02,493.28,494.57,489.44,493.02,5503427,https://stooq.com/q/d/l/?s=2502.jp&i=d,2026-03-26T08:35:00+00:00
2502,2502.T,2502.jp,2007-05-07,500.70,500.70,490.73,491.24,8917678,https://stooq.com/q/d/l/?s=2502.jp&i=d,2026-03-26T08:35:00+00:00
2502,2502.T,2502.jp,2007-05-08,490.47,491.75,486.38,489.71,6980459,https://stooq.com/q/d/l/?s=2502.jp&i=d,2026-03-26T08:35:00+00:00
2502,2502.T,2502.jp,2007-05-09,489.96,494.82,489.71,493.54,7035937,https://stooq.com/q/d/l/?s=2502.jp&i=d,2026-03-26T08:35:00+00:00
2502,2502.T,2502.jp,2007-05-10,495.85,495.85,491.24,492.01,7914886,https://stooq.com/q/d/l/?s=2502.jp&i=d,2026-03-26T08:35:00+00:00
2502,2502.T,2502.jp,2007-05-11,489.71,490.21,483.30,487.15,7986377,https://stooq.com/q/d/l/?s=2502.jp&i=d,2026-03-26T08:35:00+00:00
2502,2502.T,2502.jp,2007-05-14,491.24,499.17,489.20,495.85,7040621,https://stooq.com/q/d/l/?s=2502.jp&i=d,2026-03-26T08:35:00+00:00
2502,2502.T,2502.jp,2007-05-15,491.49,496.10,489.71,490.73,7969573,https://stooq.com/q/d/l/?s=2502.jp&i=d,2026-03-26T08:35:00+00:00
2502,2502.T,2502.jp,2007-05-16,490.73,493.80,488.68,493.54,8988377,https://stooq.com/q/d/l/?s=2502.jp&i=d,2026-03-26T08:35:00+00:00
2502,2502.T,2502.jp,2007-05-17,495.07,496.61,487.90,489.44,6689039,https://stooq.com/q/d/l/?s=2502.jp&i=d,2026-03-26T08:35:00+00:00
2502,2502.T,2502.jp,2007-05-18,491.75,493.80,489.20,491.49,8035202,https://stooq.com/q/d/l/?s=2502.jp&i=d,2026-03-26T08:35:00+00:00
2502,2502.T,2502.jp,2007-05-21,496.10,500.70,493.02,498.91,9005565,https://stooq.com/q/d/l/?s=2502.jp&i=d,2026-03-26T08:35:00+00:00
2502,2502.T,2502.jp,2007-05-22,492.52,499.69,492.26,498.41,6966398,https://stooq.com/q/d/l/?s=2502.jp&i=d,2026-03-26T08:35:00+00:00
2502,2502.T,2502.jp,2007-05-23,498.91,501.74,498.41,500.45,6903888,https://stooq.com/q/d/l/?s=2502.jp&i=d,2026-03-26T08:35:00+00:00
2502,2502.T,2502.jp,2007-05-24,499.43,500.45,497.64,497.89,5824932,https://stooq.com/q/d/l/?s=2502.jp&i=d,2026-03-26T08:35:00+00:00
2502,2502.T,2502.jp,2007-05-25,492.77,495.33,489.44,492.77,5862822,https://stooq.com/q/d/l/?s=2502.jp&i=d,2026-03-26T08:35:00+00:00
2502,2502.T,2502.jp,2007-05-28,492.01,496.10,492.01,494.82,3869352,https://stooq.com/q/d/l/?s=2502.jp&i=d,2026-03-26T08:35:00+00:00
2502,2502.T,2502.jp,2007-05-29,491.49,495.85,490.21,493.54,5334668,https://stooq.com/q/d/l/?s=2502.jp&i=d,2026-03-26T08:35:00+00:00
2502,2502.T,2502.jp,2007-05-30,493.28,494.05,489.44,492.77,5632334,https://stooq.com/q/d/l/?s=2502.jp&i=d,2026-03-26T08:35:00+00:00
2502,2502.T,2502.jp,2007-05-31,495.07,499.17,494.31,497.12,8691096,https://stooq.com/q/d/l/?s=2502.jp&i=d,2026-03-26T08:35:00+00:00
2502,2502.T,2502.jp,2007-06-01,497.89,500.45,495.85,496.61,6091345,https://stooq.com/q/d/l/?s=2502.jp&i=d,2026-03-26T08:35:00+00:00
2502,2502.T,2502.jp,2007-06-04,495.33,495.59,490.47,492.01,7140624,https://stooq.com/q/d/l/?s=2502.jp&i=d,2026-03-26T08:35:00+00:00
2502,2502.T,2502.jp,2007-06-05,496.10,497.64,493.28,496.36,7963719,https://stooq.com/q/d/l/?s=2502.jp&i=d,2026-03-26T08:35:00+00:00
2502,2502.T,2502.jp,2007-06-06,497.12,498.67,495.07,497.38,6119081,https://stooq.com/q/d/l/?s=2502.jp&i=d,2026-03-26T08:35:00+00:00
2502,2502.T,2502.jp,2007-06-07,498.67,499.94,496.10,498.16,5640934,https://stooq.com/q/d/l/?s=2502.jp&i=d,2026-03-26T08:35:00+00:00
2502,2502.T,2502.jp,2007-06-08,494.31,496.10,490.47,494.31,18100978,https://stooq.com/q/d/l/?s=2502.jp&i=d,2026-03-26T08:35:00+00:00
2502,2502.T,2502.jp,2007-06-11,495.33,495.85,490.21,491.49,7357822,https://stooq.com/q/d/l/?s=2502.jp&i=d,2026-03-26T08:35:00+00:00
2502,2502.T,2502.jp,2007-06-12,494.05,496.87,492.01,493.54,7866050,https://stooq.com/q/d/l/?s=2502.jp&i=d,2026-03-26T08:35:00+00:00
2502,2502.T,2502.jp,2007-06-13,494.05,496.10,487.65,491.49,8753989,https://stooq.com/q/d/l/?s=2502.jp&i=d,2026-03-26T08:35:00+00:00
2502,2502.T,2502.jp,2007-06-14,491.75,493.02,489.71,490.47,4373290,https://stooq.com/q/d/l/?s=2502.jp&i=d,2026-03-26T08:35:00+00:00
2502,2502.T,2502.jp,2007-06-15,492.26,495.59,491.24,494.57,7410561,https://stooq.com/q/d/l/?s=2502.jp&i=d,2026-03-26T08:35:00+00:00
2502,2502.T,2502.jp,2007-06-18,496.61,497.64,494.57,495.59,6103068,https://stooq.com/q/d/l/?s=2502.jp&i=d,2026-03-26T08:35:00+00:00
2502,2502.T,2502.jp,2007-06-19,495.59,495.85,492.52,495.07,4819401,https://stooq.com/q/d/l/?s=2502.jp&i=d,2026-03-26T08:35:00+00:00
2502,2502.T,2502.jp,2007-06-20,496.36,501.48,493.80,499.43,7720737,https://stooq.com/q/d/l/?s=2502.jp&i=d,2026-03-26T08:35:00+00:00
2502,2502.T,2502.jp,2007-06-21,496.61,498.16,494.57,495.07,5677260,https://stooq.com/q/d/l/?s=2502.jp&i=d,2026-03-26T08:35:00+00:00
2502,2502.T,2502.jp,2007-06-22,494.57,495.07,490.98,492.52,4673694,https://stooq.com/q/d/l/?s=2502.jp&i=d,2026-03-26T08:35:00+00:00
2502,2502.T,2502.jp,2007-06-25,490.47,492.26,488.94,489.44,6794120,https://stooq.com/q/d/l/?s=2502.jp&i=d,2026-03-26T08:35:00+00:00
2502,2502.T,2502.jp,2007-06-26,493.54,493.54,488.94,490.21,4754946,https://stooq.com/q/d/l/?s=2502.jp&i=d,2026-03-26T08:35:00+00:00
2502,2502.T,2502.jp,2007-06-27,487.90,489.96,486.88,487.40,7552759,https://stooq.com/q/d/l/?s=2502.jp&i=d,2026-03-26T08:35:00+00:00
2502,2502.T,2502.jp,2007-06-28,487.15,493.02,485.86,492.77,6350350,https://stooq.com/q/d/l/?s=2502.jp&i=d,2026-03-26T08:35:00+00:00
2502,2502.T,2502.jp,2007-06-29,493.02,493.28,488.42,489.20,8312175,https://stooq.com/q/d/l/?s=2502.jp&i=d,2026-03-26T08:35:00+00:00
2502,2502.T,2502.jp,2007-07-02,488.68,488.68,484.59,485.34,7669953,https://stooq.com/q/d/l/?s=2502.jp&i=d,2026-03-26T08:35:00+00:00
2502,2502.T,2502.jp,2007-07-03,486.88,488.16,479.46,479.72,12613581,https://stooq.com/q/d/l/?s=2502.jp&i=d,2026-03-26T08:35:00+00:00
2502,2502.T,2502.jp,2007-07-04,479.98,479.98,469.73,471.53,17917785,https://stooq.com/q/d/l/?s=2502.jp&i=d,2026-03-26T08:35:00+00:00
2502,2502.T,2502.jp,2007-07-05,474.08,478.18,473.32,476.90,12398335,https://stooq.com/q/d/l/?s=2502.jp&i=d,2026-03-26T08:35:00+00:00
2502,2502.T,2502.jp,2007-07-06,474.59,476.13,471.27,472.30,10011482,https://stooq.com/q/d/l/?s=2502.jp&i=d,2026-03-26T08:35:00+00:00
2502,2502.T,2502.jp,2007-07-09,476.13,476.65,473.57,476.39,6334334,https://stooq.com/q/d/l/?s=2502.jp&i=d,2026-03-26T08:35:00+00:00
2502,2502.T,2502.jp,2007-07-10,473.83,475.88,467.94,469.22,10233377,https://stooq.com/q/d/l/?s=2502.jp&i=d,2026-03-26T08:35:00+00:00
2502,2502.T,2502.jp,2007-07-11,467.94,467.94,460.01,460.77,13474956,https://stooq.com/q/d/l/?s=2502.jp&i=d,2026-03-26T08:35:00+00:00
2502,2502.T,2502.jp,2007-07-12,461.03,462.31,456.67,457.96,5885480,https://stooq.com/q/d/l/?s=2502.jp&i=d,2026-03-26T08:35:00+00:00
2502,2502.T,2502.jp,2007-07-13,460.01,461.29,455.66,459.23,10549017,https://stooq.com/q/d/l/?s=2502.jp&i=d,2026-03-26T08:35:00+00:00
2502,2502.T,2502.jp,2007-07-17,461.80,462.82,458.48,458.48,8616092,https://stooq.com/q/d/l/?s=2502.jp&i=d,2026-03-26T08:35:00+00:00
2502,2502.T,2502.jp,2007-07-18,458.22,459.50,451.56,456.16,7774647,https://stooq.com/q/d/l/?s=2502.jp&i=d,2026-03-26T08:35:00+00:00
2502,2502.T,2502.jp,2007-07-19,456.42,459.74,455.66,458.98,4413526,https://stooq.com/q/d/l/?s=2502.jp&i=d,2026-03-26T08:35:00+00:00
2502,2502.T,2502.jp,2007-07-20,458.22,462.06,457.96,458.73,4075224,https://stooq.com/q/d/l/?s=2502.jp&i=d,2026-03-26T08:35:00+00:00
2502,2502.T,2502.jp,2007-07-23,458.98,460.01,452.07,454.89,6244482,https://stooq.com/q/d/l/?s=2502.jp&i=d,2026-03-26T08:35:00+00:00
2502,2502.T,2502.jp,2007-07-24,453.35,454.62,450.79,453.35,4759626,https://stooq.com/q/d/l/?s=2502.jp&i=d,2026-03-26T08:35:00+00:00
2502,2502.T,2502.jp,2007-07-25,449.52,450.54,445.67,445.93,6857407,https://stooq.com/q/d/l/?s=2502.jp&i=d,2026-03-26T08:35:00+00:00
2502,2502.T,2502.jp,2007-07-26,447.72,449.25,446.45,447.20,7520333,https://stooq.com/q/d/l/?s=2502.jp&i=d,2026-03-26T08:35:00+00:00
2502,2502.T,2502.jp,2007-07-27,446.70,446.70,435.69,441.31,12477245,https://stooq.com/q/d/l/?s=2502.jp&i=d,2026-03-26T08:35:00+00:00
2502,2502.T,2502.jp,2007-07-30,448.74,448.74,434.41,441.06,15212550,https://stooq.com/q/d/l/?s=2502.jp&i=d,2026-03-26T08:35:00+00:00
2502,2502.T,2502.jp,2007-07-31,435.18,435.69,430.31,433.38,10966225,https://stooq.com/q/d/l/?s=2502.jp&i=d,2026-03-26T08:35:00+00:00
2502,2502.T,2502.jp,2007-08-01,430.05,432.10,428.01,430.57,9808739,https://stooq.com/q/d/l/?s=2502.jp&i=d,2026-03-26T08:35:00+00:00
2502,2502.T,2502.jp,2007-08-02,432.61,438.25,428.78,437.73,14888317,https://stooq.com/q/d/l/?s=2502.jp&i=d,2026-03-26T08:35:00+00:00
2502,2502.T,2502.jp,2007-08-03,437.73,437.98,424.43,429.03,12155350,https://stooq.com/q/d/l/?s=2502.jp&i=d,2026-03-26T08:35:00+00:00
2502,2502.T,2502.jp,2007-08-06,422.38,434.15,421.10,432.10,12715543,https://stooq.com/q/d/l/?s=2502.jp&i=d,2026-03-26T08:35:00+00:00
2502,2502.T,2502.jp,2007-08-07,433.38,437.47,422.88,425.20,14058190,https://stooq.com/q/d/l/?s=2502.jp&i=d,2026-03-26T08:35:00+00:00
2502,2502.T,2502.jp,2007-08-08,425.44,433.38,422.38,432.36,11572118,https://stooq.com/q/d/l/?s=2502.jp&i=d,2026-03-26T08:35:00+00:00
2502,2502.T,2502.jp,2007-08-09,440.56,451.81,440.56,444.38,20819494,https://stooq.com/q/d/l/?s=2502.jp&i=d,2026-03-26T08:35:00+00:00
2502,2502.T,2502.jp,2007-08-10,430.05,447.97,430.05,435.18,18659610,https://stooq.com/q/d/l/?s=2502.jp&i=d,2026-03-26T08:35:00+00:00
2502,2502.T,2502.jp,2007-08-13,435.42,439.79,434.67,436.46,9867330,https://stooq.com/q/d/l/?s=2502.jp&i=d,2026-03-26T08:35:00+00:00
2502,2502.T,2502.jp,2007-08-14,440.30,442.60,435.18,438.51,7166799,https://stooq.com/q/d/l/?s=2502.jp&i=d,2026-03-26T08:35:00+00:00
2502,2502.T,2502.jp,2007-08-15,436.46,438.51,430.05,431.33,7660972,https://stooq.com/q/d/l/?s=2502.jp&i=d,2026-03-26T08:35:00+00:00
2502,2502.T,2502.jp,2007-08-16,424.68,425.71,409.83,419.31,16359885,https://stooq.com/q/d/l/?s=2502.jp&i=d,2026-03-26T08:35:00+00:00
2502,2502.T,2502.jp,2007-08-17,421.87,426.99,417.26,420.08,14736358,https://stooq.com/q/d/l/?s=2502.jp&i=d,2026-03-26T08:35:00+00:00
2502,2502.T,2502.jp,2007-08-20,414.70,420.33,411.63,414.44,12690539,https://stooq.com/q/d/l/?s=2502.jp&i=d,2026-03-26T08:35:00+00:00
2502,2502.T,2502.jp,2007-08-21,415.47,424.94,414.95,417.77,8631728,https://stooq.com/q/d/l/?s=2502.jp&i=d,2026-03-26T08:35:00+00:00
2502,2502.T,2502.jp,2007-08-22,430.05,430.05,418.80,421.36,7139457,https://stooq.com/q/d/l/?s=2502.jp&i=d,2026-03-26T08:35:00+00:00
2502,2502.T,2502.jp,2007-08-23,419.06,424.17,417.77,420.08,6899985,https://stooq.com/q/d/l/?s=2502.jp&i=d,2026-03-26T08:35:00+00:00
2502,2502.T,2502.jp,2007-08-24,419.31,421.10,414.18,418.28,9124327,https://stooq.com/q/d/l/?s=2502.jp&i=d,2026-03-26T08:35:00+00:00
2502,2502.T,2502.jp,2007-08-27,418.80,422.12,418.54,419.82,4976054,https://stooq.com/q/d/l/?s=2502.jp&i=d,2026-03-26T08:35:00+00:00
2502,2502.T,2502.jp,2007-08-28,421.87,431.33,420.08,430.83,9447002,https://stooq.com/q/d/l/?s=2502.jp&i=d,2026-03-26T08:35:00+00:00
2502,2502.T,2502.jp,2007-08-29,427.49,428.01,423.67,427.24,10468546,https://stooq.com/q/d/l/?s=2502.jp&i=d,2026-03-26T08:35:00+00:00
2502,2502.T,2502.jp,2007-08-30,436.71,437.23,430.57,433.89,11586957,https://stooq.com/q/d/l/?s=2502.jp&i=d,2026-03-26T08:35:00+00:00
2502,2502.T,2502.jp,2007-08-31,440.30,442.09,435.42,439.52,10296654,https://stooq.com/q/d/l/?s=2502.jp&i=d,2026-03-26T08:35:00+00:00
2502,2502.T,2502.jp,2007-09-03,440.30,444.64,432.61,442.60,7551584,https://stooq.com/q/d/l/?s=2502.jp&i=d,2026-03-26T08:35:00+00:00
2502,2502.T,2502.jp,2007-09-04,442.34,442.86,436.71,438.51,9479425,https://stooq.com/q/d/l/?s=2502.jp&i=d,2026-03-26T08:35:00+00:00
2502,2502.T,2502.jp,2007-09-05,439.27,442.86,434.92,435.69,9410670,https://stooq.com/q/d/l/?s=2502.jp&i=d,2026-03-26T08:35:00+00:00
2502,2502.T,2502.jp,2007-09-06,425.71,429.29,417.26,428.27,12869066,https://stooq.com/q/d/l/?s=2502.jp&i=d,2026-03-26T08:35:00+00:00
2502,2502.T,2502.jp,2007-09-07,422.38,432.61,420.33,430.57,8643047,https://stooq.com/q/d/l/?s=2502.jp&i=d,2026-03-26T08:35:00+00:00
2502,2502.T,2502.jp,2007-09-10,421.10,426.99,419.31,425.20,5897193,https://stooq.com/q/d/l/?s=2502.jp&i=d,2026-03-26T08:35:00+00:00
2502,2502.T,2502.jp,2007-09-11,418.03,428.52,416.23,425.44,5405382,https://stooq.com/q/d/l/?s=2502.jp&i=d,2026-03-26T08:35:00+00:00
2502,2502.T,2502.jp,2007-09-12,422.88,432.36,421.10,431.33,11232653,https://stooq.com/q/d/l/?s=2502.jp&i=d,2026-03-26T08:35:00+00:00
2502,2502.T,2502.jp,2007-09-13,434.41,440.30,433.38,438.51,12339734,https://stooq.com/q/d/l/?s=2502.jp&i=d,2026-03-26T08:35:00+00:00
2502,2502.T,2502.jp,2007-09-14,439.52,443.88,436.20,437.98,21483207,https://stooq.com/q/d/l/?s=2502.jp&i=d,2026-03-26T08:35:00+00:00
2502,2502.T,2502.jp,2007-09-18,438.51,439.52,425.71,426.73,5980407,https://stooq.com/q/d/l/?s=2502.jp&i=d,2026-03-26T08:35:00+00:00
2502,2502.T,2502.jp,2007-09-19,427.75,436.20,427.75,434.41,5718670,https://stooq.com/q/d/l/?s=2502.jp&i=d,2026-03-26T08:35:00+00:00
2502,2502.T,2502.jp,2007-09-20,432.87,436.97,431.59,435.69,4457281,https://stooq.com/q/d/l/?s=2502.jp&i=d,2026-03-26T08:35:00+00:00
2502,2502.T,2502.jp,2007-09-21,435.69,435.95,429.29,432.10,5653431,https://stooq.com/q/d/l/?s=2502.jp&i=d,2026-03-26T08:35:00+00:00
2502,2502.T,2502.jp,2007-09-25,436.20,443.62,433.64,439.52,5531553,https://stooq.com/q/d/l/?s=2502.jp&i=d,2026-03-26T08:35:00+00:00
2502,2502.T,2502.jp,2007-09-26,432.61,438.51,431.33,433.64,8613757,https://stooq.com/q/d/l/?s=2502.jp&i=d,2026-03-26T08:35:00+00:00
2502,2502.T,2502.jp,2007-09-27,439.02,443.62,437.73,442.60,6155023,https://stooq.com/q/d/l/?s=2502.jp&i=d,2026-03-26T08:35:00+00:00
2502,2502.T,2502.jp,2007-09-28,440.56,447.97,439.79,447.97,7658230,https://stooq.com/q/d/l/?s=2502.jp&i=d,2026-03-26T08:35:00+00:00
2502,2502.T,2502.jp,2007-10-01,453.35,460.52,452.07,460.27,8502424,https://stooq.com/q/d/l/?s=2502.jp&i=d,2026-03-26T08:35:00+00:00
2502,2502.T,2502.jp,2007-10-02,460.77,462.57,452.58,452.58,6631226,https://stooq.com/q/d/l/?s=2502.jp&i=d,2026-03-26T08:35:00+00:00
2502,2502.T,2502.jp,2007-10-03,450.28,456.42,445.67,455.40,7286328,https://stooq.com/q/d/l/?s=2502.jp&i=d,2026-03-26T08:35:00+00:00
2502,2502.T,2502.jp,2007-10-04,449.00,458.73,448.23,451.81,6519890,https://stooq.com/q/d/l/?s=2502.jp&i=d,2026-03-26T08:35:00+00:00
2502,2502.T,2502.jp,2007-10-05,448.74,450.54,443.62,444.64,7053117,https://stooq.com/q/d/l/?s=2502.jp&i=d,2026-03-26T08:35:00+00:00
2502,2502.T,2502.jp,2007-10-09,455.66,458.48,450.54,452.58,5781954,https://stooq.com/q/d/l/?s=2502.jp&i=d,2026-03-26T08:35:00+00:00
2502,2502.T,2502.jp,2007-10-10,450.79,455.66,447.97,449.76,5869077,https://stooq.com/q/d/l/?s=2502.jp&i=d,2026-03-26T08:35:00+00:00
2502,2502.T,2502.jp,2007-10-11,447.97,454.89,446.95,453.60,6373786,https://stooq.com/q/d/l/?s=2502.jp&i=d,2026-03-26T08:35:00+00:00
2502,2502.T,2502.jp,2007-10-12,455.66,458.73,451.81,455.66,9426299,https://stooq.com/q/d/l/?s=2502.jp&i=d,2026-03-26T08:35:00+00:00
2502,2502.T,2502.jp,2007-10-15,457.19,462.06,454.89,460.27,5410449,https://stooq.com/q/d/l/?s=2502.jp&i=d,2026-03-26T08:35:00+00:00
2502,2502.T,2502.jp,2007-10-16,460.27,460.27,455.66,460.01,6288234,https://stooq.com/q/d/l/?s=2502.jp&i=d,2026-03-26T08:35:00+00:00
2502,2502.T,2502.jp,2007-10-17,461.80,462.31,456.42,460.77,8113719,https://stooq.com/q/d/l/?s=2502.jp&i=d,2026-03-26T08:35:00+00:00
2502,2502.T,2502.jp,2007-10-18,461.03,461.03,456.67,459.23,6911707,https://stooq.com/q/d/l/?s=2502.jp&i=d,2026-03-26T08:35:00+00:00
2502,2502.T,2502.jp,2007-10-19,454.37,454.89,445.67,448.23,9726317,https://stooq.com/q/d/l/?s=2502.jp&i=d,2026-03-26T08:35:00+00:00
2502,2502.T,2502.jp,2007-10-22,447.46,447.97,433.13,443.11,8494605,https://stooq.com/q/d/l/?s=2502.jp&i=d,2026-03-26T08:35:00+00:00
2502,2502.T,2502.jp,2007-10-23,445.67,447.20,440.30,446.95,5219813,https://stooq.com/q/d/l/?s=2502.jp&i=d,2026-03-26T08:35:00+00:00
2502,2502.T,2502.jp,2007-10-24,440.81,446.18,437.98,444.14,7845347,https://stooq.com/q/d/l/?s=2502.jp&i=d,2026-03-26T08:35:00+00:00
2502,2502.T,2502.jp,2007-10-25,433.64,442.86,433.13,437.23,9336837,https://stooq.com/q/d/l/?s=2502.jp&i=d,2026-03-26T08:35:00+00:00
2502,2502.T,2502.jp,2007-10-26,445.93,458.98,442.60,455.40,10350958,https://stooq.com/q/d/l/?s=2502.jp&i=d,2026-03-26T08:35:00+00:00
2502,2502.T,2502.jp,2007-10-29,456.42,471.53,456.16,468.96,11904552,https://stooq.com/q/d/l/?s=2502.jp&i=d,2026-03-26T08:35:00+00:00
2502,2502.T,2502.jp,2007-10-30,471.53,473.32,468.96,471.78,11230307,https://stooq.com/q/d/l/?s=2502.jp&i=d,2026-03-26T08:35:00+00:00
2502,2502.T,2502.jp,2007-10-31,472.04,486.88,470.76,486.88,15836801,https://stooq.com/q/d/l/?s=2502.jp&i=d,2026-03-26T08:35:00+00:00
2502,2502.T,2502.jp,2007-11-01,494.05,497.64,486.38,487.90,11042400,https://stooq.com/q/d/l/?s=2502.jp&i=d,2026-03-26T08:35:00+00:00
2502,2502.T,2502.jp,2007-11-02,487.15,495.85,486.38,495.85,13045641,https://stooq.com/q/d/l/?s=2502.jp&i=d,2026-03-26T08:35:00+00:00
2502,2502.T,2502.jp,2007-11-05,498.41,511.97,498.16,511.46,21107405,https://stooq.com/q/d/l/?s=2502.jp&i=d,2026-03-26T08:35:00+00:00
2502,2502.T,2502.jp,2007-11-06,503.78,509.92,499.17,502.76,12056134,https://stooq.com/q/d/l/?s=2502.jp&i=d,2026-03-26T08:35:00+00:00
2502,2502.T,2502.jp,2007-11-07,506.85,510.96,504.80,505.31,11134981,https://stooq.com/q/d/l/?s=2502.jp&i=d,2026-03-26T08:35:00+00:00
2502,2502.T,2502.jp,2007-11-08,499.17,507.87,498.16,501.23,17529860,https://stooq.com/q/d/l/?s=2502.jp&i=d,2026-03-26T08:35:00+00:00
2502,2502.T,2502.jp,2007-11-09,494.57,498.67,486.63,488.42,12637013,https://stooq.com/q/d/l/?s=2502.jp&i=d,2026-03-26T08:35:00+00:00
2502,2502.T,2502.jp,2007-11-12,478.94,486.12,475.12,482.28,9958750,https://stooq.com/q/d/l/?s=2502.jp&i=d,2026-03-26T08:35:00+00:00
2502,2502.T,2502.jp,2007-11-13,474.59,480.75,468.71,475.88,14023806,https://stooq.com/q/d/l/?s=2502.jp&i=d,2026-03-26T08:35:00+00:00
2502,2502.T,2502.jp,2007-11-14,468.20,472.30,463.58,466.16,20433931,https://stooq.com/q/d/l/?s=2502.jp&i=d,2026-03-26T08:35:00+00:00
2502,2502.T,2502.jp,2007-11-15,451.56,458.98,449.00,454.62,24598994,https://stooq.com/q/d/l/?s=2502.jp&i=d,2026-03-26T08:35:00+00:00
2502,2502.T,2502.jp,2007-11-16,469.73,484.59,468.20,482.02,25231846,https://stooq.com/q/d/l/?s=2502.jp&i=d,2026-03-26T08:35:00+00:00
2502,2502.T,2502.jp,2007-11-19,486.38,486.38,478.69,484.33,13510110,https://stooq.com/q/d/l/?s=2502.jp&i=d,2026-03-26T08:35:00+00:00
2502,2502.T,2502.jp,2007-11-20,484.33,484.84,476.90,482.02,13339017,https://stooq.com/q/d/l/?s=2502.jp&i=d,2026-03-26T08:35:00+00:00
2502,2502.T,2502.jp,2007-11-21,483.04,486.38,476.65,479.72,8247716,https://stooq.com/q/d/l/?s=2502.jp&i=d,2026-03-26T08:35:00+00:00
2502,2502.T,2502.jp,2007-11-22,483.81,486.88,476.90,477.92,11548289,https://stooq.com/q/d/l/?s=2502.jp&i=d,2026-03-26T08:35:00+00:00
2502,2502.T,2502.jp,2007-11-26,477.92,483.30,476.39,477.17,12172540,https://stooq.com/q/d/l/?s=2502.jp&i=d,2026-03-26T08:35:00+00:00
2502,2502.T,2502.jp,2007-11-27,481.76,484.07,476.39,477.17,12898757,https://stooq.com/q/d/l/?s=2502.jp&i=d,2026-03-26T08:35:00+00:00
2502,2502.T,2502.jp,2007-11-28,482.53,483.81,477.67,481.25,9071588,https://stooq.com/q/d/l/?s=2502.jp&i=d,2026-03-26T08:35:00+00:00
2502,2502.T,2502.jp,2007-11-29,486.38,494.05,482.53,493.80,9851711,https://stooq.com/q/d/l/?s=2502.jp&i=d,2026-03-26T08:35:00+00:00
2502,2502.T,2502.jp,2007-11-30,498.91,500.97,489.20,493.28,10904893,https://stooq.com/q/d/l/?s=2502.jp&i=d,2026-03-26T08:35:00+00:00
2502,2502.T,2502.jp,2007-12-03,493.28,493.28,482.02,486.88,9970076,https://stooq.com/q/d/l/?s=2502.jp&i=d,2026-03-26T08:35:00+00:00
2502,2502.T,2502.jp,2007-12-04,489.20,498.67,489.20,498.16,9949365,https://stooq.com/q/d/l/?s=2502.jp&i=d,2026-03-26T08:35:00+00:00
2502,2502.T,2502.jp,2007-12-05,495.85,495.85,490.73,493.28,7687924,https://stooq.com/q/d/l/?s=2502.jp&i=d,2026-03-26T08:35:00+00:00
2502,2502.T,2502.jp,2007-12-06,499.17,507.10,495.59,500.45,13453472,https://stooq.com/q/d/l/?s=2502.jp&i=d,2026-03-26T08:35:00+00:00
2502,2502.T,2502.jp,2007-12-07,509.41,509.41,502.00,502.76,8197713,https://stooq.com/q/d/l/?s=2502.jp&i=d,2026-03-26T08:35:00+00:00
2502,2502.T,2502.jp,2007-12-10,508.13,508.38,499.69,503.27,4616669,https://stooq.com/q/d/l/?s=2502.jp&i=d,2026-03-26T08:35:00+00:00
2502,2502.T,2502.jp,2007-12-11,503.53,508.13,497.89,500.19,6421057,https://stooq.com/q/d/l/?s=2502.jp&i=d,2026-03-26T08:35:00+00:00
2502,2502.T,2502.jp,2007-12-12,492.52,496.10,487.65,494.31,7846918,https://stooq.com/q/d/l/?s=2502.jp&i=d,2026-03-26T08:35:00+00:00
2502,2502.T,2502.jp,2007-12-13,490.21,494.31,488.94,489.71,5785857,https://stooq.com/q/d/l/?s=2502.jp&i=d,2026-03-26T08:35:00+00:00
2502,2502.T,2502.jp,2007-12-14,494.82,505.58,494.57,503.27,23391909,https://stooq.com/q/d/l/?s=2502.jp&i=d,2026-03-26T08:35:00+00:00
2502,2502.T,2502.jp,2007-12-17,503.01,503.01,493.02,494.57,6056194,https://stooq.com/q/d/l/?s=2502.jp&i=d,2026-03-26T08:35:00+00:00
2502,2502.T,2502.jp,2007-12-18,494.82,500.19,489.71,499.69,9438405,https://stooq.com/q/d/l/?s=2502.jp&i=d,2026-03-26T08:35:00+00:00
2502,2502.T,2502.jp,2007-12-19,498.16,498.67,489.71,494.82,9045030,https://stooq.com/q/d/l/?s=2502.jp&i=d,2026-03-26T08:35:00+00:00
2502,2502.T,2502.jp,2007-12-20,498.41,503.53,495.07,502.00,8627818,https://stooq.com/q/d/l/?s=2502.jp&i=d,2026-03-26T08:35:00+00:00
2502,2502.T,2502.jp,2007-12-21,504.56,506.35,500.45,502.25,10765040,https://stooq.com/q/d/l/?s=2502.jp&i=d,2026-03-26T08:35:00+00:00
2502,2502.T,2502.jp,2007-12-25,503.01,507.36,502.25,505.58,5109651,https://stooq.com/q/d/l/?s=2502.jp&i=d,2026-03-26T08:35:00+00:00
2502,2502.T,2502.jp,2007-12-26,497.89,500.45,494.57,496.61,3871697,https://stooq.com/q/d/l/?s=2502.jp&i=d,2026-03-26T08:35:00+00:00
2502,2502.T,2502.jp,2007-12-27,495.59,497.12,492.26,493.54,3481834,https://stooq.com/q/d/l/?s=2502.jp&i=d,2026-03-26T08:35:00+00:00
2502,2502.T,2502.jp,2007-12-28,493.54,493.80,483.56,484.33,4166240,https://stooq.com/q/d/l/?s=2502.jp&i=d,2026-03-26T08:35:00+00:00
2502,2502.T,2502.jp,2008-01-04,462.06,465.13,445.67,453.88,10931457,https://stooq.com/q/d/l/?s=2502.jp&i=d,2026-03-26T08:35:00+00:00
2502,2502.T,2502.jp,2008-01-07,453.60,454.37,447.20,449.52,11696341,https://stooq.com/q/d/l/?s=2502.jp&i=d,2026-03-26T08:35:00+00:00
2502,2502.T,2502.jp,2008-01-08,452.07,455.40,447.97,450.79,11855729,https://stooq.com/q/d/l/?s=2502.jp&i=d,2026-03-26T08:35:00+00:00
2502,2502.T,2502.jp,2008-01-09,445.93,462.57,445.67,457.71,11454140,https://stooq.com/q/d/l/?s=2502.jp&i=d,2026-03-26T08:35:00+00:00
2502,2502.T,2502.jp,2008-01-10,457.96,460.27,450.79,458.22,10688866,https://stooq.com/q/d/l/?s=2502.jp&i=d,2026-03-26T08:35:00+00:00
2502,2502.T,2502.jp,2008-01-11,453.60,457.71,448.23,453.88,12815156,https://stooq.com/q/d/l/?s=2502.jp&i=d,2026-03-26T08:35:00+00:00
2502,2502.T,2502.jp,2008-01-15,446.18,452.58,441.06,446.70,15658278,https://stooq.com/q/d/l/?s=2502.jp&i=d,2026-03-26T08:35:00+00:00
2502,2502.T,2502.jp,2008-01-16,444.90,453.60,442.86,451.31,15938763,https://stooq.com/q/d/l/?s=2502.jp&i=d,2026-03-26T08:35:00+00:00
2502,2502.T,2502.jp,2008-01-17,445.67,461.55,441.83,461.03,17452909,https://stooq.com/q/d/l/?s=2502.jp&i=d,2026-03-26T08:35:00+00:00
2502,2502.T,2502.jp,2008-01-18,460.01,468.20,449.25,466.40,18383425,https://stooq.com/q/d/l/?s=2502.jp&i=d,2026-03-26T08:35:00+00:00
2502,2502.T,2502.jp,2008-01-21,474.08,474.59,456.16,459.50,14703932,https://stooq.com/q/d/l/?s=2502.jp&i=d,2026-03-26T08:35:00+00:00
2502,2502.T,2502.jp,2008-01-22,455.15,455.66,441.57,445.41,18015440,https://stooq.com/q/d/l/?s=2502.jp&i=d,2026-03-26T08:35:00+00:00
2502,2502.T,2502.jp,2008-01-23,447.97,456.93,440.56,456.16,16050880,https://stooq.com/q/d/l/?s=2502.jp&i=d,2026-03-26T08:35:00+00:00
2502,2502.T,2502.jp,2008-01-24,462.06,462.06,443.11,446.70,16112990,https://stooq.com/q/d/l/?s=2502.jp&i=d,2026-03-26T08:35:00+00:00
2502,2502.T,2502.jp,2008-01-25,455.66,462.06,454.62,461.03,13074945,https://stooq.com/q/d/l/?s=2502.jp&i=d,2026-03-26T08:35:00+00:00
2502,2502.T,2502.jp,2008-01-28,463.33,468.96,453.10,453.10,12453018,https://stooq.com/q/d/l/?s=2502.jp&i=d,2026-03-26T08:35:00+00:00
2502,2502.T,2502.jp,2008-01-29,462.57,464.61,457.96,461.55,10243922,https://stooq.com/q/d/l/?s=2502.jp&i=d,2026-03-26T08:35:00+00:00
2502,2502.T,2502.jp,2008-01-30,469.22,469.22,453.35,464.36,12366689,https://stooq.com/q/d/l/?s=2502.jp&i=d,2026-03-26T08:35:00+00:00
2502,2502.T,2502.jp,2008-01-31,459.74,478.18,458.48,477.92,11696341,https://stooq.com/q/d/l/?s=2502.jp&i=d,2026-03-26T08:35:00+00:00
2502,2502.T,2502.jp,2008-02-01,476.39,476.39,458.48,467.17,12663191,https://stooq.com/q/d/l/?s=2502.jp&i=d,2026-03-26T08:35:00+00:00
2502,2502.T,2502.jp,2008-02-04,468.46,474.08,465.64,470.50,10046253,https://stooq.com/q/d/l/?s=2502.jp&i=d,2026-03-26T08:35:00+00:00
2502,2502.T,2502.jp,2008-02-05,462.82,473.32,461.29,471.27,9993128,https://stooq.com/q/d/l/?s=2502.jp&i=d,2026-03-26T08:35:00+00:00
2502,2502.T,2502.jp,2008-02-06,478.44,494.05,472.81,483.04,34756588,https://stooq.com/q/d/l/?s=2502.jp&i=d,2026-03-26T08:35:00+00:00
2502,2502.T,2502.jp,2008-02-07,483.30,497.38,479.72,495.33,31020449,https://stooq.com/q/d/l/?s=2502.jp&i=d,2026-03-26T08:35:00+00:00
2502,2502.T,2502.jp,2008-02-08,510.96,517.09,504.31,514.53,31081384,https://stooq.com/q/d/l/?s=2502.jp&i=d,2026-03-26T08:35:00+00:00
2502,2502.T,2502.jp,2008-02-12,504.31,514.53,499.43,511.97,22437947,https://stooq.com/q/d/l/?s=2502.jp&i=d,2026-03-26T08:35:00+00:00
2502,2502.T,2502.jp,2008-02-13,513.25,514.53,498.41,502.25,15976267,https://stooq.com/q/d/l/?s=2502.jp&i=d,2026-03-26T08:35:00+00:00
2502,2502.T,2502.jp,2008-02-14,498.16,504.31,494.31,504.04,20757001,https://stooq.com/q/d/l/?s=2502.jp&i=d,2026-03-26T08:35:00+00:00
2502,2502.T,2502.jp,2008-02-15,496.10,501.74,492.52,499.17,19394811,https://stooq.com/q/d/l/?s=2502.jp&i=d,2026-03-26T08:35:00+00:00
2502,2502.T,2502.jp,2008-02-18,491.49,504.31,489.44,499.43,15025427,https://stooq.com/q/d/l/?s=2502.jp&i=d,2026-03-26T08:35:00+00:00
2502,2502.T,2502.jp,2008-02-19,505.31,506.35,497.38,497.38,8553195,https://stooq.com/q/d/l/?s=2502.jp&i=d,2026-03-26T08:35:00+00:00
2502,2502.T,2502.jp,2008-02-20,491.49,498.67,482.53,483.04,12289344,https://stooq.com/q/d/l/?s=2502.jp&i=d,2026-03-26T08:35:00+00:00
2502,2502.T,2502.jp,2008-02-21,485.86,496.61,482.28,492.52,9770455,https://stooq.com/q/d/l/?s=2502.jp&i=d,2026-03-26T08:35:00+00:00
2502,2502.T,2502.jp,2008-02-22,487.90,489.96,479.46,483.04,9902495,https://stooq.com/q/d/l/?s=2502.jp&i=d,2026-03-26T08:35:00+00:00
2502,2502.T,2502.jp,2008-02-25,482.53,495.85,482.53,493.02,10838089,https://stooq.com/q/d/l/?s=2502.jp&i=d,2026-03-26T08:35:00+00:00
2502,2502.T,2502.jp,2008-02-26,496.87,497.12,482.02,482.53,7735188,https://stooq.com/q/d/l/?s=2502.jp&i=d,2026-03-26T08:35:00+00:00
2502,2502.T,2502.jp,2008-02-27,493.28,499.43,490.73,495.07,6786310,https://stooq.com/q/d/l/?s=2502.jp&i=d,2026-03-26T08:35:00+00:00
2502,2502.T,2502.jp,2008-02-28,487.40,489.71,483.04,486.63,6417144,https://stooq.com/q/d/l/?s=2502.jp&i=d,2026-03-26T08:35:00+00:00
2502,2502.T,2502.jp,2008-02-29,482.79,502.25,482.53,500.19,14125384,https://stooq.com/q/d/l/?s=2502.jp&i=d,2026-03-26T08:35:00+00:00
2502,2502.T,2502.jp,2008-03-03,495.85,496.36,482.02,485.86,13267132,https://stooq.com/q/d/l/?s=2502.jp&i=d,2026-03-26T08:35:00+00:00
2502,2502.T,2502.jp,2008-03-04,478.18,479.98,472.81,475.88,10435729,https://stooq.com/q/d/l/?s=2502.jp&i=d,2026-03-26T08:35:00+00:00
2502,2502.T,2502.jp,2008-03-05,468.96,480.24,468.20,477.17,12629987,https://stooq.com/q/d/l/?s=2502.jp&i=d,2026-03-26T08:35:00+00:00
2502,2502.T,2502.jp,2008-03-06,469.73,492.52,468.46,489.44,12607326,https://stooq.com/q/d/l/?s=2502.jp&i=d,2026-03-26T08:35:00+00:00
2502,2502.T,2502.jp,2008-03-07,481.76,496.61,481.76,492.52,10204854,https://stooq.com/q/d/l/?s=2502.jp&i=d,2026-03-26T08:35:00+00:00
2502,2502.T,2502.jp,2008-03-10,489.96,505.83,489.96,503.01,13119463,https://stooq.com/q/d/l/?s=2502.jp&i=d,2026-03-26T08:35:00+00:00
2502,2502.T,2502.jp,2008-03-11,501.48,505.58,487.40,497.64,11238897,https://stooq.com/q/d/l/?s=2502.jp&i=d,2026-03-26T08:35:00+00:00
2502,2502.T,2502.jp,2008-03-12,505.31,505.31,494.05,498.41,7844176,https://stooq.com/q/d/l/?s=2502.jp&i=d,2026-03-26T08:35:00+00:00
2502,2502.T,2502.jp,2008-03-13,483.04,488.94,477.92,479.46,15378570,https://stooq.com/q/d/l/?s=2502.jp&i=d,2026-03-26T08:35:00+00:00
2502,2502.T,2502.jp,2008-03-14,480.48,491.24,476.13,482.28,23758727,https://stooq.com/q/d/l/?s=2502.jp&i=d,2026-03-26T08:35:00+00:00
2502,2502.T,2502.jp,2008-03-17,478.69,490.21,471.01,473.57,8998923,https://stooq.com/q/d/l/?s=2502.jp&i=d,2026-03-26T08:35:00+00:00
2502,2502.T,2502.jp,2008-03-18,487.90,495.85,482.02,495.85,19663183,https://stooq.com/q/d/l/?s=2502.jp&i=d,2026-03-26T08:35:00+00:00
2502,2502.T,2502.jp,2008-03-19,503.01,503.78,491.49,495.85,7669953,https://stooq.com/q/d/l/?s=2502.jp&i=d,2026-03-26T08:35:00+00:00
2502,2502.T,2502.jp,2008-03-21,501.74,506.59,497.89,500.70,8246932,https://stooq.com/q/d/l/?s=2502.jp&i=d,2026-03-26T08:35:00+00:00
2502,2502.T,2502.jp,2008-03-24,507.36,511.46,505.06,505.06,7809021,https://stooq.com/q/d/l/?s=2502.jp&i=d,2026-03-26T08:35:00+00:00
2502,2502.T,2502.jp,2008-03-25,508.38,508.38,495.85,499.17,9415747,https://stooq.com/q/d/l/?s=2502.jp&i=d,2026-03-26T08:35:00+00:00
2502,2502.T,2502.jp,2008-03-26,502.00,506.08,499.17,505.06,7937934,https://stooq.com/q/d/l/?s=2502.jp&i=d,2026-03-26T08:35:00+00:00
2502,2502.T,2502.jp,2008-03-27,500.45,515.81,498.91,514.53,12396383,https://stooq.com/q/d/l/?s=2502.jp&i=d,2026-03-26T08:35:00+00:00
2502,2502.T,2502.jp,2008-03-28,511.97,518.38,506.35,513.25,8768054,https://stooq.com/q/d/l/?s=2502.jp&i=d,2026-03-26T08:35:00+00:00
2502,2502.T,2502.jp,2008-03-31,519.65,526.05,515.81,526.05,11639305,https://stooq.com/q/d/l/?s=2502.jp&i=d,2026-03-26T08:35:00+00:00
2502,2502.T,2502.jp,2008-04-01,523.48,531.17,519.65,528.61,8978613,https://stooq.com/q/d/l/?s=2502.jp&i=d,2026-03-26T08:35:00+00:00
2502,2502.T,2502.jp,2008-04-02,538.84,546.53,536.29,543.96,12570219,https://stooq.com/q/d/l/?s=2502.jp&i=d,2026-03-26T08:35:00+00:00
2502,2502.T,2502.jp,2008-04-03,545.25,545.25,532.45,535.01,8705944,https://stooq.com/q/d/l/?s=2502.jp&i=d,2026-03-26T08:35:00+00:00
2502,2502.T,2502.jp,2008-04-04,535.01,545.25,529.89,545.25,6527305,https://stooq.com/q/d/l/?s=2502.jp&i=d,2026-03-26T08:35:00+00:00
2502,2502.T,2502.jp,2008-04-07,547.81,556.76,543.96,554.21,7241412,https://stooq.com/q/d/l/?s=2502.jp&i=d,2026-03-26T08:35:00+00:00
2502,2502.T,2502.jp,2008-04-08,545.25,556.76,545.25,545.25,7559390,https://stooq.com/q/d/l/?s=2502.jp&i=d,2026-03-26T08:35:00+00:00
2502,2502.T,2502.jp,2008-04-09,549.09,550.37,536.29,537.57,6754672,https://stooq.com/q/d/l/?s=2502.jp&i=d,2026-03-26T08:35:00+00:00
2502,2502.T,2502.jp,2008-04-10,538.84,545.25,535.01,536.29,6135874,https://stooq.com/q/d/l/?s=2502.jp&i=d,2026-03-26T08:35:00+00:00
2502,2502.T,2502.jp,2008-04-11,542.69,545.25,533.74,537.57,11851429,https://stooq.com/q/d/l/?s=2502.jp&i=d,2026-03-26T08:35:00+00:00
2502,2502.T,2502.jp,2008-04-14,532.45,533.74,522.21,524.77,6299165,https://stooq.com/q/d/l/?s=2502.jp&i=d,2026-03-26T08:35:00+00:00
2502,2502.T,2502.jp,2008-04-15,527.33,528.61,522.21,526.05,3993969,https://stooq.com/q/d/l/?s=2502.jp&i=d,2026-03-26T08:35:00+00:00
2502,2502.T,2502.jp,2008-04-16,528.61,529.89,519.65,523.48,5077618,https://stooq.com/q/d/l/?s=2502.jp&i=d,2026-03-26T08:35:00+00:00
2502,2502.T,2502.jp,2008-04-17,529.89,531.17,511.72,514.53,6917182,https://stooq.com/q/d/l/?s=2502.jp&i=d,2026-03-26T08:35:00+00:00
2502,2502.T,2502.jp,2008-04-18,524.77,529.89,518.38,522.21,7557052,https://stooq.com/q/d/l/?s=2502.jp&i=d,2026-03-26T08:35:00+00:00
2502,2502.T,2502.jp,2008-04-21,523.48,524.77,508.90,510.69,7795347,https://stooq.com/q/d/l/?s=2502.jp&i=d,2026-03-26T08:35:00+00:00
2502,2502.T,2502.jp,2008-04-22,504.56,511.72,504.56,511.72,11299840,https://stooq.com/q/d/l/?s=2502.jp&i=d,2026-03-26T08:35:00+00:00
2502,2502.T,2502.jp,2008-04-23,513.25,514.53,507.62,508.65,6772249,https://stooq.com/q/d/l/?s=2502.jp&i=d,2026-03-26T08:35:00+00:00
2502,2502.T,2502.jp,2008-04-24,514.53,518.38,511.97,515.81,6524964,https://stooq.com/q/d/l/?s=2502.jp&i=d,2026-03-26T08:35:00+00:00
2502,2502.T,2502.jp,2008-04-25,515.81,532.45,513.25,528.61,9545448,https://stooq.com/q/d/l/?s=2502.jp&i=d,2026-03-26T08:35:00+00:00
2502,2502.T,2502.jp,2008-04-28,527.33,527.33,511.72,515.81,5853051,https://stooq.com/q/d/l/?s=2502.jp&i=d,2026-03-26T08:35:00+00:00
2502,2502.T,2502.jp,2008-04-30,518.38,527.33,517.09,522.21,6090955,https://stooq.com/q/d/l/?s=2502.jp&i=d,2026-03-26T08:35:00+00:00
2502,2502.T,2502.jp,2008-05-01,517.09,518.38,511.97,513.25,5920245,https://stooq.com/q/d/l/?s=2502.jp&i=d,2026-03-26T08:35:00+00:00
2502,2502.T,2502.jp,2008-05-02,515.81,517.09,509.66,511.72,6236669,https://stooq.com/q/d/l/?s=2502.jp&i=d,2026-03-26T08:35:00+00:00
2502,2502.T,2502.jp,2008-05-07,514.53,515.81,501.23,505.58,12840156,https://stooq.com/q/d/l/?s=2502.jp&i=d,2026-03-26T08:35:00+00:00
2502,2502.T,2502.jp,2008-05-08,506.08,508.90,497.38,498.16,10628310,https://stooq.com/q/d/l/?s=2502.jp&i=d,2026-03-26T08:35:00+00:00
2502,2502.T,2502.jp,2008-05-09,498.16,505.31,494.82,496.36,14166404,https://stooq.com/q/d/l/?s=2502.jp&i=d,2026-03-26T08:35:00+00:00
2502,2502.T,2502.jp,2008-05-12,495.07,498.67,489.44,494.82,10052889,https://stooq.com/q/d/l/?s=2502.jp&i=d,2026-03-26T08:35:00+00:00
2502,2502.T,2502.jp,2008-05-13,495.07,497.89,488.16,494.82,10045863,https://stooq.com/q/d/l/?s=2502.jp&i=d,2026-03-26T08:35:00+00:00
2502,2502.T,2502.jp,2008-05-14,490.21,490.21,478.44,483.04,35767586,https://stooq.com/q/d/l/?s=2502.jp&i=d,2026-03-26T08:35:00+00:00
2502,2502.T,2502.jp,2008-05-15,488.94,488.94,474.08,479.98,22135194,https://stooq.com/q/d/l/?s=2502.jp&i=d,2026-03-26T08:35:00+00:00
2502,2502.T,2502.jp,2008-05-16,484.33,484.33,477.92,480.48,15719611,https://stooq.com/q/d/l/?s=2502.jp&i=d,2026-03-26T08:35:00+00:00
2502,2502.T,2502.jp,2008-05-19,485.86,486.38,477.67,479.72,11067020,https://stooq.com/q/d/l/?s=2502.jp&i=d,2026-03-26T08:35:00+00:00
2502,2502.T,2502.jp,2008-05-20,483.04,483.30,472.56,473.57,13070244,https://stooq.com/q/d/l/?s=2502.jp&i=d,2026-03-26T08:35:00+00:00
2502,2502.T,2502.jp,2008-05-21,471.78,481.51,471.53,479.21,15885244,https://stooq.com/q/d/l/?s=2502.jp&i=d,2026-03-26T08:35:00+00:00
2502,2502.T,2502.jp,2008-05-22,479.21,481.25,470.50,479.21,11731893,https://stooq.com/q/d/l/?s=2502.jp&i=d,2026-03-26T08:35:00+00:00
2502,2502.T,2502.jp,2008-05-23,476.39,484.84,476.13,481.51,8352407,https://stooq.com/q/d/l/?s=2502.jp&i=d,2026-03-26T08:35:00+00:00
2502,2502.T,2502.jp,2008-05-26,483.81,485.10,474.34,475.12,8359830,https://stooq.com/q/d/l/?s=2502.jp&i=d,2026-03-26T08:35:00+00:00
2502,2502.T,2502.jp,2008-05-27,473.07,479.72,472.56,478.44,8862597,https://stooq.com/q/d/l/?s=2502.jp&i=d,2026-03-26T08:35:00+00:00
2502,2502.T,2502.jp,2008-05-28,478.69,487.90,475.62,477.42,19569041,https://stooq.com/q/d/l/?s=2502.jp&i=d,2026-03-26T08:35:00+00:00
2502,2502.T,2502.jp,2008-05-29,480.24,483.56,476.13,482.79,10008356,https://stooq.com/q/d/l/?s=2502.jp&i=d,2026-03-26T08:35:00+00:00
2502,2502.T,2502.jp,2008-05-30,479.98,482.28,472.04,472.56,19190496,https://stooq.com/q/d/l/?s=2502.jp&i=d,2026-03-26T08:35:00+00:00
2502,2502.T,2502.jp,2008-06-02,476.90,476.90,471.01,472.81,12575691,https://stooq.com/q/d/l/?s=2502.jp&i=d,2026-03-26T08:35:00+00:00
2502,2502.T,2502.jp,2008-06-03,467.17,468.71,461.80,463.85,14279294,https://stooq.com/q/d/l/?s=2502.jp&i=d,2026-03-26T08:35:00+00:00
2502,2502.T,2502.jp,2008-06-04,470.25,475.36,467.17,475.36,15533264,https://stooq.com/q/d/l/?s=2502.jp&i=d,2026-03-26T08:35:00+00:00
2502,2502.T,2502.jp,2008-06-05,475.12,479.21,474.85,474.85,16399336,https://stooq.com/q/d/l/?s=2502.jp&i=d,2026-03-26T08:35:00+00:00
2502,2502.T,2502.jp,2008-06-06,474.85,478.69,471.53,472.56,13265174,https://stooq.com/q/d/l/?s=2502.jp&i=d,2026-03-26T08:35:00+00:00
2502,2502.T,2502.jp,2008-06-09,468.46,473.57,466.16,471.78,15261770,https://stooq.com/q/d/l/?s=2502.jp&i=d,2026-03-26T08:35:00+00:00
2502,2502.T,2502.jp,2008-06-10,477.42,477.42,468.20,469.99,15815708,https://stooq.com/q/d/l/?s=2502.jp&i=d,2026-03-26T08:35:00+00:00
2502,2502.T,2502.jp,2008-06-11,473.57,474.34,467.44,471.27,12844847,https://stooq.com/q/d/l/?s=2502.jp&i=d,2026-03-26T08:35:00+00:00
2502,2502.T,2502.jp,2008-06-12,476.90,480.24,473.83,479.72,21076551,https://stooq.com/q/d/l/?s=2502.jp&i=d,2026-03-26T08:35:00+00:00
2502,2502.T,2502.jp,2008-06-13,487.40,488.16,478.94,487.90,38343107,https://stooq.com/q/d/l/?s=2502.jp&i=d,2026-03-26T08:35:00+00:00
2502,2502.T,2502.jp,2008-06-16,495.33,501.74,494.05,495.85,17778707,https://stooq.com/q/d/l/?s=2502.jp&i=d,2026-03-26T08:35:00+00:00
2502,2502.T,2502.jp,2008-06-17,501.48,506.85,498.91,505.58,17263447,https://stooq.com/q/d/l/?s=2502.jp&i=d,2026-03-26T08:35:00+00:00
2502,2502.T,2502.jp,2008-06-18,505.58,508.90,502.25,506.35,11225227,https://stooq.com/q/d/l/?s=2502.jp&i=d,2026-03-26T08:35:00+00:00
2502,2502.T,2502.jp,2008-06-19,506.35,511.21,504.31,508.13,11101397,https://stooq.com/q/d/l/?s=2502.jp&i=d,2026-03-26T08:35:00+00:00
2502,2502.T,2502.jp,2008-06-20,511.72,513.25,503.01,504.56,19894055,https://stooq.com/q/d/l/?s=2502.jp&i=d,2026-03-26T08:35:00+00:00
2502,2502.T,2502.jp,2008-06-23,494.57,508.38,494.57,505.31,8816887,https://stooq.com/q/d/l/?s=2502.jp&i=d,2026-03-26T08:35:00+00:00
2502,2502.T,2502.jp,2008-06-24,505.31,509.41,503.53,508.38,5729225,https://stooq.com/q/d/l/?s=2502.jp&i=d,2026-03-26T08:35:00+00:00
2502,2502.T,2502.jp,2008-06-25,503.27,509.15,500.97,507.87,7167583,https://stooq.com/q/d/l/?s=2502.jp&i=d,2026-03-26T08:35:00+00:00
2502,2502.T,2502.jp,2008-06-26,511.97,514.53,508.90,513.25,7853163,https://stooq.com/q/d/l/?s=2502.jp&i=d,2026-03-26T08:35:00+00:00
2502,2502.T,2502.jp,2008-06-27,497.38,508.90,496.87,505.06,12438567,https://stooq.com/q/d/l/?s=2502.jp&i=d,2026-03-26T08:35:00+00:00
2502,2502.T,2502.jp,2008-06-30,505.83,510.69,504.80,507.36,8347330,https://stooq.com/q/d/l/?s=2502.jp&i=d,2026-03-26T08:35:00+00:00
2502,2502.T,2502.jp,2008-07-01,510.69,511.46,505.06,508.38,11741658,https://stooq.com/q/d/l/?s=2502.jp&i=d,2026-03-26T08:35:00+00:00
2502,2502.T,2502.jp,2008-07-02,507.10,507.10,496.10,497.64,10808796,https://stooq.com/q/d/l/?s=2502.jp&i=d,2026-03-26T08:35:00+00:00
2502,2502.T,2502.jp,2008-07-03,489.96,495.59,484.59,490.98,13316358,https://stooq.com/q/d/l/?s=2502.jp&i=d,2026-03-26T08:35:00+00:00
2502,2502.T,2502.jp,2008-07-04,483.30,483.30,467.94,469.73,25363101,https://stooq.com/q/d/l/?s=2502.jp&i=d,2026-03-26T08:35:00+00:00
2502,2502.T,2502.jp,2008-07-07,469.73,473.83,467.17,473.32,13053834,https://stooq.com/q/d/l/?s=2502.jp&i=d,2026-03-26T08:35:00+00:00
2502,2502.T,2502.jp,2008-07-08,473.32,473.57,459.50,460.27,18568204,https://stooq.com/q/d/l/?s=2502.jp&i=d,2026-03-26T08:35:00+00:00
2502,2502.T,2502.jp,2008-07-09,474.34,474.59,462.06,463.33,10749815,https://stooq.com/q/d/l/?s=2502.jp&i=d,2026-03-26T08:35:00+00:00
2502,2502.T,2502.jp,2008-07-10,463.33,464.88,459.50,461.55,11127561,https://stooq.com/q/d/l/?s=2502.jp&i=d,2026-03-26T08:35:00+00:00
2502,2502.T,2502.jp,2008-07-11,468.71,468.71,457.71,462.57,15380532,https://stooq.com/q/d/l/?s=2502.jp&i=d,2026-03-26T08:35:00+00:00
2502,2502.T,2502.jp,2008-07-14,463.08,473.83,463.08,472.56,20290563,https://stooq.com/q/d/l/?s=2502.jp&i=d,2026-03-26T08:35:00+00:00
2502,2502.T,2502.jp,2008-07-15,463.08,467.17,459.74,460.52,10807618,https://stooq.com/q/d/l/?s=2502.jp&i=d,2026-03-26T08:35:00+00:00
2502,2502.T,2502.jp,2008-07-16,463.33,468.71,461.55,468.20,10396268,https://stooq.com/q/d/l/?s=2502.jp&i=d,2026-03-26T08:35:00+00:00
2502,2502.T,2502.jp,2008-07-17,475.88,478.18,471.53,475.88,12862037,https://stooq.com/q/d/l/?s=2502.jp&i=d,2026-03-26T08:35:00+00:00
2502,2502.T,2502.jp,2008-07-18,481.51,485.86,476.90,478.18,14522280,https://stooq.com/q/d/l/?s=2502.jp&i=d,2026-03-26T08:35:00+00:00
2502,2502.T,2502.jp,2008-07-22,486.38,487.90,478.18,484.59,9514573,https://stooq.com/q/d/l/?s=2502.jp&i=d,2026-03-26T08:35:00+00:00
2502,2502.T,2502.jp,2008-07-23,497.89,509.92,497.64,500.70,22993446,https://stooq.com/q/d/l/?s=2502.jp&i=d,2026-03-26T08:35:00+00:00
2502,2502.T,2502.jp,2008-07-24,504.04,517.09,501.48,517.09,16941558,https://stooq.com/q/d/l/?s=2502.jp&i=d,2026-03-26T08:35:00+00:00
2502,2502.T,2502.jp,2008-07-25,511.97,520.93,507.36,507.87,12236999,https://stooq.com/q/d/l/?s=2502.jp&i=d,2026-03-26T08:35:00+00:00
2502,2502.T,2502.jp,2008-07-28,513.25,517.09,511.97,511.97,4736978,https://stooq.com/q/d/l/?s=2502.jp&i=d,2026-03-26T08:35:00+00:00
2502,2502.T,2502.jp,2008-07-29,504.80,510.96,503.53,509.92,10068908,https://stooq.com/q/d/l/?s=2502.jp&i=d,2026-03-26T08:35:00+00:00
2502,2502.T,2502.jp,2008-07-30,506.59,515.81,504.80,514.53,16550124,https://stooq.com/q/d/l/?s=2502.jp&i=d,2026-03-26T08:35:00+00:00
2502,2502.T,2502.jp,2008-07-31,514.53,524.77,511.46,520.93,12623743,https://stooq.com/q/d/l/?s=2502.jp&i=d,2026-03-26T08:35:00+00:00
2502,2502.T,2502.jp,2008-08-01,522.21,523.48,514.53,519.65,8171539,https://stooq.com/q/d/l/?s=2502.jp&i=d,2026-03-26T08:35:00+00:00
2502,2502.T,2502.jp,2008-08-04,520.93,520.93,509.15,511.72,10858796,https://stooq.com/q/d/l/?s=2502.jp&i=d,2026-03-26T08:35:00+00:00
2502,2502.T,2502.jp,2008-08-05,518.38,522.21,511.97,513.25,7751591,https://stooq.com/q/d/l/?s=2502.jp&i=d,2026-03-26T08:35:00+00:00
2502,2502.T,2502.jp,2008-08-06,518.38,518.38,505.06,508.38,12002224,https://stooq.com/q/d/l/?s=2502.jp&i=d,2026-03-26T08:35:00+00:00
2502,2502.T,2502.jp,2008-08-07,498.41,502.00,493.80,499.17,20698010,https://stooq.com/q/d/l/?s=2502.jp&i=d,2026-03-26T08:35:00+00:00
2502,2502.T,2502.jp,2008-08-08,497.12,500.45,491.75,495.07,18405697,https://stooq.com/q/d/l/?s=2502.jp&i=d,2026-03-26T08:35:00+00:00
2502,2502.T,2502.jp,2008-08-11,490.21,497.64,489.44,491.24,9003223,https://stooq.com/q/d/l/?s=2502.jp&i=d,2026-03-26T08:35:00+00:00
2502,2502.T,2502.jp,2008-08-12,490.47,490.47,482.79,486.88,11718215,https://stooq.com/q/d/l/?s=2502.jp&i=d,2026-03-26T08:35:00+00:00
2502,2502.T,2502.jp,2008-08-13,482.02,482.53,473.32,481.51,13175719,https://stooq.com/q/d/l/?s=2502.jp&i=d,2026-03-26T08:35:00+00:00
2502,2502.T,2502.jp,2008-08-14,478.94,487.40,474.34,483.04,12460448,https://stooq.com/q/d/l/?s=2502.jp&i=d,2026-03-26T08:35:00+00:00
2502,2502.T,2502.jp,2008-08-15,483.30,487.40,480.24,483.04,4677204,https://stooq.com/q/d/l/?s=2502.jp&i=d,2026-03-26T08:35:00+00:00
2502,2502.T,2502.jp,2008-08-18,483.81,492.77,483.81,488.42,8227794,https://stooq.com/q/d/l/?s=2502.jp&i=d,2026-03-26T08:35:00+00:00
2502,2502.T,2502.jp,2008-08-19,481.00,485.34,477.42,485.34,9061827,https://stooq.com/q/d/l/?s=2502.jp&i=d,2026-03-26T08:35:00+00:00
2502,2502.T,2502.jp,2008-08-20,477.67,494.57,477.42,493.28,11329924,https://stooq.com/q/d/l/?s=2502.jp&i=d,2026-03-26T08:35:00+00:00
2502,2502.T,2502.jp,2008-08-21,500.97,505.58,495.07,504.56,15716485,https://stooq.com/q/d/l/?s=2502.jp&i=d,2026-03-26T08:35:00+00:00
2502,2502.T,2502.jp,2008-08-22,507.36,518.38,501.23,504.56,9705610,https://stooq.com/q/d/l/?s=2502.jp&i=d,2026-03-26T08:35:00+00:00
2502,2502.T,2502.jp,2008-08-25,502.50,509.41,502.50,503.78,6627703,https://stooq.com/q/d/l/?s=2502.jp&i=d,2026-03-26T08:35:00+00:00
2502,2502.T,2502.jp,2008-08-26,500.45,504.04,497.64,499.69,3674809,https://stooq.com/q/d/l/?s=2502.jp&i=d,2026-03-26T08:35:00+00:00
2502,2502.T,2502.jp,2008-08-27,496.61,503.78,496.36,503.27,5376075,https://stooq.com/q/d/l/?s=2502.jp&i=d,2026-03-26T08:35:00+00:00
2502,2502.T,2502.jp,2008-08-28,504.80,514.53,502.50,514.53,9506387,https://stooq.com/q/d/l/?s=2502.jp&i=d,2026-03-26T08:35:00+00:00
2502,2502.T,2502.jp,2008-08-29,513.25,519.65,513.25,518.38,7359380,https://stooq.com/q/d/l/?s=2502.jp&i=d,2026-03-26T08:35:00+00:00
2502,2502.T,2502.jp,2008-09-01,511.97,515.81,508.65,510.96,7048434,https://stooq.com/q/d/l/?s=2502.jp&i=d,2026-03-26T08:35:00+00:00
2502,2502.T,2502.jp,2008-09-02,508.13,513.25,500.45,502.25,10886531,https://stooq.com/q/d/l/?s=2502.jp&i=d,2026-03-26T08:35:00+00:00
2502,2502.T,2502.jp,2008-09-03,509.41,517.09,507.62,514.53,8869239,https://stooq.com/q/d/l/?s=2502.jp&i=d,2026-03-26T08:35:00+00:00
2502,2502.T,2502.jp,2008-09-04,522.21,528.61,518.38,523.48,11848307,https://stooq.com/q/d/l/?s=2502.jp&i=d,2026-03-26T08:35:00+00:00
2502,2502.T,2502.jp,2008-09-05,513.25,518.38,505.06,505.06,14576576,https://stooq.com/q/d/l/?s=2502.jp&i=d,2026-03-26T08:35:00+00:00
2502,2502.T,2502.jp,2008-09-08,509.41,513.25,502.25,505.31,7265628,https://stooq.com/q/d/l/?s=2502.jp&i=d,2026-03-26T08:35:00+00:00
2502,2502.T,2502.jp,2008-09-09,500.45,508.13,498.16,505.06,8114119,https://stooq.com/q/d/l/?s=2502.jp&i=d,2026-03-26T08:35:00+00:00
2502,2502.T,2502.jp,2008-09-10,505.31,513.25,500.45,510.69,10729492,https://stooq.com/q/d/l/?s=2502.jp&i=d,2026-03-26T08:35:00+00:00
2502,2502.T,2502.jp,2008-09-11,501.74,505.31,496.87,498.67,9050104,https://stooq.com/q/d/l/?s=2502.jp&i=d,2026-03-26T08:35:00+00:00
2502,2502.T,2502.jp,2008-09-12,505.06,508.65,490.98,495.85,18772905,https://stooq.com/q/d/l/?s=2502.jp&i=d,2026-03-26T08:35:00+00:00
2502,2502.T,2502.jp,2008-09-16,483.81,495.85,482.53,491.49,12690142,https://stooq.com/q/d/l/?s=2502.jp&i=d,2026-03-26T08:35:00+00:00
2502,2502.T,2502.jp,2008-09-17,499.17,500.70,487.90,498.91,9103233,https://stooq.com/q/d/l/?s=2502.jp&i=d,2026-03-26T08:35:00+00:00
2502,2502.T,2502.jp,2008-09-18,491.24,504.31,487.65,498.67,11437744,https://stooq.com/q/d/l/?s=2502.jp&i=d,2026-03-26T08:35:00+00:00
2502,2502.T,2502.jp,2008-09-19,490.98,495.85,481.76,484.84,13347600,https://stooq.com/q/d/l/?s=2502.jp&i=d,2026-03-26T08:35:00+00:00
2502,2502.T,2502.jp,2008-09-22,478.69,479.72,451.81,454.62,20687068,https://stooq.com/q/d/l/?s=2502.jp&i=d,2026-03-26T08:35:00+00:00
2502,2502.T,2502.jp,2008-09-24,468.20,471.78,457.71,471.01,12656165,https://stooq.com/q/d/l/?s=2502.jp&i=d,2026-03-26T08:35:00+00:00
2502,2502.T,2502.jp,2008-09-25,471.27,477.42,466.40,475.36,10341194,https://stooq.com/q/d/l/?s=2502.jp&i=d,2026-03-26T08:35:00+00:00
2502,2502.T,2502.jp,2008-09-26,478.94,488.42,475.36,487.15,11060765,https://stooq.com/q/d/l/?s=2502.jp&i=d,2026-03-26T08:35:00+00:00
2502,2502.T,2502.jp,2008-09-29,480.48,486.88,474.34,478.94,13053451,https://stooq.com/q/d/l/?s=2502.jp&i=d,2026-03-26T08:35:00+00:00
2502,2502.T,2502.jp,2008-09-30,478.18,478.18,463.85,471.01,12615149,https://stooq.com/q/d/l/?s=2502.jp&i=d,2026-03-26T08:35:00+00:00
2502,2502.T,2502.jp,2008-10-01,471.01,474.85,464.61,468.71,10773630,https://stooq.com/q/d/l/?s=2502.jp&i=d,2026-03-26T08:35:00+00:00
2502,2502.T,2502.jp,2008-10-02,462.06,475.12,462.06,471.01,10931457,https://stooq.com/q/d/l/?s=2502.jp&i=d,2026-03-26T08:35:00+00:00
2502,2502.T,2502.jp,2008-10-03,463.33,484.07,462.31,480.24,13919119,https://stooq.com/q/d/l/?s=2502.jp&i=d,2026-03-26T08:35:00+00:00
2502,2502.T,2502.jp,2008-10-06,478.69,486.63,471.01,479.21,12853039,https://stooq.com/q/d/l/?s=2502.jp&i=d,2026-03-26T08:35:00+00:00
2502,2502.T,2502.jp,2008-10-07,469.49,470.76,460.52,461.03,16882170,https://stooq.com/q/d/l/?s=2502.jp&i=d,2026-03-26T08:35:00+00:00
2502,2502.T,2502.jp,2008-10-08,453.35,459.23,443.62,443.62,20950753,https://stooq.com/q/d/l/?s=2502.jp&i=d,2026-03-26T08:35:00+00:00
2502,2502.T,2502.jp,2008-10-09,435.95,435.95,423.14,423.92,15439903,https://stooq.com/q/d/l/?s=2502.jp&i=d,2026-03-26T08:35:00+00:00
2502,2502.T,2502.jp,2008-10-10,367.59,423.67,367.34,399.60,21820341,https://stooq.com/q/d/l/?s=2502.jp&i=d,2026-03-26T08:35:00+00:00
2502,2502.T,2502.jp,2008-10-14,422.63,432.36,408.80,415.47,22777419,https://stooq.com/q/d/l/?s=2502.jp&i=d,2026-03-26T08:35:00+00:00
2502,2502.T,2502.jp,2008-10-15,409.06,445.16,409.06,442.09,20127659,https://stooq.com/q/d/l/?s=2502.jp&i=d,2026-03-26T08:35:00+00:00
2502,2502.T,2502.jp,2008-10-16,407.02,426.73,403.69,407.02,12971411,https://stooq.com/q/d/l/?s=2502.jp&i=d,2026-03-26T08:35:00+00:00
2502,2502.T,2502.jp,2008-10-17,419.31,430.57,417.77,429.54,12056907,https://stooq.com/q/d/l/?s=2502.jp&i=d,2026-03-26T08:35:00+00:00
2502,2502.T,2502.jp,2008-10-20,443.62,443.88,417.26,427.24,7956296,https://stooq.com/q/d/l/?s=2502.jp&i=d,2026-03-26T08:35:00+00:00
2502,2502.T,2502.jp,2008-10-21,436.46,439.02,424.43,434.15,13415581,https://stooq.com/q/d/l/?s=2502.jp&i=d,2026-03-26T08:35:00+00:00
2502,2502.T,2502.jp,2008-10-22,432.61,437.23,415.21,415.21,11383820,https://stooq.com/q/d/l/?s=2502.jp&i=d,2026-03-26T08:35:00+00:00
2502,2502.T,2502.jp,2008-10-23,404.46,411.63,385.26,405.74,15604372,https://stooq.com/q/d/l/?s=2502.jp&i=d,2026-03-26T08:35:00+00:00
2502,2502.T,2502.jp,2008-10-24,411.63,411.63,378.34,378.34,11144742,https://stooq.com/q/d/l/?s=2502.jp&i=d,2026-03-26T08:35:00+00:00
2502,2502.T,2502.jp,2008-10-27,376.05,389.35,357.61,358.64,15360606,https://stooq.com/q/d/l/?s=2502.jp&i=d,2026-03-26T08:35:00+00:00
2502,2502.T,2502.jp,2008-10-28,353.51,386.29,350.19,379.12,11782677,https://stooq.com/q/d/l/?s=2502.jp&i=d,2026-03-26T08:35:00+00:00
2502,2502.T,2502.jp,2008-10-29,399.60,411.63,386.80,411.63,14148433,https://stooq.com/q/d/l/?s=2502.jp&i=d,2026-03-26T08:35:00+00:00
2502,2502.T,2502.jp,2008-10-30,418.80,431.33,413.67,430.31,9853662,https://stooq.com/q/d/l/?s=2502.jp&i=d,2026-03-26T08:35:00+00:00
2502,2502.T,2502.jp,2008-10-31,422.63,431.84,410.34,410.34,9667326,https://stooq.com/q/d/l/?s=2502.jp&i=d,2026-03-26T08:35:00+00:00
2502,2502.T,2502.jp,2008-11-04,441.06,443.11,428.52,442.34,8801654,https://stooq.com/q/d/l/?s=2502.jp&i=d,2026-03-26T08:35:00+00:00
2502,2502.T,2502.jp,2008-11-05,435.42,445.41,426.73,434.67,13833180,https://stooq.com/q/d/l/?s=2502.jp&i=d,2026-03-26T08:35:00+00:00
2502,2502.T,2502.jp,2008-11-06,419.82,434.67,419.82,422.88,10549404,https://stooq.com/q/d/l/?s=2502.jp&i=d,2026-03-26T08:35:00+00:00
2502,2502.T,2502.jp,2008-11-07,405.49,426.22,404.46,417.26,9518880,https://stooq.com/q/d/l/?s=2502.jp&i=d,2026-03-26T08:35:00+00:00
2502,2502.T,2502.jp,2008-11-10,432.61,436.20,424.43,429.80,6946475,https://stooq.com/q/d/l/?s=2502.jp&i=d,2026-03-26T08:35:00+00:00
2502,2502.T,2502.jp,2008-11-11,424.68,432.36,415.47,423.92,8316472,https://stooq.com/q/d/l/?s=2502.jp&i=d,2026-03-26T08:35:00+00:00
2502,2502.T,2502.jp,2008-11-12,416.23,422.12,411.37,419.82,6244482,https://stooq.com/q/d/l/?s=2502.jp&i=d,2026-03-26T08:35:00+00:00
2502,2502.T,2502.jp,2008-11-13,406.00,430.05,397.03,419.06,12168247,https://stooq.com/q/d/l/?s=2502.jp&i=d,2026-03-26T08:35:00+00:00
2502,2502.T,2502.jp,2008-11-14,442.09,442.09,423.67,433.38,10832621,https://stooq.com/q/d/l/?s=2502.jp&i=d,2026-03-26T08:35:00+00:00
2502,2502.T,2502.jp,2008-11-17,423.40,446.95,419.82,435.18,9541535,https://stooq.com/q/d/l/?s=2502.jp&i=d,2026-03-26T08:35:00+00:00
2502,2502.T,2502.jp,2008-11-18,428.78,433.64,421.61,423.14,11248268,https://stooq.com/q/d/l/?s=2502.jp&i=d,2026-03-26T08:35:00+00:00
2502,2502.T,2502.jp,2008-11-19,430.83,437.73,423.40,435.69,11743616,https://stooq.com/q/d/l/?s=2502.jp&i=d,2026-03-26T08:35:00+00:00
2502,2502.T,2502.jp,2008-11-20,437.73,444.38,426.47,426.47,10039214,https://stooq.com/q/d/l/?s=2502.jp&i=d,2026-03-26T08:35:00+00:00
2502,2502.T,2502.jp,2008-11-21,420.08,424.68,416.23,422.88,9935695,https://stooq.com/q/d/l/?s=2502.jp&i=d,2026-03-26T08:35:00+00:00
2502,2502.T,2502.jp,2008-11-25,438.76,444.38,427.49,441.57,14481657,https://stooq.com/q/d/l/?s=2502.jp&i=d,2026-03-26T08:35:00+00:00
2502,2502.T,2502.jp,2008-11-26,428.52,430.83,421.36,428.01,7503145,https://stooq.com/q/d/l/?s=2502.jp&i=d,2026-03-26T08:35:00+00:00
2502,2502.T,2502.jp,2008-11-27,431.33,434.67,428.52,433.64,4620962,https://stooq.com/q/d/l/?s=2502.jp&i=d,2026-03-26T08:35:00+00:00
2502,2502.T,2502.jp,2008-11-28,425.96,432.87,420.84,425.96,5692886,https://stooq.com/q/d/l/?s=2502.jp&i=d,2026-03-26T08:35:00+00:00
2502,2502.T,2502.jp,2008-12-01,413.15,421.36,410.60,420.33,5163564,https://stooq.com/q/d/l/?s=2502.jp&i=d,2026-03-26T08:35:00+00:00
2502,2502.T,2502.jp,2008-12-02,404.97,409.32,398.06,399.85,7532052,https://stooq.com/q/d/l/?s=2502.jp&i=d,2026-03-26T08:35:00+00:00
2502,2502.T,2502.jp,2008-12-03,407.52,413.42,397.55,411.89,7403139,https://stooq.com/q/d/l/?s=2502.jp&i=d,2026-03-26T08:35:00+00:00
2502,2502.T,2502.jp,2008-12-04,404.19,408.56,390.64,390.89,14629702,https://stooq.com/q/d/l/?s=2502.jp&i=d,2026-03-26T08:35:00+00:00
2502,2502.T,2502.jp,2008-12-05,387.05,393.20,385.52,386.29,11691647,https://stooq.com/q/d/l/?s=2502.jp&i=d,2026-03-26T08:35:00+00:00
2502,2502.T,2502.jp,2008-12-08,384.24,407.78,384.24,403.44,7492203,https://stooq.com/q/d/l/?s=2502.jp&i=d,2026-03-26T08:35:00+00:00
2502,2502.T,2502.jp,2008-12-09,411.12,420.84,410.09,414.18,7861760,https://stooq.com/q/d/l/?s=2502.jp&i=d,2026-03-26T08:35:00+00:00
2502,2502.T,2502.jp,2008-12-10,398.83,405.49,394.47,401.13,10745118,https://stooq.com/q/d/l/?s=2502.jp&i=d,2026-03-26T08:35:00+00:00
2502,2502.T,2502.jp,2008-12-11,398.57,407.27,397.03,407.27,8508276,https://stooq.com/q/d/l/?s=2502.jp&i=d,2026-03-26T08:35:00+00:00
2502,2502.T,2502.jp,2008-12-12,398.31,406.51,389.35,395.75,16022747,https://stooq.com/q/d/l/?s=2502.jp&i=d,2026-03-26T08:35:00+00:00
2502,2502.T,2502.jp,2008-12-15,394.22,406.25,393.20,401.64,6461286,https://stooq.com/q/d/l/?s=2502.jp&i=d,2026-03-26T08:35:00+00:00
2502,2502.T,2502.jp,2008-12-16,399.60,400.37,390.64,393.45,6939049,https://stooq.com/q/d/l/?s=2502.jp&i=d,2026-03-26T08:35:00+00:00
2502,2502.T,2502.jp,2008-12-17,397.29,401.13,383.47,389.61,13474569,https://stooq.com/q/d/l/?s=2502.jp&i=d,2026-03-26T08:35:00+00:00
2502,2502.T,2502.jp,2008-12-18,393.45,400.37,390.38,393.97,7236725,https://stooq.com/q/d/l/?s=2502.jp&i=d,2026-03-26T08:35:00+00:00
2502,2502.T,2502.jp,2008-12-19,386.29,401.38,386.29,393.97,7273448,https://stooq.com/q/d/l/?s=2502.jp&i=d,2026-03-26T08:35:00+00:00
2502,2502.T,2502.jp,2008-12-22,394.73,405.23,394.73,397.03,9268082,https://stooq.com/q/d/l/?s=2502.jp&i=d,2026-03-26T08:35:00+00:00
2502,2502.T,2502.jp,2008-12-24,400.62,400.87,391.15,394.47,5388578,https://stooq.com/q/d/l/?s=2502.jp&i=d,2026-03-26T08:35:00+00:00
2502,2502.T,2502.jp,2008-12-25,392.94,393.97,383.97,388.07,3534957,https://stooq.com/q/d/l/?s=2502.jp&i=d,2026-03-26T08:35:00+00:00
2502,2502.T,2502.jp,2008-12-26,391.40,396.26,390.89,396.26,3632626,https://stooq.com/q/d/l/?s=2502.jp&i=d,2026-03-26T08:35:00+00:00
2502,2502.T,2502.jp,2008-12-29,395.49,398.83,391.40,395.24,3001339,https://stooq.com/q/d/l/?s=2502.jp&i=d,2026-03-26T08:35:00+00:00
2502,2502.T,2502.jp,2008-12-30,387.82,393.97,387.82,393.97,3257211,https://stooq.com/q/d/l/?s=2502.jp&i=d,2026-03-26T08:35:00+00:00
2502,2502.T,2502.jp,2009-01-05,404.46,404.46,397.55,399.85,3259553,https://stooq.com/q/d/l/?s=2502.jp&i=d,2026-03-26T08:35:00+00:00
2502,2502.T,2502.jp,2009-01-06,404.46,404.46,398.57,399.60,8780171,https://stooq.com/q/d/l/?s=2502.jp&i=d,2026-03-26T08:35:00+00:00
2502,2502.T,2502.jp,2009-01-07,402.42,402.42,376.81,376.81,11879161,https://stooq.com/q/d/l/?s=2502.jp&i=d,2026-03-26T08:35:00+00:00
2502,2502.T,2502.jp,2009-01-08,377.06,384.24,376.81,377.32,6420263,https://stooq.com/q/d/l/?s=2502.jp&i=d,2026-03-26T08:35:00+00:00
2502,2502.T,2502.jp,2009-01-09,382.44,385.00,376.30,376.81,6141352,https://stooq.com/q/d/l/?s=2502.jp&i=d,2026-03-26T08:35:00+00:00
2502,2502.T,2502.jp,2009-01-13,371.18,372.21,361.71,362.22,6209327,https://stooq.com/q/d/l/?s=2502.jp&i=d,2026-03-26T08:35:00+00:00
2502,2502.T,2502.jp,2009-01-14,357.36,361.71,351.97,358.89,6871855,https://stooq.com/q/d/l/?s=2502.jp&i=d,2026-03-26T08:35:00+00:00
2502,2502.T,2502.jp,2009-01-15,345.59,353.26,344.05,346.35,10741992,https://stooq.com/q/d/l/?s=2502.jp&i=d,2026-03-26T08:35:00+00:00
2502,2502.T,2502.jp,2009-01-16,351.46,362.47,348.14,360.16,10265793,https://stooq.com/q/d/l/?s=2502.jp&i=d,2026-03-26T08:35:00+00:00
2502,2502.T,2502.jp,2009-01-19,364.27,364.27,348.39,348.65,6135494,https://stooq.com/q/d/l/?s=2502.jp&i=d,2026-03-26T08:35:00+00:00
2502,2502.T,2502.jp,2009-01-20,344.30,347.37,338.93,339.96,9544270,https://stooq.com/q/d/l/?s=2502.jp&i=d,2026-03-26T08:35:00+00:00
2502,2502.T,2502.jp,2009-01-21,337.39,343.78,333.81,339.44,8864545,https://stooq.com/q/d/l/?s=2502.jp&i=d,2026-03-26T08:35:00+00:00
2502,2502.T,2502.jp,2009-01-22,338.93,339.18,328.94,339.18,12387783,https://stooq.com/q/d/l/?s=2502.jp&i=d,2026-03-26T08:35:00+00:00
2502,2502.T,2502.jp,2009-01-23,342.77,342.77,333.81,335.60,5422569,https://stooq.com/q/d/l/?s=2502.jp&i=d,2026-03-26T08:35:00+00:00
2502,2502.T,2502.jp,2009-01-26,335.60,347.88,335.34,344.81,7707840,https://stooq.com/q/d/l/?s=2502.jp&i=d,2026-03-26T08:35:00+00:00
2502,2502.T,2502.jp,2009-01-27,370.41,372.21,363.76,368.10,18034199,https://stooq.com/q/d/l/?s=2502.jp&i=d,2026-03-26T08:35:00+00:00
2502,2502.T,2502.jp,2009-01-28,368.36,370.67,358.64,359.40,7947309,https://stooq.com/q/d/l/?s=2502.jp&i=d,2026-03-26T08:35:00+00:00
2502,2502.T,2502.jp,2009-01-29,367.08,368.10,358.37,365.80,8500856,https://stooq.com/q/d/l/?s=2502.jp&i=d,2026-03-26T08:35:00+00:00
2502,2502.T,2502.jp,2009-01-30,357.11,359.92,350.70,359.92,6651532,https://stooq.com/q/d/l/?s=2502.jp&i=d,2026-03-26T08:35:00+00:00
2502,2502.T,2502.jp,2009-02-02,360.16,367.08,354.54,366.06,8068022,https://stooq.com/q/d/l/?s=2502.jp&i=d,2026-03-26T08:35:00+00:00
2502,2502.T,2502.jp,2009-02-03,362.47,364.78,354.79,356.07,7058979,https://stooq.com/q/d/l/?s=2502.jp&i=d,2026-03-26T08:35:00+00:00
2502,2502.T,2502.jp,2009-02-04,350.95,351.97,341.48,342.00,10090396,https://stooq.com/q/d/l/?s=2502.jp&i=d,2026-03-26T08:35:00+00:00
2502,2502.T,2502.jp,2009-02-05,342.00,343.01,336.62,340.46,8407491,https://stooq.com/q/d/l/?s=2502.jp&i=d,2026-03-26T08:35:00+00:00
2502,2502.T,2502.jp,2009-02-06,345.59,353.77,345.59,350.95,9790378,https://stooq.com/q/d/l/?s=2502.jp&i=d,2026-03-26T08:35:00+00:00
2502,2502.T,2502.jp,2009-02-09,359.92,359.92,343.01,343.01,8716890,https://stooq.com/q/d/l/?s=2502.jp&i=d,2026-03-26T08:35:00+00:00
2502,2502.T,2502.jp,2009-02-10,338.16,343.01,330.22,331.76,10811531,https://stooq.com/q/d/l/?s=2502.jp&i=d,2026-03-26T08:35:00+00:00
2502,2502.T,2502.jp,2009-02-12,325.10,325.10,316.14,318.96,13437058,https://stooq.com/q/d/l/?s=2502.jp&i=d,2026-03-26T08:35:00+00:00
2502,2502.T,2502.jp,2009-02-13,324.08,325.37,317.93,320.24,11716267,https://stooq.com/q/d/l/?s=2502.jp&i=d,2026-03-26T08:35:00+00:00
2502,2502.T,2502.jp,2009-02-16,320.24,323.56,318.70,322.54,6253079,https://stooq.com/q/d/l/?s=2502.jp&i=d,2026-03-26T08:35:00+00:00
2502,2502.T,2502.jp,2009-02-17,319.47,321.77,316.40,316.40,5181926,https://stooq.com/q/d/l/?s=2502.jp&i=d,2026-03-26T08:35:00+00:00
2502,2502.T,2502.jp,2009-02-18,310.51,310.76,304.88,305.65,8026219,https://stooq.com/q/d/l/?s=2502.jp&i=d,2026-03-26T08:35:00+00:00
2502,2502.T,2502.jp,2009-02-19,307.18,308.46,298.99,300.27,9827104,https://stooq.com/q/d/l/?s=2502.jp&i=d,2026-03-26T08:35:00+00:00
2502,2502.T,2502.jp,2009-02-20,310.51,315.63,304.62,312.30,12226450,https://stooq.com/q/d/l/?s=2502.jp&i=d,2026-03-26T08:35:00+00:00
2502,2502.T,2502.jp,2009-02-23,312.56,319.73,309.49,317.17,8500083,https://stooq.com/q/d/l/?s=2502.jp&i=d,2026-03-26T08:35:00+00:00
2502,2502.T,2502.jp,2009-02-24,306.67,314.60,306.67,312.56,7130860,https://stooq.com/q/d/l/?s=2502.jp&i=d,2026-03-26T08:35:00+00:00
2502,2502.T,2502.jp,2009-02-25,313.08,315.63,305.90,311.79,7562133,https://stooq.com/q/d/l/?s=2502.jp&i=d,2026-03-26T08:35:00+00:00
2502,2502.T,2502.jp,2009-02-26,306.67,317.67,304.88,316.14,8468821,https://stooq.com/q/d/l/?s=2502.jp&i=d,2026-03-26T08:35:00+00:00
2502,2502.T,2502.jp,2009-02-27,312.05,319.22,308.98,315.89,8625477,https://stooq.com/q/d/l/?s=2502.jp&i=d,2026-03-26T08:35:00+00:00
2502,2502.T,2502.jp,2009-03-02,307.18,310.76,301.55,304.88,6506606,https://stooq.com/q/d/l/?s=2502.jp&i=d,2026-03-26T08:35:00+00:00
2502,2502.T,2502.jp,2009-03-03,296.94,304.11,291.57,299.51,6446838,https://stooq.com/q/d/l/?s=2502.jp&i=d,2026-03-26T08:35:00+00:00
2502,2502.T,2502.jp,2009-03-04,292.85,295.15,286.71,293.87,10758792,https://stooq.com/q/d/l/?s=2502.jp&i=d,2026-03-26T08:35:00+00:00
2502,2502.T,2502.jp,2009-03-05,290.54,297.71,288.24,295.67,9772407,https://stooq.com/q/d/l/?s=2502.jp&i=d,2026-03-26T08:35:00+00:00
2502,2502.T,2502.jp,2009-03-06,285.42,291.06,281.84,286.19,9068075,https://stooq.com/q/d/l/?s=2502.jp&i=d,2026-03-26T08:35:00+00:00
2502,2502.T,2502.jp,2009-03-09,291.31,296.94,287.99,293.61,7148051,https://stooq.com/q/d/l/?s=2502.jp&i=d,2026-03-26T08:35:00+00:00
2502,2502.T,2502.jp,2009-03-10,289.52,291.57,284.15,287.48,7198047,https://stooq.com/q/d/l/?s=2502.jp&i=d,2026-03-26T08:35:00+00:00
2502,2502.T,2502.jp,2009-03-11,296.94,303.86,294.38,299.51,10771675,https://stooq.com/q/d/l/?s=2502.jp&i=d,2026-03-26T08:35:00+00:00
2502,2502.T,2502.jp,2009-03-12,293.36,295.40,285.68,286.96,8665315,https://stooq.com/q/d/l/?s=2502.jp&i=d,2026-03-26T08:35:00+00:00
2502,2502.T,2502.jp,2009-03-13,297.19,300.27,294.38,298.99,19678418,https://stooq.com/q/d/l/?s=2502.jp&i=d,2026-03-26T08:35:00+00:00
2502,2502.T,2502.jp,2009-03-16,299.25,305.39,297.46,299.76,7284777,https://stooq.com/q/d/l/?s=2502.jp&i=d,2026-03-26T08:35:00+00:00
2502,2502.T,2502.jp,2009-03-17,306.67,310.51,300.79,307.45,5945635,https://stooq.com/q/d/l/?s=2502.jp&i=d,2026-03-26T08:35:00+00:00
2502,2502.T,2502.jp,2009-03-18,307.18,311.54,304.11,308.46,9628652,https://stooq.com/q/d/l/?s=2502.jp&i=d,2026-03-26T08:35:00+00:00
2502,2502.T,2502.jp,2009-03-19,313.32,314.09,308.46,310.51,5642108,https://stooq.com/q/d/l/?s=2502.jp&i=d,2026-03-26T08:35:00+00:00
2502,2502.T,2502.jp,2009-03-23,303.09,310.51,301.29,310.26,9147769,https://stooq.com/q/d/l/?s=2502.jp&i=d,2026-03-26T08:35:00+00:00
2502,2502.T,2502.jp,2009-03-24,310.26,315.63,305.65,314.09,12655374,https://stooq.com/q/d/l/?s=2502.jp&i=d,2026-03-26T08:35:00+00:00
2502,2502.T,2502.jp,2009-03-25,314.09,322.81,310.76,322.54,7507829,https://stooq.com/q/d/l/?s=2502.jp&i=d,2026-03-26T08:35:00+00:00
2502,2502.T,2502.jp,2009-03-26,315.38,320.75,311.28,320.50,6355818,https://stooq.com/q/d/l/?s=2502.jp&i=d,2026-03-26T08:35:00+00:00
2502,2502.T,2502.jp,2009-03-27,323.31,326.90,320.50,322.81,6159324,https://stooq.com/q/d/l/?s=2502.jp&i=d,2026-03-26T08:35:00+00:00
2502,2502.T,2502.jp,2009-03-30,321.52,323.06,306.16,306.93,9848979,https://stooq.com/q/d/l/?s=2502.jp&i=d,2026-03-26T08:35:00+00:00
2502,2502.T,2502.jp,2009-03-31,307.18,311.54,298.48,301.04,10333774,https://stooq.com/q/d/l/?s=2502.jp&i=d,2026-03-26T08:35:00+00:00
2502,2502.T,2502.jp,2009-04-01,300.79,305.90,295.92,304.88,7712143,https://stooq.com/q/d/l/?s=2502.jp&i=d,2026-03-26T08:35:00+00:00
2502,2502.T,2502.jp,2009-04-02,310.00,312.30,306.42,310.26,8685631,https://stooq.com/q/d/l/?s=2502.jp&i=d,2026-03-26T08:35:00+00:00
2502,2502.T,2502.jp,2009-04-03,312.30,314.09,304.36,305.90,8646567,https://stooq.com/q/d/l/?s=2502.jp&i=d,2026-03-26T08:35:00+00:00
2502,2502.T,2502.jp,2009-04-06,313.58,315.12,308.98,314.60,9118075,https://stooq.com/q/d/l/?s=2502.jp&i=d,2026-03-26T08:35:00+00:00
2502,2502.T,2502.jp,2009-04-07,309.49,313.32,304.62,305.90,10553704,https://stooq.com/q/d/l/?s=2502.jp&i=d,2026-03-26T08:35:00+00:00
2502,2502.T,2502.jp,2009-04-08,308.98,309.23,300.27,305.13,9714200,https://stooq.com/q/d/l/?s=2502.jp&i=d,2026-03-26T08:35:00+00:00
2502,2502.T,2502.jp,2009-04-09,306.67,309.74,305.65,308.72,6578880,https://stooq.com/q/d/l/?s=2502.jp&i=d,2026-03-26T08:35:00+00:00
2502,2502.T,2502.jp,2009-04-10,313.85,313.85,305.90,308.72,9302463,https://stooq.com/q/d/l/?s=2502.jp&i=d,2026-03-26T08:35:00+00:00
2502,2502.T,2502.jp,2009-04-13,305.65,307.45,301.04,302.06,6885530,https://stooq.com/q/d/l/?s=2502.jp&i=d,2026-03-26T08:35:00+00:00
2502,2502.T,2502.jp,2009-04-14,301.04,303.86,299.51,300.02,9321598,https://stooq.com/q/d/l/?s=2502.jp&i=d,2026-03-26T08:35:00+00:00
2502,2502.T,2502.jp,2009-04-15,300.02,304.62,299.25,303.60,7403929,https://stooq.com/q/d/l/?s=2502.jp&i=d,2026-03-26T08:35:00+00:00
2502,2502.T,2502.jp,2009-04-16,305.90,311.28,301.04,304.88,7365635,https://stooq.com/q/d/l/?s=2502.jp&i=d,2026-03-26T08:35:00+00:00
2502,2502.T,2502.jp,2009-04-17,309.49,310.76,299.76,301.55,9032129,https://stooq.com/q/d/l/?s=2502.jp&i=d,2026-03-26T08:35:00+00:00
2502,2502.T,2502.jp,2009-04-20,300.27,301.55,294.90,294.90,7859798,https://stooq.com/q/d/l/?s=2502.jp&i=d,2026-03-26T08:35:00+00:00
2502,2502.T,2502.jp,2009-04-21,292.85,296.44,289.52,294.63,7928567,https://stooq.com/q/d/l/?s=2502.jp&i=d,2026-03-26T08:35:00+00:00
2502,2502.T,2502.jp,2009-04-22,304.11,309.49,300.52,305.65,15372322,https://stooq.com/q/d/l/?s=2502.jp&i=d,2026-03-26T08:35:00+00:00
2502,2502.T,2502.jp,2009-04-23,305.13,309.23,300.79,307.95,6810136,https://stooq.com/q/d/l/?s=2502.jp&i=d,2026-03-26T08:35:00+00:00
2502,2502.T,2502.jp,2009-04-24,309.74,310.76,306.16,307.45,6882013,https://stooq.com/q/d/l/?s=2502.jp&i=d,2026-03-26T08:35:00+00:00
2502,2502.T,2502.jp,2009-04-27,311.02,311.79,306.93,308.72,8857906,https://stooq.com/q/d/l/?s=2502.jp&i=d,2026-03-26T08:35:00+00:00
2502,2502.T,2502.jp,2009-04-28,312.30,315.89,311.28,311.28,13317526,https://stooq.com/q/d/l/?s=2502.jp&i=d,2026-03-26T08:35:00+00:00
2502,2502.T,2502.jp,2009-04-30,316.40,321.52,316.40,316.91,10073212,https://stooq.com/q/d/l/?s=2502.jp&i=d,2026-03-26T08:35:00+00:00
2502,2502.T,2502.jp,2009-05-01,317.42,318.19,309.49,311.79,8106299,https://stooq.com/q/d/l/?s=2502.jp&i=d,2026-03-26T08:35:00+00:00
2502,2502.T,2502.jp,2009-05-07,323.56,325.10,316.65,319.47,18340067,https://stooq.com/q/d/l/?s=2502.jp&i=d,2026-03-26T08:35:00+00:00
2502,2502.T,2502.jp,2009-05-08,323.06,324.85,318.96,323.06,8466475,https://stooq.com/q/d/l/?s=2502.jp&i=d,2026-03-26T08:35:00+00:00
2502,2502.T,2502.jp,2009-05-11,323.82,329.45,323.82,326.39,8218416,https://stooq.com/q/d/l/?s=2502.jp&i=d,2026-03-26T08:35:00+00:00
2502,2502.T,2502.jp,2009-05-12,326.13,330.73,324.33,327.92,8506718,https://stooq.com/q/d/l/?s=2502.jp&i=d,2026-03-26T08:35:00+00:00
2502,2502.T,2502.jp,2009-05-13,328.94,331.25,326.39,329.19,11606886,https://stooq.com/q/d/l/?s=2502.jp&i=d,2026-03-26T08:35:00+00:00
2502,2502.T,2502.jp,2009-05-14,327.92,334.58,327.15,331.50,12797178,https://stooq.com/q/d/l/?s=2502.jp&i=d,2026-03-26T08:35:00+00:00
2502,2502.T,2502.jp,2009-05-15,330.22,332.27,325.61,328.94,10148999,https://stooq.com/q/d/l/?s=2502.jp&i=d,2026-03-26T08:35:00+00:00
2502,2502.T,2502.jp,2009-05-18,325.10,326.64,320.75,322.81,7106254,https://stooq.com/q/d/l/?s=2502.jp&i=d,2026-03-26T08:35:00+00:00
2502,2502.T,2502.jp,2009-05-19,329.19,330.49,324.59,329.45,7107421,https://stooq.com/q/d/l/?s=2502.jp&i=d,2026-03-26T08:35:00+00:00
2502,2502.T,2502.jp,2009-05-20,329.97,333.55,328.43,330.49,5801099,https://stooq.com/q/d/l/?s=2502.jp&i=d,2026-03-26T08:35:00+00:00
2502,2502.T,2502.jp,2009-05-21,332.52,336.36,329.19,335.85,9830610,https://stooq.com/q/d/l/?s=2502.jp&i=d,2026-03-26T08:35:00+00:00
2502,2502.T,2502.jp,2009-05-22,335.34,340.97,334.83,336.88,7838708,https://stooq.com/q/d/l/?s=2502.jp&i=d,2026-03-26T08:35:00+00:00
2502,2502.T,2502.jp,2009-05-25,337.39,345.32,337.14,343.01,8701257,https://stooq.com/q/d/l/?s=2502.jp&i=d,2026-03-26T08:35:00+00:00
2502,2502.T,2502.jp,2009-05-26,343.29,344.81,339.44,344.05,6639812,https://stooq.com/q/d/l/?s=2502.jp&i=d,2026-03-26T08:35:00+00:00
2502,2502.T,2502.jp,2009-05-27,343.29,348.65,343.01,344.30,6360508,https://stooq.com/q/d/l/?s=2502.jp&i=d,2026-03-26T08:35:00+00:00
2502,2502.T,2502.jp,2009-05-28,343.78,345.59,335.60,336.36,8021918,https://stooq.com/q/d/l/?s=2502.jp&i=d,2026-03-26T08:35:00+00:00
2502,2502.T,2502.jp,2009-05-29,337.14,338.93,335.09,335.09,7371103,https://stooq.com/q/d/l/?s=2502.jp&i=d,2026-03-26T08:35:00+00:00
2502,2502.T,2502.jp,2009-06-01,335.34,340.97,333.29,336.88,6198385,https://stooq.com/q/d/l/?s=2502.jp&i=d,2026-03-26T08:35:00+00:00
2502,2502.T,2502.jp,2009-06-02,337.90,338.93,333.29,333.29,8992291,https://stooq.com/q/d/l/?s=2502.jp&i=d,2026-03-26T08:35:00+00:00
2502,2502.T,2502.jp,2009-06-03,335.34,335.60,330.22,330.49,6677312,https://stooq.com/q/d/l/?s=2502.jp&i=d,2026-03-26T08:35:00+00:00
2502,2502.T,2502.jp,2009-06-04,330.49,332.52,329.45,331.50,5325678,https://stooq.com/q/d/l/?s=2502.jp&i=d,2026-03-26T08:35:00+00:00
2502,2502.T,2502.jp,2009-06-05,332.79,333.03,330.22,331.50,5114341,https://stooq.com/q/d/l/?s=2502.jp&i=d,2026-03-26T08:35:00+00:00
2502,2502.T,2502.jp,2009-06-08,332.79,335.34,332.02,334.58,5344039,https://stooq.com/q/d/l/?s=2502.jp&i=d,2026-03-26T08:35:00+00:00
2502,2502.T,2502.jp,2009-06-09,338.16,338.93,335.34,338.68,7518374,https://stooq.com/q/d/l/?s=2502.jp&i=d,2026-03-26T08:35:00+00:00
2502,2502.T,2502.jp,2009-06-10,339.96,342.52,337.90,340.46,6182762,https://stooq.com/q/d/l/?s=2502.jp&i=d,2026-03-26T08:35:00+00:00
2502,2502.T,2502.jp,2009-06-11,337.14,340.20,336.36,336.36,5054971,https://stooq.com/q/d/l/?s=2502.jp&i=d,2026-03-26T08:35:00+00:00
2502,2502.T,2502.jp,2009-06-12,342.00,343.01,340.46,341.23,18562339,https://stooq.com/q/d/l/?s=2502.jp&i=d,2026-03-26T08:35:00+00:00
2502,2502.T,2502.jp,2009-06-15,344.05,345.59,341.23,343.78,6283930,https://stooq.com/q/d/l/?s=2502.jp&i=d,2026-03-26T08:35:00+00:00
2502,2502.T,2502.jp,2009-06-16,342.00,344.30,339.44,340.46,6894127,https://stooq.com/q/d/l/?s=2502.jp&i=d,2026-03-26T08:35:00+00:00
2502,2502.T,2502.jp,2009-06-17,343.01,348.91,340.46,344.56,6729668,https://stooq.com/q/d/l/?s=2502.jp&i=d,2026-03-26T08:35:00+00:00
2502,2502.T,2502.jp,2009-06-18,344.56,356.33,344.30,351.21,10795125,https://stooq.com/q/d/l/?s=2502.jp&i=d,2026-03-26T08:35:00+00:00
2502,2502.T,2502.jp,2009-06-19,347.63,352.74,346.10,347.63,8503592,https://stooq.com/q/d/l/?s=2502.jp&i=d,2026-03-26T08:35:00+00:00
2502,2502.T,2502.jp,2009-06-22,352.74,355.31,349.94,350.19,8548511,https://stooq.com/q/d/l/?s=2502.jp&i=d,2026-03-26T08:35:00+00:00
2502,2502.T,2502.jp,2009-06-23,348.14,355.05,346.10,346.61,10886141,https://stooq.com/q/d/l/?s=2502.jp&i=d,2026-03-26T08:35:00+00:00
2502,2502.T,2502.jp,2009-06-24,344.56,347.12,339.96,340.20,9733729,https://stooq.com/q/d/l/?s=2502.jp&i=d,2026-03-26T08:35:00+00:00
2502,2502.T,2502.jp,2009-06-25,339.96,344.30,339.44,339.44,8490702,https://stooq.com/q/d/l/?s=2502.jp&i=d,2026-03-26T08:35:00+00:00
2502,2502.T,2502.jp,2009-06-26,342.77,348.14,337.90,346.61,7084760,https://stooq.com/q/d/l/?s=2502.jp&i=d,2026-03-26T08:35:00+00:00
2502,2502.T,2502.jp,2009-06-29,351.73,357.86,350.44,351.97,9325895,https://stooq.com/q/d/l/?s=2502.jp&i=d,2026-03-26T08:35:00+00:00
2502,2502.T,2502.jp,2009-06-30,355.81,357.61,353.77,355.05,5667112,https://stooq.com/q/d/l/?s=2502.jp&i=d,2026-03-26T08:35:00+00:00
2502,2502.T,2502.jp,2009-07-01,349.94,354.03,347.37,348.91,7210160,https://stooq.com/q/d/l/?s=2502.jp&i=d,2026-03-26T08:35:00+00:00
2502,2502.T,2502.jp,2009-07-02,353.51,353.77,344.05,344.05,5587801,https://stooq.com/q/d/l/?s=2502.jp&i=d,2026-03-26T08:35:00+00:00
2502,2502.T,2502.jp,2009-07-03,337.14,339.70,333.81,337.14,6125333,https://stooq.com/q/d/l/?s=2502.jp&i=d,2026-03-26T08:35:00+00:00
2502,2502.T,2502.jp,2009-07-06,336.36,340.20,335.34,336.36,4745969,https://stooq.com/q/d/l/?s=2502.jp&i=d,2026-03-26T08:35:00+00:00
2502,2502.T,2502.jp,2009-07-07,343.54,351.21,341.75,348.91,10077111,https://stooq.com/q/d/l/?s=2502.jp&i=d,2026-03-26T08:35:00+00:00
2502,2502.T,2502.jp,2009-07-08,348.65,351.97,347.12,347.37,7037112,https://stooq.com/q/d/l/?s=2502.jp&i=d,2026-03-26T08:35:00+00:00
2502,2502.T,2502.jp,2009-07-09,343.01,345.83,340.20,343.78,6485899,https://stooq.com/q/d/l/?s=2502.jp&i=d,2026-03-26T08:35:00+00:00
2502,2502.T,2502.jp,2009-07-10,344.05,350.19,338.68,348.39,8319984,https://stooq.com/q/d/l/?s=2502.jp&i=d,2026-03-26T08:35:00+00:00
2502,2502.T,2502.jp,2009-07-13,355.81,365.29,353.77,357.11,15336386,https://stooq.com/q/d/l/?s=2502.jp&i=d,2026-03-26T08:35:00+00:00
2502,2502.T,2502.jp,2009-07-14,358.64,365.55,358.37,360.16,11390462,https://stooq.com/q/d/l/?s=2502.jp&i=d,2026-03-26T08:35:00+00:00
2502,2502.T,2502.jp,2009-07-15,358.37,366.57,358.12,365.80,9119640,https://stooq.com/q/d/l/?s=2502.jp&i=d,2026-03-26T08:35:00+00:00
2502,2502.T,2502.jp,2009-07-16,366.06,366.82,356.33,356.33,9527871,https://stooq.com/q/d/l/?s=2502.jp&i=d,2026-03-26T08:35:00+00:00
2502,2502.T,2502.jp,2009-07-17,355.31,360.95,353.26,358.37,9627477,https://stooq.com/q/d/l/?s=2502.jp&i=d,2026-03-26T08:35:00+00:00
2502,2502.T,2502.jp,2009-07-21,360.69,363.50,353.00,359.92,10658789,https://stooq.com/q/d/l/?s=2502.jp&i=d,2026-03-26T08:35:00+00:00
2502,2502.T,2502.jp,2009-07-22,363.50,366.32,360.43,365.55,7471901,https://stooq.com/q/d/l/?s=2502.jp&i=d,2026-03-26T08:35:00+00:00
2502,2502.T,2502.jp,2009-07-23,365.80,372.46,365.55,367.86,9394263,https://stooq.com/q/d/l/?s=2502.jp&i=d,2026-03-26T08:35:00+00:00
2502,2502.T,2502.jp,2009-07-24,367.86,371.69,364.53,370.93,9744678,https://stooq.com/q/d/l/?s=2502.jp&i=d,2026-03-26T08:35:00+00:00
2502,2502.T,2502.jp,2009-07-27,371.18,375.28,369.13,370.93,6833578,https://stooq.com/q/d/l/?s=2502.jp&i=d,2026-03-26T08:35:00+00:00
2502,2502.T,2502.jp,2009-07-28,371.18,377.84,371.18,377.84,6859749,https://stooq.com/q/d/l/?s=2502.jp&i=d,2026-03-26T08:35:00+00:00
2502,2502.T,2502.jp,2009-07-29,379.88,381.93,378.09,381.16,7649636,https://stooq.com/q/d/l/?s=2502.jp&i=d,2026-03-26T08:35:00+00:00
2502,2502.T,2502.jp,2009-07-30,377.84,382.19,375.28,380.15,12124492,https://stooq.com/q/d/l/?s=2502.jp&i=d,2026-03-26T08:35:00+00:00
2502,2502.T,2502.jp,2009-07-31,380.65,388.84,379.38,385.26,9512242,https://stooq.com/q/d/l/?s=2502.jp&i=d,2026-03-26T08:35:00+00:00
2502,2502.T,2502.jp,2009-08-03,383.97,383.97,378.60,380.15,8780561,https://stooq.com/q/d/l/?s=2502.jp&i=d,2026-03-26T08:35:00+00:00
2502,2502.T,2502.jp,2009-08-04,383.97,385.00,380.40,382.70,7276961,https://stooq.com/q/d/l/?s=2502.jp&i=d,2026-03-26T08:35:00+00:00
2502,2502.T,2502.jp,2009-08-05,376.81,381.43,375.01,378.86,9446616,https://stooq.com/q/d/l/?s=2502.jp&i=d,2026-03-26T08:35:00+00:00
2502,2502.T,2502.jp,2009-08-06,376.55,382.95,376.55,380.91,5844457,https://stooq.com/q/d/l/?s=2502.jp&i=d,2026-03-26T08:35:00+00:00
2502,2502.T,2502.jp,2009-08-07,375.79,380.15,375.54,379.62,8721183,https://stooq.com/q/d/l/?s=2502.jp&i=d,2026-03-26T08:35:00+00:00
2502,2502.T,2502.jp,2009-08-10,379.62,383.97,377.84,381.43,5046374,https://stooq.com/q/d/l/?s=2502.jp&i=d,2026-03-26T08:35:00+00:00
2502,2502.T,2502.jp,2009-08-11,381.68,384.48,381.16,383.47,7024995,https://stooq.com/q/d/l/?s=2502.jp&i=d,2026-03-26T08:35:00+00:00
2502,2502.T,2502.jp,2009-08-12,383.97,384.74,379.38,379.88,7316022,https://stooq.com/q/d/l/?s=2502.jp&i=d,2026-03-26T08:35:00+00:00
2502,2502.T,2502.jp,2009-08-13,383.21,385.00,381.16,383.72,5356546,https://stooq.com/q/d/l/?s=2502.jp&i=d,2026-03-26T08:35:00+00:00
2502,2502.T,2502.jp,2009-08-14,387.31,391.15,383.21,389.61,9912263,https://stooq.com/q/d/l/?s=2502.jp&i=d,2026-03-26T08:35:00+00:00
2502,2502.T,2502.jp,2009-08-17,386.55,388.84,381.68,382.44,6521451,https://stooq.com/q/d/l/?s=2502.jp&i=d,2026-03-26T08:35:00+00:00
2502,2502.T,2502.jp,2009-08-18,382.44,387.57,381.93,383.21,7014060,https://stooq.com/q/d/l/?s=2502.jp&i=d,2026-03-26T08:35:00+00:00
2502,2502.T,2502.jp,2009-08-19,382.70,385.52,379.62,381.16,7732066,https://stooq.com/q/d/l/?s=2502.jp&i=d,2026-03-26T08:35:00+00:00
2502,2502.T,2502.jp,2009-08-20,380.65,392.69,380.40,390.64,8196546,https://stooq.com/q/d/l/?s=2502.jp&i=d,2026-03-26T08:35:00+00:00
2502,2502.T,2502.jp,2009-08-21,394.22,402.16,390.89,400.37,15991105,https://stooq.com/q/d/l/?s=2502.jp&i=d,2026-03-26T08:35:00+00:00
2502,2502.T,2502.jp,2009-08-24,412.13,418.28,411.89,414.44,12540926,https://stooq.com/q/d/l/?s=2502.jp&i=d,2026-03-26T08:35:00+00:00
2502,2502.T,2502.jp,2009-08-25,418.03,428.27,414.95,419.31,18517420,https://stooq.com/q/d/l/?s=2502.jp&i=d,2026-03-26T08:35:00+00:00
2502,2502.T,2502.jp,2009-08-26,415.72,417.26,411.89,415.98,8206693,https://stooq.com/q/d/l/?s=2502.jp&i=d,2026-03-26T08:35:00+00:00
2502,2502.T,2502.jp,2009-08-27,410.34,413.15,405.23,409.59,7801598,https://stooq.com/q/d/l/?s=2502.jp&i=d,2026-03-26T08:35:00+00:00
2502,2502.T,2502.jp,2009-08-28,413.93,414.95,407.52,413.42,6172991,https://stooq.com/q/d/l/?s=2502.jp&i=d,2026-03-26T08:35:00+00:00
2502,2502.T,2502.jp,2009-08-31,413.42,422.38,408.05,414.18,7647685,https://stooq.com/q/d/l/?s=2502.jp&i=d,2026-03-26T08:35:00+00:00
2502,2502.T,2502.jp,2009-09-01,409.32,415.47,409.32,412.65,5868677,https://stooq.com/q/d/l/?s=2502.jp&i=d,2026-03-26T08:35:00+00:00
2502,2502.T,2502.jp,2009-09-02,405.74,412.13,403.18,408.05,8083258,https://stooq.com/q/d/l/?s=2502.jp&i=d,2026-03-26T08:35:00+00:00
2502,2502.T,2502.jp,2009-09-03,402.16,409.59,399.33,406.00,8601254,https://stooq.com/q/d/l/?s=2502.jp&i=d,2026-03-26T08:35:00+00:00
2502,2502.T,2502.jp,2009-09-04,405.74,408.56,405.74,406.76,5240526,https://stooq.com/q/d/l/?s=2502.jp&i=d,2026-03-26T08:35:00+00:00
2502,2502.T,2502.jp,2009-09-07,413.15,415.47,410.34,410.60,4278357,https://stooq.com/q/d/l/?s=2502.jp&i=d,2026-03-26T08:35:00+00:00
2502,2502.T,2502.jp,2009-09-08,410.60,411.89,407.78,409.32,3709577,https://stooq.com/q/d/l/?s=2502.jp&i=d,2026-03-26T08:35:00+00:00
2502,2502.T,2502.jp,2009-09-09,407.02,409.32,404.46,406.25,4229528,https://stooq.com/q/d/l/?s=2502.jp&i=d,2026-03-26T08:35:00+00:00
2502,2502.T,2502.jp,2009-09-10,410.60,415.21,408.29,410.34,5065899,https://stooq.com/q/d/l/?s=2502.jp&i=d,2026-03-26T08:35:00+00:00
2502,2502.T,2502.jp,2009-09-11,418.03,418.03,406.76,411.12,19194417,https://stooq.com/q/d/l/?s=2502.jp&i=d,2026-03-26T08:35:00+00:00
2502,2502.T,2502.jp,2009-09-14,411.37,417.26,407.02,408.56,6869123,https://stooq.com/q/d/l/?s=2502.jp&i=d,2026-03-26T08:35:00+00:00
2502,2502.T,2502.jp,2009-09-15,413.93,413.93,406.76,407.78,3113445,https://stooq.com/q/d/l/?s=2502.jp&i=d,2026-03-26T08:35:00+00:00
2502,2502.T,2502.jp,2009-09-16,411.12,414.70,408.56,409.59,5591708,https://stooq.com/q/d/l/?s=2502.jp&i=d,2026-03-26T08:35:00+00:00
2502,2502.T,2502.jp,2009-09-17,413.93,416.23,409.06,414.44,4480713,https://stooq.com/q/d/l/?s=2502.jp&i=d,2026-03-26T08:35:00+00:00
2502,2502.T,2502.jp,2009-09-18,415.72,419.31,412.91,417.77,6504647,https://stooq.com/q/d/l/?s=2502.jp&i=d,2026-03-26T08:35:00+00:00
2502,2502.T,2502.jp,2009-09-24,433.13,434.67,426.22,431.59,10088444,https://stooq.com/q/d/l/?s=2502.jp&i=d,2026-03-26T08:35:00+00:00
2502,2502.T,2502.jp,2009-09-25,432.36,435.95,430.31,432.36,9480209,https://stooq.com/q/d/l/?s=2502.jp&i=d,2026-03-26T08:35:00+00:00
2502,2502.T,2502.jp,2009-09-28,431.07,436.46,423.92,424.94,5440533,https://stooq.com/q/d/l/?s=2502.jp&i=d,2026-03-26T08:35:00+00:00
2502,2502.T,2502.jp,2009-09-29,421.10,426.22,413.15,413.15,10064228,https://stooq.com/q/d/l/?s=2502.jp&i=d,2026-03-26T08:35:00+00:00
2502,2502.T,2502.jp,2009-09-30,419.82,420.58,416.49,420.33,6058153,https://stooq.com/q/d/l/?s=2502.jp&i=d,2026-03-26T08:35:00+00:00
2502,2502.T,2502.jp,2009-10-01,418.54,419.06,414.18,416.49,4506493,https://stooq.com/q/d/l/?s=2502.jp&i=d,2026-03-26T08:35:00+00:00
2502,2502.T,2502.jp,2009-10-02,414.70,420.08,411.89,412.65,9263796,https://stooq.com/q/d/l/?s=2502.jp&i=d,2026-03-26T08:35:00+00:00
2502,2502.T,2502.jp,2009-10-05,412.65,419.82,412.65,414.44,5184661,https://stooq.com/q/d/l/?s=2502.jp&i=d,2026-03-26T08:35:00+00:00
2502,2502.T,2502.jp,2009-10-06,414.70,414.70,402.16,408.29,7479316,https://stooq.com/q/d/l/?s=2502.jp&i=d,2026-03-26T08:35:00+00:00
2502,2502.T,2502.jp,2009-10-07,408.29,408.29,400.87,402.16,9425125,https://stooq.com/q/d/l/?s=2502.jp&i=d,2026-03-26T08:35:00+00:00
2502,2502.T,2502.jp,2009-10-08,399.60,407.02,397.80,399.60,8595786,https://stooq.com/q/d/l/?s=2502.jp&i=d,2026-03-26T08:35:00+00:00
2502,2502.T,2502.jp,2009-10-09,399.60,402.67,397.80,398.06,11443599,https://stooq.com/q/d/l/?s=2502.jp&i=d,2026-03-26T08:35:00+00:00
2502,2502.T,2502.jp,2009-10-13,412.40,418.28,411.37,411.89,15572723,https://stooq.com/q/d/l/?s=2502.jp&i=d,2026-03-26T08:35:00+00:00
2502,2502.T,2502.jp,2009-10-14,410.86,419.82,410.34,416.23,6060491,https://stooq.com/q/d/l/?s=2502.jp&i=d,2026-03-26T08:35:00+00:00
2502,2502.T,2502.jp,2009-10-15,423.67,424.17,420.33,422.88,8185600,https://stooq.com/q/d/l/?s=2502.jp&i=d,2026-03-26T08:35:00+00:00
2502,2502.T,2502.jp,2009-10-16,420.84,424.94,417.77,424.43,8341869,https://stooq.com/q/d/l/?s=2502.jp&i=d,2026-03-26T08:35:00+00:00
2502,2502.T,2502.jp,2009-10-19,423.67,428.01,420.84,421.61,6841008,https://stooq.com/q/d/l/?s=2502.jp&i=d,2026-03-26T08:35:00+00:00
2502,2502.T,2502.jp,2009-10-20,420.08,427.24,420.08,426.47,6065175,https://stooq.com/q/d/l/?s=2502.jp&i=d,2026-03-26T08:35:00+00:00
2502,2502.T,2502.jp,2009-10-21,429.54,430.57,425.44,428.78,5951887,https://stooq.com/q/d/l/?s=2502.jp&i=d,2026-03-26T08:35:00+00:00
2502,2502.T,2502.jp,2009-10-22,421.10,422.88,413.93,417.51,8645002,https://stooq.com/q/d/l/?s=2502.jp&i=d,2026-03-26T08:35:00+00:00
2502,2502.T,2502.jp,2009-10-23,415.21,420.84,415.21,416.23,8024267,https://stooq.com/q/d/l/?s=2502.jp&i=d,2026-03-26T08:35:00+00:00
2502,2502.T,2502.jp,2009-10-26,418.28,420.33,414.18,416.23,6887875,https://stooq.com/q/d/l/?s=2502.jp&i=d,2026-03-26T08:35:00+00:00
2502,2502.T,2502.jp,2009-10-27,414.18,417.51,411.12,417.26,7141011,https://stooq.com/q/d/l/?s=2502.jp&i=d,2026-03-26T08:35:00+00:00
2502,2502.T,2502.jp,2009-10-28,413.42,415.47,409.83,410.60,7793392,https://stooq.com/q/d/l/?s=2502.jp&i=d,2026-03-26T08:35:00+00:00
2502,2502.T,2502.jp,2009-10-29,407.78,408.56,399.09,400.11,12909298,https://stooq.com/q/d/l/?s=2502.jp&i=d,2026-03-26T08:35:00+00:00
2502,2502.T,2502.jp,2009-10-30,407.78,413.42,404.19,413.42,9770072,https://stooq.com/q/d/l/?s=2502.jp&i=d,2026-03-26T08:35:00+00:00
2502,2502.T,2502.jp,2009-11-02,414.95,420.33,412.13,419.56,12187382,https://stooq.com/q/d/l/?s=2502.jp&i=d,2026-03-26T08:35:00+00:00
2502,2502.T,2502.jp,2009-11-04,416.74,417.77,409.59,411.37,6134707,https://stooq.com/q/d/l/?s=2502.jp&i=d,2026-03-26T08:35:00+00:00
2502,2502.T,2502.jp,2009-11-05,415.21,416.23,410.86,413.93,6307769,https://stooq.com/q/d/l/?s=2502.jp&i=d,2026-03-26T08:35:00+00:00
2502,2502.T,2502.jp,2009-11-06,416.23,417.00,410.86,416.49,5112780,https://stooq.com/q/d/l/?s=2502.jp&i=d,2026-03-26T08:35:00+00:00
2502,2502.T,2502.jp,2009-11-09,421.10,421.10,415.21,417.26,9849365,https://stooq.com/q/d/l/?s=2502.jp&i=d,2026-03-26T08:35:00+00:00
2502,2502.T,2502.jp,2009-11-10,418.03,424.94,412.65,412.65,9830610,https://stooq.com/q/d/l/?s=2502.jp&i=d,2026-03-26T08:35:00+00:00
2502,2502.T,2502.jp,2009-11-11,413.67,416.49,400.62,401.13,13701527,https://stooq.com/q/d/l/?s=2502.jp&i=d,2026-03-26T08:35:00+00:00
2502,2502.T,2502.jp,2009-11-12,401.89,404.19,396.78,396.78,7680885,https://stooq.com/q/d/l/?s=2502.jp&i=d,2026-03-26T08:35:00+00:00
2502,2502.T,2502.jp,2009-11-13,391.91,402.42,391.91,398.31,8563747,https://stooq.com/q/d/l/?s=2502.jp&i=d,2026-03-26T08:35:00+00:00
2502,2502.T,2502.jp,2009-11-16,397.55,405.23,397.29,401.64,9301679,https://stooq.com/q/d/l/?s=2502.jp&i=d,2026-03-26T08:35:00+00:00
2502,2502.T,2502.jp,2009-11-17,401.89,401.89,395.75,397.29,7123437,https://stooq.com/q/d/l/?s=2502.jp&i=d,2026-03-26T08:35:00+00:00
2502,2502.T,2502.jp,2009-11-18,394.22,398.83,388.07,390.38,12852653,https://stooq.com/q/d/l/?s=2502.jp&i=d,2026-03-26T08:35:00+00:00
2502,2502.T,2502.jp,2009-11-19,385.77,391.91,382.70,389.87,12862037,https://stooq.com/q/d/l/?s=2502.jp&i=d,2026-03-26T08:35:00+00:00
2502,2502.T,2502.jp,2009-11-20,387.82,389.87,383.97,385.52,7676982,https://stooq.com/q/d/l/?s=2502.jp&i=d,2026-03-26T08:35:00+00:00
2502,2502.T,2502.jp,2009-11-24,384.48,387.57,382.19,385.52,8584847,https://stooq.com/q/d/l/?s=2502.jp&i=d,2026-03-26T08:35:00+00:00
2502,2502.T,2502.jp,2009-11-25,389.87,390.89,384.48,387.57,5662031,https://stooq.com/q/d/l/?s=2502.jp&i=d,2026-03-26T08:35:00+00:00
2502,2502.T,2502.jp,2009-11-26,388.33,393.45,385.26,386.55,7222660,https://stooq.com/q/d/l/?s=2502.jp&i=d,2026-03-26T08:35:00+00:00
2502,2502.T,2502.jp,2009-11-27,382.70,385.26,377.84,379.12,6761697,https://stooq.com/q/d/l/?s=2502.jp&i=d,2026-03-26T08:35:00+00:00
2502,2502.T,2502.jp,2009-11-30,383.97,393.20,382.44,393.20,9712635,https://stooq.com/q/d/l/?s=2502.jp&i=d,2026-03-26T08:35:00+00:00
2502,2502.T,2502.jp,2009-12-01,400.87,404.72,397.29,400.11,10167351,https://stooq.com/q/d/l/?s=2502.jp&i=d,2026-03-26T08:35:00+00:00
2502,2502.T,2502.jp,2009-12-02,400.62,407.78,399.60,402.42,7571117,https://stooq.com/q/d/l/?s=2502.jp&i=d,2026-03-26T08:35:00+00:00
2502,2502.T,2502.jp,2009-12-03,410.09,416.23,408.05,415.72,11285388,https://stooq.com/q/d/l/?s=2502.jp&i=d,2026-03-26T08:35:00+00:00
2502,2502.T,2502.jp,2009-12-04,415.72,418.54,405.74,408.05,9429031,https://stooq.com/q/d/l/?s=2502.jp&i=d,2026-03-26T08:35:00+00:00
2502,2502.T,2502.jp,2009-12-07,415.72,418.03,409.32,409.59,6205023,https://stooq.com/q/d/l/?s=2502.jp&i=d,2026-03-26T08:35:00+00:00
2502,2502.T,2502.jp,2009-12-08,410.34,415.98,409.59,415.47,6735519,https://stooq.com/q/d/l/?s=2502.jp&i=d,2026-03-26T08:35:00+00:00
2502,2502.T,2502.jp,2009-12-09,414.18,418.54,414.18,415.47,5220597,https://stooq.com/q/d/l/?s=2502.jp&i=d,2026-03-26T08:35:00+00:00
2502,2502.T,2502.jp,2009-12-10,419.56,426.22,418.03,422.88,14290240,https://stooq.com/q/d/l/?s=2502.jp&i=d,2026-03-26T08:35:00+00:00
2502,2502.T,2502.jp,2009-12-11,427.49,427.49,418.80,422.88,16536457,https://stooq.com/q/d/l/?s=2502.jp&i=d,2026-03-26T08:35:00+00:00
2502,2502.T,2502.jp,2009-12-14,425.20,425.71,421.87,424.94,9020413,https://stooq.com/q/d/l/?s=2502.jp&i=d,2026-03-26T08:35:00+00:00
2502,2502.T,2502.jp,2009-12-15,428.78,431.33,424.94,428.78,7238293,https://stooq.com/q/d/l/?s=2502.jp&i=d,2026-03-26T08:35:00+00:00
2502,2502.T,2502.jp,2009-12-16,435.18,439.52,430.83,435.42,7617994,https://stooq.com/q/d/l/?s=2502.jp&i=d,2026-03-26T08:35:00+00:00
2502,2502.T,2502.jp,2009-12-17,437.73,439.79,435.42,435.42,6098775,https://stooq.com/q/d/l/?s=2502.jp&i=d,2026-03-26T08:35:00+00:00
2502,2502.T,2502.jp,2009-12-18,439.79,442.34,436.71,441.57,8998923,https://stooq.com/q/d/l/?s=2502.jp&i=d,2026-03-26T08:35:00+00:00
2502,2502.T,2502.jp,2009-12-21,441.83,443.62,440.81,440.81,6201511,https://stooq.com/q/d/l/?s=2502.jp&i=d,2026-03-26T08:35:00+00:00
2502,2502.T,2502.jp,2009-12-22,440.81,442.09,434.67,441.31,7411735,https://stooq.com/q/d/l/?s=2502.jp&i=d,2026-03-26T08:35:00+00:00
2502,2502.T,2502.jp,2009-12-24,435.18,442.60,435.18,441.06,6901546,https://stooq.com/q/d/l/?s=2502.jp&i=d,2026-03-26T08:35:00+00:00
2502,2502.T,2502.jp,2009-12-25,440.03,441.06,436.46,439.27,3918188,https://stooq.com/q/d/l/?s=2502.jp&i=d,2026-03-26T08:35:00+00:00
2502,2502.T,2502.jp,2009-12-28,435.69,442.34,435.69,440.56,4228740,https://stooq.com/q/d/l/?s=2502.jp&i=d,2026-03-26T08:35:00+00:00
2502,2502.T,2502.jp,2009-12-29,440.81,442.86,437.23,442.09,4957696,https://stooq.com/q/d/l/?s=2502.jp&i=d,2026-03-26T08:35:00+00:00
2502,2502.T,2502.jp,2009-12-30,446.95,447.20,438.25,438.25,4115850,https://stooq.com/q/d/l/?s=2502.jp&i=d,2026-03-26T08:35:00+00:00
2502,2502.T,2502.jp,2010-01-04,445.41,447.20,443.37,443.37,3534570,https://stooq.com/q/d/l/?s=2502.jp&i=d,2026-03-26T08:35:00+00:00
2502,2502.T,2502.jp,2010-01-05,445.41,449.25,443.62,448.23,8176619,https://stooq.com/q/d/l/?s=2502.jp&i=d,2026-03-26T08:35:00+00:00
2502,2502.T,2502.jp,2010-01-06,449.25,451.81,446.18,449.52,5427639,https://stooq.com/q/d/l/?s=2502.jp&i=d,2026-03-26T08:35:00+00:00
2502,2502.T,2502.jp,2010-01-07,449.76,450.54,446.70,447.97,3866616,https://stooq.com/q/d/l/?s=2502.jp&i=d,2026-03-26T08:35:00+00:00
2502,2502.T,2502.jp,2010-01-08,447.97,451.56,445.16,448.23,10690030,https://stooq.com/q/d/l/?s=2502.jp&i=d,2026-03-26T08:35:00+00:00
2502,2502.T,2502.jp,2010-01-12,450.28,453.35,448.23,451.56,5448733,https://stooq.com/q/d/l/?s=2502.jp&i=d,2026-03-26T08:35:00+00:00
2502,2502.T,2502.jp,2010-01-13,451.81,454.37,446.70,449.52,7678937,https://stooq.com/q/d/l/?s=2502.jp&i=d,2026-03-26T08:35:00+00:00
2502,2502.T,2502.jp,2010-01-14,454.89,454.89,450.01,451.31,7465645,https://stooq.com/q/d/l/?s=2502.jp&i=d,2026-03-26T08:35:00+00:00
2502,2502.T,2502.jp,2010-01-15,454.89,457.96,451.05,457.19,8985259,https://stooq.com/q/d/l/?s=2502.jp&i=d,2026-03-26T08:35:00+00:00
2502,2502.T,2502.jp,2010-01-18,451.31,455.91,444.38,455.91,10210332,https://stooq.com/q/d/l/?s=2502.jp&i=d,2026-03-26T08:35:00+00:00
2502,2502.T,2502.jp,2010-01-19,456.16,459.23,453.35,457.45,4284992,https://stooq.com/q/d/l/?s=2502.jp&i=d,2026-03-26T08:35:00+00:00
2502,2502.T,2502.jp,2010-01-20,455.66,456.67,447.46,447.46,4986602,https://stooq.com/q/d/l/?s=2502.jp&i=d,2026-03-26T08:35:00+00:00
2502,2502.T,2502.jp,2010-01-21,445.41,453.88,445.41,452.07,7614091,https://stooq.com/q/d/l/?s=2502.jp&i=d,2026-03-26T08:35:00+00:00
2502,2502.T,2502.jp,2010-01-22,453.10,453.35,440.30,443.37,6901546,https://stooq.com/q/d/l/?s=2502.jp&i=d,2026-03-26T08:35:00+00:00
2502,2502.T,2502.jp,2010-01-25,442.86,442.86,435.42,436.20,6465199,https://stooq.com/q/d/l/?s=2502.jp&i=d,2026-03-26T08:35:00+00:00
2502,2502.T,2502.jp,2010-01-26,435.18,440.30,433.64,435.18,5507330,https://stooq.com/q/d/l/?s=2502.jp&i=d,2026-03-26T08:35:00+00:00
2502,2502.T,2502.jp,2010-01-27,437.98,444.90,436.46,440.03,8496950,https://stooq.com/q/d/l/?s=2502.jp&i=d,2026-03-26T08:35:00+00:00
2502,2502.T,2502.jp,2010-01-28,446.70,451.81,443.37,450.01,9736858,https://stooq.com/q/d/l/?s=2502.jp&i=d,2026-03-26T08:35:00+00:00
2502,2502.T,2502.jp,2010-01-29,450.01,454.37,446.95,449.25,12641707,https://stooq.com/q/d/l/?s=2502.jp&i=d,2026-03-26T08:35:00+00:00
2502,2502.T,2502.jp,2010-02-01,449.25,459.74,447.97,457.71,9848979,https://stooq.com/q/d/l/?s=2502.jp&i=d,2026-03-26T08:35:00+00:00
2502,2502.T,2502.jp,2010-02-02,460.27,462.31,457.71,460.52,10790431,https://stooq.com/q/d/l/?s=2502.jp&i=d,2026-03-26T08:35:00+00:00
2502,2502.T,2502.jp,2010-02-03,462.31,463.58,460.77,461.29,11583054,https://stooq.com/q/d/l/?s=2502.jp&i=d,2026-03-26T08:35:00+00:00
2502,2502.T,2502.jp,2010-02-04,461.55,468.46,461.29,463.08,10407210,https://stooq.com/q/d/l/?s=2502.jp&i=d,2026-03-26T08:35:00+00:00
2502,2502.T,2502.jp,2010-02-05,453.88,460.01,448.23,448.23,13846851,https://stooq.com/q/d/l/?s=2502.jp&i=d,2026-03-26T08:35:00+00:00
2502,2502.T,2502.jp,2010-02-08,446.18,448.74,421.61,423.40,26500274,https://stooq.com/q/d/l/?s=2502.jp&i=d,2026-03-26T08:35:00+00:00
2502,2502.T,2502.jp,2010-02-09,433.89,440.03,430.05,430.31,22389118,https://stooq.com/q/d/l/?s=2502.jp&i=d,2026-03-26T08:35:00+00:00
2502,2502.T,2502.jp,2010-02-10,431.33,433.38,427.75,432.61,15673123,https://stooq.com/q/d/l/?s=2502.jp&i=d,2026-03-26T08:35:00+00:00
2502,2502.T,2502.jp,2010-02-12,439.27,439.52,429.03,430.31,13729653,https://stooq.com/q/d/l/?s=2502.jp&i=d,2026-03-26T08:35:00+00:00
2502,2502.T,2502.jp,2010-02-15,434.67,435.18,426.73,427.49,8618434,https://stooq.com/q/d/l/?s=2502.jp&i=d,2026-03-26T08:35:00+00:00
2502,2502.T,2502.jp,2010-02-16,432.61,432.61,426.99,428.01,7709411,https://stooq.com/q/d/l/?s=2502.jp&i=d,2026-03-26T08:35:00+00:00
2502,2502.T,2502.jp,2010-02-17,434.67,440.56,433.13,439.52,8248490,https://stooq.com/q/d/l/?s=2502.jp&i=d,2026-03-26T08:35:00+00:00
2502,2502.T,2502.jp,2010-02-18,440.30,445.67,439.02,444.38,7791834,https://stooq.com/q/d/l/?s=2502.jp&i=d,2026-03-26T08:35:00+00:00
2502,2502.T,2502.jp,2010-02-19,442.34,443.88,434.15,435.95,8266081,https://stooq.com/q/d/l/?s=2502.jp&i=d,2026-03-26T08:35:00+00:00
2502,2502.T,2502.jp,2010-02-22,444.64,447.72,441.06,443.37,7446883,https://stooq.com/q/d/l/?s=2502.jp&i=d,2026-03-26T08:35:00+00:00
2502,2502.T,2502.jp,2010-02-23,444.38,446.45,441.31,445.67,5422569,https://stooq.com/q/d/l/?s=2502.jp&i=d,2026-03-26T08:35:00+00:00
2502,2502.T,2502.jp,2010-02-24,435.95,441.83,435.42,440.81,5963213,https://stooq.com/q/d/l/?s=2502.jp&i=d,2026-03-26T08:35:00+00:00
2502,2502.T,2502.jp,2010-02-25,446.70,446.95,435.42,437.23,6716767,https://stooq.com/q/d/l/?s=2502.jp&i=d,2026-03-26T08:35:00+00:00
2502,2502.T,2502.jp,2010-02-26,431.84,436.97,431.33,436.20,6775765,https://stooq.com/q/d/l/?s=2502.jp&i=d,2026-03-26T08:35:00+00:00
2502,2502.T,2502.jp,2010-03-01,435.69,437.47,431.59,432.87,4815495,https://stooq.com/q/d/l/?s=2502.jp&i=d,2026-03-26T08:35:00+00:00
2502,2502.T,2502.jp,2010-03-02,433.13,436.20,430.05,435.95,5807734,https://stooq.com/q/d/l/?s=2502.jp&i=d,2026-03-26T08:35:00+00:00
2502,2502.T,2502.jp,2010-03-03,444.38,444.38,430.57,433.13,9485673,https://stooq.com/q/d/l/?s=2502.jp&i=d,2026-03-26T08:35:00+00:00
2502,2502.T,2502.jp,2010-03-04,434.67,436.20,429.03,431.07,6082358,https://stooq.com/q/d/l/?s=2502.jp&i=d,2026-03-26T08:35:00+00:00
2502,2502.T,2502.jp,2010-03-05,432.10,440.03,432.10,440.03,7574246,https://stooq.com/q/d/l/?s=2502.jp&i=d,2026-03-26T08:35:00+00:00
2502,2502.T,2502.jp,2010-03-08,446.70,447.72,442.34,444.38,5154971,https://stooq.com/q/d/l/?s=2502.jp&i=d,2026-03-26T08:35:00+00:00
2502,2502.T,2502.jp,2010-03-09,445.16,448.49,442.09,444.38,4702597,https://stooq.com/q/d/l/?s=2502.jp&i=d,2026-03-26T08:35:00+00:00
2502,2502.T,2502.jp,2010-03-10,443.37,455.40,442.34,452.32,7334777,https://stooq.com/q/d/l/?s=2502.jp&i=d,2026-03-26T08:35:00+00:00
2502,2502.T,2502.jp,2010-03-11,456.93,458.98,454.89,458.48,7094921,https://stooq.com/q/d/l/?s=2502.jp&i=d,2026-03-26T08:35:00+00:00
2502,2502.T,2502.jp,2010-03-12,464.36,465.39,455.40,457.96,19857722,https://stooq.com/q/d/l/?s=2502.jp&i=d,2026-03-26T08:35:00+00:00
2502,2502.T,2502.jp,2010-03-15,458.73,460.52,450.54,454.12,6554658,https://stooq.com/q/d/l/?s=2502.jp&i=d,2026-03-26T08:35:00+00:00
2502,2502.T,2502.jp,2010-03-16,453.60,456.42,452.32,453.88,6223779,https://stooq.com/q/d/l/?s=2502.jp&i=d,2026-03-26T08:35:00+00:00
2502,2502.T,2502.jp,2010-03-17,458.73,460.77,455.40,458.73,6963662,https://stooq.com/q/d/l/?s=2502.jp&i=d,2026-03-26T08:35:00+00:00
2502,2502.T,2502.jp,2010-03-18,458.73,462.31,457.19,458.98,7466809,https://stooq.com/q/d/l/?s=2502.jp&i=d,2026-03-26T08:35:00+00:00
2502,2502.T,2502.jp,2010-03-19,463.33,464.11,459.50,460.27,7181250,https://stooq.com/q/d/l/?s=2502.jp&i=d,2026-03-26T08:35:00+00:00
2502,2502.T,2502.jp,2010-03-23,460.01,461.29,453.88,454.89,8603202,https://stooq.com/q/d/l/?s=2502.jp&i=d,2026-03-26T08:35:00+00:00
2502,2502.T,2502.jp,2010-03-24,448.23,451.31,441.83,443.62,14164449,https://stooq.com/q/d/l/?s=2502.jp&i=d,2026-03-26T08:35:00+00:00
2502,2502.T,2502.jp,2010-03-25,444.90,444.90,439.02,439.02,8889158,https://stooq.com/q/d/l/?s=2502.jp&i=d,2026-03-26T08:35:00+00:00
2502,2502.T,2502.jp,2010-03-26,444.90,448.74,442.34,448.23,8442259,https://stooq.com/q/d/l/?s=2502.jp&i=d,2026-03-26T08:35:00+00:00
2502,2502.T,2502.jp,2010-03-29,450.01,450.28,444.14,445.41,7976219,https://stooq.com/q/d/l/?s=2502.jp&i=d,2026-03-26T08:35:00+00:00
2502,2502.T,2502.jp,2010-03-30,443.62,448.74,442.34,446.70,8067625,https://stooq.com/q/d/l/?s=2502.jp&i=d,2026-03-26T08:35:00+00:00
2502,2502.T,2502.jp,2010-03-31,443.62,449.76,443.37,448.74,9163388,https://stooq.com/q/d/l/?s=2502.jp&i=d,2026-03-26T08:35:00+00:00
2502,2502.T,2502.jp,2010-04-01,447.97,448.23,444.64,447.20,11070919,https://stooq.com/q/d/l/?s=2502.jp&i=d,2026-03-26T08:35:00+00:00
2502,2502.T,2502.jp,2010-04-02,447.72,448.49,442.09,444.90,9980624,https://stooq.com/q/d/l/?s=2502.jp&i=d,2026-03-26T08:35:00+00:00
2502,2502.T,2502.jp,2010-04-05,444.90,446.18,442.86,444.90,6910143,https://stooq.com/q/d/l/?s=2502.jp&i=d,2026-03-26T08:35:00+00:00
2502,2502.T,2502.jp,2010-04-06,443.88,445.41,440.81,442.34,9171602,https://stooq.com/q/d/l/?s=2502.jp&i=d,2026-03-26T08:35:00+00:00
2502,2502.T,2502.jp,2010-04-07,442.86,447.97,441.31,446.70,7846524,https://stooq.com/q/d/l/?s=2502.jp&i=d,2026-03-26T08:35:00+00:00
2502,2502.T,2502.jp,2010-04-08,446.95,450.54,444.64,446.70,8357491,https://stooq.com/q/d/l/?s=2502.jp&i=d,2026-03-26T08:35:00+00:00
2502,2502.T,2502.jp,2010-04-09,447.20,454.37,447.20,454.12,15580152,https://stooq.com/q/d/l/?s=2502.jp&i=d,2026-03-26T08:35:00+00:00
2502,2502.T,2502.jp,2010-04-12,460.77,463.58,454.62,455.15,9515364,https://stooq.com/q/d/l/?s=2502.jp&i=d,2026-03-26T08:35:00+00:00
2502,2502.T,2502.jp,2010-04-13,449.52,451.05,444.38,447.97,6160097,https://stooq.com/q/d/l/?s=2502.jp&i=d,2026-03-26T08:35:00+00:00
2502,2502.T,2502.jp,2010-04-14,448.23,450.79,446.18,447.20,5344039,https://stooq.com/q/d/l/?s=2502.jp&i=d,2026-03-26T08:35:00+00:00
2502,2502.T,2502.jp,2010-04-15,451.56,452.58,448.74,451.81,4656898,https://stooq.com/q/d/l/?s=2502.jp&i=d,2026-03-26T08:35:00+00:00
2502,2502.T,2502.jp,2010-04-16,454.62,455.40,445.67,447.20,5655783,https://stooq.com/q/d/l/?s=2502.jp&i=d,2026-03-26T08:35:00+00:00
2502,2502.T,2502.jp,2010-04-19,445.41,445.67,436.46,441.31,8262168,https://stooq.com/q/d/l/?s=2502.jp&i=d,2026-03-26T08:35:00+00:00
2502,2502.T,2502.jp,2010-04-20,441.31,441.57,438.25,439.79,5288962,https://stooq.com/q/d/l/?s=2502.jp&i=d,2026-03-26T08:35:00+00:00
2502,2502.T,2502.jp,2010-04-21,441.57,443.37,439.52,441.83,7619946,https://stooq.com/q/d/l/?s=2502.jp&i=d,2026-03-26T08:35:00+00:00
2502,2502.T,2502.jp,2010-04-22,438.51,439.02,432.61,435.69,7680111,https://stooq.com/q/d/l/?s=2502.jp&i=d,2026-03-26T08:35:00+00:00
2502,2502.T,2502.jp,2010-04-23,434.15,436.20,432.10,435.95,4967457,https://stooq.com/q/d/l/?s=2502.jp&i=d,2026-03-26T08:35:00+00:00
2502,2502.T,2502.jp,2010-04-26,442.86,443.88,440.81,443.88,5821416,https://stooq.com/q/d/l/?s=2502.jp&i=d,2026-03-26T08:35:00+00:00
2502,2502.T,2502.jp,2010-04-27,438.25,440.56,435.69,436.97,4131472,https://stooq.com/q/d/l/?s=2502.jp&i=d,2026-03-26T08:35:00+00:00
2502,2502.T,2502.jp,2010-04-28,431.33,431.84,425.20,426.47,8581718,https://stooq.com/q/d/l/?s=2502.jp&i=d,2026-03-26T08:35:00+00:00
2502,2502.T,2502.jp,2010-04-30,431.59,433.89,431.07,433.38,7974264,https://stooq.com/q/d/l/?s=2502.jp&i=d,2026-03-26T08:35:00+00:00
2502,2502.T,2502.jp,2010-05-06,423.14,426.99,415.72,418.80,11999488,https://stooq.com/q/d/l/?s=2502.jp&i=d,2026-03-26T08:35:00+00:00
2502,2502.T,2502.jp,2010-05-07,408.56,415.21,403.69,407.52,9206746,https://stooq.com/q/d/l/?s=2502.jp&i=d,2026-03-26T08:35:00+00:00
2502,2502.T,2502.jp,2010-05-10,411.63,416.74,409.06,415.21,7579323,https://stooq.com/q/d/l/?s=2502.jp&i=d,2026-03-26T08:35:00+00:00
2502,2502.T,2502.jp,2010-05-11,415.47,416.49,409.59,410.34,8619612,https://stooq.com/q/d/l/?s=2502.jp&i=d,2026-03-26T08:35:00+00:00
2502,2502.T,2502.jp,2010-05-12,413.15,414.95,407.78,414.18,7961373,https://stooq.com/q/d/l/?s=2502.jp&i=d,2026-03-26T08:35:00+00:00
2502,2502.T,2502.jp,2010-05-13,417.00,421.61,415.21,419.31,7591426,https://stooq.com/q/d/l/?s=2502.jp&i=d,2026-03-26T08:35:00+00:00
2502,2502.T,2502.jp,2010-05-14,412.91,420.84,412.40,417.51,6020635,https://stooq.com/q/d/l/?s=2502.jp&i=d,2026-03-26T08:35:00+00:00
2502,2502.T,2502.jp,2010-05-17,424.17,424.17,412.91,413.67,8895019,https://stooq.com/q/d/l/?s=2502.jp&i=d,2026-03-26T08:35:00+00:00
2502,2502.T,2502.jp,2010-05-18,412.40,419.82,412.13,417.00,7054679,https://stooq.com/q/d/l/?s=2502.jp&i=d,2026-03-26T08:35:00+00:00
2502,2502.T,2502.jp,2010-05-19,413.67,415.72,410.86,413.93,5980407,https://stooq.com/q/d/l/?s=2502.jp&i=d,2026-03-26T08:35:00+00:00
2502,2502.T,2502.jp,2010-05-20,412.65,415.47,410.86,412.91,5477636,https://stooq.com/q/d/l/?s=2502.jp&i=d,2026-03-26T08:35:00+00:00
2502,2502.T,2502.jp,2010-05-21,406.76,407.02,401.13,402.42,8548511,https://stooq.com/q/d/l/?s=2502.jp&i=d,2026-03-26T08:35:00+00:00
2502,2502.T,2502.jp,2010-05-24,399.33,400.37,393.45,395.24,8512963,https://stooq.com/q/d/l/?s=2502.jp&i=d,2026-03-26T08:35:00+00:00
2502,2502.T,2502.jp,2010-05-25,391.91,394.73,386.55,390.64,9355979,https://stooq.com/q/d/l/?s=2502.jp&i=d,2026-03-26T08:35:00+00:00
2502,2502.T,2502.jp,2010-05-26,389.10,393.97,381.68,382.95,11553764,https://stooq.com/q/d/l/?s=2502.jp&i=d,2026-03-26T08:35:00+00:00
2502,2502.T,2502.jp,2010-05-27,382.70,388.84,377.84,387.57,8173880,https://stooq.com/q/d/l/?s=2502.jp&i=d,2026-03-26T08:35:00+00:00
2502,2502.T,2502.jp,2010-05-28,389.35,392.69,385.52,388.84,7678153,https://stooq.com/q/d/l/?s=2502.jp&i=d,2026-03-26T08:35:00+00:00
2502,2502.T,2502.jp,2010-05-31,395.24,396.78,389.35,393.70,6338237,https://stooq.com/q/d/l/?s=2502.jp&i=d,2026-03-26T08:35:00+00:00
2502,2502.T,2502.jp,2010-06-01,389.87,392.43,383.97,390.38,5535850,https://stooq.com/q/d/l/?s=2502.jp&i=d,2026-03-26T08:35:00+00:00
2502,2502.T,2502.jp,2010-06-02,387.82,395.75,387.57,388.84,8146155,https://stooq.com/q/d/l/?s=2502.jp&i=d,2026-03-26T08:35:00+00:00
2502,2502.T,2502.jp,2010-06-03,395.75,397.55,392.17,393.70,4540484,https://stooq.com/q/d/l/?s=2502.jp&i=d,2026-03-26T08:35:00+00:00
2502,2502.T,2502.jp,2010-06-04,393.20,396.26,392.69,395.24,5345994,https://stooq.com/q/d/l/?s=2502.jp&i=d,2026-03-26T08:35:00+00:00
2502,2502.T,2502.jp,2010-06-07,385.00,390.12,382.70,385.26,4244377,https://stooq.com/q/d/l/?s=2502.jp&i=d,2026-03-26T08:35:00+00:00
2502,2502.T,2502.jp,2010-06-08,385.52,385.77,380.65,383.21,5235052,https://stooq.com/q/d/l/?s=2502.jp&i=d,2026-03-26T08:35:00+00:00
2502,2502.T,2502.jp,2010-06-09,379.38,383.47,377.06,381.93,5466697,https://stooq.com/q/d/l/?s=2502.jp&i=d,2026-03-26T08:35:00+00:00
2502,2502.T,2502.jp,2010-06-10,383.21,388.33,382.44,386.80,4245154,https://stooq.com/q/d/l/?s=2502.jp&i=d,2026-03-26T08:35:00+00:00
2502,2502.T,2502.jp,2010-06-11,387.31,390.12,384.48,389.61,18239667,https://stooq.com/q/d/l/?s=2502.jp&i=d,2026-03-26T08:35:00+00:00
2502,2502.T,2502.jp,2010-06-14,395.49,402.42,393.70,398.83,7784024,https://stooq.com/q/d/l/?s=2502.jp&i=d,2026-03-26T08:35:00+00:00
2502,2502.T,2502.jp,2010-06-15,396.78,401.89,396.26,400.11,4650252,https://stooq.com/q/d/l/?s=2502.jp&i=d,2026-03-26T08:35:00+00:00
2502,2502.T,2502.jp,2010-06-16,403.18,404.19,399.85,402.92,7178515,https://stooq.com/q/d/l/?s=2502.jp&i=d,2026-03-26T08:35:00+00:00
2502,2502.T,2502.jp,2010-06-17,398.83,403.44,397.03,400.62,5780393,https://stooq.com/q/d/l/?s=2502.jp&i=d,2026-03-26T08:35:00+00:00
2502,2502.T,2502.jp,2010-06-18,402.92,403.94,399.33,402.16,3990059,https://stooq.com/q/d/l/?s=2502.jp&i=d,2026-03-26T08:35:00+00:00
2502,2502.T,2502.jp,2010-06-21,404.72,408.56,403.94,407.78,4414303,https://stooq.com/q/d/l/?s=2502.jp&i=d,2026-03-26T08:35:00+00:00
2502,2502.T,2502.jp,2010-06-22,408.05,410.86,406.51,407.27,4687365,https://stooq.com/q/d/l/?s=2502.jp&i=d,2026-03-26T08:35:00+00:00
2502,2502.T,2502.jp,2010-06-23,404.72,405.49,402.16,402.67,4024440,https://stooq.com/q/d/l/?s=2502.jp&i=d,2026-03-26T08:35:00+00:00
2502,2502.T,2502.jp,2010-06-24,400.62,407.52,399.60,405.49,4043185,https://stooq.com/q/d/l/?s=2502.jp&i=d,2026-03-26T08:35:00+00:00
2502,2502.T,2502.jp,2010-06-25,401.13,403.44,399.85,403.44,5603828,https://stooq.com/q/d/l/?s=2502.jp&i=d,2026-03-26T08:35:00+00:00
2502,2502.T,2502.jp,2010-06-28,403.44,404.46,401.13,403.44,4655727,https://stooq.com/q/d/l/?s=2502.jp&i=d,2026-03-26T08:35:00+00:00
2502,2502.T,2502.jp,2010-06-29,403.69,403.69,388.59,391.15,9592316,https://stooq.com/q/d/l/?s=2502.jp&i=d,2026-03-26T08:35:00+00:00
2502,2502.T,2502.jp,2010-06-30,386.55,386.80,381.43,385.77,9009478,https://stooq.com/q/d/l/?s=2502.jp&i=d,2026-03-26T08:35:00+00:00
2502,2502.T,2502.jp,2010-07-01,383.97,384.74,381.16,383.47,5256149,https://stooq.com/q/d/l/?s=2502.jp&i=d,2026-03-26T08:35:00+00:00
2502,2502.T,2502.jp,2010-07-02,382.19,382.70,378.86,380.40,3713484,https://stooq.com/q/d/l/?s=2502.jp&i=d,2026-03-26T08:35:00+00:00
2502,2502.T,2502.jp,2010-07-05,378.86,380.40,375.54,377.32,7208606,https://stooq.com/q/d/l/?s=2502.jp&i=d,2026-03-26T08:35:00+00:00
2502,2502.T,2502.jp,2010-07-06,375.01,377.06,373.74,376.30,6318321,https://stooq.com/q/d/l/?s=2502.jp&i=d,2026-03-26T08:35:00+00:00
2502,2502.T,2502.jp,2010-07-07,377.06,377.32,374.26,375.79,6358163,https://stooq.com/q/d/l/?s=2502.jp&i=d,2026-03-26T08:35:00+00:00
2502,2502.T,2502.jp,2010-07-08,383.47,388.07,382.70,387.57,7675027,https://stooq.com/q/d/l/?s=2502.jp&i=d,2026-03-26T08:35:00+00:00
2502,2502.T,2502.jp,2010-07-09,390.89,390.89,385.77,387.31,9648180,https://stooq.com/q/d/l/?s=2502.jp&i=d,2026-03-26T08:35:00+00:00
2502,2502.T,2502.jp,2010-07-12,384.48,390.38,383.47,384.24,8068022,https://stooq.com/q/d/l/?s=2502.jp&i=d,2026-03-26T08:35:00+00:00
2502,2502.T,2502.jp,2010-07-13,383.47,383.72,376.55,377.32,7521117,https://stooq.com/q/d/l/?s=2502.jp&i=d,2026-03-26T08:35:00+00:00
2502,2502.T,2502.jp,2010-07-14,383.97,385.26,382.44,383.21,6833184,https://stooq.com/q/d/l/?s=2502.jp&i=d,2026-03-26T08:35:00+00:00
2502,2502.T,2502.jp,2010-07-15,378.34,378.34,376.05,376.55,7590649,https://stooq.com/q/d/l/?s=2502.jp&i=d,2026-03-26T08:35:00+00:00
2502,2502.T,2502.jp,2010-07-16,375.01,378.09,368.63,368.88,9174330,https://stooq.com/q/d/l/?s=2502.jp&i=d,2026-03-26T08:35:00+00:00
2502,2502.T,2502.jp,2010-07-20,367.86,378.09,365.29,374.26,11888539,https://stooq.com/q/d/l/?s=2502.jp&i=d,2026-03-26T08:35:00+00:00
2502,2502.T,2502.jp,2010-07-21,378.86,380.40,376.30,376.81,7739098,https://stooq.com/q/d/l/?s=2502.jp&i=d,2026-03-26T08:35:00+00:00
2502,2502.T,2502.jp,2010-07-22,376.30,381.16,373.74,379.88,10526749,https://stooq.com/q/d/l/?s=2502.jp&i=d,2026-03-26T08:35:00+00:00
2502,2502.T,2502.jp,2010-07-23,387.31,397.03,386.03,394.47,16212213,https://stooq.com/q/d/l/?s=2502.jp&i=d,2026-03-26T08:35:00+00:00
2502,2502.T,2502.jp,2010-07-26,399.85,401.13,393.70,394.73,7482829,https://stooq.com/q/d/l/?s=2502.jp&i=d,2026-03-26T08:35:00+00:00
2502,2502.T,2502.jp,2010-07-27,392.69,396.26,389.61,395.49,5312787,https://stooq.com/q/d/l/?s=2502.jp&i=d,2026-03-26T08:35:00+00:00
2502,2502.T,2502.jp,2010-07-28,403.94,406.51,402.16,403.69,9439190,https://stooq.com/q/d/l/?s=2502.jp&i=d,2026-03-26T08:35:00+00:00
2502,2502.T,2502.jp,2010-07-29,401.64,405.74,399.85,401.89,12315128,https://stooq.com/q/d/l/?s=2502.jp&i=d,2026-03-26T08:35:00+00:00
2502,2502.T,2502.jp,2010-07-30,401.13,401.38,391.91,391.91,7937934,https://stooq.com/q/d/l/?s=2502.jp&i=d,2026-03-26T08:35:00+00:00
2502,2502.T,2502.jp,2010-08-02,394.22,400.87,394.22,397.80,6078852,https://stooq.com/q/d/l/?s=2502.jp&i=d,2026-03-26T08:35:00+00:00
2502,2502.T,2502.jp,2010-08-03,403.94,404.46,396.26,400.62,7907470,https://stooq.com/q/d/l/?s=2502.jp&i=d,2026-03-26T08:35:00+00:00
2502,2502.T,2502.jp,2010-08-04,397.03,402.42,392.69,400.62,8574685,https://stooq.com/q/d/l/?s=2502.jp&i=d,2026-03-26T08:35:00+00:00
2502,2502.T,2502.jp,2010-08-05,409.59,415.72,404.72,408.80,12108862,https://stooq.com/q/d/l/?s=2502.jp&i=d,2026-03-26T08:35:00+00:00
2502,2502.T,2502.jp,2010-08-06,408.05,417.26,403.69,414.44,9647407,https://stooq.com/q/d/l/?s=2502.jp&i=d,2026-03-26T08:35:00+00:00
2502,2502.T,2502.jp,2010-08-09,410.60,417.26,410.60,414.95,8171152,https://stooq.com/q/d/l/?s=2502.jp&i=d,2026-03-26T08:35:00+00:00
2502,2502.T,2502.jp,2010-08-10,416.74,419.31,410.60,414.70,7413297,https://stooq.com/q/d/l/?s=2502.jp&i=d,2026-03-26T08:35:00+00:00
2502,2502.T,2502.jp,2010-08-11,411.12,412.65,405.74,407.27,4584232,https://stooq.com/q/d/l/?s=2502.jp&i=d,2026-03-26T08:35:00+00:00
2502,2502.T,2502.jp,2010-08-12,397.55,404.46,396.78,402.42,8131303,https://stooq.com/q/d/l/?s=2502.jp&i=d,2026-03-26T08:35:00+00:00
2502,2502.T,2502.jp,2010-08-13,400.62,403.69,399.60,400.87,8224278,https://stooq.com/q/d/l/?s=2502.jp&i=d,2026-03-26T08:35:00+00:00
2502,2502.T,2502.jp,2010-08-16,400.87,414.70,399.85,410.60,13658563,https://stooq.com/q/d/l/?s=2502.jp&i=d,2026-03-26T08:35:00+00:00
2502,2502.T,2502.jp,2010-08-17,407.02,422.38,407.02,421.87,12016281,https://stooq.com/q/d/l/?s=2502.jp&i=d,2026-03-26T08:35:00+00:00
2502,2502.T,2502.jp,2010-08-18,422.63,424.17,416.49,418.03,7928954,https://stooq.com/q/d/l/?s=2502.jp&i=d,2026-03-26T08:35:00+00:00
2502,2502.T,2502.jp,2010-08-19,418.54,420.58,416.49,418.03,6343311,https://stooq.com/q/d/l/?s=2502.jp&i=d,2026-03-26T08:35:00+00:00
2502,2502.T,2502.jp,2010-08-20,414.70,417.26,412.65,414.44,5468663,https://stooq.com/q/d/l/?s=2502.jp&i=d,2026-03-26T08:35:00+00:00
2502,2502.T,2502.jp,2010-08-23,414.44,420.33,412.91,417.00,5595618,https://stooq.com/q/d/l/?s=2502.jp&i=d,2026-03-26T08:35:00+00:00
2502,2502.T,2502.jp,2010-08-24,413.42,415.98,408.56,409.83,7521894,https://stooq.com/q/d/l/?s=2502.jp&i=d,2026-03-26T08:35:00+00:00
2502,2502.T,2502.jp,2010-08-25,404.46,408.29,403.18,405.49,6948037,https://stooq.com/q/d/l/?s=2502.jp&i=d,2026-03-26T08:35:00+00:00
2502,2502.T,2502.jp,2010-08-26,407.52,408.80,400.62,407.52,10555656,https://stooq.com/q/d/l/?s=2502.jp&i=d,2026-03-26T08:35:00+00:00
2502,2502.T,2502.jp,2010-08-27,407.78,412.65,406.76,411.37,8497730,https://stooq.com/q/d/l/?s=2502.jp&i=d,2026-03-26T08:35:00+00:00
2502,2502.T,2502.jp,2010-08-30,414.95,420.33,414.70,416.49,5524127,https://stooq.com/q/d/l/?s=2502.jp&i=d,2026-03-26T08:35:00+00:00
2502,2502.T,2502.jp,2010-08-31,409.83,412.65,404.46,405.74,5804229,https://stooq.com/q/d/l/?s=2502.jp&i=d,2026-03-26T08:35:00+00:00
2502,2502.T,2502.jp,2010-09-01,403.69,404.72,395.75,403.69,7886764,https://stooq.com/q/d/l/?s=2502.jp&i=d,2026-03-26T08:35:00+00:00
2502,2502.T,2502.jp,2010-09-02,412.13,415.98,408.29,415.72,8890336,https://stooq.com/q/d/l/?s=2502.jp&i=d,2026-03-26T08:35:00+00:00
2502,2502.T,2502.jp,2010-09-03,416.23,417.77,405.74,409.06,6828888,https://stooq.com/q/d/l/?s=2502.jp&i=d,2026-03-26T08:35:00+00:00
2502,2502.T,2502.jp,2010-09-06,409.32,409.59,403.18,408.56,7445712,https://stooq.com/q/d/l/?s=2502.jp&i=d,2026-03-26T08:35:00+00:00
2502,2502.T,2502.jp,2010-09-07,407.78,408.56,403.69,404.97,4226402,https://stooq.com/q/d/l/?s=2502.jp&i=d,2026-03-26T08:35:00+00:00
2502,2502.T,2502.jp,2010-09-08,400.11,408.05,399.85,406.25,5201458,https://stooq.com/q/d/l/?s=2502.jp&i=d,2026-03-26T08:35:00+00:00
2502,2502.T,2502.jp,2010-09-09,407.52,408.05,402.92,406.51,4224064,https://stooq.com/q/d/l/?s=2502.jp&i=d,2026-03-26T08:35:00+00:00
2502,2502.T,2502.jp,2010-09-10,409.32,412.91,405.23,408.80,13764031,https://stooq.com/q/d/l/?s=2502.jp&i=d,2026-03-26T08:35:00+00:00
2502,2502.T,2502.jp,2010-09-13,410.34,413.42,408.56,409.06,5701876,https://stooq.com/q/d/l/?s=2502.jp&i=d,2026-03-26T08:35:00+00:00
2502,2502.T,2502.jp,2010-09-14,407.02,412.40,407.02,410.09,4973712,https://stooq.com/q/d/l/?s=2502.jp&i=d,2026-03-26T08:35:00+00:00
2502,2502.T,2502.jp,2010-09-15,410.60,419.06,408.56,415.72,7733233,https://stooq.com/q/d/l/?s=2502.jp&i=d,2026-03-26T08:35:00+00:00
2502,2502.T,2502.jp,2010-09-16,415.98,417.00,402.16,402.92,14573451,https://stooq.com/q/d/l/?s=2502.jp&i=d,2026-03-26T08:35:00+00:00
2502,2502.T,2502.jp,2010-09-17,406.76,409.06,404.46,405.74,7619946,https://stooq.com/q/d/l/?s=2502.jp&i=d,2026-03-26T08:35:00+00:00
2502,2502.T,2502.jp,2010-09-21,411.37,413.42,407.78,412.13,7556278,https://stooq.com/q/d/l/?s=2502.jp&i=d,2026-03-26T08:35:00+00:00
2502,2502.T,2502.jp,2010-09-22,412.13,413.42,407.78,410.09,6476131,https://stooq.com/q/d/l/?s=2502.jp&i=d,2026-03-26T08:35:00+00:00
2502,2502.T,2502.jp,2010-09-24,399.85,418.28,399.60,416.23,15666478,https://stooq.com/q/d/l/?s=2502.jp&i=d,2026-03-26T08:35:00+00:00
2502,2502.T,2502.jp,2010-09-27,416.23,423.40,415.72,422.38,9521229,https://stooq.com/q/d/l/?s=2502.jp&i=d,2026-03-26T08:35:00+00:00
2502,2502.T,2502.jp,2010-09-28,422.12,422.12,418.28,419.82,4889331,https://stooq.com/q/d/l/?s=2502.jp&i=d,2026-03-26T08:35:00+00:00
2502,2502.T,2502.jp,2010-09-29,423.67,431.59,422.12,429.29,10102505,https://stooq.com/q/d/l/?s=2502.jp&i=d,2026-03-26T08:35:00+00:00
2502,2502.T,2502.jp,2010-09-30,429.80,431.33,425.96,427.49,8413356,https://stooq.com/q/d/l/?s=2502.jp&i=d,2026-03-26T08:35:00+00:00
2502,2502.T,2502.jp,2010-10-01,428.01,431.33,426.47,429.03,8281707,https://stooq.com/q/d/l/?s=2502.jp&i=d,2026-03-26T08:35:00+00:00
2502,2502.T,2502.jp,2010-10-04,431.07,432.36,427.24,428.27,7981303,https://stooq.com/q/d/l/?s=2502.jp&i=d,2026-03-26T08:35:00+00:00
2502,2502.T,2502.jp,2010-10-05,428.52,429.29,422.38,428.27,9355202,https://stooq.com/q/d/l/?s=2502.jp&i=d,2026-03-26T08:35:00+00:00
2502,2502.T,2502.jp,2010-10-06,428.52,431.07,428.27,430.57,6278068,https://stooq.com/q/d/l/?s=2502.jp&i=d,2026-03-26T08:35:00+00:00
2502,2502.T,2502.jp,2010-10-07,425.96,430.83,423.67,426.99,6126507,https://stooq.com/q/d/l/?s=2502.jp&i=d,2026-03-26T08:35:00+00:00
2502,2502.T,2502.jp,2010-10-08,427.24,427.24,416.49,416.49,11223662,https://stooq.com/q/d/l/?s=2502.jp&i=d,2026-03-26T08:35:00+00:00
2502,2502.T,2502.jp,2010-10-12,419.06,420.84,410.09,410.86,10454081,https://stooq.com/q/d/l/?s=2502.jp&i=d,2026-03-26T08:35:00+00:00
2502,2502.T,2502.jp,2010-10-13,418.28,419.56,411.12,412.65,7422667,https://stooq.com/q/d/l/?s=2502.jp&i=d,2026-03-26T08:35:00+00:00
2502,2502.T,2502.jp,2010-10-14,419.56,421.87,411.63,420.08,12131911,https://stooq.com/q/d/l/?s=2502.jp&i=d,2026-03-26T08:35:00+00:00
2502,2502.T,2502.jp,2010-10-15,420.08,420.08,413.67,418.80,8431711,https://stooq.com/q/d/l/?s=2502.jp&i=d,2026-03-26T08:35:00+00:00
2502,2502.T,2502.jp,2010-10-18,419.31,423.40,416.74,418.80,6032755,https://stooq.com/q/d/l/?s=2502.jp&i=d,2026-03-26T08:35:00+00:00
2502,2502.T,2502.jp,2010-10-19,420.33,424.68,419.82,421.61,4856131,https://stooq.com/q/d/l/?s=2502.jp&i=d,2026-03-26T08:35:00+00:00
2502,2502.T,2502.jp,2010-10-20,416.74,421.61,413.42,419.31,7425020,https://stooq.com/q/d/l/?s=2502.jp&i=d,2026-03-26T08:35:00+00:00
2502,2502.T,2502.jp,2010-10-21,418.03,422.12,413.15,417.77,8637186,https://stooq.com/q/d/l/?s=2502.jp&i=d,2026-03-26T08:35:00+00:00
2502,2502.T,2502.jp,2010-10-22,421.61,426.73,421.10,422.38,6870294,https://stooq.com/q/d/l/?s=2502.jp&i=d,2026-03-26T08:35:00+00:00
2502,2502.T,2502.jp,2010-10-25,423.14,427.49,420.33,421.10,4983870,https://stooq.com/q/d/l/?s=2502.jp&i=d,2026-03-26T08:35:00+00:00
2502,2502.T,2502.jp,2010-10-26,420.08,426.22,418.54,421.36,4702597,https://stooq.com/q/d/l/?s=2502.jp&i=d,2026-03-26T08:35:00+00:00
2502,2502.T,2502.jp,2010-10-27,420.58,423.40,418.28,421.87,3763484,https://stooq.com/q/d/l/?s=2502.jp&i=d,2026-03-26T08:35:00+00:00
2502,2502.T,2502.jp,2010-10-28,418.54,419.82,410.86,413.67,10283381,https://stooq.com/q/d/l/?s=2502.jp&i=d,2026-03-26T08:35:00+00:00
2502,2502.T,2502.jp,2010-10-29,417.26,418.80,408.56,415.98,8006690,https://stooq.com/q/d/l/?s=2502.jp&i=d,2026-03-26T08:35:00+00:00
2502,2502.T,2502.jp,2010-11-01,412.40,418.80,408.05,409.32,3566212,https://stooq.com/q/d/l/?s=2502.jp&i=d,2026-03-26T08:35:00+00:00
2502,2502.T,2502.jp,2010-11-02,405.23,410.34,404.46,407.27,5066293,https://stooq.com/q/d/l/?s=2502.jp&i=d,2026-03-26T08:35:00+00:00
2502,2502.T,2502.jp,2010-11-04,405.23,409.32,397.80,402.16,13066344,https://stooq.com/q/d/l/?s=2502.jp&i=d,2026-03-26T08:35:00+00:00
2502,2502.T,2502.jp,2010-11-05,406.25,413.42,402.67,409.83,9274724,https://stooq.com/q/d/l/?s=2502.jp&i=d,2026-03-26T08:35:00+00:00
2502,2502.T,2502.jp,2010-11-08,411.89,414.95,408.80,412.91,5442481,https://stooq.com/q/d/l/?s=2502.jp&i=d,2026-03-26T08:35:00+00:00
2502,2502.T,2502.jp,2010-11-09,413.15,413.67,408.80,411.63,7365241,https://stooq.com/q/d/l/?s=2502.jp&i=d,2026-03-26T08:35:00+00:00
2502,2502.T,2502.jp,2010-11-10,411.37,414.18,410.86,414.18,7827376,https://stooq.com/q/d/l/?s=2502.jp&i=d,2026-03-26T08:35:00+00:00
2502,2502.T,2502.jp,2010-11-11,414.95,416.74,412.91,414.70,5798754,https://stooq.com/q/d/l/?s=2502.jp&i=d,2026-03-26T08:35:00+00:00
2502,2502.T,2502.jp,2010-11-12,414.44,419.31,412.91,415.47,6970304,https://stooq.com/q/d/l/?s=2502.jp&i=d,2026-03-26T08:35:00+00:00
2502,2502.T,2502.jp,2010-11-15,417.51,418.80,413.93,414.95,7287903,https://stooq.com/q/d/l/?s=2502.jp&i=d,2026-03-26T08:35:00+00:00
2502,2502.T,2502.jp,2010-11-16,417.77,420.33,413.42,417.00,8079742,https://stooq.com/q/d/l/?s=2502.jp&i=d,2026-03-26T08:35:00+00:00
2502,2502.T,2502.jp,2010-11-17,415.98,419.31,414.95,417.26,4425632,https://stooq.com/q/d/l/?s=2502.jp&i=d,2026-03-26T08:35:00+00:00
2502,2502.T,2502.jp,2010-11-18,421.10,427.49,419.82,427.24,6969130,https://stooq.com/q/d/l/?s=2502.jp&i=d,2026-03-26T08:35:00+00:00
2502,2502.T,2502.jp,2010-11-19,430.57,431.07,426.99,427.49,6606222,https://stooq.com/q/d/l/?s=2502.jp&i=d,2026-03-26T08:35:00+00:00
2502,2502.T,2502.jp,2010-11-22,432.10,432.10,429.54,430.05,4646736,https://stooq.com/q/d/l/?s=2502.jp&i=d,2026-03-26T08:35:00+00:00
2502,2502.T,2502.jp,2010-11-24,409.59,426.73,409.59,420.84,12730771,https://stooq.com/q/d/l/?s=2502.jp&i=d,2026-03-26T08:35:00+00:00
2502,2502.T,2502.jp,2010-11-25,424.43,426.22,421.10,423.14,5307316,https://stooq.com/q/d/l/?s=2502.jp&i=d,2026-03-26T08:35:00+00:00
2502,2502.T,2502.jp,2010-11-26,422.12,425.20,421.36,422.38,3098994,https://stooq.com/q/d/l/?s=2502.jp&i=d,2026-03-26T08:35:00+00:00
2502,2502.T,2502.jp,2010-11-29,422.63,426.99,421.87,425.20,2880235,https://stooq.com/q/d/l/?s=2502.jp&i=d,2026-03-26T08:35:00+00:00
2502,2502.T,2502.jp,2010-11-30,423.92,424.68,417.26,417.26,6967179,https://stooq.com/q/d/l/?s=2502.jp&i=d,2026-03-26T08:35:00+00:00
2502,2502.T,2502.jp,2010-12-01,416.49,417.00,412.91,415.98,7531268,https://stooq.com/q/d/l/?s=2502.jp&i=d,2026-03-26T08:35:00+00:00
2502,2502.T,2502.jp,2010-12-02,425.96,427.24,423.40,424.17,9328247,https://stooq.com/q/d/l/?s=2502.jp&i=d,2026-03-26T08:35:00+00:00
2502,2502.T,2502.jp,2010-12-03,428.78,428.78,421.10,421.10,5254978,https://stooq.com/q/d/l/?s=2502.jp&i=d,2026-03-26T08:35:00+00:00
2502,2502.T,2502.jp,2010-12-06,420.84,422.63,417.00,418.03,4422516,https://stooq.com/q/d/l/?s=2502.jp&i=d,2026-03-26T08:35:00+00:00
2502,2502.T,2502.jp,2010-12-07,418.03,421.61,414.70,420.08,7083599,https://stooq.com/q/d/l/?s=2502.jp&i=d,2026-03-26T08:35:00+00:00
2502,2502.T,2502.jp,2010-12-08,422.63,422.88,418.80,420.08,5744067,https://stooq.com/q/d/l/?s=2502.jp&i=d,2026-03-26T08:35:00+00:00
2502,2502.T,2502.jp,2010-12-09,420.33,421.10,415.72,417.26,6541764,https://stooq.com/q/d/l/?s=2502.jp&i=d,2026-03-26T08:35:00+00:00
2502,2502.T,2502.jp,2010-12-10,414.70,417.26,409.59,410.34,26477232,https://stooq.com/q/d/l/?s=2502.jp&i=d,2026-03-26T08:35:00+00:00
2502,2502.T,2502.jp,2010-12-13,410.09,410.86,407.02,409.83,10332206,https://stooq.com/q/d/l/?s=2502.jp&i=d,2026-03-26T08:35:00+00:00
2502,2502.T,2502.jp,2010-12-14,409.32,411.37,408.05,408.56,10232590,https://stooq.com/q/d/l/?s=2502.jp&i=d,2026-03-26T08:35:00+00:00
2502,2502.T,2502.jp,2010-12-15,408.29,409.83,408.29,408.80,8170371,https://stooq.com/q/d/l/?s=2502.jp&i=d,2026-03-26T08:35:00+00:00
2502,2502.T,2502.jp,2010-12-16,410.86,410.86,409.06,409.59,5626092,https://stooq.com/q/d/l/?s=2502.jp&i=d,2026-03-26T08:35:00+00:00
2502,2502.T,2502.jp,2010-12-17,409.59,410.34,408.29,408.80,6650755,https://stooq.com/q/d/l/?s=2502.jp&i=d,2026-03-26T08:35:00+00:00
2502,2502.T,2502.jp,2010-12-20,409.06,409.32,406.25,406.76,5339355,https://stooq.com/q/d/l/?s=2502.jp&i=d,2026-03-26T08:35:00+00:00
2502,2502.T,2502.jp,2010-12-21,406.25,409.59,406.25,408.80,6111268,https://stooq.com/q/d/l/?s=2502.jp&i=d,2026-03-26T08:35:00+00:00
2502,2502.T,2502.jp,2010-12-22,407.52,409.32,407.02,407.27,6174556,https://stooq.com/q/d/l/?s=2502.jp&i=d,2026-03-26T08:35:00+00:00
2502,2502.T,2502.jp,2010-12-24,406.76,407.27,404.46,404.46,5176061,https://stooq.com/q/d/l/?s=2502.jp&i=d,2026-03-26T08:35:00+00:00
2502,2502.T,2502.jp,2010-12-27,406.00,409.32,406.00,408.80,5685857,https://stooq.com/q/d/l/?s=2502.jp&i=d,2026-03-26T08:35:00+00:00
2502,2502.T,2502.jp,2010-12-28,406.51,407.27,405.49,405.74,3488856,https://stooq.com/q/d/l/?s=2502.jp&i=d,2026-03-26T08:35:00+00:00
2502,2502.T,2502.jp,2010-12-29,405.49,408.80,403.44,408.56,3172052,https://stooq.com/q/d/l/?s=2502.jp&i=d,2026-03-26T08:35:00+00:00
2502,2502.T,2502.jp,2010-12-30,407.52,407.52,402.67,402.67,3786929,https://stooq.com/q/d/l/?s=2502.jp&i=d,2026-03-26T08:35:00+00:00
2502,2502.T,2502.jp,2011-01-04,406.25,406.51,404.19,405.23,3609173,https://stooq.com/q/d/l/?s=2502.jp&i=d,2026-03-26T08:35:00+00:00
2502,2502.T,2502.jp,2011-01-05,404.97,405.74,403.94,404.19,3487302,https://stooq.com/q/d/l/?s=2502.jp&i=d,2026-03-26T08:35:00+00:00
2502,2502.T,2502.jp,2011-01-06,406.25,406.51,403.18,404.19,4256483,https://stooq.com/q/d/l/?s=2502.jp&i=d,2026-03-26T08:35:00+00:00
2502,2502.T,2502.jp,2011-01-07,404.46,404.97,400.87,403.44,6291753,https://stooq.com/q/d/l/?s=2502.jp&i=d,2026-03-26T08:35:00+00:00
2502,2502.T,2502.jp,2011-01-11,399.85,402.67,399.85,402.42,5678044,https://stooq.com/q/d/l/?s=2502.jp&i=d,2026-03-26T08:35:00+00:00
2502,2502.T,2502.jp,2011-01-12,404.72,406.76,402.16,405.49,4934253,https://stooq.com/q/d/l/?s=2502.jp&i=d,2026-03-26T08:35:00+00:00
2502,2502.T,2502.jp,2011-01-13,406.76,407.78,405.74,407.27,4168195,https://stooq.com/q/d/l/?s=2502.jp&i=d,2026-03-26T08:35:00+00:00
2502,2502.T,2502.jp,2011-01-14,403.44,406.76,403.18,404.72,7168364,https://stooq.com/q/d/l/?s=2502.jp&i=d,2026-03-26T08:35:00+00:00
2502,2502.T,2502.jp,2011-01-17,405.49,405.74,402.67,404.97,3531448,https://stooq.com/q/d/l/?s=2502.jp&i=d,2026-03-26T08:35:00+00:00
2502,2502.T,2502.jp,2011-01-18,403.69,406.00,403.44,403.94,3032197,https://stooq.com/q/d/l/?s=2502.jp&i=d,2026-03-26T08:35:00+00:00
2502,2502.T,2502.jp,2011-01-19,403.94,404.97,402.67,403.69,2614198,https://stooq.com/q/d/l/?s=2502.jp&i=d,2026-03-26T08:35:00+00:00
2502,2502.T,2502.jp,2011-01-20,402.42,405.23,400.87,403.44,6287066,https://stooq.com/q/d/l/?s=2502.jp&i=d,2026-03-26T08:35:00+00:00
2502,2502.T,2502.jp,2011-01-21,403.69,403.94,396.01,396.26,8758286,https://stooq.com/q/d/l/?s=2502.jp&i=d,2026-03-26T08:35:00+00:00
2502,2502.T,2502.jp,2011-01-24,399.33,401.38,396.78,401.38,5054971,https://stooq.com/q/d/l/?s=2502.jp&i=d,2026-03-26T08:35:00+00:00
2502,2502.T,2502.jp,2011-01-25,401.89,405.49,400.87,404.72,3993969,https://stooq.com/q/d/l/?s=2502.jp&i=d,2026-03-26T08:35:00+00:00
2502,2502.T,2502.jp,2011-01-26,401.13,401.38,396.01,397.80,6675755,https://stooq.com/q/d/l/?s=2502.jp&i=d,2026-03-26T08:35:00+00:00
2502,2502.T,2502.jp,2011-01-27,402.42,403.69,400.62,401.13,5759299,https://stooq.com/q/d/l/?s=2502.jp&i=d,2026-03-26T08:35:00+00:00
2502,2502.T,2502.jp,2011-01-28,399.33,400.11,392.94,395.00,6256978,https://stooq.com/q/d/l/?s=2502.jp&i=d,2026-03-26T08:35:00+00:00
2502,2502.T,2502.jp,2011-01-31,390.12,395.49,388.07,394.73,7555888,https://stooq.com/q/d/l/?s=2502.jp&i=d,2026-03-26T08:35:00+00:00
2502,2502.T,2502.jp,2011-02-01,393.70,394.73,388.59,391.65,5224510,https://stooq.com/q/d/l/?s=2502.jp&i=d,2026-03-26T08:35:00+00:00
2502,2502.T,2502.jp,2011-02-02,391.40,394.22,389.35,389.61,5519443,https://stooq.com/q/d/l/?s=2502.jp&i=d,2026-03-26T08:35:00+00:00
2502,2502.T,2502.jp,2011-02-03,390.12,393.45,389.61,392.43,4271718,https://stooq.com/q/d/l/?s=2502.jp&i=d,2026-03-26T08:35:00+00:00
2502,2502.T,2502.jp,2011-02-04,396.26,401.13,395.49,400.87,5015899,https://stooq.com/q/d/l/?s=2502.jp&i=d,2026-03-26T08:35:00+00:00
2502,2502.T,2502.jp,2011-02-07,403.44,403.44,398.06,399.60,4457281,https://stooq.com/q/d/l/?s=2502.jp&i=d,2026-03-26T08:35:00+00:00
2502,2502.T,2502.jp,2011-02-08,401.64,405.49,399.85,403.44,6289791,https://stooq.com/q/d/l/?s=2502.jp&i=d,2026-03-26T08:35:00+00:00
2502,2502.T,2502.jp,2011-02-09,407.27,409.32,401.38,401.38,10997083,https://stooq.com/q/d/l/?s=2502.jp&i=d,2026-03-26T08:35:00+00:00
2502,2502.T,2502.jp,2011-02-10,400.37,405.49,399.60,403.44,10652526,https://stooq.com/q/d/l/?s=2502.jp&i=d,2026-03-26T08:35:00+00:00
2502,2502.T,2502.jp,2011-02-14,403.69,405.49,402.16,403.69,10137667,https://stooq.com/q/d/l/?s=2502.jp&i=d,2026-03-26T08:35:00+00:00
2502,2502.T,2502.jp,2011-02-15,406.00,407.27,404.46,404.97,8628205,https://stooq.com/q/d/l/?s=2502.jp&i=d,2026-03-26T08:35:00+00:00
2502,2502.T,2502.jp,2011-02-16,406.51,406.51,403.18,404.72,5505765,https://stooq.com/q/d/l/?s=2502.jp&i=d,2026-03-26T08:35:00+00:00
2502,2502.T,2502.jp,2011-02-17,406.00,406.00,403.69,404.46,5013947,https://stooq.com/q/d/l/?s=2502.jp&i=d,2026-03-26T08:35:00+00:00
2502,2502.T,2502.jp,2011-02-18,405.49,406.76,403.94,404.72,5573357,https://stooq.com/q/d/l/?s=2502.jp&i=d,2026-03-26T08:35:00+00:00
2502,2502.T,2502.jp,2011-02-21,405.23,411.63,404.46,410.86,6836310,https://stooq.com/q/d/l/?s=2502.jp&i=d,2026-03-26T08:35:00+00:00
2502,2502.T,2502.jp,2011-02-22,409.06,411.89,406.76,410.86,7642207,https://stooq.com/q/d/l/?s=2502.jp&i=d,2026-03-26T08:35:00+00:00
2502,2502.T,2502.jp,2011-02-23,407.27,409.59,405.74,405.74,6414415,https://stooq.com/q/d/l/?s=2502.jp&i=d,2026-03-26T08:35:00+00:00
2502,2502.T,2502.jp,2011-02-24,406.00,407.52,403.69,404.46,4209218,https://stooq.com/q/d/l/?s=2502.jp&i=d,2026-03-26T08:35:00+00:00
2502,2502.T,2502.jp,2011-02-25,404.72,407.02,401.64,406.76,6193311,https://stooq.com/q/d/l/?s=2502.jp&i=d,2026-03-26T08:35:00+00:00
2502,2502.T,2502.jp,2011-02-28,404.19,404.19,397.03,403.44,7254302,https://stooq.com/q/d/l/?s=2502.jp&i=d,2026-03-26T08:35:00+00:00
2502,2502.T,2502.jp,2011-03-01,403.69,404.46,401.38,403.18,5324897,https://stooq.com/q/d/l/?s=2502.jp&i=d,2026-03-26T08:35:00+00:00
2502,2502.T,2502.jp,2011-03-02,402.92,404.97,395.24,395.75,7656672,https://stooq.com/q/d/l/?s=2502.jp&i=d,2026-03-26T08:35:00+00:00
2502,2502.T,2502.jp,2011-03-03,398.57,400.62,395.49,399.85,4510403,https://stooq.com/q/d/l/?s=2502.jp&i=d,2026-03-26T08:35:00+00:00
2502,2502.T,2502.jp,2011-03-04,403.18,409.06,402.42,405.49,7662914,https://stooq.com/q/d/l/?s=2502.jp&i=d,2026-03-26T08:35:00+00:00
2502,2502.T,2502.jp,2011-03-07,401.89,402.16,397.03,397.29,5247552,https://stooq.com/q/d/l/?s=2502.jp&i=d,2026-03-26T08:35:00+00:00
2502,2502.T,2502.jp,2011-03-08,400.62,402.42,399.60,401.38,3403702,https://stooq.com/q/d/l/?s=2502.jp&i=d,2026-03-26T08:35:00+00:00
2502,2502.T,2502.jp,2011-03-09,405.23,407.27,403.44,405.23,4866286,https://stooq.com/q/d/l/?s=2502.jp&i=d,2026-03-26T08:35:00+00:00
2502,2502.T,2502.jp,2011-03-10,402.42,403.44,399.85,401.13,3075555,https://stooq.com/q/d/l/?s=2502.jp&i=d,2026-03-26T08:35:00+00:00
2502,2502.T,2502.jp,2011-03-11,396.52,403.69,396.52,398.83,17618155,https://stooq.com/q/d/l/?s=2502.jp&i=d,2026-03-26T08:35:00+00:00
2502,2502.T,2502.jp,2011-03-14,377.32,388.84,375.54,383.97,9463019,https://stooq.com/q/d/l/?s=2502.jp&i=d,2026-03-26T08:35:00+00:00
2502,2502.T,2502.jp,2011-03-15,371.18,371.43,332.27,336.36,15280131,https://stooq.com/q/d/l/?s=2502.jp&i=d,2026-03-26T08:35:00+00:00
2502,2502.T,2502.jp,2011-03-16,351.73,363.50,346.35,361.45,17098981,https://stooq.com/q/d/l/?s=2502.jp&i=d,2026-03-26T08:35:00+00:00
2502,2502.T,2502.jp,2011-03-17,339.96,349.68,339.18,348.65,14169913,https://stooq.com/q/d/l/?s=2502.jp&i=d,2026-03-26T08:35:00+00:00
2502,2502.T,2502.jp,2011-03-18,351.97,385.77,348.14,360.95,15609059,https://stooq.com/q/d/l/?s=2502.jp&i=d,2026-03-26T08:35:00+00:00
2502,2502.T,2502.jp,2011-03-22,368.63,370.15,361.45,368.10,13248778,https://stooq.com/q/d/l/?s=2502.jp&i=d,2026-03-26T08:35:00+00:00
2502,2502.T,2502.jp,2011-03-23,370.67,379.38,367.34,377.84,16197761,https://stooq.com/q/d/l/?s=2502.jp&i=d,2026-03-26T08:35:00+00:00
2502,2502.T,2502.jp,2011-03-24,384.24,388.59,363.76,364.78,20873791,https://stooq.com/q/d/l/?s=2502.jp&i=d,2026-03-26T08:35:00+00:00
2502,2502.T,2502.jp,2011-03-25,367.86,369.38,360.16,367.59,9973201,https://stooq.com/q/d/l/?s=2502.jp&i=d,2026-03-26T08:35:00+00:00
2502,2502.T,2502.jp,2011-03-28,370.15,371.69,365.80,371.43,8434056,https://stooq.com/q/d/l/?s=2502.jp&i=d,2026-03-26T08:35:00+00:00
2502,2502.T,2502.jp,2011-03-29,367.08,368.36,357.61,359.40,19588960,https://stooq.com/q/d/l/?s=2502.jp&i=d,2026-03-26T08:35:00+00:00
2502,2502.T,2502.jp,2011-03-30,356.33,361.96,352.50,361.96,18947522,https://stooq.com/q/d/l/?s=2502.jp&i=d,2026-03-26T08:35:00+00:00
2502,2502.T,2502.jp,2011-03-31,357.11,358.89,351.73,354.03,15136372,https://stooq.com/q/d/l/?s=2502.jp&i=d,2026-03-26T08:35:00+00:00
2502,2502.T,2502.jp,2011-04-01,352.23,354.79,349.17,350.95,8667273,https://stooq.com/q/d/l/?s=2502.jp&i=d,2026-03-26T08:35:00+00:00
2502,2502.T,2502.jp,2011-04-04,351.46,353.00,348.91,351.21,4227970,https://stooq.com/q/d/l/?s=2502.jp&i=d,2026-03-26T08:35:00+00:00
2502,2502.T,2502.jp,2011-04-05,352.23,356.07,349.94,355.05,9183701,https://stooq.com/q/d/l/?s=2502.jp&i=d,2026-03-26T08:35:00+00:00
2502,2502.T,2502.jp,2011-04-06,356.59,356.59,351.46,352.50,6955843,https://stooq.com/q/d/l/?s=2502.jp&i=d,2026-03-26T08:35:00+00:00
2502,2502.T,2502.jp,2011-04-07,355.81,357.36,351.97,354.54,7095311,https://stooq.com/q/d/l/?s=2502.jp&i=d,2026-03-26T08:35:00+00:00
2502,2502.T,2502.jp,2011-04-08,355.56,362.72,353.00,361.45,9771623,https://stooq.com/q/d/l/?s=2502.jp&i=d,2026-03-26T08:35:00+00:00
2502,2502.T,2502.jp,2011-04-11,361.45,366.57,360.16,364.53,3819349,https://stooq.com/q/d/l/?s=2502.jp&i=d,2026-03-26T08:35:00+00:00
2502,2502.T,2502.jp,2011-04-12,360.95,361.96,357.36,359.92,7737920,https://stooq.com/q/d/l/?s=2502.jp&i=d,2026-03-26T08:35:00+00:00
2502,2502.T,2502.jp,2011-04-13,358.37,364.01,358.37,362.47,9064953,https://stooq.com/q/d/l/?s=2502.jp&i=d,2026-03-26T08:35:00+00:00
2502,2502.T,2502.jp,2011-04-14,358.37,361.45,356.07,359.40,7937934,https://stooq.com/q/d/l/?s=2502.jp&i=d,2026-03-26T08:35:00+00:00
2502,2502.T,2502.jp,2011-04-15,359.40,361.71,356.07,357.61,5363181,https://stooq.com/q/d/l/?s=2502.jp&i=d,2026-03-26T08:35:00+00:00
2502,2502.T,2502.jp,2011-04-18,358.37,366.57,357.86,363.50,6394879,https://stooq.com/q/d/l/?s=2502.jp&i=d,2026-03-26T08:35:00+00:00
2502,2502.T,2502.jp,2011-04-19,360.95,362.22,358.89,360.69,4429148,https://stooq.com/q/d/l/?s=2502.jp&i=d,2026-03-26T08:35:00+00:00
2502,2502.T,2502.jp,2011-04-20,360.43,370.41,360.43,367.34,7491426,https://stooq.com/q/d/l/?s=2502.jp&i=d,2026-03-26T08:35:00+00:00
2502,2502.T,2502.jp,2011-04-21,371.18,373.49,369.38,372.21,8045361,https://stooq.com/q/d/l/?s=2502.jp&i=d,2026-03-26T08:35:00+00:00
2502,2502.T,2502.jp,2011-04-22,372.21,372.21,366.32,368.63,6105407,https://stooq.com/q/d/l/?s=2502.jp&i=d,2026-03-26T08:35:00+00:00
2502,2502.T,2502.jp,2011-04-25,365.29,369.64,364.53,365.55,5498350,https://stooq.com/q/d/l/?s=2502.jp&i=d,2026-03-26T08:35:00+00:00
2502,2502.T,2502.jp,2011-04-26,364.53,365.55,359.66,361.96,5368656,https://stooq.com/q/d/l/?s=2502.jp&i=d,2026-03-26T08:35:00+00:00
2502,2502.T,2502.jp,2011-04-27,369.64,380.15,368.36,378.86,13417139,https://stooq.com/q/d/l/?s=2502.jp&i=d,2026-03-26T08:35:00+00:00
2502,2502.T,2502.jp,2011-04-28,380.91,387.31,378.86,387.31,11152948,https://stooq.com/q/d/l/?s=2502.jp&i=d,2026-03-26T08:35:00+00:00
2502,2502.T,2502.jp,2011-05-02,395.00,399.33,391.40,393.70,7874257,https://stooq.com/q/d/l/?s=2502.jp&i=d,2026-03-26T08:35:00+00:00
2502,2502.T,2502.jp,2011-05-06,384.48,398.57,381.68,397.55,10479478,https://stooq.com/q/d/l/?s=2502.jp&i=d,2026-03-26T08:35:00+00:00
2502,2502.T,2502.jp,2011-05-09,397.80,399.33,389.10,391.65,12372157,https://stooq.com/q/d/l/?s=2502.jp&i=d,2026-03-26T08:35:00+00:00
2502,2502.T,2502.jp,2011-05-10,391.91,397.29,390.38,394.47,7432048,https://stooq.com/q/d/l/?s=2502.jp&i=d,2026-03-26T08:35:00+00:00
2502,2502.T,2502.jp,2011-05-11,396.78,397.03,389.61,391.91,5866732,https://stooq.com/q/d/l/?s=2502.jp&i=d,2026-03-26T08:35:00+00:00
2502,2502.T,2502.jp,2011-05-12,386.80,391.65,385.77,385.77,4141631,https://stooq.com/q/d/l/?s=2502.jp&i=d,2026-03-26T08:35:00+00:00
2502,2502.T,2502.jp,2011-05-13,389.10,391.40,383.72,387.05,10975599,https://stooq.com/q/d/l/?s=2502.jp&i=d,2026-03-26T08:35:00+00:00
2502,2502.T,2502.jp,2011-05-16,383.21,385.26,381.16,381.93,6317921,https://stooq.com/q/d/l/?s=2502.jp&i=d,2026-03-26T08:35:00+00:00
2502,2502.T,2502.jp,2011-05-17,380.65,385.00,380.15,382.95,4552197,https://stooq.com/q/d/l/?s=2502.jp&i=d,2026-03-26T08:35:00+00:00
2502,2502.T,2502.jp,2011-05-18,393.70,411.12,392.17,407.27,36991479,https://stooq.com/q/d/l/?s=2502.jp&i=d,2026-03-26T08:35:00+00:00
2502,2502.T,2502.jp,2011-05-19,409.06,409.32,398.57,400.37,9732168,https://stooq.com/q/d/l/?s=2502.jp&i=d,2026-03-26T08:35:00+00:00
2502,2502.T,2502.jp,2011-05-20,400.62,403.18,397.80,399.85,5209264,https://stooq.com/q/d/l/?s=2502.jp&i=d,2026-03-26T08:35:00+00:00
2502,2502.T,2502.jp,2011-05-23,399.60,399.60,395.75,396.78,7667994,https://stooq.com/q/d/l/?s=2502.jp&i=d,2026-03-26T08:35:00+00:00
2502,2502.T,2502.jp,2011-05-24,392.94,398.31,392.94,396.26,5544834,https://stooq.com/q/d/l/?s=2502.jp&i=d,2026-03-26T08:35:00+00:00
2502,2502.T,2502.jp,2011-05-25,396.52,399.09,396.52,398.31,3134152,https://stooq.com/q/d/l/?s=2502.jp&i=d,2026-03-26T08:35:00+00:00
2502,2502.T,2502.jp,2011-05-26,401.38,402.16,399.09,400.62,6238237,https://stooq.com/q/d/l/?s=2502.jp&i=d,2026-03-26T08:35:00+00:00
2502,2502.T,2502.jp,2011-05-27,398.06,400.87,397.29,398.57,4538919,https://stooq.com/q/d/l/?s=2502.jp&i=d,2026-03-26T08:35:00+00:00
2502,2502.T,2502.jp,2011-05-30,396.78,399.60,395.00,397.80,3986156,https://stooq.com/q/d/l/?s=2502.jp&i=d,2026-03-26T08:35:00+00:00
2502,2502.T,2502.jp,2011-05-31,397.03,406.76,396.26,405.49,8012147,https://stooq.com/q/d/l/?s=2502.jp&i=d,2026-03-26T08:35:00+00:00
2502,2502.T,2502.jp,2011-06-01,402.92,407.52,401.13,406.76,9468099,https://stooq.com/q/d/l/?s=2502.jp&i=d,2026-03-26T08:35:00+00:00
2502,2502.T,2502.jp,2011-06-02,397.03,403.18,395.75,400.62,9748187,https://stooq.com/q/d/l/?s=2502.jp&i=d,2026-03-26T08:35:00+00:00
2502,2502.T,2502.jp,2011-06-03,400.87,407.02,400.87,405.23,7798863,https://stooq.com/q/d/l/?s=2502.jp&i=d,2026-03-26T08:35:00+00:00
2502,2502.T,2502.jp,2011-06-06,407.27,410.09,404.46,407.52,9982969,https://stooq.com/q/d/l/?s=2502.jp&i=d,2026-03-26T08:35:00+00:00
2502,2502.T,2502.jp,2011-06-07,408.05,408.29,402.92,407.27,6264404,https://stooq.com/q/d/l/?s=2502.jp&i=d,2026-03-26T08:35:00+00:00
2502,2502.T,2502.jp,2011-06-08,404.72,407.02,402.92,405.74,3772084,https://stooq.com/q/d/l/?s=2502.jp&i=d,2026-03-26T08:35:00+00:00
2502,2502.T,2502.jp,2011-06-09,403.69,408.56,403.69,406.76,6188230,https://stooq.com/q/d/l/?s=2502.jp&i=d,2026-03-26T08:35:00+00:00
2502,2502.T,2502.jp,2011-06-10,409.32,411.12,407.78,408.80,13345652,https://stooq.com/q/d/l/?s=2502.jp&i=d,2026-03-26T08:35:00+00:00
2502,2502.T,2502.jp,2011-06-13,406.51,410.09,405.49,409.59,3738090,https://stooq.com/q/d/l/?s=2502.jp&i=d,2026-03-26T08:35:00+00:00
2502,2502.T,2502.jp,2011-06-14,409.83,420.33,409.59,420.33,9963040,https://stooq.com/q/d/l/?s=2502.jp&i=d,2026-03-26T08:35:00+00:00
2502,2502.T,2502.jp,2011-06-15,420.33,420.58,417.00,420.58,7150776,https://stooq.com/q/d/l/?s=2502.jp&i=d,2026-03-26T08:35:00+00:00
2502,2502.T,2502.jp,2011-06-16,417.77,419.06,411.12,411.89,6280034,https://stooq.com/q/d/l/?s=2502.jp&i=d,2026-03-26T08:35:00+00:00
2502,2502.T,2502.jp,2011-06-17,413.42,415.47,408.05,409.32,8328585,https://stooq.com/q/d/l/?s=2502.jp&i=d,2026-03-26T08:35:00+00:00
2502,2502.T,2502.jp,2011-06-20,409.59,412.13,407.27,409.06,3672467,https://stooq.com/q/d/l/?s=2502.jp&i=d,2026-03-26T08:35:00+00:00
2502,2502.T,2502.jp,2011-06-21,407.02,409.83,403.94,409.32,6503480,https://stooq.com/q/d/l/?s=2502.jp&i=d,2026-03-26T08:35:00+00:00
2502,2502.T,2502.jp,2011-06-22,409.59,414.18,406.25,411.63,8295765,https://stooq.com/q/d/l/?s=2502.jp&i=d,2026-03-26T08:35:00+00:00
2502,2502.T,2502.jp,2011-06-23,407.27,414.70,407.27,411.37,4841666,https://stooq.com/q/d/l/?s=2502.jp&i=d,2026-03-26T08:35:00+00:00
2502,2502.T,2502.jp,2011-06-24,411.63,415.21,409.59,414.44,6233933,https://stooq.com/q/d/l/?s=2502.jp&i=d,2026-03-26T08:35:00+00:00
2502,2502.T,2502.jp,2011-06-27,413.15,415.98,410.34,413.15,4991680,https://stooq.com/q/d/l/?s=2502.jp&i=d,2026-03-26T08:35:00+00:00
2502,2502.T,2502.jp,2011-06-28,417.15,417.41,412.78,414.07,6307040,https://stooq.com/q/d/l/?s=2502.jp&i=d,2026-03-26T08:35:00+00:00
2502,2502.T,2502.jp,2011-06-29,417.68,418.45,414.07,418.20,4220338,https://stooq.com/q/d/l/?s=2502.jp&i=d,2026-03-26T08:35:00+00:00
2502,2502.T,2502.jp,2011-06-30,416.64,417.93,415.09,416.39,5407969,https://stooq.com/q/d/l/?s=2502.jp&i=d,2026-03-26T08:35:00+00:00
2502,2502.T,2502.jp,2011-07-01,416.90,419.73,415.62,416.39,3350742,https://stooq.com/q/d/l/?s=2502.jp&i=d,2026-03-26T08:35:00+00:00
2502,2502.T,2502.jp,2011-07-04,420.00,421.03,416.64,418.20,3856138,https://stooq.com/q/d/l/?s=2502.jp&i=d,2026-03-26T08:35:00+00:00
2502,2502.T,2502.jp,2011-07-05,416.90,420.25,413.04,415.87,5607329,https://stooq.com/q/d/l/?s=2502.jp&i=d,2026-03-26T08:35:00+00:00
2502,2502.T,2502.jp,2011-07-06,415.09,423.61,414.07,422.56,8404600,https://stooq.com/q/d/l/?s=2502.jp&i=d,2026-03-26T08:35:00+00:00
2502,2502.T,2502.jp,2011-07-07,418.70,423.61,417.15,422.31,4866133,https://stooq.com/q/d/l/?s=2502.jp&i=d,2026-03-26T08:35:00+00:00
2502,2502.T,2502.jp,2011-07-08,425.41,425.41,419.48,420.78,4958057,https://stooq.com/q/d/l/?s=2502.jp&i=d,2026-03-26T08:35:00+00:00
2502,2502.T,2502.jp,2011-07-11,420.25,423.08,420.00,420.78,3459735,https://stooq.com/q/d/l/?s=2502.jp&i=d,2026-03-26T08:35:00+00:00
2502,2502.T,2502.jp,2011-07-12,416.90,422.31,416.39,420.25,4130351,https://stooq.com/q/d/l/?s=2502.jp&i=d,2026-03-26T08:35:00+00:00
2502,2502.T,2502.jp,2011-07-13,420.25,425.92,416.39,424.90,8261094,https://stooq.com/q/d/l/?s=2502.jp&i=d,2026-03-26T08:35:00+00:00
2502,2502.T,2502.jp,2011-07-14,424.13,425.67,421.80,423.61,6741444,https://stooq.com/q/d/l/?s=2502.jp&i=d,2026-03-26T08:35:00+00:00
2502,2502.T,2502.jp,2011-07-15,423.08,427.73,422.31,426.96,5552257,https://stooq.com/q/d/l/?s=2502.jp&i=d,2026-03-26T08:35:00+00:00
2502,2502.T,2502.jp,2011-07-19,426.71,426.71,418.70,419.48,4489123,https://stooq.com/q/d/l/?s=2502.jp&i=d,2026-03-26T08:35:00+00:00
2502,2502.T,2502.jp,2011-07-20,422.56,424.38,420.78,424.13,3860784,https://stooq.com/q/d/l/?s=2502.jp&i=d,2026-03-26T08:35:00+00:00
2502,2502.T,2502.jp,2011-07-21,426.96,427.99,421.55,423.61,5956019,https://stooq.com/q/d/l/?s=2502.jp&i=d,2026-03-26T08:35:00+00:00
2502,2502.T,2502.jp,2011-07-22,427.73,428.26,425.41,426.96,3856902,https://stooq.com/q/d/l/?s=2502.jp&i=d,2026-03-26T08:35:00+00:00
2502,2502.T,2502.jp,2011-07-25,427.21,427.21,421.80,422.56,5389368,https://stooq.com/q/d/l/?s=2502.jp&i=d,2026-03-26T08:35:00+00:00
2502,2502.T,2502.jp,2011-07-26,422.83,426.96,422.83,425.15,6334575,https://stooq.com/q/d/l/?s=2502.jp&i=d,2026-03-26T08:35:00+00:00
2502,2502.T,2502.jp,2011-07-27,426.96,428.50,424.38,426.96,7356600,https://stooq.com/q/d/l/?s=2502.jp&i=d,2026-03-26T08:35:00+00:00
2502,2502.T,2502.jp,2011-07-28,427.21,427.21,419.22,421.80,8478678,https://stooq.com/q/d/l/?s=2502.jp&i=d,2026-03-26T08:35:00+00:00
2502,2502.T,2502.jp,2011-07-29,422.06,427.73,419.22,420.78,8198659,https://stooq.com/q/d/l/?s=2502.jp&i=d,2026-03-26T08:35:00+00:00
2502,2502.T,2502.jp,2011-08-01,418.96,426.44,418.45,424.64,5545665,https://stooq.com/q/d/l/?s=2502.jp&i=d,2026-03-26T08:35:00+00:00
2502,2502.T,2502.jp,2011-08-02,425.92,431.34,424.64,431.34,6296173,https://stooq.com/q/d/l/?s=2502.jp&i=d,2026-03-26T08:35:00+00:00
2502,2502.T,2502.jp,2011-08-03,422.83,425.92,409.17,411.74,10497506,https://stooq.com/q/d/l/?s=2502.jp&i=d,2026-03-26T08:35:00+00:00
2502,2502.T,2502.jp,2011-08-04,409.94,413.04,404.27,406.33,7911626,https://stooq.com/q/d/l/?s=2502.jp&i=d,2026-03-26T08:35:00+00:00
2502,2502.T,2502.jp,2011-08-05,398.33,401.43,394.46,398.08,9190022,https://stooq.com/q/d/l/?s=2502.jp&i=d,2026-03-26T08:35:00+00:00
2502,2502.T,2502.jp,2011-08-08,397.05,398.08,393.44,398.08,13428595,https://stooq.com/q/d/l/?s=2502.jp&i=d,2026-03-26T08:35:00+00:00
2502,2502.T,2502.jp,2011-08-09,388.55,392.92,385.97,390.86,13107436,https://stooq.com/q/d/l/?s=2502.jp&i=d,2026-03-26T08:35:00+00:00
2502,2502.T,2502.jp,2011-08-10,399.62,405.56,392.92,404.79,10762419,https://stooq.com/q/d/l/?s=2502.jp&i=d,2026-03-26T08:35:00+00:00
2502,2502.T,2502.jp,2011-08-11,397.05,406.59,395.24,404.52,11577711,https://stooq.com/q/d/l/?s=2502.jp&i=d,2026-03-26T08:35:00+00:00
2502,2502.T,2502.jp,2011-08-12,407.10,408.91,399.11,404.01,9797421,https://stooq.com/q/d/l/?s=2502.jp&i=d,2026-03-26T08:35:00+00:00
2502,2502.T,2502.jp,2011-08-15,411.49,412.51,404.52,409.68,6793417,https://stooq.com/q/d/l/?s=2502.jp&i=d,2026-03-26T08:35:00+00:00
2502,2502.T,2502.jp,2011-08-16,409.17,410.71,406.33,409.43,6298512,https://stooq.com/q/d/l/?s=2502.jp&i=d,2026-03-26T08:35:00+00:00
2502,2502.T,2502.jp,2011-08-17,408.39,412.00,407.63,409.68,5719817,https://stooq.com/q/d/l/?s=2502.jp&i=d,2026-03-26T08:35:00+00:00
2502,2502.T,2502.jp,2011-08-18,411.74,422.06,410.98,416.64,13423159,https://stooq.com/q/d/l/?s=2502.jp&i=d,2026-03-26T08:35:00+00:00
2502,2502.T,2502.jp,2011-08-19,409.43,412.51,402.47,403.24,10065047,https://stooq.com/q/d/l/?s=2502.jp&i=d,2026-03-26T08:35:00+00:00
2502,2502.T,2502.jp,2011-08-22,404.01,408.39,403.75,404.79,7223561,https://stooq.com/q/d/l/?s=2502.jp&i=d,2026-03-26T08:35:00+00:00
2502,2502.T,2502.jp,2011-08-23,410.45,421.55,410.45,418.70,10755824,https://stooq.com/q/d/l/?s=2502.jp&i=d,2026-03-26T08:35:00+00:00
2502,2502.T,2502.jp,2011-08-24,417.15,417.15,404.27,405.81,14032883,https://stooq.com/q/d/l/?s=2502.jp&i=d,2026-03-26T08:35:00+00:00
2502,2502.T,2502.jp,2011-08-25,405.81,406.59,397.05,398.08,13074089,https://stooq.com/q/d/l/?s=2502.jp&i=d,2026-03-26T08:35:00+00:00
2502,2502.T,2502.jp,2011-08-26,397.82,404.01,397.05,400.40,8728087,https://stooq.com/q/d/l/?s=2502.jp&i=d,2026-03-26T08:35:00+00:00
2502,2502.T,2502.jp,2011-08-29,403.24,407.36,400.15,405.04,5780321,https://stooq.com/q/d/l/?s=2502.jp&i=d,2026-03-26T08:35:00+00:00
2502,2502.T,2502.jp,2011-08-30,407.36,408.65,404.52,406.59,4823461,https://stooq.com/q/d/l/?s=2502.jp&i=d,2026-03-26T08:35:00+00:00
2502,2502.T,2502.jp,2011-08-31,406.07,409.43,400.91,409.17,6541696,https://stooq.com/q/d/l/?s=2502.jp&i=d,2026-03-26T08:35:00+00:00
2502,2502.T,2502.jp,2011-09-01,409.68,417.68,408.91,415.09,6903959,https://stooq.com/q/d/l/?s=2502.jp&i=d,2026-03-26T08:35:00+00:00
2502,2502.T,2502.jp,2011-09-02,409.17,410.98,402.98,409.68,7381806,https://stooq.com/q/d/l/?s=2502.jp&i=d,2026-03-26T08:35:00+00:00
2502,2502.T,2502.jp,2011-09-05,403.49,408.91,402.47,406.59,5518512,https://stooq.com/q/d/l/?s=2502.jp&i=d,2026-03-26T08:35:00+00:00
2502,2502.T,2502.jp,2011-09-06,404.27,408.91,401.17,403.49,5474681,https://stooq.com/q/d/l/?s=2502.jp&i=d,2026-03-26T08:35:00+00:00
2502,2502.T,2502.jp,2011-09-07,408.39,408.39,401.17,404.79,7202614,https://stooq.com/q/d/l/?s=2502.jp&i=d,2026-03-26T08:35:00+00:00
2502,2502.T,2502.jp,2011-09-08,411.23,416.12,411.23,415.35,6506795,https://stooq.com/q/d/l/?s=2502.jp&i=d,2026-03-26T08:35:00+00:00
2502,2502.T,2502.jp,2011-09-09,412.78,419.73,412.78,417.93,14460312,https://stooq.com/q/d/l/?s=2502.jp&i=d,2026-03-26T08:35:00+00:00
2502,2502.T,2502.jp,2011-09-12,415.62,416.12,406.07,408.65,8143181,https://stooq.com/q/d/l/?s=2502.jp&i=d,2026-03-26T08:35:00+00:00
2502,2502.T,2502.jp,2011-09-13,410.20,410.71,405.04,410.20,5777605,https://stooq.com/q/d/l/?s=2502.jp&i=d,2026-03-26T08:35:00+00:00
2502,2502.T,2502.jp,2011-09-14,413.04,415.87,407.63,410.71,7265444,https://stooq.com/q/d/l/?s=2502.jp&i=d,2026-03-26T08:35:00+00:00
2502,2502.T,2502.jp,2011-09-15,413.80,415.62,409.43,410.45,5611983,https://stooq.com/q/d/l/?s=2502.jp&i=d,2026-03-26T08:35:00+00:00
2502,2502.T,2502.jp,2011-09-16,417.15,417.15,411.49,413.04,5585611,https://stooq.com/q/d/l/?s=2502.jp&i=d,2026-03-26T08:35:00+00:00
2502,2502.T,2502.jp,2011-09-20,412.51,414.58,409.68,412.00,4353755,https://stooq.com/q/d/l/?s=2502.jp&i=d,2026-03-26T08:35:00+00:00
2502,2502.T,2502.jp,2011-09-21,409.94,413.29,408.65,410.98,3400780,https://stooq.com/q/d/l/?s=2502.jp&i=d,2026-03-26T08:35:00+00:00
2502,2502.T,2502.jp,2011-09-22,411.23,415.09,409.94,414.33,6176714,https://stooq.com/q/d/l/?s=2502.jp&i=d,2026-03-26T08:35:00+00:00
2502,2502.T,2502.jp,2011-09-26,418.20,418.70,406.84,411.74,9435926,https://stooq.com/q/d/l/?s=2502.jp&i=d,2026-03-26T08:35:00+00:00
2502,2502.T,2502.jp,2011-09-27,415.09,420.78,412.00,420.78,6511446,https://stooq.com/q/d/l/?s=2502.jp&i=d,2026-03-26T08:35:00+00:00
2502,2502.T,2502.jp,2011-09-28,420.78,428.26,419.22,424.13,6032048,https://stooq.com/q/d/l/?s=2502.jp&i=d,2026-03-26T08:35:00+00:00
2502,2502.T,2502.jp,2011-09-29,420.78,428.26,417.41,422.06,7165371,https://stooq.com/q/d/l/?s=2502.jp&i=d,2026-03-26T08:35:00+00:00
2502,2502.T,2502.jp,2011-09-30,422.31,427.21,417.93,425.15,5880391,https://stooq.com/q/d/l/?s=2502.jp&i=d,2026-03-26T08:35:00+00:00
2502,2502.T,2502.jp,2011-10-03,417.68,422.31,415.35,421.03,7120772,https://stooq.com/q/d/l/?s=2502.jp&i=d,2026-03-26T08:35:00+00:00
2502,2502.T,2502.jp,2011-10-04,413.29,416.64,411.74,415.09,7612971,https://stooq.com/q/d/l/?s=2502.jp&i=d,2026-03-26T08:35:00+00:00
2502,2502.T,2502.jp,2011-10-05,415.35,425.41,415.35,424.64,7011399,https://stooq.com/q/d/l/?s=2502.jp&i=d,2026-03-26T08:35:00+00:00
2502,2502.T,2502.jp,2011-10-06,423.86,424.13,416.90,420.51,7471015,https://stooq.com/q/d/l/?s=2502.jp&i=d,2026-03-26T08:35:00+00:00
2502,2502.T,2502.jp,2011-10-07,419.73,421.80,417.68,418.96,3600912,https://stooq.com/q/d/l/?s=2502.jp&i=d,2026-03-26T08:35:00+00:00
2502,2502.T,2502.jp,2011-10-11,419.48,426.71,416.12,422.31,6241488,https://stooq.com/q/d/l/?s=2502.jp&i=d,2026-03-26T08:35:00+00:00
2502,2502.T,2502.jp,2011-10-12,422.56,426.71,419.73,422.31,3678880,https://stooq.com/q/d/l/?s=2502.jp&i=d,2026-03-26T08:35:00+00:00
2502,2502.T,2502.jp,2011-10-13,420.78,421.28,415.62,420.00,6331866,https://stooq.com/q/d/l/?s=2502.jp&i=d,2026-03-26T08:35:00+00:00
2502,2502.T,2502.jp,2011-10-14,420.25,420.78,415.87,417.15,7150638,https://stooq.com/q/d/l/?s=2502.jp&i=d,2026-03-26T08:35:00+00:00
2502,2502.T,2502.jp,2011-10-17,420.25,422.83,418.96,420.25,3117249,https://stooq.com/q/d/l/?s=2502.jp&i=d,2026-03-26T08:35:00+00:00
2502,2502.T,2502.jp,2011-10-18,423.34,424.13,415.09,415.62,6637887,https://stooq.com/q/d/l/?s=2502.jp&i=d,2026-03-26T08:35:00+00:00
2502,2502.T,2502.jp,2011-10-19,418.96,422.31,416.90,421.55,4063639,https://stooq.com/q/d/l/?s=2502.jp&i=d,2026-03-26T08:35:00+00:00
2502,2502.T,2502.jp,2011-10-20,422.56,424.38,420.00,422.56,3666081,https://stooq.com/q/d/l/?s=2502.jp&i=d,2026-03-26T08:35:00+00:00
2502,2502.T,2502.jp,2011-10-21,423.86,424.13,417.93,420.25,3706418,https://stooq.com/q/d/l/?s=2502.jp&i=d,2026-03-26T08:35:00+00:00
2502,2502.T,2502.jp,2011-10-24,422.06,425.41,420.78,423.08,4158668,https://stooq.com/q/d/l/?s=2502.jp&i=d,2026-03-26T08:35:00+00:00
2502,2502.T,2502.jp,2011-10-25,421.55,423.86,417.93,418.20,3163405,https://stooq.com/q/d/l/?s=2502.jp&i=d,2026-03-26T08:35:00+00:00
2502,2502.T,2502.jp,2011-10-26,418.45,420.00,412.00,415.09,3430259,https://stooq.com/q/d/l/?s=2502.jp&i=d,2026-03-26T08:35:00+00:00
2502,2502.T,2502.jp,2011-10-27,415.35,415.62,410.71,415.62,3258053,https://stooq.com/q/d/l/?s=2502.jp&i=d,2026-03-26T08:35:00+00:00
2502,2502.T,2502.jp,2011-10-28,422.06,423.86,417.41,423.61,4531404,https://stooq.com/q/d/l/?s=2502.jp&i=d,2026-03-26T08:35:00+00:00
2502,2502.T,2502.jp,2011-10-31,422.06,427.99,417.41,417.41,5454516,https://stooq.com/q/d/l/?s=2502.jp&i=d,2026-03-26T08:35:00+00:00
2502,2502.T,2502.jp,2011-11-01,417.68,418.96,414.58,415.87,3136255,https://stooq.com/q/d/l/?s=2502.jp&i=d,2026-03-26T08:35:00+00:00
2502,2502.T,2502.jp,2011-11-02,412.00,414.58,409.94,413.54,4140053,https://stooq.com/q/d/l/?s=2502.jp&i=d,2026-03-26T08:35:00+00:00
2502,2502.T,2502.jp,2011-11-04,409.94,412.00,401.43,408.65,8625686,https://stooq.com/q/d/l/?s=2502.jp&i=d,2026-03-26T08:35:00+00:00
2502,2502.T,2502.jp,2011-11-07,407.36,414.07,406.07,408.65,6000632,https://stooq.com/q/d/l/?s=2502.jp&i=d,2026-03-26T08:35:00+00:00
2502,2502.T,2502.jp,2011-11-08,410.20,420.51,410.20,415.87,6672414,https://stooq.com/q/d/l/?s=2502.jp&i=d,2026-03-26T08:35:00+00:00
2502,2502.T,2502.jp,2011-11-09,420.00,426.96,419.73,425.92,7920930,https://stooq.com/q/d/l/?s=2502.jp&i=d,2026-03-26T08:35:00+00:00
2502,2502.T,2502.jp,2011-11-10,417.68,421.80,414.84,417.15,10415671,https://stooq.com/q/d/l/?s=2502.jp&i=d,2026-03-26T08:35:00+00:00
2502,2502.T,2502.jp,2011-11-11,420.25,429.52,419.73,423.34,10030523,https://stooq.com/q/d/l/?s=2502.jp&i=d,2026-03-26T08:35:00+00:00
2502,2502.T,2502.jp,2011-11-14,428.75,430.05,425.41,425.67,6514162,https://stooq.com/q/d/l/?s=2502.jp&i=d,2026-03-26T08:35:00+00:00
2502,2502.T,2502.jp,2011-11-15,425.67,431.34,425.67,427.73,5386254,https://stooq.com/q/d/l/?s=2502.jp&i=d,2026-03-26T08:35:00+00:00
2502,2502.T,2502.jp,2011-11-16,427.99,429.02,425.41,426.44,2694097,https://stooq.com/q/d/l/?s=2502.jp&i=d,2026-03-26T08:35:00+00:00
2502,2502.T,2502.jp,2011-11-17,427.99,427.99,420.25,425.15,3968615,https://stooq.com/q/d/l/?s=2502.jp&i=d,2026-03-26T08:35:00+00:00
2502,2502.T,2502.jp,2011-11-18,422.83,427.99,421.03,421.03,5334669,https://stooq.com/q/d/l/?s=2502.jp&i=d,2026-03-26T08:35:00+00:00
2502,2502.T,2502.jp,2011-11-21,421.80,430.56,421.80,427.21,5308290,https://stooq.com/q/d/l/?s=2502.jp&i=d,2026-03-26T08:35:00+00:00
2502,2502.T,2502.jp,2011-11-22,427.47,429.79,424.13,427.73,4729990,https://stooq.com/q/d/l/?s=2502.jp&i=d,2026-03-26T08:35:00+00:00
2502,2502.T,2502.jp,2011-11-24,427.21,434.17,423.86,431.60,8315395,https://stooq.com/q/d/l/?s=2502.jp&i=d,2026-03-26T08:35:00+00:00
2502,2502.T,2502.jp,2011-11-25,428.75,431.86,424.90,426.71,7672704,https://stooq.com/q/d/l/?s=2502.jp&i=d,2026-03-26T08:35:00+00:00
2502,2502.T,2502.jp,2011-11-28,430.05,430.05,423.61,425.92,4870780,https://stooq.com/q/d/l/?s=2502.jp&i=d,2026-03-26T08:35:00+00:00
2502,2502.T,2502.jp,2011-11-29,430.31,436.24,428.50,435.98,7572251,https://stooq.com/q/d/l/?s=2502.jp&i=d,2026-03-26T08:35:00+00:00
2502,2502.T,2502.jp,2011-11-30,433.67,438.04,432.89,437.52,5331956,https://stooq.com/q/d/l/?s=2502.jp&i=d,2026-03-26T08:35:00+00:00
2502,2502.T,2502.jp,2011-12-01,441.91,444.74,436.50,438.30,8215710,https://stooq.com/q/d/l/?s=2502.jp&i=d,2026-03-26T08:35:00+00:00
2502,2502.T,2502.jp,2011-12-02,440.62,444.49,438.30,444.49,6334191,https://stooq.com/q/d/l/?s=2502.jp&i=d,2026-03-26T08:35:00+00:00
2502,2502.T,2502.jp,2011-12-05,442.17,443.45,432.62,437.00,7466749,https://stooq.com/q/d/l/?s=2502.jp&i=d,2026-03-26T08:35:00+00:00
2502,2502.T,2502.jp,2011-12-06,436.50,442.42,435.98,437.52,5021268,https://stooq.com/q/d/l/?s=2502.jp&i=d,2026-03-26T08:35:00+00:00
2502,2502.T,2502.jp,2011-12-07,439.59,443.20,436.24,443.20,6314016,https://stooq.com/q/d/l/?s=2502.jp&i=d,2026-03-26T08:35:00+00:00
2502,2502.T,2502.jp,2011-12-08,440.36,444.74,437.78,442.68,6698388,https://stooq.com/q/d/l/?s=2502.jp&i=d,2026-03-26T08:35:00+00:00
2502,2502.T,2502.jp,2011-12-09,436.50,440.62,435.98,437.00,16953876,https://stooq.com/q/d/l/?s=2502.jp&i=d,2026-03-26T08:35:00+00:00
2502,2502.T,2502.jp,2011-12-12,441.91,443.71,438.30,438.30,4646213,https://stooq.com/q/d/l/?s=2502.jp&i=d,2026-03-26T08:35:00+00:00
2502,2502.T,2502.jp,2011-12-13,435.20,437.00,431.34,436.50,4314578,https://stooq.com/q/d/l/?s=2502.jp&i=d,2026-03-26T08:35:00+00:00
2502,2502.T,2502.jp,2011-12-14,434.43,437.52,432.62,435.20,5765585,https://stooq.com/q/d/l/?s=2502.jp&i=d,2026-03-26T08:35:00+00:00
2502,2502.T,2502.jp,2011-12-15,433.14,435.46,431.34,432.62,5998680,https://stooq.com/q/d/l/?s=2502.jp&i=d,2026-03-26T08:35:00+00:00
2502,2502.T,2502.jp,2011-12-16,433.92,438.55,430.82,436.50,4836647,https://stooq.com/q/d/l/?s=2502.jp&i=d,2026-03-26T08:35:00+00:00
2502,2502.T,2502.jp,2011-12-19,436.24,437.78,433.14,435.46,3892980,https://stooq.com/q/d/l/?s=2502.jp&i=d,2026-03-26T08:35:00+00:00
2502,2502.T,2502.jp,2011-12-20,435.71,435.98,431.60,434.17,6150342,https://stooq.com/q/d/l/?s=2502.jp&i=d,2026-03-26T08:35:00+00:00
2502,2502.T,2502.jp,2011-12-21,437.27,438.30,435.20,437.00,4273861,https://stooq.com/q/d/l/?s=2502.jp&i=d,2026-03-26T08:35:00+00:00
2502,2502.T,2502.jp,2011-12-22,440.88,441.39,436.75,436.75,4265716,https://stooq.com/q/d/l/?s=2502.jp&i=d,2026-03-26T08:35:00+00:00
2502,2502.T,2502.jp,2011-12-26,439.85,442.42,437.00,439.85,3211118,https://stooq.com/q/d/l/?s=2502.jp&i=d,2026-03-26T08:35:00+00:00
2502,2502.T,2502.jp,2011-12-27,437.00,440.62,437.00,439.33,4285884,https://stooq.com/q/d/l/?s=2502.jp&i=d,2026-03-26T08:35:00+00:00
2502,2502.T,2502.jp,2011-12-28,438.41,440.50,437.90,439.72,4422387,https://stooq.com/q/d/l/?s=2502.jp&i=d,2026-03-26T08:35:00+00:00
2502,2502.T,2502.jp,2011-12-29,438.16,439.72,436.09,438.68,3207990,https://stooq.com/q/d/l/?s=2502.jp&i=d,2026-03-26T08:35:00+00:00
2502,2502.T,2502.jp,2011-12-30,441.02,442.58,437.64,439.20,2376468,https://stooq.com/q/d/l/?s=2502.jp&i=d,2026-03-26T08:35:00+00:00
2502,2502.T,2502.jp,2012-01-04,444.65,446.49,441.80,442.84,3487356,https://stooq.com/q/d/l/?s=2502.jp&i=d,2026-03-26T08:35:00+00:00
2502,2502.T,2502.jp,2012-01-05,440.50,442.58,438.94,438.94,2446104,https://stooq.com/q/d/l/?s=2502.jp&i=d,2026-03-26T08:35:00+00:00
2502,2502.T,2502.jp,2012-01-06,442.84,443.10,438.16,441.02,4851815,https://stooq.com/q/d/l/?s=2502.jp&i=d,2026-03-26T08:35:00+00:00
2502,2502.T,2502.jp,2012-01-10,443.10,443.62,439.98,442.58,3838281,https://stooq.com/q/d/l/?s=2502.jp&i=d,2026-03-26T08:35:00+00:00
2502,2502.T,2502.jp,2012-01-11,442.84,445.44,440.50,444.65,5407454,https://stooq.com/q/d/l/?s=2502.jp&i=d,2026-03-26T08:35:00+00:00
2502,2502.T,2502.jp,2012-01-12,442.05,444.65,441.02,442.31,3630875,https://stooq.com/q/d/l/?s=2502.jp&i=d,2026-03-26T08:35:00+00:00
2502,2502.T,2502.jp,2012-01-13,446.21,449.08,444.91,446.49,7346023,https://stooq.com/q/d/l/?s=2502.jp&i=d,2026-03-26T08:35:00+00:00
2502,2502.T,2502.jp,2012-01-16,446.74,447.51,443.62,445.95,3900235,https://stooq.com/q/d/l/?s=2502.jp&i=d,2026-03-26T08:35:00+00:00
2502,2502.T,2502.jp,2012-01-17,447.51,450.37,447.00,449.33,3531211,https://stooq.com/q/d/l/?s=2502.jp&i=d,2026-03-26T08:35:00+00:00
2502,2502.T,2502.jp,2012-01-18,447.78,450.37,443.62,446.21,4748309,https://stooq.com/q/d/l/?s=2502.jp&i=d,2026-03-26T08:35:00+00:00
2502,2502.T,2502.jp,2012-01-19,445.95,447.78,442.05,443.10,5599465,https://stooq.com/q/d/l/?s=2502.jp&i=d,2026-03-26T08:35:00+00:00
2502,2502.T,2502.jp,2012-01-20,450.89,453.50,448.03,449.86,6015808,https://stooq.com/q/d/l/?s=2502.jp&i=d,2026-03-26T08:35:00+00:00
2502,2502.T,2502.jp,2012-01-23,449.33,449.59,442.05,443.88,4550909,https://stooq.com/q/d/l/?s=2502.jp&i=d,2026-03-26T08:35:00+00:00
2502,2502.T,2502.jp,2012-01-24,445.18,445.44,436.60,441.54,5109243,https://stooq.com/q/d/l/?s=2502.jp&i=d,2026-03-26T08:35:00+00:00
2502,2502.T,2502.jp,2012-01-25,441.28,442.58,439.20,440.50,4171120,https://stooq.com/q/d/l/?s=2502.jp&i=d,2026-03-26T08:35:00+00:00
2502,2502.T,2502.jp,2012-01-26,435.31,438.16,432.96,436.34,6332878,https://stooq.com/q/d/l/?s=2502.jp&i=d,2026-03-26T08:35:00+00:00
2502,2502.T,2502.jp,2012-01-27,439.20,442.31,437.39,438.94,5198507,https://stooq.com/q/d/l/?s=2502.jp&i=d,2026-03-26T08:35:00+00:00
2502,2502.T,2502.jp,2012-01-30,437.12,441.80,437.12,440.24,3270325,https://stooq.com/q/d/l/?s=2502.jp&i=d,2026-03-26T08:35:00+00:00
2502,2502.T,2502.jp,2012-01-31,441.54,443.88,436.86,437.90,4443940,https://stooq.com/q/d/l/?s=2502.jp&i=d,2026-03-26T08:35:00+00:00
2502,2502.T,2502.jp,2012-02-01,437.90,439.72,435.05,438.68,5021888,https://stooq.com/q/d/l/?s=2502.jp&i=d,2026-03-26T08:35:00+00:00
2502,2502.T,2502.jp,2012-02-02,443.36,445.95,439.72,444.14,4301955,https://stooq.com/q/d/l/?s=2502.jp&i=d,2026-03-26T08:35:00+00:00
2502,2502.T,2502.jp,2012-02-03,442.05,443.36,437.39,437.39,4405845,https://stooq.com/q/d/l/?s=2502.jp&i=d,2026-03-26T08:35:00+00:00
2502,2502.T,2502.jp,2012-02-06,441.02,442.84,439.20,440.76,4032980,https://stooq.com/q/d/l/?s=2502.jp&i=d,2026-03-26T08:35:00+00:00
2502,2502.T,2502.jp,2012-02-07,442.84,445.44,440.50,442.05,3156814,https://stooq.com/q/d/l/?s=2502.jp&i=d,2026-03-26T08:35:00+00:00
2502,2502.T,2502.jp,2012-02-08,445.44,445.44,442.31,443.62,3545840,https://stooq.com/q/d/l/?s=2502.jp&i=d,2026-03-26T08:35:00+00:00
2502,2502.T,2502.jp,2012-02-09,445.18,446.74,443.62,446.21,4605164,https://stooq.com/q/d/l/?s=2502.jp&i=d,2026-03-26T08:35:00+00:00
2502,2502.T,2502.jp,2012-02-10,446.21,451.15,444.65,449.86,5514427,https://stooq.com/q/d/l/?s=2502.jp&i=d,2026-03-26T08:35:00+00:00
2502,2502.T,2502.jp,2012-02-13,453.24,462.08,451.41,452.97,7303312,https://stooq.com/q/d/l/?s=2502.jp&i=d,2026-03-26T08:35:00+00:00
2502,2502.T,2502.jp,2012-02-14,451.93,458.69,448.82,458.43,7549200,https://stooq.com/q/d/l/?s=2502.jp&i=d,2026-03-26T08:35:00+00:00
2502,2502.T,2502.jp,2012-02-15,460.00,465.71,456.61,461.55,6783467,https://stooq.com/q/d/l/?s=2502.jp&i=d,2026-03-26T08:35:00+00:00
2502,2502.T,2502.jp,2012-02-16,459.73,463.11,459.20,460.00,5439769,https://stooq.com/q/d/l/?s=2502.jp&i=d,2026-03-26T08:35:00+00:00
2502,2502.T,2502.jp,2012-02-17,465.96,469.09,462.85,465.96,6178961,https://stooq.com/q/d/l/?s=2502.jp&i=d,2026-03-26T08:35:00+00:00
2502,2502.T,2502.jp,2012-02-20,471.69,474.28,468.83,469.35,6370979,https://stooq.com/q/d/l/?s=2502.jp&i=d,2026-03-26T08:35:00+00:00
2502,2502.T,2502.jp,2012-02-21,466.74,470.12,465.96,467.79,5560217,https://stooq.com/q/d/l/?s=2502.jp&i=d,2026-03-26T08:35:00+00:00
2502,2502.T,2502.jp,2012-02-22,468.57,472.99,466.74,471.43,6796161,https://stooq.com/q/d/l/?s=2502.jp&i=d,2026-03-26T08:35:00+00:00
2502,2502.T,2502.jp,2012-02-23,469.61,470.64,460.00,462.59,11595265,https://stooq.com/q/d/l/?s=2502.jp&i=d,2026-03-26T08:35:00+00:00
2502,2502.T,2502.jp,2012-02-24,462.85,467.26,461.03,465.19,6546819,https://stooq.com/q/d/l/?s=2502.jp&i=d,2026-03-26T08:35:00+00:00
2502,2502.T,2502.jp,2012-02-27,466.22,466.49,461.81,463.11,6027348,https://stooq.com/q/d/l/?s=2502.jp&i=d,2026-03-26T08:35:00+00:00
2502,2502.T,2502.jp,2012-02-28,463.88,467.01,462.59,466.49,5695659,https://stooq.com/q/d/l/?s=2502.jp&i=d,2026-03-26T08:35:00+00:00
2502,2502.T,2502.jp,2012-02-29,463.88,467.53,461.55,462.08,7313315,https://stooq.com/q/d/l/?s=2502.jp&i=d,2026-03-26T08:35:00+00:00
2502,2502.T,2502.jp,2012-03-01,463.37,468.57,461.81,464.40,6591072,https://stooq.com/q/d/l/?s=2502.jp&i=d,2026-03-26T08:35:00+00:00
2502,2502.T,2502.jp,2012-03-02,467.53,468.57,464.40,464.93,7303312,https://stooq.com/q/d/l/?s=2502.jp&i=d,2026-03-26T08:35:00+00:00
2502,2502.T,2502.jp,2012-03-05,465.46,469.09,461.29,463.62,6713432,https://stooq.com/q/d/l/?s=2502.jp&i=d,2026-03-26T08:35:00+00:00
2502,2502.T,2502.jp,2012-03-06,464.16,466.74,461.55,463.88,7022803,https://stooq.com/q/d/l/?s=2502.jp&i=d,2026-03-26T08:35:00+00:00
2502,2502.T,2502.jp,2012-03-07,460.51,471.17,460.51,465.19,7675797,https://stooq.com/q/d/l/?s=2502.jp&i=d,2026-03-26T08:35:00+00:00
2502,2502.T,2502.jp,2012-03-08,467.79,471.43,466.22,471.43,5846119,https://stooq.com/q/d/l/?s=2502.jp&i=d,2026-03-26T08:35:00+00:00
2502,2502.T,2502.jp,2012-03-09,477.92,477.92,471.69,473.76,16675260,https://stooq.com/q/d/l/?s=2502.jp&i=d,2026-03-26T08:35:00+00:00
2502,2502.T,2502.jp,2012-03-12,476.88,477.14,466.22,467.53,11702238,https://stooq.com/q/d/l/?s=2502.jp&i=d,2026-03-26T08:35:00+00:00
2502,2502.T,2502.jp,2012-03-13,467.01,467.01,455.83,456.61,18715028,https://stooq.com/q/d/l/?s=2502.jp&i=d,2026-03-26T08:35:00+00:00
2502,2502.T,2502.jp,2012-03-14,460.77,463.37,458.69,458.95,8640842,https://stooq.com/q/d/l/?s=2502.jp&i=d,2026-03-26T08:35:00+00:00
2502,2502.T,2502.jp,2012-03-15,463.11,471.43,462.08,466.74,7817778,https://stooq.com/q/d/l/?s=2502.jp&i=d,2026-03-26T08:35:00+00:00
2502,2502.T,2502.jp,2012-03-16,466.74,468.57,461.81,462.85,4659804,https://stooq.com/q/d/l/?s=2502.jp&i=d,2026-03-26T08:35:00+00:00
2502,2502.T,2502.jp,2012-03-19,463.11,464.67,460.00,460.77,4143038,https://stooq.com/q/d/l/?s=2502.jp&i=d,2026-03-26T08:35:00+00:00
2502,2502.T,2502.jp,2012-03-21,461.03,464.40,459.20,462.59,6682649,https://stooq.com/q/d/l/?s=2502.jp&i=d,2026-03-26T08:35:00+00:00
2502,2502.T,2502.jp,2012-03-22,463.11,471.17,462.08,470.38,7534193,https://stooq.com/q/d/l/?s=2502.jp&i=d,2026-03-26T08:35:00+00:00
2502,2502.T,2502.jp,2012-03-23,469.61,471.69,467.01,469.35,6091225,https://stooq.com/q/d/l/?s=2502.jp&i=d,2026-03-26T08:35:00+00:00
2502,2502.T,2502.jp,2012-03-26,471.69,471.69,464.67,465.19,4156507,https://stooq.com/q/d/l/?s=2502.jp&i=d,2026-03-26T08:35:00+00:00
2502,2502.T,2502.jp,2012-03-27,470.38,476.88,468.05,473.76,7064357,https://stooq.com/q/d/l/?s=2502.jp&i=d,2026-03-26T08:35:00+00:00
2502,2502.T,2502.jp,2012-03-28,477.92,477.92,468.57,471.95,6551432,https://stooq.com/q/d/l/?s=2502.jp&i=d,2026-03-26T08:35:00+00:00
2502,2502.T,2502.jp,2012-03-29,469.61,473.76,469.35,473.76,4209987,https://stooq.com/q/d/l/?s=2502.jp&i=d,2026-03-26T08:35:00+00:00
2502,2502.T,2502.jp,2012-03-30,475.32,478.96,471.17,476.37,6368278,https://stooq.com/q/d/l/?s=2502.jp&i=d,2026-03-26T08:35:00+00:00
2502,2502.T,2502.jp,2012-04-02,477.41,477.41,469.09,470.91,6276693,https://stooq.com/q/d/l/?s=2502.jp&i=d,2026-03-26T08:35:00+00:00
2502,2502.T,2502.jp,2012-04-03,474.28,474.81,465.46,466.74,6716127,https://stooq.com/q/d/l/?s=2502.jp&i=d,2026-03-26T08:35:00+00:00
2502,2502.T,2502.jp,2012-04-04,478.18,483.38,476.10,476.10,15697123,https://stooq.com/q/d/l/?s=2502.jp&i=d,2026-03-26T08:35:00+00:00
2502,2502.T,2502.jp,2012-04-05,477.14,482.86,473.76,474.55,6783467,https://stooq.com/q/d/l/?s=2502.jp&i=d,2026-03-26T08:35:00+00:00
2502,2502.T,2502.jp,2012-04-06,473.24,475.58,469.61,475.06,4850665,https://stooq.com/q/d/l/?s=2502.jp&i=d,2026-03-26T08:35:00+00:00
2502,2502.T,2502.jp,2012-04-09,469.86,475.32,468.31,471.95,4430858,https://stooq.com/q/d/l/?s=2502.jp&i=d,2026-03-26T08:35:00+00:00
2502,2502.T,2502.jp,2012-04-10,472.20,475.32,469.86,474.28,5490955,https://stooq.com/q/d/l/?s=2502.jp&i=d,2026-03-26T08:35:00+00:00
2502,2502.T,2502.jp,2012-04-11,474.02,474.81,470.38,471.17,8399196,https://stooq.com/q/d/l/?s=2502.jp&i=d,2026-03-26T08:35:00+00:00
2502,2502.T,2502.jp,2012-04-12,471.17,471.17,463.88,465.46,5411302,https://stooq.com/q/d/l/?s=2502.jp&i=d,2026-03-26T08:35:00+00:00
2502,2502.T,2502.jp,2012-04-13,465.46,469.86,464.16,469.35,11382089,https://stooq.com/q/d/l/?s=2502.jp&i=d,2026-03-26T08:35:00+00:00
2502,2502.T,2502.jp,2012-04-16,464.93,470.91,464.67,467.79,4261159,https://stooq.com/q/d/l/?s=2502.jp&i=d,2026-03-26T08:35:00+00:00
2502,2502.T,2502.jp,2012-04-17,470.38,473.76,466.49,472.20,5862273,https://stooq.com/q/d/l/?s=2502.jp&i=d,2026-03-26T08:35:00+00:00
2502,2502.T,2502.jp,2012-04-18,474.28,477.41,472.47,475.84,3930243,https://stooq.com/q/d/l/?s=2502.jp&i=d,2026-03-26T08:35:00+00:00
2502,2502.T,2502.jp,2012-04-19,471.17,472.73,466.74,467.26,4676356,https://stooq.com/q/d/l/?s=2502.jp&i=d,2026-03-26T08:35:00+00:00
2502,2502.T,2502.jp,2012-04-20,469.09,470.12,465.19,465.71,3016370,https://stooq.com/q/d/l/?s=2502.jp&i=d,2026-03-26T08:35:00+00:00
2502,2502.T,2502.jp,2012-04-23,465.96,469.35,464.93,468.57,3478507,https://stooq.com/q/d/l/?s=2502.jp&i=d,2026-03-26T08:35:00+00:00
2502,2502.T,2502.jp,2012-04-24,465.96,467.26,463.11,466.22,3282648,https://stooq.com/q/d/l/?s=2502.jp&i=d,2026-03-26T08:35:00+00:00
2502,2502.T,2502.jp,2012-04-25,468.05,470.38,466.49,469.86,3427708,https://stooq.com/q/d/l/?s=2502.jp&i=d,2026-03-26T08:35:00+00:00
2502,2502.T,2502.jp,2012-04-26,472.47,476.37,470.91,473.24,2978276,https://stooq.com/q/d/l/?s=2502.jp&i=d,2026-03-26T08:35:00+00:00
2502,2502.T,2502.jp,2012-04-27,469.09,472.73,464.16,468.57,6969316,https://stooq.com/q/d/l/?s=2502.jp&i=d,2026-03-26T08:35:00+00:00
2502,2502.T,2502.jp,2012-05-01,468.57,468.57,458.43,459.20,4767926,https://stooq.com/q/d/l/?s=2502.jp&i=d,2026-03-26T08:35:00+00:00
2502,2502.T,2502.jp,2012-05-02,463.11,463.11,458.17,460.51,4316962,https://stooq.com/q/d/l/?s=2502.jp&i=d,2026-03-26T08:35:00+00:00
2502,2502.T,2502.jp,2012-05-07,453.76,457.91,452.72,456.61,5725286,https://stooq.com/q/d/l/?s=2502.jp&i=d,2026-03-26T08:35:00+00:00
2502,2502.T,2502.jp,2012-05-08,458.69,462.32,456.09,457.91,4977258,https://stooq.com/q/d/l/?s=2502.jp&i=d,2026-03-26T08:35:00+00:00
2502,2502.T,2502.jp,2012-05-09,455.83,458.17,450.89,451.41,4841809,https://stooq.com/q/d/l/?s=2502.jp&i=d,2026-03-26T08:35:00+00:00
2502,2502.T,2502.jp,2012-05-10,454.79,456.09,451.15,451.15,5838035,https://stooq.com/q/d/l/?s=2502.jp&i=d,2026-03-26T08:35:00+00:00
2502,2502.T,2502.jp,2012-05-11,453.24,454.28,447.00,448.03,6864654,https://stooq.com/q/d/l/?s=2502.jp&i=d,2026-03-26T08:35:00+00:00
2502,2502.T,2502.jp,2012-05-14,451.67,452.72,445.95,446.49,3935632,https://stooq.com/q/d/l/?s=2502.jp&i=d,2026-03-26T08:35:00+00:00
2502,2502.T,2502.jp,2012-05-15,443.36,450.37,443.36,447.26,4450095,https://stooq.com/q/d/l/?s=2502.jp&i=d,2026-03-26T08:35:00+00:00
2502,2502.T,2502.jp,2012-05-16,449.59,451.93,448.29,450.89,6325559,https://stooq.com/q/d/l/?s=2502.jp&i=d,2026-03-26T08:35:00+00:00
2502,2502.T,2502.jp,2012-05-17,451.15,453.50,445.70,447.78,8718569,https://stooq.com/q/d/l/?s=2502.jp&i=d,2026-03-26T08:35:00+00:00
2502,2502.T,2502.jp,2012-05-18,441.80,446.21,438.68,441.54,7045502,https://stooq.com/q/d/l/?s=2502.jp&i=d,2026-03-26T08:35:00+00:00
2502,2502.T,2502.jp,2012-05-21,442.05,444.91,438.41,440.76,5171198,https://stooq.com/q/d/l/?s=2502.jp&i=d,2026-03-26T08:35:00+00:00
2502,2502.T,2502.jp,2012-05-22,442.31,443.36,438.94,440.76,3794028,https://stooq.com/q/d/l/?s=2502.jp&i=d,2026-03-26T08:35:00+00:00
2502,2502.T,2502.jp,2012-05-23,440.50,440.76,435.31,436.09,4838352,https://stooq.com/q/d/l/?s=2502.jp&i=d,2026-03-26T08:35:00+00:00
2502,2502.T,2502.jp,2012-05-24,436.34,440.50,433.49,438.41,6355574,https://stooq.com/q/d/l/?s=2502.jp&i=d,2026-03-26T08:35:00+00:00
2502,2502.T,2502.jp,2012-05-25,437.39,442.84,435.31,440.50,4750623,https://stooq.com/q/d/l/?s=2502.jp&i=d,2026-03-26T08:35:00+00:00
2502,2502.T,2502.jp,2012-05-28,444.91,448.03,443.88,444.65,4168425,https://stooq.com/q/d/l/?s=2502.jp&i=d,2026-03-26T08:35:00+00:00
2502,2502.T,2502.jp,2012-05-29,442.58,442.84,434.53,437.64,5228522,https://stooq.com/q/d/l/?s=2502.jp&i=d,2026-03-26T08:35:00+00:00
2502,2502.T,2502.jp,2012-05-30,435.05,438.16,433.49,436.86,4369292,https://stooq.com/q/d/l/?s=2502.jp&i=d,2026-03-26T08:35:00+00:00
2502,2502.T,2502.jp,2012-05-31,431.93,435.57,429.32,435.31,5997337,https://stooq.com/q/d/l/?s=2502.jp&i=d,2026-03-26T08:35:00+00:00
2502,2502.T,2502.jp,2012-06-01,430.89,434.78,429.85,433.22,4098401,https://stooq.com/q/d/l/?s=2502.jp&i=d,2026-03-26T08:35:00+00:00
2502,2502.T,2502.jp,2012-06-04,422.82,439.98,422.31,439.98,6831571,https://stooq.com/q/d/l/?s=2502.jp&i=d,2026-03-26T08:35:00+00:00
2502,2502.T,2502.jp,2012-06-05,441.02,441.28,434.26,438.68,4826039,https://stooq.com/q/d/l/?s=2502.jp&i=d,2026-03-26T08:35:00+00:00
2502,2502.T,2502.jp,2012-06-06,441.54,442.31,434.26,436.86,4985726,https://stooq.com/q/d/l/?s=2502.jp&i=d,2026-03-26T08:35:00+00:00
2502,2502.T,2502.jp,2012-06-07,437.64,439.98,432.44,439.72,4884911,https://stooq.com/q/d/l/?s=2502.jp&i=d,2026-03-26T08:35:00+00:00
2502,2502.T,2502.jp,2012-06-08,437.12,438.68,431.67,434.26,13340674,https://stooq.com/q/d/l/?s=2502.jp&i=d,2026-03-26T08:35:00+00:00
2502,2502.T,2502.jp,2012-06-11,441.28,441.54,434.53,437.39,4090702,https://stooq.com/q/d/l/?s=2502.jp&i=d,2026-03-26T08:35:00+00:00
2502,2502.T,2502.jp,2012-06-12,432.69,435.57,430.11,434.00,4436632,https://stooq.com/q/d/l/?s=2502.jp&i=d,2026-03-26T08:35:00+00:00
2502,2502.T,2502.jp,2012-06-13,432.96,436.60,431.67,434.00,3707456,https://stooq.com/q/d/l/?s=2502.jp&i=d,2026-03-26T08:35:00+00:00
2502,2502.T,2502.jp,2012-06-14,433.49,435.82,431.40,433.22,4180357,https://stooq.com/q/d/l/?s=2502.jp&i=d,2026-03-26T08:35:00+00:00
2502,2502.T,2502.jp,2012-06-15,428.54,435.31,427.77,432.44,4056839,https://stooq.com/q/d/l/?s=2502.jp&i=d,2026-03-26T08:35:00+00:00
2502,2502.T,2502.jp,2012-06-18,436.09,437.39,432.44,435.57,3817112,https://stooq.com/q/d/l/?s=2502.jp&i=d,2026-03-26T08:35:00+00:00
2502,2502.T,2502.jp,2012-06-19,435.82,440.50,432.96,434.00,4497426,https://stooq.com/q/d/l/?s=2502.jp&i=d,2026-03-26T08:35:00+00:00
2502,2502.T,2502.jp,2012-06-20,435.82,437.12,432.96,436.34,7571124,https://stooq.com/q/d/l/?s=2502.jp&i=d,2026-03-26T08:35:00+00:00
2502,2502.T,2502.jp,2012-06-21,437.12,442.31,437.12,439.72,6609536,https://stooq.com/q/d/l/?s=2502.jp&i=d,2026-03-26T08:35:00+00:00
2502,2502.T,2502.jp,2012-06-22,439.46,440.50,434.00,436.60,3616637,https://stooq.com/q/d/l/?s=2502.jp&i=d,2026-03-26T08:35:00+00:00
2502,2502.T,2502.jp,2012-06-25,436.60,438.94,430.89,432.44,5335116,https://stooq.com/q/d/l/?s=2502.jp&i=d,2026-03-26T08:35:00+00:00
2502,2502.T,2502.jp,2012-06-26,432.69,439.72,432.69,433.49,6046976,https://stooq.com/q/d/l/?s=2502.jp&i=d,2026-03-26T08:35:00+00:00
2502,2502.T,2502.jp,2012-06-27,430.34,433.75,429.81,432.95,7028724,https://stooq.com/q/d/l/?s=2502.jp&i=d,2026-03-26T08:35:00+00:00
2502,2502.T,2502.jp,2012-06-28,435.06,442.65,435.06,440.03,6082078,https://stooq.com/q/d/l/?s=2502.jp&i=d,2026-03-26T08:35:00+00:00
2502,2502.T,2502.jp,2012-06-29,436.36,449.73,435.58,447.90,7397695,https://stooq.com/q/d/l/?s=2502.jp&i=d,2026-03-26T08:35:00+00:00
2502,2502.T,2502.jp,2012-07-02,453.14,453.14,445.54,446.06,3439004,https://stooq.com/q/d/l/?s=2502.jp&i=d,2026-03-26T08:35:00+00:00
2502,2502.T,2502.jp,2012-07-03,452.09,458.64,450.52,456.81,7108096,https://stooq.com/q/d/l/?s=2502.jp&i=d,2026-03-26T08:35:00+00:00
2502,2502.T,2502.jp,2012-07-04,456.81,457.07,445.54,450.26,6357177,https://stooq.com/q/d/l/?s=2502.jp&i=d,2026-03-26T08:35:00+00:00
2502,2502.T,2502.jp,2012-07-05,448.16,453.41,448.16,451.31,2996394,https://stooq.com/q/d/l/?s=2502.jp&i=d,2026-03-26T08:35:00+00:00
2502,2502.T,2502.jp,2012-07-06,449.47,451.31,443.96,446.32,4332619,https://stooq.com/q/d/l/?s=2502.jp&i=d,2026-03-26T08:35:00+00:00
2502,2502.T,2502.jp,2012-07-09,442.12,451.04,441.87,449.47,5130460,https://stooq.com/q/d/l/?s=2502.jp&i=d,2026-03-26T08:35:00+00:00
2502,2502.T,2502.jp,2012-07-10,454.71,458.12,454.19,454.97,5423884,https://stooq.com/q/d/l/?s=2502.jp&i=d,2026-03-26T08:35:00+00:00
2502,2502.T,2502.jp,2012-07-11,453.92,455.76,452.35,454.71,4143364,https://stooq.com/q/d/l/?s=2502.jp&i=d,2026-03-26T08:35:00+00:00
2502,2502.T,2502.jp,2012-07-12,454.97,455.23,448.94,450.52,4576822,https://stooq.com/q/d/l/?s=2502.jp&i=d,2026-03-26T08:35:00+00:00
2502,2502.T,2502.jp,2012-07-13,450.52,453.92,449.73,451.57,5448687,https://stooq.com/q/d/l/?s=2502.jp&i=d,2026-03-26T08:35:00+00:00
2502,2502.T,2502.jp,2012-07-17,452.35,456.55,448.41,455.23,4033092,https://stooq.com/q/d/l/?s=2502.jp&i=d,2026-03-26T08:35:00+00:00
2502,2502.T,2502.jp,2012-07-18,457.34,459.17,454.71,454.97,4484097,https://stooq.com/q/d/l/?s=2502.jp&i=d,2026-03-26T08:35:00+00:00
2502,2502.T,2502.jp,2012-07-19,456.29,459.69,456.01,457.59,4102151,https://stooq.com/q/d/l/?s=2502.jp&i=d,2026-03-26T08:35:00+00:00
2502,2502.T,2502.jp,2012-07-20,458.38,460.48,455.49,457.86,5267822,https://stooq.com/q/d/l/?s=2502.jp&i=d,2026-03-26T08:35:00+00:00
2502,2502.T,2502.jp,2012-07-23,453.92,459.95,453.67,454.19,3609182,https://stooq.com/q/d/l/?s=2502.jp&i=d,2026-03-26T08:35:00+00:00
2502,2502.T,2502.jp,2012-07-24,456.29,457.86,453.41,454.45,5429987,https://stooq.com/q/d/l/?s=2502.jp&i=d,2026-03-26T08:35:00+00:00
2502,2502.T,2502.jp,2012-07-25,449.73,453.67,446.06,451.31,6682651,https://stooq.com/q/d/l/?s=2502.jp&i=d,2026-03-26T08:35:00+00:00
2502,2502.T,2502.jp,2012-07-26,451.57,451.83,446.06,451.83,6733778,https://stooq.com/q/d/l/?s=2502.jp&i=d,2026-03-26T08:35:00+00:00
2502,2502.T,2502.jp,2012-07-27,453.41,459.95,452.09,459.17,5938603,https://stooq.com/q/d/l/?s=2502.jp&i=d,2026-03-26T08:35:00+00:00
2502,2502.T,2502.jp,2012-07-30,459.95,464.40,456.81,461.27,10135008,https://stooq.com/q/d/l/?s=2502.jp&i=d,2026-03-26T08:35:00+00:00
2502,2502.T,2502.jp,2012-07-31,461.52,466.24,459.69,461.78,5724936,https://stooq.com/q/d/l/?s=2502.jp&i=d,2026-03-26T08:35:00+00:00
2502,2502.T,2502.jp,2012-08-01,451.31,465.19,451.31,463.88,4712656,https://stooq.com/q/d/l/?s=2502.jp&i=d,2026-03-26T08:35:00+00:00
2502,2502.T,2502.jp,2012-08-02,461.00,465.19,460.48,461.78,3553857,https://stooq.com/q/d/l/?s=2502.jp&i=d,2026-03-26T08:35:00+00:00
2502,2502.T,2502.jp,2012-08-03,456.29,463.88,455.49,460.73,5835204,https://stooq.com/q/d/l/?s=2502.jp&i=d,2026-03-26T08:35:00+00:00
2502,2502.T,2502.jp,2012-08-06,465.19,468.87,463.36,467.03,4589024,https://stooq.com/q/d/l/?s=2502.jp&i=d,2026-03-26T08:35:00+00:00
2502,2502.T,2502.jp,2012-08-07,466.51,469.13,464.67,468.61,2899104,https://stooq.com/q/d/l/?s=2502.jp&i=d,2026-03-26T08:35:00+00:00
2502,2502.T,2502.jp,2012-08-08,470.96,476.47,469.65,474.90,6842903,https://stooq.com/q/d/l/?s=2502.jp&i=d,2026-03-26T08:35:00+00:00
2502,2502.T,2502.jp,2012-08-09,474.90,479.35,470.44,479.35,6336577,https://stooq.com/q/d/l/?s=2502.jp&i=d,2026-03-26T08:35:00+00:00
2502,2502.T,2502.jp,2012-08-10,472.80,477.51,472.28,475.67,4408547,https://stooq.com/q/d/l/?s=2502.jp&i=d,2026-03-26T08:35:00+00:00
2502,2502.T,2502.jp,2012-08-13,473.58,477.25,472.54,476.73,1498768,https://stooq.com/q/d/l/?s=2502.jp&i=d,2026-03-26T08:35:00+00:00
2502,2502.T,2502.jp,2012-08-14,478.04,484.07,476.99,483.28,5020192,https://stooq.com/q/d/l/?s=2502.jp&i=d,2026-03-26T08:35:00+00:00
2502,2502.T,2502.jp,2012-08-15,483.54,484.33,480.66,481.71,3394742,https://stooq.com/q/d/l/?s=2502.jp&i=d,2026-03-26T08:35:00+00:00
2502,2502.T,2502.jp,2012-08-16,484.33,488.25,483.54,488.25,4301710,https://stooq.com/q/d/l/?s=2502.jp&i=d,2026-03-26T08:35:00+00:00
2502,2502.T,2502.jp,2012-08-17,486.69,488.52,484.33,486.16,5038126,https://stooq.com/q/d/l/?s=2502.jp&i=d,2026-03-26T08:35:00+00:00
2502,2502.T,2502.jp,2012-08-20,487.21,492.45,485.63,490.62,4277291,https://stooq.com/q/d/l/?s=2502.jp&i=d,2026-03-26T08:35:00+00:00
2502,2502.T,2502.jp,2012-08-21,491.92,494.02,489.30,491.40,4252876,https://stooq.com/q/d/l/?s=2502.jp&i=d,2026-03-26T08:35:00+00:00
2502,2502.T,2502.jp,2012-08-22,490.62,492.70,487.73,492.70,3936940,https://stooq.com/q/d/l/?s=2502.jp&i=d,2026-03-26T08:35:00+00:00
2502,2502.T,2502.jp,2012-08-23,492.70,493.50,489.30,492.70,3901456,https://stooq.com/q/d/l/?s=2502.jp&i=d,2026-03-26T08:35:00+00:00
2502,2502.T,2502.jp,2012-08-24,487.47,492.45,486.94,491.14,3065844,https://stooq.com/q/d/l/?s=2502.jp&i=d,2026-03-26T08:35:00+00:00
2502,2502.T,2502.jp,2012-08-27,492.45,493.24,488.52,489.05,3896118,https://stooq.com/q/d/l/?s=2502.jp&i=d,2026-03-26T08:35:00+00:00
2502,2502.T,2502.jp,2012-08-28,491.92,495.07,490.88,493.50,5193807,https://stooq.com/q/d/l/?s=2502.jp&i=d,2026-03-26T08:35:00+00:00
2502,2502.T,2502.jp,2012-08-29,495.33,500.32,494.30,497.96,5463177,https://stooq.com/q/d/l/?s=2502.jp&i=d,2026-03-26T08:35:00+00:00
2502,2502.T,2502.jp,2012-08-30,500.32,507.66,499.79,506.08,5716532,https://stooq.com/q/d/l/?s=2502.jp&i=d,2026-03-26T08:35:00+00:00
2502,2502.T,2502.jp,2012-08-31,499.79,502.41,495.86,496.64,5746301,https://stooq.com/q/d/l/?s=2502.jp&i=d,2026-03-26T08:35:00+00:00
2502,2502.T,2502.jp,2012-09-03,497.96,500.32,494.30,494.80,4022789,https://stooq.com/q/d/l/?s=2502.jp&i=d,2026-03-26T08:35:00+00:00
2502,2502.T,2502.jp,2012-09-04,496.39,497.69,492.70,495.07,4287588,https://stooq.com/q/d/l/?s=2502.jp&i=d,2026-03-26T08:35:00+00:00
2502,2502.T,2502.jp,2012-09-05,494.02,495.33,491.40,492.45,3161227,https://stooq.com/q/d/l/?s=2502.jp&i=d,2026-03-26T08:35:00+00:00
2502,2502.T,2502.jp,2012-09-06,494.80,495.86,491.14,494.80,3672522,https://stooq.com/q/d/l/?s=2502.jp&i=d,2026-03-26T08:35:00+00:00
2502,2502.T,2502.jp,2012-09-07,496.39,497.18,487.73,490.36,7531241,https://stooq.com/q/d/l/?s=2502.jp&i=d,2026-03-26T08:35:00+00:00
2502,2502.T,2502.jp,2012-09-10,489.05,493.76,487.73,490.36,4574909,https://stooq.com/q/d/l/?s=2502.jp&i=d,2026-03-26T08:35:00+00:00
2502,2502.T,2502.jp,2012-09-11,489.05,490.88,485.12,489.05,4325751,https://stooq.com/q/d/l/?s=2502.jp&i=d,2026-03-26T08:35:00+00:00
2502,2502.T,2502.jp,2012-09-12,490.09,493.50,488.52,493.50,4472650,https://stooq.com/q/d/l/?s=2502.jp&i=d,2026-03-26T08:35:00+00:00
2502,2502.T,2502.jp,2012-09-13,492.19,495.33,489.57,490.88,3393598,https://stooq.com/q/d/l/?s=2502.jp&i=d,2026-03-26T08:35:00+00:00
2502,2502.T,2502.jp,2012-09-14,491.92,492.70,479.61,480.91,13536616,https://stooq.com/q/d/l/?s=2502.jp&i=d,2026-03-26T08:35:00+00:00
2502,2502.T,2502.jp,2012-09-18,491.14,492.45,483.54,484.85,4542856,https://stooq.com/q/d/l/?s=2502.jp&i=d,2026-03-26T08:35:00+00:00
2502,2502.T,2502.jp,2012-09-19,489.83,490.36,482.76,483.80,6078637,https://stooq.com/q/d/l/?s=2502.jp&i=d,2026-03-26T08:35:00+00:00
2502,2502.T,2502.jp,2012-09-20,480.66,485.90,480.40,481.71,7000109,https://stooq.com/q/d/l/?s=2502.jp&i=d,2026-03-26T08:35:00+00:00
2502,2502.T,2502.jp,2012-09-21,486.69,491.40,484.85,489.05,4191827,https://stooq.com/q/d/l/?s=2502.jp&i=d,2026-03-26T08:35:00+00:00
2502,2502.T,2502.jp,2012-09-24,489.05,493.50,488.79,492.70,4453575,https://stooq.com/q/d/l/?s=2502.jp&i=d,2026-03-26T08:35:00+00:00
2502,2502.T,2502.jp,2012-09-25,491.92,499.53,491.92,499.53,5514308,https://stooq.com/q/d/l/?s=2502.jp&i=d,2026-03-26T08:35:00+00:00
2502,2502.T,2502.jp,2012-09-26,497.96,504.25,492.97,502.94,6920743,https://stooq.com/q/d/l/?s=2502.jp&i=d,2026-03-26T08:35:00+00:00
2502,2502.T,2502.jp,2012-09-27,501.10,506.60,495.86,506.08,4978982,https://stooq.com/q/d/l/?s=2502.jp&i=d,2026-03-26T08:35:00+00:00
2502,2502.T,2502.jp,2012-09-28,506.08,507.66,500.05,504.25,5607414,https://stooq.com/q/d/l/?s=2502.jp&i=d,2026-03-26T08:35:00+00:00
2502,2502.T,2502.jp,2012-10-01,502.41,505.02,501.10,504.51,3685487,https://stooq.com/q/d/l/?s=2502.jp&i=d,2026-03-26T08:35:00+00:00
2502,2502.T,2502.jp,2012-10-02,503.72,505.56,501.36,504.25,2429777,https://stooq.com/q/d/l/?s=2502.jp&i=d,2026-03-26T08:35:00+00:00
2502,2502.T,2502.jp,2012-10-03,503.72,503.72,495.86,497.96,3405423,https://stooq.com/q/d/l/?s=2502.jp&i=d,2026-03-26T08:35:00+00:00
2502,2502.T,2502.jp,2012-10-04,500.58,506.35,497.96,503.72,5119391,https://stooq.com/q/d/l/?s=2502.jp&i=d,2026-03-26T08:35:00+00:00
2502,2502.T,2502.jp,2012-10-05,505.56,509.49,503.46,505.56,5439905,https://stooq.com/q/d/l/?s=2502.jp&i=d,2026-03-26T08:35:00+00:00
2502,2502.T,2502.jp,2012-10-09,504.25,508.18,501.88,501.88,5217453,https://stooq.com/q/d/l/?s=2502.jp&i=d,2026-03-26T08:35:00+00:00
2502,2502.T,2502.jp,2012-10-10,497.96,501.36,492.70,493.24,6987515,https://stooq.com/q/d/l/?s=2502.jp&i=d,2026-03-26T08:35:00+00:00
2502,2502.T,2502.jp,2012-10-11,491.92,500.58,490.36,491.40,4219298,https://stooq.com/q/d/l/?s=2502.jp&i=d,2026-03-26T08:35:00+00:00
2502,2502.T,2502.jp,2012-10-12,501.10,504.51,497.43,498.48,7958967,https://stooq.com/q/d/l/?s=2502.jp&i=d,2026-03-26T08:35:00+00:00
2502,2502.T,2502.jp,2012-10-15,497.96,500.58,493.76,498.48,4804234,https://stooq.com/q/d/l/?s=2502.jp&i=d,2026-03-26T08:35:00+00:00
2502,2502.T,2502.jp,2012-10-16,498.21,499.79,494.30,496.90,5564296,https://stooq.com/q/d/l/?s=2502.jp&i=d,2026-03-26T08:35:00+00:00
2502,2502.T,2502.jp,2012-10-17,497.69,507.92,497.69,503.46,5669230,https://stooq.com/q/d/l/?s=2502.jp&i=d,2026-03-26T08:35:00+00:00
2502,2502.T,2502.jp,2012-10-18,505.82,507.13,501.63,506.60,3690457,https://stooq.com/q/d/l/?s=2502.jp&i=d,2026-03-26T08:35:00+00:00
2502,2502.T,2502.jp,2012-10-19,500.58,502.15,491.67,496.90,7092446,https://stooq.com/q/d/l/?s=2502.jp&i=d,2026-03-26T08:35:00+00:00
2502,2502.T,2502.jp,2012-10-22,494.55,495.07,489.83,493.24,5570014,https://stooq.com/q/d/l/?s=2502.jp&i=d,2026-03-26T08:35:00+00:00
2502,2502.T,2502.jp,2012-10-23,493.50,495.33,487.47,492.97,6062231,https://stooq.com/q/d/l/?s=2502.jp&i=d,2026-03-26T08:35:00+00:00
2502,2502.T,2502.jp,2012-10-24,490.09,495.60,489.57,492.45,3513029,https://stooq.com/q/d/l/?s=2502.jp&i=d,2026-03-26T08:35:00+00:00
2502,2502.T,2502.jp,2012-10-25,492.19,495.33,490.88,495.33,3213883,https://stooq.com/q/d/l/?s=2502.jp&i=d,2026-03-26T08:35:00+00:00
2502,2502.T,2502.jp,2012-10-26,495.86,499.00,492.45,492.45,3651528,https://stooq.com/q/d/l/?s=2502.jp&i=d,2026-03-26T08:35:00+00:00
2502,2502.T,2502.jp,2012-10-29,491.40,495.86,490.36,493.76,3416873,https://stooq.com/q/d/l/?s=2502.jp&i=d,2026-03-26T08:35:00+00:00
2502,2502.T,2502.jp,2012-10-30,496.64,497.69,484.85,484.85,4750430,https://stooq.com/q/d/l/?s=2502.jp&i=d,2026-03-26T08:35:00+00:00
2502,2502.T,2502.jp,2012-10-31,473.06,478.56,461.78,476.73,13002812,https://stooq.com/q/d/l/?s=2502.jp&i=d,2026-03-26T08:35:00+00:00
2502,2502.T,2502.jp,2012-11-01,479.35,480.40,467.03,474.11,5946619,https://stooq.com/q/d/l/?s=2502.jp&i=d,2026-03-26T08:35:00+00:00
2502,2502.T,2502.jp,2012-11-02,474.90,482.23,473.58,476.20,5175100,https://stooq.com/q/d/l/?s=2502.jp&i=d,2026-03-26T08:35:00+00:00
2502,2502.T,2502.jp,2012-11-05,474.36,486.16,473.58,482.49,5760413,https://stooq.com/q/d/l/?s=2502.jp&i=d,2026-03-26T08:35:00+00:00
2502,2502.T,2502.jp,2012-11-06,484.07,488.25,482.23,486.16,4968298,https://stooq.com/q/d/l/?s=2502.jp&i=d,2026-03-26T08:35:00+00:00
2502,2502.T,2502.jp,2012-11-07,486.69,487.73,475.94,478.56,6937912,https://stooq.com/q/d/l/?s=2502.jp&i=d,2026-03-26T08:35:00+00:00
2502,2502.T,2502.jp,2012-11-08,475.94,476.20,468.87,470.44,5135426,https://stooq.com/q/d/l/?s=2502.jp&i=d,2026-03-26T08:35:00+00:00
2502,2502.T,2502.jp,2012-11-09,468.34,475.16,466.76,472.28,4853452,https://stooq.com/q/d/l/?s=2502.jp&i=d,2026-03-26T08:35:00+00:00
2502,2502.T,2502.jp,2012-11-12,468.61,470.96,465.46,465.99,2877347,https://stooq.com/q/d/l/?s=2502.jp&i=d,2026-03-26T08:35:00+00:00
2502,2502.T,2502.jp,2012-11-13,466.24,466.76,461.00,461.78,4175039,https://stooq.com/q/d/l/?s=2502.jp&i=d,2026-03-26T08:35:00+00:00
2502,2502.T,2502.jp,2012-11-14,463.36,464.93,460.73,464.15,2167266,https://stooq.com/q/d/l/?s=2502.jp&i=d,2026-03-26T08:35:00+00:00
2502,2502.T,2502.jp,2012-11-15,464.67,464.67,459.95,463.10,4600093,https://stooq.com/q/d/l/?s=2502.jp&i=d,2026-03-26T08:35:00+00:00
2502,2502.T,2502.jp,2012-11-16,463.88,464.40,456.01,460.48,9430264,https://stooq.com/q/d/l/?s=2502.jp&i=d,2026-03-26T08:35:00+00:00
2502,2502.T,2502.jp,2012-11-20,468.61,469.13,464.93,467.29,4640540,https://stooq.com/q/d/l/?s=2502.jp&i=d,2026-03-26T08:35:00+00:00
2502,2502.T,2502.jp,2012-11-21,470.70,474.11,466.76,473.84,4967532,https://stooq.com/q/d/l/?s=2502.jp&i=d,2026-03-26T08:35:00+00:00
2502,2502.T,2502.jp,2012-11-22,480.13,481.44,469.40,473.06,5063304,https://stooq.com/q/d/l/?s=2502.jp&i=d,2026-03-26T08:35:00+00:00
2502,2502.T,2502.jp,2012-11-26,475.16,480.13,470.70,475.94,5428840,https://stooq.com/q/d/l/?s=2502.jp&i=d,2026-03-26T08:35:00+00:00
2502,2502.T,2502.jp,2012-11-27,476.99,480.91,476.20,478.56,4301336,https://stooq.com/q/d/l/?s=2502.jp&i=d,2026-03-26T08:35:00+00:00
2502,2502.T,2502.jp,2012-11-28,478.56,484.33,478.30,479.35,3700753,https://stooq.com/q/d/l/?s=2502.jp&i=d,2026-03-26T08:35:00+00:00
2502,2502.T,2502.jp,2012-11-29,479.61,483.28,479.35,481.71,3401611,https://stooq.com/q/d/l/?s=2502.jp&i=d,2026-03-26T08:35:00+00:00
2502,2502.T,2502.jp,2012-11-30,484.60,487.21,482.23,485.63,5558196,https://stooq.com/q/d/l/?s=2502.jp&i=d,2026-03-26T08:35:00+00:00
2502,2502.T,2502.jp,2012-12-03,483.02,489.57,479.87,485.12,5612374,https://stooq.com/q/d/l/?s=2502.jp&i=d,2026-03-26T08:35:00+00:00
2502,2502.T,2502.jp,2012-12-04,486.94,489.30,485.38,485.63,4040727,https://stooq.com/q/d/l/?s=2502.jp&i=d,2026-03-26T08:35:00+00:00
2502,2502.T,2502.jp,2012-12-05,484.33,494.55,481.97,491.40,5201047,https://stooq.com/q/d/l/?s=2502.jp&i=d,2026-03-26T08:35:00+00:00
2502,2502.T,2502.jp,2012-12-06,494.30,496.90,493.50,496.39,4610393,https://stooq.com/q/d/l/?s=2502.jp&i=d,2026-03-26T08:35:00+00:00
2502,2502.T,2502.jp,2012-12-07,497.18,502.94,496.90,499.26,5815367,https://stooq.com/q/d/l/?s=2502.jp&i=d,2026-03-26T08:35:00+00:00
2502,2502.T,2502.jp,2012-12-10,497.96,500.05,496.12,500.05,3867115,https://stooq.com/q/d/l/?s=2502.jp&i=d,2026-03-26T08:35:00+00:00
2502,2502.T,2502.jp,2012-12-11,497.18,499.26,495.86,498.74,3283330,https://stooq.com/q/d/l/?s=2502.jp&i=d,2026-03-26T08:35:00+00:00
2502,2502.T,2502.jp,2012-12-12,499.00,499.53,494.30,494.80,5167860,https://stooq.com/q/d/l/?s=2502.jp&i=d,2026-03-26T08:35:00+00:00
2502,2502.T,2502.jp,2012-12-13,496.64,496.64,482.76,485.63,8653789,https://stooq.com/q/d/l/?s=2502.jp&i=d,2026-03-26T08:35:00+00:00
2502,2502.T,2502.jp,2012-12-14,483.28,489.57,480.66,482.49,15247156,https://stooq.com/q/d/l/?s=2502.jp&i=d,2026-03-26T08:35:00+00:00
2502,2502.T,2502.jp,2012-12-17,492.70,492.70,484.07,485.12,4674493,https://stooq.com/q/d/l/?s=2502.jp&i=d,2026-03-26T08:35:00+00:00
2502,2502.T,2502.jp,2012-12-18,485.38,489.30,484.85,487.73,4181135,https://stooq.com/q/d/l/?s=2502.jp&i=d,2026-03-26T08:35:00+00:00
2502,2502.T,2502.jp,2012-12-19,487.21,492.45,484.33,492.45,4963720,https://stooq.com/q/d/l/?s=2502.jp&i=d,2026-03-26T08:35:00+00:00
2502,2502.T,2502.jp,2012-12-20,491.92,492.70,487.21,488.00,4579487,https://stooq.com/q/d/l/?s=2502.jp&i=d,2026-03-26T08:35:00+00:00
2502,2502.T,2502.jp,2012-12-21,491.40,492.45,489.05,489.05,5921057,https://stooq.com/q/d/l/?s=2502.jp&i=d,2026-03-26T08:35:00+00:00
2502,2502.T,2502.jp,2012-12-25,489.57,492.45,489.30,491.40,4757677,https://stooq.com/q/d/l/?s=2502.jp&i=d,2026-03-26T08:35:00+00:00
2502,2502.T,2502.jp,2012-12-26,492.20,492.46,487.98,490.61,7562112,https://stooq.com/q/d/l/?s=2502.jp&i=d,2026-03-26T08:35:00+00:00
2502,2502.T,2502.jp,2012-12-27,491.40,492.20,489.55,489.82,6184357,https://stooq.com/q/d/l/?s=2502.jp&i=d,2026-03-26T08:35:00+00:00
2502,2502.T,2502.jp,2012-12-28,489.03,489.82,483.75,485.07,7542041,https://stooq.com/q/d/l/?s=2502.jp&i=d,2026-03-26T08:35:00+00:00
2502,2502.T,2502.jp,2013-01-04,492.20,492.99,487.71,489.29,7667016,https://stooq.com/q/d/l/?s=2502.jp&i=d,2026-03-26T08:35:00+00:00
2502,2502.T,2502.jp,2013-01-07,489.29,493.78,488.24,492.71,10548251,https://stooq.com/q/d/l/?s=2502.jp&i=d,2026-03-26T08:35:00+00:00
2502,2502.T,2502.jp,2013-01-08,490.61,498.27,489.55,494.58,11104198,https://stooq.com/q/d/l/?s=2502.jp&i=d,2026-03-26T08:35:00+00:00
2502,2502.T,2502.jp,2013-01-09,491.40,494.31,487.44,487.44,10456982,https://stooq.com/q/d/l/?s=2502.jp&i=d,2026-03-26T08:35:00+00:00
2502,2502.T,2502.jp,2013-01-10,484.28,486.12,474.50,484.02,13153408,https://stooq.com/q/d/l/?s=2502.jp&i=d,2026-03-26T08:35:00+00:00
2502,2502.T,2502.jp,2013-01-11,486.39,487.19,482.17,485.86,8650907,https://stooq.com/q/d/l/?s=2502.jp&i=d,2026-03-26T08:35:00+00:00
2502,2502.T,2502.jp,2013-01-15,489.29,497.48,489.29,496.94,7816606,https://stooq.com/q/d/l/?s=2502.jp&i=d,2026-03-26T08:35:00+00:00
2502,2502.T,2502.jp,2013-01-16,495.62,502.49,494.04,494.58,8473669,https://stooq.com/q/d/l/?s=2502.jp&i=d,2026-03-26T08:35:00+00:00
2502,2502.T,2502.jp,2013-01-17,497.22,501.71,493.25,498.01,11325749,https://stooq.com/q/d/l/?s=2502.jp&i=d,2026-03-26T08:35:00+00:00
2502,2502.T,2502.jp,2013-01-18,501.71,503.55,496.94,501.71,7660195,https://stooq.com/q/d/l/?s=2502.jp&i=d,2026-03-26T08:35:00+00:00
2502,2502.T,2502.jp,2013-01-21,501.71,505.65,494.31,494.31,7691634,https://stooq.com/q/d/l/?s=2502.jp&i=d,2026-03-26T08:35:00+00:00
2502,2502.T,2502.jp,2013-01-22,496.94,499.33,488.24,492.71,8064657,https://stooq.com/q/d/l/?s=2502.jp&i=d,2026-03-26T08:35:00+00:00
2502,2502.T,2502.jp,2013-01-23,491.14,492.20,487.19,491.14,8032090,https://stooq.com/q/d/l/?s=2502.jp&i=d,2026-03-26T08:35:00+00:00
2502,2502.T,2502.jp,2013-01-24,488.50,497.22,488.24,496.94,6992152,https://stooq.com/q/d/l/?s=2502.jp&i=d,2026-03-26T08:35:00+00:00
2502,2502.T,2502.jp,2013-01-25,499.06,506.98,495.37,506.98,5620458,https://stooq.com/q/d/l/?s=2502.jp&i=d,2026-03-26T08:35:00+00:00
2502,2502.T,2502.jp,2013-01-28,509.10,513.32,505.14,505.14,6321065,https://stooq.com/q/d/l/?s=2502.jp&i=d,2026-03-26T08:35:00+00:00
2502,2502.T,2502.jp,2013-01-29,498.80,507.78,495.62,504.86,8303631,https://stooq.com/q/d/l/?s=2502.jp&i=d,2026-03-26T08:35:00+00:00
2502,2502.T,2502.jp,2013-01-30,506.98,514.12,504.61,513.06,6596403,https://stooq.com/q/d/l/?s=2502.jp&i=d,2026-03-26T08:35:00+00:00
2502,2502.T,2502.jp,2013-01-31,510.95,513.06,506.19,512.00,6792570,https://stooq.com/q/d/l/?s=2502.jp&i=d,2026-03-26T08:35:00+00:00
2502,2502.T,2502.jp,2013-02-01,512.26,521.24,511.21,518.87,5380352,https://stooq.com/q/d/l/?s=2502.jp&i=d,2026-03-26T08:35:00+00:00
2502,2502.T,2502.jp,2013-02-04,519.65,528.36,519.40,524.68,6149901,https://stooq.com/q/d/l/?s=2502.jp&i=d,2026-03-26T08:35:00+00:00
2502,2502.T,2502.jp,2013-02-05,520.99,524.15,519.13,521.24,4401008,https://stooq.com/q/d/l/?s=2502.jp&i=d,2026-03-26T08:35:00+00:00
2502,2502.T,2502.jp,2013-02-06,528.10,541.84,527.84,541.84,12303201,https://stooq.com/q/d/l/?s=2502.jp&i=d,2026-03-26T08:35:00+00:00
2502,2502.T,2502.jp,2013-02-07,537.88,538.67,527.05,529.43,9862401,https://stooq.com/q/d/l/?s=2502.jp&i=d,2026-03-26T08:35:00+00:00
2502,2502.T,2502.jp,2013-02-08,518.87,531.01,518.34,523.88,9112176,https://stooq.com/q/d/l/?s=2502.jp&i=d,2026-03-26T08:35:00+00:00
2502,2502.T,2502.jp,2013-02-12,531.80,533.39,527.58,528.89,7479930,https://stooq.com/q/d/l/?s=2502.jp&i=d,2026-03-26T08:35:00+00:00
2502,2502.T,2502.jp,2013-02-13,527.58,537.35,526.00,530.22,5592434,https://stooq.com/q/d/l/?s=2502.jp&i=d,2026-03-26T08:35:00+00:00
2502,2502.T,2502.jp,2013-02-14,567.71,578.81,560.05,561.11,30702900,https://stooq.com/q/d/l/?s=2502.jp&i=d,2026-03-26T08:35:00+00:00
2502,2502.T,2502.jp,2013-02-15,561.64,575.11,560.58,562.69,22591284,https://stooq.com/q/d/l/?s=2502.jp&i=d,2026-03-26T08:35:00+00:00
2502,2502.T,2502.jp,2013-02-18,564.02,585.40,564.02,582.52,19104103,https://stooq.com/q/d/l/?s=2502.jp&i=d,2026-03-26T08:35:00+00:00
2502,2502.T,2502.jp,2013-02-19,582.52,595.44,581.45,590.95,18896564,https://stooq.com/q/d/l/?s=2502.jp&i=d,2026-03-26T08:35:00+00:00
2502,2502.T,2502.jp,2013-02-20,600.99,606.80,599.41,603.63,19255966,https://stooq.com/q/d/l/?s=2502.jp&i=d,2026-03-26T08:35:00+00:00
2502,2502.T,2502.jp,2013-02-21,602.57,603.10,596.76,599.41,16078960,https://stooq.com/q/d/l/?s=2502.jp&i=d,2026-03-26T08:35:00+00:00
2502,2502.T,2502.jp,2013-02-22,602.84,609.70,600.19,608.64,15716525,https://stooq.com/q/d/l/?s=2502.jp&i=d,2026-03-26T08:35:00+00:00
2502,2502.T,2502.jp,2013-02-25,614.98,622.10,612.87,617.36,16645501,https://stooq.com/q/d/l/?s=2502.jp&i=d,2026-03-26T08:35:00+00:00
2502,2502.T,2502.jp,2013-02-26,611.28,617.09,603.63,613.65,17181762,https://stooq.com/q/d/l/?s=2502.jp&i=d,2026-03-26T08:35:00+00:00
2502,2502.T,2502.jp,2013-02-27,613.65,614.18,607.33,609.16,12573607,https://stooq.com/q/d/l/?s=2502.jp&i=d,2026-03-26T08:35:00+00:00
2502,2502.T,2502.jp,2013-02-28,611.28,619.20,607.85,617.88,15176109,https://stooq.com/q/d/l/?s=2502.jp&i=d,2026-03-26T08:35:00+00:00
2502,2502.T,2502.jp,2013-03-01,609.70,610.75,569.30,605.21,20440189,https://stooq.com/q/d/l/?s=2502.jp&i=d,2026-03-26T08:35:00+00:00
2502,2502.T,2502.jp,2013-03-04,597.02,601.78,588.31,591.22,16481909,https://stooq.com/q/d/l/?s=2502.jp&i=d,2026-03-26T08:35:00+00:00
2502,2502.T,2502.jp,2013-03-05,593.59,603.89,593.06,600.46,9591627,https://stooq.com/q/d/l/?s=2502.jp&i=d,2026-03-26T08:35:00+00:00
2502,2502.T,2502.jp,2013-03-06,603.36,605.21,597.02,598.61,9567765,https://stooq.com/q/d/l/?s=2502.jp&i=d,2026-03-26T08:35:00+00:00
2502,2502.T,2502.jp,2013-03-07,596.76,606.80,596.76,605.48,7768133,https://stooq.com/q/d/l/?s=2502.jp&i=d,2026-03-26T08:35:00+00:00
2502,2502.T,2502.jp,2013-03-08,605.74,608.64,601.78,603.10,23630458,https://stooq.com/q/d/l/?s=2502.jp&i=d,2026-03-26T08:35:00+00:00
2502,2502.T,2502.jp,2013-03-11,599.41,600.46,586.73,589.37,13938856,https://stooq.com/q/d/l/?s=2502.jp&i=d,2026-03-26T08:35:00+00:00
2502,2502.T,2502.jp,2013-03-12,589.10,598.08,584.09,591.75,12079761,https://stooq.com/q/d/l/?s=2502.jp&i=d,2026-03-26T08:35:00+00:00
2502,2502.T,2502.jp,2013-03-13,586.46,592.80,585.40,587.78,6471800,https://stooq.com/q/d/l/?s=2502.jp&i=d,2026-03-26T08:35:00+00:00
2502,2502.T,2502.jp,2013-03-14,593.59,594.12,582.24,587.78,9879441,https://stooq.com/q/d/l/?s=2502.jp&i=d,2026-03-26T08:35:00+00:00
2502,2502.T,2502.jp,2013-03-15,586.73,600.72,582.24,599.93,11921459,https://stooq.com/q/d/l/?s=2502.jp&i=d,2026-03-26T08:35:00+00:00
2502,2502.T,2502.jp,2013-03-18,594.12,595.44,583.03,584.09,9077707,https://stooq.com/q/d/l/?s=2502.jp&i=d,2026-03-26T08:35:00+00:00
2502,2502.T,2502.jp,2013-03-19,591.75,598.61,589.63,591.22,6561562,https://stooq.com/q/d/l/?s=2502.jp&i=d,2026-03-26T08:35:00+00:00
2502,2502.T,2502.jp,2013-03-21,596.49,601.78,593.06,598.61,7009946,https://stooq.com/q/d/l/?s=2502.jp&i=d,2026-03-26T08:35:00+00:00
2502,2502.T,2502.jp,2013-03-22,595.97,596.49,578.54,579.07,8663404,https://stooq.com/q/d/l/?s=2502.jp&i=d,2026-03-26T08:35:00+00:00
2502,2502.T,2502.jp,2013-03-25,584.35,590.95,582.52,586.46,5871921,https://stooq.com/q/d/l/?s=2502.jp&i=d,2026-03-26T08:35:00+00:00
2502,2502.T,2502.jp,2013-03-26,580.92,591.22,580.13,588.84,4755856,https://stooq.com/q/d/l/?s=2502.jp&i=d,2026-03-26T08:35:00+00:00
2502,2502.T,2502.jp,2013-03-27,590.16,592.27,585.15,590.42,3662513,https://stooq.com/q/d/l/?s=2502.jp&i=d,2026-03-26T08:35:00+00:00
2502,2502.T,2502.jp,2013-03-28,587.52,596.49,586.99,593.86,7128103,https://stooq.com/q/d/l/?s=2502.jp&i=d,2026-03-26T08:35:00+00:00
2502,2502.T,2502.jp,2013-03-29,597.02,597.29,590.16,593.86,4419184,https://stooq.com/q/d/l/?s=2502.jp&i=d,2026-03-26T08:35:00+00:00
2502,2502.T,2502.jp,2013-04-01,594.12,598.08,585.40,585.40,8269925,https://stooq.com/q/d/l/?s=2502.jp&i=d,2026-03-26T08:35:00+00:00
2502,2502.T,2502.jp,2013-04-02,583.56,583.56,558.21,569.03,10425168,https://stooq.com/q/d/l/?s=2502.jp&i=d,2026-03-26T08:35:00+00:00
2502,2502.T,2502.jp,2013-04-03,572.21,583.82,569.56,583.82,7098191,https://stooq.com/q/d/l/?s=2502.jp&i=d,2026-03-26T08:35:00+00:00
2502,2502.T,2502.jp,2013-04-04,583.56,594.90,577.22,594.65,9363264,https://stooq.com/q/d/l/?s=2502.jp&i=d,2026-03-26T08:35:00+00:00
2502,2502.T,2502.jp,2013-04-05,600.19,615.24,593.33,607.59,22065624,https://stooq.com/q/d/l/?s=2502.jp&i=d,2026-03-26T08:35:00+00:00
2502,2502.T,2502.jp,2013-04-08,616.30,622.37,601.78,613.65,8465717,https://stooq.com/q/d/l/?s=2502.jp&i=d,2026-03-26T08:35:00+00:00
2502,2502.T,2502.jp,2013-04-09,620.52,620.52,611.28,616.83,6341902,https://stooq.com/q/d/l/?s=2502.jp&i=d,2026-03-26T08:35:00+00:00
2502,2502.T,2502.jp,2013-04-10,620.00,631.62,616.03,628.97,12660323,https://stooq.com/q/d/l/?s=2502.jp&i=d,2026-03-26T08:35:00+00:00
2502,2502.T,2502.jp,2013-04-11,633.73,633.73,626.60,628.71,8380502,https://stooq.com/q/d/l/?s=2502.jp&i=d,2026-03-26T08:35:00+00:00
2502,2502.T,2502.jp,2013-04-12,628.71,630.03,613.13,614.71,13259826,https://stooq.com/q/d/l/?s=2502.jp&i=d,2026-03-26T08:35:00+00:00
2502,2502.T,2502.jp,2013-04-15,616.30,621.84,612.87,618.41,7195893,https://stooq.com/q/d/l/?s=2502.jp&i=d,2026-03-26T08:35:00+00:00
2502,2502.T,2502.jp,2013-04-16,605.21,616.30,594.65,613.40,8855030,https://stooq.com/q/d/l/?s=2502.jp&i=d,2026-03-26T08:35:00+00:00
2502,2502.T,2502.jp,2013-04-17,614.98,618.68,608.12,613.93,6088544,https://stooq.com/q/d/l/?s=2502.jp&i=d,2026-03-26T08:35:00+00:00
2502,2502.T,2502.jp,2013-04-18,608.12,609.70,597.02,600.72,9634420,https://stooq.com/q/d/l/?s=2502.jp&i=d,2026-03-26T08:35:00+00:00
2502,2502.T,2502.jp,2013-04-19,603.36,605.74,594.65,604.16,6327132,https://stooq.com/q/d/l/?s=2502.jp&i=d,2026-03-26T08:35:00+00:00
2502,2502.T,2502.jp,2013-04-22,620.52,622.90,612.87,616.03,6204434,https://stooq.com/q/d/l/?s=2502.jp&i=d,2026-03-26T08:35:00+00:00
2502,2502.T,2502.jp,2013-04-23,615.77,620.26,611.28,613.13,4757379,https://stooq.com/q/d/l/?s=2502.jp&i=d,2026-03-26T08:35:00+00:00
2502,2502.T,2502.jp,2013-04-24,622.10,639.02,619.20,639.02,9599576,https://stooq.com/q/d/l/?s=2502.jp&i=d,2026-03-26T08:35:00+00:00
2502,2502.T,2502.jp,2013-04-25,641.65,647.72,640.60,644.02,7824555,https://stooq.com/q/d/l/?s=2502.jp&i=d,2026-03-26T08:35:00+00:00
2502,2502.T,2502.jp,2013-04-26,641.12,643.76,627.65,630.29,10434263,https://stooq.com/q/d/l/?s=2502.jp&i=d,2026-03-26T08:35:00+00:00
2502,2502.T,2502.jp,2013-04-30,627.39,640.07,625.54,640.07,6651308,https://stooq.com/q/d/l/?s=2502.jp&i=d,2026-03-26T08:35:00+00:00
2502,2502.T,2502.jp,2013-05-01,637.16,639.54,631.88,632.93,5850719,https://stooq.com/q/d/l/?s=2502.jp&i=d,2026-03-26T08:35:00+00:00
2502,2502.T,2502.jp,2013-05-02,634.51,637.42,626.07,631.62,6696753,https://stooq.com/q/d/l/?s=2502.jp&i=d,2026-03-26T08:35:00+00:00
2502,2502.T,2502.jp,2013-05-07,660.13,676.77,657.49,676.77,15544970,https://stooq.com/q/d/l/?s=2502.jp&i=d,2026-03-26T08:35:00+00:00
2502,2502.T,2502.jp,2013-05-08,677.04,726.40,676.77,722.71,23873209,https://stooq.com/q/d/l/?s=2502.jp&i=d,2026-03-26T08:35:00+00:00
2502,2502.T,2502.jp,2013-05-09,717.70,721.14,702.64,702.91,8194176,https://stooq.com/q/d/l/?s=2502.jp&i=d,2026-03-26T08:35:00+00:00
2502,2502.T,2502.jp,2013-05-10,713.47,726.94,709.77,717.96,14918960,https://stooq.com/q/d/l/?s=2502.jp&i=d,2026-03-26T08:35:00+00:00
2502,2502.T,2502.jp,2013-05-13,714.26,717.43,708.19,712.15,6595264,https://stooq.com/q/d/l/?s=2502.jp&i=d,2026-03-26T08:35:00+00:00
2502,2502.T,2502.jp,2013-05-14,712.42,720.07,710.83,716.64,5035339,https://stooq.com/q/d/l/?s=2502.jp&i=d,2026-03-26T08:35:00+00:00
2502,2502.T,2502.jp,2013-05-15,718.22,730.90,718.22,730.37,6562691,https://stooq.com/q/d/l/?s=2502.jp&i=d,2026-03-26T08:35:00+00:00
2502,2502.T,2502.jp,2013-05-16,734.33,735.39,720.07,725.61,8375579,https://stooq.com/q/d/l/?s=2502.jp&i=d,2026-03-26T08:35:00+00:00
2502,2502.T,2502.jp,2013-05-17,716.90,717.16,707.40,710.30,8887601,https://stooq.com/q/d/l/?s=2502.jp&i=d,2026-03-26T08:35:00+00:00
2502,2502.T,2502.jp,2013-05-20,712.68,715.05,707.66,709.25,6311987,https://stooq.com/q/d/l/?s=2502.jp&i=d,2026-03-26T08:35:00+00:00
2502,2502.T,2502.jp,2013-05-21,705.54,707.40,691.56,701.06,8324080,https://stooq.com/q/d/l/?s=2502.jp&i=d,2026-03-26T08:35:00+00:00
2502,2502.T,2502.jp,2013-05-22,692.87,698.68,689.17,697.38,7582939,https://stooq.com/q/d/l/?s=2502.jp&i=d,2026-03-26T08:35:00+00:00
2502,2502.T,2502.jp,2013-05-23,688.39,697.63,646.40,646.40,18129681,https://stooq.com/q/d/l/?s=2502.jp&i=d,2026-03-26T08:35:00+00:00
2502,2502.T,2502.jp,2013-05-24,657.49,692.87,657.49,680.74,24528387,https://stooq.com/q/d/l/?s=2502.jp&i=d,2026-03-26T08:35:00+00:00
2502,2502.T,2502.jp,2013-05-27,665.95,675.71,654.32,661.71,14044885,https://stooq.com/q/d/l/?s=2502.jp&i=d,2026-03-26T08:35:00+00:00
2502,2502.T,2502.jp,2013-05-28,651.94,666.74,647.20,658.56,7519322,https://stooq.com/q/d/l/?s=2502.jp&i=d,2026-03-26T08:35:00+00:00
2502,2502.T,2502.jp,2013-05-29,663.04,668.06,653.53,659.60,8327107,https://stooq.com/q/d/l/?s=2502.jp&i=d,2026-03-26T08:35:00+00:00
2502,2502.T,2502.jp,2013-05-30,647.20,651.42,628.71,632.93,12932617,https://stooq.com/q/d/l/?s=2502.jp&i=d,2026-03-26T08:35:00+00:00
2502,2502.T,2502.jp,2013-05-31,639.28,651.94,638.22,645.35,8477457,https://stooq.com/q/d/l/?s=2502.jp&i=d,2026-03-26T08:35:00+00:00
2502,2502.T,2502.jp,2013-06-03,629.77,646.40,629.23,635.04,8862611,https://stooq.com/q/d/l/?s=2502.jp&i=d,2026-03-26T08:35:00+00:00
2502,2502.T,2502.jp,2013-06-04,634.78,642.44,626.34,639.28,7580662,https://stooq.com/q/d/l/?s=2502.jp&i=d,2026-03-26T08:35:00+00:00
2502,2502.T,2502.jp,2013-06-05,642.44,659.87,628.44,628.44,8575165,https://stooq.com/q/d/l/?s=2502.jp&i=d,2026-03-26T08:35:00+00:00
2502,2502.T,2502.jp,2013-06-06,628.71,649.31,626.34,637.16,14994327,https://stooq.com/q/d/l/?s=2502.jp&i=d,2026-03-26T08:35:00+00:00
2502,2502.T,2502.jp,2013-06-07,623.96,639.02,620.00,628.44,10596349,https://stooq.com/q/d/l/?s=2502.jp&i=d,2026-03-26T08:35:00+00:00
2502,2502.T,2502.jp,2013-06-10,639.28,655.64,637.16,655.64,6620626,https://stooq.com/q/d/l/?s=2502.jp&i=d,2026-03-26T08:35:00+00:00
2502,2502.T,2502.jp,2013-06-11,662.24,672.02,649.84,652.74,8427092,https://stooq.com/q/d/l/?s=2502.jp&i=d,2026-03-26T08:35:00+00:00
2502,2502.T,2502.jp,2013-06-12,639.54,654.59,636.10,651.68,5731044,https://stooq.com/q/d/l/?s=2502.jp&i=d,2026-03-26T08:35:00+00:00
2502,2502.T,2502.jp,2013-06-13,643.50,644.81,609.97,614.71,11868064,https://stooq.com/q/d/l/?s=2502.jp&i=d,2026-03-26T08:35:00+00:00
2502,2502.T,2502.jp,2013-06-14,621.05,638.74,620.78,624.48,14529265,https://stooq.com/q/d/l/?s=2502.jp&i=d,2026-03-26T08:35:00+00:00
2502,2502.T,2502.jp,2013-06-17,627.39,641.65,620.52,639.80,5067531,https://stooq.com/q/d/l/?s=2502.jp&i=d,2026-03-26T08:35:00+00:00
2502,2502.T,2502.jp,2013-06-18,637.16,645.08,630.56,633.73,4927418,https://stooq.com/q/d/l/?s=2502.jp&i=d,2026-03-26T08:35:00+00:00
2502,2502.T,2502.jp,2013-06-19,636.10,645.08,627.39,634.51,5544719,https://stooq.com/q/d/l/?s=2502.jp&i=d,2026-03-26T08:35:00+00:00
2502,2502.T,2502.jp,2013-06-20,625.54,660.13,623.70,660.13,7293226,https://stooq.com/q/d/l/?s=2502.jp&i=d,2026-03-26T08:35:00+00:00
2502,2502.T,2502.jp,2013-06-21,623.43,644.29,616.83,642.97,11906689,https://stooq.com/q/d/l/?s=2502.jp&i=d,2026-03-26T08:35:00+00:00
2502,2502.T,2502.jp,2013-06-24,650.10,653.53,637.69,640.07,6104074,https://stooq.com/q/d/l/?s=2502.jp&i=d,2026-03-26T08:35:00+00:00
2502,2502.T,2502.jp,2013-06-25,640.33,647.98,618.41,622.90,12019546,https://stooq.com/q/d/l/?s=2502.jp&i=d,2026-03-26T08:35:00+00:00
2502,2502.T,2502.jp,2013-06-26,630.23,639.82,619.04,619.58,6537401,https://stooq.com/q/d/l/?s=2502.jp&i=d,2026-03-26T08:35:00+00:00
2502,2502.T,2502.jp,2013-06-27,623.31,636.08,622.77,634.49,5242381,https://stooq.com/q/d/l/?s=2502.jp&i=d,2026-03-26T08:35:00+00:00
2502,2502.T,2502.jp,2013-06-28,640.35,660.61,640.10,655.81,11377129,https://stooq.com/q/d/l/?s=2502.jp&i=d,2026-03-26T08:35:00+00:00
2502,2502.T,2502.jp,2013-07-01,660.88,676.07,654.74,673.93,13931899,https://stooq.com/q/d/l/?s=2502.jp&i=d,2026-03-26T08:35:00+00:00
2502,2502.T,2502.jp,2013-07-02,683.00,686.46,674.21,679.80,10331655,https://stooq.com/q/d/l/?s=2502.jp&i=d,2026-03-26T08:35:00+00:00
2502,2502.T,2502.jp,2013-07-03,683.27,684.59,670.74,676.60,6457850,https://stooq.com/q/d/l/?s=2502.jp&i=d,2026-03-26T08:35:00+00:00
2502,2502.T,2502.jp,2013-07-04,667.28,688.86,666.47,684.59,6041679,https://stooq.com/q/d/l/?s=2502.jp&i=d,2026-03-26T08:35:00+00:00
2502,2502.T,2502.jp,2013-07-05,682.73,689.92,674.74,681.13,9561247,https://stooq.com/q/d/l/?s=2502.jp&i=d,2026-03-26T08:35:00+00:00
2502,2502.T,2502.jp,2013-07-08,686.19,690.99,682.73,683.27,7416260,https://stooq.com/q/d/l/?s=2502.jp&i=d,2026-03-26T08:35:00+00:00
2502,2502.T,2502.jp,2013-07-09,692.85,703.79,688.05,700.58,11801920,https://stooq.com/q/d/l/?s=2502.jp&i=d,2026-03-26T08:35:00+00:00
2502,2502.T,2502.jp,2013-07-10,704.05,716.04,703.51,714.71,11928012,https://stooq.com/q/d/l/?s=2502.jp&i=d,2026-03-26T08:35:00+00:00
2502,2502.T,2502.jp,2013-07-11,713.37,730.69,712.04,725.90,12134408,https://stooq.com/q/d/l/?s=2502.jp&i=d,2026-03-26T08:35:00+00:00
2502,2502.T,2502.jp,2013-07-12,727.76,739.76,727.23,738.69,11936267,https://stooq.com/q/d/l/?s=2502.jp&i=d,2026-03-26T08:35:00+00:00
2502,2502.T,2502.jp,2013-07-16,738.95,744.28,735.76,738.42,6794824,https://stooq.com/q/d/l/?s=2502.jp&i=d,2026-03-26T08:35:00+00:00
2502,2502.T,2502.jp,2013-07-17,732.02,732.02,717.64,730.96,7168210,https://stooq.com/q/d/l/?s=2502.jp&i=d,2026-03-26T08:35:00+00:00
2502,2502.T,2502.jp,2013-07-18,729.89,741.62,729.63,736.82,6963698,https://stooq.com/q/d/l/?s=2502.jp&i=d,2026-03-26T08:35:00+00:00
2502,2502.T,2502.jp,2013-07-19,740.55,741.36,723.50,728.29,8656494,https://stooq.com/q/d/l/?s=2502.jp&i=d,2026-03-26T08:35:00+00:00
2502,2502.T,2502.jp,2013-07-22,726.43,728.29,697.91,701.65,14900821,https://stooq.com/q/d/l/?s=2502.jp&i=d,2026-03-26T08:35:00+00:00
2502,2502.T,2502.jp,2013-07-23,702.71,724.30,699.78,716.58,8108614,https://stooq.com/q/d/l/?s=2502.jp&i=d,2026-03-26T08:35:00+00:00
2502,2502.T,2502.jp,2013-07-24,711.24,714.18,695.79,695.79,7279663,https://stooq.com/q/d/l/?s=2502.jp&i=d,2026-03-26T08:35:00+00:00
2502,2502.T,2502.jp,2013-07-25,697.91,703.25,693.66,696.85,4863368,https://stooq.com/q/d/l/?s=2502.jp&i=d,2026-03-26T08:35:00+00:00
2502,2502.T,2502.jp,2013-07-26,696.06,700.31,690.46,690.46,8464361,https://stooq.com/q/d/l/?s=2502.jp&i=d,2026-03-26T08:35:00+00:00
2502,2502.T,2502.jp,2013-07-29,689.12,691.78,671.01,671.01,8873392,https://stooq.com/q/d/l/?s=2502.jp&i=d,2026-03-26T08:35:00+00:00
2502,2502.T,2502.jp,2013-07-30,675.54,684.59,669.13,680.33,7121307,https://stooq.com/q/d/l/?s=2502.jp&i=d,2026-03-26T08:35:00+00:00
2502,2502.T,2502.jp,2013-07-31,671.01,675.00,665.13,665.93,5972261,https://stooq.com/q/d/l/?s=2502.jp&i=d,2026-03-26T08:35:00+00:00
2502,2502.T,2502.jp,2013-08-01,663.54,672.60,659.82,672.34,7462794,https://stooq.com/q/d/l/?s=2502.jp&i=d,2026-03-26T08:35:00+00:00
2502,2502.T,2502.jp,2013-08-02,688.86,710.17,688.86,710.17,8716532,https://stooq.com/q/d/l/?s=2502.jp&i=d,2026-03-26T08:35:00+00:00
2502,2502.T,2502.jp,2013-08-05,696.85,709.11,696.85,703.51,4492981,https://stooq.com/q/d/l/?s=2502.jp&i=d,2026-03-26T08:35:00+00:00
2502,2502.T,2502.jp,2013-08-06,700.04,712.57,694.73,711.50,4130863,https://stooq.com/q/d/l/?s=2502.jp&i=d,2026-03-26T08:35:00+00:00
2502,2502.T,2502.jp,2013-08-07,695.51,696.32,680.59,680.86,6757308,https://stooq.com/q/d/l/?s=2502.jp&i=d,2026-03-26T08:35:00+00:00
2502,2502.T,2502.jp,2013-08-08,675.80,688.33,666.47,669.40,4852110,https://stooq.com/q/d/l/?s=2502.jp&i=d,2026-03-26T08:35:00+00:00
2502,2502.T,2502.jp,2013-08-09,673.14,679.00,666.20,676.86,6412069,https://stooq.com/q/d/l/?s=2502.jp&i=d,2026-03-26T08:35:00+00:00
2502,2502.T,2502.jp,2013-08-12,672.08,683.80,670.21,677.39,3438506,https://stooq.com/q/d/l/?s=2502.jp&i=d,2026-03-26T08:35:00+00:00
2502,2502.T,2502.jp,2013-08-13,686.99,696.06,683.00,695.79,4147377,https://stooq.com/q/d/l/?s=2502.jp&i=d,2026-03-26T08:35:00+00:00
2502,2502.T,2502.jp,2013-08-14,694.18,696.85,680.33,693.92,7603887,https://stooq.com/q/d/l/?s=2502.jp&i=d,2026-03-26T08:35:00+00:00
2502,2502.T,2502.jp,2013-08-15,681.13,686.46,676.33,678.47,3702313,https://stooq.com/q/d/l/?s=2502.jp&i=d,2026-03-26T08:35:00+00:00
2502,2502.T,2502.jp,2013-08-16,669.13,676.60,667.80,673.14,3227229,https://stooq.com/q/d/l/?s=2502.jp&i=d,2026-03-26T08:35:00+00:00
2502,2502.T,2502.jp,2013-08-19,668.88,678.20,668.88,677.66,2555891,https://stooq.com/q/d/l/?s=2502.jp&i=d,2026-03-26T08:35:00+00:00
2502,2502.T,2502.jp,2013-08-20,669.40,676.33,662.75,663.27,4440073,https://stooq.com/q/d/l/?s=2502.jp&i=d,2026-03-26T08:35:00+00:00
2502,2502.T,2502.jp,2013-08-21,662.48,668.88,653.42,667.54,4711014,https://stooq.com/q/d/l/?s=2502.jp&i=d,2026-03-26T08:35:00+00:00
2502,2502.T,2502.jp,2013-08-22,666.20,673.93,658.75,673.14,4497491,https://stooq.com/q/d/l/?s=2502.jp&i=d,2026-03-26T08:35:00+00:00
2502,2502.T,2502.jp,2013-08-23,679.80,684.59,673.93,679.80,4484351,https://stooq.com/q/d/l/?s=2502.jp&i=d,2026-03-26T08:35:00+00:00
2502,2502.T,2502.jp,2013-08-26,679.80,681.39,670.74,673.40,2981067,https://stooq.com/q/d/l/?s=2502.jp&i=d,2026-03-26T08:35:00+00:00
2502,2502.T,2502.jp,2013-08-27,678.47,688.86,672.87,677.66,3401359,https://stooq.com/q/d/l/?s=2502.jp&i=d,2026-03-26T08:35:00+00:00
2502,2502.T,2502.jp,2013-08-28,662.21,670.74,660.07,667.01,3518436,https://stooq.com/q/d/l/?s=2502.jp&i=d,2026-03-26T08:35:00+00:00
2502,2502.T,2502.jp,2013-08-29,662.21,676.33,659.28,672.60,6726162,https://stooq.com/q/d/l/?s=2502.jp&i=d,2026-03-26T08:35:00+00:00
2502,2502.T,2502.jp,2013-08-30,676.60,676.86,647.82,651.29,10262227,https://stooq.com/q/d/l/?s=2502.jp&i=d,2026-03-26T08:35:00+00:00
2502,2502.T,2502.jp,2013-09-02,651.82,671.81,650.21,670.21,7009854,https://stooq.com/q/d/l/?s=2502.jp&i=d,2026-03-26T08:35:00+00:00
2502,2502.T,2502.jp,2013-09-03,672.08,684.59,672.08,683.80,3990133,https://stooq.com/q/d/l/?s=2502.jp&i=d,2026-03-26T08:35:00+00:00
2502,2502.T,2502.jp,2013-09-04,672.60,679.27,670.47,679.00,2835465,https://stooq.com/q/d/l/?s=2502.jp&i=d,2026-03-26T08:35:00+00:00
2502,2502.T,2502.jp,2013-09-05,680.59,685.39,675.80,677.93,4329377,https://stooq.com/q/d/l/?s=2502.jp&i=d,2026-03-26T08:35:00+00:00
2502,2502.T,2502.jp,2013-09-06,682.46,685.39,661.15,663.81,5859308,https://stooq.com/q/d/l/?s=2502.jp&i=d,2026-03-26T08:35:00+00:00
2502,2502.T,2502.jp,2013-09-09,684.33,685.39,674.74,681.13,3329313,https://stooq.com/q/d/l/?s=2502.jp&i=d,2026-03-26T08:35:00+00:00
2502,2502.T,2502.jp,2013-09-10,680.86,683.53,669.67,673.93,8537539,https://stooq.com/q/d/l/?s=2502.jp&i=d,2026-03-26T08:35:00+00:00
2502,2502.T,2502.jp,2013-09-11,676.86,684.86,671.01,672.08,4492981,https://stooq.com/q/d/l/?s=2502.jp&i=d,2026-03-26T08:35:00+00:00
2502,2502.T,2502.jp,2013-09-12,672.08,676.07,666.74,670.21,3826149,https://stooq.com/q/d/l/?s=2502.jp&i=d,2026-03-26T08:35:00+00:00
2502,2502.T,2502.jp,2013-09-13,664.08,672.08,661.15,668.34,10235965,https://stooq.com/q/d/l/?s=2502.jp&i=d,2026-03-26T08:35:00+00:00
2502,2502.T,2502.jp,2013-09-17,674.21,675.00,660.61,660.61,3551463,https://stooq.com/q/d/l/?s=2502.jp&i=d,2026-03-26T08:35:00+00:00
2502,2502.T,2502.jp,2013-09-18,667.01,672.08,663.01,665.67,4638205,https://stooq.com/q/d/l/?s=2502.jp&i=d,2026-03-26T08:35:00+00:00
2502,2502.T,2502.jp,2013-09-19,675.00,680.06,669.40,679.27,5898715,https://stooq.com/q/d/l/?s=2502.jp&i=d,2026-03-26T08:35:00+00:00
2502,2502.T,2502.jp,2013-09-20,683.27,688.05,666.20,672.87,7529963,https://stooq.com/q/d/l/?s=2502.jp&i=d,2026-03-26T08:35:00+00:00
2502,2502.T,2502.jp,2013-09-24,662.75,669.93,661.15,664.08,7110050,https://stooq.com/q/d/l/?s=2502.jp&i=d,2026-03-26T08:35:00+00:00
2502,2502.T,2502.jp,2013-09-25,662.75,674.74,660.88,669.67,6191040,https://stooq.com/q/d/l/?s=2502.jp&i=d,2026-03-26T08:35:00+00:00
2502,2502.T,2502.jp,2013-09-26,678.20,684.86,670.74,683.80,6544156,https://stooq.com/q/d/l/?s=2502.jp&i=d,2026-03-26T08:35:00+00:00
2502,2502.T,2502.jp,2013-09-27,688.05,696.32,685.39,691.52,7153956,https://stooq.com/q/d/l/?s=2502.jp&i=d,2026-03-26T08:35:00+00:00
2502,2502.T,2502.jp,2013-09-30,685.66,695.25,677.93,687.26,6667614,https://stooq.com/q/d/l/?s=2502.jp&i=d,2026-03-26T08:35:00+00:00
2502,2502.T,2502.jp,2013-10-01,692.85,702.18,690.19,690.99,8527028,https://stooq.com/q/d/l/?s=2502.jp&i=d,2026-03-26T08:35:00+00:00
2502,2502.T,2502.jp,2013-10-02,700.31,704.85,688.86,695.25,13062420,https://stooq.com/q/d/l/?s=2502.jp&i=d,2026-03-26T08:35:00+00:00
2502,2502.T,2502.jp,2013-10-03,706.18,715.51,701.65,712.84,13236917,https://stooq.com/q/d/l/?s=2502.jp&i=d,2026-03-26T08:35:00+00:00
2502,2502.T,2502.jp,2013-10-04,706.18,720.57,705.11,714.97,11678465,https://stooq.com/q/d/l/?s=2502.jp&i=d,2026-03-26T08:35:00+00:00
2502,2502.T,2502.jp,2013-10-07,714.71,722.17,712.04,715.77,7057138,https://stooq.com/q/d/l/?s=2502.jp&i=d,2026-03-26T08:35:00+00:00
2502,2502.T,2502.jp,2013-10-08,716.04,719.24,708.04,708.04,7433145,https://stooq.com/q/d/l/?s=2502.jp&i=d,2026-03-26T08:35:00+00:00
2502,2502.T,2502.jp,2013-10-09,711.24,719.50,700.58,716.58,8514273,https://stooq.com/q/d/l/?s=2502.jp&i=d,2026-03-26T08:35:00+00:00
2502,2502.T,2502.jp,2013-10-10,717.37,736.02,717.37,735.50,9234763,https://stooq.com/q/d/l/?s=2502.jp&i=d,2026-03-26T08:35:00+00:00
2502,2502.T,2502.jp,2013-10-11,745.35,745.61,732.29,737.35,10750822,https://stooq.com/q/d/l/?s=2502.jp&i=d,2026-03-26T08:35:00+00:00
2502,2502.T,2502.jp,2013-10-15,736.82,737.62,724.83,735.50,8755568,https://stooq.com/q/d/l/?s=2502.jp&i=d,2026-03-26T08:35:00+00:00
2502,2502.T,2502.jp,2013-10-16,735.76,735.76,728.29,735.76,4795814,https://stooq.com/q/d/l/?s=2502.jp&i=d,2026-03-26T08:35:00+00:00
2502,2502.T,2502.jp,2013-10-17,740.81,748.55,736.02,748.29,6338513,https://stooq.com/q/d/l/?s=2502.jp&i=d,2026-03-26T08:35:00+00:00
2502,2502.T,2502.jp,2013-10-18,752.81,762.14,752.28,757.88,6314501,https://stooq.com/q/d/l/?s=2502.jp&i=d,2026-03-26T08:35:00+00:00
2502,2502.T,2502.jp,2013-10-21,750.41,755.74,739.48,743.48,7677818,https://stooq.com/q/d/l/?s=2502.jp&i=d,2026-03-26T08:35:00+00:00
2502,2502.T,2502.jp,2013-10-22,737.88,741.08,734.16,735.50,5897209,https://stooq.com/q/d/l/?s=2502.jp&i=d,2026-03-26T08:35:00+00:00
2502,2502.T,2502.jp,2013-10-23,727.23,736.55,721.36,721.64,8226079,https://stooq.com/q/d/l/?s=2502.jp&i=d,2026-03-26T08:35:00+00:00
2502,2502.T,2502.jp,2013-10-24,711.50,722.70,703.51,721.64,8441852,https://stooq.com/q/d/l/?s=2502.jp&i=d,2026-03-26T08:35:00+00:00
2502,2502.T,2502.jp,2013-10-25,716.58,719.77,702.46,703.51,5301294,https://stooq.com/q/d/l/?s=2502.jp&i=d,2026-03-26T08:35:00+00:00
2502,2502.T,2502.jp,2013-10-28,705.65,714.44,702.98,713.37,3980006,https://stooq.com/q/d/l/?s=2502.jp&i=d,2026-03-26T08:35:00+00:00
2502,2502.T,2502.jp,2013-10-29,709.38,719.24,706.18,716.30,3851668,https://stooq.com/q/d/l/?s=2502.jp&i=d,2026-03-26T08:35:00+00:00
2502,2502.T,2502.jp,2013-10-30,724.83,726.70,719.24,721.64,5776375,https://stooq.com/q/d/l/?s=2502.jp&i=d,2026-03-26T08:35:00+00:00
2502,2502.T,2502.jp,2013-10-31,720.84,724.57,706.18,706.18,8353661,https://stooq.com/q/d/l/?s=2502.jp&i=d,2026-03-26T08:35:00+00:00
2502,2502.T,2502.jp,2013-11-01,724.57,725.37,708.31,710.98,5467530,https://stooq.com/q/d/l/?s=2502.jp&i=d,2026-03-26T08:35:00+00:00
2502,2502.T,2502.jp,2013-11-05,735.50,745.89,723.76,726.70,5682560,https://stooq.com/q/d/l/?s=2502.jp&i=d,2026-03-26T08:35:00+00:00
2502,2502.T,2502.jp,2013-11-06,724.83,741.89,724.03,735.50,7028624,https://stooq.com/q/d/l/?s=2502.jp&i=d,2026-03-26T08:35:00+00:00
2502,2502.T,2502.jp,2013-11-07,743.48,746.15,726.16,726.43,7748742,https://stooq.com/q/d/l/?s=2502.jp&i=d,2026-03-26T08:35:00+00:00
2502,2502.T,2502.jp,2013-11-08,713.11,725.90,712.84,718.97,7171213,https://stooq.com/q/d/l/?s=2502.jp&i=d,2026-03-26T08:35:00+00:00
2502,2502.T,2502.jp,2013-11-11,725.09,727.49,717.10,718.97,5210854,https://stooq.com/q/d/l/?s=2502.jp&i=d,2026-03-26T08:35:00+00:00
2502,2502.T,2502.jp,2013-11-12,720.57,729.89,716.58,726.96,5890831,https://stooq.com/q/d/l/?s=2502.jp&i=d,2026-03-26T08:35:00+00:00
2502,2502.T,2502.jp,2013-11-13,721.90,726.16,719.77,720.57,4807075,https://stooq.com/q/d/l/?s=2502.jp&i=d,2026-03-26T08:35:00+00:00
2502,2502.T,2502.jp,2013-11-14,728.56,736.55,723.50,730.96,8136007,https://stooq.com/q/d/l/?s=2502.jp&i=d,2026-03-26T08:35:00+00:00
2502,2502.T,2502.jp,2013-11-15,732.29,741.89,728.56,738.95,8681631,https://stooq.com/q/d/l/?s=2502.jp&i=d,2026-03-26T08:35:00+00:00
2502,2502.T,2502.jp,2013-11-18,734.42,742.95,730.69,731.49,7558487,https://stooq.com/q/d/l/?s=2502.jp&i=d,2026-03-26T08:35:00+00:00
2502,2502.T,2502.jp,2013-11-19,729.63,737.35,729.10,731.22,5045371,https://stooq.com/q/d/l/?s=2502.jp&i=d,2026-03-26T08:35:00+00:00
2502,2502.T,2502.jp,2013-11-20,736.02,738.69,731.49,731.76,5083647,https://stooq.com/q/d/l/?s=2502.jp&i=d,2026-03-26T08:35:00+00:00
2502,2502.T,2502.jp,2013-11-21,739.22,741.62,734.16,735.76,7527713,https://stooq.com/q/d/l/?s=2502.jp&i=d,2026-03-26T08:35:00+00:00
2502,2502.T,2502.jp,2013-11-22,741.36,742.68,730.69,734.16,10454741,https://stooq.com/q/d/l/?s=2502.jp&i=d,2026-03-26T08:35:00+00:00
2502,2502.T,2502.jp,2013-11-25,736.82,739.22,732.29,737.09,4367271,https://stooq.com/q/d/l/?s=2502.jp&i=d,2026-03-26T08:35:00+00:00
2502,2502.T,2502.jp,2013-11-26,737.35,737.35,730.69,730.69,6170399,https://stooq.com/q/d/l/?s=2502.jp&i=d,2026-03-26T08:35:00+00:00
2502,2502.T,2502.jp,2013-11-27,730.16,736.29,727.49,733.63,4864121,https://stooq.com/q/d/l/?s=2502.jp&i=d,2026-03-26T08:35:00+00:00
2502,2502.T,2502.jp,2013-11-28,738.15,744.28,733.63,744.28,5776004,https://stooq.com/q/d/l/?s=2502.jp&i=d,2026-03-26T08:35:00+00:00
2502,2502.T,2502.jp,2013-11-29,746.15,748.82,739.48,747.22,6752424,https://stooq.com/q/d/l/?s=2502.jp&i=d,2026-03-26T08:35:00+00:00
2502,2502.T,2502.jp,2013-12-02,746.15,749.88,742.15,745.89,8153270,https://stooq.com/q/d/l/?s=2502.jp&i=d,2026-03-26T08:35:00+00:00
2502,2502.T,2502.jp,2013-12-03,753.88,757.88,750.14,754.15,9404009,https://stooq.com/q/d/l/?s=2502.jp&i=d,2026-03-26T08:35:00+00:00
2502,2502.T,2502.jp,2013-12-04,755.47,756.80,742.41,746.69,8084230,https://stooq.com/q/d/l/?s=2502.jp&i=d,2026-03-26T08:35:00+00:00
2502,2502.T,2502.jp,2013-12-05,746.69,753.08,745.09,749.07,8404320,https://stooq.com/q/d/l/?s=2502.jp&i=d,2026-03-26T08:35:00+00:00
2502,2502.T,2502.jp,2013-12-06,746.15,754.15,743.75,753.08,6998221,https://stooq.com/q/d/l/?s=2502.jp&i=d,2026-03-26T08:35:00+00:00
2502,2502.T,2502.jp,2013-12-09,757.88,784.79,757.34,784.52,13685727,https://stooq.com/q/d/l/?s=2502.jp&i=d,2026-03-26T08:35:00+00:00
2502,2502.T,2502.jp,2013-12-10,780.78,791.18,774.13,790.65,9981920,https://stooq.com/q/d/l/?s=2502.jp&i=d,2026-03-26T08:35:00+00:00
2502,2502.T,2502.jp,2013-12-11,777.32,786.12,770.93,773.33,9250530,https://stooq.com/q/d/l/?s=2502.jp&i=d,2026-03-26T08:35:00+00:00
2502,2502.T,2502.jp,2013-12-12,765.07,773.87,759.75,767.47,7384361,https://stooq.com/q/d/l/?s=2502.jp&i=d,2026-03-26T08:35:00+00:00
2502,2502.T,2502.jp,2013-12-13,770.14,793.32,770.14,786.92,21160151,https://stooq.com/q/d/l/?s=2502.jp&i=d,2026-03-26T08:35:00+00:00
2502,2502.T,2502.jp,2013-12-16,782.13,782.65,770.14,770.14,7379491,https://stooq.com/q/d/l/?s=2502.jp&i=d,2026-03-26T08:35:00+00:00
2502,2502.T,2502.jp,2013-12-17,781.85,782.13,770.66,772.27,6030053,https://stooq.com/q/d/l/?s=2502.jp&i=d,2026-03-26T08:35:00+00:00
2502,2502.T,2502.jp,2013-12-18,770.66,772.27,765.61,770.93,9392754,https://stooq.com/q/d/l/?s=2502.jp&i=d,2026-03-26T08:35:00+00:00
2502,2502.T,2502.jp,2013-12-19,782.92,792.51,777.86,790.65,12408342,https://stooq.com/q/d/l/?s=2502.jp&i=d,2026-03-26T08:35:00+00:00
2502,2502.T,2502.jp,2013-12-20,788.78,790.38,783.46,789.86,7629030,https://stooq.com/q/d/l/?s=2502.jp&i=d,2026-03-26T08:35:00+00:00
2502,2502.T,2502.jp,2013-12-24,794.65,798.38,788.78,790.65,7495821,https://stooq.com/q/d/l/?s=2502.jp&i=d,2026-03-26T08:35:00+00:00
2502,2502.T,2502.jp,2013-12-25,780.78,787.72,780.78,785.05,6491991,https://stooq.com/q/d/l/?s=2502.jp&i=d,2026-03-26T08:35:00+00:00
2502,2502.T,2502.jp,2013-12-26,784.12,796.47,783.04,794.32,4803659,https://stooq.com/q/d/l/?s=2502.jp&i=d,2026-03-26T08:35:00+00:00
2502,2502.T,2502.jp,2013-12-27,797.54,801.29,785.19,790.02,6682661,https://stooq.com/q/d/l/?s=2502.jp&i=d,2026-03-26T08:35:00+00:00
2502,2502.T,2502.jp,2013-12-30,792.17,795.93,780.09,795.66,9082807,https://stooq.com/q/d/l/?s=2502.jp&i=d,2026-03-26T08:35:00+00:00
2502,2502.T,2502.jp,2014-01-06,795.12,797.27,782.23,786.00,6085137,https://stooq.com/q/d/l/?s=2502.jp&i=d,2026-03-26T08:35:00+00:00
2502,2502.T,2502.jp,2014-01-07,778.48,786.27,777.13,780.35,5274156,https://stooq.com/q/d/l/?s=2502.jp&i=d,2026-03-26T08:35:00+00:00
2502,2502.T,2502.jp,2014-01-08,790.29,790.82,779.56,783.31,4409906,https://stooq.com/q/d/l/?s=2502.jp&i=d,2026-03-26T08:35:00+00:00
2502,2502.T,2502.jp,2014-01-09,776.33,780.09,764.25,767.48,7558456,https://stooq.com/q/d/l/?s=2502.jp&i=d,2026-03-26T08:35:00+00:00
2502,2502.T,2502.jp,2014-01-10,756.47,766.13,755.13,762.10,10769217,https://stooq.com/q/d/l/?s=2502.jp&i=d,2026-03-26T08:35:00+00:00
2502,2502.T,2502.jp,2014-01-14,765.60,766.93,741.17,743.31,10055089,https://stooq.com/q/d/l/?s=2502.jp&i=d,2026-03-26T08:35:00+00:00
2502,2502.T,2502.jp,2014-01-15,747.07,767.48,746.26,767.48,6639071,https://stooq.com/q/d/l/?s=2502.jp&i=d,2026-03-26T08:35:00+00:00
2502,2502.T,2502.jp,2014-01-16,767.21,771.50,762.65,769.89,5488727,https://stooq.com/q/d/l/?s=2502.jp&i=d,2026-03-26T08:35:00+00:00
2502,2502.T,2502.jp,2014-01-17,758.62,770.43,758.62,763.45,6078797,https://stooq.com/q/d/l/?s=2502.jp&i=d,2026-03-26T08:35:00+00:00
2502,2502.T,2502.jp,2014-01-20,762.37,763.72,754.06,761.84,4153241,https://stooq.com/q/d/l/?s=2502.jp&i=d,2026-03-26T08:35:00+00:00
2502,2502.T,2502.jp,2014-01-21,762.37,777.67,760.49,775.80,4842410,https://stooq.com/q/d/l/?s=2502.jp&i=d,2026-03-26T08:35:00+00:00
2502,2502.T,2502.jp,2014-01-22,771.77,777.67,766.93,774.18,4178205,https://stooq.com/q/d/l/?s=2502.jp&i=d,2026-03-26T08:35:00+00:00
2502,2502.T,2502.jp,2014-01-23,783.85,786.27,770.16,772.84,4832344,https://stooq.com/q/d/l/?s=2502.jp&i=d,2026-03-26T08:35:00+00:00
2502,2502.T,2502.jp,2014-01-24,755.65,760.49,744.93,747.62,10323683,https://stooq.com/q/d/l/?s=2502.jp&i=d,2026-03-26T08:35:00+00:00
2502,2502.T,2502.jp,2014-01-27,727.48,733.65,722.11,730.42,11517611,https://stooq.com/q/d/l/?s=2502.jp&i=d,2026-03-26T08:35:00+00:00
2502,2502.T,2502.jp,2014-01-28,743.85,747.07,730.42,730.42,6824591,https://stooq.com/q/d/l/?s=2502.jp&i=d,2026-03-26T08:35:00+00:00
2502,2502.T,2502.jp,2014-01-29,748.95,763.72,747.07,761.57,9536174,https://stooq.com/q/d/l/?s=2502.jp&i=d,2026-03-26T08:35:00+00:00
2502,2502.T,2502.jp,2014-01-30,735.79,746.00,733.12,745.20,8202174,https://stooq.com/q/d/l/?s=2502.jp&i=d,2026-03-26T08:35:00+00:00
2502,2502.T,2502.jp,2014-01-31,755.40,760.76,749.22,755.13,8429781,https://stooq.com/q/d/l/?s=2502.jp&i=d,2026-03-26T08:35:00+00:00
2502,2502.T,2502.jp,2014-02-03,755.13,756.73,744.93,751.63,6031867,https://stooq.com/q/d/l/?s=2502.jp&i=d,2026-03-26T08:35:00+00:00
2502,2502.T,2502.jp,2014-02-04,732.84,738.75,712.45,714.32,9959353,https://stooq.com/q/d/l/?s=2502.jp&i=d,2026-03-26T08:35:00+00:00
2502,2502.T,2502.jp,2014-02-05,712.71,724.79,705.19,723.45,7336435,https://stooq.com/q/d/l/?s=2502.jp&i=d,2026-03-26T08:35:00+00:00
2502,2502.T,2502.jp,2014-02-06,732.04,735.53,712.97,713.78,6260216,https://stooq.com/q/d/l/?s=2502.jp&i=d,2026-03-26T08:35:00+00:00
2502,2502.T,2502.jp,2014-02-07,720.49,735.25,717.80,730.42,5655614,https://stooq.com/q/d/l/?s=2502.jp&i=d,2026-03-26T08:35:00+00:00
2502,2502.T,2502.jp,2014-02-10,736.87,747.34,731.50,747.34,5402306,https://stooq.com/q/d/l/?s=2502.jp&i=d,2026-03-26T08:35:00+00:00
2502,2502.T,2502.jp,2014-02-12,745.74,757.26,737.68,756.73,9674004,https://stooq.com/q/d/l/?s=2502.jp&i=d,2026-03-26T08:35:00+00:00
2502,2502.T,2502.jp,2014-02-13,711.37,737.41,709.22,722.64,17284613,https://stooq.com/q/d/l/?s=2502.jp&i=d,2026-03-26T08:35:00+00:00
2502,2502.T,2502.jp,2014-02-14,721.03,727.48,700.63,704.66,13065443,https://stooq.com/q/d/l/?s=2502.jp&i=d,2026-03-26T08:35:00+00:00
2502,2502.T,2502.jp,2014-02-17,700.63,700.63,681.30,695.27,12276438,https://stooq.com/q/d/l/?s=2502.jp&i=d,2026-03-26T08:35:00+00:00
2502,2502.T,2502.jp,2014-02-18,702.51,713.25,697.13,707.61,10028644,https://stooq.com/q/d/l/?s=2502.jp&i=d,2026-03-26T08:35:00+00:00
2502,2502.T,2502.jp,2014-02-19,705.46,708.96,696.60,698.75,7706717,https://stooq.com/q/d/l/?s=2502.jp&i=d,2026-03-26T08:35:00+00:00
2502,2502.T,2502.jp,2014-02-20,694.99,697.68,681.04,683.73,10115812,https://stooq.com/q/d/l/?s=2502.jp&i=d,2026-03-26T08:35:00+00:00
2502,2502.T,2502.jp,2014-02-21,704.12,718.62,700.89,715.66,13611931,https://stooq.com/q/d/l/?s=2502.jp&i=d,2026-03-26T08:35:00+00:00
2502,2502.T,2502.jp,2014-02-24,719.69,734.99,717.54,734.19,13876042,https://stooq.com/q/d/l/?s=2502.jp&i=d,2026-03-26T08:35:00+00:00
2502,2502.T,2502.jp,2014-02-25,750.56,754.32,743.85,753.25,14906432,https://stooq.com/q/d/l/?s=2502.jp&i=d,2026-03-26T08:35:00+00:00
2502,2502.T,2502.jp,2014-02-26,752.44,757.82,751.63,755.65,8192487,https://stooq.com/q/d/l/?s=2502.jp&i=d,2026-03-26T08:35:00+00:00
2502,2502.T,2502.jp,2014-02-27,755.40,766.93,751.63,758.89,7690320,https://stooq.com/q/d/l/?s=2502.jp&i=d,2026-03-26T08:35:00+00:00
2502,2502.T,2502.jp,2014-02-28,760.76,766.40,758.89,765.60,7114041,https://stooq.com/q/d/l/?s=2502.jp&i=d,2026-03-26T08:35:00+00:00
2502,2502.T,2502.jp,2014-03-03,761.30,761.30,744.38,754.59,5784508,https://stooq.com/q/d/l/?s=2502.jp&i=d,2026-03-26T08:35:00+00:00
2502,2502.T,2502.jp,2014-03-04,768.27,769.35,759.70,764.52,8736000,https://stooq.com/q/d/l/?s=2502.jp&i=d,2026-03-26T08:35:00+00:00
2502,2502.T,2502.jp,2014-03-05,765.05,765.86,752.98,755.93,8221169,https://stooq.com/q/d/l/?s=2502.jp&i=d,2026-03-26T08:35:00+00:00
2502,2502.T,2502.jp,2014-03-06,755.93,766.13,750.83,762.10,7168424,https://stooq.com/q/d/l/?s=2502.jp&i=d,2026-03-26T08:35:00+00:00
2502,2502.T,2502.jp,2014-03-07,763.72,764.25,747.07,755.40,6313492,https://stooq.com/q/d/l/?s=2502.jp&i=d,2026-03-26T08:35:00+00:00
2502,2502.T,2502.jp,2014-03-10,748.95,759.15,747.62,757.00,5149732,https://stooq.com/q/d/l/?s=2502.jp&i=d,2026-03-26T08:35:00+00:00
2502,2502.T,2502.jp,2014-03-11,762.10,767.48,755.13,762.10,5910417,https://stooq.com/q/d/l/?s=2502.jp&i=d,2026-03-26T08:35:00+00:00
2502,2502.T,2502.jp,2014-03-12,753.25,763.18,748.95,750.56,6056445,https://stooq.com/q/d/l/?s=2502.jp&i=d,2026-03-26T08:35:00+00:00
2502,2502.T,2502.jp,2014-03-13,746.26,748.67,738.48,740.36,6030744,https://stooq.com/q/d/l/?s=2502.jp&i=d,2026-03-26T08:35:00+00:00
2502,2502.T,2502.jp,2014-03-14,726.66,734.99,721.84,722.11,12926859,https://stooq.com/q/d/l/?s=2502.jp&i=d,2026-03-26T08:35:00+00:00
2502,2502.T,2502.jp,2014-03-17,718.35,727.48,718.35,722.11,4496699,https://stooq.com/q/d/l/?s=2502.jp&i=d,2026-03-26T08:35:00+00:00
2502,2502.T,2502.jp,2014-03-18,736.87,740.90,727.20,727.20,4966828,https://stooq.com/q/d/l/?s=2502.jp&i=d,2026-03-26T08:35:00+00:00
2502,2502.T,2502.jp,2014-03-19,736.06,747.34,734.99,738.48,7298800,https://stooq.com/q/d/l/?s=2502.jp&i=d,2026-03-26T08:35:00+00:00
2502,2502.T,2502.jp,2014-03-20,742.50,742.50,720.49,723.45,5975607,https://stooq.com/q/d/l/?s=2502.jp&i=d,2026-03-26T08:35:00+00:00
2502,2502.T,2502.jp,2014-03-24,733.12,758.89,730.70,757.00,11701638,https://stooq.com/q/d/l/?s=2502.jp&i=d,2026-03-26T08:35:00+00:00
2502,2502.T,2502.jp,2014-03-25,738.21,748.67,732.84,740.09,6776160,https://stooq.com/q/d/l/?s=2502.jp&i=d,2026-03-26T08:35:00+00:00
2502,2502.T,2502.jp,2014-03-26,751.63,760.49,737.68,748.15,9958233,https://stooq.com/q/d/l/?s=2502.jp&i=d,2026-03-26T08:35:00+00:00
2502,2502.T,2502.jp,2014-03-27,735.25,755.40,723.18,750.83,12567371,https://stooq.com/q/d/l/?s=2502.jp&i=d,2026-03-26T08:35:00+00:00
2502,2502.T,2502.jp,2014-03-28,751.10,768.54,744.38,768.01,8817210,https://stooq.com/q/d/l/?s=2502.jp&i=d,2026-03-26T08:35:00+00:00
2502,2502.T,2502.jp,2014-03-31,770.70,777.67,764.52,775.52,6231165,https://stooq.com/q/d/l/?s=2502.jp&i=d,2026-03-26T08:35:00+00:00
2502,2502.T,2502.jp,2014-04-01,779.29,786.00,767.75,769.62,5739430,https://stooq.com/q/d/l/?s=2502.jp&i=d,2026-03-26T08:35:00+00:00
2502,2502.T,2502.jp,2014-04-02,775.80,779.29,767.21,769.89,4918031,https://stooq.com/q/d/l/?s=2502.jp&i=d,2026-03-26T08:35:00+00:00
2502,2502.T,2502.jp,2014-04-03,770.43,783.31,770.43,780.62,5324821,https://stooq.com/q/d/l/?s=2502.jp&i=d,2026-03-26T08:35:00+00:00
2502,2502.T,2502.jp,2014-04-04,776.33,787.07,775.80,786.53,4911312,https://stooq.com/q/d/l/?s=2502.jp&i=d,2026-03-26T08:35:00+00:00
2502,2502.T,2502.jp,2014-04-07,783.85,784.12,773.38,779.01,3705095,https://stooq.com/q/d/l/?s=2502.jp&i=d,2026-03-26T08:35:00+00:00
2502,2502.T,2502.jp,2014-04-08,774.18,780.89,770.16,770.16,5212689,https://stooq.com/q/d/l/?s=2502.jp&i=d,2026-03-26T08:35:00+00:00
2502,2502.T,2502.jp,2014-04-09,765.33,769.89,762.65,763.99,5646678,https://stooq.com/q/d/l/?s=2502.jp&i=d,2026-03-26T08:35:00+00:00
2502,2502.T,2502.jp,2014-04-10,773.11,773.38,759.97,762.37,6139148,https://stooq.com/q/d/l/?s=2502.jp&i=d,2026-03-26T08:35:00+00:00
2502,2502.T,2502.jp,2014-04-11,747.87,753.25,741.17,744.93,10024918,https://stooq.com/q/d/l/?s=2502.jp&i=d,2026-03-26T08:35:00+00:00
2502,2502.T,2502.jp,2014-04-14,746.00,759.70,745.20,746.54,4144671,https://stooq.com/q/d/l/?s=2502.jp&i=d,2026-03-26T08:35:00+00:00
2502,2502.T,2502.jp,2014-04-15,752.44,754.32,744.38,750.83,4038504,https://stooq.com/q/d/l/?s=2502.jp&i=d,2026-03-26T08:35:00+00:00
2502,2502.T,2502.jp,2014-04-16,754.32,765.05,751.63,763.18,4259408,https://stooq.com/q/d/l/?s=2502.jp&i=d,2026-03-26T08:35:00+00:00
2502,2502.T,2502.jp,2014-04-17,764.78,778.48,761.84,774.18,6184226,https://stooq.com/q/d/l/?s=2502.jp&i=d,2026-03-26T08:35:00+00:00
2502,2502.T,2502.jp,2014-04-18,775.00,781.70,775.00,781.70,3614946,https://stooq.com/q/d/l/?s=2502.jp&i=d,2026-03-26T08:35:00+00:00
2502,2502.T,2502.jp,2014-04-21,780.62,784.12,776.33,778.74,2351353,https://stooq.com/q/d/l/?s=2502.jp&i=d,2026-03-26T08:35:00+00:00
2502,2502.T,2502.jp,2014-04-22,785.19,785.46,774.72,774.72,2684020,https://stooq.com/q/d/l/?s=2502.jp&i=d,2026-03-26T08:35:00+00:00
2502,2502.T,2502.jp,2014-04-23,774.72,774.72,752.98,760.76,9768626,https://stooq.com/q/d/l/?s=2502.jp&i=d,2026-03-26T08:35:00+00:00
2502,2502.T,2502.jp,2014-04-24,769.08,771.77,751.91,752.17,9043325,https://stooq.com/q/d/l/?s=2502.jp&i=d,2026-03-26T08:35:00+00:00
2502,2502.T,2502.jp,2014-04-25,751.10,756.47,741.43,745.46,6063158,https://stooq.com/q/d/l/?s=2502.jp&i=d,2026-03-26T08:35:00+00:00
2502,2502.T,2502.jp,2014-04-28,743.04,752.98,740.09,751.63,4599516,https://stooq.com/q/d/l/?s=2502.jp&i=d,2026-03-26T08:35:00+00:00
2502,2502.T,2502.jp,2014-04-30,752.17,759.15,749.48,756.47,4857680,https://stooq.com/q/d/l/?s=2502.jp&i=d,2026-03-26T08:35:00+00:00
2502,2502.T,2502.jp,2014-05-01,757.26,759.70,751.37,758.35,5655614,https://stooq.com/q/d/l/?s=2502.jp&i=d,2026-03-26T08:35:00+00:00
2502,2502.T,2502.jp,2014-05-02,760.23,760.23,752.98,756.47,4013920,https://stooq.com/q/d/l/?s=2502.jp&i=d,2026-03-26T08:35:00+00:00
2502,2502.T,2502.jp,2014-05-07,770.16,775.52,756.47,757.26,12252595,https://stooq.com/q/d/l/?s=2502.jp&i=d,2026-03-26T08:35:00+00:00
2502,2502.T,2502.jp,2014-05-08,754.32,773.65,754.32,765.86,7285026,https://stooq.com/q/d/l/?s=2502.jp&i=d,2026-03-26T08:35:00+00:00
2502,2502.T,2502.jp,2014-05-09,757.00,770.16,757.00,763.99,6233023,https://stooq.com/q/d/l/?s=2502.jp&i=d,2026-03-26T08:35:00+00:00
2502,2502.T,2502.jp,2014-05-12,761.84,772.57,760.76,765.60,4564876,https://stooq.com/q/d/l/?s=2502.jp&i=d,2026-03-26T08:35:00+00:00
2502,2502.T,2502.jp,2014-05-13,775.80,784.39,772.84,781.97,5918247,https://stooq.com/q/d/l/?s=2502.jp&i=d,2026-03-26T08:35:00+00:00
2502,2502.T,2502.jp,2014-05-14,783.85,784.92,776.06,782.78,5200021,https://stooq.com/q/d/l/?s=2502.jp&i=d,2026-03-26T08:35:00+00:00
2502,2502.T,2502.jp,2014-05-15,778.48,784.92,777.40,782.51,4809993,https://stooq.com/q/d/l/?s=2502.jp&i=d,2026-03-26T08:35:00+00:00
2502,2502.T,2502.jp,2014-05-16,773.11,775.00,765.33,769.08,5236153,https://stooq.com/q/d/l/?s=2502.jp&i=d,2026-03-26T08:35:00+00:00
2502,2502.T,2502.jp,2014-05-19,766.93,782.51,765.60,772.84,5726762,https://stooq.com/q/d/l/?s=2502.jp&i=d,2026-03-26T08:35:00+00:00
2502,2502.T,2502.jp,2014-05-20,771.24,777.94,768.27,771.50,6500128,https://stooq.com/q/d/l/?s=2502.jp&i=d,2026-03-26T08:35:00+00:00
2502,2502.T,2502.jp,2014-05-21,770.16,777.94,768.81,773.91,3646612,https://stooq.com/q/d/l/?s=2502.jp&i=d,2026-03-26T08:35:00+00:00
2502,2502.T,2502.jp,2014-05-22,778.48,781.43,774.72,779.01,5141544,https://stooq.com/q/d/l/?s=2502.jp&i=d,2026-03-26T08:35:00+00:00
2502,2502.T,2502.jp,2014-05-23,783.04,784.65,775.52,779.82,6880469,https://stooq.com/q/d/l/?s=2502.jp&i=d,2026-03-26T08:35:00+00:00
2502,2502.T,2502.jp,2014-05-26,786.00,791.63,783.58,790.29,5147496,https://stooq.com/q/d/l/?s=2502.jp&i=d,2026-03-26T08:35:00+00:00
2502,2502.T,2502.jp,2014-05-27,791.63,792.98,784.92,785.46,5933889,https://stooq.com/q/d/l/?s=2502.jp&i=d,2026-03-26T08:35:00+00:00
2502,2502.T,2502.jp,2014-05-28,789.22,795.39,786.53,792.44,3696904,https://stooq.com/q/d/l/?s=2502.jp&i=d,2026-03-26T08:35:00+00:00
2502,2502.T,2502.jp,2014-05-29,790.56,792.98,784.12,786.27,3961763,https://stooq.com/q/d/l/?s=2502.jp&i=d,2026-03-26T08:35:00+00:00
2502,2502.T,2502.jp,2014-05-30,783.31,783.58,769.62,770.16,9050400,https://stooq.com/q/d/l/?s=2502.jp&i=d,2026-03-26T08:35:00+00:00
2502,2502.T,2502.jp,2014-06-02,781.16,784.65,777.40,780.89,7962637,https://stooq.com/q/d/l/?s=2502.jp&i=d,2026-03-26T08:35:00+00:00
2502,2502.T,2502.jp,2014-06-03,791.10,791.36,783.85,789.22,4834950,https://stooq.com/q/d/l/?s=2502.jp&i=d,2026-03-26T08:35:00+00:00
2502,2502.T,2502.jp,2014-06-04,791.36,792.98,787.07,791.63,3662998,https://stooq.com/q/d/l/?s=2502.jp&i=d,2026-03-26T08:35:00+00:00
2502,2502.T,2502.jp,2014-06-05,831.10,838.61,817.13,834.59,22434345,https://stooq.com/q/d/l/?s=2502.jp&i=d,2026-03-26T08:35:00+00:00
2502,2502.T,2502.jp,2014-06-06,824.38,834.59,820.09,826.80,11273607,https://stooq.com/q/d/l/?s=2502.jp&i=d,2026-03-26T08:35:00+00:00
2502,2502.T,2502.jp,2014-06-09,826.80,827.34,818.47,824.12,6683026,https://stooq.com/q/d/l/?s=2502.jp&i=d,2026-03-26T08:35:00+00:00
2502,2502.T,2502.jp,2014-06-10,826.80,832.16,821.97,823.86,5530824,https://stooq.com/q/d/l/?s=2502.jp&i=d,2026-03-26T08:35:00+00:00
2502,2502.T,2502.jp,2014-06-11,825.46,827.87,821.16,824.12,5035373,https://stooq.com/q/d/l/?s=2502.jp&i=d,2026-03-26T08:35:00+00:00
2502,2502.T,2502.jp,2014-06-12,824.12,830.56,822.24,825.19,6588783,https://stooq.com/q/d/l/?s=2502.jp&i=d,2026-03-26T08:35:00+00:00
2502,2502.T,2502.jp,2014-06-13,825.19,831.63,819.55,831.10,11431565,https://stooq.com/q/d/l/?s=2502.jp&i=d,2026-03-26T08:35:00+00:00
2502,2502.T,2502.jp,2014-06-16,831.36,845.05,828.14,838.61,9105162,https://stooq.com/q/d/l/?s=2502.jp&i=d,2026-03-26T08:35:00+00:00
2502,2502.T,2502.jp,2014-06-17,842.90,849.89,838.88,841.03,7936939,https://stooq.com/q/d/l/?s=2502.jp&i=d,2026-03-26T08:35:00+00:00
2502,2502.T,2502.jp,2014-06-18,835.92,837.00,827.60,833.24,6441269,https://stooq.com/q/d/l/?s=2502.jp&i=d,2026-03-26T08:35:00+00:00
2502,2502.T,2502.jp,2014-06-19,839.15,849.62,838.61,844.24,7597941,https://stooq.com/q/d/l/?s=2502.jp&i=d,2026-03-26T08:35:00+00:00
2502,2502.T,2502.jp,2014-06-20,844.24,845.32,838.88,839.95,5341207,https://stooq.com/q/d/l/?s=2502.jp&i=d,2026-03-26T08:35:00+00:00
2502,2502.T,2502.jp,2014-06-23,838.88,845.05,836.19,837.81,5508101,https://stooq.com/q/d/l/?s=2502.jp&i=d,2026-03-26T08:35:00+00:00
2502,2502.T,2502.jp,2014-06-24,833.24,851.76,832.70,843.72,6948258,https://stooq.com/q/d/l/?s=2502.jp&i=d,2026-03-26T08:35:00+00:00
2502,2502.T,2502.jp,2014-06-25,833.77,840.22,832.97,835.12,7065614,https://stooq.com/q/d/l/?s=2502.jp&i=d,2026-03-26T08:35:00+00:00
2502,2502.T,2502.jp,2014-06-26,846.20,856.48,844.31,854.32,6041363,https://stooq.com/q/d/l/?s=2502.jp&i=d,2026-03-26T08:35:00+00:00
2502,2502.T,2502.jp,2014-06-27,855.40,859.73,844.31,847.29,8318757,https://stooq.com/q/d/l/?s=2502.jp&i=d,2026-03-26T08:35:00+00:00
2502,2502.T,2502.jp,2014-06-30,855.67,867.56,853.23,859.73,7389224,https://stooq.com/q/d/l/?s=2502.jp&i=d,2026-03-26T08:35:00+00:00
2502,2502.T,2502.jp,2014-07-01,864.32,866.75,853.78,862.42,6577699,https://stooq.com/q/d/l/?s=2502.jp&i=d,2026-03-26T08:35:00+00:00
2502,2502.T,2502.jp,2014-07-02,867.56,872.16,860.26,868.64,6315449,https://stooq.com/q/d/l/?s=2502.jp&i=d,2026-03-26T08:35:00+00:00
2502,2502.T,2502.jp,2014-07-03,868.64,874.59,866.48,867.84,5938533,https://stooq.com/q/d/l/?s=2502.jp&i=d,2026-03-26T08:35:00+00:00
2502,2502.T,2502.jp,2014-07-04,875.94,875.94,870.54,873.78,5813877,https://stooq.com/q/d/l/?s=2502.jp&i=d,2026-03-26T08:35:00+00:00
2502,2502.T,2502.jp,2014-07-07,880.00,890.80,877.29,884.06,8989731,https://stooq.com/q/d/l/?s=2502.jp&i=d,2026-03-26T08:35:00+00:00
2502,2502.T,2502.jp,2014-07-08,882.98,888.65,878.38,885.40,6621350,https://stooq.com/q/d/l/?s=2502.jp&i=d,2026-03-26T08:35:00+00:00
2502,2502.T,2502.jp,2014-07-09,882.98,893.25,880.00,888.91,7409197,https://stooq.com/q/d/l/?s=2502.jp&i=d,2026-03-26T08:35:00+00:00
2502,2502.T,2502.jp,2014-07-10,890.27,895.67,882.98,882.98,7506117,https://stooq.com/q/d/l/?s=2502.jp&i=d,2026-03-26T08:35:00+00:00
2502,2502.T,2502.jp,2014-07-11,874.59,882.98,871.35,880.00,8733031,https://stooq.com/q/d/l/?s=2502.jp&i=d,2026-03-26T08:35:00+00:00
2502,2502.T,2502.jp,2014-07-14,878.11,878.11,860.80,864.32,10706005,https://stooq.com/q/d/l/?s=2502.jp&i=d,2026-03-26T08:35:00+00:00
2502,2502.T,2502.jp,2014-07-15,864.59,868.91,864.05,865.13,8201132,https://stooq.com/q/d/l/?s=2502.jp&i=d,2026-03-26T08:35:00+00:00
2502,2502.T,2502.jp,2014-07-16,865.13,867.02,860.26,861.89,6740080,https://stooq.com/q/d/l/?s=2502.jp&i=d,2026-03-26T08:35:00+00:00
2502,2502.T,2502.jp,2014-07-17,861.08,862.16,856.75,859.73,6365755,https://stooq.com/q/d/l/?s=2502.jp&i=d,2026-03-26T08:35:00+00:00
2502,2502.T,2502.jp,2014-07-18,851.62,852.16,842.42,849.98,6957198,https://stooq.com/q/d/l/?s=2502.jp&i=d,2026-03-26T08:35:00+00:00
2502,2502.T,2502.jp,2014-07-22,846.20,853.50,843.10,851.34,8913906,https://stooq.com/q/d/l/?s=2502.jp&i=d,2026-03-26T08:35:00+00:00
2502,2502.T,2502.jp,2014-07-23,870.26,872.57,845.93,849.72,11889645,https://stooq.com/q/d/l/?s=2502.jp&i=d,2026-03-26T08:35:00+00:00
2502,2502.T,2502.jp,2014-07-24,849.72,853.91,846.20,847.96,7938505,https://stooq.com/q/d/l/?s=2502.jp&i=d,2026-03-26T08:35:00+00:00
2502,2502.T,2502.jp,2014-07-25,847.96,857.55,844.31,856.61,7144732,https://stooq.com/q/d/l/?s=2502.jp&i=d,2026-03-26T08:35:00+00:00
2502,2502.T,2502.jp,2014-07-28,856.48,856.89,838.23,849.98,8547721,https://stooq.com/q/d/l/?s=2502.jp&i=d,2026-03-26T08:35:00+00:00
2502,2502.T,2502.jp,2014-07-29,850.80,855.67,845.39,853.78,6437505,https://stooq.com/q/d/l/?s=2502.jp&i=d,2026-03-26T08:35:00+00:00
2502,2502.T,2502.jp,2014-07-30,852.29,859.73,847.69,856.48,8261056,https://stooq.com/q/d/l/?s=2502.jp&i=d,2026-03-26T08:35:00+00:00
2502,2502.T,2502.jp,2014-07-31,858.11,859.32,847.56,847.56,6534049,https://stooq.com/q/d/l/?s=2502.jp&i=d,2026-03-26T08:35:00+00:00
2502,2502.T,2502.jp,2014-08-01,847.69,854.99,841.62,853.91,6430117,https://stooq.com/q/d/l/?s=2502.jp&i=d,2026-03-26T08:35:00+00:00
2502,2502.T,2502.jp,2014-08-04,851.07,860.67,844.99,856.89,7047819,https://stooq.com/q/d/l/?s=2502.jp&i=d,2026-03-26T08:35:00+00:00
2502,2502.T,2502.jp,2014-08-05,855.40,862.02,851.34,851.88,6503355,https://stooq.com/q/d/l/?s=2502.jp&i=d,2026-03-26T08:35:00+00:00
2502,2502.T,2502.jp,2014-08-06,851.21,858.37,842.69,846.07,6495212,https://stooq.com/q/d/l/?s=2502.jp&i=d,2026-03-26T08:35:00+00:00
2502,2502.T,2502.jp,2014-08-07,862.42,867.84,838.09,844.31,10148591,https://stooq.com/q/d/l/?s=2502.jp&i=d,2026-03-26T08:35:00+00:00
2502,2502.T,2502.jp,2014-08-08,834.72,842.96,818.49,820.66,10279893,https://stooq.com/q/d/l/?s=2502.jp&i=d,2026-03-26T08:35:00+00:00
2502,2502.T,2502.jp,2014-08-11,841.74,856.89,837.14,856.07,5897842,https://stooq.com/q/d/l/?s=2502.jp&i=d,2026-03-26T08:35:00+00:00
2502,2502.T,2502.jp,2014-08-12,856.21,860.13,849.72,855.53,5135142,https://stooq.com/q/d/l/?s=2502.jp&i=d,2026-03-26T08:35:00+00:00
2502,2502.T,2502.jp,2014-08-13,857.83,873.11,855.67,871.76,8996387,https://stooq.com/q/d/l/?s=2502.jp&i=d,2026-03-26T08:35:00+00:00
2502,2502.T,2502.jp,2014-08-14,872.96,876.35,868.11,874.32,5577898,https://stooq.com/q/d/l/?s=2502.jp&i=d,2026-03-26T08:35:00+00:00
2502,2502.T,2502.jp,2014-08-15,869.18,871.35,866.48,867.84,4937613,https://stooq.com/q/d/l/?s=2502.jp&i=d,2026-03-26T08:35:00+00:00
2502,2502.T,2502.jp,2014-08-18,871.35,876.74,868.51,872.29,4316209,https://stooq.com/q/d/l/?s=2502.jp&i=d,2026-03-26T08:35:00+00:00
2502,2502.T,2502.jp,2014-08-19,875.13,880.68,869.18,877.29,5075956,https://stooq.com/q/d/l/?s=2502.jp&i=d,2026-03-26T08:35:00+00:00
2502,2502.T,2502.jp,2014-08-20,874.72,891.62,874.72,887.57,5923002,https://stooq.com/q/d/l/?s=2502.jp&i=d,2026-03-26T08:35:00+00:00
2502,2502.T,2502.jp,2014-08-21,888.65,890.80,882.03,889.59,6200784,https://stooq.com/q/d/l/?s=2502.jp&i=d,2026-03-26T08:35:00+00:00
2502,2502.T,2502.jp,2014-08-22,892.16,905.14,890.00,897.85,5959618,https://stooq.com/q/d/l/?s=2502.jp&i=d,2026-03-26T08:35:00+00:00
2502,2502.T,2502.jp,2014-08-25,897.98,903.25,896.09,896.63,4500783,https://stooq.com/q/d/l/?s=2502.jp&i=d,2026-03-26T08:35:00+00:00
2502,2502.T,2502.jp,2014-08-26,893.79,902.71,893.79,896.35,5124042,https://stooq.com/q/d/l/?s=2502.jp&i=d,2026-03-26T08:35:00+00:00
2502,2502.T,2502.jp,2014-08-27,896.23,898.78,887.17,893.11,4935769,https://stooq.com/q/d/l/?s=2502.jp&i=d,2026-03-26T08:35:00+00:00
2502,2502.T,2502.jp,2014-08-28,887.84,891.22,881.35,885.67,4532222,https://stooq.com/q/d/l/?s=2502.jp&i=d,2026-03-26T08:35:00+00:00
2502,2502.T,2502.jp,2014-08-29,885.67,888.25,881.75,887.03,5455466,https://stooq.com/q/d/l/?s=2502.jp&i=d,2026-03-26T08:35:00+00:00
2502,2502.T,2502.jp,2014-09-01,887.03,888.65,879.74,888.38,3927824,https://stooq.com/q/d/l/?s=2502.jp&i=d,2026-03-26T08:35:00+00:00
2502,2502.T,2502.jp,2014-09-02,888.38,902.44,887.17,896.90,5380746,https://stooq.com/q/d/l/?s=2502.jp&i=d,2026-03-26T08:35:00+00:00
2502,2502.T,2502.jp,2014-09-03,902.17,906.90,898.78,904.33,5877503,https://stooq.com/q/d/l/?s=2502.jp&i=d,2026-03-26T08:35:00+00:00
2502,2502.T,2502.jp,2014-09-04,905.68,918.52,903.65,916.76,6873243,https://stooq.com/q/d/l/?s=2502.jp&i=d,2026-03-26T08:35:00+00:00
2502,2502.T,2502.jp,2014-09-05,923.93,925.82,911.63,912.57,7027114,https://stooq.com/q/d/l/?s=2502.jp&i=d,2026-03-26T08:35:00+00:00
2502,2502.T,2502.jp,2014-09-08,909.74,909.74,897.17,902.85,6770404,https://stooq.com/q/d/l/?s=2502.jp&i=d,2026-03-26T08:35:00+00:00
2502,2502.T,2502.jp,2014-09-09,903.65,903.65,898.78,902.85,6156021,https://stooq.com/q/d/l/?s=2502.jp&i=d,2026-03-26T08:35:00+00:00
2502,2502.T,2502.jp,2014-09-10,896.90,912.30,894.87,911.36,5386292,https://stooq.com/q/d/l/?s=2502.jp&i=d,2026-03-26T08:35:00+00:00
2502,2502.T,2502.jp,2014-09-11,910.41,911.77,884.87,886.08,11398061,https://stooq.com/q/d/l/?s=2502.jp&i=d,2026-03-26T08:35:00+00:00
2502,2502.T,2502.jp,2014-09-12,848.23,878.38,848.10,877.02,19353959,https://stooq.com/q/d/l/?s=2502.jp&i=d,2026-03-26T08:35:00+00:00
2502,2502.T,2502.jp,2014-09-16,873.23,875.53,848.10,868.38,8980116,https://stooq.com/q/d/l/?s=2502.jp&i=d,2026-03-26T08:35:00+00:00
2502,2502.T,2502.jp,2014-09-17,873.38,873.38,861.89,868.38,6208548,https://stooq.com/q/d/l/?s=2502.jp&i=d,2026-03-26T08:35:00+00:00
2502,2502.T,2502.jp,2014-09-18,869.18,871.62,851.62,864.99,9234959,https://stooq.com/q/d/l/?s=2502.jp&i=d,2026-03-26T08:35:00+00:00
2502,2502.T,2502.jp,2014-09-19,864.86,870.54,858.91,860.54,9417326,https://stooq.com/q/d/l/?s=2502.jp&i=d,2026-03-26T08:35:00+00:00
2502,2502.T,2502.jp,2014-09-22,860.13,861.34,849.46,853.50,7770578,https://stooq.com/q/d/l/?s=2502.jp&i=d,2026-03-26T08:35:00+00:00
2502,2502.T,2502.jp,2014-09-24,852.97,858.91,852.01,857.69,5933719,https://stooq.com/q/d/l/?s=2502.jp&i=d,2026-03-26T08:35:00+00:00
2502,2502.T,2502.jp,2014-09-25,860.26,868.51,857.55,868.38,4791143,https://stooq.com/q/d/l/?s=2502.jp&i=d,2026-03-26T08:35:00+00:00
2502,2502.T,2502.jp,2014-09-26,858.91,863.64,857.16,858.37,4515206,https://stooq.com/q/d/l/?s=2502.jp&i=d,2026-03-26T08:35:00+00:00
2502,2502.T,2502.jp,2014-09-29,867.29,880.13,864.18,874.72,5857161,https://stooq.com/q/d/l/?s=2502.jp&i=d,2026-03-26T08:35:00+00:00
2502,2502.T,2502.jp,2014-09-30,877.16,878.64,855.40,857.83,8699731,https://stooq.com/q/d/l/?s=2502.jp&i=d,2026-03-26T08:35:00+00:00
2502,2502.T,2502.jp,2014-10-01,857.83,863.78,852.29,856.07,5781336,https://stooq.com/q/d/l/?s=2502.jp&i=d,2026-03-26T08:35:00+00:00
2502,2502.T,2502.jp,2014-10-02,851.07,851.07,838.37,838.50,7671088,https://stooq.com/q/d/l/?s=2502.jp&i=d,2026-03-26T08:35:00+00:00
2502,2502.T,2502.jp,2014-10-03,841.74,863.36,841.74,862.42,7705107,https://stooq.com/q/d/l/?s=2502.jp&i=d,2026-03-26T08:35:00+00:00
2502,2502.T,2502.jp,2014-10-06,875.94,878.38,863.78,868.64,6738595,https://stooq.com/q/d/l/?s=2502.jp&i=d,2026-03-26T08:35:00+00:00
2502,2502.T,2502.jp,2014-10-07,863.51,877.29,863.51,867.96,5625977,https://stooq.com/q/d/l/?s=2502.jp&i=d,2026-03-26T08:35:00+00:00
2502,2502.T,2502.jp,2014-10-08,861.21,877.16,861.21,872.69,6628741,https://stooq.com/q/d/l/?s=2502.jp&i=d,2026-03-26T08:35:00+00:00
2502,2502.T,2502.jp,2014-10-09,875.00,884.06,867.69,870.67,8064280,https://stooq.com/q/d/l/?s=2502.jp&i=d,2026-03-26T08:35:00+00:00
2502,2502.T,2502.jp,2014-10-10,859.18,866.08,857.28,859.05,6407917,https://stooq.com/q/d/l/?s=2502.jp&i=d,2026-03-26T08:35:00+00:00
2502,2502.T,2502.jp,2014-10-14,839.18,857.83,839.18,840.53,7704005,https://stooq.com/q/d/l/?s=2502.jp&i=d,2026-03-26T08:35:00+00:00
2502,2502.T,2502.jp,2014-10-15,845.13,857.69,842.01,855.25,6745630,https://stooq.com/q/d/l/?s=2502.jp&i=d,2026-03-26T08:35:00+00:00
2502,2502.T,2502.jp,2014-10-16,842.83,850.93,839.18,844.04,7604132,https://stooq.com/q/d/l/?s=2502.jp&i=d,2026-03-26T08:35:00+00:00
2502,2502.T,2502.jp,2014-10-17,843.36,844.86,818.08,819.85,6554024,https://stooq.com/q/d/l/?s=2502.jp&i=d,2026-03-26T08:35:00+00:00
2502,2502.T,2502.jp,2014-10-20,836.20,845.80,835.66,845.39,6470059,https://stooq.com/q/d/l/?s=2502.jp&i=d,2026-03-26T08:35:00+00:00
2502,2502.T,2502.jp,2014-10-21,850.26,854.58,835.80,840.11,4830725,https://stooq.com/q/d/l/?s=2502.jp&i=d,2026-03-26T08:35:00+00:00
2502,2502.T,2502.jp,2014-10-22,847.56,858.11,845.39,857.55,5016771,https://stooq.com/q/d/l/?s=2502.jp&i=d,2026-03-26T08:35:00+00:00
2502,2502.T,2502.jp,2014-10-23,852.97,855.12,845.39,848.91,3920430,https://stooq.com/q/d/l/?s=2502.jp&i=d,2026-03-26T08:35:00+00:00
2502,2502.T,2502.jp,2014-10-24,865.13,870.40,857.01,869.72,5036747,https://stooq.com/q/d/l/?s=2502.jp&i=d,2026-03-26T08:35:00+00:00
2502,2502.T,2502.jp,2014-10-27,869.18,882.57,867.16,882.30,5021582,https://stooq.com/q/d/l/?s=2502.jp&i=d,2026-03-26T08:35:00+00:00
2502,2502.T,2502.jp,2014-10-28,885.40,893.38,882.70,887.98,4241116,https://stooq.com/q/d/l/?s=2502.jp&i=d,2026-03-26T08:35:00+00:00
2502,2502.T,2502.jp,2014-10-29,892.16,900.95,891.36,899.20,5550151,https://stooq.com/q/d/l/?s=2502.jp&i=d,2026-03-26T08:35:00+00:00
2502,2502.T,2502.jp,2014-10-30,902.44,902.44,892.43,895.55,6495954,https://stooq.com/q/d/l/?s=2502.jp&i=d,2026-03-26T08:35:00+00:00
2502,2502.T,2502.jp,2014-10-31,905.14,940.83,900.82,926.50,9820127,https://stooq.com/q/d/l/?s=2502.jp&i=d,2026-03-26T08:35:00+00:00
2502,2502.T,2502.jp,2014-11-04,945.43,965.70,927.58,950.57,14318317,https://stooq.com/q/d/l/?s=2502.jp&i=d,2026-03-26T08:35:00+00:00
2502,2502.T,2502.jp,2014-11-05,938.94,951.50,932.72,947.05,10510331,https://stooq.com/q/d/l/?s=2502.jp&i=d,2026-03-26T08:35:00+00:00
2502,2502.T,2502.jp,2014-11-06,948.39,954.34,931.77,937.05,7336707,https://stooq.com/q/d/l/?s=2502.jp&i=d,2026-03-26T08:35:00+00:00
2502,2502.T,2502.jp,2014-11-07,946.24,946.24,931.77,939.33,5180264,https://stooq.com/q/d/l/?s=2502.jp&i=d,2026-03-26T08:35:00+00:00
2502,2502.T,2502.jp,2014-11-10,929.47,936.24,922.30,925.82,5624871,https://stooq.com/q/d/l/?s=2502.jp&i=d,2026-03-26T08:35:00+00:00
2502,2502.T,2502.jp,2014-11-11,925.96,937.45,923.52,933.80,7227583,https://stooq.com/q/d/l/?s=2502.jp&i=d,2026-03-26T08:35:00+00:00
2502,2502.T,2502.jp,2014-11-12,936.50,943.39,927.04,928.80,6994187,https://stooq.com/q/d/l/?s=2502.jp&i=d,2026-03-26T08:35:00+00:00
2502,2502.T,2502.jp,2014-11-13,933.26,950.83,930.42,948.94,9011185,https://stooq.com/q/d/l/?s=2502.jp&i=d,2026-03-26T08:35:00+00:00
2502,2502.T,2502.jp,2014-11-14,963.54,964.07,932.45,939.88,12044252,https://stooq.com/q/d/l/?s=2502.jp&i=d,2026-03-26T08:35:00+00:00
2502,2502.T,2502.jp,2014-11-17,935.15,937.72,916.76,919.75,6026564,https://stooq.com/q/d/l/?s=2502.jp&i=d,2026-03-26T08:35:00+00:00
2502,2502.T,2502.jp,2014-11-18,927.58,932.58,921.36,932.45,5730660,https://stooq.com/q/d/l/?s=2502.jp&i=d,2026-03-26T08:35:00+00:00
2502,2502.T,2502.jp,2014-11-19,935.42,958.80,933.66,952.86,7911142,https://stooq.com/q/d/l/?s=2502.jp&i=d,2026-03-26T08:35:00+00:00
2502,2502.T,2502.jp,2014-11-20,965.70,987.74,963.95,979.22,8563618,https://stooq.com/q/d/l/?s=2502.jp&i=d,2026-03-26T08:35:00+00:00
2502,2502.T,2502.jp,2014-11-21,979.22,998.69,973.41,987.05,8095712,https://stooq.com/q/d/l/?s=2502.jp&i=d,2026-03-26T08:35:00+00:00
2502,2502.T,2502.jp,2014-11-25,1000.30,1003.01,980.71,982.47,6960165,https://stooq.com/q/d/l/?s=2502.jp&i=d,2026-03-26T08:35:00+00:00
2502,2502.T,2502.jp,2014-11-26,975.70,986.39,969.62,981.38,5076329,https://stooq.com/q/d/l/?s=2502.jp&i=d,2026-03-26T08:35:00+00:00
2502,2502.T,2502.jp,2014-11-27,981.38,994.35,980.02,990.58,6518514,https://stooq.com/q/d/l/?s=2502.jp&i=d,2026-03-26T08:35:00+00:00
2502,2502.T,2502.jp,2014-11-28,990.85,1002.47,990.85,1000.98,5768385,https://stooq.com/q/d/l/?s=2502.jp&i=d,2026-03-26T08:35:00+00:00
2502,2502.T,2502.jp,2014-12-01,1010.98,1022.75,1008.01,1010.85,6815163,https://stooq.com/q/d/l/?s=2502.jp&i=d,2026-03-26T08:35:00+00:00
2502,2502.T,2502.jp,2014-12-02,1002.20,1014.23,998.41,1007.88,11102151,https://stooq.com/q/d/l/?s=2502.jp&i=d,2026-03-26T08:35:00+00:00
2502,2502.T,2502.jp,2014-12-03,1023.69,1031.26,1018.55,1029.78,12783291,https://stooq.com/q/d/l/?s=2502.jp&i=d,2026-03-26T08:35:00+00:00
2502,2502.T,2502.jp,2014-12-04,1048.70,1058.30,1030.04,1033.28,8075367,https://stooq.com/q/d/l/?s=2502.jp&i=d,2026-03-26T08:35:00+00:00
2502,2502.T,2502.jp,2014-12-05,1030.58,1036.26,1021.26,1030.18,5767643,https://stooq.com/q/d/l/?s=2502.jp&i=d,2026-03-26T08:35:00+00:00
2502,2502.T,2502.jp,2014-12-08,1044.10,1046.68,1032.75,1040.86,8477063,https://stooq.com/q/d/l/?s=2502.jp&i=d,2026-03-26T08:35:00+00:00
2502,2502.T,2502.jp,2014-12-09,1030.18,1049.10,1030.18,1046.53,12867619,https://stooq.com/q/d/l/?s=2502.jp&i=d,2026-03-26T08:35:00+00:00
2502,2502.T,2502.jp,2014-12-10,1027.61,1031.92,1000.57,1005.70,11530475,https://stooq.com/q/d/l/?s=2502.jp&i=d,2026-03-26T08:35:00+00:00
2502,2502.T,2502.jp,2014-12-11,1000.30,1012.47,989.49,992.60,8683470,https://stooq.com/q/d/l/?s=2502.jp&i=d,2026-03-26T08:35:00+00:00
2502,2502.T,2502.jp,2014-12-12,988.15,1003.68,986.93,991.92,15372130,https://stooq.com/q/d/l/?s=2502.jp&i=d,2026-03-26T08:35:00+00:00
2502,2502.T,2502.jp,2014-12-15,983.95,1016.26,978.95,1013.83,8959028,https://stooq.com/q/d/l/?s=2502.jp&i=d,2026-03-26T08:35:00+00:00
2502,2502.T,2502.jp,2014-12-16,994.91,999.90,976.38,978.28,9162839,https://stooq.com/q/d/l/?s=2502.jp&i=d,2026-03-26T08:35:00+00:00
2502,2502.T,2502.jp,2014-12-17,973.27,980.56,965.57,967.73,6511113,https://stooq.com/q/d/l/?s=2502.jp&i=d,2026-03-26T08:35:00+00:00
2502,2502.T,2502.jp,2014-12-18,996.65,1016.12,989.49,1006.81,7565668,https://stooq.com/q/d/l/?s=2502.jp&i=d,2026-03-26T08:35:00+00:00
2502,2502.T,2502.jp,2014-12-19,1032.75,1041.93,1024.23,1041.93,7984746,https://stooq.com/q/d/l/?s=2502.jp&i=d,2026-03-26T08:35:00+00:00
2502,2502.T,2502.jp,2014-12-22,1047.49,1047.61,1020.99,1032.75,5165841,https://stooq.com/q/d/l/?s=2502.jp&i=d,2026-03-26T08:35:00+00:00
2502,2502.T,2502.jp,2014-12-24,1044.10,1044.64,1033.96,1040.86,4367627,https://stooq.com/q/d/l/?s=2502.jp&i=d,2026-03-26T08:35:00+00:00
2502,2502.T,2502.jp,2014-12-25,1040.33,1046.81,1033.96,1045.19,3330827,https://stooq.com/q/d/l/?s=2502.jp&i=d,2026-03-26T08:35:00+00:00
2502,2502.T,2502.jp,2014-12-26,1044.10,1044.37,1030.36,1035.54,3577950,https://stooq.com/q/d/l/?s=2502.jp&i=d,2026-03-26T08:35:00+00:00
2502,2502.T,2502.jp,2014-12-29,1040.84,1041.51,1017.71,1026.14,4107052,https://stooq.com/q/d/l/?s=2502.jp&i=d,2026-03-26T08:35:00+00:00
2502,2502.T,2502.jp,2014-12-30,1025.46,1031.58,1016.91,1018.94,3204749,https://stooq.com/q/d/l/?s=2502.jp&i=d,2026-03-26T08:35:00+00:00
2502,2502.T,2502.jp,2015-01-05,1007.93,1016.08,996.91,1001.94,4676973,https://stooq.com/q/d/l/?s=2502.jp&i=d,2026-03-26T08:35:00+00:00
2502,2502.T,2502.jp,2015-01-06,979.09,980.46,966.17,968.22,7280189,https://stooq.com/q/d/l/?s=2502.jp&i=d,2026-03-26T08:35:00+00:00
2502,2502.T,2502.jp,2015-01-07,965.50,978.96,965.50,966.85,5600595,https://stooq.com/q/d/l/?s=2502.jp&i=d,2026-03-26T08:35:00+00:00
2502,2502.T,2502.jp,2015-01-08,982.77,994.61,975.83,988.89,5688840,https://stooq.com/q/d/l/?s=2502.jp&i=d,2026-03-26T08:35:00+00:00
2502,2502.T,2502.jp,2015-01-09,1000.04,1003.31,981.27,983.31,7102590,https://stooq.com/q/d/l/?s=2502.jp&i=d,2026-03-26T08:35:00+00:00
2502,2502.T,2502.jp,2015-01-13,979.09,981.68,965.63,977.06,5764220,https://stooq.com/q/d/l/?s=2502.jp&i=d,2026-03-26T08:35:00+00:00
2502,2502.T,2502.jp,2015-01-14,966.85,986.99,965.90,974.47,5175918,https://stooq.com/q/d/l/?s=2502.jp&i=d,2026-03-26T08:35:00+00:00
2502,2502.T,2502.jp,2015-01-15,982.36,1011.72,981.27,1007.51,5330711,https://stooq.com/q/d/l/?s=2502.jp&i=d,2026-03-26T08:35:00+00:00
2502,2502.T,2502.jp,2015-01-16,982.90,991.47,966.85,981.95,7486831,https://stooq.com/q/d/l/?s=2502.jp&i=d,2026-03-26T08:35:00+00:00
2502,2502.T,2502.jp,2015-01-19,990.93,996.36,979.77,985.49,5810176,https://stooq.com/q/d/l/?s=2502.jp&i=d,2026-03-26T08:35:00+00:00
2502,2502.T,2502.jp,2015-01-20,985.62,1002.62,981.14,1002.62,4150082,https://stooq.com/q/d/l/?s=2502.jp&i=d,2026-03-26T08:35:00+00:00
2502,2502.T,2502.jp,2015-01-21,1003.02,1005.75,992.15,999.08,3629065,https://stooq.com/q/d/l/?s=2502.jp&i=d,2026-03-26T08:35:00+00:00
2502,2502.T,2502.jp,2015-01-22,1006.29,1020.99,998.40,1013.50,5080687,https://stooq.com/q/d/l/?s=2502.jp&i=d,2026-03-26T08:35:00+00:00
2502,2502.T,2502.jp,2015-01-23,1030.77,1038.65,1022.88,1028.05,6056530,https://stooq.com/q/d/l/?s=2502.jp&i=d,2026-03-26T08:35:00+00:00
2502,2502.T,2502.jp,2015-01-26,1017.71,1033.49,1014.45,1031.99,4233908,https://stooq.com/q/d/l/?s=2502.jp&i=d,2026-03-26T08:35:00+00:00
2502,2502.T,2502.jp,2015-01-27,1038.93,1057.01,1038.65,1056.06,4478789,https://stooq.com/q/d/l/?s=2502.jp&i=d,2026-03-26T08:35:00+00:00
2502,2502.T,2502.jp,2015-01-28,1050.21,1068.16,1049.54,1058.92,5127020,https://stooq.com/q/d/l/?s=2502.jp&i=d,2026-03-26T08:35:00+00:00
2502,2502.T,2502.jp,2015-01-29,1047.76,1065.31,1047.76,1054.57,3669140,https://stooq.com/q/d/l/?s=2502.jp&i=d,2026-03-26T08:35:00+00:00
2502,2502.T,2502.jp,2015-01-30,1070.34,1078.91,1057.42,1057.69,5091721,https://stooq.com/q/d/l/?s=2502.jp&i=d,2026-03-26T08:35:00+00:00
2502,2502.T,2502.jp,2015-02-02,1043.42,1062.59,1043.28,1052.94,3300351,https://stooq.com/q/d/l/?s=2502.jp&i=d,2026-03-26T08:35:00+00:00
2502,2502.T,2502.jp,2015-02-03,1066.27,1077.82,1034.17,1037.30,5962768,https://stooq.com/q/d/l/?s=2502.jp&i=d,2026-03-26T08:35:00+00:00
2502,2502.T,2502.jp,2015-02-04,1040.02,1046.82,1014.86,1023.02,7816277,https://stooq.com/q/d/l/?s=2502.jp&i=d,2026-03-26T08:35:00+00:00
2502,2502.T,2502.jp,2015-02-05,1022.88,1025.32,1011.87,1014.45,6112414,https://stooq.com/q/d/l/?s=2502.jp&i=d,2026-03-26T08:35:00+00:00
2502,2502.T,2502.jp,2015-02-06,1026.83,1028.05,1010.10,1012.42,3091511,https://stooq.com/q/d/l/?s=2502.jp&i=d,2026-03-26T08:35:00+00:00
2502,2502.T,2502.jp,2015-02-09,1014.45,1016.63,996.64,1000.44,6342591,https://stooq.com/q/d/l/?s=2502.jp&i=d,2026-03-26T08:35:00+00:00
2502,2502.T,2502.jp,2015-02-10,989.84,1005.61,986.85,1005.07,7166934,https://stooq.com/q/d/l/?s=2502.jp&i=d,2026-03-26T08:35:00+00:00
2502,2502.T,2502.jp,2015-02-12,1023.97,1036.75,1018.67,1030.23,5917911,https://stooq.com/q/d/l/?s=2502.jp&i=d,2026-03-26T08:35:00+00:00
2502,2502.T,2502.jp,2015-02-13,1019.34,1029.00,992.15,1010.65,11762288,https://stooq.com/q/d/l/?s=2502.jp&i=d,2026-03-26T08:35:00+00:00
2502,2502.T,2502.jp,2015-02-16,1010.65,1011.05,988.47,989.97,8365970,https://stooq.com/q/d/l/?s=2502.jp&i=d,2026-03-26T08:35:00+00:00
2502,2502.T,2502.jp,2015-02-17,989.44,989.70,968.76,984.54,9056474,https://stooq.com/q/d/l/?s=2502.jp&i=d,2026-03-26T08:35:00+00:00
2502,2502.T,2502.jp,2015-02-18,995.00,1014.99,993.24,1011.32,6226400,https://stooq.com/q/d/l/?s=2502.jp&i=d,2026-03-26T08:35:00+00:00
2502,2502.T,2502.jp,2015-02-19,1020.58,1037.84,1017.18,1033.09,6698506,https://stooq.com/q/d/l/?s=2502.jp&i=d,2026-03-26T08:35:00+00:00
2502,2502.T,2502.jp,2015-02-20,1037.15,1040.29,1017.30,1019.75,4428418,https://stooq.com/q/d/l/?s=2502.jp&i=d,2026-03-26T08:35:00+00:00
2502,2502.T,2502.jp,2015-02-23,1030.50,1031.73,1010.38,1013.10,5582952,https://stooq.com/q/d/l/?s=2502.jp&i=d,2026-03-26T08:35:00+00:00
2502,2502.T,2502.jp,2015-02-24,1008.60,1012.13,1002.21,1012.13,4302296,https://stooq.com/q/d/l/?s=2502.jp&i=d,2026-03-26T08:35:00+00:00
2502,2502.T,2502.jp,2015-02-25,1013.10,1017.18,1006.84,1011.60,5218574,https://stooq.com/q/d/l/?s=2502.jp&i=d,2026-03-26T08:35:00+00:00
2502,2502.T,2502.jp,2015-02-26,998.40,1016.22,994.06,1016.08,5126646,https://stooq.com/q/d/l/?s=2502.jp&i=d,2026-03-26T08:35:00+00:00
2502,2502.T,2502.jp,2015-02-27,1018.54,1019.49,1004.39,1005.35,5621186,https://stooq.com/q/d/l/?s=2502.jp&i=d,2026-03-26T08:35:00+00:00
2502,2502.T,2502.jp,2015-03-02,1005.20,1014.04,1003.57,1006.56,3525007,https://stooq.com/q/d/l/?s=2502.jp&i=d,2026-03-26T08:35:00+00:00
2502,2502.T,2502.jp,2015-03-03,1016.63,1033.49,1010.77,1033.49,7085679,https://stooq.com/q/d/l/?s=2502.jp&i=d,2026-03-26T08:35:00+00:00
2502,2502.T,2502.jp,2015-03-04,1036.21,1037.84,1014.59,1017.18,4986194,https://stooq.com/q/d/l/?s=2502.jp&i=d,2026-03-26T08:35:00+00:00
2502,2502.T,2502.jp,2015-03-05,1022.61,1024.24,1010.65,1018.54,6174924,https://stooq.com/q/d/l/?s=2502.jp&i=d,2026-03-26T08:35:00+00:00
2502,2502.T,2502.jp,2015-03-06,1013.10,1024.52,1009.42,1021.12,7222828,https://stooq.com/q/d/l/?s=2502.jp&i=d,2026-03-26T08:35:00+00:00
2502,2502.T,2502.jp,2015-03-09,1013.36,1025.87,1005.20,1020.99,6892648,https://stooq.com/q/d/l/?s=2502.jp&i=d,2026-03-26T08:35:00+00:00
2502,2502.T,2502.jp,2015-03-10,1018.67,1027.64,1013.23,1025.06,8053804,https://stooq.com/q/d/l/?s=2502.jp&i=d,2026-03-26T08:35:00+00:00
2502,2502.T,2502.jp,2015-03-11,1025.06,1028.33,1009.28,1009.97,5602067,https://stooq.com/q/d/l/?s=2502.jp&i=d,2026-03-26T08:35:00+00:00
2502,2502.T,2502.jp,2015-03-12,1009.82,1010.38,995.55,997.59,8532528,https://stooq.com/q/d/l/?s=2502.jp&i=d,2026-03-26T08:35:00+00:00
2502,2502.T,2502.jp,2015-03-13,1002.49,1012.54,989.15,1008.20,13801110,https://stooq.com/q/d/l/?s=2502.jp&i=d,2026-03-26T08:35:00+00:00
2502,2502.T,2502.jp,2015-03-16,1008.48,1028.59,1008.20,1018.54,6014979,https://stooq.com/q/d/l/?s=2502.jp&i=d,2026-03-26T08:35:00+00:00
2502,2502.T,2502.jp,2015-03-17,1033.49,1040.16,1017.30,1024.93,5053847,https://stooq.com/q/d/l/?s=2502.jp&i=d,2026-03-26T08:35:00+00:00
2502,2502.T,2502.jp,2015-03-18,1026.02,1031.73,1018.54,1031.32,4725500,https://stooq.com/q/d/l/?s=2502.jp&i=d,2026-03-26T08:35:00+00:00
2502,2502.T,2502.jp,2015-03-19,1030.77,1032.95,1009.69,1015.67,7534260,https://stooq.com/q/d/l/?s=2502.jp&i=d,2026-03-26T08:35:00+00:00
2502,2502.T,2502.jp,2015-03-20,1022.48,1033.21,1014.86,1032.53,7753767,https://stooq.com/q/d/l/?s=2502.jp&i=d,2026-03-26T08:35:00+00:00
2502,2502.T,2502.jp,2015-03-23,1034.17,1034.85,1022.48,1031.58,3622076,https://stooq.com/q/d/l/?s=2502.jp&i=d,2026-03-26T08:35:00+00:00
2502,2502.T,2502.jp,2015-03-24,1026.97,1041.38,1020.16,1040.16,6289635,https://stooq.com/q/d/l/?s=2502.jp&i=d,2026-03-26T08:35:00+00:00
2502,2502.T,2502.jp,2015-03-25,1042.33,1054.71,1035.11,1054.71,6910291,https://stooq.com/q/d/l/?s=2502.jp&i=d,2026-03-26T08:35:00+00:00
2502,2502.T,2502.jp,2015-03-26,1054.57,1069.93,1052.80,1062.86,9155024,https://stooq.com/q/d/l/?s=2502.jp&i=d,2026-03-26T08:35:00+00:00
2502,2502.T,2502.jp,2015-03-27,1068.71,1090.06,1045.72,1065.86,9452486,https://stooq.com/q/d/l/?s=2502.jp&i=d,2026-03-26T08:35:00+00:00
2502,2502.T,2502.jp,2015-03-30,1070.48,1078.78,1052.66,1054.97,5690319,https://stooq.com/q/d/l/?s=2502.jp&i=d,2026-03-26T08:35:00+00:00
2502,2502.T,2502.jp,2015-03-31,1059.33,1066.80,1037.15,1037.15,7232757,https://stooq.com/q/d/l/?s=2502.jp&i=d,2026-03-26T08:35:00+00:00
2502,2502.T,2502.jp,2015-04-01,1046.26,1059.06,1034.43,1043.69,7243059,https://stooq.com/q/d/l/?s=2502.jp&i=d,2026-03-26T08:35:00+00:00
2502,2502.T,2502.jp,2015-04-02,1057.01,1073.74,1053.61,1065.99,6742635,https://stooq.com/q/d/l/?s=2502.jp&i=d,2026-03-26T08:35:00+00:00
2502,2502.T,2502.jp,2015-04-03,1070.75,1072.65,1057.42,1061.09,3340797,https://stooq.com/q/d/l/?s=2502.jp&i=d,2026-03-26T08:35:00+00:00
2502,2502.T,2502.jp,2015-04-06,1057.56,1081.36,1057.42,1074.15,3631273,https://stooq.com/q/d/l/?s=2502.jp&i=d,2026-03-26T08:35:00+00:00
2502,2502.T,2502.jp,2015-04-07,1076.73,1080.95,1068.44,1074.55,4995020,https://stooq.com/q/d/l/?s=2502.jp&i=d,2026-03-26T08:35:00+00:00
2502,2502.T,2502.jp,2015-04-08,1087.89,1114.94,1087.34,1104.75,8818956,https://stooq.com/q/d/l/?s=2502.jp&i=d,2026-03-26T08:35:00+00:00
2502,2502.T,2502.jp,2015-04-09,1112.36,1136.03,1112.23,1128.67,8004525,https://stooq.com/q/d/l/?s=2502.jp&i=d,2026-03-26T08:35:00+00:00
2502,2502.T,2502.jp,2015-04-10,1134.80,1136.16,1120.52,1125.01,7910042,https://stooq.com/q/d/l/?s=2502.jp&i=d,2026-03-26T08:35:00+00:00
2502,2502.T,2502.jp,2015-04-13,1128.00,1128.13,1112.76,1119.16,4209272,https://stooq.com/q/d/l/?s=2502.jp&i=d,2026-03-26T08:35:00+00:00
2502,2502.T,2502.jp,2015-04-14,1112.36,1115.35,1098.09,1110.04,5285857,https://stooq.com/q/d/l/?s=2502.jp&i=d,2026-03-26T08:35:00+00:00
2502,2502.T,2502.jp,2015-04-15,1109.64,1111.82,1100.25,1108.42,4065504,https://stooq.com/q/d/l/?s=2502.jp&i=d,2026-03-26T08:35:00+00:00
2502,2502.T,2502.jp,2015-04-16,1100.13,1106.78,1098.77,1099.45,6168669,https://stooq.com/q/d/l/?s=2502.jp&i=d,2026-03-26T08:35:00+00:00
2502,2502.T,2502.jp,2015-04-17,1093.32,1105.16,1088.97,1100.39,5318949,https://stooq.com/q/d/l/?s=2502.jp&i=d,2026-03-26T08:35:00+00:00
2502,2502.T,2502.jp,2015-04-20,1092.37,1096.04,1075.65,1095.63,6743369,https://stooq.com/q/d/l/?s=2502.jp&i=d,2026-03-26T08:35:00+00:00
2502,2502.T,2502.jp,2015-04-21,1082.72,1103.79,1074.55,1102.30,5760907,https://stooq.com/q/d/l/?s=2502.jp&i=d,2026-03-26T08:35:00+00:00
2502,2502.T,2502.jp,2015-04-22,1106.78,1112.76,1100.13,1106.38,4408187,https://stooq.com/q/d/l/?s=2502.jp&i=d,2026-03-26T08:35:00+00:00
2502,2502.T,2502.jp,2015-04-23,1107.75,1109.64,1098.35,1102.03,3817310,https://stooq.com/q/d/l/?s=2502.jp&i=d,2026-03-26T08:35:00+00:00
2502,2502.T,2502.jp,2015-04-24,1097.95,1101.34,1086.80,1095.50,4094551,https://stooq.com/q/d/l/?s=2502.jp&i=d,2026-03-26T08:35:00+00:00
2502,2502.T,2502.jp,2015-04-27,1093.59,1095.91,1076.46,1079.18,5268207,https://stooq.com/q/d/l/?s=2502.jp&i=d,2026-03-26T08:35:00+00:00
2502,2502.T,2502.jp,2015-04-28,1085.30,1088.97,1072.93,1073.61,5299465,https://stooq.com/q/d/l/?s=2502.jp&i=d,2026-03-26T08:35:00+00:00
2502,2502.T,2502.jp,2015-04-30,1055.25,1063.00,1043.01,1048.58,7055903,https://stooq.com/q/d/l/?s=2502.jp&i=d,2026-03-26T08:35:00+00:00
2502,2502.T,2502.jp,2015-05-01,1051.98,1069.67,1051.45,1056.61,4974064,https://stooq.com/q/d/l/?s=2502.jp&i=d,2026-03-26T08:35:00+00:00
2502,2502.T,2502.jp,2015-05-07,1044.10,1065.31,1037.84,1054.03,5830033,https://stooq.com/q/d/l/?s=2502.jp&i=d,2026-03-26T08:35:00+00:00
2502,2502.T,2502.jp,2015-05-08,1063.13,1080.54,1060.96,1064.08,6741526,https://stooq.com/q/d/l/?s=2502.jp&i=d,2026-03-26T08:35:00+00:00
2502,2502.T,2502.jp,2015-05-11,1072.93,1083.12,1066.27,1067.77,4525850,https://stooq.com/q/d/l/?s=2502.jp&i=d,2026-03-26T08:35:00+00:00
2502,2502.T,2502.jp,2015-05-12,1060.96,1073.74,1060.96,1068.71,3660314,https://stooq.com/q/d/l/?s=2502.jp&i=d,2026-03-26T08:35:00+00:00
2502,2502.T,2502.jp,2015-05-13,1062.86,1072.79,1048.99,1069.38,3817310,https://stooq.com/q/d/l/?s=2502.jp&i=d,2026-03-26T08:35:00+00:00
2502,2502.T,2502.jp,2015-05-14,1060.15,1069.11,1055.65,1057.97,3990133,https://stooq.com/q/d/l/?s=2502.jp&i=d,2026-03-26T08:35:00+00:00
2502,2502.T,2502.jp,2015-05-15,1063.67,1101.07,1062.86,1099.99,6425315,https://stooq.com/q/d/l/?s=2502.jp&i=d,2026-03-26T08:35:00+00:00
2502,2502.T,2502.jp,2015-05-18,1099.86,1100.25,1089.38,1094.00,4514446,https://stooq.com/q/d/l/?s=2502.jp&i=d,2026-03-26T08:35:00+00:00
2502,2502.T,2502.jp,2015-05-19,1096.87,1107.60,1092.37,1100.81,4792792,https://stooq.com/q/d/l/?s=2502.jp&i=d,2026-03-26T08:35:00+00:00
2502,2502.T,2502.jp,2015-05-20,1109.64,1122.56,1104.35,1112.23,5186945,https://stooq.com/q/d/l/?s=2502.jp&i=d,2026-03-26T08:35:00+00:00
2502,2502.T,2502.jp,2015-05-21,1112.76,1124.19,1102.16,1117.67,3822831,https://stooq.com/q/d/l/?s=2502.jp&i=d,2026-03-26T08:35:00+00:00
2502,2502.T,2502.jp,2015-05-22,1117.67,1119.98,1104.62,1116.98,3887915,https://stooq.com/q/d/l/?s=2502.jp&i=d,2026-03-26T08:35:00+00:00
2502,2502.T,2502.jp,2015-05-25,1113.18,1113.18,1091.96,1094.83,6379727,https://stooq.com/q/d/l/?s=2502.jp&i=d,2026-03-26T08:35:00+00:00
2502,2502.T,2502.jp,2015-05-26,1097.41,1106.24,1088.15,1089.24,5939234,https://stooq.com/q/d/l/?s=2502.jp&i=d,2026-03-26T08:35:00+00:00
2502,2502.T,2502.jp,2015-05-27,1087.89,1095.09,1082.44,1091.42,4942442,https://stooq.com/q/d/l/?s=2502.jp&i=d,2026-03-26T08:35:00+00:00
2502,2502.T,2502.jp,2015-05-28,1094.00,1102.16,1082.58,1100.81,5812384,https://stooq.com/q/d/l/?s=2502.jp&i=d,2026-03-26T08:35:00+00:00
2502,2502.T,2502.jp,2015-05-29,1091.00,1098.63,1082.85,1082.85,8267423,https://stooq.com/q/d/l/?s=2502.jp&i=d,2026-03-26T08:35:00+00:00
2502,2502.T,2502.jp,2015-06-01,1082.72,1087.47,1077.01,1085.98,4758592,https://stooq.com/q/d/l/?s=2502.jp&i=d,2026-03-26T08:35:00+00:00
2502,2502.T,2502.jp,2015-06-02,1087.89,1087.89,1078.63,1080.81,4625487,https://stooq.com/q/d/l/?s=2502.jp&i=d,2026-03-26T08:35:00+00:00
2502,2502.T,2502.jp,2015-06-03,1078.23,1078.23,1063.67,1068.02,6465023,https://stooq.com/q/d/l/?s=2502.jp&i=d,2026-03-26T08:35:00+00:00
2502,2502.T,2502.jp,2015-06-04,1082.03,1082.03,1056.75,1060.82,7996447,https://stooq.com/q/d/l/?s=2502.jp&i=d,2026-03-26T08:35:00+00:00
2502,2502.T,2502.jp,2015-06-05,1063.00,1088.42,1058.24,1085.03,7099655,https://stooq.com/q/d/l/?s=2502.jp&i=d,2026-03-26T08:35:00+00:00
2502,2502.T,2502.jp,2015-06-08,1079.46,1080.40,1067.77,1079.18,4414803,https://stooq.com/q/d/l/?s=2502.jp&i=d,2026-03-26T08:35:00+00:00
2502,2502.T,2502.jp,2015-06-09,1081.49,1098.49,1079.85,1086.80,8145358,https://stooq.com/q/d/l/?s=2502.jp&i=d,2026-03-26T08:35:00+00:00
2502,2502.T,2502.jp,2015-06-10,1093.32,1114.67,1083.80,1102.98,10229401,https://stooq.com/q/d/l/?s=2502.jp&i=d,2026-03-26T08:35:00+00:00
2502,2502.T,2502.jp,2015-06-11,1102.98,1125.95,1102.84,1125.95,10678711,https://stooq.com/q/d/l/?s=2502.jp&i=d,2026-03-26T08:35:00+00:00
2502,2502.T,2502.jp,2015-06-12,1133.44,1136.70,1116.44,1121.07,15141326,https://stooq.com/q/d/l/?s=2502.jp&i=d,2026-03-26T08:35:00+00:00
2502,2502.T,2502.jp,2015-06-15,1108.28,1126.10,1106.92,1125.14,4536143,https://stooq.com/q/d/l/?s=2502.jp&i=d,2026-03-26T08:35:00+00:00
2502,2502.T,2502.jp,2015-06-16,1124.47,1133.58,1120.52,1121.47,6182645,https://stooq.com/q/d/l/?s=2502.jp&i=d,2026-03-26T08:35:00+00:00
2502,2502.T,2502.jp,2015-06-17,1121.60,1121.87,1110.46,1115.62,5468592,https://stooq.com/q/d/l/?s=2502.jp&i=d,2026-03-26T08:35:00+00:00
2502,2502.T,2502.jp,2015-06-18,1116.44,1119.29,1097.95,1098.35,5242102,https://stooq.com/q/d/l/?s=2502.jp&i=d,2026-03-26T08:35:00+00:00
2502,2502.T,2502.jp,2015-06-19,1100.39,1104.75,1091.28,1092.37,5523748,https://stooq.com/q/d/l/?s=2502.jp&i=d,2026-03-26T08:35:00+00:00
2502,2502.T,2502.jp,2015-06-22,1100.81,1101.90,1089.52,1097.13,3913660,https://stooq.com/q/d/l/?s=2502.jp&i=d,2026-03-26T08:35:00+00:00
2502,2502.T,2502.jp,2015-06-23,1109.64,1113.99,1102.72,1113.86,4872942,https://stooq.com/q/d/l/?s=2502.jp&i=d,2026-03-26T08:35:00+00:00
2502,2502.T,2502.jp,2015-06-24,1119.29,1124.87,1112.50,1122.15,4872942,https://stooq.com/q/d/l/?s=2502.jp&i=d,2026-03-26T08:35:00+00:00
2502,2502.T,2502.jp,2015-06-25,1120.65,1127.19,1109.92,1110.72,3837177,https://stooq.com/q/d/l/?s=2502.jp&i=d,2026-03-26T08:35:00+00:00
2502,2502.T,2502.jp,2015-06-26,1110.46,1111.55,1091.31,1094.31,5288784,https://stooq.com/q/d/l/?s=2502.jp&i=d,2026-03-26T08:35:00+00:00
2502,2502.T,2502.jp,2015-06-29,1075.17,1082.27,1060.25,1066.27,5231402,https://stooq.com/q/d/l/?s=2502.jp&i=d,2026-03-26T08:35:00+00:00
2502,2502.T,2502.jp,2015-06-30,1069.69,1080.08,1061.76,1064.91,5265756,https://stooq.com/q/d/l/?s=2502.jp&i=d,2026-03-26T08:35:00+00:00
2502,2502.T,2502.jp,2015-07-01,1066.96,1070.79,1040.70,1044.39,8541232,https://stooq.com/q/d/l/?s=2502.jp&i=d,2026-03-26T08:35:00+00:00
2502,2502.T,2502.jp,2015-07-02,1057.79,1058.20,1037.27,1040.29,6124739,https://stooq.com/q/d/l/?s=2502.jp&i=d,2026-03-26T08:35:00+00:00
2502,2502.T,2502.jp,2015-07-03,1053.28,1053.42,1036.04,1037.68,6862737,https://stooq.com/q/d/l/?s=2502.jp&i=d,2026-03-26T08:35:00+00:00
2502,2502.T,2502.jp,2015-07-06,1023.19,1029.07,1014.57,1016.63,7252395,https://stooq.com/q/d/l/?s=2502.jp&i=d,2026-03-26T08:35:00+00:00
2502,2502.T,2502.jp,2015-07-07,1034.96,1035.50,1023.19,1026.33,5147334,https://stooq.com/q/d/l/?s=2502.jp&i=d,2026-03-26T08:35:00+00:00
2502,2502.T,2502.jp,2015-07-08,1020.72,1034.53,1017.44,1020.59,10844411,https://stooq.com/q/d/l/?s=2502.jp&i=d,2026-03-26T08:35:00+00:00
2502,2502.T,2502.jp,2015-07-09,1004.44,1004.58,975.17,1001.02,8609221,https://stooq.com/q/d/l/?s=2502.jp&i=d,2026-03-26T08:35:00+00:00
2502,2502.T,2502.jp,2015-07-10,1010.61,1033.17,1006.22,1021.68,8848274,https://stooq.com/q/d/l/?s=2502.jp&i=d,2026-03-26T08:35:00+00:00
2502,2502.T,2502.jp,2015-07-13,1033.72,1070.10,1030.02,1067.36,9825327,https://stooq.com/q/d/l/?s=2502.jp&i=d,2026-03-26T08:35:00+00:00
2502,2502.T,2502.jp,2015-07-14,1084.46,1084.46,1059.02,1067.36,7574052,https://stooq.com/q/d/l/?s=2502.jp&i=d,2026-03-26T08:35:00+00:00
2502,2502.T,2502.jp,2015-07-15,1074.89,1082.27,1066.96,1077.49,5424035,https://stooq.com/q/d/l/?s=2502.jp&i=d,2026-03-26T08:35:00+00:00
2502,2502.T,2502.jp,2015-07-16,1090.34,1092.54,1084.05,1086.66,4673242,https://stooq.com/q/d/l/?s=2502.jp&i=d,2026-03-26T08:35:00+00:00
2502,2502.T,2502.jp,2015-07-17,1081.32,1093.90,1080.50,1092.54,3651964,https://stooq.com/q/d/l/?s=2502.jp&i=d,2026-03-26T08:35:00+00:00
2502,2502.T,2502.jp,2015-07-21,1094.31,1101.56,1087.61,1098.69,5210566,https://stooq.com/q/d/l/?s=2502.jp&i=d,2026-03-26T08:35:00+00:00
2502,2502.T,2502.jp,2015-07-22,1098.28,1103.48,1092.40,1098.69,4827865,https://stooq.com/q/d/l/?s=2502.jp&i=d,2026-03-26T08:35:00+00:00
2502,2502.T,2502.jp,2015-07-23,1103.48,1113.47,1094.58,1111.69,4671051,https://stooq.com/q/d/l/?s=2502.jp&i=d,2026-03-26T08:35:00+00:00
2502,2502.T,2502.jp,2015-07-24,1110.46,1112.09,1099.92,1105.40,3758693,https://stooq.com/q/d/l/?s=2502.jp&i=d,2026-03-26T08:35:00+00:00
2502,2502.T,2502.jp,2015-07-27,1103.21,1115.38,1091.58,1109.77,4831155,https://stooq.com/q/d/l/?s=2502.jp&i=d,2026-03-26T08:35:00+00:00
2502,2502.T,2502.jp,2015-07-28,1104.71,1118.94,1102.66,1114.97,5092498,https://stooq.com/q/d/l/?s=2502.jp&i=d,2026-03-26T08:35:00+00:00
2502,2502.T,2502.jp,2015-07-29,1117.57,1137.13,1117.57,1136.72,5567324,https://stooq.com/q/d/l/?s=2502.jp&i=d,2026-03-26T08:35:00+00:00
2502,2502.T,2502.jp,2015-07-30,1140.82,1159.01,1133.30,1135.07,15262520,https://stooq.com/q/d/l/?s=2502.jp&i=d,2026-03-26T08:35:00+00:00
2502,2502.T,2502.jp,2015-07-31,1145.61,1146.29,1129.07,1137.26,5572068,https://stooq.com/q/d/l/?s=2502.jp&i=d,2026-03-26T08:35:00+00:00
2502,2502.T,2502.jp,2015-08-03,1144.92,1149.03,1133.98,1149.03,4366940,https://stooq.com/q/d/l/?s=2502.jp&i=d,2026-03-26T08:35:00+00:00
2502,2502.T,2502.jp,2015-08-04,1143.69,1161.34,1143.55,1153.82,5941986,https://stooq.com/q/d/l/?s=2502.jp&i=d,2026-03-26T08:35:00+00:00
2502,2502.T,2502.jp,2015-08-05,1148.62,1169.55,1144.79,1161.06,6177012,https://stooq.com/q/d/l/?s=2502.jp&i=d,2026-03-26T08:35:00+00:00
2502,2502.T,2502.jp,2015-08-06,1167.63,1176.11,1146.29,1152.73,5807469,https://stooq.com/q/d/l/?s=2502.jp&i=d,2026-03-26T08:35:00+00:00
2502,2502.T,2502.jp,2015-08-07,1156.96,1179.68,1149.85,1178.58,5471550,https://stooq.com/q/d/l/?s=2502.jp&i=d,2026-03-26T08:35:00+00:00
2502,2502.T,2502.jp,2015-08-10,1175.29,1202.24,1174.89,1198.41,6411320,https://stooq.com/q/d/l/?s=2502.jp&i=d,2026-03-26T08:35:00+00:00
2502,2502.T,2502.jp,2015-08-11,1201.01,1202.38,1178.43,1190.75,5201429,https://stooq.com/q/d/l/?s=2502.jp&i=d,2026-03-26T08:35:00+00:00
2502,2502.T,2502.jp,2015-08-12,1195.68,1200.47,1182.27,1188.56,5140017,https://stooq.com/q/d/l/?s=2502.jp&i=d,2026-03-26T08:35:00+00:00
2502,2502.T,2502.jp,2015-08-13,1191.71,1200.47,1178.99,1194.59,4332207,https://stooq.com/q/d/l/?s=2502.jp&i=d,2026-03-26T08:35:00+00:00
2502,2502.T,2502.jp,2015-08-14,1199.64,1201.97,1187.19,1188.01,4003964,https://stooq.com/q/d/l/?s=2502.jp&i=d,2026-03-26T08:35:00+00:00
2502,2502.T,2502.jp,2015-08-17,1188.56,1200.74,1179.68,1192.39,3070418,https://stooq.com/q/d/l/?s=2502.jp&i=d,2026-03-26T08:35:00+00:00
2502,2502.T,2502.jp,2015-08-18,1179.68,1191.85,1169.14,1169.55,5789202,https://stooq.com/q/d/l/?s=2502.jp&i=d,2026-03-26T08:35:00+00:00
2502,2502.T,2502.jp,2015-08-19,1164.62,1166.54,1146.57,1148.08,6462126,https://stooq.com/q/d/l/?s=2502.jp&i=d,2026-03-26T08:35:00+00:00
2502,2502.T,2502.jp,2015-08-20,1145.75,1155.46,1136.44,1138.92,4551520,https://stooq.com/q/d/l/?s=2502.jp&i=d,2026-03-26T08:35:00+00:00
2502,2502.T,2502.jp,2015-08-21,1120.86,1125.36,1101.70,1103.89,5342517,https://stooq.com/q/d/l/?s=2502.jp&i=d,2026-03-26T08:35:00+00:00
2502,2502.T,2502.jp,2015-08-24,1066.96,1089.94,1047.81,1056.83,11084198,https://stooq.com/q/d/l/?s=2502.jp&i=d,2026-03-26T08:35:00+00:00
2502,2502.T,2502.jp,2015-08-25,1026.05,1044.94,1005.40,1005.40,11103201,https://stooq.com/q/d/l/?s=2502.jp&i=d,2026-03-26T08:35:00+00:00
2502,2502.T,2502.jp,2015-08-26,1006.78,1021.00,996.10,1014.98,7889872,https://stooq.com/q/d/l/?s=2502.jp&i=d,2026-03-26T08:35:00+00:00
2502,2502.T,2502.jp,2015-08-27,1032.90,1067.36,1023.19,1056.97,7332443,https://stooq.com/q/d/l/?s=2502.jp&i=d,2026-03-26T08:35:00+00:00
2502,2502.T,2502.jp,2015-08-28,1080.23,1080.92,1057.51,1073.11,5034754,https://stooq.com/q/d/l/?s=2502.jp&i=d,2026-03-26T08:35:00+00:00
2502,2502.T,2502.jp,2015-08-31,1072.43,1095.28,1056.02,1094.99,8035714,https://stooq.com/q/d/l/?s=2502.jp&i=d,2026-03-26T08:35:00+00:00
2502,2502.T,2502.jp,2015-09-01,1094.31,1106.63,1065.59,1065.59,8203125,https://stooq.com/q/d/l/?s=2502.jp&i=d,2026-03-26T08:35:00+00:00
2502,2502.T,2502.jp,2015-09-02,1040.55,1067.49,1031.12,1040.42,6525364,https://stooq.com/q/d/l/?s=2502.jp&i=d,2026-03-26T08:35:00+00:00
2502,2502.T,2502.jp,2015-09-03,1043.97,1077.90,1041.10,1041.38,6948640,https://stooq.com/q/d/l/?s=2502.jp&i=d,2026-03-26T08:35:00+00:00
2502,2502.T,2502.jp,2015-09-04,1052.86,1052.86,1001.57,1009.92,6548391,https://stooq.com/q/d/l/?s=2502.jp&i=d,2026-03-26T08:35:00+00:00
2502,2502.T,2502.jp,2015-09-07,1004.04,1008.95,985.03,995.55,5251872,https://stooq.com/q/d/l/?s=2502.jp&i=d,2026-03-26T08:35:00+00:00
2502,2502.T,2502.jp,2015-09-08,998.71,999.25,959.57,964.09,7109110,https://stooq.com/q/d/l/?s=2502.jp&i=d,2026-03-26T08:35:00+00:00
2502,2502.T,2502.jp,2015-09-09,1001.29,1018.94,988.99,1015.80,7280177,https://stooq.com/q/d/l/?s=2502.jp&i=d,2026-03-26T08:35:00+00:00
2502,2502.T,2502.jp,2015-09-10,984.75,995.42,969.98,989.94,5116624,https://stooq.com/q/d/l/?s=2502.jp&i=d,2026-03-26T08:35:00+00:00
2502,2502.T,2502.jp,2015-09-11,972.71,993.09,972.57,976.40,10695279,https://stooq.com/q/d/l/?s=2502.jp&i=d,2026-03-26T08:35:00+00:00
2502,2502.T,2502.jp,2015-09-14,985.84,986.53,974.34,975.30,3993729,https://stooq.com/q/d/l/?s=2502.jp&i=d,2026-03-26T08:35:00+00:00
2502,2502.T,2502.jp,2015-09-15,983.51,1000.21,978.05,985.15,4286512,https://stooq.com/q/d/l/?s=2502.jp&i=d,2026-03-26T08:35:00+00:00
2502,2502.T,2502.jp,2015-09-16,1019.91,1036.44,1009.64,1032.36,10635700,https://stooq.com/q/d/l/?s=2502.jp&i=d,2026-03-26T08:35:00+00:00
2502,2502.T,2502.jp,2015-09-17,1055.46,1071.20,1053.54,1064.64,8686715,https://stooq.com/q/d/l/?s=2502.jp&i=d,2026-03-26T08:35:00+00:00
2502,2502.T,2502.jp,2015-09-18,1064.08,1072.70,1037.27,1041.65,10270167,https://stooq.com/q/d/l/?s=2502.jp&i=d,2026-03-26T08:35:00+00:00
2502,2502.T,2502.jp,2015-09-24,1022.63,1057.38,1022.63,1027.28,6451163,https://stooq.com/q/d/l/?s=2502.jp&i=d,2026-03-26T08:35:00+00:00
2502,2502.T,2502.jp,2015-09-25,1034.68,1064.49,1025.92,1063.94,6130592,https://stooq.com/q/d/l/?s=2502.jp&i=d,2026-03-26T08:35:00+00:00
2502,2502.T,2502.jp,2015-09-28,1052.17,1071.88,1046.17,1061.21,4662276,https://stooq.com/q/d/l/?s=2502.jp&i=d,2026-03-26T08:35:00+00:00
2502,2502.T,2502.jp,2015-09-29,1061.21,1062.58,1027.28,1030.02,5069468,https://stooq.com/q/d/l/?s=2502.jp&i=d,2026-03-26T08:35:00+00:00
2502,2502.T,2502.jp,2015-09-30,1066.96,1066.96,1047.26,1058.75,4452834,https://stooq.com/q/d/l/?s=2502.jp&i=d,2026-03-26T08:35:00+00:00
2502,2502.T,2502.jp,2015-10-01,1059.57,1067.49,1039.87,1045.89,6747973,https://stooq.com/q/d/l/?s=2502.jp&i=d,2026-03-26T08:35:00+00:00
2502,2502.T,2502.jp,2015-10-02,1036.86,1044.51,1017.44,1024.55,7061588,https://stooq.com/q/d/l/?s=2502.jp&i=d,2026-03-26T08:35:00+00:00
2502,2502.T,2502.jp,2015-10-05,1032.76,1040.70,1023.45,1038.24,5895567,https://stooq.com/q/d/l/?s=2502.jp&i=d,2026-03-26T08:35:00+00:00
2502,2502.T,2502.jp,2015-10-06,1045.35,1046.17,1012.51,1020.45,9522309,https://stooq.com/q/d/l/?s=2502.jp&i=d,2026-03-26T08:35:00+00:00
2502,2502.T,2502.jp,2015-10-07,1021.82,1023.45,1001.57,1017.70,7487793,https://stooq.com/q/d/l/?s=2502.jp&i=d,2026-03-26T08:35:00+00:00
2502,2502.T,2502.jp,2015-10-08,1013.88,1013.88,993.91,997.20,8715589,https://stooq.com/q/d/l/?s=2502.jp&i=d,2026-03-26T08:35:00+00:00
2502,2502.T,2502.jp,2015-10-09,1002.67,1026.75,997.20,1023.73,8438894,https://stooq.com/q/d/l/?s=2502.jp&i=d,2026-03-26T08:35:00+00:00
2502,2502.T,2502.jp,2015-10-13,1012.51,1033.30,1009.24,1030.30,3534633,https://stooq.com/q/d/l/?s=2502.jp&i=d,2026-03-26T08:35:00+00:00
2502,2502.T,2502.jp,2015-10-14,1036.59,1047.81,1020.45,1027.02,7400067,https://stooq.com/q/d/l/?s=2502.jp&i=d,2026-03-26T08:35:00+00:00
2502,2502.T,2502.jp,2015-10-15,1018.26,1032.76,996.92,1000.76,8949526,https://stooq.com/q/d/l/?s=2502.jp&i=d,2026-03-26T08:35:00+00:00
2502,2502.T,2502.jp,2015-10-16,1012.24,1024.01,1000.76,1023.45,9235366,https://stooq.com/q/d/l/?s=2502.jp&i=d,2026-03-26T08:35:00+00:00
2502,2502.T,2502.jp,2015-10-19,1014.15,1022.63,1003.21,1006.78,7937752,https://stooq.com/q/d/l/?s=2502.jp&i=d,2026-03-26T08:35:00+00:00
2502,2502.T,2502.jp,2015-10-20,1002.12,1008.13,980.24,987.08,10297952,https://stooq.com/q/d/l/?s=2502.jp&i=d,2026-03-26T08:35:00+00:00
2502,2502.T,2502.jp,2015-10-21,984.88,1013.60,984.88,1008.95,9002532,https://stooq.com/q/d/l/?s=2502.jp&i=d,2026-03-26T08:35:00+00:00
2502,2502.T,2502.jp,2015-10-22,1008.95,1047.54,1008.69,1032.21,9856761,https://stooq.com/q/d/l/?s=2502.jp&i=d,2026-03-26T08:35:00+00:00
2502,2502.T,2502.jp,2015-10-23,1043.97,1060.67,1043.97,1046.44,6780867,https://stooq.com/q/d/l/?s=2502.jp&i=d,2026-03-26T08:35:00+00:00
2502,2502.T,2502.jp,2015-10-26,1047.81,1047.81,1032.48,1033.30,5867417,https://stooq.com/q/d/l/?s=2502.jp&i=d,2026-03-26T08:35:00+00:00
2502,2502.T,2502.jp,2015-10-27,1033.59,1047.81,1026.47,1031.39,4444418,https://stooq.com/q/d/l/?s=2502.jp&i=d,2026-03-26T08:35:00+00:00
2502,2502.T,2502.jp,2015-10-28,1032.76,1036.86,1024.01,1027.28,4877572,https://stooq.com/q/d/l/?s=2502.jp&i=d,2026-03-26T08:35:00+00:00
2502,2502.T,2502.jp,2015-10-29,1032.76,1042.06,1028.93,1029.76,4128246,https://stooq.com/q/d/l/?s=2502.jp&i=d,2026-03-26T08:35:00+00:00
2502,2502.T,2502.jp,2015-10-30,1030.02,1035.22,1019.09,1025.10,7800319,https://stooq.com/q/d/l/?s=2502.jp&i=d,2026-03-26T08:35:00+00:00
2502,2502.T,2502.jp,2015-11-02,1015.26,1015.80,995.55,999.66,5986205,https://stooq.com/q/d/l/?s=2502.jp&i=d,2026-03-26T08:35:00+00:00
2502,2502.T,2502.jp,2015-11-04,1018.81,1024.01,1003.21,1004.04,4281767,https://stooq.com/q/d/l/?s=2502.jp&i=d,2026-03-26T08:35:00+00:00
2502,2502.T,2502.jp,2015-11-05,1054.10,1059.85,1037.68,1046.99,8342762,https://stooq.com/q/d/l/?s=2502.jp&i=d,2026-03-26T08:35:00+00:00
2502,2502.T,2502.jp,2015-11-06,1045.35,1054.65,1040.70,1050.55,4661918,https://stooq.com/q/d/l/?s=2502.jp&i=d,2026-03-26T08:35:00+00:00
2502,2502.T,2502.jp,2015-11-09,1058.20,1059.30,1042.06,1044.25,6370017,https://stooq.com/q/d/l/?s=2502.jp&i=d,2026-03-26T08:35:00+00:00
2502,2502.T,2502.jp,2015-11-10,1039.60,1047.81,1033.30,1042.60,3945115,https://stooq.com/q/d/l/?s=2502.jp&i=d,2026-03-26T08:35:00+00:00
2502,2502.T,2502.jp,2015-11-11,1042.89,1053.82,1042.60,1052.74,3211868,https://stooq.com/q/d/l/?s=2502.jp&i=d,2026-03-26T08:35:00+00:00
2502,2502.T,2502.jp,2015-11-12,1053.28,1054.37,1044.25,1049.45,3379280,https://stooq.com/q/d/l/?s=2502.jp&i=d,2026-03-26T08:35:00+00:00
2502,2502.T,2502.jp,2015-11-13,1044.25,1054.37,1040.42,1051.36,4551520,https://stooq.com/q/d/l/?s=2502.jp&i=d,2026-03-26T08:35:00+00:00
2502,2502.T,2502.jp,2015-11-16,1039.60,1061.76,1037.41,1059.30,4911936,https://stooq.com/q/d/l/?s=2502.jp&i=d,2026-03-26T08:35:00+00:00
2502,2502.T,2502.jp,2015-11-17,1066.96,1069.42,1053.28,1053.28,5700370,https://stooq.com/q/d/l/?s=2502.jp&i=d,2026-03-26T08:35:00+00:00
2502,2502.T,2502.jp,2015-11-18,1061.76,1063.66,1050.55,1056.28,3509412,https://stooq.com/q/d/l/?s=2502.jp&i=d,2026-03-26T08:35:00+00:00
2502,2502.T,2502.jp,2015-11-19,1065.04,1068.04,1054.37,1062.30,4091332,https://stooq.com/q/d/l/?s=2502.jp&i=d,2026-03-26T08:35:00+00:00
2502,2502.T,2502.jp,2015-11-20,1066.96,1069.42,1054.92,1065.04,4105216,https://stooq.com/q/d/l/?s=2502.jp&i=d,2026-03-26T08:35:00+00:00
2502,2502.T,2502.jp,2015-11-24,1065.04,1069.42,1048.08,1058.48,5761776,https://stooq.com/q/d/l/?s=2502.jp&i=d,2026-03-26T08:35:00+00:00
2502,2502.T,2502.jp,2015-11-25,1053.28,1064.22,1053.28,1059.30,4903155,https://stooq.com/q/d/l/?s=2502.jp&i=d,2026-03-26T08:35:00+00:00
2502,2502.T,2502.jp,2015-11-26,1064.76,1072.15,1061.21,1065.86,4942629,https://stooq.com/q/d/l/?s=2502.jp&i=d,2026-03-26T08:35:00+00:00
2502,2502.T,2502.jp,2015-11-27,1072.15,1078.72,1060.94,1061.76,6307877,https://stooq.com/q/d/l/?s=2502.jp&i=d,2026-03-26T08:35:00+00:00
2502,2502.T,2502.jp,2015-11-30,1065.86,1069.69,1055.46,1056.02,5880574,https://stooq.com/q/d/l/?s=2502.jp&i=d,2026-03-26T08:35:00+00:00
2502,2502.T,2502.jp,2015-12-01,1071.06,1073.81,1064.76,1068.87,6192729,https://stooq.com/q/d/l/?s=2502.jp&i=d,2026-03-26T08:35:00+00:00
2502,2502.T,2502.jp,2015-12-02,1069.42,1069.69,1061.76,1065.04,3812068,https://stooq.com/q/d/l/?s=2502.jp&i=d,2026-03-26T08:35:00+00:00
2502,2502.T,2502.jp,2015-12-03,1072.43,1082.27,1066.96,1079.81,6291789,https://stooq.com/q/d/l/?s=2502.jp&i=d,2026-03-26T08:35:00+00:00
2502,2502.T,2502.jp,2015-12-04,1079.55,1080.36,1069.96,1074.61,8371629,https://stooq.com/q/d/l/?s=2502.jp&i=d,2026-03-26T08:35:00+00:00
2502,2502.T,2502.jp,2015-12-07,1088.85,1100.88,1071.06,1089.12,7496558,https://stooq.com/q/d/l/?s=2502.jp&i=d,2026-03-26T08:35:00+00:00
2502,2502.T,2502.jp,2015-12-08,1091.85,1100.88,1081.74,1083.09,6819607,https://stooq.com/q/d/l/?s=2502.jp&i=d,2026-03-26T08:35:00+00:00
2502,2502.T,2502.jp,2015-12-09,1088.30,1088.57,1062.85,1069.42,6544371,https://stooq.com/q/d/l/?s=2502.jp&i=d,2026-03-26T08:35:00+00:00
2502,2502.T,2502.jp,2015-12-10,1063.94,1071.88,1058.20,1069.42,6744311,https://stooq.com/q/d/l/?s=2502.jp&i=d,2026-03-26T08:35:00+00:00
2502,2502.T,2502.jp,2015-12-11,1077.90,1083.91,1075.17,1079.00,10053783,https://stooq.com/q/d/l/?s=2502.jp&i=d,2026-03-26T08:35:00+00:00
2502,2502.T,2502.jp,2015-12-14,1061.48,1075.71,1054.37,1073.24,4805562,https://stooq.com/q/d/l/?s=2502.jp&i=d,2026-03-26T08:35:00+00:00
2502,2502.T,2502.jp,2015-12-15,1068.33,1071.60,1046.71,1046.71,4552619,https://stooq.com/q/d/l/?s=2502.jp&i=d,2026-03-26T08:35:00+00:00
2502,2502.T,2502.jp,2015-12-16,1062.03,1070.79,1044.79,1069.96,5851700,https://stooq.com/q/d/l/?s=2502.jp&i=d,2026-03-26T08:35:00+00:00
2502,2502.T,2502.jp,2015-12-17,1092.94,1108.81,1087.75,1092.40,9211609,https://stooq.com/q/d/l/?s=2502.jp&i=d,2026-03-26T08:35:00+00:00
2502,2502.T,2502.jp,2015-12-18,1092.40,1112.92,1057.93,1057.93,8174614,https://stooq.com/q/d/l/?s=2502.jp&i=d,2026-03-26T08:35:00+00:00
2502,2502.T,2502.jp,2015-12-21,1057.93,1071.33,1039.60,1066.96,5766534,https://stooq.com/q/d/l/?s=2502.jp&i=d,2026-03-26T08:35:00+00:00
2502,2502.T,2502.jp,2015-12-22,1066.13,1066.13,1048.34,1050.55,3688526,https://stooq.com/q/d/l/?s=2502.jp&i=d,2026-03-26T08:35:00+00:00
2502,2502.T,2502.jp,2015-12-24,1075.17,1077.35,1047.81,1049.45,5890082,https://stooq.com/q/d/l/?s=2502.jp&i=d,2026-03-26T08:35:00+00:00
2502,2502.T,2502.jp,2015-12-25,1049.72,1052.17,1038.50,1041.24,3969241,https://stooq.com/q/d/l/?s=2502.jp&i=d,2026-03-26T08:35:00+00:00
2502,2502.T,2502.jp,2015-12-28,1042.61,1048.40,1031.87,1036.29,3525054,https://stooq.com/q/d/l/?s=2502.jp&i=d,2026-03-26T08:35:00+00:00
2502,2502.T,2502.jp,2015-12-29,1031.61,1043.17,1026.64,1040.15,2914839,https://stooq.com/q/d/l/?s=2502.jp&i=d,2026-03-26T08:35:00+00:00
2502,2502.T,2502.jp,2015-12-30,1042.07,1049.77,1039.60,1045.92,2982039,https://stooq.com/q/d/l/?s=2502.jp&i=d,2026-03-26T08:35:00+00:00
2502,2502.T,2502.jp,2016-01-04,1035.46,1045.09,1014.81,1018.66,4309613,https://stooq.com/q/d/l/?s=2502.jp&i=d,2026-03-26T08:35:00+00:00
2502,2502.T,2502.jp,2016-01-05,1033.80,1045.64,1025.00,1027.75,4855533,https://stooq.com/q/d/l/?s=2502.jp&i=d,2026-03-26T08:35:00+00:00
2502,2502.T,2502.jp,2016-01-06,1041.52,1050.05,1024.72,1032.71,6647296,https://stooq.com/q/d/l/?s=2502.jp&i=d,2026-03-26T08:35:00+00:00
2502,2502.T,2502.jp,2016-01-07,1037.94,1058.04,1032.44,1037.10,8585451,https://stooq.com/q/d/l/?s=2502.jp&i=d,2026-03-26T08:35:00+00:00
2502,2502.T,2502.jp,2016-01-08,1028.02,1060.51,1023.90,1037.66,9645321,https://stooq.com/q/d/l/?s=2502.jp&i=d,2026-03-26T08:35:00+00:00
2502,2502.T,2502.jp,2016-01-12,1013.16,1028.02,1002.70,1003.52,7223735,https://stooq.com/q/d/l/?s=2502.jp&i=d,2026-03-26T08:35:00+00:00
2502,2502.T,2502.jp,2016-01-13,1022.79,1025.83,1005.73,1016.46,6327311,https://stooq.com/q/d/l/?s=2502.jp&i=d,2026-03-26T08:35:00+00:00
2502,2502.T,2502.jp,2016-01-14,996.09,999.12,975.17,989.76,5192238,https://stooq.com/q/d/l/?s=2502.jp&i=d,2026-03-26T08:35:00+00:00
2502,2502.T,2502.jp,2016-01-15,999.12,1009.02,982.88,989.48,4727318,https://stooq.com/q/d/l/?s=2502.jp&i=d,2026-03-26T08:35:00+00:00
2502,2502.T,2502.jp,2016-01-18,970.21,975.45,958.10,972.96,3514159,https://stooq.com/q/d/l/?s=2502.jp&i=d,2026-03-26T08:35:00+00:00
2502,2502.T,2502.jp,2016-01-19,969.93,974.89,952.03,959.74,4503930,https://stooq.com/q/d/l/?s=2502.jp&i=d,2026-03-26T08:35:00+00:00
2502,2502.T,2502.jp,2016-01-20,964.15,973.24,937.17,939.65,5600496,https://stooq.com/q/d/l/?s=2502.jp&i=d,2026-03-26T08:35:00+00:00
2502,2502.T,2502.jp,2016-01-21,939.93,945.70,901.93,904.96,7109320,https://stooq.com/q/d/l/?s=2502.jp&i=d,2026-03-26T08:35:00+00:00
2502,2502.T,2502.jp,2016-01-22,922.30,957.55,915.14,954.52,6565213,https://stooq.com/q/d/l/?s=2502.jp&i=d,2026-03-26T08:35:00+00:00
2502,2502.T,2502.jp,2016-01-25,960.58,973.51,952.86,970.75,4669558,https://stooq.com/q/d/l/?s=2502.jp&i=d,2026-03-26T08:35:00+00:00
2502,2502.T,2502.jp,2016-01-26,955.07,971.04,953.41,961.67,3731365,https://stooq.com/q/d/l/?s=2502.jp&i=d,2026-03-26T08:35:00+00:00
2502,2502.T,2502.jp,2016-01-27,985.34,993.33,976.82,989.20,4465426,https://stooq.com/q/d/l/?s=2502.jp&i=d,2026-03-26T08:35:00+00:00
2502,2502.T,2502.jp,2016-01-28,994.17,1011.51,984.80,1002.97,5229650,https://stooq.com/q/d/l/?s=2502.jp&i=d,2026-03-26T08:35:00+00:00
2502,2502.T,2502.jp,2016-01-29,1012.88,1071.53,1006.82,1056.39,9671839,https://stooq.com/q/d/l/?s=2502.jp&i=d,2026-03-26T08:35:00+00:00
2502,2502.T,2502.jp,2016-02-01,1055.83,1066.57,1047.30,1066.01,4971038,https://stooq.com/q/d/l/?s=2502.jp&i=d,2026-03-26T08:35:00+00:00
2502,2502.T,2502.jp,2016-02-02,1047.30,1078.97,1046.20,1077.03,4238783,https://stooq.com/q/d/l/?s=2502.jp&i=d,2026-03-26T08:35:00+00:00
2502,2502.T,2502.jp,2016-02-03,1057.76,1069.05,1046.47,1060.79,3948570,https://stooq.com/q/d/l/?s=2502.jp&i=d,2026-03-26T08:35:00+00:00
2502,2502.T,2502.jp,2016-02-04,1050.87,1052.52,1036.01,1042.61,3366689,https://stooq.com/q/d/l/?s=2502.jp&i=d,2026-03-26T08:35:00+00:00
2502,2502.T,2502.jp,2016-02-05,1020.87,1033.25,1011.24,1031.61,3641279,https://stooq.com/q/d/l/?s=2502.jp&i=d,2026-03-26T08:35:00+00:00
2502,2502.T,2502.jp,2016-02-08,1012.34,1033.25,1007.66,1028.57,4774177,https://stooq.com/q/d/l/?s=2502.jp&i=d,2026-03-26T08:35:00+00:00
2502,2502.T,2502.jp,2016-02-09,995.81,1010.96,991.95,998.02,4719684,https://stooq.com/q/d/l/?s=2502.jp&i=d,2026-03-26T08:35:00+00:00
2502,2502.T,2502.jp,2016-02-10,982.05,983.70,898.35,917.90,12861640,https://stooq.com/q/d/l/?s=2502.jp&i=d,2026-03-26T08:35:00+00:00
2502,2502.T,2502.jp,2016-02-12,899.46,938.54,898.35,916.25,17455288,https://stooq.com/q/d/l/?s=2502.jp&i=d,2026-03-26T08:35:00+00:00
2502,2502.T,2502.jp,2016-02-15,953.69,984.80,952.31,975.17,7589491,https://stooq.com/q/d/l/?s=2502.jp&i=d,2026-03-26T08:35:00+00:00
2502,2502.T,2502.jp,2016-02-16,953.97,962.50,938.83,938.83,7690468,https://stooq.com/q/d/l/?s=2502.jp&i=d,2026-03-26T08:35:00+00:00
2502,2502.T,2502.jp,2016-02-17,933.59,943.51,907.71,916.25,8645376,https://stooq.com/q/d/l/?s=2502.jp&i=d,2026-03-26T08:35:00+00:00
2502,2502.T,2502.jp,2016-02-18,935.52,939.93,928.09,932.22,6172575,https://stooq.com/q/d/l/?s=2502.jp&i=d,2026-03-26T08:35:00+00:00
2502,2502.T,2502.jp,2016-02-19,925.06,936.06,911.57,925.06,6620420,https://stooq.com/q/d/l/?s=2502.jp&i=d,2026-03-26T08:35:00+00:00
2502,2502.T,2502.jp,2016-02-22,938.27,968.56,934.15,962.77,8913797,https://stooq.com/q/d/l/?s=2502.jp&i=d,2026-03-26T08:35:00+00:00
2502,2502.T,2502.jp,2016-02-23,963.05,969.66,923.96,931.39,6508914,https://stooq.com/q/d/l/?s=2502.jp&i=d,2026-03-26T08:35:00+00:00
2502,2502.T,2502.jp,2016-02-24,922.30,926.16,907.44,912.12,7938554,https://stooq.com/q/d/l/?s=2502.jp&i=d,2026-03-26T08:35:00+00:00
2502,2502.T,2502.jp,2016-02-25,910.74,926.44,906.33,922.30,10484729,https://stooq.com/q/d/l/?s=2502.jp&i=d,2026-03-26T08:35:00+00:00
2502,2502.T,2502.jp,2016-02-26,930.29,947.63,926.44,938.54,7527022,https://stooq.com/q/d/l/?s=2502.jp&i=d,2026-03-26T08:35:00+00:00
2502,2502.T,2502.jp,2016-02-29,957.55,958.37,912.94,912.94,9339494,https://stooq.com/q/d/l/?s=2502.jp&i=d,2026-03-26T08:35:00+00:00
2502,2502.T,2502.jp,2016-03-01,911.02,921.20,904.96,914.60,5852938,https://stooq.com/q/d/l/?s=2502.jp&i=d,2026-03-26T08:35:00+00:00
2502,2502.T,2502.jp,2016-03-02,926.98,941.85,923.96,934.69,7274944,https://stooq.com/q/d/l/?s=2502.jp&i=d,2026-03-26T08:35:00+00:00
2502,2502.T,2502.jp,2016-03-03,915.97,949.84,912.12,946.80,6715945,https://stooq.com/q/d/l/?s=2502.jp&i=d,2026-03-26T08:35:00+00:00
2502,2502.T,2502.jp,2016-03-04,945.70,954.25,934.97,949.84,7163073,https://stooq.com/q/d/l/?s=2502.jp&i=d,2026-03-26T08:35:00+00:00
2502,2502.T,2502.jp,2016-03-07,945.70,949.84,926.98,946.53,7125298,https://stooq.com/q/d/l/?s=2502.jp&i=d,2026-03-26T08:35:00+00:00
2502,2502.T,2502.jp,2016-03-08,944.06,956.73,932.77,940.21,7968332,https://stooq.com/q/d/l/?s=2502.jp&i=d,2026-03-26T08:35:00+00:00
2502,2502.T,2502.jp,2016-03-09,931.11,938.00,921.48,923.96,6664370,https://stooq.com/q/d/l/?s=2502.jp&i=d,2026-03-26T08:35:00+00:00
2502,2502.T,2502.jp,2016-03-10,919.00,922.58,906.89,920.37,9871973,https://stooq.com/q/d/l/?s=2502.jp&i=d,2026-03-26T08:35:00+00:00
2502,2502.T,2502.jp,2016-03-11,916.80,943.23,910.47,934.69,14656677,https://stooq.com/q/d/l/?s=2502.jp&i=d,2026-03-26T08:35:00+00:00
2502,2502.T,2502.jp,2016-03-14,938.54,947.91,931.11,942.68,6288796,https://stooq.com/q/d/l/?s=2502.jp&i=d,2026-03-26T08:35:00+00:00
2502,2502.T,2502.jp,2016-03-15,949.84,957.82,938.83,943.23,6072684,https://stooq.com/q/d/l/?s=2502.jp&i=d,2026-03-26T08:35:00+00:00
2502,2502.T,2502.jp,2016-03-16,934.42,950.67,932.50,943.23,4708063,https://stooq.com/q/d/l/?s=2502.jp&i=d,2026-03-26T08:35:00+00:00
2502,2502.T,2502.jp,2016-03-17,941.58,944.33,917.90,922.58,7286928,https://stooq.com/q/d/l/?s=2502.jp&i=d,2026-03-26T08:35:00+00:00
2502,2502.T,2502.jp,2016-03-18,925.62,928.36,904.68,910.47,7799806,https://stooq.com/q/d/l/?s=2502.jp&i=d,2026-03-26T08:35:00+00:00
2502,2502.T,2502.jp,2016-03-22,919.55,936.89,913.77,936.35,8058052,https://stooq.com/q/d/l/?s=2502.jp&i=d,2026-03-26T08:35:00+00:00
2502,2502.T,2502.jp,2016-03-23,936.06,942.95,925.89,927.81,5058938,https://stooq.com/q/d/l/?s=2502.jp&i=d,2026-03-26T08:35:00+00:00
2502,2502.T,2502.jp,2016-03-24,938.27,946.80,933.32,942.40,6410842,https://stooq.com/q/d/l/?s=2502.jp&i=d,2026-03-26T08:35:00+00:00
2502,2502.T,2502.jp,2016-03-25,942.40,957.00,942.13,942.95,3795288,https://stooq.com/q/d/l/?s=2502.jp&i=d,2026-03-26T08:35:00+00:00
2502,2502.T,2502.jp,2016-03-28,956.73,966.90,949.29,963.05,4533353,https://stooq.com/q/d/l/?s=2502.jp&i=d,2026-03-26T08:35:00+00:00
2502,2502.T,2502.jp,2016-03-29,959.47,972.96,957.00,967.46,3865394,https://stooq.com/q/d/l/?s=2502.jp&i=d,2026-03-26T08:35:00+00:00
2502,2502.T,2502.jp,2016-03-30,962.50,977.91,960.01,966.90,4321232,https://stooq.com/q/d/l/?s=2502.jp&i=d,2026-03-26T08:35:00+00:00
2502,2502.T,2502.jp,2016-03-31,991.13,991.13,964.71,965.53,8135408,https://stooq.com/q/d/l/?s=2502.jp&i=d,2026-03-26T08:35:00+00:00
2502,2502.T,2502.jp,2016-04-01,955.35,958.91,922.58,923.41,8335914,https://stooq.com/q/d/l/?s=2502.jp&i=d,2026-03-26T08:35:00+00:00
2502,2502.T,2502.jp,2016-04-04,932.77,950.11,931.39,938.27,4844997,https://stooq.com/q/d/l/?s=2502.jp&i=d,2026-03-26T08:35:00+00:00
2502,2502.T,2502.jp,2016-04-05,935.52,938.00,907.44,909.36,5545657,https://stooq.com/q/d/l/?s=2502.jp&i=d,2026-03-26T08:35:00+00:00
2502,2502.T,2502.jp,2016-04-06,913.49,922.03,902.48,916.80,4653941,https://stooq.com/q/d/l/?s=2502.jp&i=d,2026-03-26T08:35:00+00:00
2502,2502.T,2502.jp,2016-04-07,915.14,923.68,903.85,919.27,4906387,https://stooq.com/q/d/l/?s=2502.jp&i=d,2026-03-26T08:35:00+00:00
2502,2502.T,2502.jp,2016-04-08,914.87,943.51,910.74,932.22,6055975,https://stooq.com/q/d/l/?s=2502.jp&i=d,2026-03-26T08:35:00+00:00
2502,2502.T,2502.jp,2016-04-11,932.77,933.32,920.92,928.36,3341994,https://stooq.com/q/d/l/?s=2502.jp&i=d,2026-03-26T08:35:00+00:00
2502,2502.T,2502.jp,2016-04-12,916.80,936.06,914.05,923.68,4231153,https://stooq.com/q/d/l/?s=2502.jp&i=d,2026-03-26T08:35:00+00:00
2502,2502.T,2502.jp,2016-04-13,929.73,949.84,925.06,942.95,5126491,https://stooq.com/q/d/l/?s=2502.jp&i=d,2026-03-26T08:35:00+00:00
2502,2502.T,2502.jp,2016-04-14,953.41,972.14,951.76,972.14,6236495,https://stooq.com/q/d/l/?s=2502.jp&i=d,2026-03-26T08:35:00+00:00
2502,2502.T,2502.jp,2016-04-15,965.53,980.13,959.74,975.17,4793785,https://stooq.com/q/d/l/?s=2502.jp&i=d,2026-03-26T08:35:00+00:00
2502,2502.T,2502.jp,2016-04-18,955.89,967.46,950.39,960.01,5180254,https://stooq.com/q/d/l/?s=2502.jp&i=d,2026-03-26T08:35:00+00:00
2502,2502.T,2502.jp,2016-04-19,983.98,992.50,974.62,979.02,4616901,https://stooq.com/q/d/l/?s=2502.jp&i=d,2026-03-26T08:35:00+00:00
2502,2502.T,2502.jp,2016-04-20,998.29,999.95,979.02,983.70,5968439,https://stooq.com/q/d/l/?s=2502.jp&i=d,2026-03-26T08:35:00+00:00
2502,2502.T,2502.jp,2016-04-21,1002.97,1015.09,989.76,1013.99,6324761,https://stooq.com/q/d/l/?s=2502.jp&i=d,2026-03-26T08:35:00+00:00
2502,2502.T,2502.jp,2016-04-22,1009.02,1015.35,1001.32,1014.81,6899374,https://stooq.com/q/d/l/?s=2502.jp&i=d,2026-03-26T08:35:00+00:00
2502,2502.T,2502.jp,2016-04-25,1013.71,1014.26,999.66,1001.87,3501445,https://stooq.com/q/d/l/?s=2502.jp&i=d,2026-03-26T08:35:00+00:00
2502,2502.T,2502.jp,2016-04-26,1005.73,1013.43,997.47,1007.93,2835661,https://stooq.com/q/d/l/?s=2502.jp&i=d,2026-03-26T08:35:00+00:00
2502,2502.T,2502.jp,2016-04-27,1015.64,1024.45,1004.35,1013.16,4902021,https://stooq.com/q/d/l/?s=2502.jp&i=d,2026-03-26T08:35:00+00:00
2502,2502.T,2502.jp,2016-04-28,1029.95,1029.95,940.21,966.08,6697788,https://stooq.com/q/d/l/?s=2502.jp&i=d,2026-03-26T08:35:00+00:00
2502,2502.T,2502.jp,2016-05-02,946.80,969.39,946.80,968.84,8314118,https://stooq.com/q/d/l/?s=2502.jp&i=d,2026-03-26T08:35:00+00:00
2502,2502.T,2502.jp,2016-05-06,967.73,976.54,958.65,969.93,5160998,https://stooq.com/q/d/l/?s=2502.jp&i=d,2026-03-26T08:35:00+00:00
2502,2502.T,2502.jp,2016-05-09,969.93,971.86,953.41,964.43,7973419,https://stooq.com/q/d/l/?s=2502.jp&i=d,2026-03-26T08:35:00+00:00
2502,2502.T,2502.jp,2016-05-10,951.22,989.20,950.11,984.80,7087165,https://stooq.com/q/d/l/?s=2502.jp&i=d,2026-03-26T08:35:00+00:00
2502,2502.T,2502.jp,2016-05-11,991.13,998.29,972.14,975.99,4443281,https://stooq.com/q/d/l/?s=2502.jp&i=d,2026-03-26T08:35:00+00:00
2502,2502.T,2502.jp,2016-05-12,972.96,984.80,965.53,981.49,4640506,https://stooq.com/q/d/l/?s=2502.jp&i=d,2026-03-26T08:35:00+00:00
2502,2502.T,2502.jp,2016-05-13,991.41,993.62,975.17,977.37,5489354,https://stooq.com/q/d/l/?s=2502.jp&i=d,2026-03-26T08:35:00+00:00
2502,2502.T,2502.jp,2016-05-16,979.30,992.50,977.91,980.95,2897044,https://stooq.com/q/d/l/?s=2502.jp&i=d,2026-03-26T08:35:00+00:00
2502,2502.T,2502.jp,2016-05-17,991.68,999.12,984.25,999.12,3194520,https://stooq.com/q/d/l/?s=2502.jp&i=d,2026-03-26T08:35:00+00:00
2502,2502.T,2502.jp,2016-05-18,992.50,1011.51,991.13,998.84,4451997,https://stooq.com/q/d/l/?s=2502.jp&i=d,2026-03-26T08:35:00+00:00
2502,2502.T,2502.jp,2016-05-19,1002.42,1013.99,996.65,997.47,3821082,https://stooq.com/q/d/l/?s=2502.jp&i=d,2026-03-26T08:35:00+00:00
2502,2502.T,2502.jp,2016-05-20,993.05,1001.59,985.63,993.88,5202773,https://stooq.com/q/d/l/?s=2502.jp&i=d,2026-03-26T08:35:00+00:00
2502,2502.T,2502.jp,2016-05-23,989.48,989.48,972.41,978.75,3037974,https://stooq.com/q/d/l/?s=2502.jp&i=d,2026-03-26T08:35:00+00:00
2502,2502.T,2502.jp,2016-05-24,978.19,982.61,967.18,969.11,3429171,https://stooq.com/q/d/l/?s=2502.jp&i=d,2026-03-26T08:35:00+00:00
2502,2502.T,2502.jp,2016-05-25,994.43,1019.77,979.85,1018.66,7216470,https://stooq.com/q/d/l/?s=2502.jp&i=d,2026-03-26T08:35:00+00:00
2502,2502.T,2502.jp,2016-05-26,1032.15,1038.48,1025.83,1028.86,5200227,https://stooq.com/q/d/l/?s=2502.jp&i=d,2026-03-26T08:35:00+00:00
2502,2502.T,2502.jp,2016-05-27,1028.57,1034.63,1019.22,1020.04,3835606,https://stooq.com/q/d/l/?s=2502.jp&i=d,2026-03-26T08:35:00+00:00
2502,2502.T,2502.jp,2016-05-30,1035.46,1037.94,1025.83,1035.19,2538913,https://stooq.com/q/d/l/?s=2502.jp&i=d,2026-03-26T08:35:00+00:00
2502,2502.T,2502.jp,2016-05-31,1029.95,1041.78,1025.83,1039.03,3264260,https://stooq.com/q/d/l/?s=2502.jp&i=d,2026-03-26T08:35:00+00:00
2502,2502.T,2502.jp,2016-06-01,1019.77,1029.13,1012.07,1014.53,3770955,https://stooq.com/q/d/l/?s=2502.jp&i=d,2026-03-26T08:35:00+00:00
2502,2502.T,2502.jp,2016-06-02,1014.53,1018.39,993.88,997.47,4102569,https://stooq.com/q/d/l/?s=2502.jp&i=d,2026-03-26T08:35:00+00:00
2502,2502.T,2502.jp,2016-06-03,1003.52,1007.39,998.29,1006.27,3494542,https://stooq.com/q/d/l/?s=2502.jp&i=d,2026-03-26T08:35:00+00:00
2502,2502.T,2502.jp,2016-06-06,982.05,987.27,964.98,983.70,7011969,https://stooq.com/q/d/l/?s=2502.jp&i=d,2026-03-26T08:35:00+00:00
2502,2502.T,2502.jp,2016-06-07,985.63,988.93,979.85,984.52,3844325,https://stooq.com/q/d/l/?s=2502.jp&i=d,2026-03-26T08:35:00+00:00
2502,2502.T,2502.jp,2016-06-08,988.93,994.99,981.77,994.99,3249374,https://stooq.com/q/d/l/?s=2502.jp&i=d,2026-03-26T08:35:00+00:00
2502,2502.T,2502.jp,2016-06-09,987.01,991.13,976.27,983.43,3834158,https://stooq.com/q/d/l/?s=2502.jp&i=d,2026-03-26T08:35:00+00:00
2502,2502.T,2502.jp,2016-06-10,989.76,990.87,976.82,986.45,6905553,https://stooq.com/q/d/l/?s=2502.jp&i=d,2026-03-26T08:35:00+00:00
2502,2502.T,2502.jp,2016-06-13,974.33,983.43,967.18,972.14,5405817,https://stooq.com/q/d/l/?s=2502.jp&i=d,2026-03-26T08:35:00+00:00
2502,2502.T,2502.jp,2016-06-14,968.84,982.61,958.10,964.71,5007354,https://stooq.com/q/d/l/?s=2502.jp&i=d,2026-03-26T08:35:00+00:00
2502,2502.T,2502.jp,2016-06-16,949.57,957.27,927.81,930.01,4626335,https://stooq.com/q/d/l/?s=2502.jp&i=d,2026-03-26T08:35:00+00:00
2502,2502.T,2502.jp,2016-06-17,942.13,948.19,918.18,918.73,5754867,https://stooq.com/q/d/l/?s=2502.jp&i=d,2026-03-26T08:35:00+00:00
2502,2502.T,2502.jp,2016-06-20,927.81,933.32,920.37,923.68,5582336,https://stooq.com/q/d/l/?s=2502.jp&i=d,2026-03-26T08:35:00+00:00
2502,2502.T,2502.jp,2016-06-21,923.96,943.23,923.96,941.85,4546798,https://stooq.com/q/d/l/?s=2502.jp&i=d,2026-03-26T08:35:00+00:00
2502,2502.T,2502.jp,2016-06-22,941.58,946.53,933.59,939.10,4246414,https://stooq.com/q/d/l/?s=2502.jp&i=d,2026-03-26T08:35:00+00:00
2502,2502.T,2502.jp,2016-06-23,940.48,941.58,929.46,931.66,3342362,https://stooq.com/q/d/l/?s=2502.jp&i=d,2026-03-26T08:35:00+00:00
2502,2502.T,2502.jp,2016-06-24,936.06,940.75,860.91,871.10,8171378,https://stooq.com/q/d/l/?s=2502.jp&i=d,2026-03-26T08:35:00+00:00
2502,2502.T,2502.jp,2016-06-27,890.92,914.87,890.92,911.02,5431601,https://stooq.com/q/d/l/?s=2502.jp&i=d,2026-03-26T08:35:00+00:00
2502,2502.T,2502.jp,2016-06-28,893.26,923.78,893.26,911.29,5411266,https://stooq.com/q/d/l/?s=2502.jp&i=d,2026-03-26T08:35:00+00:00
2502,2502.T,2502.jp,2016-06-29,918.79,920.18,904.91,909.63,4709268,https://stooq.com/q/d/l/?s=2502.jp&i=d,2026-03-26T08:35:00+00:00
2502,2502.T,2502.jp,2016-06-30,924.06,928.22,917.12,917.39,5579921,https://stooq.com/q/d/l/?s=2502.jp&i=d,2026-03-26T08:35:00+00:00
2502,2502.T,2502.jp,2016-07-01,926.55,932.38,922.67,929.05,3942051,https://stooq.com/q/d/l/?s=2502.jp&i=d,2026-03-26T08:35:00+00:00
2502,2502.T,2502.jp,2016-07-04,925.45,942.93,925.45,939.88,3536640,https://stooq.com/q/d/l/?s=2502.jp&i=d,2026-03-26T08:35:00+00:00
2502,2502.T,2502.jp,2016-07-05,939.32,942.10,930.72,937.10,2431036,https://stooq.com/q/d/l/?s=2502.jp&i=d,2026-03-26T08:35:00+00:00
2502,2502.T,2502.jp,2016-07-06,928.22,943.49,925.45,942.38,4609813,https://stooq.com/q/d/l/?s=2502.jp&i=d,2026-03-26T08:35:00+00:00
2502,2502.T,2502.jp,2016-07-07,941.54,959.86,941.54,949.60,5977401,https://stooq.com/q/d/l/?s=2502.jp&i=d,2026-03-26T08:35:00+00:00
2502,2502.T,2502.jp,2016-07-08,957.36,958.75,930.16,934.05,8655288,https://stooq.com/q/d/l/?s=2502.jp&i=d,2026-03-26T08:35:00+00:00
2502,2502.T,2502.jp,2016-07-11,953.48,969.57,950.15,962.08,5252709,https://stooq.com/q/d/l/?s=2502.jp&i=d,2026-03-26T08:35:00+00:00
2502,2502.T,2502.jp,2016-07-12,975.12,980.67,959.03,962.63,5261351,https://stooq.com/q/d/l/?s=2502.jp&i=d,2026-03-26T08:35:00+00:00
2502,2502.T,2502.jp,2016-07-13,964.02,968.46,940.71,944.04,7440126,https://stooq.com/q/d/l/?s=2502.jp&i=d,2026-03-26T08:35:00+00:00
2502,2502.T,2502.jp,2016-07-14,952.08,959.58,948.20,957.91,5370906,https://stooq.com/q/d/l/?s=2502.jp&i=d,2026-03-26T08:35:00+00:00
2502,2502.T,2502.jp,2016-07-15,957.36,959.58,942.10,944.32,6200828,https://stooq.com/q/d/l/?s=2502.jp&i=d,2026-03-26T08:35:00+00:00
2502,2502.T,2502.jp,2016-07-19,954.30,965.13,944.04,963.74,5544241,https://stooq.com/q/d/l/?s=2502.jp&i=d,2026-03-26T08:35:00+00:00
2502,2502.T,2502.jp,2016-07-20,963.47,965.40,953.19,964.29,3881867,https://stooq.com/q/d/l/?s=2502.jp&i=d,2026-03-26T08:35:00+00:00
2502,2502.T,2502.jp,2016-07-21,980.67,980.67,967.62,971.50,3478256,https://stooq.com/q/d/l/?s=2502.jp&i=d,2026-03-26T08:35:00+00:00
2502,2502.T,2502.jp,2016-07-22,969.85,975.68,953.75,959.30,4295574,https://stooq.com/q/d/l/?s=2502.jp&i=d,2026-03-26T08:35:00+00:00
2502,2502.T,2502.jp,2016-07-25,958.75,967.07,946.81,953.75,4584947,https://stooq.com/q/d/l/?s=2502.jp&i=d,2026-03-26T08:35:00+00:00
2502,2502.T,2502.jp,2016-07-26,953.19,960.69,946.53,954.30,3886553,https://stooq.com/q/d/l/?s=2502.jp&i=d,2026-03-26T08:35:00+00:00
2502,2502.T,2502.jp,2016-07-27,983.72,1012.58,983.17,985.38,10064319,https://stooq.com/q/d/l/?s=2502.jp&i=d,2026-03-26T08:35:00+00:00
2502,2502.T,2502.jp,2016-07-28,980.95,986.77,968.46,982.90,5894154,https://stooq.com/q/d/l/?s=2502.jp&i=d,2026-03-26T08:35:00+00:00
2502,2502.T,2502.jp,2016-07-29,982.90,995.38,956.25,970.13,7599768,https://stooq.com/q/d/l/?s=2502.jp&i=d,2026-03-26T08:35:00+00:00
2502,2502.T,2502.jp,2016-08-01,967.07,973.17,953.19,963.74,4628190,https://stooq.com/q/d/l/?s=2502.jp&i=d,2026-03-26T08:35:00+00:00
2502,2502.T,2502.jp,2016-08-02,954.86,962.63,942.10,942.65,4297733,https://stooq.com/q/d/l/?s=2502.jp&i=d,2026-03-26T08:35:00+00:00
2502,2502.T,2502.jp,2016-08-03,916.57,927.95,916.29,917.68,6426410,https://stooq.com/q/d/l/?s=2502.jp&i=d,2026-03-26T08:35:00+00:00
2502,2502.T,2502.jp,2016-08-04,926.84,929.33,885.21,890.49,8458160,https://stooq.com/q/d/l/?s=2502.jp&i=d,2026-03-26T08:35:00+00:00
2502,2502.T,2502.jp,2016-08-05,904.08,922.40,901.58,921.28,8538882,https://stooq.com/q/d/l/?s=2502.jp&i=d,2026-03-26T08:35:00+00:00
2502,2502.T,2502.jp,2016-08-08,922.40,929.61,917.39,927.67,4387822,https://stooq.com/q/d/l/?s=2502.jp&i=d,2026-03-26T08:35:00+00:00
2502,2502.T,2502.jp,2016-08-09,927.95,940.98,925.17,938.21,4278270,https://stooq.com/q/d/l/?s=2502.jp&i=d,2026-03-26T08:35:00+00:00
2502,2502.T,2502.jp,2016-08-10,943.49,955.14,934.05,947.64,4836485,https://stooq.com/q/d/l/?s=2502.jp&i=d,2026-03-26T08:35:00+00:00
2502,2502.T,2502.jp,2016-08-12,960.97,961.52,954.30,959.03,5196125,https://stooq.com/q/d/l/?s=2502.jp&i=d,2026-03-26T08:35:00+00:00
2502,2502.T,2502.jp,2016-08-15,959.58,968.73,953.75,958.19,3394289,https://stooq.com/q/d/l/?s=2502.jp&i=d,2026-03-26T08:35:00+00:00
2502,2502.T,2502.jp,2016-08-16,954.58,954.58,931.55,935.44,4651256,https://stooq.com/q/d/l/?s=2502.jp&i=d,2026-03-26T08:35:00+00:00
2502,2502.T,2502.jp,2016-08-17,931.55,934.88,917.12,921.28,5728384,https://stooq.com/q/d/l/?s=2502.jp&i=d,2026-03-26T08:35:00+00:00
2502,2502.T,2502.jp,2016-08-18,924.34,926.55,915.73,915.73,4849454,https://stooq.com/q/d/l/?s=2502.jp&i=d,2026-03-26T08:35:00+00:00
2502,2502.T,2502.jp,2016-08-19,915.73,915.73,896.59,908.52,4992158,https://stooq.com/q/d/l/?s=2502.jp&i=d,2026-03-26T08:35:00+00:00
2502,2502.T,2502.jp,2016-08-22,915.46,916.57,899.64,905.74,6408405,https://stooq.com/q/d/l/?s=2502.jp&i=d,2026-03-26T08:35:00+00:00
2502,2502.T,2502.jp,2016-08-23,907.68,923.22,905.46,918.51,7745717,https://stooq.com/q/d/l/?s=2502.jp&i=d,2026-03-26T08:35:00+00:00
2502,2502.T,2502.jp,2016-08-24,916.85,922.95,912.40,918.51,6284081,https://stooq.com/q/d/l/?s=2502.jp&i=d,2026-03-26T08:35:00+00:00
2502,2502.T,2502.jp,2016-08-25,919.90,924.06,916.02,918.51,5750374,https://stooq.com/q/d/l/?s=2502.jp&i=d,2026-03-26T08:35:00+00:00
2502,2502.T,2502.jp,2016-08-26,914.35,923.50,912.96,919.06,6036861,https://stooq.com/q/d/l/?s=2502.jp&i=d,2026-03-26T08:35:00+00:00
2502,2502.T,2502.jp,2016-08-29,931.27,947.09,920.73,945.98,7066792,https://stooq.com/q/d/l/?s=2502.jp&i=d,2026-03-26T08:35:00+00:00
2502,2502.T,2502.jp,2016-08-30,942.10,944.32,927.67,928.50,4263501,https://stooq.com/q/d/l/?s=2502.jp&i=d,2026-03-26T08:35:00+00:00
2502,2502.T,2502.jp,2016-08-31,933.22,942.10,926.84,939.60,4673953,https://stooq.com/q/d/l/?s=2502.jp&i=d,2026-03-26T08:35:00+00:00
2502,2502.T,2502.jp,2016-09-01,953.75,962.08,948.48,958.47,4595034,https://stooq.com/q/d/l/?s=2502.jp&i=d,2026-03-26T08:35:00+00:00
2502,2502.T,2502.jp,2016-09-02,958.47,978.17,957.36,971.23,5449108,https://stooq.com/q/d/l/?s=2502.jp&i=d,2026-03-26T08:35:00+00:00
2502,2502.T,2502.jp,2016-09-05,979.56,980.39,966.79,971.50,3396454,https://stooq.com/q/d/l/?s=2502.jp&i=d,2026-03-26T08:35:00+00:00
2502,2502.T,2502.jp,2016-09-06,975.95,990.10,973.74,989.55,5547842,https://stooq.com/q/d/l/?s=2502.jp&i=d,2026-03-26T08:35:00+00:00
2502,2502.T,2502.jp,2016-09-07,1000.65,1010.09,988.71,992.88,6413806,https://stooq.com/q/d/l/?s=2502.jp&i=d,2026-03-26T08:35:00+00:00
2502,2502.T,2502.jp,2016-09-08,990.38,1003.69,983.72,989.00,5337756,https://stooq.com/q/d/l/?s=2502.jp&i=d,2026-03-26T08:35:00+00:00
2502,2502.T,2502.jp,2016-09-09,1008.42,1009.25,988.16,988.16,7989330,https://stooq.com/q/d/l/?s=2502.jp&i=d,2026-03-26T08:35:00+00:00
2502,2502.T,2502.jp,2016-09-12,978.45,989.82,969.57,988.16,4507466,https://stooq.com/q/d/l/?s=2502.jp&i=d,2026-03-26T08:35:00+00:00
2502,2502.T,2502.jp,2016-09-13,997.60,1003.42,990.38,994.27,4706747,https://stooq.com/q/d/l/?s=2502.jp&i=d,2026-03-26T08:35:00+00:00
2502,2502.T,2502.jp,2016-09-14,993.99,999.26,989.55,992.33,3944207,https://stooq.com/q/d/l/?s=2502.jp&i=d,2026-03-26T08:35:00+00:00
2502,2502.T,2502.jp,2016-09-15,990.94,999.81,989.55,992.33,5635051,https://stooq.com/q/d/l/?s=2502.jp&i=d,2026-03-26T08:35:00+00:00
2502,2502.T,2502.jp,2016-09-16,997.60,997.60,980.67,991.21,5548207,https://stooq.com/q/d/l/?s=2502.jp&i=d,2026-03-26T08:35:00+00:00
2502,2502.T,2502.jp,2016-09-20,983.44,989.55,979.56,987.05,6298127,https://stooq.com/q/d/l/?s=2502.jp&i=d,2026-03-26T08:35:00+00:00
2502,2502.T,2502.jp,2016-09-21,978.17,1010.09,978.17,1009.25,6943902,https://stooq.com/q/d/l/?s=2502.jp&i=d,2026-03-26T08:35:00+00:00
2502,2502.T,2502.jp,2016-09-23,1018.12,1028.41,1015.35,1025.62,6444796,https://stooq.com/q/d/l/?s=2502.jp&i=d,2026-03-26T08:35:00+00:00
2502,2502.T,2502.jp,2016-09-26,1023.13,1029.51,1013.41,1016.46,4646928,https://stooq.com/q/d/l/?s=2502.jp&i=d,2026-03-26T08:35:00+00:00
2502,2502.T,2502.jp,2016-09-27,1007.02,1025.62,1002.32,1025.62,6933454,https://stooq.com/q/d/l/?s=2502.jp&i=d,2026-03-26T08:35:00+00:00
2502,2502.T,2502.jp,2016-09-28,1032.00,1035.89,1022.57,1028.96,3592142,https://stooq.com/q/d/l/?s=2502.jp&i=d,2026-03-26T08:35:00+00:00
2502,2502.T,2502.jp,2016-09-29,1027.28,1030.89,1020.07,1026.45,4669632,https://stooq.com/q/d/l/?s=2502.jp&i=d,2026-03-26T08:35:00+00:00
2502,2502.T,2502.jp,2016-09-30,1014.25,1022.02,1011.19,1017.29,5634333,https://stooq.com/q/d/l/?s=2502.jp&i=d,2026-03-26T08:35:00+00:00
2502,2502.T,2502.jp,2016-10-03,1040.05,1065.02,1038.11,1053.93,7093089,https://stooq.com/q/d/l/?s=2502.jp&i=d,2026-03-26T08:35:00+00:00
2502,2502.T,2502.jp,2016-10-04,1054.48,1055.59,1043.39,1054.20,4664587,https://stooq.com/q/d/l/?s=2502.jp&i=d,2026-03-26T08:35:00+00:00
2502,2502.T,2502.jp,2016-10-05,1048.93,1054.20,1036.44,1036.72,4876121,https://stooq.com/q/d/l/?s=2502.jp&i=d,2026-03-26T08:35:00+00:00
2502,2502.T,2502.jp,2016-10-06,1030.34,1041.16,1023.40,1032.28,4469262,https://stooq.com/q/d/l/?s=2502.jp&i=d,2026-03-26T08:35:00+00:00
2502,2502.T,2502.jp,2016-10-07,1026.74,1029.79,1015.64,1028.41,4547470,https://stooq.com/q/d/l/?s=2502.jp&i=d,2026-03-26T08:35:00+00:00
2502,2502.T,2502.jp,2016-10-11,1028.96,1032.83,1023.95,1028.68,4115387,https://stooq.com/q/d/l/?s=2502.jp&i=d,2026-03-26T08:35:00+00:00
2502,2502.T,2502.jp,2016-10-12,1020.35,1027.84,1018.96,1018.96,5231088,https://stooq.com/q/d/l/?s=2502.jp&i=d,2026-03-26T08:35:00+00:00
2502,2502.T,2502.jp,2016-10-13,1016.18,1016.18,997.04,1006.76,9041961,https://stooq.com/q/d/l/?s=2502.jp&i=d,2026-03-26T08:35:00+00:00
2502,2502.T,2502.jp,2016-10-14,998.16,1006.76,997.32,999.54,10389007,https://stooq.com/q/d/l/?s=2502.jp&i=d,2026-03-26T08:35:00+00:00
2502,2502.T,2502.jp,2016-10-17,996.48,1002.04,995.93,1001.75,8264647,https://stooq.com/q/d/l/?s=2502.jp&i=d,2026-03-26T08:35:00+00:00
2502,2502.T,2502.jp,2016-10-18,1000.65,1017.29,998.97,1016.74,6188934,https://stooq.com/q/d/l/?s=2502.jp&i=d,2026-03-26T08:35:00+00:00
2502,2502.T,2502.jp,2016-10-19,1014.25,1023.13,1012.58,1018.96,4091603,https://stooq.com/q/d/l/?s=2502.jp&i=d,2026-03-26T08:35:00+00:00
2502,2502.T,2502.jp,2016-10-20,1013.14,1018.96,1007.58,1018.96,5232885,https://stooq.com/q/d/l/?s=2502.jp&i=d,2026-03-26T08:35:00+00:00
2502,2502.T,2502.jp,2016-10-21,1022.85,1022.85,1007.02,1008.97,3837904,https://stooq.com/q/d/l/?s=2502.jp&i=d,2026-03-26T08:35:00+00:00
2502,2502.T,2502.jp,2016-10-24,1012.31,1014.80,1007.58,1014.52,3836469,https://stooq.com/q/d/l/?s=2502.jp&i=d,2026-03-26T08:35:00+00:00
2502,2502.T,2502.jp,2016-10-25,1014.52,1027.84,1011.75,1024.24,4207276,https://stooq.com/q/d/l/?s=2502.jp&i=d,2026-03-26T08:35:00+00:00
2502,2502.T,2502.jp,2016-10-26,998.97,1017.57,993.99,1003.69,8711148,https://stooq.com/q/d/l/?s=2502.jp&i=d,2026-03-26T08:35:00+00:00
2502,2502.T,2502.jp,2016-10-27,1012.58,1020.07,1006.48,1008.70,5522258,https://stooq.com/q/d/l/?s=2502.jp&i=d,2026-03-26T08:35:00+00:00
2502,2502.T,2502.jp,2016-10-28,1016.46,1023.40,1008.97,1020.90,7394721,https://stooq.com/q/d/l/?s=2502.jp&i=d,2026-03-26T08:35:00+00:00
2502,2502.T,2502.jp,2016-10-31,1022.02,1040.88,1020.90,1040.88,6000829,https://stooq.com/q/d/l/?s=2502.jp&i=d,2026-03-26T08:35:00+00:00
2502,2502.T,2502.jp,2016-11-01,1037.01,1039.22,1026.74,1039.22,3672134,https://stooq.com/q/d/l/?s=2502.jp&i=d,2026-03-26T08:35:00+00:00
2502,2502.T,2502.jp,2016-11-02,1034.50,1037.01,1024.51,1032.00,3431407,https://stooq.com/q/d/l/?s=2502.jp&i=d,2026-03-26T08:35:00+00:00
2502,2502.T,2502.jp,2016-11-04,1025.90,1029.51,1007.31,1012.58,6719762,https://stooq.com/q/d/l/?s=2502.jp&i=d,2026-03-26T08:35:00+00:00
2502,2502.T,2502.jp,2016-11-07,1021.18,1021.74,1002.86,1018.41,4364045,https://stooq.com/q/d/l/?s=2502.jp&i=d,2026-03-26T08:35:00+00:00
2502,2502.T,2502.jp,2016-11-08,1023.13,1023.13,1007.58,1014.25,3476821,https://stooq.com/q/d/l/?s=2502.jp&i=d,2026-03-26T08:35:00+00:00
2502,2502.T,2502.jp,2016-11-09,1022.02,1037.27,970.13,982.06,7434722,https://stooq.com/q/d/l/?s=2502.jp&i=d,2026-03-26T08:35:00+00:00
2502,2502.T,2502.jp,2016-11-10,1020.90,1020.90,994.83,1015.91,6188934,https://stooq.com/q/d/l/?s=2502.jp&i=d,2026-03-26T08:35:00+00:00
2502,2502.T,2502.jp,2016-11-11,1010.09,1010.36,989.00,990.94,7952570,https://stooq.com/q/d/l/?s=2502.jp&i=d,2026-03-26T08:35:00+00:00
2502,2502.T,2502.jp,2016-11-14,992.05,1001.20,990.38,995.65,5426762,https://stooq.com/q/d/l/?s=2502.jp&i=d,2026-03-26T08:35:00+00:00
2502,2502.T,2502.jp,2016-11-15,999.81,1003.98,984.27,989.27,6094163,https://stooq.com/q/d/l/?s=2502.jp&i=d,2026-03-26T08:35:00+00:00
2502,2502.T,2502.jp,2016-11-16,995.10,999.54,987.60,993.99,4807291,https://stooq.com/q/d/l/?s=2502.jp&i=d,2026-03-26T08:35:00+00:00
2502,2502.T,2502.jp,2016-11-17,992.05,1004.53,992.05,1001.75,3745291,https://stooq.com/q/d/l/?s=2502.jp&i=d,2026-03-26T08:35:00+00:00
2502,2502.T,2502.jp,2016-11-18,1000.92,1011.47,996.76,1006.76,4587109,https://stooq.com/q/d/l/?s=2502.jp&i=d,2026-03-26T08:35:00+00:00
2502,2502.T,2502.jp,2016-11-21,1007.02,1032.83,1001.48,1030.06,7081927,https://stooq.com/q/d/l/?s=2502.jp&i=d,2026-03-26T08:35:00+00:00
2502,2502.T,2502.jp,2016-11-22,1027.02,1035.61,1025.33,1029.51,4579540,https://stooq.com/q/d/l/?s=2502.jp&i=d,2026-03-26T08:35:00+00:00
2502,2502.T,2502.jp,2016-11-24,1022.57,1038.11,1020.90,1028.12,4766563,https://stooq.com/q/d/l/?s=2502.jp&i=d,2026-03-26T08:35:00+00:00
2502,2502.T,2502.jp,2016-11-25,1027.02,1030.61,1023.40,1028.41,3938806,https://stooq.com/q/d/l/?s=2502.jp&i=d,2026-03-26T08:35:00+00:00
2502,2502.T,2502.jp,2016-11-28,1032.83,1038.94,1027.84,1033.67,3319338,https://stooq.com/q/d/l/?s=2502.jp&i=d,2026-03-26T08:35:00+00:00
2502,2502.T,2502.jp,2016-11-29,1026.74,1034.23,1026.74,1030.06,4819540,https://stooq.com/q/d/l/?s=2502.jp&i=d,2026-03-26T08:35:00+00:00
2502,2502.T,2502.jp,2016-11-30,1032.55,1038.38,1027.57,1032.83,5605867,https://stooq.com/q/d/l/?s=2502.jp&i=d,2026-03-26T08:35:00+00:00
2502,2502.T,2502.jp,2016-12-01,1035.33,1037.83,1023.68,1026.74,5529824,https://stooq.com/q/d/l/?s=2502.jp&i=d,2026-03-26T08:35:00+00:00
2502,2502.T,2502.jp,2016-12-02,1017.57,1020.35,1001.20,1006.48,5980643,https://stooq.com/q/d/l/?s=2502.jp&i=d,2026-03-26T08:35:00+00:00
2502,2502.T,2502.jp,2016-12-05,998.97,1006.76,992.88,995.65,5972356,https://stooq.com/q/d/l/?s=2502.jp&i=d,2026-03-26T08:35:00+00:00
2502,2502.T,2502.jp,2016-12-06,998.97,998.97,989.27,990.65,6329835,https://stooq.com/q/d/l/?s=2502.jp&i=d,2026-03-26T08:35:00+00:00
2502,2502.T,2502.jp,2016-12-07,990.38,991.76,978.45,980.95,6563002,https://stooq.com/q/d/l/?s=2502.jp&i=d,2026-03-26T08:35:00+00:00
2502,2502.T,2502.jp,2016-12-08,990.65,992.33,980.95,984.55,6393981,https://stooq.com/q/d/l/?s=2502.jp&i=d,2026-03-26T08:35:00+00:00
2502,2502.T,2502.jp,2016-12-09,991.76,1003.15,984.55,997.60,10841994,https://stooq.com/q/d/l/?s=2502.jp&i=d,2026-03-26T08:35:00+00:00
2502,2502.T,2502.jp,2016-12-12,1004.53,1021.46,1002.59,1017.29,5989288,https://stooq.com/q/d/l/?s=2502.jp&i=d,2026-03-26T08:35:00+00:00
2502,2502.T,2502.jp,2016-12-13,1007.86,1022.29,952.08,970.40,19974044,https://stooq.com/q/d/l/?s=2502.jp&i=d,2026-03-26T08:35:00+00:00
2502,2502.T,2502.jp,2016-12-14,971.23,981.49,931.00,956.53,25268548,https://stooq.com/q/d/l/?s=2502.jp&i=d,2026-03-26T08:35:00+00:00
2502,2502.T,2502.jp,2016-12-15,962.63,964.02,951.80,951.80,11916967,https://stooq.com/q/d/l/?s=2502.jp&i=d,2026-03-26T08:35:00+00:00
2502,2502.T,2502.jp,2016-12-16,963.19,976.51,957.63,969.85,17503366,https://stooq.com/q/d/l/?s=2502.jp&i=d,2026-03-26T08:35:00+00:00
2502,2502.T,2502.jp,2016-12-19,975.12,977.34,970.68,975.40,7444457,https://stooq.com/q/d/l/?s=2502.jp&i=d,2026-03-26T08:35:00+00:00
2502,2502.T,2502.jp,2016-12-20,986.49,1011.19,984.27,1007.86,13467618,https://stooq.com/q/d/l/?s=2502.jp&i=d,2026-03-26T08:35:00+00:00
2502,2502.T,2502.jp,2016-12-21,1006.76,1032.00,1005.08,1019.52,11649574,https://stooq.com/q/d/l/?s=2502.jp&i=d,2026-03-26T08:35:00+00:00
2502,2502.T,2502.jp,2016-12-22,1027.57,1028.68,1010.36,1018.12,7165888,https://stooq.com/q/d/l/?s=2502.jp&i=d,2026-03-26T08:35:00+00:00
2502,2502.T,2502.jp,2016-12-26,1021.18,1035.89,1019.52,1032.55,5116482,https://stooq.com/q/d/l/?s=2502.jp&i=d,2026-03-26T08:35:00+00:00
2502,2502.T,2502.jp,2016-12-27,1031.16,1033.95,1024.78,1030.06,5831814,https://stooq.com/q/d/l/?s=2502.jp&i=d,2026-03-26T08:35:00+00:00
2502,2502.T,2502.jp,2016-12-28,1023.35,1033.70,1023.08,1032.57,4962648,https://stooq.com/q/d/l/?s=2502.jp&i=d,2026-03-26T08:35:00+00:00
2502,2502.T,2502.jp,2016-12-29,1033.97,1037.61,1028.40,1035.66,4942972,https://stooq.com/q/d/l/?s=2502.jp&i=d,2026-03-26T08:35:00+00:00
2502,2502.T,2502.jp,2016-12-30,1031.46,1036.48,1025.87,1031.46,3602138,https://stooq.com/q/d/l/?s=2502.jp&i=d,2026-03-26T08:35:00+00:00
2502,2502.T,2502.jp,2017-01-04,1038.73,1044.31,1036.21,1040.41,5521799,https://stooq.com/q/d/l/?s=2502.jp&i=d,2026-03-26T08:35:00+00:00
2502,2502.T,2502.jp,2017-01-05,1033.42,1043.75,1029.79,1037.05,4426388,https://stooq.com/q/d/l/?s=2502.jp&i=d,2026-03-26T08:35:00+00:00
2502,2502.T,2502.jp,2017-01-06,1041.24,1047.39,1037.33,1046.00,5009504,https://stooq.com/q/d/l/?s=2502.jp&i=d,2026-03-26T08:35:00+00:00
2502,2502.T,2502.jp,2017-01-10,1035.66,1041.80,1028.11,1036.48,6071653,https://stooq.com/q/d/l/?s=2502.jp&i=d,2026-03-26T08:35:00+00:00
2502,2502.T,2502.jp,2017-01-11,1045.44,1053.82,1039.01,1051.87,6217259,https://stooq.com/q/d/l/?s=2502.jp&i=d,2026-03-26T08:35:00+00:00
2502,2502.T,2502.jp,2017-01-12,1038.17,1050.20,1030.34,1035.37,5222727,https://stooq.com/q/d/l/?s=2502.jp&i=d,2026-03-26T08:35:00+00:00
2502,2502.T,2502.jp,2017-01-13,1044.88,1054.10,1039.01,1051.58,5766860,https://stooq.com/q/d/l/?s=2502.jp&i=d,2026-03-26T08:35:00+00:00
2502,2502.T,2502.jp,2017-01-16,1047.66,1057.18,1044.88,1051.87,6563555,https://stooq.com/q/d/l/?s=2502.jp&i=d,2026-03-26T08:35:00+00:00
2502,2502.T,2502.jp,2017-01-17,1057.45,1058.57,1042.36,1042.36,5160840,https://stooq.com/q/d/l/?s=2502.jp&i=d,2026-03-26T08:35:00+00:00
2502,2502.T,2502.jp,2017-01-18,1046.27,1054.38,1028.95,1036.21,5321106,https://stooq.com/q/d/l/?s=2502.jp&i=d,2026-03-26T08:35:00+00:00
2502,2502.T,2502.jp,2017-01-19,1039.29,1045.15,1037.89,1042.64,5145450,https://stooq.com/q/d/l/?s=2502.jp&i=d,2026-03-26T08:35:00+00:00
2502,2502.T,2502.jp,2017-01-20,1040.41,1044.31,1030.62,1038.44,5803345,https://stooq.com/q/d/l/?s=2502.jp&i=d,2026-03-26T08:35:00+00:00
2502,2502.T,2502.jp,2017-01-23,1028.95,1034.81,1024.74,1027.83,4505443,https://stooq.com/q/d/l/?s=2502.jp&i=d,2026-03-26T08:35:00+00:00
2502,2502.T,2502.jp,2017-01-24,1041.80,1054.38,1034.26,1048.23,6209741,https://stooq.com/q/d/l/?s=2502.jp&i=d,2026-03-26T08:35:00+00:00
2502,2502.T,2502.jp,2017-01-25,1062.21,1074.79,1061.93,1074.79,7866819,https://stooq.com/q/d/l/?s=2502.jp&i=d,2026-03-26T08:35:00+00:00
2502,2502.T,2502.jp,2017-01-26,1083.45,1094.08,1082.33,1092.67,8609499,https://stooq.com/q/d/l/?s=2502.jp&i=d,2026-03-26T08:35:00+00:00
2502,2502.T,2502.jp,2017-01-27,1095.75,1105.26,1089.04,1092.95,7450407,https://stooq.com/q/d/l/?s=2502.jp&i=d,2026-03-26T08:35:00+00:00
2502,2502.T,2502.jp,2017-01-30,1104.42,1127.62,1104.42,1120.35,9190837,https://stooq.com/q/d/l/?s=2502.jp&i=d,2026-03-26T08:35:00+00:00
2502,2502.T,2502.jp,2017-01-31,1113.08,1120.35,1108.88,1109.73,6564269,https://stooq.com/q/d/l/?s=2502.jp&i=d,2026-03-26T08:35:00+00:00
2502,2502.T,2502.jp,2017-02-01,1107.77,1118.11,1103.02,1110.29,6445139,https://stooq.com/q/d/l/?s=2502.jp&i=d,2026-03-26T08:35:00+00:00
2502,2502.T,2502.jp,2017-02-02,1107.21,1113.08,1101.91,1108.61,5361889,https://stooq.com/q/d/l/?s=2502.jp&i=d,2026-03-26T08:35:00+00:00
2502,2502.T,2502.jp,2017-02-03,1108.61,1131.80,1107.77,1119.51,4675731,https://stooq.com/q/d/l/?s=2502.jp&i=d,2026-03-26T08:35:00+00:00
2502,2502.T,2502.jp,2017-02-06,1108.33,1116.44,1103.86,1111.69,3881899,https://stooq.com/q/d/l/?s=2502.jp&i=d,2026-03-26T08:35:00+00:00
2502,2502.T,2502.jp,2017-02-07,1084.57,1099.94,1084.57,1092.95,5989728,https://stooq.com/q/d/l/?s=2502.jp&i=d,2026-03-26T08:35:00+00:00
2502,2502.T,2502.jp,2017-02-08,1103.86,1106.93,1096.03,1105.81,3005419,https://stooq.com/q/d/l/?s=2502.jp&i=d,2026-03-26T08:35:00+00:00
2502,2502.T,2502.jp,2017-02-09,1099.94,1104.13,1096.59,1100.78,3944504,https://stooq.com/q/d/l/?s=2502.jp&i=d,2026-03-26T08:35:00+00:00
2502,2502.T,2502.jp,2017-02-10,1120.35,1121.75,1110.01,1119.79,5704966,https://stooq.com/q/d/l/?s=2502.jp&i=d,2026-03-26T08:35:00+00:00
2502,2502.T,2502.jp,2017-02-13,1132.65,1140.47,1122.02,1134.33,6675178,https://stooq.com/q/d/l/?s=2502.jp&i=d,2026-03-26T08:35:00+00:00
2502,2502.T,2502.jp,2017-02-14,1129.58,1130.98,1096.03,1096.31,9014105,https://stooq.com/q/d/l/?s=2502.jp&i=d,2026-03-26T08:35:00+00:00
2502,2502.T,2502.jp,2017-02-15,1096.31,1103.02,1094.08,1096.31,5434509,https://stooq.com/q/d/l/?s=2502.jp&i=d,2026-03-26T08:35:00+00:00
2502,2502.T,2502.jp,2017-02-16,1109.73,1129.85,1105.26,1118.40,7559518,https://stooq.com/q/d/l/?s=2502.jp&i=d,2026-03-26T08:35:00+00:00
2502,2502.T,2502.jp,2017-02-17,1118.11,1155.57,1115.31,1153.89,9967866,https://stooq.com/q/d/l/?s=2502.jp&i=d,2026-03-26T08:35:00+00:00
2502,2502.T,2502.jp,2017-02-20,1146.35,1150.26,1130.41,1148.86,4783414,https://stooq.com/q/d/l/?s=2502.jp&i=d,2026-03-26T08:35:00+00:00
2502,2502.T,2502.jp,2017-02-21,1152.77,1152.77,1138.51,1145.79,4899678,https://stooq.com/q/d/l/?s=2502.jp&i=d,2026-03-26T08:35:00+00:00
2502,2502.T,2502.jp,2017-02-22,1137.41,1138.80,1114.20,1120.62,8108660,https://stooq.com/q/d/l/?s=2502.jp&i=d,2026-03-26T08:35:00+00:00
2502,2502.T,2502.jp,2017-02-23,1125.11,1130.13,1116.72,1126.49,4163442,https://stooq.com/q/d/l/?s=2502.jp&i=d,2026-03-26T08:35:00+00:00
2502,2502.T,2502.jp,2017-02-24,1126.22,1144.38,1123.71,1128.74,3968107,https://stooq.com/q/d/l/?s=2502.jp&i=d,2026-03-26T08:35:00+00:00
2502,2502.T,2502.jp,2017-02-27,1118.67,1132.37,1117.83,1125.38,5111825,https://stooq.com/q/d/l/?s=2502.jp&i=d,2026-03-26T08:35:00+00:00
2502,2502.T,2502.jp,2017-02-28,1126.22,1127.06,1107.49,1109.44,8339049,https://stooq.com/q/d/l/?s=2502.jp&i=d,2026-03-26T08:35:00+00:00
2502,2502.T,2502.jp,2017-03-01,1115.04,1126.22,1109.73,1117.83,4439260,https://stooq.com/q/d/l/?s=2502.jp&i=d,2026-03-26T08:35:00+00:00
2502,2502.T,2502.jp,2017-03-02,1137.41,1141.03,1126.22,1129.29,6937038,https://stooq.com/q/d/l/?s=2502.jp&i=d,2026-03-26T08:35:00+00:00
2502,2502.T,2502.jp,2017-03-03,1137.68,1139.08,1123.98,1127.06,4084028,https://stooq.com/q/d/l/?s=2502.jp&i=d,2026-03-26T08:35:00+00:00
2502,2502.T,2502.jp,2017-03-06,1128.18,1146.07,1127.62,1143.83,3865087,https://stooq.com/q/d/l/?s=2502.jp&i=d,2026-03-26T08:35:00+00:00
2502,2502.T,2502.jp,2017-03-07,1144.11,1150.54,1141.03,1144.94,4918284,https://stooq.com/q/d/l/?s=2502.jp&i=d,2026-03-26T08:35:00+00:00
2502,2502.T,2502.jp,2017-03-08,1144.67,1146.07,1129.58,1131.25,4359123,https://stooq.com/q/d/l/?s=2502.jp&i=d,2026-03-26T08:35:00+00:00
2502,2502.T,2502.jp,2017-03-09,1139.08,1139.08,1129.58,1132.65,2558239,https://stooq.com/q/d/l/?s=2502.jp&i=d,2026-03-26T08:35:00+00:00
2502,2502.T,2502.jp,2017-03-10,1144.11,1162.56,1141.03,1156.41,8221709,https://stooq.com/q/d/l/?s=2502.jp&i=d,2026-03-26T08:35:00+00:00
2502,2502.T,2502.jp,2017-03-13,1157.81,1165.35,1153.61,1158.92,3104153,https://stooq.com/q/d/l/?s=2502.jp&i=d,2026-03-26T08:35:00+00:00
2502,2502.T,2502.jp,2017-03-14,1152.22,1160.61,1151.66,1155.30,3668320,https://stooq.com/q/d/l/?s=2502.jp&i=d,2026-03-26T08:35:00+00:00
2502,2502.T,2502.jp,2017-03-15,1151.66,1159.48,1147.75,1157.25,3694793,https://stooq.com/q/d/l/?s=2502.jp&i=d,2026-03-26T08:35:00+00:00
2502,2502.T,2502.jp,2017-03-16,1146.63,1155.01,1141.59,1150.81,4907198,https://stooq.com/q/d/l/?s=2502.jp&i=d,2026-03-26T08:35:00+00:00
2502,2502.T,2502.jp,2017-03-17,1149.43,1159.76,1146.91,1156.69,4296880,https://stooq.com/q/d/l/?s=2502.jp&i=d,2026-03-26T08:35:00+00:00
2502,2502.T,2502.jp,2017-03-21,1153.33,1177.37,1151.66,1174.02,6092404,https://stooq.com/q/d/l/?s=2502.jp&i=d,2026-03-26T08:35:00+00:00
2502,2502.T,2502.jp,2017-03-22,1174.02,1180.44,1165.63,1168.43,7339863,https://stooq.com/q/d/l/?s=2502.jp&i=d,2026-03-26T08:35:00+00:00
2502,2502.T,2502.jp,2017-03-23,1184.64,1200.58,1179.05,1198.62,8099356,https://stooq.com/q/d/l/?s=2502.jp&i=d,2026-03-26T08:35:00+00:00
2502,2502.T,2502.jp,2017-03-24,1190.23,1197.22,1185.21,1192.76,7412128,https://stooq.com/q/d/l/?s=2502.jp&i=d,2026-03-26T08:35:00+00:00
2502,2502.T,2502.jp,2017-03-27,1181.29,1189.39,1171.78,1184.93,4970870,https://stooq.com/q/d/l/?s=2502.jp&i=d,2026-03-26T08:35:00+00:00
2502,2502.T,2502.jp,2017-03-28,1183.24,1198.06,1174.86,1194.15,6166457,https://stooq.com/q/d/l/?s=2502.jp&i=d,2026-03-26T08:35:00+00:00
2502,2502.T,2502.jp,2017-03-29,1194.15,1204.21,1187.43,1198.06,4612408,https://stooq.com/q/d/l/?s=2502.jp&i=d,2026-03-26T08:35:00+00:00
2502,2502.T,2502.jp,2017-03-30,1196.38,1203.65,1186.60,1189.11,4383455,https://stooq.com/q/d/l/?s=2502.jp&i=d,2026-03-26T08:35:00+00:00
2502,2502.T,2502.jp,2017-03-31,1192.19,1193.58,1175.98,1176.26,5321820,https://stooq.com/q/d/l/?s=2502.jp&i=d,2026-03-26T08:35:00+00:00
2502,2502.T,2502.jp,2017-04-03,1175.42,1191.36,1172.91,1187.16,4107633,https://stooq.com/q/d/l/?s=2502.jp&i=d,2026-03-26T08:35:00+00:00
2502,2502.T,2502.jp,2017-04-04,1191.63,1201.13,1184.93,1191.36,6151073,https://stooq.com/q/d/l/?s=2502.jp&i=d,2026-03-26T08:35:00+00:00
2502,2502.T,2502.jp,2017-04-05,1203.93,1208.40,1185.75,1188.84,5081061,https://stooq.com/q/d/l/?s=2502.jp&i=d,2026-03-26T08:35:00+00:00
2502,2502.T,2502.jp,2017-04-06,1183.80,1185.21,1170.11,1177.37,7360250,https://stooq.com/q/d/l/?s=2502.jp&i=d,2026-03-26T08:35:00+00:00
2502,2502.T,2502.jp,2017-04-07,1196.94,1207.29,1189.11,1203.37,9917061,https://stooq.com/q/d/l/?s=2502.jp&i=d,2026-03-26T08:35:00+00:00
2502,2502.T,2502.jp,2017-04-10,1214.27,1219.86,1202.25,1210.92,8693932,https://stooq.com/q/d/l/?s=2502.jp&i=d,2026-03-26T08:35:00+00:00
2502,2502.T,2502.jp,2017-04-11,1205.61,1206.45,1186.60,1195.54,6754947,https://stooq.com/q/d/l/?s=2502.jp&i=d,2026-03-26T08:35:00+00:00
2502,2502.T,2502.jp,2017-04-12,1187.43,1196.11,1180.17,1196.11,5901374,https://stooq.com/q/d/l/?s=2502.jp&i=d,2026-03-26T08:35:00+00:00
2502,2502.T,2502.jp,2017-04-13,1199.45,1205.61,1191.91,1199.45,6072380,https://stooq.com/q/d/l/?s=2502.jp&i=d,2026-03-26T08:35:00+00:00
2502,2502.T,2502.jp,2017-04-14,1210.36,1210.36,1191.07,1198.34,6450155,https://stooq.com/q/d/l/?s=2502.jp&i=d,2026-03-26T08:35:00+00:00
2502,2502.T,2502.jp,2017-04-17,1194.70,1219.03,1193.03,1218.47,4258598,https://stooq.com/q/d/l/?s=2502.jp&i=d,2026-03-26T08:35:00+00:00
2502,2502.T,2502.jp,2017-04-18,1203.93,1204.21,1184.64,1198.62,6921664,https://stooq.com/q/d/l/?s=2502.jp&i=d,2026-03-26T08:35:00+00:00
2502,2502.T,2502.jp,2017-04-19,1191.07,1201.69,1181.01,1183.24,7236827,https://stooq.com/q/d/l/?s=2502.jp&i=d,2026-03-26T08:35:00+00:00
2502,2502.T,2502.jp,2017-04-20,1175.70,1175.70,1151.94,1156.41,9479538,https://stooq.com/q/d/l/?s=2502.jp&i=d,2026-03-26T08:35:00+00:00
2502,2502.T,2502.jp,2017-04-21,1161.17,1167.87,1160.04,1166.19,6823276,https://stooq.com/q/d/l/?s=2502.jp&i=d,2026-03-26T08:35:00+00:00
2502,2502.T,2502.jp,2017-04-24,1180.73,1191.91,1174.30,1186.88,5001644,https://stooq.com/q/d/l/?s=2502.jp&i=d,2026-03-26T08:35:00+00:00
2502,2502.T,2502.jp,2017-04-25,1184.36,1190.51,1180.17,1186.31,4972663,https://stooq.com/q/d/l/?s=2502.jp&i=d,2026-03-26T08:35:00+00:00
2502,2502.T,2502.jp,2017-04-26,1193.58,1193.58,1178.21,1182.13,5958255,https://stooq.com/q/d/l/?s=2502.jp&i=d,2026-03-26T08:35:00+00:00
2502,2502.T,2502.jp,2017-04-27,1181.01,1206.45,1179.89,1198.06,7407826,https://stooq.com/q/d/l/?s=2502.jp&i=d,2026-03-26T08:35:00+00:00
2502,2502.T,2502.jp,2017-04-28,1194.98,1196.94,1172.35,1175.42,6802175,https://stooq.com/q/d/l/?s=2502.jp&i=d,2026-03-26T08:35:00+00:00
2502,2502.T,2502.jp,2017-05-01,1191.07,1193.03,1180.44,1185.48,4652839,https://stooq.com/q/d/l/?s=2502.jp&i=d,2026-03-26T08:35:00+00:00
2502,2502.T,2502.jp,2017-05-02,1180.73,1191.36,1175.13,1179.61,4762303,https://stooq.com/q/d/l/?s=2502.jp&i=d,2026-03-26T08:35:00+00:00
2502,2502.T,2502.jp,2017-05-08,1199.18,1223.21,1192.19,1223.21,9573266,https://stooq.com/q/d/l/?s=2502.jp&i=d,2026-03-26T08:35:00+00:00
2502,2502.T,2502.jp,2017-05-09,1227.41,1229.37,1220.98,1225.73,4291870,https://stooq.com/q/d/l/?s=2502.jp&i=d,2026-03-26T08:35:00+00:00
2502,2502.T,2502.jp,2017-05-10,1224.89,1231.61,1218.75,1227.41,4314768,https://stooq.com/q/d/l/?s=2502.jp&i=d,2026-03-26T08:35:00+00:00
2502,2502.T,2502.jp,2017-05-11,1229.37,1232.99,1225.73,1229.37,3696224,https://stooq.com/q/d/l/?s=2502.jp&i=d,2026-03-26T08:35:00+00:00
2502,2502.T,2502.jp,2017-05-12,1229.08,1235.52,1221.81,1229.93,6453015,https://stooq.com/q/d/l/?s=2502.jp&i=d,2026-03-26T08:35:00+00:00
2502,2502.T,2502.jp,2017-05-15,1217.63,1237.48,1212.87,1234.12,6629741,https://stooq.com/q/d/l/?s=2502.jp&i=d,2026-03-26T08:35:00+00:00
2502,2502.T,2502.jp,2017-05-16,1267.39,1281.63,1255.09,1267.39,8607363,https://stooq.com/q/d/l/?s=2502.jp&i=d,2026-03-26T08:35:00+00:00
2502,2502.T,2502.jp,2017-05-17,1257.88,1266.54,1251.17,1265.70,5614816,https://stooq.com/q/d/l/?s=2502.jp&i=d,2026-03-26T08:35:00+00:00
2502,2502.T,2502.jp,2017-05-18,1252.57,1261.79,1246.14,1252.02,5848779,https://stooq.com/q/d/l/?s=2502.jp&i=d,2026-03-26T08:35:00+00:00
2502,2502.T,2502.jp,2017-05-19,1251.17,1257.31,1242.50,1248.09,3831094,https://stooq.com/q/d/l/?s=2502.jp&i=d,2026-03-26T08:35:00+00:00
2502,2502.T,2502.jp,2017-05-22,1248.09,1252.84,1242.78,1244.18,3363163,https://stooq.com/q/d/l/?s=2502.jp&i=d,2026-03-26T08:35:00+00:00
2502,2502.T,2502.jp,2017-05-23,1227.97,1243.90,1226.01,1236.91,4865691,https://stooq.com/q/d/l/?s=2502.jp&i=d,2026-03-26T08:35:00+00:00
2502,2502.T,2502.jp,2017-05-24,1239.99,1247.53,1236.91,1244.74,5134364,https://stooq.com/q/d/l/?s=2502.jp&i=d,2026-03-26T08:35:00+00:00
2502,2502.T,2502.jp,2017-05-25,1238.31,1243.06,1228.53,1234.12,6758525,https://stooq.com/q/d/l/?s=2502.jp&i=d,2026-03-26T08:35:00+00:00
2502,2502.T,2502.jp,2017-05-26,1235.23,1243.35,1234.39,1238.87,2977159,https://stooq.com/q/d/l/?s=2502.jp&i=d,2026-03-26T08:35:00+00:00
2502,2502.T,2502.jp,2017-05-29,1237.48,1256.48,1236.35,1253.40,3404657,https://stooq.com/q/d/l/?s=2502.jp&i=d,2026-03-26T08:35:00+00:00
2502,2502.T,2502.jp,2017-05-30,1251.44,1254.24,1232.16,1238.59,5020240,https://stooq.com/q/d/l/?s=2502.jp&i=d,2026-03-26T08:35:00+00:00
2502,2502.T,2502.jp,2017-05-31,1233.84,1237.48,1229.08,1235.79,6714526,https://stooq.com/q/d/l/?s=2502.jp&i=d,2026-03-26T08:35:00+00:00
2502,2502.T,2502.jp,2017-06-01,1236.91,1262.36,1236.08,1261.23,6124248,https://stooq.com/q/d/l/?s=2502.jp&i=d,2026-03-26T08:35:00+00:00
2502,2502.T,2502.jp,2017-06-02,1254.53,1256.20,1234.68,1248.09,8317944,https://stooq.com/q/d/l/?s=2502.jp&i=d,2026-03-26T08:35:00+00:00
2502,2502.T,2502.jp,2017-06-05,1236.91,1261.79,1236.91,1257.88,5520367,https://stooq.com/q/d/l/?s=2502.jp&i=d,2026-03-26T08:35:00+00:00
2502,2502.T,2502.jp,2017-06-06,1266.82,1279.40,1261.51,1272.69,8125120,https://stooq.com/q/d/l/?s=2502.jp&i=d,2026-03-26T08:35:00+00:00
2502,2502.T,2502.jp,2017-06-07,1271.85,1277.16,1268.22,1272.13,5060309,https://stooq.com/q/d/l/?s=2502.jp&i=d,2026-03-26T08:35:00+00:00
2502,2502.T,2502.jp,2017-06-08,1267.11,1269.62,1250.62,1252.02,5687078,https://stooq.com/q/d/l/?s=2502.jp&i=d,2026-03-26T08:35:00+00:00
2502,2502.T,2502.jp,2017-06-09,1248.93,1250.88,1224.60,1226.30,8005625,https://stooq.com/q/d/l/?s=2502.jp&i=d,2026-03-26T08:35:00+00:00
2502,2502.T,2502.jp,2017-06-12,1230.76,1241.67,1228.26,1237.19,4901475,https://stooq.com/q/d/l/?s=2502.jp&i=d,2026-03-26T08:35:00+00:00
2502,2502.T,2502.jp,2017-06-13,1237.19,1242.50,1235.52,1238.31,3798898,https://stooq.com/q/d/l/?s=2502.jp&i=d,2026-03-26T08:35:00+00:00
2502,2502.T,2502.jp,2017-06-14,1237.19,1239.71,1231.04,1236.35,3671539,https://stooq.com/q/d/l/?s=2502.jp&i=d,2026-03-26T08:35:00+00:00
2502,2502.T,2502.jp,2017-06-15,1229.93,1239.14,1222.39,1226.30,3649721,https://stooq.com/q/d/l/?s=2502.jp&i=d,2026-03-26T08:35:00+00:00
2502,2502.T,2502.jp,2017-06-16,1232.73,1235.52,1220.70,1222.10,5800485,https://stooq.com/q/d/l/?s=2502.jp&i=d,2026-03-26T08:35:00+00:00
2502,2502.T,2502.jp,2017-06-19,1216.79,1225.17,1212.31,1214.84,4876786,https://stooq.com/q/d/l/?s=2502.jp&i=d,2026-03-26T08:35:00+00:00
2502,2502.T,2502.jp,2017-06-20,1215.95,1222.10,1210.92,1213.44,6184707,https://stooq.com/q/d/l/?s=2502.jp&i=d,2026-03-26T08:35:00+00:00
2502,2502.T,2502.jp,2017-06-21,1211.20,1211.75,1196.11,1202.25,6137127,https://stooq.com/q/d/l/?s=2502.jp&i=d,2026-03-26T08:35:00+00:00
2502,2502.T,2502.jp,2017-06-22,1200.85,1212.58,1196.67,1207.00,5134364,https://stooq.com/q/d/l/?s=2502.jp&i=d,2026-03-26T08:35:00+00:00
2502,2502.T,2502.jp,2017-06-23,1203.10,1205.33,1192.19,1196.67,4062200,https://stooq.com/q/d/l/?s=2502.jp&i=d,2026-03-26T08:35:00+00:00
2502,2502.T,2502.jp,2017-06-26,1196.11,1201.41,1192.76,1197.22,3506619,https://stooq.com/q/d/l/?s=2502.jp&i=d,2026-03-26T08:35:00+00:00
2502,2502.T,2502.jp,2017-06-27,1194.42,1201.41,1187.16,1194.70,4908982,https://stooq.com/q/d/l/?s=2502.jp&i=d,2026-03-26T08:35:00+00:00
2502,2502.T,2502.jp,2017-06-28,1193.58,1208.22,1193.01,1196.68,5575403,https://stooq.com/q/d/l/?s=2502.jp&i=d,2026-03-26T08:35:00+00:00
2502,2502.T,2502.jp,2017-06-29,1200.05,1200.05,1190.48,1195.55,4530299,https://stooq.com/q/d/l/?s=2502.jp&i=d,2026-03-26T08:35:00+00:00
2502,2502.T,2502.jp,2017-06-30,1191.89,1193.86,1179.50,1190.21,6566153,https://stooq.com/q/d/l/?s=2502.jp&i=d,2026-03-26T08:35:00+00:00
2502,2502.T,2502.jp,2017-07-03,1196.95,1217.22,1192.74,1210.47,6643596,https://stooq.com/q/d/l/?s=2502.jp&i=d,2026-03-26T08:35:00+00:00
2502,2502.T,2502.jp,2017-07-04,1215.83,1218.35,1200.33,1204.56,4409524,https://stooq.com/q/d/l/?s=2502.jp&i=d,2026-03-26T08:35:00+00:00
2502,2502.T,2502.jp,2017-07-05,1204.83,1208.50,1198.09,1206.53,4176140,https://stooq.com/q/d/l/?s=2502.jp&i=d,2026-03-26T08:35:00+00:00
2502,2502.T,2502.jp,2017-07-06,1211.88,1230.74,1210.47,1215.53,6053548,https://stooq.com/q/d/l/?s=2502.jp&i=d,2026-03-26T08:35:00+00:00
2502,2502.T,2502.jp,2017-07-07,1214.97,1226.51,1213.28,1225.10,5669900,https://stooq.com/q/d/l/?s=2502.jp&i=d,2026-03-26T08:35:00+00:00
2502,2502.T,2502.jp,2017-07-10,1230.45,1234.68,1229.05,1232.42,4112194,https://stooq.com/q/d/l/?s=2502.jp&i=d,2026-03-26T08:35:00+00:00
2502,2502.T,2502.jp,2017-07-11,1232.15,1250.15,1231.86,1249.32,4003848,https://stooq.com/q/d/l/?s=2502.jp&i=d,2026-03-26T08:35:00+00:00
2502,2502.T,2502.jp,2017-07-12,1245.37,1245.94,1220.32,1223.98,5263863,https://stooq.com/q/d/l/?s=2502.jp&i=d,2026-03-26T08:35:00+00:00
2502,2502.T,2502.jp,2017-07-13,1225.67,1234.11,1222.86,1227.92,3884844,https://stooq.com/q/d/l/?s=2502.jp&i=d,2026-03-26T08:35:00+00:00
2502,2502.T,2502.jp,2017-07-14,1233.83,1240.87,1231.59,1231.86,3731025,https://stooq.com/q/d/l/?s=2502.jp&i=d,2026-03-26T08:35:00+00:00
2502,2502.T,2502.jp,2017-07-18,1231.30,1234.11,1218.91,1223.41,4039725,https://stooq.com/q/d/l/?s=2502.jp&i=d,2026-03-26T08:35:00+00:00
2502,2502.T,2502.jp,2017-07-19,1222.57,1240.30,1221.17,1234.39,3190005,https://stooq.com/q/d/l/?s=2502.jp&i=d,2026-03-26T08:35:00+00:00
2502,2502.T,2502.jp,2017-07-20,1234.39,1251.85,1233.55,1248.48,3852156,https://stooq.com/q/d/l/?s=2502.jp&i=d,2026-03-26T08:35:00+00:00
2502,2502.T,2502.jp,2017-07-21,1241.44,1256.64,1237.21,1252.12,3382538,https://stooq.com/q/d/l/?s=2502.jp&i=d,2026-03-26T08:35:00+00:00
2502,2502.T,2502.jp,2017-07-24,1249.59,1249.88,1236.09,1243.97,2660005,https://stooq.com/q/d/l/?s=2502.jp&i=d,2026-03-26T08:35:00+00:00
2502,2502.T,2502.jp,2017-07-25,1243.13,1255.51,1241.44,1242.00,3483783,https://stooq.com/q/d/l/?s=2502.jp&i=d,2026-03-26T08:35:00+00:00
2502,2502.T,2502.jp,2017-07-26,1261.71,1268.74,1249.59,1254.10,7411611,https://stooq.com/q/d/l/?s=2502.jp&i=d,2026-03-26T08:35:00+00:00
2502,2502.T,2502.jp,2017-07-27,1253.53,1272.12,1249.32,1265.36,3959086,https://stooq.com/q/d/l/?s=2502.jp&i=d,2026-03-26T08:35:00+00:00
2502,2502.T,2502.jp,2017-07-28,1266.21,1268.46,1261.42,1268.18,3458558,https://stooq.com/q/d/l/?s=2502.jp&i=d,2026-03-26T08:35:00+00:00
2502,2502.T,2502.jp,2017-07-31,1260.85,1268.74,1259.17,1266.48,4099046,https://stooq.com/q/d/l/?s=2502.jp&i=d,2026-03-26T08:35:00+00:00
2502,2502.T,2502.jp,2017-08-01,1259.17,1274.94,1258.88,1274.94,3455013,https://stooq.com/q/d/l/?s=2502.jp&i=d,2026-03-26T08:35:00+00:00
2502,2502.T,2502.jp,2017-08-02,1278.03,1285.62,1268.74,1282.81,3838304,https://stooq.com/q/d/l/?s=2502.jp&i=d,2026-03-26T08:35:00+00:00
2502,2502.T,2502.jp,2017-08-03,1283.65,1283.94,1275.21,1280.28,3947361,https://stooq.com/q/d/l/?s=2502.jp&i=d,2026-03-26T08:35:00+00:00
2502,2502.T,2502.jp,2017-08-04,1292.67,1310.97,1282.81,1303.93,7674127,https://stooq.com/q/d/l/?s=2502.jp&i=d,2026-03-26T08:35:00+00:00
2502,2502.T,2502.jp,2017-08-07,1303.93,1310.97,1293.79,1309.85,4040795,https://stooq.com/q/d/l/?s=2502.jp&i=d,2026-03-26T08:35:00+00:00
2502,2502.T,2502.jp,2017-08-08,1301.68,1308.99,1300.83,1302.23,3965124,https://stooq.com/q/d/l/?s=2502.jp&i=d,2026-03-26T08:35:00+00:00
2502,2502.T,2502.jp,2017-08-09,1301.68,1308.44,1298.02,1303.08,5160491,https://stooq.com/q/d/l/?s=2502.jp&i=d,2026-03-26T08:35:00+00:00
2502,2502.T,2502.jp,2017-08-10,1308.44,1310.97,1301.96,1308.44,4460672,https://stooq.com/q/d/l/?s=2502.jp&i=d,2026-03-26T08:35:00+00:00
2502,2502.T,2502.jp,2017-08-14,1311.81,1321.67,1307.31,1317.72,5539526,https://stooq.com/q/d/l/?s=2502.jp&i=d,2026-03-26T08:35:00+00:00
2502,2502.T,2502.jp,2017-08-15,1323.07,1323.35,1311.25,1311.53,4403490,https://stooq.com/q/d/l/?s=2502.jp&i=d,2026-03-26T08:35:00+00:00
2502,2502.T,2502.jp,2017-08-16,1310.41,1319.13,1299.99,1308.72,4109350,https://stooq.com/q/d/l/?s=2502.jp&i=d,2026-03-26T08:35:00+00:00
2502,2502.T,2502.jp,2017-08-17,1303.36,1303.36,1292.11,1296.05,2977579,https://stooq.com/q/d/l/?s=2502.jp&i=d,2026-03-26T08:35:00+00:00
2502,2502.T,2502.jp,2017-08-18,1295.48,1321.38,1293.79,1316.32,5674160,https://stooq.com/q/d/l/?s=2502.jp&i=d,2026-03-26T08:35:00+00:00
2502,2502.T,2502.jp,2017-08-21,1326.18,1328.13,1304.20,1307.59,4282701,https://stooq.com/q/d/l/?s=2502.jp&i=d,2026-03-26T08:35:00+00:00
2502,2502.T,2502.jp,2017-08-22,1306.47,1307.04,1297.45,1301.39,2598893,https://stooq.com/q/d/l/?s=2502.jp&i=d,2026-03-26T08:35:00+00:00
2502,2502.T,2502.jp,2017-08-23,1315.47,1318.56,1303.08,1308.99,3038675,https://stooq.com/q/d/l/?s=2502.jp&i=d,2026-03-26T08:35:00+00:00
2502,2502.T,2502.jp,2017-08-24,1301.39,1306.47,1299.14,1305.33,2332470,https://stooq.com/q/d/l/?s=2502.jp&i=d,2026-03-26T08:35:00+00:00
2502,2502.T,2502.jp,2017-08-25,1298.58,1304.20,1279.15,1296.05,3295510,https://stooq.com/q/d/l/?s=2502.jp&i=d,2026-03-26T08:35:00+00:00
2502,2502.T,2502.jp,2017-08-28,1308.44,1310.97,1299.71,1305.06,3409534,https://stooq.com/q/d/l/?s=2502.jp&i=d,2026-03-26T08:35:00+00:00
2502,2502.T,2502.jp,2017-08-29,1312.65,1327.29,1312.65,1320.25,4921060,https://stooq.com/q/d/l/?s=2502.jp&i=d,2026-03-26T08:35:00+00:00
2502,2502.T,2502.jp,2017-08-30,1334.32,1347.56,1332.08,1346.71,4786426,https://stooq.com/q/d/l/?s=2502.jp&i=d,2026-03-26T08:35:00+00:00
2502,2502.T,2502.jp,2017-08-31,1351.23,1351.23,1340.52,1348.12,3785024,https://stooq.com/q/d/l/?s=2502.jp&i=d,2026-03-26T08:35:00+00:00
2502,2502.T,2502.jp,2017-09-01,1351.23,1354.04,1332.91,1337.99,2327851,https://stooq.com/q/d/l/?s=2502.jp&i=d,2026-03-26T08:35:00+00:00
2502,2502.T,2502.jp,2017-09-04,1337.99,1340.24,1325.62,1332.91,2961585,https://stooq.com/q/d/l/?s=2502.jp&i=d,2026-03-26T08:35:00+00:00
2502,2502.T,2502.jp,2017-09-05,1325.33,1331.52,1311.53,1315.18,2734593,https://stooq.com/q/d/l/?s=2502.jp&i=d,2026-03-26T08:35:00+00:00
2502,2502.T,2502.jp,2017-09-06,1316.60,1332.08,1308.44,1330.11,4635100,https://stooq.com/q/d/l/?s=2502.jp&i=d,2026-03-26T08:35:00+00:00
2502,2502.T,2502.jp,2017-09-07,1332.08,1343.06,1323.07,1325.88,3923920,https://stooq.com/q/d/l/?s=2502.jp&i=d,2026-03-26T08:35:00+00:00
2502,2502.T,2502.jp,2017-09-08,1306.18,1310.97,1292.11,1297.73,11001607,https://stooq.com/q/d/l/?s=2502.jp&i=d,2026-03-26T08:35:00+00:00
2502,2502.T,2502.jp,2017-09-11,1299.14,1299.71,1284.79,1290.98,5124610,https://stooq.com/q/d/l/?s=2502.jp&i=d,2026-03-26T08:35:00+00:00
2502,2502.T,2502.jp,2017-09-12,1297.73,1314.35,1290.98,1311.53,4958721,https://stooq.com/q/d/l/?s=2502.jp&i=d,2026-03-26T08:35:00+00:00
2502,2502.T,2502.jp,2017-09-13,1307.59,1308.72,1299.99,1301.68,3052533,https://stooq.com/q/d/l/?s=2502.jp&i=d,2026-03-26T08:35:00+00:00
2502,2502.T,2502.jp,2017-09-14,1296.33,1302.52,1289.00,1292.11,4661388,https://stooq.com/q/d/l/?s=2502.jp&i=d,2026-03-26T08:35:00+00:00
2502,2502.T,2502.jp,2017-09-15,1294.36,1297.73,1279.72,1283.65,6622282,https://stooq.com/q/d/l/?s=2502.jp&i=d,2026-03-26T08:35:00+00:00
2502,2502.T,2502.jp,2017-09-19,1281.98,1293.23,1280.28,1290.42,5926024,https://stooq.com/q/d/l/?s=2502.jp&i=d,2026-03-26T08:35:00+00:00
2502,2502.T,2502.jp,2017-09-20,1280.85,1284.79,1270.71,1274.37,5349120,https://stooq.com/q/d/l/?s=2502.jp&i=d,2026-03-26T08:35:00+00:00
2502,2502.T,2502.jp,2017-09-21,1273.53,1283.10,1272.40,1277.74,4930293,https://stooq.com/q/d/l/?s=2502.jp&i=d,2026-03-26T08:35:00+00:00
2502,2502.T,2502.jp,2017-09-22,1289.00,1296.33,1283.65,1293.23,6407006,https://stooq.com/q/d/l/?s=2502.jp&i=d,2026-03-26T08:35:00+00:00
2502,2502.T,2502.jp,2017-09-25,1293.23,1294.91,1281.13,1288.44,3887681,https://stooq.com/q/d/l/?s=2502.jp&i=d,2026-03-26T08:35:00+00:00
2502,2502.T,2502.jp,2017-09-26,1281.69,1292.95,1276.06,1292.11,5080563,https://stooq.com/q/d/l/?s=2502.jp&i=d,2026-03-26T08:35:00+00:00
2502,2502.T,2502.jp,2017-09-27,1287.60,1290.70,1272.97,1279.72,3198886,https://stooq.com/q/d/l/?s=2502.jp&i=d,2026-03-26T08:35:00+00:00
2502,2502.T,2502.jp,2017-09-28,1276.06,1287.03,1274.37,1282.54,4597794,https://stooq.com/q/d/l/?s=2502.jp&i=d,2026-03-26T08:35:00+00:00
2502,2502.T,2502.jp,2017-09-29,1279.72,1284.50,1271.27,1282.54,5645028,https://stooq.com/q/d/l/?s=2502.jp&i=d,2026-03-26T08:35:00+00:00
2502,2502.T,2502.jp,2017-10-02,1282.54,1285.06,1271.83,1274.66,3666375,https://stooq.com/q/d/l/?s=2502.jp&i=d,2026-03-26T08:35:00+00:00
2502,2502.T,2502.jp,2017-10-03,1274.66,1289.29,1272.12,1286.47,4270275,https://stooq.com/q/d/l/?s=2502.jp&i=d,2026-03-26T08:35:00+00:00
2502,2502.T,2502.jp,2017-10-04,1303.36,1328.41,1294.08,1321.38,8053870,https://stooq.com/q/d/l/?s=2502.jp&i=d,2026-03-26T08:35:00+00:00
2502,2502.T,2502.jp,2017-10-05,1369.80,1403.86,1363.89,1394.85,16753918,https://stooq.com/q/d/l/?s=2502.jp&i=d,2026-03-26T08:35:00+00:00
2502,2502.T,2502.jp,2017-10-06,1394.85,1396.82,1378.24,1382.18,6600253,https://stooq.com/q/d/l/?s=2502.jp&i=d,2026-03-26T08:35:00+00:00
2502,2502.T,2502.jp,2017-10-10,1376.00,1399.92,1375.71,1392.04,5095840,https://stooq.com/q/d/l/?s=2502.jp&i=d,2026-03-26T08:35:00+00:00
2502,2502.T,2502.jp,2017-10-11,1384.72,1392.61,1378.81,1385.28,4488737,https://stooq.com/q/d/l/?s=2502.jp&i=d,2026-03-26T08:35:00+00:00
2502,2502.T,2502.jp,2017-10-12,1378.24,1385.85,1372.62,1383.03,5066714,https://stooq.com/q/d/l/?s=2502.jp&i=d,2026-03-26T08:35:00+00:00
2502,2502.T,2502.jp,2017-10-13,1384.16,1418.50,1383.88,1408.09,12173168,https://stooq.com/q/d/l/?s=2502.jp&i=d,2026-03-26T08:35:00+00:00
2502,2502.T,2502.jp,2017-10-16,1410.34,1423.57,1403.86,1410.34,8227940,https://stooq.com/q/d/l/?s=2502.jp&i=d,2026-03-26T08:35:00+00:00
2502,2502.T,2502.jp,2017-10-17,1414.56,1415.11,1401.05,1403.02,4037951,https://stooq.com/q/d/l/?s=2502.jp&i=d,2026-03-26T08:35:00+00:00
2502,2502.T,2502.jp,2017-10-18,1405.84,1413.43,1399.35,1404.43,3752343,https://stooq.com/q/d/l/?s=2502.jp&i=d,2026-03-26T08:35:00+00:00
2502,2502.T,2502.jp,2017-10-19,1409.49,1422.73,1404.43,1417.94,3804560,https://stooq.com/q/d/l/?s=2502.jp&i=d,2026-03-26T08:35:00+00:00
2502,2502.T,2502.jp,2017-10-20,1410.90,1423.00,1408.65,1414.85,3531382,https://stooq.com/q/d/l/?s=2502.jp&i=d,2026-03-26T08:35:00+00:00
2502,2502.T,2502.jp,2017-10-23,1427.23,1435.67,1421.88,1434.26,5163332,https://stooq.com/q/d/l/?s=2502.jp&i=d,2026-03-26T08:35:00+00:00
2502,2502.T,2502.jp,2017-10-24,1435.67,1439.90,1426.94,1432.29,3565485,https://stooq.com/q/d/l/?s=2502.jp&i=d,2026-03-26T08:35:00+00:00
2502,2502.T,2502.jp,2017-10-25,1434.54,1445.24,1425.25,1439.90,4522135,https://stooq.com/q/d/l/?s=2502.jp&i=d,2026-03-26T08:35:00+00:00
2502,2502.T,2502.jp,2017-10-26,1436.79,1448.62,1432.85,1438.49,2856083,https://stooq.com/q/d/l/?s=2502.jp&i=d,2026-03-26T08:35:00+00:00
2502,2502.T,2502.jp,2017-10-27,1449.75,1449.75,1433.98,1447.78,2672428,https://stooq.com/q/d/l/?s=2502.jp&i=d,2026-03-26T08:35:00+00:00
2502,2502.T,2502.jp,2017-10-30,1439.61,1442.43,1435.40,1439.34,4540606,https://stooq.com/q/d/l/?s=2502.jp&i=d,2026-03-26T08:35:00+00:00
2502,2502.T,2502.jp,2017-10-31,1436.52,1453.96,1430.32,1452.85,4264234,https://stooq.com/q/d/l/?s=2502.jp&i=d,2026-03-26T08:35:00+00:00
2502,2502.T,2502.jp,2017-11-01,1464.39,1466.35,1453.69,1462.98,3386451,https://stooq.com/q/d/l/?s=2502.jp&i=d,2026-03-26T08:35:00+00:00
2502,2502.T,2502.jp,2017-11-02,1474.82,1477.34,1461.28,1473.67,4692643,https://stooq.com/q/d/l/?s=2502.jp&i=d,2026-03-26T08:35:00+00:00
2502,2502.T,2502.jp,2017-11-06,1548.28,1551.09,1499.29,1514.49,8791693,https://stooq.com/q/d/l/?s=2502.jp&i=d,2026-03-26T08:35:00+00:00
2502,2502.T,2502.jp,2017-11-07,1463.82,1504.08,1451.43,1500.42,9829338,https://stooq.com/q/d/l/?s=2502.jp&i=d,2026-03-26T08:35:00+00:00
2502,2502.T,2502.jp,2017-11-08,1499.57,1503.80,1485.22,1502.39,4413079,https://stooq.com/q/d/l/?s=2502.jp&i=d,2026-03-26T08:35:00+00:00
2502,2502.T,2502.jp,2017-11-09,1499.02,1527.16,1482.96,1497.89,5434377,https://stooq.com/q/d/l/?s=2502.jp&i=d,2026-03-26T08:35:00+00:00
2502,2502.T,2502.jp,2017-11-10,1483.25,1508.87,1483.25,1506.05,5313954,https://stooq.com/q/d/l/?s=2502.jp&i=d,2026-03-26T08:35:00+00:00
2502,2502.T,2502.jp,2017-11-13,1501.83,1511.11,1493.38,1493.66,3003150,https://stooq.com/q/d/l/?s=2502.jp&i=d,2026-03-26T08:35:00+00:00
2502,2502.T,2502.jp,2017-11-14,1495.63,1512.52,1492.26,1502.10,4313256,https://stooq.com/q/d/l/?s=2502.jp&i=d,2026-03-26T08:35:00+00:00
2502,2502.T,2502.jp,2017-11-15,1492.81,1513.08,1490.00,1500.14,4963688,https://stooq.com/q/d/l/?s=2502.jp&i=d,2026-03-26T08:35:00+00:00
2502,2502.T,2502.jp,2017-11-16,1489.16,1511.67,1486.90,1508.87,4679848,https://stooq.com/q/d/l/?s=2502.jp&i=d,2026-03-26T08:35:00+00:00
2502,2502.T,2502.jp,2017-11-17,1543.21,1554.18,1526.88,1543.49,9675517,https://stooq.com/q/d/l/?s=2502.jp&i=d,2026-03-26T08:35:00+00:00
2502,2502.T,2502.jp,2017-11-20,1540.11,1558.97,1534.48,1557.85,6232235,https://stooq.com/q/d/l/?s=2502.jp&i=d,2026-03-26T08:35:00+00:00
2502,2502.T,2502.jp,2017-11-21,1563.76,1573.05,1560.10,1567.70,5804172,https://stooq.com/q/d/l/?s=2502.jp&i=d,2026-03-26T08:35:00+00:00
2502,2502.T,2502.jp,2017-11-22,1582.34,1586.28,1577.55,1582.05,5944846,https://stooq.com/q/d/l/?s=2502.jp&i=d,2026-03-26T08:35:00+00:00
2502,2502.T,2502.jp,2017-11-24,1564.04,1578.11,1562.06,1575.86,3993903,https://stooq.com/q/d/l/?s=2502.jp&i=d,2026-03-26T08:35:00+00:00
2502,2502.T,2502.jp,2017-11-27,1575.30,1576.14,1551.36,1556.43,4570087,https://stooq.com/q/d/l/?s=2502.jp&i=d,2026-03-26T08:35:00+00:00
2502,2502.T,2502.jp,2017-11-28,1559.54,1578.11,1558.40,1575.01,3845770,https://stooq.com/q/d/l/?s=2502.jp&i=d,2026-03-26T08:35:00+00:00
2502,2502.T,2502.jp,2017-11-29,1589.65,1589.65,1569.66,1572.49,3320379,https://stooq.com/q/d/l/?s=2502.jp&i=d,2026-03-26T08:35:00+00:00
2502,2502.T,2502.jp,2017-11-30,1590.21,1615.55,1573.33,1606.55,8175363,https://stooq.com/q/d/l/?s=2502.jp&i=d,2026-03-26T08:35:00+00:00
2502,2502.T,2502.jp,2017-12-01,1612.74,1618.09,1581.77,1591.91,5020531,https://stooq.com/q/d/l/?s=2502.jp&i=d,2026-03-26T08:35:00+00:00
2502,2502.T,2502.jp,2017-12-04,1608.24,1609.07,1589.65,1591.07,3599232,https://stooq.com/q/d/l/?s=2502.jp&i=d,2026-03-26T08:35:00+00:00
2502,2502.T,2502.jp,2017-12-05,1611.05,1611.33,1577.55,1579.52,6117494,https://stooq.com/q/d/l/?s=2502.jp&i=d,2026-03-26T08:35:00+00:00
2502,2502.T,2502.jp,2017-12-06,1586.83,1599.51,1573.05,1584.30,7338079,https://stooq.com/q/d/l/?s=2502.jp&i=d,2026-03-26T08:35:00+00:00
2502,2502.T,2502.jp,2017-12-07,1586.56,1611.62,1584.30,1609.36,5458884,https://stooq.com/q/d/l/?s=2502.jp&i=d,2026-03-26T08:35:00+00:00
2502,2502.T,2502.jp,2017-12-08,1607.67,1613.30,1587.40,1611.62,9727026,https://stooq.com/q/d/l/?s=2502.jp&i=d,2026-03-26T08:35:00+00:00
2502,2502.T,2502.jp,2017-12-11,1612.45,1617.53,1599.51,1616.68,4113260,https://stooq.com/q/d/l/?s=2502.jp&i=d,2026-03-26T08:35:00+00:00
2502,2502.T,2502.jp,2017-12-12,1618.65,1629.35,1616.12,1622.31,3396393,https://stooq.com/q/d/l/?s=2502.jp&i=d,2026-03-26T08:35:00+00:00
2502,2502.T,2502.jp,2017-12-13,1618.65,1623.45,1607.39,1612.74,4505084,https://stooq.com/q/d/l/?s=2502.jp&i=d,2026-03-26T08:35:00+00:00
2502,2502.T,2502.jp,2017-12-14,1608.24,1613.02,1602.04,1610.21,3001728,https://stooq.com/q/d/l/?s=2502.jp&i=d,2026-03-26T08:35:00+00:00
2502,2502.T,2502.jp,2017-12-15,1613.02,1619.78,1599.22,1607.39,4086972,https://stooq.com/q/d/l/?s=2502.jp&i=d,2026-03-26T08:35:00+00:00
2502,2502.T,2502.jp,2017-12-18,1624.84,1640.33,1611.05,1635.54,4783230,https://stooq.com/q/d/l/?s=2502.jp&i=d,2026-03-26T08:35:00+00:00
2502,2502.T,2502.jp,2017-12-19,1627.09,1629.63,1615.83,1615.83,3269929,https://stooq.com/q/d/l/?s=2502.jp&i=d,2026-03-26T08:35:00+00:00
2502,2502.T,2502.jp,2017-12-20,1610.21,1610.21,1596.42,1601.19,4684476,https://stooq.com/q/d/l/?s=2502.jp&i=d,2026-03-26T08:35:00+00:00
2502,2502.T,2502.jp,2017-12-21,1597.53,1612.18,1593.04,1611.62,3349501,https://stooq.com/q/d/l/?s=2502.jp&i=d,2026-03-26T08:35:00+00:00
2502,2502.T,2502.jp,2017-12-22,1604.57,1624.00,1604.30,1619.21,4319645,https://stooq.com/q/d/l/?s=2502.jp&i=d,2026-03-26T08:35:00+00:00
2502,2502.T,2502.jp,2017-12-25,1602.04,1622.03,1602.04,1618.65,2464259,https://stooq.com/q/d/l/?s=2502.jp&i=d,2026-03-26T08:35:00+00:00
2502,2502.T,2502.jp,2017-12-26,1618.92,1621.74,1609.64,1610.48,3106881,https://stooq.com/q/d/l/?s=2502.jp&i=d,2026-03-26T08:35:00+00:00
2502,2502.T,2502.jp,2017-12-27,1609.64,1615.02,1600.85,1603.97,2795689,https://stooq.com/q/d/l/?s=2502.jp&i=d,2026-03-26T08:35:00+00:00
2502,2502.T,2502.jp,2017-12-28,1605.67,1611.34,1590.37,1592.91,2552596,https://stooq.com/q/d/l/?s=2502.jp&i=d,2026-03-26T08:35:00+00:00
2502,2502.T,2502.jp,2017-12-29,1593.77,1594.61,1580.16,1584.41,2291160,https://stooq.com/q/d/l/?s=2502.jp&i=d,2026-03-26T08:35:00+00:00
2502,2502.T,2502.jp,2018-01-04,1596.59,1612.47,1584.97,1611.91,4757678,https://stooq.com/q/d/l/?s=2502.jp&i=d,2026-03-26T08:35:00+00:00
2502,2502.T,2502.jp,2018-01-05,1668.59,1702.60,1648.47,1689.57,13453104,https://stooq.com/q/d/l/?s=2502.jp&i=d,2026-03-26T08:35:00+00:00
2502,2502.T,2502.jp,2018-01-09,1700.62,1722.16,1693.81,1715.64,10767140,https://stooq.com/q/d/l/?s=2502.jp&i=d,2026-03-26T08:35:00+00:00
2502,2502.T,2502.jp,2018-01-10,1702.32,1702.60,1644.49,1648.19,7858196,https://stooq.com/q/d/l/?s=2502.jp&i=d,2026-03-26T08:35:00+00:00
2502,2502.T,2502.jp,2018-01-11,1639.40,1639.40,1607.08,1613.60,6698150,https://stooq.com/q/d/l/?s=2502.jp&i=d,2026-03-26T08:35:00+00:00
2502,2502.T,2502.jp,2018-01-12,1596.88,1603.97,1571.65,1592.91,7537490,https://stooq.com/q/d/l/?s=2502.jp&i=d,2026-03-26T08:35:00+00:00
2502,2502.T,2502.jp,2018-01-15,1594.90,1600.56,1567.40,1567.98,5402271,https://stooq.com/q/d/l/?s=2502.jp&i=d,2026-03-26T08:35:00+00:00
2502,2502.T,2502.jp,2018-01-16,1584.41,1605.38,1580.44,1594.05,3798733,https://stooq.com/q/d/l/?s=2502.jp&i=d,2026-03-26T08:35:00+00:00
2502,2502.T,2502.jp,2018-01-17,1595.75,1609.35,1592.06,1598.86,4670178,https://stooq.com/q/d/l/?s=2502.jp&i=d,2026-03-26T08:35:00+00:00
2502,2502.T,2502.jp,2018-01-18,1607.08,1607.08,1570.52,1573.93,6799402,https://stooq.com/q/d/l/?s=2502.jp&i=d,2026-03-26T08:35:00+00:00
2502,2502.T,2502.jp,2018-01-19,1598.86,1632.88,1590.37,1620.97,6066970,https://stooq.com/q/d/l/?s=2502.jp&i=d,2026-03-26T08:35:00+00:00
2502,2502.T,2502.jp,2018-01-22,1614.17,1623.51,1594.61,1616.16,3805788,https://stooq.com/q/d/l/?s=2502.jp&i=d,2026-03-26T08:35:00+00:00
2502,2502.T,2502.jp,2018-01-23,1624.09,1628.63,1617.29,1626.36,3663249,https://stooq.com/q/d/l/?s=2502.jp&i=d,2026-03-26T08:35:00+00:00
2502,2502.T,2502.jp,2018-01-24,1634.00,1642.80,1630.04,1640.25,3944446,https://stooq.com/q/d/l/?s=2502.jp&i=d,2026-03-26T08:35:00+00:00
2502,2502.T,2502.jp,2018-01-25,1640.25,1643.08,1624.37,1635.99,4379813,https://stooq.com/q/d/l/?s=2502.jp&i=d,2026-03-26T08:35:00+00:00
2502,2502.T,2502.jp,2018-01-26,1645.07,1652.42,1630.90,1633.44,3792383,https://stooq.com/q/d/l/?s=2502.jp&i=d,2026-03-26T08:35:00+00:00
2502,2502.T,2502.jp,2018-01-29,1630.33,1632.88,1594.05,1595.75,3827662,https://stooq.com/q/d/l/?s=2502.jp&i=d,2026-03-26T08:35:00+00:00
2502,2502.T,2502.jp,2018-01-30,1587.25,1594.61,1569.95,1574.78,4622550,https://stooq.com/q/d/l/?s=2502.jp&i=d,2026-03-26T08:35:00+00:00
2502,2502.T,2502.jp,2018-01-31,1585.83,1593.20,1553.79,1556.36,6170338,https://stooq.com/q/d/l/?s=2502.jp&i=d,2026-03-26T08:35:00+00:00
2502,2502.T,2502.jp,2018-02-01,1561.73,1608.22,1559.47,1606.24,5246679,https://stooq.com/q/d/l/?s=2502.jp&i=d,2026-03-26T08:35:00+00:00
2502,2502.T,2502.jp,2018-02-02,1596.59,1626.64,1593.48,1618.98,4495889,https://stooq.com/q/d/l/?s=2502.jp&i=d,2026-03-26T08:35:00+00:00
2502,2502.T,2502.jp,2018-02-05,1592.91,1601.13,1553.52,1554.65,4501539,https://stooq.com/q/d/l/?s=2502.jp&i=d,2026-03-26T08:35:00+00:00
2502,2502.T,2502.jp,2018-02-06,1492.00,1500.23,1444.67,1474.16,8658378,https://stooq.com/q/d/l/?s=2502.jp&i=d,2026-03-26T08:35:00+00:00
2502,2502.T,2502.jp,2018-02-07,1499.38,1550.12,1499.38,1502.21,7710722,https://stooq.com/q/d/l/?s=2502.jp&i=d,2026-03-26T08:35:00+00:00
2502,2502.T,2502.jp,2018-02-08,1505.90,1535.37,1503.07,1531.12,5565976,https://stooq.com/q/d/l/?s=2502.jp&i=d,2026-03-26T08:35:00+00:00
2502,2502.T,2502.jp,2018-02-09,1502.78,1540.19,1499.38,1536.79,9321667,https://stooq.com/q/d/l/?s=2502.jp&i=d,2026-03-26T08:35:00+00:00
2502,2502.T,2502.jp,2018-02-13,1532.26,1538.20,1514.40,1531.98,7398835,https://stooq.com/q/d/l/?s=2502.jp&i=d,2026-03-26T08:35:00+00:00
2502,2502.T,2502.jp,2018-02-14,1531.98,1554.65,1529.99,1544.45,5554331,https://stooq.com/q/d/l/?s=2502.jp&i=d,2026-03-26T08:35:00+00:00
2502,2502.T,2502.jp,2018-02-15,1558.90,1562.31,1537.93,1545.87,4897745,https://stooq.com/q/d/l/?s=2502.jp&i=d,2026-03-26T08:35:00+00:00
2502,2502.T,2502.jp,2018-02-16,1572.79,1619.84,1550.41,1613.03,8465742,https://stooq.com/q/d/l/?s=2502.jp&i=d,2026-03-26T08:35:00+00:00
2502,2502.T,2502.jp,2018-02-19,1613.03,1619.84,1597.45,1609.07,4902331,https://stooq.com/q/d/l/?s=2502.jp&i=d,2026-03-26T08:35:00+00:00
2502,2502.T,2502.jp,2018-02-20,1601.13,1610.48,1571.37,1574.49,4233751,https://stooq.com/q/d/l/?s=2502.jp&i=d,2026-03-26T08:35:00+00:00
2502,2502.T,2502.jp,2018-02-21,1566.55,1575.06,1554.94,1560.32,4738630,https://stooq.com/q/d/l/?s=2502.jp&i=d,2026-03-26T08:35:00+00:00
2502,2502.T,2502.jp,2018-02-22,1550.68,1562.58,1540.76,1558.62,5551865,https://stooq.com/q/d/l/?s=2502.jp&i=d,2026-03-26T08:35:00+00:00
2502,2502.T,2502.jp,2018-02-23,1560.04,1560.60,1548.42,1558.90,2780519,https://stooq.com/q/d/l/?s=2502.jp&i=d,2026-03-26T08:35:00+00:00
2502,2502.T,2502.jp,2018-02-26,1569.11,1573.64,1550.68,1564.00,3551410,https://stooq.com/q/d/l/?s=2502.jp&i=d,2026-03-26T08:35:00+00:00
2502,2502.T,2502.jp,2018-02-27,1573.93,1593.48,1564.85,1583.28,4465196,https://stooq.com/q/d/l/?s=2502.jp&i=d,2026-03-26T08:35:00+00:00
2502,2502.T,2502.jp,2018-02-28,1571.08,1581.87,1555.21,1556.36,4606323,https://stooq.com/q/d/l/?s=2502.jp&i=d,2026-03-26T08:35:00+00:00
2502,2502.T,2502.jp,2018-03-01,1556.63,1569.66,1555.50,1562.02,4452495,https://stooq.com/q/d/l/?s=2502.jp&i=d,2026-03-26T08:35:00+00:00
2502,2502.T,2502.jp,2018-03-02,1545.58,1558.34,1528.57,1541.04,6390846,https://stooq.com/q/d/l/?s=2502.jp&i=d,2026-03-26T08:35:00+00:00
2502,2502.T,2502.jp,2018-03-05,1530.56,1545.87,1522.06,1543.88,5004998,https://stooq.com/q/d/l/?s=2502.jp&i=d,2026-03-26T08:35:00+00:00
2502,2502.T,2502.jp,2018-03-06,1557.20,1569.11,1544.72,1563.15,4426740,https://stooq.com/q/d/l/?s=2502.jp&i=d,2026-03-26T08:35:00+00:00
2502,2502.T,2502.jp,2018-03-07,1559.47,1575.91,1554.65,1563.15,5731093,https://stooq.com/q/d/l/?s=2502.jp&i=d,2026-03-26T08:35:00+00:00
2502,2502.T,2502.jp,2018-03-08,1568.25,1568.83,1550.68,1559.47,4779907,https://stooq.com/q/d/l/?s=2502.jp&i=d,2026-03-26T08:35:00+00:00
2502,2502.T,2502.jp,2018-03-09,1570.23,1617.86,1569.66,1586.11,9596154,https://stooq.com/q/d/l/?s=2502.jp&i=d,2026-03-26T08:35:00+00:00
2502,2502.T,2502.jp,2018-03-12,1607.08,1608.78,1571.65,1590.37,3832254,https://stooq.com/q/d/l/?s=2502.jp&i=d,2026-03-26T08:35:00+00:00
2502,2502.T,2502.jp,2018-03-13,1587.81,1603.69,1581.01,1603.41,2828855,https://stooq.com/q/d/l/?s=2502.jp&i=d,2026-03-26T08:35:00+00:00
2502,2502.T,2502.jp,2018-03-14,1598.58,1613.89,1596.31,1611.34,2906119,https://stooq.com/q/d/l/?s=2502.jp&i=d,2026-03-26T08:35:00+00:00
2502,2502.T,2502.jp,2018-03-15,1587.25,1611.62,1576.48,1610.21,4828599,https://stooq.com/q/d/l/?s=2502.jp&i=d,2026-03-26T08:35:00+00:00
2502,2502.T,2502.jp,2018-03-16,1609.35,1613.89,1599.14,1601.70,5935370,https://stooq.com/q/d/l/?s=2502.jp&i=d,2026-03-26T08:35:00+00:00
2502,2502.T,2502.jp,2018-03-19,1594.05,1596.59,1569.39,1574.78,2856371,https://stooq.com/q/d/l/?s=2502.jp&i=d,2026-03-26T08:35:00+00:00
2502,2502.T,2502.jp,2018-03-20,1559.18,1564.28,1538.77,1554.65,4158956,https://stooq.com/q/d/l/?s=2502.jp&i=d,2026-03-26T08:35:00+00:00
2502,2502.T,2502.jp,2018-03-22,1554.94,1590.37,1553.23,1586.11,4334657,https://stooq.com/q/d/l/?s=2502.jp&i=d,2026-03-26T08:35:00+00:00
2502,2502.T,2502.jp,2018-03-23,1549.83,1553.52,1526.03,1528.29,7717073,https://stooq.com/q/d/l/?s=2502.jp&i=d,2026-03-26T08:35:00+00:00
2502,2502.T,2502.jp,2018-03-26,1512.13,1544.72,1504.20,1544.72,5104146,https://stooq.com/q/d/l/?s=2502.jp&i=d,2026-03-26T08:35:00+00:00
2502,2502.T,2502.jp,2018-03-27,1549.55,1578.17,1545.30,1577.61,6297361,https://stooq.com/q/d/l/?s=2502.jp&i=d,2026-03-26T08:35:00+00:00
2502,2502.T,2502.jp,2018-03-28,1562.87,1569.95,1544.15,1558.05,4343480,https://stooq.com/q/d/l/?s=2502.jp&i=d,2026-03-26T08:35:00+00:00
2502,2502.T,2502.jp,2018-03-29,1585.83,1612.76,1583.56,1612.76,5621364,https://stooq.com/q/d/l/?s=2502.jp&i=d,2026-03-26T08:35:00+00:00
2502,2502.T,2502.jp,2018-03-30,1622.96,1623.24,1597.45,1606.24,4095097,https://stooq.com/q/d/l/?s=2502.jp&i=d,2026-03-26T08:35:00+00:00
2502,2502.T,2502.jp,2018-04-02,1610.48,1614.74,1594.61,1594.61,2647859,https://stooq.com/q/d/l/?s=2502.jp&i=d,2026-03-26T08:35:00+00:00
2502,2502.T,2502.jp,2018-04-03,1580.72,1613.03,1579.88,1609.35,3676306,https://stooq.com/q/d/l/?s=2502.jp&i=d,2026-03-26T08:35:00+00:00
2502,2502.T,2502.jp,2018-04-04,1611.34,1621.26,1592.91,1614.74,4258805,https://stooq.com/q/d/l/?s=2502.jp&i=d,2026-03-26T08:35:00+00:00
2502,2502.T,2502.jp,2018-04-05,1625.23,1641.10,1614.74,1633.73,3940568,https://stooq.com/q/d/l/?s=2502.jp&i=d,2026-03-26T08:35:00+00:00
2502,2502.T,2502.jp,2018-04-06,1632.02,1646.48,1624.94,1631.18,4292669,https://stooq.com/q/d/l/?s=2502.jp&i=d,2026-03-26T08:35:00+00:00
2502,2502.T,2502.jp,2018-04-09,1633.44,1660.93,1633.17,1651.30,3176376,https://stooq.com/q/d/l/?s=2502.jp&i=d,2026-03-26T08:35:00+00:00
2502,2502.T,2502.jp,2018-04-10,1644.49,1666.32,1629.47,1629.47,5036047,https://stooq.com/q/d/l/?s=2502.jp&i=d,2026-03-26T08:35:00+00:00
2502,2502.T,2502.jp,2018-04-11,1620.40,1622.38,1585.26,1594.05,4477901,https://stooq.com/q/d/l/?s=2502.jp&i=d,2026-03-26T08:35:00+00:00
2502,2502.T,2502.jp,2018-04-12,1595.75,1604.82,1588.95,1598.58,3046887,https://stooq.com/q/d/l/?s=2502.jp&i=d,2026-03-26T08:35:00+00:00
2502,2502.T,2502.jp,2018-04-13,1594.05,1594.61,1563.15,1570.52,5130958,https://stooq.com/q/d/l/?s=2502.jp&i=d,2026-03-26T08:35:00+00:00
2502,2502.T,2502.jp,2018-04-16,1576.76,1580.72,1556.92,1561.45,4010066,https://stooq.com/q/d/l/?s=2502.jp&i=d,2026-03-26T08:35:00+00:00
2502,2502.T,2502.jp,2018-04-17,1558.05,1571.65,1551.25,1554.65,4139548,https://stooq.com/q/d/l/?s=2502.jp&i=d,2026-03-26T08:35:00+00:00
2502,2502.T,2502.jp,2018-04-18,1560.60,1570.23,1548.98,1555.21,5798830,https://stooq.com/q/d/l/?s=2502.jp&i=d,2026-03-26T08:35:00+00:00
2502,2502.T,2502.jp,2018-04-19,1555.21,1569.39,1550.97,1558.34,4543172,https://stooq.com/q/d/l/?s=2502.jp&i=d,2026-03-26T08:35:00+00:00
2502,2502.T,2502.jp,2018-04-20,1554.37,1563.15,1547.57,1553.23,4315253,https://stooq.com/q/d/l/?s=2502.jp&i=d,2026-03-26T08:35:00+00:00
2502,2502.T,2502.jp,2018-04-23,1554.37,1568.83,1539.06,1541.32,4247154,https://stooq.com/q/d/l/?s=2502.jp&i=d,2026-03-26T08:35:00+00:00
2502,2502.T,2502.jp,2018-04-24,1547.57,1550.97,1531.69,1533.68,4401341,https://stooq.com/q/d/l/?s=2502.jp&i=d,2026-03-26T08:35:00+00:00
2502,2502.T,2502.jp,2018-04-25,1529.71,1545.87,1526.87,1540.48,4535406,https://stooq.com/q/d/l/?s=2502.jp&i=d,2026-03-26T08:35:00+00:00
2502,2502.T,2502.jp,2018-04-26,1548.13,1563.72,1534.80,1560.32,4454967,https://stooq.com/q/d/l/?s=2502.jp&i=d,2026-03-26T08:35:00+00:00
2502,2502.T,2502.jp,2018-04-27,1569.66,1580.72,1563.15,1569.11,5176818,https://stooq.com/q/d/l/?s=2502.jp&i=d,2026-03-26T08:35:00+00:00
2502,2502.T,2502.jp,2018-05-01,1578.74,1604.82,1569.95,1592.91,5397326,https://stooq.com/q/d/l/?s=2502.jp&i=d,2026-03-26T08:35:00+00:00
2502,2502.T,2502.jp,2018-05-02,1587.25,1589.23,1575.62,1583.56,4483540,https://stooq.com/q/d/l/?s=2502.jp&i=d,2026-03-26T08:35:00+00:00
2502,2502.T,2502.jp,2018-05-07,1572.21,1577.33,1554.08,1556.63,4103215,https://stooq.com/q/d/l/?s=2502.jp&i=d,2026-03-26T08:35:00+00:00
2502,2502.T,2502.jp,2018-05-08,1563.15,1568.54,1551.53,1561.73,4880112,https://stooq.com/q/d/l/?s=2502.jp&i=d,2026-03-26T08:35:00+00:00
2502,2502.T,2502.jp,2018-05-09,1675.11,1694.95,1653.85,1673.41,11368684,https://stooq.com/q/d/l/?s=2502.jp&i=d,2026-03-26T08:35:00+00:00
2502,2502.T,2502.jp,2018-05-10,1673.41,1677.66,1648.19,1656.69,5013818,https://stooq.com/q/d/l/?s=2502.jp&i=d,2026-03-26T08:35:00+00:00
2502,2502.T,2502.jp,2018-05-11,1681.62,1720.17,1666.61,1713.09,9566163,https://stooq.com/q/d/l/?s=2502.jp&i=d,2026-03-26T08:35:00+00:00
2502,2502.T,2502.jp,2018-05-14,1700.62,1702.60,1673.12,1675.96,5051227,https://stooq.com/q/d/l/?s=2502.jp&i=d,2026-03-26T08:35:00+00:00
2502,2502.T,2502.jp,2018-05-15,1675.68,1682.49,1646.48,1647.62,9975432,https://stooq.com/q/d/l/?s=2502.jp&i=d,2026-03-26T08:35:00+00:00
2502,2502.T,2502.jp,2018-05-16,1647.62,1660.09,1629.76,1654.13,8820315,https://stooq.com/q/d/l/?s=2502.jp&i=d,2026-03-26T08:35:00+00:00
2502,2502.T,2502.jp,2018-05-17,1654.13,1655.27,1638.27,1646.76,4208701,https://stooq.com/q/d/l/?s=2502.jp&i=d,2026-03-26T08:35:00+00:00
2502,2502.T,2502.jp,2018-05-18,1651.30,1652.42,1639.12,1646.20,2942455,https://stooq.com/q/d/l/?s=2502.jp&i=d,2026-03-26T08:35:00+00:00
2502,2502.T,2502.jp,2018-05-21,1637.41,1645.07,1631.18,1632.61,3058884,https://stooq.com/q/d/l/?s=2502.jp&i=d,2026-03-26T08:35:00+00:00
2502,2502.T,2502.jp,2018-05-22,1636.85,1640.25,1618.14,1623.24,3858009,https://stooq.com/q/d/l/?s=2502.jp&i=d,2026-03-26T08:35:00+00:00
2502,2502.T,2502.jp,2018-05-23,1618.42,1629.19,1605.67,1610.48,5672169,https://stooq.com/q/d/l/?s=2502.jp&i=d,2026-03-26T08:35:00+00:00
2502,2502.T,2502.jp,2018-05-24,1601.42,1615.02,1584.41,1594.33,5128133,https://stooq.com/q/d/l/?s=2502.jp&i=d,2026-03-26T08:35:00+00:00
2502,2502.T,2502.jp,2018-05-25,1591.50,1598.58,1587.81,1595.46,4491303,https://stooq.com/q/d/l/?s=2502.jp&i=d,2026-03-26T08:35:00+00:00
2502,2502.T,2502.jp,2018-05-28,1634.30,1638.83,1626.92,1632.61,3998780,https://stooq.com/q/d/l/?s=2502.jp&i=d,2026-03-26T08:35:00+00:00
2502,2502.T,2502.jp,2018-05-29,1618.98,1623.51,1606.81,1613.03,3994543,https://stooq.com/q/d/l/?s=2502.jp&i=d,2026-03-26T08:35:00+00:00
2502,2502.T,2502.jp,2018-05-30,1593.77,1598.58,1577.61,1585.83,4397811,https://stooq.com/q/d/l/?s=2502.jp&i=d,2026-03-26T08:35:00+00:00
2502,2502.T,2502.jp,2018-05-31,1591.22,1620.40,1587.81,1614.46,13918111,https://stooq.com/q/d/l/?s=2502.jp&i=d,2026-03-26T08:35:00+00:00
2502,2502.T,2502.jp,2018-06-01,1586.11,1601.70,1578.74,1587.25,5873981,https://stooq.com/q/d/l/?s=2502.jp&i=d,2026-03-26T08:35:00+00:00
2502,2502.T,2502.jp,2018-06-04,1596.03,1598.30,1585.54,1586.97,4053819,https://stooq.com/q/d/l/?s=2502.jp&i=d,2026-03-26T08:35:00+00:00
2502,2502.T,2502.jp,2018-06-05,1596.31,1607.94,1595.46,1598.86,4158956,https://stooq.com/q/d/l/?s=2502.jp&i=d,2026-03-26T08:35:00+00:00
2502,2502.T,2502.jp,2018-06-06,1590.93,1598.86,1584.13,1585.26,4887872,https://stooq.com/q/d/l/?s=2502.jp&i=d,2026-03-26T08:35:00+00:00
2502,2502.T,2502.jp,2018-06-07,1587.25,1597.16,1585.26,1591.78,4833178,https://stooq.com/q/d/l/?s=2502.jp&i=d,2026-03-26T08:35:00+00:00
2502,2502.T,2502.jp,2018-06-08,1578.74,1585.54,1565.98,1571.65,6384496,https://stooq.com/q/d/l/?s=2502.jp&i=d,2026-03-26T08:35:00+00:00
2502,2502.T,2502.jp,2018-06-11,1574.78,1593.48,1572.21,1582.99,2875423,https://stooq.com/q/d/l/?s=2502.jp&i=d,2026-03-26T08:35:00+00:00
2502,2502.T,2502.jp,2018-06-12,1583.84,1619.28,1582.99,1615.30,4117678,https://stooq.com/q/d/l/?s=2502.jp&i=d,2026-03-26T08:35:00+00:00
2502,2502.T,2502.jp,2018-06-13,1618.14,1649.60,1616.43,1645.07,6004517,https://stooq.com/q/d/l/?s=2502.jp&i=d,2026-03-26T08:35:00+00:00
2502,2502.T,2502.jp,2018-06-14,1639.12,1639.12,1600.00,1614.46,4814834,https://stooq.com/q/d/l/?s=2502.jp&i=d,2026-03-26T08:35:00+00:00
2502,2502.T,2502.jp,2018-06-15,1617.57,1626.08,1607.08,1616.16,5609723,https://stooq.com/q/d/l/?s=2502.jp&i=d,2026-03-26T08:35:00+00:00
2502,2502.T,2502.jp,2018-06-18,1619.28,1622.38,1587.25,1588.09,3059236,https://stooq.com/q/d/l/?s=2502.jp&i=d,2026-03-26T08:35:00+00:00
2502,2502.T,2502.jp,2018-06-19,1588.95,1596.59,1576.19,1579.88,4404162,https://stooq.com/q/d/l/?s=2502.jp&i=d,2026-03-26T08:35:00+00:00
2502,2502.T,2502.jp,2018-06-20,1601.42,1628.91,1600.85,1623.51,6084250,https://stooq.com/q/d/l/?s=2502.jp&i=d,2026-03-26T08:35:00+00:00
2502,2502.T,2502.jp,2018-06-21,1609.07,1629.47,1606.24,1623.80,4312073,https://stooq.com/q/d/l/?s=2502.jp&i=d,2026-03-26T08:35:00+00:00
2502,2502.T,2502.jp,2018-06-22,1616.43,1623.24,1591.78,1601.98,7272879,https://stooq.com/q/d/l/?s=2502.jp&i=d,2026-03-26T08:35:00+00:00
2502,2502.T,2502.jp,2018-06-25,1605.67,1608.22,1567.68,1571.93,4215763,https://stooq.com/q/d/l/?s=2502.jp&i=d,2026-03-26T08:35:00+00:00
2502,2502.T,2502.jp,2018-06-26,1584.13,1609.35,1565.98,1606.81,5150359,https://stooq.com/q/d/l/?s=2502.jp&i=d,2026-03-26T08:35:00+00:00
2502,2502.T,2502.jp,2018-06-27,1619.09,1630.52,1608.24,1618.51,4175296,https://stooq.com/q/d/l/?s=2502.jp&i=d,2026-03-26T08:35:00+00:00
2502,2502.T,2502.jp,2018-06-28,1611.38,1614.52,1599.09,1613.37,3016401,https://stooq.com/q/d/l/?s=2502.jp&i=d,2026-03-26T08:35:00+00:00
2502,2502.T,2502.jp,2018-06-29,1621.95,1625.95,1604.52,1620.52,3617027,https://stooq.com/q/d/l/?s=2502.jp&i=d,2026-03-26T08:35:00+00:00
2502,2502.T,2502.jp,2018-07-02,1614.52,1619.65,1561.08,1561.66,3575374,https://stooq.com/q/d/l/?s=2502.jp&i=d,2026-03-26T08:35:00+00:00
2502,2502.T,2502.jp,2018-07-03,1569.94,1569.94,1534.23,1547.94,3897736,https://stooq.com/q/d/l/?s=2502.jp&i=d,2026-03-26T08:35:00+00:00
2502,2502.T,2502.jp,2018-07-04,1539.96,1559.08,1529.38,1555.94,2762643,https://stooq.com/q/d/l/?s=2502.jp&i=d,2026-03-26T08:35:00+00:00
2502,2502.T,2502.jp,2018-07-05,1584.23,1596.23,1555.37,1562.23,4435705,https://stooq.com/q/d/l/?s=2502.jp&i=d,2026-03-26T08:35:00+00:00
2502,2502.T,2502.jp,2018-07-06,1584.80,1596.51,1571.08,1590.23,4665311,https://stooq.com/q/d/l/?s=2502.jp&i=d,2026-03-26T08:35:00+00:00
2502,2502.T,2502.jp,2018-07-09,1597.94,1612.80,1582.80,1608.24,3755630,https://stooq.com/q/d/l/?s=2502.jp&i=d,2026-03-26T08:35:00+00:00
2502,2502.T,2502.jp,2018-07-10,1598.51,1606.81,1571.08,1572.81,3975792,https://stooq.com/q/d/l/?s=2502.jp&i=d,2026-03-26T08:35:00+00:00
2502,2502.T,2502.jp,2018-07-11,1551.94,1569.09,1549.09,1561.08,4852912,https://stooq.com/q/d/l/?s=2502.jp&i=d,2026-03-26T08:35:00+00:00
2502,2502.T,2502.jp,2018-07-12,1551.94,1608.24,1551.37,1597.37,5530890,https://stooq.com/q/d/l/?s=2502.jp&i=d,2026-03-26T08:35:00+00:00
2502,2502.T,2502.jp,2018-07-13,1617.09,1633.08,1605.37,1620.80,4871121,https://stooq.com/q/d/l/?s=2502.jp&i=d,2026-03-26T08:35:00+00:00
2502,2502.T,2502.jp,2018-07-17,1606.51,1645.37,1606.51,1636.79,4492405,https://stooq.com/q/d/l/?s=2502.jp&i=d,2026-03-26T08:35:00+00:00
2502,2502.T,2502.jp,2018-07-18,1639.66,1648.23,1613.08,1614.81,3781879,https://stooq.com/q/d/l/?s=2502.jp&i=d,2026-03-26T08:35:00+00:00
2502,2502.T,2502.jp,2018-07-19,1579.37,1587.66,1569.09,1579.66,4643955,https://stooq.com/q/d/l/?s=2502.jp&i=d,2026-03-26T08:35:00+00:00
2502,2502.T,2502.jp,2018-07-20,1585.66,1605.66,1583.95,1603.38,4351001,https://stooq.com/q/d/l/?s=2502.jp&i=d,2026-03-26T08:35:00+00:00
2502,2502.T,2502.jp,2018-07-23,1587.37,1596.80,1578.52,1583.09,3579573,https://stooq.com/q/d/l/?s=2502.jp&i=d,2026-03-26T08:35:00+00:00
2502,2502.T,2502.jp,2018-07-24,1585.37,1586.23,1565.65,1566.81,4142043,https://stooq.com/q/d/l/?s=2502.jp&i=d,2026-03-26T08:35:00+00:00
2502,2502.T,2502.jp,2018-07-25,1571.38,1585.66,1568.23,1579.09,3549474,https://stooq.com/q/d/l/?s=2502.jp&i=d,2026-03-26T08:35:00+00:00
2502,2502.T,2502.jp,2018-07-26,1592.23,1593.37,1575.66,1587.09,3131556,https://stooq.com/q/d/l/?s=2502.jp&i=d,2026-03-26T08:35:00+00:00
2502,2502.T,2502.jp,2018-07-27,1590.80,1593.66,1579.95,1591.09,3139959,https://stooq.com/q/d/l/?s=2502.jp&i=d,2026-03-26T08:35:00+00:00
2502,2502.T,2502.jp,2018-07-30,1577.94,1578.80,1563.38,1571.08,2442738,https://stooq.com/q/d/l/?s=2502.jp&i=d,2026-03-26T08:35:00+00:00
2502,2502.T,2502.jp,2018-07-31,1562.23,1562.80,1535.95,1549.09,5336981,https://stooq.com/q/d/l/?s=2502.jp&i=d,2026-03-26T08:35:00+00:00
2502,2502.T,2502.jp,2018-08-01,1553.09,1555.67,1528.52,1546.53,3407362,https://stooq.com/q/d/l/?s=2502.jp&i=d,2026-03-26T08:35:00+00:00
2502,2502.T,2502.jp,2018-08-02,1536.23,1548.51,1520.52,1530.23,3794829,https://stooq.com/q/d/l/?s=2502.jp&i=d,2026-03-26T08:35:00+00:00
2502,2502.T,2502.jp,2018-08-03,1501.67,1522.52,1443.95,1453.67,12041469,https://stooq.com/q/d/l/?s=2502.jp&i=d,2026-03-26T08:35:00+00:00
2502,2502.T,2502.jp,2018-08-06,1448.53,1451.94,1417.67,1417.67,6433927,https://stooq.com/q/d/l/?s=2502.jp&i=d,2026-03-26T08:35:00+00:00
2502,2502.T,2502.jp,2018-08-07,1420.24,1427.09,1406.52,1425.66,4284847,https://stooq.com/q/d/l/?s=2502.jp&i=d,2026-03-26T08:35:00+00:00
2502,2502.T,2502.jp,2018-08-08,1424.24,1424.52,1407.95,1411.10,5008676,https://stooq.com/q/d/l/?s=2502.jp&i=d,2026-03-26T08:35:00+00:00
2502,2502.T,2502.jp,2018-08-09,1391.38,1410.81,1391.10,1403.38,5312134,https://stooq.com/q/d/l/?s=2502.jp&i=d,2026-03-26T08:35:00+00:00
2502,2502.T,2502.jp,2018-08-10,1419.09,1423.95,1406.24,1413.95,7285154,https://stooq.com/q/d/l/?s=2502.jp&i=d,2026-03-26T08:35:00+00:00
2502,2502.T,2502.jp,2018-08-13,1399.95,1407.37,1389.96,1392.23,5503937,https://stooq.com/q/d/l/?s=2502.jp&i=d,2026-03-26T08:35:00+00:00
2502,2502.T,2502.jp,2018-08-14,1412.24,1428.81,1408.52,1428.81,5172478,https://stooq.com/q/d/l/?s=2502.jp&i=d,2026-03-26T08:35:00+00:00
2502,2502.T,2502.jp,2018-08-15,1425.66,1433.09,1402.24,1407.10,3938683,https://stooq.com/q/d/l/?s=2502.jp&i=d,2026-03-26T08:35:00+00:00
2502,2502.T,2502.jp,2018-08-16,1399.38,1404.80,1384.53,1403.38,5501141,https://stooq.com/q/d/l/?s=2502.jp&i=d,2026-03-26T08:35:00+00:00
2502,2502.T,2502.jp,2018-08-17,1391.10,1408.52,1390.81,1401.66,3383220,https://stooq.com/q/d/l/?s=2502.jp&i=d,2026-03-26T08:35:00+00:00
2502,2502.T,2502.jp,2018-08-20,1401.66,1418.24,1400.80,1407.67,3376565,https://stooq.com/q/d/l/?s=2502.jp&i=d,2026-03-26T08:35:00+00:00
2502,2502.T,2502.jp,2018-08-21,1401.10,1409.37,1392.23,1399.38,3646427,https://stooq.com/q/d/l/?s=2502.jp&i=d,2026-03-26T08:35:00+00:00
2502,2502.T,2502.jp,2018-08-22,1401.66,1407.95,1395.38,1402.24,2675146,https://stooq.com/q/d/l/?s=2502.jp&i=d,2026-03-26T08:35:00+00:00
2502,2502.T,2502.jp,2018-08-23,1406.81,1419.38,1405.95,1416.52,2743045,https://stooq.com/q/d/l/?s=2502.jp&i=d,2026-03-26T08:35:00+00:00
2502,2502.T,2502.jp,2018-08-24,1409.37,1421.09,1395.09,1419.38,3909286,https://stooq.com/q/d/l/?s=2502.jp&i=d,2026-03-26T08:35:00+00:00
2502,2502.T,2502.jp,2018-08-27,1422.81,1435.38,1420.81,1431.09,2661491,https://stooq.com/q/d/l/?s=2502.jp&i=d,2026-03-26T08:35:00+00:00
2502,2502.T,2502.jp,2018-08-28,1436.80,1442.81,1424.81,1426.81,3281364,https://stooq.com/q/d/l/?s=2502.jp&i=d,2026-03-26T08:35:00+00:00
2502,2502.T,2502.jp,2018-08-29,1419.66,1435.09,1417.95,1431.66,3551921,https://stooq.com/q/d/l/?s=2502.jp&i=d,2026-03-26T08:35:00+00:00
2502,2502.T,2502.jp,2018-08-30,1441.66,1451.38,1429.09,1435.95,4223248,https://stooq.com/q/d/l/?s=2502.jp&i=d,2026-03-26T08:35:00+00:00
2502,2502.T,2502.jp,2018-08-31,1437.09,1454.23,1429.09,1433.95,4585865,https://stooq.com/q/d/l/?s=2502.jp&i=d,2026-03-26T08:35:00+00:00
2502,2502.T,2502.jp,2018-09-03,1426.52,1431.09,1417.09,1421.09,2565592,https://stooq.com/q/d/l/?s=2502.jp&i=d,2026-03-26T08:35:00+00:00
2502,2502.T,2502.jp,2018-09-04,1414.52,1423.66,1403.95,1414.81,3320217,https://stooq.com/q/d/l/?s=2502.jp&i=d,2026-03-26T08:35:00+00:00
2502,2502.T,2502.jp,2018-09-05,1414.81,1422.24,1404.53,1405.66,3633128,https://stooq.com/q/d/l/?s=2502.jp&i=d,2026-03-26T08:35:00+00:00
2502,2502.T,2502.jp,2018-09-06,1388.80,1392.23,1366.52,1371.09,6388768,https://stooq.com/q/d/l/?s=2502.jp&i=d,2026-03-26T08:35:00+00:00
2502,2502.T,2502.jp,2018-09-07,1362.24,1376.82,1345.38,1367.09,5862705,https://stooq.com/q/d/l/?s=2502.jp&i=d,2026-03-26T08:35:00+00:00
2502,2502.T,2502.jp,2018-09-10,1360.81,1372.82,1357.11,1367.38,3939036,https://stooq.com/q/d/l/?s=2502.jp&i=d,2026-03-26T08:35:00+00:00
2502,2502.T,2502.jp,2018-09-11,1366.24,1375.38,1360.24,1366.52,3410170,https://stooq.com/q/d/l/?s=2502.jp&i=d,2026-03-26T08:35:00+00:00
2502,2502.T,2502.jp,2018-09-12,1368.52,1381.38,1364.25,1380.23,3251611,https://stooq.com/q/d/l/?s=2502.jp&i=d,2026-03-26T08:35:00+00:00
2502,2502.T,2502.jp,2018-09-13,1385.66,1394.80,1373.66,1384.24,3285921,https://stooq.com/q/d/l/?s=2502.jp&i=d,2026-03-26T08:35:00+00:00
2502,2502.T,2502.jp,2018-09-14,1388.53,1404.24,1380.23,1400.24,7217953,https://stooq.com/q/d/l/?s=2502.jp&i=d,2026-03-26T08:35:00+00:00
2502,2502.T,2502.jp,2018-09-18,1406.52,1421.09,1402.81,1417.38,5223584,https://stooq.com/q/d/l/?s=2502.jp&i=d,2026-03-26T08:35:00+00:00
2502,2502.T,2502.jp,2018-09-19,1428.52,1432.52,1407.37,1407.37,6857440,https://stooq.com/q/d/l/?s=2502.jp&i=d,2026-03-26T08:35:00+00:00
2502,2502.T,2502.jp,2018-09-20,1399.66,1401.10,1383.67,1388.23,8530147,https://stooq.com/q/d/l/?s=2502.jp&i=d,2026-03-26T08:35:00+00:00
2502,2502.T,2502.jp,2018-09-21,1397.66,1424.24,1394.24,1423.95,9358275,https://stooq.com/q/d/l/?s=2502.jp&i=d,2026-03-26T08:35:00+00:00
2502,2502.T,2502.jp,2018-09-25,1413.95,1429.38,1413.38,1427.65,7163693,https://stooq.com/q/d/l/?s=2502.jp&i=d,2026-03-26T08:35:00+00:00
2502,2502.T,2502.jp,2018-09-26,1421.09,1421.66,1390.24,1409.09,8005828,https://stooq.com/q/d/l/?s=2502.jp&i=d,2026-03-26T08:35:00+00:00
2502,2502.T,2502.jp,2018-09-27,1405.66,1420.81,1394.24,1396.53,5975058,https://stooq.com/q/d/l/?s=2502.jp&i=d,2026-03-26T08:35:00+00:00
2502,2502.T,2502.jp,2018-09-28,1410.81,1421.38,1399.38,1407.10,7049598,https://stooq.com/q/d/l/?s=2502.jp&i=d,2026-03-26T08:35:00+00:00
2502,2502.T,2502.jp,2018-10-01,1418.52,1443.66,1417.09,1431.95,5548740,https://stooq.com/q/d/l/?s=2502.jp&i=d,2026-03-26T08:35:00+00:00
2502,2502.T,2502.jp,2018-10-02,1435.09,1442.52,1419.09,1437.67,6935490,https://stooq.com/q/d/l/?s=2502.jp&i=d,2026-03-26T08:35:00+00:00
2502,2502.T,2502.jp,2018-10-03,1428.52,1429.66,1399.38,1404.80,5258934,https://stooq.com/q/d/l/?s=2502.jp&i=d,2026-03-26T08:35:00+00:00
2502,2502.T,2502.jp,2018-10-04,1402.81,1408.52,1395.67,1401.94,5330691,https://stooq.com/q/d/l/?s=2502.jp&i=d,2026-03-26T08:35:00+00:00
2502,2502.T,2502.jp,2018-10-05,1414.24,1419.38,1398.81,1401.94,5510245,https://stooq.com/q/d/l/?s=2502.jp&i=d,2026-03-26T08:35:00+00:00
2502,2502.T,2502.jp,2018-10-09,1400.24,1401.66,1373.38,1375.66,6026161,https://stooq.com/q/d/l/?s=2502.jp&i=d,2026-03-26T08:35:00+00:00
2502,2502.T,2502.jp,2018-10-10,1386.23,1402.53,1386.23,1391.67,4377606,https://stooq.com/q/d/l/?s=2502.jp&i=d,2026-03-26T08:35:00+00:00
2502,2502.T,2502.jp,2018-10-11,1370.81,1373.66,1334.24,1335.10,7362852,https://stooq.com/q/d/l/?s=2502.jp&i=d,2026-03-26T08:35:00+00:00
2502,2502.T,2502.jp,2018-10-12,1340.81,1371.09,1339.67,1370.81,7822070,https://stooq.com/q/d/l/?s=2502.jp&i=d,2026-03-26T08:35:00+00:00
2502,2502.T,2502.jp,2018-10-15,1381.66,1384.53,1360.81,1361.38,6208513,https://stooq.com/q/d/l/?s=2502.jp&i=d,2026-03-26T08:35:00+00:00
2502,2502.T,2502.jp,2018-10-16,1373.95,1374.52,1357.67,1373.66,5481540,https://stooq.com/q/d/l/?s=2502.jp&i=d,2026-03-26T08:35:00+00:00
2502,2502.T,2502.jp,2018-10-17,1388.23,1400.80,1387.67,1399.66,3865885,https://stooq.com/q/d/l/?s=2502.jp&i=d,2026-03-26T08:35:00+00:00
2502,2502.T,2502.jp,2018-10-18,1397.66,1403.95,1385.09,1389.09,3527772,https://stooq.com/q/d/l/?s=2502.jp&i=d,2026-03-26T08:35:00+00:00
2502,2502.T,2502.jp,2018-10-19,1370.52,1377.09,1349.10,1374.24,4836824,https://stooq.com/q/d/l/?s=2502.jp&i=d,2026-03-26T08:35:00+00:00
2502,2502.T,2502.jp,2018-10-22,1370.81,1389.96,1358.81,1383.96,3441665,https://stooq.com/q/d/l/?s=2502.jp&i=d,2026-03-26T08:35:00+00:00
2502,2502.T,2502.jp,2018-10-23,1364.53,1370.81,1353.10,1368.52,5059772,https://stooq.com/q/d/l/?s=2502.jp&i=d,2026-03-26T08:35:00+00:00
2502,2502.T,2502.jp,2018-10-24,1388.23,1391.38,1368.81,1381.38,5212731,https://stooq.com/q/d/l/?s=2502.jp&i=d,2026-03-26T08:35:00+00:00
2502,2502.T,2502.jp,2018-10-25,1361.38,1367.95,1345.10,1356.24,5634847,https://stooq.com/q/d/l/?s=2502.jp&i=d,2026-03-26T08:35:00+00:00
2502,2502.T,2502.jp,2018-10-26,1357.67,1370.52,1353.10,1366.82,6474174,https://stooq.com/q/d/l/?s=2502.jp&i=d,2026-03-26T08:35:00+00:00
2502,2502.T,2502.jp,2018-10-29,1373.66,1386.52,1354.81,1378.24,4126643,https://stooq.com/q/d/l/?s=2502.jp&i=d,2026-03-26T08:35:00+00:00
2502,2502.T,2502.jp,2018-10-30,1362.81,1385.66,1361.10,1380.23,5217976,https://stooq.com/q/d/l/?s=2502.jp&i=d,2026-03-26T08:35:00+00:00
2502,2502.T,2502.jp,2018-10-31,1388.53,1420.81,1383.67,1419.38,5783252,https://stooq.com/q/d/l/?s=2502.jp&i=d,2026-03-26T08:35:00+00:00
2502,2502.T,2502.jp,2018-11-01,1417.38,1423.66,1394.80,1398.53,4258595,https://stooq.com/q/d/l/?s=2502.jp&i=d,2026-03-26T08:35:00+00:00
2502,2502.T,2502.jp,2018-11-02,1403.67,1413.38,1388.80,1413.09,7366355,https://stooq.com/q/d/l/?s=2502.jp&i=d,2026-03-26T08:35:00+00:00
2502,2502.T,2502.jp,2018-11-05,1424.81,1425.66,1394.80,1415.95,5602642,https://stooq.com/q/d/l/?s=2502.jp&i=d,2026-03-26T08:35:00+00:00
2502,2502.T,2502.jp,2018-11-06,1422.81,1479.09,1421.09,1471.66,8069183,https://stooq.com/q/d/l/?s=2502.jp&i=d,2026-03-26T08:35:00+00:00
2502,2502.T,2502.jp,2018-11-07,1464.23,1473.09,1415.67,1421.95,7385255,https://stooq.com/q/d/l/?s=2502.jp&i=d,2026-03-26T08:35:00+00:00
2502,2502.T,2502.jp,2018-11-08,1437.09,1447.09,1433.95,1439.38,3876030,https://stooq.com/q/d/l/?s=2502.jp&i=d,2026-03-26T08:35:00+00:00
2502,2502.T,2502.jp,2018-11-09,1449.09,1456.51,1441.95,1451.10,4859218,https://stooq.com/q/d/l/?s=2502.jp&i=d,2026-03-26T08:35:00+00:00
2502,2502.T,2502.jp,2018-11-12,1436.52,1447.95,1414.81,1442.23,3409469,https://stooq.com/q/d/l/?s=2502.jp&i=d,2026-03-26T08:35:00+00:00
2502,2502.T,2502.jp,2018-11-13,1427.95,1427.95,1399.10,1415.67,5061879,https://stooq.com/q/d/l/?s=2502.jp&i=d,2026-03-26T08:35:00+00:00
2502,2502.T,2502.jp,2018-11-14,1408.81,1423.95,1403.95,1417.67,3267360,https://stooq.com/q/d/l/?s=2502.jp&i=d,2026-03-26T08:35:00+00:00
2502,2502.T,2502.jp,2018-11-15,1407.10,1429.09,1407.10,1427.65,3307616,https://stooq.com/q/d/l/?s=2502.jp&i=d,2026-03-26T08:35:00+00:00
2502,2502.T,2502.jp,2018-11-16,1428.52,1444.23,1427.65,1436.24,5408386,https://stooq.com/q/d/l/?s=2502.jp&i=d,2026-03-26T08:35:00+00:00
2502,2502.T,2502.jp,2018-11-19,1444.23,1450.24,1417.38,1428.52,2485086,https://stooq.com/q/d/l/?s=2502.jp&i=d,2026-03-26T08:35:00+00:00
2502,2502.T,2502.jp,2018-11-20,1417.38,1427.95,1397.96,1401.66,3533719,https://stooq.com/q/d/l/?s=2502.jp&i=d,2026-03-26T08:35:00+00:00
2502,2502.T,2502.jp,2018-11-21,1398.81,1405.38,1373.09,1386.52,4626461,https://stooq.com/q/d/l/?s=2502.jp&i=d,2026-03-26T08:35:00+00:00
2502,2502.T,2502.jp,2018-11-22,1369.10,1383.67,1361.38,1380.52,5528441,https://stooq.com/q/d/l/?s=2502.jp&i=d,2026-03-26T08:35:00+00:00
2502,2502.T,2502.jp,2018-11-26,1393.66,1405.38,1379.09,1383.67,3296767,https://stooq.com/q/d/l/?s=2502.jp&i=d,2026-03-26T08:35:00+00:00
2502,2502.T,2502.jp,2018-11-27,1383.67,1391.95,1381.95,1384.53,3558572,https://stooq.com/q/d/l/?s=2502.jp&i=d,2026-03-26T08:35:00+00:00
2502,2502.T,2502.jp,2018-11-28,1379.66,1381.38,1360.81,1367.09,7534012,https://stooq.com/q/d/l/?s=2502.jp&i=d,2026-03-26T08:35:00+00:00
2502,2502.T,2502.jp,2018-11-29,1362.52,1366.52,1348.24,1349.96,7995328,https://stooq.com/q/d/l/?s=2502.jp&i=d,2026-03-26T08:35:00+00:00
2502,2502.T,2502.jp,2018-11-30,1350.81,1363.38,1348.81,1358.24,6599830,https://stooq.com/q/d/l/?s=2502.jp&i=d,2026-03-26T08:35:00+00:00
2502,2502.T,2502.jp,2018-12-03,1369.95,1374.52,1362.52,1366.24,3965285,https://stooq.com/q/d/l/?s=2502.jp&i=d,2026-03-26T08:35:00+00:00
2502,2502.T,2502.jp,2018-12-04,1357.11,1364.53,1333.95,1334.52,4399305,https://stooq.com/q/d/l/?s=2502.jp&i=d,2026-03-26T08:35:00+00:00
2502,2502.T,2502.jp,2018-12-05,1327.96,1364.81,1327.09,1364.25,5271881,https://stooq.com/q/d/l/?s=2502.jp&i=d,2026-03-26T08:35:00+00:00
2502,2502.T,2502.jp,2018-12-06,1344.81,1352.24,1311.95,1318.52,5635196,https://stooq.com/q/d/l/?s=2502.jp&i=d,2026-03-26T08:35:00+00:00
2502,2502.T,2502.jp,2018-12-07,1312.82,1315.96,1294.24,1312.82,5251930,https://stooq.com/q/d/l/?s=2502.jp&i=d,2026-03-26T08:35:00+00:00
2502,2502.T,2502.jp,2018-12-10,1285.67,1290.23,1246.53,1249.39,6946336,https://stooq.com/q/d/l/?s=2502.jp&i=d,2026-03-26T08:35:00+00:00
2502,2502.T,2502.jp,2018-12-11,1280.52,1280.82,1251.10,1251.38,7204651,https://stooq.com/q/d/l/?s=2502.jp&i=d,2026-03-26T08:35:00+00:00
2502,2502.T,2502.jp,2018-12-12,1273.68,1282.25,1266.24,1281.10,6196962,https://stooq.com/q/d/l/?s=2502.jp&i=d,2026-03-26T08:35:00+00:00
2502,2502.T,2502.jp,2018-12-13,1281.10,1301.96,1279.09,1296.81,4030737,https://stooq.com/q/d/l/?s=2502.jp&i=d,2026-03-26T08:35:00+00:00
2502,2502.T,2502.jp,2018-12-14,1295.10,1300.81,1281.67,1283.95,7386305,https://stooq.com/q/d/l/?s=2502.jp&i=d,2026-03-26T08:35:00+00:00
2502,2502.T,2502.jp,2018-12-17,1294.80,1299.96,1276.24,1295.10,4111240,https://stooq.com/q/d/l/?s=2502.jp&i=d,2026-03-26T08:35:00+00:00
2502,2502.T,2502.jp,2018-12-18,1278.24,1286.53,1270.25,1271.38,3874634,https://stooq.com/q/d/l/?s=2502.jp&i=d,2026-03-26T08:35:00+00:00
2502,2502.T,2502.jp,2018-12-19,1256.81,1283.66,1253.38,1273.09,4027942,https://stooq.com/q/d/l/?s=2502.jp&i=d,2026-03-26T08:35:00+00:00
2502,2502.T,2502.jp,2018-12-20,1254.53,1276.24,1241.95,1248.53,4627860,https://stooq.com/q/d/l/?s=2502.jp&i=d,2026-03-26T08:35:00+00:00
2502,2502.T,2502.jp,2018-12-21,1248.53,1265.38,1242.53,1254.53,6668433,https://stooq.com/q/d/l/?s=2502.jp&i=d,2026-03-26T08:35:00+00:00
2502,2502.T,2502.jp,2018-12-25,1211.67,1211.67,1181.39,1181.67,5770296,https://stooq.com/q/d/l/?s=2502.jp&i=d,2026-03-26T08:35:00+00:00
2502,2502.T,2502.jp,2018-12-26,1187.16,1203.05,1162.03,1181.96,4851009,https://stooq.com/q/d/l/?s=2502.jp&i=d,2026-03-26T08:35:00+00:00
2502,2502.T,2502.jp,2018-12-27,1215.47,1255.62,1215.47,1244.65,5017532,https://stooq.com/q/d/l/?s=2502.jp&i=d,2026-03-26T08:35:00+00:00
2502,2502.T,2502.jp,2018-12-28,1229.63,1244.35,1223.27,1233.09,3436423,https://stooq.com/q/d/l/?s=2502.jp&i=d,2026-03-26T08:35:00+00:00
2502,2502.T,2502.jp,2019-01-04,1212.86,1229.33,1207.09,1229.33,4629437,https://stooq.com/q/d/l/?s=2502.jp&i=d,2026-03-26T08:35:00+00:00
2502,2502.T,2502.jp,2019-01-07,1265.15,1271.51,1250.42,1260.82,4674448,https://stooq.com/q/d/l/?s=2502.jp&i=d,2026-03-26T08:35:00+00:00
2502,2502.T,2502.jp,2019-01-08,1272.66,1276.13,1248.40,1249.27,5342278,https://stooq.com/q/d/l/?s=2502.jp&i=d,2026-03-26T08:35:00+00:00
2502,2502.T,2502.jp,2019-01-09,1257.35,1278.15,1255.32,1270.93,3581832,https://stooq.com/q/d/l/?s=2502.jp&i=d,2026-03-26T08:35:00+00:00
2502,2502.T,2502.jp,2019-01-10,1248.10,1253.89,1233.38,1253.31,3974771,https://stooq.com/q/d/l/?s=2502.jp&i=d,2026-03-26T08:35:00+00:00
2502,2502.T,2502.jp,2019-01-11,1265.15,1268.04,1251.58,1259.09,5016152,https://stooq.com/q/d/l/?s=2502.jp&i=d,2026-03-26T08:35:00+00:00
2502,2502.T,2502.jp,2019-01-15,1213.45,1239.15,1204.78,1233.96,4416524,https://stooq.com/q/d/l/?s=2502.jp&i=d,2026-03-26T08:35:00+00:00
2502,2502.T,2502.jp,2019-01-16,1242.05,1247.52,1234.53,1247.52,3514664,https://stooq.com/q/d/l/?s=2502.jp&i=d,2026-03-26T08:35:00+00:00
2502,2502.T,2502.jp,2019-01-17,1253.89,1262.84,1250.42,1257.93,2282873,https://stooq.com/q/d/l/?s=2502.jp&i=d,2026-03-26T08:35:00+00:00
2502,2502.T,2502.jp,2019-01-18,1264.86,1276.13,1254.74,1272.38,2674080,https://stooq.com/q/d/l/?s=2502.jp&i=d,2026-03-26T08:35:00+00:00
2502,2502.T,2502.jp,2019-01-21,1283.92,1293.75,1277.86,1283.06,2569528,https://stooq.com/q/d/l/?s=2502.jp&i=d,2026-03-26T08:35:00+00:00
2502,2502.T,2502.jp,2019-01-22,1287.68,1291.15,1272.38,1284.22,3369255,https://stooq.com/q/d/l/?s=2502.jp&i=d,2026-03-26T08:35:00+00:00
2502,2502.T,2502.jp,2019-01-23,1292.59,1292.59,1271.51,1279.59,3110988,https://stooq.com/q/d/l/?s=2502.jp&i=d,2026-03-26T08:35:00+00:00
2502,2502.T,2502.jp,2019-01-24,1267.75,1268.33,1251.87,1262.27,2939963,https://stooq.com/q/d/l/?s=2502.jp&i=d,2026-03-26T08:35:00+00:00
2502,2502.T,2502.jp,2019-01-25,1252.44,1265.44,1252.44,1255.62,3500120,https://stooq.com/q/d/l/?s=2502.jp&i=d,2026-03-26T08:35:00+00:00
2502,2502.T,2502.jp,2019-01-28,1248.97,1249.84,1229.33,1229.63,3792664,https://stooq.com/q/d/l/?s=2502.jp&i=d,2026-03-26T08:35:00+00:00
2502,2502.T,2502.jp,2019-01-29,1266.30,1268.04,1250.42,1263.13,4462220,https://stooq.com/q/d/l/?s=2502.jp&i=d,2026-03-26T08:35:00+00:00
2502,2502.T,2502.jp,2019-01-30,1283.35,1320.60,1278.44,1312.81,9892082,https://stooq.com/q/d/l/?s=2502.jp&i=d,2026-03-26T08:35:00+00:00
2502,2502.T,2502.jp,2019-01-31,1331.58,1337.07,1305.88,1312.81,5674981,https://stooq.com/q/d/l/?s=2502.jp&i=d,2026-03-26T08:35:00+00:00
2502,2502.T,2502.jp,2019-02-01,1316.86,1334.19,1305.88,1316.86,3556898,https://stooq.com/q/d/l/?s=2502.jp&i=d,2026-03-26T08:35:00+00:00
2502,2502.T,2502.jp,2019-02-04,1321.48,1333.89,1315.12,1329.85,2883877,https://stooq.com/q/d/l/?s=2502.jp&i=d,2026-03-26T08:35:00+00:00
2502,2502.T,2502.jp,2019-02-05,1335.92,1339.67,1324.94,1333.89,1923168,https://stooq.com/q/d/l/?s=2502.jp&i=d,2026-03-26T08:35:00+00:00
2502,2502.T,2502.jp,2019-02-06,1340.25,1371.73,1338.52,1371.73,5624082,https://stooq.com/q/d/l/?s=2502.jp&i=d,2026-03-26T08:35:00+00:00
2502,2502.T,2502.jp,2019-02-07,1378.67,1378.95,1361.05,1366.83,4180412,https://stooq.com/q/d/l/?s=2502.jp&i=d,2026-03-26T08:35:00+00:00
2502,2502.T,2502.jp,2019-02-08,1357.58,1365.09,1318.30,1320.60,4715990,https://stooq.com/q/d/l/?s=2502.jp&i=d,2026-03-26T08:35:00+00:00
2502,2502.T,2502.jp,2019-02-12,1329.57,1351.81,1323.20,1350.65,3241505,https://stooq.com/q/d/l/?s=2502.jp&i=d,2026-03-26T08:35:00+00:00
2502,2502.T,2502.jp,2019-02-13,1348.63,1356.14,1340.54,1345.74,2867262,https://stooq.com/q/d/l/?s=2502.jp&i=d,2026-03-26T08:35:00+00:00
2502,2502.T,2502.jp,2019-02-14,1349.78,1355.85,1335.35,1339.39,3341564,https://stooq.com/q/d/l/?s=2502.jp&i=d,2026-03-26T08:35:00+00:00
2502,2502.T,2502.jp,2019-02-15,1379.54,1386.17,1339.39,1369.71,5365121,https://stooq.com/q/d/l/?s=2502.jp&i=d,2026-03-26T08:35:00+00:00
2502,2502.T,2502.jp,2019-02-18,1384.74,1384.74,1370.00,1377.52,2799060,https://stooq.com/q/d/l/?s=2502.jp&i=d,2026-03-26T08:35:00+00:00
2502,2502.T,2502.jp,2019-02-19,1370.58,1383.57,1361.34,1383.00,3200654,https://stooq.com/q/d/l/?s=2502.jp&i=d,2026-03-26T08:35:00+00:00
2502,2502.T,2502.jp,2019-02-20,1383.00,1394.84,1380.69,1394.84,3500815,https://stooq.com/q/d/l/?s=2502.jp&i=d,2026-03-26T08:35:00+00:00
2502,2502.T,2502.jp,2019-02-21,1387.04,1400.33,1380.11,1393.11,3921448,https://stooq.com/q/d/l/?s=2502.jp&i=d,2026-03-26T08:35:00+00:00
2502,2502.T,2502.jp,2019-02-22,1397.44,1402.93,1391.38,1392.53,3507389,https://stooq.com/q/d/l/?s=2502.jp&i=d,2026-03-26T08:35:00+00:00
2502,2502.T,2502.jp,2019-02-25,1407.84,1411.59,1398.01,1409.00,3313863,https://stooq.com/q/d/l/?s=2502.jp&i=d,2026-03-26T08:35:00+00:00
2502,2502.T,2502.jp,2019-02-26,1402.93,1410.15,1396.58,1408.13,3283054,https://stooq.com/q/d/l/?s=2502.jp&i=d,2026-03-26T08:35:00+00:00
2502,2502.T,2502.jp,2019-02-27,1399.46,1407.26,1396.28,1399.76,5954713,https://stooq.com/q/d/l/?s=2502.jp&i=d,2026-03-26T08:35:00+00:00
2502,2502.T,2502.jp,2019-02-28,1406.97,1407.84,1386.46,1388.49,3765661,https://stooq.com/q/d/l/?s=2502.jp&i=d,2026-03-26T08:35:00+00:00
2502,2502.T,2502.jp,2019-03-01,1391.38,1404.96,1391.09,1402.93,3468965,https://stooq.com/q/d/l/?s=2502.jp&i=d,2026-03-26T08:35:00+00:00
2502,2502.T,2502.jp,2019-03-04,1420.84,1425.17,1408.13,1416.79,3686034,https://stooq.com/q/d/l/?s=2502.jp&i=d,2026-03-26T08:35:00+00:00
2502,2502.T,2502.jp,2019-03-05,1415.06,1420.84,1393.11,1396.86,3223157,https://stooq.com/q/d/l/?s=2502.jp&i=d,2026-03-26T08:35:00+00:00
2502,2502.T,2502.jp,2019-03-06,1407.84,1411.30,1385.60,1387.91,4560889,https://stooq.com/q/d/l/?s=2502.jp&i=d,2026-03-26T08:35:00+00:00
2502,2502.T,2502.jp,2019-03-07,1347.47,1372.02,1347.18,1367.98,6083497,https://stooq.com/q/d/l/?s=2502.jp&i=d,2026-03-26T08:35:00+00:00
2502,2502.T,2502.jp,2019-03-08,1351.52,1361.91,1331.30,1332.16,9422289,https://stooq.com/q/d/l/?s=2502.jp&i=d,2026-03-26T08:35:00+00:00
2502,2502.T,2502.jp,2019-03-11,1346.32,1365.09,1344.58,1356.43,4897057,https://stooq.com/q/d/l/?s=2502.jp&i=d,2026-03-26T08:35:00+00:00
2502,2502.T,2502.jp,2019-03-12,1374.62,1392.82,1373.47,1385.89,5627892,https://stooq.com/q/d/l/?s=2502.jp&i=d,2026-03-26T08:35:00+00:00
2502,2502.T,2502.jp,2019-03-13,1378.67,1386.17,1363.65,1367.69,4773117,https://stooq.com/q/d/l/?s=2502.jp&i=d,2026-03-26T08:35:00+00:00
2502,2502.T,2502.jp,2019-03-14,1384.45,1385.89,1352.66,1354.40,4574395,https://stooq.com/q/d/l/?s=2502.jp&i=d,2026-03-26T08:35:00+00:00
2502,2502.T,2502.jp,2019-03-15,1354.69,1359.61,1349.20,1353.83,5086432,https://stooq.com/q/d/l/?s=2502.jp&i=d,2026-03-26T08:35:00+00:00
2502,2502.T,2502.jp,2019-03-18,1366.83,1374.62,1359.02,1364.23,4420677,https://stooq.com/q/d/l/?s=2502.jp&i=d,2026-03-26T08:35:00+00:00
2502,2502.T,2502.jp,2019-03-19,1357.29,1367.69,1355.27,1365.67,4086591,https://stooq.com/q/d/l/?s=2502.jp&i=d,2026-03-26T08:35:00+00:00
2502,2502.T,2502.jp,2019-03-20,1372.02,1395.71,1366.53,1395.71,3942568,https://stooq.com/q/d/l/?s=2502.jp&i=d,2026-03-26T08:35:00+00:00
2502,2502.T,2502.jp,2019-03-22,1412.45,1413.05,1393.69,1401.20,4787654,https://stooq.com/q/d/l/?s=2502.jp&i=d,2026-03-26T08:35:00+00:00
2502,2502.T,2502.jp,2019-03-25,1382.71,1383.87,1352.66,1357.58,3852909,https://stooq.com/q/d/l/?s=2502.jp&i=d,2026-03-26T08:35:00+00:00
2502,2502.T,2502.jp,2019-03-26,1366.53,1400.33,1365.38,1397.44,5726904,https://stooq.com/q/d/l/?s=2502.jp&i=d,2026-03-26T08:35:00+00:00
2502,2502.T,2502.jp,2019-03-27,1410.45,1419.97,1398.31,1418.82,5605734,https://stooq.com/q/d/l/?s=2502.jp&i=d,2026-03-26T08:35:00+00:00
2502,2502.T,2502.jp,2019-03-28,1404.09,1410.45,1380.97,1385.02,5290684,https://stooq.com/q/d/l/?s=2502.jp&i=d,2026-03-26T08:35:00+00:00
2502,2502.T,2502.jp,2019-03-29,1392.53,1424.59,1390.80,1424.02,6198433,https://stooq.com/q/d/l/?s=2502.jp&i=d,2026-03-26T08:35:00+00:00
2502,2502.T,2502.jp,2019-04-01,1444.23,1449.43,1424.02,1425.75,4744379,https://stooq.com/q/d/l/?s=2502.jp&i=d,2026-03-26T08:35:00+00:00
2502,2502.T,2502.jp,2019-04-02,1434.12,1438.74,1418.53,1421.41,4493039,https://stooq.com/q/d/l/?s=2502.jp&i=d,2026-03-26T08:35:00+00:00
2502,2502.T,2502.jp,2019-04-03,1412.75,1418.53,1401.48,1410.15,5457556,https://stooq.com/q/d/l/?s=2502.jp&i=d,2026-03-26T08:35:00+00:00
2502,2502.T,2502.jp,2019-04-04,1406.97,1406.97,1387.33,1400.91,3231470,https://stooq.com/q/d/l/?s=2502.jp&i=d,2026-03-26T08:35:00+00:00
2502,2502.T,2502.jp,2019-04-05,1399.46,1400.91,1367.69,1371.73,4680333,https://stooq.com/q/d/l/?s=2502.jp&i=d,2026-03-26T08:35:00+00:00
2502,2502.T,2502.jp,2019-04-08,1383.57,1387.04,1375.20,1378.09,2171738,https://stooq.com/q/d/l/?s=2502.jp&i=d,2026-03-26T08:35:00+00:00
2502,2502.T,2502.jp,2019-04-09,1365.09,1366.25,1356.71,1363.35,3405610,https://stooq.com/q/d/l/?s=2502.jp&i=d,2026-03-26T08:35:00+00:00
2502,2502.T,2502.jp,2019-04-10,1365.09,1380.11,1361.05,1371.73,4424484,https://stooq.com/q/d/l/?s=2502.jp&i=d,2026-03-26T08:35:00+00:00
2502,2502.T,2502.jp,2019-04-11,1361.34,1387.61,1361.34,1386.17,4342087,https://stooq.com/q/d/l/?s=2502.jp&i=d,2026-03-26T08:35:00+00:00
2502,2502.T,2502.jp,2019-04-12,1402.64,1402.64,1368.85,1389.64,5804107,https://stooq.com/q/d/l/?s=2502.jp&i=d,2026-03-26T08:35:00+00:00
2502,2502.T,2502.jp,2019-04-15,1413.62,1421.70,1406.11,1415.93,4734684,https://stooq.com/q/d/l/?s=2502.jp&i=d,2026-03-26T08:35:00+00:00
2502,2502.T,2502.jp,2019-04-16,1427.77,1436.73,1422.57,1427.19,5286880,https://stooq.com/q/d/l/?s=2502.jp&i=d,2026-03-26T08:35:00+00:00
2502,2502.T,2502.jp,2019-04-17,1432.97,1432.97,1418.53,1426.62,5095779,https://stooq.com/q/d/l/?s=2502.jp&i=d,2026-03-26T08:35:00+00:00
2502,2502.T,2502.jp,2019-04-18,1419.68,1423.72,1401.78,1404.96,3708884,https://stooq.com/q/d/l/?s=2502.jp&i=d,2026-03-26T08:35:00+00:00
2502,2502.T,2502.jp,2019-04-19,1417.37,1417.37,1394.55,1397.73,1701250,https://stooq.com/q/d/l/?s=2502.jp&i=d,2026-03-26T08:35:00+00:00
2502,2502.T,2502.jp,2019-04-22,1388.19,1399.18,1385.31,1392.53,2122229,https://stooq.com/q/d/l/?s=2502.jp&i=d,2026-03-26T08:35:00+00:00
2502,2502.T,2502.jp,2019-04-23,1392.82,1410.15,1392.24,1407.84,3120332,https://stooq.com/q/d/l/?s=2502.jp&i=d,2026-03-26T08:35:00+00:00
2502,2502.T,2502.jp,2019-04-24,1408.71,1417.08,1388.78,1394.26,3084674,https://stooq.com/q/d/l/?s=2502.jp&i=d,2026-03-26T08:35:00+00:00
2502,2502.T,2502.jp,2019-04-25,1403.80,1408.42,1393.11,1400.33,2765474,https://stooq.com/q/d/l/?s=2502.jp&i=d,2026-03-26T08:35:00+00:00
2502,2502.T,2502.jp,2019-04-26,1388.78,1394.84,1378.67,1394.84,3678417,https://stooq.com/q/d/l/?s=2502.jp&i=d,2026-03-26T08:35:00+00:00
2502,2502.T,2502.jp,2019-05-07,1406.40,1407.26,1380.69,1397.73,6756515,https://stooq.com/q/d/l/?s=2502.jp&i=d,2026-03-26T08:35:00+00:00
2502,2502.T,2502.jp,2019-05-08,1391.09,1392.24,1355.27,1368.56,5874737,https://stooq.com/q/d/l/?s=2502.jp&i=d,2026-03-26T08:35:00+00:00
2502,2502.T,2502.jp,2019-05-09,1429.80,1432.68,1354.11,1366.83,7349911,https://stooq.com/q/d/l/?s=2502.jp&i=d,2026-03-26T08:35:00+00:00
2502,2502.T,2502.jp,2019-05-10,1348.05,1355.85,1311.66,1336.79,6979469,https://stooq.com/q/d/l/?s=2502.jp&i=d,2026-03-26T08:35:00+00:00
2502,2502.T,2502.jp,2019-05-13,1337.07,1346.03,1322.05,1339.97,3463771,https://stooq.com/q/d/l/?s=2502.jp&i=d,2026-03-26T08:35:00+00:00
2502,2502.T,2502.jp,2019-05-14,1329.27,1356.43,1329.27,1353.25,4733992,https://stooq.com/q/d/l/?s=2502.jp&i=d,2026-03-26T08:35:00+00:00
2502,2502.T,2502.jp,2019-05-15,1357.87,1378.95,1347.47,1378.95,4709417,https://stooq.com/q/d/l/?s=2502.jp&i=d,2026-03-26T08:35:00+00:00
2502,2502.T,2502.jp,2019-05-16,1370.88,1374.33,1348.91,1359.31,4013198,https://stooq.com/q/d/l/?s=2502.jp&i=d,2026-03-26T08:35:00+00:00
2502,2502.T,2502.jp,2019-05-17,1372.02,1373.18,1360.47,1364.23,3485926,https://stooq.com/q/d/l/?s=2502.jp&i=d,2026-03-26T08:35:00+00:00
2502,2502.T,2502.jp,2019-05-20,1365.09,1382.14,1361.34,1379.24,2886305,https://stooq.com/q/d/l/?s=2502.jp&i=d,2026-03-26T08:35:00+00:00
2502,2502.T,2502.jp,2019-05-21,1395.42,1404.66,1378.37,1398.89,5773644,https://stooq.com/q/d/l/?s=2502.jp&i=d,2026-03-26T08:35:00+00:00
2502,2502.T,2502.jp,2019-05-22,1409.00,1409.00,1396.58,1401.78,6376387,https://stooq.com/q/d/l/?s=2502.jp&i=d,2026-03-26T08:35:00+00:00
2502,2502.T,2502.jp,2019-05-23,1401.78,1438.46,1401.78,1438.46,5676703,https://stooq.com/q/d/l/?s=2502.jp&i=d,2026-03-26T08:35:00+00:00
2502,2502.T,2502.jp,2019-05-24,1429.80,1435.57,1413.62,1426.62,4452873,https://stooq.com/q/d/l/?s=2502.jp&i=d,2026-03-26T08:35:00+00:00
2502,2502.T,2502.jp,2019-05-27,1421.41,1431.52,1417.95,1428.06,2174860,https://stooq.com/q/d/l/?s=2502.jp&i=d,2026-03-26T08:35:00+00:00
2502,2502.T,2502.jp,2019-05-28,1419.10,1419.68,1401.48,1407.56,4671332,https://stooq.com/q/d/l/?s=2502.jp&i=d,2026-03-26T08:35:00+00:00
2502,2502.T,2502.jp,2019-05-29,1388.19,1396.28,1379.54,1381.27,3551707,https://stooq.com/q/d/l/?s=2502.jp&i=d,2026-03-26T08:35:00+00:00
2502,2502.T,2502.jp,2019-05-30,1382.42,1383.57,1361.63,1370.58,3709578,https://stooq.com/q/d/l/?s=2502.jp&i=d,2026-03-26T08:35:00+00:00
2502,2502.T,2502.jp,2019-05-31,1364.23,1381.84,1361.05,1379.82,6092844,https://stooq.com/q/d/l/?s=2502.jp&i=d,2026-03-26T08:35:00+00:00
2502,2502.T,2502.jp,2019-06-03,1373.47,1390.22,1371.45,1390.22,4066162,https://stooq.com/q/d/l/?s=2502.jp&i=d,2026-03-26T08:35:00+00:00
2502,2502.T,2502.jp,2019-06-04,1400.91,1404.37,1372.60,1383.57,5723097,https://stooq.com/q/d/l/?s=2502.jp&i=d,2026-03-26T08:35:00+00:00
2502,2502.T,2502.jp,2019-06-05,1410.73,1419.10,1396.86,1402.64,5479025,https://stooq.com/q/d/l/?s=2502.jp&i=d,2026-03-26T08:35:00+00:00
2502,2502.T,2502.jp,2019-06-06,1411.01,1411.88,1397.44,1400.91,3137651,https://stooq.com/q/d/l/?s=2502.jp&i=d,2026-03-26T08:35:00+00:00
2502,2502.T,2502.jp,2019-06-07,1399.18,1402.07,1391.96,1400.91,3434691,https://stooq.com/q/d/l/?s=2502.jp&i=d,2026-03-26T08:35:00+00:00
2502,2502.T,2502.jp,2019-06-10,1411.30,1426.62,1410.45,1423.15,3592213,https://stooq.com/q/d/l/?s=2502.jp&i=d,2026-03-26T08:35:00+00:00
2502,2502.T,2502.jp,2019-06-11,1431.52,1440.76,1428.06,1438.74,2656773,https://stooq.com/q/d/l/?s=2502.jp&i=d,2026-03-26T08:35:00+00:00
2502,2502.T,2502.jp,2019-06-12,1431.52,1446.83,1427.49,1443.95,3757349,https://stooq.com/q/d/l/?s=2502.jp&i=d,2026-03-26T08:35:00+00:00
2502,2502.T,2502.jp,2019-06-13,1442.50,1442.79,1423.44,1425.17,3448882,https://stooq.com/q/d/l/?s=2502.jp&i=d,2026-03-26T08:35:00+00:00
2502,2502.T,2502.jp,2019-06-14,1431.24,1435.57,1401.48,1423.15,5514683,https://stooq.com/q/d/l/?s=2502.jp&i=d,2026-03-26T08:35:00+00:00
2502,2502.T,2502.jp,2019-06-17,1413.05,1428.92,1411.01,1420.26,2696580,https://stooq.com/q/d/l/?s=2502.jp&i=d,2026-03-26T08:35:00+00:00
2502,2502.T,2502.jp,2019-06-18,1420.84,1429.51,1417.08,1421.99,2629764,https://stooq.com/q/d/l/?s=2502.jp&i=d,2026-03-26T08:35:00+00:00
2502,2502.T,2502.jp,2019-06-19,1444.80,1448.57,1436.44,1444.53,4415829,https://stooq.com/q/d/l/?s=2502.jp&i=d,2026-03-26T08:35:00+00:00
2502,2502.T,2502.jp,2019-06-20,1436.14,1441.63,1415.64,1416.79,3583215,https://stooq.com/q/d/l/?s=2502.jp&i=d,2026-03-26T08:35:00+00:00
2502,2502.T,2502.jp,2019-06-21,1431.24,1433.83,1418.53,1428.63,6691082,https://stooq.com/q/d/l/?s=2502.jp&i=d,2026-03-26T08:35:00+00:00
2502,2502.T,2502.jp,2019-06-24,1423.15,1427.49,1413.90,1421.12,2033255,https://stooq.com/q/d/l/?s=2502.jp&i=d,2026-03-26T08:35:00+00:00
2502,2502.T,2502.jp,2019-06-25,1415.64,1431.81,1412.75,1417.95,2965586,https://stooq.com/q/d/l/?s=2502.jp&i=d,2026-03-26T08:35:00+00:00
2502,2502.T,2502.jp,2019-06-26,1402.19,1417.07,1398.97,1414.15,3702478,https://stooq.com/q/d/l/?s=2502.jp&i=d,2026-03-26T08:35:00+00:00
2502,2502.T,2502.jp,2019-06-27,1404.23,1412.69,1394.31,1412.69,4681109,https://stooq.com/q/d/l/?s=2502.jp&i=d,2026-03-26T08:35:00+00:00
2502,2502.T,2502.jp,2019-06-28,1408.90,1414.44,1396.64,1414.44,5901565,https://stooq.com/q/d/l/?s=2502.jp&i=d,2026-03-26T08:35:00+00:00
2502,2502.T,2502.jp,2019-07-01,1419.69,1423.50,1414.44,1421.46,3666507,https://stooq.com/q/d/l/?s=2502.jp&i=d,2026-03-26T08:35:00+00:00
2502,2502.T,2502.jp,2019-07-02,1417.37,1422.63,1407.44,1415.90,5722076,https://stooq.com/q/d/l/?s=2502.jp&i=d,2026-03-26T08:35:00+00:00
2502,2502.T,2502.jp,2019-07-03,1417.07,1421.46,1402.48,1405.39,3807980,https://stooq.com/q/d/l/?s=2502.jp&i=d,2026-03-26T08:35:00+00:00
2502,2502.T,2502.jp,2019-07-04,1412.69,1426.71,1408.90,1415.32,4396457,https://stooq.com/q/d/l/?s=2502.jp&i=d,2026-03-26T08:35:00+00:00
2502,2502.T,2502.jp,2019-07-05,1410.95,1413.28,1396.93,1401.90,4040565,https://stooq.com/q/d/l/?s=2502.jp&i=d,2026-03-26T08:35:00+00:00
2502,2502.T,2502.jp,2019-07-08,1401.31,1412.99,1401.31,1411.23,4898275,https://stooq.com/q/d/l/?s=2502.jp&i=d,2026-03-26T08:35:00+00:00
2502,2502.T,2502.jp,2019-07-09,1419.99,1450.35,1419.99,1448.31,5973154,https://stooq.com/q/d/l/?s=2502.jp&i=d,2026-03-26T08:35:00+00:00
2502,2502.T,2502.jp,2019-07-10,1448.31,1469.62,1446.27,1466.71,6212249,https://stooq.com/q/d/l/?s=2502.jp&i=d,2026-03-26T08:35:00+00:00
2502,2502.T,2502.jp,2019-07-11,1466.99,1469.62,1453.85,1459.70,4019665,https://stooq.com/q/d/l/?s=2502.jp&i=d,2026-03-26T08:35:00+00:00
2502,2502.T,2502.jp,2019-07-12,1480.14,1488.31,1474.59,1482.17,5672408,https://stooq.com/q/d/l/?s=2502.jp&i=d,2026-03-26T08:35:00+00:00
2502,2502.T,2502.jp,2019-07-16,1485.98,1493.27,1455.62,1469.33,5945066,https://stooq.com/q/d/l/?s=2502.jp&i=d,2026-03-26T08:35:00+00:00
2502,2502.T,2502.jp,2019-07-17,1470.79,1475.46,1455.62,1465.54,4474898,https://stooq.com/q/d/l/?s=2502.jp&i=d,2026-03-26T08:35:00+00:00
2502,2502.T,2502.jp,2019-07-18,1471.66,1477.80,1444.22,1449.78,5420984,https://stooq.com/q/d/l/?s=2502.jp&i=d,2026-03-26T08:35:00+00:00
2502,2502.T,2502.jp,2019-07-19,1452.40,1477.21,1452.40,1470.79,5258278,https://stooq.com/q/d/l/?s=2502.jp&i=d,2026-03-26T08:35:00+00:00
2502,2502.T,2502.jp,2019-07-22,1400.72,1405.11,1339.71,1340.29,20694017,https://stooq.com/q/d/l/?s=2502.jp&i=d,2026-03-26T08:35:00+00:00
2502,2502.T,2502.jp,2019-07-23,1357.51,1385.54,1351.97,1371.82,11876087,https://stooq.com/q/d/l/?s=2502.jp&i=d,2026-03-26T08:35:00+00:00
2502,2502.T,2502.jp,2019-07-24,1385.54,1386.13,1368.03,1375.03,7414549,https://stooq.com/q/d/l/?s=2502.jp&i=d,2026-03-26T08:35:00+00:00
2502,2502.T,2502.jp,2019-07-25,1371.82,1372.70,1351.97,1354.89,6031386,https://stooq.com/q/d/l/?s=2502.jp&i=d,2026-03-26T08:35:00+00:00
2502,2502.T,2502.jp,2019-07-26,1354.59,1369.77,1350.80,1351.39,4907867,https://stooq.com/q/d/l/?s=2502.jp&i=d,2026-03-26T08:35:00+00:00
2502,2502.T,2502.jp,2019-07-29,1343.22,1363.06,1343.22,1363.06,4649937,https://stooq.com/q/d/l/?s=2502.jp&i=d,2026-03-26T08:35:00+00:00
2502,2502.T,2502.jp,2019-07-30,1360.44,1379.12,1359.85,1376.21,4833191,https://stooq.com/q/d/l/?s=2502.jp&i=d,2026-03-26T08:35:00+00:00
2502,2502.T,2502.jp,2019-07-31,1374.45,1394.89,1369.19,1382.33,5934449,https://stooq.com/q/d/l/?s=2502.jp&i=d,2026-03-26T08:35:00+00:00
2502,2502.T,2502.jp,2019-08-01,1372.99,1393.42,1362.48,1392.55,4936298,https://stooq.com/q/d/l/?s=2502.jp&i=d,2026-03-26T08:35:00+00:00
2502,2502.T,2502.jp,2019-08-02,1394.02,1413.86,1384.08,1395.46,6482848,https://stooq.com/q/d/l/?s=2502.jp&i=d,2026-03-26T08:35:00+00:00
2502,2502.T,2502.jp,2019-08-05,1376.50,1409.48,1375.33,1399.55,5285345,https://stooq.com/q/d/l/?s=2502.jp&i=d,2026-03-26T08:35:00+00:00
2502,2502.T,2502.jp,2019-08-06,1374.45,1386.42,1351.68,1384.96,4398170,https://stooq.com/q/d/l/?s=2502.jp&i=d,2026-03-26T08:35:00+00:00
2502,2502.T,2502.jp,2019-08-07,1382.05,1413.57,1379.70,1412.41,5376797,https://stooq.com/q/d/l/?s=2502.jp&i=d,2026-03-26T08:35:00+00:00
2502,2502.T,2502.jp,2019-08-08,1403.65,1429.04,1398.39,1428.46,3589782,https://stooq.com/q/d/l/?s=2502.jp&i=d,2026-03-26T08:35:00+00:00
2502,2502.T,2502.jp,2019-08-09,1433.13,1436.06,1413.86,1420.87,3719946,https://stooq.com/q/d/l/?s=2502.jp&i=d,2026-03-26T08:35:00+00:00
2502,2502.T,2502.jp,2019-08-13,1407.15,1410.95,1385.25,1396.35,3698024,https://stooq.com/q/d/l/?s=2502.jp&i=d,2026-03-26T08:35:00+00:00
2502,2502.T,2502.jp,2019-08-14,1397.81,1409.19,1389.63,1401.02,3681923,https://stooq.com/q/d/l/?s=2502.jp&i=d,2026-03-26T08:35:00+00:00
2502,2502.T,2502.jp,2019-08-15,1380.29,1400.43,1373.58,1395.77,3534294,https://stooq.com/q/d/l/?s=2502.jp&i=d,2026-03-26T08:35:00+00:00
2502,2502.T,2502.jp,2019-08-16,1403.93,1409.78,1393.42,1405.39,2920126,https://stooq.com/q/d/l/?s=2502.jp&i=d,2026-03-26T08:35:00+00:00
2502,2502.T,2502.jp,2019-08-19,1409.19,1410.65,1391.39,1400.14,1775364,https://stooq.com/q/d/l/?s=2502.jp&i=d,2026-03-26T08:35:00+00:00
2502,2502.T,2502.jp,2019-08-20,1394.60,1407.74,1392.84,1398.68,2439548,https://stooq.com/q/d/l/?s=2502.jp&i=d,2026-03-26T08:35:00+00:00
2502,2502.T,2502.jp,2019-08-21,1386.42,1437.51,1381.75,1434.01,5127432,https://stooq.com/q/d/l/?s=2502.jp&i=d,2026-03-26T08:35:00+00:00
2502,2502.T,2502.jp,2019-08-22,1420.87,1433.43,1419.12,1431.39,5580949,https://stooq.com/q/d/l/?s=2502.jp&i=d,2026-03-26T08:35:00+00:00
2502,2502.T,2502.jp,2019-08-23,1439.85,1455.90,1434.88,1455.03,6891494,https://stooq.com/q/d/l/?s=2502.jp&i=d,2026-03-26T08:35:00+00:00
2502,2502.T,2502.jp,2019-08-26,1436.34,1448.89,1429.92,1448.02,4524569,https://stooq.com/q/d/l/?s=2502.jp&i=d,2026-03-26T08:35:00+00:00
2502,2502.T,2502.jp,2019-08-27,1445.10,1449.78,1431.67,1432.84,3563064,https://stooq.com/q/d/l/?s=2502.jp&i=d,2026-03-26T08:35:00+00:00
2502,2502.T,2502.jp,2019-08-28,1434.30,1445.97,1428.76,1434.88,2873196,https://stooq.com/q/d/l/?s=2502.jp&i=d,2026-03-26T08:35:00+00:00
2502,2502.T,2502.jp,2019-08-29,1428.46,1433.43,1419.42,1432.24,2525869,https://stooq.com/q/d/l/?s=2502.jp&i=d,2026-03-26T08:35:00+00:00
2502,2502.T,2502.jp,2019-08-30,1429.62,1447.14,1424.37,1446.85,3797702,https://stooq.com/q/d/l/?s=2502.jp&i=d,2026-03-26T08:35:00+00:00
2502,2502.T,2502.jp,2019-09-02,1433.43,1459.40,1428.46,1452.69,2744748,https://stooq.com/q/d/l/?s=2502.jp&i=d,2026-03-26T08:35:00+00:00
2502,2502.T,2502.jp,2019-09-03,1451.52,1467.29,1447.14,1464.96,2753309,https://stooq.com/q/d/l/?s=2502.jp&i=d,2026-03-26T08:35:00+00:00
2502,2502.T,2502.jp,2019-09-04,1465.54,1481.59,1457.36,1471.38,3038643,https://stooq.com/q/d/l/?s=2502.jp&i=d,2026-03-26T08:35:00+00:00
2502,2502.T,2502.jp,2019-09-05,1471.38,1491.52,1458.24,1483.93,7045296,https://stooq.com/q/d/l/?s=2502.jp&i=d,2026-03-26T08:35:00+00:00
2502,2502.T,2502.jp,2019-09-06,1488.60,1499.99,1476.05,1483.05,4595131,https://stooq.com/q/d/l/?s=2502.jp&i=d,2026-03-26T08:35:00+00:00
2502,2502.T,2502.jp,2019-09-09,1484.80,1499.11,1480.14,1499.11,3412691,https://stooq.com/q/d/l/?s=2502.jp&i=d,2026-03-26T08:35:00+00:00
2502,2502.T,2502.jp,2019-09-10,1492.40,1501.16,1486.27,1489.76,2949239,https://stooq.com/q/d/l/?s=2502.jp&i=d,2026-03-26T08:35:00+00:00
2502,2502.T,2502.jp,2019-09-11,1485.40,1514.30,1480.43,1512.54,4913691,https://stooq.com/q/d/l/?s=2502.jp&i=d,2026-03-26T08:35:00+00:00
2502,2502.T,2502.jp,2019-09-12,1516.63,1524.21,1509.33,1517.21,5067147,https://stooq.com/q/d/l/?s=2502.jp&i=d,2026-03-26T08:35:00+00:00
2502,2502.T,2502.jp,2019-09-13,1541.44,1549.91,1527.14,1540.57,8440449,https://stooq.com/q/d/l/?s=2502.jp&i=d,2026-03-26T08:35:00+00:00
2502,2502.T,2502.jp,2019-09-17,1540.86,1545.23,1526.25,1539.69,4772568,https://stooq.com/q/d/l/?s=2502.jp&i=d,2026-03-26T08:35:00+00:00
2502,2502.T,2502.jp,2019-09-18,1546.69,1570.64,1542.02,1553.11,3675760,https://stooq.com/q/d/l/?s=2502.jp&i=d,2026-03-26T08:35:00+00:00
2502,2502.T,2502.jp,2019-09-19,1564.80,1577.93,1551.08,1556.04,4264241,https://stooq.com/q/d/l/?s=2502.jp&i=d,2026-03-26T08:35:00+00:00
2502,2502.T,2502.jp,2019-09-20,1566.84,1570.64,1545.23,1549.03,5166479,https://stooq.com/q/d/l/?s=2502.jp&i=d,2026-03-26T08:35:00+00:00
2502,2502.T,2502.jp,2019-09-24,1549.91,1574.73,1548.16,1569.76,4469074,https://stooq.com/q/d/l/?s=2502.jp&i=d,2026-03-26T08:35:00+00:00
2502,2502.T,2502.jp,2019-09-25,1570.05,1573.55,1548.73,1562.46,3064333,https://stooq.com/q/d/l/?s=2502.jp&i=d,2026-03-26T08:35:00+00:00
2502,2502.T,2502.jp,2019-09-26,1560.42,1571.51,1550.78,1566.84,5241155,https://stooq.com/q/d/l/?s=2502.jp&i=d,2026-03-26T08:35:00+00:00
2502,2502.T,2502.jp,2019-09-27,1576.77,1584.06,1555.74,1573.84,4228955,https://stooq.com/q/d/l/?s=2502.jp&i=d,2026-03-26T08:35:00+00:00
2502,2502.T,2502.jp,2019-09-30,1569.17,1572.38,1554.57,1561.88,3850453,https://stooq.com/q/d/l/?s=2502.jp&i=d,2026-03-26T08:35:00+00:00
2502,2502.T,2502.jp,2019-10-01,1573.55,1579.98,1564.80,1572.68,2413512,https://stooq.com/q/d/l/?s=2502.jp&i=d,2026-03-26T08:35:00+00:00
2502,2502.T,2502.jp,2019-10-02,1573.55,1587.28,1568.89,1578.80,2864292,https://stooq.com/q/d/l/?s=2502.jp&i=d,2026-03-26T08:35:00+00:00
2502,2502.T,2502.jp,2019-10-03,1556.91,1568.30,1551.66,1563.04,3274994,https://stooq.com/q/d/l/?s=2502.jp&i=d,2026-03-26T08:35:00+00:00
2502,2502.T,2502.jp,2019-10-04,1564.21,1579.68,1553.70,1579.68,3047210,https://stooq.com/q/d/l/?s=2502.jp&i=d,2026-03-26T08:35:00+00:00
2502,2502.T,2502.jp,2019-10-07,1575.89,1579.10,1556.04,1561.59,2941020,https://stooq.com/q/d/l/?s=2502.jp&i=d,2026-03-26T08:35:00+00:00
2502,2502.T,2502.jp,2019-10-08,1568.30,1570.05,1552.53,1563.63,3715153,https://stooq.com/q/d/l/?s=2502.jp&i=d,2026-03-26T08:35:00+00:00
2502,2502.T,2502.jp,2019-10-09,1562.76,1580.85,1558.96,1577.93,4411188,https://stooq.com/q/d/l/?s=2502.jp&i=d,2026-03-26T08:35:00+00:00
2502,2502.T,2502.jp,2019-10-10,1577.64,1593.12,1566.26,1591.08,4333093,https://stooq.com/q/d/l/?s=2502.jp&i=d,2026-03-26T08:35:00+00:00
2502,2502.T,2502.jp,2019-10-11,1605.38,1605.38,1588.74,1599.82,4837648,https://stooq.com/q/d/l/?s=2502.jp&i=d,2026-03-26T08:35:00+00:00
2502,2502.T,2502.jp,2019-10-15,1615.30,1616.19,1591.36,1602.75,4422833,https://stooq.com/q/d/l/?s=2502.jp&i=d,2026-03-26T08:35:00+00:00
2502,2502.T,2502.jp,2019-10-16,1614.42,1628.44,1578.22,1586.40,5527516,https://stooq.com/q/d/l/?s=2502.jp&i=d,2026-03-26T08:35:00+00:00
2502,2502.T,2502.jp,2019-10-17,1576.47,1594.28,1575.59,1589.61,4657813,https://stooq.com/q/d/l/?s=2502.jp&i=d,2026-03-26T08:35:00+00:00
2502,2502.T,2502.jp,2019-10-18,1575.89,1577.36,1534.72,1544.36,6120102,https://stooq.com/q/d/l/?s=2502.jp&i=d,2026-03-26T08:35:00+00:00
2502,2502.T,2502.jp,2019-10-21,1549.62,1573.55,1549.03,1564.50,2061728,https://stooq.com/q/d/l/?s=2502.jp&i=d,2026-03-26T08:35:00+00:00
2502,2502.T,2502.jp,2019-10-23,1575.01,1596.33,1572.97,1589.91,4193337,https://stooq.com/q/d/l/?s=2502.jp&i=d,2026-03-26T08:35:00+00:00
2502,2502.T,2502.jp,2019-10-24,1596.33,1597.79,1578.52,1581.14,2403917,https://stooq.com/q/d/l/?s=2502.jp&i=d,2026-03-26T08:35:00+00:00
2502,2502.T,2502.jp,2019-10-25,1578.52,1588.74,1577.36,1587.28,2213814,https://stooq.com/q/d/l/?s=2502.jp&i=d,2026-03-26T08:35:00+00:00
2502,2502.T,2502.jp,2019-10-28,1576.47,1581.43,1570.34,1576.47,1882927,https://stooq.com/q/d/l/?s=2502.jp&i=d,2026-03-26T08:35:00+00:00
2502,2502.T,2502.jp,2019-10-29,1588.15,1588.74,1568.30,1574.43,2631024,https://stooq.com/q/d/l/?s=2502.jp&i=d,2026-03-26T08:35:00+00:00
2502,2502.T,2502.jp,2019-10-30,1573.26,1591.08,1572.68,1585.23,3979593,https://stooq.com/q/d/l/?s=2502.jp&i=d,2026-03-26T08:35:00+00:00
2502,2502.T,2502.jp,2019-10-31,1591.08,1599.82,1581.43,1585.23,3030767,https://stooq.com/q/d/l/?s=2502.jp&i=d,2026-03-26T08:35:00+00:00
2502,2502.T,2502.jp,2019-11-01,1578.52,1589.03,1574.73,1584.65,1691102,https://stooq.com/q/d/l/?s=2502.jp&i=d,2026-03-26T08:35:00+00:00
2502,2502.T,2502.jp,2019-11-05,1601.00,1613.56,1585.52,1610.04,5633703,https://stooq.com/q/d/l/?s=2502.jp&i=d,2026-03-26T08:35:00+00:00
2502,2502.T,2502.jp,2019-11-06,1522.46,1534.44,1494.14,1512.54,10568283,https://stooq.com/q/d/l/?s=2502.jp&i=d,2026-03-26T08:35:00+00:00
2502,2502.T,2502.jp,2019-11-07,1509.04,1530.93,1504.37,1511.66,7761537,https://stooq.com/q/d/l/?s=2502.jp&i=d,2026-03-26T08:35:00+00:00
2502,2502.T,2502.jp,2019-11-08,1524.21,1540.27,1511.37,1515.17,9591717,https://stooq.com/q/d/l/?s=2502.jp&i=d,2026-03-26T08:35:00+00:00
2502,2502.T,2502.jp,2019-11-11,1516.63,1557.50,1514.00,1551.95,4605062,https://stooq.com/q/d/l/?s=2502.jp&i=d,2026-03-26T08:35:00+00:00
2502,2502.T,2502.jp,2019-11-12,1533.27,1548.45,1528.60,1544.65,3188676,https://stooq.com/q/d/l/?s=2502.jp&i=d,2026-03-26T08:35:00+00:00
2502,2502.T,2502.jp,2019-11-13,1536.76,1544.07,1523.34,1523.34,3920675,https://stooq.com/q/d/l/?s=2502.jp&i=d,2026-03-26T08:35:00+00:00
2502,2502.T,2502.jp,2019-11-14,1532.39,1539.97,1519.55,1530.64,2530658,https://stooq.com/q/d/l/?s=2502.jp&i=d,2026-03-26T08:35:00+00:00
2502,2502.T,2502.jp,2019-11-15,1542.60,1549.32,1533.85,1545.23,3403445,https://stooq.com/q/d/l/?s=2502.jp&i=d,2026-03-26T08:35:00+00:00
2502,2502.T,2502.jp,2019-11-18,1528.89,1542.90,1518.96,1537.94,2753309,https://stooq.com/q/d/l/?s=2502.jp&i=d,2026-03-26T08:35:00+00:00
2502,2502.T,2502.jp,2019-11-19,1545.83,1554.57,1534.72,1539.97,2054531,https://stooq.com/q/d/l/?s=2502.jp&i=d,2026-03-26T08:35:00+00:00
2502,2502.T,2502.jp,2019-11-20,1544.65,1563.04,1542.90,1561.88,3748038,https://stooq.com/q/d/l/?s=2502.jp&i=d,2026-03-26T08:35:00+00:00
2502,2502.T,2502.jp,2019-11-21,1557.50,1574.14,1542.60,1558.66,4708166,https://stooq.com/q/d/l/?s=2502.jp&i=d,2026-03-26T08:35:00+00:00
2502,2502.T,2502.jp,2019-11-22,1558.37,1570.34,1553.41,1554.57,2673844,https://stooq.com/q/d/l/?s=2502.jp&i=d,2026-03-26T08:35:00+00:00
2502,2502.T,2502.jp,2019-11-25,1560.71,1568.01,1555.46,1564.80,1959656,https://stooq.com/q/d/l/?s=2502.jp&i=d,2026-03-26T08:35:00+00:00
2502,2502.T,2502.jp,2019-11-26,1553.11,1560.13,1518.09,1518.09,6849706,https://stooq.com/q/d/l/?s=2502.jp&i=d,2026-03-26T08:35:00+00:00
2502,2502.T,2502.jp,2019-11-27,1529.76,1534.14,1518.38,1518.38,3301372,https://stooq.com/q/d/l/?s=2502.jp&i=d,2026-03-26T08:35:00+00:00
2502,2502.T,2502.jp,2019-11-28,1523.92,1539.69,1522.46,1537.35,2572796,https://stooq.com/q/d/l/?s=2502.jp&i=d,2026-03-26T08:35:00+00:00
2502,2502.T,2502.jp,2019-11-29,1544.65,1548.16,1532.39,1537.35,2795783,https://stooq.com/q/d/l/?s=2502.jp&i=d,2026-03-26T08:35:00+00:00
2502,2502.T,2502.jp,2019-12-02,1539.39,1547.86,1533.27,1537.35,3046861,https://stooq.com/q/d/l/?s=2502.jp&i=d,2026-03-26T08:35:00+00:00
2502,2502.T,2502.jp,2019-12-03,1534.72,1549.03,1534.72,1538.81,3379807,https://stooq.com/q/d/l/?s=2502.jp&i=d,2026-03-26T08:35:00+00:00
2502,2502.T,2502.jp,2019-12-04,1531.51,1540.27,1528.01,1539.69,2624519,https://stooq.com/q/d/l/?s=2502.jp&i=d,2026-03-26T08:35:00+00:00
2502,2502.T,2502.jp,2019-12-05,1541.44,1541.44,1524.51,1529.18,2890668,https://stooq.com/q/d/l/?s=2502.jp&i=d,2026-03-26T08:35:00+00:00
2502,2502.T,2502.jp,2019-12-06,1528.01,1529.76,1505.82,1507.28,4091939,https://stooq.com/q/d/l/?s=2502.jp&i=d,2026-03-26T08:35:00+00:00
2502,2502.T,2502.jp,2019-12-09,1523.92,1524.21,1506.12,1509.33,3342472,https://stooq.com/q/d/l/?s=2502.jp&i=d,2026-03-26T08:35:00+00:00
2502,2502.T,2502.jp,2019-12-10,1514.88,1520.72,1503.20,1503.20,3125306,https://stooq.com/q/d/l/?s=2502.jp&i=d,2026-03-26T08:35:00+00:00
2502,2502.T,2502.jp,2019-12-11,1514.88,1520.42,1491.23,1499.70,4929786,https://stooq.com/q/d/l/?s=2502.jp&i=d,2026-03-26T08:35:00+00:00
2502,2502.T,2502.jp,2019-12-12,1495.31,1497.94,1476.34,1483.05,4475929,https://stooq.com/q/d/l/?s=2502.jp&i=d,2026-03-26T08:35:00+00:00
2502,2502.T,2502.jp,2019-12-13,1498.53,1515.75,1491.81,1512.54,7275823,https://stooq.com/q/d/l/?s=2502.jp&i=d,2026-03-26T08:35:00+00:00
2502,2502.T,2502.jp,2019-12-16,1512.54,1515.17,1497.65,1504.65,3666850,https://stooq.com/q/d/l/?s=2502.jp&i=d,2026-03-26T08:35:00+00:00
2502,2502.T,2502.jp,2019-12-17,1507.58,1512.83,1490.65,1497.35,4344395,https://stooq.com/q/d/l/?s=2502.jp&i=d,2026-03-26T08:35:00+00:00
2502,2502.T,2502.jp,2019-12-18,1511.37,1518.09,1500.28,1510.79,3562037,https://stooq.com/q/d/l/?s=2502.jp&i=d,2026-03-26T08:35:00+00:00
2502,2502.T,2502.jp,2019-12-19,1496.49,1507.86,1495.90,1501.16,2919098,https://stooq.com/q/d/l/?s=2502.jp&i=d,2026-03-26T08:35:00+00:00
2502,2502.T,2502.jp,2019-12-20,1501.44,1508.74,1497.35,1497.35,3426052,https://stooq.com/q/d/l/?s=2502.jp&i=d,2026-03-26T08:35:00+00:00
2502,2502.T,2502.jp,2019-12-23,1503.78,1507.28,1481.30,1485.40,3894300,https://stooq.com/q/d/l/?s=2502.jp&i=d,2026-03-26T08:35:00+00:00
2502,2502.T,2502.jp,2019-12-24,1481.59,1485.98,1473.42,1476.63,2689253,https://stooq.com/q/d/l/?s=2502.jp&i=d,2026-03-26T08:35:00+00:00
2502,2502.T,2502.jp,2019-12-25,1473.13,1480.43,1470.21,1474.29,1966161,https://stooq.com/q/d/l/?s=2502.jp&i=d,2026-03-26T08:35:00+00:00
2502,2502.T,2502.jp,2019-12-26,1474.29,1483.93,1471.66,1483.05,2680010,https://stooq.com/q/d/l/?s=2502.jp&i=d,2026-03-26T08:35:00+00:00
2502,2502.T,2502.jp,2019-12-27,1485.41,1487.47,1480.11,1480.99,2044964,https://stooq.com/q/d/l/?s=2502.jp&i=d,2026-03-26T08:35:00+00:00
2502,2502.T,2502.jp,2019-12-30,1480.11,1484.23,1468.61,1468.61,2002210,https://stooq.com/q/d/l/?s=2502.jp&i=d,2026-03-26T08:35:00+00:00
2502,2502.T,2502.jp,2020-01-06,1452.40,1458.29,1428.23,1431.18,3503274,https://stooq.com/q/d/l/?s=2502.jp&i=d,2026-03-26T08:35:00+00:00
2502,2502.T,2502.jp,2020-01-07,1447.98,1447.98,1433.83,1443.27,3981005,https://stooq.com/q/d/l/?s=2502.jp&i=d,2026-03-26T08:35:00+00:00
2502,2502.T,2502.jp,2020-01-08,1443.86,1456.52,1434.12,1449.75,5766404,https://stooq.com/q/d/l/?s=2502.jp&i=d,2026-03-26T08:35:00+00:00
2502,2502.T,2502.jp,2020-01-09,1452.69,1460.36,1445.63,1458.00,3420823,https://stooq.com/q/d/l/?s=2502.jp&i=d,2026-03-26T08:35:00+00:00
2502,2502.T,2502.jp,2020-01-10,1468.61,1473.92,1452.11,1460.06,3090346,https://stooq.com/q/d/l/?s=2502.jp&i=d,2026-03-26T08:35:00+00:00
2502,2502.T,2502.jp,2020-01-14,1462.72,1467.13,1453.87,1465.67,3225048,https://stooq.com/q/d/l/?s=2502.jp&i=d,2026-03-26T08:35:00+00:00
2502,2502.T,2502.jp,2020-01-15,1458.58,1467.13,1449.45,1455.94,3022483,https://stooq.com/q/d/l/?s=2502.jp&i=d,2026-03-26T08:35:00+00:00
2502,2502.T,2502.jp,2020-01-16,1470.67,1472.15,1455.35,1465.07,2266865,https://stooq.com/q/d/l/?s=2502.jp&i=d,2026-03-26T08:35:00+00:00
2502,2502.T,2502.jp,2020-01-17,1472.15,1480.70,1471.27,1474.81,3246084,https://stooq.com/q/d/l/?s=2502.jp&i=d,2026-03-26T08:35:00+00:00
2502,2502.T,2502.jp,2020-01-20,1486.88,1486.88,1471.85,1472.74,1680889,https://stooq.com/q/d/l/?s=2502.jp&i=d,2026-03-26T08:35:00+00:00
2502,2502.T,2502.jp,2020-01-21,1471.56,1479.51,1459.47,1463.61,2997039,https://stooq.com/q/d/l/?s=2502.jp&i=d,2026-03-26T08:35:00+00:00
2502,2502.T,2502.jp,2020-01-22,1479.51,1511.05,1478.04,1505.46,6835201,https://stooq.com/q/d/l/?s=2502.jp&i=d,2026-03-26T08:35:00+00:00
2502,2502.T,2502.jp,2020-01-23,1488.95,1508.69,1486.88,1499.26,3893809,https://stooq.com/q/d/l/?s=2502.jp&i=d,2026-03-26T08:35:00+00:00
2502,2502.T,2502.jp,2020-01-24,1495.14,1513.41,1493.36,1505.46,3691923,https://stooq.com/q/d/l/?s=2502.jp&i=d,2026-03-26T08:35:00+00:00
2502,2502.T,2502.jp,2020-01-27,1488.06,1507.21,1477.46,1503.38,3245066,https://stooq.com/q/d/l/?s=2502.jp&i=d,2026-03-26T08:35:00+00:00
2502,2502.T,2502.jp,2020-01-28,1488.36,1494.84,1482.46,1488.36,3049634,https://stooq.com/q/d/l/?s=2502.jp&i=d,2026-03-26T08:35:00+00:00
2502,2502.T,2502.jp,2020-01-29,1498.08,1498.08,1477.16,1484.23,3108328,https://stooq.com/q/d/l/?s=2502.jp&i=d,2026-03-26T08:35:00+00:00
2502,2502.T,2502.jp,2020-01-30,1474.22,1490.42,1472.74,1483.94,3080845,https://stooq.com/q/d/l/?s=2502.jp&i=d,2026-03-26T08:35:00+00:00
2502,2502.T,2502.jp,2020-01-31,1511.93,1514.89,1491.31,1498.97,4780399,https://stooq.com/q/d/l/?s=2502.jp&i=d,2026-03-26T08:35:00+00:00
2502,2502.T,2502.jp,2020-02-03,1492.77,1497.20,1475.39,1479.81,3633904,https://stooq.com/q/d/l/?s=2502.jp&i=d,2026-03-26T08:35:00+00:00
2502,2502.T,2502.jp,2020-02-04,1465.07,1479.81,1458.00,1479.81,3570452,https://stooq.com/q/d/l/?s=2502.jp&i=d,2026-03-26T08:35:00+00:00
2502,2502.T,2502.jp,2020-02-05,1487.47,1500.15,1485.70,1491.60,3994918,https://stooq.com/q/d/l/?s=2502.jp&i=d,2026-03-26T08:35:00+00:00
2502,2502.T,2502.jp,2020-02-06,1502.80,1511.93,1493.08,1504.28,3674283,https://stooq.com/q/d/l/?s=2502.jp&i=d,2026-03-26T08:35:00+00:00
2502,2502.T,2502.jp,2020-02-07,1503.98,1511.34,1498.08,1506.63,2486731,https://stooq.com/q/d/l/?s=2502.jp&i=d,2026-03-26T08:35:00+00:00
2502,2502.T,2502.jp,2020-02-10,1501.03,1524.90,1498.67,1522.25,3547044,https://stooq.com/q/d/l/?s=2502.jp&i=d,2026-03-26T08:35:00+00:00
2502,2502.T,2502.jp,2020-02-12,1522.84,1532.57,1518.13,1531.09,4551714,https://stooq.com/q/d/l/?s=2502.jp&i=d,2026-03-26T08:35:00+00:00
2502,2502.T,2502.jp,2020-02-13,1501.62,1508.10,1486.59,1505.15,4862511,https://stooq.com/q/d/l/?s=2502.jp&i=d,2026-03-26T08:35:00+00:00
2502,2502.T,2502.jp,2020-02-14,1498.97,1499.55,1453.28,1476.86,5823748,https://stooq.com/q/d/l/?s=2502.jp&i=d,2026-03-26T08:35:00+00:00
2502,2502.T,2502.jp,2020-02-17,1461.54,1469.20,1420.28,1422.63,4493352,https://stooq.com/q/d/l/?s=2502.jp&i=d,2026-03-26T08:35:00+00:00
2502,2502.T,2502.jp,2020-02-18,1407.89,1416.74,1382.55,1395.52,5987969,https://stooq.com/q/d/l/?s=2502.jp&i=d,2026-03-26T08:35:00+00:00
2502,2502.T,2502.jp,2020-02-19,1405.84,1430.59,1401.41,1422.05,4178822,https://stooq.com/q/d/l/?s=2502.jp&i=d,2026-03-26T08:35:00+00:00
2502,2502.T,2502.jp,2020-02-20,1439.73,1442.38,1417.03,1421.75,3534152,https://stooq.com/q/d/l/?s=2502.jp&i=d,2026-03-26T08:35:00+00:00
2502,2502.T,2502.jp,2020-02-21,1415.57,1425.58,1411.14,1414.68,3497848,https://stooq.com/q/d/l/?s=2502.jp&i=d,2026-03-26T08:35:00+00:00
2502,2502.T,2502.jp,2020-02-25,1350.72,1350.72,1323.61,1325.08,6977369,https://stooq.com/q/d/l/?s=2502.jp&i=d,2026-03-26T08:35:00+00:00
2502,2502.T,2502.jp,2020-02-26,1304.45,1308.57,1292.66,1299.14,6346951,https://stooq.com/q/d/l/?s=2502.jp&i=d,2026-03-26T08:35:00+00:00
2502,2502.T,2502.jp,2020-02-27,1286.47,1291.19,1264.66,1267.61,5836300,https://stooq.com/q/d/l/?s=2502.jp&i=d,2026-03-26T08:35:00+00:00
2502,2502.T,2502.jp,2020-02-28,1232.25,1244.62,1211.62,1223.11,8641298,https://stooq.com/q/d/l/?s=2502.jp&i=d,2026-03-26T08:35:00+00:00
2502,2502.T,2502.jp,2020-03-02,1185.67,1222.51,1178.60,1208.37,15575573,https://stooq.com/q/d/l/?s=2502.jp&i=d,2026-03-26T08:35:00+00:00
2502,2502.T,2502.jp,2020-03-03,1240.49,1244.33,1200.71,1201.30,8834361,https://stooq.com/q/d/l/?s=2502.jp&i=d,2026-03-26T08:35:00+00:00
2502,2502.T,2502.jp,2020-03-04,1190.39,1220.75,1180.37,1203.65,5584879,https://stooq.com/q/d/l/?s=2502.jp&i=d,2026-03-26T08:35:00+00:00
2502,2502.T,2502.jp,2020-03-05,1211.62,1217.20,1202.77,1208.07,6277730,https://stooq.com/q/d/l/?s=2502.jp&i=d,2026-03-26T08:35:00+00:00
2502,2502.T,2502.jp,2020-03-06,1187.74,1195.11,1162.10,1167.11,8778371,https://stooq.com/q/d/l/?s=2502.jp&i=d,2026-03-26T08:35:00+00:00
2502,2502.T,2502.jp,2020-03-09,1125.84,1136.75,1095.19,1109.94,9086800,https://stooq.com/q/d/l/?s=2502.jp&i=d,2026-03-26T08:35:00+00:00
2502,2502.T,2502.jp,2020-03-10,1087.54,1090.48,1044.80,1087.82,9019619,https://stooq.com/q/d/l/?s=2502.jp&i=d,2026-03-26T08:35:00+00:00
2502,2502.T,2502.jp,2020-03-11,1102.27,1128.50,1089.89,1099.62,9040316,https://stooq.com/q/d/l/?s=2502.jp&i=d,2026-03-26T08:35:00+00:00
2502,2502.T,2502.jp,2020-03-12,1064.25,1070.44,1015.62,1037.43,10152197,https://stooq.com/q/d/l/?s=2502.jp&i=d,2026-03-26T08:35:00+00:00
2502,2502.T,2502.jp,2020-03-13,937.22,996.17,914.23,958.14,14141014,https://stooq.com/q/d/l/?s=2502.jp&i=d,2026-03-26T08:35:00+00:00
2502,2502.T,2502.jp,2020-03-16,960.80,979.37,911.28,921.31,14143725,https://stooq.com/q/d/l/?s=2502.jp&i=d,2026-03-26T08:35:00+00:00
2502,2502.T,2502.jp,2020-03-17,901.56,947.24,889.18,910.11,14866436,https://stooq.com/q/d/l/?s=2502.jp&i=d,2026-03-26T08:35:00+00:00
2502,2502.T,2502.jp,2020-03-18,918.07,931.92,906.57,917.77,16403126,https://stooq.com/q/d/l/?s=2502.jp&i=d,2026-03-26T08:35:00+00:00
2502,2502.T,2502.jp,2020-03-19,918.07,992.93,885.94,951.37,14460631,https://stooq.com/q/d/l/?s=2502.jp&i=d,2026-03-26T08:35:00+00:00
2502,2502.T,2502.jp,2020-03-23,958.44,988.80,918.36,961.09,14692373,https://stooq.com/q/d/l/?s=2502.jp&i=d,2026-03-26T08:35:00+00:00
2502,2502.T,2502.jp,2020-03-24,990.57,1016.20,982.62,1010.62,9147873,https://stooq.com/q/d/l/?s=2502.jp&i=d,2026-03-26T08:35:00+00:00
2502,2502.T,2502.jp,2020-03-25,1093.13,1101.39,1052.76,1075.75,9897385,https://stooq.com/q/d/l/?s=2502.jp&i=d,2026-03-26T08:35:00+00:00
2502,2502.T,2502.jp,2020-03-26,1062.19,1075.75,999.41,1010.02,7705845,https://stooq.com/q/d/l/?s=2502.jp&i=d,2026-03-26T08:35:00+00:00
2502,2502.T,2502.jp,2020-03-27,1043.91,1050.39,988.50,1040.08,10585825,https://stooq.com/q/d/l/?s=2502.jp&i=d,2026-03-26T08:35:00+00:00
2502,2502.T,2502.jp,2020-03-30,1033.89,1080.46,1017.39,1078.99,6921386,https://stooq.com/q/d/l/?s=2502.jp&i=d,2026-03-26T08:35:00+00:00
2502,2502.T,2502.jp,2020-03-31,1089.60,1090.19,1031.24,1034.48,6832147,https://stooq.com/q/d/l/?s=2502.jp&i=d,2026-03-26T08:35:00+00:00
2502,2502.T,2502.jp,2020-04-01,1020.04,1035.36,994.69,1006.18,7402510,https://stooq.com/q/d/l/?s=2502.jp&i=d,2026-03-26T08:35:00+00:00
2502,2502.T,2502.jp,2020-04-02,985.85,1007.07,979.37,989.09,7295971,https://stooq.com/q/d/l/?s=2502.jp&i=d,2026-03-26T08:35:00+00:00
2502,2502.T,2502.jp,2020-04-03,993.22,1018.86,978.78,982.02,5050820,https://stooq.com/q/d/l/?s=2502.jp&i=d,2026-03-26T08:35:00+00:00
2502,2502.T,2502.jp,2020-04-06,972.00,1000.29,960.80,997.63,6254997,https://stooq.com/q/d/l/?s=2502.jp&i=d,2026-03-26T08:35:00+00:00
2502,2502.T,2502.jp,2020-04-07,1016.51,1027.70,986.15,1019.16,5732476,https://stooq.com/q/d/l/?s=2502.jp&i=d,2026-03-26T08:35:00+00:00
2502,2502.T,2502.jp,2020-04-08,1034.19,1071.03,1017.98,1064.54,5444748,https://stooq.com/q/d/l/?s=2502.jp&i=d,2026-03-26T08:35:00+00:00
2502,2502.T,2502.jp,2020-04-09,1064.54,1079.86,1044.80,1076.03,4673863,https://stooq.com/q/d/l/?s=2502.jp&i=d,2026-03-26T08:35:00+00:00
2502,2502.T,2502.jp,2020-04-10,1087.54,1087.54,1058.65,1081.93,7059139,https://stooq.com/q/d/l/?s=2502.jp&i=d,2026-03-26T08:35:00+00:00
2502,2502.T,2502.jp,2020-04-13,1078.69,1078.69,1038.32,1042.44,4334557,https://stooq.com/q/d/l/?s=2502.jp&i=d,2026-03-26T08:35:00+00:00
2502,2502.T,2502.jp,2020-04-14,1057.18,1069.55,1048.63,1066.01,3894827,https://stooq.com/q/d/l/?s=2502.jp&i=d,2026-03-26T08:35:00+00:00
2502,2502.T,2502.jp,2020-04-15,1078.99,1080.46,1066.90,1072.80,6131833,https://stooq.com/q/d/l/?s=2502.jp&i=d,2026-03-26T08:35:00+00:00
2502,2502.T,2502.jp,2020-04-16,1063.95,1071.32,1030.95,1030.95,8481148,https://stooq.com/q/d/l/?s=2502.jp&i=d,2026-03-26T08:35:00+00:00
2502,2502.T,2502.jp,2020-04-17,1049.52,1050.39,1038.02,1049.81,5408105,https://stooq.com/q/d/l/?s=2502.jp&i=d,2026-03-26T08:35:00+00:00
2502,2502.T,2502.jp,2020-04-20,1038.61,1057.76,1036.54,1045.98,5710425,https://stooq.com/q/d/l/?s=2502.jp&i=d,2026-03-26T08:35:00+00:00
2502,2502.T,2502.jp,2020-04-21,1034.48,1051.28,1031.54,1045.98,6239051,https://stooq.com/q/d/l/?s=2502.jp&i=d,2026-03-26T08:35:00+00:00
2502,2502.T,2502.jp,2020-04-22,1031.54,1038.61,1018.27,1032.13,5717887,https://stooq.com/q/d/l/?s=2502.jp&i=d,2026-03-26T08:35:00+00:00
2502,2502.T,2502.jp,2020-04-23,1032.13,1061.89,1032.13,1061.31,3336338,https://stooq.com/q/d/l/?s=2502.jp&i=d,2026-03-26T08:35:00+00:00
2502,2502.T,2502.jp,2020-04-24,1074.55,1083.41,1065.14,1075.16,6874556,https://stooq.com/q/d/l/?s=2502.jp&i=d,2026-03-26T08:35:00+00:00
2502,2502.T,2502.jp,2020-04-27,1082.82,1102.57,1071.32,1099.91,5645955,https://stooq.com/q/d/l/?s=2502.jp&i=d,2026-03-26T08:35:00+00:00
2502,2502.T,2502.jp,2020-04-28,1082.52,1090.78,1067.79,1076.03,4333881,https://stooq.com/q/d/l/?s=2502.jp&i=d,2026-03-26T08:35:00+00:00
2502,2502.T,2502.jp,2020-04-30,1109.94,1115.53,1091.06,1102.27,5845463,https://stooq.com/q/d/l/?s=2502.jp&i=d,2026-03-26T08:35:00+00:00
2502,2502.T,2502.jp,2020-05-01,1090.48,1101.39,1057.18,1058.65,4806522,https://stooq.com/q/d/l/?s=2502.jp&i=d,2026-03-26T08:35:00+00:00
2502,2502.T,2502.jp,2020-05-07,1038.02,1077.81,1038.02,1075.44,6365609,https://stooq.com/q/d/l/?s=2502.jp&i=d,2026-03-26T08:35:00+00:00
2502,2502.T,2502.jp,2020-05-08,1096.08,1102.27,1077.50,1090.48,4411919,https://stooq.com/q/d/l/?s=2502.jp&i=d,2026-03-26T08:35:00+00:00
2502,2502.T,2502.jp,2020-05-11,1099.91,1135.86,1096.96,1123.79,4669448,https://stooq.com/q/d/l/?s=2502.jp&i=d,2026-03-26T08:35:00+00:00
2502,2502.T,2502.jp,2020-05-12,1105.22,1122.90,1095.19,1115.83,5203510,https://stooq.com/q/d/l/?s=2502.jp&i=d,2026-03-26T08:35:00+00:00
2502,2502.T,2502.jp,2020-05-13,1105.51,1115.83,1089.00,1091.06,5338209,https://stooq.com/q/d/l/?s=2502.jp&i=d,2026-03-26T08:35:00+00:00
2502,2502.T,2502.jp,2020-05-14,1091.96,1096.96,1072.21,1076.34,3949788,https://stooq.com/q/d/l/?s=2502.jp&i=d,2026-03-26T08:35:00+00:00
2502,2502.T,2502.jp,2020-05-15,1089.60,1091.96,1067.20,1074.27,3768266,https://stooq.com/q/d/l/?s=2502.jp&i=d,2026-03-26T08:35:00+00:00
2502,2502.T,2502.jp,2020-05-18,1090.48,1096.96,1079.86,1093.13,2522359,https://stooq.com/q/d/l/?s=2502.jp&i=d,2026-03-26T08:35:00+00:00
2502,2502.T,2502.jp,2020-05-19,1113.77,1118.18,1101.09,1106.10,4328109,https://stooq.com/q/d/l/?s=2502.jp&i=d,2026-03-26T08:35:00+00:00
2502,2502.T,2502.jp,2020-05-20,1103.74,1103.74,1088.12,1088.12,5114608,https://stooq.com/q/d/l/?s=2502.jp&i=d,2026-03-26T08:35:00+00:00
2502,2502.T,2502.jp,2020-05-21,1108.75,1112.59,1100.50,1101.09,3789981,https://stooq.com/q/d/l/?s=2502.jp&i=d,2026-03-26T08:35:00+00:00
2502,2502.T,2502.jp,2020-05-22,1090.19,1096.37,1078.10,1082.52,3752999,https://stooq.com/q/d/l/?s=2502.jp&i=d,2026-03-26T08:35:00+00:00
2502,2502.T,2502.jp,2020-05-25,1098.43,1106.40,1091.06,1103.74,3395375,https://stooq.com/q/d/l/?s=2502.jp&i=d,2026-03-26T08:35:00+00:00
2502,2502.T,2502.jp,2020-05-26,1124.37,1188.91,1121.72,1185.97,7660382,https://stooq.com/q/d/l/?s=2502.jp&i=d,2026-03-26T08:35:00+00:00
2502,2502.T,2502.jp,2020-05-27,1190.98,1233.13,1187.45,1221.04,10714422,https://stooq.com/q/d/l/?s=2502.jp&i=d,2026-03-26T08:35:00+00:00
2502,2502.T,2502.jp,2020-05-28,1235.49,1255.23,1211.92,1218.09,9239144,https://stooq.com/q/d/l/?s=2502.jp&i=d,2026-03-26T08:35:00+00:00
2502,2502.T,2502.jp,2020-05-29,1208.37,1230.47,1195.99,1195.99,14500671,https://stooq.com/q/d/l/?s=2502.jp&i=d,2026-03-26T08:35:00+00:00
2502,2502.T,2502.jp,2020-06-01,1206.61,1210.73,1196.87,1205.72,4621267,https://stooq.com/q/d/l/?s=2502.jp&i=d,2026-03-26T08:35:00+00:00
2502,2502.T,2502.jp,2020-06-02,1231.95,1283.53,1227.23,1272.33,8104181,https://stooq.com/q/d/l/?s=2502.jp&i=d,2026-03-26T08:35:00+00:00
2502,2502.T,2502.jp,2020-06-03,1283.82,1289.13,1244.62,1256.99,6786342,https://stooq.com/q/d/l/?s=2502.jp&i=d,2026-03-26T08:35:00+00:00
2502,2502.T,2502.jp,2020-06-04,1256.41,1264.96,1233.72,1263.48,5487842,https://stooq.com/q/d/l/?s=2502.jp&i=d,2026-03-26T08:35:00+00:00
2502,2502.T,2502.jp,2020-06-05,1269.97,1279.10,1256.70,1278.22,5032844,https://stooq.com/q/d/l/?s=2502.jp&i=d,2026-03-26T08:35:00+00:00
2502,2502.T,2502.jp,2020-06-08,1294.13,1322.42,1286.77,1322.14,6411414,https://stooq.com/q/d/l/?s=2502.jp&i=d,2026-03-26T08:35:00+00:00
2502,2502.T,2502.jp,2020-06-09,1323.31,1340.41,1304.74,1308.28,5914680,https://stooq.com/q/d/l/?s=2502.jp&i=d,2026-03-26T08:35:00+00:00
2502,2502.T,2502.jp,2020-06-10,1267.02,1303.86,1266.72,1301.50,5064391,https://stooq.com/q/d/l/?s=2502.jp&i=d,2026-03-26T08:35:00+00:00
2502,2502.T,2502.jp,2020-06-11,1282.93,1288.53,1242.85,1244.03,5344996,https://stooq.com/q/d/l/?s=2502.jp&i=d,2026-03-26T08:35:00+00:00
2502,2502.T,2502.jp,2020-06-12,1182.14,1210.13,1175.95,1204.24,9631036,https://stooq.com/q/d/l/?s=2502.jp&i=d,2026-03-26T08:35:00+00:00
2502,2502.T,2502.jp,2020-06-15,1196.28,1213.97,1148.24,1148.24,6269589,https://stooq.com/q/d/l/?s=2502.jp&i=d,2026-03-26T08:35:00+00:00
2502,2502.T,2502.jp,2020-06-16,1178.90,1242.56,1176.54,1237.55,5853946,https://stooq.com/q/d/l/?s=2502.jp&i=d,2026-03-26T08:35:00+00:00
2502,2502.T,2502.jp,2020-06-17,1229.01,1229.01,1201.30,1207.19,4307416,https://stooq.com/q/d/l/?s=2502.jp&i=d,2026-03-26T08:35:00+00:00
2502,2502.T,2502.jp,2020-06-18,1197.46,1211.31,1194.22,1202.48,3211138,https://stooq.com/q/d/l/?s=2502.jp&i=d,2026-03-26T08:35:00+00:00
2502,2502.T,2502.jp,2020-06-19,1193.34,1197.76,1183.62,1190.39,5262205,https://stooq.com/q/d/l/?s=2502.jp&i=d,2026-03-26T08:35:00+00:00
2502,2502.T,2502.jp,2020-06-22,1182.43,1184.79,1166.52,1178.60,3354659,https://stooq.com/q/d/l/?s=2502.jp&i=d,2026-03-26T08:35:00+00:00
2502,2502.T,2502.jp,2020-06-23,1188.91,1197.17,1169.47,1188.03,3166690,https://stooq.com/q/d/l/?s=2502.jp&i=d,2026-03-26T08:35:00+00:00
2502,2502.T,2502.jp,2020-06-24,1197.46,1198.93,1163.27,1169.17,4467229,https://stooq.com/q/d/l/?s=2502.jp&i=d,2026-03-26T08:35:00+00:00
2502,2502.T,2502.jp,2020-06-25,1149.43,1152.67,1133.21,1143.54,5244219,https://stooq.com/q/d/l/?s=2502.jp&i=d,2026-03-26T08:35:00+00:00
2502,2502.T,2502.jp,2020-06-26,1140.58,1145.30,1127.32,1128.50,5671064,https://stooq.com/q/d/l/?s=2502.jp&i=d,2026-03-26T08:35:00+00:00
2502,2502.T,2502.jp,2020-06-29,1107.58,1115.65,1095.32,1106.08,6177119,https://stooq.com/q/d/l/?s=2502.jp&i=d,2026-03-26T08:35:00+00:00
2502,2502.T,2502.jp,2020-06-30,1131.19,1135.67,1114.75,1128.50,4917337,https://stooq.com/q/d/l/?s=2502.jp&i=d,2026-03-26T08:35:00+00:00
2502,2502.T,2502.jp,2020-07-01,1122.82,1127.30,1101.01,1105.79,3479876,https://stooq.com/q/d/l/?s=2502.jp&i=d,2026-03-26T08:35:00+00:00
2502,2502.T,2502.jp,2020-07-02,1095.62,1115.05,1083.97,1105.19,4529527,https://stooq.com/q/d/l/?s=2502.jp&i=d,2026-03-26T08:35:00+00:00
2502,2502.T,2502.jp,2020-07-03,1119.23,1123.72,1089.95,1098.62,2190984,https://stooq.com/q/d/l/?s=2502.jp&i=d,2026-03-26T08:35:00+00:00
2502,2502.T,2502.jp,2020-07-06,1103.70,1129.40,1098.02,1128.20,3125196,https://stooq.com/q/d/l/?s=2502.jp&i=d,2026-03-26T08:35:00+00:00
2502,2502.T,2502.jp,2020-07-07,1134.18,1134.18,1111.17,1121.63,3122523,https://stooq.com/q/d/l/?s=2502.jp&i=d,2026-03-26T08:35:00+00:00
2502,2502.T,2502.jp,2020-07-08,1109.98,1123.42,1099.81,1100.40,4089525,https://stooq.com/q/d/l/?s=2502.jp&i=d,2026-03-26T08:35:00+00:00
2502,2502.T,2502.jp,2020-07-09,1093.83,1098.31,1085.76,1086.66,3828871,https://stooq.com/q/d/l/?s=2502.jp&i=d,2026-03-26T08:35:00+00:00
2502,2502.T,2502.jp,2020-07-10,1086.66,1091.44,1069.92,1072.01,6624819,https://stooq.com/q/d/l/?s=2502.jp&i=d,2026-03-26T08:35:00+00:00
2502,2502.T,2502.jp,2020-07-13,1092.93,1108.77,1090.54,1105.79,4377622,https://stooq.com/q/d/l/?s=2502.jp&i=d,2026-03-26T08:35:00+00:00
2502,2502.T,2502.jp,2020-07-14,1104.00,1105.48,1087.26,1097.12,3328636,https://stooq.com/q/d/l/?s=2502.jp&i=d,2026-03-26T08:35:00+00:00
2502,2502.T,2502.jp,2020-07-15,1116.25,1121.32,1107.88,1115.05,3057607,https://stooq.com/q/d/l/?s=2502.jp&i=d,2026-03-26T08:35:00+00:00
2502,2502.T,2502.jp,2020-07-16,1147.02,1150.62,1107.58,1115.94,4744011,https://stooq.com/q/d/l/?s=2502.jp&i=d,2026-03-26T08:35:00+00:00
2502,2502.T,2502.jp,2020-07-17,1103.09,1116.25,1101.91,1112.65,2438595,https://stooq.com/q/d/l/?s=2502.jp&i=d,2026-03-26T08:35:00+00:00
2502,2502.T,2502.jp,2020-07-20,1120.73,1126.41,1097.71,1099.81,2912389,https://stooq.com/q/d/l/?s=2502.jp&i=d,2026-03-26T08:35:00+00:00
2502,2502.T,2502.jp,2020-07-21,1096.83,1101.01,1087.56,1092.33,3307558,https://stooq.com/q/d/l/?s=2502.jp&i=d,2026-03-26T08:35:00+00:00
2502,2502.T,2502.jp,2020-07-22,1098.31,1099.50,1086.66,1089.05,2685194,https://stooq.com/q/d/l/?s=2502.jp&i=d,2026-03-26T08:35:00+00:00
2502,2502.T,2502.jp,2020-07-27,1060.95,1079.78,1049.00,1078.89,3726817,https://stooq.com/q/d/l/?s=2502.jp&i=d,2026-03-26T08:35:00+00:00
2502,2502.T,2502.jp,2020-07-28,1082.78,1086.96,1067.53,1071.12,2741406,https://stooq.com/q/d/l/?s=2502.jp&i=d,2026-03-26T08:35:00+00:00
2502,2502.T,2502.jp,2020-07-29,1067.83,1067.83,1051.09,1052.29,2526593,https://stooq.com/q/d/l/?s=2502.jp&i=d,2026-03-26T08:35:00+00:00
2502,2502.T,2502.jp,2020-07-30,1058.56,1071.41,1057.97,1064.54,3275769,https://stooq.com/q/d/l/?s=2502.jp&i=d,2026-03-26T08:35:00+00:00
2502,2502.T,2502.jp,2020-07-31,1061.86,1062.15,1028.68,1029.27,5666510,https://stooq.com/q/d/l/?s=2502.jp&i=d,2026-03-26T08:35:00+00:00
2502,2502.T,2502.jp,2020-08-03,1023.29,1037.65,1010.45,1025.09,4537558,https://stooq.com/q/d/l/?s=2502.jp&i=d,2026-03-26T08:35:00+00:00
2502,2502.T,2502.jp,2020-08-04,1048.71,1069.03,1046.02,1066.94,4178864,https://stooq.com/q/d/l/?s=2502.jp&i=d,2026-03-26T08:35:00+00:00
2502,2502.T,2502.jp,2020-08-05,1073.51,1084.57,1060.66,1075.01,4730291,https://stooq.com/q/d/l/?s=2502.jp&i=d,2026-03-26T08:35:00+00:00
2502,2502.T,2502.jp,2020-08-06,1076.80,1091.14,1035.85,1038.25,5747152,https://stooq.com/q/d/l/?s=2502.jp&i=d,2026-03-26T08:35:00+00:00
2502,2502.T,2502.jp,2020-08-07,1036.45,1050.20,1033.46,1039.73,3060952,https://stooq.com/q/d/l/?s=2502.jp&i=d,2026-03-26T08:35:00+00:00
2502,2502.T,2502.jp,2020-08-11,1024.19,1080.08,1024.19,1078.59,4877856,https://stooq.com/q/d/l/?s=2502.jp&i=d,2026-03-26T08:35:00+00:00
2502,2502.T,2502.jp,2020-08-12,1089.05,1113.86,1077.10,1108.17,4289954,https://stooq.com/q/d/l/?s=2502.jp&i=d,2026-03-26T08:35:00+00:00
2502,2502.T,2502.jp,2020-08-13,1129.09,1132.68,1108.17,1113.86,5062555,https://stooq.com/q/d/l/?s=2502.jp&i=d,2026-03-26T08:35:00+00:00
2502,2502.T,2502.jp,2020-08-14,1104.29,1117.15,1101.31,1109.08,3228257,https://stooq.com/q/d/l/?s=2502.jp&i=d,2026-03-26T08:35:00+00:00
2502,2502.T,2502.jp,2020-08-17,1095.32,1108.77,1090.54,1093.24,2987007,https://stooq.com/q/d/l/?s=2502.jp&i=d,2026-03-26T08:35:00+00:00
2502,2502.T,2502.jp,2020-08-18,1084.27,1103.40,1083.07,1095.03,2582805,https://stooq.com/q/d/l/?s=2502.jp&i=d,2026-03-26T08:35:00+00:00
2502,2502.T,2502.jp,2020-08-19,1079.18,1093.54,1072.61,1085.46,3113823,https://stooq.com/q/d/l/?s=2502.jp&i=d,2026-03-26T08:35:00+00:00
2502,2502.T,2502.jp,2020-08-20,1084.57,1091.44,1075.90,1076.20,2988009,https://stooq.com/q/d/l/?s=2502.jp&i=d,2026-03-26T08:35:00+00:00
2502,2502.T,2502.jp,2020-08-21,1076.49,1095.92,1076.49,1093.83,2858853,https://stooq.com/q/d/l/?s=2502.jp&i=d,2026-03-26T08:35:00+00:00
2502,2502.T,2502.jp,2020-08-24,1093.83,1093.83,1072.61,1079.18,2400110,https://stooq.com/q/d/l/?s=2502.jp&i=d,2026-03-26T08:35:00+00:00
2502,2502.T,2502.jp,2020-08-25,1100.11,1110.57,1084.87,1092.64,5347300,https://stooq.com/q/d/l/?s=2502.jp&i=d,2026-03-26T08:35:00+00:00
2502,2502.T,2502.jp,2020-08-26,1056.48,1081.87,1047.81,1064.24,10408185,https://stooq.com/q/d/l/?s=2502.jp&i=d,2026-03-26T08:35:00+00:00
2502,2502.T,2502.jp,2020-08-27,1057.67,1072.91,1054.38,1061.55,5993754,https://stooq.com/q/d/l/?s=2502.jp&i=d,2026-03-26T08:35:00+00:00
2502,2502.T,2502.jp,2020-08-28,1068.73,1115.35,1065.74,1097.12,8119827,https://stooq.com/q/d/l/?s=2502.jp&i=d,2026-03-26T08:35:00+00:00
2502,2502.T,2502.jp,2020-08-31,1111.17,1125.20,1098.62,1109.68,7777192,https://stooq.com/q/d/l/?s=2502.jp&i=d,2026-03-26T08:35:00+00:00
2502,2502.T,2502.jp,2020-09-01,1099.81,1108.17,1085.76,1102.50,6234333,https://stooq.com/q/d/l/?s=2502.jp&i=d,2026-03-26T08:35:00+00:00
2502,2502.T,2502.jp,2020-09-02,1102.20,1105.48,1087.26,1095.03,5744809,https://stooq.com/q/d/l/?s=2502.jp&i=d,2026-03-26T08:35:00+00:00
2502,2502.T,2502.jp,2020-09-03,1105.19,1125.80,1098.02,1111.46,8750222,https://stooq.com/q/d/l/?s=2502.jp&i=d,2026-03-26T08:35:00+00:00
2502,2502.T,2502.jp,2020-09-04,1096.52,1102.79,1058.56,1063.65,13579555,https://stooq.com/q/d/l/?s=2502.jp&i=d,2026-03-26T08:35:00+00:00
2502,2502.T,2502.jp,2020-09-07,1052.88,1058.86,1034.06,1034.36,28380080,https://stooq.com/q/d/l/?s=2502.jp&i=d,2026-03-26T08:35:00+00:00
2502,2502.T,2502.jp,2020-09-08,1054.98,1107.29,1053.48,1105.79,56861875,https://stooq.com/q/d/l/?s=2502.jp&i=d,2026-03-26T08:35:00+00:00
2502,2502.T,2502.jp,2020-09-09,1093.83,1102.20,1076.80,1085.16,18837516,https://stooq.com/q/d/l/?s=2502.jp&i=d,2026-03-26T08:35:00+00:00
2502,2502.T,2502.jp,2020-09-10,1084.87,1126.11,1084.57,1123.12,20131094,https://stooq.com/q/d/l/?s=2502.jp&i=d,2026-03-26T08:35:00+00:00
2502,2502.T,2502.jp,2020-09-11,1146.14,1152.41,1129.40,1136.87,33208744,https://stooq.com/q/d/l/?s=2502.jp&i=d,2026-03-26T08:35:00+00:00
2502,2502.T,2502.jp,2020-09-14,1144.64,1176.02,1139.25,1164.06,25779542,https://stooq.com/q/d/l/?s=2502.jp&i=d,2026-03-26T08:35:00+00:00
2502,2502.T,2502.jp,2020-09-15,1151.50,1152.11,1108.17,1129.40,70421024,https://stooq.com/q/d/l/?s=2502.jp&i=d,2026-03-26T08:35:00+00:00
2502,2502.T,2502.jp,2020-09-16,1141.05,1154.80,1132.68,1143.14,12791227,https://stooq.com/q/d/l/?s=2502.jp&i=d,2026-03-26T08:35:00+00:00
2502,2502.T,2502.jp,2020-09-17,1142.84,1146.43,1126.11,1128.50,10186006,https://stooq.com/q/d/l/?s=2502.jp&i=d,2026-03-26T08:35:00+00:00
2502,2502.T,2502.jp,2020-09-18,1135.37,1143.14,1129.70,1135.37,10100012,https://stooq.com/q/d/l/?s=2502.jp&i=d,2026-03-26T08:35:00+00:00
2502,2502.T,2502.jp,2020-09-23,1141.64,1143.14,1101.91,1113.56,10913432,https://stooq.com/q/d/l/?s=2502.jp&i=d,2026-03-26T08:35:00+00:00
2502,2502.T,2502.jp,2020-09-24,1102.79,1104.89,1075.60,1081.87,8600986,https://stooq.com/q/d/l/?s=2502.jp&i=d,2026-03-26T08:35:00+00:00
2502,2502.T,2502.jp,2020-09-25,1093.54,1093.54,1073.51,1086.36,6416695,https://stooq.com/q/d/l/?s=2502.jp&i=d,2026-03-26T08:35:00+00:00
2502,2502.T,2502.jp,2020-09-28,1094.73,1106.98,1089.05,1106.39,5676555,https://stooq.com/q/d/l/?s=2502.jp&i=d,2026-03-26T08:35:00+00:00
2502,2502.T,2502.jp,2020-09-29,1104.89,1109.68,1092.93,1102.50,6909231,https://stooq.com/q/d/l/?s=2502.jp&i=d,2026-03-26T08:35:00+00:00
2502,2502.T,2502.jp,2020-09-30,1113.56,1123.12,1090.85,1092.64,8043538,https://stooq.com/q/d/l/?s=2502.jp&i=d,2026-03-26T08:35:00+00:00
2502,2502.T,2502.jp,2020-10-02,1098.62,1121.63,1082.78,1083.37,8767622,https://stooq.com/q/d/l/?s=2502.jp&i=d,2026-03-26T08:35:00+00:00
2502,2502.T,2502.jp,2020-10-05,1089.35,1140.16,1086.36,1137.76,10355650,https://stooq.com/q/d/l/?s=2502.jp&i=d,2026-03-26T08:35:00+00:00
2502,2502.T,2502.jp,2020-10-06,1131.78,1146.14,1126.70,1138.67,6874097,https://stooq.com/q/d/l/?s=2502.jp&i=d,2026-03-26T08:35:00+00:00
2502,2502.T,2502.jp,2020-10-07,1125.51,1127.30,1105.19,1117.74,5617324,https://stooq.com/q/d/l/?s=2502.jp&i=d,2026-03-26T08:35:00+00:00
2502,2502.T,2502.jp,2020-10-08,1134.78,1136.87,1123.12,1125.20,5218810,https://stooq.com/q/d/l/?s=2502.jp&i=d,2026-03-26T08:35:00+00:00
2502,2502.T,2502.jp,2020-10-09,1125.20,1136.27,1122.22,1126.70,4247125,https://stooq.com/q/d/l/?s=2502.jp&i=d,2026-03-26T08:35:00+00:00
2502,2502.T,2502.jp,2020-10-12,1135.07,1141.35,1121.32,1123.72,3754253,https://stooq.com/q/d/l/?s=2502.jp&i=d,2026-03-26T08:35:00+00:00
2502,2502.T,2502.jp,2020-10-13,1134.78,1139.56,1127.60,1138.36,3884078,https://stooq.com/q/d/l/?s=2502.jp&i=d,2026-03-26T08:35:00+00:00
2502,2502.T,2502.jp,2020-10-14,1142.55,1142.55,1126.11,1128.80,5305140,https://stooq.com/q/d/l/?s=2502.jp&i=d,2026-03-26T08:35:00+00:00
2502,2502.T,2502.jp,2020-10-15,1105.79,1107.88,1079.49,1081.28,8097071,https://stooq.com/q/d/l/?s=2502.jp&i=d,2026-03-26T08:35:00+00:00
2502,2502.T,2502.jp,2020-10-16,1072.61,1088.45,1070.22,1074.11,5137169,https://stooq.com/q/d/l/?s=2502.jp&i=d,2026-03-26T08:35:00+00:00
2502,2502.T,2502.jp,2020-10-19,1083.67,1094.73,1078.29,1086.66,4367244,https://stooq.com/q/d/l/?s=2502.jp&i=d,2026-03-26T08:35:00+00:00
2502,2502.T,2502.jp,2020-10-20,1083.07,1085.76,1067.83,1072.01,5702985,https://stooq.com/q/d/l/?s=2502.jp&i=d,2026-03-26T08:35:00+00:00
2502,2502.T,2502.jp,2020-10-21,1074.70,1087.85,1071.72,1081.28,4927039,https://stooq.com/q/d/l/?s=2502.jp&i=d,2026-03-26T08:35:00+00:00
2502,2502.T,2502.jp,2020-10-22,1069.03,1078.29,1065.44,1068.43,5371058,https://stooq.com/q/d/l/?s=2502.jp&i=d,2026-03-26T08:35:00+00:00
2502,2502.T,2502.jp,2020-10-23,1077.70,1081.87,1065.74,1065.74,4026287,https://stooq.com/q/d/l/?s=2502.jp&i=d,2026-03-26T08:35:00+00:00
2502,2502.T,2502.jp,2020-10-26,1054.38,1054.98,1035.25,1039.73,12516853,https://stooq.com/q/d/l/?s=2502.jp&i=d,2026-03-26T08:35:00+00:00
2502,2502.T,2502.jp,2020-10-27,1033.16,1046.61,1029.87,1035.25,7100959,https://stooq.com/q/d/l/?s=2502.jp&i=d,2026-03-26T08:35:00+00:00
2502,2502.T,2502.jp,2020-10-28,1024.50,1031.37,999.99,1000.28,7414148,https://stooq.com/q/d/l/?s=2502.jp&i=d,2026-03-26T08:35:00+00:00
2502,2502.T,2502.jp,2020-10-29,1005.66,1020.61,992.22,1001.18,8869675,https://stooq.com/q/d/l/?s=2502.jp&i=d,2026-03-26T08:35:00+00:00
2502,2502.T,2502.jp,2020-10-30,989.22,999.69,963.23,963.23,7341537,https://stooq.com/q/d/l/?s=2502.jp&i=d,2026-03-26T08:35:00+00:00
2502,2502.T,2502.jp,2020-11-02,977.87,1006.86,977.87,1000.89,6879788,https://stooq.com/q/d/l/?s=2502.jp&i=d,2026-03-26T08:35:00+00:00
2502,2502.T,2502.jp,2020-11-04,1021.21,1026.88,1004.47,1009.54,5669858,https://stooq.com/q/d/l/?s=2502.jp&i=d,2026-03-26T08:35:00+00:00
2502,2502.T,2502.jp,2020-11-05,988.63,1018.82,983.85,1018.82,6900194,https://stooq.com/q/d/l/?s=2502.jp&i=d,2026-03-26T08:35:00+00:00
2502,2502.T,2502.jp,2020-11-06,1075.30,1092.64,1064.54,1080.68,13148586,https://stooq.com/q/d/l/?s=2502.jp&i=d,2026-03-26T08:35:00+00:00
2502,2502.T,2502.jp,2020-11-09,1099.81,1116.25,1095.03,1102.79,8692668,https://stooq.com/q/d/l/?s=2502.jp&i=d,2026-03-26T08:35:00+00:00
2502,2502.T,2502.jp,2020-11-10,1162.57,1212.49,1161.37,1210.09,20694899,https://stooq.com/q/d/l/?s=2502.jp&i=d,2026-03-26T08:35:00+00:00
2502,2502.T,2502.jp,2020-11-11,1215.17,1236.99,1197.24,1212.18,14745651,https://stooq.com/q/d/l/?s=2502.jp&i=d,2026-03-26T08:35:00+00:00
2502,2502.T,2502.jp,2020-11-12,1203.21,1225.33,1200.82,1224.14,9552265,https://stooq.com/q/d/l/?s=2502.jp&i=d,2026-03-26T08:35:00+00:00
2502,2502.T,2502.jp,2020-11-13,1207.40,1207.40,1164.66,1172.73,8991133,https://stooq.com/q/d/l/?s=2502.jp&i=d,2026-03-26T08:35:00+00:00
2502,2502.T,2502.jp,2020-11-16,1207.40,1239.67,1195.45,1229.52,8453428,https://stooq.com/q/d/l/?s=2502.jp&i=d,2026-03-26T08:35:00+00:00
2502,2502.T,2502.jp,2020-11-17,1255.22,1261.49,1230.11,1254.01,7982304,https://stooq.com/q/d/l/?s=2502.jp&i=d,2026-03-26T08:35:00+00:00
2502,2502.T,2502.jp,2020-11-18,1250.43,1256.11,1234.90,1247.75,6080417,https://stooq.com/q/d/l/?s=2502.jp&i=d,2026-03-26T08:35:00+00:00
2502,2502.T,2502.jp,2020-11-19,1233.10,1243.87,1204.41,1212.49,8814462,https://stooq.com/q/d/l/?s=2502.jp&i=d,2026-03-26T08:35:00+00:00
2502,2502.T,2502.jp,2020-11-20,1204.71,1209.49,1196.05,1199.03,5419242,https://stooq.com/q/d/l/?s=2502.jp&i=d,2026-03-26T08:35:00+00:00
2502,2502.T,2502.jp,2020-11-24,1236.38,1256.70,1221.44,1252.82,6602735,https://stooq.com/q/d/l/?s=2502.jp&i=d,2026-03-26T08:35:00+00:00
2502,2502.T,2502.jp,2020-11-25,1256.70,1260.30,1237.28,1245.65,6763007,https://stooq.com/q/d/l/?s=2502.jp&i=d,2026-03-26T08:35:00+00:00
2502,2502.T,2502.jp,2020-11-26,1249.24,1253.13,1235.19,1251.63,4688464,https://stooq.com/q/d/l/?s=2502.jp&i=d,2026-03-26T08:35:00+00:00
2502,2502.T,2502.jp,2020-11-27,1243.26,1243.26,1226.52,1232.50,5588554,https://stooq.com/q/d/l/?s=2502.jp&i=d,2026-03-26T08:35:00+00:00
2502,2502.T,2502.jp,2020-11-30,1231.01,1231.31,1201.12,1206.50,10672184,https://stooq.com/q/d/l/?s=2502.jp&i=d,2026-03-26T08:35:00+00:00
2502,2502.T,2502.jp,2020-12-01,1230.71,1260.30,1228.62,1257.91,6929640,https://stooq.com/q/d/l/?s=2502.jp&i=d,2026-03-26T08:35:00+00:00
2502,2502.T,2502.jp,2020-12-02,1263.59,1289.88,1251.34,1284.50,7231789,https://stooq.com/q/d/l/?s=2502.jp&i=d,2026-03-26T08:35:00+00:00
2502,2502.T,2502.jp,2020-12-03,1284.50,1309.01,1282.12,1303.93,7492111,https://stooq.com/q/d/l/?s=2502.jp&i=d,2026-03-26T08:35:00+00:00
2502,2502.T,2502.jp,2020-12-04,1324.86,1367.59,1318.87,1359.82,10796657,https://stooq.com/q/d/l/?s=2502.jp&i=d,2026-03-26T08:35:00+00:00
2502,2502.T,2502.jp,2020-12-07,1358.92,1361.31,1322.46,1326.34,7988664,https://stooq.com/q/d/l/?s=2502.jp&i=d,2026-03-26T08:35:00+00:00
2502,2502.T,2502.jp,2020-12-08,1317.08,1354.44,1317.08,1350.56,5761537,https://stooq.com/q/d/l/?s=2502.jp&i=d,2026-03-26T08:35:00+00:00
2502,2502.T,2502.jp,2020-12-09,1347.56,1371.18,1347.27,1355.93,5243906,https://stooq.com/q/d/l/?s=2502.jp&i=d,2026-03-26T08:35:00+00:00
2502,2502.T,2502.jp,2020-12-10,1359.82,1375.36,1357.73,1364.00,4427810,https://stooq.com/q/d/l/?s=2502.jp&i=d,2026-03-26T08:35:00+00:00
2502,2502.T,2502.jp,2020-12-11,1353.84,1358.62,1328.44,1337.11,5643761,https://stooq.com/q/d/l/?s=2502.jp&i=d,2026-03-26T08:35:00+00:00
2502,2502.T,2502.jp,2020-12-14,1320.37,1333.22,1317.97,1319.47,4946782,https://stooq.com/q/d/l/?s=2502.jp&i=d,2026-03-26T08:35:00+00:00
2502,2502.T,2502.jp,2020-12-15,1291.38,1297.36,1274.04,1282.71,8133546,https://stooq.com/q/d/l/?s=2502.jp&i=d,2026-03-26T08:35:00+00:00
2502,2502.T,2502.jp,2020-12-16,1270.15,1290.48,1268.67,1274.35,5834820,https://stooq.com/q/d/l/?s=2502.jp&i=d,2026-03-26T08:35:00+00:00
2502,2502.T,2502.jp,2020-12-17,1268.97,1276.43,1257.00,1268.37,4893240,https://stooq.com/q/d/l/?s=2502.jp&i=d,2026-03-26T08:35:00+00:00
2502,2502.T,2502.jp,2020-12-18,1281.52,1281.81,1268.97,1271.06,6184478,https://stooq.com/q/d/l/?s=2502.jp&i=d,2026-03-26T08:35:00+00:00
2502,2502.T,2502.jp,2020-12-21,1279.72,1288.39,1253.72,1261.20,4080489,https://stooq.com/q/d/l/?s=2502.jp&i=d,2026-03-26T08:35:00+00:00
2502,2502.T,2502.jp,2020-12-22,1249.24,1277.33,1246.25,1269.85,3778679,https://stooq.com/q/d/l/?s=2502.jp&i=d,2026-03-26T08:35:00+00:00
2502,2502.T,2502.jp,2020-12-23,1270.15,1277.33,1265.97,1271.65,2261588,https://stooq.com/q/d/l/?s=2502.jp&i=d,2026-03-26T08:35:00+00:00
2502,2502.T,2502.jp,2020-12-24,1283.31,1290.48,1278.83,1282.41,2409818,https://stooq.com/q/d/l/?s=2502.jp&i=d,2026-03-26T08:35:00+00:00
2502,2502.T,2502.jp,2020-12-25,1288.10,1291.67,1285.40,1285.69,1558921,https://stooq.com/q/d/l/?s=2502.jp&i=d,2026-03-26T08:35:00+00:00
2502,2502.T,2502.jp,2020-12-28,1292.58,1295.86,1272.55,1278.23,4546258,https://stooq.com/q/d/l/?s=2502.jp&i=d,2026-03-26T08:35:00+00:00
2502,2502.T,2502.jp,2020-12-29,1283.67,1301.84,1277.01,1297.90,3757630,https://stooq.com/q/d/l/?s=2502.jp&i=d,2026-03-26T08:35:00+00:00
2502,2502.T,2502.jp,2020-12-30,1301.23,1301.84,1281.85,1284.28,2863413,https://stooq.com/q/d/l/?s=2502.jp&i=d,2026-03-26T08:35:00+00:00
2502,2502.T,2502.jp,2021-01-04,1290.03,1292.76,1258.86,1270.06,3117533,https://stooq.com/q/d/l/?s=2502.jp&i=d,2026-03-26T08:35:00+00:00
2502,2502.T,2502.jp,2021-01-05,1263.39,1268.54,1256.74,1261.59,2680010,https://stooq.com/q/d/l/?s=2502.jp&i=d,2026-03-26T08:35:00+00:00
2502,2502.T,2502.jp,2021-01-06,1252.51,1265.21,1248.87,1256.44,2906042,https://stooq.com/q/d/l/?s=2502.jp&i=d,2026-03-26T08:35:00+00:00
2502,2502.T,2502.jp,2021-01-07,1272.47,1280.65,1257.65,1266.12,4280743,https://stooq.com/q/d/l/?s=2502.jp&i=d,2026-03-26T08:35:00+00:00
2502,2502.T,2502.jp,2021-01-08,1275.51,1281.56,1255.84,1279.13,5129358,https://stooq.com/q/d/l/?s=2502.jp&i=d,2026-03-26T08:35:00+00:00
2502,2502.T,2502.jp,2021-01-12,1278.53,1278.53,1251.30,1254.01,5587041,https://stooq.com/q/d/l/?s=2502.jp&i=d,2026-03-26T08:35:00+00:00
2502,2502.T,2502.jp,2021-01-13,1259.47,1265.52,1251.90,1262.50,2857793,https://stooq.com/q/d/l/?s=2502.jp&i=d,2026-03-26T08:35:00+00:00
2502,2502.T,2502.jp,2021-01-14,1255.84,1289.12,1254.93,1276.11,4727851,https://stooq.com/q/d/l/?s=2502.jp&i=d,2026-03-26T08:35:00+00:00
2502,2502.T,2502.jp,2021-01-15,1268.85,1285.19,1263.39,1280.95,3856768,https://stooq.com/q/d/l/?s=2502.jp&i=d,2026-03-26T08:35:00+00:00
2502,2502.T,2502.jp,2021-01-18,1278.83,1279.74,1262.80,1270.97,2084193,https://stooq.com/q/d/l/?s=2502.jp&i=d,2026-03-26T08:35:00+00:00
2502,2502.T,2502.jp,2021-01-19,1270.97,1293.36,1270.37,1286.40,4084451,https://stooq.com/q/d/l/?s=2502.jp&i=d,2026-03-26T08:35:00+00:00
2502,2502.T,2502.jp,2021-01-20,1284.58,1287.00,1264.61,1287.00,2816486,https://stooq.com/q/d/l/?s=2502.jp&i=d,2026-03-26T08:35:00+00:00
2502,2502.T,2502.jp,2021-01-21,1296.69,1326.04,1295.17,1298.80,4789978,https://stooq.com/q/d/l/?s=2502.jp&i=d,2026-03-26T08:35:00+00:00
2502,2502.T,2502.jp,2021-01-22,1303.95,1328.16,1303.04,1313.64,5514670,https://stooq.com/q/d/l/?s=2502.jp&i=d,2026-03-26T08:35:00+00:00
2502,2502.T,2502.jp,2021-01-25,1310.60,1313.64,1296.99,1299.40,3537212,https://stooq.com/q/d/l/?s=2502.jp&i=d,2026-03-26T08:35:00+00:00
2502,2502.T,2502.jp,2021-01-26,1286.70,1290.94,1275.51,1282.77,3232863,https://stooq.com/q/d/l/?s=2502.jp&i=d,2026-03-26T08:35:00+00:00
2502,2502.T,2502.jp,2021-01-27,1292.76,1310.00,1286.70,1308.49,3076226,https://stooq.com/q/d/l/?s=2502.jp&i=d,2026-03-26T08:35:00+00:00
2502,2502.T,2502.jp,2021-01-28,1266.12,1274.60,1246.76,1266.43,9614987,https://stooq.com/q/d/l/?s=2502.jp&i=d,2026-03-26T08:35:00+00:00
2502,2502.T,2502.jp,2021-01-29,1270.97,1295.17,1269.15,1274.60,6932995,https://stooq.com/q/d/l/?s=2502.jp&i=d,2026-03-26T08:35:00+00:00
2502,2502.T,2502.jp,2021-02-01,1289.73,1300.63,1266.43,1271.87,4558989,https://stooq.com/q/d/l/?s=2502.jp&i=d,2026-03-26T08:35:00+00:00
2502,2502.T,2502.jp,2021-02-02,1268.24,1300.01,1268.24,1299.11,4781055,https://stooq.com/q/d/l/?s=2502.jp&i=d,2026-03-26T08:35:00+00:00
2502,2502.T,2502.jp,2021-02-03,1293.66,1311.83,1288.52,1307.28,5409255,https://stooq.com/q/d/l/?s=2502.jp&i=d,2026-03-26T08:35:00+00:00
2502,2502.T,2502.jp,2021-02-04,1292.76,1293.66,1274.30,1278.53,6638224,https://stooq.com/q/d/l/?s=2502.jp&i=d,2026-03-26T08:35:00+00:00
2502,2502.T,2502.jp,2021-02-05,1289.12,1308.79,1284.58,1305.16,6173602,https://stooq.com/q/d/l/?s=2502.jp&i=d,2026-03-26T08:35:00+00:00
2502,2502.T,2502.jp,2021-02-08,1306.38,1345.40,1297.60,1343.29,7422399,https://stooq.com/q/d/l/?s=2502.jp&i=d,2026-03-26T08:35:00+00:00
2502,2502.T,2502.jp,2021-02-09,1336.33,1340.26,1321.20,1325.44,4065949,https://stooq.com/q/d/l/?s=2502.jp&i=d,2026-03-26T08:35:00+00:00
2502,2502.T,2502.jp,2021-02-10,1323.32,1352.98,1317.87,1345.40,5786306,https://stooq.com/q/d/l/?s=2502.jp&i=d,2026-03-26T08:35:00+00:00
2502,2502.T,2502.jp,2021-02-12,1345.40,1352.98,1325.44,1339.97,5596957,https://stooq.com/q/d/l/?s=2502.jp&i=d,2026-03-26T08:35:00+00:00
2502,2502.T,2502.jp,2021-02-15,1358.72,1397.16,1355.39,1387.17,9141112,https://stooq.com/q/d/l/?s=2502.jp&i=d,2026-03-26T08:35:00+00:00
2502,2502.T,2502.jp,2021-02-16,1398.06,1429.84,1397.16,1423.78,7445863,https://stooq.com/q/d/l/?s=2502.jp&i=d,2026-03-26T08:35:00+00:00
2502,2502.T,2502.jp,2021-02-17,1416.52,1430.75,1392.31,1423.18,6955463,https://stooq.com/q/d/l/?s=2502.jp&i=d,2026-03-26T08:35:00+00:00
2502,2502.T,2502.jp,2021-02-18,1418.64,1426.81,1395.03,1397.76,9101124,https://stooq.com/q/d/l/?s=2502.jp&i=d,2026-03-26T08:35:00+00:00
2502,2502.T,2502.jp,2021-02-19,1396.55,1400.79,1364.78,1368.10,8065799,https://stooq.com/q/d/l/?s=2502.jp&i=d,2026-03-26T08:35:00+00:00
2502,2502.T,2502.jp,2021-02-22,1371.13,1391.40,1370.83,1376.27,3573235,https://stooq.com/q/d/l/?s=2502.jp&i=d,2026-03-26T08:35:00+00:00
2502,2502.T,2502.jp,2021-02-24,1389.29,1421.05,1365.08,1417.43,7782269,https://stooq.com/q/d/l/?s=2502.jp&i=d,2026-03-26T08:35:00+00:00
2502,2502.T,2502.jp,2021-02-25,1459.79,1467.66,1441.94,1451.32,6928696,https://stooq.com/q/d/l/?s=2502.jp&i=d,2026-03-26T08:35:00+00:00
2502,2502.T,2502.jp,2021-02-26,1435.89,1439.22,1394.43,1395.64,7491794,https://stooq.com/q/d/l/?s=2502.jp&i=d,2026-03-26T08:35:00+00:00
2502,2502.T,2502.jp,2021-03-01,1402.91,1409.86,1386.86,1393.52,4007125,https://stooq.com/q/d/l/?s=2502.jp&i=d,2026-03-26T08:35:00+00:00
2502,2502.T,2502.jp,2021-03-02,1415.92,1423.48,1392.02,1399.27,6245971,https://stooq.com/q/d/l/?s=2502.jp&i=d,2026-03-26T08:35:00+00:00
2502,2502.T,2502.jp,2021-03-03,1413.80,1435.59,1409.86,1431.95,4497195,https://stooq.com/q/d/l/?s=2502.jp&i=d,2026-03-26T08:35:00+00:00
2502,2502.T,2502.jp,2021-03-04,1422.27,1425.59,1396.55,1409.26,9449757,https://stooq.com/q/d/l/?s=2502.jp&i=d,2026-03-26T08:35:00+00:00
2502,2502.T,2502.jp,2021-03-05,1430.44,1444.06,1407.15,1443.76,7129946,https://stooq.com/q/d/l/?s=2502.jp&i=d,2026-03-26T08:35:00+00:00
2502,2502.T,2502.jp,2021-03-08,1464.34,1484.91,1457.08,1465.24,7204961,https://stooq.com/q/d/l/?s=2502.jp&i=d,2026-03-26T08:35:00+00:00
2502,2502.T,2502.jp,2021-03-09,1491.88,1526.97,1486.43,1526.97,9963287,https://stooq.com/q/d/l/?s=2502.jp&i=d,2026-03-26T08:35:00+00:00
2502,2502.T,2502.jp,2021-03-10,1501.25,1514.87,1472.51,1480.07,6860294,https://stooq.com/q/d/l/?s=2502.jp&i=d,2026-03-26T08:35:00+00:00
2502,2502.T,2502.jp,2021-03-11,1480.98,1482.19,1444.36,1448.90,6881113,https://stooq.com/q/d/l/?s=2502.jp&i=d,2026-03-26T08:35:00+00:00
2502,2502.T,2502.jp,2021-03-12,1470.08,1484.61,1454.95,1475.23,10589503,https://stooq.com/q/d/l/?s=2502.jp&i=d,2026-03-26T08:35:00+00:00
2502,2502.T,2502.jp,2021-03-15,1484.61,1499.44,1475.23,1480.37,4522969,https://stooq.com/q/d/l/?s=2502.jp&i=d,2026-03-26T08:35:00+00:00
2502,2502.T,2502.jp,2021-03-16,1473.71,1478.85,1463.12,1477.65,4918856,https://stooq.com/q/d/l/?s=2502.jp&i=d,2026-03-26T08:35:00+00:00
2502,2502.T,2502.jp,2021-03-17,1448.30,1472.82,1448.30,1467.97,6469362,https://stooq.com/q/d/l/?s=2502.jp&i=d,2026-03-26T08:35:00+00:00
2502,2502.T,2502.jp,2021-03-18,1452.53,1477.35,1432.86,1447.69,8655667,https://stooq.com/q/d/l/?s=2502.jp&i=d,2026-03-26T08:35:00+00:00
2502,2502.T,2502.jp,2021-03-19,1430.15,1452.23,1430.15,1439.83,11681667,https://stooq.com/q/d/l/?s=2502.jp&i=d,2026-03-26T08:35:00+00:00
2502,2502.T,2502.jp,2021-03-22,1424.09,1441.34,1422.88,1431.05,4397724,https://stooq.com/q/d/l/?s=2502.jp&i=d,2026-03-26T08:35:00+00:00
2502,2502.T,2502.jp,2021-03-23,1436.50,1441.64,1431.05,1433.17,3571251,https://stooq.com/q/d/l/?s=2502.jp&i=d,2026-03-26T08:35:00+00:00
2502,2502.T,2502.jp,2021-03-24,1446.78,1447.38,1383.84,1385.65,6083388,https://stooq.com/q/d/l/?s=2502.jp&i=d,2026-03-26T08:35:00+00:00
2502,2502.T,2502.jp,2021-03-25,1388.68,1412.29,1386.26,1399.88,6282985,https://stooq.com/q/d/l/?s=2502.jp&i=d,2026-03-26T08:35:00+00:00
2502,2502.T,2502.jp,2021-03-26,1414.10,1438.91,1413.50,1432.25,5111185,https://stooq.com/q/d/l/?s=2502.jp&i=d,2026-03-26T08:35:00+00:00
2502,2502.T,2502.jp,2021-03-29,1433.17,1441.03,1404.42,1418.34,6642852,https://stooq.com/q/d/l/?s=2502.jp&i=d,2026-03-26T08:35:00+00:00
2502,2502.T,2502.jp,2021-03-30,1430.75,1447.99,1425.30,1441.34,4686215,https://stooq.com/q/d/l/?s=2502.jp&i=d,2026-03-26T08:35:00+00:00
2502,2502.T,2502.jp,2021-03-31,1420.16,1427.71,1409.57,1411.68,4523962,https://stooq.com/q/d/l/?s=2502.jp&i=d,2026-03-26T08:35:00+00:00
2502,2502.T,2502.jp,2021-04-01,1423.48,1424.99,1392.31,1394.73,3464185,https://stooq.com/q/d/l/?s=2502.jp&i=d,2026-03-26T08:35:00+00:00
2502,2502.T,2502.jp,2021-04-02,1394.13,1397.46,1386.26,1392.02,3094069,https://stooq.com/q/d/l/?s=2502.jp&i=d,2026-03-26T08:35:00+00:00
2502,2502.T,2502.jp,2021-04-05,1400.18,1409.86,1396.55,1398.06,2833344,https://stooq.com/q/d/l/?s=2502.jp&i=d,2026-03-26T08:35:00+00:00
2502,2502.T,2502.jp,2021-04-06,1409.57,1410.77,1379.60,1380.82,3495576,https://stooq.com/q/d/l/?s=2502.jp&i=d,2026-03-26T08:35:00+00:00
2502,2502.T,2502.jp,2021-04-07,1389.59,1440.43,1380.82,1429.84,7922381,https://stooq.com/q/d/l/?s=2502.jp&i=d,2026-03-26T08:35:00+00:00
2502,2502.T,2502.jp,2021-04-08,1434.38,1439.83,1413.19,1422.57,4005141,https://stooq.com/q/d/l/?s=2502.jp&i=d,2026-03-26T08:35:00+00:00
2502,2502.T,2502.jp,2021-04-09,1434.69,1470.08,1424.99,1439.52,6222510,https://stooq.com/q/d/l/?s=2502.jp&i=d,2026-03-26T08:35:00+00:00
2502,2502.T,2502.jp,2021-04-12,1450.42,1466.15,1446.78,1450.11,5552011,https://stooq.com/q/d/l/?s=2502.jp&i=d,2026-03-26T08:35:00+00:00
2502,2502.T,2502.jp,2021-04-13,1452.84,1457.37,1426.81,1430.44,3357116,https://stooq.com/q/d/l/?s=2502.jp&i=d,2026-03-26T08:35:00+00:00
2502,2502.T,2502.jp,2021-04-14,1425.30,1428.02,1414.10,1417.12,2591114,https://stooq.com/q/d/l/?s=2502.jp&i=d,2026-03-26T08:35:00+00:00
2502,2502.T,2502.jp,2021-04-15,1427.71,1449.21,1426.51,1442.24,2617884,https://stooq.com/q/d/l/?s=2502.jp&i=d,2026-03-26T08:35:00+00:00
2502,2502.T,2502.jp,2021-04-16,1452.53,1455.86,1439.52,1442.55,5515992,https://stooq.com/q/d/l/?s=2502.jp&i=d,2026-03-26T08:35:00+00:00
2502,2502.T,2502.jp,2021-04-19,1438.31,1447.08,1426.81,1427.42,4157152,https://stooq.com/q/d/l/?s=2502.jp&i=d,2026-03-26T08:35:00+00:00
2502,2502.T,2502.jp,2021-04-20,1413.19,1416.52,1371.44,1376.57,7286582,https://stooq.com/q/d/l/?s=2502.jp&i=d,2026-03-26T08:35:00+00:00
2502,2502.T,2502.jp,2021-04-21,1359.03,1365.38,1338.75,1347.83,4844503,https://stooq.com/q/d/l/?s=2502.jp&i=d,2026-03-26T08:35:00+00:00
2502,2502.T,2502.jp,2021-04-22,1364.17,1391.11,1360.54,1379.91,6169966,https://stooq.com/q/d/l/?s=2502.jp&i=d,2026-03-26T08:35:00+00:00
2502,2502.T,2502.jp,2021-04-23,1372.34,1399.88,1365.08,1398.97,4532552,https://stooq.com/q/d/l/?s=2502.jp&i=d,2026-03-26T08:35:00+00:00
2502,2502.T,2502.jp,2021-04-26,1398.66,1411.08,1387.77,1404.42,4104941,https://stooq.com/q/d/l/?s=2502.jp&i=d,2026-03-26T08:35:00+00:00
2502,2502.T,2502.jp,2021-04-27,1414.10,1417.73,1394.13,1399.88,3634699,https://stooq.com/q/d/l/?s=2502.jp&i=d,2026-03-26T08:35:00+00:00
2502,2502.T,2502.jp,2021-04-28,1404.72,1406.84,1390.80,1399.57,2877620,https://stooq.com/q/d/l/?s=2502.jp&i=d,2026-03-26T08:35:00+00:00
2502,2502.T,2502.jp,2021-04-30,1415.31,1415.92,1375.37,1381.42,6677550,https://stooq.com/q/d/l/?s=2502.jp&i=d,2026-03-26T08:35:00+00:00
2502,2502.T,2502.jp,2021-05-06,1401.39,1415.01,1393.23,1403.82,6445239,https://stooq.com/q/d/l/?s=2502.jp&i=d,2026-03-26T08:35:00+00:00
2502,2502.T,2502.jp,2021-05-07,1412.58,1451.02,1408.05,1448.90,6033487,https://stooq.com/q/d/l/?s=2502.jp&i=d,2026-03-26T08:35:00+00:00
2502,2502.T,2502.jp,2021-05-10,1439.22,1451.62,1429.24,1434.69,4010428,https://stooq.com/q/d/l/?s=2502.jp&i=d,2026-03-26T08:35:00+00:00
2502,2502.T,2502.jp,2021-05-11,1427.71,1438.91,1412.58,1421.36,3731853,https://stooq.com/q/d/l/?s=2502.jp&i=d,2026-03-26T08:35:00+00:00
2502,2502.T,2502.jp,2021-05-12,1432.86,1447.99,1422.27,1437.70,6590971,https://stooq.com/q/d/l/?s=2502.jp&i=d,2026-03-26T08:35:00+00:00
2502,2502.T,2502.jp,2021-05-13,1452.23,1470.08,1433.77,1448.59,7498077,https://stooq.com/q/d/l/?s=2502.jp&i=d,2026-03-26T08:35:00+00:00
2502,2502.T,2502.jp,2021-05-14,1460.40,1474.92,1438.91,1465.24,6547017,https://stooq.com/q/d/l/?s=2502.jp&i=d,2026-03-26T08:35:00+00:00
2502,2502.T,2502.jp,2021-05-17,1589.31,1648.62,1502.16,1523.04,15266469,https://stooq.com/q/d/l/?s=2502.jp&i=d,2026-03-26T08:35:00+00:00
2502,2502.T,2502.jp,2021-05-18,1541.20,1579.93,1537.57,1561.77,11326757,https://stooq.com/q/d/l/?s=2502.jp&i=d,2026-03-26T08:35:00+00:00
2502,2502.T,2502.jp,2021-05-19,1549.68,1550.57,1513.36,1524.86,7787227,https://stooq.com/q/d/l/?s=2502.jp&i=d,2026-03-26T08:35:00+00:00
2502,2502.T,2502.jp,2021-05-20,1521.53,1539.08,1511.54,1535.15,4170371,https://stooq.com/q/d/l/?s=2502.jp&i=d,2026-03-26T08:35:00+00:00
2502,2502.T,2502.jp,2021-05-21,1544.83,1565.41,1540.29,1549.97,6160384,https://stooq.com/q/d/l/?s=2502.jp&i=d,2026-03-26T08:35:00+00:00
2502,2502.T,2502.jp,2021-05-24,1549.37,1582.04,1549.07,1576.01,4544778,https://stooq.com/q/d/l/?s=2502.jp&i=d,2026-03-26T08:35:00+00:00
2502,2502.T,2502.jp,2021-05-25,1582.96,1592.64,1576.60,1583.56,4274467,https://stooq.com/q/d/l/?s=2502.jp&i=d,2026-03-26T08:35:00+00:00
2502,2502.T,2502.jp,2021-05-26,1588.40,1612.30,1583.56,1583.56,6293227,https://stooq.com/q/d/l/?s=2502.jp&i=d,2026-03-26T08:35:00+00:00
2502,2502.T,2502.jp,2021-05-27,1581.74,1628.65,1579.33,1620.18,18684716,https://stooq.com/q/d/l/?s=2502.jp&i=d,2026-03-26T08:35:00+00:00
2502,2502.T,2502.jp,2021-05-28,1632.28,1646.81,1610.80,1612.92,7464039,https://stooq.com/q/d/l/?s=2502.jp&i=d,2026-03-26T08:35:00+00:00
2502,2502.T,2502.jp,2021-05-31,1601.72,1613.82,1575.40,1579.33,5504428,https://stooq.com/q/d/l/?s=2502.jp&i=d,2026-03-26T08:35:00+00:00
2502,2502.T,2502.jp,2021-06-01,1592.94,1603.54,1572.97,1587.49,4186233,https://stooq.com/q/d/l/?s=2502.jp&i=d,2026-03-26T08:35:00+00:00
2502,2502.T,2502.jp,2021-06-02,1589.92,1609.59,1576.90,1609.29,4413586,https://stooq.com/q/d/l/?s=2502.jp&i=d,2026-03-26T08:35:00+00:00
2502,2502.T,2502.jp,2021-06-03,1612.01,1648.02,1603.84,1645.60,4426145,https://stooq.com/q/d/l/?s=2502.jp&i=d,2026-03-26T08:35:00+00:00
2502,2502.T,2502.jp,2021-06-04,1634.10,1654.37,1628.95,1646.81,4013075,https://stooq.com/q/d/l/?s=2502.jp&i=d,2026-03-26T08:35:00+00:00
2502,2502.T,2502.jp,2021-06-07,1658.30,1672.83,1634.10,1651.05,4257279,https://stooq.com/q/d/l/?s=2502.jp&i=d,2026-03-26T08:35:00+00:00
2502,2502.T,2502.jp,2021-06-08,1653.16,1658.92,1643.17,1646.81,3075234,https://stooq.com/q/d/l/?s=2502.jp&i=d,2026-03-26T08:35:00+00:00
2502,2502.T,2502.jp,2021-06-09,1638.34,1659.53,1638.04,1658.01,5900314,https://stooq.com/q/d/l/?s=2502.jp&i=d,2026-03-26T08:35:00+00:00
2502,2502.T,2502.jp,2021-06-10,1661.63,1671.92,1642.57,1647.12,4156163,https://stooq.com/q/d/l/?s=2502.jp&i=d,2026-03-26T08:35:00+00:00
2502,2502.T,2502.jp,2021-06-11,1649.23,1659.22,1631.07,1631.98,5915184,https://stooq.com/q/d/l/?s=2502.jp&i=d,2026-03-26T08:35:00+00:00
2502,2502.T,2502.jp,2021-06-14,1650.74,1659.82,1626.23,1631.98,2720984,https://stooq.com/q/d/l/?s=2502.jp&i=d,2026-03-26T08:35:00+00:00
2502,2502.T,2502.jp,2021-06-15,1645.29,1670.41,1634.10,1665.87,4162769,https://stooq.com/q/d/l/?s=2502.jp&i=d,2026-03-26T08:35:00+00:00
2502,2502.T,2502.jp,2021-06-16,1670.41,1710.05,1653.77,1657.70,6143200,https://stooq.com/q/d/l/?s=2502.jp&i=d,2026-03-26T08:35:00+00:00
2502,2502.T,2502.jp,2021-06-17,1657.40,1667.69,1649.53,1653.16,2637382,https://stooq.com/q/d/l/?s=2502.jp&i=d,2026-03-26T08:35:00+00:00
2502,2502.T,2502.jp,2021-06-18,1657.70,1665.87,1640.76,1644.08,5092346,https://stooq.com/q/d/l/?s=2502.jp&i=d,2026-03-26T08:35:00+00:00
2502,2502.T,2502.jp,2021-06-21,1614.43,1618.07,1587.20,1597.79,4719924,https://stooq.com/q/d/l/?s=2502.jp&i=d,2026-03-26T08:35:00+00:00
2502,2502.T,2502.jp,2021-06-22,1635.92,1666.47,1631.68,1657.70,5197761,https://stooq.com/q/d/l/?s=2502.jp&i=d,2026-03-26T08:35:00+00:00
2502,2502.T,2502.jp,2021-06-23,1650.74,1656.80,1635.00,1635.92,3146943,https://stooq.com/q/d/l/?s=2502.jp&i=d,2026-03-26T08:35:00+00:00
2502,2502.T,2502.jp,2021-06-24,1640.46,1641.36,1618.07,1618.96,3271526,https://stooq.com/q/d/l/?s=2502.jp&i=d,2026-03-26T08:35:00+00:00
2502,2502.T,2502.jp,2021-06-25,1632.59,1639.24,1625.32,1635.92,3082506,https://stooq.com/q/d/l/?s=2502.jp&i=d,2026-03-26T08:35:00+00:00
2502,2502.T,2502.jp,2021-06-28,1634.10,1634.10,1600.81,1610.20,4256620,https://stooq.com/q/d/l/?s=2502.jp&i=d,2026-03-26T08:35:00+00:00
2502,2502.T,2502.jp,2021-06-29,1592.77,1593.99,1568.31,1587.88,7680067,https://stooq.com/q/d/l/?s=2502.jp&i=d,2026-03-26T08:35:00+00:00
2502,2502.T,2502.jp,2021-06-30,1568.62,1600.41,1568.62,1586.96,5062910,https://stooq.com/q/d/l/?s=2502.jp&i=d,2026-03-26T08:35:00+00:00
2502,2502.T,2502.jp,2021-07-01,1585.43,1587.27,1565.26,1573.50,2844494,https://stooq.com/q/d/l/?s=2502.jp&i=d,2026-03-26T08:35:00+00:00
2502,2502.T,2502.jp,2021-07-02,1573.50,1592.47,1573.50,1591.54,5305295,https://stooq.com/q/d/l/?s=2502.jp&i=d,2026-03-26T08:35:00+00:00
2502,2502.T,2502.jp,2021-07-05,1573.81,1591.24,1556.08,1571.37,2495473,https://stooq.com/q/d/l/?s=2502.jp&i=d,2026-03-26T08:35:00+00:00
2502,2502.T,2502.jp,2021-07-06,1579.93,1591.24,1569.54,1587.88,2707436,https://stooq.com/q/d/l/?s=2502.jp&i=d,2026-03-26T08:35:00+00:00
2502,2502.T,2502.jp,2021-07-07,1559.14,1581.15,1557.31,1571.98,3796691,https://stooq.com/q/d/l/?s=2502.jp&i=d,2026-03-26T08:35:00+00:00
2502,2502.T,2502.jp,2021-07-08,1590.62,1597.96,1571.67,1572.89,6496277,https://stooq.com/q/d/l/?s=2502.jp&i=d,2026-03-26T08:35:00+00:00
2502,2502.T,2502.jp,2021-07-09,1543.85,1546.30,1509.61,1541.72,7226702,https://stooq.com/q/d/l/?s=2502.jp&i=d,2026-03-26T08:35:00+00:00
2502,2502.T,2502.jp,2021-07-12,1568.01,1578.09,1550.89,1560.97,4262486,https://stooq.com/q/d/l/?s=2502.jp&i=d,2026-03-26T08:35:00+00:00
2502,2502.T,2502.jp,2021-07-13,1566.78,1587.88,1566.47,1579.01,3885338,https://stooq.com/q/d/l/?s=2502.jp&i=d,2026-03-26T08:35:00+00:00
2502,2502.T,2502.jp,2021-07-14,1566.47,1592.47,1563.72,1583.29,3831692,https://stooq.com/q/d/l/?s=2502.jp&i=d,2026-03-26T08:35:00+00:00
2502,2502.T,2502.jp,2021-07-15,1582.98,1589.40,1549.35,1553.33,3311924,https://stooq.com/q/d/l/?s=2502.jp&i=d,2026-03-26T08:35:00+00:00
2502,2502.T,2502.jp,2021-07-16,1545.69,1553.64,1533.45,1535.91,3555618,https://stooq.com/q/d/l/?s=2502.jp&i=d,2026-03-26T08:35:00+00:00
2502,2502.T,2502.jp,2021-07-19,1519.70,1530.40,1500.44,1510.23,4040384,https://stooq.com/q/d/l/?s=2502.jp&i=d,2026-03-26T08:35:00+00:00
2502,2502.T,2502.jp,2021-07-20,1482.10,1518.48,1476.60,1507.78,4831976,https://stooq.com/q/d/l/?s=2502.jp&i=d,2026-03-26T08:35:00+00:00
2502,2502.T,2502.jp,2021-07-21,1521.54,1532.84,1508.40,1516.95,3125147,https://stooq.com/q/d/l/?s=2502.jp&i=d,2026-03-26T08:35:00+00:00
2502,2502.T,2502.jp,2021-07-26,1544.15,1547.52,1532.23,1538.35,4424730,https://stooq.com/q/d/l/?s=2502.jp&i=d,2026-03-26T08:35:00+00:00
2502,2502.T,2502.jp,2021-07-27,1554.55,1580.23,1544.77,1572.59,5553892,https://stooq.com/q/d/l/?s=2502.jp&i=d,2026-03-26T08:35:00+00:00
2502,2502.T,2502.jp,2021-07-28,1545.08,1555.47,1536.52,1541.10,4489170,https://stooq.com/q/d/l/?s=2502.jp&i=d,2026-03-26T08:35:00+00:00
2502,2502.T,2502.jp,2021-07-29,1542.94,1555.16,1528.26,1538.35,15710462,https://stooq.com/q/d/l/?s=2502.jp&i=d,2026-03-26T08:35:00+00:00
2502,2502.T,2502.jp,2021-07-30,1525.82,1534.07,1499.52,1501.36,5691932,https://stooq.com/q/d/l/?s=2502.jp&i=d,2026-03-26T08:35:00+00:00
2502,2502.T,2502.jp,2021-08-02,1516.03,1552.42,1506.55,1545.69,3887300,https://stooq.com/q/d/l/?s=2502.jp&i=d,2026-03-26T08:35:00+00:00
2502,2502.T,2502.jp,2021-08-03,1505.33,1523.37,1490.65,1496.77,6070715,https://stooq.com/q/d/l/?s=2502.jp&i=d,2026-03-26T08:35:00+00:00
2502,2502.T,2502.jp,2021-08-04,1503.80,1515.42,1495.55,1510.52,3613188,https://stooq.com/q/d/l/?s=2502.jp&i=d,2026-03-26T08:35:00+00:00
2502,2502.T,2502.jp,2021-08-05,1491.88,1531.32,1489.43,1529.48,3223280,https://stooq.com/q/d/l/?s=2502.jp&i=d,2026-03-26T08:35:00+00:00
2502,2502.T,2502.jp,2021-08-06,1522.45,1537.74,1517.87,1525.51,3210194,https://stooq.com/q/d/l/?s=2502.jp&i=d,2026-03-26T08:35:00+00:00
2502,2502.T,2502.jp,2021-08-10,1532.84,1538.65,1515.73,1523.37,3858843,https://stooq.com/q/d/l/?s=2502.jp&i=d,2026-03-26T08:35:00+00:00
2502,2502.T,2502.jp,2021-08-11,1569.23,1592.77,1534.69,1541.41,7594364,https://stooq.com/q/d/l/?s=2502.jp&i=d,2026-03-26T08:35:00+00:00
2502,2502.T,2502.jp,2021-08-12,1547.21,1553.64,1516.03,1518.79,3615149,https://stooq.com/q/d/l/?s=2502.jp&i=d,2026-03-26T08:35:00+00:00
2502,2502.T,2502.jp,2021-08-13,1533.15,1549.35,1523.06,1538.35,3829401,https://stooq.com/q/d/l/?s=2502.jp&i=d,2026-03-26T08:35:00+00:00
2502,2502.T,2502.jp,2021-08-16,1538.04,1548.44,1527.96,1545.69,4202955,https://stooq.com/q/d/l/?s=2502.jp&i=d,2026-03-26T08:35:00+00:00
2502,2502.T,2502.jp,2021-08-17,1541.10,1571.98,1531.93,1567.39,4475758,https://stooq.com/q/d/l/?s=2502.jp&i=d,2026-03-26T08:35:00+00:00
2502,2502.T,2502.jp,2021-08-18,1574.43,1582.68,1557.62,1561.89,3527814,https://stooq.com/q/d/l/?s=2502.jp&i=d,2026-03-26T08:35:00+00:00
2502,2502.T,2502.jp,2021-08-19,1545.99,1550.57,1525.51,1531.32,5021694,https://stooq.com/q/d/l/?s=2502.jp&i=d,2026-03-26T08:35:00+00:00
2502,2502.T,2502.jp,2021-08-20,1528.87,1535.30,1503.50,1505.64,4960198,https://stooq.com/q/d/l/?s=2502.jp&i=d,2026-03-26T08:35:00+00:00
2502,2502.T,2502.jp,2021-08-23,1535.91,1563.72,1524.60,1547.83,5026274,https://stooq.com/q/d/l/?s=2502.jp&i=d,2026-03-26T08:35:00+00:00
2502,2502.T,2502.jp,2021-08-24,1559.14,1591.24,1556.08,1584.52,4218655,https://stooq.com/q/d/l/?s=2502.jp&i=d,2026-03-26T08:35:00+00:00
2502,2502.T,2502.jp,2021-08-25,1583.29,1590.93,1573.20,1581.76,2972389,https://stooq.com/q/d/l/?s=2502.jp&i=d,2026-03-26T08:35:00+00:00
2502,2502.T,2502.jp,2021-08-26,1583.59,1593.99,1574.43,1593.99,4343283,https://stooq.com/q/d/l/?s=2502.jp&i=d,2026-03-26T08:35:00+00:00
2502,2502.T,2502.jp,2021-08-27,1573.20,1578.40,1542.32,1543.85,4551319,https://stooq.com/q/d/l/?s=2502.jp&i=d,2026-03-26T08:35:00+00:00
2502,2502.T,2502.jp,2021-08-30,1546.91,1561.28,1543.85,1557.62,4159777,https://stooq.com/q/d/l/?s=2502.jp&i=d,2026-03-26T08:35:00+00:00
2502,2502.T,2502.jp,2021-08-31,1553.33,1567.39,1542.32,1563.42,4965107,https://stooq.com/q/d/l/?s=2502.jp&i=d,2026-03-26T08:35:00+00:00
2502,2502.T,2502.jp,2021-09-01,1574.43,1614.78,1572.89,1614.47,4796975,https://stooq.com/q/d/l/?s=2502.jp&i=d,2026-03-26T08:35:00+00:00
2502,2502.T,2502.jp,2021-09-02,1602.86,1612.32,1586.96,1608.35,5518894,https://stooq.com/q/d/l/?s=2502.jp&i=d,2026-03-26T08:35:00+00:00
2502,2502.T,2502.jp,2021-09-03,1617.22,1622.73,1594.91,1614.78,5897351,https://stooq.com/q/d/l/?s=2502.jp&i=d,2026-03-26T08:35:00+00:00
2502,2502.T,2502.jp,2021-09-06,1635.26,1648.41,1633.43,1645.66,4898049,https://stooq.com/q/d/l/?s=2502.jp&i=d,2026-03-26T08:35:00+00:00
2502,2502.T,2502.jp,2021-09-07,1660.03,1668.89,1641.98,1643.82,4581741,https://stooq.com/q/d/l/?s=2502.jp&i=d,2026-03-26T08:35:00+00:00
2502,2502.T,2502.jp,2021-09-08,1659.41,1659.72,1612.64,1623.03,6159033,https://stooq.com/q/d/l/?s=2502.jp&i=d,2026-03-26T08:35:00+00:00
2502,2502.T,2502.jp,2021-09-09,1627.32,1661.25,1624.56,1658.80,6521140,https://stooq.com/q/d/l/?s=2502.jp&i=d,2026-03-26T08:35:00+00:00
2502,2502.T,2502.jp,2021-09-10,1668.58,1681.12,1648.41,1664.00,8322825,https://stooq.com/q/d/l/?s=2502.jp&i=d,2026-03-26T08:35:00+00:00
2502,2502.T,2502.jp,2021-09-13,1668.27,1705.58,1668.27,1697.63,5610809,https://stooq.com/q/d/l/?s=2502.jp&i=d,2026-03-26T08:35:00+00:00
2502,2502.T,2502.jp,2021-09-14,1704.35,1737.68,1703.74,1736.15,6239500,https://stooq.com/q/d/l/?s=2502.jp&i=d,2026-03-26T08:35:00+00:00
2502,2502.T,2502.jp,2021-09-15,1715.97,1733.39,1664.00,1664.61,7450439,https://stooq.com/q/d/l/?s=2502.jp&i=d,2026-03-26T08:35:00+00:00
2502,2502.T,2502.jp,2021-09-16,1684.48,1706.80,1680.81,1685.09,5295480,https://stooq.com/q/d/l/?s=2502.jp&i=d,2026-03-26T08:35:00+00:00
2502,2502.T,2502.jp,2021-09-17,1691.20,1698.24,1673.78,1695.79,5643192,https://stooq.com/q/d/l/?s=2502.jp&i=d,2026-03-26T08:35:00+00:00
2502,2502.T,2502.jp,2021-09-21,1670.12,1688.76,1657.27,1676.84,4817911,https://stooq.com/q/d/l/?s=2502.jp&i=d,2026-03-26T08:35:00+00:00
2502,2502.T,2502.jp,2021-09-22,1671.34,1671.34,1635.88,1638.62,3808141,https://stooq.com/q/d/l/?s=2502.jp&i=d,2026-03-26T08:35:00+00:00
2502,2502.T,2502.jp,2021-09-24,1655.44,1667.66,1645.96,1667.36,6638241,https://stooq.com/q/d/l/?s=2502.jp&i=d,2026-03-26T08:35:00+00:00
2502,2502.T,2502.jp,2021-09-27,1666.14,1672.25,1654.22,1658.50,3683840,https://stooq.com/q/d/l/?s=2502.jp&i=d,2026-03-26T08:35:00+00:00
2502,2502.T,2502.jp,2021-09-28,1657.58,1676.53,1650.85,1672.56,6573474,https://stooq.com/q/d/l/?s=2502.jp&i=d,2026-03-26T08:35:00+00:00
2502,2502.T,2502.jp,2021-09-29,1654.83,1669.20,1646.27,1664.61,4860759,https://stooq.com/q/d/l/?s=2502.jp&i=d,2026-03-26T08:35:00+00:00
2502,2502.T,2502.jp,2021-09-30,1668.89,1681.12,1656.05,1657.27,9133061,https://stooq.com/q/d/l/?s=2502.jp&i=d,2026-03-26T08:35:00+00:00
2502,2502.T,2502.jp,2021-10-01,1641.68,1642.60,1609.59,1632.20,5858099,https://stooq.com/q/d/l/?s=2502.jp&i=d,2026-03-26T08:35:00+00:00
2502,2502.T,2502.jp,2021-10-04,1648.71,1665.83,1636.79,1657.58,6738662,https://stooq.com/q/d/l/?s=2502.jp&i=d,2026-03-26T08:35:00+00:00
2502,2502.T,2502.jp,2021-10-05,1687.54,1720.56,1671.03,1702.52,9670165,https://stooq.com/q/d/l/?s=2502.jp&i=d,2026-03-26T08:35:00+00:00
2502,2502.T,2502.jp,2021-10-06,1720.86,1730.02,1677.15,1704.66,7236188,https://stooq.com/q/d/l/?s=2502.jp&i=d,2026-03-26T08:35:00+00:00
2502,2502.T,2502.jp,2021-10-07,1717.49,1731.87,1695.49,1710.47,5610809,https://stooq.com/q/d/l/?s=2502.jp&i=d,2026-03-26T08:35:00+00:00
2502,2502.T,2502.jp,2021-10-08,1712.00,1719.64,1688.76,1692.44,4885293,https://stooq.com/q/d/l/?s=2502.jp&i=d,2026-03-26T08:35:00+00:00
2502,2502.T,2502.jp,2021-10-11,1695.49,1715.97,1691.20,1711.38,4272954,https://stooq.com/q/d/l/?s=2502.jp&i=d,2026-03-26T08:35:00+00:00
2502,2502.T,2502.jp,2021-10-12,1696.71,1706.49,1666.14,1667.05,5634689,https://stooq.com/q/d/l/?s=2502.jp&i=d,2026-03-26T08:35:00+00:00
2502,2502.T,2502.jp,2021-10-13,1655.44,1678.67,1648.71,1655.74,5320669,https://stooq.com/q/d/l/?s=2502.jp&i=d,2026-03-26T08:35:00+00:00
2502,2502.T,2502.jp,2021-10-14,1658.80,1668.58,1648.41,1648.71,4622628,https://stooq.com/q/d/l/?s=2502.jp&i=d,2026-03-26T08:35:00+00:00
2502,2502.T,2502.jp,2021-10-15,1650.85,1657.27,1611.42,1624.56,7245673,https://stooq.com/q/d/l/?s=2502.jp&i=d,2026-03-26T08:35:00+00:00
2502,2502.T,2502.jp,2021-10-18,1634.95,1644.73,1603.16,1605.30,5915016,https://stooq.com/q/d/l/?s=2502.jp&i=d,2026-03-26T08:35:00+00:00
2502,2502.T,2502.jp,2021-10-19,1596.74,1612.64,1586.04,1602.55,3610570,https://stooq.com/q/d/l/?s=2502.jp&i=d,2026-03-26T08:35:00+00:00
2502,2502.T,2502.jp,2021-10-20,1602.86,1611.11,1592.16,1599.18,3444729,https://stooq.com/q/d/l/?s=2502.jp&i=d,2026-03-26T08:35:00+00:00
2502,2502.T,2502.jp,2021-10-21,1590.01,1593.37,1562.81,1562.81,4219964,https://stooq.com/q/d/l/?s=2502.jp&i=d,2026-03-26T08:35:00+00:00
2502,2502.T,2502.jp,2021-10-22,1543.85,1560.36,1542.01,1554.25,4092392,https://stooq.com/q/d/l/?s=2502.jp&i=d,2026-03-26T08:35:00+00:00
2502,2502.T,2502.jp,2021-10-25,1539.27,1539.27,1507.78,1508.08,6654597,https://stooq.com/q/d/l/?s=2502.jp&i=d,2026-03-26T08:35:00+00:00
2502,2502.T,2502.jp,2021-10-26,1520.01,1551.50,1513.59,1542.94,5746884,https://stooq.com/q/d/l/?s=2502.jp&i=d,2026-03-26T08:35:00+00:00
2502,2502.T,2502.jp,2021-10-27,1542.94,1568.92,1542.94,1550.57,4480994,https://stooq.com/q/d/l/?s=2502.jp&i=d,2026-03-26T08:35:00+00:00
2502,2502.T,2502.jp,2021-10-28,1540.18,1551.50,1535.60,1542.01,5531324,https://stooq.com/q/d/l/?s=2502.jp&i=d,2026-03-26T08:35:00+00:00
2502,2502.T,2502.jp,2021-10-29,1542.32,1577.48,1532.84,1576.57,6465532,https://stooq.com/q/d/l/?s=2502.jp&i=d,2026-03-26T08:35:00+00:00
2502,2502.T,2502.jp,2021-11-01,1593.99,1616.61,1583.29,1601.64,6858054,https://stooq.com/q/d/l/?s=2502.jp&i=d,2026-03-26T08:35:00+00:00
2502,2502.T,2502.jp,2021-11-02,1616.61,1616.61,1580.84,1587.27,3490521,https://stooq.com/q/d/l/?s=2502.jp&i=d,2026-03-26T08:35:00+00:00
2502,2502.T,2502.jp,2021-11-04,1595.21,1596.13,1568.92,1579.01,4053467,https://stooq.com/q/d/l/?s=2502.jp&i=d,2026-03-26T08:35:00+00:00
2502,2502.T,2502.jp,2021-11-05,1559.44,1564.03,1531.32,1555.47,6273849,https://stooq.com/q/d/l/?s=2502.jp&i=d,2026-03-26T08:35:00+00:00
2502,2502.T,2502.jp,2021-11-08,1562.20,1588.18,1560.67,1583.59,4477067,https://stooq.com/q/d/l/?s=2502.jp&i=d,2026-03-26T08:35:00+00:00
2502,2502.T,2502.jp,2021-11-09,1589.71,1595.52,1544.77,1548.44,3624961,https://stooq.com/q/d/l/?s=2502.jp&i=d,2026-03-26T08:35:00+00:00
2502,2502.T,2502.jp,2021-11-10,1523.37,1525.20,1495.25,1503.80,8356843,https://stooq.com/q/d/l/?s=2502.jp&i=d,2026-03-26T08:35:00+00:00
2502,2502.T,2502.jp,2021-11-11,1396.80,1472.62,1396.50,1444.50,15765414,https://stooq.com/q/d/l/?s=2502.jp&i=d,2026-03-26T08:35:00+00:00
2502,2502.T,2502.jp,2021-11-12,1432.26,1476.28,1429.82,1464.06,6452446,https://stooq.com/q/d/l/?s=2502.jp&i=d,2026-03-26T08:35:00+00:00
2502,2502.T,2502.jp,2021-11-15,1458.55,1470.18,1453.06,1462.84,4394638,https://stooq.com/q/d/l/?s=2502.jp&i=d,2026-03-26T08:35:00+00:00
2502,2502.T,2502.jp,2021-11-16,1456.43,1466.82,1449.08,1456.11,5046554,https://stooq.com/q/d/l/?s=2502.jp&i=d,2026-03-26T08:35:00+00:00
2502,2502.T,2502.jp,2021-11-17,1452.45,1456.73,1415.45,1415.76,7290486,https://stooq.com/q/d/l/?s=2502.jp&i=d,2026-03-26T08:35:00+00:00
2502,2502.T,2502.jp,2021-11-18,1407.51,1422.48,1402.00,1412.40,5170855,https://stooq.com/q/d/l/?s=2502.jp&i=d,2026-03-26T08:35:00+00:00
2502,2502.T,2502.jp,2021-11-19,1402.31,1421.57,1401.70,1406.90,3867020,https://stooq.com/q/d/l/?s=2502.jp&i=d,2026-03-26T08:35:00+00:00
2502,2502.T,2502.jp,2021-11-22,1381.82,1391.60,1372.65,1389.78,4827067,https://stooq.com/q/d/l/?s=2502.jp&i=d,2026-03-26T08:35:00+00:00
2502,2502.T,2502.jp,2021-11-24,1370.21,1406.29,1370.21,1377.85,6166557,https://stooq.com/q/d/l/?s=2502.jp&i=d,2026-03-26T08:35:00+00:00
2502,2502.T,2502.jp,2021-11-25,1372.65,1380.90,1358.90,1362.87,6437728,https://stooq.com/q/d/l/?s=2502.jp&i=d,2026-03-26T08:35:00+00:00
2502,2502.T,2502.jp,2021-11-26,1352.48,1363.49,1337.49,1348.81,7600579,https://stooq.com/q/d/l/?s=2502.jp&i=d,2026-03-26T08:35:00+00:00
2502,2502.T,2502.jp,2021-11-29,1327.41,1343.00,1313.05,1321.90,6393894,https://stooq.com/q/d/l/?s=2502.jp&i=d,2026-03-26T08:35:00+00:00
2502,2502.T,2502.jp,2021-11-30,1317.93,1333.21,1282.16,1282.16,9710398,https://stooq.com/q/d/l/?s=2502.jp&i=d,2026-03-26T08:35:00+00:00
2502,2502.T,2502.jp,2021-12-01,1292.56,1303.26,1277.88,1290.42,5762258,https://stooq.com/q/d/l/?s=2502.jp&i=d,2026-03-26T08:35:00+00:00
2502,2502.T,2502.jp,2021-12-02,1272.08,1298.37,1265.66,1291.63,6787402,https://stooq.com/q/d/l/?s=2502.jp&i=d,2026-03-26T08:35:00+00:00
2502,2502.T,2502.jp,2021-12-03,1312.43,1339.02,1292.56,1338.41,7323196,https://stooq.com/q/d/l/?s=2502.jp&i=d,2026-03-26T08:35:00+00:00
2502,2502.T,2502.jp,2021-12-06,1350.03,1360.12,1339.95,1354.00,6103428,https://stooq.com/q/d/l/?s=2502.jp&i=d,2026-03-26T08:35:00+00:00
2502,2502.T,2502.jp,2021-12-07,1383.97,1409.95,1366.24,1402.00,8895912,https://stooq.com/q/d/l/?s=2502.jp&i=d,2026-03-26T08:35:00+00:00
2502,2502.T,2502.jp,2021-12-08,1401.09,1404.14,1392.22,1396.50,5933987,https://stooq.com/q/d/l/?s=2502.jp&i=d,2026-03-26T08:35:00+00:00
2502,2502.T,2502.jp,2021-12-09,1401.70,1417.60,1397.41,1412.09,4260198,https://stooq.com/q/d/l/?s=2502.jp&i=d,2026-03-26T08:35:00+00:00
2502,2502.T,2502.jp,2021-12-10,1412.40,1420.65,1387.94,1390.99,6300017,https://stooq.com/q/d/l/?s=2502.jp&i=d,2026-03-26T08:35:00+00:00
2502,2502.T,2502.jp,2021-12-13,1417.29,1426.77,1407.19,1407.19,4390385,https://stooq.com/q/d/l/?s=2502.jp&i=d,2026-03-26T08:35:00+00:00
2502,2502.T,2502.jp,2021-12-14,1401.70,1419.12,1382.74,1391.60,4093374,https://stooq.com/q/d/l/?s=2502.jp&i=d,2026-03-26T08:35:00+00:00
2502,2502.T,2502.jp,2021-12-15,1382.14,1388.85,1371.12,1376.63,4354404,https://stooq.com/q/d/l/?s=2502.jp&i=d,2026-03-26T08:35:00+00:00
2502,2502.T,2502.jp,2021-12-16,1399.55,1403.53,1385.49,1401.70,3457811,https://stooq.com/q/d/l/?s=2502.jp&i=d,2026-03-26T08:35:00+00:00
2502,2502.T,2502.jp,2021-12-17,1401.70,1413.92,1385.19,1391.60,5231369,https://stooq.com/q/d/l/?s=2502.jp&i=d,2026-03-26T08:35:00+00:00
2502,2502.T,2502.jp,2021-12-20,1375.41,1390.08,1371.12,1375.71,3416269,https://stooq.com/q/d/l/?s=2502.jp&i=d,2026-03-26T08:35:00+00:00
2502,2502.T,2502.jp,2021-12-21,1397.11,1400.78,1388.24,1393.75,3220336,https://stooq.com/q/d/l/?s=2502.jp&i=d,2026-03-26T08:35:00+00:00
2502,2502.T,2502.jp,2021-12-22,1387.33,1396.80,1383.66,1390.08,2895522,https://stooq.com/q/d/l/?s=2502.jp&i=d,2026-03-26T08:35:00+00:00
2502,2502.T,2502.jp,2021-12-23,1397.11,1399.86,1387.02,1398.64,2719213,https://stooq.com/q/d/l/?s=2502.jp&i=d,2026-03-26T08:35:00+00:00
2502,2502.T,2502.jp,2021-12-24,1402.92,1403.22,1387.02,1394.36,2143511,https://stooq.com/q/d/l/?s=2502.jp&i=d,2026-03-26T08:35:00+00:00
2502,2502.T,2502.jp,2021-12-27,1394.05,1394.05,1378.77,1383.04,2743416,https://stooq.com/q/d/l/?s=2502.jp&i=d,2026-03-26T08:35:00+00:00
2502,2502.T,2502.jp,2021-12-28,1400.48,1404.75,1392.22,1404.75,4233376,https://stooq.com/q/d/l/?s=2502.jp&i=d,2026-03-26T08:35:00+00:00
2502,2502.T,2502.jp,2021-12-29,1406.30,1410.01,1381.54,1388.36,3996870,https://stooq.com/q/d/l/?s=2502.jp&i=d,2026-03-26T08:35:00+00:00
2502,2502.T,2502.jp,2021-12-30,1388.36,1396.70,1373.81,1384.33,4316827,https://stooq.com/q/d/l/?s=2502.jp&i=d,2026-03-26T08:35:00+00:00
2502,2502.T,2502.jp,2022-01-04,1399.81,1428.27,1387.43,1428.27,6288276,https://stooq.com/q/d/l/?s=2502.jp&i=d,2026-03-26T08:35:00+00:00
2502,2502.T,2502.jp,2022-01-05,1420.53,1421.77,1398.57,1418.06,4434791,https://stooq.com/q/d/l/?s=2502.jp&i=d,2026-03-26T08:35:00+00:00
2502,2502.T,2502.jp,2022-01-06,1418.06,1422.09,1392.69,1396.40,4352378,https://stooq.com/q/d/l/?s=2502.jp&i=d,2026-03-26T08:35:00+00:00
2502,2502.T,2502.jp,2022-01-07,1411.25,1424.25,1402.28,1419.91,5654504,https://stooq.com/q/d/l/?s=2502.jp&i=d,2026-03-26T08:35:00+00:00
2502,2502.T,2502.jp,2022-01-11,1424.55,1429.51,1404.13,1419.30,3997194,https://stooq.com/q/d/l/?s=2502.jp&i=d,2026-03-26T08:35:00+00:00
2502,2502.T,2502.jp,2022-01-12,1438.48,1460.45,1433.22,1453.95,5220462,https://stooq.com/q/d/l/?s=2502.jp&i=d,2026-03-26T08:35:00+00:00
2502,2502.T,2502.jp,2022-01-13,1435.69,1448.38,1430.13,1435.69,3942251,https://stooq.com/q/d/l/?s=2502.jp&i=d,2026-03-26T08:35:00+00:00
2502,2502.T,2502.jp,2022-01-14,1438.79,1447.76,1433.84,1438.79,5519411,https://stooq.com/q/d/l/?s=2502.jp&i=d,2026-03-26T08:35:00+00:00
2502,2502.T,2502.jp,2022-01-17,1472.83,1483.35,1448.38,1449.93,5334547,https://stooq.com/q/d/l/?s=2502.jp&i=d,2026-03-26T08:35:00+00:00
2502,2502.T,2502.jp,2022-01-18,1457.35,1471.28,1453.02,1455.49,6144780,https://stooq.com/q/d/l/?s=2502.jp&i=d,2026-03-26T08:35:00+00:00
2502,2502.T,2502.jp,2022-01-19,1452.09,1472.52,1438.48,1444.98,5502928,https://stooq.com/q/d/l/?s=2502.jp&i=d,2026-03-26T08:35:00+00:00
2502,2502.T,2502.jp,2022-01-20,1437.55,1475.30,1437.55,1475.30,4598324,https://stooq.com/q/d/l/?s=2502.jp&i=d,2026-03-26T08:35:00+00:00
2502,2502.T,2502.jp,2022-01-21,1455.81,1504.39,1448.69,1500.98,5714940,https://stooq.com/q/d/l/?s=2502.jp&i=d,2026-03-26T08:35:00+00:00
2502,2502.T,2502.jp,2022-01-24,1508.40,1519.24,1476.54,1491.70,4772522,https://stooq.com/q/d/l/?s=2502.jp&i=d,2026-03-26T08:35:00+00:00
2502,2502.T,2502.jp,2022-01-25,1485.20,1494.17,1464.47,1492.94,4923128,https://stooq.com/q/d/l/?s=2502.jp&i=d,2026-03-26T08:35:00+00:00
2502,2502.T,2502.jp,2022-01-26,1491.08,1497.26,1470.34,1474.68,3497544,https://stooq.com/q/d/l/?s=2502.jp&i=d,2026-03-26T08:35:00+00:00
2502,2502.T,2502.jp,2022-01-27,1468.19,1480.86,1434.46,1452.71,5155178,https://stooq.com/q/d/l/?s=2502.jp&i=d,2026-03-26T08:35:00+00:00
2502,2502.T,2502.jp,2022-01-28,1472.21,1486.44,1467.25,1484.27,4411198,https://stooq.com/q/d/l/?s=2502.jp&i=d,2026-03-26T08:35:00+00:00
2502,2502.T,2502.jp,2022-01-31,1471.59,1472.21,1437.86,1444.36,5298996,https://stooq.com/q/d/l/?s=2502.jp&i=d,2026-03-26T08:35:00+00:00
2502,2502.T,2502.jp,2022-02-01,1443.74,1472.83,1436.31,1461.07,3955179,https://stooq.com/q/d/l/?s=2502.jp&i=d,2026-03-26T08:35:00+00:00
2502,2502.T,2502.jp,2022-02-02,1463.85,1486.75,1459.83,1479.94,3698891,https://stooq.com/q/d/l/?s=2502.jp&i=d,2026-03-26T08:35:00+00:00
2502,2502.T,2502.jp,2022-02-03,1478.39,1490.46,1474.99,1482.11,3439370,https://stooq.com/q/d/l/?s=2502.jp&i=d,2026-03-26T08:35:00+00:00
2502,2502.T,2502.jp,2022-02-04,1469.42,1474.99,1430.13,1470.04,5437644,https://stooq.com/q/d/l/?s=2502.jp&i=d,2026-03-26T08:35:00+00:00
2502,2502.T,2502.jp,2022-02-07,1454.57,1477.47,1446.53,1475.92,3222511,https://stooq.com/q/d/l/?s=2502.jp&i=d,2026-03-26T08:35:00+00:00
2502,2502.T,2502.jp,2022-02-08,1482.42,1497.58,1478.39,1488.30,4375647,https://stooq.com/q/d/l/?s=2502.jp&i=d,2026-03-26T08:35:00+00:00
2502,2502.T,2502.jp,2022-02-09,1500.67,1504.69,1474.68,1496.65,4629996,https://stooq.com/q/d/l/?s=2502.jp&i=d,2026-03-26T08:35:00+00:00
2502,2502.T,2502.jp,2022-02-10,1506.55,1515.22,1495.72,1506.55,4476159,https://stooq.com/q/d/l/?s=2502.jp&i=d,2026-03-26T08:35:00+00:00
2502,2502.T,2502.jp,2022-02-14,1515.22,1518.62,1486.44,1500.37,5894633,https://stooq.com/q/d/l/?s=2502.jp&i=d,2026-03-26T08:35:00+00:00
2502,2502.T,2502.jp,2022-02-15,1509.96,1523.57,1498.20,1507.78,7508959,https://stooq.com/q/d/l/?s=2502.jp&i=d,2026-03-26T08:35:00+00:00
2502,2502.T,2502.jp,2022-02-16,1608.97,1613.60,1566.89,1581.74,11419215,https://stooq.com/q/d/l/?s=2502.jp&i=d,2026-03-26T08:35:00+00:00
2502,2502.T,2502.jp,2022-02-17,1588.24,1617.63,1582.36,1614.85,8066782,https://stooq.com/q/d/l/?s=2502.jp&i=d,2026-03-26T08:35:00+00:00
2502,2502.T,2502.jp,2022-02-18,1598.76,1601.85,1574.63,1592.56,5412112,https://stooq.com/q/d/l/?s=2502.jp&i=d,2026-03-26T08:35:00+00:00
2502,2502.T,2502.jp,2022-02-21,1578.03,1591.64,1567.51,1582.67,4059246,https://stooq.com/q/d/l/?s=2502.jp&i=d,2026-03-26T08:35:00+00:00
2502,2502.T,2502.jp,2022-02-22,1551.73,1553.59,1535.02,1544.92,5462853,https://stooq.com/q/d/l/?s=2502.jp&i=d,2026-03-26T08:35:00+00:00
2502,2502.T,2502.jp,2022-02-24,1538.11,1542.75,1452.09,1465.09,14984629,https://stooq.com/q/d/l/?s=2502.jp&i=d,2026-03-26T08:35:00+00:00
2502,2502.T,2502.jp,2022-02-25,1458.28,1462.31,1441.57,1444.98,10415069,https://stooq.com/q/d/l/?s=2502.jp&i=d,2026-03-26T08:35:00+00:00
2502,2502.T,2502.jp,2022-02-28,1444.98,1460.45,1419.61,1436.93,8215772,https://stooq.com/q/d/l/?s=2502.jp&i=d,2026-03-26T08:35:00+00:00
2502,2502.T,2502.jp,2022-03-01,1438.17,1463.85,1437.55,1447.45,5729160,https://stooq.com/q/d/l/?s=2502.jp&i=d,2026-03-26T08:35:00+00:00
2502,2502.T,2502.jp,2022-03-02,1430.13,1436.93,1391.14,1391.76,4827788,https://stooq.com/q/d/l/?s=2502.jp&i=d,2026-03-26T08:35:00+00:00
2502,2502.T,2502.jp,2022-03-03,1409.39,1425.17,1397.02,1410.63,6874540,https://stooq.com/q/d/l/?s=2502.jp&i=d,2026-03-26T08:35:00+00:00
2502,2502.T,2502.jp,2022-03-04,1405.06,1418.36,1356.80,1367.62,6792127,https://stooq.com/q/d/l/?s=2502.jp&i=d,2026-03-26T08:35:00+00:00
2502,2502.T,2502.jp,2022-03-07,1324.31,1329.57,1253.14,1272.63,9051537,https://stooq.com/q/d/l/?s=2502.jp&i=d,2026-03-26T08:35:00+00:00
2502,2502.T,2502.jp,2022-03-08,1266.13,1272.63,1223.13,1228.38,11027834,https://stooq.com/q/d/l/?s=2502.jp&i=d,2026-03-26T08:35:00+00:00
2502,2502.T,2502.jp,2022-03-09,1212.29,1294.91,1212.29,1252.21,10820024,https://stooq.com/q/d/l/?s=2502.jp&i=d,2026-03-26T08:35:00+00:00
2502,2502.T,2502.jp,2022-03-10,1287.18,1335.13,1276.34,1310.38,11784095,https://stooq.com/q/d/l/?s=2502.jp&i=d,2026-03-26T08:35:00+00:00
2502,2502.T,2502.jp,2022-03-11,1271.39,1272.63,1224.05,1242.62,13371273,https://stooq.com/q/d/l/?s=2502.jp&i=d,2026-03-26T08:35:00+00:00
2502,2502.T,2502.jp,2022-03-14,1274.80,1285.63,1259.94,1271.08,6073033,https://stooq.com/q/d/l/?s=2502.jp&i=d,2026-03-26T08:35:00+00:00
2502,2502.T,2502.jp,2022-03-15,1267.68,1324.31,1264.90,1300.78,7269476,https://stooq.com/q/d/l/?s=2502.jp&i=d,2026-03-26T08:35:00+00:00
2502,2502.T,2502.jp,2022-03-16,1308.53,1308.83,1290.26,1301.41,5705244,https://stooq.com/q/d/l/?s=2502.jp&i=d,2026-03-26T08:35:00+00:00
2502,2502.T,2502.jp,2022-03-17,1339.77,1339.77,1317.18,1337.61,7665382,https://stooq.com/q/d/l/?s=2502.jp&i=d,2026-03-26T08:35:00+00:00
2502,2502.T,2502.jp,2022-03-18,1332.96,1348.44,1325.55,1339.46,8536051,https://stooq.com/q/d/l/?s=2502.jp&i=d,2026-03-26T08:35:00+00:00
2502,2502.T,2502.jp,2022-03-22,1345.97,1377.53,1345.97,1358.34,6129591,https://stooq.com/q/d/l/?s=2502.jp&i=d,2026-03-26T08:35:00+00:00
2502,2502.T,2502.jp,2022-03-23,1373.81,1388.36,1366.39,1375.98,5834520,https://stooq.com/q/d/l/?s=2502.jp&i=d,2026-03-26T08:35:00+00:00
2502,2502.T,2502.jp,2022-03-24,1366.70,1383.71,1363.60,1378.45,6479604,https://stooq.com/q/d/l/?s=2502.jp&i=d,2026-03-26T08:35:00+00:00
2502,2502.T,2502.jp,2022-03-25,1392.99,1396.09,1368.86,1375.36,3783889,https://stooq.com/q/d/l/?s=2502.jp&i=d,2026-03-26T08:35:00+00:00
2502,2502.T,2502.jp,2022-03-28,1374.43,1377.53,1361.75,1369.78,8367993,https://stooq.com/q/d/l/?s=2502.jp&i=d,2026-03-26T08:35:00+00:00
2502,2502.T,2502.jp,2022-03-29,1375.36,1384.33,1364.84,1374.43,8338260,https://stooq.com/q/d/l/?s=2502.jp&i=d,2026-03-26T08:35:00+00:00
2502,2502.T,2502.jp,2022-03-30,1388.67,1406.92,1375.04,1388.67,7215827,https://stooq.com/q/d/l/?s=2502.jp&i=d,2026-03-26T08:35:00+00:00
2502,2502.T,2502.jp,2022-03-31,1374.43,1391.14,1372.27,1380.31,7263659,https://stooq.com/q/d/l/?s=2502.jp&i=d,2026-03-26T08:35:00+00:00
2502,2502.T,2502.jp,2022-04-01,1366.70,1388.97,1359.26,1381.24,5661937,https://stooq.com/q/d/l/?s=2502.jp&i=d,2026-03-26T08:35:00+00:00
2502,2502.T,2502.jp,2022-04-04,1386.18,1394.23,1376.91,1384.95,3954533,https://stooq.com/q/d/l/?s=2502.jp&i=d,2026-03-26T08:35:00+00:00
2502,2502.T,2502.jp,2022-04-05,1380.93,1384.64,1366.70,1384.02,4222456,https://stooq.com/q/d/l/?s=2502.jp&i=d,2026-03-26T08:35:00+00:00
2502,2502.T,2502.jp,2022-04-06,1371.34,1388.67,1369.17,1380.62,5942141,https://stooq.com/q/d/l/?s=2502.jp&i=d,2026-03-26T08:35:00+00:00
2502,2502.T,2502.jp,2022-04-07,1366.08,1368.25,1335.13,1359.88,4926683,https://stooq.com/q/d/l/?s=2502.jp&i=d,2026-03-26T08:35:00+00:00
2502,2502.T,2502.jp,2022-04-08,1381.54,1386.50,1350.61,1374.12,6325119,https://stooq.com/q/d/l/?s=2502.jp&i=d,2026-03-26T08:35:00+00:00
2502,2502.T,2502.jp,2022-04-11,1378.77,1409.71,1374.74,1398.57,5474488,https://stooq.com/q/d/l/?s=2502.jp&i=d,2026-03-26T08:35:00+00:00
2502,2502.T,2502.jp,2022-04-12,1388.36,1395.47,1375.66,1378.45,4120975,https://stooq.com/q/d/l/?s=2502.jp&i=d,2026-03-26T08:35:00+00:00
2502,2502.T,2502.jp,2022-04-13,1380.93,1387.43,1367.62,1384.64,4655528,https://stooq.com/q/d/l/?s=2502.jp&i=d,2026-03-26T08:35:00+00:00
2502,2502.T,2502.jp,2022-04-14,1380.00,1388.67,1372.57,1383.09,2683756,https://stooq.com/q/d/l/?s=2502.jp&i=d,2026-03-26T08:35:00+00:00
2502,2502.T,2502.jp,2022-04-15,1395.78,1409.09,1386.18,1391.14,3401557,https://stooq.com/q/d/l/?s=2502.jp&i=d,2026-03-26T08:35:00+00:00
2502,2502.T,2502.jp,2022-04-18,1378.45,1382.79,1357.73,1370.40,3429675,https://stooq.com/q/d/l/?s=2502.jp&i=d,2026-03-26T08:35:00+00:00
2502,2502.T,2502.jp,2022-04-19,1392.06,1392.06,1371.65,1381.86,3265172,https://stooq.com/q/d/l/?s=2502.jp&i=d,2026-03-26T08:35:00+00:00
2502,2502.T,2502.jp,2022-04-20,1384.64,1398.25,1376.29,1397.32,5007480,https://stooq.com/q/d/l/?s=2502.jp&i=d,2026-03-26T08:35:00+00:00
2502,2502.T,2502.jp,2022-04-21,1401.04,1427.03,1394.85,1423.62,5830964,https://stooq.com/q/d/l/?s=2502.jp&i=d,2026-03-26T08:35:00+00:00
2502,2502.T,2502.jp,2022-04-22,1407.84,1426.41,1399.19,1407.23,4348499,https://stooq.com/q/d/l/?s=2502.jp&i=d,2026-03-26T08:35:00+00:00
2502,2502.T,2502.jp,2022-04-25,1385.57,1405.99,1381.86,1402.58,4762827,https://stooq.com/q/d/l/?s=2502.jp&i=d,2026-03-26T08:35:00+00:00
2502,2502.T,2502.jp,2022-04-26,1406.61,1429.51,1403.83,1428.27,6607586,https://stooq.com/q/d/l/?s=2502.jp&i=d,2026-03-26T08:35:00+00:00
2502,2502.T,2502.jp,2022-04-27,1505.01,1528.52,1479.94,1489.53,19000891,https://stooq.com/q/d/l/?s=2502.jp&i=d,2026-03-26T08:35:00+00:00
2502,2502.T,2502.jp,2022-04-28,1468.19,1508.40,1460.14,1504.69,6694524,https://stooq.com/q/d/l/?s=2502.jp&i=d,2026-03-26T08:35:00+00:00
2502,2502.T,2502.jp,2022-05-02,1513.67,1514.29,1485.82,1492.63,4667163,https://stooq.com/q/d/l/?s=2502.jp&i=d,2026-03-26T08:35:00+00:00
2502,2502.T,2502.jp,2022-05-06,1488.61,1526.35,1487.68,1523.88,5654504,https://stooq.com/q/d/l/?s=2502.jp&i=d,2026-03-26T08:35:00+00:00
2502,2502.T,2502.jp,2022-05-09,1511.19,1511.19,1470.66,1492.01,3912841,https://stooq.com/q/d/l/?s=2502.jp&i=d,2026-03-26T08:35:00+00:00
2502,2502.T,2502.jp,2022-05-10,1483.97,1493.25,1457.67,1457.97,6309283,https://stooq.com/q/d/l/?s=2502.jp&i=d,2026-03-26T08:35:00+00:00
2502,2502.T,2502.jp,2022-05-11,1453.02,1475.92,1440.34,1472.52,5367835,https://stooq.com/q/d/l/?s=2502.jp&i=d,2026-03-26T08:35:00+00:00
2502,2502.T,2502.jp,2022-05-12,1461.99,1484.27,1447.45,1479.33,3905731,https://stooq.com/q/d/l/?s=2502.jp&i=d,2026-03-26T08:35:00+00:00
2502,2502.T,2502.jp,2022-05-13,1482.42,1499.13,1465.70,1474.06,5182649,https://stooq.com/q/d/l/?s=2502.jp&i=d,2026-03-26T08:35:00+00:00
2502,2502.T,2502.jp,2022-05-16,1468.19,1486.44,1448.69,1449.93,6605001,https://stooq.com/q/d/l/?s=2502.jp&i=d,2026-03-26T08:35:00+00:00
2502,2502.T,2502.jp,2022-05-17,1284.39,1298.93,1259.32,1292.44,26554774,https://stooq.com/q/d/l/?s=2502.jp&i=d,2026-03-26T08:35:00+00:00
2502,2502.T,2502.jp,2022-05-18,1319.05,1340.09,1311.62,1322.14,12433380,https://stooq.com/q/d/l/?s=2502.jp&i=d,2026-03-26T08:35:00+00:00
2502,2502.T,2502.jp,2022-05-19,1301.10,1319.05,1278.82,1309.15,8480463,https://stooq.com/q/d/l/?s=2502.jp&i=d,2026-03-26T08:35:00+00:00
2502,2502.T,2502.jp,2022-05-20,1307.90,1321.21,1293.67,1313.48,7529643,https://stooq.com/q/d/l/?s=2502.jp&i=d,2026-03-26T08:35:00+00:00
2502,2502.T,2502.jp,2022-05-23,1320.28,1327.09,1303.27,1310.38,5779901,https://stooq.com/q/d/l/?s=2502.jp&i=d,2026-03-26T08:35:00+00:00
2502,2502.T,2502.jp,2022-05-24,1327.40,1334.83,1309.76,1309.76,7321509,https://stooq.com/q/d/l/?s=2502.jp&i=d,2026-03-26T08:35:00+00:00
2502,2502.T,2502.jp,2022-05-25,1315.95,1323.06,1292.12,1294.29,6676748,https://stooq.com/q/d/l/?s=2502.jp&i=d,2026-03-26T08:35:00+00:00
2502,2502.T,2502.jp,2022-05-26,1308.83,1345.04,1308.83,1313.48,7622721,https://stooq.com/q/d/l/?s=2502.jp&i=d,2026-03-26T08:35:00+00:00
2502,2502.T,2502.jp,2022-05-27,1333.28,1334.83,1301.41,1311.30,5233712,https://stooq.com/q/d/l/?s=2502.jp&i=d,2026-03-26T08:35:00+00:00
2502,2502.T,2502.jp,2022-05-30,1318.74,1353.39,1315.33,1348.13,11848086,https://stooq.com/q/d/l/?s=2502.jp&i=d,2026-03-26T08:35:00+00:00
2502,2502.T,2502.jp,2022-05-31,1342.25,1346.59,1327.09,1342.87,9479761,https://stooq.com/q/d/l/?s=2502.jp&i=d,2026-03-26T08:35:00+00:00
2502,2502.T,2502.jp,2022-06-01,1348.13,1374.43,1346.27,1366.39,4252512,https://stooq.com/q/d/l/?s=2502.jp&i=d,2026-03-26T08:35:00+00:00
2502,2502.T,2502.jp,2022-06-02,1364.84,1384.33,1360.20,1370.40,6051702,https://stooq.com/q/d/l/?s=2502.jp&i=d,2026-03-26T08:35:00+00:00
2502,2502.T,2502.jp,2022-06-03,1364.53,1378.77,1361.44,1370.72,5796060,https://stooq.com/q/d/l/?s=2502.jp&i=d,2026-03-26T08:35:00+00:00
2502,2502.T,2502.jp,2022-06-06,1369.17,1381.54,1367.31,1374.43,5038507,https://stooq.com/q/d/l/?s=2502.jp&i=d,2026-03-26T08:35:00+00:00
2502,2502.T,2502.jp,2022-06-07,1381.54,1382.17,1363.91,1371.02,4986473,https://stooq.com/q/d/l/?s=2502.jp&i=d,2026-03-26T08:35:00+00:00
2502,2502.T,2502.jp,2022-06-08,1377.53,1380.93,1362.37,1375.36,7349950,https://stooq.com/q/d/l/?s=2502.jp&i=d,2026-03-26T08:35:00+00:00
2502,2502.T,2502.jp,2022-06-09,1372.89,1388.97,1368.25,1382.17,5753076,https://stooq.com/q/d/l/?s=2502.jp&i=d,2026-03-26T08:35:00+00:00
2502,2502.T,2502.jp,2022-06-10,1384.33,1391.44,1368.25,1371.02,5516825,https://stooq.com/q/d/l/?s=2502.jp&i=d,2026-03-26T08:35:00+00:00
2502,2502.T,2502.jp,2022-06-13,1357.11,1365.76,1350.61,1357.73,5065978,https://stooq.com/q/d/l/?s=2502.jp&i=d,2026-03-26T08:35:00+00:00
2502,2502.T,2502.jp,2022-06-14,1333.58,1347.82,1327.40,1341.95,5564334,https://stooq.com/q/d/l/?s=2502.jp&i=d,2026-03-26T08:35:00+00:00
2502,2502.T,2502.jp,2022-06-15,1330.81,1336.37,1305.43,1306.67,7345748,https://stooq.com/q/d/l/?s=2502.jp&i=d,2026-03-26T08:35:00+00:00
2502,2502.T,2502.jp,2022-06-16,1324.31,1358.03,1322.76,1345.97,6900395,https://stooq.com/q/d/l/?s=2502.jp&i=d,2026-03-26T08:35:00+00:00
2502,2502.T,2502.jp,2022-06-17,1324.31,1353.70,1317.80,1346.89,16795131,https://stooq.com/q/d/l/?s=2502.jp&i=d,2026-03-26T08:35:00+00:00
2502,2502.T,2502.jp,2022-06-20,1344.42,1346.27,1309.15,1316.57,4813567,https://stooq.com/q/d/l/?s=2502.jp&i=d,2026-03-26T08:35:00+00:00
2502,2502.T,2502.jp,2022-06-21,1327.09,1354.01,1318.74,1347.20,5280898,https://stooq.com/q/d/l/?s=2502.jp&i=d,2026-03-26T08:35:00+00:00
2502,2502.T,2502.jp,2022-06-22,1354.32,1368.55,1344.72,1364.22,4795146,https://stooq.com/q/d/l/?s=2502.jp&i=d,2026-03-26T08:35:00+00:00
2502,2502.T,2502.jp,2022-06-23,1373.51,1397.02,1372.57,1396.09,5378824,https://stooq.com/q/d/l/?s=2502.jp&i=d,2026-03-26T08:35:00+00:00
2502,2502.T,2502.jp,2022-06-24,1392.38,1400.73,1384.64,1399.81,4379525,https://stooq.com/q/d/l/?s=2502.jp&i=d,2026-03-26T08:35:00+00:00
2502,2502.T,2502.jp,2022-06-27,1412.48,1413.10,1387.12,1390.21,4597354,https://stooq.com/q/d/l/?s=2502.jp&i=d,2026-03-26T08:35:00+00:00
2502,2502.T,2502.jp,2022-06-28,1382.79,1408.78,1375.66,1408.47,6381354,https://stooq.com/q/d/l/?s=2502.jp&i=d,2026-03-26T08:35:00+00:00
2502,2502.T,2502.jp,2022-06-29,1408.47,1420.06,1402.52,1409.10,9952383,https://stooq.com/q/d/l/?s=2502.jp&i=d,2026-03-26T08:35:00+00:00
2502,2502.T,2502.jp,2022-06-30,1395.31,1417.86,1390.93,1392.18,7248372,https://stooq.com/q/d/l/?s=2502.jp&i=d,2026-03-26T08:35:00+00:00
2502,2502.T,2502.jp,2022-07-01,1408.78,1423.18,1373.39,1379.97,5713577,https://stooq.com/q/d/l/?s=2502.jp&i=d,2026-03-26T08:35:00+00:00
2502,2502.T,2502.jp,2022-07-04,1361.80,1388.74,1357.41,1386.55,5650997,https://stooq.com/q/d/l/?s=2502.jp&i=d,2026-03-26T08:35:00+00:00
2502,2502.T,2502.jp,2022-07-05,1391.24,1399.07,1383.72,1394.68,4475715,https://stooq.com/q/d/l/?s=2502.jp&i=d,2026-03-26T08:35:00+00:00
2502,2502.T,2502.jp,2022-07-06,1393.12,1404.08,1374.95,1379.02,6387903,https://stooq.com/q/d/l/?s=2502.jp&i=d,2026-03-26T08:35:00+00:00
2502,2502.T,2502.jp,2022-07-07,1396.25,1417.56,1384.04,1407.84,7942494,https://stooq.com/q/d/l/?s=2502.jp&i=d,2026-03-26T08:35:00+00:00
2502,2502.T,2502.jp,2022-07-08,1412.53,1416.61,1391.55,1395.94,6682602,https://stooq.com/q/d/l/?s=2502.jp&i=d,2026-03-26T08:35:00+00:00
2502,2502.T,2502.jp,2022-07-11,1423.18,1439.16,1417.86,1435.71,6300739,https://stooq.com/q/d/l/?s=2502.jp&i=d,2026-03-26T08:35:00+00:00
2502,2502.T,2502.jp,2022-07-12,1425.69,1429.14,1408.47,1413.16,4314796,https://stooq.com/q/d/l/?s=2502.jp&i=d,2026-03-26T08:35:00+00:00
2502,2502.T,2502.jp,2022-07-13,1413.79,1437.28,1413.79,1424.13,3888552,https://stooq.com/q/d/l/?s=2502.jp&i=d,2026-03-26T08:35:00+00:00
2502,2502.T,2502.jp,2022-07-14,1422.88,1438.22,1418.18,1431.64,4132485,https://stooq.com/q/d/l/?s=2502.jp&i=d,2026-03-26T08:35:00+00:00
2502,2502.T,2502.jp,2022-07-15,1432.58,1434.14,1407.84,1416.93,3589384,https://stooq.com/q/d/l/?s=2502.jp&i=d,2026-03-26T08:35:00+00:00
2502,2502.T,2502.jp,2022-07-19,1420.06,1424.75,1402.20,1418.49,5570857,https://stooq.com/q/d/l/?s=2502.jp&i=d,2026-03-26T08:35:00+00:00
2502,2502.T,2502.jp,2022-07-20,1430.08,1443.86,1422.88,1435.71,4821818,https://stooq.com/q/d/l/?s=2502.jp&i=d,2026-03-26T08:35:00+00:00
2502,2502.T,2502.jp,2022-07-21,1427.89,1430.71,1411.28,1421.62,4798510,https://stooq.com/q/d/l/?s=2502.jp&i=d,2026-03-26T08:35:00+00:00
2502,2502.T,2502.jp,2022-07-22,1430.08,1454.19,1420.06,1452.00,5422390,https://stooq.com/q/d/l/?s=2502.jp&i=d,2026-03-26T08:35:00+00:00
2502,2502.T,2502.jp,2022-07-25,1446.99,1463.27,1446.37,1463.27,3339704,https://stooq.com/q/d/l/?s=2502.jp&i=d,2026-03-26T08:35:00+00:00
2502,2502.T,2502.jp,2022-07-26,1459.83,1463.27,1445.74,1449.81,3227955,https://stooq.com/q/d/l/?s=2502.jp&i=d,2026-03-26T08:35:00+00:00
2502,2502.T,2502.jp,2022-07-27,1441.04,1462.02,1437.91,1456.70,4851192,https://stooq.com/q/d/l/?s=2502.jp&i=d,2026-03-26T08:35:00+00:00
2502,2502.T,2502.jp,2022-07-28,1462.65,1463.90,1439.47,1459.83,17076874,https://stooq.com/q/d/l/?s=2502.jp&i=d,2026-03-26T08:35:00+00:00
2502,2502.T,2502.jp,2022-07-29,1455.76,1458.89,1441.66,1446.99,5072136,https://stooq.com/q/d/l/?s=2502.jp&i=d,2026-03-26T08:35:00+00:00
2502,2502.T,2502.jp,2022-08-01,1446.05,1468.29,1440.10,1457.02,5093209,https://stooq.com/q/d/l/?s=2502.jp&i=d,2026-03-26T08:35:00+00:00
2502,2502.T,2502.jp,2022-08-02,1442.61,1445.11,1427.57,1430.08,4525523,https://stooq.com/q/d/l/?s=2502.jp&i=d,2026-03-26T08:35:00+00:00
2502,2502.T,2502.jp,2022-08-03,1434.46,1448.24,1426.32,1439.79,5193145,https://stooq.com/q/d/l/?s=2502.jp&i=d,2026-03-26T08:35:00+00:00
2502,2502.T,2502.jp,2022-08-04,1453.57,1457.32,1434.46,1441.66,5945696,https://stooq.com/q/d/l/?s=2502.jp&i=d,2026-03-26T08:35:00+00:00
2502,2502.T,2502.jp,2022-08-05,1435.09,1449.81,1431.33,1449.19,3872269,https://stooq.com/q/d/l/?s=2502.jp&i=d,2026-03-26T08:35:00+00:00
2502,2502.T,2502.jp,2022-08-08,1444.79,1453.57,1433.21,1448.56,3370994,https://stooq.com/q/d/l/?s=2502.jp&i=d,2026-03-26T08:35:00+00:00
2502,2502.T,2502.jp,2022-08-09,1448.24,1452.62,1402.83,1406.28,5417601,https://stooq.com/q/d/l/?s=2502.jp&i=d,2026-03-26T08:35:00+00:00
2502,2502.T,2502.jp,2022-08-10,1445.42,1454.19,1411.60,1445.11,7862354,https://stooq.com/q/d/l/?s=2502.jp&i=d,2026-03-26T08:35:00+00:00
2502,2502.T,2502.jp,2022-08-12,1474.23,1518.72,1452.31,1518.40,11096057,https://stooq.com/q/d/l/?s=2502.jp&i=d,2026-03-26T08:35:00+00:00
2502,2502.T,2502.jp,2022-08-15,1500.86,1513.70,1496.16,1498.98,4353748,https://stooq.com/q/d/l/?s=2502.jp&i=d,2026-03-26T08:35:00+00:00
2502,2502.T,2502.jp,2022-08-16,1508.69,1514.64,1498.04,1501.48,2602479,https://stooq.com/q/d/l/?s=2502.jp&i=d,2026-03-26T08:35:00+00:00
2502,2502.T,2502.jp,2022-08-17,1495.23,1516.21,1492.09,1514.01,3782231,https://stooq.com/q/d/l/?s=2502.jp&i=d,2026-03-26T08:35:00+00:00
2502,2502.T,2502.jp,2022-08-18,1497.42,1505.56,1488.96,1490.84,3521376,https://stooq.com/q/d/l/?s=2502.jp&i=d,2026-03-26T08:35:00+00:00
2502,2502.T,2502.jp,2022-08-19,1490.84,1516.52,1489.58,1501.48,5376094,https://stooq.com/q/d/l/?s=2502.jp&i=d,2026-03-26T08:35:00+00:00
2502,2502.T,2502.jp,2022-08-22,1493.34,1504.31,1488.33,1504.31,2407716,https://stooq.com/q/d/l/?s=2502.jp&i=d,2026-03-26T08:35:00+00:00
2502,2502.T,2502.jp,2022-08-23,1502.74,1520.59,1498.66,1517.77,4731780,https://stooq.com/q/d/l/?s=2502.jp&i=d,2026-03-26T08:35:00+00:00
2502,2502.T,2502.jp,2022-08-24,1520.28,1520.28,1497.73,1500.23,3190918,https://stooq.com/q/d/l/?s=2502.jp&i=d,2026-03-26T08:35:00+00:00
2502,2502.T,2502.jp,2022-08-25,1508.38,1521.84,1502.74,1519.02,2989450,https://stooq.com/q/d/l/?s=2502.jp&i=d,2026-03-26T08:35:00+00:00
2502,2502.T,2502.jp,2022-08-26,1508.38,1516.21,1478.31,1478.31,5135035,https://stooq.com/q/d/l/?s=2502.jp&i=d,2026-03-26T08:35:00+00:00
2502,2502.T,2502.jp,2022-08-29,1457.95,1473.30,1449.81,1465.78,4963260,https://stooq.com/q/d/l/?s=2502.jp&i=d,2026-03-26T08:35:00+00:00
2502,2502.T,2502.jp,2022-08-30,1480.18,1489.90,1476.43,1482.07,2850881,https://stooq.com/q/d/l/?s=2502.jp&i=d,2026-03-26T08:35:00+00:00
2502,2502.T,2502.jp,2022-08-31,1483.63,1489.28,1461.71,1463.59,6959101,https://stooq.com/q/d/l/?s=2502.jp&i=d,2026-03-26T08:35:00+00:00
2502,2502.T,2502.jp,2022-09-01,1456.39,1472.05,1454.19,1460.45,4150046,https://stooq.com/q/d/l/?s=2502.jp&i=d,2026-03-26T08:35:00+00:00
2502,2502.T,2502.jp,2022-09-02,1462.97,1466.10,1450.75,1458.89,3321505,https://stooq.com/q/d/l/?s=2502.jp&i=d,2026-03-26T08:35:00+00:00
2502,2502.T,2502.jp,2022-09-05,1449.81,1455.76,1432.58,1432.58,4054261,https://stooq.com/q/d/l/?s=2502.jp&i=d,2026-03-26T08:35:00+00:00
2502,2502.T,2502.jp,2022-09-06,1432.58,1449.50,1422.56,1427.57,4766263,https://stooq.com/q/d/l/?s=2502.jp&i=d,2026-03-26T08:35:00+00:00
2502,2502.T,2502.jp,2022-09-07,1427.26,1433.21,1406.28,1421.62,3757327,https://stooq.com/q/d/l/?s=2502.jp&i=d,2026-03-26T08:35:00+00:00
2502,2502.T,2502.jp,2022-09-08,1428.83,1457.32,1425.38,1455.45,3525208,https://stooq.com/q/d/l/?s=2502.jp&i=d,2026-03-26T08:35:00+00:00
2502,2502.T,2502.jp,2022-09-09,1439.16,1467.35,1439.16,1458.27,4841614,https://stooq.com/q/d/l/?s=2502.jp&i=d,2026-03-26T08:35:00+00:00
2502,2502.T,2502.jp,2022-09-12,1470.80,1473.93,1459.83,1466.72,2222531,https://stooq.com/q/d/l/?s=2502.jp&i=d,2026-03-26T08:35:00+00:00
2502,2502.T,2502.jp,2022-09-13,1468.60,1472.98,1450.75,1469.85,3688681,https://stooq.com/q/d/l/?s=2502.jp&i=d,2026-03-26T08:35:00+00:00
2502,2502.T,2502.jp,2022-09-14,1447.93,1459.52,1436.03,1438.22,5038931,https://stooq.com/q/d/l/?s=2502.jp&i=d,2026-03-26T08:35:00+00:00
2502,2502.T,2502.jp,2022-09-15,1441.66,1462.02,1439.16,1458.89,4109177,https://stooq.com/q/d/l/?s=2502.jp&i=d,2026-03-26T08:35:00+00:00
2502,2502.T,2502.jp,2022-09-16,1450.12,1469.54,1449.19,1465.78,4297235,https://stooq.com/q/d/l/?s=2502.jp&i=d,2026-03-26T08:35:00+00:00
2502,2502.T,2502.jp,2022-09-20,1485.51,1496.48,1479.56,1487.71,4450811,https://stooq.com/q/d/l/?s=2502.jp&i=d,2026-03-26T08:35:00+00:00
2502,2502.T,2502.jp,2022-09-21,1482.70,1482.70,1458.89,1466.10,4179739,https://stooq.com/q/d/l/?s=2502.jp&i=d,2026-03-26T08:35:00+00:00
2502,2502.T,2502.jp,2022-09-22,1451.69,1458.58,1444.17,1454.82,3846088,https://stooq.com/q/d/l/?s=2502.jp&i=d,2026-03-26T08:35:00+00:00
2502,2502.T,2502.jp,2022-09-26,1439.47,1454.50,1436.34,1441.66,4455281,https://stooq.com/q/d/l/?s=2502.jp&i=d,2026-03-26T08:35:00+00:00
2502,2502.T,2502.jp,2022-09-27,1440.72,1462.34,1431.96,1459.52,4458793,https://stooq.com/q/d/l/?s=2502.jp&i=d,2026-03-26T08:35:00+00:00
2502,2502.T,2502.jp,2022-09-28,1436.03,1437.91,1380.28,1393.75,8249964,https://stooq.com/q/d/l/?s=2502.jp&i=d,2026-03-26T08:35:00+00:00
2502,2502.T,2502.jp,2022-09-29,1401.26,1428.20,1395.31,1424.44,5182927,https://stooq.com/q/d/l/?s=2502.jp&i=d,2026-03-26T08:35:00+00:00
2502,2502.T,2502.jp,2022-09-30,1421.62,1428.83,1397.20,1404.40,6313510,https://stooq.com/q/d/l/?s=2502.jp&i=d,2026-03-26T08:35:00+00:00
2502,2502.T,2502.jp,2022-10-03,1400.32,1402.20,1379.97,1401.58,5097360,https://stooq.com/q/d/l/?s=2502.jp&i=d,2026-03-26T08:35:00+00:00
2502,2502.T,2502.jp,2022-10-04,1423.50,1456.07,1421.93,1452.00,4731780,https://stooq.com/q/d/l/?s=2502.jp&i=d,2026-03-26T08:35:00+00:00
2502,2502.T,2502.jp,2022-10-05,1456.39,1461.71,1435.41,1439.16,5444421,https://stooq.com/q/d/l/?s=2502.jp&i=d,2026-03-26T08:35:00+00:00
2502,2502.T,2502.jp,2022-10-06,1444.49,1470.80,1439.16,1448.24,4531589,https://stooq.com/q/d/l/?s=2502.jp&i=d,2026-03-26T08:35:00+00:00
2502,2502.T,2502.jp,2022-10-07,1421.62,1431.64,1417.86,1425.69,5468048,https://stooq.com/q/d/l/?s=2502.jp&i=d,2026-03-26T08:35:00+00:00
2502,2502.T,2502.jp,2022-10-11,1412.53,1420.06,1354.28,1359.29,10133736,https://stooq.com/q/d/l/?s=2502.jp&i=d,2026-03-26T08:35:00+00:00
2502,2502.T,2502.jp,2022-10-12,1355.85,1379.65,1354.91,1357.73,11498673,https://stooq.com/q/d/l/?s=2502.jp&i=d,2026-03-26T08:35:00+00:00
2502,2502.T,2502.jp,2022-10-13,1350.84,1351.15,1317.95,1338.93,10877667,https://stooq.com/q/d/l/?s=2502.jp&i=d,2026-03-26T08:35:00+00:00
2502,2502.T,2502.jp,2022-10-14,1359.29,1389.67,1355.23,1383.41,7215486,https://stooq.com/q/d/l/?s=2502.jp&i=d,2026-03-26T08:35:00+00:00
2502,2502.T,2502.jp,2022-10-17,1373.07,1393.75,1369.32,1372.76,3993597,https://stooq.com/q/d/l/?s=2502.jp&i=d,2026-03-26T08:35:00+00:00
2502,2502.T,2502.jp,2022-10-18,1387.48,1395.00,1367.75,1375.89,5827241,https://stooq.com/q/d/l/?s=2502.jp&i=d,2026-03-26T08:35:00+00:00
2502,2502.T,2502.jp,2022-10-19,1375.26,1384.35,1361.17,1371.19,6597672,https://stooq.com/q/d/l/?s=2502.jp&i=d,2026-03-26T08:35:00+00:00
2502,2502.T,2502.jp,2022-10-20,1343.63,1348.65,1329.85,1339.56,8716118,https://stooq.com/q/d/l/?s=2502.jp&i=d,2026-03-26T08:35:00+00:00
2502,2502.T,2502.jp,2022-10-21,1346.76,1349.58,1327.66,1327.66,5208789,https://stooq.com/q/d/l/?s=2502.jp&i=d,2026-03-26T08:35:00+00:00
2502,2502.T,2502.jp,2022-10-24,1346.14,1346.14,1323.59,1323.59,3483062,https://stooq.com/q/d/l/?s=2502.jp&i=d,2026-03-26T08:35:00+00:00
2502,2502.T,2502.jp,2022-10-25,1339.56,1342.70,1331.73,1335.80,4366839,https://stooq.com/q/d/l/?s=2502.jp&i=d,2026-03-26T08:35:00+00:00
2502,2502.T,2502.jp,2022-10-26,1346.76,1365.24,1343.00,1355.85,4359815,https://stooq.com/q/d/l/?s=2502.jp&i=d,2026-03-26T08:35:00+00:00
2502,2502.T,2502.jp,2022-10-27,1315.44,1320.77,1277.23,1296.34,14065393,https://stooq.com/q/d/l/?s=2502.jp&i=d,2026-03-26T08:35:00+00:00
2502,2502.T,2502.jp,2022-10-28,1299.79,1311.37,1294.14,1301.98,17767803,https://stooq.com/q/d/l/?s=2502.jp&i=d,2026-03-26T08:35:00+00:00
2502,2502.T,2502.jp,2022-10-31,1309.18,1311.06,1292.27,1304.17,5502849,https://stooq.com/q/d/l/?s=2502.jp&i=d,2026-03-26T08:35:00+00:00
2502,2502.T,2502.jp,2022-11-01,1310.75,1317.95,1304.79,1306.37,4424949,https://stooq.com/q/d/l/?s=2502.jp&i=d,2026-03-26T08:35:00+00:00
2502,2502.T,2502.jp,2022-11-02,1307.62,1331.10,1300.41,1326.10,6605654,https://stooq.com/q/d/l/?s=2502.jp&i=d,2026-03-26T08:35:00+00:00
2502,2502.T,2502.jp,2022-11-04,1307.62,1311.37,1293.84,1302.92,6855015,https://stooq.com/q/d/l/?s=2502.jp&i=d,2026-03-26T08:35:00+00:00
2502,2502.T,2502.jp,2022-11-07,1316.70,1332.67,1312.62,1330.80,5990076,https://stooq.com/q/d/l/?s=2502.jp&i=d,2026-03-26T08:35:00+00:00
2502,2502.T,2502.jp,2022-11-08,1335.49,1345.51,1330.80,1339.88,5427499,https://stooq.com/q/d/l/?s=2502.jp&i=d,2026-03-26T08:35:00+00:00
2502,2502.T,2502.jp,2022-11-09,1346.46,1348.33,1332.35,1338.63,4122268,https://stooq.com/q/d/l/?s=2502.jp&i=d,2026-03-26T08:35:00+00:00
2502,2502.T,2502.jp,2022-11-10,1331.42,1345.20,1323.28,1338.31,4412497,https://stooq.com/q/d/l/?s=2502.jp&i=d,2026-03-26T08:35:00+00:00
2502,2502.T,2502.jp,2022-11-11,1369.64,1376.21,1340.50,1357.73,8682274,https://stooq.com/q/d/l/?s=2502.jp&i=d,2026-03-26T08:35:00+00:00
2502,2502.T,2502.jp,2022-11-14,1338.93,1369.32,1338.93,1346.14,6393012,https://stooq.com/q/d/l/?s=2502.jp&i=d,2026-03-26T08:35:00+00:00
2502,2502.T,2502.jp,2022-11-15,1354.28,1368.38,1351.78,1353.34,4087466,https://stooq.com/q/d/l/?s=2502.jp&i=d,2026-03-26T08:35:00+00:00
2502,2502.T,2502.jp,2022-11-16,1348.96,1350.21,1322.34,1338.63,5476988,https://stooq.com/q/d/l/?s=2502.jp&i=d,2026-03-26T08:35:00+00:00
2502,2502.T,2502.jp,2022-11-17,1338.63,1344.26,1333.93,1334.23,3811924,https://stooq.com/q/d/l/?s=2502.jp&i=d,2026-03-26T08:35:00+00:00
2502,2502.T,2502.jp,2022-11-18,1336.12,1342.38,1332.05,1337.38,3315439,https://stooq.com/q/d/l/?s=2502.jp&i=d,2026-03-26T08:35:00+00:00
2502,2502.T,2502.jp,2022-11-21,1338.31,1348.65,1336.43,1348.01,2726041,https://stooq.com/q/d/l/?s=2502.jp&i=d,2026-03-26T08:35:00+00:00
2502,2502.T,2502.jp,2022-11-22,1357.41,1370.57,1357.41,1366.19,3859498,https://stooq.com/q/d/l/?s=2502.jp&i=d,2026-03-26T08:35:00+00:00
2502,2502.T,2502.jp,2022-11-24,1384.35,1394.37,1382.79,1386.55,7339687,https://stooq.com/q/d/l/?s=2502.jp&i=d,2026-03-26T08:35:00+00:00
2502,2502.T,2502.jp,2022-11-25,1388.42,1396.25,1382.79,1394.06,3407392,https://stooq.com/q/d/l/?s=2502.jp&i=d,2026-03-26T08:35:00+00:00
2502,2502.T,2502.jp,2022-11-28,1396.88,1397.82,1382.16,1387.17,4832674,https://stooq.com/q/d/l/?s=2502.jp&i=d,2026-03-26T08:35:00+00:00
2502,2502.T,2502.jp,2022-11-29,1381.84,1395.94,1378.40,1393.12,3804262,https://stooq.com/q/d/l/?s=2502.jp&i=d,2026-03-26T08:35:00+00:00
2502,2502.T,2502.jp,2022-11-30,1385.60,1393.12,1377.15,1377.46,6297865,https://stooq.com/q/d/l/?s=2502.jp&i=d,2026-03-26T08:35:00+00:00
2502,2502.T,2502.jp,2022-12-01,1390.30,1390.30,1369.64,1370.26,4402599,https://stooq.com/q/d/l/?s=2502.jp&i=d,2026-03-26T08:35:00+00:00
2502,2502.T,2502.jp,2022-12-02,1368.69,1370.89,1353.03,1363.05,4817029,https://stooq.com/q/d/l/?s=2502.jp&i=d,2026-03-26T08:35:00+00:00
2502,2502.T,2502.jp,2022-12-05,1360.86,1363.05,1341.43,1349.58,3878335,https://stooq.com/q/d/l/?s=2502.jp&i=d,2026-03-26T08:35:00+00:00
2502,2502.T,2502.jp,2022-12-06,1351.46,1363.68,1344.26,1360.86,3370355,https://stooq.com/q/d/l/?s=2502.jp&i=d,2026-03-26T08:35:00+00:00
2502,2502.T,2502.jp,2022-12-07,1357.41,1375.58,1354.91,1363.68,4384719,https://stooq.com/q/d/l/?s=2502.jp&i=d,2026-03-26T08:35:00+00:00
2502,2502.T,2502.jp,2022-12-08,1360.24,1361.17,1346.46,1353.03,3932933,https://stooq.com/q/d/l/?s=2502.jp&i=d,2026-03-26T08:35:00+00:00
2502,2502.T,2502.jp,2022-12-09,1343.32,1365.24,1343.32,1359.29,4581398,https://stooq.com/q/d/l/?s=2502.jp&i=d,2026-03-26T08:35:00+00:00
2502,2502.T,2502.jp,2022-12-12,1349.90,1351.15,1338.31,1338.31,4107262,https://stooq.com/q/d/l/?s=2502.jp&i=d,2026-03-26T08:35:00+00:00
2502,2502.T,2502.jp,2022-12-13,1345.20,1353.96,1342.38,1351.15,3529039,https://stooq.com/q/d/l/?s=2502.jp&i=d,2026-03-26T08:35:00+00:00
2502,2502.T,2502.jp,2022-12-14,1347.39,1362.74,1341.13,1359.61,3522015,https://stooq.com/q/d/l/?s=2502.jp&i=d,2026-03-26T08:35:00+00:00
2502,2502.T,2502.jp,2022-12-15,1358.36,1363.36,1346.46,1351.46,3751899,https://stooq.com/q/d/l/?s=2502.jp&i=d,2026-03-26T08:35:00+00:00
2502,2502.T,2502.jp,2022-12-16,1340.50,1348.33,1332.05,1343.63,4747425,https://stooq.com/q/d/l/?s=2502.jp&i=d,2026-03-26T08:35:00+00:00
2502,2502.T,2502.jp,2022-12-19,1330.48,1335.80,1325.15,1328.28,3410904,https://stooq.com/q/d/l/?s=2502.jp&i=d,2026-03-26T08:35:00+00:00
2502,2502.T,2502.jp,2022-12-20,1327.03,1336.75,1298.53,1305.42,5456873,https://stooq.com/q/d/l/?s=2502.jp&i=d,2026-03-26T08:35:00+00:00
2502,2502.T,2502.jp,2022-12-21,1305.11,1322.02,1300.10,1303.24,3660584,https://stooq.com/q/d/l/?s=2502.jp&i=d,2026-03-26T08:35:00+00:00
2502,2502.T,2502.jp,2022-12-22,1312.62,1316.07,1300.72,1313.25,2696029,https://stooq.com/q/d/l/?s=2502.jp&i=d,2026-03-26T08:35:00+00:00
2502,2502.T,2502.jp,2022-12-23,1304.48,1308.55,1298.53,1301.04,3412501,https://stooq.com/q/d/l/?s=2502.jp&i=d,2026-03-26T08:35:00+00:00
2502,2502.T,2502.jp,2022-12-26,1303.24,1308.87,1296.03,1300.72,2638239,https://stooq.com/q/d/l/?s=2502.jp&i=d,2026-03-26T08:35:00+00:00
2502,2502.T,2502.jp,2022-12-27,1312.32,1318.57,1310.44,1312.62,2616527,https://stooq.com/q/d/l/?s=2502.jp&i=d,2026-03-26T08:35:00+00:00
2502,2502.T,2502.jp,2022-12-28,1312.62,1325.15,1310.75,1323.90,5552019,https://stooq.com/q/d/l/?s=2502.jp&i=d,2026-03-26T08:35:00+00:00
2502,2502.T,2502.jp,2022-12-29,1314.69,1316.28,1302.31,1312.15,3167918,https://stooq.com/q/d/l/?s=2502.jp&i=d,2026-03-26T08:35:00+00:00
2502,2502.T,2502.jp,2022-12-30,1312.48,1316.92,1305.80,1308.02,2735557,https://stooq.com/q/d/l/?s=2502.jp&i=d,2026-03-26T08:35:00+00:00
2502,2502.T,2502.jp,2023-01-04,1294.06,1297.87,1272.45,1286.75,4881617,https://stooq.com/q/d/l/?s=2502.jp&i=d,2026-03-26T08:35:00+00:00
2502,2502.T,2502.jp,2023-01-05,1280.40,1287.70,1268.01,1287.70,4205522,https://stooq.com/q/d/l/?s=2502.jp&i=d,2026-03-26T08:35:00+00:00
2502,2502.T,2502.jp,2023-01-06,1285.48,1296.60,1281.99,1292.46,4542152,https://stooq.com/q/d/l/?s=2502.jp&i=d,2026-03-26T08:35:00+00:00
2502,2502.T,2502.jp,2023-01-10,1294.37,1300.72,1282.62,1288.33,4597260,https://stooq.com/q/d/l/?s=2502.jp&i=d,2026-03-26T08:35:00+00:00
2502,2502.T,2502.jp,2023-01-11,1292.78,1302.94,1288.66,1298.50,4730149,https://stooq.com/q/d/l/?s=2502.jp&i=d,2026-03-26T08:35:00+00:00
2502,2502.T,2502.jp,2023-01-12,1310.56,1328.35,1303.58,1319.77,6856056,https://stooq.com/q/d/l/?s=2502.jp&i=d,2026-03-26T08:35:00+00:00
2502,2502.T,2502.jp,2023-01-13,1300.08,1309.29,1287.70,1290.24,5561807,https://stooq.com/q/d/l/?s=2502.jp&i=d,2026-03-26T08:35:00+00:00
2502,2502.T,2502.jp,2023-01-16,1295.64,1295.64,1278.81,1281.66,3990128,https://stooq.com/q/d/l/?s=2502.jp&i=d,2026-03-26T08:35:00+00:00
2502,2502.T,2502.jp,2023-01-17,1283.57,1293.10,1282.30,1290.56,4068224,https://stooq.com/q/d/l/?s=2502.jp&i=d,2026-03-26T08:35:00+00:00
2502,2502.T,2502.jp,2023-01-18,1304.21,1332.80,1295.01,1327.07,5630770,https://stooq.com/q/d/l/?s=2502.jp&i=d,2026-03-26T08:35:00+00:00
2502,2502.T,2502.jp,2023-01-19,1307.38,1318.82,1303.58,1308.34,4701808,https://stooq.com/q/d/l/?s=2502.jp&i=d,2026-03-26T08:35:00+00:00
2502,2502.T,2502.jp,2023-01-20,1317.87,1320.09,1307.71,1317.23,3336391,https://stooq.com/q/d/l/?s=2502.jp&i=d,2026-03-26T08:35:00+00:00
2502,2502.T,2502.jp,2023-01-23,1327.07,1330.57,1317.55,1319.13,3795204,https://stooq.com/q/d/l/?s=2502.jp&i=d,2026-03-26T08:35:00+00:00
2502,2502.T,2502.jp,2023-01-24,1332.80,1345.49,1328.03,1343.91,3700733,https://stooq.com/q/d/l/?s=2502.jp&i=d,2026-03-26T08:35:00+00:00
2502,2502.T,2502.jp,2023-01-25,1349.63,1364.24,1344.22,1364.24,4636308,https://stooq.com/q/d/l/?s=2502.jp&i=d,2026-03-26T08:35:00+00:00
2502,2502.T,2502.jp,2023-01-26,1370.91,1375.02,1359.16,1360.74,4378718,https://stooq.com/q/d/l/?s=2502.jp&i=d,2026-03-26T08:35:00+00:00
2502,2502.T,2502.jp,2023-01-27,1360.74,1365.82,1349.63,1353.75,3645625,https://stooq.com/q/d/l/?s=2502.jp&i=d,2026-03-26T08:35:00+00:00
2502,2502.T,2502.jp,2023-01-30,1345.82,1352.16,1337.88,1344.22,4190721,https://stooq.com/q/d/l/?s=2502.jp&i=d,2026-03-26T08:35:00+00:00
2502,2502.T,2502.jp,2023-01-31,1356.30,1365.82,1352.80,1359.79,4049960,https://stooq.com/q/d/l/?s=2502.jp&i=d,2026-03-26T08:35:00+00:00
2502,2502.T,2502.jp,2023-02-01,1368.68,1373.12,1356.60,1356.93,2844198,https://stooq.com/q/d/l/?s=2502.jp&i=d,2026-03-26T08:35:00+00:00
2502,2502.T,2502.jp,2023-02-02,1363.91,1367.09,1357.56,1363.28,3523443,https://stooq.com/q/d/l/?s=2502.jp&i=d,2026-03-26T08:35:00+00:00
2502,2502.T,2502.jp,2023-02-03,1366.45,1377.57,1364.55,1373.12,3826064,https://stooq.com/q/d/l/?s=2502.jp&i=d,2026-03-26T08:35:00+00:00
2502,2502.T,2502.jp,2023-02-06,1384.56,1389.32,1375.35,1376.93,4301252,https://stooq.com/q/d/l/?s=2502.jp&i=d,2026-03-26T08:35:00+00:00
2502,2502.T,2502.jp,2023-02-07,1390.27,1393.44,1369.31,1373.44,2864037,https://stooq.com/q/d/l/?s=2502.jp&i=d,2026-03-26T08:35:00+00:00
2502,2502.T,2502.jp,2023-02-08,1363.60,1365.82,1339.14,1354.70,5091342,https://stooq.com/q/d/l/?s=2502.jp&i=d,2026-03-26T08:35:00+00:00
2502,2502.T,2502.jp,2023-02-09,1356.60,1362.97,1345.82,1358.52,4057518,https://stooq.com/q/d/l/?s=2502.jp&i=d,2026-03-26T08:35:00+00:00
2502,2502.T,2502.jp,2023-02-10,1361.06,1365.50,1348.99,1357.24,5271467,https://stooq.com/q/d/l/?s=2502.jp&i=d,2026-03-26T08:35:00+00:00
2502,2502.T,2502.jp,2023-02-13,1363.91,1370.27,1356.30,1368.36,4900197,https://stooq.com/q/d/l/?s=2502.jp&i=d,2026-03-26T08:35:00+00:00
2502,2502.T,2502.jp,2023-02-14,1402.34,1411.23,1389.00,1409.32,7683619,https://stooq.com/q/d/l/?s=2502.jp&i=d,2026-03-26T08:35:00+00:00
2502,2502.T,2502.jp,2023-02-15,1398.21,1410.59,1382.33,1399.17,6660186,https://stooq.com/q/d/l/?s=2502.jp&i=d,2026-03-26T08:35:00+00:00
2502,2502.T,2502.jp,2023-02-16,1412.82,1446.16,1398.85,1443.31,9415898,https://stooq.com/q/d/l/?s=2502.jp&i=d,2026-03-26T08:35:00+00:00
2502,2502.T,2502.jp,2023-02-17,1460.77,1482.68,1451.88,1482.36,15331655,https://stooq.com/q/d/l/?s=2502.jp&i=d,2026-03-26T08:35:00+00:00
2502,2502.T,2502.jp,2023-02-20,1500.47,1516.97,1489.67,1496.02,11279805,https://stooq.com/q/d/l/?s=2502.jp&i=d,2026-03-26T08:35:00+00:00
2502,2502.T,2502.jp,2023-02-21,1502.37,1513.80,1494.43,1503.96,9368977,https://stooq.com/q/d/l/?s=2502.jp&i=d,2026-03-26T08:35:00+00:00
2502,2502.T,2502.jp,2023-02-22,1503.01,1511.58,1492.84,1508.72,13008620,https://stooq.com/q/d/l/?s=2502.jp&i=d,2026-03-26T08:35:00+00:00
2502,2502.T,2502.jp,2023-02-24,1508.40,1523.01,1499.20,1507.45,14958181,https://stooq.com/q/d/l/?s=2502.jp&i=d,2026-03-26T08:35:00+00:00
2502,2502.T,2502.jp,2023-02-27,1517.93,1534.44,1516.97,1528.10,11138099,https://stooq.com/q/d/l/?s=2502.jp&i=d,2026-03-26T08:35:00+00:00
2502,2502.T,2502.jp,2023-02-28,1535.71,1553.50,1528.10,1529.37,9632551,https://stooq.com/q/d/l/?s=2502.jp&i=d,2026-03-26T08:35:00+00:00
2502,2502.T,2502.jp,2023-03-01,1518.56,1528.73,1497.28,1527.14,7791316,https://stooq.com/q/d/l/?s=2502.jp&i=d,2026-03-26T08:35:00+00:00
2502,2502.T,2502.jp,2023-03-02,1525.87,1548.10,1517.29,1544.92,6606338,https://stooq.com/q/d/l/?s=2502.jp&i=d,2026-03-26T08:35:00+00:00
2502,2502.T,2502.jp,2023-03-03,1545.88,1547.46,1526.82,1535.71,7178201,https://stooq.com/q/d/l/?s=2502.jp&i=d,2026-03-26T08:35:00+00:00
2502,2502.T,2502.jp,2023-03-06,1549.37,1550.64,1537.62,1543.97,5386091,https://stooq.com/q/d/l/?s=2502.jp&i=d,2026-03-26T08:35:00+00:00
2502,2502.T,2502.jp,2023-03-07,1544.29,1550.00,1537.62,1539.53,3618544,https://stooq.com/q/d/l/?s=2502.jp&i=d,2026-03-26T08:35:00+00:00
2502,2502.T,2502.jp,2023-03-08,1539.53,1554.13,1535.71,1548.73,4411153,https://stooq.com/q/d/l/?s=2502.jp&i=d,2026-03-26T08:35:00+00:00
2502,2502.T,2502.jp,2023-03-09,1550.32,1552.86,1534.44,1540.48,4932631,https://stooq.com/q/d/l/?s=2502.jp&i=d,2026-03-26T08:35:00+00:00
2502,2502.T,2502.jp,2023-03-10,1543.33,1553.81,1538.25,1545.24,6658297,https://stooq.com/q/d/l/?s=2502.jp&i=d,2026-03-26T08:35:00+00:00
2502,2502.T,2502.jp,2023-03-13,1533.49,1538.25,1505.55,1520.79,5080951,https://stooq.com/q/d/l/?s=2502.jp&i=d,2026-03-26T08:35:00+00:00
2502,2502.T,2502.jp,2023-03-14,1503.64,1503.64,1455.37,1477.92,7540024,https://stooq.com/q/d/l/?s=2502.jp&i=d,2026-03-26T08:35:00+00:00
2502,2502.T,2502.jp,2023-03-15,1494.75,1499.51,1476.96,1488.71,4652368,https://stooq.com/q/d/l/?s=2502.jp&i=d,2026-03-26T08:35:00+00:00
2502,2502.T,2502.jp,2023-03-16,1466.48,1505.22,1462.67,1499.83,6008023,https://stooq.com/q/d/l/?s=2502.jp&i=d,2026-03-26T08:35:00+00:00
2502,2502.T,2502.jp,2023-03-17,1497.61,1509.04,1493.47,1505.22,5438680,https://stooq.com/q/d/l/?s=2502.jp&i=d,2026-03-26T08:35:00+00:00
2502,2502.T,2502.jp,2023-03-20,1507.45,1508.72,1477.60,1483.63,4349747,https://stooq.com/q/d/l/?s=2502.jp&i=d,2026-03-26T08:35:00+00:00
2502,2502.T,2502.jp,2023-03-22,1505.86,1527.78,1500.14,1509.04,5268318,https://stooq.com/q/d/l/?s=2502.jp&i=d,2026-03-26T08:35:00+00:00
2502,2502.T,2502.jp,2023-03-23,1496.65,1521.74,1496.65,1512.85,3052034,https://stooq.com/q/d/l/?s=2502.jp&i=d,2026-03-26T08:35:00+00:00
2502,2502.T,2502.jp,2023-03-24,1509.99,1526.18,1503.01,1518.25,3900696,https://stooq.com/q/d/l/?s=2502.jp&i=d,2026-03-26T08:35:00+00:00
2502,2502.T,2502.jp,2023-03-27,1527.46,1541.12,1522.06,1527.46,4153248,https://stooq.com/q/d/l/?s=2502.jp&i=d,2026-03-26T08:35:00+00:00
2502,2502.T,2502.jp,2023-03-28,1536.35,1542.39,1524.60,1532.22,2702807,https://stooq.com/q/d/l/?s=2502.jp&i=d,2026-03-26T08:35:00+00:00
2502,2502.T,2502.jp,2023-03-29,1546.51,1552.54,1530.64,1552.54,5436790,https://stooq.com/q/d/l/?s=2502.jp&i=d,2026-03-26T08:35:00+00:00
2502,2502.T,2502.jp,2023-03-30,1567.15,1570.32,1557.00,1566.84,4918146,https://stooq.com/q/d/l/?s=2502.jp&i=d,2026-03-26T08:35:00+00:00
2502,2502.T,2502.jp,2023-03-31,1565.57,1569.69,1557.31,1563.65,6064391,https://stooq.com/q/d/l/?s=2502.jp&i=d,2026-03-26T08:35:00+00:00
2502,2502.T,2502.jp,2023-04-03,1559.85,1579.86,1555.72,1575.41,4265353,https://stooq.com/q/d/l/?s=2502.jp&i=d,2026-03-26T08:35:00+00:00
2502,2502.T,2502.jp,2023-04-04,1567.47,1594.47,1564.93,1592.24,5760195,https://stooq.com/q/d/l/?s=2502.jp&i=d,2026-03-26T08:35:00+00:00
2502,2502.T,2502.jp,2023-04-05,1587.79,1588.43,1565.57,1566.20,5015136,https://stooq.com/q/d/l/?s=2502.jp&i=d,2026-03-26T08:35:00+00:00
2502,2502.T,2502.jp,2023-04-06,1566.20,1579.22,1560.48,1573.50,4225046,https://stooq.com/q/d/l/?s=2502.jp&i=d,2026-03-26T08:35:00+00:00
2502,2502.T,2502.jp,2023-04-07,1571.28,1577.95,1564.93,1564.93,3393073,https://stooq.com/q/d/l/?s=2502.jp&i=d,2026-03-26T08:35:00+00:00
2502,2502.T,2502.jp,2023-04-10,1575.09,1581.12,1564.93,1571.92,2739336,https://stooq.com/q/d/l/?s=2502.jp&i=d,2026-03-26T08:35:00+00:00
2502,2502.T,2502.jp,2023-04-11,1579.86,1584.93,1564.93,1567.78,3262389,https://stooq.com/q/d/l/?s=2502.jp&i=d,2026-03-26T08:35:00+00:00
2502,2502.T,2502.jp,2023-04-12,1566.84,1575.73,1564.29,1568.74,3268687,https://stooq.com/q/d/l/?s=2502.jp&i=d,2026-03-26T08:35:00+00:00
2502,2502.T,2502.jp,2023-04-13,1556.04,1558.58,1541.12,1546.51,4731409,https://stooq.com/q/d/l/?s=2502.jp&i=d,2026-03-26T08:35:00+00:00
2502,2502.T,2502.jp,2023-04-14,1524.28,1547.46,1516.66,1546.51,6494863,https://stooq.com/q/d/l/?s=2502.jp&i=d,2026-03-26T08:35:00+00:00
2502,2502.T,2502.jp,2023-04-17,1556.04,1558.26,1541.43,1551.59,2898991,https://stooq.com/q/d/l/?s=2502.jp&i=d,2026-03-26T08:35:00+00:00
2502,2502.T,2502.jp,2023-04-18,1567.15,1590.65,1567.15,1579.53,4992778,https://stooq.com/q/d/l/?s=2502.jp&i=d,2026-03-26T08:35:00+00:00
2502,2502.T,2502.jp,2023-04-19,1583.03,1593.51,1578.26,1590.97,4254961,https://stooq.com/q/d/l/?s=2502.jp&i=d,2026-03-26T08:35:00+00:00
2502,2502.T,2502.jp,2023-04-20,1601.45,1611.29,1600.49,1607.79,4392574,https://stooq.com/q/d/l/?s=2502.jp&i=d,2026-03-26T08:35:00+00:00
2502,2502.T,2502.jp,2023-04-21,1603.68,1618.91,1600.49,1617.33,4268502,https://stooq.com/q/d/l/?s=2502.jp&i=d,2026-03-26T08:35:00+00:00
2502,2502.T,2502.jp,2023-04-24,1626.21,1627.81,1605.89,1614.79,4604818,https://stooq.com/q/d/l/?s=2502.jp&i=d,2026-03-26T08:35:00+00:00
2502,2502.T,2502.jp,2023-04-25,1630.35,1640.19,1625.58,1639.55,5834197,https://stooq.com/q/d/l/?s=2502.jp&i=d,2026-03-26T08:35:00+00:00
2502,2502.T,2502.jp,2023-04-26,1702.12,1725.94,1655.11,1667.18,11432218,https://stooq.com/q/d/l/?s=2502.jp&i=d,2026-03-26T08:35:00+00:00
2502,2502.T,2502.jp,2023-04-27,1660.20,1669.72,1652.26,1659.56,4459963,https://stooq.com/q/d/l/?s=2502.jp&i=d,2026-03-26T08:35:00+00:00
2502,2502.T,2502.jp,2023-04-28,1669.09,1675.43,1652.90,1664.96,4561991,https://stooq.com/q/d/l/?s=2502.jp&i=d,2026-03-26T08:35:00+00:00
2502,2502.T,2502.jp,2023-05-01,1667.50,1688.14,1665.59,1681.79,3972494,https://stooq.com/q/d/l/?s=2502.jp&i=d,2026-03-26T08:35:00+00:00
2502,2502.T,2502.jp,2023-05-02,1687.83,1689.10,1668.14,1672.90,3086358,https://stooq.com/q/d/l/?s=2502.jp&i=d,2026-03-26T08:35:00+00:00
2502,2502.T,2502.jp,2023-05-08,1661.47,1677.35,1656.70,1663.05,5776255,https://stooq.com/q/d/l/?s=2502.jp&i=d,2026-03-26T08:35:00+00:00
2502,2502.T,2502.jp,2023-05-09,1670.68,1683.06,1666.23,1681.79,4649849,https://stooq.com/q/d/l/?s=2502.jp&i=d,2026-03-26T08:35:00+00:00
2502,2502.T,2502.jp,2023-05-10,1677.66,1679.89,1660.20,1663.05,4835642,https://stooq.com/q/d/l/?s=2502.jp&i=d,2026-03-26T08:35:00+00:00
2502,2502.T,2502.jp,2023-05-11,1653.53,1662.42,1644.00,1661.15,4252757,https://stooq.com/q/d/l/?s=2502.jp&i=d,2026-03-26T08:35:00+00:00
2502,2502.T,2502.jp,2023-05-12,1687.19,1704.97,1668.77,1700.52,7272987,https://stooq.com/q/d/l/?s=2502.jp&i=d,2026-03-26T08:35:00+00:00
2502,2502.T,2502.jp,2023-05-15,1761.81,1774.20,1742.76,1757.68,8967162,https://stooq.com/q/d/l/?s=2502.jp&i=d,2026-03-26T08:35:00+00:00
2502,2502.T,2502.jp,2023-05-16,1757.68,1774.20,1740.22,1770.71,6899197,https://stooq.com/q/d/l/?s=2502.jp&i=d,2026-03-26T08:35:00+00:00
2502,2502.T,2502.jp,2023-05-17,1778.96,1799.61,1773.25,1796.42,6660501,https://stooq.com/q/d/l/?s=2502.jp&i=d,2026-03-26T08:35:00+00:00
2502,2502.T,2502.jp,2023-05-18,1812.30,1813.90,1769.76,1769.76,6076042,https://stooq.com/q/d/l/?s=2502.jp&i=d,2026-03-26T08:35:00+00:00
2502,2502.T,2502.jp,2023-05-19,1771.02,1773.89,1760.22,1762.45,3578866,https://stooq.com/q/d/l/?s=2502.jp&i=d,2026-03-26T08:35:00+00:00
2502,2502.T,2502.jp,2023-05-22,1743.08,1775.47,1741.80,1769.76,3534150,https://stooq.com/q/d/l/?s=2502.jp&i=d,2026-03-26T08:35:00+00:00
2502,2502.T,2502.jp,2023-05-23,1758.32,1778.01,1751.34,1759.28,4500270,https://stooq.com/q/d/l/?s=2502.jp&i=d,2026-03-26T08:35:00+00:00
2502,2502.T,2502.jp,2023-05-24,1740.22,1751.02,1727.52,1727.52,3881172,https://stooq.com/q/d/l/?s=2502.jp&i=d,2026-03-26T08:35:00+00:00
2502,2502.T,2502.jp,2023-05-25,1717.04,1724.98,1703.07,1709.73,5540708,https://stooq.com/q/d/l/?s=2502.jp&i=d,2026-03-26T08:35:00+00:00
2502,2502.T,2502.jp,2023-05-26,1716.40,1718.63,1706.56,1714.18,4724166,https://stooq.com/q/d/l/?s=2502.jp&i=d,2026-03-26T08:35:00+00:00
2502,2502.T,2502.jp,2023-05-29,1739.90,1739.90,1700.21,1700.21,4915312,https://stooq.com/q/d/l/?s=2502.jp&i=d,2026-03-26T08:35:00+00:00
2502,2502.T,2502.jp,2023-05-30,1694.18,1698.94,1684.33,1687.51,3871410,https://stooq.com/q/d/l/?s=2502.jp&i=d,2026-03-26T08:35:00+00:00
2502,2502.T,2502.jp,2023-05-31,1700.21,1735.46,1695.76,1717.68,16337139,https://stooq.com/q/d/l/?s=2502.jp&i=d,2026-03-26T08:35:00+00:00
2502,2502.T,2502.jp,2023-06-01,1717.68,1730.38,1701.16,1704.97,6990204,https://stooq.com/q/d/l/?s=2502.jp&i=d,2026-03-26T08:35:00+00:00
2502,2502.T,2502.jp,2023-06-02,1703.70,1722.75,1693.85,1715.46,5178570,https://stooq.com/q/d/l/?s=2502.jp&i=d,2026-03-26T08:35:00+00:00
2502,2502.T,2502.jp,2023-06-05,1731.96,1750.07,1719.90,1749.43,5298233,https://stooq.com/q/d/l/?s=2502.jp&i=d,2026-03-26T08:35:00+00:00
2502,2502.T,2502.jp,2023-06-06,1751.34,1767.22,1734.19,1764.04,4840995,https://stooq.com/q/d/l/?s=2502.jp&i=d,2026-03-26T08:35:00+00:00
2502,2502.T,2502.jp,2023-06-07,1767.22,1777.69,1731.32,1737.05,6274431,https://stooq.com/q/d/l/?s=2502.jp&i=d,2026-03-26T08:35:00+00:00
2502,2502.T,2502.jp,2023-06-08,1753.24,1761.50,1729.74,1740.54,4359824,https://stooq.com/q/d/l/?s=2502.jp&i=d,2026-03-26T08:35:00+00:00
2502,2502.T,2502.jp,2023-06-09,1772.30,1785.64,1754.51,1776.42,7140413,https://stooq.com/q/d/l/?s=2502.jp&i=d,2026-03-26T08:35:00+00:00
2502,2502.T,2502.jp,2023-06-12,1783.09,1808.82,1779.60,1798.02,4567974,https://stooq.com/q/d/l/?s=2502.jp&i=d,2026-03-26T08:35:00+00:00
2502,2502.T,2502.jp,2023-06-13,1801.83,1816.44,1793.25,1806.59,6026918,https://stooq.com/q/d/l/?s=2502.jp&i=d,2026-03-26T08:35:00+00:00
2502,2502.T,2502.jp,2023-06-14,1816.44,1846.60,1811.67,1831.36,5184868,https://stooq.com/q/d/l/?s=2502.jp&i=d,2026-03-26T08:35:00+00:00
2502,2502.T,2502.jp,2023-06-15,1832.63,1840.57,1824.38,1826.59,4116719,https://stooq.com/q/d/l/?s=2502.jp&i=d,2026-03-26T08:35:00+00:00
2502,2502.T,2502.jp,2023-06-16,1807.86,1819.30,1791.35,1806.91,10949788,https://stooq.com/q/d/l/?s=2502.jp&i=d,2026-03-26T08:35:00+00:00
2502,2502.T,2502.jp,2023-06-19,1798.02,1805.63,1772.62,1779.91,5680840,https://stooq.com/q/d/l/?s=2502.jp&i=d,2026-03-26T08:35:00+00:00
2502,2502.T,2502.jp,2023-06-20,1781.19,1784.68,1766.89,1775.47,5373810,https://stooq.com/q/d/l/?s=2502.jp&i=d,2026-03-26T08:35:00+00:00
2502,2502.T,2502.jp,2023-06-21,1768.80,1802.15,1765.31,1798.33,4480117,https://stooq.com/q/d/l/?s=2502.jp&i=d,2026-03-26T08:35:00+00:00
2502,2502.T,2502.jp,2023-06-22,1789.12,1816.75,1785.00,1796.11,3488174,https://stooq.com/q/d/l/?s=2502.jp&i=d,2026-03-26T08:35:00+00:00
2502,2502.T,2502.jp,2023-06-23,1810.72,1826.92,1786.91,1797.06,4737392,https://stooq.com/q/d/l/?s=2502.jp&i=d,2026-03-26T08:35:00+00:00
2502,2502.T,2502.jp,2023-06-26,1778.96,1798.97,1770.39,1791.35,3434326,https://stooq.com/q/d/l/?s=2502.jp&i=d,2026-03-26T08:35:00+00:00
2502,2502.T,2502.jp,2023-06-27,1785.64,1789.77,1763.08,1781.19,4673782,https://stooq.com/q/d/l/?s=2502.jp&i=d,2026-03-26T08:35:00+00:00
2502,2502.T,2502.jp,2023-06-28,1790.08,1817.70,1783.73,1811.03,4046181,https://stooq.com/q/d/l/?s=2502.jp&i=d,2026-03-26T08:35:00+00:00
2502,2502.T,2502.jp,2023-06-29,1814.24,1823.23,1806.55,1809.11,3937852,https://stooq.com/q/d/l/?s=2502.jp&i=d,2026-03-26T08:35:00+00:00
2502,2502.T,2502.jp,2023-06-30,1801.09,1807.83,1777.04,1787.63,7233999,https://stooq.com/q/d/l/?s=2502.jp&i=d,2026-03-26T08:35:00+00:00
2502,2502.T,2502.jp,2023-07-03,1795.96,1817.77,1795.65,1812.96,3642567,https://stooq.com/q/d/l/?s=2502.jp&i=d,2026-03-26T08:35:00+00:00
2502,2502.T,2502.jp,2023-07-04,1808.80,1815.21,1796.60,1800.14,2713373,https://stooq.com/q/d/l/?s=2502.jp&i=d,2026-03-26T08:35:00+00:00
2502,2502.T,2502.jp,2023-07-05,1786.35,1805.27,1781.53,1790.83,3014270,https://stooq.com/q/d/l/?s=2502.jp&i=d,2026-03-26T08:35:00+00:00
2502,2502.T,2502.jp,2023-07-06,1793.40,1808.16,1787.63,1789.23,4086897,https://stooq.com/q/d/l/?s=2502.jp&i=d,2026-03-26T08:35:00+00:00
2502,2502.T,2502.jp,2023-07-07,1797.89,1809.44,1777.36,1782.50,5056004,https://stooq.com/q/d/l/?s=2502.jp&i=d,2026-03-26T08:35:00+00:00
2502,2502.T,2502.jp,2023-07-10,1773.51,1776.72,1739.19,1748.50,5159836,https://stooq.com/q/d/l/?s=2502.jp&i=d,2026-03-26T08:35:00+00:00
2502,2502.T,2502.jp,2023-07-11,1749.46,1754.27,1727.33,1729.90,3847739,https://stooq.com/q/d/l/?s=2502.jp&i=d,2026-03-26T08:35:00+00:00
2502,2502.T,2502.jp,2023-07-12,1740.16,1740.80,1719.32,1727.01,2805669,https://stooq.com/q/d/l/?s=2502.jp&i=d,2026-03-26T08:35:00+00:00
2502,2502.T,2502.jp,2023-07-13,1727.33,1732.14,1719.32,1727.33,3145854,https://stooq.com/q/d/l/?s=2502.jp&i=d,2026-03-26T08:35:00+00:00
2502,2502.T,2502.jp,2023-07-14,1748.50,1763.57,1721.88,1727.65,4711141,https://stooq.com/q/d/l/?s=2502.jp&i=d,2026-03-26T08:35:00+00:00
2502,2502.T,2502.jp,2023-07-18,1735.67,1758.12,1730.86,1746.90,3311425,https://stooq.com/q/d/l/?s=2502.jp&i=d,2026-03-26T08:35:00+00:00
2502,2502.T,2502.jp,2023-07-19,1756.84,1767.74,1749.46,1760.05,2915738,https://stooq.com/q/d/l/?s=2502.jp&i=d,2026-03-26T08:35:00+00:00
2502,2502.T,2502.jp,2023-07-20,1766.46,1777.68,1755.87,1759.72,2644774,https://stooq.com/q/d/l/?s=2502.jp&i=d,2026-03-26T08:35:00+00:00
2502,2502.T,2502.jp,2023-07-21,1767.42,1784.74,1763.57,1776.72,3295211,https://stooq.com/q/d/l/?s=2502.jp&i=d,2026-03-26T08:35:00+00:00
2502,2502.T,2502.jp,2023-07-24,1791.15,1821.31,1788.91,1817.13,4674660,https://stooq.com/q/d/l/?s=2502.jp&i=d,2026-03-26T08:35:00+00:00
2502,2502.T,2502.jp,2023-07-25,1822.26,1822.90,1808.47,1815.85,3003356,https://stooq.com/q/d/l/?s=2502.jp&i=d,2026-03-26T08:35:00+00:00
2502,2502.T,2502.jp,2023-07-26,1822.26,1846.31,1815.52,1834.13,4613545,https://stooq.com/q/d/l/?s=2502.jp&i=d,2026-03-26T08:35:00+00:00
2502,2502.T,2502.jp,2023-07-27,1824.19,1824.19,1805.27,1822.59,3328263,https://stooq.com/q/d/l/?s=2502.jp&i=d,2026-03-26T08:35:00+00:00
2502,2502.T,2502.jp,2023-07-28,1796.29,1821.31,1779.28,1800.45,6104310,https://stooq.com/q/d/l/?s=2502.jp&i=d,2026-03-26T08:35:00+00:00
2502,2502.T,2502.jp,2023-07-31,1817.13,1838.30,1765.18,1794.37,7571377,https://stooq.com/q/d/l/?s=2502.jp&i=d,2026-03-26T08:35:00+00:00
2502,2502.T,2502.jp,2023-08-01,1802.38,1805.90,1778.97,1805.58,4413363,https://stooq.com/q/d/l/?s=2502.jp&i=d,2026-03-26T08:35:00+00:00
2502,2502.T,2502.jp,2023-08-02,1804.30,1804.94,1762.61,1768.71,6622539,https://stooq.com/q/d/l/?s=2502.jp&i=d,2026-03-26T08:35:00+00:00
2502,2502.T,2502.jp,2023-08-03,1758.76,1768.38,1746.26,1757.80,4792836,https://stooq.com/q/d/l/?s=2502.jp&i=d,2026-03-26T08:35:00+00:00
2502,2502.T,2502.jp,2023-08-04,1747.54,1759.08,1732.14,1756.84,4089703,https://stooq.com/q/d/l/?s=2502.jp&i=d,2026-03-26T08:35:00+00:00
2502,2502.T,2502.jp,2023-08-07,1748.50,1761.97,1733.43,1756.52,3524703,https://stooq.com/q/d/l/?s=2502.jp&i=d,2026-03-26T08:35:00+00:00
2502,2502.T,2502.jp,2023-08-08,1768.07,1779.61,1765.82,1766.77,3388130,https://stooq.com/q/d/l/?s=2502.jp&i=d,2026-03-26T08:35:00+00:00
2502,2502.T,2502.jp,2023-08-09,1747.85,1752.34,1709.69,1736.95,6956487,https://stooq.com/q/d/l/?s=2502.jp&i=d,2026-03-26T08:35:00+00:00
2502,2502.T,2502.jp,2023-08-10,1831.56,1850.17,1760.05,1824.82,12055521,https://stooq.com/q/d/l/?s=2502.jp&i=d,2026-03-26T08:35:00+00:00
2502,2502.T,2502.jp,2023-08-14,1813.29,1823.23,1764.85,1777.68,5977403,https://stooq.com/q/d/l/?s=2502.jp&i=d,2026-03-26T08:35:00+00:00
2502,2502.T,2502.jp,2023-08-15,1782.81,1793.72,1781.22,1786.35,3615128,https://stooq.com/q/d/l/?s=2502.jp&i=d,2026-03-26T08:35:00+00:00
2502,2502.T,2502.jp,2023-08-16,1778.00,1782.81,1757.80,1760.05,3168616,https://stooq.com/q/d/l/?s=2502.jp&i=d,2026-03-26T08:35:00+00:00
2502,2502.T,2502.jp,2023-08-17,1760.69,1765.18,1728.29,1750.42,4563655,https://stooq.com/q/d/l/?s=2502.jp&i=d,2026-03-26T08:35:00+00:00
2502,2502.T,2502.jp,2023-08-18,1731.83,1734.39,1700.07,1708.09,4531539,https://stooq.com/q/d/l/?s=2502.jp&i=d,2026-03-26T08:35:00+00:00
2502,2502.T,2502.jp,2023-08-21,1699.75,1717.07,1692.05,1700.39,5052885,https://stooq.com/q/d/l/?s=2502.jp&i=d,2026-03-26T08:35:00+00:00
2502,2502.T,2502.jp,2023-08-22,1693.34,1708.73,1686.28,1708.09,3928186,https://stooq.com/q/d/l/?s=2502.jp&i=d,2026-03-26T08:35:00+00:00
2502,2502.T,2502.jp,2023-08-23,1710.66,1732.47,1710.66,1729.26,3602968,https://stooq.com/q/d/l/?s=2502.jp&i=d,2026-03-26T08:35:00+00:00
2502,2502.T,2502.jp,2023-08-24,1727.33,1737.60,1713.86,1734.71,3038591,https://stooq.com/q/d/l/?s=2502.jp&i=d,2026-03-26T08:35:00+00:00
2502,2502.T,2502.jp,2023-08-25,1722.84,1756.84,1722.84,1749.14,4372515,https://stooq.com/q/d/l/?s=2502.jp&i=d,2026-03-26T08:35:00+00:00
2502,2502.T,2502.jp,2023-08-28,1756.84,1780.25,1754.27,1777.68,3282738,https://stooq.com/q/d/l/?s=2502.jp&i=d,2026-03-26T08:35:00+00:00
2502,2502.T,2502.jp,2023-08-29,1784.42,1790.19,1771.91,1778.33,2926651,https://stooq.com/q/d/l/?s=2502.jp&i=d,2026-03-26T08:35:00+00:00
2502,2502.T,2502.jp,2023-08-30,1778.64,1812.96,1774.48,1793.72,5386834,https://stooq.com/q/d/l/?s=2502.jp&i=d,2026-03-26T08:35:00+00:00
2502,2502.T,2502.jp,2023-08-31,1795.65,1826.11,1786.66,1820.34,9732223,https://stooq.com/q/d/l/?s=2502.jp&i=d,2026-03-26T08:35:00+00:00
2502,2502.T,2502.jp,2023-09-01,1828.03,1857.54,1826.43,1855.30,6970207,https://stooq.com/q/d/l/?s=2502.jp&i=d,2026-03-26T08:35:00+00:00
2502,2502.T,2502.jp,2023-09-04,1860.43,1880.95,1849.20,1876.47,5405855,https://stooq.com/q/d/l/?s=2502.jp&i=d,2026-03-26T08:35:00+00:00
2502,2502.T,2502.jp,2023-09-05,1888.33,1900.84,1868.45,1890.26,5094668,https://stooq.com/q/d/l/?s=2502.jp&i=d,2026-03-26T08:35:00+00:00
2502,2502.T,2502.jp,2023-09-06,1891.54,1891.54,1832.84,1844.39,8477498,https://stooq.com/q/d/l/?s=2502.jp&i=d,2026-03-26T08:35:00+00:00
2502,2502.T,2502.jp,2023-09-07,1848.88,1871.33,1842.79,1849.53,6760359,https://stooq.com/q/d/l/?s=2502.jp&i=d,2026-03-26T08:35:00+00:00
2502,2502.T,2502.jp,2023-09-08,1839.58,1865.24,1834.45,1855.30,5572361,https://stooq.com/q/d/l/?s=2502.jp&i=d,2026-03-26T08:35:00+00:00
2502,2502.T,2502.jp,2023-09-11,1860.43,1864.27,1832.21,1845.03,2821571,https://stooq.com/q/d/l/?s=2502.jp&i=d,2026-03-26T08:35:00+00:00
2502,2502.T,2502.jp,2023-09-12,1851.12,1872.93,1851.12,1868.76,3217258,https://stooq.com/q/d/l/?s=2502.jp&i=d,2026-03-26T08:35:00+00:00
2502,2502.T,2502.jp,2023-09-13,1872.29,1876.78,1859.46,1862.99,4241555,https://stooq.com/q/d/l/?s=2502.jp&i=d,2026-03-26T08:35:00+00:00
2502,2502.T,2502.jp,2023-09-14,1867.80,1892.18,1865.55,1892.18,4435189,https://stooq.com/q/d/l/?s=2502.jp&i=d,2026-03-26T08:35:00+00:00
2502,2502.T,2502.jp,2023-09-15,1899.87,1915.59,1887.69,1908.21,7053772,https://stooq.com/q/d/l/?s=2502.jp&i=d,2026-03-26T08:35:00+00:00
2502,2502.T,2502.jp,2023-09-19,1908.21,1912.06,1888.01,1900.84,4220976,https://stooq.com/q/d/l/?s=2502.jp&i=d,2026-03-26T08:35:00+00:00
2502,2502.T,2502.jp,2023-09-20,1893.78,1901.48,1873.90,1878.06,5102151,https://stooq.com/q/d/l/?s=2502.jp&i=d,2026-03-26T08:35:00+00:00
2502,2502.T,2502.jp,2023-09-21,1864.27,1875.50,1849.20,1851.12,3980882,https://stooq.com/q/d/l/?s=2502.jp&i=d,2026-03-26T08:35:00+00:00
2502,2502.T,2502.jp,2023-09-22,1828.03,1843.74,1810.08,1832.84,5504075,https://stooq.com/q/d/l/?s=2502.jp&i=d,2026-03-26T08:35:00+00:00
2502,2502.T,2502.jp,2023-09-25,1836.69,1849.84,1828.67,1846.31,3230978,https://stooq.com/q/d/l/?s=2502.jp&i=d,2026-03-26T08:35:00+00:00
2502,2502.T,2502.jp,2023-09-26,1852.73,1859.46,1834.77,1843.74,3847427,https://stooq.com/q/d/l/?s=2502.jp&i=d,2026-03-26T08:35:00+00:00
2502,2502.T,2502.jp,2023-09-27,1832.84,1839.58,1807.19,1839.58,4620405,https://stooq.com/q/d/l/?s=2502.jp&i=d,2026-03-26T08:35:00+00:00
2502,2502.T,2502.jp,2023-09-28,1828.03,1837.02,1788.58,1802.38,7210613,https://stooq.com/q/d/l/?s=2502.jp&i=d,2026-03-26T08:35:00+00:00
2502,2502.T,2502.jp,2023-09-29,1802.38,1805.27,1784.42,1792.76,6938714,https://stooq.com/q/d/l/?s=2502.jp&i=d,2026-03-26T08:35:00+00:00
2502,2502.T,2502.jp,2023-10-02,1785.06,1814.88,1775.76,1783.78,4969632,https://stooq.com/q/d/l/?s=2502.jp&i=d,2026-03-26T08:35:00+00:00
2502,2502.T,2502.jp,2023-10-03,1783.14,1783.78,1746.57,1749.14,5113377,https://stooq.com/q/d/l/?s=2502.jp&i=d,2026-03-26T08:35:00+00:00
2502,2502.T,2502.jp,2023-10-04,1722.20,1722.20,1683.72,1691.41,5977715,https://stooq.com/q/d/l/?s=2502.jp&i=d,2026-03-26T08:35:00+00:00
2502,2502.T,2502.jp,2023-10-05,1710.33,1741.12,1701.03,1736.31,4158302,https://stooq.com/q/d/l/?s=2502.jp&i=d,2026-03-26T08:35:00+00:00
2502,2502.T,2502.jp,2023-10-06,1738.88,1771.59,1736.31,1768.38,4347571,https://stooq.com/q/d/l/?s=2502.jp&i=d,2026-03-26T08:35:00+00:00
2502,2502.T,2502.jp,2023-10-10,1775.12,1801.73,1771.91,1791.48,4124938,https://stooq.com/q/d/l/?s=2502.jp&i=d,2026-03-26T08:35:00+00:00
2502,2502.T,2502.jp,2023-10-11,1795.00,1797.25,1776.40,1777.68,2846516,https://stooq.com/q/d/l/?s=2502.jp&i=d,2026-03-26T08:35:00+00:00
2502,2502.T,2502.jp,2023-10-12,1795.65,1799.81,1780.57,1785.38,3607021,https://stooq.com/q/d/l/?s=2502.jp&i=d,2026-03-26T08:35:00+00:00
2502,2502.T,2502.jp,2023-10-13,1774.48,1795.96,1772.23,1783.78,4335098,https://stooq.com/q/d/l/?s=2502.jp&i=d,2026-03-26T08:35:00+00:00
2502,2502.T,2502.jp,2023-10-16,1778.00,1780.89,1720.27,1724.12,6147963,https://stooq.com/q/d/l/?s=2502.jp&i=d,2026-03-26T08:35:00+00:00
2502,2502.T,2502.jp,2023-10-17,1733.43,1742.08,1711.30,1714.18,5578598,https://stooq.com/q/d/l/?s=2502.jp&i=d,2026-03-26T08:35:00+00:00
2502,2502.T,2502.jp,2023-10-18,1707.12,1709.05,1668.32,1688.53,7049719,https://stooq.com/q/d/l/?s=2502.jp&i=d,2026-03-26T08:35:00+00:00
2502,2502.T,2502.jp,2023-10-19,1683.72,1708.73,1683.72,1694.62,3471384,https://stooq.com/q/d/l/?s=2502.jp&i=d,2026-03-26T08:35:00+00:00
2502,2502.T,2502.jp,2023-10-20,1693.34,1705.20,1683.72,1693.66,2583036,https://stooq.com/q/d/l/?s=2502.jp&i=d,2026-03-26T08:35:00+00:00
2502,2502.T,2502.jp,2023-10-23,1702.64,1717.40,1691.74,1699.75,3043268,https://stooq.com/q/d/l/?s=2502.jp&i=d,2026-03-26T08:35:00+00:00
2502,2502.T,2502.jp,2023-10-24,1710.66,1716.43,1672.17,1711.61,4305476,https://stooq.com/q/d/l/?s=2502.jp&i=d,2026-03-26T08:35:00+00:00
2502,2502.T,2502.jp,2023-10-25,1717.40,1729.90,1712.25,1718.03,3346971,https://stooq.com/q/d/l/?s=2502.jp&i=d,2026-03-26T08:35:00+00:00
2502,2502.T,2502.jp,2023-10-26,1700.39,1708.09,1693.34,1698.79,4181064,https://stooq.com/q/d/l/?s=2502.jp&i=d,2026-03-26T08:35:00+00:00
2502,2502.T,2502.jp,2023-10-27,1699.75,1724.45,1693.98,1722.20,3812816,https://stooq.com/q/d/l/?s=2502.jp&i=d,2026-03-26T08:35:00+00:00
2502,2502.T,2502.jp,2023-10-30,1712.58,1728.93,1709.69,1727.01,2900771,https://stooq.com/q/d/l/?s=2502.jp&i=d,2026-03-26T08:35:00+00:00
2502,2502.T,2502.jp,2023-10-31,1733.11,1758.12,1728.29,1743.37,3729563,https://stooq.com/q/d/l/?s=2502.jp&i=d,2026-03-26T08:35:00+00:00
2502,2502.T,2502.jp,2023-11-01,1767.10,1792.76,1764.21,1789.87,4365032,https://stooq.com/q/d/l/?s=2502.jp&i=d,2026-03-26T08:35:00+00:00
2502,2502.T,2502.jp,2023-11-02,1803.34,1805.58,1766.46,1783.14,3695263,https://stooq.com/q/d/l/?s=2502.jp&i=d,2026-03-26T08:35:00+00:00
2502,2502.T,2502.jp,2023-11-06,1811.68,1833.49,1807.83,1815.85,5573297,https://stooq.com/q/d/l/?s=2502.jp&i=d,2026-03-26T08:35:00+00:00
2502,2502.T,2502.jp,2023-11-07,1813.29,1823.23,1793.07,1799.50,3129640,https://stooq.com/q/d/l/?s=2502.jp&i=d,2026-03-26T08:35:00+00:00
2502,2502.T,2502.jp,2023-11-08,1795.96,1804.30,1768.07,1782.17,2839032,https://stooq.com/q/d/l/?s=2502.jp&i=d,2026-03-26T08:35:00+00:00
2502,2502.T,2502.jp,2023-11-09,1782.17,1820.98,1765.49,1819.05,3527198,https://stooq.com/q/d/l/?s=2502.jp&i=d,2026-03-26T08:35:00+00:00
2502,2502.T,2502.jp,2023-11-10,1812.00,1821.62,1800.14,1817.77,3596731,https://stooq.com/q/d/l/?s=2502.jp&i=d,2026-03-26T08:35:00+00:00
2502,2502.T,2502.jp,2023-11-13,1872.93,1896.98,1852.73,1882.55,6514029,https://stooq.com/q/d/l/?s=2502.jp&i=d,2026-03-26T08:35:00+00:00
2502,2502.T,2502.jp,2023-11-14,1892.49,1905.00,1885.44,1902.44,5175427,https://stooq.com/q/d/l/?s=2502.jp&i=d,2026-03-26T08:35:00+00:00
2502,2502.T,2502.jp,2023-11-15,1893.14,1906.29,1866.84,1894.74,5993617,https://stooq.com/q/d/l/?s=2502.jp&i=d,2026-03-26T08:35:00+00:00
2502,2502.T,2502.jp,2023-11-16,1866.52,1878.06,1844.71,1861.39,4766644,https://stooq.com/q/d/l/?s=2502.jp&i=d,2026-03-26T08:35:00+00:00
2502,2502.T,2502.jp,2023-11-17,1763.89,1797.57,1761.65,1786.35,11150024,https://stooq.com/q/d/l/?s=2502.jp&i=d,2026-03-26T08:35:00+00:00
2502,2502.T,2502.jp,2023-11-20,1779.92,1800.14,1771.59,1771.91,4689938,https://stooq.com/q/d/l/?s=2502.jp&i=d,2026-03-26T08:35:00+00:00
2502,2502.T,2502.jp,2023-11-21,1767.10,1772.87,1741.12,1741.44,5488484,https://stooq.com/q/d/l/?s=2502.jp&i=d,2026-03-26T08:35:00+00:00
2502,2502.T,2502.jp,2023-11-22,1732.47,1749.78,1726.04,1738.88,6779379,https://stooq.com/q/d/l/?s=2502.jp&i=d,2026-03-26T08:35:00+00:00
2502,2502.T,2502.jp,2023-11-24,1757.48,1781.86,1745.62,1766.77,5724837,https://stooq.com/q/d/l/?s=2502.jp&i=d,2026-03-26T08:35:00+00:00
2502,2502.T,2502.jp,2023-11-27,1767.10,1775.44,1741.77,1745.29,5152977,https://stooq.com/q/d/l/?s=2502.jp&i=d,2026-03-26T08:35:00+00:00
2502,2502.T,2502.jp,2023-11-28,1748.18,1752.98,1732.78,1747.85,8675498,https://stooq.com/q/d/l/?s=2502.jp&i=d,2026-03-26T08:35:00+00:00
2502,2502.T,2502.jp,2023-11-29,1735.03,1781.53,1732.78,1761.00,23837585,https://stooq.com/q/d/l/?s=2502.jp&i=d,2026-03-26T08:35:00+00:00
2502,2502.T,2502.jp,2023-11-30,1763.89,1771.91,1724.12,1749.46,14722123,https://stooq.com/q/d/l/?s=2502.jp&i=d,2026-03-26T08:35:00+00:00
2502,2502.T,2502.jp,2023-12-01,1760.69,1772.87,1755.23,1764.54,10101718,https://stooq.com/q/d/l/?s=2502.jp&i=d,2026-03-26T08:35:00+00:00
2502,2502.T,2502.jp,2023-12-04,1765.18,1768.07,1736.63,1744.97,7547368,https://stooq.com/q/d/l/?s=2502.jp&i=d,2026-03-26T08:35:00+00:00
2502,2502.T,2502.jp,2023-12-05,1757.16,1777.36,1751.06,1756.52,6634387,https://stooq.com/q/d/l/?s=2502.jp&i=d,2026-03-26T08:35:00+00:00
2502,2502.T,2502.jp,2023-12-06,1756.20,1795.96,1753.31,1794.04,12041490,https://stooq.com/q/d/l/?s=2502.jp&i=d,2026-03-26T08:35:00+00:00
2502,2502.T,2502.jp,2023-12-07,1795.96,1795.96,1768.07,1785.06,7885058,https://stooq.com/q/d/l/?s=2502.jp&i=d,2026-03-26T08:35:00+00:00
2502,2502.T,2502.jp,2023-12-08,1758.12,1760.05,1742.73,1752.67,8379278,https://stooq.com/q/d/l/?s=2502.jp&i=d,2026-03-26T08:35:00+00:00
2502,2502.T,2502.jp,2023-12-11,1763.25,1771.59,1755.87,1761.65,3933486,https://stooq.com/q/d/l/?s=2502.jp&i=d,2026-03-26T08:35:00+00:00
2502,2502.T,2502.jp,2023-12-12,1778.33,1783.46,1762.93,1769.67,4923796,https://stooq.com/q/d/l/?s=2502.jp&i=d,2026-03-26T08:35:00+00:00
2502,2502.T,2502.jp,2023-12-13,1772.87,1773.20,1739.52,1744.97,5459798,https://stooq.com/q/d/l/?s=2502.jp&i=d,2026-03-26T08:35:00+00:00
2502,2502.T,2502.jp,2023-12-14,1733.75,1739.19,1685.96,1720.92,10831042,https://stooq.com/q/d/l/?s=2502.jp&i=d,2026-03-26T08:35:00+00:00
2502,2502.T,2502.jp,2023-12-15,1720.92,1722.53,1696.22,1704.56,7549551,https://stooq.com/q/d/l/?s=2502.jp&i=d,2026-03-26T08:35:00+00:00
2502,2502.T,2502.jp,2023-12-18,1685.32,1686.28,1653.89,1667.68,7450707,https://stooq.com/q/d/l/?s=2502.jp&i=d,2026-03-26T08:35:00+00:00
2502,2502.T,2502.jp,2023-12-19,1674.09,1705.84,1672.49,1701.68,4384676,https://stooq.com/q/d/l/?s=2502.jp&i=d,2026-03-26T08:35:00+00:00
2502,2502.T,2502.jp,2023-12-20,1705.84,1727.65,1705.84,1724.76,5538374,https://stooq.com/q/d/l/?s=2502.jp&i=d,2026-03-26T08:35:00+00:00
2502,2502.T,2502.jp,2023-12-21,1715.47,1719.63,1708.73,1714.18,2787584,https://stooq.com/q/d/l/?s=2502.jp&i=d,2026-03-26T08:35:00+00:00
2502,2502.T,2502.jp,2023-12-22,1715.79,1728.29,1707.45,1711.30,3505059,https://stooq.com/q/d/l/?s=2502.jp&i=d,2026-03-26T08:35:00+00:00
2502,2502.T,2502.jp,2023-12-25,1714.18,1724.76,1709.69,1718.03,2369758,https://stooq.com/q/d/l/?s=2502.jp&i=d,2026-03-26T08:35:00+00:00
2502,2502.T,2502.jp,2023-12-26,1727.65,1727.65,1709.69,1720.27,2646334,https://stooq.com/q/d/l/?s=2502.jp&i=d,2026-03-26T08:35:00+00:00
2502,2502.T,2502.jp,2023-12-27,1729.90,1734.39,1719.96,1731.18,6139233,https://stooq.com/q/d/l/?s=2502.jp&i=d,2026-03-26T08:35:00+00:00
2502,2502.T,2502.jp,2023-12-28,1707.49,1720.79,1696.44,1697.09,5419006,https://stooq.com/q/d/l/?s=2502.jp&i=d,2026-03-26T08:35:00+00:00
2502,2502.T,2502.jp,2023-12-29,1692.88,1714.95,1692.55,1706.84,4771781,https://stooq.com/q/d/l/?s=2502.jp&i=d,2026-03-26T08:35:00+00:00
2502,2502.T,2502.jp,2024-01-04,1715.28,1733.78,1693.85,1733.78,6395851,https://stooq.com/q/d/l/?s=2502.jp&i=d,2026-03-26T08:35:00+00:00
2502,2502.T,2502.jp,2024-01-05,1743.19,1744.82,1721.77,1741.89,6615186,https://stooq.com/q/d/l/?s=2502.jp&i=d,2026-03-26T08:35:00+00:00
2502,2502.T,2502.jp,2024-01-09,1781.50,1781.50,1734.10,1758.78,8077218,https://stooq.com/q/d/l/?s=2502.jp&i=d,2026-03-26T08:35:00+00:00
2502,2502.T,2502.jp,2024-01-10,1764.29,1771.76,1753.90,1768.83,6687888,https://stooq.com/q/d/l/?s=2502.jp&i=d,2026-03-26T08:35:00+00:00
2502,2502.T,2502.jp,2024-01-11,1792.21,1798.37,1779.88,1791.88,7200800,https://stooq.com/q/d/l/?s=2502.jp&i=d,2026-03-26T08:35:00+00:00
2502,2502.T,2502.jp,2024-01-12,1837.01,1853.56,1817.86,1852.26,9445294,https://stooq.com/q/d/l/?s=2502.jp&i=d,2026-03-26T08:35:00+00:00
2502,2502.T,2502.jp,2024-01-15,1860.71,1862.00,1844.80,1855.18,4278584,https://stooq.com/q/d/l/?s=2502.jp&i=d,2026-03-26T08:35:00+00:00
2502,2502.T,2502.jp,2024-01-16,1866.55,1873.04,1854.54,1860.06,3975458,https://stooq.com/q/d/l/?s=2502.jp&i=d,2026-03-26T08:35:00+00:00
2502,2502.T,2502.jp,2024-01-17,1852.91,1868.82,1822.72,1822.72,5915900,https://stooq.com/q/d/l/?s=2502.jp&i=d,2026-03-26T08:35:00+00:00
2502,2502.T,2502.jp,2024-01-18,1814.61,1827.26,1810.72,1812.66,3606099,https://stooq.com/q/d/l/?s=2502.jp&i=d,2026-03-26T08:35:00+00:00
2502,2502.T,2502.jp,2024-01-19,1837.33,1838.63,1791.88,1803.89,5332135,https://stooq.com/q/d/l/?s=2502.jp&i=d,2026-03-26T08:35:00+00:00
2502,2502.T,2502.jp,2024-01-22,1785.39,1791.56,1766.24,1785.39,7488832,https://stooq.com/q/d/l/?s=2502.jp&i=d,2026-03-26T08:35:00+00:00
2502,2502.T,2502.jp,2024-01-23,1794.48,1803.25,1779.23,1797.72,5799763,https://stooq.com/q/d/l/?s=2502.jp&i=d,2026-03-26T08:35:00+00:00
2502,2502.T,2502.jp,2024-01-24,1793.18,1793.51,1762.02,1762.67,4483749,https://stooq.com/q/d/l/?s=2502.jp&i=d,2026-03-26T08:35:00+00:00
2502,2502.T,2502.jp,2024-01-25,1763.97,1776.95,1757.80,1776.95,3661241,https://stooq.com/q/d/l/?s=2502.jp&i=d,2026-03-26T08:35:00+00:00
2502,2502.T,2502.jp,2024-01-26,1792.86,1795.46,1762.02,1764.29,5242182,https://stooq.com/q/d/l/?s=2502.jp&i=d,2026-03-26T08:35:00+00:00
2502,2502.T,2502.jp,2024-01-29,1776.62,1796.11,1775.97,1788.97,3415412,https://stooq.com/q/d/l/?s=2502.jp&i=d,2026-03-26T08:35:00+00:00
2502,2502.T,2502.jp,2024-01-30,1779.55,1789.61,1769.16,1769.81,3828515,https://stooq.com/q/d/l/?s=2502.jp&i=d,2026-03-26T08:35:00+00:00
2502,2502.T,2502.jp,2024-01-31,1760.07,1788.97,1758.13,1788.64,3449299,https://stooq.com/q/d/l/?s=2502.jp&i=d,2026-03-26T08:35:00+00:00
2502,2502.T,2502.jp,2024-02-01,1765.27,1790.26,1761.04,1785.39,4449863,https://stooq.com/q/d/l/?s=2502.jp&i=d,2026-03-26T08:35:00+00:00
2502,2502.T,2502.jp,2024-02-02,1794.16,1794.16,1768.18,1783.44,3809416,https://stooq.com/q/d/l/?s=2502.jp&i=d,2026-03-26T08:35:00+00:00
2502,2502.T,2502.jp,2024-02-05,1795.78,1802.92,1784.42,1801.62,2955485,https://stooq.com/q/d/l/?s=2502.jp&i=d,2026-03-26T08:35:00+00:00
2502,2502.T,2502.jp,2024-02-06,1805.52,1812.98,1791.88,1801.62,3876880,https://stooq.com/q/d/l/?s=2502.jp&i=d,2026-03-26T08:35:00+00:00
2502,2502.T,2502.jp,2024-02-07,1817.86,1820.77,1796.75,1817.86,6743029,https://stooq.com/q/d/l/?s=2502.jp&i=d,2026-03-26T08:35:00+00:00
2502,2502.T,2502.jp,2024-02-08,1817.86,1830.52,1787.67,1799.35,6175899,https://stooq.com/q/d/l/?s=2502.jp&i=d,2026-03-26T08:35:00+00:00
2502,2502.T,2502.jp,2024-02-09,1798.37,1810.07,1783.77,1801.95,4635621,https://stooq.com/q/d/l/?s=2502.jp&i=d,2026-03-26T08:35:00+00:00
2502,2502.T,2502.jp,2024-02-13,1799.67,1828.89,1779.23,1828.89,5584432,https://stooq.com/q/d/l/?s=2502.jp&i=d,2026-03-26T08:35:00+00:00
2502,2502.T,2502.jp,2024-02-14,1763.97,1786.69,1747.08,1758.13,10151357,https://stooq.com/q/d/l/?s=2502.jp&i=d,2026-03-26T08:35:00+00:00
2502,2502.T,2502.jp,2024-02-15,1752.29,1753.58,1704.56,1725.34,9325460,https://stooq.com/q/d/l/?s=2502.jp&i=d,2026-03-26T08:35:00+00:00
2502,2502.T,2502.jp,2024-02-16,1735.73,1744.17,1702.61,1725.34,7560917,https://stooq.com/q/d/l/?s=2502.jp&i=d,2026-03-26T08:35:00+00:00
2502,2502.T,2502.jp,2024-02-19,1725.34,1729.24,1713.00,1729.24,4915335,https://stooq.com/q/d/l/?s=2502.jp&i=d,2026-03-26T08:35:00+00:00
2502,2502.T,2502.jp,2024-02-20,1736.70,1750.98,1721.12,1728.59,4382707,https://stooq.com/q/d/l/?s=2502.jp&i=d,2026-03-26T08:35:00+00:00
2502,2502.T,2502.jp,2024-02-21,1736.70,1765.27,1732.80,1763.97,5753247,https://stooq.com/q/d/l/?s=2502.jp&i=d,2026-03-26T08:35:00+00:00
2502,2502.T,2502.jp,2024-02-22,1767.53,1779.88,1757.80,1771.76,6016018,https://stooq.com/q/d/l/?s=2502.jp&i=d,2026-03-26T08:35:00+00:00
2502,2502.T,2502.jp,2024-02-26,1757.15,1777.28,1724.03,1724.03,7692457,https://stooq.com/q/d/l/?s=2502.jp&i=d,2026-03-26T08:35:00+00:00
2502,2502.T,2502.jp,2024-02-27,1695.14,1709.43,1686.39,1697.74,9999178,https://stooq.com/q/d/l/?s=2502.jp&i=d,2026-03-26T08:35:00+00:00
2502,2502.T,2502.jp,2024-02-28,1687.04,1694.18,1671.13,1676.32,8435795,https://stooq.com/q/d/l/?s=2502.jp&i=d,2026-03-26T08:35:00+00:00
2502,2502.T,2502.jp,2024-02-29,1677.30,1683.79,1651.32,1666.25,8438876,https://stooq.com/q/d/l/?s=2502.jp&i=d,2026-03-26T08:35:00+00:00
2502,2502.T,2502.jp,2024-03-01,1665.28,1686.39,1658.14,1675.02,7456486,https://stooq.com/q/d/l/?s=2502.jp&i=d,2026-03-26T08:35:00+00:00
2502,2502.T,2502.jp,2024-03-04,1689.63,1702.29,1662.69,1663.66,7709708,https://stooq.com/q/d/l/?s=2502.jp&i=d,2026-03-26T08:35:00+00:00
2502,2502.T,2502.jp,2024-03-05,1658.14,1670.15,1642.89,1664.64,7307079,https://stooq.com/q/d/l/?s=2502.jp&i=d,2026-03-26T08:35:00+00:00
2502,2502.T,2502.jp,2024-03-06,1669.83,1698.39,1662.04,1694.82,7348975,https://stooq.com/q/d/l/?s=2502.jp&i=d,2026-03-26T08:35:00+00:00
2502,2502.T,2502.jp,2024-03-07,1699.37,1702.61,1681.19,1688.00,7025208,https://stooq.com/q/d/l/?s=2502.jp&i=d,2026-03-26T08:35:00+00:00
2502,2502.T,2502.jp,2024-03-08,1692.55,1692.55,1661.39,1675.67,7382861,https://stooq.com/q/d/l/?s=2502.jp&i=d,2026-03-26T08:35:00+00:00
2502,2502.T,2502.jp,2024-03-11,1675.67,1696.12,1666.58,1695.14,6680494,https://stooq.com/q/d/l/?s=2502.jp&i=d,2026-03-26T08:35:00+00:00
2502,2502.T,2502.jp,2024-03-12,1695.14,1696.12,1681.84,1690.60,4846639,https://stooq.com/q/d/l/?s=2502.jp&i=d,2026-03-26T08:35:00+00:00
2502,2502.T,2502.jp,2024-03-13,1699.70,1720.79,1695.47,1714.63,7268572,https://stooq.com/q/d/l/?s=2502.jp&i=d,2026-03-26T08:35:00+00:00
2502,2502.T,2502.jp,2024-03-14,1725.99,1751.64,1725.01,1741.57,7761153,https://stooq.com/q/d/l/?s=2502.jp&i=d,2026-03-26T08:35:00+00:00
2502,2502.T,2502.jp,2024-03-15,1723.39,1741.24,1717.54,1737.68,9916927,https://stooq.com/q/d/l/?s=2502.jp&i=d,2026-03-26T08:35:00+00:00
2502,2502.T,2502.jp,2024-03-18,1752.93,1784.74,1741.89,1781.50,6481182,https://stooq.com/q/d/l/?s=2502.jp&i=d,2026-03-26T08:35:00+00:00
2502,2502.T,2502.jp,2024-03-19,1772.41,1796.42,1765.59,1795.78,5304718,https://stooq.com/q/d/l/?s=2502.jp&i=d,2026-03-26T08:35:00+00:00
2502,2502.T,2502.jp,2024-03-21,1801.30,1809.09,1775.97,1786.69,5576115,https://stooq.com/q/d/l/?s=2502.jp&i=d,2026-03-26T08:35:00+00:00
2502,2502.T,2502.jp,2024-03-22,1788.64,1795.78,1765.59,1772.41,5382040,https://stooq.com/q/d/l/?s=2502.jp&i=d,2026-03-26T08:35:00+00:00
2502,2502.T,2502.jp,2024-03-25,1779.55,1785.07,1760.72,1761.37,4291215,https://stooq.com/q/d/l/?s=2502.jp&i=d,2026-03-26T08:35:00+00:00
2502,2502.T,2502.jp,2024-03-26,1769.16,1779.55,1752.29,1773.38,3957898,https://stooq.com/q/d/l/?s=2502.jp&i=d,2026-03-26T08:35:00+00:00
2502,2502.T,2502.jp,2024-03-27,1779.23,1815.91,1777.60,1810.72,6148790,https://stooq.com/q/d/l/?s=2502.jp&i=d,2026-03-26T08:35:00+00:00
2502,2502.T,2502.jp,2024-03-28,1795.13,1819.15,1788.64,1799.67,6422035,https://stooq.com/q/d/l/?s=2502.jp&i=d,2026-03-26T08:35:00+00:00
2502,2502.T,2502.jp,2024-03-29,1792.21,1818.50,1785.72,1812.01,6691584,https://stooq.com/q/d/l/?s=2502.jp&i=d,2026-03-26T08:35:00+00:00
2502,2502.T,2502.jp,2024-04-01,1824.35,1833.76,1799.35,1805.19,4424911,https://stooq.com/q/d/l/?s=2502.jp&i=d,2026-03-26T08:35:00+00:00
2502,2502.T,2502.jp,2024-04-02,1808.12,1828.24,1787.34,1791.23,4701237,https://stooq.com/q/d/l/?s=2502.jp&i=d,2026-03-26T08:35:00+00:00
2502,2502.T,2502.jp,2024-04-03,1777.28,1801.62,1757.48,1800.00,5478769,https://stooq.com/q/d/l/?s=2502.jp&i=d,2026-03-26T08:35:00+00:00
2502,2502.T,2502.jp,2024-04-04,1806.17,1815.58,1793.51,1795.13,4251783,https://stooq.com/q/d/l/?s=2502.jp&i=d,2026-03-26T08:35:00+00:00
2502,2502.T,2502.jp,2024-04-05,1787.34,1801.30,1772.08,1796.11,3214868,https://stooq.com/q/d/l/?s=2502.jp&i=d,2026-03-26T08:35:00+00:00
2502,2502.T,2502.jp,2024-04-08,1805.52,1828.56,1804.87,1811.68,4788108,https://stooq.com/q/d/l/?s=2502.jp&i=d,2026-03-26T08:35:00+00:00
2502,2502.T,2502.jp,2024-04-09,1827.59,1831.49,1809.74,1831.49,3251835,https://stooq.com/q/d/l/?s=2502.jp&i=d,2026-03-26T08:35:00+00:00
2502,2502.T,2502.jp,2024-04-10,1828.24,1833.11,1805.84,1809.74,3749037,https://stooq.com/q/d/l/?s=2502.jp&i=d,2026-03-26T08:35:00+00:00
2502,2502.T,2502.jp,2024-04-11,1790.26,1792.21,1775.00,1786.37,4726497,https://stooq.com/q/d/l/?s=2502.jp&i=d,2026-03-26T08:35:00+00:00
2502,2502.T,2502.jp,2024-04-12,1786.37,1816.56,1779.88,1808.12,4041998,https://stooq.com/q/d/l/?s=2502.jp&i=d,2026-03-26T08:35:00+00:00
2502,2502.T,2502.jp,2024-04-15,1797.72,1797.72,1762.02,1775.00,5314575,https://stooq.com/q/d/l/?s=2502.jp&i=d,2026-03-26T08:35:00+00:00
2502,2502.T,2502.jp,2024-04-16,1743.19,1743.84,1717.54,1721.77,6893977,https://stooq.com/q/d/l/?s=2502.jp&i=d,2026-03-26T08:35:00+00:00
2502,2502.T,2502.jp,2024-04-17,1708.46,1735.40,1702.61,1728.59,6397083,https://stooq.com/q/d/l/?s=2502.jp&i=d,2026-03-26T08:35:00+00:00
2502,2502.T,2502.jp,2024-04-18,1728.59,1740.59,1719.82,1729.56,4566924,https://stooq.com/q/d/l/?s=2502.jp&i=d,2026-03-26T08:35:00+00:00
2502,2502.T,2502.jp,2024-04-19,1725.66,1726.96,1697.09,1720.14,6882579,https://stooq.com/q/d/l/?s=2502.jp&i=d,2026-03-26T08:35:00+00:00
2502,2502.T,2502.jp,2024-04-22,1736.70,1784.09,1736.70,1776.62,6192534,https://stooq.com/q/d/l/?s=2502.jp&i=d,2026-03-26T08:35:00+00:00
2502,2502.T,2502.jp,2024-04-23,1786.37,1810.72,1784.42,1799.02,4770857,https://stooq.com/q/d/l/?s=2502.jp&i=d,2026-03-26T08:35:00+00:00
2502,2502.T,2502.jp,2024-04-24,1785.39,1808.12,1775.65,1792.86,7366842,https://stooq.com/q/d/l/?s=2502.jp&i=d,2026-03-26T08:35:00+00:00
2502,2502.T,2502.jp,2024-04-25,1785.39,1791.23,1753.90,1758.13,6839143,https://stooq.com/q/d/l/?s=2502.jp&i=d,2026-03-26T08:35:00+00:00
2502,2502.T,2502.jp,2024-04-26,1751.31,1785.39,1737.68,1774.03,6139548,https://stooq.com/q/d/l/?s=2502.jp&i=d,2026-03-26T08:35:00+00:00
2502,2502.T,2502.jp,2024-04-30,1780.53,1781.50,1742.87,1754.55,10071263,https://stooq.com/q/d/l/?s=2502.jp&i=d,2026-03-26T08:35:00+00:00
2502,2502.T,2502.jp,2024-05-01,1749.36,1763.64,1743.52,1762.02,4359603,https://stooq.com/q/d/l/?s=2502.jp&i=d,2026-03-26T08:35:00+00:00
2502,2502.T,2502.jp,2024-05-02,1743.84,1762.34,1735.40,1762.34,4651640,https://stooq.com/q/d/l/?s=2502.jp&i=d,2026-03-26T08:35:00+00:00
2502,2502.T,2502.jp,2024-05-07,1766.57,1777.60,1755.20,1773.71,5129434,https://stooq.com/q/d/l/?s=2502.jp&i=d,2026-03-26T08:35:00+00:00
2502,2502.T,2502.jp,2024-05-08,1785.39,1789.61,1762.67,1774.03,7453406,https://stooq.com/q/d/l/?s=2502.jp&i=d,2026-03-26T08:35:00+00:00
2502,2502.T,2502.jp,2024-05-09,1784.74,1787.99,1763.64,1780.20,4130410,https://stooq.com/q/d/l/?s=2502.jp&i=d,2026-03-26T08:35:00+00:00
2502,2502.T,2502.jp,2024-05-10,1756.83,1782.79,1753.25,1779.88,6180828,https://stooq.com/q/d/l/?s=2502.jp&i=d,2026-03-26T08:35:00+00:00
2502,2502.T,2502.jp,2024-05-13,1781.18,1788.32,1762.02,1769.16,4723725,https://stooq.com/q/d/l/?s=2502.jp&i=d,2026-03-26T08:35:00+00:00
2502,2502.T,2502.jp,2024-05-14,1762.67,1805.52,1758.78,1792.21,7062791,https://stooq.com/q/d/l/?s=2502.jp&i=d,2026-03-26T08:35:00+00:00
2502,2502.T,2502.jp,2024-05-15,1879.53,1904.20,1853.56,1886.35,11598294,https://stooq.com/q/d/l/?s=2502.jp&i=d,2026-03-26T08:35:00+00:00
2502,2502.T,2502.jp,2024-05-16,1870.11,1915.24,1867.52,1915.24,8283308,https://stooq.com/q/d/l/?s=2502.jp&i=d,2026-03-26T08:35:00+00:00
2502,2502.T,2502.jp,2024-05-17,1915.24,1940.89,1907.77,1922.70,8067977,https://stooq.com/q/d/l/?s=2502.jp&i=d,2026-03-26T08:35:00+00:00
2502,2502.T,2502.jp,2024-05-20,1922.38,1929.84,1910.70,1929.84,4062637,https://stooq.com/q/d/l/?s=2502.jp&i=d,2026-03-26T08:35:00+00:00
2502,2502.T,2502.jp,2024-05-21,1931.47,1948.03,1917.19,1917.19,4255172,https://stooq.com/q/d/l/?s=2502.jp&i=d,2026-03-26T08:35:00+00:00
2502,2502.T,2502.jp,2024-05-22,1923.35,1929.84,1902.58,1903.23,3921548,https://stooq.com/q/d/l/?s=2502.jp&i=d,2026-03-26T08:35:00+00:00
2502,2502.T,2502.jp,2024-05-23,1912.65,1912.65,1886.02,1897.71,3390460,https://stooq.com/q/d/l/?s=2502.jp&i=d,2026-03-26T08:35:00+00:00
2502,2502.T,2502.jp,2024-05-24,1894.79,1899.00,1881.48,1895.76,2792832,https://stooq.com/q/d/l/?s=2502.jp&i=d,2026-03-26T08:35:00+00:00
2502,2502.T,2502.jp,2024-05-27,1904.85,1921.73,1888.62,1921.73,2440724,https://stooq.com/q/d/l/?s=2502.jp&i=d,2026-03-26T08:35:00+00:00
2502,2502.T,2502.jp,2024-05-28,1917.19,1924.00,1899.33,1899.33,2891410,https://stooq.com/q/d/l/?s=2502.jp&i=d,2026-03-26T08:35:00+00:00
2502,2502.T,2502.jp,2024-05-29,1882.78,1882.78,1841.87,1848.04,4579247,https://stooq.com/q/d/l/?s=2502.jp&i=d,2026-03-26T08:35:00+00:00
2502,2502.T,2502.jp,2024-05-30,1843.82,1859.08,1827.59,1857.78,5214765,https://stooq.com/q/d/l/?s=2502.jp&i=d,2026-03-26T08:35:00+00:00
2502,2502.T,2502.jp,2024-05-31,1863.95,1867.52,1842.20,1863.62,6173435,https://stooq.com/q/d/l/?s=2502.jp&i=d,2026-03-26T08:35:00+00:00
2502,2502.T,2502.jp,2024-06-03,1872.71,1893.49,1860.38,1880.50,3823586,https://stooq.com/q/d/l/?s=2502.jp&i=d,2026-03-26T08:35:00+00:00
2502,2502.T,2502.jp,2024-06-04,1866.55,1891.86,1853.89,1882.78,4287518,https://stooq.com/q/d/l/?s=2502.jp&i=d,2026-03-26T08:35:00+00:00
2502,2502.T,2502.jp,2024-06-05,1886.02,1895.44,1878.88,1894.14,4104225,https://stooq.com/q/d/l/?s=2502.jp&i=d,2026-03-26T08:35:00+00:00
2502,2502.T,2502.jp,2024-06-06,1919.46,1920.11,1887.65,1887.65,3916003,https://stooq.com/q/d/l/?s=2502.jp&i=d,2026-03-26T08:35:00+00:00
2502,2502.T,2502.jp,2024-06-07,1881.48,1898.68,1870.76,1890.57,3239513,https://stooq.com/q/d/l/?s=2502.jp&i=d,2026-03-26T08:35:00+00:00
2502,2502.T,2502.jp,2024-06-10,1913.94,1925.30,1906.14,1908.75,4054936,https://stooq.com/q/d/l/?s=2502.jp&i=d,2026-03-26T08:35:00+00:00
2502,2502.T,2502.jp,2024-06-11,1914.91,1931.79,1902.90,1903.88,3217025,https://stooq.com/q/d/l/?s=2502.jp&i=d,2026-03-26T08:35:00+00:00
2502,2502.T,2502.jp,2024-06-12,1890.57,1902.25,1867.85,1875.64,3499820,https://stooq.com/q/d/l/?s=2502.jp&i=d,2026-03-26T08:35:00+00:00
2502,2502.T,2502.jp,2024-06-13,1857.46,1863.62,1809.74,1822.40,7250705,https://stooq.com/q/d/l/?s=2502.jp&i=d,2026-03-26T08:35:00+00:00
2502,2502.T,2502.jp,2024-06-14,1789.93,1830.84,1781.18,1807.47,9896287,https://stooq.com/q/d/l/?s=2502.jp&i=d,2026-03-26T08:35:00+00:00
2502,2502.T,2502.jp,2024-06-17,1825.96,1828.89,1794.48,1827.59,5404836,https://stooq.com/q/d/l/?s=2502.jp&i=d,2026-03-26T08:35:00+00:00
2502,2502.T,2502.jp,2024-06-18,1856.81,1879.20,1843.82,1856.16,5721517,https://stooq.com/q/d/l/?s=2502.jp&i=d,2026-03-26T08:35:00+00:00
2502,2502.T,2502.jp,2024-06-19,1875.64,1876.29,1854.85,1860.38,3489654,https://stooq.com/q/d/l/?s=2502.jp&i=d,2026-03-26T08:35:00+00:00
2502,2502.T,2502.jp,2024-06-20,1870.76,1872.71,1829.87,1849.01,2782050,https://stooq.com/q/d/l/?s=2502.jp&i=d,2026-03-26T08:35:00+00:00
2502,2502.T,2502.jp,2024-06-21,1834.08,1874.34,1834.08,1849.34,4468963,https://stooq.com/q/d/l/?s=2502.jp&i=d,2026-03-26T08:35:00+00:00
2502,2502.T,2502.jp,2024-06-24,1852.91,1860.71,1835.38,1853.89,3509061,https://stooq.com/q/d/l/?s=2502.jp&i=d,2026-03-26T08:35:00+00:00
2502,2502.T,2502.jp,2024-06-25,1863.95,1884.72,1854.21,1880.83,3806643,https://stooq.com/q/d/l/?s=2502.jp&i=d,2026-03-26T08:35:00+00:00
2502,2502.T,2502.jp,2024-06-26,1897.39,1898.36,1876.93,1889.92,4619294,https://stooq.com/q/d/l/?s=2502.jp&i=d,2026-03-26T08:35:00+00:00
2502,2502.T,2502.jp,2024-06-27,1859.05,1893.86,1853.14,1885.65,4314445,https://stooq.com/q/d/l/?s=2502.jp&i=d,2026-03-26T08:35:00+00:00
2502,2502.T,2502.jp,2024-06-28,1880.72,1883.35,1850.52,1863.33,4842254,https://stooq.com/q/d/l/?s=2502.jp&i=d,2026-03-26T08:35:00+00:00
2502,2502.T,2502.jp,2024-07-01,1860.37,1865.62,1831.15,1832.46,4675657,https://stooq.com/q/d/l/?s=2502.jp&i=d,2026-03-26T08:35:00+00:00
2502,2502.T,2502.jp,2024-07-02,1841.00,1843.63,1819.33,1835.75,4532512,https://stooq.com/q/d/l/?s=2502.jp&i=d,2026-03-26T08:35:00+00:00
2502,2502.T,2502.jp,2024-07-03,1842.31,1853.80,1835.41,1847.23,2500465,https://stooq.com/q/d/l/?s=2502.jp&i=d,2026-03-26T08:35:00+00:00
2502,2502.T,2502.jp,2024-07-04,1842.64,1857.08,1831.15,1854.79,3114161,https://stooq.com/q/d/l/?s=2502.jp&i=d,2026-03-26T08:35:00+00:00
2502,2502.T,2502.jp,2024-07-05,1858.40,1858.40,1818.02,1822.28,2887261,https://stooq.com/q/d/l/?s=2502.jp&i=d,2026-03-26T08:35:00+00:00
2502,2502.T,2502.jp,2024-07-08,1848.88,1852.16,1814.08,1829.18,3650801,https://stooq.com/q/d/l/?s=2502.jp&i=d,2026-03-26T08:35:00+00:00
2502,2502.T,2502.jp,2024-07-09,1812.76,1844.94,1812.76,1836.40,4761849,https://stooq.com/q/d/l/?s=2502.jp&i=d,2026-03-26T08:35:00+00:00
2502,2502.T,2502.jp,2024-07-10,1855.11,1877.44,1842.64,1868.90,5411178,https://stooq.com/q/d/l/?s=2502.jp&i=d,2026-03-26T08:35:00+00:00
2502,2502.T,2502.jp,2024-07-11,1875.47,1899.44,1875.15,1896.48,4205107,https://stooq.com/q/d/l/?s=2502.jp&i=d,2026-03-26T08:35:00+00:00
2502,2502.T,2502.jp,2024-07-12,1883.03,1895.50,1873.18,1891.89,5109356,https://stooq.com/q/d/l/?s=2502.jp&i=d,2026-03-26T08:35:00+00:00
2502,2502.T,2502.jp,2024-07-16,1889.26,1894.51,1850.52,1853.80,4527030,https://stooq.com/q/d/l/?s=2502.jp&i=d,2026-03-26T08:35:00+00:00
2502,2502.T,2502.jp,2024-07-17,1845.26,1871.53,1841.00,1869.56,4951592,https://stooq.com/q/d/l/?s=2502.jp&i=d,2026-03-26T08:35:00+00:00
2502,2502.T,2502.jp,2024-07-18,1884.66,1943.11,1874.49,1930.63,8293566,https://stooq.com/q/d/l/?s=2502.jp&i=d,2026-03-26T08:35:00+00:00
2502,2502.T,2502.jp,2024-07-19,1915.53,1924.40,1893.20,1914.87,3828666,https://stooq.com/q/d/l/?s=2502.jp&i=d,2026-03-26T08:35:00+00:00
2502,2502.T,2502.jp,2024-07-22,1919.14,1927.35,1904.04,1927.35,4378099,https://stooq.com/q/d/l/?s=2502.jp&i=d,2026-03-26T08:35:00+00:00
2502,2502.T,2502.jp,2024-07-23,1915.86,1921.44,1892.54,1910.27,4560228,https://stooq.com/q/d/l/?s=2502.jp&i=d,2026-03-26T08:35:00+00:00
2502,2502.T,2502.jp,2024-07-24,1891.23,1892.54,1845.26,1852.82,5167223,https://stooq.com/q/d/l/?s=2502.jp&i=d,2026-03-26T08:35:00+00:00
2502,2502.T,2502.jp,2024-07-25,1837.06,1866.61,1823.93,1848.22,5670666,https://stooq.com/q/d/l/?s=2502.jp&i=d,2026-03-26T08:35:00+00:00
2502,2502.T,2502.jp,2024-07-26,1857.08,1894.51,1855.11,1882.69,4959510,https://stooq.com/q/d/l/?s=2502.jp&i=d,2026-03-26T08:35:00+00:00
2502,2502.T,2502.jp,2024-07-29,1891.23,1892.88,1851.17,1860.37,5813202,https://stooq.com/q/d/l/?s=2502.jp&i=d,2026-03-26T08:35:00+00:00
2502,2502.T,2502.jp,2024-07-30,1855.11,1866.61,1808.49,1819.65,17845894,https://stooq.com/q/d/l/?s=2502.jp&i=d,2026-03-26T08:35:00+00:00
2502,2502.T,2502.jp,2024-07-31,1805.86,1832.13,1792.07,1823.93,6462836,https://stooq.com/q/d/l/?s=2502.jp&i=d,2026-03-26T08:35:00+00:00
2502,2502.T,2502.jp,2024-08-01,1806.52,1813.42,1745.77,1755.30,7626268,https://stooq.com/q/d/l/?s=2502.jp&i=d,2026-03-26T08:35:00+00:00
2502,2502.T,2502.jp,2024-08-02,1723.78,1746.11,1689.96,1689.96,8771122,https://stooq.com/q/d/l/?s=2502.jp&i=d,2026-03-26T08:35:00+00:00
2502,2502.T,2502.jp,2024-08-05,1657.12,1678.14,1502.15,1528.09,12917448,https://stooq.com/q/d/l/?s=2502.jp&i=d,2026-03-26T08:35:00+00:00
2502,2502.T,2502.jp,2024-08-06,1608.86,1667.31,1600.98,1644.98,8254278,https://stooq.com/q/d/l/?s=2502.jp&i=d,2026-03-26T08:35:00+00:00
2502,2502.T,2502.jp,2024-08-07,1603.61,1657.78,1598.68,1627.57,8965738,https://stooq.com/q/d/l/?s=2502.jp&i=d,2026-03-26T08:35:00+00:00
2502,2502.T,2502.jp,2024-08-08,1720.50,1758.91,1716.88,1744.46,11881019,https://stooq.com/q/d/l/?s=2502.jp&i=d,2026-03-26T08:35:00+00:00
2502,2502.T,2502.jp,2024-08-09,1744.14,1751.68,1678.79,1706.37,10719414,https://stooq.com/q/d/l/?s=2502.jp&i=d,2026-03-26T08:35:00+00:00
2502,2502.T,2502.jp,2024-08-13,1726.73,1727.06,1691.60,1706.37,5362143,https://stooq.com/q/d/l/?s=2502.jp&i=d,2026-03-26T08:35:00+00:00
2502,2502.T,2502.jp,2024-08-14,1733.95,1744.46,1704.08,1708.02,3129389,https://stooq.com/q/d/l/?s=2502.jp&i=d,2026-03-26T08:35:00+00:00
2502,2502.T,2502.jp,2024-08-15,1704.74,1723.78,1696.20,1708.34,3475373,https://stooq.com/q/d/l/?s=2502.jp&i=d,2026-03-26T08:35:00+00:00
2502,2502.T,2502.jp,2024-08-16,1739.86,1752.02,1714.59,1751.68,3748262,https://stooq.com/q/d/l/?s=2502.jp&i=d,2026-03-26T08:35:00+00:00
2502,2502.T,2502.jp,2024-08-19,1753.65,1769.09,1735.92,1737.24,3668161,https://stooq.com/q/d/l/?s=2502.jp&i=d,2026-03-26T08:35:00+00:00
2502,2502.T,2502.jp,2024-08-20,1756.61,1787.48,1754.31,1765.47,4460026,https://stooq.com/q/d/l/?s=2502.jp&i=d,2026-03-26T08:35:00+00:00
2502,2502.T,2502.jp,2024-08-21,1763.18,1776.97,1754.97,1767.78,3168982,https://stooq.com/q/d/l/?s=2502.jp&i=d,2026-03-26T08:35:00+00:00
2502,2502.T,2502.jp,2024-08-22,1775.32,1805.86,1775.00,1805.86,3540245,https://stooq.com/q/d/l/?s=2502.jp&i=d,2026-03-26T08:35:00+00:00
2502,2502.T,2502.jp,2024-08-23,1800.29,1809.80,1786.16,1787.80,3401364,https://stooq.com/q/d/l/?s=2502.jp&i=d,2026-03-26T08:35:00+00:00
2502,2502.T,2502.jp,2024-08-26,1773.03,1781.23,1757.93,1769.75,2629296,https://stooq.com/q/d/l/?s=2502.jp&i=d,2026-03-26T08:35:00+00:00
2502,2502.T,2502.jp,2024-08-27,1776.31,1782.55,1752.34,1761.53,2828176,https://stooq.com/q/d/l/?s=2502.jp&i=d,2026-03-26T08:35:00+00:00
2502,2502.T,2502.jp,2024-08-28,1757.59,1783.86,1754.97,1777.63,2981675,https://stooq.com/q/d/l/?s=2502.jp&i=d,2026-03-26T08:35:00+00:00
2502,2502.T,2502.jp,2024-08-29,1777.63,1786.49,1767.78,1786.49,2872946,https://stooq.com/q/d/l/?s=2502.jp&i=d,2026-03-26T08:35:00+00:00
2502,2502.T,2502.jp,2024-08-30,1786.82,1788.79,1773.69,1781.89,3907853,https://stooq.com/q/d/l/?s=2502.jp&i=d,2026-03-26T08:35:00+00:00
2502,2502.T,2502.jp,2024-09-02,1779.26,1780.91,1749.39,1763.18,3698922,https://stooq.com/q/d/l/?s=2502.jp&i=d,2026-03-26T08:35:00+00:00
2502,2502.T,2502.jp,2024-09-03,1746.76,1772.37,1745.12,1750.37,2456304,https://stooq.com/q/d/l/?s=2502.jp&i=d,2026-03-26T08:35:00+00:00
2502,2502.T,2502.jp,2024-09-04,1746.76,1782.55,1745.77,1756.61,5628332,https://stooq.com/q/d/l/?s=2502.jp&i=d,2026-03-26T08:35:00+00:00
2502,2502.T,2502.jp,2024-09-05,1752.67,1794.37,1741.18,1794.37,5070676,https://stooq.com/q/d/l/?s=2502.jp&i=d,2026-03-26T08:35:00+00:00
2502,2502.T,2502.jp,2024-09-06,1797.98,1814.73,1775.00,1786.16,4740225,https://stooq.com/q/d/l/?s=2502.jp&i=d,2026-03-26T08:35:00+00:00
2502,2502.T,2502.jp,2024-09-09,1762.52,1833.78,1756.94,1833.78,5791578,https://stooq.com/q/d/l/?s=2502.jp&i=d,2026-03-26T08:35:00+00:00
2502,2502.T,2502.jp,2024-09-10,1853.80,1857.42,1832.13,1832.46,4443580,https://stooq.com/q/d/l/?s=2502.jp&i=d,2026-03-26T08:35:00+00:00
2502,2502.T,2502.jp,2024-09-11,1818.67,1825.56,1765.15,1785.17,5623763,https://stooq.com/q/d/l/?s=2502.jp&i=d,2026-03-26T08:35:00+00:00
2502,2502.T,2502.jp,2024-09-12,1807.18,1811.77,1774.67,1800.94,5150776,https://stooq.com/q/d/l/?s=2502.jp&i=d,2026-03-26T08:35:00+00:00
2502,2502.T,2502.jp,2024-09-13,1797.33,1808.49,1780.25,1794.70,6381213,https://stooq.com/q/d/l/?s=2502.jp&i=d,2026-03-26T08:35:00+00:00
2502,2502.T,2502.jp,2024-09-17,1796.35,1800.61,1768.10,1798.97,5120929,https://stooq.com/q/d/l/?s=2502.jp&i=d,2026-03-26T08:35:00+00:00
2502,2502.T,2502.jp,2024-09-18,1812.76,1832.79,1805.21,1813.09,4983875,https://stooq.com/q/d/l/?s=2502.jp&i=d,2026-03-26T08:35:00+00:00
2502,2502.T,2502.jp,2024-09-19,1837.06,1853.80,1813.42,1816.37,4717078,https://stooq.com/q/d/l/?s=2502.jp&i=d,2026-03-26T08:35:00+00:00
2502,2502.T,2502.jp,2024-09-20,1847.23,1847.57,1819.99,1828.52,5135244,https://stooq.com/q/d/l/?s=2502.jp&i=d,2026-03-26T08:35:00+00:00
2502,2502.T,2502.jp,2024-09-24,1845.92,1863.65,1839.69,1847.89,4577588,https://stooq.com/q/d/l/?s=2502.jp&i=d,2026-03-26T08:35:00+00:00
2502,2502.T,2502.jp,2024-09-25,1860.37,1860.37,1839.35,1849.54,3424511,https://stooq.com/q/d/l/?s=2502.jp&i=d,2026-03-26T08:35:00+00:00
2502,2502.T,2502.jp,2024-09-26,1861.36,1889.92,1854.46,1889.92,5659397,https://stooq.com/q/d/l/?s=2502.jp&i=d,2026-03-26T08:35:00+00:00
2502,2502.T,2502.jp,2024-09-27,1894.68,1929.65,1884.34,1928.66,3976177,https://stooq.com/q/d/l/?s=2502.jp&i=d,2026-03-26T08:35:00+00:00
2502,2502.T,2502.jp,2024-09-30,1861.68,1874.98,1838.53,1850.35,7280893,https://stooq.com/q/d/l/?s=2502.jp&i=d,2026-03-26T08:35:00+00:00
2502,2502.T,2502.jp,2024-10-01,1871.53,1896.16,1819.33,1827.70,6214819,https://stooq.com/q/d/l/?s=2502.jp&i=d,2026-03-26T08:35:00+00:00
2502,2502.T,2502.jp,2024-10-02,1810.95,1822.28,1790.76,1818.83,6607605,https://stooq.com/q/d/l/?s=2502.jp&i=d,2026-03-26T08:35:00+00:00
2502,2502.T,2502.jp,2024-10-03,1841.98,1861.19,1812.92,1818.34,4504696,https://stooq.com/q/d/l/?s=2502.jp&i=d,2026-03-26T08:35:00+00:00
2502,2502.T,2502.jp,2024-10-04,1820.31,1832.13,1817.85,1823.76,3947548,https://stooq.com/q/d/l/?s=2502.jp&i=d,2026-03-26T08:35:00+00:00
2502,2502.T,2502.jp,2024-10-07,1835.58,1845.43,1809.48,1831.15,5067021,https://stooq.com/q/d/l/?s=2502.jp&i=d,2026-03-26T08:35:00+00:00
2502,2502.T,2502.jp,2024-10-08,1816.37,1817.85,1789.77,1801.60,5165395,https://stooq.com/q/d/l/?s=2502.jp&i=d,2026-03-26T08:35:00+00:00
2502,2502.T,2502.jp,2024-10-09,1801.60,1808.49,1785.83,1798.64,4092114,https://stooq.com/q/d/l/?s=2502.jp&i=d,2026-03-26T08:35:00+00:00
2502,2502.T,2502.jp,2024-10-10,1808.49,1829.18,1802.58,1812.43,4996464,https://stooq.com/q/d/l/?s=2502.jp&i=d,2026-03-26T08:35:00+00:00
2502,2502.T,2502.jp,2024-10-11,1794.70,1797.65,1764.16,1770.07,5890764,https://stooq.com/q/d/l/?s=2502.jp&i=d,2026-03-26T08:35:00+00:00
2502,2502.T,2502.jp,2024-10-15,1784.36,1803.57,1779.92,1790.27,5818988,https://stooq.com/q/d/l/?s=2502.jp&i=d,2026-03-26T08:35:00+00:00
2502,2502.T,2502.jp,2024-10-16,1772.04,1789.77,1758.25,1766.13,4278507,https://stooq.com/q/d/l/?s=2502.jp&i=d,2026-03-26T08:35:00+00:00
2502,2502.T,2502.jp,2024-10-17,1773.03,1788.30,1754.31,1761.70,5624372,https://stooq.com/q/d/l/?s=2502.jp&i=d,2026-03-26T08:35:00+00:00
2502,2502.T,2502.jp,2024-10-18,1750.37,1757.27,1722.79,1729.20,5221435,https://stooq.com/q/d/l/?s=2502.jp&i=d,2026-03-26T08:35:00+00:00
2502,2502.T,2502.jp,2024-10-21,1733.63,1741.51,1722.30,1725.75,4590177,https://stooq.com/q/d/l/?s=2502.jp&i=d,2026-03-26T08:35:00+00:00
2502,2502.T,2502.jp,2024-10-22,1718.85,1731.66,1705.06,1717.87,5077173,https://stooq.com/q/d/l/?s=2502.jp&i=d,2026-03-26T08:35:00+00:00
2502,2502.T,2502.jp,2024-10-23,1782.88,1787.80,1759.24,1771.06,6937142,https://stooq.com/q/d/l/?s=2502.jp&i=d,2026-03-26T08:35:00+00:00
2502,2502.T,2502.jp,2024-10-24,1777.46,1808.49,1769.09,1808.49,6954909,https://stooq.com/q/d/l/?s=2502.jp&i=d,2026-03-26T08:35:00+00:00
2502,2502.T,2502.jp,2024-10-25,1802.09,1807.51,1780.42,1798.15,4357490,https://stooq.com/q/d/l/?s=2502.jp&i=d,2026-03-26T08:35:00+00:00
2502,2502.T,2502.jp,2024-10-28,1798.64,1811.94,1788.30,1811.94,4192721,https://stooq.com/q/d/l/?s=2502.jp&i=d,2026-03-26T08:35:00+00:00
2502,2502.T,2502.jp,2024-10-29,1819.33,1820.80,1806.52,1813.42,2871931,https://stooq.com/q/d/l/?s=2502.jp&i=d,2026-03-26T08:35:00+00:00
2502,2502.T,2502.jp,2024-10-30,1808.49,1817.36,1802.09,1811.94,6048426,https://stooq.com/q/d/l/?s=2502.jp&i=d,2026-03-26T08:35:00+00:00
2502,2502.T,2502.jp,2024-10-31,1805.54,1814.89,1781.40,1811.94,5456152,https://stooq.com/q/d/l/?s=2502.jp&i=d,2026-03-26T08:35:00+00:00
2502,2502.T,2502.jp,2024-11-01,1793.22,1793.71,1770.56,1774.50,5157578,https://stooq.com/q/d/l/?s=2502.jp&i=d,2026-03-26T08:35:00+00:00
2502,2502.T,2502.jp,2024-11-05,1774.51,1775.49,1754.81,1772.54,3429587,https://stooq.com/q/d/l/?s=2502.jp&i=d,2026-03-26T08:35:00+00:00
2502,2502.T,2502.jp,2024-11-06,1784.36,1792.24,1759.24,1766.13,4069475,https://stooq.com/q/d/l/?s=2502.jp&i=d,2026-03-26T08:35:00+00:00
2502,2502.T,2502.jp,2024-11-07,1769.58,1786.33,1761.70,1780.42,4138001,https://stooq.com/q/d/l/?s=2502.jp&i=d,2026-03-26T08:35:00+00:00
2502,2502.T,2502.jp,2024-11-08,1780.42,1784.85,1754.81,1764.16,4545000,https://stooq.com/q/d/l/?s=2502.jp&i=d,2026-03-26T08:35:00+00:00
2502,2502.T,2502.jp,2024-11-11,1741.51,1754.31,1732.64,1742.00,4141352,https://stooq.com/q/d/l/?s=2502.jp&i=d,2026-03-26T08:35:00+00:00
2502,2502.T,2502.jp,2024-11-12,1739.54,1740.52,1715.90,1731.17,4598704,https://stooq.com/q/d/l/?s=2502.jp&i=d,2026-03-26T08:35:00+00:00
2502,2502.T,2502.jp,2024-11-13,1731.17,1737.57,1717.87,1717.87,4473427,https://stooq.com/q/d/l/?s=2502.jp&i=d,2026-03-26T08:35:00+00:00
2502,2502.T,2502.jp,2024-11-14,1725.75,1734.61,1716.39,1726.73,6282026,https://stooq.com/q/d/l/?s=2502.jp&i=d,2026-03-26T08:35:00+00:00
2502,2502.T,2502.jp,2024-11-15,1577.01,1662.71,1576.52,1650.40,12250150,https://stooq.com/q/d/l/?s=2502.jp&i=d,2026-03-26T08:35:00+00:00
2502,2502.T,2502.jp,2024-11-18,1619.86,1631.68,1606.56,1631.68,8167883,https://stooq.com/q/d/l/?s=2502.jp&i=d,2026-03-26T08:35:00+00:00
2502,2502.T,2502.jp,2024-11-19,1623.80,1627.74,1591.79,1595.23,11339505,https://stooq.com/q/d/l/?s=2502.jp&i=d,2026-03-26T08:35:00+00:00
2502,2502.T,2502.jp,2024-11-20,1595.73,1609.02,1583.91,1594.25,12369234,https://stooq.com/q/d/l/?s=2502.jp&i=d,2026-03-26T08:35:00+00:00
2502,2502.T,2502.jp,2024-11-21,1593.76,1605.08,1582.43,1587.35,7186884,https://stooq.com/q/d/l/?s=2502.jp&i=d,2026-03-26T08:35:00+00:00
2502,2502.T,2502.jp,2024-11-22,1576.03,1592.77,1567.16,1580.95,9502683,https://stooq.com/q/d/l/?s=2502.jp&i=d,2026-03-26T08:35:00+00:00
2502,2502.T,2502.jp,2024-11-25,1589.82,1590.31,1570.12,1572.58,9183907,https://stooq.com/q/d/l/?s=2502.jp&i=d,2026-03-26T08:35:00+00:00
2502,2502.T,2502.jp,2024-11-26,1568.15,1581.94,1554.85,1581.94,5981625,https://stooq.com/q/d/l/?s=2502.jp&i=d,2026-03-26T08:35:00+00:00
2502,2502.T,2502.jp,2024-11-27,1577.01,1580.95,1551.40,1564.21,6054416,https://stooq.com/q/d/l/?s=2502.jp&i=d,2026-03-26T08:35:00+00:00
2502,2502.T,2502.jp,2024-11-28,1574.06,1612.96,1572.09,1601.64,5476558,https://stooq.com/q/d/l/?s=2502.jp&i=d,2026-03-26T08:35:00+00:00
2502,2502.T,2502.jp,2024-11-29,1594.74,1607.05,1577.01,1605.08,5077275,https://stooq.com/q/d/l/?s=2502.jp&i=d,2026-03-26T08:35:00+00:00
2502,2502.T,2502.jp,2024-12-02,1613.46,1613.46,1588.34,1590.80,4777686,https://stooq.com/q/d/l/?s=2502.jp&i=d,2026-03-26T08:35:00+00:00
2502,2502.T,2502.jp,2024-12-03,1591.29,1619.86,1585.88,1609.02,6584356,https://stooq.com/q/d/l/?s=2502.jp&i=d,2026-03-26T08:35:00+00:00
2502,2502.T,2502.jp,2024-12-04,1605.58,1606.07,1589.82,1596.71,4818396,https://stooq.com/q/d/l/?s=2502.jp&i=d,2026-03-26T08:35:00+00:00
2502,2502.T,2502.jp,2024-12-05,1588.83,1596.71,1581.94,1590.80,4888750,https://stooq.com/q/d/l/?s=2502.jp&i=d,2026-03-26T08:35:00+00:00
2502,2502.T,2502.jp,2024-12-06,1597.20,1598.68,1578.00,1590.80,4693017,https://stooq.com/q/d/l/?s=2502.jp&i=d,2026-03-26T08:35:00+00:00
2502,2502.T,2502.jp,2024-12-09,1592.28,1611.49,1586.86,1603.61,5157172,https://stooq.com/q/d/l/?s=2502.jp&i=d,2026-03-26T08:35:00+00:00
2502,2502.T,2502.jp,2024-12-10,1615.43,1615.43,1588.83,1599.17,4309572,https://stooq.com/q/d/l/?s=2502.jp&i=d,2026-03-26T08:35:00+00:00
2502,2502.T,2502.jp,2024-12-11,1599.67,1612.47,1589.32,1610.01,6124161,https://stooq.com/q/d/l/?s=2502.jp&i=d,2026-03-26T08:35:00+00:00
2502,2502.T,2502.jp,2024-12-12,1625.28,1644.49,1617.89,1637.59,6886991,https://stooq.com/q/d/l/?s=2502.jp&i=d,2026-03-26T08:35:00+00:00
2502,2502.T,2502.jp,2024-12-13,1621.34,1642.51,1621.34,1635.62,6614508,https://stooq.com/q/d/l/?s=2502.jp&i=d,2026-03-26T08:35:00+00:00
2502,2502.T,2502.jp,2024-12-16,1637.59,1643.99,1628.23,1635.13,3635472,https://stooq.com/q/d/l/?s=2502.jp&i=d,2026-03-26T08:35:00+00:00
2502,2502.T,2502.jp,2024-12-17,1635.13,1646.46,1619.37,1622.81,4158915,https://stooq.com/q/d/l/?s=2502.jp&i=d,2026-03-26T08:35:00+00:00
2502,2502.T,2502.jp,2024-12-18,1623.80,1637.10,1621.34,1621.34,4189574,https://stooq.com/q/d/l/?s=2502.jp&i=d,2026-03-26T08:35:00+00:00
2502,2502.T,2502.jp,2024-12-19,1612.96,1643.99,1611.49,1639.56,4184092,https://stooq.com/q/d/l/?s=2502.jp&i=d,2026-03-26T08:35:00+00:00
2502,2502.T,2502.jp,2024-12-20,1645.96,1662.22,1638.08,1638.08,9793846,https://stooq.com/q/d/l/?s=2502.jp&i=d,2026-03-26T08:35:00+00:00
2502,2502.T,2502.jp,2024-12-23,1648.92,1651.87,1629.22,1646.95,3507149,https://stooq.com/q/d/l/?s=2502.jp&i=d,2026-03-26T08:35:00+00:00
2502,2502.T,2502.jp,2024-12-24,1647.93,1654.83,1632.17,1635.13,2173973,https://stooq.com/q/d/l/?s=2502.jp&i=d,2026-03-26T08:35:00+00:00
2502,2502.T,2502.jp,2024-12-25,1634.14,1641.53,1620.35,1633.65,2779851,https://stooq.com/q/d/l/?s=2502.jp&i=d,2026-03-26T08:35:00+00:00
2502,2502.T,2502.jp,2024-12-26,1633.16,1646.95,1631.19,1643.50,3453343,https://stooq.com/q/d/l/?s=2502.jp&i=d,2026-03-26T08:35:00+00:00
2502,2502.T,2502.jp,2024-12-27,1650.00,1665.50,1643.00,1664.00,3757400,https://stooq.com/q/d/l/?s=2502.jp&i=d,2026-03-26T08:35:00+00:00
2502,2502.T,2502.jp,2024-12-30,1666.00,1672.00,1650.50,1657.00,2882100,https://stooq.com/q/d/l/?s=2502.jp&i=d,2026-03-26T08:35:00+00:00
2502,2502.T,2502.jp,2025-01-06,1644.50,1646.50,1592.00,1609.50,9415800,https://stooq.com/q/d/l/?s=2502.jp&i=d,2026-03-26T08:35:00+00:00
2502,2502.T,2502.jp,2025-01-07,1613.00,1622.50,1592.00,1597.50,5344500,https://stooq.com/q/d/l/?s=2502.jp&i=d,2026-03-26T08:35:00+00:00
2502,2502.T,2502.jp,2025-01-08,1581.00,1588.00,1562.50,1575.50,7160200,https://stooq.com/q/d/l/?s=2502.jp&i=d,2026-03-26T08:35:00+00:00
2502,2502.T,2502.jp,2025-01-09,1581.00,1589.50,1567.50,1583.50,4868000,https://stooq.com/q/d/l/?s=2502.jp&i=d,2026-03-26T08:35:00+00:00
2502,2502.T,2502.jp,2025-01-10,1599.00,1617.00,1593.00,1606.00,7363000,https://stooq.com/q/d/l/?s=2502.jp&i=d,2026-03-26T08:35:00+00:00
2502,2502.T,2502.jp,2025-01-14,1610.00,1614.00,1569.50,1588.00,4624000,https://stooq.com/q/d/l/?s=2502.jp&i=d,2026-03-26T08:35:00+00:00
2502,2502.T,2502.jp,2025-01-15,1603.50,1604.00,1579.00,1592.50,3820100,https://stooq.com/q/d/l/?s=2502.jp&i=d,2026-03-26T08:35:00+00:00
2502,2502.T,2502.jp,2025-01-16,1582.00,1585.50,1574.00,1578.50,4204400,https://stooq.com/q/d/l/?s=2502.jp&i=d,2026-03-26T08:35:00+00:00
2502,2502.T,2502.jp,2025-01-17,1566.50,1581.00,1563.00,1580.50,6582300,https://stooq.com/q/d/l/?s=2502.jp&i=d,2026-03-26T08:35:00+00:00
2502,2502.T,2502.jp,2025-01-20,1586.50,1596.00,1578.50,1587.50,3332200,https://stooq.com/q/d/l/?s=2502.jp&i=d,2026-03-26T08:35:00+00:00
2502,2502.T,2502.jp,2025-01-21,1617.00,1617.00,1591.50,1605.50,3890900,https://stooq.com/q/d/l/?s=2502.jp&i=d,2026-03-26T08:35:00+00:00
2502,2502.T,2502.jp,2025-01-22,1606.00,1622.00,1606.00,1617.50,4554900,https://stooq.com/q/d/l/?s=2502.jp&i=d,2026-03-26T08:35:00+00:00
2502,2502.T,2502.jp,2025-01-23,1606.00,1618.00,1589.00,1616.00,4649900,https://stooq.com/q/d/l/?s=2502.jp&i=d,2026-03-26T08:35:00+00:00
2502,2502.T,2502.jp,2025-01-24,1623.00,1658.00,1617.50,1643.00,5163200,https://stooq.com/q/d/l/?s=2502.jp&i=d,2026-03-26T08:35:00+00:00
2502,2502.T,2502.jp,2025-01-27,1666.50,1673.50,1659.00,1665.50,4062200,https://stooq.com/q/d/l/?s=2502.jp&i=d,2026-03-26T08:35:00+00:00
2502,2502.T,2502.jp,2025-01-28,1687.50,1714.50,1685.00,1687.50,5898500,https://stooq.com/q/d/l/?s=2502.jp&i=d,2026-03-26T08:35:00+00:00
2502,2502.T,2502.jp,2025-01-29,1690.50,1698.00,1686.00,1689.00,2816800,https://stooq.com/q/d/l/?s=2502.jp&i=d,2026-03-26T08:35:00+00:00
2502,2502.T,2502.jp,2025-01-30,1692.00,1698.50,1682.00,1698.50,2970400,https://stooq.com/q/d/l/?s=2502.jp&i=d,2026-03-26T08:35:00+00:00
2502,2502.T,2502.jp,2025-01-31,1693.00,1697.50,1678.50,1684.00,3450800,https://stooq.com/q/d/l/?s=2502.jp&i=d,2026-03-26T08:35:00+00:00
2502,2502.T,2502.jp,2025-02-03,1664.00,1670.50,1651.50,1659.50,4402700,https://stooq.com/q/d/l/?s=2502.jp&i=d,2026-03-26T08:35:00+00:00
2502,2502.T,2502.jp,2025-02-04,1675.00,1675.50,1636.00,1638.50,4196100,https://stooq.com/q/d/l/?s=2502.jp&i=d,2026-03-26T08:35:00+00:00
2502,2502.T,2502.jp,2025-02-05,1638.50,1648.00,1630.00,1638.50,3504800,https://stooq.com/q/d/l/?s=2502.jp&i=d,2026-03-26T08:35:00+00:00
2502,2502.T,2502.jp,2025-02-06,1630.50,1642.50,1626.00,1637.00,3433200,https://stooq.com/q/d/l/?s=2502.jp&i=d,2026-03-26T08:35:00+00:00
2502,2502.T,2502.jp,2025-02-07,1636.50,1654.00,1632.50,1650.00,4783100,https://stooq.com/q/d/l/?s=2502.jp&i=d,2026-03-26T08:35:00+00:00
2502,2502.T,2502.jp,2025-02-10,1638.00,1650.00,1631.00,1640.00,3614800,https://stooq.com/q/d/l/?s=2502.jp&i=d,2026-03-26T08:35:00+00:00
2502,2502.T,2502.jp,2025-02-12,1638.50,1647.50,1626.00,1633.00,5748600,https://stooq.com/q/d/l/?s=2502.jp&i=d,2026-03-26T08:35:00+00:00
2502,2502.T,2502.jp,2025-02-13,1655.00,1697.00,1651.00,1685.00,8055700,https://stooq.com/q/d/l/?s=2502.jp&i=d,2026-03-26T08:35:00+00:00
2502,2502.T,2502.jp,2025-02-14,1668.50,1756.00,1639.00,1697.50,14400700,https://stooq.com/q/d/l/?s=2502.jp&i=d,2026-03-26T08:35:00+00:00
2502,2502.T,2502.jp,2025-02-17,1725.00,1818.50,1722.50,1789.00,10099400,https://stooq.com/q/d/l/?s=2502.jp&i=d,2026-03-26T08:35:00+00:00
2502,2502.T,2502.jp,2025-02-18,1811.00,1813.00,1781.50,1799.50,5504500,https://stooq.com/q/d/l/?s=2502.jp&i=d,2026-03-26T08:35:00+00:00
2502,2502.T,2502.jp,2025-02-19,1807.00,1808.50,1780.00,1800.00,5044900,https://stooq.com/q/d/l/?s=2502.jp&i=d,2026-03-26T08:35:00+00:00
2502,2502.T,2502.jp,2025-02-20,1799.50,1800.50,1773.00,1785.00,4294700,https://stooq.com/q/d/l/?s=2502.jp&i=d,2026-03-26T08:35:00+00:00
2502,2502.T,2502.jp,2025-02-21,1770.00,1772.00,1752.50,1761.50,4146000,https://stooq.com/q/d/l/?s=2502.jp&i=d,2026-03-26T08:35:00+00:00
2502,2502.T,2502.jp,2025-02-25,1758.00,1777.00,1753.50,1773.50,4482900,https://stooq.com/q/d/l/?s=2502.jp&i=d,2026-03-26T08:35:00+00:00
2502,2502.T,2502.jp,2025-02-26,1777.50,1824.50,1774.50,1824.50,5744300,https://stooq.com/q/d/l/?s=2502.jp&i=d,2026-03-26T08:35:00+00:00
2502,2502.T,2502.jp,2025-02-27,1822.50,1853.50,1808.50,1846.50,5165200,https://stooq.com/q/d/l/?s=2502.jp&i=d,2026-03-26T08:35:00+00:00
2502,2502.T,2502.jp,2025-02-28,1865.00,1888.00,1844.50,1863.00,11132600,https://stooq.com/q/d/l/?s=2502.jp&i=d,2026-03-26T08:35:00+00:00
2502,2502.T,2502.jp,2025-03-03,1885.00,1916.00,1881.50,1901.00,8443700,https://stooq.com/q/d/l/?s=2502.jp&i=d,2026-03-26T08:35:00+00:00
2502,2502.T,2502.jp,2025-03-04,1913.50,1921.50,1883.00,1892.50,6035700,https://stooq.com/q/d/l/?s=2502.jp&i=d,2026-03-26T08:35:00+00:00
2502,2502.T,2502.jp,2025-03-05,1891.00,1926.00,1885.00,1906.00,5452800,https://stooq.com/q/d/l/?s=2502.jp&i=d,2026-03-26T08:35:00+00:00
2502,2502.T,2502.jp,2025-03-06,1905.00,1921.00,1900.00,1908.50,4531400,https://stooq.com/q/d/l/?s=2502.jp&i=d,2026-03-26T08:35:00+00:00
2502,2502.T,2502.jp,2025-03-07,1900.00,1931.00,1881.50,1925.50,5974100,https://stooq.com/q/d/l/?s=2502.jp&i=d,2026-03-26T08:35:00+00:00
2502,2502.T,2502.jp,2025-03-10,1930.00,1933.50,1904.00,1907.50,3962600,https://stooq.com/q/d/l/?s=2502.jp&i=d,2026-03-26T08:35:00+00:00
2502,2502.T,2502.jp,2025-03-11,1901.00,1909.00,1853.00,1875.50,7992400,https://stooq.com/q/d/l/?s=2502.jp&i=d,2026-03-26T08:35:00+00:00
2502,2502.T,2502.jp,2025-03-12,1875.00,1937.00,1871.50,1927.50,5177700,https://stooq.com/q/d/l/?s=2502.jp&i=d,2026-03-26T08:35:00+00:00
2502,2502.T,2502.jp,2025-03-13,1930.00,1932.50,1907.00,1910.50,4715500,https://stooq.com/q/d/l/?s=2502.jp&i=d,2026-03-26T08:35:00+00:00
2502,2502.T,2502.jp,2025-03-14,1909.50,1919.50,1896.50,1908.00,6046100,https://stooq.com/q/d/l/?s=2502.jp&i=d,2026-03-26T08:35:00+00:00
2502,2502.T,2502.jp,2025-03-17,1899.00,1933.00,1894.50,1924.50,4577000,https://stooq.com/q/d/l/?s=2502.jp&i=d,2026-03-26T08:35:00+00:00
2502,2502.T,2502.jp,2025-03-18,1959.00,1978.00,1952.50,1957.50,4781200,https://stooq.com/q/d/l/?s=2502.jp&i=d,2026-03-26T08:35:00+00:00
2502,2502.T,2502.jp,2025-03-19,1955.00,1970.50,1948.50,1948.50,2978900,https://stooq.com/q/d/l/?s=2502.jp&i=d,2026-03-26T08:35:00+00:00
2502,2502.T,2502.jp,2025-03-21,1945.00,1967.00,1940.50,1953.50,6086900,https://stooq.com/q/d/l/?s=2502.jp&i=d,2026-03-26T08:35:00+00:00
2502,2502.T,2502.jp,2025-03-24,1956.00,1963.00,1937.00,1956.00,3480100,https://stooq.com/q/d/l/?s=2502.jp&i=d,2026-03-26T08:35:00+00:00
2502,2502.T,2502.jp,2025-03-25,1952.00,1967.00,1946.50,1958.00,4832000,https://stooq.com/q/d/l/?s=2502.jp&i=d,2026-03-26T08:35:00+00:00
2502,2502.T,2502.jp,2025-03-26,1961.50,1962.00,1932.50,1935.00,5291100,https://stooq.com/q/d/l/?s=2502.jp&i=d,2026-03-26T08:35:00+00:00
2502,2502.T,2502.jp,2025-03-27,1940.00,1964.00,1937.50,1964.00,5930000,https://stooq.com/q/d/l/?s=2502.jp&i=d,2026-03-26T08:35:00+00:00
2502,2502.T,2502.jp,2025-03-28,1944.00,1976.00,1944.00,1959.00,4832100,https://stooq.com/q/d/l/?s=2502.jp&i=d,2026-03-26T08:35:00+00:00
2502,2502.T,2502.jp,2025-03-31,1927.50,1934.50,1905.00,1912.00,5466300,https://stooq.com/q/d/l/?s=2502.jp&i=d,2026-03-26T08:35:00+00:00
2502,2502.T,2502.jp,2025-04-01,1933.50,1957.00,1917.00,1922.00,5264300,https://stooq.com/q/d/l/?s=2502.jp&i=d,2026-03-26T08:35:00+00:00
2502,2502.T,2502.jp,2025-04-02,1904.00,1921.00,1897.50,1904.00,4317100,https://stooq.com/q/d/l/?s=2502.jp&i=d,2026-03-26T08:35:00+00:00
2502,2502.T,2502.jp,2025-04-03,1845.50,1911.00,1845.50,1908.00,5650400,https://stooq.com/q/d/l/?s=2502.jp&i=d,2026-03-26T08:35:00+00:00
2502,2502.T,2502.jp,2025-04-04,1908.00,1937.50,1894.00,1917.00,5992400,https://stooq.com/q/d/l/?s=2502.jp&i=d,2026-03-26T08:35:00+00:00
2502,2502.T,2502.jp,2025-04-07,1848.50,1904.00,1815.00,1850.00,8248600,https://stooq.com/q/d/l/?s=2502.jp&i=d,2026-03-26T08:35:00+00:00
2502,2502.T,2502.jp,2025-04-08,1902.00,1921.00,1878.00,1902.50,6876300,https://stooq.com/q/d/l/?s=2502.jp&i=d,2026-03-26T08:35:00+00:00
2502,2502.T,2502.jp,2025-04-09,1877.00,1884.50,1831.00,1864.00,5440700,https://stooq.com/q/d/l/?s=2502.jp&i=d,2026-03-26T08:35:00+00:00
2502,2502.T,2502.jp,2025-04-10,1930.00,1953.00,1890.00,1953.00,5183800,https://stooq.com/q/d/l/?s=2502.jp&i=d,2026-03-26T08:35:00+00:00
2502,2502.T,2502.jp,2025-04-11,1850.50,1938.00,1850.50,1923.00,5941200,https://stooq.com/q/d/l/?s=2502.jp&i=d,2026-03-26T08:35:00+00:00
2502,2502.T,2502.jp,2025-04-14,1924.00,1956.50,1920.50,1950.00,3250400,https://stooq.com/q/d/l/?s=2502.jp&i=d,2026-03-26T08:35:00+00:00
2502,2502.T,2502.jp,2025-04-15,1960.00,1965.00,1943.00,1959.50,4343900,https://stooq.com/q/d/l/?s=2502.jp&i=d,2026-03-26T08:35:00+00:00
2502,2502.T,2502.jp,2025-04-16,1970.00,1994.00,1969.00,1994.00,4548600,https://stooq.com/q/d/l/?s=2502.jp&i=d,2026-03-26T08:35:00+00:00
2502,2502.T,2502.jp,2025-04-17,2020.00,2023.00,2001.00,2013.50,4076300,https://stooq.com/q/d/l/?s=2502.jp&i=d,2026-03-26T08:35:00+00:00
2502,2502.T,2502.jp,2025-04-18,2013.00,2026.00,1992.50,2022.50,2769100,https://stooq.com/q/d/l/?s=2502.jp&i=d,2026-03-26T08:35:00+00:00
2502,2502.T,2502.jp,2025-04-21,2033.00,2047.00,2019.00,2026.00,3134200,https://stooq.com/q/d/l/?s=2502.jp&i=d,2026-03-26T08:35:00+00:00
2502,2502.T,2502.jp,2025-04-22,2030.00,2042.50,2008.50,2022.50,2591400,https://stooq.com/q/d/l/?s=2502.jp&i=d,2026-03-26T08:35:00+00:00
2502,2502.T,2502.jp,2025-04-23,2036.00,2040.50,2011.00,2030.00,4471700,https://stooq.com/q/d/l/?s=2502.jp&i=d,2026-03-26T08:35:00+00:00
2502,2502.T,2502.jp,2025-04-24,2020.00,2023.00,1953.50,1963.50,5799400,https://stooq.com/q/d/l/?s=2502.jp&i=d,2026-03-26T08:35:00+00:00
2502,2502.T,2502.jp,2025-04-25,1958.00,1960.00,1942.00,1948.00,6227100,https://stooq.com/q/d/l/?s=2502.jp&i=d,2026-03-26T08:35:00+00:00
2502,2502.T,2502.jp,2025-04-28,1941.50,1964.50,1938.00,1959.00,5211900,https://stooq.com/q/d/l/?s=2502.jp&i=d,2026-03-26T08:35:00+00:00
2502,2502.T,2502.jp,2025-04-30,1953.00,1974.00,1945.50,1972.50,5851600,https://stooq.com/q/d/l/?s=2502.jp&i=d,2026-03-26T08:35:00+00:00
2502,2502.T,2502.jp,2025-05-01,1972.50,2005.00,1968.00,2000.00,3742900,https://stooq.com/q/d/l/?s=2502.jp&i=d,2026-03-26T08:35:00+00:00
2502,2502.T,2502.jp,2025-05-02,1990.00,2009.50,1984.50,1992.00,3849600,https://stooq.com/q/d/l/?s=2502.jp&i=d,2026-03-26T08:35:00+00:00
2502,2502.T,2502.jp,2025-05-07,1997.50,2007.00,1985.00,1991.50,4804400,https://stooq.com/q/d/l/?s=2502.jp&i=d,2026-03-26T08:35:00+00:00
2502,2502.T,2502.jp,2025-05-08,1986.00,1997.00,1968.00,1997.00,3192400,https://stooq.com/q/d/l/?s=2502.jp&i=d,2026-03-26T08:35:00+00:00
2502,2502.T,2502.jp,2025-05-09,2010.00,2020.00,1991.50,2015.00,4887200,https://stooq.com/q/d/l/?s=2502.jp&i=d,2026-03-26T08:35:00+00:00
2502,2502.T,2502.jp,2025-05-12,2002.50,2040.50,1969.00,2017.00,6290600,https://stooq.com/q/d/l/?s=2502.jp&i=d,2026-03-26T08:35:00+00:00
2502,2502.T,2502.jp,2025-05-13,1975.00,2004.00,1942.00,1977.00,6901400,https://stooq.com/q/d/l/?s=2502.jp&i=d,2026-03-26T08:35:00+00:00
2502,2502.T,2502.jp,2025-05-14,1970.00,1976.00,1912.50,1926.50,6586700,https://stooq.com/q/d/l/?s=2502.jp&i=d,2026-03-26T08:35:00+00:00
2502,2502.T,2502.jp,2025-05-15,1920.00,1967.50,1917.00,1956.50,4034800,https://stooq.com/q/d/l/?s=2502.jp&i=d,2026-03-26T08:35:00+00:00
2502,2502.T,2502.jp,2025-05-16,1974.00,1980.00,1927.50,1932.00,3136800,https://stooq.com/q/d/l/?s=2502.jp&i=d,2026-03-26T08:35:00+00:00
2502,2502.T,2502.jp,2025-05-19,1932.00,1949.00,1921.50,1932.00,3161900,https://stooq.com/q/d/l/?s=2502.jp&i=d,2026-03-26T08:35:00+00:00
2502,2502.T,2502.jp,2025-05-20,1925.00,1927.00,1874.00,1885.00,5140500,https://stooq.com/q/d/l/?s=2502.jp&i=d,2026-03-26T08:35:00+00:00
2502,2502.T,2502.jp,2025-05-21,1900.00,1900.00,1878.50,1878.50,3650500,https://stooq.com/q/d/l/?s=2502.jp&i=d,2026-03-26T08:35:00+00:00
2502,2502.T,2502.jp,2025-05-22,1877.50,1882.00,1858.00,1869.00,3264900,https://stooq.com/q/d/l/?s=2502.jp&i=d,2026-03-26T08:35:00+00:00
2502,2502.T,2502.jp,2025-05-23,1865.50,1888.00,1858.50,1869.00,3437800,https://stooq.com/q/d/l/?s=2502.jp&i=d,2026-03-26T08:35:00+00:00
2502,2502.T,2502.jp,2025-05-26,1867.00,1881.00,1848.00,1881.00,3731900,https://stooq.com/q/d/l/?s=2502.jp&i=d,2026-03-26T08:35:00+00:00
2502,2502.T,2502.jp,2025-05-27,1885.50,1893.00,1874.00,1877.00,2507500,https://stooq.com/q/d/l/?s=2502.jp&i=d,2026-03-26T08:35:00+00:00
2502,2502.T,2502.jp,2025-05-28,1898.50,1907.00,1885.00,1899.50,3641000,https://stooq.com/q/d/l/?s=2502.jp&i=d,2026-03-26T08:35:00+00:00
2502,2502.T,2502.jp,2025-05-29,1910.50,1920.00,1894.00,1899.00,4026900,https://stooq.com/q/d/l/?s=2502.jp&i=d,2026-03-26T08:35:00+00:00
2502,2502.T,2502.jp,2025-05-30,1898.00,1915.00,1892.50,1906.00,5858300,https://stooq.com/q/d/l/?s=2502.jp&i=d,2026-03-26T08:35:00+00:00
2502,2502.T,2502.jp,2025-06-02,1895.00,1903.50,1875.00,1900.00,3073000,https://stooq.com/q/d/l/?s=2502.jp&i=d,2026-03-26T08:35:00+00:00
2502,2502.T,2502.jp,2025-06-03,1890.00,1897.00,1875.50,1897.00,3002100,https://stooq.com/q/d/l/?s=2502.jp&i=d,2026-03-26T08:35:00+00:00
2502,2502.T,2502.jp,2025-06-04,1913.00,1927.00,1901.50,1906.50,3014300,https://stooq.com/q/d/l/?s=2502.jp&i=d,2026-03-26T08:35:00+00:00
2502,2502.T,2502.jp,2025-06-05,1900.00,1921.00,1893.50,1900.00,3230700,https://stooq.com/q/d/l/?s=2502.jp&i=d,2026-03-26T08:35:00+00:00
2502,2502.T,2502.jp,2025-06-06,1903.00,1914.00,1887.00,1894.50,2781500,https://stooq.com/q/d/l/?s=2502.jp&i=d,2026-03-26T08:35:00+00:00
2502,2502.T,2502.jp,2025-06-09,1890.00,1897.00,1880.00,1882.50,3278900,https://stooq.com/q/d/l/?s=2502.jp&i=d,2026-03-26T08:35:00+00:00
2502,2502.T,2502.jp,2025-06-10,1891.00,1899.00,1880.50,1896.00,3584300,https://stooq.com/q/d/l/?s=2502.jp&i=d,2026-03-26T08:35:00+00:00
2502,2502.T,2502.jp,2025-06-11,1890.00,1905.50,1882.00,1905.50,2405400,https://stooq.com/q/d/l/?s=2502.jp&i=d,2026-03-26T08:35:00+00:00
2502,2502.T,2502.jp,2025-06-12,1903.50,1926.50,1897.50,1903.50,4777900,https://stooq.com/q/d/l/?s=2502.jp&i=d,2026-03-26T08:35:00+00:00
2502,2502.T,2502.jp,2025-06-13,1900.00,1911.50,1875.50,1881.50,4358700,https://stooq.com/q/d/l/?s=2502.jp&i=d,2026-03-26T08:35:00+00:00
2502,2502.T,2502.jp,2025-06-16,1900.00,1928.50,1893.00,1923.50,3517400,https://stooq.com/q/d/l/?s=2502.jp&i=d,2026-03-26T08:35:00+00:00
2502,2502.T,2502.jp,2025-06-17,1923.50,1932.00,1903.00,1905.50,2661000,https://stooq.com/q/d/l/?s=2502.jp&i=d,2026-03-26T08:35:00+00:00
2502,2502.T,2502.jp,2025-06-18,1915.00,1958.50,1915.00,1932.50,4951200,https://stooq.com/q/d/l/?s=2502.jp&i=d,2026-03-26T08:35:00+00:00
2502,2502.T,2502.jp,2025-06-19,1932.00,1944.00,1916.50,1940.00,3168900,https://stooq.com/q/d/l/?s=2502.jp&i=d,2026-03-26T08:35:00+00:00
2502,2502.T,2502.jp,2025-06-20,1955.00,1961.00,1936.50,1944.00,9771100,https://stooq.com/q/d/l/?s=2502.jp&i=d,2026-03-26T08:35:00+00:00
2502,2502.T,2502.jp,2025-06-23,1939.00,1965.00,1935.50,1962.00,3152400,https://stooq.com/q/d/l/?s=2502.jp&i=d,2026-03-26T08:35:00+00:00
2502,2502.T,2502.jp,2025-06-24,1994.50,2004.50,1968.50,1968.50,3500400,https://stooq.com/q/d/l/?s=2502.jp&i=d,2026-03-26T08:35:00+00:00
2502,2502.T,2502.jp,2025-06-25,1951.00,1963.50,1939.50,1946.00,3987600,https://stooq.com/q/d/l/?s=2502.jp&i=d,2026-03-26T08:35:00+00:00
2502,2502.T,2502.jp,2025-06-26,1939.50,1944.50,1911.50,1924.50,4514200,https://stooq.com/q/d/l/?s=2502.jp&i=d,2026-03-26T08:35:00+00:00
2502,2502.T,2502.jp,2025-06-27,1924.00,1924.00,1891.00,1898.50,5493900,https://stooq.com/q/d/l/?s=2502.jp&i=d,2026-03-26T08:35:00+00:00
2502,2502.T,2502.jp,2025-06-30,1919.50,1931.00,1912.00,1927.50,4918300,https://stooq.com/q/d/l/?s=2502.jp&i=d,2026-03-26T08:35:00+00:00
2502,2502.T,2502.jp,2025-07-01,1950.00,1959.50,1930.50,1950.00,4245600,https://stooq.com/q/d/l/?s=2502.jp&i=d,2026-03-26T08:35:00+00:00
2502,2502.T,2502.jp,2025-07-02,1941.00,1969.50,1938.00,1964.00,3692600,https://stooq.com/q/d/l/?s=2502.jp&i=d,2026-03-26T08:35:00+00:00
2502,2502.T,2502.jp,2025-07-03,1956.00,1965.00,1939.50,1940.00,4630600,https://stooq.com/q/d/l/?s=2502.jp&i=d,2026-03-26T08:35:00+00:00
2502,2502.T,2502.jp,2025-07-04,1917.50,1938.00,1915.00,1929.00,5609800,https://stooq.com/q/d/l/?s=2502.jp&i=d,2026-03-26T08:35:00+00:00
2502,2502.T,2502.jp,2025-07-07,1934.00,1945.00,1913.00,1922.50,4190400,https://stooq.com/q/d/l/?s=2502.jp&i=d,2026-03-26T08:35:00+00:00
2502,2502.T,2502.jp,2025-07-08,1908.50,1931.00,1863.00,1872.00,6420400,https://stooq.com/q/d/l/?s=2502.jp&i=d,2026-03-26T08:35:00+00:00
2502,2502.T,2502.jp,2025-07-09,1895.00,1898.00,1874.50,1883.00,4738000,https://stooq.com/q/d/l/?s=2502.jp&i=d,2026-03-26T08:35:00+00:00
2502,2502.T,2502.jp,2025-07-10,1891.00,1893.00,1850.00,1855.00,6018600,https://stooq.com/q/d/l/?s=2502.jp&i=d,2026-03-26T08:35:00+00:00
2502,2502.T,2502.jp,2025-07-11,1856.50,1860.50,1836.50,1847.00,6507500,https://stooq.com/q/d/l/?s=2502.jp&i=d,2026-03-26T08:35:00+00:00
2502,2502.T,2502.jp,2025-07-14,1841.00,1863.00,1839.00,1855.00,3576300,https://stooq.com/q/d/l/?s=2502.jp&i=d,2026-03-26T08:35:00+00:00
2502,2502.T,2502.jp,2025-07-15,1850.00,1853.50,1832.50,1838.50,4007700,https://stooq.com/q/d/l/?s=2502.jp&i=d,2026-03-26T08:35:00+00:00
2502,2502.T,2502.jp,2025-07-16,1865.00,1899.00,1857.00,1893.50,6973100,https://stooq.com/q/d/l/?s=2502.jp&i=d,2026-03-26T08:35:00+00:00
2502,2502.T,2502.jp,2025-07-17,1874.50,1880.50,1860.00,1866.50,4648500,https://stooq.com/q/d/l/?s=2502.jp&i=d,2026-03-26T08:35:00+00:00
2502,2502.T,2502.jp,2025-07-18,1880.00,1886.50,1861.50,1877.00,3882900,https://stooq.com/q/d/l/?s=2502.jp&i=d,2026-03-26T08:35:00+00:00
2502,2502.T,2502.jp,2025-07-22,1872.50,1908.00,1865.50,1878.50,3742600,https://stooq.com/q/d/l/?s=2502.jp&i=d,2026-03-26T08:35:00+00:00
2502,2502.T,2502.jp,2025-07-23,1870.00,1928.50,1868.50,1918.00,5847700,https://stooq.com/q/d/l/?s=2502.jp&i=d,2026-03-26T08:35:00+00:00
2502,2502.T,2502.jp,2025-07-24,1937.00,1975.00,1932.00,1961.50,7578700,https://stooq.com/q/d/l/?s=2502.jp&i=d,2026-03-26T08:35:00+00:00
2502,2502.T,2502.jp,2025-07-25,1967.00,1971.00,1927.00,1934.00,3815600,https://stooq.com/q/d/l/?s=2502.jp&i=d,2026-03-26T08:35:00+00:00
2502,2502.T,2502.jp,2025-07-28,1927.50,1941.00,1918.50,1933.50,3379000,https://stooq.com/q/d/l/?s=2502.jp&i=d,2026-03-26T08:35:00+00:00
2502,2502.T,2502.jp,2025-07-29,1909.00,1909.00,1873.00,1885.00,4839100,https://stooq.com/q/d/l/?s=2502.jp&i=d,2026-03-26T08:35:00+00:00
2502,2502.T,2502.jp,2025-07-30,1884.00,1913.50,1881.00,1913.50,3969100,https://stooq.com/q/d/l/?s=2502.jp&i=d,2026-03-26T08:35:00+00:00
2502,2502.T,2502.jp,2025-07-31,1933.50,1939.50,1916.00,1919.00,3939600,https://stooq.com/q/d/l/?s=2502.jp&i=d,2026-03-26T08:35:00+00:00
2502,2502.T,2502.jp,2025-08-01,1933.50,1955.00,1923.00,1931.00,3430500,https://stooq.com/q/d/l/?s=2502.jp&i=d,2026-03-26T08:35:00+00:00
2502,2502.T,2502.jp,2025-08-04,1911.50,1922.50,1888.50,1904.00,3146800,https://stooq.com/q/d/l/?s=2502.jp&i=d,2026-03-26T08:35:00+00:00
2502,2502.T,2502.jp,2025-08-05,1904.00,1912.50,1883.00,1900.00,3828600,https://stooq.com/q/d/l/?s=2502.jp&i=d,2026-03-26T08:35:00+00:00
2502,2502.T,2502.jp,2025-08-06,1907.50,1925.50,1903.00,1910.00,4051700,https://stooq.com/q/d/l/?s=2502.jp&i=d,2026-03-26T08:35:00+00:00
2502,2502.T,2502.jp,2025-08-07,1920.00,1937.50,1869.00,1919.50,7526900,https://stooq.com/q/d/l/?s=2502.jp&i=d,2026-03-26T08:35:00+00:00
2502,2502.T,2502.jp,2025-08-08,1950.00,1989.00,1941.00,1979.00,8303400,https://stooq.com/q/d/l/?s=2502.jp&i=d,2026-03-26T08:35:00+00:00
2502,2502.T,2502.jp,2025-08-12,1976.00,2005.50,1952.50,1979.50,6910300,https://stooq.com/q/d/l/?s=2502.jp&i=d,2026-03-26T08:35:00+00:00
2502,2502.T,2502.jp,2025-08-13,1973.50,1985.00,1952.00,1952.00,4506900,https://stooq.com/q/d/l/?s=2502.jp&i=d,2026-03-26T08:35:00+00:00
2502,2502.T,2502.jp,2025-08-14,1927.00,1942.00,1913.50,1922.50,5164700,https://stooq.com/q/d/l/?s=2502.jp&i=d,2026-03-26T08:35:00+00:00
2502,2502.T,2502.jp,2025-08-15,1913.00,1915.00,1892.00,1910.00,4950900,https://stooq.com/q/d/l/?s=2502.jp&i=d,2026-03-26T08:35:00+00:00
2502,2502.T,2502.jp,2025-08-18,1920.00,1943.00,1905.00,1905.00,4589200,https://stooq.com/q/d/l/?s=2502.jp&i=d,2026-03-26T08:35:00+00:00
2502,2502.T,2502.jp,2025-08-19,1905.00,1934.00,1901.00,1923.00,4741000,https://stooq.com/q/d/l/?s=2502.jp&i=d,2026-03-26T08:35:00+00:00
2502,2502.T,2502.jp,2025-08-20,1936.50,1948.50,1929.50,1932.50,4402300,https://stooq.com/q/d/l/?s=2502.jp&i=d,2026-03-26T08:35:00+00:00
2502,2502.T,2502.jp,2025-08-21,1952.00,1960.00,1910.50,1910.50,4008200,https://stooq.com/q/d/l/?s=2502.jp&i=d,2026-03-26T08:35:00+00:00
2502,2502.T,2502.jp,2025-08-22,1910.00,1923.50,1906.50,1916.00,3954200,https://stooq.com/q/d/l/?s=2502.jp&i=d,2026-03-26T08:35:00+00:00
2502,2502.T,2502.jp,2025-08-25,1906.00,1908.00,1879.00,1882.00,3181300,https://stooq.com/q/d/l/?s=2502.jp&i=d,2026-03-26T08:35:00+00:00
2502,2502.T,2502.jp,2025-08-26,1875.00,1881.00,1856.50,1856.50,5631000,https://stooq.com/q/d/l/?s=2502.jp&i=d,2026-03-26T08:35:00+00:00
2502,2502.T,2502.jp,2025-08-27,1855.00,1861.50,1846.00,1854.50,4235100,https://stooq.com/q/d/l/?s=2502.jp&i=d,2026-03-26T08:35:00+00:00
2502,2502.T,2502.jp,2025-08-28,1870.00,1880.00,1863.00,1874.00,2749600,https://stooq.com/q/d/l/?s=2502.jp&i=d,2026-03-26T08:35:00+00:00
2502,2502.T,2502.jp,2025-08-29,1874.00,1876.00,1854.50,1856.50,3211300,https://stooq.com/q/d/l/?s=2502.jp&i=d,2026-03-26T08:35:00+00:00
2502,2502.T,2502.jp,2025-09-01,1856.50,1918.50,1856.00,1896.50,4787100,https://stooq.com/q/d/l/?s=2502.jp&i=d,2026-03-26T08:35:00+00:00
2502,2502.T,2502.jp,2025-09-02,1902.50,1953.50,1902.50,1953.50,5554500,https://stooq.com/q/d/l/?s=2502.jp&i=d,2026-03-26T08:35:00+00:00
2502,2502.T,2502.jp,2025-09-03,1952.00,1964.00,1898.00,1898.50,4785700,https://stooq.com/q/d/l/?s=2502.jp&i=d,2026-03-26T08:35:00+00:00
2502,2502.T,2502.jp,2025-09-04,1900.00,1905.50,1881.50,1887.50,4249100,https://stooq.com/q/d/l/?s=2502.jp&i=d,2026-03-26T08:35:00+00:00
2502,2502.T,2502.jp,2025-09-05,1902.00,1912.50,1884.50,1896.50,3373800,https://stooq.com/q/d/l/?s=2502.jp&i=d,2026-03-26T08:35:00+00:00
2502,2502.T,2502.jp,2025-09-08,1896.00,1914.00,1872.00,1879.50,5513600,https://stooq.com/q/d/l/?s=2502.jp&i=d,2026-03-26T08:35:00+00:00
2502,2502.T,2502.jp,2025-09-09,1880.00,1885.00,1866.00,1866.00,3893100,https://stooq.com/q/d/l/?s=2502.jp&i=d,2026-03-26T08:35:00+00:00
2502,2502.T,2502.jp,2025-09-10,1860.00,1871.00,1854.00,1854.00,4491300,https://stooq.com/q/d/l/?s=2502.jp&i=d,2026-03-26T08:35:00+00:00
2502,2502.T,2502.jp,2025-09-11,1850.00,1853.00,1827.00,1841.00,5298700,https://stooq.com/q/d/l/?s=2502.jp&i=d,2026-03-26T08:35:00+00:00
2502,2502.T,2502.jp,2025-09-12,1835.50,1842.50,1810.00,1819.00,8135300,https://stooq.com/q/d/l/?s=2502.jp&i=d,2026-03-26T08:35:00+00:00
2502,2502.T,2502.jp,2025-09-16,1800.00,1825.00,1790.50,1815.00,8988300,https://stooq.com/q/d/l/?s=2502.jp&i=d,2026-03-26T08:35:00+00:00
2502,2502.T,2502.jp,2025-09-17,1820.00,1825.50,1799.00,1801.00,4559500,https://stooq.com/q/d/l/?s=2502.jp&i=d,2026-03-26T08:35:00+00:00
2502,2502.T,2502.jp,2025-09-18,1815.50,1820.50,1790.00,1790.00,5918000,https://stooq.com/q/d/l/?s=2502.jp&i=d,2026-03-26T08:35:00+00:00
2502,2502.T,2502.jp,2025-09-19,1783.50,1799.50,1773.50,1780.00,7520200,https://stooq.com/q/d/l/?s=2502.jp&i=d,2026-03-26T08:35:00+00:00
2502,2502.T,2502.jp,2025-09-22,1780.00,1783.50,1765.00,1766.00,3896000,https://stooq.com/q/d/l/?s=2502.jp&i=d,2026-03-26T08:35:00+00:00
2502,2502.T,2502.jp,2025-09-24,1763.00,1794.00,1760.50,1787.00,5413500,https://stooq.com/q/d/l/?s=2502.jp&i=d,2026-03-26T08:35:00+00:00
2502,2502.T,2502.jp,2025-09-25,1803.50,1806.50,1791.00,1800.00,5004400,https://stooq.com/q/d/l/?s=2502.jp&i=d,2026-03-26T08:35:00+00:00
2502,2502.T,2502.jp,2025-09-26,1818.00,1842.00,1810.00,1839.00,6653300,https://stooq.com/q/d/l/?s=2502.jp&i=d,2026-03-26T08:35:00+00:00
2502,2502.T,2502.jp,2025-09-29,1829.00,1833.00,1782.50,1782.50,6868800,https://stooq.com/q/d/l/?s=2502.jp&i=d,2026-03-26T08:35:00+00:00
2502,2502.T,2502.jp,2025-09-30,1761.00,1790.50,1745.00,1775.50,8369300,https://stooq.com/q/d/l/?s=2502.jp&i=d,2026-03-26T08:35:00+00:00
2502,2502.T,2502.jp,2025-10-01,1780.00,1795.50,1769.00,1778.50,8153000,https://stooq.com/q/d/l/?s=2502.jp&i=d,2026-03-26T08:35:00+00:00
2502,2502.T,2502.jp,2025-10-02,1761.50,1770.50,1727.50,1731.50,8270700,https://stooq.com/q/d/l/?s=2502.jp&i=d,2026-03-26T08:35:00+00:00
2502,2502.T,2502.jp,2025-10-03,1715.00,1732.00,1709.50,1709.50,10599700,https://stooq.com/q/d/l/?s=2502.jp&i=d,2026-03-26T08:35:00+00:00
2502,2502.T,2502.jp,2025-10-06,1745.00,1749.50,1716.50,1736.50,12389500,https://stooq.com/q/d/l/?s=2502.jp&i=d,2026-03-26T08:35:00+00:00
2502,2502.T,2502.jp,2025-10-07,1745.00,1763.00,1744.00,1750.50,7764600,https://stooq.com/q/d/l/?s=2502.jp&i=d,2026-03-26T08:35:00+00:00
2502,2502.T,2502.jp,2025-10-08,1785.00,1799.50,1778.50,1785.50,8382800,https://stooq.com/q/d/l/?s=2502.jp&i=d,2026-03-26T08:35:00+00:00
2502,2502.T,2502.jp,2025-10-09,1766.00,1770.00,1747.00,1757.50,8069800,https://stooq.com/q/d/l/?s=2502.jp&i=d,2026-03-26T08:35:00+00:00
2502,2502.T,2502.jp,2025-10-10,1760.00,1767.00,1748.00,1759.00,9974100,https://stooq.com/q/d/l/?s=2502.jp&i=d,2026-03-26T08:35:00+00:00
2502,2502.T,2502.jp,2025-10-14,1727.50,1750.50,1723.00,1740.00,8286600,https://stooq.com/q/d/l/?s=2502.jp&i=d,2026-03-26T08:35:00+00:00
2502,2502.T,2502.jp,2025-10-15,1735.00,1736.50,1700.50,1716.00,9217300,https://stooq.com/q/d/l/?s=2502.jp&i=d,2026-03-26T08:35:00+00:00
2502,2502.T,2502.jp,2025-10-16,1705.00,1714.00,1696.00,1705.00,10320000,https://stooq.com/q/d/l/?s=2502.jp&i=d,2026-03-26T08:35:00+00:00
2502,2502.T,2502.jp,2025-10-17,1706.00,1726.00,1699.00,1726.00,10643000,https://stooq.com/q/d/l/?s=2502.jp&i=d,2026-03-26T08:35:00+00:00
2502,2502.T,2502.jp,2025-10-20,1758.00,1761.50,1736.50,1747.00,7115700,https://stooq.com/q/d/l/?s=2502.jp&i=d,2026-03-26T08:35:00+00:00
2502,2502.T,2502.jp,2025-10-21,1730.00,1746.50,1726.00,1736.50,6620700,https://stooq.com/q/d/l/?s=2502.jp&i=d,2026-03-26T08:35:00+00:00
2502,2502.T,2502.jp,2025-10-22,1736.50,1749.50,1736.50,1743.50,7648800,https://stooq.com/q/d/l/?s=2502.jp&i=d,2026-03-26T08:35:00+00:00
2502,2502.T,2502.jp,2025-10-23,1744.00,1752.50,1737.50,1745.00,5694800,https://stooq.com/q/d/l/?s=2502.jp&i=d,2026-03-26T08:35:00+00:00
2502,2502.T,2502.jp,2025-10-24,1740.50,1742.00,1715.50,1718.50,7062000,https://stooq.com/q/d/l/?s=2502.jp&i=d,2026-03-26T08:35:00+00:00
2502,2502.T,2502.jp,2025-10-27,1730.00,1738.00,1722.00,1731.00,5912300,https://stooq.com/q/d/l/?s=2502.jp&i=d,2026-03-26T08:35:00+00:00
2502,2502.T,2502.jp,2025-10-28,1741.50,1743.00,1726.00,1727.00,5776900,https://stooq.com/q/d/l/?s=2502.jp&i=d,2026-03-26T08:35:00+00:00
2502,2502.T,2502.jp,2025-10-29,1710.50,1718.00,1682.50,1683.00,8806700,https://stooq.com/q/d/l/?s=2502.jp&i=d,2026-03-26T08:35:00+00:00
2502,2502.T,2502.jp,2025-10-30,1665.00,1677.00,1651.50,1675.00,8568800,https://stooq.com/q/d/l/?s=2502.jp&i=d,2026-03-26T08:35:00+00:00
2502,2502.T,2502.jp,2025-10-31,1675.50,1679.00,1654.00,1661.00,10643700,https://stooq.com/q/d/l/?s=2502.jp&i=d,2026-03-26T08:35:00+00:00
2502,2502.T,2502.jp,2025-11-04,1686.50,1700.00,1682.00,1689.00,10850500,https://stooq.com/q/d/l/?s=2502.jp&i=d,2026-03-26T08:35:00+00:00
2502,2502.T,2502.jp,2025-11-05,1709.50,1721.50,1680.00,1693.00,9653400,https://stooq.com/q/d/l/?s=2502.jp&i=d,2026-03-26T08:35:00+00:00
2502,2502.T,2502.jp,2025-11-06,1700.00,1714.00,1698.50,1703.00,5883000,https://stooq.com/q/d/l/?s=2502.jp&i=d,2026-03-26T08:35:00+00:00
2502,2502.T,2502.jp,2025-11-07,1703.00,1731.50,1700.00,1731.50,7992300,https://stooq.com/q/d/l/?s=2502.jp&i=d,2026-03-26T08:35:00+00:00
2502,2502.T,2502.jp,2025-11-10,1731.50,1734.00,1717.50,1733.00,5595400,https://stooq.com/q/d/l/?s=2502.jp&i=d,2026-03-26T08:35:00+00:00
2502,2502.T,2502.jp,2025-11-11,1733.00,1740.50,1712.50,1731.00,6437400,https://stooq.com/q/d/l/?s=2502.jp&i=d,2026-03-26T08:35:00+00:00
2502,2502.T,2502.jp,2025-11-12,1749.00,1775.00,1726.50,1739.00,9181600,https://stooq.com/q/d/l/?s=2502.jp&i=d,2026-03-26T08:35:00+00:00
2502,2502.T,2502.jp,2025-11-13,1721.50,1773.00,1720.00,1769.50,7276100,https://stooq.com/q/d/l/?s=2502.jp&i=d,2026-03-26T08:35:00+00:00
2502,2502.T,2502.jp,2025-11-14,1778.00,1798.50,1763.00,1784.50,9905000,https://stooq.com/q/d/l/?s=2502.jp&i=d,2026-03-26T08:35:00+00:00
2502,2502.T,2502.jp,2025-11-17,1784.00,1817.00,1782.00,1795.00,6900200,https://stooq.com/q/d/l/?s=2502.jp&i=d,2026-03-26T08:35:00+00:00
2502,2502.T,2502.jp,2025-11-18,1788.00,1791.50,1761.00,1761.00,5710500,https://stooq.com/q/d/l/?s=2502.jp&i=d,2026-03-26T08:35:00+00:00
2502,2502.T,2502.jp,2025-11-19,1758.00,1777.00,1751.00,1760.00,6486800,https://stooq.com/q/d/l/?s=2502.jp&i=d,2026-03-26T08:35:00+00:00
2502,2502.T,2502.jp,2025-11-20,1748.00,1771.00,1733.00,1745.00,6512700,https://stooq.com/q/d/l/?s=2502.jp&i=d,2026-03-26T08:35:00+00:00
2502,2502.T,2502.jp,2025-11-21,1759.50,1763.50,1741.50,1749.00,26043700,https://stooq.com/q/d/l/?s=2502.jp&i=d,2026-03-26T08:35:00+00:00
2502,2502.T,2502.jp,2025-11-25,1743.00,1790.00,1740.00,1789.50,9497500,https://stooq.com/q/d/l/?s=2502.jp&i=d,2026-03-26T08:35:00+00:00
2502,2502.T,2502.jp,2025-11-26,1785.00,1799.50,1772.50,1799.50,5669500,https://stooq.com/q/d/l/?s=2502.jp&i=d,2026-03-26T08:35:00+00:00
2502,2502.T,2502.jp,2025-11-27,1800.00,1810.00,1771.00,1786.50,7340300,https://stooq.com/q/d/l/?s=2502.jp&i=d,2026-03-26T08:35:00+00:00
2502,2502.T,2502.jp,2025-11-28,1815.00,1835.50,1808.50,1812.50,8081700,https://stooq.com/q/d/l/?s=2502.jp&i=d,2026-03-26T08:35:00+00:00
2502,2502.T,2502.jp,2025-12-01,1802.00,1811.00,1787.00,1793.50,5633200,https://stooq.com/q/d/l/?s=2502.jp&i=d,2026-03-26T08:35:00+00:00
2502,2502.T,2502.jp,2025-12-02,1798.00,1809.50,1791.00,1805.00,5661500,https://stooq.com/q/d/l/?s=2502.jp&i=d,2026-03-26T08:35:00+00:00
2502,2502.T,2502.jp,2025-12-03,1792.00,1795.00,1773.00,1778.50,4804600,https://stooq.com/q/d/l/?s=2502.jp&i=d,2026-03-26T08:35:00+00:00
2502,2502.T,2502.jp,2025-12-04,1758.00,1781.50,1751.50,1778.50,5864100,https://stooq.com/q/d/l/?s=2502.jp&i=d,2026-03-26T08:35:00+00:00
2502,2502.T,2502.jp,2025-12-05,1761.50,1769.50,1718.00,1740.50,7362100,https://stooq.com/q/d/l/?s=2502.jp&i=d,2026-03-26T08:35:00+00:00
2502,2502.T,2502.jp,2025-12-08,1740.50,1755.50,1728.00,1750.00,5083100,https://stooq.com/q/d/l/?s=2502.jp&i=d,2026-03-26T08:35:00+00:00
2502,2502.T,2502.jp,2025-12-09,1750.00,1759.50,1741.50,1756.00,4357700,https://stooq.com/q/d/l/?s=2502.jp&i=d,2026-03-26T08:35:00+00:00
2502,2502.T,2502.jp,2025-12-10,1764.50,1764.50,1744.00,1759.50,5942700,https://stooq.com/q/d/l/?s=2502.jp&i=d,2026-03-26T08:35:00+00:00
2502,2502.T,2502.jp,2025-12-11,1764.50,1764.50,1746.00,1749.50,4590700,https://stooq.com/q/d/l/?s=2502.jp&i=d,2026-03-26T08:35:00+00:00
2502,2502.T,2502.jp,2025-12-12,1752.50,1768.00,1750.00,1762.50,5311500,https://stooq.com/q/d/l/?s=2502.jp&i=d,2026-03-26T08:35:00+00:00
2502,2502.T,2502.jp,2025-12-15,1764.00,1765.00,1731.50,1740.00,9263900,https://stooq.com/q/d/l/?s=2502.jp&i=d,2026-03-26T08:35:00+00:00
2502,2502.T,2502.jp,2025-12-16,1731.00,1744.50,1721.00,1731.50,9604600,https://stooq.com/q/d/l/?s=2502.jp&i=d,2026-03-26T08:35:00+00:00
2502,2502.T,2502.jp,2025-12-17,1730.00,1738.00,1722.50,1731.50,6160800,https://stooq.com/q/d/l/?s=2502.jp&i=d,2026-03-26T08:35:00+00:00
2502,2502.T,2502.jp,2025-12-18,1611.50,1661.50,1601.00,1632.50,29609300,https://stooq.com/q/d/l/?s=2502.jp&i=d,2026-03-26T08:35:00+00:00
2502,2502.T,2502.jp,2025-12-19,1642.50,1661.00,1640.00,1640.00,12358300,https://stooq.com/q/d/l/?s=2502.jp&i=d,2026-03-26T08:35:00+00:00
2502,2502.T,2502.jp,2025-12-22,1677.50,1679.00,1633.50,1645.00,8525700,https://stooq.com/q/d/l/?s=2502.jp&i=d,2026-03-26T08:35:00+00:00
2502,2502.T,2502.jp,2025-12-23,1640.50,1655.00,1637.00,1640.00,5562000,https://stooq.com/q/d/l/?s=2502.jp&i=d,2026-03-26T08:35:00+00:00
2502,2502.T,2502.jp,2025-12-24,1647.50,1653.50,1637.00,1640.00,5553000,https://stooq.com/q/d/l/?s=2502.jp&i=d,2026-03-26T08:35:00+00:00
2502,2502.T,2502.jp,2025-12-25,1650.00,1655.50,1643.00,1654.00,4285200,https://stooq.com/q/d/l/?s=2502.jp&i=d,2026-03-26T08:35:00+00:00
2502,2502.T,2502.jp,2025-12-26,1662.00,1677.50,1652.00,1667.50,5859900,https://stooq.com/q/d/l/?s=2502.jp&i=d,2026-03-26T08:35:00+00:00
2502,2502.T,2502.jp,2025-12-29,1650.00,1658.50,1640.00,1648.50,5888900,https://stooq.com/q/d/l/?s=2502.jp&i=d,2026-03-26T08:35:00+00:00
2502,2502.T,2502.jp,2025-12-30,1659.00,1659.50,1638.50,1639.50,5313700,https://stooq.com/q/d/l/?s=2502.jp&i=d,2026-03-26T08:35:00+00:00
2502,2502.T,2502.jp,2026-01-05,1651.00,1675.50,1649.50,1664.50,8486800,https://stooq.com/q/d/l/?s=2502.jp&i=d,2026-03-26T08:35:00+00:00
2502,2502.T,2502.jp,2026-01-06,1667.00,1689.50,1661.00,1683.00,6971500,https://stooq.com/q/d/l/?s=2502.jp&i=d,2026-03-26T08:35:00+00:00
2502,2502.T,2502.jp,2026-01-07,1662.00,1668.50,1645.00,1658.50,6055600,https://stooq.com/q/d/l/?s=2502.jp&i=d,2026-03-26T08:35:00+00:00
2502,2502.T,2502.jp,2026-01-08,1650.00,1656.00,1643.00,1646.00,8077400,https://stooq.com/q/d/l/?s=2502.jp&i=d,2026-03-26T08:35:00+00:00
2502,2502.T,2502.jp,2026-01-09,1675.00,1675.00,1654.50,1655.00,5977400,https://stooq.com/q/d/l/?s=2502.jp&i=d,2026-03-26T08:35:00+00:00
2502,2502.T,2502.jp,2026-01-13,1672.00,1673.00,1652.00,1652.00,11042100,https://stooq.com/q/d/l/?s=2502.jp&i=d,2026-03-26T08:35:00+00:00
2502,2502.T,2502.jp,2026-01-14,1650.00,1665.00,1645.00,1660.00,7541700,https://stooq.com/q/d/l/?s=2502.jp&i=d,2026-03-26T08:35:00+00:00
2502,2502.T,2502.jp,2026-01-15,1656.50,1662.00,1648.00,1652.00,7226900,https://stooq.com/q/d/l/?s=2502.jp&i=d,2026-03-26T08:35:00+00:00
2502,2502.T,2502.jp,2026-01-16,1649.00,1653.50,1641.00,1645.50,8771600,https://stooq.com/q/d/l/?s=2502.jp&i=d,2026-03-26T08:35:00+00:00
2502,2502.T,2502.jp,2026-01-19,1660.00,1676.00,1655.00,1676.00,6368600,https://stooq.com/q/d/l/?s=2502.jp&i=d,2026-03-26T08:35:00+00:00
2502,2502.T,2502.jp,2026-01-20,1686.00,1704.00,1678.50,1700.50,6219400,https://stooq.com/q/d/l/?s=2502.jp&i=d,2026-03-26T08:35:00+00:00
2502,2502.T,2502.jp,2026-01-21,1688.00,1691.00,1663.50,1665.00,6936800,https://stooq.com/q/d/l/?s=2502.jp&i=d,2026-03-26T08:35:00+00:00
2502,2502.T,2502.jp,2026-01-22,1665.00,1668.00,1651.00,1651.00,7264100,https://stooq.com/q/d/l/?s=2502.jp&i=d,2026-03-26T08:35:00+00:00
2502,2502.T,2502.jp,2026-01-23,1648.00,1653.00,1642.50,1647.00,8048900,https://stooq.com/q/d/l/?s=2502.jp&i=d,2026-03-26T08:35:00+00:00
2502,2502.T,2502.jp,2026-01-26,1655.00,1656.50,1644.00,1654.00,6765200,https://stooq.com/q/d/l/?s=2502.jp&i=d,2026-03-26T08:35:00+00:00
2502,2502.T,2502.jp,2026-01-27,1648.00,1648.50,1630.00,1630.00,7961800,https://stooq.com/q/d/l/?s=2502.jp&i=d,2026-03-26T08:35:00+00:00
2502,2502.T,2502.jp,2026-01-28,1609.00,1615.50,1597.00,1597.00,10077200,https://stooq.com/q/d/l/?s=2502.jp&i=d,2026-03-26T08:35:00+00:00
2502,2502.T,2502.jp,2026-01-29,1596.00,1602.50,1575.00,1602.50,9965600,https://stooq.com/q/d/l/?s=2502.jp&i=d,2026-03-26T08:35:00+00:00
2502,2502.T,2502.jp,2026-01-30,1591.00,1612.50,1577.00,1612.50,10548900,https://stooq.com/q/d/l/?s=2502.jp&i=d,2026-03-26T08:35:00+00:00
2502,2502.T,2502.jp,2026-02-02,1649.00,1653.50,1623.50,1653.50,7805300,https://stooq.com/q/d/l/?s=2502.jp&i=d,2026-03-26T08:35:00+00:00
2502,2502.T,2502.jp,2026-02-03,1640.50,1649.50,1633.50,1645.00,6841300,https://stooq.com/q/d/l/?s=2502.jp&i=d,2026-03-26T08:35:00+00:00
2502,2502.T,2502.jp,2026-02-04,1639.50,1662.00,1630.00,1653.00,5947600,https://stooq.com/q/d/l/?s=2502.jp&i=d,2026-03-26T08:35:00+00:00
2502,2502.T,2502.jp,2026-02-05,1680.00,1716.50,1674.00,1703.00,9610400,https://stooq.com/q/d/l/?s=2502.jp&i=d,2026-03-26T08:35:00+00:00
2502,2502.T,2502.jp,2026-02-06,1717.00,1727.00,1705.00,1727.00,6977400,https://stooq.com/q/d/l/?s=2502.jp&i=d,2026-03-26T08:35:00+00:00
2502,2502.T,2502.jp,2026-02-09,1740.00,1742.00,1693.50,1695.50,10000000,https://stooq.com/q/d/l/?s=2502.jp&i=d,2026-03-26T08:35:00+00:00
2502,2502.T,2502.jp,2026-02-10,1688.00,1706.50,1676.00,1683.50,7617500,https://stooq.com/q/d/l/?s=2502.jp&i=d,2026-03-26T08:35:00+00:00
2502,2502.T,2502.jp,2026-02-12,1680.00,1691.50,1665.50,1673.00,8873300,https://stooq.com/q/d/l/?s=2502.jp&i=d,2026-03-26T08:35:00+00:00
2502,2502.T,2502.jp,2026-02-13,1692.00,1696.50,1672.00,1696.50,7504400,https://stooq.com/q/d/l/?s=2502.jp&i=d,2026-03-26T08:35:00+00:00
2502,2502.T,2502.jp,2026-02-16,1675.00,1705.00,1670.00,1675.00,5894600,https://stooq.com/q/d/l/?s=2502.jp&i=d,2026-03-26T08:35:00+00:00
2502,2502.T,2502.jp,2026-02-17,1675.00,1691.50,1667.00,1680.00,6402200,https://stooq.com/q/d/l/?s=2502.jp&i=d,2026-03-26T08:35:00+00:00
2502,2502.T,2502.jp,2026-02-18,1680.00,1708.00,1679.00,1708.00,7334900,https://stooq.com/q/d/l/?s=2502.jp&i=d,2026-03-26T08:35:00+00:00
2502,2502.T,2502.jp,2026-02-19,1702.50,1709.00,1683.00,1694.00,5724100,https://stooq.com/q/d/l/?s=2502.jp&i=d,2026-03-26T08:35:00+00:00
2502,2502.T,2502.jp,2026-02-20,1705.00,1708.50,1684.00,1708.50,7302300,https://stooq.com/q/d/l/?s=2502.jp&i=d,2026-03-26T08:35:00+00:00
2502,2502.T,2502.jp,2026-02-24,1708.50,1716.00,1687.50,1703.00,7731600,https://stooq.com/q/d/l/?s=2502.jp&i=d,2026-03-26T08:35:00+00:00
2502,2502.T,2502.jp,2026-02-25,1716.00,1716.00,1692.50,1704.50,5944200,https://stooq.com/q/d/l/?s=2502.jp&i=d,2026-03-26T08:35:00+00:00
2502,2502.T,2502.jp,2026-02-26,1720.00,1745.00,1718.00,1732.00,8690400,https://stooq.com/q/d/l/?s=2502.jp&i=d,2026-03-26T08:35:00+00:00
2502,2502.T,2502.jp,2026-02-27,1720.00,1723.00,1687.00,1699.50,16261800,https://stooq.com/q/d/l/?s=2502.jp&i=d,2026-03-26T08:35:00+00:00
2502,2502.T,2502.jp,2026-03-02,1697.00,1705.50,1683.50,1691.00,7169400,https://stooq.com/q/d/l/?s=2502.jp&i=d,2026-03-26T08:35:00+00:00
2502,2502.T,2502.jp,2026-03-03,1688.50,1689.00,1663.50,1667.50,6763800,https://stooq.com/q/d/l/?s=2502.jp&i=d,2026-03-26T08:35:00+00:00
2502,2502.T,2502.jp,2026-03-04,1650.00,1658.00,1636.50,1647.00,8972100,https://stooq.com/q/d/l/?s=2502.jp&i=d,2026-03-26T08:35:00+00:00
2502,2502.T,2502.jp,2026-03-05,1670.00,1678.50,1636.50,1646.00,12144500,https://stooq.com/q/d/l/?s=2502.jp&i=d,2026-03-26T08:35:00+00:00
2502,2502.T,2502.jp,2026-03-06,1645.00,1665.50,1637.50,1648.00,9845900,https://stooq.com/q/d/l/?s=2502.jp&i=d,2026-03-26T08:35:00+00:00
2502,2502.T,2502.jp,2026-03-09,1620.00,1630.50,1605.50,1627.00,9287900,https://stooq.com/q/d/l/?s=2502.jp&i=d,2026-03-26T08:35:00+00:00
2502,2502.T,2502.jp,2026-03-10,1626.00,1630.00,1583.00,1606.00,11281800,https://stooq.com/q/d/l/?s=2502.jp&i=d,2026-03-26T08:35:00+00:00
2502,2502.T,2502.jp,2026-03-11,1608.00,1615.00,1588.00,1593.50,10329200,https://stooq.com/q/d/l/?s=2502.jp&i=d,2026-03-26T08:35:00+00:00
2502,2502.T,2502.jp,2026-03-12,1595.00,1602.00,1583.00,1597.00,9653200,https://stooq.com/q/d/l/?s=2502.jp&i=d,2026-03-26T08:35:00+00:00
2502,2502.T,2502.jp,2026-03-13,1590.50,1612.50,1588.50,1600.00,7465800,https://stooq.com/q/d/l/?s=2502.jp&i=d,2026-03-26T08:35:00+00:00
2502,2502.T,2502.jp,2026-03-16,1600.00,1601.00,1585.00,1587.00,5908800,https://stooq.com/q/d/l/?s=2502.jp&i=d,2026-03-26T08:35:00+00:00
2502,2502.T,2502.jp,2026-03-17,1587.00,1600.50,1581.00,1584.50,4063500,https://stooq.com/q/d/l/?s=2502.jp&i=d,2026-03-26T08:35:00+00:00
2502,2502.T,2502.jp,2026-03-18,1584.00,1604.50,1582.00,1598.50,4935800,https://stooq.com/q/d/l/?s=2502.jp&i=d,2026-03-26T08:35:00+00:00
2502,2502.T,2502.jp,2026-03-19,1582.00,1598.50,1571.00,1576.00,9209300,https://stooq.com/q/d/l/?s=2502.jp&i=d,2026-03-26T08:35:00+00:00
2502,2502.T,2502.jp,2026-03-23,1558.00,1577.00,1553.50,1557.50,10966500,https://stooq.com/q/d/l/?s=2502.jp&i=d,2026-03-26T08:35:00+00:00
2502,2502.T,2502.jp,2026-03-24,1560.00,1579.50,1560.00,1564.00,8569100,https://stooq.com/q/d/l/?s=2502.jp&i=d,2026-03-26T08:35:00+00:00
2502,2502.T,2502.jp,2026-03-25,1577.00,1578.00,1561.00,1564.50,7047100,https://stooq.com/q/d/l/?s=2502.jp&i=d,2026-03-26T08:35:00+00:00
