code,ticker_tse,symbol_stooq,date,open,high,low,close,volume,source,fetched_at
4183,4183.T,4183.jp,2005-03-22,1023.47,1036.60,1016.92,1018.56,1766875,https://stooq.com/q/d/l/?s=4183.jp&i=d,2026-03-26T08:35:00+00:00
4183,4183.T,4183.jp,2005-03-23,1020.21,1036.60,1013.64,1026.73,1653466,https://stooq.com/q/d/l/?s=4183.jp&i=d,2026-03-26T08:35:00+00:00
4183,4183.T,4183.jp,2005-03-24,1026.73,1028.40,1012.01,1012.01,1113286,https://stooq.com/q/d/l/?s=4183.jp&i=d,2026-03-26T08:35:00+00:00
4183,4183.T,4183.jp,2005-03-25,1021.83,1026.73,1016.92,1021.83,672486,https://stooq.com/q/d/l/?s=4183.jp&i=d,2026-03-26T08:35:00+00:00
4183,4183.T,4183.jp,2005-03-28,1025.12,1041.52,1020.21,1036.60,1850405,https://stooq.com/q/d/l/?s=4183.jp&i=d,2026-03-26T08:35:00+00:00
4183,4183.T,4183.jp,2005-03-29,1043.17,1046.44,1002.15,1010.36,2954545,https://stooq.com/q/d/l/?s=4183.jp&i=d,2026-03-26T08:35:00+00:00
4183,4183.T,4183.jp,2005-03-30,993.95,1000.50,974.26,982.48,1760774,https://stooq.com/q/d/l/?s=4183.jp&i=d,2026-03-26T08:35:00+00:00
4183,4183.T,4183.jp,2005-03-31,987.38,995.59,979.18,982.48,1790654,https://stooq.com/q/d/l/?s=4183.jp&i=d,2026-03-26T08:35:00+00:00
4183,4183.T,4183.jp,2005-04-01,989.05,1005.43,987.38,1005.43,1795529,https://stooq.com/q/d/l/?s=4183.jp&i=d,2026-03-26T08:35:00+00:00
4183,4183.T,4183.jp,2005-04-04,1005.43,1008.71,995.59,1000.50,1048052,https://stooq.com/q/d/l/?s=4183.jp&i=d,2026-03-26T08:35:00+00:00
4183,4183.T,4183.jp,2005-04-05,1007.08,1031.67,1007.08,1020.21,1561412,https://stooq.com/q/d/l/?s=4183.jp&i=d,2026-03-26T08:35:00+00:00
4183,4183.T,4183.jp,2005-04-06,1023.47,1034.96,1023.47,1031.67,834053,https://stooq.com/q/d/l/?s=4183.jp&i=d,2026-03-26T08:35:00+00:00
4183,4183.T,4183.jp,2005-04-07,1033.30,1033.30,1015.28,1025.12,1239492,https://stooq.com/q/d/l/?s=4183.jp&i=d,2026-03-26T08:35:00+00:00
4183,4183.T,4183.jp,2005-04-08,1025.12,1030.02,1016.92,1021.83,744429,https://stooq.com/q/d/l/?s=4183.jp&i=d,2026-03-26T08:35:00+00:00
4183,4183.T,4183.jp,2005-04-11,1015.28,1020.21,1003.80,1010.36,709677,https://stooq.com/q/d/l/?s=4183.jp&i=d,2026-03-26T08:35:00+00:00
4183,4183.T,4183.jp,2005-04-12,1012.01,1012.01,982.48,985.75,2130856,https://stooq.com/q/d/l/?s=4183.jp&i=d,2026-03-26T08:35:00+00:00
4183,4183.T,4183.jp,2005-04-13,995.59,1010.36,992.31,1000.50,2328398,https://stooq.com/q/d/l/?s=4183.jp&i=d,2026-03-26T08:35:00+00:00
4183,4183.T,4183.jp,2005-04-14,987.38,1000.50,982.48,992.31,1894299,https://stooq.com/q/d/l/?s=4183.jp&i=d,2026-03-26T08:35:00+00:00
4183,4183.T,4183.jp,2005-04-15,985.75,985.75,967.70,975.92,1860766,https://stooq.com/q/d/l/?s=4183.jp&i=d,2026-03-26T08:35:00+00:00
4183,4183.T,4183.jp,2005-04-18,959.51,959.51,933.28,934.89,1827226,https://stooq.com/q/d/l/?s=4183.jp&i=d,2026-03-26T08:35:00+00:00
4183,4183.T,4183.jp,2005-04-19,951.32,957.88,936.53,949.67,1186452,https://stooq.com/q/d/l/?s=4183.jp&i=d,2026-03-26T08:35:00+00:00
4183,4183.T,4183.jp,2005-04-20,952.94,959.51,943.10,956.23,2168659,https://stooq.com/q/d/l/?s=4183.jp&i=d,2026-03-26T08:35:00+00:00
4183,4183.T,4183.jp,2005-04-21,923.42,961.15,916.85,959.51,2238770,https://stooq.com/q/d/l/?s=4183.jp&i=d,2026-03-26T08:35:00+00:00
4183,4183.T,4183.jp,2005-04-22,961.15,977.54,949.67,975.92,2938088,https://stooq.com/q/d/l/?s=4183.jp&i=d,2026-03-26T08:35:00+00:00
4183,4183.T,4183.jp,2005-04-25,970.98,970.98,959.51,962.79,1052930,https://stooq.com/q/d/l/?s=4183.jp&i=d,2026-03-26T08:35:00+00:00
4183,4183.T,4183.jp,2005-04-26,961.15,969.35,961.15,962.79,855393,https://stooq.com/q/d/l/?s=4183.jp&i=d,2026-03-26T08:35:00+00:00
4183,4183.T,4183.jp,2005-04-27,964.42,979.18,964.42,975.92,1669931,https://stooq.com/q/d/l/?s=4183.jp&i=d,2026-03-26T08:35:00+00:00
4183,4183.T,4183.jp,2005-04-28,987.38,987.38,962.79,975.92,1162061,https://stooq.com/q/d/l/?s=4183.jp&i=d,2026-03-26T08:35:00+00:00
4183,4183.T,4183.jp,2005-05-02,962.79,982.48,961.15,977.54,506652,https://stooq.com/q/d/l/?s=4183.jp&i=d,2026-03-26T08:35:00+00:00
4183,4183.T,4183.jp,2005-05-06,1010.36,1010.36,992.31,1000.50,1863809,https://stooq.com/q/d/l/?s=4183.jp&i=d,2026-03-26T08:35:00+00:00
4183,4183.T,4183.jp,2005-05-09,1012.01,1016.92,1000.50,1016.92,1233396,https://stooq.com/q/d/l/?s=4183.jp&i=d,2026-03-26T08:35:00+00:00
4183,4183.T,4183.jp,2005-05-10,1021.83,1021.83,1012.01,1013.64,1486414,https://stooq.com/q/d/l/?s=4183.jp&i=d,2026-03-26T08:35:00+00:00
4183,4183.T,4183.jp,2005-05-11,1034.96,1044.81,1025.12,1033.30,4234889,https://stooq.com/q/d/l/?s=4183.jp&i=d,2026-03-26T08:35:00+00:00
4183,4183.T,4183.jp,2005-05-12,1031.67,1053.00,1025.12,1048.08,2992956,https://stooq.com/q/d/l/?s=4183.jp&i=d,2026-03-26T08:35:00+00:00
4183,4183.T,4183.jp,2005-05-13,1066.12,1071.04,997.23,1012.01,14913569,https://stooq.com/q/d/l/?s=4183.jp&i=d,2026-03-26T08:35:00+00:00
4183,4183.T,4183.jp,2005-05-16,995.59,1015.28,966.07,1005.43,23752826,https://stooq.com/q/d/l/?s=4183.jp&i=d,2026-03-26T08:35:00+00:00
4183,4183.T,4183.jp,2005-05-17,1005.43,1018.56,962.79,975.92,8645980,https://stooq.com/q/d/l/?s=4183.jp&i=d,2026-03-26T08:35:00+00:00
4183,4183.T,4183.jp,2005-05-18,966.07,982.48,961.15,961.15,5035407,https://stooq.com/q/d/l/?s=4183.jp&i=d,2026-03-26T08:35:00+00:00
4183,4183.T,4183.jp,2005-05-19,974.26,984.12,964.42,979.18,2874063,https://stooq.com/q/d/l/?s=4183.jp&i=d,2026-03-26T08:35:00+00:00
4183,4183.T,4183.jp,2005-05-20,979.18,995.59,974.26,995.59,2917352,https://stooq.com/q/d/l/?s=4183.jp&i=d,2026-03-26T08:35:00+00:00
4183,4183.T,4183.jp,2005-05-23,997.23,1012.01,990.67,1007.08,1637011,https://stooq.com/q/d/l/?s=4183.jp&i=d,2026-03-26T08:35:00+00:00
4183,4183.T,4183.jp,2005-05-24,1008.71,1012.01,1002.15,1003.80,1295581,https://stooq.com/q/d/l/?s=4183.jp&i=d,2026-03-26T08:35:00+00:00
4183,4183.T,4183.jp,2005-05-25,997.23,1003.80,957.88,964.42,2450941,https://stooq.com/q/d/l/?s=4183.jp&i=d,2026-03-26T08:35:00+00:00
4183,4183.T,4183.jp,2005-05-26,980.84,995.59,972.63,989.05,4588504,https://stooq.com/q/d/l/?s=4183.jp&i=d,2026-03-26T08:35:00+00:00
4183,4183.T,4183.jp,2005-05-27,995.59,1002.15,992.31,995.59,2352171,https://stooq.com/q/d/l/?s=4183.jp&i=d,2026-03-26T08:35:00+00:00
4183,4183.T,4183.jp,2005-05-30,995.59,1023.47,995.59,1013.64,2933205,https://stooq.com/q/d/l/?s=4183.jp&i=d,2026-03-26T08:35:00+00:00
4183,4183.T,4183.jp,2005-05-31,1023.47,1025.12,1012.01,1013.64,3073430,https://stooq.com/q/d/l/?s=4183.jp&i=d,2026-03-26T08:35:00+00:00
4183,4183.T,4183.jp,2005-06-01,1000.50,1023.47,1000.50,1023.47,1769310,https://stooq.com/q/d/l/?s=4183.jp&i=d,2026-03-26T08:35:00+00:00
4183,4183.T,4183.jp,2005-06-02,1030.02,1038.23,1021.83,1021.83,2760662,https://stooq.com/q/d/l/?s=4183.jp&i=d,2026-03-26T08:35:00+00:00
4183,4183.T,4183.jp,2005-06-03,1038.23,1038.23,1025.12,1033.30,2199751,https://stooq.com/q/d/l/?s=4183.jp&i=d,2026-03-26T08:35:00+00:00
4183,4183.T,4183.jp,2005-06-06,1025.12,1031.67,1010.36,1015.28,2225358,https://stooq.com/q/d/l/?s=4183.jp&i=d,2026-03-26T08:35:00+00:00
4183,4183.T,4183.jp,2005-06-07,1005.43,1012.01,1000.50,1008.71,2563125,https://stooq.com/q/d/l/?s=4183.jp&i=d,2026-03-26T08:35:00+00:00
4183,4183.T,4183.jp,2005-06-08,1010.36,1016.92,1005.43,1008.71,2438139,https://stooq.com/q/d/l/?s=4183.jp&i=d,2026-03-26T08:35:00+00:00
4183,4183.T,4183.jp,2005-06-09,1013.64,1015.28,995.59,997.23,1985135,https://stooq.com/q/d/l/?s=4183.jp&i=d,2026-03-26T08:35:00+00:00
4183,4183.T,4183.jp,2005-06-10,1002.15,1025.12,998.87,1013.64,5713990,https://stooq.com/q/d/l/?s=4183.jp&i=d,2026-03-26T08:35:00+00:00
4183,4183.T,4183.jp,2005-06-13,1008.71,1025.12,1002.15,1025.12,1701638,https://stooq.com/q/d/l/?s=4183.jp&i=d,2026-03-26T08:35:00+00:00
4183,4183.T,4183.jp,2005-06-14,1025.12,1031.67,1021.83,1031.67,1161458,https://stooq.com/q/d/l/?s=4183.jp&i=d,2026-03-26T08:35:00+00:00
4183,4183.T,4183.jp,2005-06-15,1033.30,1039.88,1025.12,1038.23,1473009,https://stooq.com/q/d/l/?s=4183.jp&i=d,2026-03-26T08:35:00+00:00
4183,4183.T,4183.jp,2005-06-16,1036.60,1053.00,1033.30,1043.17,1789428,https://stooq.com/q/d/l/?s=4183.jp&i=d,2026-03-26T08:35:00+00:00
4183,4183.T,4183.jp,2005-06-17,1059.54,1075.97,1056.28,1075.97,3050267,https://stooq.com/q/d/l/?s=4183.jp&i=d,2026-03-26T08:35:00+00:00
4183,4183.T,4183.jp,2005-06-20,1084.16,1084.16,1069.40,1082.53,2037573,https://stooq.com/q/d/l/?s=4183.jp&i=d,2026-03-26T08:35:00+00:00
4183,4183.T,4183.jp,2005-06-21,1082.53,1089.06,1071.04,1079.26,1952217,https://stooq.com/q/d/l/?s=4183.jp&i=d,2026-03-26T08:35:00+00:00
4183,4183.T,4183.jp,2005-06-22,1079.26,1082.53,1069.40,1074.34,1464468,https://stooq.com/q/d/l/?s=4183.jp&i=d,2026-03-26T08:35:00+00:00
4183,4183.T,4183.jp,2005-06-23,1074.34,1082.53,1071.04,1080.87,2238160,https://stooq.com/q/d/l/?s=4183.jp&i=d,2026-03-26T08:35:00+00:00
4183,4183.T,4183.jp,2005-06-24,1080.87,1084.16,1074.34,1075.97,1818698,https://stooq.com/q/d/l/?s=4183.jp&i=d,2026-03-26T08:35:00+00:00
4183,4183.T,4183.jp,2005-06-27,1077.62,1077.62,1051.36,1051.36,1877226,https://stooq.com/q/d/l/?s=4183.jp&i=d,2026-03-26T08:35:00+00:00
4183,4183.T,4183.jp,2005-06-28,1066.12,1085.80,1064.48,1082.53,1600431,https://stooq.com/q/d/l/?s=4183.jp&i=d,2026-03-26T08:35:00+00:00
4183,4183.T,4183.jp,2005-06-29,1084.16,1087.44,1075.97,1079.26,1413250,https://stooq.com/q/d/l/?s=4183.jp&i=d,2026-03-26T08:35:00+00:00
4183,4183.T,4183.jp,2005-06-30,1075.97,1075.97,1062.83,1067.78,1616280,https://stooq.com/q/d/l/?s=4183.jp&i=d,2026-03-26T08:35:00+00:00
4183,4183.T,4183.jp,2005-07-01,1061.20,1095.64,1057.90,1095.64,2163779,https://stooq.com/q/d/l/?s=4183.jp&i=d,2026-03-26T08:35:00+00:00
4183,4183.T,4183.jp,2005-07-04,1097.30,1098.92,1089.06,1097.30,1291312,https://stooq.com/q/d/l/?s=4183.jp&i=d,2026-03-26T08:35:00+00:00
4183,4183.T,4183.jp,2005-07-05,1097.30,1100.56,1089.06,1098.92,1375452,https://stooq.com/q/d/l/?s=4183.jp&i=d,2026-03-26T08:35:00+00:00
4183,4183.T,4183.jp,2005-07-06,1107.14,1123.52,1105.51,1110.40,3155745,https://stooq.com/q/d/l/?s=4183.jp&i=d,2026-03-26T08:35:00+00:00
4183,4183.T,4183.jp,2005-07-07,1105.51,1113.70,1100.56,1100.56,1510802,https://stooq.com/q/d/l/?s=4183.jp&i=d,2026-03-26T08:35:00+00:00
4183,4183.T,4183.jp,2005-07-08,1100.56,1110.40,1082.53,1085.80,2253407,https://stooq.com/q/d/l/?s=4183.jp&i=d,2026-03-26T08:35:00+00:00
4183,4183.T,4183.jp,2005-07-11,1112.03,1121.88,1098.92,1103.84,1347408,https://stooq.com/q/d/l/?s=4183.jp&i=d,2026-03-26T08:35:00+00:00
4183,4183.T,4183.jp,2005-07-12,1112.03,1112.03,1079.26,1090.72,1911371,https://stooq.com/q/d/l/?s=4183.jp&i=d,2026-03-26T08:35:00+00:00
4183,4183.T,4183.jp,2005-07-13,1092.36,1102.20,1092.36,1098.92,1080366,https://stooq.com/q/d/l/?s=4183.jp&i=d,2026-03-26T08:35:00+00:00
4183,4183.T,4183.jp,2005-07-14,1103.84,1113.70,1098.92,1098.92,1171210,https://stooq.com/q/d/l/?s=4183.jp&i=d,2026-03-26T08:35:00+00:00
4183,4183.T,4183.jp,2005-07-15,1100.56,1103.84,1093.99,1093.99,1496783,https://stooq.com/q/d/l/?s=4183.jp&i=d,2026-03-26T08:35:00+00:00
4183,4183.T,4183.jp,2005-07-19,1092.36,1098.92,1087.44,1098.92,1561412,https://stooq.com/q/d/l/?s=4183.jp&i=d,2026-03-26T08:35:00+00:00
4183,4183.T,4183.jp,2005-07-20,1098.92,1098.92,1084.16,1098.92,1435811,https://stooq.com/q/d/l/?s=4183.jp&i=d,2026-03-26T08:35:00+00:00
4183,4183.T,4183.jp,2005-07-21,1095.64,1095.64,1077.62,1077.62,1250464,https://stooq.com/q/d/l/?s=4183.jp&i=d,2026-03-26T08:35:00+00:00
4183,4183.T,4183.jp,2005-07-22,1090.72,1093.99,1075.97,1093.99,1547385,https://stooq.com/q/d/l/?s=4183.jp&i=d,2026-03-26T08:35:00+00:00
4183,4183.T,4183.jp,2005-07-25,1089.06,1098.92,1084.16,1092.36,1141945,https://stooq.com/q/d/l/?s=4183.jp&i=d,2026-03-26T08:35:00+00:00
4183,4183.T,4183.jp,2005-07-26,1100.56,1108.78,1087.44,1103.84,1343748,https://stooq.com/q/d/l/?s=4183.jp&i=d,2026-03-26T08:35:00+00:00
4183,4183.T,4183.jp,2005-07-27,1105.51,1135.01,1102.20,1131.73,1965624,https://stooq.com/q/d/l/?s=4183.jp&i=d,2026-03-26T08:35:00+00:00
4183,4183.T,4183.jp,2005-07-28,1138.31,1143.20,1121.88,1125.16,1608967,https://stooq.com/q/d/l/?s=4183.jp&i=d,2026-03-26T08:35:00+00:00
4183,4183.T,4183.jp,2005-07-29,1116.96,1123.52,1108.78,1116.96,1231571,https://stooq.com/q/d/l/?s=4183.jp&i=d,2026-03-26T08:35:00+00:00
4183,4183.T,4183.jp,2005-08-01,1100.56,1126.82,1097.30,1121.88,1580923,https://stooq.com/q/d/l/?s=4183.jp&i=d,2026-03-26T08:35:00+00:00
4183,4183.T,4183.jp,2005-08-02,1126.82,1144.86,1121.88,1143.20,1886980,https://stooq.com/q/d/l/?s=4183.jp&i=d,2026-03-26T08:35:00+00:00
4183,4183.T,4183.jp,2005-08-03,1141.56,1166.18,1135.01,1146.49,2716158,https://stooq.com/q/d/l/?s=4183.jp&i=d,2026-03-26T08:35:00+00:00
4183,4183.T,4183.jp,2005-08-04,1144.86,1144.86,1108.78,1126.82,3093553,https://stooq.com/q/d/l/?s=4183.jp&i=d,2026-03-26T08:35:00+00:00
4183,4183.T,4183.jp,2005-08-05,1126.82,1126.82,1103.84,1110.40,1088290,https://stooq.com/q/d/l/?s=4183.jp&i=d,2026-03-26T08:35:00+00:00
4183,4183.T,4183.jp,2005-08-08,1093.99,1123.52,1084.16,1123.52,1436421,https://stooq.com/q/d/l/?s=4183.jp&i=d,2026-03-26T08:35:00+00:00
4183,4183.T,4183.jp,2005-08-09,1107.14,1138.31,1102.20,1131.73,1593725,https://stooq.com/q/d/l/?s=4183.jp&i=d,2026-03-26T08:35:00+00:00
4183,4183.T,4183.jp,2005-08-10,1138.31,1162.90,1136.67,1148.14,1498613,https://stooq.com/q/d/l/?s=4183.jp&i=d,2026-03-26T08:35:00+00:00
4183,4183.T,4183.jp,2005-08-11,1159.60,1166.18,1153.05,1154.68,1639446,https://stooq.com/q/d/l/?s=4183.jp&i=d,2026-03-26T08:35:00+00:00
4183,4183.T,4183.jp,2005-08-12,1148.14,1154.68,1131.73,1135.01,1807721,https://stooq.com/q/d/l/?s=4183.jp&i=d,2026-03-26T08:35:00+00:00
4183,4183.T,4183.jp,2005-08-15,1135.01,1135.01,1102.20,1113.70,3720318,https://stooq.com/q/d/l/?s=4183.jp&i=d,2026-03-26T08:35:00+00:00
4183,4183.T,4183.jp,2005-08-16,1107.14,1113.70,1102.20,1112.03,3289870,https://stooq.com/q/d/l/?s=4183.jp&i=d,2026-03-26T08:35:00+00:00
4183,4183.T,4183.jp,2005-08-17,1112.03,1116.96,1103.84,1110.40,2686286,https://stooq.com/q/d/l/?s=4183.jp&i=d,2026-03-26T08:35:00+00:00
4183,4183.T,4183.jp,2005-08-18,1107.14,1121.88,1100.56,1105.51,1911371,https://stooq.com/q/d/l/?s=4183.jp&i=d,2026-03-26T08:35:00+00:00
4183,4183.T,4183.jp,2005-08-19,1107.14,1108.78,1093.99,1102.20,1961371,https://stooq.com/q/d/l/?s=4183.jp&i=d,2026-03-26T08:35:00+00:00
4183,4183.T,4183.jp,2005-08-22,1100.56,1115.34,1093.99,1112.03,1693099,https://stooq.com/q/d/l/?s=4183.jp&i=d,2026-03-26T08:35:00+00:00
4183,4183.T,4183.jp,2005-08-23,1116.96,1135.01,1116.96,1118.58,1985135,https://stooq.com/q/d/l/?s=4183.jp&i=d,2026-03-26T08:35:00+00:00
4183,4183.T,4183.jp,2005-08-24,1120.23,1130.10,1115.34,1120.23,2085132,https://stooq.com/q/d/l/?s=4183.jp&i=d,2026-03-26T08:35:00+00:00
4183,4183.T,4183.jp,2005-08-25,1112.03,1126.82,1110.40,1112.03,1208395,https://stooq.com/q/d/l/?s=4183.jp&i=d,2026-03-26T08:35:00+00:00
4183,4183.T,4183.jp,2005-08-26,1107.14,1108.78,1089.06,1090.72,2782612,https://stooq.com/q/d/l/?s=4183.jp&i=d,2026-03-26T08:35:00+00:00
4183,4183.T,4183.jp,2005-08-29,1092.36,1092.36,1057.90,1061.20,3733728,https://stooq.com/q/d/l/?s=4183.jp&i=d,2026-03-26T08:35:00+00:00
4183,4183.T,4183.jp,2005-08-30,1066.12,1067.78,1051.36,1056.28,3944066,https://stooq.com/q/d/l/?s=4183.jp&i=d,2026-03-26T08:35:00+00:00
4183,4183.T,4183.jp,2005-08-31,1062.83,1069.40,1056.28,1067.78,2496668,https://stooq.com/q/d/l/?s=4183.jp&i=d,2026-03-26T08:35:00+00:00
4183,4183.T,4183.jp,2005-09-01,1074.34,1079.26,1059.54,1061.20,2220485,https://stooq.com/q/d/l/?s=4183.jp&i=d,2026-03-26T08:35:00+00:00
4183,4183.T,4183.jp,2005-09-02,1066.12,1072.68,1062.83,1066.12,1655909,https://stooq.com/q/d/l/?s=4183.jp&i=d,2026-03-26T08:35:00+00:00
4183,4183.T,4183.jp,2005-09-05,1074.34,1085.80,1071.04,1074.34,3244756,https://stooq.com/q/d/l/?s=4183.jp&i=d,2026-03-26T08:35:00+00:00
4183,4183.T,4183.jp,2005-09-06,1097.30,1102.20,1080.87,1085.80,4080029,https://stooq.com/q/d/l/?s=4183.jp&i=d,2026-03-26T08:35:00+00:00
4183,4183.T,4183.jp,2005-09-07,1095.64,1095.64,1062.83,1071.04,2433261,https://stooq.com/q/d/l/?s=4183.jp&i=d,2026-03-26T08:35:00+00:00
4183,4183.T,4183.jp,2005-09-08,1071.04,1072.68,1039.88,1046.44,2994784,https://stooq.com/q/d/l/?s=4183.jp&i=d,2026-03-26T08:35:00+00:00
4183,4183.T,4183.jp,2005-09-09,1062.83,1090.72,1059.54,1085.80,6803506,https://stooq.com/q/d/l/?s=4183.jp&i=d,2026-03-26T08:35:00+00:00
4183,4183.T,4183.jp,2005-09-12,1118.58,1118.58,1085.80,1108.78,2650310,https://stooq.com/q/d/l/?s=4183.jp&i=d,2026-03-26T08:35:00+00:00
4183,4183.T,4183.jp,2005-09-13,1112.03,1113.70,1105.51,1108.78,1463250,https://stooq.com/q/d/l/?s=4183.jp&i=d,2026-03-26T08:35:00+00:00
4183,4183.T,4183.jp,2005-09-14,1100.56,1105.51,1090.72,1090.72,1552874,https://stooq.com/q/d/l/?s=4183.jp&i=d,2026-03-26T08:35:00+00:00
4183,4183.T,4183.jp,2005-09-15,1092.36,1115.34,1090.72,1115.34,2231456,https://stooq.com/q/d/l/?s=4183.jp&i=d,2026-03-26T08:35:00+00:00
4183,4183.T,4183.jp,2005-09-16,1098.92,1103.84,1085.80,1095.64,2286934,https://stooq.com/q/d/l/?s=4183.jp&i=d,2026-03-26T08:35:00+00:00
4183,4183.T,4183.jp,2005-09-20,1100.56,1107.14,1097.30,1103.84,1326065,https://stooq.com/q/d/l/?s=4183.jp&i=d,2026-03-26T08:35:00+00:00
4183,4183.T,4183.jp,2005-09-21,1113.70,1128.44,1098.92,1128.44,2338152,https://stooq.com/q/d/l/?s=4183.jp&i=d,2026-03-26T08:35:00+00:00
4183,4183.T,4183.jp,2005-09-22,1112.03,1120.23,1102.20,1108.78,2533253,https://stooq.com/q/d/l/?s=4183.jp&i=d,2026-03-26T08:35:00+00:00
4183,4183.T,4183.jp,2005-09-26,1113.70,1138.31,1110.40,1138.31,2572266,https://stooq.com/q/d/l/?s=4183.jp&i=d,2026-03-26T08:35:00+00:00
4183,4183.T,4183.jp,2005-09-27,1154.68,1156.34,1133.38,1154.68,2599708,https://stooq.com/q/d/l/?s=4183.jp&i=d,2026-03-26T08:35:00+00:00
4183,4183.T,4183.jp,2005-09-28,1136.67,1141.56,1118.58,1135.01,2742374,https://stooq.com/q/d/l/?s=4183.jp&i=d,2026-03-26T08:35:00+00:00
4183,4183.T,4183.jp,2005-09-29,1135.01,1139.92,1118.58,1125.16,2538124,https://stooq.com/q/d/l/?s=4183.jp&i=d,2026-03-26T08:35:00+00:00
4183,4183.T,4183.jp,2005-09-30,1118.58,1125.16,1085.80,1098.92,3345358,https://stooq.com/q/d/l/?s=4183.jp&i=d,2026-03-26T08:35:00+00:00
4183,4183.T,4183.jp,2005-10-03,1100.56,1120.23,1089.06,1105.51,2793587,https://stooq.com/q/d/l/?s=4183.jp&i=d,2026-03-26T08:35:00+00:00
4183,4183.T,4183.jp,2005-10-04,1128.44,1139.92,1113.70,1139.92,2360100,https://stooq.com/q/d/l/?s=4183.jp&i=d,2026-03-26T08:35:00+00:00
4183,4183.T,4183.jp,2005-10-05,1141.56,1143.20,1116.96,1130.10,1955268,https://stooq.com/q/d/l/?s=4183.jp&i=d,2026-03-26T08:35:00+00:00
4183,4183.T,4183.jp,2005-10-06,1113.70,1120.23,1103.84,1110.40,1714437,https://stooq.com/q/d/l/?s=4183.jp&i=d,2026-03-26T08:35:00+00:00
4183,4183.T,4183.jp,2005-10-07,1126.82,1135.01,1112.03,1116.96,2531423,https://stooq.com/q/d/l/?s=4183.jp&i=d,2026-03-26T08:35:00+00:00
4183,4183.T,4183.jp,2005-10-11,1133.38,1144.86,1121.88,1144.86,2828949,https://stooq.com/q/d/l/?s=4183.jp&i=d,2026-03-26T08:35:00+00:00
4183,4183.T,4183.jp,2005-10-12,1146.49,1148.14,1125.16,1126.82,2044891,https://stooq.com/q/d/l/?s=4183.jp&i=d,2026-03-26T08:35:00+00:00
4183,4183.T,4183.jp,2005-10-13,1125.16,1128.44,1108.78,1120.23,2657019,https://stooq.com/q/d/l/?s=4183.jp&i=d,2026-03-26T08:35:00+00:00
4183,4183.T,4183.jp,2005-10-14,1136.67,1136.67,1079.26,1085.80,4751900,https://stooq.com/q/d/l/?s=4183.jp&i=d,2026-03-26T08:35:00+00:00
4183,4183.T,4183.jp,2005-10-17,1098.92,1108.78,1089.06,1092.36,1134017,https://stooq.com/q/d/l/?s=4183.jp&i=d,2026-03-26T08:35:00+00:00
4183,4183.T,4183.jp,2005-10-18,1098.92,1107.14,1093.99,1098.92,1621769,https://stooq.com/q/d/l/?s=4183.jp&i=d,2026-03-26T08:35:00+00:00
4183,4183.T,4183.jp,2005-10-19,1098.92,1098.92,1069.40,1071.04,2018675,https://stooq.com/q/d/l/?s=4183.jp&i=d,2026-03-26T08:35:00+00:00
4183,4183.T,4183.jp,2005-10-20,1082.53,1102.20,1082.53,1097.30,1380328,https://stooq.com/q/d/l/?s=4183.jp&i=d,2026-03-26T08:35:00+00:00
4183,4183.T,4183.jp,2005-10-21,1097.30,1097.30,1072.68,1090.72,1795529,https://stooq.com/q/d/l/?s=4183.jp&i=d,2026-03-26T08:35:00+00:00
4183,4183.T,4183.jp,2005-10-24,1093.99,1097.30,1080.87,1085.80,1391307,https://stooq.com/q/d/l/?s=4183.jp&i=d,2026-03-26T08:35:00+00:00
4183,4183.T,4183.jp,2005-10-25,1093.99,1105.51,1089.06,1102.20,2327178,https://stooq.com/q/d/l/?s=4183.jp&i=d,2026-03-26T08:35:00+00:00
4183,4183.T,4183.jp,2005-10-26,1092.36,1100.56,1082.53,1098.92,1886980,https://stooq.com/q/d/l/?s=4183.jp&i=d,2026-03-26T08:35:00+00:00
4183,4183.T,4183.jp,2005-10-27,1100.56,1110.40,1092.36,1098.92,1779064,https://stooq.com/q/d/l/?s=4183.jp&i=d,2026-03-26T08:35:00+00:00
4183,4183.T,4183.jp,2005-10-28,1092.36,1123.52,1089.06,1123.52,2557637,https://stooq.com/q/d/l/?s=4183.jp&i=d,2026-03-26T08:35:00+00:00
4183,4183.T,4183.jp,2005-10-31,1125.16,1139.92,1123.52,1139.92,1349849,https://stooq.com/q/d/l/?s=4183.jp&i=d,2026-03-26T08:35:00+00:00
4183,4183.T,4183.jp,2005-11-01,1141.56,1143.20,1135.01,1139.92,799302,https://stooq.com/q/d/l/?s=4183.jp&i=d,2026-03-26T08:35:00+00:00
4183,4183.T,4183.jp,2005-11-02,1138.31,1139.92,1123.52,1138.31,1599820,https://stooq.com/q/d/l/?s=4183.jp&i=d,2026-03-26T08:35:00+00:00
4183,4183.T,4183.jp,2005-11-04,1139.92,1144.86,1112.03,1133.38,2477162,https://stooq.com/q/d/l/?s=4183.jp&i=d,2026-03-26T08:35:00+00:00
4183,4183.T,4183.jp,2005-11-07,1136.67,1138.31,1125.16,1131.73,1154140,https://stooq.com/q/d/l/?s=4183.jp&i=d,2026-03-26T08:35:00+00:00
4183,4183.T,4183.jp,2005-11-08,1133.38,1133.38,1115.34,1125.16,1229128,https://stooq.com/q/d/l/?s=4183.jp&i=d,2026-03-26T08:35:00+00:00
4183,4183.T,4183.jp,2005-11-09,1130.10,1146.49,1125.16,1146.49,1349849,https://stooq.com/q/d/l/?s=4183.jp&i=d,2026-03-26T08:35:00+00:00
4183,4183.T,4183.jp,2005-11-10,1148.14,1177.66,1143.20,1154.68,2269867,https://stooq.com/q/d/l/?s=4183.jp&i=d,2026-03-26T08:35:00+00:00
4183,4183.T,4183.jp,2005-11-11,1167.82,1167.82,1139.92,1144.86,2220485,https://stooq.com/q/d/l/?s=4183.jp&i=d,2026-03-26T08:35:00+00:00
4183,4183.T,4183.jp,2005-11-14,1144.86,1144.86,1118.58,1121.88,1911371,https://stooq.com/q/d/l/?s=4183.jp&i=d,2026-03-26T08:35:00+00:00
4183,4183.T,4183.jp,2005-11-15,1123.52,1128.44,1085.80,1093.99,3981262,https://stooq.com/q/d/l/?s=4183.jp&i=d,2026-03-26T08:35:00+00:00
4183,4183.T,4183.jp,2005-11-16,1105.51,1130.10,1102.20,1118.58,3806276,https://stooq.com/q/d/l/?s=4183.jp&i=d,2026-03-26T08:35:00+00:00
4183,4183.T,4183.jp,2005-11-17,1108.78,1125.16,1105.51,1105.51,2938088,https://stooq.com/q/d/l/?s=4183.jp&i=d,2026-03-26T08:35:00+00:00
4183,4183.T,4183.jp,2005-11-18,1121.88,1125.16,1113.70,1123.52,1758949,https://stooq.com/q/d/l/?s=4183.jp&i=d,2026-03-26T08:35:00+00:00
4183,4183.T,4183.jp,2005-11-21,1120.23,1131.73,1107.14,1110.40,2155852,https://stooq.com/q/d/l/?s=4183.jp&i=d,2026-03-26T08:35:00+00:00
4183,4183.T,4183.jp,2005-11-22,1108.78,1108.78,1090.72,1095.64,2212558,https://stooq.com/q/d/l/?s=4183.jp&i=d,2026-03-26T08:35:00+00:00
4183,4183.T,4183.jp,2005-11-24,1107.14,1112.03,1100.56,1107.14,1811384,https://stooq.com/q/d/l/?s=4183.jp&i=d,2026-03-26T08:35:00+00:00
4183,4183.T,4183.jp,2005-11-25,1103.84,1103.84,1092.36,1097.30,1797360,https://stooq.com/q/d/l/?s=4183.jp&i=d,2026-03-26T08:35:00+00:00
4183,4183.T,4183.jp,2005-11-28,1092.36,1097.30,1079.26,1097.30,3245366,https://stooq.com/q/d/l/?s=4183.jp&i=d,2026-03-26T08:35:00+00:00
4183,4183.T,4183.jp,2005-11-29,1098.92,1098.92,1085.80,1087.44,2044891,https://stooq.com/q/d/l/?s=4183.jp&i=d,2026-03-26T08:35:00+00:00
4183,4183.T,4183.jp,2005-11-30,1098.92,1098.92,1087.44,1089.06,1621769,https://stooq.com/q/d/l/?s=4183.jp&i=d,2026-03-26T08:35:00+00:00
4183,4183.T,4183.jp,2005-12-01,1090.72,1095.64,1084.16,1095.64,2300349,https://stooq.com/q/d/l/?s=4183.jp&i=d,2026-03-26T08:35:00+00:00
4183,4183.T,4183.jp,2005-12-02,1112.03,1120.23,1100.56,1115.34,2784443,https://stooq.com/q/d/l/?s=4183.jp&i=d,2026-03-26T08:35:00+00:00
4183,4183.T,4183.jp,2005-12-05,1131.73,1148.14,1123.52,1146.49,2710667,https://stooq.com/q/d/l/?s=4183.jp&i=d,2026-03-26T08:35:00+00:00
4183,4183.T,4183.jp,2005-12-06,1139.92,1141.56,1115.34,1121.88,2260110,https://stooq.com/q/d/l/?s=4183.jp&i=d,2026-03-26T08:35:00+00:00
4183,4183.T,4183.jp,2005-12-07,1133.38,1133.38,1118.58,1118.58,1802235,https://stooq.com/q/d/l/?s=4183.jp&i=d,2026-03-26T08:35:00+00:00
4183,4183.T,4183.jp,2005-12-08,1128.44,1128.44,1108.78,1110.40,2647873,https://stooq.com/q/d/l/?s=4183.jp&i=d,2026-03-26T08:35:00+00:00
4183,4183.T,4183.jp,2005-12-09,1110.40,1115.34,1103.84,1107.14,4692762,https://stooq.com/q/d/l/?s=4183.jp&i=d,2026-03-26T08:35:00+00:00
4183,4183.T,4183.jp,2005-12-12,1112.03,1123.52,1108.78,1118.58,1633961,https://stooq.com/q/d/l/?s=4183.jp&i=d,2026-03-26T08:35:00+00:00
4183,4183.T,4183.jp,2005-12-13,1130.10,1130.10,1115.34,1128.44,2382651,https://stooq.com/q/d/l/?s=4183.jp&i=d,2026-03-26T08:35:00+00:00
4183,4183.T,4183.jp,2005-12-14,1144.86,1159.60,1121.88,1123.52,4395845,https://stooq.com/q/d/l/?s=4183.jp&i=d,2026-03-26T08:35:00+00:00
4183,4183.T,4183.jp,2005-12-15,1123.52,1123.52,1108.78,1108.78,2503984,https://stooq.com/q/d/l/?s=4183.jp&i=d,2026-03-26T08:35:00+00:00
4183,4183.T,4183.jp,2005-12-16,1112.03,1126.82,1103.84,1116.96,2680797,https://stooq.com/q/d/l/?s=4183.jp&i=d,2026-03-26T08:35:00+00:00
4183,4183.T,4183.jp,2005-12-19,1131.73,1144.86,1123.52,1144.86,3346573,https://stooq.com/q/d/l/?s=4183.jp&i=d,2026-03-26T08:35:00+00:00
4183,4183.T,4183.jp,2005-12-20,1156.34,1198.98,1149.75,1198.98,7261381,https://stooq.com/q/d/l/?s=4183.jp&i=d,2026-03-26T08:35:00+00:00
4183,4183.T,4183.jp,2005-12-21,1231.78,1325.28,1231.78,1292.46,10791471,https://stooq.com/q/d/l/?s=4183.jp&i=d,2026-03-26T08:35:00+00:00
4183,4183.T,4183.jp,2005-12-22,1290.82,1290.82,1259.66,1276.04,5617663,https://stooq.com/q/d/l/?s=4183.jp&i=d,2026-03-26T08:35:00+00:00
4183,4183.T,4183.jp,2005-12-26,1272.79,1276.04,1261.30,1274.40,1508367,https://stooq.com/q/d/l/?s=4183.jp&i=d,2026-03-26T08:35:00+00:00
4183,4183.T,4183.jp,2005-12-27,1266.22,1276.04,1259.66,1266.22,1569946,https://stooq.com/q/d/l/?s=4183.jp&i=d,2026-03-26T08:35:00+00:00
4183,4183.T,4183.jp,2005-12-28,1249.82,1279.34,1249.82,1279.34,1493732,https://stooq.com/q/d/l/?s=4183.jp&i=d,2026-03-26T08:35:00+00:00
4183,4183.T,4183.jp,2005-12-29,1290.82,1325.28,1282.62,1310.51,2663110,https://stooq.com/q/d/l/?s=4183.jp&i=d,2026-03-26T08:35:00+00:00
4183,4183.T,4183.jp,2005-12-30,1323.62,1325.28,1297.38,1300.67,1046831,https://stooq.com/q/d/l/?s=4183.jp&i=d,2026-03-26T08:35:00+00:00
4183,4183.T,4183.jp,2006-01-04,1290.82,1308.87,1277.70,1282.62,1637619,https://stooq.com/q/d/l/?s=4183.jp&i=d,2026-03-26T08:35:00+00:00
4183,4183.T,4183.jp,2006-01-05,1266.22,1274.40,1244.88,1256.38,5254895,https://stooq.com/q/d/l/?s=4183.jp&i=d,2026-03-26T08:35:00+00:00
4183,4183.T,4183.jp,2006-01-06,1246.54,1282.62,1246.54,1277.70,3075268,https://stooq.com/q/d/l/?s=4183.jp&i=d,2026-03-26T08:35:00+00:00
4183,4183.T,4183.jp,2006-01-10,1279.34,1279.34,1262.94,1267.85,2642997,https://stooq.com/q/d/l/?s=4183.jp&i=d,2026-03-26T08:35:00+00:00
4183,4183.T,4183.jp,2006-01-11,1269.51,1269.51,1239.99,1261.30,1815040,https://stooq.com/q/d/l/?s=4183.jp&i=d,2026-03-26T08:35:00+00:00
4183,4183.T,4183.jp,2006-01-12,1244.88,1262.94,1239.99,1254.77,3440467,https://stooq.com/q/d/l/?s=4183.jp&i=d,2026-03-26T08:35:00+00:00
4183,4183.T,4183.jp,2006-01-13,1248.18,1274.40,1244.88,1274.40,1540072,https://stooq.com/q/d/l/?s=4183.jp&i=d,2026-03-26T08:35:00+00:00
4183,4183.T,4183.jp,2006-01-16,1262.94,1269.51,1253.09,1258.03,1465691,https://stooq.com/q/d/l/?s=4183.jp&i=d,2026-03-26T08:35:00+00:00
4183,4183.T,4183.jp,2006-01-17,1244.88,1262.94,1215.38,1228.48,1780285,https://stooq.com/q/d/l/?s=4183.jp&i=d,2026-03-26T08:35:00+00:00
4183,4183.T,4183.jp,2006-01-18,1228.48,1236.70,1203.88,1221.94,3375230,https://stooq.com/q/d/l/?s=4183.jp&i=d,2026-03-26T08:35:00+00:00
4183,4183.T,4183.jp,2006-01-19,1205.52,1249.82,1195.70,1243.26,2904550,https://stooq.com/q/d/l/?s=4183.jp&i=d,2026-03-26T08:35:00+00:00
4183,4183.T,4183.jp,2006-01-20,1292.46,1325.28,1279.34,1321.98,5207950,https://stooq.com/q/d/l/?s=4183.jp&i=d,2026-03-26T08:35:00+00:00
4183,4183.T,4183.jp,2006-01-23,1312.14,1381.04,1302.32,1349.87,6751678,https://stooq.com/q/d/l/?s=4183.jp&i=d,2026-03-26T08:35:00+00:00
4183,4183.T,4183.jp,2006-01-24,1340.03,1369.54,1320.34,1364.64,3645932,https://stooq.com/q/d/l/?s=4183.jp&i=d,2026-03-26T08:35:00+00:00
4183,4183.T,4183.jp,2006-01-25,1364.64,1364.64,1341.68,1346.59,2629580,https://stooq.com/q/d/l/?s=4183.jp&i=d,2026-03-26T08:35:00+00:00
4183,4183.T,4183.jp,2006-01-26,1363.01,1485.99,1361.36,1445.00,4986020,https://stooq.com/q/d/l/?s=4183.jp&i=d,2026-03-26T08:35:00+00:00
4183,4183.T,4183.jp,2006-01-27,1494.20,1505.70,1440.06,1469.60,5417074,https://stooq.com/q/d/l/?s=4183.jp&i=d,2026-03-26T08:35:00+00:00
4183,4183.T,4183.jp,2006-01-30,1507.33,1530.28,1466.32,1471.24,2835653,https://stooq.com/q/d/l/?s=4183.jp&i=d,2026-03-26T08:35:00+00:00
4183,4183.T,4183.jp,2006-01-31,1479.44,1482.74,1445.00,1454.84,2911867,https://stooq.com/q/d/l/?s=4183.jp&i=d,2026-03-26T08:35:00+00:00
4183,4183.T,4183.jp,2006-02-01,1438.42,1458.12,1423.69,1423.69,1998554,https://stooq.com/q/d/l/?s=4183.jp&i=d,2026-03-26T08:35:00+00:00
4183,4183.T,4183.jp,2006-02-02,1431.88,1463.04,1431.88,1441.72,2872241,https://stooq.com/q/d/l/?s=4183.jp&i=d,2026-03-26T08:35:00+00:00
4183,4183.T,4183.jp,2006-02-03,1417.12,1426.96,1392.52,1405.65,3508145,https://stooq.com/q/d/l/?s=4183.jp&i=d,2026-03-26T08:35:00+00:00
4183,4183.T,4183.jp,2006-02-06,1397.44,1425.31,1394.16,1420.40,3274630,https://stooq.com/q/d/l/?s=4183.jp&i=d,2026-03-26T08:35:00+00:00
4183,4183.T,4183.jp,2006-02-07,1430.24,1453.22,1417.12,1428.58,1541292,https://stooq.com/q/d/l/?s=4183.jp&i=d,2026-03-26T08:35:00+00:00
4183,4183.T,4183.jp,2006-02-08,1448.28,1520.45,1445.00,1485.99,8117982,https://stooq.com/q/d/l/?s=4183.jp&i=d,2026-03-26T08:35:00+00:00
4183,4183.T,4183.jp,2006-02-09,1436.80,1466.32,1402.36,1413.84,5907873,https://stooq.com/q/d/l/?s=4183.jp&i=d,2026-03-26T08:35:00+00:00
4183,4183.T,4183.jp,2006-02-10,1410.56,1413.84,1354.78,1361.36,4787876,https://stooq.com/q/d/l/?s=4183.jp&i=d,2026-03-26T08:35:00+00:00
4183,4183.T,4183.jp,2006-02-13,1361.36,1382.67,1338.38,1361.36,3333156,https://stooq.com/q/d/l/?s=4183.jp&i=d,2026-03-26T08:35:00+00:00
4183,4183.T,4183.jp,2006-02-14,1394.16,1436.80,1374.49,1420.40,5801785,https://stooq.com/q/d/l/?s=4183.jp&i=d,2026-03-26T08:35:00+00:00
4183,4183.T,4183.jp,2006-02-15,1430.24,1449.93,1417.12,1422.06,3213659,https://stooq.com/q/d/l/?s=4183.jp&i=d,2026-03-26T08:35:00+00:00
4183,4183.T,4183.jp,2006-02-16,1412.20,1445.00,1405.65,1430.24,1816260,https://stooq.com/q/d/l/?s=4183.jp&i=d,2026-03-26T08:35:00+00:00
4183,4183.T,4183.jp,2006-02-17,1443.36,1469.60,1430.24,1441.72,2866135,https://stooq.com/q/d/l/?s=4183.jp&i=d,2026-03-26T08:35:00+00:00
4183,4183.T,4183.jp,2006-02-20,1425.31,1430.24,1349.87,1359.72,3510582,https://stooq.com/q/d/l/?s=4183.jp&i=d,2026-03-26T08:35:00+00:00
4183,4183.T,4183.jp,2006-02-21,1359.72,1423.69,1356.44,1412.20,3038068,https://stooq.com/q/d/l/?s=4183.jp&i=d,2026-03-26T08:35:00+00:00
4183,4183.T,4183.jp,2006-02-22,1412.20,1423.69,1399.06,1408.90,1676034,https://stooq.com/q/d/l/?s=4183.jp&i=d,2026-03-26T08:35:00+00:00
4183,4183.T,4183.jp,2006-02-23,1435.17,1510.60,1435.17,1500.76,4017230,https://stooq.com/q/d/l/?s=4183.jp&i=d,2026-03-26T08:35:00+00:00
4183,4183.T,4183.jp,2006-02-24,1492.56,1505.70,1476.17,1497.48,2003435,https://stooq.com/q/d/l/?s=4183.jp&i=d,2026-03-26T08:35:00+00:00
4183,4183.T,4183.jp,2006-02-27,1497.48,1586.04,1490.92,1564.73,4087952,https://stooq.com/q/d/l/?s=4183.jp&i=d,2026-03-26T08:35:00+00:00
4183,4183.T,4183.jp,2006-02-28,1566.38,1571.30,1504.05,1531.92,2617996,https://stooq.com/q/d/l/?s=4183.jp&i=d,2026-03-26T08:35:00+00:00
4183,4183.T,4183.jp,2006-03-01,1515.54,1523.73,1485.99,1500.76,1563233,https://stooq.com/q/d/l/?s=4183.jp&i=d,2026-03-26T08:35:00+00:00
4183,4183.T,4183.jp,2006-03-02,1515.54,1533.56,1474.52,1482.74,1477885,https://stooq.com/q/d/l/?s=4183.jp&i=d,2026-03-26T08:35:00+00:00
4183,4183.T,4183.jp,2006-03-03,1466.32,1476.17,1448.28,1458.12,1596162,https://stooq.com/q/d/l/?s=4183.jp&i=d,2026-03-26T08:35:00+00:00
4183,4183.T,4183.jp,2006-03-06,1441.72,1441.72,1408.90,1433.54,5239650,https://stooq.com/q/d/l/?s=4183.jp&i=d,2026-03-26T08:35:00+00:00
4183,4183.T,4183.jp,2006-03-07,1435.17,1456.48,1418.77,1438.42,2322297,https://stooq.com/q/d/l/?s=4183.jp&i=d,2026-03-26T08:35:00+00:00
4183,4183.T,4183.jp,2006-03-08,1459.77,1466.32,1431.88,1446.65,2414363,https://stooq.com/q/d/l/?s=4183.jp&i=d,2026-03-26T08:35:00+00:00
4183,4183.T,4183.jp,2006-03-09,1451.56,1495.84,1441.72,1495.84,1839423,https://stooq.com/q/d/l/?s=4183.jp&i=d,2026-03-26T08:35:00+00:00
4183,4183.T,4183.jp,2006-03-10,1522.10,1541.78,1500.76,1508.98,4551313,https://stooq.com/q/d/l/?s=4183.jp&i=d,2026-03-26T08:35:00+00:00
4183,4183.T,4183.jp,2006-03-13,1517.16,1531.92,1489.30,1505.70,1967457,https://stooq.com/q/d/l/?s=4183.jp&i=d,2026-03-26T08:35:00+00:00
4183,4183.T,4183.jp,2006-03-14,1510.60,1517.16,1474.52,1477.81,1946124,https://stooq.com/q/d/l/?s=4183.jp&i=d,2026-03-26T08:35:00+00:00
4183,4183.T,4183.jp,2006-03-15,1508.98,1531.92,1492.56,1499.12,2860044,https://stooq.com/q/d/l/?s=4183.jp&i=d,2026-03-26T08:35:00+00:00
4183,4183.T,4183.jp,2006-03-16,1508.98,1510.60,1472.90,1481.10,2259500,https://stooq.com/q/d/l/?s=4183.jp&i=d,2026-03-26T08:35:00+00:00
4183,4183.T,4183.jp,2006-03-17,1492.56,1494.20,1446.65,1482.74,3030146,https://stooq.com/q/d/l/?s=4183.jp&i=d,2026-03-26T08:35:00+00:00
4183,4183.T,4183.jp,2006-03-20,1499.12,1549.97,1490.92,1525.36,2589952,https://stooq.com/q/d/l/?s=4183.jp&i=d,2026-03-26T08:35:00+00:00
4183,4183.T,4183.jp,2006-03-22,1540.13,1558.18,1512.26,1538.50,2397296,https://stooq.com/q/d/l/?s=4183.jp&i=d,2026-03-26T08:35:00+00:00
4183,4183.T,4183.jp,2006-03-23,1543.43,1549.97,1463.04,1499.12,8058243,https://stooq.com/q/d/l/?s=4183.jp&i=d,2026-03-26T08:35:00+00:00
4183,4183.T,4183.jp,2006-03-24,1466.32,1494.20,1464.70,1482.74,5145761,https://stooq.com/q/d/l/?s=4183.jp&i=d,2026-03-26T08:35:00+00:00
4183,4183.T,4183.jp,2006-03-27,1471.24,1476.17,1420.40,1467.94,5336592,https://stooq.com/q/d/l/?s=4183.jp&i=d,2026-03-26T08:35:00+00:00
4183,4183.T,4183.jp,2006-03-28,1453.22,1459.77,1425.31,1443.36,4113559,https://stooq.com/q/d/l/?s=4183.jp&i=d,2026-03-26T08:35:00+00:00
4183,4183.T,4183.jp,2006-03-29,1431.88,1433.54,1402.36,1415.48,5122598,https://stooq.com/q/d/l/?s=4183.jp&i=d,2026-03-26T08:35:00+00:00
4183,4183.T,4183.jp,2006-03-30,1431.88,1471.24,1423.69,1451.56,3674589,https://stooq.com/q/d/l/?s=4183.jp&i=d,2026-03-26T08:35:00+00:00
4183,4183.T,4183.jp,2006-03-31,1435.17,1436.80,1408.90,1420.40,3977599,https://stooq.com/q/d/l/?s=4183.jp&i=d,2026-03-26T08:35:00+00:00
4183,4183.T,4183.jp,2006-04-03,1426.96,1433.54,1420.40,1422.06,3381938,https://stooq.com/q/d/l/?s=4183.jp&i=d,2026-03-26T08:35:00+00:00
4183,4183.T,4183.jp,2006-04-04,1435.17,1456.48,1430.24,1440.06,3111846,https://stooq.com/q/d/l/?s=4183.jp&i=d,2026-03-26T08:35:00+00:00
4183,4183.T,4183.jp,2006-04-05,1448.28,1461.40,1426.96,1430.24,2870408,https://stooq.com/q/d/l/?s=4183.jp&i=d,2026-03-26T08:35:00+00:00
4183,4183.T,4183.jp,2006-04-06,1441.72,1445.00,1418.77,1425.31,2564345,https://stooq.com/q/d/l/?s=4183.jp&i=d,2026-03-26T08:35:00+00:00
4183,4183.T,4183.jp,2006-04-07,1422.06,1426.96,1412.20,1422.06,1403499,https://stooq.com/q/d/l/?s=4183.jp&i=d,2026-03-26T08:35:00+00:00
4183,4183.T,4183.jp,2006-04-10,1405.65,1430.24,1392.52,1422.06,3915412,https://stooq.com/q/d/l/?s=4183.jp&i=d,2026-03-26T08:35:00+00:00
4183,4183.T,4183.jp,2006-04-11,1420.40,1420.40,1394.16,1395.79,2364978,https://stooq.com/q/d/l/?s=4183.jp&i=d,2026-03-26T08:35:00+00:00
4183,4183.T,4183.jp,2006-04-12,1394.16,1405.65,1392.52,1394.16,2500941,https://stooq.com/q/d/l/?s=4183.jp&i=d,2026-03-26T08:35:00+00:00
4183,4183.T,4183.jp,2006-04-13,1394.16,1400.71,1366.26,1390.88,2627142,https://stooq.com/q/d/l/?s=4183.jp&i=d,2026-03-26T08:35:00+00:00
4183,4183.T,4183.jp,2006-04-14,1407.26,1408.90,1390.88,1400.71,1405332,https://stooq.com/q/d/l/?s=4183.jp&i=d,2026-03-26T08:35:00+00:00
4183,4183.T,4183.jp,2006-04-17,1407.26,1407.26,1382.67,1394.16,2004650,https://stooq.com/q/d/l/?s=4183.jp&i=d,2026-03-26T08:35:00+00:00
4183,4183.T,4183.jp,2006-04-18,1377.74,1404.00,1371.20,1389.24,1914414,https://stooq.com/q/d/l/?s=4183.jp&i=d,2026-03-26T08:35:00+00:00
4183,4183.T,4183.jp,2006-04-19,1407.26,1422.06,1402.36,1417.12,2745424,https://stooq.com/q/d/l/?s=4183.jp&i=d,2026-03-26T08:35:00+00:00
4183,4183.T,4183.jp,2006-04-20,1426.96,1426.96,1407.26,1426.96,1453496,https://stooq.com/q/d/l/?s=4183.jp&i=d,2026-03-26T08:35:00+00:00
4183,4183.T,4183.jp,2006-04-21,1413.84,1438.42,1408.90,1417.12,1460200,https://stooq.com/q/d/l/?s=4183.jp&i=d,2026-03-26T08:35:00+00:00
4183,4183.T,4183.jp,2006-04-24,1392.52,1394.16,1344.96,1361.36,3886150,https://stooq.com/q/d/l/?s=4183.jp&i=d,2026-03-26T08:35:00+00:00
4183,4183.T,4183.jp,2006-04-25,1363.01,1376.12,1349.87,1361.36,2763102,https://stooq.com/q/d/l/?s=4183.jp&i=d,2026-03-26T08:35:00+00:00
4183,4183.T,4183.jp,2006-04-26,1369.54,1369.54,1348.22,1356.44,1854061,https://stooq.com/q/d/l/?s=4183.jp&i=d,2026-03-26T08:35:00+00:00
4183,4183.T,4183.jp,2006-04-27,1364.64,1372.82,1358.08,1366.26,1590674,https://stooq.com/q/d/l/?s=4183.jp&i=d,2026-03-26T08:35:00+00:00
4183,4183.T,4183.jp,2006-04-28,1372.82,1372.82,1341.68,1351.51,2530815,https://stooq.com/q/d/l/?s=4183.jp&i=d,2026-03-26T08:35:00+00:00
4183,4183.T,4183.jp,2006-05-01,1361.36,1387.60,1353.15,1381.04,1468736,https://stooq.com/q/d/l/?s=4183.jp&i=d,2026-03-26T08:35:00+00:00
4183,4183.T,4183.jp,2006-05-02,1394.16,1438.42,1389.24,1410.56,3242923,https://stooq.com/q/d/l/?s=4183.jp&i=d,2026-03-26T08:35:00+00:00
4183,4183.T,4183.jp,2006-05-08,1433.54,1435.17,1404.00,1426.96,2021110,https://stooq.com/q/d/l/?s=4183.jp&i=d,2026-03-26T08:35:00+00:00
4183,4183.T,4183.jp,2006-05-09,1425.31,1425.31,1395.79,1397.44,2116224,https://stooq.com/q/d/l/?s=4183.jp&i=d,2026-03-26T08:35:00+00:00
4183,4183.T,4183.jp,2006-05-10,1399.06,1426.96,1389.24,1397.44,2754571,https://stooq.com/q/d/l/?s=4183.jp&i=d,2026-03-26T08:35:00+00:00
4183,4183.T,4183.jp,2006-05-11,1395.79,1395.79,1379.38,1384.30,2647873,https://stooq.com/q/d/l/?s=4183.jp&i=d,2026-03-26T08:35:00+00:00
4183,4183.T,4183.jp,2006-05-12,1371.20,1376.12,1348.22,1363.01,2179021,https://stooq.com/q/d/l/?s=4183.jp&i=d,2026-03-26T08:35:00+00:00
4183,4183.T,4183.jp,2006-05-15,1338.38,1364.64,1303.93,1361.36,3284986,https://stooq.com/q/d/l/?s=4183.jp&i=d,2026-03-26T08:35:00+00:00
4183,4183.T,4183.jp,2006-05-16,1369.54,1402.36,1341.68,1366.26,3849565,https://stooq.com/q/d/l/?s=4183.jp&i=d,2026-03-26T08:35:00+00:00
4183,4183.T,4183.jp,2006-05-17,1389.24,1389.24,1343.32,1364.64,2563125,https://stooq.com/q/d/l/?s=4183.jp&i=d,2026-03-26T08:35:00+00:00
4183,4183.T,4183.jp,2006-05-18,1348.22,1354.78,1325.28,1326.92,3183789,https://stooq.com/q/d/l/?s=4183.jp&i=d,2026-03-26T08:35:00+00:00
4183,4183.T,4183.jp,2006-05-19,1326.92,1326.92,1299.02,1310.51,2424120,https://stooq.com/q/d/l/?s=4183.jp&i=d,2026-03-26T08:35:00+00:00
4183,4183.T,4183.jp,2006-05-22,1315.43,1321.98,1295.75,1295.75,2091838,https://stooq.com/q/d/l/?s=4183.jp&i=d,2026-03-26T08:35:00+00:00
4183,4183.T,4183.jp,2006-05-23,1300.67,1305.58,1254.77,1258.03,2719813,https://stooq.com/q/d/l/?s=4183.jp&i=d,2026-03-26T08:35:00+00:00
4183,4183.T,4183.jp,2006-05-24,1287.55,1290.82,1244.88,1285.92,2450333,https://stooq.com/q/d/l/?s=4183.jp&i=d,2026-03-26T08:35:00+00:00
4183,4183.T,4183.jp,2006-05-25,1318.71,1326.92,1289.18,1315.43,3959924,https://stooq.com/q/d/l/?s=4183.jp&i=d,2026-03-26T08:35:00+00:00
4183,4183.T,4183.jp,2006-05-26,1331.85,1343.32,1312.14,1338.38,2249744,https://stooq.com/q/d/l/?s=4183.jp&i=d,2026-03-26T08:35:00+00:00
4183,4183.T,4183.jp,2006-05-29,1354.78,1354.78,1326.92,1330.18,1671154,https://stooq.com/q/d/l/?s=4183.jp&i=d,2026-03-26T08:35:00+00:00
4183,4183.T,4183.jp,2006-05-30,1330.18,1338.38,1313.80,1326.92,1846132,https://stooq.com/q/d/l/?s=4183.jp&i=d,2026-03-26T08:35:00+00:00
4183,4183.T,4183.jp,2006-05-31,1294.12,1317.08,1279.34,1297.38,1878444,https://stooq.com/q/d/l/?s=4183.jp&i=d,2026-03-26T08:35:00+00:00
4183,4183.T,4183.jp,2006-06-01,1318.71,1326.92,1297.38,1300.67,933427,https://stooq.com/q/d/l/?s=4183.jp&i=d,2026-03-26T08:35:00+00:00
4183,4183.T,4183.jp,2006-06-02,1294.12,1308.87,1254.77,1307.21,1996727,https://stooq.com/q/d/l/?s=4183.jp&i=d,2026-03-26T08:35:00+00:00
4183,4183.T,4183.jp,2006-06-05,1290.82,1303.93,1279.34,1289.18,1365088,https://stooq.com/q/d/l/?s=4183.jp&i=d,2026-03-26T08:35:00+00:00
4183,4183.T,4183.jp,2006-06-06,1256.38,1262.94,1220.29,1244.88,3991623,https://stooq.com/q/d/l/?s=4183.jp&i=d,2026-03-26T08:35:00+00:00
4183,4183.T,4183.jp,2006-06-07,1231.78,1238.35,1212.08,1213.72,2245478,https://stooq.com/q/d/l/?s=4183.jp&i=d,2026-03-26T08:35:00+00:00
4183,4183.T,4183.jp,2006-06-08,1203.88,1205.52,1169.45,1185.85,2191220,https://stooq.com/q/d/l/?s=4183.jp&i=d,2026-03-26T08:35:00+00:00
4183,4183.T,4183.jp,2006-06-09,1176.02,1221.94,1172.72,1210.44,4092226,https://stooq.com/q/d/l/?s=4183.jp&i=d,2026-03-26T08:35:00+00:00
4183,4183.T,4183.jp,2006-06-12,1212.08,1238.35,1194.08,1226.86,2043673,https://stooq.com/q/d/l/?s=4183.jp&i=d,2026-03-26T08:35:00+00:00
4183,4183.T,4183.jp,2006-06-13,1185.85,1205.52,1172.72,1174.37,1743707,https://stooq.com/q/d/l/?s=4183.jp&i=d,2026-03-26T08:35:00+00:00
4183,4183.T,4183.jp,2006-06-14,1153.05,1187.50,1141.56,1172.72,2816145,https://stooq.com/q/d/l/?s=4183.jp&i=d,2026-03-26T08:35:00+00:00
4183,4183.T,4183.jp,2006-06-15,1205.52,1205.52,1154.68,1169.45,2537516,https://stooq.com/q/d/l/?s=4183.jp&i=d,2026-03-26T08:35:00+00:00
4183,4183.T,4183.jp,2006-06-16,1180.92,1217.01,1180.92,1200.62,2365588,https://stooq.com/q/d/l/?s=4183.jp&i=d,2026-03-26T08:35:00+00:00
4183,4183.T,4183.jp,2006-06-19,1195.70,1208.82,1185.85,1195.70,920630,https://stooq.com/q/d/l/?s=4183.jp&i=d,2026-03-26T08:35:00+00:00
4183,4183.T,4183.jp,2006-06-20,1184.20,1207.19,1180.92,1187.50,1638839,https://stooq.com/q/d/l/?s=4183.jp&i=d,2026-03-26T08:35:00+00:00
4183,4183.T,4183.jp,2006-06-21,1203.88,1203.88,1153.05,1174.37,2273525,https://stooq.com/q/d/l/?s=4183.jp&i=d,2026-03-26T08:35:00+00:00
4183,4183.T,4183.jp,2006-06-22,1180.92,1235.06,1180.92,1218.66,3590449,https://stooq.com/q/d/l/?s=4183.jp&i=d,2026-03-26T08:35:00+00:00
4183,4183.T,4183.jp,2006-06-23,1215.38,1220.29,1187.50,1217.01,1647375,https://stooq.com/q/d/l/?s=4183.jp&i=d,2026-03-26T08:35:00+00:00
4183,4183.T,4183.jp,2006-06-26,1202.24,1217.01,1185.85,1205.52,1638839,https://stooq.com/q/d/l/?s=4183.jp&i=d,2026-03-26T08:35:00+00:00
4183,4183.T,4183.jp,2006-06-27,1210.44,1241.60,1190.77,1238.35,2350956,https://stooq.com/q/d/l/?s=4183.jp&i=d,2026-03-26T08:35:00+00:00
4183,4183.T,4183.jp,2006-06-28,1189.12,1194.08,1153.05,1154.68,4909811,https://stooq.com/q/d/l/?s=4183.jp&i=d,2026-03-26T08:35:00+00:00
4183,4183.T,4183.jp,2006-06-29,1167.82,1200.62,1166.18,1194.08,3564230,https://stooq.com/q/d/l/?s=4183.jp&i=d,2026-03-26T08:35:00+00:00
4183,4183.T,4183.jp,2006-06-30,1223.60,1231.78,1207.19,1225.23,2503376,https://stooq.com/q/d/l/?s=4183.jp&i=d,2026-03-26T08:35:00+00:00
4183,4183.T,4183.jp,2006-07-03,1236.70,1238.35,1198.98,1207.19,2077203,https://stooq.com/q/d/l/?s=4183.jp&i=d,2026-03-26T08:35:00+00:00
4183,4183.T,4183.jp,2006-07-04,1223.60,1223.60,1213.72,1217.01,877946,https://stooq.com/q/d/l/?s=4183.jp&i=d,2026-03-26T08:35:00+00:00
4183,4183.T,4183.jp,2006-07-05,1198.98,1210.44,1194.08,1195.70,1209008,https://stooq.com/q/d/l/?s=4183.jp&i=d,2026-03-26T08:35:00+00:00
4183,4183.T,4183.jp,2006-07-06,1180.92,1192.42,1161.26,1172.72,1947344,https://stooq.com/q/d/l/?s=4183.jp&i=d,2026-03-26T08:35:00+00:00
4183,4183.T,4183.jp,2006-07-07,1177.66,1187.50,1166.18,1169.45,1061469,https://stooq.com/q/d/l/?s=4183.jp&i=d,2026-03-26T08:35:00+00:00
4183,4183.T,4183.jp,2006-07-10,1156.34,1182.56,1148.14,1180.92,1411425,https://stooq.com/q/d/l/?s=4183.jp&i=d,2026-03-26T08:35:00+00:00
4183,4183.T,4183.jp,2006-07-11,1166.18,1176.02,1162.90,1171.09,1150479,https://stooq.com/q/d/l/?s=4183.jp&i=d,2026-03-26T08:35:00+00:00
4183,4183.T,4183.jp,2006-07-12,1154.68,1164.53,1126.82,1138.31,2215601,https://stooq.com/q/d/l/?s=4183.jp&i=d,2026-03-26T08:35:00+00:00
4183,4183.T,4183.jp,2006-07-13,1146.49,1157.96,1128.44,1136.67,1808944,https://stooq.com/q/d/l/?s=4183.jp&i=d,2026-03-26T08:35:00+00:00
4183,4183.T,4183.jp,2006-07-14,1125.16,1131.73,1102.20,1120.23,1850405,https://stooq.com/q/d/l/?s=4183.jp&i=d,2026-03-26T08:35:00+00:00
4183,4183.T,4183.jp,2006-07-18,1103.84,1113.70,1079.26,1082.53,1961974,https://stooq.com/q/d/l/?s=4183.jp&i=d,2026-03-26T08:35:00+00:00
4183,4183.T,4183.jp,2006-07-19,1098.92,1123.52,1087.44,1100.56,1471177,https://stooq.com/q/d/l/?s=4183.jp&i=d,2026-03-26T08:35:00+00:00
4183,4183.T,4183.jp,2006-07-20,1133.38,1136.67,1116.96,1126.82,1455322,https://stooq.com/q/d/l/?s=4183.jp&i=d,2026-03-26T08:35:00+00:00
4183,4183.T,4183.jp,2006-07-21,1110.40,1121.88,1105.51,1113.70,1026103,https://stooq.com/q/d/l/?s=4183.jp&i=d,2026-03-26T08:35:00+00:00
4183,4183.T,4183.jp,2006-07-24,1100.56,1112.03,1090.72,1110.40,645050,https://stooq.com/q/d/l/?s=4183.jp&i=d,2026-03-26T08:35:00+00:00
4183,4183.T,4183.jp,2006-07-25,1126.82,1131.73,1118.58,1123.52,587739,https://stooq.com/q/d/l/?s=4183.jp&i=d,2026-03-26T08:35:00+00:00
4183,4183.T,4183.jp,2006-07-26,1136.67,1144.86,1115.34,1118.58,731622,https://stooq.com/q/d/l/?s=4183.jp&i=d,2026-03-26T08:35:00+00:00
4183,4183.T,4183.jp,2006-07-27,1118.58,1172.72,1108.78,1151.38,1797965,https://stooq.com/q/d/l/?s=4183.jp&i=d,2026-03-26T08:35:00+00:00
4183,4183.T,4183.jp,2006-07-28,1143.20,1169.45,1139.92,1167.82,1042563,https://stooq.com/q/d/l/?s=4183.jp&i=d,2026-03-26T08:35:00+00:00
4183,4183.T,4183.jp,2006-07-31,1200.62,1213.72,1179.30,1180.92,1784560,https://stooq.com/q/d/l/?s=4183.jp&i=d,2026-03-26T08:35:00+00:00
4183,4183.T,4183.jp,2006-08-01,1192.42,1194.08,1172.72,1185.85,1377285,https://stooq.com/q/d/l/?s=4183.jp&i=d,2026-03-26T08:35:00+00:00
4183,4183.T,4183.jp,2006-08-02,1164.53,1174.37,1157.96,1174.37,1288880,https://stooq.com/q/d/l/?s=4183.jp&i=d,2026-03-26T08:35:00+00:00
4183,4183.T,4183.jp,2006-08-03,1167.82,1174.37,1149.75,1151.38,1515681,https://stooq.com/q/d/l/?s=4183.jp&i=d,2026-03-26T08:35:00+00:00
4183,4183.T,4183.jp,2006-08-04,1159.60,1251.46,1157.96,1238.35,5426217,https://stooq.com/q/d/l/?s=4183.jp&i=d,2026-03-26T08:35:00+00:00
4183,4183.T,4183.jp,2006-08-07,1221.94,1246.54,1208.82,1212.08,2385094,https://stooq.com/q/d/l/?s=4183.jp&i=d,2026-03-26T08:35:00+00:00
4183,4183.T,4183.jp,2006-08-08,1220.29,1248.18,1217.01,1235.06,2073543,https://stooq.com/q/d/l/?s=4183.jp&i=d,2026-03-26T08:35:00+00:00
4183,4183.T,4183.jp,2006-08-09,1236.70,1251.46,1198.98,1241.60,2967350,https://stooq.com/q/d/l/?s=4183.jp&i=d,2026-03-26T08:35:00+00:00
4183,4183.T,4183.jp,2006-08-10,1233.42,1241.60,1215.38,1228.48,2468619,https://stooq.com/q/d/l/?s=4183.jp&i=d,2026-03-26T08:35:00+00:00
4183,4183.T,4183.jp,2006-08-11,1230.14,1231.78,1218.66,1223.60,1652253,https://stooq.com/q/d/l/?s=4183.jp&i=d,2026-03-26T08:35:00+00:00
4183,4183.T,4183.jp,2006-08-14,1226.86,1269.51,1221.94,1262.94,1476052,https://stooq.com/q/d/l/?s=4183.jp&i=d,2026-03-26T08:35:00+00:00
4183,4183.T,4183.jp,2006-08-15,1295.75,1308.87,1277.70,1280.97,2594825,https://stooq.com/q/d/l/?s=4183.jp&i=d,2026-03-26T08:35:00+00:00
4183,4183.T,4183.jp,2006-08-16,1303.93,1303.93,1280.97,1292.46,2288767,https://stooq.com/q/d/l/?s=4183.jp&i=d,2026-03-26T08:35:00+00:00
4183,4183.T,4183.jp,2006-08-17,1308.87,1338.38,1307.21,1312.14,2054035,https://stooq.com/q/d/l/?s=4183.jp&i=d,2026-03-26T08:35:00+00:00
4183,4183.T,4183.jp,2006-08-18,1313.80,1333.46,1300.67,1321.98,1845524,https://stooq.com/q/d/l/?s=4183.jp&i=d,2026-03-26T08:35:00+00:00
4183,4183.T,4183.jp,2006-08-21,1312.14,1328.55,1303.93,1307.21,923673,https://stooq.com/q/d/l/?s=4183.jp&i=d,2026-03-26T08:35:00+00:00
4183,4183.T,4183.jp,2006-08-22,1303.93,1317.08,1290.82,1307.21,1642499,https://stooq.com/q/d/l/?s=4183.jp&i=d,2026-03-26T08:35:00+00:00
4183,4183.T,4183.jp,2006-08-23,1307.21,1323.62,1307.21,1318.71,1070610,https://stooq.com/q/d/l/?s=4183.jp&i=d,2026-03-26T08:35:00+00:00
4183,4183.T,4183.jp,2006-08-24,1318.71,1318.71,1297.38,1308.87,1141333,https://stooq.com/q/d/l/?s=4183.jp&i=d,2026-03-26T08:35:00+00:00
4183,4183.T,4183.jp,2006-08-25,1317.08,1331.85,1303.93,1305.58,1271194,https://stooq.com/q/d/l/?s=4183.jp&i=d,2026-03-26T08:35:00+00:00
4183,4183.T,4183.jp,2006-08-28,1317.08,1326.92,1295.75,1297.38,1076101,https://stooq.com/q/d/l/?s=4183.jp&i=d,2026-03-26T08:35:00+00:00
4183,4183.T,4183.jp,2006-08-29,1312.14,1326.92,1303.93,1321.98,1801015,https://stooq.com/q/d/l/?s=4183.jp&i=d,2026-03-26T08:35:00+00:00
4183,4183.T,4183.jp,2006-08-30,1320.34,1325.28,1310.51,1320.34,934042,https://stooq.com/q/d/l/?s=4183.jp&i=d,2026-03-26T08:35:00+00:00
4183,4183.T,4183.jp,2006-08-31,1336.73,1363.01,1325.28,1353.15,1844909,https://stooq.com/q/d/l/?s=4183.jp&i=d,2026-03-26T08:35:00+00:00
4183,4183.T,4183.jp,2006-09-01,1343.32,1349.87,1325.28,1343.32,1526657,https://stooq.com/q/d/l/?s=4183.jp&i=d,2026-03-26T08:35:00+00:00
4183,4183.T,4183.jp,2006-09-04,1367.92,1369.54,1354.78,1358.08,965742,https://stooq.com/q/d/l/?s=4183.jp&i=d,2026-03-26T08:35:00+00:00
4183,4183.T,4183.jp,2006-09-05,1371.20,1371.20,1343.32,1366.26,1310220,https://stooq.com/q/d/l/?s=4183.jp&i=d,2026-03-26T08:35:00+00:00
4183,4183.T,4183.jp,2006-09-06,1367.92,1369.54,1354.78,1366.26,1355332,https://stooq.com/q/d/l/?s=4183.jp&i=d,2026-03-26T08:35:00+00:00
4183,4183.T,4183.jp,2006-09-07,1366.26,1366.26,1323.62,1341.68,2003435,https://stooq.com/q/d/l/?s=4183.jp&i=d,2026-03-26T08:35:00+00:00
4183,4183.T,4183.jp,2006-09-08,1328.55,1367.92,1328.55,1358.08,2848457,https://stooq.com/q/d/l/?s=4183.jp&i=d,2026-03-26T08:35:00+00:00
4183,4183.T,4183.jp,2006-09-11,1344.96,1348.22,1320.34,1328.55,1364478,https://stooq.com/q/d/l/?s=4183.jp&i=d,2026-03-26T08:35:00+00:00
4183,4183.T,4183.jp,2006-09-12,1330.18,1340.03,1295.75,1310.51,1662007,https://stooq.com/q/d/l/?s=4183.jp&i=d,2026-03-26T08:35:00+00:00
4183,4183.T,4183.jp,2006-09-13,1321.98,1331.85,1289.18,1292.46,2100977,https://stooq.com/q/d/l/?s=4183.jp&i=d,2026-03-26T08:35:00+00:00
4183,4183.T,4183.jp,2006-09-14,1297.38,1310.51,1290.82,1307.21,1501651,https://stooq.com/q/d/l/?s=4183.jp&i=d,2026-03-26T08:35:00+00:00
4183,4183.T,4183.jp,2006-09-15,1317.08,1321.98,1305.58,1312.14,1465691,https://stooq.com/q/d/l/?s=4183.jp&i=d,2026-03-26T08:35:00+00:00
4183,4183.T,4183.jp,2006-09-19,1318.71,1320.34,1303.93,1305.58,1521164,https://stooq.com/q/d/l/?s=4183.jp&i=d,2026-03-26T08:35:00+00:00
4183,4183.T,4183.jp,2006-09-20,1307.21,1326.92,1302.32,1323.62,1962584,https://stooq.com/q/d/l/?s=4183.jp&i=d,2026-03-26T08:35:00+00:00
4183,4183.T,4183.jp,2006-09-21,1328.55,1377.74,1328.55,1367.92,3202072,https://stooq.com/q/d/l/?s=4183.jp&i=d,2026-03-26T08:35:00+00:00
4183,4183.T,4183.jp,2006-09-22,1349.87,1359.72,1333.46,1338.38,2182069,https://stooq.com/q/d/l/?s=4183.jp&i=d,2026-03-26T08:35:00+00:00
4183,4183.T,4183.jp,2006-09-25,1321.98,1346.59,1312.14,1331.85,1379110,https://stooq.com/q/d/l/?s=4183.jp&i=d,2026-03-26T08:35:00+00:00
4183,4183.T,4183.jp,2006-09-26,1320.34,1333.46,1313.80,1320.34,1310220,https://stooq.com/q/d/l/?s=4183.jp&i=d,2026-03-26T08:35:00+00:00
4183,4183.T,4183.jp,2006-09-27,1344.96,1372.82,1343.32,1358.08,1662615,https://stooq.com/q/d/l/?s=4183.jp&i=d,2026-03-26T08:35:00+00:00
4183,4183.T,4183.jp,2006-09-28,1371.20,1374.49,1349.87,1356.44,1162676,https://stooq.com/q/d/l/?s=4183.jp&i=d,2026-03-26T08:35:00+00:00
4183,4183.T,4183.jp,2006-09-29,1377.74,1394.16,1366.26,1394.16,1701638,https://stooq.com/q/d/l/?s=4183.jp&i=d,2026-03-26T08:35:00+00:00
4183,4183.T,4183.jp,2006-10-02,1390.88,1407.26,1382.67,1400.71,1535804,https://stooq.com/q/d/l/?s=4183.jp&i=d,2026-03-26T08:35:00+00:00
4183,4183.T,4183.jp,2006-10-03,1400.71,1400.71,1371.20,1384.30,1150479,https://stooq.com/q/d/l/?s=4183.jp&i=d,2026-03-26T08:35:00+00:00
4183,4183.T,4183.jp,2006-10-04,1374.49,1382.67,1344.96,1349.87,2236937,https://stooq.com/q/d/l/?s=4183.jp&i=d,2026-03-26T08:35:00+00:00
4183,4183.T,4183.jp,2006-10-05,1374.49,1379.38,1359.72,1371.20,1426057,https://stooq.com/q/d/l/?s=4183.jp&i=d,2026-03-26T08:35:00+00:00
4183,4183.T,4183.jp,2006-10-06,1371.20,1371.20,1346.59,1353.15,1857111,https://stooq.com/q/d/l/?s=4183.jp&i=d,2026-03-26T08:35:00+00:00
4183,4183.T,4183.jp,2006-10-10,1353.15,1385.96,1344.96,1376.12,1535193,https://stooq.com/q/d/l/?s=4183.jp&i=d,2026-03-26T08:35:00+00:00
4183,4183.T,4183.jp,2006-10-11,1392.52,1392.52,1338.38,1343.32,2202804,https://stooq.com/q/d/l/?s=4183.jp&i=d,2026-03-26T08:35:00+00:00
4183,4183.T,4183.jp,2006-10-12,1356.44,1369.54,1343.32,1351.51,1760162,https://stooq.com/q/d/l/?s=4183.jp&i=d,2026-03-26T08:35:00+00:00
4183,4183.T,4183.jp,2006-10-13,1381.04,1397.44,1374.49,1382.67,2002217,https://stooq.com/q/d/l/?s=4183.jp&i=d,2026-03-26T08:35:00+00:00
4183,4183.T,4183.jp,2006-10-16,1399.06,1400.71,1392.52,1392.52,1010861,https://stooq.com/q/d/l/?s=4183.jp&i=d,2026-03-26T08:35:00+00:00
4183,4183.T,4183.jp,2006-10-17,1384.30,1387.60,1366.26,1379.38,1504099,https://stooq.com/q/d/l/?s=4183.jp&i=d,2026-03-26T08:35:00+00:00
4183,4183.T,4183.jp,2006-10-18,1363.01,1381.04,1363.01,1377.74,2133297,https://stooq.com/q/d/l/?s=4183.jp&i=d,2026-03-26T08:35:00+00:00
4183,4183.T,4183.jp,2006-10-19,1379.38,1389.24,1363.01,1371.20,1193768,https://stooq.com/q/d/l/?s=4183.jp&i=d,2026-03-26T08:35:00+00:00
4183,4183.T,4183.jp,2006-10-20,1372.82,1377.74,1363.01,1367.92,932817,https://stooq.com/q/d/l/?s=4183.jp&i=d,2026-03-26T08:35:00+00:00
4183,4183.T,4183.jp,2006-10-23,1384.30,1389.24,1364.64,1381.04,2286327,https://stooq.com/q/d/l/?s=4183.jp&i=d,2026-03-26T08:35:00+00:00
4183,4183.T,4183.jp,2006-10-24,1382.67,1384.30,1367.92,1377.74,1344358,https://stooq.com/q/d/l/?s=4183.jp&i=d,2026-03-26T08:35:00+00:00
4183,4183.T,4183.jp,2006-10-25,1377.74,1412.20,1367.92,1402.36,2338152,https://stooq.com/q/d/l/?s=4183.jp&i=d,2026-03-26T08:35:00+00:00
4183,4183.T,4183.jp,2006-10-26,1404.00,1404.00,1379.38,1379.38,1838208,https://stooq.com/q/d/l/?s=4183.jp&i=d,2026-03-26T08:35:00+00:00
4183,4183.T,4183.jp,2006-10-27,1372.82,1377.74,1343.32,1348.22,2360100,https://stooq.com/q/d/l/?s=4183.jp&i=d,2026-03-26T08:35:00+00:00
4183,4183.T,4183.jp,2006-10-30,1331.85,1341.68,1321.98,1336.73,1805893,https://stooq.com/q/d/l/?s=4183.jp&i=d,2026-03-26T08:35:00+00:00
4183,4183.T,4183.jp,2006-10-31,1336.73,1336.73,1307.21,1317.08,2051597,https://stooq.com/q/d/l/?s=4183.jp&i=d,2026-03-26T08:35:00+00:00
4183,4183.T,4183.jp,2006-11-01,1318.71,1338.38,1305.58,1333.46,1827839,https://stooq.com/q/d/l/?s=4183.jp&i=d,2026-03-26T08:35:00+00:00
4183,4183.T,4183.jp,2006-11-02,1330.18,1330.18,1317.08,1321.98,1005373,https://stooq.com/q/d/l/?s=4183.jp&i=d,2026-03-26T08:35:00+00:00
4183,4183.T,4183.jp,2006-11-06,1318.71,1338.38,1312.14,1331.85,1376065,https://stooq.com/q/d/l/?s=4183.jp&i=d,2026-03-26T08:35:00+00:00
4183,4183.T,4183.jp,2006-11-07,1328.55,1330.18,1317.08,1318.71,916965,https://stooq.com/q/d/l/?s=4183.jp&i=d,2026-03-26T08:35:00+00:00
4183,4183.T,4183.jp,2006-11-08,1328.55,1328.55,1302.32,1305.58,1626642,https://stooq.com/q/d/l/?s=4183.jp&i=d,2026-03-26T08:35:00+00:00
4183,4183.T,4183.jp,2006-11-09,1312.14,1312.14,1266.22,1269.51,2197309,https://stooq.com/q/d/l/?s=4183.jp&i=d,2026-03-26T08:35:00+00:00
4183,4183.T,4183.jp,2006-11-10,1271.15,1326.92,1269.51,1317.08,4643992,https://stooq.com/q/d/l/?s=4183.jp&i=d,2026-03-26T08:35:00+00:00
4183,4183.T,4183.jp,2006-11-13,1320.34,1374.49,1318.71,1361.36,4540949,https://stooq.com/q/d/l/?s=4183.jp&i=d,2026-03-26T08:35:00+00:00
4183,4183.T,4183.jp,2006-11-14,1377.74,1410.56,1358.08,1372.82,5715818,https://stooq.com/q/d/l/?s=4183.jp&i=d,2026-03-26T08:35:00+00:00
4183,4183.T,4183.jp,2006-11-15,1364.64,1407.26,1364.64,1395.79,2543007,https://stooq.com/q/d/l/?s=4183.jp&i=d,2026-03-26T08:35:00+00:00
4183,4183.T,4183.jp,2006-11-16,1394.16,1418.77,1394.16,1404.00,2154020,https://stooq.com/q/d/l/?s=4183.jp&i=d,2026-03-26T08:35:00+00:00
4183,4183.T,4183.jp,2006-11-17,1392.52,1395.79,1340.03,1348.22,3074653,https://stooq.com/q/d/l/?s=4183.jp&i=d,2026-03-26T08:35:00+00:00
4183,4183.T,4183.jp,2006-11-20,1349.87,1351.51,1317.08,1317.08,2218652,https://stooq.com/q/d/l/?s=4183.jp&i=d,2026-03-26T08:35:00+00:00
4183,4183.T,4183.jp,2006-11-21,1320.34,1331.85,1310.51,1315.43,1440079,https://stooq.com/q/d/l/?s=4183.jp&i=d,2026-03-26T08:35:00+00:00
4183,4183.T,4183.jp,2006-11-22,1318.71,1330.18,1310.51,1328.55,1677252,https://stooq.com/q/d/l/?s=4183.jp&i=d,2026-03-26T08:35:00+00:00
4183,4183.T,4183.jp,2006-11-24,1321.98,1331.85,1315.43,1330.18,1683345,https://stooq.com/q/d/l/?s=4183.jp&i=d,2026-03-26T08:35:00+00:00
4183,4183.T,4183.jp,2006-11-27,1326.92,1372.82,1321.98,1351.51,2705181,https://stooq.com/q/d/l/?s=4183.jp&i=d,2026-03-26T08:35:00+00:00
4183,4183.T,4183.jp,2006-11-28,1336.73,1367.92,1336.73,1367.92,2007093,https://stooq.com/q/d/l/?s=4183.jp&i=d,2026-03-26T08:35:00+00:00
4183,4183.T,4183.jp,2006-11-29,1394.16,1423.69,1392.52,1415.48,3154522,https://stooq.com/q/d/l/?s=4183.jp&i=d,2026-03-26T08:35:00+00:00
4183,4183.T,4183.jp,2006-11-30,1410.56,1413.84,1397.44,1412.20,1530925,https://stooq.com/q/d/l/?s=4183.jp&i=d,2026-03-26T08:35:00+00:00
4183,4183.T,4183.jp,2006-12-01,1408.90,1423.69,1404.00,1408.90,1678470,https://stooq.com/q/d/l/?s=4183.jp&i=d,2026-03-26T08:35:00+00:00
4183,4183.T,4183.jp,2006-12-04,1405.65,1436.80,1384.30,1435.17,2490574,https://stooq.com/q/d/l/?s=4183.jp&i=d,2026-03-26T08:35:00+00:00
4183,4183.T,4183.jp,2006-12-05,1443.36,1443.36,1420.40,1420.40,1483371,https://stooq.com/q/d/l/?s=4183.jp&i=d,2026-03-26T08:35:00+00:00
4183,4183.T,4183.jp,2006-12-06,1436.80,1440.06,1420.40,1438.42,1266324,https://stooq.com/q/d/l/?s=4183.jp&i=d,2026-03-26T08:35:00+00:00
4183,4183.T,4183.jp,2006-12-07,1445.00,1445.00,1420.40,1433.54,1761994,https://stooq.com/q/d/l/?s=4183.jp&i=d,2026-03-26T08:35:00+00:00
4183,4183.T,4183.jp,2006-12-08,1425.31,1467.94,1425.31,1445.00,3898952,https://stooq.com/q/d/l/?s=4183.jp&i=d,2026-03-26T08:35:00+00:00
4183,4183.T,4183.jp,2006-12-11,1441.72,1453.22,1440.06,1443.36,2033915,https://stooq.com/q/d/l/?s=4183.jp&i=d,2026-03-26T08:35:00+00:00
4183,4183.T,4183.jp,2006-12-12,1454.84,1456.48,1431.88,1441.72,1021833,https://stooq.com/q/d/l/?s=4183.jp&i=d,2026-03-26T08:35:00+00:00
4183,4183.T,4183.jp,2006-12-13,1451.56,1458.12,1443.36,1458.12,1481536,https://stooq.com/q/d/l/?s=4183.jp&i=d,2026-03-26T08:35:00+00:00
4183,4183.T,4183.jp,2006-12-14,1458.12,1459.77,1440.06,1449.93,1076101,https://stooq.com/q/d/l/?s=4183.jp&i=d,2026-03-26T08:35:00+00:00
4183,4183.T,4183.jp,2006-12-15,1451.56,1471.24,1446.65,1469.60,1918075,https://stooq.com/q/d/l/?s=4183.jp&i=d,2026-03-26T08:35:00+00:00
4183,4183.T,4183.jp,2006-12-18,1485.99,1512.26,1484.38,1490.92,3223412,https://stooq.com/q/d/l/?s=4183.jp&i=d,2026-03-26T08:35:00+00:00
4183,4183.T,4183.jp,2006-12-19,1492.56,1507.33,1479.44,1481.10,2080254,https://stooq.com/q/d/l/?s=4183.jp&i=d,2026-03-26T08:35:00+00:00
4183,4183.T,4183.jp,2006-12-20,1492.56,1525.36,1485.99,1520.45,2095496,https://stooq.com/q/d/l/?s=4183.jp&i=d,2026-03-26T08:35:00+00:00
4183,4183.T,4183.jp,2006-12-21,1520.45,1523.73,1500.76,1512.26,2075373,https://stooq.com/q/d/l/?s=4183.jp&i=d,2026-03-26T08:35:00+00:00
4183,4183.T,4183.jp,2006-12-22,1495.84,1504.05,1489.30,1492.56,1005980,https://stooq.com/q/d/l/?s=4183.jp&i=d,2026-03-26T08:35:00+00:00
4183,4183.T,4183.jp,2006-12-25,1484.38,1497.48,1479.44,1492.56,524327,https://stooq.com/q/d/l/?s=4183.jp&i=d,2026-03-26T08:35:00+00:00
4183,4183.T,4183.jp,2006-12-26,1489.30,1504.05,1474.52,1502.40,474332,https://stooq.com/q/d/l/?s=4183.jp&i=d,2026-03-26T08:35:00+00:00
4183,4183.T,4183.jp,2006-12-27,1504.05,1512.26,1494.20,1505.70,572496,https://stooq.com/q/d/l/?s=4183.jp&i=d,2026-03-26T08:35:00+00:00
4183,4183.T,4183.jp,2006-12-28,1522.10,1553.25,1510.60,1513.90,1143771,https://stooq.com/q/d/l/?s=4183.jp&i=d,2026-03-26T08:35:00+00:00
4183,4183.T,4183.jp,2006-12-29,1505.70,1520.45,1499.12,1502.40,254847,https://stooq.com/q/d/l/?s=4183.jp&i=d,2026-03-26T08:35:00+00:00
4183,4183.T,4183.jp,2007-01-04,1504.05,1528.66,1492.56,1528.66,868195,https://stooq.com/q/d/l/?s=4183.jp&i=d,2026-03-26T08:35:00+00:00
4183,4183.T,4183.jp,2007-01-05,1522.10,1528.66,1490.92,1499.12,1230956,https://stooq.com/q/d/l/?s=4183.jp&i=d,2026-03-26T08:35:00+00:00
4183,4183.T,4183.jp,2007-01-09,1499.12,1553.25,1492.56,1536.86,2191828,https://stooq.com/q/d/l/?s=4183.jp&i=d,2026-03-26T08:35:00+00:00
4183,4183.T,4183.jp,2007-01-10,1540.13,1540.13,1504.05,1510.60,1864425,https://stooq.com/q/d/l/?s=4183.jp&i=d,2026-03-26T08:35:00+00:00
4183,4183.T,4183.jp,2007-01-11,1513.90,1548.33,1513.90,1531.92,2857609,https://stooq.com/q/d/l/?s=4183.jp&i=d,2026-03-26T08:35:00+00:00
4183,4183.T,4183.jp,2007-01-12,1538.50,1571.30,1535.22,1563.08,2035747,https://stooq.com/q/d/l/?s=4183.jp&i=d,2026-03-26T08:35:00+00:00
4183,4183.T,4183.jp,2007-01-15,1579.49,1599.18,1577.84,1590.98,1603481,https://stooq.com/q/d/l/?s=4183.jp&i=d,2026-03-26T08:35:00+00:00
4183,4183.T,4183.jp,2007-01-16,1594.25,1630.35,1590.98,1612.30,2407050,https://stooq.com/q/d/l/?s=4183.jp&i=d,2026-03-26T08:35:00+00:00
4183,4183.T,4183.jp,2007-01-17,1613.93,1623.78,1590.98,1623.78,2796024,https://stooq.com/q/d/l/?s=4183.jp&i=d,2026-03-26T08:35:00+00:00
4183,4183.T,4183.jp,2007-01-18,1609.02,1623.78,1600.82,1615.57,2027211,https://stooq.com/q/d/l/?s=4183.jp&i=d,2026-03-26T08:35:00+00:00
4183,4183.T,4183.jp,2007-01-19,1605.76,1612.30,1599.18,1599.18,2152199,https://stooq.com/q/d/l/?s=4183.jp&i=d,2026-03-26T08:35:00+00:00
4183,4183.T,4183.jp,2007-01-22,1599.18,1605.76,1594.25,1604.11,1202914,https://stooq.com/q/d/l/?s=4183.jp&i=d,2026-03-26T08:35:00+00:00
4183,4183.T,4183.jp,2007-01-23,1604.11,1628.72,1602.47,1617.22,1874786,https://stooq.com/q/d/l/?s=4183.jp&i=d,2026-03-26T08:35:00+00:00
4183,4183.T,4183.jp,2007-01-24,1628.72,1635.27,1607.39,1612.30,1368749,https://stooq.com/q/d/l/?s=4183.jp&i=d,2026-03-26T08:35:00+00:00
4183,4183.T,4183.jp,2007-01-25,1615.57,1627.04,1595.89,1597.54,1546168,https://stooq.com/q/d/l/?s=4183.jp&i=d,2026-03-26T08:35:00+00:00
4183,4183.T,4183.jp,2007-01-26,1597.54,1604.11,1584.42,1599.18,1321194,https://stooq.com/q/d/l/?s=4183.jp&i=d,2026-03-26T08:35:00+00:00
4183,4183.T,4183.jp,2007-01-29,1586.04,1627.04,1586.04,1617.22,1068780,https://stooq.com/q/d/l/?s=4183.jp&i=d,2026-03-26T08:35:00+00:00
4183,4183.T,4183.jp,2007-01-30,1631.99,1648.37,1620.51,1627.04,1132189,https://stooq.com/q/d/l/?s=4183.jp&i=d,2026-03-26T08:35:00+00:00
4183,4183.T,4183.jp,2007-01-31,1631.99,1631.99,1590.98,1599.18,1355332,https://stooq.com/q/d/l/?s=4183.jp&i=d,2026-03-26T08:35:00+00:00
4183,4183.T,4183.jp,2007-02-01,1594.25,1628.72,1594.25,1627.04,1358382,https://stooq.com/q/d/l/?s=4183.jp&i=d,2026-03-26T08:35:00+00:00
4183,4183.T,4183.jp,2007-02-02,1620.51,1638.56,1602.47,1633.64,1400451,https://stooq.com/q/d/l/?s=4183.jp&i=d,2026-03-26T08:35:00+00:00
4183,4183.T,4183.jp,2007-02-05,1640.18,1650.01,1620.51,1633.64,1598603,https://stooq.com/q/d/l/?s=4183.jp&i=d,2026-03-26T08:35:00+00:00
4183,4183.T,4183.jp,2007-02-06,1645.11,1671.35,1643.44,1659.87,1641277,https://stooq.com/q/d/l/?s=4183.jp&i=d,2026-03-26T08:35:00+00:00
4183,4183.T,4183.jp,2007-02-07,1669.72,1764.82,1635.27,1700.88,8578910,https://stooq.com/q/d/l/?s=4183.jp&i=d,2026-03-26T08:35:00+00:00
4183,4183.T,4183.jp,2007-02-08,1635.27,1659.87,1615.57,1630.35,5612785,https://stooq.com/q/d/l/?s=4183.jp&i=d,2026-03-26T08:35:00+00:00
4183,4183.T,4183.jp,2007-02-09,1631.99,1682.82,1627.04,1669.72,4777509,https://stooq.com/q/d/l/?s=4183.jp&i=d,2026-03-26T08:35:00+00:00
4183,4183.T,4183.jp,2007-02-13,1676.26,1738.60,1674.60,1735.30,2824071,https://stooq.com/q/d/l/?s=4183.jp&i=d,2026-03-26T08:35:00+00:00
4183,4183.T,4183.jp,2007-02-14,1745.15,1779.60,1736.94,1748.46,2398508,https://stooq.com/q/d/l/?s=4183.jp&i=d,2026-03-26T08:35:00+00:00
4183,4183.T,4183.jp,2007-02-15,1715.64,1768.10,1715.64,1759.93,2165001,https://stooq.com/q/d/l/?s=4183.jp&i=d,2026-03-26T08:35:00+00:00
4183,4183.T,4183.jp,2007-02-16,1748.46,1750.08,1709.06,1712.34,2688108,https://stooq.com/q/d/l/?s=4183.jp&i=d,2026-03-26T08:35:00+00:00
4183,4183.T,4183.jp,2007-02-19,1728.76,1735.30,1717.28,1733.66,1201084,https://stooq.com/q/d/l/?s=4183.jp&i=d,2026-03-26T08:35:00+00:00
4183,4183.T,4183.jp,2007-02-20,1717.28,1722.20,1677.90,1692.68,2667993,https://stooq.com/q/d/l/?s=4183.jp&i=d,2026-03-26T08:35:00+00:00
4183,4183.T,4183.jp,2007-02-21,1758.30,1777.97,1697.60,1710.70,4254397,https://stooq.com/q/d/l/?s=4183.jp&i=d,2026-03-26T08:35:00+00:00
4183,4183.T,4183.jp,2007-02-22,1787.80,1799.27,1758.30,1777.97,2889308,https://stooq.com/q/d/l/?s=4183.jp&i=d,2026-03-26T08:35:00+00:00
4183,4183.T,4183.jp,2007-02-23,1777.97,1782.88,1758.30,1776.31,1681515,https://stooq.com/q/d/l/?s=4183.jp&i=d,2026-03-26T08:35:00+00:00
4183,4183.T,4183.jp,2007-02-26,1743.50,1768.10,1730.42,1738.60,2595440,https://stooq.com/q/d/l/?s=4183.jp&i=d,2026-03-26T08:35:00+00:00
4183,4183.T,4183.jp,2007-02-27,1755.00,1761.56,1743.50,1743.50,1805893,https://stooq.com/q/d/l/?s=4183.jp&i=d,2026-03-26T08:35:00+00:00
4183,4183.T,4183.jp,2007-02-28,1710.70,1710.70,1643.44,1687.74,3067945,https://stooq.com/q/d/l/?s=4183.jp&i=d,2026-03-26T08:35:00+00:00
4183,4183.T,4183.jp,2007-03-01,1687.74,1687.74,1641.82,1674.60,2816760,https://stooq.com/q/d/l/?s=4183.jp&i=d,2026-03-26T08:35:00+00:00
4183,4183.T,4183.jp,2007-03-02,1686.12,1705.78,1656.58,1668.10,1783943,https://stooq.com/q/d/l/?s=4183.jp&i=d,2026-03-26T08:35:00+00:00
4183,4183.T,4183.jp,2007-03-05,1640.18,1640.18,1590.98,1599.18,3246586,https://stooq.com/q/d/l/?s=4183.jp&i=d,2026-03-26T08:35:00+00:00
4183,4183.T,4183.jp,2007-03-06,1582.78,1627.04,1577.84,1622.14,1975998,https://stooq.com/q/d/l/?s=4183.jp&i=d,2026-03-26T08:35:00+00:00
4183,4183.T,4183.jp,2007-03-07,1700.88,1700.88,1627.04,1635.27,3877001,https://stooq.com/q/d/l/?s=4183.jp&i=d,2026-03-26T08:35:00+00:00
4183,4183.T,4183.jp,2007-03-08,1630.35,1659.87,1622.14,1656.58,2368634,https://stooq.com/q/d/l/?s=4183.jp&i=d,2026-03-26T08:35:00+00:00
4183,4183.T,4183.jp,2007-03-09,1669.72,1669.72,1638.56,1640.18,3947727,https://stooq.com/q/d/l/?s=4183.jp&i=d,2026-03-26T08:35:00+00:00
4183,4183.T,4183.jp,2007-03-12,1672.96,1684.48,1664.80,1672.96,1759554,https://stooq.com/q/d/l/?s=4183.jp&i=d,2026-03-26T08:35:00+00:00
4183,4183.T,4183.jp,2007-03-13,1656.58,1666.44,1636.93,1658.22,1630305,https://stooq.com/q/d/l/?s=4183.jp&i=d,2026-03-26T08:35:00+00:00
4183,4183.T,4183.jp,2007-03-14,1625.41,1640.18,1600.82,1610.65,3439244,https://stooq.com/q/d/l/?s=4183.jp&i=d,2026-03-26T08:35:00+00:00
4183,4183.T,4183.jp,2007-03-15,1636.93,1664.80,1622.14,1636.93,2310105,https://stooq.com/q/d/l/?s=4183.jp&i=d,2026-03-26T08:35:00+00:00
4183,4183.T,4183.jp,2007-03-16,1620.51,1630.35,1604.11,1610.65,2630187,https://stooq.com/q/d/l/?s=4183.jp&i=d,2026-03-26T08:35:00+00:00
4183,4183.T,4183.jp,2007-03-19,1589.33,1635.27,1586.04,1628.72,1807114,https://stooq.com/q/d/l/?s=4183.jp&i=d,2026-03-26T08:35:00+00:00
4183,4183.T,4183.jp,2007-03-20,1640.18,1661.52,1640.18,1650.01,1274240,https://stooq.com/q/d/l/?s=4183.jp&i=d,2026-03-26T08:35:00+00:00
4183,4183.T,4183.jp,2007-03-22,1700.88,1733.66,1699.25,1730.42,2796024,https://stooq.com/q/d/l/?s=4183.jp&i=d,2026-03-26T08:35:00+00:00
4183,4183.T,4183.jp,2007-03-23,1723.84,1723.84,1710.70,1717.28,1667490,https://stooq.com/q/d/l/?s=4183.jp&i=d,2026-03-26T08:35:00+00:00
4183,4183.T,4183.jp,2007-03-26,1723.84,1730.42,1686.12,1689.39,3149029,https://stooq.com/q/d/l/?s=4183.jp&i=d,2026-03-26T08:35:00+00:00
4183,4183.T,4183.jp,2007-03-27,1682.82,1697.60,1668.10,1679.54,4305005,https://stooq.com/q/d/l/?s=4183.jp&i=d,2026-03-26T08:35:00+00:00
4183,4183.T,4183.jp,2007-03-28,1692.68,1709.06,1668.10,1687.74,2459480,https://stooq.com/q/d/l/?s=4183.jp&i=d,2026-03-26T08:35:00+00:00
4183,4183.T,4183.jp,2007-03-29,1689.39,1743.50,1672.96,1718.91,2539349,https://stooq.com/q/d/l/?s=4183.jp&i=d,2026-03-26T08:35:00+00:00
4183,4183.T,4183.jp,2007-03-30,1723.84,1723.84,1679.54,1689.39,1847352,https://stooq.com/q/d/l/?s=4183.jp&i=d,2026-03-26T08:35:00+00:00
4183,4183.T,4183.jp,2007-04-02,1704.14,1713.97,1653.32,1653.32,3297188,https://stooq.com/q/d/l/?s=4183.jp&i=d,2026-03-26T08:35:00+00:00
4183,4183.T,4183.jp,2007-04-03,1686.12,1697.60,1650.01,1661.52,4130021,https://stooq.com/q/d/l/?s=4183.jp&i=d,2026-03-26T08:35:00+00:00
4183,4183.T,4183.jp,2007-04-04,1681.18,1687.74,1661.52,1669.72,2890528,https://stooq.com/q/d/l/?s=4183.jp&i=d,2026-03-26T08:35:00+00:00
4183,4183.T,4183.jp,2007-04-05,1681.18,1684.48,1651.65,1654.94,2343635,https://stooq.com/q/d/l/?s=4183.jp&i=d,2026-03-26T08:35:00+00:00
4183,4183.T,4183.jp,2007-04-06,1643.44,1658.22,1641.82,1645.11,2200972,https://stooq.com/q/d/l/?s=4183.jp&i=d,2026-03-26T08:35:00+00:00
4183,4183.T,4183.jp,2007-04-09,1650.01,1669.72,1640.18,1666.44,1539457,https://stooq.com/q/d/l/?s=4183.jp&i=d,2026-03-26T08:35:00+00:00
4183,4183.T,4183.jp,2007-04-10,1689.39,1735.30,1684.48,1712.34,3868463,https://stooq.com/q/d/l/?s=4183.jp&i=d,2026-03-26T08:35:00+00:00
4183,4183.T,4183.jp,2007-04-11,1702.50,1717.28,1689.39,1707.42,2042453,https://stooq.com/q/d/l/?s=4183.jp&i=d,2026-03-26T08:35:00+00:00
4183,4183.T,4183.jp,2007-04-12,1681.18,1705.78,1681.18,1702.50,2080859,https://stooq.com/q/d/l/?s=4183.jp&i=d,2026-03-26T08:35:00+00:00
4183,4183.T,4183.jp,2007-04-13,1718.91,1755.00,1707.42,1712.34,3353889,https://stooq.com/q/d/l/?s=4183.jp&i=d,2026-03-26T08:35:00+00:00
4183,4183.T,4183.jp,2007-04-16,1722.20,1748.46,1718.91,1743.50,2354002,https://stooq.com/q/d/l/?s=4183.jp&i=d,2026-03-26T08:35:00+00:00
4183,4183.T,4183.jp,2007-04-17,1755.00,1761.56,1712.34,1722.20,2374130,https://stooq.com/q/d/l/?s=4183.jp&i=d,2026-03-26T08:35:00+00:00
4183,4183.T,4183.jp,2007-04-18,1736.94,1736.94,1712.34,1723.84,2006475,https://stooq.com/q/d/l/?s=4183.jp&i=d,2026-03-26T08:35:00+00:00
4183,4183.T,4183.jp,2007-04-19,1710.70,1715.64,1671.35,1686.12,1957708,https://stooq.com/q/d/l/?s=4183.jp&i=d,2026-03-26T08:35:00+00:00
4183,4183.T,4183.jp,2007-04-20,1697.60,1717.28,1695.96,1704.14,1296193,https://stooq.com/q/d/l/?s=4183.jp&i=d,2026-03-26T08:35:00+00:00
4183,4183.T,4183.jp,2007-04-23,1723.84,1732.02,1674.60,1681.18,1861377,https://stooq.com/q/d/l/?s=4183.jp&i=d,2026-03-26T08:35:00+00:00
4183,4183.T,4183.jp,2007-04-24,1668.10,1669.72,1630.35,1641.82,3517288,https://stooq.com/q/d/l/?s=4183.jp&i=d,2026-03-26T08:35:00+00:00
4183,4183.T,4183.jp,2007-04-25,1643.44,1643.44,1604.11,1610.65,1961974,https://stooq.com/q/d/l/?s=4183.jp&i=d,2026-03-26T08:35:00+00:00
4183,4183.T,4183.jp,2007-04-26,1638.56,1661.52,1623.78,1646.75,1674812,https://stooq.com/q/d/l/?s=4183.jp&i=d,2026-03-26T08:35:00+00:00
4183,4183.T,4183.jp,2007-04-27,1643.44,1659.87,1622.14,1636.93,1955873,https://stooq.com/q/d/l/?s=4183.jp&i=d,2026-03-26T08:35:00+00:00
4183,4183.T,4183.jp,2007-05-01,1640.18,1648.37,1628.72,1638.56,1435811,https://stooq.com/q/d/l/?s=4183.jp&i=d,2026-03-26T08:35:00+00:00
4183,4183.T,4183.jp,2007-05-02,1645.11,1684.48,1636.93,1681.18,1628475,https://stooq.com/q/d/l/?s=4183.jp&i=d,2026-03-26T08:35:00+00:00
4183,4183.T,4183.jp,2007-05-07,1705.78,1720.54,1699.25,1705.78,1441907,https://stooq.com/q/d/l/?s=4183.jp&i=d,2026-03-26T08:35:00+00:00
4183,4183.T,4183.jp,2007-05-08,1695.96,1705.78,1681.18,1695.96,2190003,https://stooq.com/q/d/l/?s=4183.jp&i=d,2026-03-26T08:35:00+00:00
4183,4183.T,4183.jp,2007-05-09,1679.54,1705.78,1676.26,1705.78,1517511,https://stooq.com/q/d/l/?s=4183.jp&i=d,2026-03-26T08:35:00+00:00
4183,4183.T,4183.jp,2007-05-10,1707.42,1730.42,1625.41,1640.18,5766425,https://stooq.com/q/d/l/?s=4183.jp&i=d,2026-03-26T08:35:00+00:00
4183,4183.T,4183.jp,2007-05-11,1610.65,1623.78,1543.43,1576.24,7472332,https://stooq.com/q/d/l/?s=4183.jp&i=d,2026-03-26T08:35:00+00:00
4183,4183.T,4183.jp,2007-05-14,1586.04,1587.70,1543.43,1549.97,4058691,https://stooq.com/q/d/l/?s=4183.jp&i=d,2026-03-26T08:35:00+00:00
4183,4183.T,4183.jp,2007-05-15,1535.22,1535.22,1489.30,1510.60,2824071,https://stooq.com/q/d/l/?s=4183.jp&i=d,2026-03-26T08:35:00+00:00
4183,4183.T,4183.jp,2007-05-16,1508.98,1533.56,1504.05,1520.45,3218539,https://stooq.com/q/d/l/?s=4183.jp&i=d,2026-03-26T08:35:00+00:00
4183,4183.T,4183.jp,2007-05-17,1522.10,1527.01,1482.74,1489.30,1882102,https://stooq.com/q/d/l/?s=4183.jp&i=d,2026-03-26T08:35:00+00:00
4183,4183.T,4183.jp,2007-05-18,1502.40,1505.70,1477.81,1485.99,1681515,https://stooq.com/q/d/l/?s=4183.jp&i=d,2026-03-26T08:35:00+00:00
4183,4183.T,4183.jp,2007-05-21,1476.17,1477.81,1445.00,1463.04,2785053,https://stooq.com/q/d/l/?s=4183.jp&i=d,2026-03-26T08:35:00+00:00
4183,4183.T,4183.jp,2007-05-22,1459.77,1481.10,1453.22,1467.94,2331446,https://stooq.com/q/d/l/?s=4183.jp&i=d,2026-03-26T08:35:00+00:00
4183,4183.T,4183.jp,2007-05-23,1469.60,1541.78,1467.94,1504.05,3707506,https://stooq.com/q/d/l/?s=4183.jp&i=d,2026-03-26T08:35:00+00:00
4183,4183.T,4183.jp,2007-05-24,1484.38,1484.38,1456.48,1467.94,2730787,https://stooq.com/q/d/l/?s=4183.jp&i=d,2026-03-26T08:35:00+00:00
4183,4183.T,4183.jp,2007-05-25,1436.80,1436.80,1408.90,1426.96,3692267,https://stooq.com/q/d/l/?s=4183.jp&i=d,2026-03-26T08:35:00+00:00
4183,4183.T,4183.jp,2007-05-28,1425.31,1467.94,1422.06,1451.56,2330223,https://stooq.com/q/d/l/?s=4183.jp&i=d,2026-03-26T08:35:00+00:00
4183,4183.T,4183.jp,2007-05-29,1438.42,1446.65,1426.96,1441.72,1179741,https://stooq.com/q/d/l/?s=4183.jp&i=d,2026-03-26T08:35:00+00:00
4183,4183.T,4183.jp,2007-05-30,1425.31,1436.80,1407.26,1423.69,3008198,https://stooq.com/q/d/l/?s=4183.jp&i=d,2026-03-26T08:35:00+00:00
4183,4183.T,4183.jp,2007-05-31,1423.69,1443.36,1420.40,1441.72,2261941,https://stooq.com/q/d/l/?s=4183.jp&i=d,2026-03-26T08:35:00+00:00
4183,4183.T,4183.jp,2007-06-01,1466.32,1494.20,1461.40,1479.44,2855776,https://stooq.com/q/d/l/?s=4183.jp&i=d,2026-03-26T08:35:00+00:00
4183,4183.T,4183.jp,2007-06-04,1492.56,1505.70,1481.10,1482.74,2225358,https://stooq.com/q/d/l/?s=4183.jp&i=d,2026-03-26T08:35:00+00:00
4183,4183.T,4183.jp,2007-06-05,1467.94,1481.10,1459.77,1469.60,1836983,https://stooq.com/q/d/l/?s=4183.jp&i=d,2026-03-26T08:35:00+00:00
4183,4183.T,4183.jp,2007-06-06,1461.40,1466.32,1443.36,1459.77,2581420,https://stooq.com/q/d/l/?s=4183.jp&i=d,2026-03-26T08:35:00+00:00
4183,4183.T,4183.jp,2007-06-07,1426.96,1461.40,1423.69,1458.12,4051985,https://stooq.com/q/d/l/?s=4183.jp&i=d,2026-03-26T08:35:00+00:00
4183,4183.T,4183.jp,2007-06-08,1445.00,1448.28,1428.58,1446.65,4216599,https://stooq.com/q/d/l/?s=4183.jp&i=d,2026-03-26T08:35:00+00:00
4183,4183.T,4183.jp,2007-06-11,1466.32,1466.32,1441.72,1443.36,1604091,https://stooq.com/q/d/l/?s=4183.jp&i=d,2026-03-26T08:35:00+00:00
4183,4183.T,4183.jp,2007-06-12,1454.84,1454.84,1425.31,1428.58,2459480,https://stooq.com/q/d/l/?s=4183.jp&i=d,2026-03-26T08:35:00+00:00
4183,4183.T,4183.jp,2007-06-13,1405.65,1410.56,1395.79,1404.00,2523497,https://stooq.com/q/d/l/?s=4183.jp&i=d,2026-03-26T08:35:00+00:00
4183,4183.T,4183.jp,2007-06-14,1415.48,1449.93,1413.84,1436.80,2741151,https://stooq.com/q/d/l/?s=4183.jp&i=d,2026-03-26T08:35:00+00:00
4183,4183.T,4183.jp,2007-06-15,1466.32,1499.12,1459.77,1487.64,4083074,https://stooq.com/q/d/l/?s=4183.jp&i=d,2026-03-26T08:35:00+00:00
4183,4183.T,4183.jp,2007-06-18,1492.56,1518.81,1487.64,1512.26,2805776,https://stooq.com/q/d/l/?s=4183.jp&i=d,2026-03-26T08:35:00+00:00
4183,4183.T,4183.jp,2007-06-19,1499.12,1517.16,1487.64,1515.54,1934537,https://stooq.com/q/d/l/?s=4183.jp&i=d,2026-03-26T08:35:00+00:00
4183,4183.T,4183.jp,2007-06-20,1527.01,1564.73,1522.10,1554.88,3591667,https://stooq.com/q/d/l/?s=4183.jp&i=d,2026-03-26T08:35:00+00:00
4183,4183.T,4183.jp,2007-06-21,1525.36,1551.62,1525.36,1546.70,1956486,https://stooq.com/q/d/l/?s=4183.jp&i=d,2026-03-26T08:35:00+00:00
4183,4183.T,4183.jp,2007-06-22,1536.86,1543.43,1513.90,1535.22,1929657,https://stooq.com/q/d/l/?s=4183.jp&i=d,2026-03-26T08:35:00+00:00
4183,4183.T,4183.jp,2007-06-25,1518.81,1554.88,1518.81,1545.06,1676642,https://stooq.com/q/d/l/?s=4183.jp&i=d,2026-03-26T08:35:00+00:00
4183,4183.T,4183.jp,2007-06-26,1531.92,1543.43,1527.01,1536.86,1977824,https://stooq.com/q/d/l/?s=4183.jp&i=d,2026-03-26T08:35:00+00:00
4183,4183.T,4183.jp,2007-06-27,1515.54,1531.92,1497.48,1517.16,1863204,https://stooq.com/q/d/l/?s=4183.jp&i=d,2026-03-26T08:35:00+00:00
4183,4183.T,4183.jp,2007-06-28,1512.26,1518.81,1505.70,1512.26,1050492,https://stooq.com/q/d/l/?s=4183.jp&i=d,2026-03-26T08:35:00+00:00
4183,4183.T,4183.jp,2007-06-29,1512.26,1536.86,1507.33,1536.86,915139,https://stooq.com/q/d/l/?s=4183.jp&i=d,2026-03-26T08:35:00+00:00
4183,4183.T,4183.jp,2007-07-02,1538.50,1545.06,1523.73,1540.13,943184,https://stooq.com/q/d/l/?s=4183.jp&i=d,2026-03-26T08:35:00+00:00
4183,4183.T,4183.jp,2007-07-03,1541.78,1561.46,1508.98,1551.62,2144883,https://stooq.com/q/d/l/?s=4183.jp&i=d,2026-03-26T08:35:00+00:00
4183,4183.T,4183.jp,2007-07-04,1551.62,1577.84,1543.43,1574.59,2218652,https://stooq.com/q/d/l/?s=4183.jp&i=d,2026-03-26T08:35:00+00:00
4183,4183.T,4183.jp,2007-07-05,1566.38,1587.70,1564.73,1579.49,1593725,https://stooq.com/q/d/l/?s=4183.jp&i=d,2026-03-26T08:35:00+00:00
4183,4183.T,4183.jp,2007-07-06,1566.38,1572.95,1549.97,1571.30,1065122,https://stooq.com/q/d/l/?s=4183.jp&i=d,2026-03-26T08:35:00+00:00
4183,4183.T,4183.jp,2007-07-09,1582.78,1615.57,1577.84,1609.02,1874786,https://stooq.com/q/d/l/?s=4183.jp&i=d,2026-03-26T08:35:00+00:00
4183,4183.T,4183.jp,2007-07-10,1599.18,1607.39,1582.78,1605.76,1642499,https://stooq.com/q/d/l/?s=4183.jp&i=d,2026-03-26T08:35:00+00:00
4183,4183.T,4183.jp,2007-07-11,1597.54,1600.82,1586.04,1597.54,1614453,https://stooq.com/q/d/l/?s=4183.jp&i=d,2026-03-26T08:35:00+00:00
4183,4183.T,4183.jp,2007-07-12,1599.18,1600.82,1572.95,1582.78,2366194,https://stooq.com/q/d/l/?s=4183.jp&i=d,2026-03-26T08:35:00+00:00
4183,4183.T,4183.jp,2007-07-13,1589.33,1599.18,1576.24,1589.33,1697367,https://stooq.com/q/d/l/?s=4183.jp&i=d,2026-03-26T08:35:00+00:00
4183,4183.T,4183.jp,2007-07-17,1590.98,1594.25,1581.14,1589.33,1560195,https://stooq.com/q/d/l/?s=4183.jp&i=d,2026-03-26T08:35:00+00:00
4183,4183.T,4183.jp,2007-07-18,1581.14,1582.78,1553.25,1569.66,1494953,https://stooq.com/q/d/l/?s=4183.jp&i=d,2026-03-26T08:35:00+00:00
4183,4183.T,4183.jp,2007-07-19,1577.84,1584.42,1561.46,1579.49,1359603,https://stooq.com/q/d/l/?s=4183.jp&i=d,2026-03-26T08:35:00+00:00
4183,4183.T,4183.jp,2007-07-20,1584.42,1602.47,1582.78,1597.54,1125486,https://stooq.com/q/d/l/?s=4183.jp&i=d,2026-03-26T08:35:00+00:00
4183,4183.T,4183.jp,2007-07-23,1597.54,1597.54,1569.66,1590.98,1376673,https://stooq.com/q/d/l/?s=4183.jp&i=d,2026-03-26T08:35:00+00:00
4183,4183.T,4183.jp,2007-07-24,1586.04,1597.54,1569.66,1594.25,1057195,https://stooq.com/q/d/l/?s=4183.jp&i=d,2026-03-26T08:35:00+00:00
4183,4183.T,4183.jp,2007-07-25,1574.59,1576.24,1549.97,1569.66,1213276,https://stooq.com/q/d/l/?s=4183.jp&i=d,2026-03-26T08:35:00+00:00
4183,4183.T,4183.jp,2007-07-26,1559.81,1574.59,1518.81,1518.81,2740544,https://stooq.com/q/d/l/?s=4183.jp&i=d,2026-03-26T08:35:00+00:00
4183,4183.T,4183.jp,2007-07-27,1471.24,1489.30,1464.70,1472.90,1724806,https://stooq.com/q/d/l/?s=4183.jp&i=d,2026-03-26T08:35:00+00:00
4183,4183.T,4183.jp,2007-07-30,1476.17,1522.10,1463.04,1518.81,2337542,https://stooq.com/q/d/l/?s=4183.jp&i=d,2026-03-26T08:35:00+00:00
4183,4183.T,4183.jp,2007-07-31,1507.33,1520.45,1487.64,1520.45,2008916,https://stooq.com/q/d/l/?s=4183.jp&i=d,2026-03-26T08:35:00+00:00
4183,4183.T,4183.jp,2007-08-01,1513.90,1513.90,1485.99,1485.99,1757729,https://stooq.com/q/d/l/?s=4183.jp&i=d,2026-03-26T08:35:00+00:00
4183,4183.T,4183.jp,2007-08-02,1515.54,1515.54,1466.32,1497.48,1544945,https://stooq.com/q/d/l/?s=4183.jp&i=d,2026-03-26T08:35:00+00:00
4183,4183.T,4183.jp,2007-08-03,1481.10,1627.04,1454.84,1558.18,7010184,https://stooq.com/q/d/l/?s=4183.jp&i=d,2026-03-26T08:35:00+00:00
4183,4183.T,4183.jp,2007-08-06,1543.43,1586.04,1540.13,1577.84,3778232,https://stooq.com/q/d/l/?s=4183.jp&i=d,2026-03-26T08:35:00+00:00
4183,4183.T,4183.jp,2007-08-07,1620.51,1705.78,1617.22,1692.68,6661450,https://stooq.com/q/d/l/?s=4183.jp&i=d,2026-03-26T08:35:00+00:00
4183,4183.T,4183.jp,2007-08-08,1692.68,1730.42,1671.35,1702.50,5754226,https://stooq.com/q/d/l/?s=4183.jp&i=d,2026-03-26T08:35:00+00:00
4183,4183.T,4183.jp,2007-08-09,1653.32,1659.87,1561.46,1656.58,6248074,https://stooq.com/q/d/l/?s=4183.jp&i=d,2026-03-26T08:35:00+00:00
4183,4183.T,4183.jp,2007-08-10,1622.14,1622.14,1522.10,1531.92,5148201,https://stooq.com/q/d/l/?s=4183.jp&i=d,2026-03-26T08:35:00+00:00
4183,4183.T,4183.jp,2007-08-13,1613.93,1689.39,1586.04,1622.14,5045164,https://stooq.com/q/d/l/?s=4183.jp&i=d,2026-03-26T08:35:00+00:00
4183,4183.T,4183.jp,2007-08-14,1605.76,1653.32,1595.89,1638.56,1923563,https://stooq.com/q/d/l/?s=4183.jp&i=d,2026-03-26T08:35:00+00:00
4183,4183.T,4183.jp,2007-08-15,1656.58,1705.78,1654.94,1661.52,5181731,https://stooq.com/q/d/l/?s=4183.jp&i=d,2026-03-26T08:35:00+00:00
4183,4183.T,4183.jp,2007-08-16,1618.84,1635.27,1563.08,1609.02,3055755,https://stooq.com/q/d/l/?s=4183.jp&i=d,2026-03-26T08:35:00+00:00
4183,4183.T,4183.jp,2007-08-17,1549.97,1582.78,1463.04,1466.32,3100264,https://stooq.com/q/d/l/?s=4183.jp&i=d,2026-03-26T08:35:00+00:00
4183,4183.T,4183.jp,2007-08-20,1531.92,1569.66,1530.28,1549.97,3383154,https://stooq.com/q/d/l/?s=4183.jp&i=d,2026-03-26T08:35:00+00:00
4183,4183.T,4183.jp,2007-08-21,1558.18,1610.65,1558.18,1594.25,3211228,https://stooq.com/q/d/l/?s=4183.jp&i=d,2026-03-26T08:35:00+00:00
4183,4183.T,4183.jp,2007-08-22,1577.84,1607.39,1569.66,1579.49,2948449,https://stooq.com/q/d/l/?s=4183.jp&i=d,2026-03-26T08:35:00+00:00
4183,4183.T,4183.jp,2007-08-23,1645.11,1681.18,1643.44,1661.52,2705791,https://stooq.com/q/d/l/?s=4183.jp&i=d,2026-03-26T08:35:00+00:00
4183,4183.T,4183.jp,2007-08-24,1640.18,1668.10,1620.51,1641.82,2378390,https://stooq.com/q/d/l/?s=4183.jp&i=d,2026-03-26T08:35:00+00:00
4183,4183.T,4183.jp,2007-08-27,1674.60,1695.96,1650.01,1658.22,1257777,https://stooq.com/q/d/l/?s=4183.jp&i=d,2026-03-26T08:35:00+00:00
4183,4183.T,4183.jp,2007-08-28,1646.75,1661.52,1641.82,1656.58,1207793,https://stooq.com/q/d/l/?s=4183.jp&i=d,2026-03-26T08:35:00+00:00
4183,4183.T,4183.jp,2007-08-29,1607.39,1613.93,1581.14,1609.02,2157075,https://stooq.com/q/d/l/?s=4183.jp&i=d,2026-03-26T08:35:00+00:00
4183,4183.T,4183.jp,2007-08-30,1658.22,1677.90,1650.01,1671.35,2642997,https://stooq.com/q/d/l/?s=4183.jp&i=d,2026-03-26T08:35:00+00:00
4183,4183.T,4183.jp,2007-08-31,1681.18,1741.87,1671.35,1725.48,3204510,https://stooq.com/q/d/l/?s=4183.jp&i=d,2026-03-26T08:35:00+00:00
4183,4183.T,4183.jp,2007-09-03,1697.60,1718.91,1663.16,1679.54,2256450,https://stooq.com/q/d/l/?s=4183.jp&i=d,2026-03-26T08:35:00+00:00
4183,4183.T,4183.jp,2007-09-04,1704.14,1774.68,1689.39,1768.10,4879329,https://stooq.com/q/d/l/?s=4183.jp&i=d,2026-03-26T08:35:00+00:00
4183,4183.T,4183.jp,2007-09-05,1800.92,1809.14,1722.20,1725.48,4083684,https://stooq.com/q/d/l/?s=4183.jp&i=d,2026-03-26T08:35:00+00:00
4183,4183.T,4183.jp,2007-09-06,1718.91,1782.88,1704.14,1781.24,3359985,https://stooq.com/q/d/l/?s=4183.jp&i=d,2026-03-26T08:35:00+00:00
4183,4183.T,4183.jp,2007-09-07,1771.39,1812.42,1764.82,1787.80,2978326,https://stooq.com/q/d/l/?s=4183.jp&i=d,2026-03-26T08:35:00+00:00
4183,4183.T,4183.jp,2007-09-10,1727.12,1768.10,1717.28,1740.24,2707011,https://stooq.com/q/d/l/?s=4183.jp&i=d,2026-03-26T08:35:00+00:00
4183,4183.T,4183.jp,2007-09-11,1766.47,1777.97,1727.12,1766.47,1671154,https://stooq.com/q/d/l/?s=4183.jp&i=d,2026-03-26T08:35:00+00:00
4183,4183.T,4183.jp,2007-09-12,1776.31,1777.97,1709.06,1715.64,3145378,https://stooq.com/q/d/l/?s=4183.jp&i=d,2026-03-26T08:35:00+00:00
4183,4183.T,4183.jp,2007-09-13,1743.50,1768.10,1725.48,1736.94,2540569,https://stooq.com/q/d/l/?s=4183.jp&i=d,2026-03-26T08:35:00+00:00
4183,4183.T,4183.jp,2007-09-14,1738.60,1748.46,1717.28,1741.87,3159403,https://stooq.com/q/d/l/?s=4183.jp&i=d,2026-03-26T08:35:00+00:00
4183,4183.T,4183.jp,2007-09-18,1774.68,1774.68,1715.64,1727.12,2221090,https://stooq.com/q/d/l/?s=4183.jp&i=d,2026-03-26T08:35:00+00:00
4183,4183.T,4183.jp,2007-09-19,1759.93,1795.99,1755.00,1779.60,2176583,https://stooq.com/q/d/l/?s=4183.jp&i=d,2026-03-26T08:35:00+00:00
4183,4183.T,4183.jp,2007-09-20,1804.20,1820.60,1784.54,1789.46,2208285,https://stooq.com/q/d/l/?s=4183.jp&i=d,2026-03-26T08:35:00+00:00
4183,4183.T,4183.jp,2007-09-21,1756.66,1815.68,1756.66,1800.92,2769200,https://stooq.com/q/d/l/?s=4183.jp&i=d,2026-03-26T08:35:00+00:00
4183,4183.T,4183.jp,2007-09-25,1837.00,1845.22,1804.20,1828.80,2159513,https://stooq.com/q/d/l/?s=4183.jp&i=d,2026-03-26T08:35:00+00:00
4183,4183.T,4183.jp,2007-09-26,1843.58,1858.32,1820.60,1832.08,1676034,https://stooq.com/q/d/l/?s=4183.jp&i=d,2026-03-26T08:35:00+00:00
4183,4183.T,4183.jp,2007-09-27,1837.00,1840.30,1810.78,1832.08,1561412,https://stooq.com/q/d/l/?s=4183.jp&i=d,2026-03-26T08:35:00+00:00
4183,4183.T,4183.jp,2007-09-28,1833.72,1874.72,1825.52,1871.45,2718593,https://stooq.com/q/d/l/?s=4183.jp&i=d,2026-03-26T08:35:00+00:00
4183,4183.T,4183.jp,2007-10-01,1850.12,1869.81,1818.97,1845.22,2314373,https://stooq.com/q/d/l/?s=4183.jp&i=d,2026-03-26T08:35:00+00:00
4183,4183.T,4183.jp,2007-10-02,1845.22,1863.24,1815.68,1827.16,2503376,https://stooq.com/q/d/l/?s=4183.jp&i=d,2026-03-26T08:35:00+00:00
4183,4183.T,4183.jp,2007-10-03,1843.58,1923.93,1841.93,1920.66,3515456,https://stooq.com/q/d/l/?s=4183.jp&i=d,2026-03-26T08:35:00+00:00
4183,4183.T,4183.jp,2007-10-04,1910.82,1938.71,1902.63,1930.50,2707011,https://stooq.com/q/d/l/?s=4183.jp&i=d,2026-03-26T08:35:00+00:00
4183,4183.T,4183.jp,2007-10-05,1910.82,1946.89,1891.14,1933.79,2663110,https://stooq.com/q/d/l/?s=4183.jp&i=d,2026-03-26T08:35:00+00:00
4183,4183.T,4183.jp,2007-10-09,1902.63,1932.14,1874.72,1879.67,3011244,https://stooq.com/q/d/l/?s=4183.jp&i=d,2026-03-26T08:35:00+00:00
4183,4183.T,4183.jp,2007-10-10,1881.28,1902.63,1848.50,1889.47,1999777,https://stooq.com/q/d/l/?s=4183.jp&i=d,2026-03-26T08:35:00+00:00
4183,4183.T,4183.jp,2007-10-11,1889.47,1932.14,1887.84,1932.14,1773579,https://stooq.com/q/d/l/?s=4183.jp&i=d,2026-03-26T08:35:00+00:00
4183,4183.T,4183.jp,2007-10-12,1935.42,1943.63,1892.76,1904.26,1821138,https://stooq.com/q/d/l/?s=4183.jp&i=d,2026-03-26T08:35:00+00:00
4183,4183.T,4183.jp,2007-10-15,1932.14,1938.71,1902.63,1907.54,1106585,https://stooq.com/q/d/l/?s=4183.jp&i=d,2026-03-26T08:35:00+00:00
4183,4183.T,4183.jp,2007-10-16,1925.58,1937.06,1881.28,1887.84,1558969,https://stooq.com/q/d/l/?s=4183.jp&i=d,2026-03-26T08:35:00+00:00
4183,4183.T,4183.jp,2007-10-17,1868.17,1897.69,1853.40,1889.47,2471674,https://stooq.com/q/d/l/?s=4183.jp&i=d,2026-03-26T08:35:00+00:00
4183,4183.T,4183.jp,2007-10-18,1868.17,1871.45,1856.68,1861.60,1857716,https://stooq.com/q/d/l/?s=4183.jp&i=d,2026-03-26T08:35:00+00:00
4183,4183.T,4183.jp,2007-10-19,1830.42,1833.72,1794.34,1804.20,2360710,https://stooq.com/q/d/l/?s=4183.jp&i=d,2026-03-26T08:35:00+00:00
4183,4183.T,4183.jp,2007-10-22,1705.78,1771.39,1700.88,1756.66,3876394,https://stooq.com/q/d/l/?s=4183.jp&i=d,2026-03-26T08:35:00+00:00
4183,4183.T,4183.jp,2007-10-23,1756.66,1758.30,1725.48,1741.87,2110126,https://stooq.com/q/d/l/?s=4183.jp&i=d,2026-03-26T08:35:00+00:00
4183,4183.T,4183.jp,2007-10-24,1741.87,1776.31,1722.20,1733.66,2157075,https://stooq.com/q/d/l/?s=4183.jp&i=d,2026-03-26T08:35:00+00:00
4183,4183.T,4183.jp,2007-10-25,1766.47,1786.17,1758.30,1766.47,2510695,https://stooq.com/q/d/l/?s=4183.jp&i=d,2026-03-26T08:35:00+00:00
4183,4183.T,4183.jp,2007-10-26,1766.47,1781.24,1746.80,1759.93,1238275,https://stooq.com/q/d/l/?s=4183.jp&i=d,2026-03-26T08:35:00+00:00
4183,4183.T,4183.jp,2007-10-29,1792.71,1795.99,1756.66,1761.56,1024883,https://stooq.com/q/d/l/?s=4183.jp&i=d,2026-03-26T08:35:00+00:00
4183,4183.T,4183.jp,2007-10-30,1761.56,1789.46,1746.80,1768.10,1556529,https://stooq.com/q/d/l/?s=4183.jp&i=d,2026-03-26T08:35:00+00:00
4183,4183.T,4183.jp,2007-10-31,1733.66,1759.93,1725.48,1759.93,1910146,https://stooq.com/q/d/l/?s=4183.jp&i=d,2026-03-26T08:35:00+00:00
4183,4183.T,4183.jp,2007-11-01,1728.76,1750.08,1676.26,1699.25,2603976,https://stooq.com/q/d/l/?s=4183.jp&i=d,2026-03-26T08:35:00+00:00
4183,4183.T,4183.jp,2007-11-02,1638.56,1661.52,1609.02,1638.56,4325125,https://stooq.com/q/d/l/?s=4183.jp&i=d,2026-03-26T08:35:00+00:00
4183,4183.T,4183.jp,2007-11-05,1650.01,1661.52,1613.93,1620.51,3484969,https://stooq.com/q/d/l/?s=4183.jp&i=d,2026-03-26T08:35:00+00:00
4183,4183.T,4183.jp,2007-11-06,1636.93,1668.10,1636.93,1648.37,1833332,https://stooq.com/q/d/l/?s=4183.jp&i=d,2026-03-26T08:35:00+00:00
4183,4183.T,4183.jp,2007-11-07,1650.01,1668.10,1612.30,1612.30,2147929,https://stooq.com/q/d/l/?s=4183.jp&i=d,2026-03-26T08:35:00+00:00
4183,4183.T,4183.jp,2007-11-08,1595.89,1610.65,1566.38,1610.65,2985027,https://stooq.com/q/d/l/?s=4183.jp&i=d,2026-03-26T08:35:00+00:00
4183,4183.T,4183.jp,2007-11-09,1612.30,1641.82,1497.48,1533.56,5108573,https://stooq.com/q/d/l/?s=4183.jp&i=d,2026-03-26T08:35:00+00:00
4183,4183.T,4183.jp,2007-11-12,1500.76,1504.05,1456.48,1484.38,4663500,https://stooq.com/q/d/l/?s=4183.jp&i=d,2026-03-26T08:35:00+00:00
4183,4183.T,4183.jp,2007-11-13,1451.56,1453.22,1408.90,1430.24,4240983,https://stooq.com/q/d/l/?s=4183.jp&i=d,2026-03-26T08:35:00+00:00
4183,4183.T,4183.jp,2007-11-14,1461.40,1477.81,1449.93,1454.84,2409485,https://stooq.com/q/d/l/?s=4183.jp&i=d,2026-03-26T08:35:00+00:00
4183,4183.T,4183.jp,2007-11-15,1453.22,1466.32,1426.96,1435.17,2288155,https://stooq.com/q/d/l/?s=4183.jp&i=d,2026-03-26T08:35:00+00:00
4183,4183.T,4183.jp,2007-11-16,1418.77,1418.77,1353.15,1369.54,2967350,https://stooq.com/q/d/l/?s=4183.jp&i=d,2026-03-26T08:35:00+00:00
4183,4183.T,4183.jp,2007-11-19,1358.08,1379.38,1331.85,1338.38,2941131,https://stooq.com/q/d/l/?s=4183.jp&i=d,2026-03-26T08:35:00+00:00
4183,4183.T,4183.jp,2007-11-20,1289.18,1361.36,1258.03,1351.51,4836048,https://stooq.com/q/d/l/?s=4183.jp&i=d,2026-03-26T08:35:00+00:00
4183,4183.T,4183.jp,2007-11-21,1344.96,1363.01,1294.12,1300.67,2343635,https://stooq.com/q/d/l/?s=4183.jp&i=d,2026-03-26T08:35:00+00:00
4183,4183.T,4183.jp,2007-11-22,1312.14,1331.85,1282.62,1317.08,2717988,https://stooq.com/q/d/l/?s=4183.jp&i=d,2026-03-26T08:35:00+00:00
4183,4183.T,4183.jp,2007-11-26,1317.08,1363.01,1295.75,1325.28,3404494,https://stooq.com/q/d/l/?s=4183.jp&i=d,2026-03-26T08:35:00+00:00
4183,4183.T,4183.jp,2007-11-27,1320.34,1320.34,1233.42,1264.56,4848847,https://stooq.com/q/d/l/?s=4183.jp&i=d,2026-03-26T08:35:00+00:00
4183,4183.T,4183.jp,2007-11-28,1271.15,1290.82,1253.09,1274.40,1854668,https://stooq.com/q/d/l/?s=4183.jp&i=d,2026-03-26T08:35:00+00:00
4183,4183.T,4183.jp,2007-11-29,1285.92,1312.14,1279.34,1300.67,1963194,https://stooq.com/q/d/l/?s=4183.jp&i=d,2026-03-26T08:35:00+00:00
4183,4183.T,4183.jp,2007-11-30,1302.32,1336.73,1302.32,1325.28,2433261,https://stooq.com/q/d/l/?s=4183.jp&i=d,2026-03-26T08:35:00+00:00
4183,4183.T,4183.jp,2007-12-03,1387.60,1399.06,1325.28,1336.73,3333776,https://stooq.com/q/d/l/?s=4183.jp&i=d,2026-03-26T08:35:00+00:00
4183,4183.T,4183.jp,2007-12-04,1310.51,1323.62,1272.79,1277.70,3391692,https://stooq.com/q/d/l/?s=4183.jp&i=d,2026-03-26T08:35:00+00:00
4183,4183.T,4183.jp,2007-12-05,1269.51,1287.55,1254.77,1276.04,2068060,https://stooq.com/q/d/l/?s=4183.jp&i=d,2026-03-26T08:35:00+00:00
4183,4183.T,4183.jp,2007-12-06,1292.46,1300.67,1262.94,1284.26,2408875,https://stooq.com/q/d/l/?s=4183.jp&i=d,2026-03-26T08:35:00+00:00
4183,4183.T,4183.jp,2007-12-07,1312.14,1340.03,1302.32,1313.80,2596663,https://stooq.com/q/d/l/?s=4183.jp&i=d,2026-03-26T08:35:00+00:00
4183,4183.T,4183.jp,2007-12-10,1321.98,1335.10,1300.67,1307.21,1627857,https://stooq.com/q/d/l/?s=4183.jp&i=d,2026-03-26T08:35:00+00:00
4183,4183.T,4183.jp,2007-12-11,1308.87,1328.55,1300.67,1313.80,1584576,https://stooq.com/q/d/l/?s=4183.jp&i=d,2026-03-26T08:35:00+00:00
4183,4183.T,4183.jp,2007-12-12,1297.38,1307.21,1282.62,1305.58,1557137,https://stooq.com/q/d/l/?s=4183.jp&i=d,2026-03-26T08:35:00+00:00
4183,4183.T,4183.jp,2007-12-13,1305.58,1305.58,1261.30,1264.56,1683345,https://stooq.com/q/d/l/?s=4183.jp&i=d,2026-03-26T08:35:00+00:00
4183,4183.T,4183.jp,2007-12-14,1264.56,1269.51,1218.66,1228.48,4459867,https://stooq.com/q/d/l/?s=4183.jp&i=d,2026-03-26T08:35:00+00:00
4183,4183.T,4183.jp,2007-12-17,1213.72,1226.86,1177.66,1180.92,1973558,https://stooq.com/q/d/l/?s=4183.jp&i=d,2026-03-26T08:35:00+00:00
4183,4183.T,4183.jp,2007-12-18,1189.12,1221.94,1180.92,1208.82,1979654,https://stooq.com/q/d/l/?s=4183.jp&i=d,2026-03-26T08:35:00+00:00
4183,4183.T,4183.jp,2007-12-19,1194.08,1223.60,1194.08,1202.24,2390585,https://stooq.com/q/d/l/?s=4183.jp&i=d,2026-03-26T08:35:00+00:00
4183,4183.T,4183.jp,2007-12-20,1205.52,1207.19,1162.90,1172.72,1944289,https://stooq.com/q/d/l/?s=4183.jp&i=d,2026-03-26T08:35:00+00:00
4183,4183.T,4183.jp,2007-12-21,1172.72,1223.60,1167.82,1212.08,2273525,https://stooq.com/q/d/l/?s=4183.jp&i=d,2026-03-26T08:35:00+00:00
4183,4183.T,4183.jp,2007-12-25,1261.30,1277.70,1256.38,1266.22,2293648,https://stooq.com/q/d/l/?s=4183.jp&i=d,2026-03-26T08:35:00+00:00
4183,4183.T,4183.jp,2007-12-26,1264.56,1267.85,1243.26,1264.56,1448006,https://stooq.com/q/d/l/?s=4183.jp&i=d,2026-03-26T08:35:00+00:00
4183,4183.T,4183.jp,2007-12-27,1262.94,1262.94,1243.26,1249.82,764550,https://stooq.com/q/d/l/?s=4183.jp&i=d,2026-03-26T08:35:00+00:00
4183,4183.T,4183.jp,2007-12-28,1217.01,1217.01,1189.12,1203.88,1311440,https://stooq.com/q/d/l/?s=4183.jp&i=d,2026-03-26T08:35:00+00:00
4183,4183.T,4183.jp,2008-01-04,1205.52,1212.08,1133.38,1135.01,2025991,https://stooq.com/q/d/l/?s=4183.jp&i=d,2026-03-26T08:35:00+00:00
4183,4183.T,4183.jp,2008-01-07,1128.44,1159.60,1120.23,1151.38,2327785,https://stooq.com/q/d/l/?s=4183.jp&i=d,2026-03-26T08:35:00+00:00
4183,4183.T,4183.jp,2008-01-08,1131.73,1161.26,1125.16,1161.26,2869800,https://stooq.com/q/d/l/?s=4183.jp&i=d,2026-03-26T08:35:00+00:00
4183,4183.T,4183.jp,2008-01-09,1112.03,1187.50,1110.40,1179.30,2875284,https://stooq.com/q/d/l/?s=4183.jp&i=d,2026-03-26T08:35:00+00:00
4183,4183.T,4183.jp,2008-01-10,1146.49,1159.60,1123.52,1123.52,4826897,https://stooq.com/q/d/l/?s=4183.jp&i=d,2026-03-26T08:35:00+00:00
4183,4183.T,4183.jp,2008-01-11,1121.88,1136.67,1102.20,1107.14,3909929,https://stooq.com/q/d/l/?s=4183.jp&i=d,2026-03-26T08:35:00+00:00
4183,4183.T,4183.jp,2008-01-15,1092.36,1108.78,1061.20,1075.97,2789316,https://stooq.com/q/d/l/?s=4183.jp&i=d,2026-03-26T08:35:00+00:00
4183,4183.T,4183.jp,2008-01-16,1046.44,1062.83,1021.83,1023.47,3030759,https://stooq.com/q/d/l/?s=4183.jp&i=d,2026-03-26T08:35:00+00:00
4183,4183.T,4183.jp,2008-01-17,1039.88,1075.97,1033.30,1064.48,3507537,https://stooq.com/q/d/l/?s=4183.jp&i=d,2026-03-26T08:35:00+00:00
4183,4183.T,4183.jp,2008-01-18,1061.20,1125.16,1021.83,1110.40,5017120,https://stooq.com/q/d/l/?s=4183.jp&i=d,2026-03-26T08:35:00+00:00
4183,4183.T,4183.jp,2008-01-21,1077.62,1107.14,1061.20,1066.12,3095991,https://stooq.com/q/d/l/?s=4183.jp&i=d,2026-03-26T08:35:00+00:00
4183,4183.T,4183.jp,2008-01-22,1016.92,1051.36,985.75,1007.08,4328781,https://stooq.com/q/d/l/?s=4183.jp&i=d,2026-03-26T08:35:00+00:00
4183,4183.T,4183.jp,2008-01-23,1038.23,1054.64,1005.43,1036.60,2994176,https://stooq.com/q/d/l/?s=4183.jp&i=d,2026-03-26T08:35:00+00:00
4183,4183.T,4183.jp,2008-01-24,1033.30,1110.40,1015.28,1100.56,4798242,https://stooq.com/q/d/l/?s=4183.jp&i=d,2026-03-26T08:35:00+00:00
4183,4183.T,4183.jp,2008-01-25,1116.96,1156.34,1108.78,1156.34,2994176,https://stooq.com/q/d/l/?s=4183.jp&i=d,2026-03-26T08:35:00+00:00
4183,4183.T,4183.jp,2008-01-28,1143.20,1169.45,1130.10,1153.05,4646430,https://stooq.com/q/d/l/?s=4183.jp&i=d,2026-03-26T08:35:00+00:00
4183,4183.T,4183.jp,2008-01-29,1157.96,1162.90,1123.52,1146.49,3306945,https://stooq.com/q/d/l/?s=4183.jp&i=d,2026-03-26T08:35:00+00:00
4183,4183.T,4183.jp,2008-01-30,1138.31,1138.31,1098.92,1103.84,2414363,https://stooq.com/q/d/l/?s=4183.jp&i=d,2026-03-26T08:35:00+00:00
4183,4183.T,4183.jp,2008-01-31,1102.20,1169.45,1097.30,1166.18,2858826,https://stooq.com/q/d/l/?s=4183.jp&i=d,2026-03-26T08:35:00+00:00
4183,4183.T,4183.jp,2008-02-01,1138.31,1157.96,1120.23,1131.73,2583853,https://stooq.com/q/d/l/?s=4183.jp&i=d,2026-03-26T08:35:00+00:00
4183,4183.T,4183.jp,2008-02-04,1133.38,1167.82,1130.10,1156.34,2131461,https://stooq.com/q/d/l/?s=4183.jp&i=d,2026-03-26T08:35:00+00:00
4183,4183.T,4183.jp,2008-02-05,1123.52,1136.67,1089.06,1107.14,3220372,https://stooq.com/q/d/l/?s=4183.jp&i=d,2026-03-26T08:35:00+00:00
4183,4183.T,4183.jp,2008-02-06,1074.34,1093.99,1010.36,1074.34,5228681,https://stooq.com/q/d/l/?s=4183.jp&i=d,2026-03-26T08:35:00+00:00
4183,4183.T,4183.jp,2008-02-07,1075.97,1079.26,1038.23,1069.40,3239882,https://stooq.com/q/d/l/?s=4183.jp&i=d,2026-03-26T08:35:00+00:00
4183,4183.T,4183.jp,2008-02-08,1053.00,1095.64,1033.30,1062.83,3650808,https://stooq.com/q/d/l/?s=4183.jp&i=d,2026-03-26T08:35:00+00:00
4183,4183.T,4183.jp,2008-02-12,997.23,1064.48,997.23,1044.81,3162448,https://stooq.com/q/d/l/?s=4183.jp&i=d,2026-03-26T08:35:00+00:00
4183,4183.T,4183.jp,2008-02-13,1077.62,1089.06,1062.83,1066.12,2046106,https://stooq.com/q/d/l/?s=4183.jp&i=d,2026-03-26T08:35:00+00:00
4183,4183.T,4183.jp,2008-02-14,1131.73,1166.18,1131.73,1164.53,3887976,https://stooq.com/q/d/l/?s=4183.jp&i=d,2026-03-26T08:35:00+00:00
4183,4183.T,4183.jp,2008-02-15,1131.73,1162.90,1125.16,1154.68,2989298,https://stooq.com/q/d/l/?s=4183.jp&i=d,2026-03-26T08:35:00+00:00
4183,4183.T,4183.jp,2008-02-18,1154.68,1195.70,1151.38,1177.66,1946729,https://stooq.com/q/d/l/?s=4183.jp&i=d,2026-03-26T08:35:00+00:00
4183,4183.T,4183.jp,2008-02-19,1182.56,1212.08,1156.34,1203.88,2966742,https://stooq.com/q/d/l/?s=4183.jp&i=d,2026-03-26T08:35:00+00:00
4183,4183.T,4183.jp,2008-02-20,1236.70,1236.70,1176.02,1176.02,3739214,https://stooq.com/q/d/l/?s=4183.jp&i=d,2026-03-26T08:35:00+00:00
4183,4183.T,4183.jp,2008-02-21,1182.56,1202.24,1164.53,1187.50,1999777,https://stooq.com/q/d/l/?s=4183.jp&i=d,2026-03-26T08:35:00+00:00
4183,4183.T,4183.jp,2008-02-22,1156.34,1203.88,1156.34,1197.33,2136342,https://stooq.com/q/d/l/?s=4183.jp&i=d,2026-03-26T08:35:00+00:00
4183,4183.T,4183.jp,2008-02-25,1200.62,1256.38,1200.62,1251.46,2558857,https://stooq.com/q/d/l/?s=4183.jp&i=d,2026-03-26T08:35:00+00:00
4183,4183.T,4183.jp,2008-02-26,1264.56,1264.56,1226.86,1230.14,1549210,https://stooq.com/q/d/l/?s=4183.jp&i=d,2026-03-26T08:35:00+00:00
4183,4183.T,4183.jp,2008-02-27,1262.94,1279.34,1256.38,1269.51,2115004,https://stooq.com/q/d/l/?s=4183.jp&i=d,2026-03-26T08:35:00+00:00
4183,4183.T,4183.jp,2008-02-28,1243.26,1262.94,1239.99,1258.03,1302294,https://stooq.com/q/d/l/?s=4183.jp&i=d,2026-03-26T08:35:00+00:00
4183,4183.T,4183.jp,2008-02-29,1239.99,1249.82,1215.38,1233.42,1626037,https://stooq.com/q/d/l/?s=4183.jp&i=d,2026-03-26T08:35:00+00:00
4183,4183.T,4183.jp,2008-03-03,1174.37,1185.85,1157.96,1162.90,2186947,https://stooq.com/q/d/l/?s=4183.jp&i=d,2026-03-26T08:35:00+00:00
4183,4183.T,4183.jp,2008-03-04,1179.30,1197.33,1156.34,1177.66,1868080,https://stooq.com/q/d/l/?s=4183.jp&i=d,2026-03-26T08:35:00+00:00
4183,4183.T,4183.jp,2008-03-05,1176.02,1176.02,1146.49,1159.60,1876621,https://stooq.com/q/d/l/?s=4183.jp&i=d,2026-03-26T08:35:00+00:00
4183,4183.T,4183.jp,2008-03-06,1172.72,1184.20,1143.20,1166.18,2334491,https://stooq.com/q/d/l/?s=4183.jp&i=d,2026-03-26T08:35:00+00:00
4183,4183.T,4183.jp,2008-03-07,1133.38,1138.31,1105.51,1120.23,2921013,https://stooq.com/q/d/l/?s=4183.jp&i=d,2026-03-26T08:35:00+00:00
4183,4183.T,4183.jp,2008-03-10,1120.23,1120.23,1069.40,1077.62,2173535,https://stooq.com/q/d/l/?s=4183.jp&i=d,2026-03-26T08:35:00+00:00
4183,4183.T,4183.jp,2008-03-11,1066.12,1095.64,1053.00,1095.64,2271695,https://stooq.com/q/d/l/?s=4183.jp&i=d,2026-03-26T08:35:00+00:00
4183,4183.T,4183.jp,2008-03-12,1128.44,1130.10,1077.62,1098.92,2388144,https://stooq.com/q/d/l/?s=4183.jp&i=d,2026-03-26T08:35:00+00:00
4183,4183.T,4183.jp,2008-03-13,1103.84,1126.82,1089.06,1108.78,2987465,https://stooq.com/q/d/l/?s=4183.jp&i=d,2026-03-26T08:35:00+00:00
4183,4183.T,4183.jp,2008-03-14,1125.16,1125.16,1066.12,1082.53,5200632,https://stooq.com/q/d/l/?s=4183.jp&i=d,2026-03-26T08:35:00+00:00
4183,4183.T,4183.jp,2008-03-17,1051.36,1072.68,1041.52,1056.28,2435096,https://stooq.com/q/d/l/?s=4183.jp&i=d,2026-03-26T08:35:00+00:00
4183,4183.T,4183.jp,2008-03-18,1057.90,1093.99,1031.67,1066.12,3231951,https://stooq.com/q/d/l/?s=4183.jp&i=d,2026-03-26T08:35:00+00:00
4183,4183.T,4183.jp,2008-03-19,1100.56,1118.58,1071.04,1084.16,3178298,https://stooq.com/q/d/l/?s=4183.jp&i=d,2026-03-26T08:35:00+00:00
4183,4183.T,4183.jp,2008-03-21,1092.36,1146.49,1090.72,1143.20,1565068,https://stooq.com/q/d/l/?s=4183.jp&i=d,2026-03-26T08:35:00+00:00
4183,4183.T,4183.jp,2008-03-24,1131.73,1143.20,1120.23,1123.52,1466906,https://stooq.com/q/d/l/?s=4183.jp&i=d,2026-03-26T08:35:00+00:00
4183,4183.T,4183.jp,2008-03-25,1139.92,1143.20,1098.92,1125.16,3131964,https://stooq.com/q/d/l/?s=4183.jp&i=d,2026-03-26T08:35:00+00:00
4183,4183.T,4183.jp,2008-03-26,1095.64,1113.70,1069.40,1100.56,2942961,https://stooq.com/q/d/l/?s=4183.jp&i=d,2026-03-26T08:35:00+00:00
4183,4183.T,4183.jp,2008-03-27,1107.14,1113.70,1072.68,1084.16,1936973,https://stooq.com/q/d/l/?s=4183.jp&i=d,2026-03-26T08:35:00+00:00
4183,4183.T,4183.jp,2008-03-28,1098.92,1113.70,1067.78,1103.84,1847965,https://stooq.com/q/d/l/?s=4183.jp&i=d,2026-03-26T08:35:00+00:00
4183,4183.T,4183.jp,2008-03-31,1087.44,1102.20,1059.54,1082.53,1986363,https://stooq.com/q/d/l/?s=4183.jp&i=d,2026-03-26T08:35:00+00:00
4183,4183.T,4183.jp,2008-04-01,1084.16,1105.51,1075.97,1082.53,1960751,https://stooq.com/q/d/l/?s=4183.jp&i=d,2026-03-26T08:35:00+00:00
4183,4183.T,4183.jp,2008-04-02,1103.84,1126.82,1102.20,1123.52,1581530,https://stooq.com/q/d/l/?s=4183.jp&i=d,2026-03-26T08:35:00+00:00
4183,4183.T,4183.jp,2008-04-03,1103.84,1128.44,1089.06,1121.88,2442412,https://stooq.com/q/d/l/?s=4183.jp&i=d,2026-03-26T08:35:00+00:00
4183,4183.T,4183.jp,2008-04-04,1113.70,1115.34,1066.12,1079.26,2432653,https://stooq.com/q/d/l/?s=4183.jp&i=d,2026-03-26T08:35:00+00:00
4183,4183.T,4183.jp,2008-04-07,1069.40,1093.99,1059.54,1077.62,1994284,https://stooq.com/q/d/l/?s=4183.jp&i=d,2026-03-26T08:35:00+00:00
4183,4183.T,4183.jp,2008-04-08,1077.62,1077.62,1018.56,1020.21,3204510,https://stooq.com/q/d/l/?s=4183.jp&i=d,2026-03-26T08:35:00+00:00
4183,4183.T,4183.jp,2008-04-09,1031.67,1041.52,1007.08,1034.96,2703963,https://stooq.com/q/d/l/?s=4183.jp&i=d,2026-03-26T08:35:00+00:00
4183,4183.T,4183.jp,2008-04-10,1030.02,1030.02,997.23,1002.15,2109513,https://stooq.com/q/d/l/?s=4183.jp&i=d,2026-03-26T08:35:00+00:00
4183,4183.T,4183.jp,2008-04-11,1038.23,1046.44,1023.47,1043.17,2599098,https://stooq.com/q/d/l/?s=4183.jp&i=d,2026-03-26T08:35:00+00:00
4183,4183.T,4183.jp,2008-04-14,1010.36,1013.64,1002.15,1012.01,1563850,https://stooq.com/q/d/l/?s=4183.jp&i=d,2026-03-26T08:35:00+00:00
4183,4183.T,4183.jp,2008-04-15,1018.56,1028.40,1003.80,1013.64,1754683,https://stooq.com/q/d/l/?s=4183.jp&i=d,2026-03-26T08:35:00+00:00
4183,4183.T,4183.jp,2008-04-16,984.12,985.75,959.51,970.98,4205012,https://stooq.com/q/d/l/?s=4183.jp&i=d,2026-03-26T08:35:00+00:00
4183,4183.T,4183.jp,2008-04-17,987.38,997.23,970.98,995.59,3183789,https://stooq.com/q/d/l/?s=4183.jp&i=d,2026-03-26T08:35:00+00:00
4183,4183.T,4183.jp,2008-04-18,1002.15,1023.47,987.38,1021.83,2400946,https://stooq.com/q/d/l/?s=4183.jp&i=d,2026-03-26T08:35:00+00:00
4183,4183.T,4183.jp,2008-04-21,989.05,1026.73,974.26,1020.21,5594490,https://stooq.com/q/d/l/?s=4183.jp&i=d,2026-03-26T08:35:00+00:00
4183,4183.T,4183.jp,2008-04-22,1016.92,1016.92,993.95,1000.50,2210726,https://stooq.com/q/d/l/?s=4183.jp&i=d,2026-03-26T08:35:00+00:00
4183,4183.T,4183.jp,2008-04-23,1016.92,1016.92,997.23,1003.80,3914189,https://stooq.com/q/d/l/?s=4183.jp&i=d,2026-03-26T08:35:00+00:00
4183,4183.T,4183.jp,2008-04-24,1002.15,1003.80,977.54,982.48,1553484,https://stooq.com/q/d/l/?s=4183.jp&i=d,2026-03-26T08:35:00+00:00
4183,4183.T,4183.jp,2008-04-25,995.59,1023.47,989.05,1018.56,1957708,https://stooq.com/q/d/l/?s=4183.jp&i=d,2026-03-26T08:35:00+00:00
4183,4183.T,4183.jp,2008-04-28,1018.56,1039.88,1010.36,1025.12,1674812,https://stooq.com/q/d/l/?s=4183.jp&i=d,2026-03-26T08:35:00+00:00
4183,4183.T,4183.jp,2008-04-30,1041.52,1053.00,1018.56,1039.88,2289985,https://stooq.com/q/d/l/?s=4183.jp&i=d,2026-03-26T08:35:00+00:00
4183,4183.T,4183.jp,2008-05-01,1041.52,1041.52,1018.56,1021.83,1468736,https://stooq.com/q/d/l/?s=4183.jp&i=d,2026-03-26T08:35:00+00:00
4183,4183.T,4183.jp,2008-05-02,1033.30,1061.20,1033.30,1043.17,3087455,https://stooq.com/q/d/l/?s=4183.jp&i=d,2026-03-26T08:35:00+00:00
4183,4183.T,4183.jp,2008-05-07,1075.97,1077.62,1054.64,1069.40,2541179,https://stooq.com/q/d/l/?s=4183.jp&i=d,2026-03-26T08:35:00+00:00
4183,4183.T,4183.jp,2008-05-08,1053.00,1066.12,1038.23,1048.08,2563733,https://stooq.com/q/d/l/?s=4183.jp&i=d,2026-03-26T08:35:00+00:00
4183,4183.T,4183.jp,2008-05-09,1062.83,1062.83,992.31,1000.50,4611065,https://stooq.com/q/d/l/?s=4183.jp&i=d,2026-03-26T08:35:00+00:00
4183,4183.T,4183.jp,2008-05-12,984.12,1000.50,966.07,987.38,3110626,https://stooq.com/q/d/l/?s=4183.jp&i=d,2026-03-26T08:35:00+00:00
4183,4183.T,4183.jp,2008-05-13,972.63,987.38,962.79,982.48,3330718,https://stooq.com/q/d/l/?s=4183.jp&i=d,2026-03-26T08:35:00+00:00
4183,4183.T,4183.jp,2008-05-14,995.59,1007.08,984.12,1005.43,2587516,https://stooq.com/q/d/l/?s=4183.jp&i=d,2026-03-26T08:35:00+00:00
4183,4183.T,4183.jp,2008-05-15,1013.64,1018.56,1003.80,1008.71,2090613,https://stooq.com/q/d/l/?s=4183.jp&i=d,2026-03-26T08:35:00+00:00
4183,4183.T,4183.jp,2008-05-16,1010.36,1016.92,989.05,1005.43,1706516,https://stooq.com/q/d/l/?s=4183.jp&i=d,2026-03-26T08:35:00+00:00
4183,4183.T,4183.jp,2008-05-19,1005.43,1015.28,995.59,1003.80,2141218,https://stooq.com/q/d/l/?s=4183.jp&i=d,2026-03-26T08:35:00+00:00
4183,4183.T,4183.jp,2008-05-20,1007.08,1020.21,1005.43,1016.92,2276568,https://stooq.com/q/d/l/?s=4183.jp&i=d,2026-03-26T08:35:00+00:00
4183,4183.T,4183.jp,2008-05-21,1000.50,1023.47,987.38,990.67,2416798,https://stooq.com/q/d/l/?s=4183.jp&i=d,2026-03-26T08:35:00+00:00
4183,4183.T,4183.jp,2008-05-22,984.12,1007.08,974.26,1007.08,2245478,https://stooq.com/q/d/l/?s=4183.jp&i=d,2026-03-26T08:35:00+00:00
4183,4183.T,4183.jp,2008-05-23,1010.36,1053.00,1000.50,1033.30,4398286,https://stooq.com/q/d/l/?s=4183.jp&i=d,2026-03-26T08:35:00+00:00
4183,4183.T,4183.jp,2008-05-26,1021.83,1025.12,997.23,1000.50,2024161,https://stooq.com/q/d/l/?s=4183.jp&i=d,2026-03-26T08:35:00+00:00
4183,4183.T,4183.jp,2008-05-27,1002.15,1008.71,993.95,1003.80,1329728,https://stooq.com/q/d/l/?s=4183.jp&i=d,2026-03-26T08:35:00+00:00
4183,4183.T,4183.jp,2008-05-28,982.48,990.67,967.70,969.35,3282554,https://stooq.com/q/d/l/?s=4183.jp&i=d,2026-03-26T08:35:00+00:00
4183,4183.T,4183.jp,2008-05-29,975.92,995.59,969.35,985.75,2383881,https://stooq.com/q/d/l/?s=4183.jp&i=d,2026-03-26T08:35:00+00:00
4183,4183.T,4183.jp,2008-05-30,974.26,997.23,974.26,992.31,2271695,https://stooq.com/q/d/l/?s=4183.jp&i=d,2026-03-26T08:35:00+00:00
4183,4183.T,4183.jp,2008-06-02,992.31,1007.08,984.12,995.59,1958316,https://stooq.com/q/d/l/?s=4183.jp&i=d,2026-03-26T08:35:00+00:00
4183,4183.T,4183.jp,2008-06-03,984.12,987.38,977.54,982.48,2047942,https://stooq.com/q/d/l/?s=4183.jp&i=d,2026-03-26T08:35:00+00:00
4183,4183.T,4183.jp,2008-06-04,970.98,1000.50,969.35,998.87,3086240,https://stooq.com/q/d/l/?s=4183.jp&i=d,2026-03-26T08:35:00+00:00
4183,4183.T,4183.jp,2008-06-05,1008.71,1057.90,1000.50,1054.64,5070162,https://stooq.com/q/d/l/?s=4183.jp&i=d,2026-03-26T08:35:00+00:00
4183,4183.T,4183.jp,2008-06-06,1028.40,1034.96,1005.43,1012.01,4136122,https://stooq.com/q/d/l/?s=4183.jp&i=d,2026-03-26T08:35:00+00:00
4183,4183.T,4183.jp,2008-06-09,992.31,1002.15,979.18,982.48,2383881,https://stooq.com/q/d/l/?s=4183.jp&i=d,2026-03-26T08:35:00+00:00
4183,4183.T,4183.jp,2008-06-10,993.95,995.59,969.35,970.98,2046106,https://stooq.com/q/d/l/?s=4183.jp&i=d,2026-03-26T08:35:00+00:00
4183,4183.T,4183.jp,2008-06-11,987.38,1008.71,970.98,1005.43,3337429,https://stooq.com/q/d/l/?s=4183.jp&i=d,2026-03-26T08:35:00+00:00
4183,4183.T,4183.jp,2008-06-12,974.26,998.87,970.98,993.95,2595440,https://stooq.com/q/d/l/?s=4183.jp&i=d,2026-03-26T08:35:00+00:00
4183,4183.T,4183.jp,2008-06-13,998.87,1000.50,974.26,989.05,6441350,https://stooq.com/q/d/l/?s=4183.jp&i=d,2026-03-26T08:35:00+00:00
4183,4183.T,4183.jp,2008-06-16,990.67,993.95,977.54,985.75,3630077,https://stooq.com/q/d/l/?s=4183.jp&i=d,2026-03-26T08:35:00+00:00
4183,4183.T,4183.jp,2008-06-17,977.54,985.75,974.26,980.84,2258285,https://stooq.com/q/d/l/?s=4183.jp&i=d,2026-03-26T08:35:00+00:00
4183,4183.T,4183.jp,2008-06-18,984.12,997.23,980.84,987.38,2232671,https://stooq.com/q/d/l/?s=4183.jp&i=d,2026-03-26T08:35:00+00:00
4183,4183.T,4183.jp,2008-06-19,980.84,984.12,964.42,974.26,3130136,https://stooq.com/q/d/l/?s=4183.jp&i=d,2026-03-26T08:35:00+00:00
4183,4183.T,4183.jp,2008-06-20,987.38,987.38,954.59,959.51,3091726,https://stooq.com/q/d/l/?s=4183.jp&i=d,2026-03-26T08:35:00+00:00
4183,4183.T,4183.jp,2008-06-23,941.46,943.10,920.14,930.00,3950167,https://stooq.com/q/d/l/?s=4183.jp&i=d,2026-03-26T08:35:00+00:00
4183,4183.T,4183.jp,2008-06-24,913.57,915.23,893.89,900.48,3944679,https://stooq.com/q/d/l/?s=4183.jp&i=d,2026-03-26T08:35:00+00:00
4183,4183.T,4183.jp,2008-06-25,898.82,900.48,874.21,882.41,6942514,https://stooq.com/q/d/l/?s=4183.jp&i=d,2026-03-26T08:35:00+00:00
4183,4183.T,4183.jp,2008-06-26,882.41,882.41,838.14,864.38,10643925,https://stooq.com/q/d/l/?s=4183.jp&i=d,2026-03-26T08:35:00+00:00
4183,4183.T,4183.jp,2008-06-27,844.68,866.03,843.05,862.74,3418516,https://stooq.com/q/d/l/?s=4183.jp&i=d,2026-03-26T08:35:00+00:00
4183,4183.T,4183.jp,2008-06-30,859.47,879.13,844.68,857.82,2868578,https://stooq.com/q/d/l/?s=4183.jp&i=d,2026-03-26T08:35:00+00:00
4183,4183.T,4183.jp,2008-07-01,859.47,862.74,828.29,829.93,3830665,https://stooq.com/q/d/l/?s=4183.jp&i=d,2026-03-26T08:35:00+00:00
4183,4183.T,4183.jp,2008-07-02,834.87,836.51,813.53,820.08,3460585,https://stooq.com/q/d/l/?s=4183.jp&i=d,2026-03-26T08:35:00+00:00
4183,4183.T,4183.jp,2008-07-03,816.81,816.81,797.12,802.07,3008198,https://stooq.com/q/d/l/?s=4183.jp&i=d,2026-03-26T08:35:00+00:00
4183,4183.T,4183.jp,2008-07-04,800.40,803.70,780.74,790.56,3916025,https://stooq.com/q/d/l/?s=4183.jp&i=d,2026-03-26T08:35:00+00:00
4183,4183.T,4183.jp,2008-07-07,798.76,825.01,795.49,811.89,3791039,https://stooq.com/q/d/l/?s=4183.jp&i=d,2026-03-26T08:35:00+00:00
4183,4183.T,4183.jp,2008-07-08,811.89,841.43,795.49,795.49,4559242,https://stooq.com/q/d/l/?s=4183.jp&i=d,2026-03-26T08:35:00+00:00
4183,4183.T,4183.jp,2008-07-09,836.51,852.88,802.07,816.81,6616328,https://stooq.com/q/d/l/?s=4183.jp&i=d,2026-03-26T08:35:00+00:00
4183,4183.T,4183.jp,2008-07-10,808.63,808.63,775.81,792.20,4601311,https://stooq.com/q/d/l/?s=4183.jp&i=d,2026-03-26T08:35:00+00:00
4183,4183.T,4183.jp,2008-07-11,800.40,811.89,787.28,803.70,3418516,https://stooq.com/q/d/l/?s=4183.jp&i=d,2026-03-26T08:35:00+00:00
4183,4183.T,4183.jp,2008-07-14,805.35,820.08,795.49,800.40,3486191,https://stooq.com/q/d/l/?s=4183.jp&i=d,2026-03-26T08:35:00+00:00
4183,4183.T,4183.jp,2008-07-15,797.12,805.35,782.36,785.65,2605194,https://stooq.com/q/d/l/?s=4183.jp&i=d,2026-03-26T08:35:00+00:00
4183,4183.T,4183.jp,2008-07-16,782.36,787.28,767.61,775.81,3141110,https://stooq.com/q/d/l/?s=4183.jp&i=d,2026-03-26T08:35:00+00:00
4183,4183.T,4183.jp,2008-07-17,787.28,797.12,782.36,792.20,2109513,https://stooq.com/q/d/l/?s=4183.jp&i=d,2026-03-26T08:35:00+00:00
4183,4183.T,4183.jp,2008-07-18,825.01,849.61,820.08,836.51,7557077,https://stooq.com/q/d/l/?s=4183.jp&i=d,2026-03-26T08:35:00+00:00
4183,4183.T,4183.jp,2008-07-22,820.08,839.79,813.53,839.79,3127693,https://stooq.com/q/d/l/?s=4183.jp&i=d,2026-03-26T08:35:00+00:00
4183,4183.T,4183.jp,2008-07-23,884.05,920.14,880.78,905.37,7917402,https://stooq.com/q/d/l/?s=4183.jp&i=d,2026-03-26T08:35:00+00:00
4183,4183.T,4183.jp,2008-07-24,902.12,916.85,888.98,905.37,4006255,https://stooq.com/q/d/l/?s=4183.jp&i=d,2026-03-26T08:35:00+00:00
4183,4183.T,4183.jp,2008-07-25,888.98,893.89,859.47,862.74,4164159,https://stooq.com/q/d/l/?s=4183.jp&i=d,2026-03-26T08:35:00+00:00
4183,4183.T,4183.jp,2008-07-28,884.05,895.55,849.61,861.08,4168432,https://stooq.com/q/d/l/?s=4183.jp&i=d,2026-03-26T08:35:00+00:00
4183,4183.T,4183.jp,2008-07-29,849.61,849.61,825.01,831.57,4481198,https://stooq.com/q/d/l/?s=4183.jp&i=d,2026-03-26T08:35:00+00:00
4183,4183.T,4183.jp,2008-07-30,851.25,859.47,847.98,856.17,2684453,https://stooq.com/q/d/l/?s=4183.jp&i=d,2026-03-26T08:35:00+00:00
4183,4183.T,4183.jp,2008-07-31,857.82,859.47,821.72,854.52,5919455,https://stooq.com/q/d/l/?s=4183.jp&i=d,2026-03-26T08:35:00+00:00
4183,4183.T,4183.jp,2008-08-01,856.17,895.55,846.32,864.38,7322345,https://stooq.com/q/d/l/?s=4183.jp&i=d,2026-03-26T08:35:00+00:00
4183,4183.T,4183.jp,2008-08-04,880.78,892.25,847.98,857.82,5221362,https://stooq.com/q/d/l/?s=4183.jp&i=d,2026-03-26T08:35:00+00:00
4183,4183.T,4183.jp,2008-08-05,893.89,902.12,872.60,884.05,6596213,https://stooq.com/q/d/l/?s=4183.jp&i=d,2026-03-26T08:35:00+00:00
4183,4183.T,4183.jp,2008-08-06,910.30,943.10,905.37,938.17,6771188,https://stooq.com/q/d/l/?s=4183.jp&i=d,2026-03-26T08:35:00+00:00
4183,4183.T,4183.jp,2008-08-07,934.89,956.23,903.75,954.59,6418181,https://stooq.com/q/d/l/?s=4183.jp&i=d,2026-03-26T08:35:00+00:00
4183,4183.T,4183.jp,2008-08-08,956.23,959.51,921.79,926.72,8005805,https://stooq.com/q/d/l/?s=4183.jp&i=d,2026-03-26T08:35:00+00:00
4183,4183.T,4183.jp,2008-08-11,944.75,977.54,941.46,972.63,7083962,https://stooq.com/q/d/l/?s=4183.jp&i=d,2026-03-26T08:35:00+00:00
4183,4183.T,4183.jp,2008-08-12,923.42,931.63,898.82,911.95,10384196,https://stooq.com/q/d/l/?s=4183.jp&i=d,2026-03-26T08:35:00+00:00
4183,4183.T,4183.jp,2008-08-13,902.12,923.42,902.12,907.01,3813592,https://stooq.com/q/d/l/?s=4183.jp&i=d,2026-03-26T08:35:00+00:00
4183,4183.T,4183.jp,2008-08-14,892.25,908.65,879.13,888.98,3895287,https://stooq.com/q/d/l/?s=4183.jp&i=d,2026-03-26T08:35:00+00:00
4183,4183.T,4183.jp,2008-08-15,893.89,907.01,884.05,903.75,2795414,https://stooq.com/q/d/l/?s=4183.jp&i=d,2026-03-26T08:35:00+00:00
4183,4183.T,4183.jp,2008-08-18,895.55,925.06,888.98,910.30,2183292,https://stooq.com/q/d/l/?s=4183.jp&i=d,2026-03-26T08:35:00+00:00
4183,4183.T,4183.jp,2008-08-19,926.72,933.28,905.37,915.23,5578640,https://stooq.com/q/d/l/?s=4183.jp&i=d,2026-03-26T08:35:00+00:00
4183,4183.T,4183.jp,2008-08-20,902.12,934.89,890.61,934.89,4371462,https://stooq.com/q/d/l/?s=4183.jp&i=d,2026-03-26T08:35:00+00:00
4183,4183.T,4183.jp,2008-08-21,918.51,920.14,902.12,910.30,4262933,https://stooq.com/q/d/l/?s=4183.jp&i=d,2026-03-26T08:35:00+00:00
4183,4183.T,4183.jp,2008-08-22,890.61,892.25,869.30,872.60,4417796,https://stooq.com/q/d/l/?s=4183.jp&i=d,2026-03-26T08:35:00+00:00
4183,4183.T,4183.jp,2008-08-25,888.98,910.30,887.35,895.55,3388642,https://stooq.com/q/d/l/?s=4183.jp&i=d,2026-03-26T08:35:00+00:00
4183,4183.T,4183.jp,2008-08-26,880.78,892.25,872.60,884.05,3042338,https://stooq.com/q/d/l/?s=4183.jp&i=d,2026-03-26T08:35:00+00:00
4183,4183.T,4183.jp,2008-08-27,888.98,893.89,879.13,888.98,1693707,https://stooq.com/q/d/l/?s=4183.jp&i=d,2026-03-26T08:35:00+00:00
4183,4183.T,4183.jp,2008-08-28,888.98,888.98,854.52,867.66,3486801,https://stooq.com/q/d/l/?s=4183.jp&i=d,2026-03-26T08:35:00+00:00
4183,4183.T,4183.jp,2008-08-29,885.70,892.25,877.48,888.98,3075268,https://stooq.com/q/d/l/?s=4183.jp&i=d,2026-03-26T08:35:00+00:00
4183,4183.T,4183.jp,2008-09-01,916.85,921.79,890.61,892.25,6019442,https://stooq.com/q/d/l/?s=4183.jp&i=d,2026-03-26T08:35:00+00:00
4183,4183.T,4183.jp,2008-09-02,893.89,915.23,885.70,895.55,5860319,https://stooq.com/q/d/l/?s=4183.jp&i=d,2026-03-26T08:35:00+00:00
4183,4183.T,4183.jp,2008-09-03,908.65,925.06,900.48,925.06,8667928,https://stooq.com/q/d/l/?s=4183.jp&i=d,2026-03-26T08:35:00+00:00
4183,4183.T,4183.jp,2008-09-04,934.89,951.32,923.42,934.89,8693537,https://stooq.com/q/d/l/?s=4183.jp&i=d,2026-03-26T08:35:00+00:00
4183,4183.T,4183.jp,2008-09-05,902.12,923.42,898.82,913.57,6987020,https://stooq.com/q/d/l/?s=4183.jp&i=d,2026-03-26T08:35:00+00:00
4183,4183.T,4183.jp,2008-09-08,928.36,933.28,918.51,928.36,2957596,https://stooq.com/q/d/l/?s=4183.jp&i=d,2026-03-26T08:35:00+00:00
4183,4183.T,4183.jp,2008-09-09,916.85,923.42,887.35,897.20,4350119,https://stooq.com/q/d/l/?s=4183.jp&i=d,2026-03-26T08:35:00+00:00
4183,4183.T,4183.jp,2008-09-10,880.78,908.65,877.48,898.82,3847740,https://stooq.com/q/d/l/?s=4183.jp&i=d,2026-03-26T08:35:00+00:00
4183,4183.T,4183.jp,2008-09-11,884.05,890.61,847.98,857.82,5420122,https://stooq.com/q/d/l/?s=4183.jp&i=d,2026-03-26T08:35:00+00:00
4183,4183.T,4183.jp,2008-09-12,859.47,866.03,839.79,852.88,5967620,https://stooq.com/q/d/l/?s=4183.jp&i=d,2026-03-26T08:35:00+00:00
4183,4183.T,4183.jp,2008-09-16,825.01,834.87,800.40,829.93,2905771,https://stooq.com/q/d/l/?s=4183.jp&i=d,2026-03-26T08:35:00+00:00
4183,4183.T,4183.jp,2008-09-17,861.08,866.03,838.14,839.79,3592892,https://stooq.com/q/d/l/?s=4183.jp&i=d,2026-03-26T08:35:00+00:00
4183,4183.T,4183.jp,2008-09-18,806.97,880.78,806.97,856.17,4911034,https://stooq.com/q/d/l/?s=4183.jp&i=d,2026-03-26T08:35:00+00:00
4183,4183.T,4183.jp,2008-09-19,844.68,887.35,838.14,885.70,5387807,https://stooq.com/q/d/l/?s=4183.jp&i=d,2026-03-26T08:35:00+00:00
4183,4183.T,4183.jp,2008-09-22,916.85,920.14,892.25,908.65,3111233,https://stooq.com/q/d/l/?s=4183.jp&i=d,2026-03-26T08:35:00+00:00
4183,4183.T,4183.jp,2008-09-24,879.13,880.78,857.82,866.03,3377058,https://stooq.com/q/d/l/?s=4183.jp&i=d,2026-03-26T08:35:00+00:00
4183,4183.T,4183.jp,2008-09-25,825.01,852.88,820.08,847.98,3578867,https://stooq.com/q/d/l/?s=4183.jp&i=d,2026-03-26T08:35:00+00:00
4183,4183.T,4183.jp,2008-09-26,831.57,831.57,787.28,800.40,4581803,https://stooq.com/q/d/l/?s=4183.jp&i=d,2026-03-26T08:35:00+00:00
4183,4183.T,4183.jp,2008-09-29,802.07,802.07,762.68,764.34,4342800,https://stooq.com/q/d/l/?s=4183.jp&i=d,2026-03-26T08:35:00+00:00
4183,4183.T,4183.jp,2008-09-30,739.74,770.89,726.59,751.21,4484856,https://stooq.com/q/d/l/?s=4183.jp&i=d,2026-03-26T08:35:00+00:00
4183,4183.T,4183.jp,2008-10-01,749.58,761.03,741.37,749.58,2789316,https://stooq.com/q/d/l/?s=4183.jp&i=d,2026-03-26T08:35:00+00:00
4183,4183.T,4183.jp,2008-10-02,754.50,757.75,721.68,724.97,2693604,https://stooq.com/q/d/l/?s=4183.jp&i=d,2026-03-26T08:35:00+00:00
4183,4183.T,4183.jp,2008-10-03,708.55,720.03,688.88,693.80,3494725,https://stooq.com/q/d/l/?s=4183.jp&i=d,2026-03-26T08:35:00+00:00
4183,4183.T,4183.jp,2008-10-06,656.09,661.00,613.42,623.28,6129186,https://stooq.com/q/d/l/?s=4183.jp&i=d,2026-03-26T08:35:00+00:00
4183,4183.T,4183.jp,2008-10-07,611.78,641.31,585.54,633.12,5034187,https://stooq.com/q/d/l/?s=4183.jp&i=d,2026-03-26T08:35:00+00:00
4183,4183.T,4183.jp,2008-10-08,603.58,606.87,544.55,547.80,3616055,https://stooq.com/q/d/l/?s=4183.jp&i=d,2026-03-26T08:35:00+00:00
4183,4183.T,4183.jp,2008-10-09,542.90,582.27,539.61,564.23,3954433,https://stooq.com/q/d/l/?s=4183.jp&i=d,2026-03-26T08:35:00+00:00
4183,4183.T,4183.jp,2008-10-10,490.42,575.71,488.77,552.74,6149914,https://stooq.com/q/d/l/?s=4183.jp&i=d,2026-03-26T08:35:00+00:00
4183,4183.T,4183.jp,2008-10-14,618.36,639.65,606.87,634.75,4214771,https://stooq.com/q/d/l/?s=4183.jp&i=d,2026-03-26T08:35:00+00:00
4183,4183.T,4183.jp,2008-10-15,623.28,634.75,611.78,628.18,3923951,https://stooq.com/q/d/l/?s=4183.jp&i=d,2026-03-26T08:35:00+00:00
4183,4183.T,4183.jp,2008-10-16,562.59,577.35,547.80,552.74,3213659,https://stooq.com/q/d/l/?s=4183.jp&i=d,2026-03-26T08:35:00+00:00
4183,4183.T,4183.jp,2008-10-17,569.14,582.27,559.32,577.35,3548380,https://stooq.com/q/d/l/?s=4183.jp&i=d,2026-03-26T08:35:00+00:00
4183,4183.T,4183.jp,2008-10-20,587.19,601.94,575.71,600.30,3316089,https://stooq.com/q/d/l/?s=4183.jp&i=d,2026-03-26T08:35:00+00:00
4183,4183.T,4183.jp,2008-10-21,624.91,629.84,618.36,628.18,3001487,https://stooq.com/q/d/l/?s=4183.jp&i=d,2026-03-26T08:35:00+00:00
4183,4183.T,4183.jp,2008-10-22,623.28,629.84,597.03,597.03,4339145,https://stooq.com/q/d/l/?s=4183.jp&i=d,2026-03-26T08:35:00+00:00
4183,4183.T,4183.jp,2008-10-23,577.35,578.97,544.55,574.08,4611672,https://stooq.com/q/d/l/?s=4183.jp&i=d,2026-03-26T08:35:00+00:00
4183,4183.T,4183.jp,2008-10-24,562.59,562.59,524.86,531.42,4136730,https://stooq.com/q/d/l/?s=4183.jp&i=d,2026-03-26T08:35:00+00:00
4183,4183.T,4183.jp,2008-10-27,533.06,551.10,474.03,483.86,3734335,https://stooq.com/q/d/l/?s=4183.jp&i=d,2026-03-26T08:35:00+00:00
4183,4183.T,4183.jp,2008-10-28,475.65,537.98,460.89,529.79,4976881,https://stooq.com/q/d/l/?s=4183.jp&i=d,2026-03-26T08:35:00+00:00
4183,4183.T,4183.jp,2008-10-29,562.59,565.87,533.06,552.74,5731670,https://stooq.com/q/d/l/?s=4183.jp&i=d,2026-03-26T08:35:00+00:00
4183,4183.T,4183.jp,2008-10-30,585.54,624.91,577.35,624.91,4963467,https://stooq.com/q/d/l/?s=4183.jp&i=d,2026-03-26T08:35:00+00:00
4183,4183.T,4183.jp,2008-10-31,592.12,615.07,544.55,549.44,6370619,https://stooq.com/q/d/l/?s=4183.jp&i=d,2026-03-26T08:35:00+00:00
4183,4183.T,4183.jp,2008-11-04,590.47,608.50,580.62,595.39,4889693,https://stooq.com/q/d/l/?s=4183.jp&i=d,2026-03-26T08:35:00+00:00
4183,4183.T,4183.jp,2008-11-05,619.99,639.65,616.70,634.75,3859929,https://stooq.com/q/d/l/?s=4183.jp&i=d,2026-03-26T08:35:00+00:00
4183,4183.T,4183.jp,2008-11-06,623.28,626.55,592.12,611.78,4520224,https://stooq.com/q/d/l/?s=4183.jp&i=d,2026-03-26T08:35:00+00:00
4183,4183.T,4183.jp,2008-11-07,570.79,590.47,551.10,570.79,3061854,https://stooq.com/q/d/l/?s=4183.jp&i=d,2026-03-26T08:35:00+00:00
4183,4183.T,4183.jp,2008-11-10,611.78,626.55,603.58,605.23,2647873,https://stooq.com/q/d/l/?s=4183.jp&i=d,2026-03-26T08:35:00+00:00
4183,4183.T,4183.jp,2008-11-11,593.75,608.50,567.50,595.39,3431928,https://stooq.com/q/d/l/?s=4183.jp&i=d,2026-03-26T08:35:00+00:00
4183,4183.T,4183.jp,2008-11-12,570.79,583.90,564.23,570.79,1971728,https://stooq.com/q/d/l/?s=4183.jp&i=d,2026-03-26T08:35:00+00:00
4183,4183.T,4183.jp,2008-11-13,549.44,554.38,526.50,534.71,2607637,https://stooq.com/q/d/l/?s=4183.jp&i=d,2026-03-26T08:35:00+00:00
4183,4183.T,4183.jp,2008-11-14,542.90,570.79,537.98,554.38,4319639,https://stooq.com/q/d/l/?s=4183.jp&i=d,2026-03-26T08:35:00+00:00
4183,4183.T,4183.jp,2008-11-17,546.20,567.50,536.35,549.44,2544225,https://stooq.com/q/d/l/?s=4183.jp&i=d,2026-03-26T08:35:00+00:00
4183,4183.T,4183.jp,2008-11-18,528.14,529.79,508.45,519.94,3923951,https://stooq.com/q/d/l/?s=4183.jp&i=d,2026-03-26T08:35:00+00:00
4183,4183.T,4183.jp,2008-11-19,523.23,537.98,519.94,531.42,3813592,https://stooq.com/q/d/l/?s=4183.jp&i=d,2026-03-26T08:35:00+00:00
4183,4183.T,4183.jp,2008-11-20,523.23,524.86,508.45,508.45,2372292,https://stooq.com/q/d/l/?s=4183.jp&i=d,2026-03-26T08:35:00+00:00
4183,4183.T,4183.jp,2008-11-21,492.06,541.25,475.65,533.06,3917850,https://stooq.com/q/d/l/?s=4183.jp&i=d,2026-03-26T08:35:00+00:00
4183,4183.T,4183.jp,2008-11-25,565.87,569.14,544.55,556.02,3377665,https://stooq.com/q/d/l/?s=4183.jp&i=d,2026-03-26T08:35:00+00:00
4183,4183.T,4183.jp,2008-11-26,559.32,567.50,547.80,557.66,2860651,https://stooq.com/q/d/l/?s=4183.jp&i=d,2026-03-26T08:35:00+00:00
4183,4183.T,4183.jp,2008-11-27,574.08,600.30,572.41,590.47,5373785,https://stooq.com/q/d/l/?s=4183.jp&i=d,2026-03-26T08:35:00+00:00
4183,4183.T,4183.jp,2008-11-28,598.66,642.93,595.39,633.12,6648033,https://stooq.com/q/d/l/?s=4183.jp&i=d,2026-03-26T08:35:00+00:00
4183,4183.T,4183.jp,2008-12-01,618.36,633.12,611.78,621.64,2224140,https://stooq.com/q/d/l/?s=4183.jp&i=d,2026-03-26T08:35:00+00:00
4183,4183.T,4183.jp,2008-12-02,590.47,606.87,583.90,597.03,2643602,https://stooq.com/q/d/l/?s=4183.jp&i=d,2026-03-26T08:35:00+00:00
4183,4183.T,4183.jp,2008-12-03,613.42,618.36,593.75,600.30,4075148,https://stooq.com/q/d/l/?s=4183.jp&i=d,2026-03-26T08:35:00+00:00
4183,4183.T,4183.jp,2008-12-04,611.78,611.78,569.14,582.27,3513023,https://stooq.com/q/d/l/?s=4183.jp&i=d,2026-03-26T08:35:00+00:00
4183,4183.T,4183.jp,2008-12-05,597.03,605.23,572.41,575.71,3394738,https://stooq.com/q/d/l/?s=4183.jp&i=d,2026-03-26T08:35:00+00:00
4183,4183.T,4183.jp,2008-12-08,574.08,600.30,572.41,595.39,3249634,https://stooq.com/q/d/l/?s=4183.jp&i=d,2026-03-26T08:35:00+00:00
4183,4183.T,4183.jp,2008-12-09,603.58,605.23,556.02,574.08,4045886,https://stooq.com/q/d/l/?s=4183.jp&i=d,2026-03-26T08:35:00+00:00
4183,4183.T,4183.jp,2008-12-10,574.08,593.75,574.08,588.82,2958201,https://stooq.com/q/d/l/?s=4183.jp&i=d,2026-03-26T08:35:00+00:00
4183,4183.T,4183.jp,2008-12-11,572.41,572.41,551.10,560.95,4615940,https://stooq.com/q/d/l/?s=4183.jp&i=d,2026-03-26T08:35:00+00:00
4183,4183.T,4183.jp,2008-12-12,534.71,557.66,531.42,541.25,5054310,https://stooq.com/q/d/l/?s=4183.jp&i=d,2026-03-26T08:35:00+00:00
4183,4183.T,4183.jp,2008-12-15,574.08,583.90,562.59,578.97,5059188,https://stooq.com/q/d/l/?s=4183.jp&i=d,2026-03-26T08:35:00+00:00
4183,4183.T,4183.jp,2008-12-16,570.79,574.08,549.44,559.32,2303399,https://stooq.com/q/d/l/?s=4183.jp&i=d,2026-03-26T08:35:00+00:00
4183,4183.T,4183.jp,2008-12-17,560.95,567.50,541.25,556.02,2822241,https://stooq.com/q/d/l/?s=4183.jp&i=d,2026-03-26T08:35:00+00:00
4183,4183.T,4183.jp,2008-12-18,542.90,559.32,537.98,551.10,2182069,https://stooq.com/q/d/l/?s=4183.jp&i=d,2026-03-26T08:35:00+00:00
4183,4183.T,4183.jp,2008-12-19,551.10,559.32,541.25,544.55,2385706,https://stooq.com/q/d/l/?s=4183.jp&i=d,2026-03-26T08:35:00+00:00
4183,4183.T,4183.jp,2008-12-22,546.20,551.10,529.79,536.35,1888201,https://stooq.com/q/d/l/?s=4183.jp&i=d,2026-03-26T08:35:00+00:00
4183,4183.T,4183.jp,2008-12-24,513.38,516.66,498.63,505.19,3820306,https://stooq.com/q/d/l/?s=4183.jp&i=d,2026-03-26T08:35:00+00:00
4183,4183.T,4183.jp,2008-12-25,505.19,518.27,505.19,513.38,1184014,https://stooq.com/q/d/l/?s=4183.jp&i=d,2026-03-26T08:35:00+00:00
4183,4183.T,4183.jp,2008-12-26,516.66,521.57,510.08,516.66,2191220,https://stooq.com/q/d/l/?s=4183.jp&i=d,2026-03-26T08:35:00+00:00
4183,4183.T,4183.jp,2008-12-29,529.79,533.06,524.86,529.79,1355937,https://stooq.com/q/d/l/?s=4183.jp&i=d,2026-03-26T08:35:00+00:00
4183,4183.T,4183.jp,2008-12-30,529.79,537.98,521.57,537.98,1011474,https://stooq.com/q/d/l/?s=4183.jp&i=d,2026-03-26T08:35:00+00:00
4183,4183.T,4183.jp,2009-01-05,551.10,556.02,542.90,544.55,1053537,https://stooq.com/q/d/l/?s=4183.jp&i=d,2026-03-26T08:35:00+00:00
4183,4183.T,4183.jp,2009-01-06,552.74,559.32,546.20,552.74,2244261,https://stooq.com/q/d/l/?s=4183.jp&i=d,2026-03-26T08:35:00+00:00
4183,4183.T,4183.jp,2009-01-07,565.87,574.08,560.95,562.59,3851398,https://stooq.com/q/d/l/?s=4183.jp&i=d,2026-03-26T08:35:00+00:00
4183,4183.T,4183.jp,2009-01-08,546.20,546.20,524.86,528.14,3210613,https://stooq.com/q/d/l/?s=4183.jp&i=d,2026-03-26T08:35:00+00:00
4183,4183.T,4183.jp,2009-01-09,533.06,539.61,513.38,518.27,3138665,https://stooq.com/q/d/l/?s=4183.jp&i=d,2026-03-26T08:35:00+00:00
4183,4183.T,4183.jp,2009-01-13,508.45,508.45,495.33,495.33,2259500,https://stooq.com/q/d/l/?s=4183.jp&i=d,2026-03-26T08:35:00+00:00
4183,4183.T,4183.jp,2009-01-14,498.63,503.54,495.33,498.63,2169267,https://stooq.com/q/d/l/?s=4183.jp&i=d,2026-03-26T08:35:00+00:00
4183,4183.T,4183.jp,2009-01-15,485.50,487.13,470.73,482.22,3422784,https://stooq.com/q/d/l/?s=4183.jp&i=d,2026-03-26T08:35:00+00:00
4183,4183.T,4183.jp,2009-01-16,480.58,483.86,475.65,477.29,3642887,https://stooq.com/q/d/l/?s=4183.jp&i=d,2026-03-26T08:35:00+00:00
4183,4183.T,4183.jp,2009-01-19,488.77,492.06,483.86,487.13,2547265,https://stooq.com/q/d/l/?s=4183.jp&i=d,2026-03-26T08:35:00+00:00
4183,4183.T,4183.jp,2009-01-20,487.13,487.13,470.73,477.29,2643602,https://stooq.com/q/d/l/?s=4183.jp&i=d,2026-03-26T08:35:00+00:00
4183,4183.T,4183.jp,2009-01-21,462.53,464.17,449.42,451.06,3907488,https://stooq.com/q/d/l/?s=4183.jp&i=d,2026-03-26T08:35:00+00:00
4183,4183.T,4183.jp,2009-01-22,454.33,455.96,434.65,441.21,3444733,https://stooq.com/q/d/l/?s=4183.jp&i=d,2026-03-26T08:35:00+00:00
4183,4183.T,4183.jp,2009-01-23,437.93,447.76,434.65,439.57,3238052,https://stooq.com/q/d/l/?s=4183.jp&i=d,2026-03-26T08:35:00+00:00
4183,4183.T,4183.jp,2009-01-26,446.11,451.06,439.57,447.76,2162564,https://stooq.com/q/d/l/?s=4183.jp&i=d,2026-03-26T08:35:00+00:00
4183,4183.T,4183.jp,2009-01-27,447.76,462.53,446.11,457.62,2191828,https://stooq.com/q/d/l/?s=4183.jp&i=d,2026-03-26T08:35:00+00:00
4183,4183.T,4183.jp,2009-01-28,452.69,462.53,447.76,459.25,1369359,https://stooq.com/q/d/l/?s=4183.jp&i=d,2026-03-26T08:35:00+00:00
4183,4183.T,4183.jp,2009-01-29,465.82,472.38,455.96,459.25,2264379,https://stooq.com/q/d/l/?s=4183.jp&i=d,2026-03-26T08:35:00+00:00
4183,4183.T,4183.jp,2009-01-30,442.87,444.48,426.46,431.36,4451329,https://stooq.com/q/d/l/?s=4183.jp&i=d,2026-03-26T08:35:00+00:00
4183,4183.T,4183.jp,2009-02-02,414.96,424.80,410.06,413.34,4444013,https://stooq.com/q/d/l/?s=4183.jp&i=d,2026-03-26T08:35:00+00:00
4183,4183.T,4183.jp,2009-02-03,426.46,429.72,414.96,419.89,3517898,https://stooq.com/q/d/l/?s=4183.jp&i=d,2026-03-26T08:35:00+00:00
4183,4183.T,4183.jp,2009-02-04,418.25,423.16,405.13,413.34,4612287,https://stooq.com/q/d/l/?s=4183.jp&i=d,2026-03-26T08:35:00+00:00
4183,4183.T,4183.jp,2009-02-05,406.76,411.70,400.20,401.83,3708119,https://stooq.com/q/d/l/?s=4183.jp&i=d,2026-03-26T08:35:00+00:00
4183,4183.T,4183.jp,2009-02-06,403.49,410.06,393.64,395.29,3512413,https://stooq.com/q/d/l/?s=4183.jp&i=d,2026-03-26T08:35:00+00:00
4183,4183.T,4183.jp,2009-02-09,403.49,405.13,390.36,390.36,1919298,https://stooq.com/q/d/l/?s=4183.jp&i=d,2026-03-26T08:35:00+00:00
4183,4183.T,4183.jp,2009-02-10,393.64,396.93,387.08,395.29,2733233,https://stooq.com/q/d/l/?s=4183.jp&i=d,2026-03-26T08:35:00+00:00
4183,4183.T,4183.jp,2009-02-12,388.73,390.36,380.53,383.79,2236327,https://stooq.com/q/d/l/?s=4183.jp&i=d,2026-03-26T08:35:00+00:00
4183,4183.T,4183.jp,2009-02-13,383.79,390.36,378.90,385.43,2846627,https://stooq.com/q/d/l/?s=4183.jp&i=d,2026-03-26T08:35:00+00:00
4183,4183.T,4183.jp,2009-02-16,387.08,388.73,380.53,388.73,1654691,https://stooq.com/q/d/l/?s=4183.jp&i=d,2026-03-26T08:35:00+00:00
4183,4183.T,4183.jp,2009-02-17,390.36,390.36,382.17,383.79,1865030,https://stooq.com/q/d/l/?s=4183.jp&i=d,2026-03-26T08:35:00+00:00
4183,4183.T,4183.jp,2009-02-18,377.24,383.79,373.96,378.90,1997949,https://stooq.com/q/d/l/?s=4183.jp&i=d,2026-03-26T08:35:00+00:00
4183,4183.T,4183.jp,2009-02-19,375.60,377.24,367.40,369.05,2107690,https://stooq.com/q/d/l/?s=4183.jp&i=d,2026-03-26T08:35:00+00:00
4183,4183.T,4183.jp,2009-02-20,360.84,362.48,346.08,351.00,2955153,https://stooq.com/q/d/l/?s=4183.jp&i=d,2026-03-26T08:35:00+00:00
4183,4183.T,4183.jp,2009-02-23,347.73,369.05,346.08,360.84,3112454,https://stooq.com/q/d/l/?s=4183.jp&i=d,2026-03-26T08:35:00+00:00
4183,4183.T,4183.jp,2009-02-24,344.43,349.37,341.16,344.43,2655186,https://stooq.com/q/d/l/?s=4183.jp&i=d,2026-03-26T08:35:00+00:00
4183,4183.T,4183.jp,2009-02-25,349.37,352.63,337.88,344.43,2686286,https://stooq.com/q/d/l/?s=4183.jp&i=d,2026-03-26T08:35:00+00:00
4183,4183.T,4183.jp,2009-02-26,342.80,352.63,337.88,342.80,2872851,https://stooq.com/q/d/l/?s=4183.jp&i=d,2026-03-26T08:35:00+00:00
4183,4183.T,4183.jp,2009-02-27,341.16,346.08,334.60,346.08,2064399,https://stooq.com/q/d/l/?s=4183.jp&i=d,2026-03-26T08:35:00+00:00
4183,4183.T,4183.jp,2009-03-02,337.88,344.43,336.24,341.16,3090513,https://stooq.com/q/d/l/?s=4183.jp&i=d,2026-03-26T08:35:00+00:00
4183,4183.T,4183.jp,2009-03-03,331.31,341.16,329.67,337.88,2443015,https://stooq.com/q/d/l/?s=4183.jp&i=d,2026-03-26T08:35:00+00:00
4183,4183.T,4183.jp,2009-03-04,332.97,342.80,331.31,341.16,1972946,https://stooq.com/q/d/l/?s=4183.jp&i=d,2026-03-26T08:35:00+00:00
4183,4183.T,4183.jp,2009-03-05,347.73,357.56,346.08,354.27,1832110,https://stooq.com/q/d/l/?s=4183.jp&i=d,2026-03-26T08:35:00+00:00
4183,4183.T,4183.jp,2009-03-06,346.08,349.37,336.24,341.16,2727742,https://stooq.com/q/d/l/?s=4183.jp&i=d,2026-03-26T08:35:00+00:00
4183,4183.T,4183.jp,2009-03-09,346.08,351.00,341.16,349.37,2066842,https://stooq.com/q/d/l/?s=4183.jp&i=d,2026-03-26T08:35:00+00:00
4183,4183.T,4183.jp,2009-03-10,351.00,359.20,349.37,352.63,3289260,https://stooq.com/q/d/l/?s=4183.jp&i=d,2026-03-26T08:35:00+00:00
4183,4183.T,4183.jp,2009-03-11,364.13,375.60,364.13,373.96,4478155,https://stooq.com/q/d/l/?s=4183.jp&i=d,2026-03-26T08:35:00+00:00
4183,4183.T,4183.jp,2009-03-12,375.60,387.08,370.66,377.24,6752896,https://stooq.com/q/d/l/?s=4183.jp&i=d,2026-03-26T08:35:00+00:00
4183,4183.T,4183.jp,2009-03-13,393.64,395.29,387.08,390.36,4272080,https://stooq.com/q/d/l/?s=4183.jp&i=d,2026-03-26T08:35:00+00:00
4183,4183.T,4183.jp,2009-03-16,403.49,410.06,395.29,408.40,2663720,https://stooq.com/q/d/l/?s=4183.jp&i=d,2026-03-26T08:35:00+00:00
4183,4183.T,4183.jp,2009-03-17,406.76,408.40,392.00,395.29,3976384,https://stooq.com/q/d/l/?s=4183.jp&i=d,2026-03-26T08:35:00+00:00
4183,4183.T,4183.jp,2009-03-18,408.40,416.60,398.57,413.34,4161118,https://stooq.com/q/d/l/?s=4183.jp&i=d,2026-03-26T08:35:00+00:00
4183,4183.T,4183.jp,2009-03-19,419.89,419.89,390.36,395.29,4847017,https://stooq.com/q/d/l/?s=4183.jp&i=d,2026-03-26T08:35:00+00:00
4183,4183.T,4183.jp,2009-03-23,395.29,414.96,392.00,414.96,3503871,https://stooq.com/q/d/l/?s=4183.jp&i=d,2026-03-26T08:35:00+00:00
4183,4183.T,4183.jp,2009-03-24,426.46,436.29,416.60,429.72,4118437,https://stooq.com/q/d/l/?s=4183.jp&i=d,2026-03-26T08:35:00+00:00
4183,4183.T,4183.jp,2009-03-25,429.72,431.36,416.60,421.52,3556307,https://stooq.com/q/d/l/?s=4183.jp&i=d,2026-03-26T08:35:00+00:00
4183,4183.T,4183.jp,2009-03-26,424.80,426.46,414.96,426.46,1565068,https://stooq.com/q/d/l/?s=4183.jp&i=d,2026-03-26T08:35:00+00:00
4183,4183.T,4183.jp,2009-03-27,429.72,441.21,423.16,426.46,3547165,https://stooq.com/q/d/l/?s=4183.jp&i=d,2026-03-26T08:35:00+00:00
4183,4183.T,4183.jp,2009-03-30,426.46,432.99,401.83,405.13,2092446,https://stooq.com/q/d/l/?s=4183.jp&i=d,2026-03-26T08:35:00+00:00
4183,4183.T,4183.jp,2009-03-31,400.20,405.13,388.73,392.00,2963689,https://stooq.com/q/d/l/?s=4183.jp&i=d,2026-03-26T08:35:00+00:00
4183,4183.T,4183.jp,2009-04-01,393.64,395.29,385.43,395.29,4586071,https://stooq.com/q/d/l/?s=4183.jp&i=d,2026-03-26T08:35:00+00:00
4183,4183.T,4183.jp,2009-04-02,411.70,426.46,406.76,424.80,3671536,https://stooq.com/q/d/l/?s=4183.jp&i=d,2026-03-26T08:35:00+00:00
4183,4183.T,4183.jp,2009-04-03,446.11,460.89,444.48,455.96,8862419,https://stooq.com/q/d/l/?s=4183.jp&i=d,2026-03-26T08:35:00+00:00
4183,4183.T,4183.jp,2009-04-06,480.58,506.81,480.58,488.77,8043001,https://stooq.com/q/d/l/?s=4183.jp&i=d,2026-03-26T08:35:00+00:00
4183,4183.T,4183.jp,2009-04-07,496.98,500.26,477.29,487.13,5105523,https://stooq.com/q/d/l/?s=4183.jp&i=d,2026-03-26T08:35:00+00:00
4183,4183.T,4183.jp,2009-04-08,475.65,487.13,460.89,482.22,6547433,https://stooq.com/q/d/l/?s=4183.jp&i=d,2026-03-26T08:35:00+00:00
4183,4183.T,4183.jp,2009-04-09,488.77,531.42,488.77,526.50,6531583,https://stooq.com/q/d/l/?s=4183.jp&i=d,2026-03-26T08:35:00+00:00
4183,4183.T,4183.jp,2009-04-10,534.71,552.74,524.86,539.61,6176136,https://stooq.com/q/d/l/?s=4183.jp&i=d,2026-03-26T08:35:00+00:00
4183,4183.T,4183.jp,2009-04-13,541.25,564.23,529.79,557.66,3887976,https://stooq.com/q/d/l/?s=4183.jp&i=d,2026-03-26T08:35:00+00:00
4183,4183.T,4183.jp,2009-04-14,559.32,574.08,544.55,569.14,6339535,https://stooq.com/q/d/l/?s=4183.jp&i=d,2026-03-26T08:35:00+00:00
4183,4183.T,4183.jp,2009-04-15,552.74,557.66,518.27,521.57,4793972,https://stooq.com/q/d/l/?s=4183.jp&i=d,2026-03-26T08:35:00+00:00
4183,4183.T,4183.jp,2009-04-16,537.98,547.80,519.94,519.94,3343528,https://stooq.com/q/d/l/?s=4183.jp&i=d,2026-03-26T08:35:00+00:00
4183,4183.T,4183.jp,2009-04-17,526.50,557.66,526.50,554.38,5952375,https://stooq.com/q/d/l/?s=4183.jp&i=d,2026-03-26T08:35:00+00:00
4183,4183.T,4183.jp,2009-04-20,562.59,575.71,551.10,569.14,3927606,https://stooq.com/q/d/l/?s=4183.jp&i=d,2026-03-26T08:35:00+00:00
4183,4183.T,4183.jp,2009-04-21,541.25,551.10,541.25,546.20,3638006,https://stooq.com/q/d/l/?s=4183.jp&i=d,2026-03-26T08:35:00+00:00
4183,4183.T,4183.jp,2009-04-22,523.23,534.71,513.38,519.94,7355269,https://stooq.com/q/d/l/?s=4183.jp&i=d,2026-03-26T08:35:00+00:00
4183,4183.T,4183.jp,2009-04-23,503.54,513.38,492.06,511.75,8544162,https://stooq.com/q/d/l/?s=4183.jp&i=d,2026-03-26T08:35:00+00:00
4183,4183.T,4183.jp,2009-04-24,495.33,508.45,495.33,503.54,3578257,https://stooq.com/q/d/l/?s=4183.jp&i=d,2026-03-26T08:35:00+00:00
4183,4183.T,4183.jp,2009-04-27,516.66,528.14,498.63,510.08,3552651,https://stooq.com/q/d/l/?s=4183.jp&i=d,2026-03-26T08:35:00+00:00
4183,4183.T,4183.jp,2009-04-28,510.08,513.38,470.73,474.03,3424005,https://stooq.com/q/d/l/?s=4183.jp&i=d,2026-03-26T08:35:00+00:00
4183,4183.T,4183.jp,2009-04-30,500.26,501.90,482.22,482.22,2411313,https://stooq.com/q/d/l/?s=4183.jp&i=d,2026-03-26T08:35:00+00:00
4183,4183.T,4183.jp,2009-05-01,490.42,511.75,488.77,510.08,3419734,https://stooq.com/q/d/l/?s=4183.jp&i=d,2026-03-26T08:35:00+00:00
4183,4183.T,4183.jp,2009-05-07,554.38,556.02,528.14,537.98,4019052,https://stooq.com/q/d/l/?s=4183.jp&i=d,2026-03-26T08:35:00+00:00
4183,4183.T,4183.jp,2009-05-08,539.61,554.38,526.50,552.74,3711169,https://stooq.com/q/d/l/?s=4183.jp&i=d,2026-03-26T08:35:00+00:00
4183,4183.T,4183.jp,2009-05-11,557.66,580.62,554.38,577.35,6358435,https://stooq.com/q/d/l/?s=4183.jp&i=d,2026-03-26T08:35:00+00:00
4183,4183.T,4183.jp,2009-05-12,536.35,551.10,523.23,533.06,8098479,https://stooq.com/q/d/l/?s=4183.jp&i=d,2026-03-26T08:35:00+00:00
4183,4183.T,4183.jp,2009-05-13,524.86,526.50,501.90,515.02,7464408,https://stooq.com/q/d/l/?s=4183.jp&i=d,2026-03-26T08:35:00+00:00
4183,4183.T,4183.jp,2009-05-14,508.45,513.38,500.26,508.45,4501321,https://stooq.com/q/d/l/?s=4183.jp&i=d,2026-03-26T08:35:00+00:00
4183,4183.T,4183.jp,2009-05-15,508.45,524.86,508.45,524.86,4426940,https://stooq.com/q/d/l/?s=4183.jp&i=d,2026-03-26T08:35:00+00:00
4183,4183.T,4183.jp,2009-05-18,518.27,526.50,511.75,523.23,3619103,https://stooq.com/q/d/l/?s=4183.jp&i=d,2026-03-26T08:35:00+00:00
4183,4183.T,4183.jp,2009-05-19,539.61,539.61,521.57,526.50,2518008,https://stooq.com/q/d/l/?s=4183.jp&i=d,2026-03-26T08:35:00+00:00
4183,4183.T,4183.jp,2009-05-20,531.42,533.06,526.50,528.14,1489464,https://stooq.com/q/d/l/?s=4183.jp&i=d,2026-03-26T08:35:00+00:00
4183,4183.T,4183.jp,2009-05-21,524.86,524.86,510.08,516.66,3492897,https://stooq.com/q/d/l/?s=4183.jp&i=d,2026-03-26T08:35:00+00:00
4183,4183.T,4183.jp,2009-05-22,505.19,506.81,498.63,501.90,2605194,https://stooq.com/q/d/l/?s=4183.jp&i=d,2026-03-26T08:35:00+00:00
4183,4183.T,4183.jp,2009-05-25,503.54,516.66,503.54,510.08,3042338,https://stooq.com/q/d/l/?s=4183.jp&i=d,2026-03-26T08:35:00+00:00
4183,4183.T,4183.jp,2009-05-26,511.75,511.75,492.06,498.63,3744089,https://stooq.com/q/d/l/?s=4183.jp&i=d,2026-03-26T08:35:00+00:00
4183,4183.T,4183.jp,2009-05-27,500.26,503.54,482.22,483.86,8109453,https://stooq.com/q/d/l/?s=4183.jp&i=d,2026-03-26T08:35:00+00:00
4183,4183.T,4183.jp,2009-05-28,483.86,501.90,480.58,500.26,4937250,https://stooq.com/q/d/l/?s=4183.jp&i=d,2026-03-26T08:35:00+00:00
4183,4183.T,4183.jp,2009-05-29,503.54,542.90,501.90,541.25,8802060,https://stooq.com/q/d/l/?s=4183.jp&i=d,2026-03-26T08:35:00+00:00
4183,4183.T,4183.jp,2009-06-01,541.25,557.66,536.35,556.02,3544110,https://stooq.com/q/d/l/?s=4183.jp&i=d,2026-03-26T08:35:00+00:00
4183,4183.T,4183.jp,2009-06-02,565.87,595.39,564.23,578.97,7218702,https://stooq.com/q/d/l/?s=4183.jp&i=d,2026-03-26T08:35:00+00:00
4183,4183.T,4183.jp,2009-06-03,582.27,611.78,582.27,588.82,10046431,https://stooq.com/q/d/l/?s=4183.jp&i=d,2026-03-26T08:35:00+00:00
4183,4183.T,4183.jp,2009-06-04,577.35,583.90,565.87,569.14,4981147,https://stooq.com/q/d/l/?s=4183.jp&i=d,2026-03-26T08:35:00+00:00
4183,4183.T,4183.jp,2009-06-05,574.08,575.71,544.55,556.02,3939798,https://stooq.com/q/d/l/?s=4183.jp&i=d,2026-03-26T08:35:00+00:00
4183,4183.T,4183.jp,2009-06-08,559.32,567.50,552.74,557.66,3942846,https://stooq.com/q/d/l/?s=4183.jp&i=d,2026-03-26T08:35:00+00:00
4183,4183.T,4183.jp,2009-06-09,557.66,557.66,536.35,539.61,4188552,https://stooq.com/q/d/l/?s=4183.jp&i=d,2026-03-26T08:35:00+00:00
4183,4183.T,4183.jp,2009-06-10,547.80,554.38,542.90,552.74,2967350,https://stooq.com/q/d/l/?s=4183.jp&i=d,2026-03-26T08:35:00+00:00
4183,4183.T,4183.jp,2009-06-11,554.38,556.02,542.90,546.20,3087455,https://stooq.com/q/d/l/?s=4183.jp&i=d,2026-03-26T08:35:00+00:00
4183,4183.T,4183.jp,2009-06-12,554.38,556.02,542.90,544.55,5298796,https://stooq.com/q/d/l/?s=4183.jp&i=d,2026-03-26T08:35:00+00:00
4183,4183.T,4183.jp,2009-06-15,546.20,552.74,539.61,542.90,2055260,https://stooq.com/q/d/l/?s=4183.jp&i=d,2026-03-26T08:35:00+00:00
4183,4183.T,4183.jp,2009-06-16,537.98,539.61,511.75,521.57,4411088,https://stooq.com/q/d/l/?s=4183.jp&i=d,2026-03-26T08:35:00+00:00
4183,4183.T,4183.jp,2009-06-17,516.66,528.14,516.66,526.50,3512413,https://stooq.com/q/d/l/?s=4183.jp&i=d,2026-03-26T08:35:00+00:00
4183,4183.T,4183.jp,2009-06-18,528.14,529.79,510.08,515.02,2023550,https://stooq.com/q/d/l/?s=4183.jp&i=d,2026-03-26T08:35:00+00:00
4183,4183.T,4183.jp,2009-06-19,515.02,526.50,501.90,510.08,3359985,https://stooq.com/q/d/l/?s=4183.jp&i=d,2026-03-26T08:35:00+00:00
4183,4183.T,4183.jp,2009-06-22,511.75,515.02,505.19,510.08,1874786,https://stooq.com/q/d/l/?s=4183.jp&i=d,2026-03-26T08:35:00+00:00
4183,4183.T,4183.jp,2009-06-23,495.33,498.63,487.13,498.63,3356940,https://stooq.com/q/d/l/?s=4183.jp&i=d,2026-03-26T08:35:00+00:00
4183,4183.T,4183.jp,2009-06-24,508.45,513.38,500.26,505.19,4615335,https://stooq.com/q/d/l/?s=4183.jp&i=d,2026-03-26T08:35:00+00:00
4183,4183.T,4183.jp,2009-06-25,506.81,516.66,500.26,506.81,2864920,https://stooq.com/q/d/l/?s=4183.jp&i=d,2026-03-26T08:35:00+00:00
4183,4183.T,4183.jp,2009-06-26,518.27,526.50,508.45,511.75,2623487,https://stooq.com/q/d/l/?s=4183.jp&i=d,2026-03-26T08:35:00+00:00
4183,4183.T,4183.jp,2009-06-29,513.38,523.23,498.63,503.54,3579475,https://stooq.com/q/d/l/?s=4183.jp&i=d,2026-03-26T08:35:00+00:00
4183,4183.T,4183.jp,2009-06-30,513.38,519.94,505.19,506.81,2422897,https://stooq.com/q/d/l/?s=4183.jp&i=d,2026-03-26T08:35:00+00:00
4183,4183.T,4183.jp,2009-07-01,503.54,519.94,498.63,508.45,3144158,https://stooq.com/q/d/l/?s=4183.jp&i=d,2026-03-26T08:35:00+00:00
4183,4183.T,4183.jp,2009-07-02,511.75,516.66,510.08,511.75,3031972,https://stooq.com/q/d/l/?s=4183.jp&i=d,2026-03-26T08:35:00+00:00
4183,4183.T,4183.jp,2009-07-03,503.54,510.08,498.63,508.45,2214991,https://stooq.com/q/d/l/?s=4183.jp&i=d,2026-03-26T08:35:00+00:00
4183,4183.T,4183.jp,2009-07-06,510.08,526.50,506.81,513.38,3807499,https://stooq.com/q/d/l/?s=4183.jp&i=d,2026-03-26T08:35:00+00:00
4183,4183.T,4183.jp,2009-07-07,518.27,521.57,501.90,518.27,4080029,https://stooq.com/q/d/l/?s=4183.jp&i=d,2026-03-26T08:35:00+00:00
4183,4183.T,4183.jp,2009-07-08,510.08,511.75,487.13,487.13,4087342,https://stooq.com/q/d/l/?s=4183.jp&i=d,2026-03-26T08:35:00+00:00
4183,4183.T,4183.jp,2009-07-09,487.13,493.68,472.38,475.65,4162341,https://stooq.com/q/d/l/?s=4183.jp&i=d,2026-03-26T08:35:00+00:00
4183,4183.T,4183.jp,2009-07-10,470.73,477.29,459.25,462.53,4059296,https://stooq.com/q/d/l/?s=4183.jp&i=d,2026-03-26T08:35:00+00:00
4183,4183.T,4183.jp,2009-07-13,462.53,472.38,444.48,452.69,3554476,https://stooq.com/q/d/l/?s=4183.jp&i=d,2026-03-26T08:35:00+00:00
4183,4183.T,4183.jp,2009-07-14,462.53,464.17,454.33,462.53,2622871,https://stooq.com/q/d/l/?s=4183.jp&i=d,2026-03-26T08:35:00+00:00
4183,4183.T,4183.jp,2009-07-15,464.17,472.38,459.25,460.89,1983315,https://stooq.com/q/d/l/?s=4183.jp&i=d,2026-03-26T08:35:00+00:00
4183,4183.T,4183.jp,2009-07-16,475.65,475.65,457.62,459.25,2300961,https://stooq.com/q/d/l/?s=4183.jp&i=d,2026-03-26T08:35:00+00:00
4183,4183.T,4183.jp,2009-07-17,464.17,465.82,457.62,459.25,1788211,https://stooq.com/q/d/l/?s=4183.jp&i=d,2026-03-26T08:35:00+00:00
4183,4183.T,4183.jp,2009-07-21,467.46,480.58,465.82,477.29,5234779,https://stooq.com/q/d/l/?s=4183.jp&i=d,2026-03-26T08:35:00+00:00
4183,4183.T,4183.jp,2009-07-22,485.50,511.75,477.29,510.08,6518168,https://stooq.com/q/d/l/?s=4183.jp&i=d,2026-03-26T08:35:00+00:00
4183,4183.T,4183.jp,2009-07-23,501.90,508.45,492.06,505.19,4705571,https://stooq.com/q/d/l/?s=4183.jp&i=d,2026-03-26T08:35:00+00:00
4183,4183.T,4183.jp,2009-07-24,523.23,531.42,518.27,524.86,5949332,https://stooq.com/q/d/l/?s=4183.jp&i=d,2026-03-26T08:35:00+00:00
4183,4183.T,4183.jp,2009-07-27,526.50,529.79,521.57,526.50,2913697,https://stooq.com/q/d/l/?s=4183.jp&i=d,2026-03-26T08:35:00+00:00
4183,4183.T,4183.jp,2009-07-28,523.23,523.23,510.08,521.57,2211943,https://stooq.com/q/d/l/?s=4183.jp&i=d,2026-03-26T08:35:00+00:00
4183,4183.T,4183.jp,2009-07-29,516.66,541.25,515.02,541.25,3961136,https://stooq.com/q/d/l/?s=4183.jp&i=d,2026-03-26T08:35:00+00:00
4183,4183.T,4183.jp,2009-07-30,533.06,542.90,526.50,539.61,3719701,https://stooq.com/q/d/l/?s=4183.jp&i=d,2026-03-26T08:35:00+00:00
4183,4183.T,4183.jp,2009-07-31,556.02,585.54,551.10,569.14,9306270,https://stooq.com/q/d/l/?s=4183.jp&i=d,2026-03-26T08:35:00+00:00
4183,4183.T,4183.jp,2009-08-03,580.62,590.47,578.97,585.54,4315366,https://stooq.com/q/d/l/?s=4183.jp&i=d,2026-03-26T08:35:00+00:00
4183,4183.T,4183.jp,2009-08-04,597.03,598.66,562.59,565.87,5412805,https://stooq.com/q/d/l/?s=4183.jp&i=d,2026-03-26T08:35:00+00:00
4183,4183.T,4183.jp,2009-08-05,569.14,570.79,554.38,556.02,4236722,https://stooq.com/q/d/l/?s=4183.jp&i=d,2026-03-26T08:35:00+00:00
4183,4183.T,4183.jp,2009-08-06,560.95,570.79,556.02,564.23,2870408,https://stooq.com/q/d/l/?s=4183.jp&i=d,2026-03-26T08:35:00+00:00
4183,4183.T,4183.jp,2009-08-07,562.59,565.87,547.80,556.02,3389865,https://stooq.com/q/d/l/?s=4183.jp&i=d,2026-03-26T08:35:00+00:00
4183,4183.T,4183.jp,2009-08-10,577.35,605.23,574.08,601.94,9867188,https://stooq.com/q/d/l/?s=4183.jp&i=d,2026-03-26T08:35:00+00:00
4183,4183.T,4183.jp,2009-08-11,593.75,605.23,593.75,598.66,2665553,https://stooq.com/q/d/l/?s=4183.jp&i=d,2026-03-26T08:35:00+00:00
4183,4183.T,4183.jp,2009-08-12,605.23,623.28,601.94,618.36,8947167,https://stooq.com/q/d/l/?s=4183.jp&i=d,2026-03-26T08:35:00+00:00
4183,4183.T,4183.jp,2009-08-13,629.84,636.39,623.28,626.55,5276848,https://stooq.com/q/d/l/?s=4183.jp&i=d,2026-03-26T08:35:00+00:00
4183,4183.T,4183.jp,2009-08-14,623.28,631.47,615.07,626.55,4814090,https://stooq.com/q/d/l/?s=4183.jp&i=d,2026-03-26T08:35:00+00:00
4183,4183.T,4183.jp,2009-08-17,631.47,639.65,618.36,619.99,5587179,https://stooq.com/q/d/l/?s=4183.jp&i=d,2026-03-26T08:35:00+00:00
4183,4183.T,4183.jp,2009-08-18,611.78,613.42,590.47,595.39,5637169,https://stooq.com/q/d/l/?s=4183.jp&i=d,2026-03-26T08:35:00+00:00
4183,4183.T,4183.jp,2009-08-19,601.94,606.87,587.19,590.47,3352674,https://stooq.com/q/d/l/?s=4183.jp&i=d,2026-03-26T08:35:00+00:00
4183,4183.T,4183.jp,2009-08-20,588.82,603.58,578.97,600.30,3227073,https://stooq.com/q/d/l/?s=4183.jp&i=d,2026-03-26T08:35:00+00:00
4183,4183.T,4183.jp,2009-08-21,603.58,605.23,577.35,582.27,2872851,https://stooq.com/q/d/l/?s=4183.jp&i=d,2026-03-26T08:35:00+00:00
4183,4183.T,4183.jp,2009-08-24,601.94,605.23,588.82,597.03,3263656,https://stooq.com/q/d/l/?s=4183.jp&i=d,2026-03-26T08:35:00+00:00
4183,4183.T,4183.jp,2009-08-25,593.75,600.30,583.90,588.82,2833215,https://stooq.com/q/d/l/?s=4183.jp&i=d,2026-03-26T08:35:00+00:00
4183,4183.T,4183.jp,2009-08-26,597.03,606.87,590.47,603.58,3136230,https://stooq.com/q/d/l/?s=4183.jp&i=d,2026-03-26T08:35:00+00:00
4183,4183.T,4183.jp,2009-08-27,593.75,598.66,577.35,578.97,3330111,https://stooq.com/q/d/l/?s=4183.jp&i=d,2026-03-26T08:35:00+00:00
4183,4183.T,4183.jp,2009-08-28,592.12,592.12,580.62,583.90,1549826,https://stooq.com/q/d/l/?s=4183.jp&i=d,2026-03-26T08:35:00+00:00
4183,4183.T,4183.jp,2009-08-31,595.39,601.94,574.08,577.35,2683840,https://stooq.com/q/d/l/?s=4183.jp&i=d,2026-03-26T08:35:00+00:00
4183,4183.T,4183.jp,2009-09-01,574.08,580.62,569.14,577.35,1654691,https://stooq.com/q/d/l/?s=4183.jp&i=d,2026-03-26T08:35:00+00:00
4183,4183.T,4183.jp,2009-09-02,569.14,569.14,552.74,559.32,3723359,https://stooq.com/q/d/l/?s=4183.jp&i=d,2026-03-26T08:35:00+00:00
4183,4183.T,4183.jp,2009-09-03,551.10,554.38,546.20,549.44,1926004,https://stooq.com/q/d/l/?s=4183.jp&i=d,2026-03-26T08:35:00+00:00
4183,4183.T,4183.jp,2009-09-04,549.44,551.10,541.25,544.55,2198529,https://stooq.com/q/d/l/?s=4183.jp&i=d,2026-03-26T08:35:00+00:00
4183,4183.T,4183.jp,2009-09-07,546.20,556.02,542.90,546.20,1583966,https://stooq.com/q/d/l/?s=4183.jp&i=d,2026-03-26T08:35:00+00:00
4183,4183.T,4183.jp,2009-09-08,547.80,549.44,536.35,539.61,2420459,https://stooq.com/q/d/l/?s=4183.jp&i=d,2026-03-26T08:35:00+00:00
4183,4183.T,4183.jp,2009-09-09,533.06,536.35,511.75,519.94,6677299,https://stooq.com/q/d/l/?s=4183.jp&i=d,2026-03-26T08:35:00+00:00
4183,4183.T,4183.jp,2009-09-10,531.42,549.44,526.50,547.80,4700080,https://stooq.com/q/d/l/?s=4183.jp&i=d,2026-03-26T08:35:00+00:00
4183,4183.T,4183.jp,2009-09-11,556.02,565.87,547.80,549.44,6688276,https://stooq.com/q/d/l/?s=4183.jp&i=d,2026-03-26T08:35:00+00:00
4183,4183.T,4183.jp,2009-09-14,546.20,547.80,529.79,531.42,1865645,https://stooq.com/q/d/l/?s=4183.jp&i=d,2026-03-26T08:35:00+00:00
4183,4183.T,4183.jp,2009-09-15,533.06,542.90,523.23,524.86,2155852,https://stooq.com/q/d/l/?s=4183.jp&i=d,2026-03-26T08:35:00+00:00
4183,4183.T,4183.jp,2009-09-16,541.25,565.87,537.98,564.23,7376608,https://stooq.com/q/d/l/?s=4183.jp&i=d,2026-03-26T08:35:00+00:00
4183,4183.T,4183.jp,2009-09-17,572.41,578.97,564.23,570.79,5228681,https://stooq.com/q/d/l/?s=4183.jp&i=d,2026-03-26T08:35:00+00:00
4183,4183.T,4183.jp,2009-09-18,572.41,578.97,565.87,569.14,3458145,https://stooq.com/q/d/l/?s=4183.jp&i=d,2026-03-26T08:35:00+00:00
4183,4183.T,4183.jp,2009-09-24,564.23,580.62,564.23,574.08,2250356,https://stooq.com/q/d/l/?s=4183.jp&i=d,2026-03-26T08:35:00+00:00
4183,4183.T,4183.jp,2009-09-25,572.41,574.08,564.23,569.14,2021725,https://stooq.com/q/d/l/?s=4183.jp&i=d,2026-03-26T08:35:00+00:00
4183,4183.T,4183.jp,2009-09-28,560.95,560.95,542.90,546.20,2516791,https://stooq.com/q/d/l/?s=4183.jp&i=d,2026-03-26T08:35:00+00:00
4183,4183.T,4183.jp,2009-09-29,546.20,549.44,537.98,541.25,2446675,https://stooq.com/q/d/l/?s=4183.jp&i=d,2026-03-26T08:35:00+00:00
4183,4183.T,4183.jp,2009-09-30,534.71,537.98,518.27,524.86,2874063,https://stooq.com/q/d/l/?s=4183.jp&i=d,2026-03-26T08:35:00+00:00
4183,4183.T,4183.jp,2009-10-01,516.66,523.23,498.63,508.45,2903940,https://stooq.com/q/d/l/?s=4183.jp&i=d,2026-03-26T08:35:00+00:00
4183,4183.T,4183.jp,2009-10-02,490.42,503.54,488.77,503.54,3120380,https://stooq.com/q/d/l/?s=4183.jp&i=d,2026-03-26T08:35:00+00:00
4183,4183.T,4183.jp,2009-10-05,495.33,498.63,485.50,488.77,2435704,https://stooq.com/q/d/l/?s=4183.jp&i=d,2026-03-26T08:35:00+00:00
4183,4183.T,4183.jp,2009-10-06,492.06,503.54,492.06,500.26,2105250,https://stooq.com/q/d/l/?s=4183.jp&i=d,2026-03-26T08:35:00+00:00
4183,4183.T,4183.jp,2009-10-07,516.66,531.42,513.38,528.14,2725907,https://stooq.com/q/d/l/?s=4183.jp&i=d,2026-03-26T08:35:00+00:00
4183,4183.T,4183.jp,2009-10-08,529.79,537.98,518.27,528.14,2221697,https://stooq.com/q/d/l/?s=4183.jp&i=d,2026-03-26T08:35:00+00:00
4183,4183.T,4183.jp,2009-10-09,531.42,542.90,526.50,531.42,2813097,https://stooq.com/q/d/l/?s=4183.jp&i=d,2026-03-26T08:35:00+00:00
4183,4183.T,4183.jp,2009-10-13,533.06,542.90,533.06,536.35,1412030,https://stooq.com/q/d/l/?s=4183.jp&i=d,2026-03-26T08:35:00+00:00
4183,4183.T,4183.jp,2009-10-14,533.06,533.06,516.66,521.57,2482646,https://stooq.com/q/d/l/?s=4183.jp&i=d,2026-03-26T08:35:00+00:00
4183,4183.T,4183.jp,2009-10-15,529.79,536.35,519.94,523.23,2108906,https://stooq.com/q/d/l/?s=4183.jp&i=d,2026-03-26T08:35:00+00:00
4183,4183.T,4183.jp,2009-10-16,524.86,529.79,519.94,523.23,1936368,https://stooq.com/q/d/l/?s=4183.jp&i=d,2026-03-26T08:35:00+00:00
4183,4183.T,4183.jp,2009-10-19,541.25,547.80,536.35,547.80,3785553,https://stooq.com/q/d/l/?s=4183.jp&i=d,2026-03-26T08:35:00+00:00
4183,4183.T,4183.jp,2009-10-20,549.44,557.66,542.90,546.20,1996727,https://stooq.com/q/d/l/?s=4183.jp&i=d,2026-03-26T08:35:00+00:00
4183,4183.T,4183.jp,2009-10-21,536.35,541.25,526.50,528.14,2385094,https://stooq.com/q/d/l/?s=4183.jp&i=d,2026-03-26T08:35:00+00:00
4183,4183.T,4183.jp,2009-10-22,516.66,521.57,505.19,518.27,5045771,https://stooq.com/q/d/l/?s=4183.jp&i=d,2026-03-26T08:35:00+00:00
4183,4183.T,4183.jp,2009-10-23,528.14,536.35,524.86,526.50,3555689,https://stooq.com/q/d/l/?s=4183.jp&i=d,2026-03-26T08:35:00+00:00
4183,4183.T,4183.jp,2009-10-26,523.23,534.71,518.27,524.86,1633961,https://stooq.com/q/d/l/?s=4183.jp&i=d,2026-03-26T08:35:00+00:00
4183,4183.T,4183.jp,2009-10-27,521.57,531.42,518.27,529.79,2394243,https://stooq.com/q/d/l/?s=4183.jp&i=d,2026-03-26T08:35:00+00:00
4183,4183.T,4183.jp,2009-10-28,524.86,528.14,516.66,516.66,2596045,https://stooq.com/q/d/l/?s=4183.jp&i=d,2026-03-26T08:35:00+00:00
4183,4183.T,4183.jp,2009-10-29,511.75,516.66,503.54,510.08,2033915,https://stooq.com/q/d/l/?s=4183.jp&i=d,2026-03-26T08:35:00+00:00
4183,4183.T,4183.jp,2009-10-30,518.27,541.25,513.38,519.94,3248411,https://stooq.com/q/d/l/?s=4183.jp&i=d,2026-03-26T08:35:00+00:00
4183,4183.T,4183.jp,2009-11-02,526.50,536.35,508.45,513.38,3553256,https://stooq.com/q/d/l/?s=4183.jp&i=d,2026-03-26T08:35:00+00:00
4183,4183.T,4183.jp,2009-11-04,515.02,518.27,503.54,508.45,3176473,https://stooq.com/q/d/l/?s=4183.jp&i=d,2026-03-26T08:35:00+00:00
4183,4183.T,4183.jp,2009-11-05,500.26,501.90,490.42,492.06,2943571,https://stooq.com/q/d/l/?s=4183.jp&i=d,2026-03-26T08:35:00+00:00
4183,4183.T,4183.jp,2009-11-06,498.63,503.54,495.33,496.98,2138175,https://stooq.com/q/d/l/?s=4183.jp&i=d,2026-03-26T08:35:00+00:00
4183,4183.T,4183.jp,2009-11-09,501.90,505.19,495.33,496.98,2963689,https://stooq.com/q/d/l/?s=4183.jp&i=d,2026-03-26T08:35:00+00:00
4183,4183.T,4183.jp,2009-11-10,501.90,508.45,501.90,503.54,1599210,https://stooq.com/q/d/l/?s=4183.jp&i=d,2026-03-26T08:35:00+00:00
4183,4183.T,4183.jp,2009-11-11,506.81,506.81,485.50,490.42,3170377,https://stooq.com/q/d/l/?s=4183.jp&i=d,2026-03-26T08:35:00+00:00
4183,4183.T,4183.jp,2009-11-12,492.06,493.68,469.09,472.38,3157573,https://stooq.com/q/d/l/?s=4183.jp&i=d,2026-03-26T08:35:00+00:00
4183,4183.T,4183.jp,2009-11-13,464.17,472.38,452.69,459.25,4998214,https://stooq.com/q/d/l/?s=4183.jp&i=d,2026-03-26T08:35:00+00:00
4183,4183.T,4183.jp,2009-11-16,411.70,419.89,387.08,398.57,16648133,https://stooq.com/q/d/l/?s=4183.jp&i=d,2026-03-26T08:35:00+00:00
4183,4183.T,4183.jp,2009-11-17,400.20,403.49,392.00,392.00,8913637,https://stooq.com/q/d/l/?s=4183.jp&i=d,2026-03-26T08:35:00+00:00
4183,4183.T,4183.jp,2009-11-18,387.08,395.29,387.08,393.64,5484749,https://stooq.com/q/d/l/?s=4183.jp&i=d,2026-03-26T08:35:00+00:00
4183,4183.T,4183.jp,2009-11-19,390.36,390.36,362.48,365.77,8269194,https://stooq.com/q/d/l/?s=4183.jp&i=d,2026-03-26T08:35:00+00:00
4183,4183.T,4183.jp,2009-11-20,357.56,377.24,355.92,373.96,11837086,https://stooq.com/q/d/l/?s=4183.jp&i=d,2026-03-26T08:35:00+00:00
4183,4183.T,4183.jp,2009-11-24,369.05,370.66,334.60,336.24,38380449,https://stooq.com/q/d/l/?s=4183.jp&i=d,2026-03-26T08:35:00+00:00
4183,4183.T,4183.jp,2009-11-25,328.03,334.60,324.76,331.31,36052655,https://stooq.com/q/d/l/?s=4183.jp&i=d,2026-03-26T08:35:00+00:00
4183,4183.T,4183.jp,2009-11-26,331.31,346.08,329.67,346.08,17828489,https://stooq.com/q/d/l/?s=4183.jp&i=d,2026-03-26T08:35:00+00:00
4183,4183.T,4183.jp,2009-11-27,337.88,342.80,332.97,336.24,17607169,https://stooq.com/q/d/l/?s=4183.jp&i=d,2026-03-26T08:35:00+00:00
4183,4183.T,4183.jp,2009-11-30,341.16,357.56,339.52,355.92,18589984,https://stooq.com/q/d/l/?s=4183.jp&i=d,2026-03-26T08:35:00+00:00
4183,4183.T,4183.jp,2009-12-01,349.37,360.84,347.73,354.27,20458067,https://stooq.com/q/d/l/?s=4183.jp&i=d,2026-03-26T08:35:00+00:00
4183,4183.T,4183.jp,2009-12-02,346.08,349.37,336.24,341.16,48194591,https://stooq.com/q/d/l/?s=4183.jp&i=d,2026-03-26T08:35:00+00:00
4183,4183.T,4183.jp,2009-12-03,341.16,364.13,341.16,360.84,23607102,https://stooq.com/q/d/l/?s=4183.jp&i=d,2026-03-26T08:35:00+00:00
4183,4183.T,4183.jp,2009-12-04,359.20,385.43,354.27,383.79,31184302,https://stooq.com/q/d/l/?s=4183.jp&i=d,2026-03-26T08:35:00+00:00
4183,4183.T,4183.jp,2009-12-07,392.00,400.20,372.32,378.90,21687201,https://stooq.com/q/d/l/?s=4183.jp&i=d,2026-03-26T08:35:00+00:00
4183,4183.T,4183.jp,2009-12-08,367.40,375.60,357.56,360.84,16191473,https://stooq.com/q/d/l/?s=4183.jp&i=d,2026-03-26T08:35:00+00:00
4183,4183.T,4183.jp,2009-12-09,357.56,360.84,351.00,355.92,12310810,https://stooq.com/q/d/l/?s=4183.jp&i=d,2026-03-26T08:35:00+00:00
4183,4183.T,4183.jp,2009-12-10,355.92,360.84,351.00,354.27,9552581,https://stooq.com/q/d/l/?s=4183.jp&i=d,2026-03-26T08:35:00+00:00
4183,4183.T,4183.jp,2009-12-11,362.48,369.05,357.56,365.77,10572592,https://stooq.com/q/d/l/?s=4183.jp&i=d,2026-03-26T08:35:00+00:00
4183,4183.T,4183.jp,2009-12-14,370.66,377.24,360.84,370.66,8809379,https://stooq.com/q/d/l/?s=4183.jp&i=d,2026-03-26T08:35:00+00:00
4183,4183.T,4183.jp,2009-12-15,369.05,373.96,364.13,364.13,5697535,https://stooq.com/q/d/l/?s=4183.jp&i=d,2026-03-26T08:35:00+00:00
4183,4183.T,4183.jp,2009-12-16,370.66,377.24,369.05,375.60,7550371,https://stooq.com/q/d/l/?s=4183.jp&i=d,2026-03-26T08:35:00+00:00
4183,4183.T,4183.jp,2009-12-17,383.79,390.36,383.79,387.08,10767090,https://stooq.com/q/d/l/?s=4183.jp&i=d,2026-03-26T08:35:00+00:00
4183,4183.T,4183.jp,2009-12-18,387.08,396.93,378.90,393.64,14633723,https://stooq.com/q/d/l/?s=4183.jp&i=d,2026-03-26T08:35:00+00:00
4183,4183.T,4183.jp,2009-12-21,393.64,401.83,392.00,398.57,9228843,https://stooq.com/q/d/l/?s=4183.jp&i=d,2026-03-26T08:35:00+00:00
4183,4183.T,4183.jp,2009-12-22,401.83,406.76,396.93,405.13,10565275,https://stooq.com/q/d/l/?s=4183.jp&i=d,2026-03-26T08:35:00+00:00
4183,4183.T,4183.jp,2009-12-24,406.76,408.40,403.49,406.76,7514400,https://stooq.com/q/d/l/?s=4183.jp&i=d,2026-03-26T08:35:00+00:00
4183,4183.T,4183.jp,2009-12-25,405.13,405.13,400.20,401.83,3827007,https://stooq.com/q/d/l/?s=4183.jp&i=d,2026-03-26T08:35:00+00:00
4183,4183.T,4183.jp,2009-12-28,406.76,413.34,405.13,405.13,7480866,https://stooq.com/q/d/l/?s=4183.jp&i=d,2026-03-26T08:35:00+00:00
4183,4183.T,4183.jp,2009-12-29,408.40,410.06,393.64,401.83,5081747,https://stooq.com/q/d/l/?s=4183.jp&i=d,2026-03-26T08:35:00+00:00
4183,4183.T,4183.jp,2009-12-30,401.83,401.83,392.00,393.64,5267089,https://stooq.com/q/d/l/?s=4183.jp&i=d,2026-03-26T08:35:00+00:00
4183,4183.T,4183.jp,2010-01-04,396.93,401.83,393.64,395.29,2420459,https://stooq.com/q/d/l/?s=4183.jp&i=d,2026-03-26T08:35:00+00:00
4183,4183.T,4183.jp,2010-01-05,403.49,416.60,401.83,413.34,12840021,https://stooq.com/q/d/l/?s=4183.jp&i=d,2026-03-26T08:35:00+00:00
4183,4183.T,4183.jp,2010-01-06,418.25,429.72,414.96,429.72,16085997,https://stooq.com/q/d/l/?s=4183.jp&i=d,2026-03-26T08:35:00+00:00
4183,4183.T,4183.jp,2010-01-07,434.65,437.93,428.10,434.65,10504309,https://stooq.com/q/d/l/?s=4183.jp&i=d,2026-03-26T08:35:00+00:00
4183,4183.T,4183.jp,2010-01-08,436.29,447.76,432.99,432.99,13030242,https://stooq.com/q/d/l/?s=4183.jp&i=d,2026-03-26T08:35:00+00:00
4183,4183.T,4183.jp,2010-01-12,426.46,439.57,423.16,437.93,12387022,https://stooq.com/q/d/l/?s=4183.jp&i=d,2026-03-26T08:35:00+00:00
4183,4183.T,4183.jp,2010-01-13,431.36,436.29,424.80,424.80,7296128,https://stooq.com/q/d/l/?s=4183.jp&i=d,2026-03-26T08:35:00+00:00
4183,4183.T,4183.jp,2010-01-14,426.46,434.65,424.80,432.99,6384036,https://stooq.com/q/d/l/?s=4183.jp&i=d,2026-03-26T08:35:00+00:00
4183,4183.T,4183.jp,2010-01-15,436.29,452.69,432.99,444.48,13480806,https://stooq.com/q/d/l/?s=4183.jp&i=d,2026-03-26T08:35:00+00:00
4183,4183.T,4183.jp,2010-01-18,432.99,437.93,429.72,434.65,5715818,https://stooq.com/q/d/l/?s=4183.jp&i=d,2026-03-26T08:35:00+00:00
4183,4183.T,4183.jp,2010-01-19,439.57,451.06,431.36,432.99,6676079,https://stooq.com/q/d/l/?s=4183.jp&i=d,2026-03-26T08:35:00+00:00
4183,4183.T,4183.jp,2010-01-20,444.48,452.69,436.29,441.21,11424937,https://stooq.com/q/d/l/?s=4183.jp&i=d,2026-03-26T08:35:00+00:00
4183,4183.T,4183.jp,2010-01-21,436.29,449.42,434.65,449.42,7700965,https://stooq.com/q/d/l/?s=4183.jp&i=d,2026-03-26T08:35:00+00:00
4183,4183.T,4183.jp,2010-01-22,436.29,441.21,428.10,429.72,8416739,https://stooq.com/q/d/l/?s=4183.jp&i=d,2026-03-26T08:35:00+00:00
4183,4183.T,4183.jp,2010-01-25,416.60,419.89,401.83,411.70,17263914,https://stooq.com/q/d/l/?s=4183.jp&i=d,2026-03-26T08:35:00+00:00
4183,4183.T,4183.jp,2010-01-26,418.25,426.46,401.83,401.83,10525037,https://stooq.com/q/d/l/?s=4183.jp&i=d,2026-03-26T08:35:00+00:00
4183,4183.T,4183.jp,2010-01-27,406.76,413.34,401.83,401.83,6054805,https://stooq.com/q/d/l/?s=4183.jp&i=d,2026-03-26T08:35:00+00:00
4183,4183.T,4183.jp,2010-01-28,410.06,411.70,403.49,405.13,4176976,https://stooq.com/q/d/l/?s=4183.jp&i=d,2026-03-26T08:35:00+00:00
4183,4183.T,4183.jp,2010-01-29,398.57,405.13,396.93,396.93,5767038,https://stooq.com/q/d/l/?s=4183.jp&i=d,2026-03-26T08:35:00+00:00
4183,4183.T,4183.jp,2010-02-01,396.93,396.93,359.20,380.53,10307375,https://stooq.com/q/d/l/?s=4183.jp&i=d,2026-03-26T08:35:00+00:00
4183,4183.T,4183.jp,2010-02-02,390.36,395.29,378.90,380.53,9627572,https://stooq.com/q/d/l/?s=4183.jp&i=d,2026-03-26T08:35:00+00:00
4183,4183.T,4183.jp,2010-02-03,392.00,403.49,385.43,392.00,13885023,https://stooq.com/q/d/l/?s=4183.jp&i=d,2026-03-26T08:35:00+00:00
4183,4183.T,4183.jp,2010-02-04,393.64,393.64,382.17,393.64,5454867,https://stooq.com/q/d/l/?s=4183.jp&i=d,2026-03-26T08:35:00+00:00
4183,4183.T,4183.jp,2010-02-05,378.90,387.08,377.24,383.79,5435974,https://stooq.com/q/d/l/?s=4183.jp&i=d,2026-03-26T08:35:00+00:00
4183,4183.T,4183.jp,2010-02-08,387.08,396.93,387.08,390.36,7093718,https://stooq.com/q/d/l/?s=4183.jp&i=d,2026-03-26T08:35:00+00:00
4183,4183.T,4183.jp,2010-02-09,383.79,390.36,378.90,388.73,6120655,https://stooq.com/q/d/l/?s=4183.jp&i=d,2026-03-26T08:35:00+00:00
4183,4183.T,4183.jp,2010-02-10,395.29,405.13,392.00,401.83,7791199,https://stooq.com/q/d/l/?s=4183.jp&i=d,2026-03-26T08:35:00+00:00
4183,4183.T,4183.jp,2010-02-12,403.49,408.40,392.00,398.57,7440625,https://stooq.com/q/d/l/?s=4183.jp&i=d,2026-03-26T08:35:00+00:00
4183,4183.T,4183.jp,2010-02-15,401.83,401.83,392.00,393.64,3255732,https://stooq.com/q/d/l/?s=4183.jp&i=d,2026-03-26T08:35:00+00:00
4183,4183.T,4183.jp,2010-02-16,392.00,398.57,392.00,395.29,1955873,https://stooq.com/q/d/l/?s=4183.jp&i=d,2026-03-26T08:35:00+00:00
4183,4183.T,4183.jp,2010-02-17,403.49,405.13,398.57,403.49,3856276,https://stooq.com/q/d/l/?s=4183.jp&i=d,2026-03-26T08:35:00+00:00
4183,4183.T,4183.jp,2010-02-18,405.13,406.76,393.64,400.20,5520721,https://stooq.com/q/d/l/?s=4183.jp&i=d,2026-03-26T08:35:00+00:00
4183,4183.T,4183.jp,2010-02-19,400.20,403.49,395.29,395.29,2861259,https://stooq.com/q/d/l/?s=4183.jp&i=d,2026-03-26T08:35:00+00:00
4183,4183.T,4183.jp,2010-02-22,408.40,411.70,401.83,406.76,6212106,https://stooq.com/q/d/l/?s=4183.jp&i=d,2026-03-26T08:35:00+00:00
4183,4183.T,4183.jp,2010-02-23,401.83,403.49,398.57,403.49,3595327,https://stooq.com/q/d/l/?s=4183.jp&i=d,2026-03-26T08:35:00+00:00
4183,4183.T,4183.jp,2010-02-24,400.20,406.76,398.57,405.13,5432923,https://stooq.com/q/d/l/?s=4183.jp&i=d,2026-03-26T08:35:00+00:00
4183,4183.T,4183.jp,2010-02-25,408.40,410.06,396.93,398.57,3182566,https://stooq.com/q/d/l/?s=4183.jp&i=d,2026-03-26T08:35:00+00:00
4183,4183.T,4183.jp,2010-02-26,398.57,400.20,395.29,400.20,3847130,https://stooq.com/q/d/l/?s=4183.jp&i=d,2026-03-26T08:35:00+00:00
4183,4183.T,4183.jp,2010-03-01,396.93,398.57,395.29,395.29,3238657,https://stooq.com/q/d/l/?s=4183.jp&i=d,2026-03-26T08:35:00+00:00
4183,4183.T,4183.jp,2010-03-02,396.93,398.57,393.64,398.57,1986363,https://stooq.com/q/d/l/?s=4183.jp&i=d,2026-03-26T08:35:00+00:00
4183,4183.T,4183.jp,2010-03-03,396.93,401.83,395.29,398.57,4098927,https://stooq.com/q/d/l/?s=4183.jp&i=d,2026-03-26T08:35:00+00:00
4183,4183.T,4183.jp,2010-03-04,398.57,403.49,398.57,400.20,3918463,https://stooq.com/q/d/l/?s=4183.jp&i=d,2026-03-26T08:35:00+00:00
4183,4183.T,4183.jp,2010-03-05,405.13,419.89,403.49,419.89,12918668,https://stooq.com/q/d/l/?s=4183.jp&i=d,2026-03-26T08:35:00+00:00
4183,4183.T,4183.jp,2010-03-08,426.46,441.21,423.16,441.21,10667093,https://stooq.com/q/d/l/?s=4183.jp&i=d,2026-03-26T08:35:00+00:00
4183,4183.T,4183.jp,2010-03-09,434.65,439.57,431.36,436.29,5666435,https://stooq.com/q/d/l/?s=4183.jp&i=d,2026-03-26T08:35:00+00:00
4183,4183.T,4183.jp,2010-03-10,432.99,439.57,429.72,439.57,4983582,https://stooq.com/q/d/l/?s=4183.jp&i=d,2026-03-26T08:35:00+00:00
4183,4183.T,4183.jp,2010-03-11,444.48,449.42,439.57,447.76,6874223,https://stooq.com/q/d/l/?s=4183.jp&i=d,2026-03-26T08:35:00+00:00
4183,4183.T,4183.jp,2010-03-12,444.48,446.11,436.29,441.21,9790366,https://stooq.com/q/d/l/?s=4183.jp&i=d,2026-03-26T08:35:00+00:00
4183,4183.T,4183.jp,2010-03-15,449.42,451.06,437.93,442.87,4922616,https://stooq.com/q/d/l/?s=4183.jp&i=d,2026-03-26T08:35:00+00:00
4183,4183.T,4183.jp,2010-03-16,442.87,442.87,436.29,437.93,3683120,https://stooq.com/q/d/l/?s=4183.jp&i=d,2026-03-26T08:35:00+00:00
4183,4183.T,4183.jp,2010-03-17,442.87,455.96,441.21,454.33,8191153,https://stooq.com/q/d/l/?s=4183.jp&i=d,2026-03-26T08:35:00+00:00
4183,4183.T,4183.jp,2010-03-18,457.62,464.17,454.33,455.96,9342853,https://stooq.com/q/d/l/?s=4183.jp&i=d,2026-03-26T08:35:00+00:00
4183,4183.T,4183.jp,2010-03-19,457.62,464.17,455.96,464.17,5414026,https://stooq.com/q/d/l/?s=4183.jp&i=d,2026-03-26T08:35:00+00:00
4183,4183.T,4183.jp,2010-03-23,465.82,465.82,452.69,454.33,4298301,https://stooq.com/q/d/l/?s=4183.jp&i=d,2026-03-26T08:35:00+00:00
4183,4183.T,4183.jp,2010-03-24,449.42,451.06,436.29,439.57,8035680,https://stooq.com/q/d/l/?s=4183.jp&i=d,2026-03-26T08:35:00+00:00
4183,4183.T,4183.jp,2010-03-25,452.69,452.69,437.93,442.87,6032857,https://stooq.com/q/d/l/?s=4183.jp&i=d,2026-03-26T08:35:00+00:00
4183,4183.T,4183.jp,2010-03-26,441.21,457.62,439.57,457.62,5897507,https://stooq.com/q/d/l/?s=4183.jp&i=d,2026-03-26T08:35:00+00:00
4183,4183.T,4183.jp,2010-03-29,449.42,462.53,447.76,460.89,4038568,https://stooq.com/q/d/l/?s=4183.jp&i=d,2026-03-26T08:35:00+00:00
4183,4183.T,4183.jp,2010-03-30,465.82,467.46,460.89,464.17,5164664,https://stooq.com/q/d/l/?s=4183.jp&i=d,2026-03-26T08:35:00+00:00
4183,4183.T,4183.jp,2010-03-31,467.46,470.73,462.53,464.17,5831660,https://stooq.com/q/d/l/?s=4183.jp&i=d,2026-03-26T08:35:00+00:00
4183,4183.T,4183.jp,2010-04-01,465.82,475.65,462.53,474.03,6112114,https://stooq.com/q/d/l/?s=4183.jp&i=d,2026-03-26T08:35:00+00:00
4183,4183.T,4183.jp,2010-04-02,482.22,487.13,475.65,480.58,8744752,https://stooq.com/q/d/l/?s=4183.jp&i=d,2026-03-26T08:35:00+00:00
4183,4183.T,4183.jp,2010-04-05,487.13,495.33,485.50,487.13,5794474,https://stooq.com/q/d/l/?s=4183.jp&i=d,2026-03-26T08:35:00+00:00
4183,4183.T,4183.jp,2010-04-06,490.42,490.42,474.03,478.92,4225743,https://stooq.com/q/d/l/?s=4183.jp&i=d,2026-03-26T08:35:00+00:00
4183,4183.T,4183.jp,2010-04-07,480.58,487.13,478.92,483.86,4317804,https://stooq.com/q/d/l/?s=4183.jp&i=d,2026-03-26T08:35:00+00:00
4183,4183.T,4183.jp,2010-04-08,478.92,483.86,477.29,478.92,3852618,https://stooq.com/q/d/l/?s=4183.jp&i=d,2026-03-26T08:35:00+00:00
4183,4183.T,4183.jp,2010-04-09,480.58,490.42,478.92,488.77,6200519,https://stooq.com/q/d/l/?s=4183.jp&i=d,2026-03-26T08:35:00+00:00
4183,4183.T,4183.jp,2010-04-12,492.06,500.26,490.42,493.68,5489624,https://stooq.com/q/d/l/?s=4183.jp&i=d,2026-03-26T08:35:00+00:00
4183,4183.T,4183.jp,2010-04-13,495.33,495.33,485.50,487.13,5489019,https://stooq.com/q/d/l/?s=4183.jp&i=d,2026-03-26T08:35:00+00:00
4183,4183.T,4183.jp,2010-04-14,488.77,492.06,478.92,482.22,4142213,https://stooq.com/q/d/l/?s=4183.jp&i=d,2026-03-26T08:35:00+00:00
4183,4183.T,4183.jp,2010-04-15,483.86,485.50,475.65,478.92,5827394,https://stooq.com/q/d/l/?s=4183.jp&i=d,2026-03-26T08:35:00+00:00
4183,4183.T,4183.jp,2010-04-16,478.92,478.92,469.09,474.03,3170985,https://stooq.com/q/d/l/?s=4183.jp&i=d,2026-03-26T08:35:00+00:00
4183,4183.T,4183.jp,2010-04-19,470.73,487.13,467.46,475.65,12014504,https://stooq.com/q/d/l/?s=4183.jp&i=d,2026-03-26T08:35:00+00:00
4183,4183.T,4183.jp,2010-04-20,483.86,493.68,478.92,482.22,11456639,https://stooq.com/q/d/l/?s=4183.jp&i=d,2026-03-26T08:35:00+00:00
4183,4183.T,4183.jp,2010-04-21,490.42,496.98,483.86,492.06,9646475,https://stooq.com/q/d/l/?s=4183.jp&i=d,2026-03-26T08:35:00+00:00
4183,4183.T,4183.jp,2010-04-22,492.06,496.98,487.13,493.68,5312206,https://stooq.com/q/d/l/?s=4183.jp&i=d,2026-03-26T08:35:00+00:00
4183,4183.T,4183.jp,2010-04-23,495.33,506.81,490.42,498.63,9165429,https://stooq.com/q/d/l/?s=4183.jp&i=d,2026-03-26T08:35:00+00:00
4183,4183.T,4183.jp,2010-04-26,506.81,515.02,506.81,510.08,5670093,https://stooq.com/q/d/l/?s=4183.jp&i=d,2026-03-26T08:35:00+00:00
4183,4183.T,4183.jp,2010-04-27,511.75,521.57,510.08,516.66,6028589,https://stooq.com/q/d/l/?s=4183.jp&i=d,2026-03-26T08:35:00+00:00
4183,4183.T,4183.jp,2010-04-28,503.54,508.45,500.26,501.90,5599368,https://stooq.com/q/d/l/?s=4183.jp&i=d,2026-03-26T08:35:00+00:00
4183,4183.T,4183.jp,2010-04-30,515.02,519.94,506.81,510.08,7260771,https://stooq.com/q/d/l/?s=4183.jp&i=d,2026-03-26T08:35:00+00:00
4183,4183.T,4183.jp,2010-05-06,493.68,498.63,477.29,483.86,8018002,https://stooq.com/q/d/l/?s=4183.jp&i=d,2026-03-26T08:35:00+00:00
4183,4183.T,4183.jp,2010-05-07,451.06,472.38,444.48,462.53,15912239,https://stooq.com/q/d/l/?s=4183.jp&i=d,2026-03-26T08:35:00+00:00
4183,4183.T,4183.jp,2010-05-10,459.25,472.38,457.62,467.46,8119212,https://stooq.com/q/d/l/?s=4183.jp&i=d,2026-03-26T08:35:00+00:00
4183,4183.T,4183.jp,2010-05-11,478.92,480.58,455.96,457.62,19167357,https://stooq.com/q/d/l/?s=4183.jp&i=d,2026-03-26T08:35:00+00:00
4183,4183.T,4183.jp,2010-05-12,465.82,475.65,457.62,462.53,13088778,https://stooq.com/q/d/l/?s=4183.jp&i=d,2026-03-26T08:35:00+00:00
4183,4183.T,4183.jp,2010-05-13,475.65,493.68,470.73,488.77,11888296,https://stooq.com/q/d/l/?s=4183.jp&i=d,2026-03-26T08:35:00+00:00
4183,4183.T,4183.jp,2010-05-14,478.92,483.86,472.38,477.29,7670478,https://stooq.com/q/d/l/?s=4183.jp&i=d,2026-03-26T08:35:00+00:00
4183,4183.T,4183.jp,2010-05-17,469.09,474.03,459.25,469.09,7538784,https://stooq.com/q/d/l/?s=4183.jp&i=d,2026-03-26T08:35:00+00:00
4183,4183.T,4183.jp,2010-05-18,470.73,477.29,451.06,455.96,6328553,https://stooq.com/q/d/l/?s=4183.jp&i=d,2026-03-26T08:35:00+00:00
4183,4183.T,4183.jp,2010-05-19,442.87,452.69,432.99,447.76,11851718,https://stooq.com/q/d/l/?s=4183.jp&i=d,2026-03-26T08:35:00+00:00
4183,4183.T,4183.jp,2010-05-20,449.42,452.69,432.99,437.93,9043491,https://stooq.com/q/d/l/?s=4183.jp&i=d,2026-03-26T08:35:00+00:00
4183,4183.T,4183.jp,2010-05-21,416.60,426.46,413.34,424.80,11386524,https://stooq.com/q/d/l/?s=4183.jp&i=d,2026-03-26T08:35:00+00:00
4183,4183.T,4183.jp,2010-05-24,429.72,432.99,423.16,428.10,6054805,https://stooq.com/q/d/l/?s=4183.jp&i=d,2026-03-26T08:35:00+00:00
4183,4183.T,4183.jp,2010-05-25,421.52,423.16,408.40,411.70,8272237,https://stooq.com/q/d/l/?s=4183.jp&i=d,2026-03-26T08:35:00+00:00
4183,4183.T,4183.jp,2010-05-26,418.25,426.46,411.70,424.80,9278836,https://stooq.com/q/d/l/?s=4183.jp&i=d,2026-03-26T08:35:00+00:00
4183,4183.T,4183.jp,2010-05-27,423.16,441.21,421.52,437.93,10735373,https://stooq.com/q/d/l/?s=4183.jp&i=d,2026-03-26T08:35:00+00:00
4183,4183.T,4183.jp,2010-05-28,451.06,460.89,449.42,459.25,14061226,https://stooq.com/q/d/l/?s=4183.jp&i=d,2026-03-26T08:35:00+00:00
4183,4183.T,4183.jp,2010-05-31,452.69,457.62,449.42,451.06,7093718,https://stooq.com/q/d/l/?s=4183.jp&i=d,2026-03-26T08:35:00+00:00
4183,4183.T,4183.jp,2010-06-01,464.17,472.38,449.42,452.69,11518824,https://stooq.com/q/d/l/?s=4183.jp&i=d,2026-03-26T08:35:00+00:00
4183,4183.T,4183.jp,2010-06-02,446.11,454.33,441.21,442.87,7729007,https://stooq.com/q/d/l/?s=4183.jp&i=d,2026-03-26T08:35:00+00:00
4183,4183.T,4183.jp,2010-06-03,452.69,460.89,447.76,457.62,6923608,https://stooq.com/q/d/l/?s=4183.jp&i=d,2026-03-26T08:35:00+00:00
4183,4183.T,4183.jp,2010-06-04,469.09,470.73,454.33,459.25,9643430,https://stooq.com/q/d/l/?s=4183.jp&i=d,2026-03-26T08:35:00+00:00
4183,4183.T,4183.jp,2010-06-07,446.11,449.42,437.93,446.11,7196754,https://stooq.com/q/d/l/?s=4183.jp&i=d,2026-03-26T08:35:00+00:00
4183,4183.T,4183.jp,2010-06-08,442.87,457.62,441.21,444.48,7068715,https://stooq.com/q/d/l/?s=4183.jp&i=d,2026-03-26T08:35:00+00:00
4183,4183.T,4183.jp,2010-06-09,444.48,446.11,426.46,431.36,6851060,https://stooq.com/q/d/l/?s=4183.jp&i=d,2026-03-26T08:35:00+00:00
4183,4183.T,4183.jp,2010-06-10,432.99,434.65,421.52,432.99,5376225,https://stooq.com/q/d/l/?s=4183.jp&i=d,2026-03-26T08:35:00+00:00
4183,4183.T,4183.jp,2010-06-11,447.76,451.06,441.21,444.48,8605131,https://stooq.com/q/d/l/?s=4183.jp&i=d,2026-03-26T08:35:00+00:00
4183,4183.T,4183.jp,2010-06-14,451.06,460.89,451.06,455.96,3511800,https://stooq.com/q/d/l/?s=4183.jp&i=d,2026-03-26T08:35:00+00:00
4183,4183.T,4183.jp,2010-06-15,455.96,462.53,454.33,459.25,2210118,https://stooq.com/q/d/l/?s=4183.jp&i=d,2026-03-26T08:35:00+00:00
4183,4183.T,4183.jp,2010-06-16,465.82,467.46,459.25,460.89,4854943,https://stooq.com/q/d/l/?s=4183.jp&i=d,2026-03-26T08:35:00+00:00
4183,4183.T,4183.jp,2010-06-17,455.96,460.89,447.76,452.69,4802508,https://stooq.com/q/d/l/?s=4183.jp&i=d,2026-03-26T08:35:00+00:00
4183,4183.T,4183.jp,2010-06-18,451.06,452.69,442.87,446.11,4548268,https://stooq.com/q/d/l/?s=4183.jp&i=d,2026-03-26T08:35:00+00:00
4183,4183.T,4183.jp,2010-06-21,452.69,472.38,452.69,467.46,8937413,https://stooq.com/q/d/l/?s=4183.jp&i=d,2026-03-26T08:35:00+00:00
4183,4183.T,4183.jp,2010-06-22,465.82,472.38,462.53,464.17,4403774,https://stooq.com/q/d/l/?s=4183.jp&i=d,2026-03-26T08:35:00+00:00
4183,4183.T,4183.jp,2010-06-23,454.33,457.62,446.11,451.06,5721914,https://stooq.com/q/d/l/?s=4183.jp&i=d,2026-03-26T08:35:00+00:00
4183,4183.T,4183.jp,2010-06-24,452.69,460.89,451.06,454.33,4044666,https://stooq.com/q/d/l/?s=4183.jp&i=d,2026-03-26T08:35:00+00:00
4183,4183.T,4183.jp,2010-06-25,447.76,447.76,436.29,439.57,6610842,https://stooq.com/q/d/l/?s=4183.jp&i=d,2026-03-26T08:35:00+00:00
4183,4183.T,4183.jp,2010-06-28,441.21,441.21,428.10,431.36,3985530,https://stooq.com/q/d/l/?s=4183.jp&i=d,2026-03-26T08:35:00+00:00
4183,4183.T,4183.jp,2010-06-29,426.46,434.65,423.16,424.80,3612400,https://stooq.com/q/d/l/?s=4183.jp&i=d,2026-03-26T08:35:00+00:00
4183,4183.T,4183.jp,2010-06-30,411.70,413.34,403.49,411.70,7351614,https://stooq.com/q/d/l/?s=4183.jp&i=d,2026-03-26T08:35:00+00:00
4183,4183.T,4183.jp,2010-07-01,406.76,408.40,392.00,401.83,8025318,https://stooq.com/q/d/l/?s=4183.jp&i=d,2026-03-26T08:35:00+00:00
4183,4183.T,4183.jp,2010-07-02,396.93,405.13,392.00,400.20,8842906,https://stooq.com/q/d/l/?s=4183.jp&i=d,2026-03-26T08:35:00+00:00
4183,4183.T,4183.jp,2010-07-05,401.83,408.40,401.83,401.83,3475217,https://stooq.com/q/d/l/?s=4183.jp&i=d,2026-03-26T08:35:00+00:00
4183,4183.T,4183.jp,2010-07-06,400.20,418.25,396.93,418.25,6252957,https://stooq.com/q/d/l/?s=4183.jp&i=d,2026-03-26T08:35:00+00:00
4183,4183.T,4183.jp,2010-07-07,421.52,424.80,414.96,419.89,7398556,https://stooq.com/q/d/l/?s=4183.jp&i=d,2026-03-26T08:35:00+00:00
4183,4183.T,4183.jp,2010-07-08,431.36,432.99,426.46,428.10,4402551,https://stooq.com/q/d/l/?s=4183.jp&i=d,2026-03-26T08:35:00+00:00
4183,4183.T,4183.jp,2010-07-09,428.10,429.72,421.52,428.10,3744702,https://stooq.com/q/d/l/?s=4183.jp&i=d,2026-03-26T08:35:00+00:00
4183,4183.T,4183.jp,2010-07-12,423.16,431.36,421.52,423.16,3672151,https://stooq.com/q/d/l/?s=4183.jp&i=d,2026-03-26T08:35:00+00:00
4183,4183.T,4183.jp,2010-07-13,424.80,428.10,408.40,413.34,6149914,https://stooq.com/q/d/l/?s=4183.jp&i=d,2026-03-26T08:35:00+00:00
4183,4183.T,4183.jp,2010-07-14,424.80,428.10,419.89,421.52,3617888,https://stooq.com/q/d/l/?s=4183.jp&i=d,2026-03-26T08:35:00+00:00
4183,4183.T,4183.jp,2010-07-15,419.89,421.52,413.34,416.60,3704456,https://stooq.com/q/d/l/?s=4183.jp&i=d,2026-03-26T08:35:00+00:00
4183,4183.T,4183.jp,2010-07-16,411.70,414.96,401.83,408.40,5045771,https://stooq.com/q/d/l/?s=4183.jp&i=d,2026-03-26T08:35:00+00:00
4183,4183.T,4183.jp,2010-07-20,406.76,414.96,403.49,410.06,5349399,https://stooq.com/q/d/l/?s=4183.jp&i=d,2026-03-26T08:35:00+00:00
4183,4183.T,4183.jp,2010-07-21,413.34,414.96,403.49,406.76,3267924,https://stooq.com/q/d/l/?s=4183.jp&i=d,2026-03-26T08:35:00+00:00
4183,4183.T,4183.jp,2010-07-22,403.49,408.40,401.83,405.13,2924671,https://stooq.com/q/d/l/?s=4183.jp&i=d,2026-03-26T08:35:00+00:00
4183,4183.T,4183.jp,2010-07-23,413.34,416.60,405.13,410.06,5306110,https://stooq.com/q/d/l/?s=4183.jp&i=d,2026-03-26T08:35:00+00:00
4183,4183.T,4183.jp,2010-07-26,416.60,423.16,414.96,419.89,4155015,https://stooq.com/q/d/l/?s=4183.jp&i=d,2026-03-26T08:35:00+00:00
4183,4183.T,4183.jp,2010-07-27,423.16,428.10,421.52,421.52,2775299,https://stooq.com/q/d/l/?s=4183.jp&i=d,2026-03-26T08:35:00+00:00
4183,4183.T,4183.jp,2010-07-28,426.46,436.29,424.80,434.65,4646430,https://stooq.com/q/d/l/?s=4183.jp&i=d,2026-03-26T08:35:00+00:00
4183,4183.T,4183.jp,2010-07-29,432.99,439.57,429.72,436.29,4378165,https://stooq.com/q/d/l/?s=4183.jp&i=d,2026-03-26T08:35:00+00:00
4183,4183.T,4183.jp,2010-07-30,434.65,441.21,411.70,419.89,8777062,https://stooq.com/q/d/l/?s=4183.jp&i=d,2026-03-26T08:35:00+00:00
4183,4183.T,4183.jp,2010-08-02,416.60,418.25,403.49,408.40,9254450,https://stooq.com/q/d/l/?s=4183.jp&i=d,2026-03-26T08:35:00+00:00
4183,4183.T,4183.jp,2010-08-03,414.96,416.60,406.76,408.40,4383044,https://stooq.com/q/d/l/?s=4183.jp&i=d,2026-03-26T08:35:00+00:00
4183,4183.T,4183.jp,2010-08-04,405.13,406.76,390.36,393.64,8610610,https://stooq.com/q/d/l/?s=4183.jp&i=d,2026-03-26T08:35:00+00:00
4183,4183.T,4183.jp,2010-08-05,398.57,400.20,392.00,393.64,5755451,https://stooq.com/q/d/l/?s=4183.jp&i=d,2026-03-26T08:35:00+00:00
4183,4183.T,4183.jp,2010-08-06,393.64,398.57,392.00,396.93,5366469,https://stooq.com/q/d/l/?s=4183.jp&i=d,2026-03-26T08:35:00+00:00
4183,4183.T,4183.jp,2010-08-09,393.64,396.93,392.00,393.64,3077698,https://stooq.com/q/d/l/?s=4183.jp&i=d,2026-03-26T08:35:00+00:00
4183,4183.T,4183.jp,2010-08-10,398.57,405.13,396.93,398.57,5895067,https://stooq.com/q/d/l/?s=4183.jp&i=d,2026-03-26T08:35:00+00:00
4183,4183.T,4183.jp,2010-08-11,392.00,393.64,380.53,383.79,6354164,https://stooq.com/q/d/l/?s=4183.jp&i=d,2026-03-26T08:35:00+00:00
4183,4183.T,4183.jp,2010-08-12,372.32,377.24,370.66,375.60,7301622,https://stooq.com/q/d/l/?s=4183.jp&i=d,2026-03-26T08:35:00+00:00
4183,4183.T,4183.jp,2010-08-13,375.60,382.17,372.32,378.90,5913967,https://stooq.com/q/d/l/?s=4183.jp&i=d,2026-03-26T08:35:00+00:00
4183,4183.T,4183.jp,2010-08-16,375.60,378.90,370.66,375.60,3630690,https://stooq.com/q/d/l/?s=4183.jp&i=d,2026-03-26T08:35:00+00:00
4183,4183.T,4183.jp,2010-08-17,367.40,370.66,364.13,365.77,7704013,https://stooq.com/q/d/l/?s=4183.jp&i=d,2026-03-26T08:35:00+00:00
4183,4183.T,4183.jp,2010-08-18,367.40,370.66,362.48,369.05,7589394,https://stooq.com/q/d/l/?s=4183.jp&i=d,2026-03-26T08:35:00+00:00
4183,4183.T,4183.jp,2010-08-19,364.13,369.05,362.48,365.77,7584513,https://stooq.com/q/d/l/?s=4183.jp&i=d,2026-03-26T08:35:00+00:00
4183,4183.T,4183.jp,2010-08-20,362.48,370.66,360.84,365.77,6520604,https://stooq.com/q/d/l/?s=4183.jp&i=d,2026-03-26T08:35:00+00:00
4183,4183.T,4183.jp,2010-08-23,367.40,369.05,362.48,365.77,3818475,https://stooq.com/q/d/l/?s=4183.jp&i=d,2026-03-26T08:35:00+00:00
4183,4183.T,4183.jp,2010-08-24,360.84,362.48,352.63,355.92,5356107,https://stooq.com/q/d/l/?s=4183.jp&i=d,2026-03-26T08:35:00+00:00
4183,4183.T,4183.jp,2010-08-25,347.73,351.00,344.43,347.73,5660337,https://stooq.com/q/d/l/?s=4183.jp&i=d,2026-03-26T08:35:00+00:00
4183,4183.T,4183.jp,2010-08-26,352.63,354.27,346.08,349.37,4276958,https://stooq.com/q/d/l/?s=4183.jp&i=d,2026-03-26T08:35:00+00:00
4183,4183.T,4183.jp,2010-08-27,346.08,362.48,346.08,357.56,6285269,https://stooq.com/q/d/l/?s=4183.jp&i=d,2026-03-26T08:35:00+00:00
4183,4183.T,4183.jp,2010-08-30,367.40,369.05,362.48,364.13,4124535,https://stooq.com/q/d/l/?s=4183.jp&i=d,2026-03-26T08:35:00+00:00
4183,4183.T,4183.jp,2010-08-31,354.27,355.92,349.37,352.63,2889308,https://stooq.com/q/d/l/?s=4183.jp&i=d,2026-03-26T08:35:00+00:00
4183,4183.T,4183.jp,2010-09-01,354.27,359.20,349.37,357.56,3691659,https://stooq.com/q/d/l/?s=4183.jp&i=d,2026-03-26T08:35:00+00:00
4183,4183.T,4183.jp,2010-09-02,362.48,364.13,355.92,359.20,4120270,https://stooq.com/q/d/l/?s=4183.jp&i=d,2026-03-26T08:35:00+00:00
4183,4183.T,4183.jp,2010-09-03,362.48,367.40,360.84,364.13,3220372,https://stooq.com/q/d/l/?s=4183.jp&i=d,2026-03-26T08:35:00+00:00
4183,4183.T,4183.jp,2010-09-06,369.05,377.24,367.40,375.60,5716428,https://stooq.com/q/d/l/?s=4183.jp&i=d,2026-03-26T08:35:00+00:00
4183,4183.T,4183.jp,2010-09-07,370.66,373.96,367.40,373.96,4245256,https://stooq.com/q/d/l/?s=4183.jp&i=d,2026-03-26T08:35:00+00:00
4183,4183.T,4183.jp,2010-09-08,365.77,365.77,359.20,360.84,4729957,https://stooq.com/q/d/l/?s=4183.jp&i=d,2026-03-26T08:35:00+00:00
4183,4183.T,4183.jp,2010-09-09,367.40,367.40,360.84,364.13,3398396,https://stooq.com/q/d/l/?s=4183.jp&i=d,2026-03-26T08:35:00+00:00
4183,4183.T,4183.jp,2010-09-10,369.05,373.96,365.77,372.32,7105295,https://stooq.com/q/d/l/?s=4183.jp&i=d,2026-03-26T08:35:00+00:00
4183,4183.T,4183.jp,2010-09-13,373.96,377.24,370.66,372.32,4630573,https://stooq.com/q/d/l/?s=4183.jp&i=d,2026-03-26T08:35:00+00:00
4183,4183.T,4183.jp,2010-09-14,372.32,375.60,369.05,369.05,2346686,https://stooq.com/q/d/l/?s=4183.jp&i=d,2026-03-26T08:35:00+00:00
4183,4183.T,4183.jp,2010-09-15,369.05,383.79,369.05,378.90,5373785,https://stooq.com/q/d/l/?s=4183.jp&i=d,2026-03-26T08:35:00+00:00
4183,4183.T,4183.jp,2010-09-16,383.79,383.79,373.96,375.60,4024543,https://stooq.com/q/d/l/?s=4183.jp&i=d,2026-03-26T08:35:00+00:00
4183,4183.T,4183.jp,2010-09-17,377.24,383.79,377.24,383.79,3206345,https://stooq.com/q/d/l/?s=4183.jp&i=d,2026-03-26T08:35:00+00:00
4183,4183.T,4183.jp,2010-09-21,387.08,390.36,380.53,380.53,4247081,https://stooq.com/q/d/l/?s=4183.jp&i=d,2026-03-26T08:35:00+00:00
4183,4183.T,4183.jp,2010-09-22,377.24,378.90,373.96,375.60,3641052,https://stooq.com/q/d/l/?s=4183.jp&i=d,2026-03-26T08:35:00+00:00
4183,4183.T,4183.jp,2010-09-24,369.05,372.32,364.13,365.77,11290808,https://stooq.com/q/d/l/?s=4183.jp&i=d,2026-03-26T08:35:00+00:00
4183,4183.T,4183.jp,2010-09-27,367.40,369.05,364.13,369.05,4308052,https://stooq.com/q/d/l/?s=4183.jp&i=d,2026-03-26T08:35:00+00:00
4183,4183.T,4183.jp,2010-09-28,367.40,375.60,364.13,372.32,5925554,https://stooq.com/q/d/l/?s=4183.jp&i=d,2026-03-26T08:35:00+00:00
4183,4183.T,4183.jp,2010-09-29,373.96,383.79,372.32,378.90,5042726,https://stooq.com/q/d/l/?s=4183.jp&i=d,2026-03-26T08:35:00+00:00
4183,4183.T,4183.jp,2010-09-30,377.24,382.17,367.40,369.05,5734720,https://stooq.com/q/d/l/?s=4183.jp&i=d,2026-03-26T08:35:00+00:00
4183,4183.T,4183.jp,2010-10-01,370.66,372.32,359.20,364.13,7971663,https://stooq.com/q/d/l/?s=4183.jp&i=d,2026-03-26T08:35:00+00:00
4183,4183.T,4183.jp,2010-10-04,364.13,365.77,357.56,357.56,5225633,https://stooq.com/q/d/l/?s=4183.jp&i=d,2026-03-26T08:35:00+00:00
4183,4183.T,4183.jp,2010-10-05,354.27,369.05,354.27,365.77,4741541,https://stooq.com/q/d/l/?s=4183.jp&i=d,2026-03-26T08:35:00+00:00
4183,4183.T,4183.jp,2010-10-06,369.05,387.08,369.05,387.08,8861809,https://stooq.com/q/d/l/?s=4183.jp&i=d,2026-03-26T08:35:00+00:00
4183,4183.T,4183.jp,2010-10-07,382.17,387.08,378.90,383.79,5767645,https://stooq.com/q/d/l/?s=4183.jp&i=d,2026-03-26T08:35:00+00:00
4183,4183.T,4183.jp,2010-10-08,385.43,388.73,383.79,388.73,4529980,https://stooq.com/q/d/l/?s=4183.jp&i=d,2026-03-26T08:35:00+00:00
4183,4183.T,4183.jp,2010-10-12,388.73,390.36,372.32,373.96,7066892,https://stooq.com/q/d/l/?s=4183.jp&i=d,2026-03-26T08:35:00+00:00
4183,4183.T,4183.jp,2010-10-13,377.24,383.79,373.96,378.90,6643157,https://stooq.com/q/d/l/?s=4183.jp&i=d,2026-03-26T08:35:00+00:00
4183,4183.T,4183.jp,2010-10-14,388.73,398.57,382.17,395.29,11290197,https://stooq.com/q/d/l/?s=4183.jp&i=d,2026-03-26T08:35:00+00:00
4183,4183.T,4183.jp,2010-10-15,393.64,406.76,392.00,405.13,10174470,https://stooq.com/q/d/l/?s=4183.jp&i=d,2026-03-26T08:35:00+00:00
4183,4183.T,4183.jp,2010-10-18,406.76,416.60,405.13,410.06,11128631,https://stooq.com/q/d/l/?s=4183.jp&i=d,2026-03-26T08:35:00+00:00
4183,4183.T,4183.jp,2010-10-19,410.06,416.60,406.76,414.96,6165772,https://stooq.com/q/d/l/?s=4183.jp&i=d,2026-03-26T08:35:00+00:00
4183,4183.T,4183.jp,2010-10-20,408.40,414.96,398.57,411.70,7979592,https://stooq.com/q/d/l/?s=4183.jp&i=d,2026-03-26T08:35:00+00:00
4183,4183.T,4183.jp,2010-10-21,414.96,418.25,405.13,410.06,7714985,https://stooq.com/q/d/l/?s=4183.jp&i=d,2026-03-26T08:35:00+00:00
4183,4183.T,4183.jp,2010-10-22,411.70,421.52,406.76,418.25,5345736,https://stooq.com/q/d/l/?s=4183.jp&i=d,2026-03-26T08:35:00+00:00
4183,4183.T,4183.jp,2010-10-25,419.89,424.80,416.60,418.25,4063566,https://stooq.com/q/d/l/?s=4183.jp&i=d,2026-03-26T08:35:00+00:00
4183,4183.T,4183.jp,2010-10-26,418.25,421.52,413.34,416.60,5168327,https://stooq.com/q/d/l/?s=4183.jp&i=d,2026-03-26T08:35:00+00:00
4183,4183.T,4183.jp,2010-10-27,406.76,406.76,387.08,388.73,21125678,https://stooq.com/q/d/l/?s=4183.jp&i=d,2026-03-26T08:35:00+00:00
4183,4183.T,4183.jp,2010-10-28,390.36,390.36,380.53,382.17,12761985,https://stooq.com/q/d/l/?s=4183.jp&i=d,2026-03-26T08:35:00+00:00
4183,4183.T,4183.jp,2010-10-29,383.79,387.08,377.24,387.08,7055308,https://stooq.com/q/d/l/?s=4183.jp&i=d,2026-03-26T08:35:00+00:00
4183,4183.T,4183.jp,2010-11-01,385.43,388.73,377.24,380.53,5673144,https://stooq.com/q/d/l/?s=4183.jp&i=d,2026-03-26T08:35:00+00:00
4183,4183.T,4183.jp,2010-11-02,378.90,383.79,372.32,373.96,8107015,https://stooq.com/q/d/l/?s=4183.jp&i=d,2026-03-26T08:35:00+00:00
4183,4183.T,4183.jp,2010-11-04,380.53,398.57,378.90,396.93,10437242,https://stooq.com/q/d/l/?s=4183.jp&i=d,2026-03-26T08:35:00+00:00
4183,4183.T,4183.jp,2010-11-05,396.93,400.20,393.64,398.57,5757281,https://stooq.com/q/d/l/?s=4183.jp&i=d,2026-03-26T08:35:00+00:00
4183,4183.T,4183.jp,2010-11-08,401.83,403.49,387.08,395.29,6560847,https://stooq.com/q/d/l/?s=4183.jp&i=d,2026-03-26T08:35:00+00:00
4183,4183.T,4183.jp,2010-11-09,388.73,396.93,385.43,392.00,6501093,https://stooq.com/q/d/l/?s=4183.jp&i=d,2026-03-26T08:35:00+00:00
4183,4183.T,4183.jp,2010-11-10,393.64,401.83,392.00,400.20,7725962,https://stooq.com/q/d/l/?s=4183.jp&i=d,2026-03-26T08:35:00+00:00
4183,4183.T,4183.jp,2010-11-11,398.57,405.13,396.93,403.49,4975051,https://stooq.com/q/d/l/?s=4183.jp&i=d,2026-03-26T08:35:00+00:00
4183,4183.T,4183.jp,2010-11-12,398.57,403.49,396.93,400.20,4369627,https://stooq.com/q/d/l/?s=4183.jp&i=d,2026-03-26T08:35:00+00:00
4183,4183.T,4183.jp,2010-11-15,403.49,405.13,395.29,396.93,3920285,https://stooq.com/q/d/l/?s=4183.jp&i=d,2026-03-26T08:35:00+00:00
4183,4183.T,4183.jp,2010-11-16,400.20,403.49,388.73,392.00,5317084,https://stooq.com/q/d/l/?s=4183.jp&i=d,2026-03-26T08:35:00+00:00
4183,4183.T,4183.jp,2010-11-17,385.43,390.36,383.79,388.73,4181846,https://stooq.com/q/d/l/?s=4183.jp&i=d,2026-03-26T08:35:00+00:00
4183,4183.T,4183.jp,2010-11-18,390.36,401.83,387.08,400.20,6460858,https://stooq.com/q/d/l/?s=4183.jp&i=d,2026-03-26T08:35:00+00:00
4183,4183.T,4183.jp,2010-11-19,405.13,406.76,401.83,406.76,5615828,https://stooq.com/q/d/l/?s=4183.jp&i=d,2026-03-26T08:35:00+00:00
4183,4183.T,4183.jp,2010-11-22,410.06,414.96,406.76,410.06,5192705,https://stooq.com/q/d/l/?s=4183.jp&i=d,2026-03-26T08:35:00+00:00
4183,4183.T,4183.jp,2010-11-24,401.83,414.96,396.93,411.70,7725962,https://stooq.com/q/d/l/?s=4183.jp&i=d,2026-03-26T08:35:00+00:00
4183,4183.T,4183.jp,2010-11-25,418.25,423.16,414.96,416.60,4893961,https://stooq.com/q/d/l/?s=4183.jp&i=d,2026-03-26T08:35:00+00:00
4183,4183.T,4183.jp,2010-11-26,419.89,423.16,416.60,416.60,3737991,https://stooq.com/q/d/l/?s=4183.jp&i=d,2026-03-26T08:35:00+00:00
4183,4183.T,4183.jp,2010-11-29,419.89,428.10,418.25,419.89,7258333,https://stooq.com/q/d/l/?s=4183.jp&i=d,2026-03-26T08:35:00+00:00
4183,4183.T,4183.jp,2010-11-30,421.52,426.46,416.60,419.89,6317584,https://stooq.com/q/d/l/?s=4183.jp&i=d,2026-03-26T08:35:00+00:00
4183,4183.T,4183.jp,2010-12-01,418.25,418.25,411.70,416.60,6909589,https://stooq.com/q/d/l/?s=4183.jp&i=d,2026-03-26T08:35:00+00:00
4183,4183.T,4183.jp,2010-12-02,423.16,431.36,423.16,428.10,8374672,https://stooq.com/q/d/l/?s=4183.jp&i=d,2026-03-26T08:35:00+00:00
4183,4183.T,4183.jp,2010-12-03,431.36,434.65,426.46,429.72,6115779,https://stooq.com/q/d/l/?s=4183.jp&i=d,2026-03-26T08:35:00+00:00
4183,4183.T,4183.jp,2010-12-06,428.10,439.57,428.10,437.93,7402829,https://stooq.com/q/d/l/?s=4183.jp&i=d,2026-03-26T08:35:00+00:00
4183,4183.T,4183.jp,2010-12-07,436.29,442.87,434.65,442.87,5928599,https://stooq.com/q/d/l/?s=4183.jp&i=d,2026-03-26T08:35:00+00:00
4183,4183.T,4183.jp,2010-12-08,442.87,444.48,436.29,439.57,6114559,https://stooq.com/q/d/l/?s=4183.jp&i=d,2026-03-26T08:35:00+00:00
4183,4183.T,4183.jp,2010-12-09,436.29,439.57,429.72,432.99,7132739,https://stooq.com/q/d/l/?s=4183.jp&i=d,2026-03-26T08:35:00+00:00
4183,4183.T,4183.jp,2010-12-10,439.57,441.21,432.99,437.93,8326503,https://stooq.com/q/d/l/?s=4183.jp&i=d,2026-03-26T08:35:00+00:00
4183,4183.T,4183.jp,2010-12-13,439.57,452.69,437.93,451.06,7822288,https://stooq.com/q/d/l/?s=4183.jp&i=d,2026-03-26T08:35:00+00:00
4183,4183.T,4183.jp,2010-12-14,455.96,459.25,446.11,449.42,8061286,https://stooq.com/q/d/l/?s=4183.jp&i=d,2026-03-26T08:35:00+00:00
4183,4183.T,4183.jp,2010-12-15,451.06,462.53,449.42,460.89,8992281,https://stooq.com/q/d/l/?s=4183.jp&i=d,2026-03-26T08:35:00+00:00
4183,4183.T,4183.jp,2010-12-16,460.89,465.82,457.62,457.62,7153460,https://stooq.com/q/d/l/?s=4183.jp&i=d,2026-03-26T08:35:00+00:00
4183,4183.T,4183.jp,2010-12-17,462.53,470.73,460.89,469.09,9598313,https://stooq.com/q/d/l/?s=4183.jp&i=d,2026-03-26T08:35:00+00:00
4183,4183.T,4183.jp,2010-12-20,467.46,477.29,464.17,472.38,11398111,https://stooq.com/q/d/l/?s=4183.jp&i=d,2026-03-26T08:35:00+00:00
4183,4183.T,4183.jp,2010-12-21,469.09,472.38,465.82,467.46,7426605,https://stooq.com/q/d/l/?s=4183.jp&i=d,2026-03-26T08:35:00+00:00
4183,4183.T,4183.jp,2010-12-22,470.73,478.92,469.09,474.03,8655731,https://stooq.com/q/d/l/?s=4183.jp&i=d,2026-03-26T08:35:00+00:00
4183,4183.T,4183.jp,2010-12-24,472.38,472.38,457.62,460.89,7883262,https://stooq.com/q/d/l/?s=4183.jp&i=d,2026-03-26T08:35:00+00:00
4183,4183.T,4183.jp,2010-12-27,460.89,474.03,460.89,472.38,5482308,https://stooq.com/q/d/l/?s=4183.jp&i=d,2026-03-26T08:35:00+00:00
4183,4183.T,4183.jp,2010-12-28,467.46,477.29,467.46,475.65,4692157,https://stooq.com/q/d/l/?s=4183.jp&i=d,2026-03-26T08:35:00+00:00
4183,4183.T,4183.jp,2010-12-29,478.92,488.77,478.92,487.13,8168594,https://stooq.com/q/d/l/?s=4183.jp&i=d,2026-03-26T08:35:00+00:00
4183,4183.T,4183.jp,2010-12-30,477.29,482.22,472.38,477.29,6393183,https://stooq.com/q/d/l/?s=4183.jp&i=d,2026-03-26T08:35:00+00:00
4183,4183.T,4183.jp,2011-01-04,483.86,485.50,477.29,483.86,3791641,https://stooq.com/q/d/l/?s=4183.jp&i=d,2026-03-26T08:35:00+00:00
4183,4183.T,4183.jp,2011-01-05,483.86,488.77,483.86,487.13,4589116,https://stooq.com/q/d/l/?s=4183.jp&i=d,2026-03-26T08:35:00+00:00
4183,4183.T,4183.jp,2011-01-06,492.06,498.63,490.42,493.68,6565113,https://stooq.com/q/d/l/?s=4183.jp&i=d,2026-03-26T08:35:00+00:00
4183,4183.T,4183.jp,2011-01-07,493.68,500.26,488.77,495.33,5803618,https://stooq.com/q/d/l/?s=4183.jp&i=d,2026-03-26T08:35:00+00:00
4183,4183.T,4183.jp,2011-01-11,492.06,501.90,490.42,498.63,4749465,https://stooq.com/q/d/l/?s=4183.jp&i=d,2026-03-26T08:35:00+00:00
4183,4183.T,4183.jp,2011-01-12,505.19,508.45,498.63,500.26,6418181,https://stooq.com/q/d/l/?s=4183.jp&i=d,2026-03-26T08:35:00+00:00
4183,4183.T,4183.jp,2011-01-13,506.81,508.45,490.42,492.06,5590222,https://stooq.com/q/d/l/?s=4183.jp&i=d,2026-03-26T08:35:00+00:00
4183,4183.T,4183.jp,2011-01-14,487.13,492.06,478.92,478.92,9154460,https://stooq.com/q/d/l/?s=4183.jp&i=d,2026-03-26T08:35:00+00:00
4183,4183.T,4183.jp,2011-01-17,478.92,483.86,474.03,475.65,5397563,https://stooq.com/q/d/l/?s=4183.jp&i=d,2026-03-26T08:35:00+00:00
4183,4183.T,4183.jp,2011-01-18,475.65,487.13,469.09,485.50,8319794,https://stooq.com/q/d/l/?s=4183.jp&i=d,2026-03-26T08:35:00+00:00
4183,4183.T,4183.jp,2011-01-19,488.77,510.08,487.13,508.45,15044654,https://stooq.com/q/d/l/?s=4183.jp&i=d,2026-03-26T08:35:00+00:00
4183,4183.T,4183.jp,2011-01-20,505.19,511.75,496.98,506.81,13225348,https://stooq.com/q/d/l/?s=4183.jp&i=d,2026-03-26T08:35:00+00:00
4183,4183.T,4183.jp,2011-01-21,510.08,510.08,485.50,488.77,11409693,https://stooq.com/q/d/l/?s=4183.jp&i=d,2026-03-26T08:35:00+00:00
4183,4183.T,4183.jp,2011-01-24,495.33,506.81,490.42,506.81,7933255,https://stooq.com/q/d/l/?s=4183.jp&i=d,2026-03-26T08:35:00+00:00
4183,4183.T,4183.jp,2011-01-25,500.26,505.19,492.06,500.26,9163601,https://stooq.com/q/d/l/?s=4183.jp&i=d,2026-03-26T08:35:00+00:00
4183,4183.T,4183.jp,2011-01-26,495.33,500.26,492.06,495.33,4968947,https://stooq.com/q/d/l/?s=4183.jp&i=d,2026-03-26T08:35:00+00:00
4183,4183.T,4183.jp,2011-01-27,500.26,500.26,483.86,490.42,8299069,https://stooq.com/q/d/l/?s=4183.jp&i=d,2026-03-26T08:35:00+00:00
4183,4183.T,4183.jp,2011-01-28,493.68,495.33,485.50,487.13,5265869,https://stooq.com/q/d/l/?s=4183.jp&i=d,2026-03-26T08:35:00+00:00
4183,4183.T,4183.jp,2011-01-31,480.58,483.86,474.03,482.22,5932260,https://stooq.com/q/d/l/?s=4183.jp&i=d,2026-03-26T08:35:00+00:00
4183,4183.T,4183.jp,2011-02-01,480.58,492.06,478.92,488.77,5293918,https://stooq.com/q/d/l/?s=4183.jp&i=d,2026-03-26T08:35:00+00:00
4183,4183.T,4183.jp,2011-02-02,492.06,508.45,490.42,505.19,11475537,https://stooq.com/q/d/l/?s=4183.jp&i=d,2026-03-26T08:35:00+00:00
4183,4183.T,4183.jp,2011-02-03,500.26,521.57,500.26,521.57,12587001,https://stooq.com/q/d/l/?s=4183.jp&i=d,2026-03-26T08:35:00+00:00
4183,4183.T,4183.jp,2011-02-04,523.23,536.35,515.02,516.66,15800053,https://stooq.com/q/d/l/?s=4183.jp&i=d,2026-03-26T08:35:00+00:00
4183,4183.T,4183.jp,2011-02-07,534.71,539.61,529.79,536.35,9009351,https://stooq.com/q/d/l/?s=4183.jp&i=d,2026-03-26T08:35:00+00:00
4183,4183.T,4183.jp,2011-02-08,541.25,546.20,531.42,533.06,8955701,https://stooq.com/q/d/l/?s=4183.jp&i=d,2026-03-26T08:35:00+00:00
4183,4183.T,4183.jp,2011-02-09,539.61,539.61,531.42,536.35,4909811,https://stooq.com/q/d/l/?s=4183.jp&i=d,2026-03-26T08:35:00+00:00
4183,4183.T,4183.jp,2011-02-10,529.79,536.35,528.14,534.71,4498278,https://stooq.com/q/d/l/?s=4183.jp&i=d,2026-03-26T08:35:00+00:00
4183,4183.T,4183.jp,2011-02-14,544.55,546.20,534.71,536.35,5742644,https://stooq.com/q/d/l/?s=4183.jp&i=d,2026-03-26T08:35:00+00:00
4183,4183.T,4183.jp,2011-02-15,536.35,544.55,534.71,541.25,6072490,https://stooq.com/q/d/l/?s=4183.jp&i=d,2026-03-26T08:35:00+00:00
4183,4183.T,4183.jp,2011-02-16,542.90,549.44,539.61,544.55,7462575,https://stooq.com/q/d/l/?s=4183.jp&i=d,2026-03-26T08:35:00+00:00
4183,4183.T,4183.jp,2011-02-17,549.44,554.38,537.98,539.61,7822288,https://stooq.com/q/d/l/?s=4183.jp&i=d,2026-03-26T08:35:00+00:00
4183,4183.T,4183.jp,2011-02-18,541.25,541.25,529.79,536.35,4379996,https://stooq.com/q/d/l/?s=4183.jp&i=d,2026-03-26T08:35:00+00:00
4183,4183.T,4183.jp,2011-02-21,533.06,534.71,528.14,533.06,4470229,https://stooq.com/q/d/l/?s=4183.jp&i=d,2026-03-26T08:35:00+00:00
4183,4183.T,4183.jp,2011-02-22,524.86,528.14,511.75,513.38,7502814,https://stooq.com/q/d/l/?s=4183.jp&i=d,2026-03-26T08:35:00+00:00
4183,4183.T,4183.jp,2011-02-23,501.90,515.02,501.90,505.19,12652233,https://stooq.com/q/d/l/?s=4183.jp&i=d,2026-03-26T08:35:00+00:00
4183,4183.T,4183.jp,2011-02-24,498.63,501.90,483.86,483.86,12991221,https://stooq.com/q/d/l/?s=4183.jp&i=d,2026-03-26T08:35:00+00:00
4183,4183.T,4183.jp,2011-02-25,490.42,498.63,482.22,488.77,13321675,https://stooq.com/q/d/l/?s=4183.jp&i=d,2026-03-26T08:35:00+00:00
4183,4183.T,4183.jp,2011-02-28,488.77,501.90,483.86,500.26,9243473,https://stooq.com/q/d/l/?s=4183.jp&i=d,2026-03-26T08:35:00+00:00
4183,4183.T,4183.jp,2011-03-01,503.54,513.38,503.54,513.38,7473554,https://stooq.com/q/d/l/?s=4183.jp&i=d,2026-03-26T08:35:00+00:00
4183,4183.T,4183.jp,2011-03-02,498.63,503.54,488.77,490.42,9941569,https://stooq.com/q/d/l/?s=4183.jp&i=d,2026-03-26T08:35:00+00:00
4183,4183.T,4183.jp,2011-03-03,493.68,500.26,492.06,498.63,6904708,https://stooq.com/q/d/l/?s=4183.jp&i=d,2026-03-26T08:35:00+00:00
4183,4183.T,4183.jp,2011-03-04,505.19,506.81,488.77,496.98,13733210,https://stooq.com/q/d/l/?s=4183.jp&i=d,2026-03-26T08:35:00+00:00
4183,4183.T,4183.jp,2011-03-07,495.33,495.33,483.86,487.13,6983360,https://stooq.com/q/d/l/?s=4183.jp&i=d,2026-03-26T08:35:00+00:00
4183,4183.T,4183.jp,2011-03-08,492.06,495.33,480.58,480.58,10906696,https://stooq.com/q/d/l/?s=4183.jp&i=d,2026-03-26T08:35:00+00:00
4183,4183.T,4183.jp,2011-03-09,480.58,485.50,470.73,475.65,14469714,https://stooq.com/q/d/l/?s=4183.jp&i=d,2026-03-26T08:35:00+00:00
4183,4183.T,4183.jp,2011-03-10,475.65,477.29,464.17,467.46,7791199,https://stooq.com/q/d/l/?s=4183.jp&i=d,2026-03-26T08:35:00+00:00
4183,4183.T,4183.jp,2011-03-11,457.62,464.17,454.33,455.96,10765865,https://stooq.com/q/d/l/?s=4183.jp&i=d,2026-03-26T08:35:00+00:00
4183,4183.T,4183.jp,2011-03-14,380.53,419.89,380.53,405.13,16860917,https://stooq.com/q/d/l/?s=4183.jp&i=d,2026-03-26T08:35:00+00:00
4183,4183.T,4183.jp,2011-03-15,390.36,393.64,329.67,341.16,19199674,https://stooq.com/q/d/l/?s=4183.jp&i=d,2026-03-26T08:35:00+00:00
4183,4183.T,4183.jp,2011-03-16,419.89,419.89,380.53,406.76,20603174,https://stooq.com/q/d/l/?s=4183.jp&i=d,2026-03-26T08:35:00+00:00
4183,4183.T,4183.jp,2011-03-17,392.00,421.52,380.53,411.70,15841509,https://stooq.com/q/d/l/?s=4183.jp&i=d,2026-03-26T08:35:00+00:00
4183,4183.T,4183.jp,2011-03-18,418.25,429.72,418.25,424.80,11462128,https://stooq.com/q/d/l/?s=4183.jp&i=d,2026-03-26T08:35:00+00:00
4183,4183.T,4183.jp,2011-03-22,436.29,457.62,436.29,455.96,14105728,https://stooq.com/q/d/l/?s=4183.jp&i=d,2026-03-26T08:35:00+00:00
4183,4183.T,4183.jp,2011-03-23,457.62,460.89,439.57,444.48,9601356,https://stooq.com/q/d/l/?s=4183.jp&i=d,2026-03-26T08:35:00+00:00
4183,4183.T,4183.jp,2011-03-24,442.87,459.25,442.87,454.33,11449321,https://stooq.com/q/d/l/?s=4183.jp&i=d,2026-03-26T08:35:00+00:00
4183,4183.T,4183.jp,2011-03-25,460.89,464.17,446.11,455.96,5699355,https://stooq.com/q/d/l/?s=4183.jp&i=d,2026-03-26T08:35:00+00:00
4183,4183.T,4183.jp,2011-03-28,452.69,465.82,449.42,460.89,8695365,https://stooq.com/q/d/l/?s=4183.jp&i=d,2026-03-26T08:35:00+00:00
4183,4183.T,4183.jp,2011-03-29,457.58,467.52,449.28,460.89,7540333,https://stooq.com/q/d/l/?s=4183.jp&i=d,2026-03-26T08:35:00+00:00
4183,4183.T,4183.jp,2011-03-30,462.56,489.08,457.58,487.42,11422388,https://stooq.com/q/d/l/?s=4183.jp&i=d,2026-03-26T08:35:00+00:00
4183,4183.T,4183.jp,2011-03-31,485.77,490.74,477.47,487.42,8810028,https://stooq.com/q/d/l/?s=4183.jp&i=d,2026-03-26T08:35:00+00:00
4183,4183.T,4183.jp,2011-04-01,487.42,497.36,480.78,487.42,7414267,https://stooq.com/q/d/l/?s=4183.jp&i=d,2026-03-26T08:35:00+00:00
4183,4183.T,4183.jp,2011-04-04,490.74,497.36,489.08,492.39,7487257,https://stooq.com/q/d/l/?s=4183.jp&i=d,2026-03-26T08:35:00+00:00
4183,4183.T,4183.jp,2011-04-05,492.39,492.39,479.15,485.77,5976894,https://stooq.com/q/d/l/?s=4183.jp&i=d,2026-03-26T08:35:00+00:00
4183,4183.T,4183.jp,2011-04-06,485.77,485.77,467.52,474.16,7016168,https://stooq.com/q/d/l/?s=4183.jp&i=d,2026-03-26T08:35:00+00:00
4183,4183.T,4183.jp,2011-04-07,474.16,479.15,464.19,465.86,5352605,https://stooq.com/q/d/l/?s=4183.jp&i=d,2026-03-26T08:35:00+00:00
4183,4183.T,4183.jp,2011-04-08,465.86,482.44,457.58,477.47,6968516,https://stooq.com/q/d/l/?s=4183.jp&i=d,2026-03-26T08:35:00+00:00
4183,4183.T,4183.jp,2011-04-11,470.84,482.44,469.18,470.84,3979770,https://stooq.com/q/d/l/?s=4183.jp&i=d,2026-03-26T08:35:00+00:00
4183,4183.T,4183.jp,2011-04-12,465.86,467.52,457.58,464.19,3821134,https://stooq.com/q/d/l/?s=4183.jp&i=d,2026-03-26T08:35:00+00:00
4183,4183.T,4183.jp,2011-04-13,462.56,477.47,460.89,472.50,4888155,https://stooq.com/q/d/l/?s=4183.jp&i=d,2026-03-26T08:35:00+00:00
4183,4183.T,4183.jp,2011-04-14,475.81,477.47,462.56,472.50,9988632,https://stooq.com/q/d/l/?s=4183.jp&i=d,2026-03-26T08:35:00+00:00
4183,4183.T,4183.jp,2011-04-15,474.16,474.16,465.86,465.86,7069850,https://stooq.com/q/d/l/?s=4183.jp&i=d,2026-03-26T08:35:00+00:00
4183,4183.T,4183.jp,2011-04-18,467.52,472.50,464.19,465.86,4574508,https://stooq.com/q/d/l/?s=4183.jp&i=d,2026-03-26T08:35:00+00:00
4183,4183.T,4183.jp,2011-04-19,460.89,469.18,460.89,465.86,4772947,https://stooq.com/q/d/l/?s=4183.jp&i=d,2026-03-26T08:35:00+00:00
4183,4183.T,4183.jp,2011-04-20,469.18,477.47,465.86,474.16,6548105,https://stooq.com/q/d/l/?s=4183.jp&i=d,2026-03-26T08:35:00+00:00
4183,4183.T,4183.jp,2011-04-21,480.78,480.78,469.18,472.50,5846004,https://stooq.com/q/d/l/?s=4183.jp&i=d,2026-03-26T08:35:00+00:00
4183,4183.T,4183.jp,2011-04-22,470.84,479.15,467.52,477.47,5815848,https://stooq.com/q/d/l/?s=4183.jp&i=d,2026-03-26T08:35:00+00:00
4183,4183.T,4183.jp,2011-04-25,497.36,502.35,487.42,489.08,8942720,https://stooq.com/q/d/l/?s=4183.jp&i=d,2026-03-26T08:35:00+00:00
4183,4183.T,4183.jp,2011-04-26,489.08,495.71,485.77,489.08,7371442,https://stooq.com/q/d/l/?s=4183.jp&i=d,2026-03-26T08:35:00+00:00
4183,4183.T,4183.jp,2011-04-27,490.74,494.05,487.42,492.39,6309247,https://stooq.com/q/d/l/?s=4183.jp&i=d,2026-03-26T08:35:00+00:00
4183,4183.T,4183.jp,2011-04-28,494.05,495.71,489.08,492.39,8309989,https://stooq.com/q/d/l/?s=4183.jp&i=d,2026-03-26T08:35:00+00:00
4183,4183.T,4183.jp,2011-05-02,499.01,510.64,497.36,507.30,5876769,https://stooq.com/q/d/l/?s=4183.jp&i=d,2026-03-26T08:35:00+00:00
4183,4183.T,4183.jp,2011-05-06,494.05,495.71,489.08,492.39,5430417,https://stooq.com/q/d/l/?s=4183.jp&i=d,2026-03-26T08:35:00+00:00
4183,4183.T,4183.jp,2011-05-09,494.05,495.71,487.42,490.74,5118568,https://stooq.com/q/d/l/?s=4183.jp&i=d,2026-03-26T08:35:00+00:00
4183,4183.T,4183.jp,2011-05-10,492.39,494.05,490.74,492.39,4290409,https://stooq.com/q/d/l/?s=4183.jp&i=d,2026-03-26T08:35:00+00:00
4183,4183.T,4183.jp,2011-05-11,500.68,507.30,480.78,484.09,12921287,https://stooq.com/q/d/l/?s=4183.jp&i=d,2026-03-26T08:35:00+00:00
4183,4183.T,4183.jp,2011-05-12,489.08,497.36,487.42,492.39,7410650,https://stooq.com/q/d/l/?s=4183.jp&i=d,2026-03-26T08:35:00+00:00
4183,4183.T,4183.jp,2011-05-13,490.74,497.36,482.44,485.77,9406569,https://stooq.com/q/d/l/?s=4183.jp&i=d,2026-03-26T08:35:00+00:00
4183,4183.T,4183.jp,2011-05-16,477.47,479.15,469.18,474.16,4424314,https://stooq.com/q/d/l/?s=4183.jp&i=d,2026-03-26T08:35:00+00:00
4183,4183.T,4183.jp,2011-05-17,467.52,469.18,454.26,467.52,8614592,https://stooq.com/q/d/l/?s=4183.jp&i=d,2026-03-26T08:35:00+00:00
4183,4183.T,4183.jp,2011-05-18,464.19,475.81,460.89,472.50,5483495,https://stooq.com/q/d/l/?s=4183.jp&i=d,2026-03-26T08:35:00+00:00
4183,4183.T,4183.jp,2011-05-19,469.18,469.18,455.92,460.89,6631341,https://stooq.com/q/d/l/?s=4183.jp&i=d,2026-03-26T08:35:00+00:00
4183,4183.T,4183.jp,2011-05-20,454.26,460.89,452.59,457.58,4605264,https://stooq.com/q/d/l/?s=4183.jp&i=d,2026-03-26T08:35:00+00:00
4183,4183.T,4183.jp,2011-05-23,450.93,452.59,439.34,447.64,6147597,https://stooq.com/q/d/l/?s=4183.jp&i=d,2026-03-26T08:35:00+00:00
4183,4183.T,4183.jp,2011-05-24,442.65,447.64,437.67,442.65,6509508,https://stooq.com/q/d/l/?s=4183.jp&i=d,2026-03-26T08:35:00+00:00
4183,4183.T,4183.jp,2011-05-25,444.31,449.28,441.00,444.31,4550981,https://stooq.com/q/d/l/?s=4183.jp&i=d,2026-03-26T08:35:00+00:00
4183,4183.T,4183.jp,2011-05-26,450.93,450.93,442.65,449.28,4283169,https://stooq.com/q/d/l/?s=4183.jp&i=d,2026-03-26T08:35:00+00:00
4183,4183.T,4183.jp,2011-05-27,449.28,452.59,437.67,441.00,8156176,https://stooq.com/q/d/l/?s=4183.jp&i=d,2026-03-26T08:35:00+00:00
4183,4183.T,4183.jp,2011-05-30,439.34,444.31,434.35,436.01,7789451,https://stooq.com/q/d/l/?s=4183.jp&i=d,2026-03-26T08:35:00+00:00
4183,4183.T,4183.jp,2011-05-31,437.67,447.64,437.67,442.65,11068928,https://stooq.com/q/d/l/?s=4183.jp&i=d,2026-03-26T08:35:00+00:00
4183,4183.T,4183.jp,2011-06-01,445.97,445.97,441.00,444.31,4356155,https://stooq.com/q/d/l/?s=4183.jp&i=d,2026-03-26T08:35:00+00:00
4183,4183.T,4183.jp,2011-06-02,434.35,437.67,429.39,434.35,6417213,https://stooq.com/q/d/l/?s=4183.jp&i=d,2026-03-26T08:35:00+00:00
4183,4183.T,4183.jp,2011-06-03,436.01,437.67,417.80,422.76,13110085,https://stooq.com/q/d/l/?s=4183.jp&i=d,2026-03-26T08:35:00+00:00
4183,4183.T,4183.jp,2011-06-06,424.42,431.06,421.09,427.73,6523380,https://stooq.com/q/d/l/?s=4183.jp&i=d,2026-03-26T08:35:00+00:00
4183,4183.T,4183.jp,2011-06-07,424.42,436.01,421.09,436.01,5142699,https://stooq.com/q/d/l/?s=4183.jp&i=d,2026-03-26T08:35:00+00:00
4183,4183.T,4183.jp,2011-06-08,437.67,442.65,436.01,437.67,7078297,https://stooq.com/q/d/l/?s=4183.jp&i=d,2026-03-26T08:35:00+00:00
4183,4183.T,4183.jp,2011-06-09,437.67,439.34,427.73,437.67,7501130,https://stooq.com/q/d/l/?s=4183.jp&i=d,2026-03-26T08:35:00+00:00
4183,4183.T,4183.jp,2011-06-10,450.93,452.59,439.34,441.00,9390277,https://stooq.com/q/d/l/?s=4183.jp&i=d,2026-03-26T08:35:00+00:00
4183,4183.T,4183.jp,2011-06-13,436.01,444.31,432.72,439.34,4936414,https://stooq.com/q/d/l/?s=4183.jp&i=d,2026-03-26T08:35:00+00:00
4183,4183.T,4183.jp,2011-06-14,439.34,452.59,432.72,449.28,7194711,https://stooq.com/q/d/l/?s=4183.jp&i=d,2026-03-26T08:35:00+00:00
4183,4183.T,4183.jp,2011-06-15,454.26,462.56,450.93,460.89,8654401,https://stooq.com/q/d/l/?s=4183.jp&i=d,2026-03-26T08:35:00+00:00
4183,4183.T,4183.jp,2011-06-16,452.59,459.24,444.31,445.97,6536642,https://stooq.com/q/d/l/?s=4183.jp&i=d,2026-03-26T08:35:00+00:00
4183,4183.T,4183.jp,2011-06-17,449.28,449.28,431.06,436.01,5888826,https://stooq.com/q/d/l/?s=4183.jp&i=d,2026-03-26T08:35:00+00:00
4183,4183.T,4183.jp,2011-06-20,436.01,442.65,432.72,434.35,2891032,https://stooq.com/q/d/l/?s=4183.jp&i=d,2026-03-26T08:35:00+00:00
4183,4183.T,4183.jp,2011-06-21,437.67,441.00,429.39,437.67,3982788,https://stooq.com/q/d/l/?s=4183.jp&i=d,2026-03-26T08:35:00+00:00
4183,4183.T,4183.jp,2011-06-22,444.31,455.92,442.65,454.26,4572092,https://stooq.com/q/d/l/?s=4183.jp&i=d,2026-03-26T08:35:00+00:00
4183,4183.T,4183.jp,2011-06-23,449.28,454.26,442.65,444.31,3712564,https://stooq.com/q/d/l/?s=4183.jp&i=d,2026-03-26T08:35:00+00:00
4183,4183.T,4183.jp,2011-06-24,447.64,454.26,442.65,454.26,3230623,https://stooq.com/q/d/l/?s=4183.jp&i=d,2026-03-26T08:35:00+00:00
4183,4183.T,4183.jp,2011-06-27,452.59,457.58,445.97,454.26,3447762,https://stooq.com/q/d/l/?s=4183.jp&i=d,2026-03-26T08:35:00+00:00
4183,4183.T,4183.jp,2011-06-28,455.92,459.24,450.93,454.26,3132905,https://stooq.com/q/d/l/?s=4183.jp&i=d,2026-03-26T08:35:00+00:00
4183,4183.T,4183.jp,2011-06-29,457.58,470.84,457.58,470.84,6560770,https://stooq.com/q/d/l/?s=4183.jp&i=d,2026-03-26T08:35:00+00:00
4183,4183.T,4183.jp,2011-06-30,477.47,485.77,474.16,484.09,8185133,https://stooq.com/q/d/l/?s=4183.jp&i=d,2026-03-26T08:35:00+00:00
4183,4183.T,4183.jp,2011-07-01,482.44,485.77,479.15,482.44,4809740,https://stooq.com/q/d/l/?s=4183.jp&i=d,2026-03-26T08:35:00+00:00
4183,4183.T,4183.jp,2011-07-04,487.42,497.36,485.77,490.74,7008935,https://stooq.com/q/d/l/?s=4183.jp&i=d,2026-03-26T08:35:00+00:00
4183,4183.T,4183.jp,2011-07-05,490.74,494.05,482.44,487.42,7615127,https://stooq.com/q/d/l/?s=4183.jp&i=d,2026-03-26T08:35:00+00:00
4183,4183.T,4183.jp,2011-07-06,490.74,492.39,485.77,492.39,5130031,https://stooq.com/q/d/l/?s=4183.jp&i=d,2026-03-26T08:35:00+00:00
4183,4183.T,4183.jp,2011-07-07,489.08,492.39,485.77,485.77,7680271,https://stooq.com/q/d/l/?s=4183.jp&i=d,2026-03-26T08:35:00+00:00
4183,4183.T,4183.jp,2011-07-08,489.08,492.39,482.44,487.42,9626731,https://stooq.com/q/d/l/?s=4183.jp&i=d,2026-03-26T08:35:00+00:00
4183,4183.T,4183.jp,2011-07-11,482.44,489.08,479.15,487.42,9652667,https://stooq.com/q/d/l/?s=4183.jp&i=d,2026-03-26T08:35:00+00:00
4183,4183.T,4183.jp,2011-07-12,480.78,487.42,479.15,482.44,7100615,https://stooq.com/q/d/l/?s=4183.jp&i=d,2026-03-26T08:35:00+00:00
4183,4183.T,4183.jp,2011-07-13,479.15,489.08,475.81,482.44,10483844,https://stooq.com/q/d/l/?s=4183.jp&i=d,2026-03-26T08:35:00+00:00
4183,4183.T,4183.jp,2011-07-14,480.78,480.78,470.84,477.47,6500454,https://stooq.com/q/d/l/?s=4183.jp&i=d,2026-03-26T08:35:00+00:00
4183,4183.T,4183.jp,2011-07-15,477.47,489.08,477.47,485.77,5559491,https://stooq.com/q/d/l/?s=4183.jp&i=d,2026-03-26T08:35:00+00:00
4183,4183.T,4183.jp,2011-07-19,485.77,490.74,480.78,482.44,4861618,https://stooq.com/q/d/l/?s=4183.jp&i=d,2026-03-26T08:35:00+00:00
4183,4183.T,4183.jp,2011-07-20,489.08,490.74,475.81,479.15,4886951,https://stooq.com/q/d/l/?s=4183.jp&i=d,2026-03-26T08:35:00+00:00
4183,4183.T,4183.jp,2011-07-21,480.78,482.44,477.47,479.15,2010990,https://stooq.com/q/d/l/?s=4183.jp&i=d,2026-03-26T08:35:00+00:00
4183,4183.T,4183.jp,2011-07-22,485.77,485.77,477.47,477.47,4219237,https://stooq.com/q/d/l/?s=4183.jp&i=d,2026-03-26T08:35:00+00:00
4183,4183.T,4183.jp,2011-07-25,472.50,484.09,472.50,482.44,5082379,https://stooq.com/q/d/l/?s=4183.jp&i=d,2026-03-26T08:35:00+00:00
4183,4183.T,4183.jp,2011-07-26,480.78,485.77,479.15,484.09,2853029,https://stooq.com/q/d/l/?s=4183.jp&i=d,2026-03-26T08:35:00+00:00
4183,4183.T,4183.jp,2011-07-27,484.09,490.74,480.78,487.42,4981648,https://stooq.com/q/d/l/?s=4183.jp&i=d,2026-03-26T08:35:00+00:00
4183,4183.T,4183.jp,2011-07-28,482.44,484.09,480.78,484.09,4391741,https://stooq.com/q/d/l/?s=4183.jp&i=d,2026-03-26T08:35:00+00:00
4183,4183.T,4183.jp,2011-07-29,480.78,487.42,480.78,487.42,4003894,https://stooq.com/q/d/l/?s=4183.jp&i=d,2026-03-26T08:35:00+00:00
4183,4183.T,4183.jp,2011-08-01,487.42,495.71,485.77,490.74,4853776,https://stooq.com/q/d/l/?s=4183.jp&i=d,2026-03-26T08:35:00+00:00
4183,4183.T,4183.jp,2011-08-02,487.42,490.74,480.78,485.77,3961069,https://stooq.com/q/d/l/?s=4183.jp&i=d,2026-03-26T08:35:00+00:00
4183,4183.T,4183.jp,2011-08-03,472.50,477.47,465.86,470.84,4175198,https://stooq.com/q/d/l/?s=4183.jp&i=d,2026-03-26T08:35:00+00:00
4183,4183.T,4183.jp,2011-08-04,469.18,487.42,459.24,462.56,16014386,https://stooq.com/q/d/l/?s=4183.jp&i=d,2026-03-26T08:35:00+00:00
4183,4183.T,4183.jp,2011-08-05,441.00,460.89,439.34,459.24,11315021,https://stooq.com/q/d/l/?s=4183.jp&i=d,2026-03-26T08:35:00+00:00
4183,4183.T,4183.jp,2011-08-08,452.59,455.92,439.34,444.31,7116901,https://stooq.com/q/d/l/?s=4183.jp&i=d,2026-03-26T08:35:00+00:00
4183,4183.T,4183.jp,2011-08-09,431.06,437.67,416.14,436.01,9415012,https://stooq.com/q/d/l/?s=4183.jp&i=d,2026-03-26T08:35:00+00:00
4183,4183.T,4183.jp,2011-08-10,445.97,455.92,441.00,445.97,5899693,https://stooq.com/q/d/l/?s=4183.jp&i=d,2026-03-26T08:35:00+00:00
4183,4183.T,4183.jp,2011-08-11,432.72,444.31,431.06,439.34,4445427,https://stooq.com/q/d/l/?s=4183.jp&i=d,2026-03-26T08:35:00+00:00
4183,4183.T,4183.jp,2011-08-12,445.97,445.97,429.39,429.39,5083583,https://stooq.com/q/d/l/?s=4183.jp&i=d,2026-03-26T08:35:00+00:00
4183,4183.T,4183.jp,2011-08-15,437.67,444.31,432.72,434.35,3398907,https://stooq.com/q/d/l/?s=4183.jp&i=d,2026-03-26T08:35:00+00:00
4183,4183.T,4183.jp,2011-08-16,436.01,445.97,436.01,439.34,5995590,https://stooq.com/q/d/l/?s=4183.jp&i=d,2026-03-26T08:35:00+00:00
4183,4183.T,4183.jp,2011-08-17,437.67,441.00,436.01,436.01,2534556,https://stooq.com/q/d/l/?s=4183.jp&i=d,2026-03-26T08:35:00+00:00
4183,4183.T,4183.jp,2011-08-18,439.34,444.31,422.76,429.39,12673986,https://stooq.com/q/d/l/?s=4183.jp&i=d,2026-03-26T08:35:00+00:00
4183,4183.T,4183.jp,2011-08-19,419.44,422.76,406.17,407.84,7223668,https://stooq.com/q/d/l/?s=4183.jp&i=d,2026-03-26T08:35:00+00:00
4183,4183.T,4183.jp,2011-08-22,406.17,411.15,396.23,397.89,11808418,https://stooq.com/q/d/l/?s=4183.jp&i=d,2026-03-26T08:35:00+00:00
4183,4183.T,4183.jp,2011-08-23,401.22,404.51,394.58,401.22,6113812,https://stooq.com/q/d/l/?s=4183.jp&i=d,2026-03-26T08:35:00+00:00
4183,4183.T,4183.jp,2011-08-24,406.17,409.50,391.26,396.23,6735693,https://stooq.com/q/d/l/?s=4183.jp&i=d,2026-03-26T08:35:00+00:00
4183,4183.T,4183.jp,2011-08-25,406.17,422.76,404.51,411.15,9840852,https://stooq.com/q/d/l/?s=4183.jp&i=d,2026-03-26T08:35:00+00:00
4183,4183.T,4183.jp,2011-08-26,411.15,422.76,409.50,421.09,4757268,https://stooq.com/q/d/l/?s=4183.jp&i=d,2026-03-26T08:35:00+00:00
4183,4183.T,4183.jp,2011-08-29,426.08,439.34,424.42,427.73,9653870,https://stooq.com/q/d/l/?s=4183.jp&i=d,2026-03-26T08:35:00+00:00
4183,4183.T,4183.jp,2011-08-30,437.67,442.65,431.06,434.35,7001094,https://stooq.com/q/d/l/?s=4183.jp&i=d,2026-03-26T08:35:00+00:00
4183,4183.T,4183.jp,2011-08-31,431.06,442.65,427.73,436.01,5728383,https://stooq.com/q/d/l/?s=4183.jp&i=d,2026-03-26T08:35:00+00:00
4183,4183.T,4183.jp,2011-09-01,441.00,452.59,439.34,445.97,5694603,https://stooq.com/q/d/l/?s=4183.jp&i=d,2026-03-26T08:35:00+00:00
4183,4183.T,4183.jp,2011-09-02,445.97,450.93,439.34,442.65,8092848,https://stooq.com/q/d/l/?s=4183.jp&i=d,2026-03-26T08:35:00+00:00
4183,4183.T,4183.jp,2011-09-05,452.59,460.89,429.39,431.06,10023620,https://stooq.com/q/d/l/?s=4183.jp&i=d,2026-03-26T08:35:00+00:00
4183,4183.T,4183.jp,2011-09-06,429.39,439.34,419.44,421.09,11534579,https://stooq.com/q/d/l/?s=4183.jp&i=d,2026-03-26T08:35:00+00:00
4183,4183.T,4183.jp,2011-09-07,429.39,439.34,427.73,434.35,8362463,https://stooq.com/q/d/l/?s=4183.jp&i=d,2026-03-26T08:35:00+00:00
4183,4183.T,4183.jp,2011-09-08,442.65,444.31,427.73,431.06,6873823,https://stooq.com/q/d/l/?s=4183.jp&i=d,2026-03-26T08:35:00+00:00
4183,4183.T,4183.jp,2011-09-09,432.72,436.01,419.44,422.76,11450136,https://stooq.com/q/d/l/?s=4183.jp&i=d,2026-03-26T08:35:00+00:00
4183,4183.T,4183.jp,2011-09-12,409.50,411.15,402.87,407.84,9763649,https://stooq.com/q/d/l/?s=4183.jp&i=d,2026-03-26T08:35:00+00:00
4183,4183.T,4183.jp,2011-09-13,409.50,419.44,406.17,417.80,5013618,https://stooq.com/q/d/l/?s=4183.jp&i=d,2026-03-26T08:35:00+00:00
4183,4183.T,4183.jp,2011-09-14,417.80,422.76,402.87,404.51,9539870,https://stooq.com/q/d/l/?s=4183.jp&i=d,2026-03-26T08:35:00+00:00
4183,4183.T,4183.jp,2011-09-15,412.80,417.80,409.50,411.15,3928499,https://stooq.com/q/d/l/?s=4183.jp&i=d,2026-03-26T08:35:00+00:00
4183,4183.T,4183.jp,2011-09-16,417.80,434.35,416.14,434.35,8774434,https://stooq.com/q/d/l/?s=4183.jp&i=d,2026-03-26T08:35:00+00:00
4183,4183.T,4183.jp,2011-09-20,426.08,429.39,421.09,422.76,3880846,https://stooq.com/q/d/l/?s=4183.jp&i=d,2026-03-26T08:35:00+00:00
4183,4183.T,4183.jp,2011-09-21,426.08,441.00,424.42,439.34,7750840,https://stooq.com/q/d/l/?s=4183.jp&i=d,2026-03-26T08:35:00+00:00
4183,4183.T,4183.jp,2011-09-22,431.06,444.31,426.08,429.39,5605333,https://stooq.com/q/d/l/?s=4183.jp&i=d,2026-03-26T08:35:00+00:00
4183,4183.T,4183.jp,2011-09-26,434.35,437.67,406.17,407.84,7277349,https://stooq.com/q/d/l/?s=4183.jp&i=d,2026-03-26T08:35:00+00:00
4183,4183.T,4183.jp,2011-09-27,419.44,426.08,416.14,424.42,7535506,https://stooq.com/q/d/l/?s=4183.jp&i=d,2026-03-26T08:35:00+00:00
4183,4183.T,4183.jp,2011-09-28,431.13,441.19,429.45,432.80,5682708,https://stooq.com/q/d/l/?s=4183.jp&i=d,2026-03-26T08:35:00+00:00
4183,4183.T,4183.jp,2011-09-29,426.08,437.85,422.76,437.85,5974215,https://stooq.com/q/d/l/?s=4183.jp&i=d,2026-03-26T08:35:00+00:00
4183,4183.T,4183.jp,2011-09-30,442.86,447.91,427.77,437.85,5822806,https://stooq.com/q/d/l/?s=4183.jp&i=d,2026-03-26T08:35:00+00:00
4183,4183.T,4183.jp,2011-10-03,424.41,426.08,407.65,417.70,7141398,https://stooq.com/q/d/l/?s=4183.jp&i=d,2026-03-26T08:35:00+00:00
4183,4183.T,4183.jp,2011-10-04,407.65,407.65,389.20,394.21,11916833,https://stooq.com/q/d/l/?s=4183.jp&i=d,2026-03-26T08:35:00+00:00
4183,4183.T,4183.jp,2011-10-05,399.26,400.93,379.11,380.80,8223937,https://stooq.com/q/d/l/?s=4183.jp&i=d,2026-03-26T08:35:00+00:00
4183,4183.T,4183.jp,2011-10-06,385.83,404.30,385.83,402.61,7322613,https://stooq.com/q/d/l/?s=4183.jp&i=d,2026-03-26T08:35:00+00:00
4183,4183.T,4183.jp,2011-10-07,407.65,416.03,407.65,412.68,4962609,https://stooq.com/q/d/l/?s=4183.jp&i=d,2026-03-26T08:35:00+00:00
4183,4183.T,4183.jp,2011-10-11,426.08,439.50,424.41,434.48,6983428,https://stooq.com/q/d/l/?s=4183.jp&i=d,2026-03-26T08:35:00+00:00
4183,4183.T,4183.jp,2011-10-12,429.45,437.85,422.76,436.18,4687210,https://stooq.com/q/d/l/?s=4183.jp&i=d,2026-03-26T08:35:00+00:00
4183,4183.T,4183.jp,2011-10-13,447.91,447.91,442.86,444.55,2939416,https://stooq.com/q/d/l/?s=4183.jp&i=d,2026-03-26T08:35:00+00:00
4183,4183.T,4183.jp,2011-10-14,444.55,444.55,427.77,431.13,3128977,https://stooq.com/q/d/l/?s=4183.jp&i=d,2026-03-26T08:35:00+00:00
4183,4183.T,4183.jp,2011-10-17,441.19,442.86,437.85,441.19,2041085,https://stooq.com/q/d/l/?s=4183.jp&i=d,2026-03-26T08:35:00+00:00
4183,4183.T,4183.jp,2011-10-18,429.45,437.85,427.77,429.45,3587388,https://stooq.com/q/d/l/?s=4183.jp&i=d,2026-03-26T08:35:00+00:00
4183,4183.T,4183.jp,2011-10-19,434.48,444.55,431.13,439.50,5421029,https://stooq.com/q/d/l/?s=4183.jp&i=d,2026-03-26T08:35:00+00:00
4183,4183.T,4183.jp,2011-10-20,436.18,437.85,429.45,432.80,3664285,https://stooq.com/q/d/l/?s=4183.jp&i=d,2026-03-26T08:35:00+00:00
4183,4183.T,4183.jp,2011-10-21,429.45,436.18,429.45,434.48,2165663,https://stooq.com/q/d/l/?s=4183.jp&i=d,2026-03-26T08:35:00+00:00
4183,4183.T,4183.jp,2011-10-24,437.85,446.23,431.13,446.23,3840139,https://stooq.com/q/d/l/?s=4183.jp&i=d,2026-03-26T08:35:00+00:00
4183,4183.T,4183.jp,2011-10-25,447.91,451.27,431.13,434.48,5896716,https://stooq.com/q/d/l/?s=4183.jp&i=d,2026-03-26T08:35:00+00:00
4183,4183.T,4183.jp,2011-10-26,427.77,432.80,424.41,429.45,4659788,https://stooq.com/q/d/l/?s=4183.jp&i=d,2026-03-26T08:35:00+00:00
4183,4183.T,4183.jp,2011-10-27,429.45,442.86,424.41,441.19,5444273,https://stooq.com/q/d/l/?s=4183.jp&i=d,2026-03-26T08:35:00+00:00
4183,4183.T,4183.jp,2011-10-28,451.27,452.96,439.50,441.19,6618013,https://stooq.com/q/d/l/?s=4183.jp&i=d,2026-03-26T08:35:00+00:00
4183,4183.T,4183.jp,2011-10-31,439.50,459.65,439.50,441.19,5971824,https://stooq.com/q/d/l/?s=4183.jp&i=d,2026-03-26T08:35:00+00:00
4183,4183.T,4183.jp,2011-11-01,434.48,437.85,422.76,424.41,4335508,https://stooq.com/q/d/l/?s=4183.jp&i=d,2026-03-26T08:35:00+00:00
4183,4183.T,4183.jp,2011-11-02,417.70,421.07,394.21,399.26,10288262,https://stooq.com/q/d/l/?s=4183.jp&i=d,2026-03-26T08:35:00+00:00
4183,4183.T,4183.jp,2011-11-04,405.98,405.98,387.53,392.53,10322238,https://stooq.com/q/d/l/?s=4183.jp&i=d,2026-03-26T08:35:00+00:00
4183,4183.T,4183.jp,2011-11-07,387.53,394.21,382.47,392.53,11423251,https://stooq.com/q/d/l/?s=4183.jp&i=d,2026-03-26T08:35:00+00:00
4183,4183.T,4183.jp,2011-11-08,399.26,404.30,389.20,395.90,11992538,https://stooq.com/q/d/l/?s=4183.jp&i=d,2026-03-26T08:35:00+00:00
4183,4183.T,4183.jp,2011-11-09,402.61,417.70,402.61,417.70,11038765,https://stooq.com/q/d/l/?s=4183.jp&i=d,2026-03-26T08:35:00+00:00
4183,4183.T,4183.jp,2011-11-10,397.58,402.61,390.87,397.58,7906204,https://stooq.com/q/d/l/?s=4183.jp&i=d,2026-03-26T08:35:00+00:00
4183,4183.T,4183.jp,2011-11-11,400.93,404.30,394.21,397.58,2804695,https://stooq.com/q/d/l/?s=4183.jp&i=d,2026-03-26T08:35:00+00:00
4183,4183.T,4183.jp,2011-11-14,409.31,414.36,404.30,405.98,4842797,https://stooq.com/q/d/l/?s=4183.jp&i=d,2026-03-26T08:35:00+00:00
4183,4183.T,4183.jp,2011-11-15,402.61,405.98,399.26,402.61,2707531,https://stooq.com/q/d/l/?s=4183.jp&i=d,2026-03-26T08:35:00+00:00
4183,4183.T,4183.jp,2011-11-16,400.93,402.61,385.83,387.53,4963802,https://stooq.com/q/d/l/?s=4183.jp&i=d,2026-03-26T08:35:00+00:00
4183,4183.T,4183.jp,2011-11-17,382.47,387.53,377.45,384.16,5137274,https://stooq.com/q/d/l/?s=4183.jp&i=d,2026-03-26T08:35:00+00:00
4183,4183.T,4183.jp,2011-11-18,380.80,390.87,379.11,389.20,4586470,https://stooq.com/q/d/l/?s=4183.jp&i=d,2026-03-26T08:35:00+00:00
4183,4183.T,4183.jp,2011-11-21,384.16,390.87,384.16,389.20,2393379,https://stooq.com/q/d/l/?s=4183.jp&i=d,2026-03-26T08:35:00+00:00
4183,4183.T,4183.jp,2011-11-22,384.16,394.21,382.47,390.87,3086657,https://stooq.com/q/d/l/?s=4183.jp&i=d,2026-03-26T08:35:00+00:00
4183,4183.T,4183.jp,2011-11-24,384.16,389.20,382.47,384.16,3082484,https://stooq.com/q/d/l/?s=4183.jp&i=d,2026-03-26T08:35:00+00:00
4183,4183.T,4183.jp,2011-11-25,382.47,392.53,382.47,387.53,2832713,https://stooq.com/q/d/l/?s=4183.jp&i=d,2026-03-26T08:35:00+00:00
4183,4183.T,4183.jp,2011-11-28,394.21,399.26,389.20,397.58,3461012,https://stooq.com/q/d/l/?s=4183.jp&i=d,2026-03-26T08:35:00+00:00
4183,4183.T,4183.jp,2011-11-29,400.93,412.68,400.93,412.68,3363254,https://stooq.com/q/d/l/?s=4183.jp&i=d,2026-03-26T08:35:00+00:00
4183,4183.T,4183.jp,2011-11-30,409.31,409.31,400.93,409.31,4001092,https://stooq.com/q/d/l/?s=4183.jp&i=d,2026-03-26T08:35:00+00:00
4183,4183.T,4183.jp,2011-12-01,431.13,442.86,422.76,434.48,11687925,https://stooq.com/q/d/l/?s=4183.jp&i=d,2026-03-26T08:35:00+00:00
4183,4183.T,4183.jp,2011-12-02,431.13,437.85,429.45,436.18,5680924,https://stooq.com/q/d/l/?s=4183.jp&i=d,2026-03-26T08:35:00+00:00
4183,4183.T,4183.jp,2011-12-05,437.85,441.19,431.13,436.18,4777224,https://stooq.com/q/d/l/?s=4183.jp&i=d,2026-03-26T08:35:00+00:00
4183,4183.T,4183.jp,2011-12-06,436.18,436.18,424.41,426.08,3676210,https://stooq.com/q/d/l/?s=4183.jp&i=d,2026-03-26T08:35:00+00:00
4183,4183.T,4183.jp,2011-12-07,429.45,434.48,424.41,432.80,5643967,https://stooq.com/q/d/l/?s=4183.jp&i=d,2026-03-26T08:35:00+00:00
4183,4183.T,4183.jp,2011-12-08,432.80,436.18,429.45,431.13,2733161,https://stooq.com/q/d/l/?s=4183.jp&i=d,2026-03-26T08:35:00+00:00
4183,4183.T,4183.jp,2011-12-09,424.41,429.45,419.40,421.07,8480262,https://stooq.com/q/d/l/?s=4183.jp&i=d,2026-03-26T08:35:00+00:00
4183,4183.T,4183.jp,2011-12-12,427.77,436.18,426.08,432.80,3971282,https://stooq.com/q/d/l/?s=4183.jp&i=d,2026-03-26T08:35:00+00:00
4183,4183.T,4183.jp,2011-12-13,424.41,426.08,417.70,421.07,4929833,https://stooq.com/q/d/l/?s=4183.jp&i=d,2026-03-26T08:35:00+00:00
4183,4183.T,4183.jp,2011-12-14,419.40,427.77,416.03,424.41,3734035,https://stooq.com/q/d/l/?s=4183.jp&i=d,2026-03-26T08:35:00+00:00
4183,4183.T,4183.jp,2011-12-15,421.07,422.76,405.98,405.98,5229674,https://stooq.com/q/d/l/?s=4183.jp&i=d,2026-03-26T08:35:00+00:00
4183,4183.T,4183.jp,2011-12-16,407.65,412.68,405.98,409.31,3083675,https://stooq.com/q/d/l/?s=4183.jp&i=d,2026-03-26T08:35:00+00:00
4183,4183.T,4183.jp,2011-12-19,407.65,410.98,402.61,405.98,2834500,https://stooq.com/q/d/l/?s=4183.jp&i=d,2026-03-26T08:35:00+00:00
4183,4183.T,4183.jp,2011-12-20,405.98,412.68,404.30,409.31,2020813,https://stooq.com/q/d/l/?s=4183.jp&i=d,2026-03-26T08:35:00+00:00
4183,4183.T,4183.jp,2011-12-21,421.07,422.76,417.70,417.70,4208536,https://stooq.com/q/d/l/?s=4183.jp&i=d,2026-03-26T08:35:00+00:00
4183,4183.T,4183.jp,2011-12-22,416.03,419.40,410.98,410.98,2594865,https://stooq.com/q/d/l/?s=4183.jp&i=d,2026-03-26T08:35:00+00:00
4183,4183.T,4183.jp,2011-12-26,416.03,417.70,405.98,410.98,2919152,https://stooq.com/q/d/l/?s=4183.jp&i=d,2026-03-26T08:35:00+00:00
4183,4183.T,4183.jp,2011-12-27,405.98,409.31,399.26,402.61,4719402,https://stooq.com/q/d/l/?s=4183.jp&i=d,2026-03-26T08:35:00+00:00
4183,4183.T,4183.jp,2011-12-28,399.26,400.93,389.20,392.53,5384065,https://stooq.com/q/d/l/?s=4183.jp&i=d,2026-03-26T08:35:00+00:00
4183,4183.T,4183.jp,2011-12-29,390.87,395.90,387.53,392.53,3269664,https://stooq.com/q/d/l/?s=4183.jp&i=d,2026-03-26T08:35:00+00:00
4183,4183.T,4183.jp,2011-12-30,392.53,395.90,390.87,394.21,1843170,https://stooq.com/q/d/l/?s=4183.jp&i=d,2026-03-26T08:35:00+00:00
4183,4183.T,4183.jp,2012-01-04,397.58,404.30,395.90,402.61,5395986,https://stooq.com/q/d/l/?s=4183.jp&i=d,2026-03-26T08:35:00+00:00
4183,4183.T,4183.jp,2012-01-05,402.61,404.30,399.26,400.93,5108662,https://stooq.com/q/d/l/?s=4183.jp&i=d,2026-03-26T08:35:00+00:00
4183,4183.T,4183.jp,2012-01-06,399.26,400.93,379.11,384.16,10164267,https://stooq.com/q/d/l/?s=4183.jp&i=d,2026-03-26T08:35:00+00:00
4183,4183.T,4183.jp,2012-01-10,384.16,385.83,379.11,380.80,5125349,https://stooq.com/q/d/l/?s=4183.jp&i=d,2026-03-26T08:35:00+00:00
4183,4183.T,4183.jp,2012-01-11,382.47,387.53,380.80,387.53,5323850,https://stooq.com/q/d/l/?s=4183.jp&i=d,2026-03-26T08:35:00+00:00
4183,4183.T,4183.jp,2012-01-12,387.53,390.87,384.16,389.20,6517859,https://stooq.com/q/d/l/?s=4183.jp&i=d,2026-03-26T08:35:00+00:00
4183,4183.T,4183.jp,2012-01-13,387.53,392.53,385.83,390.87,4720001,https://stooq.com/q/d/l/?s=4183.jp&i=d,2026-03-26T08:35:00+00:00
4183,4183.T,4183.jp,2012-01-16,387.53,387.53,379.11,382.47,4381402,https://stooq.com/q/d/l/?s=4183.jp&i=d,2026-03-26T08:35:00+00:00
4183,4183.T,4183.jp,2012-01-17,384.16,387.53,384.16,384.16,2761179,https://stooq.com/q/d/l/?s=4183.jp&i=d,2026-03-26T08:35:00+00:00
4183,4183.T,4183.jp,2012-01-18,385.83,394.21,384.16,389.20,5539645,https://stooq.com/q/d/l/?s=4183.jp&i=d,2026-03-26T08:35:00+00:00
4183,4183.T,4183.jp,2012-01-19,394.21,410.98,392.53,409.31,11002401,https://stooq.com/q/d/l/?s=4183.jp&i=d,2026-03-26T08:35:00+00:00
4183,4183.T,4183.jp,2012-01-20,414.36,427.77,412.68,422.76,9239702,https://stooq.com/q/d/l/?s=4183.jp&i=d,2026-03-26T08:35:00+00:00
4183,4183.T,4183.jp,2012-01-23,424.41,426.08,416.03,417.70,3964133,https://stooq.com/q/d/l/?s=4183.jp&i=d,2026-03-26T08:35:00+00:00
4183,4183.T,4183.jp,2012-01-24,421.07,422.76,412.68,414.36,2619903,https://stooq.com/q/d/l/?s=4183.jp&i=d,2026-03-26T08:35:00+00:00
4183,4183.T,4183.jp,2012-01-25,416.03,419.40,410.98,417.70,4574542,https://stooq.com/q/d/l/?s=4183.jp&i=d,2026-03-26T08:35:00+00:00
4183,4183.T,4183.jp,2012-01-26,419.40,422.76,412.68,416.03,2811845,https://stooq.com/q/d/l/?s=4183.jp&i=d,2026-03-26T08:35:00+00:00
4183,4183.T,4183.jp,2012-01-27,416.03,417.70,412.68,414.36,3206474,https://stooq.com/q/d/l/?s=4183.jp&i=d,2026-03-26T08:35:00+00:00
4183,4183.T,4183.jp,2012-01-30,414.36,416.03,404.30,405.98,3335829,https://stooq.com/q/d/l/?s=4183.jp&i=d,2026-03-26T08:35:00+00:00
4183,4183.T,4183.jp,2012-01-31,402.61,409.31,400.93,404.30,4197811,https://stooq.com/q/d/l/?s=4183.jp&i=d,2026-03-26T08:35:00+00:00
4183,4183.T,4183.jp,2012-02-01,405.98,412.68,404.30,407.65,4454134,https://stooq.com/q/d/l/?s=4183.jp&i=d,2026-03-26T08:35:00+00:00
4183,4183.T,4183.jp,2012-02-02,410.98,419.40,409.31,414.36,3718533,https://stooq.com/q/d/l/?s=4183.jp&i=d,2026-03-26T08:35:00+00:00
4183,4183.T,4183.jp,2012-02-03,417.70,417.70,399.26,412.68,8673994,https://stooq.com/q/d/l/?s=4183.jp&i=d,2026-03-26T08:35:00+00:00
4183,4183.T,4183.jp,2012-02-06,412.68,441.19,412.68,422.76,7435277,https://stooq.com/q/d/l/?s=4183.jp&i=d,2026-03-26T08:35:00+00:00
4183,4183.T,4183.jp,2012-02-07,426.08,436.18,426.08,432.80,7907996,https://stooq.com/q/d/l/?s=4183.jp&i=d,2026-03-26T08:35:00+00:00
4183,4183.T,4183.jp,2012-02-08,437.85,441.19,429.45,436.18,7183122,https://stooq.com/q/d/l/?s=4183.jp&i=d,2026-03-26T08:35:00+00:00
4183,4183.T,4183.jp,2012-02-09,437.85,449.57,434.48,442.86,6377182,https://stooq.com/q/d/l/?s=4183.jp&i=d,2026-03-26T08:35:00+00:00
4183,4183.T,4183.jp,2012-02-10,442.86,442.86,434.48,436.18,5959904,https://stooq.com/q/d/l/?s=4183.jp&i=d,2026-03-26T08:35:00+00:00
4183,4183.T,4183.jp,2012-02-13,431.13,441.19,429.45,434.48,4555469,https://stooq.com/q/d/l/?s=4183.jp&i=d,2026-03-26T08:35:00+00:00
4183,4183.T,4183.jp,2012-02-14,432.80,437.85,427.77,436.18,5432350,https://stooq.com/q/d/l/?s=4183.jp&i=d,2026-03-26T08:35:00+00:00
4183,4183.T,4183.jp,2012-02-15,437.85,449.57,434.48,441.19,6666296,https://stooq.com/q/d/l/?s=4183.jp&i=d,2026-03-26T08:35:00+00:00
4183,4183.T,4183.jp,2012-02-16,437.85,442.86,434.48,434.48,7669548,https://stooq.com/q/d/l/?s=4183.jp&i=d,2026-03-26T08:35:00+00:00
4183,4183.T,4183.jp,2012-02-17,447.91,452.96,437.85,451.27,7198619,https://stooq.com/q/d/l/?s=4183.jp&i=d,2026-03-26T08:35:00+00:00
4183,4183.T,4183.jp,2012-02-20,461.33,476.42,461.33,466.35,9664131,https://stooq.com/q/d/l/?s=4183.jp&i=d,2026-03-26T08:35:00+00:00
4183,4183.T,4183.jp,2012-02-21,468.05,473.06,463.01,464.68,5543821,https://stooq.com/q/d/l/?s=4183.jp&i=d,2026-03-26T08:35:00+00:00
4183,4183.T,4183.jp,2012-02-22,464.68,468.05,457.95,464.68,6792676,https://stooq.com/q/d/l/?s=4183.jp&i=d,2026-03-26T08:35:00+00:00
4183,4183.T,4183.jp,2012-02-23,463.01,464.68,454.60,456.28,7313074,https://stooq.com/q/d/l/?s=4183.jp&i=d,2026-03-26T08:35:00+00:00
4183,4183.T,4183.jp,2012-02-24,459.65,469.71,456.28,468.05,6268091,https://stooq.com/q/d/l/?s=4183.jp&i=d,2026-03-26T08:35:00+00:00
4183,4183.T,4183.jp,2012-02-27,471.40,479.79,468.05,468.05,7980718,https://stooq.com/q/d/l/?s=4183.jp&i=d,2026-03-26T08:35:00+00:00
4183,4183.T,4183.jp,2012-02-28,463.01,476.42,457.95,474.74,8169687,https://stooq.com/q/d/l/?s=4183.jp&i=d,2026-03-26T08:35:00+00:00
4183,4183.T,4183.jp,2012-02-29,476.42,478.10,464.68,466.35,7413226,https://stooq.com/q/d/l/?s=4183.jp&i=d,2026-03-26T08:35:00+00:00
4183,4183.T,4183.jp,2012-03-01,464.68,471.40,446.23,451.27,8895747,https://stooq.com/q/d/l/?s=4183.jp&i=d,2026-03-26T08:35:00+00:00
4183,4183.T,4183.jp,2012-03-02,457.95,466.35,452.96,457.95,9804813,https://stooq.com/q/d/l/?s=4183.jp&i=d,2026-03-26T08:35:00+00:00
4183,4183.T,4183.jp,2012-03-05,459.65,464.68,451.27,456.28,5239210,https://stooq.com/q/d/l/?s=4183.jp&i=d,2026-03-26T08:35:00+00:00
4183,4183.T,4183.jp,2012-03-06,451.27,452.96,434.48,442.86,8598886,https://stooq.com/q/d/l/?s=4183.jp&i=d,2026-03-26T08:35:00+00:00
4183,4183.T,4183.jp,2012-03-07,436.18,442.86,429.45,439.50,7453162,https://stooq.com/q/d/l/?s=4183.jp&i=d,2026-03-26T08:35:00+00:00
4183,4183.T,4183.jp,2012-03-08,446.23,451.27,442.86,446.23,3940884,https://stooq.com/q/d/l/?s=4183.jp&i=d,2026-03-26T08:35:00+00:00
4183,4183.T,4183.jp,2012-03-09,452.96,454.60,444.55,447.91,10211362,https://stooq.com/q/d/l/?s=4183.jp&i=d,2026-03-26T08:35:00+00:00
4183,4183.T,4183.jp,2012-03-12,451.27,461.33,451.27,452.96,6846320,https://stooq.com/q/d/l/?s=4183.jp&i=d,2026-03-26T08:35:00+00:00
4183,4183.T,4183.jp,2012-03-13,451.27,456.28,446.23,447.91,9204532,https://stooq.com/q/d/l/?s=4183.jp&i=d,2026-03-26T08:35:00+00:00
4183,4183.T,4183.jp,2012-03-14,454.60,456.28,449.57,449.57,4072619,https://stooq.com/q/d/l/?s=4183.jp&i=d,2026-03-26T08:35:00+00:00
4183,4183.T,4183.jp,2012-03-15,449.57,452.96,437.85,441.19,9128229,https://stooq.com/q/d/l/?s=4183.jp&i=d,2026-03-26T08:35:00+00:00
4183,4183.T,4183.jp,2012-03-16,441.19,447.91,439.50,444.55,7778635,https://stooq.com/q/d/l/?s=4183.jp&i=d,2026-03-26T08:35:00+00:00
4183,4183.T,4183.jp,2012-03-19,446.23,447.91,437.85,441.19,5217746,https://stooq.com/q/d/l/?s=4183.jp&i=d,2026-03-26T08:35:00+00:00
4183,4183.T,4183.jp,2012-03-21,439.50,442.86,434.48,434.48,5863935,https://stooq.com/q/d/l/?s=4183.jp&i=d,2026-03-26T08:35:00+00:00
4183,4183.T,4183.jp,2012-03-22,432.80,439.50,429.45,432.80,3835966,https://stooq.com/q/d/l/?s=4183.jp&i=d,2026-03-26T08:35:00+00:00
4183,4183.T,4183.jp,2012-03-23,431.13,432.80,421.07,422.76,5365581,https://stooq.com/q/d/l/?s=4183.jp&i=d,2026-03-26T08:35:00+00:00
4183,4183.T,4183.jp,2012-03-26,427.77,427.77,421.07,422.76,5028185,https://stooq.com/q/d/l/?s=4183.jp&i=d,2026-03-26T08:35:00+00:00
4183,4183.T,4183.jp,2012-03-27,431.13,437.85,429.45,431.13,6444546,https://stooq.com/q/d/l/?s=4183.jp&i=d,2026-03-26T08:35:00+00:00
4183,4183.T,4183.jp,2012-03-28,431.12,437.91,429.43,431.12,3445352,https://stooq.com/q/d/l/?s=4183.jp&i=d,2026-03-26T08:35:00+00:00
4183,4183.T,4183.jp,2012-03-29,431.12,436.22,427.75,429.43,4542948,https://stooq.com/q/d/l/?s=4183.jp&i=d,2026-03-26T08:35:00+00:00
4183,4183.T,4183.jp,2012-03-30,432.82,432.82,422.63,426.05,4693182,https://stooq.com/q/d/l/?s=4183.jp&i=d,2026-03-26T08:35:00+00:00
4183,4183.T,4183.jp,2012-04-02,424.36,426.05,412.47,414.14,8136177,https://stooq.com/q/d/l/?s=4183.jp&i=d,2026-03-26T08:35:00+00:00
4183,4183.T,4183.jp,2012-04-03,417.55,431.12,417.55,427.75,10561125,https://stooq.com/q/d/l/?s=4183.jp&i=d,2026-03-26T08:35:00+00:00
4183,4183.T,4183.jp,2012-04-04,426.05,427.75,412.47,415.84,6524260,https://stooq.com/q/d/l/?s=4183.jp&i=d,2026-03-26T08:35:00+00:00
4183,4183.T,4183.jp,2012-04-05,410.77,420.94,410.77,415.84,6652698,https://stooq.com/q/d/l/?s=4183.jp&i=d,2026-03-26T08:35:00+00:00
4183,4183.T,4183.jp,2012-04-06,414.14,417.55,407.36,412.47,5129149,https://stooq.com/q/d/l/?s=4183.jp&i=d,2026-03-26T08:35:00+00:00
4183,4183.T,4183.jp,2012-04-09,407.36,409.07,402.27,405.67,4032740,https://stooq.com/q/d/l/?s=4183.jp&i=d,2026-03-26T08:35:00+00:00
4183,4183.T,4183.jp,2012-04-10,407.36,409.07,398.86,402.27,3857173,https://stooq.com/q/d/l/?s=4183.jp&i=d,2026-03-26T08:35:00+00:00
4183,4183.T,4183.jp,2012-04-11,398.86,400.57,386.99,393.80,6947859,https://stooq.com/q/d/l/?s=4183.jp&i=d,2026-03-26T08:35:00+00:00
4183,4183.T,4183.jp,2012-04-12,400.57,410.77,397.17,407.36,6821780,https://stooq.com/q/d/l/?s=4183.jp&i=d,2026-03-26T08:35:00+00:00
4183,4183.T,4183.jp,2012-04-13,412.47,414.14,403.97,403.97,6446494,https://stooq.com/q/d/l/?s=4183.jp&i=d,2026-03-26T08:35:00+00:00
4183,4183.T,4183.jp,2012-04-16,400.57,400.57,393.80,393.80,3203218,https://stooq.com/q/d/l/?s=4183.jp&i=d,2026-03-26T08:35:00+00:00
4183,4183.T,4183.jp,2012-04-17,397.17,405.67,392.10,400.57,4849896,https://stooq.com/q/d/l/?s=4183.jp&i=d,2026-03-26T08:35:00+00:00
4183,4183.T,4183.jp,2012-04-18,412.47,412.47,405.67,409.07,3823004,https://stooq.com/q/d/l/?s=4183.jp&i=d,2026-03-26T08:35:00+00:00
4183,4183.T,4183.jp,2012-04-19,405.67,410.77,403.97,407.36,3051801,https://stooq.com/q/d/l/?s=4183.jp&i=d,2026-03-26T08:35:00+00:00
4183,4183.T,4183.jp,2012-04-20,410.77,414.14,409.07,410.77,5153306,https://stooq.com/q/d/l/?s=4183.jp&i=d,2026-03-26T08:35:00+00:00
4183,4183.T,4183.jp,2012-04-23,386.99,395.49,383.58,393.80,24006743,https://stooq.com/q/d/l/?s=4183.jp&i=d,2026-03-26T08:35:00+00:00
4183,4183.T,4183.jp,2012-04-24,392.10,397.17,390.39,393.80,6933133,https://stooq.com/q/d/l/?s=4183.jp&i=d,2026-03-26T08:35:00+00:00
4183,4183.T,4183.jp,2012-04-25,395.49,398.86,393.80,395.49,3825355,https://stooq.com/q/d/l/?s=4183.jp&i=d,2026-03-26T08:35:00+00:00
4183,4183.T,4183.jp,2012-04-26,397.17,398.86,388.69,392.10,3802382,https://stooq.com/q/d/l/?s=4183.jp&i=d,2026-03-26T08:35:00+00:00
4183,4183.T,4183.jp,2012-04-27,390.39,409.07,390.39,392.10,8510293,https://stooq.com/q/d/l/?s=4183.jp&i=d,2026-03-26T08:35:00+00:00
4183,4183.T,4183.jp,2012-05-01,392.10,393.80,388.69,390.39,3831255,https://stooq.com/q/d/l/?s=4183.jp&i=d,2026-03-26T08:35:00+00:00
4183,4183.T,4183.jp,2012-05-02,390.39,392.10,385.30,388.69,3259773,https://stooq.com/q/d/l/?s=4183.jp&i=d,2026-03-26T08:35:00+00:00
4183,4183.T,4183.jp,2012-05-07,383.58,383.58,370.02,371.72,5371291,https://stooq.com/q/d/l/?s=4183.jp&i=d,2026-03-26T08:35:00+00:00
4183,4183.T,4183.jp,2012-05-08,373.42,380.21,371.72,378.52,5487945,https://stooq.com/q/d/l/?s=4183.jp&i=d,2026-03-26T08:35:00+00:00
4183,4183.T,4183.jp,2012-05-09,373.42,375.12,368.33,370.02,4021551,https://stooq.com/q/d/l/?s=4183.jp&i=d,2026-03-26T08:35:00+00:00
4183,4183.T,4183.jp,2012-05-10,368.33,386.99,368.33,375.12,6048815,https://stooq.com/q/d/l/?s=4183.jp&i=d,2026-03-26T08:35:00+00:00
4183,4183.T,4183.jp,2012-05-11,375.12,380.21,363.24,366.62,4707317,https://stooq.com/q/d/l/?s=4183.jp&i=d,2026-03-26T08:35:00+00:00
4183,4183.T,4183.jp,2012-05-14,363.24,366.62,353.05,353.05,6439422,https://stooq.com/q/d/l/?s=4183.jp&i=d,2026-03-26T08:35:00+00:00
4183,4183.T,4183.jp,2012-05-15,347.96,351.35,336.07,351.35,7846319,https://stooq.com/q/d/l/?s=4183.jp&i=d,2026-03-26T08:35:00+00:00
4183,4183.T,4183.jp,2012-05-16,354.75,354.75,344.57,347.96,5615201,https://stooq.com/q/d/l/?s=4183.jp&i=d,2026-03-26T08:35:00+00:00
4183,4183.T,4183.jp,2012-05-17,351.35,368.33,351.35,364.92,8150908,https://stooq.com/q/d/l/?s=4183.jp&i=d,2026-03-26T08:35:00+00:00
4183,4183.T,4183.jp,2012-05-18,361.55,363.24,354.75,356.44,7069815,https://stooq.com/q/d/l/?s=4183.jp&i=d,2026-03-26T08:35:00+00:00
4183,4183.T,4183.jp,2012-05-21,359.85,361.55,354.75,359.85,5519174,https://stooq.com/q/d/l/?s=4183.jp&i=d,2026-03-26T08:35:00+00:00
4183,4183.T,4183.jp,2012-05-22,361.55,370.02,359.85,366.62,5368938,https://stooq.com/q/d/l/?s=4183.jp&i=d,2026-03-26T08:35:00+00:00
4183,4183.T,4183.jp,2012-05-23,366.62,370.02,356.44,359.85,5545097,https://stooq.com/q/d/l/?s=4183.jp&i=d,2026-03-26T08:35:00+00:00
4183,4183.T,4183.jp,2012-05-24,359.85,364.92,356.44,361.55,3854817,https://stooq.com/q/d/l/?s=4183.jp&i=d,2026-03-26T08:35:00+00:00
4183,4183.T,4183.jp,2012-05-25,363.24,364.92,351.35,353.05,4866384,https://stooq.com/q/d/l/?s=4183.jp&i=d,2026-03-26T08:35:00+00:00
4183,4183.T,4183.jp,2012-05-28,356.44,358.14,351.35,354.75,3276858,https://stooq.com/q/d/l/?s=4183.jp&i=d,2026-03-26T08:35:00+00:00
4183,4183.T,4183.jp,2012-05-29,356.44,364.92,353.05,363.24,6600855,https://stooq.com/q/d/l/?s=4183.jp&i=d,2026-03-26T08:35:00+00:00
4183,4183.T,4183.jp,2012-05-30,361.55,361.55,342.86,347.96,8970422,https://stooq.com/q/d/l/?s=4183.jp&i=d,2026-03-26T08:35:00+00:00
4183,4183.T,4183.jp,2012-05-31,339.47,344.57,336.07,337.77,8246353,https://stooq.com/q/d/l/?s=4183.jp&i=d,2026-03-26T08:35:00+00:00
4183,4183.T,4183.jp,2012-06-01,334.36,334.36,322.50,324.19,7320205,https://stooq.com/q/d/l/?s=4183.jp&i=d,2026-03-26T08:35:00+00:00
4183,4183.T,4183.jp,2012-06-04,312.32,314.02,303.83,307.22,7883438,https://stooq.com/q/d/l/?s=4183.jp&i=d,2026-03-26T08:35:00+00:00
4183,4183.T,4183.jp,2012-06-05,312.32,317.41,310.61,312.32,7292516,https://stooq.com/q/d/l/?s=4183.jp&i=d,2026-03-26T08:35:00+00:00
4183,4183.T,4183.jp,2012-06-06,315.72,327.60,310.61,322.50,6318646,https://stooq.com/q/d/l/?s=4183.jp&i=d,2026-03-26T08:35:00+00:00
4183,4183.T,4183.jp,2012-06-07,330.99,334.36,320.81,327.60,6358711,https://stooq.com/q/d/l/?s=4183.jp&i=d,2026-03-26T08:35:00+00:00
4183,4183.T,4183.jp,2012-06-08,327.60,327.60,314.02,317.41,6861253,https://stooq.com/q/d/l/?s=4183.jp&i=d,2026-03-26T08:35:00+00:00
4183,4183.T,4183.jp,2012-06-11,325.89,332.68,324.19,332.68,4832814,https://stooq.com/q/d/l/?s=4183.jp&i=d,2026-03-26T08:35:00+00:00
4183,4183.T,4183.jp,2012-06-12,324.19,330.99,320.81,325.89,5439642,https://stooq.com/q/d/l/?s=4183.jp&i=d,2026-03-26T08:35:00+00:00
4183,4183.T,4183.jp,2012-06-13,334.36,334.36,325.89,327.60,4085180,https://stooq.com/q/d/l/?s=4183.jp&i=d,2026-03-26T08:35:00+00:00
4183,4183.T,4183.jp,2012-06-14,325.89,332.68,324.19,330.99,3230907,https://stooq.com/q/d/l/?s=4183.jp&i=d,2026-03-26T08:35:00+00:00
4183,4183.T,4183.jp,2012-06-15,339.47,339.47,320.81,327.60,4875227,https://stooq.com/q/d/l/?s=4183.jp&i=d,2026-03-26T08:35:00+00:00
4183,4183.T,4183.jp,2012-06-18,334.36,336.07,329.30,334.36,4258976,https://stooq.com/q/d/l/?s=4183.jp&i=d,2026-03-26T08:35:00+00:00
4183,4183.T,4183.jp,2012-06-19,329.30,334.36,324.19,325.89,3662163,https://stooq.com/q/d/l/?s=4183.jp&i=d,2026-03-26T08:35:00+00:00
4183,4183.T,4183.jp,2012-06-20,327.60,332.68,327.60,330.99,3839501,https://stooq.com/q/d/l/?s=4183.jp&i=d,2026-03-26T08:35:00+00:00
4183,4183.T,4183.jp,2012-06-21,339.47,349.66,336.07,341.16,7693137,https://stooq.com/q/d/l/?s=4183.jp&i=d,2026-03-26T08:35:00+00:00
4183,4183.T,4183.jp,2012-06-22,337.77,346.26,332.68,341.16,6677444,https://stooq.com/q/d/l/?s=4183.jp&i=d,2026-03-26T08:35:00+00:00
4183,4183.T,4183.jp,2012-06-25,346.26,347.96,332.68,334.36,5083784,https://stooq.com/q/d/l/?s=4183.jp&i=d,2026-03-26T08:35:00+00:00
4183,4183.T,4183.jp,2012-06-26,334.36,334.36,319.10,330.99,7622438,https://stooq.com/q/d/l/?s=4183.jp&i=d,2026-03-26T08:35:00+00:00
4183,4183.T,4183.jp,2012-06-27,329.30,330.99,325.89,329.30,2857975,https://stooq.com/q/d/l/?s=4183.jp&i=d,2026-03-26T08:35:00+00:00
4183,4183.T,4183.jp,2012-06-28,334.36,334.36,327.60,329.30,3055333,https://stooq.com/q/d/l/?s=4183.jp&i=d,2026-03-26T08:35:00+00:00
4183,4183.T,4183.jp,2012-06-29,324.19,337.77,324.19,336.07,4984222,https://stooq.com/q/d/l/?s=4183.jp&i=d,2026-03-26T08:35:00+00:00
4183,4183.T,4183.jp,2012-07-02,339.47,347.96,336.07,344.57,5939236,https://stooq.com/q/d/l/?s=4183.jp&i=d,2026-03-26T08:35:00+00:00
4183,4183.T,4183.jp,2012-07-03,341.16,347.96,336.07,337.77,6127765,https://stooq.com/q/d/l/?s=4183.jp&i=d,2026-03-26T08:35:00+00:00
4183,4183.T,4183.jp,2012-07-04,339.47,342.86,337.77,339.47,2831457,https://stooq.com/q/d/l/?s=4183.jp&i=d,2026-03-26T08:35:00+00:00
4183,4183.T,4183.jp,2012-07-05,339.47,342.86,337.77,339.47,2667084,https://stooq.com/q/d/l/?s=4183.jp&i=d,2026-03-26T08:35:00+00:00
4183,4183.T,4183.jp,2012-07-06,336.07,353.05,336.07,349.66,7999498,https://stooq.com/q/d/l/?s=4183.jp&i=d,2026-03-26T08:35:00+00:00
4183,4183.T,4183.jp,2012-07-09,349.66,356.44,344.57,344.57,6550775,https://stooq.com/q/d/l/?s=4183.jp&i=d,2026-03-26T08:35:00+00:00
4183,4183.T,4183.jp,2012-07-10,346.26,351.35,341.16,341.16,3471872,https://stooq.com/q/d/l/?s=4183.jp&i=d,2026-03-26T08:35:00+00:00
4183,4183.T,4183.jp,2012-07-11,341.16,341.16,327.60,330.99,5839077,https://stooq.com/q/d/l/?s=4183.jp&i=d,2026-03-26T08:35:00+00:00
4183,4183.T,4183.jp,2012-07-12,327.60,329.30,315.72,317.41,6260907,https://stooq.com/q/d/l/?s=4183.jp&i=d,2026-03-26T08:35:00+00:00
4183,4183.T,4183.jp,2012-07-13,319.10,324.19,317.41,319.10,3621511,https://stooq.com/q/d/l/?s=4183.jp&i=d,2026-03-26T08:35:00+00:00
4183,4183.T,4183.jp,2012-07-17,322.50,322.50,307.22,307.22,4019782,https://stooq.com/q/d/l/?s=4183.jp&i=d,2026-03-26T08:35:00+00:00
4183,4183.T,4183.jp,2012-07-18,310.61,314.02,305.52,305.52,3106002,https://stooq.com/q/d/l/?s=4183.jp&i=d,2026-03-26T08:35:00+00:00
4183,4183.T,4183.jp,2012-07-19,308.91,317.41,308.91,312.32,3190256,https://stooq.com/q/d/l/?s=4183.jp&i=d,2026-03-26T08:35:00+00:00
4183,4183.T,4183.jp,2012-07-20,312.32,312.32,302.11,302.11,3202032,https://stooq.com/q/d/l/?s=4183.jp&i=d,2026-03-26T08:35:00+00:00
4183,4183.T,4183.jp,2012-07-23,297.04,297.04,285.15,286.85,4283717,https://stooq.com/q/d/l/?s=4183.jp&i=d,2026-03-26T08:35:00+00:00
4183,4183.T,4183.jp,2012-07-24,288.56,293.64,286.85,288.56,4957709,https://stooq.com/q/d/l/?s=4183.jp&i=d,2026-03-26T08:35:00+00:00
4183,4183.T,4183.jp,2012-07-25,285.15,286.85,278.36,280.07,3062999,https://stooq.com/q/d/l/?s=4183.jp&i=d,2026-03-26T08:35:00+00:00
4183,4183.T,4183.jp,2012-07-26,286.85,295.34,283.46,291.94,5320040,https://stooq.com/q/d/l/?s=4183.jp&i=d,2026-03-26T08:35:00+00:00
4183,4183.T,4183.jp,2012-07-27,298.74,303.83,295.34,298.74,4424528,https://stooq.com/q/d/l/?s=4183.jp&i=d,2026-03-26T08:35:00+00:00
4183,4183.T,4183.jp,2012-07-30,305.52,310.61,297.04,300.44,3249171,https://stooq.com/q/d/l/?s=4183.jp&i=d,2026-03-26T08:35:00+00:00
4183,4183.T,4183.jp,2012-07-31,300.44,302.11,293.64,300.44,3786476,https://stooq.com/q/d/l/?s=4183.jp&i=d,2026-03-26T08:35:00+00:00
4183,4183.T,4183.jp,2012-08-01,297.04,297.04,283.46,288.56,4581831,https://stooq.com/q/d/l/?s=4183.jp&i=d,2026-03-26T08:35:00+00:00
4183,4183.T,4183.jp,2012-08-02,288.56,290.26,281.76,283.46,3800026,https://stooq.com/q/d/l/?s=4183.jp&i=d,2026-03-26T08:35:00+00:00
4183,4183.T,4183.jp,2012-08-03,280.07,280.07,269.86,276.66,3738755,https://stooq.com/q/d/l/?s=4183.jp&i=d,2026-03-26T08:35:00+00:00
4183,4183.T,4183.jp,2012-08-06,280.07,285.15,266.49,269.86,6513071,https://stooq.com/q/d/l/?s=4183.jp&i=d,2026-03-26T08:35:00+00:00
4183,4183.T,4183.jp,2012-08-07,271.57,302.11,268.18,297.04,16050839,https://stooq.com/q/d/l/?s=4183.jp&i=d,2026-03-26T08:35:00+00:00
4183,4183.T,4183.jp,2012-08-08,290.26,314.02,290.26,307.22,10257715,https://stooq.com/q/d/l/?s=4183.jp&i=d,2026-03-26T08:35:00+00:00
4183,4183.T,4183.jp,2012-08-09,305.52,314.02,305.52,308.91,6709845,https://stooq.com/q/d/l/?s=4183.jp&i=d,2026-03-26T08:35:00+00:00
4183,4183.T,4183.jp,2012-08-10,308.91,314.02,303.83,307.22,4708498,https://stooq.com/q/d/l/?s=4183.jp&i=d,2026-03-26T08:35:00+00:00
4183,4183.T,4183.jp,2012-08-13,307.22,312.32,298.74,310.61,6505407,https://stooq.com/q/d/l/?s=4183.jp&i=d,2026-03-26T08:35:00+00:00
4183,4183.T,4183.jp,2012-08-14,308.91,314.02,307.22,308.91,3222658,https://stooq.com/q/d/l/?s=4183.jp&i=d,2026-03-26T08:35:00+00:00
4183,4183.T,4183.jp,2012-08-15,312.32,312.32,300.44,302.11,4801578,https://stooq.com/q/d/l/?s=4183.jp&i=d,2026-03-26T08:35:00+00:00
4183,4183.T,4183.jp,2012-08-16,303.83,307.22,298.74,305.52,7158782,https://stooq.com/q/d/l/?s=4183.jp&i=d,2026-03-26T08:35:00+00:00
4183,4183.T,4183.jp,2012-08-17,307.22,317.41,305.52,312.32,5811388,https://stooq.com/q/d/l/?s=4183.jp&i=d,2026-03-26T08:35:00+00:00
4183,4183.T,4183.jp,2012-08-20,317.41,322.50,314.02,315.72,4355595,https://stooq.com/q/d/l/?s=4183.jp&i=d,2026-03-26T08:35:00+00:00
4183,4183.T,4183.jp,2012-08-21,314.02,319.10,310.61,312.32,2870343,https://stooq.com/q/d/l/?s=4183.jp&i=d,2026-03-26T08:35:00+00:00
4183,4183.T,4183.jp,2012-08-22,310.61,310.61,302.11,303.83,4927660,https://stooq.com/q/d/l/?s=4183.jp&i=d,2026-03-26T08:35:00+00:00
4183,4183.T,4183.jp,2012-08-23,303.83,305.52,298.74,302.11,5832597,https://stooq.com/q/d/l/?s=4183.jp&i=d,2026-03-26T08:35:00+00:00
4183,4183.T,4183.jp,2012-08-24,298.74,298.74,288.56,291.94,4016242,https://stooq.com/q/d/l/?s=4183.jp&i=d,2026-03-26T08:35:00+00:00
4183,4183.T,4183.jp,2012-08-27,297.04,298.74,291.94,295.34,2476201,https://stooq.com/q/d/l/?s=4183.jp&i=d,2026-03-26T08:35:00+00:00
4183,4183.T,4183.jp,2012-08-28,295.34,295.34,278.36,281.76,5900940,https://stooq.com/q/d/l/?s=4183.jp&i=d,2026-03-26T08:35:00+00:00
4183,4183.T,4183.jp,2012-08-29,280.07,285.15,280.07,285.15,1963053,https://stooq.com/q/d/l/?s=4183.jp&i=d,2026-03-26T08:35:00+00:00
4183,4183.T,4183.jp,2012-08-30,286.85,288.56,280.07,283.46,2634684,https://stooq.com/q/d/l/?s=4183.jp&i=d,2026-03-26T08:35:00+00:00
4183,4183.T,4183.jp,2012-08-31,280.07,281.76,269.86,269.86,4349702,https://stooq.com/q/d/l/?s=4183.jp&i=d,2026-03-26T08:35:00+00:00
4183,4183.T,4183.jp,2012-09-03,273.27,273.27,259.70,266.49,5297062,https://stooq.com/q/d/l/?s=4183.jp&i=d,2026-03-26T08:35:00+00:00
4183,4183.T,4183.jp,2012-09-04,266.49,273.27,264.79,269.86,3280392,https://stooq.com/q/d/l/?s=4183.jp&i=d,2026-03-26T08:35:00+00:00
4183,4183.T,4183.jp,2012-09-05,264.79,266.49,254.62,256.32,4386232,https://stooq.com/q/d/l/?s=4183.jp&i=d,2026-03-26T08:35:00+00:00
4183,4183.T,4183.jp,2012-09-06,254.62,256.32,249.51,254.62,5125617,https://stooq.com/q/d/l/?s=4183.jp&i=d,2026-03-26T08:35:00+00:00
4183,4183.T,4183.jp,2012-09-07,263.09,266.49,261.39,266.49,7918784,https://stooq.com/q/d/l/?s=4183.jp&i=d,2026-03-26T08:35:00+00:00
4183,4183.T,4183.jp,2012-09-10,261.39,268.18,256.32,266.49,5619915,https://stooq.com/q/d/l/?s=4183.jp&i=d,2026-03-26T08:35:00+00:00
4183,4183.T,4183.jp,2012-09-11,263.09,264.79,259.70,261.39,2402557,https://stooq.com/q/d/l/?s=4183.jp&i=d,2026-03-26T08:35:00+00:00
4183,4183.T,4183.jp,2012-09-12,263.09,268.18,261.39,266.49,3825949,https://stooq.com/q/d/l/?s=4183.jp&i=d,2026-03-26T08:35:00+00:00
4183,4183.T,4183.jp,2012-09-13,268.18,274.96,264.79,271.57,3840675,https://stooq.com/q/d/l/?s=4183.jp&i=d,2026-03-26T08:35:00+00:00
4183,4183.T,4183.jp,2012-09-14,281.76,293.64,280.07,288.56,9490641,https://stooq.com/q/d/l/?s=4183.jp&i=d,2026-03-26T08:35:00+00:00
4183,4183.T,4183.jp,2012-09-18,288.56,300.44,285.15,297.04,5862054,https://stooq.com/q/d/l/?s=4183.jp&i=d,2026-03-26T08:35:00+00:00
4183,4183.T,4183.jp,2012-09-19,300.44,305.52,293.64,298.74,5826709,https://stooq.com/q/d/l/?s=4183.jp&i=d,2026-03-26T08:35:00+00:00
4183,4183.T,4183.jp,2012-09-20,297.04,300.44,286.85,288.56,5343600,https://stooq.com/q/d/l/?s=4183.jp&i=d,2026-03-26T08:35:00+00:00
4183,4183.T,4183.jp,2012-09-21,290.26,291.94,283.46,285.15,4453983,https://stooq.com/q/d/l/?s=4183.jp&i=d,2026-03-26T08:35:00+00:00
4183,4183.T,4183.jp,2012-09-24,281.76,286.85,280.07,281.76,3149606,https://stooq.com/q/d/l/?s=4183.jp&i=d,2026-03-26T08:35:00+00:00
4183,4183.T,4183.jp,2012-09-25,280.07,290.26,280.07,285.15,5830835,https://stooq.com/q/d/l/?s=4183.jp&i=d,2026-03-26T08:35:00+00:00
4183,4183.T,4183.jp,2012-09-26,281.69,283.43,273.06,274.77,3535435,https://stooq.com/q/d/l/?s=4183.jp&i=d,2026-03-26T08:35:00+00:00
4183,4183.T,4183.jp,2012-09-27,266.14,271.33,259.25,264.43,11120708,https://stooq.com/q/d/l/?s=4183.jp&i=d,2026-03-26T08:35:00+00:00
4183,4183.T,4183.jp,2012-09-28,267.88,271.33,262.70,264.43,5321089,https://stooq.com/q/d/l/?s=4183.jp&i=d,2026-03-26T08:35:00+00:00
4183,4183.T,4183.jp,2012-10-01,262.70,266.14,260.98,266.14,3114770,https://stooq.com/q/d/l/?s=4183.jp&i=d,2026-03-26T08:35:00+00:00
4183,4183.T,4183.jp,2012-10-02,267.88,274.77,267.88,269.61,6971920,https://stooq.com/q/d/l/?s=4183.jp&i=d,2026-03-26T08:35:00+00:00
4183,4183.T,4183.jp,2012-10-03,266.14,267.88,260.98,262.70,3180151,https://stooq.com/q/d/l/?s=4183.jp&i=d,2026-03-26T08:35:00+00:00
4183,4183.T,4183.jp,2012-10-04,262.70,266.14,259.25,259.25,5304888,https://stooq.com/q/d/l/?s=4183.jp&i=d,2026-03-26T08:35:00+00:00
4183,4183.T,4183.jp,2012-10-05,257.51,271.33,255.78,267.88,8336907,https://stooq.com/q/d/l/?s=4183.jp&i=d,2026-03-26T08:35:00+00:00
4183,4183.T,4183.jp,2012-10-09,262.70,264.43,257.51,259.25,4777752,https://stooq.com/q/d/l/?s=4183.jp&i=d,2026-03-26T08:35:00+00:00
4183,4183.T,4183.jp,2012-10-10,255.78,257.51,247.13,250.58,5757956,https://stooq.com/q/d/l/?s=4183.jp&i=d,2026-03-26T08:35:00+00:00
4183,4183.T,4183.jp,2012-10-11,252.33,257.51,250.58,252.33,3718279,https://stooq.com/q/d/l/?s=4183.jp&i=d,2026-03-26T08:35:00+00:00
4183,4183.T,4183.jp,2012-10-12,252.33,257.51,252.33,252.33,4431732,https://stooq.com/q/d/l/?s=4183.jp&i=d,2026-03-26T08:35:00+00:00
4183,4183.T,4183.jp,2012-10-15,252.33,262.70,250.58,260.98,5733070,https://stooq.com/q/d/l/?s=4183.jp&i=d,2026-03-26T08:35:00+00:00
4183,4183.T,4183.jp,2012-10-16,264.43,273.06,264.43,269.61,5340761,https://stooq.com/q/d/l/?s=4183.jp&i=d,2026-03-26T08:35:00+00:00
4183,4183.T,4183.jp,2012-10-17,276.51,281.69,274.77,278.24,6092984,https://stooq.com/q/d/l/?s=4183.jp&i=d,2026-03-26T08:35:00+00:00
4183,4183.T,4183.jp,2012-10-18,279.96,285.16,276.51,283.43,5161969,https://stooq.com/q/d/l/?s=4183.jp&i=d,2026-03-26T08:35:00+00:00
4183,4183.T,4183.jp,2012-10-19,279.96,285.16,274.77,285.16,5327453,https://stooq.com/q/d/l/?s=4183.jp&i=d,2026-03-26T08:35:00+00:00
4183,4183.T,4183.jp,2012-10-22,276.51,286.88,274.77,285.16,4979697,https://stooq.com/q/d/l/?s=4183.jp&i=d,2026-03-26T08:35:00+00:00
4183,4183.T,4183.jp,2012-10-23,293.81,298.97,285.16,288.62,5149812,https://stooq.com/q/d/l/?s=4183.jp&i=d,2026-03-26T08:35:00+00:00
4183,4183.T,4183.jp,2012-10-24,279.96,285.16,278.24,279.96,5673477,https://stooq.com/q/d/l/?s=4183.jp&i=d,2026-03-26T08:35:00+00:00
4183,4183.T,4183.jp,2012-10-25,279.96,281.69,274.77,279.96,3915587,https://stooq.com/q/d/l/?s=4183.jp&i=d,2026-03-26T08:35:00+00:00
4183,4183.T,4183.jp,2012-10-26,281.69,286.88,276.51,276.51,3086415,https://stooq.com/q/d/l/?s=4183.jp&i=d,2026-03-26T08:35:00+00:00
4183,4183.T,4183.jp,2012-10-29,276.51,279.96,274.77,276.51,2440083,https://stooq.com/q/d/l/?s=4183.jp&i=d,2026-03-26T08:35:00+00:00
4183,4183.T,4183.jp,2012-10-30,276.51,281.69,273.06,274.77,4769074,https://stooq.com/q/d/l/?s=4183.jp&i=d,2026-03-26T08:35:00+00:00
4183,4183.T,4183.jp,2012-10-31,276.51,290.34,276.51,285.16,5048552,https://stooq.com/q/d/l/?s=4183.jp&i=d,2026-03-26T08:35:00+00:00
4183,4183.T,4183.jp,2012-11-01,285.16,295.54,283.43,290.34,7037306,https://stooq.com/q/d/l/?s=4183.jp&i=d,2026-03-26T08:35:00+00:00
4183,4183.T,4183.jp,2012-11-02,295.54,297.25,286.88,292.07,6821477,https://stooq.com/q/d/l/?s=4183.jp&i=d,2026-03-26T08:35:00+00:00
4183,4183.T,4183.jp,2012-11-05,290.34,292.07,286.88,290.34,1945931,https://stooq.com/q/d/l/?s=4183.jp&i=d,2026-03-26T08:35:00+00:00
4183,4183.T,4183.jp,2012-11-06,288.62,290.34,279.96,283.43,5738282,https://stooq.com/q/d/l/?s=4183.jp&i=d,2026-03-26T08:35:00+00:00
4183,4183.T,4183.jp,2012-11-07,286.88,290.34,281.69,290.34,4857029,https://stooq.com/q/d/l/?s=4183.jp&i=d,2026-03-26T08:35:00+00:00
4183,4183.T,4183.jp,2012-11-08,286.88,288.62,281.69,285.16,4057358,https://stooq.com/q/d/l/?s=4183.jp&i=d,2026-03-26T08:35:00+00:00
4183,4183.T,4183.jp,2012-11-09,278.24,281.69,276.51,279.96,4062564,https://stooq.com/q/d/l/?s=4183.jp&i=d,2026-03-26T08:35:00+00:00
4183,4183.T,4183.jp,2012-11-12,276.51,279.96,273.06,273.06,1732417,https://stooq.com/q/d/l/?s=4183.jp&i=d,2026-03-26T08:35:00+00:00
4183,4183.T,4183.jp,2012-11-13,271.33,273.06,264.43,267.88,4036525,https://stooq.com/q/d/l/?s=4183.jp&i=d,2026-03-26T08:35:00+00:00
4183,4183.T,4183.jp,2012-11-14,266.14,267.88,262.70,266.14,2699312,https://stooq.com/q/d/l/?s=4183.jp&i=d,2026-03-26T08:35:00+00:00
4183,4183.T,4183.jp,2012-11-15,267.88,290.34,267.88,285.16,8577046,https://stooq.com/q/d/l/?s=4183.jp&i=d,2026-03-26T08:35:00+00:00
4183,4183.T,4183.jp,2012-11-16,293.81,312.81,290.34,307.61,15675690,https://stooq.com/q/d/l/?s=4183.jp&i=d,2026-03-26T08:35:00+00:00
4183,4183.T,4183.jp,2012-11-20,316.25,317.99,311.08,312.81,8562580,https://stooq.com/q/d/l/?s=4183.jp&i=d,2026-03-26T08:35:00+00:00
4183,4183.T,4183.jp,2012-11-21,312.81,321.45,311.08,319.73,6238221,https://stooq.com/q/d/l/?s=4183.jp&i=d,2026-03-26T08:35:00+00:00
4183,4183.T,4183.jp,2012-11-22,324.90,331.81,324.90,330.08,4834462,https://stooq.com/q/d/l/?s=4183.jp&i=d,2026-03-26T08:35:00+00:00
4183,4183.T,4183.jp,2012-11-26,333.55,342.19,330.08,331.81,5823337,https://stooq.com/q/d/l/?s=4183.jp&i=d,2026-03-26T08:35:00+00:00
4183,4183.T,4183.jp,2012-11-27,331.81,333.55,324.90,328.36,4594909,https://stooq.com/q/d/l/?s=4183.jp&i=d,2026-03-26T08:35:00+00:00
4183,4183.T,4183.jp,2012-11-28,324.90,326.64,312.81,314.53,6651361,https://stooq.com/q/d/l/?s=4183.jp&i=d,2026-03-26T08:35:00+00:00
4183,4183.T,4183.jp,2012-11-29,323.18,323.18,314.53,321.45,5514348,https://stooq.com/q/d/l/?s=4183.jp&i=d,2026-03-26T08:35:00+00:00
4183,4183.T,4183.jp,2012-11-30,321.45,324.90,314.53,321.45,4982010,https://stooq.com/q/d/l/?s=4183.jp&i=d,2026-03-26T08:35:00+00:00
4183,4183.T,4183.jp,2012-12-03,324.90,326.64,319.73,324.90,3460213,https://stooq.com/q/d/l/?s=4183.jp&i=d,2026-03-26T08:35:00+00:00
4183,4183.T,4183.jp,2012-12-04,323.18,323.18,314.53,317.99,5174117,https://stooq.com/q/d/l/?s=4183.jp&i=d,2026-03-26T08:35:00+00:00
4183,4183.T,4183.jp,2012-12-05,316.25,317.99,309.35,314.53,6026440,https://stooq.com/q/d/l/?s=4183.jp&i=d,2026-03-26T08:35:00+00:00
4183,4183.T,4183.jp,2012-12-06,317.99,331.81,316.25,323.18,7493264,https://stooq.com/q/d/l/?s=4183.jp&i=d,2026-03-26T08:35:00+00:00
4183,4183.T,4183.jp,2012-12-07,317.99,324.90,317.99,321.45,3374566,https://stooq.com/q/d/l/?s=4183.jp&i=d,2026-03-26T08:35:00+00:00
4183,4183.T,4183.jp,2012-12-10,323.18,326.64,316.25,317.99,4836773,https://stooq.com/q/d/l/?s=4183.jp&i=d,2026-03-26T08:35:00+00:00
4183,4183.T,4183.jp,2012-12-11,319.73,319.73,312.81,316.25,2731134,https://stooq.com/q/d/l/?s=4183.jp&i=d,2026-03-26T08:35:00+00:00
4183,4183.T,4183.jp,2012-12-12,319.73,319.73,314.53,317.99,3494351,https://stooq.com/q/d/l/?s=4183.jp&i=d,2026-03-26T08:35:00+00:00
4183,4183.T,4183.jp,2012-12-13,323.18,342.19,323.18,335.28,8123973,https://stooq.com/q/d/l/?s=4183.jp&i=d,2026-03-26T08:35:00+00:00
4183,4183.T,4183.jp,2012-12-14,340.43,340.43,330.08,337.00,7419784,https://stooq.com/q/d/l/?s=4183.jp&i=d,2026-03-26T08:35:00+00:00
4183,4183.T,4183.jp,2012-12-17,347.37,349.10,340.43,342.19,4420157,https://stooq.com/q/d/l/?s=4183.jp&i=d,2026-03-26T08:35:00+00:00
4183,4183.T,4183.jp,2012-12-18,345.64,362.92,345.64,356.02,8965307,https://stooq.com/q/d/l/?s=4183.jp&i=d,2026-03-26T08:35:00+00:00
4183,4183.T,4183.jp,2012-12-19,357.74,364.65,356.02,362.92,9041108,https://stooq.com/q/d/l/?s=4183.jp&i=d,2026-03-26T08:35:00+00:00
4183,4183.T,4183.jp,2012-12-20,359.47,366.39,352.56,359.47,6176305,https://stooq.com/q/d/l/?s=4183.jp&i=d,2026-03-26T08:35:00+00:00
4183,4183.T,4183.jp,2012-12-21,366.39,368.12,349.10,357.74,9111121,https://stooq.com/q/d/l/?s=4183.jp&i=d,2026-03-26T08:35:00+00:00
4183,4183.T,4183.jp,2012-12-25,361.20,362.92,352.56,354.29,4174817,https://stooq.com/q/d/l/?s=4183.jp&i=d,2026-03-26T08:35:00+00:00
4183,4183.T,4183.jp,2012-12-26,359.47,369.84,356.02,368.12,7452767,https://stooq.com/q/d/l/?s=4183.jp&i=d,2026-03-26T08:35:00+00:00
4183,4183.T,4183.jp,2012-12-27,373.28,388.86,371.56,381.94,9112858,https://stooq.com/q/d/l/?s=4183.jp&i=d,2026-03-26T08:35:00+00:00
4183,4183.T,4183.jp,2012-12-28,388.86,390.56,381.94,385.40,4517953,https://stooq.com/q/d/l/?s=4183.jp&i=d,2026-03-26T08:35:00+00:00
4183,4183.T,4183.jp,2013-01-04,406.12,406.12,390.56,394.03,6174568,https://stooq.com/q/d/l/?s=4183.jp&i=d,2026-03-26T08:35:00+00:00
4183,4183.T,4183.jp,2013-01-07,397.49,397.49,378.48,381.94,6723692,https://stooq.com/q/d/l/?s=4183.jp&i=d,2026-03-26T08:35:00+00:00
4183,4183.T,4183.jp,2013-01-08,375.03,376.75,357.74,361.20,12608946,https://stooq.com/q/d/l/?s=4183.jp&i=d,2026-03-26T08:35:00+00:00
4183,4183.T,4183.jp,2013-01-09,357.74,369.84,354.29,362.92,10530502,https://stooq.com/q/d/l/?s=4183.jp&i=d,2026-03-26T08:35:00+00:00
4183,4183.T,4183.jp,2013-01-10,368.12,376.75,366.39,368.12,8833377,https://stooq.com/q/d/l/?s=4183.jp&i=d,2026-03-26T08:35:00+00:00
4183,4183.T,4183.jp,2013-01-11,376.75,378.48,371.56,375.03,8724015,https://stooq.com/q/d/l/?s=4183.jp&i=d,2026-03-26T08:35:00+00:00
4183,4183.T,4183.jp,2013-01-15,376.75,378.48,362.92,368.12,8012881,https://stooq.com/q/d/l/?s=4183.jp&i=d,2026-03-26T08:35:00+00:00
4183,4183.T,4183.jp,2013-01-16,366.39,366.39,352.56,356.02,11684294,https://stooq.com/q/d/l/?s=4183.jp&i=d,2026-03-26T08:35:00+00:00
4183,4183.T,4183.jp,2013-01-17,361.20,364.65,347.37,352.56,9272559,https://stooq.com/q/d/l/?s=4183.jp&i=d,2026-03-26T08:35:00+00:00
4183,4183.T,4183.jp,2013-01-18,362.92,368.12,359.47,364.65,10109837,https://stooq.com/q/d/l/?s=4183.jp&i=d,2026-03-26T08:35:00+00:00
4183,4183.T,4183.jp,2013-01-21,354.29,359.47,343.91,357.74,10279958,https://stooq.com/q/d/l/?s=4183.jp&i=d,2026-03-26T08:35:00+00:00
4183,4183.T,4183.jp,2013-01-22,357.74,359.47,349.10,350.84,11273463,https://stooq.com/q/d/l/?s=4183.jp&i=d,2026-03-26T08:35:00+00:00
4183,4183.T,4183.jp,2013-01-23,347.37,354.29,345.64,349.10,9093181,https://stooq.com/q/d/l/?s=4183.jp&i=d,2026-03-26T08:35:00+00:00
4183,4183.T,4183.jp,2013-01-24,350.84,361.20,345.64,357.74,9455410,https://stooq.com/q/d/l/?s=4183.jp&i=d,2026-03-26T08:35:00+00:00
4183,4183.T,4183.jp,2013-01-25,361.20,375.03,357.74,369.84,14251679,https://stooq.com/q/d/l/?s=4183.jp&i=d,2026-03-26T08:35:00+00:00
4183,4183.T,4183.jp,2013-01-28,375.03,375.03,361.20,364.65,6476036,https://stooq.com/q/d/l/?s=4183.jp&i=d,2026-03-26T08:35:00+00:00
4183,4183.T,4183.jp,2013-01-29,362.92,373.28,361.20,369.84,6303604,https://stooq.com/q/d/l/?s=4183.jp&i=d,2026-03-26T08:35:00+00:00
4183,4183.T,4183.jp,2013-01-30,369.84,373.28,366.39,371.56,5834334,https://stooq.com/q/d/l/?s=4183.jp&i=d,2026-03-26T08:35:00+00:00
4183,4183.T,4183.jp,2013-01-31,369.84,375.03,366.39,375.03,7517569,https://stooq.com/q/d/l/?s=4183.jp&i=d,2026-03-26T08:35:00+00:00
4183,4183.T,4183.jp,2013-02-01,376.75,378.48,371.56,376.75,6460415,https://stooq.com/q/d/l/?s=4183.jp&i=d,2026-03-26T08:35:00+00:00
4183,4183.T,4183.jp,2013-02-04,376.75,394.03,376.75,387.12,9971543,https://stooq.com/q/d/l/?s=4183.jp&i=d,2026-03-26T08:35:00+00:00
4183,4183.T,4183.jp,2013-02-05,376.75,387.12,356.02,366.39,16022281,https://stooq.com/q/d/l/?s=4183.jp&i=d,2026-03-26T08:35:00+00:00
4183,4183.T,4183.jp,2013-02-06,369.84,373.28,361.20,364.65,13748852,https://stooq.com/q/d/l/?s=4183.jp&i=d,2026-03-26T08:35:00+00:00
4183,4183.T,4183.jp,2013-02-07,364.65,371.56,362.92,366.39,9609316,https://stooq.com/q/d/l/?s=4183.jp&i=d,2026-03-26T08:35:00+00:00
4183,4183.T,4183.jp,2013-02-08,364.65,366.39,356.02,361.20,9735463,https://stooq.com/q/d/l/?s=4183.jp&i=d,2026-03-26T08:35:00+00:00
4183,4183.T,4183.jp,2013-02-12,364.65,368.12,362.92,366.39,6482401,https://stooq.com/q/d/l/?s=4183.jp&i=d,2026-03-26T08:35:00+00:00
4183,4183.T,4183.jp,2013-02-13,361.20,362.92,356.02,361.20,11515331,https://stooq.com/q/d/l/?s=4183.jp&i=d,2026-03-26T08:35:00+00:00
4183,4183.T,4183.jp,2013-02-14,359.47,361.20,350.84,352.56,9217586,https://stooq.com/q/d/l/?s=4183.jp&i=d,2026-03-26T08:35:00+00:00
4183,4183.T,4183.jp,2013-02-15,349.10,350.84,335.28,347.37,7481117,https://stooq.com/q/d/l/?s=4183.jp&i=d,2026-03-26T08:35:00+00:00
4183,4183.T,4183.jp,2013-02-18,350.84,354.29,349.10,352.56,5378952,https://stooq.com/q/d/l/?s=4183.jp&i=d,2026-03-26T08:35:00+00:00
4183,4183.T,4183.jp,2013-02-19,350.84,369.84,350.84,356.02,10645649,https://stooq.com/q/d/l/?s=4183.jp&i=d,2026-03-26T08:35:00+00:00
4183,4183.T,4183.jp,2013-02-20,362.92,366.39,357.74,359.47,5657849,https://stooq.com/q/d/l/?s=4183.jp&i=d,2026-03-26T08:35:00+00:00
4183,4183.T,4183.jp,2013-02-21,359.47,362.92,352.56,359.47,9045161,https://stooq.com/q/d/l/?s=4183.jp&i=d,2026-03-26T08:35:00+00:00
4183,4183.T,4183.jp,2013-02-22,361.20,371.56,357.74,369.84,11850938,https://stooq.com/q/d/l/?s=4183.jp&i=d,2026-03-26T08:35:00+00:00
4183,4183.T,4183.jp,2013-02-25,380.20,380.20,375.03,376.75,7882109,https://stooq.com/q/d/l/?s=4183.jp&i=d,2026-03-26T08:35:00+00:00
4183,4183.T,4183.jp,2013-02-26,366.39,376.75,364.65,376.75,6160678,https://stooq.com/q/d/l/?s=4183.jp&i=d,2026-03-26T08:35:00+00:00
4183,4183.T,4183.jp,2013-02-27,376.75,387.12,373.28,378.48,8429492,https://stooq.com/q/d/l/?s=4183.jp&i=d,2026-03-26T08:35:00+00:00
4183,4183.T,4183.jp,2013-02-28,381.94,387.12,376.75,380.20,7280911,https://stooq.com/q/d/l/?s=4183.jp&i=d,2026-03-26T08:35:00+00:00
4183,4183.T,4183.jp,2013-03-01,376.75,376.75,369.84,375.03,5424661,https://stooq.com/q/d/l/?s=4183.jp&i=d,2026-03-26T08:35:00+00:00
4183,4183.T,4183.jp,2013-03-04,375.03,375.03,366.39,368.12,4401645,https://stooq.com/q/d/l/?s=4183.jp&i=d,2026-03-26T08:35:00+00:00
4183,4183.T,4183.jp,2013-03-05,366.39,371.56,364.65,368.12,4528366,https://stooq.com/q/d/l/?s=4183.jp&i=d,2026-03-26T08:35:00+00:00
4183,4183.T,4183.jp,2013-03-06,371.56,371.56,366.39,369.84,3147755,https://stooq.com/q/d/l/?s=4183.jp&i=d,2026-03-26T08:35:00+00:00
4183,4183.T,4183.jp,2013-03-07,369.84,378.48,369.84,371.56,5804249,https://stooq.com/q/d/l/?s=4183.jp&i=d,2026-03-26T08:35:00+00:00
4183,4183.T,4183.jp,2013-03-08,375.03,378.48,371.56,373.28,8107775,https://stooq.com/q/d/l/?s=4183.jp&i=d,2026-03-26T08:35:00+00:00
4183,4183.T,4183.jp,2013-03-11,375.03,381.94,373.28,376.75,7725301,https://stooq.com/q/d/l/?s=4183.jp&i=d,2026-03-26T08:35:00+00:00
4183,4183.T,4183.jp,2013-03-12,380.20,381.94,371.56,373.28,4975064,https://stooq.com/q/d/l/?s=4183.jp&i=d,2026-03-26T08:35:00+00:00
4183,4183.T,4183.jp,2013-03-13,369.84,373.28,366.39,368.12,3560895,https://stooq.com/q/d/l/?s=4183.jp&i=d,2026-03-26T08:35:00+00:00
4183,4183.T,4183.jp,2013-03-14,366.39,369.84,357.74,362.92,5838384,https://stooq.com/q/d/l/?s=4183.jp&i=d,2026-03-26T08:35:00+00:00
4183,4183.T,4183.jp,2013-03-15,364.65,371.56,364.65,371.56,7261234,https://stooq.com/q/d/l/?s=4183.jp&i=d,2026-03-26T08:35:00+00:00
4183,4183.T,4183.jp,2013-03-18,364.65,368.12,359.47,361.20,3629750,https://stooq.com/q/d/l/?s=4183.jp&i=d,2026-03-26T08:35:00+00:00
4183,4183.T,4183.jp,2013-03-19,364.65,368.12,362.92,366.39,5403833,https://stooq.com/q/d/l/?s=4183.jp&i=d,2026-03-26T08:35:00+00:00
4183,4183.T,4183.jp,2013-03-21,371.56,373.28,368.12,371.56,8265741,https://stooq.com/q/d/l/?s=4183.jp&i=d,2026-03-26T08:35:00+00:00
4183,4183.T,4183.jp,2013-03-22,368.12,368.12,361.20,362.92,3960727,https://stooq.com/q/d/l/?s=4183.jp&i=d,2026-03-26T08:35:00+00:00
4183,4183.T,4183.jp,2013-03-25,368.12,368.12,364.65,366.39,4238465,https://stooq.com/q/d/l/?s=4183.jp&i=d,2026-03-26T08:35:00+00:00
4183,4183.T,4183.jp,2013-03-26,366.39,375.03,362.92,369.84,7794738,https://stooq.com/q/d/l/?s=4183.jp&i=d,2026-03-26T08:35:00+00:00
4183,4183.T,4183.jp,2013-03-27,373.35,378.59,371.60,371.60,5653274,https://stooq.com/q/d/l/?s=4183.jp&i=d,2026-03-26T08:35:00+00:00
4183,4183.T,4183.jp,2013-03-28,373.35,373.35,352.31,357.57,9895085,https://stooq.com/q/d/l/?s=4183.jp&i=d,2026-03-26T08:35:00+00:00
4183,4183.T,4183.jp,2013-03-29,357.57,359.32,354.06,359.32,4714770,https://stooq.com/q/d/l/?s=4183.jp&i=d,2026-03-26T08:35:00+00:00
4183,4183.T,4183.jp,2013-04-01,359.32,361.08,352.31,352.31,3885804,https://stooq.com/q/d/l/?s=4183.jp&i=d,2026-03-26T08:35:00+00:00
4183,4183.T,4183.jp,2013-04-02,350.55,350.55,338.29,341.80,7320902,https://stooq.com/q/d/l/?s=4183.jp&i=d,2026-03-26T08:35:00+00:00
4183,4183.T,4183.jp,2013-04-03,340.05,341.80,326.03,334.78,10543766,https://stooq.com/q/d/l/?s=4183.jp&i=d,2026-03-26T08:35:00+00:00
4183,4183.T,4183.jp,2013-04-04,329.52,336.53,320.75,334.78,11849112,https://stooq.com/q/d/l/?s=4183.jp&i=d,2026-03-26T08:35:00+00:00
4183,4183.T,4183.jp,2013-04-05,350.55,359.32,329.52,333.03,17439632,https://stooq.com/q/d/l/?s=4183.jp&i=d,2026-03-26T08:35:00+00:00
4183,4183.T,4183.jp,2013-04-08,338.29,348.80,338.29,347.05,10361767,https://stooq.com/q/d/l/?s=4183.jp&i=d,2026-03-26T08:35:00+00:00
4183,4183.T,4183.jp,2013-04-09,348.80,354.06,343.54,348.80,7884575,https://stooq.com/q/d/l/?s=4183.jp&i=d,2026-03-26T08:35:00+00:00
4183,4183.T,4183.jp,2013-04-10,348.80,371.60,348.80,362.83,16876530,https://stooq.com/q/d/l/?s=4183.jp&i=d,2026-03-26T08:35:00+00:00
4183,4183.T,4183.jp,2013-04-11,362.83,369.84,354.06,361.08,9851723,https://stooq.com/q/d/l/?s=4183.jp&i=d,2026-03-26T08:35:00+00:00
4183,4183.T,4183.jp,2013-04-12,362.83,368.08,361.08,368.08,5993876,https://stooq.com/q/d/l/?s=4183.jp&i=d,2026-03-26T08:35:00+00:00
4183,4183.T,4183.jp,2013-04-15,361.08,362.83,354.06,355.82,6278564,https://stooq.com/q/d/l/?s=4183.jp&i=d,2026-03-26T08:35:00+00:00
4183,4183.T,4183.jp,2013-04-16,350.55,352.31,341.80,343.54,8913793,https://stooq.com/q/d/l/?s=4183.jp&i=d,2026-03-26T08:35:00+00:00
4183,4183.T,4183.jp,2013-04-17,345.27,345.27,338.29,340.05,13491645,https://stooq.com/q/d/l/?s=4183.jp&i=d,2026-03-26T08:35:00+00:00
4183,4183.T,4183.jp,2013-04-18,334.78,338.29,331.29,334.78,13155029,https://stooq.com/q/d/l/?s=4183.jp&i=d,2026-03-26T08:35:00+00:00
4183,4183.T,4183.jp,2013-04-19,334.78,343.54,333.03,340.05,4570432,https://stooq.com/q/d/l/?s=4183.jp&i=d,2026-03-26T08:35:00+00:00
4183,4183.T,4183.jp,2013-04-22,341.80,348.80,340.05,343.54,8091102,https://stooq.com/q/d/l/?s=4183.jp&i=d,2026-03-26T08:35:00+00:00
4183,4183.T,4183.jp,2013-04-23,345.27,357.57,343.54,355.82,11725312,https://stooq.com/q/d/l/?s=4183.jp&i=d,2026-03-26T08:35:00+00:00
4183,4183.T,4183.jp,2013-04-24,361.08,390.89,361.08,387.37,30276319,https://stooq.com/q/d/l/?s=4183.jp&i=d,2026-03-26T08:35:00+00:00
4183,4183.T,4183.jp,2013-04-25,390.89,410.14,389.13,404.91,22907489,https://stooq.com/q/d/l/?s=4183.jp&i=d,2026-03-26T08:35:00+00:00
4183,4183.T,4183.jp,2013-04-26,401.39,404.91,389.13,401.39,10377745,https://stooq.com/q/d/l/?s=4183.jp&i=d,2026-03-26T08:35:00+00:00
4183,4183.T,4183.jp,2013-04-30,394.38,399.63,385.61,394.38,9052429,https://stooq.com/q/d/l/?s=4183.jp&i=d,2026-03-26T08:35:00+00:00
4183,4183.T,4183.jp,2013-05-01,396.11,401.39,389.13,396.11,8212623,https://stooq.com/q/d/l/?s=4183.jp&i=d,2026-03-26T08:35:00+00:00
4183,4183.T,4183.jp,2013-05-02,394.38,403.14,390.89,397.88,7835511,https://stooq.com/q/d/l/?s=4183.jp&i=d,2026-03-26T08:35:00+00:00
4183,4183.T,4183.jp,2013-05-07,408.41,424.19,408.41,415.41,10212866,https://stooq.com/q/d/l/?s=4183.jp&i=d,2026-03-26T08:35:00+00:00
4183,4183.T,4183.jp,2013-05-08,418.92,418.92,411.89,413.66,4885356,https://stooq.com/q/d/l/?s=4183.jp&i=d,2026-03-26T08:35:00+00:00
4183,4183.T,4183.jp,2013-05-09,415.41,429.42,413.66,420.67,10366910,https://stooq.com/q/d/l/?s=4183.jp&i=d,2026-03-26T08:35:00+00:00
4183,4183.T,4183.jp,2013-05-10,429.42,441.72,399.63,410.14,19235055,https://stooq.com/q/d/l/?s=4183.jp&i=d,2026-03-26T08:35:00+00:00
4183,4183.T,4183.jp,2013-05-13,411.89,418.92,408.41,415.41,8922923,https://stooq.com/q/d/l/?s=4183.jp&i=d,2026-03-26T08:35:00+00:00
4183,4183.T,4183.jp,2013-05-14,417.16,429.42,415.41,415.41,7148607,https://stooq.com/q/d/l/?s=4183.jp&i=d,2026-03-26T08:35:00+00:00
4183,4183.T,4183.jp,2013-05-15,424.19,434.69,420.67,427.67,7162299,https://stooq.com/q/d/l/?s=4183.jp&i=d,2026-03-26T08:35:00+00:00
4183,4183.T,4183.jp,2013-05-16,438.21,450.46,422.43,436.44,14287513,https://stooq.com/q/d/l/?s=4183.jp&i=d,2026-03-26T08:35:00+00:00
4183,4183.T,4183.jp,2013-05-17,436.44,446.96,427.67,445.20,8105938,https://stooq.com/q/d/l/?s=4183.jp&i=d,2026-03-26T08:35:00+00:00
4183,4183.T,4183.jp,2013-05-20,453.96,478.50,453.96,466.24,10165512,https://stooq.com/q/d/l/?s=4183.jp&i=d,2026-03-26T08:35:00+00:00
4183,4183.T,4183.jp,2013-05-21,469.74,520.58,468.01,504.81,15261393,https://stooq.com/q/d/l/?s=4183.jp&i=d,2026-03-26T08:35:00+00:00
4183,4183.T,4183.jp,2013-05-22,527.59,552.13,527.59,531.10,13309639,https://stooq.com/q/d/l/?s=4183.jp&i=d,2026-03-26T08:35:00+00:00
4183,4183.T,4183.jp,2013-05-23,531.10,539.88,478.50,478.50,18176170,https://stooq.com/q/d/l/?s=4183.jp&i=d,2026-03-26T08:35:00+00:00
4183,4183.T,4183.jp,2013-05-24,492.53,503.06,460.97,483.76,13018676,https://stooq.com/q/d/l/?s=4183.jp&i=d,2026-03-26T08:35:00+00:00
4183,4183.T,4183.jp,2013-05-27,459.22,471.50,455.74,457.49,6182146,https://stooq.com/q/d/l/?s=4183.jp&i=d,2026-03-26T08:35:00+00:00
4183,4183.T,4183.jp,2013-05-28,445.20,466.24,441.72,453.96,7315196,https://stooq.com/q/d/l/?s=4183.jp&i=d,2026-03-26T08:35:00+00:00
4183,4183.T,4183.jp,2013-05-29,462.72,464.50,445.20,450.46,8477345,https://stooq.com/q/d/l/?s=4183.jp&i=d,2026-03-26T08:35:00+00:00
4183,4183.T,4183.jp,2013-05-30,438.21,439.96,417.16,424.19,10110744,https://stooq.com/q/d/l/?s=4183.jp&i=d,2026-03-26T08:35:00+00:00
4183,4183.T,4183.jp,2013-05-31,425.94,425.94,404.91,406.66,12187431,https://stooq.com/q/d/l/?s=4183.jp&i=d,2026-03-26T08:35:00+00:00
4183,4183.T,4183.jp,2013-06-03,399.63,399.63,383.86,392.62,11728169,https://stooq.com/q/d/l/?s=4183.jp&i=d,2026-03-26T08:35:00+00:00
4183,4183.T,4183.jp,2013-06-04,389.13,403.14,385.61,403.14,10579709,https://stooq.com/q/d/l/?s=4183.jp&i=d,2026-03-26T08:35:00+00:00
4183,4183.T,4183.jp,2013-06-05,394.38,401.39,385.61,387.37,8051167,https://stooq.com/q/d/l/?s=4183.jp&i=d,2026-03-26T08:35:00+00:00
4183,4183.T,4183.jp,2013-06-06,375.10,383.86,371.60,375.10,9484312,https://stooq.com/q/d/l/?s=4183.jp&i=d,2026-03-26T08:35:00+00:00
4183,4183.T,4183.jp,2013-06-07,371.60,380.36,359.32,368.08,9421556,https://stooq.com/q/d/l/?s=4183.jp&i=d,2026-03-26T08:35:00+00:00
4183,4183.T,4183.jp,2013-06-10,383.86,394.38,376.84,387.37,7373961,https://stooq.com/q/d/l/?s=4183.jp&i=d,2026-03-26T08:35:00+00:00
4183,4183.T,4183.jp,2013-06-11,387.37,392.62,375.10,376.84,6672786,https://stooq.com/q/d/l/?s=4183.jp&i=d,2026-03-26T08:35:00+00:00
4183,4183.T,4183.jp,2013-06-12,366.33,380.36,364.58,376.84,6088582,https://stooq.com/q/d/l/?s=4183.jp&i=d,2026-03-26T08:35:00+00:00
4183,4183.T,4183.jp,2013-06-13,368.08,369.84,357.57,359.32,5577396,https://stooq.com/q/d/l/?s=4183.jp&i=d,2026-03-26T08:35:00+00:00
4183,4183.T,4183.jp,2013-06-14,369.84,373.35,359.32,361.08,6781764,https://stooq.com/q/d/l/?s=4183.jp&i=d,2026-03-26T08:35:00+00:00
4183,4183.T,4183.jp,2013-06-17,359.32,373.35,357.57,373.35,4383871,https://stooq.com/q/d/l/?s=4183.jp&i=d,2026-03-26T08:35:00+00:00
4183,4183.T,4183.jp,2013-06-18,373.35,380.36,371.60,375.10,4502535,https://stooq.com/q/d/l/?s=4183.jp&i=d,2026-03-26T08:35:00+00:00
4183,4183.T,4183.jp,2013-06-19,382.10,387.37,373.35,380.36,5091882,https://stooq.com/q/d/l/?s=4183.jp&i=d,2026-03-26T08:35:00+00:00
4183,4183.T,4183.jp,2013-06-20,376.84,380.36,373.35,373.35,2568474,https://stooq.com/q/d/l/?s=4183.jp&i=d,2026-03-26T08:35:00+00:00
4183,4183.T,4183.jp,2013-06-21,366.33,371.60,359.32,369.84,5260757,https://stooq.com/q/d/l/?s=4183.jp&i=d,2026-03-26T08:35:00+00:00
4183,4183.T,4183.jp,2013-06-24,375.10,378.59,368.08,368.08,3706091,https://stooq.com/q/d/l/?s=4183.jp&i=d,2026-03-26T08:35:00+00:00
4183,4183.T,4183.jp,2013-06-25,368.08,371.60,361.08,366.33,4161362,https://stooq.com/q/d/l/?s=4183.jp&i=d,2026-03-26T08:35:00+00:00
4183,4183.T,4183.jp,2013-06-26,375.10,383.86,369.84,371.60,5457590,https://stooq.com/q/d/l/?s=4183.jp&i=d,2026-03-26T08:35:00+00:00
4183,4183.T,4183.jp,2013-06-27,373.35,378.59,366.33,376.84,5017146,https://stooq.com/q/d/l/?s=4183.jp&i=d,2026-03-26T08:35:00+00:00
4183,4183.T,4183.jp,2013-06-28,383.86,401.39,383.86,392.62,9130022,https://stooq.com/q/d/l/?s=4183.jp&i=d,2026-03-26T08:35:00+00:00
4183,4183.T,4183.jp,2013-07-01,396.11,397.88,383.86,396.11,6000718,https://stooq.com/q/d/l/?s=4183.jp&i=d,2026-03-26T08:35:00+00:00
4183,4183.T,4183.jp,2013-07-02,403.14,413.66,399.63,410.14,6733266,https://stooq.com/q/d/l/?s=4183.jp&i=d,2026-03-26T08:35:00+00:00
4183,4183.T,4183.jp,2013-07-03,411.89,413.66,401.39,401.39,5851246,https://stooq.com/q/d/l/?s=4183.jp&i=d,2026-03-26T08:35:00+00:00
4183,4183.T,4183.jp,2013-07-04,396.11,399.63,390.89,396.11,4892773,https://stooq.com/q/d/l/?s=4183.jp&i=d,2026-03-26T08:35:00+00:00
4183,4183.T,4183.jp,2013-07-05,397.88,411.89,396.11,410.14,6191839,https://stooq.com/q/d/l/?s=4183.jp&i=d,2026-03-26T08:35:00+00:00
4183,4183.T,4183.jp,2013-07-08,418.92,427.67,404.91,404.91,4832300,https://stooq.com/q/d/l/?s=4183.jp&i=d,2026-03-26T08:35:00+00:00
4183,4183.T,4183.jp,2013-07-09,411.89,424.19,411.89,418.92,5023992,https://stooq.com/q/d/l/?s=4183.jp&i=d,2026-03-26T08:35:00+00:00
4183,4183.T,4183.jp,2013-07-10,420.67,422.43,410.14,415.41,4379879,https://stooq.com/q/d/l/?s=4183.jp&i=d,2026-03-26T08:35:00+00:00
4183,4183.T,4183.jp,2013-07-11,410.14,422.43,408.41,415.41,5430774,https://stooq.com/q/d/l/?s=4183.jp&i=d,2026-03-26T08:35:00+00:00
4183,4183.T,4183.jp,2013-07-12,417.16,425.94,415.41,420.67,7049336,https://stooq.com/q/d/l/?s=4183.jp&i=d,2026-03-26T08:35:00+00:00
4183,4183.T,4183.jp,2013-07-16,425.94,429.42,424.19,425.94,3598833,https://stooq.com/q/d/l/?s=4183.jp&i=d,2026-03-26T08:35:00+00:00
4183,4183.T,4183.jp,2013-07-17,425.94,439.96,422.43,434.69,5738283,https://stooq.com/q/d/l/?s=4183.jp&i=d,2026-03-26T08:35:00+00:00
4183,4183.T,4183.jp,2013-07-18,439.96,445.20,434.69,441.72,5066779,https://stooq.com/q/d/l/?s=4183.jp&i=d,2026-03-26T08:35:00+00:00
4183,4183.T,4183.jp,2013-07-19,445.20,448.71,420.67,427.67,8128755,https://stooq.com/q/d/l/?s=4183.jp&i=d,2026-03-26T08:35:00+00:00
4183,4183.T,4183.jp,2013-07-22,431.19,431.19,417.16,431.19,4813470,https://stooq.com/q/d/l/?s=4183.jp&i=d,2026-03-26T08:35:00+00:00
4183,4183.T,4183.jp,2013-07-23,427.67,431.19,422.43,429.42,6523885,https://stooq.com/q/d/l/?s=4183.jp&i=d,2026-03-26T08:35:00+00:00
4183,4183.T,4183.jp,2013-07-24,431.19,431.19,422.43,427.67,3895507,https://stooq.com/q/d/l/?s=4183.jp&i=d,2026-03-26T08:35:00+00:00
4183,4183.T,4183.jp,2013-07-25,429.42,429.42,422.43,424.19,3315858,https://stooq.com/q/d/l/?s=4183.jp&i=d,2026-03-26T08:35:00+00:00
4183,4183.T,4183.jp,2013-07-26,420.67,422.43,411.89,413.66,4301145,https://stooq.com/q/d/l/?s=4183.jp&i=d,2026-03-26T08:35:00+00:00
4183,4183.T,4183.jp,2013-07-29,403.14,403.14,376.84,392.62,8475626,https://stooq.com/q/d/l/?s=4183.jp&i=d,2026-03-26T08:35:00+00:00
4183,4183.T,4183.jp,2013-07-30,394.38,415.41,392.62,403.14,5140373,https://stooq.com/q/d/l/?s=4183.jp&i=d,2026-03-26T08:35:00+00:00
4183,4183.T,4183.jp,2013-07-31,397.88,408.41,397.88,397.88,4239530,https://stooq.com/q/d/l/?s=4183.jp&i=d,2026-03-26T08:35:00+00:00
4183,4183.T,4183.jp,2013-08-01,399.63,446.96,397.88,424.19,17237098,https://stooq.com/q/d/l/?s=4183.jp&i=d,2026-03-26T08:35:00+00:00
4183,4183.T,4183.jp,2013-08-02,441.72,462.72,438.21,455.74,12766511,https://stooq.com/q/d/l/?s=4183.jp&i=d,2026-03-26T08:35:00+00:00
4183,4183.T,4183.jp,2013-08-05,453.96,460.97,448.71,450.46,6597484,https://stooq.com/q/d/l/?s=4183.jp&i=d,2026-03-26T08:35:00+00:00
4183,4183.T,4183.jp,2013-08-06,450.46,471.50,450.46,468.01,9194489,https://stooq.com/q/d/l/?s=4183.jp&i=d,2026-03-26T08:35:00+00:00
4183,4183.T,4183.jp,2013-08-07,460.97,473.27,453.96,460.97,9996066,https://stooq.com/q/d/l/?s=4183.jp&i=d,2026-03-26T08:35:00+00:00
4183,4183.T,4183.jp,2013-08-08,453.96,466.24,445.20,445.20,7244456,https://stooq.com/q/d/l/?s=4183.jp&i=d,2026-03-26T08:35:00+00:00
4183,4183.T,4183.jp,2013-08-09,459.22,482.02,455.74,476.75,13553823,https://stooq.com/q/d/l/?s=4183.jp&i=d,2026-03-26T08:35:00+00:00
4183,4183.T,4183.jp,2013-08-12,468.01,483.76,466.24,471.50,8973124,https://stooq.com/q/d/l/?s=4183.jp&i=d,2026-03-26T08:35:00+00:00
4183,4183.T,4183.jp,2013-08-13,475.00,489.05,475.00,482.02,8211479,https://stooq.com/q/d/l/?s=4183.jp&i=d,2026-03-26T08:35:00+00:00
4183,4183.T,4183.jp,2013-08-14,490.77,492.53,480.27,490.77,7893705,https://stooq.com/q/d/l/?s=4183.jp&i=d,2026-03-26T08:35:00+00:00
4183,4183.T,4183.jp,2013-08-15,487.27,504.81,483.76,489.05,7837221,https://stooq.com/q/d/l/?s=4183.jp&i=d,2026-03-26T08:35:00+00:00
4183,4183.T,4183.jp,2013-08-16,476.75,489.05,475.00,480.27,5742846,https://stooq.com/q/d/l/?s=4183.jp&i=d,2026-03-26T08:35:00+00:00
4183,4183.T,4183.jp,2013-08-19,482.02,482.02,471.50,473.27,7450414,https://stooq.com/q/d/l/?s=4183.jp&i=d,2026-03-26T08:35:00+00:00
4183,4183.T,4183.jp,2013-08-20,468.01,482.02,464.50,468.01,5558000,https://stooq.com/q/d/l/?s=4183.jp&i=d,2026-03-26T08:35:00+00:00
4183,4183.T,4183.jp,2013-08-21,464.50,469.74,445.20,452.21,13100834,https://stooq.com/q/d/l/?s=4183.jp&i=d,2026-03-26T08:35:00+00:00
4183,4183.T,4183.jp,2013-08-22,452.21,457.49,443.45,452.21,5795906,https://stooq.com/q/d/l/?s=4183.jp&i=d,2026-03-26T08:35:00+00:00
4183,4183.T,4183.jp,2013-08-23,457.49,466.24,450.46,452.21,6507341,https://stooq.com/q/d/l/?s=4183.jp&i=d,2026-03-26T08:35:00+00:00
4183,4183.T,4183.jp,2013-08-26,468.01,478.50,462.72,466.24,8747197,https://stooq.com/q/d/l/?s=4183.jp&i=d,2026-03-26T08:35:00+00:00
4183,4183.T,4183.jp,2013-08-27,468.01,478.50,462.72,471.50,5276157,https://stooq.com/q/d/l/?s=4183.jp&i=d,2026-03-26T08:35:00+00:00
4183,4183.T,4183.jp,2013-08-28,455.74,468.01,453.96,464.50,5158059,https://stooq.com/q/d/l/?s=4183.jp&i=d,2026-03-26T08:35:00+00:00
4183,4183.T,4183.jp,2013-08-29,460.97,469.74,457.49,464.50,5872924,https://stooq.com/q/d/l/?s=4183.jp&i=d,2026-03-26T08:35:00+00:00
4183,4183.T,4183.jp,2013-08-30,464.50,469.74,457.49,459.22,4233248,https://stooq.com/q/d/l/?s=4183.jp&i=d,2026-03-26T08:35:00+00:00
4183,4183.T,4183.jp,2013-09-02,460.97,464.50,453.96,464.50,4136263,https://stooq.com/q/d/l/?s=4183.jp&i=d,2026-03-26T08:35:00+00:00
4183,4183.T,4183.jp,2013-09-03,466.24,476.75,460.97,469.74,6749815,https://stooq.com/q/d/l/?s=4183.jp&i=d,2026-03-26T08:35:00+00:00
4183,4183.T,4183.jp,2013-09-04,462.72,478.50,460.97,476.75,5664682,https://stooq.com/q/d/l/?s=4183.jp&i=d,2026-03-26T08:35:00+00:00
4183,4183.T,4183.jp,2013-09-05,478.50,478.50,468.01,473.27,6442303,https://stooq.com/q/d/l/?s=4183.jp&i=d,2026-03-26T08:35:00+00:00
4183,4183.T,4183.jp,2013-09-06,475.00,476.75,464.50,469.74,7195958,https://stooq.com/q/d/l/?s=4183.jp&i=d,2026-03-26T08:35:00+00:00
4183,4183.T,4183.jp,2013-09-09,482.02,482.02,471.50,475.00,3994772,https://stooq.com/q/d/l/?s=4183.jp&i=d,2026-03-26T08:35:00+00:00
4183,4183.T,4183.jp,2013-09-10,476.75,482.02,473.27,482.02,3936010,https://stooq.com/q/d/l/?s=4183.jp&i=d,2026-03-26T08:35:00+00:00
4183,4183.T,4183.jp,2013-09-11,485.53,496.03,483.76,490.77,7017389,https://stooq.com/q/d/l/?s=4183.jp&i=d,2026-03-26T08:35:00+00:00
4183,4183.T,4183.jp,2013-09-12,496.03,497.80,490.77,494.29,4507671,https://stooq.com/q/d/l/?s=4183.jp&i=d,2026-03-26T08:35:00+00:00
4183,4183.T,4183.jp,2013-09-13,501.30,504.81,492.53,497.80,7332884,https://stooq.com/q/d/l/?s=4183.jp&i=d,2026-03-26T08:35:00+00:00
4183,4183.T,4183.jp,2013-09-17,501.30,518.82,499.56,508.31,8374076,https://stooq.com/q/d/l/?s=4183.jp&i=d,2026-03-26T08:35:00+00:00
4183,4183.T,4183.jp,2013-09-18,513.57,518.82,499.56,506.56,7354560,https://stooq.com/q/d/l/?s=4183.jp&i=d,2026-03-26T08:35:00+00:00
4183,4183.T,4183.jp,2013-09-19,510.06,515.32,504.81,511.81,3781973,https://stooq.com/q/d/l/?s=4183.jp&i=d,2026-03-26T08:35:00+00:00
4183,4183.T,4183.jp,2013-09-20,511.81,518.82,511.81,513.57,3997627,https://stooq.com/q/d/l/?s=4183.jp&i=d,2026-03-26T08:35:00+00:00
4183,4183.T,4183.jp,2013-09-24,504.81,511.81,501.30,510.06,3205750,https://stooq.com/q/d/l/?s=4183.jp&i=d,2026-03-26T08:35:00+00:00
4183,4183.T,4183.jp,2013-09-25,499.56,501.30,482.02,485.53,9799241,https://stooq.com/q/d/l/?s=4183.jp&i=d,2026-03-26T08:35:00+00:00
4183,4183.T,4183.jp,2013-09-26,478.45,483.73,471.35,480.21,11176193,https://stooq.com/q/d/l/?s=4183.jp&i=d,2026-03-26T08:35:00+00:00
4183,4183.T,4183.jp,2013-09-27,483.73,490.84,476.67,480.21,6143973,https://stooq.com/q/d/l/?s=4183.jp&i=d,2026-03-26T08:35:00+00:00
4183,4183.T,4183.jp,2013-09-30,474.88,480.21,473.13,476.67,6571740,https://stooq.com/q/d/l/?s=4183.jp&i=d,2026-03-26T08:35:00+00:00
4183,4183.T,4183.jp,2013-10-01,478.45,480.21,473.13,478.45,5557058,https://stooq.com/q/d/l/?s=4183.jp&i=d,2026-03-26T08:35:00+00:00
4183,4183.T,4183.jp,2013-10-02,478.45,481.96,460.73,466.02,7440826,https://stooq.com/q/d/l/?s=4183.jp&i=d,2026-03-26T08:35:00+00:00
4183,4183.T,4183.jp,2013-10-03,464.25,466.02,451.86,455.40,6450970,https://stooq.com/q/d/l/?s=4183.jp&i=d,2026-03-26T08:35:00+00:00
4183,4183.T,4183.jp,2013-10-04,451.86,466.02,450.07,460.73,8893999,https://stooq.com/q/d/l/?s=4183.jp&i=d,2026-03-26T08:35:00+00:00
4183,4183.T,4183.jp,2013-10-07,460.73,460.73,443.01,446.55,6785628,https://stooq.com/q/d/l/?s=4183.jp&i=d,2026-03-26T08:35:00+00:00
4183,4183.T,4183.jp,2013-10-08,441.21,451.86,435.91,443.01,9196493,https://stooq.com/q/d/l/?s=4183.jp&i=d,2026-03-26T08:35:00+00:00
4183,4183.T,4183.jp,2013-10-09,441.21,457.17,441.21,453.62,6026587,https://stooq.com/q/d/l/?s=4183.jp&i=d,2026-03-26T08:35:00+00:00
4183,4183.T,4183.jp,2013-10-10,457.17,469.58,455.40,466.02,8141177,https://stooq.com/q/d/l/?s=4183.jp&i=d,2026-03-26T08:35:00+00:00
4183,4183.T,4183.jp,2013-10-11,471.35,476.67,467.78,474.88,6485399,https://stooq.com/q/d/l/?s=4183.jp&i=d,2026-03-26T08:35:00+00:00
4183,4183.T,4183.jp,2013-10-15,478.45,478.45,464.25,467.78,3083556,https://stooq.com/q/d/l/?s=4183.jp&i=d,2026-03-26T08:35:00+00:00
4183,4183.T,4183.jp,2013-10-16,467.78,471.35,464.25,471.35,2028804,https://stooq.com/q/d/l/?s=4183.jp&i=d,2026-03-26T08:35:00+00:00
4183,4183.T,4183.jp,2013-10-17,476.67,480.21,467.78,473.13,5404123,https://stooq.com/q/d/l/?s=4183.jp&i=d,2026-03-26T08:35:00+00:00
4183,4183.T,4183.jp,2013-10-18,471.35,476.67,469.58,473.13,2049122,https://stooq.com/q/d/l/?s=4183.jp&i=d,2026-03-26T08:35:00+00:00
4183,4183.T,4183.jp,2013-10-21,476.67,480.21,474.88,476.67,2444160,https://stooq.com/q/d/l/?s=4183.jp&i=d,2026-03-26T08:35:00+00:00
4183,4183.T,4183.jp,2013-10-22,474.88,476.67,462.50,469.58,5104452,https://stooq.com/q/d/l/?s=4183.jp&i=d,2026-03-26T08:35:00+00:00
4183,4183.T,4183.jp,2013-10-23,471.35,473.13,457.17,460.73,5226356,https://stooq.com/q/d/l/?s=4183.jp&i=d,2026-03-26T08:35:00+00:00
4183,4183.T,4183.jp,2013-10-24,457.17,462.50,453.62,460.73,5082445,https://stooq.com/q/d/l/?s=4183.jp&i=d,2026-03-26T08:35:00+00:00
4183,4183.T,4183.jp,2013-10-25,460.73,460.73,450.07,453.62,4116293,https://stooq.com/q/d/l/?s=4183.jp&i=d,2026-03-26T08:35:00+00:00
4183,4183.T,4183.jp,2013-10-28,457.17,467.78,453.62,464.25,6343751,https://stooq.com/q/d/l/?s=4183.jp&i=d,2026-03-26T08:35:00+00:00
4183,4183.T,4183.jp,2013-10-29,462.50,464.25,457.17,457.17,6145102,https://stooq.com/q/d/l/?s=4183.jp&i=d,2026-03-26T08:35:00+00:00
4183,4183.T,4183.jp,2013-10-30,464.25,476.67,462.50,471.35,9536226,https://stooq.com/q/d/l/?s=4183.jp&i=d,2026-03-26T08:35:00+00:00
4183,4183.T,4183.jp,2013-10-31,469.58,476.67,460.73,460.73,5900739,https://stooq.com/q/d/l/?s=4183.jp&i=d,2026-03-26T08:35:00+00:00
4183,4183.T,4183.jp,2013-11-01,467.78,473.13,409.34,423.50,21006445,https://stooq.com/q/d/l/?s=4183.jp&i=d,2026-03-26T08:35:00+00:00
4183,4183.T,4183.jp,2013-11-05,411.11,412.88,393.39,396.92,14712351,https://stooq.com/q/d/l/?s=4183.jp&i=d,2026-03-26T08:35:00+00:00
4183,4183.T,4183.jp,2013-11-06,398.70,409.34,393.39,405.78,7983717,https://stooq.com/q/d/l/?s=4183.jp&i=d,2026-03-26T08:35:00+00:00
4183,4183.T,4183.jp,2013-11-07,405.78,405.78,398.70,404.00,4979176,https://stooq.com/q/d/l/?s=4183.jp&i=d,2026-03-26T08:35:00+00:00
4183,4183.T,4183.jp,2013-11-08,398.70,405.78,393.39,396.92,7801439,https://stooq.com/q/d/l/?s=4183.jp&i=d,2026-03-26T08:35:00+00:00
4183,4183.T,4183.jp,2013-11-11,400.45,402.24,395.16,398.70,4757955,https://stooq.com/q/d/l/?s=4183.jp&i=d,2026-03-26T08:35:00+00:00
4183,4183.T,4183.jp,2013-11-12,398.70,405.78,398.70,404.00,4653550,https://stooq.com/q/d/l/?s=4183.jp&i=d,2026-03-26T08:35:00+00:00
4183,4183.T,4183.jp,2013-11-13,400.45,421.73,400.45,414.63,11336467,https://stooq.com/q/d/l/?s=4183.jp&i=d,2026-03-26T08:35:00+00:00
4183,4183.T,4183.jp,2013-11-14,414.63,428.83,411.11,425.27,11536248,https://stooq.com/q/d/l/?s=4183.jp&i=d,2026-03-26T08:35:00+00:00
4183,4183.T,4183.jp,2013-11-15,434.12,435.91,425.27,428.83,7596018,https://stooq.com/q/d/l/?s=4183.jp&i=d,2026-03-26T08:35:00+00:00
4183,4183.T,4183.jp,2013-11-18,435.91,435.91,419.96,423.50,6260797,https://stooq.com/q/d/l/?s=4183.jp&i=d,2026-03-26T08:35:00+00:00
4183,4183.T,4183.jp,2013-11-19,423.50,430.60,421.73,425.27,6336412,https://stooq.com/q/d/l/?s=4183.jp&i=d,2026-03-26T08:35:00+00:00
4183,4183.T,4183.jp,2013-11-20,427.06,446.55,427.06,437.68,12903638,https://stooq.com/q/d/l/?s=4183.jp&i=d,2026-03-26T08:35:00+00:00
4183,4183.T,4183.jp,2013-11-21,434.12,434.12,421.73,427.06,12704993,https://stooq.com/q/d/l/?s=4183.jp&i=d,2026-03-26T08:35:00+00:00
4183,4183.T,4183.jp,2013-11-22,428.83,430.60,421.73,425.27,5723537,https://stooq.com/q/d/l/?s=4183.jp&i=d,2026-03-26T08:35:00+00:00
4183,4183.T,4183.jp,2013-11-25,425.27,434.12,423.50,434.12,5415405,https://stooq.com/q/d/l/?s=4183.jp&i=d,2026-03-26T08:35:00+00:00
4183,4183.T,4183.jp,2013-11-26,439.45,439.45,427.06,434.12,5989343,https://stooq.com/q/d/l/?s=4183.jp&i=d,2026-03-26T08:35:00+00:00
4183,4183.T,4183.jp,2013-11-27,434.12,444.78,434.12,439.45,6319485,https://stooq.com/q/d/l/?s=4183.jp&i=d,2026-03-26T08:35:00+00:00
4183,4183.T,4183.jp,2013-11-28,443.01,448.30,437.68,444.78,4480294,https://stooq.com/q/d/l/?s=4183.jp&i=d,2026-03-26T08:35:00+00:00
4183,4183.T,4183.jp,2013-11-29,443.01,446.55,439.45,443.01,3332427,https://stooq.com/q/d/l/?s=4183.jp&i=d,2026-03-26T08:35:00+00:00
4183,4183.T,4183.jp,2013-12-02,444.78,444.78,435.91,439.45,4122507,https://stooq.com/q/d/l/?s=4183.jp&i=d,2026-03-26T08:35:00+00:00
4183,4183.T,4183.jp,2013-12-03,448.30,457.17,443.01,450.07,8742198,https://stooq.com/q/d/l/?s=4183.jp&i=d,2026-03-26T08:35:00+00:00
4183,4183.T,4183.jp,2013-12-04,444.78,448.30,435.91,446.55,5279402,https://stooq.com/q/d/l/?s=4183.jp&i=d,2026-03-26T08:35:00+00:00
4183,4183.T,4183.jp,2013-12-05,443.01,444.78,432.35,437.68,7364641,https://stooq.com/q/d/l/?s=4183.jp&i=d,2026-03-26T08:35:00+00:00
4183,4183.T,4183.jp,2013-12-06,441.21,448.30,435.91,443.01,6478623,https://stooq.com/q/d/l/?s=4183.jp&i=d,2026-03-26T08:35:00+00:00
4183,4183.T,4183.jp,2013-12-09,451.86,451.86,444.78,450.07,3887744,https://stooq.com/q/d/l/?s=4183.jp&i=d,2026-03-26T08:35:00+00:00
4183,4183.T,4183.jp,2013-12-10,453.62,457.17,450.07,451.86,5326238,https://stooq.com/q/d/l/?s=4183.jp&i=d,2026-03-26T08:35:00+00:00
4183,4183.T,4183.jp,2013-12-11,450.07,455.40,446.55,451.86,3142244,https://stooq.com/q/d/l/?s=4183.jp&i=d,2026-03-26T08:35:00+00:00
4183,4183.T,4183.jp,2013-12-12,451.86,458.94,446.55,455.40,6621970,https://stooq.com/q/d/l/?s=4183.jp&i=d,2026-03-26T08:35:00+00:00
4183,4183.T,4183.jp,2013-12-13,455.40,458.94,450.07,451.86,8473570,https://stooq.com/q/d/l/?s=4183.jp&i=d,2026-03-26T08:35:00+00:00
4183,4183.T,4183.jp,2013-12-16,451.86,451.86,434.12,446.55,7871422,https://stooq.com/q/d/l/?s=4183.jp&i=d,2026-03-26T08:35:00+00:00
4183,4183.T,4183.jp,2013-12-17,446.55,458.94,439.45,451.86,11992796,https://stooq.com/q/d/l/?s=4183.jp&i=d,2026-03-26T08:35:00+00:00
4183,4183.T,4183.jp,2013-12-18,453.62,466.02,451.86,462.50,10751809,https://stooq.com/q/d/l/?s=4183.jp&i=d,2026-03-26T08:35:00+00:00
4183,4183.T,4183.jp,2013-12-19,467.78,471.35,460.73,464.25,6196456,https://stooq.com/q/d/l/?s=4183.jp&i=d,2026-03-26T08:35:00+00:00
4183,4183.T,4183.jp,2013-12-20,460.73,467.78,460.73,464.25,5618008,https://stooq.com/q/d/l/?s=4183.jp&i=d,2026-03-26T08:35:00+00:00
4183,4183.T,4183.jp,2013-12-24,462.50,462.50,450.07,455.40,9055405,https://stooq.com/q/d/l/?s=4183.jp&i=d,2026-03-26T08:35:00+00:00
4183,4183.T,4183.jp,2013-12-25,450.07,451.86,444.78,450.07,3820018,https://stooq.com/q/d/l/?s=4183.jp&i=d,2026-03-26T08:35:00+00:00
4183,4183.T,4183.jp,2013-12-26,453.62,453.62,448.30,451.86,5044070,https://stooq.com/q/d/l/?s=4183.jp&i=d,2026-03-26T08:35:00+00:00
4183,4183.T,4183.jp,2013-12-27,455.40,455.40,444.78,448.30,8293545,https://stooq.com/q/d/l/?s=4183.jp&i=d,2026-03-26T08:35:00+00:00
4183,4183.T,4183.jp,2013-12-30,451.86,455.40,448.30,450.07,4991024,https://stooq.com/q/d/l/?s=4183.jp&i=d,2026-03-26T08:35:00+00:00
4183,4183.T,4183.jp,2014-01-06,451.86,458.94,441.21,450.07,9240508,https://stooq.com/q/d/l/?s=4183.jp&i=d,2026-03-26T08:35:00+00:00
4183,4183.T,4183.jp,2014-01-07,443.01,446.55,437.68,443.01,6500635,https://stooq.com/q/d/l/?s=4183.jp&i=d,2026-03-26T08:35:00+00:00
4183,4183.T,4183.jp,2014-01-08,443.01,444.78,430.60,437.68,10353390,https://stooq.com/q/d/l/?s=4183.jp&i=d,2026-03-26T08:35:00+00:00
4183,4183.T,4183.jp,2014-01-09,432.35,432.35,425.27,432.35,10943124,https://stooq.com/q/d/l/?s=4183.jp&i=d,2026-03-26T08:35:00+00:00
4183,4183.T,4183.jp,2014-01-10,425.27,434.12,425.27,428.83,7261930,https://stooq.com/q/d/l/?s=4183.jp&i=d,2026-03-26T08:35:00+00:00
4183,4183.T,4183.jp,2014-01-14,427.06,427.06,418.19,425.27,6569486,https://stooq.com/q/d/l/?s=4183.jp&i=d,2026-03-26T08:35:00+00:00
4183,4183.T,4183.jp,2014-01-15,427.06,430.60,419.96,430.60,7536767,https://stooq.com/q/d/l/?s=4183.jp&i=d,2026-03-26T08:35:00+00:00
4183,4183.T,4183.jp,2014-01-16,434.12,444.78,432.35,435.91,12881633,https://stooq.com/q/d/l/?s=4183.jp&i=d,2026-03-26T08:35:00+00:00
4183,4183.T,4183.jp,2014-01-17,432.35,450.07,432.35,446.55,12138394,https://stooq.com/q/d/l/?s=4183.jp&i=d,2026-03-26T08:35:00+00:00
4183,4183.T,4183.jp,2014-01-20,451.86,460.73,443.01,450.07,13088746,https://stooq.com/q/d/l/?s=4183.jp&i=d,2026-03-26T08:35:00+00:00
4183,4183.T,4183.jp,2014-01-21,450.07,453.62,446.55,450.07,5931780,https://stooq.com/q/d/l/?s=4183.jp&i=d,2026-03-26T08:35:00+00:00
4183,4183.T,4183.jp,2014-01-22,448.30,451.86,444.78,450.07,6382689,https://stooq.com/q/d/l/?s=4183.jp&i=d,2026-03-26T08:35:00+00:00
4183,4183.T,4183.jp,2014-01-23,451.86,451.86,441.21,446.55,9058231,https://stooq.com/q/d/l/?s=4183.jp&i=d,2026-03-26T08:35:00+00:00
4183,4183.T,4183.jp,2014-01-24,455.40,466.02,451.86,462.50,25421841,https://stooq.com/q/d/l/?s=4183.jp&i=d,2026-03-26T08:35:00+00:00
4183,4183.T,4183.jp,2014-01-27,455.40,460.73,446.55,450.07,15778387,https://stooq.com/q/d/l/?s=4183.jp&i=d,2026-03-26T08:35:00+00:00
4183,4183.T,4183.jp,2014-01-28,453.62,455.40,439.45,444.78,9930694,https://stooq.com/q/d/l/?s=4183.jp&i=d,2026-03-26T08:35:00+00:00
4183,4183.T,4183.jp,2014-01-29,450.07,458.94,450.07,457.17,7850539,https://stooq.com/q/d/l/?s=4183.jp&i=d,2026-03-26T08:35:00+00:00
4183,4183.T,4183.jp,2014-01-30,448.30,451.86,443.01,448.30,8243883,https://stooq.com/q/d/l/?s=4183.jp&i=d,2026-03-26T08:35:00+00:00
4183,4183.T,4183.jp,2014-01-31,450.07,451.86,435.91,439.45,6867455,https://stooq.com/q/d/l/?s=4183.jp&i=d,2026-03-26T08:35:00+00:00
4183,4183.T,4183.jp,2014-02-03,439.45,443.01,434.12,439.45,7496131,https://stooq.com/q/d/l/?s=4183.jp&i=d,2026-03-26T08:35:00+00:00
4183,4183.T,4183.jp,2014-02-04,432.35,435.91,421.73,425.27,12612443,https://stooq.com/q/d/l/?s=4183.jp&i=d,2026-03-26T08:35:00+00:00
4183,4183.T,4183.jp,2014-02-05,428.83,435.91,425.27,425.27,9913764,https://stooq.com/q/d/l/?s=4183.jp&i=d,2026-03-26T08:35:00+00:00
4183,4183.T,4183.jp,2014-02-06,425.27,446.55,421.73,437.68,14855697,https://stooq.com/q/d/l/?s=4183.jp&i=d,2026-03-26T08:35:00+00:00
4183,4183.T,4183.jp,2014-02-07,464.25,485.53,458.94,460.73,34019001,https://stooq.com/q/d/l/?s=4183.jp&i=d,2026-03-26T08:35:00+00:00
4183,4183.T,4183.jp,2014-02-10,464.25,476.67,458.94,467.78,10720213,https://stooq.com/q/d/l/?s=4183.jp&i=d,2026-03-26T08:35:00+00:00
4183,4183.T,4183.jp,2014-02-12,467.78,480.21,467.78,474.88,8277747,https://stooq.com/q/d/l/?s=4183.jp&i=d,2026-03-26T08:35:00+00:00
4183,4183.T,4183.jp,2014-02-13,481.96,481.96,467.78,473.13,9700444,https://stooq.com/q/d/l/?s=4183.jp&i=d,2026-03-26T08:35:00+00:00
4183,4183.T,4183.jp,2014-02-14,478.45,485.53,473.13,478.45,15220259,https://stooq.com/q/d/l/?s=4183.jp&i=d,2026-03-26T08:35:00+00:00
4183,4183.T,4183.jp,2014-02-17,476.67,478.45,464.25,476.67,6931224,https://stooq.com/q/d/l/?s=4183.jp&i=d,2026-03-26T08:35:00+00:00
4183,4183.T,4183.jp,2014-02-18,480.21,487.30,471.35,476.67,8759690,https://stooq.com/q/d/l/?s=4183.jp&i=d,2026-03-26T08:35:00+00:00
4183,4183.T,4183.jp,2014-02-19,471.35,474.88,466.02,473.13,6072865,https://stooq.com/q/d/l/?s=4183.jp&i=d,2026-03-26T08:35:00+00:00
4183,4183.T,4183.jp,2014-02-20,476.67,476.67,466.02,469.58,8996714,https://stooq.com/q/d/l/?s=4183.jp&i=d,2026-03-26T08:35:00+00:00
4183,4183.T,4183.jp,2014-02-21,471.35,481.96,466.02,478.45,9472455,https://stooq.com/q/d/l/?s=4183.jp&i=d,2026-03-26T08:35:00+00:00
4183,4183.T,4183.jp,2014-02-24,476.67,489.07,474.88,483.73,11026081,https://stooq.com/q/d/l/?s=4183.jp&i=d,2026-03-26T08:35:00+00:00
4183,4183.T,4183.jp,2014-02-25,487.30,499.69,483.73,485.53,10976419,https://stooq.com/q/d/l/?s=4183.jp&i=d,2026-03-26T08:35:00+00:00
4183,4183.T,4183.jp,2014-02-26,478.45,481.96,471.35,476.67,9433513,https://stooq.com/q/d/l/?s=4183.jp&i=d,2026-03-26T08:35:00+00:00
4183,4183.T,4183.jp,2014-02-27,471.35,471.35,462.50,469.58,8655850,https://stooq.com/q/d/l/?s=4183.jp&i=d,2026-03-26T08:35:00+00:00
4183,4183.T,4183.jp,2014-02-28,464.25,467.78,460.73,466.02,8318376,https://stooq.com/q/d/l/?s=4183.jp&i=d,2026-03-26T08:35:00+00:00
4183,4183.T,4183.jp,2014-03-03,464.25,469.58,458.94,464.25,7140034,https://stooq.com/q/d/l/?s=4183.jp&i=d,2026-03-26T08:35:00+00:00
4183,4183.T,4183.jp,2014-03-04,462.50,478.45,460.73,473.13,9304846,https://stooq.com/q/d/l/?s=4183.jp&i=d,2026-03-26T08:35:00+00:00
4183,4183.T,4183.jp,2014-03-05,480.21,496.14,480.21,487.30,14125438,https://stooq.com/q/d/l/?s=4183.jp&i=d,2026-03-26T08:35:00+00:00
4183,4183.T,4183.jp,2014-03-06,485.53,496.14,481.96,489.07,6967907,https://stooq.com/q/d/l/?s=4183.jp&i=d,2026-03-26T08:35:00+00:00
4183,4183.T,4183.jp,2014-03-07,487.30,492.62,483.73,489.07,5888329,https://stooq.com/q/d/l/?s=4183.jp&i=d,2026-03-26T08:35:00+00:00
4183,4183.T,4183.jp,2014-03-10,487.30,489.07,478.45,487.30,5990477,https://stooq.com/q/d/l/?s=4183.jp&i=d,2026-03-26T08:35:00+00:00
4183,4183.T,4183.jp,2014-03-11,490.84,494.40,483.73,487.30,4309867,https://stooq.com/q/d/l/?s=4183.jp&i=d,2026-03-26T08:35:00+00:00
4183,4183.T,4183.jp,2014-03-12,480.21,483.73,471.35,474.88,7962278,https://stooq.com/q/d/l/?s=4183.jp&i=d,2026-03-26T08:35:00+00:00
4183,4183.T,4183.jp,2014-03-13,473.13,476.67,466.02,471.35,7295790,https://stooq.com/q/d/l/?s=4183.jp&i=d,2026-03-26T08:35:00+00:00
4183,4183.T,4183.jp,2014-03-14,462.50,466.02,451.86,455.40,8886665,https://stooq.com/q/d/l/?s=4183.jp&i=d,2026-03-26T08:35:00+00:00
4183,4183.T,4183.jp,2014-03-17,453.62,457.17,439.45,448.30,5913727,https://stooq.com/q/d/l/?s=4183.jp&i=d,2026-03-26T08:35:00+00:00
4183,4183.T,4183.jp,2014-03-18,457.17,464.25,451.86,453.62,8221308,https://stooq.com/q/d/l/?s=4183.jp&i=d,2026-03-26T08:35:00+00:00
4183,4183.T,4183.jp,2014-03-19,458.94,467.78,450.07,453.62,5447578,https://stooq.com/q/d/l/?s=4183.jp&i=d,2026-03-26T08:35:00+00:00
4183,4183.T,4183.jp,2014-03-20,455.40,457.17,439.45,439.45,5951538,https://stooq.com/q/d/l/?s=4183.jp&i=d,2026-03-26T08:35:00+00:00
4183,4183.T,4183.jp,2014-03-24,443.01,455.40,443.01,444.78,5105586,https://stooq.com/q/d/l/?s=4183.jp&i=d,2026-03-26T08:35:00+00:00
4183,4183.T,4183.jp,2014-03-25,435.91,441.21,430.60,439.45,9152471,https://stooq.com/q/d/l/?s=4183.jp&i=d,2026-03-26T08:35:00+00:00
4183,4183.T,4183.jp,2014-03-26,441.21,446.55,437.68,441.21,3983678,https://stooq.com/q/d/l/?s=4183.jp&i=d,2026-03-26T08:35:00+00:00
4183,4183.T,4183.jp,2014-03-27,427.06,443.01,427.06,439.45,4936284,https://stooq.com/q/d/l/?s=4183.jp&i=d,2026-03-26T08:35:00+00:00
4183,4183.T,4183.jp,2014-03-28,435.91,443.01,432.35,439.45,3495521,https://stooq.com/q/d/l/?s=4183.jp&i=d,2026-03-26T08:35:00+00:00
4183,4183.T,4183.jp,2014-03-31,443.01,448.30,439.45,448.30,6596011,https://stooq.com/q/d/l/?s=4183.jp&i=d,2026-03-26T08:35:00+00:00
4183,4183.T,4183.jp,2014-04-01,446.55,457.17,439.45,450.07,6331904,https://stooq.com/q/d/l/?s=4183.jp&i=d,2026-03-26T08:35:00+00:00
4183,4183.T,4183.jp,2014-04-02,450.07,462.50,450.07,458.94,6988225,https://stooq.com/q/d/l/?s=4183.jp&i=d,2026-03-26T08:35:00+00:00
4183,4183.T,4183.jp,2014-04-03,460.73,466.02,457.17,458.94,3628703,https://stooq.com/q/d/l/?s=4183.jp&i=d,2026-03-26T08:35:00+00:00
4183,4183.T,4183.jp,2014-04-04,458.94,462.50,453.62,458.94,3881530,https://stooq.com/q/d/l/?s=4183.jp&i=d,2026-03-26T08:35:00+00:00
4183,4183.T,4183.jp,2014-04-07,453.62,455.40,446.55,446.55,5713949,https://stooq.com/q/d/l/?s=4183.jp&i=d,2026-03-26T08:35:00+00:00
4183,4183.T,4183.jp,2014-04-08,443.01,446.55,435.91,441.21,5070595,https://stooq.com/q/d/l/?s=4183.jp&i=d,2026-03-26T08:35:00+00:00
4183,4183.T,4183.jp,2014-04-09,434.12,437.68,425.27,435.91,6289571,https://stooq.com/q/d/l/?s=4183.jp&i=d,2026-03-26T08:35:00+00:00
4183,4183.T,4183.jp,2014-04-10,439.45,450.07,435.91,437.68,5637194,https://stooq.com/q/d/l/?s=4183.jp&i=d,2026-03-26T08:35:00+00:00
4183,4183.T,4183.jp,2014-04-11,428.83,435.91,427.06,434.12,3953767,https://stooq.com/q/d/l/?s=4183.jp&i=d,2026-03-26T08:35:00+00:00
4183,4183.T,4183.jp,2014-04-14,427.06,428.83,421.73,427.06,5169357,https://stooq.com/q/d/l/?s=4183.jp&i=d,2026-03-26T08:35:00+00:00
4183,4183.T,4183.jp,2014-04-15,430.60,437.68,428.83,432.35,5040688,https://stooq.com/q/d/l/?s=4183.jp&i=d,2026-03-26T08:35:00+00:00
4183,4183.T,4183.jp,2014-04-16,432.35,441.21,430.60,441.21,3882661,https://stooq.com/q/d/l/?s=4183.jp&i=d,2026-03-26T08:35:00+00:00
4183,4183.T,4183.jp,2014-04-17,439.45,446.55,434.12,439.45,6668811,https://stooq.com/q/d/l/?s=4183.jp&i=d,2026-03-26T08:35:00+00:00
4183,4183.T,4183.jp,2014-04-18,441.21,443.01,435.91,437.68,4036724,https://stooq.com/q/d/l/?s=4183.jp&i=d,2026-03-26T08:35:00+00:00
4183,4183.T,4183.jp,2014-04-21,439.45,446.55,437.68,439.45,2908608,https://stooq.com/q/d/l/?s=4183.jp&i=d,2026-03-26T08:35:00+00:00
4183,4183.T,4183.jp,2014-04-22,446.55,460.73,446.55,450.07,7914306,https://stooq.com/q/d/l/?s=4183.jp&i=d,2026-03-26T08:35:00+00:00
4183,4183.T,4183.jp,2014-04-23,453.62,462.50,453.62,458.94,5324551,https://stooq.com/q/d/l/?s=4183.jp&i=d,2026-03-26T08:35:00+00:00
4183,4183.T,4183.jp,2014-04-24,458.94,464.25,450.07,455.40,4018665,https://stooq.com/q/d/l/?s=4183.jp&i=d,2026-03-26T08:35:00+00:00
4183,4183.T,4183.jp,2014-04-25,450.07,455.40,444.78,450.07,4243277,https://stooq.com/q/d/l/?s=4183.jp&i=d,2026-03-26T08:35:00+00:00
4183,4183.T,4183.jp,2014-04-28,446.55,448.30,437.68,443.01,3011879,https://stooq.com/q/d/l/?s=4183.jp&i=d,2026-03-26T08:35:00+00:00
4183,4183.T,4183.jp,2014-04-30,444.78,448.30,437.68,441.21,4378722,https://stooq.com/q/d/l/?s=4183.jp&i=d,2026-03-26T08:35:00+00:00
4183,4183.T,4183.jp,2014-05-01,441.21,443.01,437.68,443.01,3507373,https://stooq.com/q/d/l/?s=4183.jp&i=d,2026-03-26T08:35:00+00:00
4183,4183.T,4183.jp,2014-05-02,441.21,443.01,435.91,441.21,3532764,https://stooq.com/q/d/l/?s=4183.jp&i=d,2026-03-26T08:35:00+00:00
4183,4183.T,4183.jp,2014-05-07,437.68,439.45,425.27,427.06,4645651,https://stooq.com/q/d/l/?s=4183.jp&i=d,2026-03-26T08:35:00+00:00
4183,4183.T,4183.jp,2014-05-08,432.35,439.45,432.35,435.91,5386626,https://stooq.com/q/d/l/?s=4183.jp&i=d,2026-03-26T08:35:00+00:00
4183,4183.T,4183.jp,2014-05-09,432.35,437.68,427.06,430.60,4002867,https://stooq.com/q/d/l/?s=4183.jp&i=d,2026-03-26T08:35:00+00:00
4183,4183.T,4183.jp,2014-05-12,427.06,434.12,423.50,432.35,4586393,https://stooq.com/q/d/l/?s=4183.jp&i=d,2026-03-26T08:35:00+00:00
4183,4183.T,4183.jp,2014-05-13,432.35,443.01,421.73,425.27,7550309,https://stooq.com/q/d/l/?s=4183.jp&i=d,2026-03-26T08:35:00+00:00
4183,4183.T,4183.jp,2014-05-14,430.60,439.45,427.06,435.91,7679538,https://stooq.com/q/d/l/?s=4183.jp&i=d,2026-03-26T08:35:00+00:00
4183,4183.T,4183.jp,2014-05-15,437.68,446.55,435.91,441.21,7991625,https://stooq.com/q/d/l/?s=4183.jp&i=d,2026-03-26T08:35:00+00:00
4183,4183.T,4183.jp,2014-05-16,439.45,444.78,432.35,435.91,3744395,https://stooq.com/q/d/l/?s=4183.jp&i=d,2026-03-26T08:35:00+00:00
4183,4183.T,4183.jp,2014-05-19,435.91,439.45,428.83,432.35,3484800,https://stooq.com/q/d/l/?s=4183.jp&i=d,2026-03-26T08:35:00+00:00
4183,4183.T,4183.jp,2014-05-20,430.60,439.45,428.83,437.68,3639428,https://stooq.com/q/d/l/?s=4183.jp&i=d,2026-03-26T08:35:00+00:00
4183,4183.T,4183.jp,2014-05-21,432.35,441.21,430.60,437.68,2985923,https://stooq.com/q/d/l/?s=4183.jp&i=d,2026-03-26T08:35:00+00:00
4183,4183.T,4183.jp,2014-05-22,443.01,460.73,435.91,455.40,11360734,https://stooq.com/q/d/l/?s=4183.jp&i=d,2026-03-26T08:35:00+00:00
4183,4183.T,4183.jp,2014-05-23,457.17,466.02,455.40,457.17,3757374,https://stooq.com/q/d/l/?s=4183.jp&i=d,2026-03-26T08:35:00+00:00
4183,4183.T,4183.jp,2014-05-26,458.94,464.25,458.94,460.73,4298582,https://stooq.com/q/d/l/?s=4183.jp&i=d,2026-03-26T08:35:00+00:00
4183,4183.T,4183.jp,2014-05-27,462.50,469.58,462.50,466.02,4187400,https://stooq.com/q/d/l/?s=4183.jp&i=d,2026-03-26T08:35:00+00:00
4183,4183.T,4183.jp,2014-05-28,467.78,467.78,458.94,462.50,2696982,https://stooq.com/q/d/l/?s=4183.jp&i=d,2026-03-26T08:35:00+00:00
4183,4183.T,4183.jp,2014-05-29,457.17,462.50,457.17,460.73,3927806,https://stooq.com/q/d/l/?s=4183.jp&i=d,2026-03-26T08:35:00+00:00
4183,4183.T,4183.jp,2014-05-30,457.17,458.94,446.55,448.30,6278853,https://stooq.com/q/d/l/?s=4183.jp&i=d,2026-03-26T08:35:00+00:00
4183,4183.T,4183.jp,2014-06-02,451.86,458.94,450.07,455.40,4917095,https://stooq.com/q/d/l/?s=4183.jp&i=d,2026-03-26T08:35:00+00:00
4183,4183.T,4183.jp,2014-06-03,457.17,458.94,450.07,455.40,3088074,https://stooq.com/q/d/l/?s=4183.jp&i=d,2026-03-26T08:35:00+00:00
4183,4183.T,4183.jp,2014-06-04,455.40,455.40,446.55,451.86,4093160,https://stooq.com/q/d/l/?s=4183.jp&i=d,2026-03-26T08:35:00+00:00
4183,4183.T,4183.jp,2014-06-05,450.07,451.86,444.78,446.55,4480294,https://stooq.com/q/d/l/?s=4183.jp&i=d,2026-03-26T08:35:00+00:00
4183,4183.T,4183.jp,2014-06-06,446.55,450.07,443.01,446.55,5662027,https://stooq.com/q/d/l/?s=4183.jp&i=d,2026-03-26T08:35:00+00:00
4183,4183.T,4183.jp,2014-06-09,448.30,450.07,444.78,444.78,3095968,https://stooq.com/q/d/l/?s=4183.jp&i=d,2026-03-26T08:35:00+00:00
4183,4183.T,4183.jp,2014-06-10,443.01,450.07,443.01,444.78,3120801,https://stooq.com/q/d/l/?s=4183.jp&i=d,2026-03-26T08:35:00+00:00
4183,4183.T,4183.jp,2014-06-11,444.78,455.40,443.01,453.62,4650726,https://stooq.com/q/d/l/?s=4183.jp&i=d,2026-03-26T08:35:00+00:00
4183,4183.T,4183.jp,2014-06-12,455.40,466.02,451.86,458.94,8156410,https://stooq.com/q/d/l/?s=4183.jp&i=d,2026-03-26T08:35:00+00:00
4183,4183.T,4183.jp,2014-06-13,451.86,462.50,450.07,462.50,6974114,https://stooq.com/q/d/l/?s=4183.jp&i=d,2026-03-26T08:35:00+00:00
4183,4183.T,4183.jp,2014-06-16,466.02,474.88,462.50,464.25,5192490,https://stooq.com/q/d/l/?s=4183.jp&i=d,2026-03-26T08:35:00+00:00
4183,4183.T,4183.jp,2014-06-17,462.50,476.67,457.17,473.13,6770954,https://stooq.com/q/d/l/?s=4183.jp&i=d,2026-03-26T08:35:00+00:00
4183,4183.T,4183.jp,2014-06-18,476.67,483.73,471.35,481.96,7662048,https://stooq.com/q/d/l/?s=4183.jp&i=d,2026-03-26T08:35:00+00:00
4183,4183.T,4183.jp,2014-06-19,485.53,496.14,483.73,485.53,9649092,https://stooq.com/q/d/l/?s=4183.jp&i=d,2026-03-26T08:35:00+00:00
4183,4183.T,4183.jp,2014-06-20,494.40,496.14,483.73,490.84,8436887,https://stooq.com/q/d/l/?s=4183.jp&i=d,2026-03-26T08:35:00+00:00
4183,4183.T,4183.jp,2014-06-23,487.30,497.92,485.53,494.40,4138305,https://stooq.com/q/d/l/?s=4183.jp&i=d,2026-03-26T08:35:00+00:00
4183,4183.T,4183.jp,2014-06-24,492.62,492.62,481.96,489.07,7111814,https://stooq.com/q/d/l/?s=4183.jp&i=d,2026-03-26T08:35:00+00:00
4183,4183.T,4183.jp,2014-06-25,490.84,499.69,489.07,489.07,4593172,https://stooq.com/q/d/l/?s=4183.jp&i=d,2026-03-26T08:35:00+00:00
4183,4183.T,4183.jp,2014-06-26,492.62,494.40,485.53,492.62,2889984,https://stooq.com/q/d/l/?s=4183.jp&i=d,2026-03-26T08:35:00+00:00
4183,4183.T,4183.jp,2014-06-27,489.07,494.40,485.53,487.30,5068343,https://stooq.com/q/d/l/?s=4183.jp&i=d,2026-03-26T08:35:00+00:00
4183,4183.T,4183.jp,2014-06-30,489.07,496.14,487.30,490.84,4429507,https://stooq.com/q/d/l/?s=4183.jp&i=d,2026-03-26T08:35:00+00:00
4183,4183.T,4183.jp,2014-07-01,492.62,503.24,489.07,494.40,4900167,https://stooq.com/q/d/l/?s=4183.jp&i=d,2026-03-26T08:35:00+00:00
4183,4183.T,4183.jp,2014-07-02,496.14,501.46,492.62,497.92,3250033,https://stooq.com/q/d/l/?s=4183.jp&i=d,2026-03-26T08:35:00+00:00
4183,4183.T,4183.jp,2014-07-03,501.46,501.46,496.14,499.69,2310971,https://stooq.com/q/d/l/?s=4183.jp&i=d,2026-03-26T08:35:00+00:00
4183,4183.T,4183.jp,2014-07-04,501.46,503.24,497.92,501.46,1664236,https://stooq.com/q/d/l/?s=4183.jp&i=d,2026-03-26T08:35:00+00:00
4183,4183.T,4183.jp,2014-07-07,499.69,503.24,489.07,490.84,4440792,https://stooq.com/q/d/l/?s=4183.jp&i=d,2026-03-26T08:35:00+00:00
4183,4183.T,4183.jp,2014-07-08,485.53,487.30,480.21,485.53,4794071,https://stooq.com/q/d/l/?s=4183.jp&i=d,2026-03-26T08:35:00+00:00
4183,4183.T,4183.jp,2014-07-09,478.45,480.21,473.13,478.45,4767548,https://stooq.com/q/d/l/?s=4183.jp&i=d,2026-03-26T08:35:00+00:00
4183,4183.T,4183.jp,2014-07-10,478.45,480.21,474.88,474.88,3409177,https://stooq.com/q/d/l/?s=4183.jp&i=d,2026-03-26T08:35:00+00:00
4183,4183.T,4183.jp,2014-07-11,471.35,476.67,466.02,473.13,4673866,https://stooq.com/q/d/l/?s=4183.jp&i=d,2026-03-26T08:35:00+00:00
4183,4183.T,4183.jp,2014-07-14,474.88,480.21,474.88,476.67,4097673,https://stooq.com/q/d/l/?s=4183.jp&i=d,2026-03-26T08:35:00+00:00
4183,4183.T,4183.jp,2014-07-15,481.96,487.30,480.21,481.96,3253419,https://stooq.com/q/d/l/?s=4183.jp&i=d,2026-03-26T08:35:00+00:00
4183,4183.T,4183.jp,2014-07-16,483.73,485.53,480.21,480.21,1808707,https://stooq.com/q/d/l/?s=4183.jp&i=d,2026-03-26T08:35:00+00:00
4183,4183.T,4183.jp,2014-07-17,481.96,483.73,473.13,474.88,4472397,https://stooq.com/q/d/l/?s=4183.jp&i=d,2026-03-26T08:35:00+00:00
4183,4183.T,4183.jp,2014-07-18,462.50,469.58,462.50,467.78,3887174,https://stooq.com/q/d/l/?s=4183.jp&i=d,2026-03-26T08:35:00+00:00
4183,4183.T,4183.jp,2014-07-22,471.35,474.88,466.02,469.58,3550263,https://stooq.com/q/d/l/?s=4183.jp&i=d,2026-03-26T08:35:00+00:00
4183,4183.T,4183.jp,2014-07-23,471.35,474.88,466.02,469.58,3487057,https://stooq.com/q/d/l/?s=4183.jp&i=d,2026-03-26T08:35:00+00:00
4183,4183.T,4183.jp,2014-07-24,466.02,471.35,464.25,469.58,4817208,https://stooq.com/q/d/l/?s=4183.jp&i=d,2026-03-26T08:35:00+00:00
4183,4183.T,4183.jp,2014-07-25,473.13,476.67,469.58,474.88,1976318,https://stooq.com/q/d/l/?s=4183.jp&i=d,2026-03-26T08:35:00+00:00
4183,4183.T,4183.jp,2014-07-28,478.45,489.07,476.67,483.73,5799727,https://stooq.com/q/d/l/?s=4183.jp&i=d,2026-03-26T08:35:00+00:00
4183,4183.T,4183.jp,2014-07-29,489.07,490.84,485.53,490.84,3142809,https://stooq.com/q/d/l/?s=4183.jp&i=d,2026-03-26T08:35:00+00:00
4183,4183.T,4183.jp,2014-07-30,492.62,499.69,490.84,496.14,4571720,https://stooq.com/q/d/l/?s=4183.jp&i=d,2026-03-26T08:35:00+00:00
4183,4183.T,4183.jp,2014-07-31,501.46,505.01,496.14,496.14,4284468,https://stooq.com/q/d/l/?s=4183.jp&i=d,2026-03-26T08:35:00+00:00
4183,4183.T,4183.jp,2014-08-01,492.62,519.20,490.84,506.79,12423954,https://stooq.com/q/d/l/?s=4183.jp&i=d,2026-03-26T08:35:00+00:00
4183,4183.T,4183.jp,2014-08-04,513.87,533.36,512.12,513.87,10451586,https://stooq.com/q/d/l/?s=4183.jp&i=d,2026-03-26T08:35:00+00:00
4183,4183.T,4183.jp,2014-08-05,512.12,515.64,499.69,505.01,5959432,https://stooq.com/q/d/l/?s=4183.jp&i=d,2026-03-26T08:35:00+00:00
4183,4183.T,4183.jp,2014-08-06,505.01,510.33,497.92,503.24,4567769,https://stooq.com/q/d/l/?s=4183.jp&i=d,2026-03-26T08:35:00+00:00
4183,4183.T,4183.jp,2014-08-07,499.69,501.46,492.62,501.46,5259086,https://stooq.com/q/d/l/?s=4183.jp&i=d,2026-03-26T08:35:00+00:00
4183,4183.T,4183.jp,2014-08-08,501.46,506.79,490.84,492.62,6285054,https://stooq.com/q/d/l/?s=4183.jp&i=d,2026-03-26T08:35:00+00:00
4183,4183.T,4183.jp,2014-08-11,505.01,508.56,497.92,508.56,4010766,https://stooq.com/q/d/l/?s=4183.jp&i=d,2026-03-26T08:35:00+00:00
4183,4183.T,4183.jp,2014-08-12,505.01,506.79,492.62,492.62,8555405,https://stooq.com/q/d/l/?s=4183.jp&i=d,2026-03-26T08:35:00+00:00
4183,4183.T,4183.jp,2014-08-13,497.92,513.87,496.14,508.56,9129329,https://stooq.com/q/d/l/?s=4183.jp&i=d,2026-03-26T08:35:00+00:00
4183,4183.T,4183.jp,2014-08-14,512.12,513.87,506.79,508.56,3909747,https://stooq.com/q/d/l/?s=4183.jp&i=d,2026-03-26T08:35:00+00:00
4183,4183.T,4183.jp,2014-08-15,513.87,515.64,505.01,508.56,3945303,https://stooq.com/q/d/l/?s=4183.jp&i=d,2026-03-26T08:35:00+00:00
4183,4183.T,4183.jp,2014-08-18,510.33,519.20,510.33,513.87,4289553,https://stooq.com/q/d/l/?s=4183.jp&i=d,2026-03-26T08:35:00+00:00
4183,4183.T,4183.jp,2014-08-19,515.64,519.20,510.33,517.40,3755684,https://stooq.com/q/d/l/?s=4183.jp&i=d,2026-03-26T08:35:00+00:00
4183,4183.T,4183.jp,2014-08-20,519.20,528.05,519.20,522.73,6994997,https://stooq.com/q/d/l/?s=4183.jp&i=d,2026-03-26T08:35:00+00:00
4183,4183.T,4183.jp,2014-08-21,529.82,544.00,528.05,538.68,11635008,https://stooq.com/q/d/l/?s=4183.jp&i=d,2026-03-26T08:35:00+00:00
4183,4183.T,4183.jp,2014-08-22,547.54,554.63,542.23,544.00,10565579,https://stooq.com/q/d/l/?s=4183.jp&i=d,2026-03-26T08:35:00+00:00
4183,4183.T,4183.jp,2014-08-25,535.12,547.54,533.36,544.00,5895661,https://stooq.com/q/d/l/?s=4183.jp&i=d,2026-03-26T08:35:00+00:00
4183,4183.T,4183.jp,2014-08-26,547.54,552.87,540.46,544.00,4810441,https://stooq.com/q/d/l/?s=4183.jp&i=d,2026-03-26T08:35:00+00:00
4183,4183.T,4183.jp,2014-08-27,545.79,556.40,544.00,551.08,4281649,https://stooq.com/q/d/l/?s=4183.jp&i=d,2026-03-26T08:35:00+00:00
4183,4183.T,4183.jp,2014-08-28,551.08,565.27,549.31,556.40,8420522,https://stooq.com/q/d/l/?s=4183.jp&i=d,2026-03-26T08:35:00+00:00
4183,4183.T,4183.jp,2014-08-29,558.18,558.18,538.68,544.00,5829069,https://stooq.com/q/d/l/?s=4183.jp&i=d,2026-03-26T08:35:00+00:00
4183,4183.T,4183.jp,2014-09-01,556.40,563.49,552.87,558.18,5582451,https://stooq.com/q/d/l/?s=4183.jp&i=d,2026-03-26T08:35:00+00:00
4183,4183.T,4183.jp,2014-09-02,563.49,568.79,558.18,561.72,5351067,https://stooq.com/q/d/l/?s=4183.jp&i=d,2026-03-26T08:35:00+00:00
4183,4183.T,4183.jp,2014-09-03,567.04,567.04,558.18,559.93,3459967,https://stooq.com/q/d/l/?s=4183.jp&i=d,2026-03-26T08:35:00+00:00
4183,4183.T,4183.jp,2014-09-04,558.18,561.72,549.31,549.31,3891127,https://stooq.com/q/d/l/?s=4183.jp&i=d,2026-03-26T08:35:00+00:00
4183,4183.T,4183.jp,2014-09-05,552.87,556.40,545.79,549.31,2277114,https://stooq.com/q/d/l/?s=4183.jp&i=d,2026-03-26T08:35:00+00:00
4183,4183.T,4183.jp,2014-09-08,547.54,554.63,545.79,552.87,3366849,https://stooq.com/q/d/l/?s=4183.jp&i=d,2026-03-26T08:35:00+00:00
4183,4183.T,4183.jp,2014-09-09,559.93,572.37,558.18,567.04,4510770,https://stooq.com/q/d/l/?s=4183.jp&i=d,2026-03-26T08:35:00+00:00
4183,4183.T,4183.jp,2014-09-10,563.49,567.04,559.93,563.49,2733663,https://stooq.com/q/d/l/?s=4183.jp&i=d,2026-03-26T08:35:00+00:00
4183,4183.T,4183.jp,2014-09-11,567.04,568.79,559.93,561.72,3542362,https://stooq.com/q/d/l/?s=4183.jp&i=d,2026-03-26T08:35:00+00:00
4183,4183.T,4183.jp,2014-09-12,556.40,558.18,547.54,552.87,7276032,https://stooq.com/q/d/l/?s=4183.jp&i=d,2026-03-26T08:35:00+00:00
4183,4183.T,4183.jp,2014-09-16,552.87,558.18,549.31,554.63,3886614,https://stooq.com/q/d/l/?s=4183.jp&i=d,2026-03-26T08:35:00+00:00
4183,4183.T,4183.jp,2014-09-17,552.87,556.40,544.00,549.31,3235364,https://stooq.com/q/d/l/?s=4183.jp&i=d,2026-03-26T08:35:00+00:00
4183,4183.T,4183.jp,2014-09-18,551.08,552.87,542.23,547.54,3909747,https://stooq.com/q/d/l/?s=4183.jp&i=d,2026-03-26T08:35:00+00:00
4183,4183.T,4183.jp,2014-09-19,549.31,563.49,544.00,561.72,5405252,https://stooq.com/q/d/l/?s=4183.jp&i=d,2026-03-26T08:35:00+00:00
4183,4183.T,4183.jp,2014-09-22,561.72,563.49,556.40,559.93,4055348,https://stooq.com/q/d/l/?s=4183.jp&i=d,2026-03-26T08:35:00+00:00
4183,4183.T,4183.jp,2014-09-24,556.40,558.18,540.46,547.54,7532814,https://stooq.com/q/d/l/?s=4183.jp&i=d,2026-03-26T08:35:00+00:00
4183,4183.T,4183.jp,2014-09-25,552.87,558.18,545.79,558.18,5579066,https://stooq.com/q/d/l/?s=4183.jp&i=d,2026-03-26T08:35:00+00:00
4183,4183.T,4183.jp,2014-09-26,549.28,558.18,549.28,556.40,3291646,https://stooq.com/q/d/l/?s=4183.jp&i=d,2026-03-26T08:35:00+00:00
4183,4183.T,4183.jp,2014-09-29,558.18,559.96,549.28,551.03,4656524,https://stooq.com/q/d/l/?s=4183.jp&i=d,2026-03-26T08:35:00+00:00
4183,4183.T,4183.jp,2014-09-30,549.28,551.03,540.35,543.90,3981936,https://stooq.com/q/d/l/?s=4183.jp&i=d,2026-03-26T08:35:00+00:00
4183,4183.T,4183.jp,2014-10-01,542.12,549.28,534.99,536.77,5609813,https://stooq.com/q/d/l/?s=4183.jp&i=d,2026-03-26T08:35:00+00:00
4183,4183.T,4183.jp,2014-10-02,529.64,534.99,522.51,524.29,4875228,https://stooq.com/q/d/l/?s=4183.jp&i=d,2026-03-26T08:35:00+00:00
4183,4183.T,4183.jp,2014-10-03,529.64,542.12,529.64,542.12,8423137,https://stooq.com/q/d/l/?s=4183.jp&i=d,2026-03-26T08:35:00+00:00
4183,4183.T,4183.jp,2014-10-06,547.48,552.82,538.55,547.48,4192780,https://stooq.com/q/d/l/?s=4183.jp&i=d,2026-03-26T08:35:00+00:00
4183,4183.T,4183.jp,2014-10-07,545.70,563.50,543.90,554.60,7620132,https://stooq.com/q/d/l/?s=4183.jp&i=d,2026-03-26T08:35:00+00:00
4183,4183.T,4183.jp,2014-10-08,547.48,554.60,542.12,551.03,4616155,https://stooq.com/q/d/l/?s=4183.jp&i=d,2026-03-26T08:35:00+00:00
4183,4183.T,4183.jp,2014-10-09,558.18,565.30,552.82,556.40,9228944,https://stooq.com/q/d/l/?s=4183.jp&i=d,2026-03-26T08:35:00+00:00
4183,4183.T,4183.jp,2014-10-10,549.28,551.03,531.42,538.55,9401658,https://stooq.com/q/d/l/?s=4183.jp&i=d,2026-03-26T08:35:00+00:00
4183,4183.T,4183.jp,2014-10-14,526.08,527.87,511.81,511.81,7797894,https://stooq.com/q/d/l/?s=4183.jp&i=d,2026-03-26T08:35:00+00:00
4183,4183.T,4183.jp,2014-10-15,513.59,518.94,504.67,518.94,5232986,https://stooq.com/q/d/l/?s=4183.jp&i=d,2026-03-26T08:35:00+00:00
4183,4183.T,4183.jp,2014-10-16,506.47,506.47,492.19,493.97,6376372,https://stooq.com/q/d/l/?s=4183.jp&i=d,2026-03-26T08:35:00+00:00
4183,4183.T,4183.jp,2014-10-17,506.47,517.15,488.64,492.19,8206680,https://stooq.com/q/d/l/?s=4183.jp&i=d,2026-03-26T08:35:00+00:00
4183,4183.T,4183.jp,2014-10-20,504.67,513.59,497.56,513.59,6610206,https://stooq.com/q/d/l/?s=4183.jp&i=d,2026-03-26T08:35:00+00:00
4183,4183.T,4183.jp,2014-10-21,515.39,517.15,499.31,499.31,5717482,https://stooq.com/q/d/l/?s=4183.jp&i=d,2026-03-26T08:35:00+00:00
4183,4183.T,4183.jp,2014-10-22,508.25,517.15,508.25,517.15,6093189,https://stooq.com/q/d/l/?s=4183.jp&i=d,2026-03-26T08:35:00+00:00
4183,4183.T,4183.jp,2014-10-23,515.39,536.77,511.81,526.08,8744452,https://stooq.com/q/d/l/?s=4183.jp&i=d,2026-03-26T08:35:00+00:00
4183,4183.T,4183.jp,2014-10-24,533.20,536.77,526.08,531.42,7364423,https://stooq.com/q/d/l/?s=4183.jp&i=d,2026-03-26T08:35:00+00:00
4183,4183.T,4183.jp,2014-10-27,540.35,556.40,540.35,549.28,7113208,https://stooq.com/q/d/l/?s=4183.jp&i=d,2026-03-26T08:35:00+00:00
4183,4183.T,4183.jp,2014-10-28,556.40,556.40,536.77,542.12,5421959,https://stooq.com/q/d/l/?s=4183.jp&i=d,2026-03-26T08:35:00+00:00
4183,4183.T,4183.jp,2014-10-29,549.28,556.40,547.48,554.60,3862494,https://stooq.com/q/d/l/?s=4183.jp&i=d,2026-03-26T08:35:00+00:00
4183,4183.T,4183.jp,2014-10-30,552.82,558.18,543.90,554.60,4215772,https://stooq.com/q/d/l/?s=4183.jp&i=d,2026-03-26T08:35:00+00:00
4183,4183.T,4183.jp,2014-10-31,559.96,577.78,556.40,572.42,8657530,https://stooq.com/q/d/l/?s=4183.jp&i=d,2026-03-26T08:35:00+00:00
4183,4183.T,4183.jp,2014-11-04,606.32,609.90,583.15,584.91,9321463,https://stooq.com/q/d/l/?s=4183.jp&i=d,2026-03-26T08:35:00+00:00
4183,4183.T,4183.jp,2014-11-05,576.02,602.75,558.18,570.65,12784145,https://stooq.com/q/d/l/?s=4183.jp&i=d,2026-03-26T08:35:00+00:00
4183,4183.T,4183.jp,2014-11-06,584.91,588.48,568.88,572.42,8473602,https://stooq.com/q/d/l/?s=4183.jp&i=d,2026-03-26T08:35:00+00:00
4183,4183.T,4183.jp,2014-11-07,579.57,579.57,567.10,572.42,4800080,https://stooq.com/q/d/l/?s=4183.jp&i=d,2026-03-26T08:35:00+00:00
4183,4183.T,4183.jp,2014-11-10,568.88,570.65,563.50,567.10,4102498,https://stooq.com/q/d/l/?s=4183.jp&i=d,2026-03-26T08:35:00+00:00
4183,4183.T,4183.jp,2014-11-11,570.65,572.42,551.03,556.40,9688762,https://stooq.com/q/d/l/?s=4183.jp&i=d,2026-03-26T08:35:00+00:00
4183,4183.T,4183.jp,2014-11-12,567.10,576.02,559.96,563.50,7250593,https://stooq.com/q/d/l/?s=4183.jp&i=d,2026-03-26T08:35:00+00:00
4183,4183.T,4183.jp,2014-11-13,563.50,563.50,552.82,556.40,7889855,https://stooq.com/q/d/l/?s=4183.jp&i=d,2026-03-26T08:35:00+00:00
4183,4183.T,4183.jp,2014-11-14,559.96,565.30,554.60,563.50,6539548,https://stooq.com/q/d/l/?s=4183.jp&i=d,2026-03-26T08:35:00+00:00
4183,4183.T,4183.jp,2014-11-17,563.50,568.88,551.03,554.60,5122515,https://stooq.com/q/d/l/?s=4183.jp&i=d,2026-03-26T08:35:00+00:00
4183,4183.T,4183.jp,2014-11-18,561.75,579.57,559.96,576.02,5399528,https://stooq.com/q/d/l/?s=4183.jp&i=d,2026-03-26T08:35:00+00:00
4183,4183.T,4183.jp,2014-11-19,583.15,583.15,572.42,574.23,3583796,https://stooq.com/q/d/l/?s=4183.jp&i=d,2026-03-26T08:35:00+00:00
4183,4183.T,4183.jp,2014-11-20,581.36,583.15,572.42,579.57,4813541,https://stooq.com/q/d/l/?s=4183.jp&i=d,2026-03-26T08:35:00+00:00
4183,4183.T,4183.jp,2014-11-21,583.15,588.48,577.78,586.69,5954674,https://stooq.com/q/d/l/?s=4183.jp&i=d,2026-03-26T08:35:00+00:00
4183,4183.T,4183.jp,2014-11-25,595.62,611.67,593.85,608.12,6070197,https://stooq.com/q/d/l/?s=4183.jp&i=d,2026-03-26T08:35:00+00:00
4183,4183.T,4183.jp,2014-11-26,606.32,615.24,602.75,606.32,4378952,https://stooq.com/q/d/l/?s=4183.jp&i=d,2026-03-26T08:35:00+00:00
4183,4183.T,4183.jp,2014-11-27,600.97,600.97,586.69,592.07,5864401,https://stooq.com/q/d/l/?s=4183.jp&i=d,2026-03-26T08:35:00+00:00
4183,4183.T,4183.jp,2014-11-28,592.07,597.39,590.28,592.07,3977452,https://stooq.com/q/d/l/?s=4183.jp&i=d,2026-03-26T08:35:00+00:00
4183,4183.T,4183.jp,2014-12-01,592.07,606.32,592.07,606.32,5298594,https://stooq.com/q/d/l/?s=4183.jp&i=d,2026-03-26T08:35:00+00:00
4183,4183.T,4183.jp,2014-12-02,604.54,617.02,602.75,615.24,5877293,https://stooq.com/q/d/l/?s=4183.jp&i=d,2026-03-26T08:35:00+00:00
4183,4183.T,4183.jp,2014-12-03,620.59,627.72,613.45,613.45,6124592,https://stooq.com/q/d/l/?s=4183.jp&i=d,2026-03-26T08:35:00+00:00
4183,4183.T,4183.jp,2014-12-04,618.81,640.20,609.90,640.20,7681251,https://stooq.com/q/d/l/?s=4183.jp&i=d,2026-03-26T08:35:00+00:00
4183,4183.T,4183.jp,2014-12-05,645.56,647.34,631.27,634.86,5387194,https://stooq.com/q/d/l/?s=4183.jp&i=d,2026-03-26T08:35:00+00:00
4183,4183.T,4183.jp,2014-12-08,638.42,643.78,631.27,638.42,3607351,https://stooq.com/q/d/l/?s=4183.jp&i=d,2026-03-26T08:35:00+00:00
4183,4183.T,4183.jp,2014-12-09,633.07,658.03,631.27,649.13,8586312,https://stooq.com/q/d/l/?s=4183.jp&i=d,2026-03-26T08:35:00+00:00
4183,4183.T,4183.jp,2014-12-10,642.00,642.00,609.90,615.24,8451173,https://stooq.com/q/d/l/?s=4183.jp&i=d,2026-03-26T08:35:00+00:00
4183,4183.T,4183.jp,2014-12-11,597.39,617.02,595.62,613.45,4782695,https://stooq.com/q/d/l/?s=4183.jp&i=d,2026-03-26T08:35:00+00:00
4183,4183.T,4183.jp,2014-12-12,609.90,622.37,608.12,611.67,6429640,https://stooq.com/q/d/l/?s=4183.jp&i=d,2026-03-26T08:35:00+00:00
4183,4183.T,4183.jp,2014-12-15,595.62,595.62,579.57,586.69,10579246,https://stooq.com/q/d/l/?s=4183.jp&i=d,2026-03-26T08:35:00+00:00
4183,4183.T,4183.jp,2014-12-16,583.15,588.48,576.02,577.78,4823073,https://stooq.com/q/d/l/?s=4183.jp&i=d,2026-03-26T08:35:00+00:00
4183,4183.T,4183.jp,2014-12-17,579.57,581.36,570.65,574.23,6632076,https://stooq.com/q/d/l/?s=4183.jp&i=d,2026-03-26T08:35:00+00:00
4183,4183.T,4183.jp,2014-12-18,586.69,590.28,583.15,583.15,4464188,https://stooq.com/q/d/l/?s=4183.jp&i=d,2026-03-26T08:35:00+00:00
4183,4183.T,4183.jp,2014-12-19,595.62,597.39,583.15,595.62,7306669,https://stooq.com/q/d/l/?s=4183.jp&i=d,2026-03-26T08:35:00+00:00
4183,4183.T,4183.jp,2014-12-22,593.85,606.32,588.48,604.54,6222163,https://stooq.com/q/d/l/?s=4183.jp&i=d,2026-03-26T08:35:00+00:00
4183,4183.T,4183.jp,2014-12-24,624.18,633.07,618.81,624.18,7356013,https://stooq.com/q/d/l/?s=4183.jp&i=d,2026-03-26T08:35:00+00:00
4183,4183.T,4183.jp,2014-12-25,622.37,624.18,611.67,617.02,4249419,https://stooq.com/q/d/l/?s=4183.jp&i=d,2026-03-26T08:35:00+00:00
4183,4183.T,4183.jp,2014-12-26,618.81,629.50,618.81,627.72,3079676,https://stooq.com/q/d/l/?s=4183.jp&i=d,2026-03-26T08:35:00+00:00
4183,4183.T,4183.jp,2014-12-29,629.50,633.07,611.67,622.37,3592771,https://stooq.com/q/d/l/?s=4183.jp&i=d,2026-03-26T08:35:00+00:00
4183,4183.T,4183.jp,2014-12-30,622.37,622.37,613.45,613.45,2786404,https://stooq.com/q/d/l/?s=4183.jp&i=d,2026-03-26T08:35:00+00:00
4183,4183.T,4183.jp,2015-01-05,606.32,611.67,595.62,602.75,4285304,https://stooq.com/q/d/l/?s=4183.jp&i=d,2026-03-26T08:35:00+00:00
4183,4183.T,4183.jp,2015-01-06,592.07,597.39,588.48,588.48,3746980,https://stooq.com/q/d/l/?s=4183.jp&i=d,2026-03-26T08:35:00+00:00
4183,4183.T,4183.jp,2015-01-07,588.48,606.32,586.69,604.54,7963873,https://stooq.com/q/d/l/?s=4183.jp&i=d,2026-03-26T08:35:00+00:00
4183,4183.T,4183.jp,2015-01-08,602.75,613.45,599.18,606.32,4205118,https://stooq.com/q/d/l/?s=4183.jp&i=d,2026-03-26T08:35:00+00:00
4183,4183.T,4183.jp,2015-01-09,613.45,617.02,602.75,609.90,4738396,https://stooq.com/q/d/l/?s=4183.jp&i=d,2026-03-26T08:35:00+00:00
4183,4183.T,4183.jp,2015-01-13,599.18,609.90,588.48,608.12,5219530,https://stooq.com/q/d/l/?s=4183.jp&i=d,2026-03-26T08:35:00+00:00
4183,4183.T,4183.jp,2015-01-14,613.45,617.02,597.39,599.18,4021187,https://stooq.com/q/d/l/?s=4183.jp&i=d,2026-03-26T08:35:00+00:00
4183,4183.T,4183.jp,2015-01-15,597.39,613.45,597.39,611.67,5288503,https://stooq.com/q/d/l/?s=4183.jp&i=d,2026-03-26T08:35:00+00:00
4183,4183.T,4183.jp,2015-01-16,593.85,597.39,577.78,583.15,7332460,https://stooq.com/q/d/l/?s=4183.jp&i=d,2026-03-26T08:35:00+00:00
4183,4183.T,4183.jp,2015-01-19,590.28,597.39,584.91,597.39,4359890,https://stooq.com/q/d/l/?s=4183.jp&i=d,2026-03-26T08:35:00+00:00
4183,4183.T,4183.jp,2015-01-20,595.62,599.18,592.07,593.85,3407155,https://stooq.com/q/d/l/?s=4183.jp&i=d,2026-03-26T08:35:00+00:00
4183,4183.T,4183.jp,2015-01-21,590.28,595.62,584.91,593.85,3377443,https://stooq.com/q/d/l/?s=4183.jp&i=d,2026-03-26T08:35:00+00:00
4183,4183.T,4183.jp,2015-01-22,592.07,595.62,588.48,588.48,3034818,https://stooq.com/q/d/l/?s=4183.jp&i=d,2026-03-26T08:35:00+00:00
4183,4183.T,4183.jp,2015-01-23,593.85,602.75,592.07,597.39,5005874,https://stooq.com/q/d/l/?s=4183.jp&i=d,2026-03-26T08:35:00+00:00
4183,4183.T,4183.jp,2015-01-26,590.28,590.28,579.57,588.48,4414837,https://stooq.com/q/d/l/?s=4183.jp&i=d,2026-03-26T08:35:00+00:00
4183,4183.T,4183.jp,2015-01-27,592.07,618.81,592.07,617.02,5168495,https://stooq.com/q/d/l/?s=4183.jp&i=d,2026-03-26T08:35:00+00:00
4183,4183.T,4183.jp,2015-01-28,609.90,633.07,609.90,625.96,4987934,https://stooq.com/q/d/l/?s=4183.jp&i=d,2026-03-26T08:35:00+00:00
4183,4183.T,4183.jp,2015-01-29,624.18,627.72,615.24,615.24,3427347,https://stooq.com/q/d/l/?s=4183.jp&i=d,2026-03-26T08:35:00+00:00
4183,4183.T,4183.jp,2015-01-30,627.72,631.27,618.81,618.81,3585479,https://stooq.com/q/d/l/?s=4183.jp&i=d,2026-03-26T08:35:00+00:00
4183,4183.T,4183.jp,2015-02-02,615.24,638.42,615.24,636.64,5718602,https://stooq.com/q/d/l/?s=4183.jp&i=d,2026-03-26T08:35:00+00:00
4183,4183.T,4183.jp,2015-02-03,642.00,649.13,611.67,615.24,6821611,https://stooq.com/q/d/l/?s=4183.jp&i=d,2026-03-26T08:35:00+00:00
4183,4183.T,4183.jp,2015-02-04,627.72,631.27,609.90,622.37,6803666,https://stooq.com/q/d/l/?s=4183.jp&i=d,2026-03-26T08:35:00+00:00
4183,4183.T,4183.jp,2015-02-05,622.37,634.86,595.62,599.18,7828728,https://stooq.com/q/d/l/?s=4183.jp&i=d,2026-03-26T08:35:00+00:00
4183,4183.T,4183.jp,2015-02-06,606.32,608.12,597.39,604.54,3277061,https://stooq.com/q/d/l/?s=4183.jp&i=d,2026-03-26T08:35:00+00:00
4183,4183.T,4183.jp,2015-02-09,604.54,609.90,599.18,604.54,4253906,https://stooq.com/q/d/l/?s=4183.jp&i=d,2026-03-26T08:35:00+00:00
4183,4183.T,4183.jp,2015-02-10,606.32,613.45,604.54,608.12,4625685,https://stooq.com/q/d/l/?s=4183.jp&i=d,2026-03-26T08:35:00+00:00
4183,4183.T,4183.jp,2015-02-12,622.37,636.64,615.24,631.27,7141244,https://stooq.com/q/d/l/?s=4183.jp&i=d,2026-03-26T08:35:00+00:00
4183,4183.T,4183.jp,2015-02-13,631.27,633.07,622.37,629.50,4048667,https://stooq.com/q/d/l/?s=4183.jp&i=d,2026-03-26T08:35:00+00:00
4183,4183.T,4183.jp,2015-02-16,629.50,634.86,620.59,624.18,6118978,https://stooq.com/q/d/l/?s=4183.jp&i=d,2026-03-26T08:35:00+00:00
4183,4183.T,4183.jp,2015-02-17,615.24,618.81,609.90,617.02,3642121,https://stooq.com/q/d/l/?s=4183.jp&i=d,2026-03-26T08:35:00+00:00
4183,4183.T,4183.jp,2015-02-18,622.37,629.50,617.02,624.18,3261361,https://stooq.com/q/d/l/?s=4183.jp&i=d,2026-03-26T08:35:00+00:00
4183,4183.T,4183.jp,2015-02-19,617.02,622.37,613.45,618.81,4515216,https://stooq.com/q/d/l/?s=4183.jp&i=d,2026-03-26T08:35:00+00:00
4183,4183.T,4183.jp,2015-02-20,622.37,631.27,620.59,624.18,3994269,https://stooq.com/q/d/l/?s=4183.jp&i=d,2026-03-26T08:35:00+00:00
4183,4183.T,4183.jp,2015-02-23,633.07,640.20,629.50,633.07,3064537,https://stooq.com/q/d/l/?s=4183.jp&i=d,2026-03-26T08:35:00+00:00
4183,4183.T,4183.jp,2015-02-24,640.20,656.25,638.42,650.90,6942731,https://stooq.com/q/d/l/?s=4183.jp&i=d,2026-03-26T08:35:00+00:00
4183,4183.T,4183.jp,2015-02-25,663.39,668.75,640.20,645.56,10637562,https://stooq.com/q/d/l/?s=4183.jp&i=d,2026-03-26T08:35:00+00:00
4183,4183.T,4183.jp,2015-02-26,645.56,656.25,642.00,654.48,4669986,https://stooq.com/q/d/l/?s=4183.jp&i=d,2026-03-26T08:35:00+00:00
4183,4183.T,4183.jp,2015-02-27,658.03,659.82,647.34,656.25,5873368,https://stooq.com/q/d/l/?s=4183.jp&i=d,2026-03-26T08:35:00+00:00
4183,4183.T,4183.jp,2015-03-02,663.39,672.30,658.03,663.39,3479500,https://stooq.com/q/d/l/?s=4183.jp&i=d,2026-03-26T08:35:00+00:00
4183,4183.T,4183.jp,2015-03-03,665.16,666.96,650.90,656.25,2871079,https://stooq.com/q/d/l/?s=4183.jp&i=d,2026-03-26T08:35:00+00:00
4183,4183.T,4183.jp,2015-03-04,663.39,677.67,661.61,666.96,9058469,https://stooq.com/q/d/l/?s=4183.jp&i=d,2026-03-26T08:35:00+00:00
4183,4183.T,4183.jp,2015-03-05,659.82,661.61,642.00,654.48,4752978,https://stooq.com/q/d/l/?s=4183.jp&i=d,2026-03-26T08:35:00+00:00
4183,4183.T,4183.jp,2015-03-06,654.48,661.61,652.69,656.25,3250148,https://stooq.com/q/d/l/?s=4183.jp&i=d,2026-03-26T08:35:00+00:00
4183,4183.T,4183.jp,2015-03-09,650.90,659.82,649.13,649.13,3250709,https://stooq.com/q/d/l/?s=4183.jp&i=d,2026-03-26T08:35:00+00:00
4183,4183.T,4183.jp,2015-03-10,650.90,652.69,636.64,642.00,6150942,https://stooq.com/q/d/l/?s=4183.jp&i=d,2026-03-26T08:35:00+00:00
4183,4183.T,4183.jp,2015-03-11,634.86,645.56,631.27,633.07,6340478,https://stooq.com/q/d/l/?s=4183.jp&i=d,2026-03-26T08:35:00+00:00
4183,4183.T,4183.jp,2015-03-12,636.64,645.56,633.07,645.56,5263268,https://stooq.com/q/d/l/?s=4183.jp&i=d,2026-03-26T08:35:00+00:00
4183,4183.T,4183.jp,2015-03-13,652.69,665.16,647.34,654.48,8101262,https://stooq.com/q/d/l/?s=4183.jp&i=d,2026-03-26T08:35:00+00:00
4183,4183.T,4183.jp,2015-03-16,659.82,666.96,658.03,659.82,4099129,https://stooq.com/q/d/l/?s=4183.jp&i=d,2026-03-26T08:35:00+00:00
4183,4183.T,4183.jp,2015-03-17,668.75,672.30,656.25,656.25,3744175,https://stooq.com/q/d/l/?s=4183.jp&i=d,2026-03-26T08:35:00+00:00
4183,4183.T,4183.jp,2015-03-18,668.75,690.13,666.96,683.00,10670648,https://stooq.com/q/d/l/?s=4183.jp&i=d,2026-03-26T08:35:00+00:00
4183,4183.T,4183.jp,2015-03-19,686.58,702.62,675.88,688.37,9097720,https://stooq.com/q/d/l/?s=4183.jp&i=d,2026-03-26T08:35:00+00:00
4183,4183.T,4183.jp,2015-03-20,688.37,699.05,684.79,690.13,7091897,https://stooq.com/q/d/l/?s=4183.jp&i=d,2026-03-26T08:35:00+00:00
4183,4183.T,4183.jp,2015-03-23,693.72,709.76,691.91,707.97,6215993,https://stooq.com/q/d/l/?s=4183.jp&i=d,2026-03-26T08:35:00+00:00
4183,4183.T,4183.jp,2015-03-24,700.83,704.40,686.58,691.91,6917499,https://stooq.com/q/d/l/?s=4183.jp&i=d,2026-03-26T08:35:00+00:00
4183,4183.T,4183.jp,2015-03-25,688.37,697.27,681.23,691.91,4487174,https://stooq.com/q/d/l/?s=4183.jp&i=d,2026-03-26T08:35:00+00:00
4183,4183.T,4183.jp,2015-03-26,688.37,690.13,684.79,690.13,3415011,https://stooq.com/q/d/l/?s=4183.jp&i=d,2026-03-26T08:35:00+00:00
4183,4183.T,4183.jp,2015-03-27,688.33,704.51,673.97,686.55,7035810,https://stooq.com/q/d/l/?s=4183.jp&i=d,2026-03-26T08:35:00+00:00
4183,4183.T,4183.jp,2015-03-30,679.36,700.91,675.76,697.32,5647562,https://stooq.com/q/d/l/?s=4183.jp&i=d,2026-03-26T08:35:00+00:00
4183,4183.T,4183.jp,2015-03-31,708.11,709.91,693.74,693.74,5984748,https://stooq.com/q/d/l/?s=4183.jp&i=d,2026-03-26T08:35:00+00:00
4183,4183.T,4183.jp,2015-04-01,690.14,695.53,677.55,686.55,7436981,https://stooq.com/q/d/l/?s=4183.jp&i=d,2026-03-26T08:35:00+00:00
4183,4183.T,4183.jp,2015-04-02,686.55,700.91,684.76,697.32,5754950,https://stooq.com/q/d/l/?s=4183.jp&i=d,2026-03-26T08:35:00+00:00
4183,4183.T,4183.jp,2015-04-03,699.12,715.33,697.32,706.31,6078228,https://stooq.com/q/d/l/?s=4183.jp&i=d,2026-03-26T08:35:00+00:00
4183,4183.T,4183.jp,2015-04-06,702.72,717.11,693.74,708.11,4539751,https://stooq.com/q/d/l/?s=4183.jp&i=d,2026-03-26T08:35:00+00:00
4183,4183.T,4183.jp,2015-04-07,713.50,726.09,709.91,720.68,4169181,https://stooq.com/q/d/l/?s=4183.jp&i=d,2026-03-26T08:35:00+00:00
4183,4183.T,4183.jp,2015-04-08,727.87,735.07,715.33,718.90,5658134,https://stooq.com/q/d/l/?s=4183.jp&i=d,2026-03-26T08:35:00+00:00
4183,4183.T,4183.jp,2015-04-09,722.48,733.27,722.48,731.46,3776916,https://stooq.com/q/d/l/?s=4183.jp&i=d,2026-03-26T08:35:00+00:00
4183,4183.T,4183.jp,2015-04-10,731.46,731.46,702.72,709.91,7983929,https://stooq.com/q/d/l/?s=4183.jp&i=d,2026-03-26T08:35:00+00:00
4183,4183.T,4183.jp,2015-04-13,711.71,713.50,697.32,702.72,4514714,https://stooq.com/q/d/l/?s=4183.jp&i=d,2026-03-26T08:35:00+00:00
4183,4183.T,4183.jp,2015-04-14,704.51,715.33,702.72,708.11,5269200,https://stooq.com/q/d/l/?s=4183.jp&i=d,2026-03-26T08:35:00+00:00
4183,4183.T,4183.jp,2015-04-15,708.11,733.27,706.31,726.09,7472590,https://stooq.com/q/d/l/?s=4183.jp&i=d,2026-03-26T08:35:00+00:00
4183,4183.T,4183.jp,2015-04-16,722.48,727.87,709.91,713.50,6822148,https://stooq.com/q/d/l/?s=4183.jp&i=d,2026-03-26T08:35:00+00:00
4183,4183.T,4183.jp,2015-04-17,706.31,709.91,699.12,704.51,6787092,https://stooq.com/q/d/l/?s=4183.jp&i=d,2026-03-26T08:35:00+00:00
4183,4183.T,4183.jp,2015-04-20,691.94,700.91,688.33,695.53,4297710,https://stooq.com/q/d/l/?s=4183.jp&i=d,2026-03-26T08:35:00+00:00
4183,4183.T,4183.jp,2015-04-21,702.72,708.11,697.32,702.72,4715017,https://stooq.com/q/d/l/?s=4183.jp&i=d,2026-03-26T08:35:00+00:00
4183,4183.T,4183.jp,2015-04-22,704.51,708.11,697.32,702.72,4035644,https://stooq.com/q/d/l/?s=4183.jp&i=d,2026-03-26T08:35:00+00:00
4183,4183.T,4183.jp,2015-04-23,704.51,715.33,700.91,708.11,3835334,https://stooq.com/q/d/l/?s=4183.jp&i=d,2026-03-26T08:35:00+00:00
4183,4183.T,4183.jp,2015-04-24,718.90,738.65,715.33,726.09,10123326,https://stooq.com/q/d/l/?s=4183.jp&i=d,2026-03-26T08:35:00+00:00
4183,4183.T,4183.jp,2015-04-27,735.07,760.23,726.09,726.09,10448826,https://stooq.com/q/d/l/?s=4183.jp&i=d,2026-03-26T08:35:00+00:00
4183,4183.T,4183.jp,2015-04-28,729.67,735.07,720.68,720.68,5279777,https://stooq.com/q/d/l/?s=4183.jp&i=d,2026-03-26T08:35:00+00:00
4183,4183.T,4183.jp,2015-04-30,713.50,722.48,706.31,713.50,5741042,https://stooq.com/q/d/l/?s=4183.jp&i=d,2026-03-26T08:35:00+00:00
4183,4183.T,4183.jp,2015-05-01,704.51,709.91,688.33,693.74,6784310,https://stooq.com/q/d/l/?s=4183.jp&i=d,2026-03-26T08:35:00+00:00
4183,4183.T,4183.jp,2015-05-07,691.94,699.12,684.76,684.76,4810165,https://stooq.com/q/d/l/?s=4183.jp&i=d,2026-03-26T08:35:00+00:00
4183,4183.T,4183.jp,2015-05-08,686.55,695.53,681.17,691.94,3489806,https://stooq.com/q/d/l/?s=4183.jp&i=d,2026-03-26T08:35:00+00:00
4183,4183.T,4183.jp,2015-05-11,700.91,711.71,699.12,709.91,4643802,https://stooq.com/q/d/l/?s=4183.jp&i=d,2026-03-26T08:35:00+00:00
4183,4183.T,4183.jp,2015-05-12,713.50,733.27,688.33,699.12,12690606,https://stooq.com/q/d/l/?s=4183.jp&i=d,2026-03-26T08:35:00+00:00
4183,4183.T,4183.jp,2015-05-13,697.32,702.72,677.55,697.32,7008539,https://stooq.com/q/d/l/?s=4183.jp&i=d,2026-03-26T08:35:00+00:00
4183,4183.T,4183.jp,2015-05-14,691.94,700.91,684.76,695.53,4784012,https://stooq.com/q/d/l/?s=4183.jp&i=d,2026-03-26T08:35:00+00:00
4183,4183.T,4183.jp,2015-05-15,702.72,711.71,700.91,704.51,3321768,https://stooq.com/q/d/l/?s=4183.jp&i=d,2026-03-26T08:35:00+00:00
4183,4183.T,4183.jp,2015-05-18,708.11,724.29,708.11,720.68,4613195,https://stooq.com/q/d/l/?s=4183.jp&i=d,2026-03-26T08:35:00+00:00
4183,4183.T,4183.jp,2015-05-19,722.48,727.87,715.33,718.90,4464079,https://stooq.com/q/d/l/?s=4183.jp&i=d,2026-03-26T08:35:00+00:00
4183,4183.T,4183.jp,2015-05-20,724.29,738.65,724.29,726.09,5404969,https://stooq.com/q/d/l/?s=4183.jp&i=d,2026-03-26T08:35:00+00:00
4183,4183.T,4183.jp,2015-05-21,731.46,736.86,727.87,731.46,3441952,https://stooq.com/q/d/l/?s=4183.jp&i=d,2026-03-26T08:35:00+00:00
4183,4183.T,4183.jp,2015-05-22,733.27,740.47,729.67,738.65,3168757,https://stooq.com/q/d/l/?s=4183.jp&i=d,2026-03-26T08:35:00+00:00
4183,4183.T,4183.jp,2015-05-25,738.65,742.26,735.07,738.65,2347490,https://stooq.com/q/d/l/?s=4183.jp&i=d,2026-03-26T08:35:00+00:00
4183,4183.T,4183.jp,2015-05-26,738.65,740.47,729.67,733.27,2635154,https://stooq.com/q/d/l/?s=4183.jp&i=d,2026-03-26T08:35:00+00:00
4183,4183.T,4183.jp,2015-05-27,726.09,735.07,720.68,729.67,3386870,https://stooq.com/q/d/l/?s=4183.jp&i=d,2026-03-26T08:35:00+00:00
4183,4183.T,4183.jp,2015-05-28,735.07,735.07,720.68,727.87,4828531,https://stooq.com/q/d/l/?s=4183.jp&i=d,2026-03-26T08:35:00+00:00
4183,4183.T,4183.jp,2015-05-29,726.09,735.07,724.29,729.67,4328315,https://stooq.com/q/d/l/?s=4183.jp&i=d,2026-03-26T08:35:00+00:00
4183,4183.T,4183.jp,2015-06-01,729.67,753.05,726.09,749.46,5819495,https://stooq.com/q/d/l/?s=4183.jp&i=d,2026-03-26T08:35:00+00:00
4183,4183.T,4183.jp,2015-06-02,749.46,767.41,749.46,751.26,5887926,https://stooq.com/q/d/l/?s=4183.jp&i=d,2026-03-26T08:35:00+00:00
4183,4183.T,4183.jp,2015-06-03,751.26,758.44,742.26,754.86,4486335,https://stooq.com/q/d/l/?s=4183.jp&i=d,2026-03-26T08:35:00+00:00
4183,4183.T,4183.jp,2015-06-04,762.02,762.02,753.05,754.86,3107550,https://stooq.com/q/d/l/?s=4183.jp&i=d,2026-03-26T08:35:00+00:00
4183,4183.T,4183.jp,2015-06-05,754.86,760.23,745.85,758.44,3796389,https://stooq.com/q/d/l/?s=4183.jp&i=d,2026-03-26T08:35:00+00:00
4183,4183.T,4183.jp,2015-06-08,763.80,776.40,762.02,769.21,4804599,https://stooq.com/q/d/l/?s=4183.jp&i=d,2026-03-26T08:35:00+00:00
4183,4183.T,4183.jp,2015-06-09,763.80,771.01,758.44,760.23,5773312,https://stooq.com/q/d/l/?s=4183.jp&i=d,2026-03-26T08:35:00+00:00
4183,4183.T,4183.jp,2015-06-10,763.80,767.41,751.26,760.23,5721007,https://stooq.com/q/d/l/?s=4183.jp&i=d,2026-03-26T08:35:00+00:00
4183,4183.T,4183.jp,2015-06-11,763.80,765.61,753.05,763.80,5852876,https://stooq.com/q/d/l/?s=4183.jp&i=d,2026-03-26T08:35:00+00:00
4183,4183.T,4183.jp,2015-06-12,763.80,767.41,756.63,767.41,5576900,https://stooq.com/q/d/l/?s=4183.jp&i=d,2026-03-26T08:35:00+00:00
4183,4183.T,4183.jp,2015-06-15,760.23,769.21,760.23,769.21,3204923,https://stooq.com/q/d/l/?s=4183.jp&i=d,2026-03-26T08:35:00+00:00
4183,4183.T,4183.jp,2015-06-16,772.81,803.36,772.81,801.57,11369686,https://stooq.com/q/d/l/?s=4183.jp&i=d,2026-03-26T08:35:00+00:00
4183,4183.T,4183.jp,2015-06-17,801.57,819.57,801.57,810.57,11726899,https://stooq.com/q/d/l/?s=4183.jp&i=d,2026-03-26T08:35:00+00:00
4183,4183.T,4183.jp,2015-06-18,799.75,815.96,788.97,803.36,7830361,https://stooq.com/q/d/l/?s=4183.jp&i=d,2026-03-26T08:35:00+00:00
4183,4183.T,4183.jp,2015-06-19,815.96,824.93,808.76,812.36,4758418,https://stooq.com/q/d/l/?s=4183.jp&i=d,2026-03-26T08:35:00+00:00
4183,4183.T,4183.jp,2015-06-22,808.76,817.76,803.36,812.36,5903511,https://stooq.com/q/d/l/?s=4183.jp&i=d,2026-03-26T08:35:00+00:00
4183,4183.T,4183.jp,2015-06-23,855.50,873.46,842.91,873.46,11815931,https://stooq.com/q/d/l/?s=4183.jp&i=d,2026-03-26T08:35:00+00:00
4183,4183.T,4183.jp,2015-06-24,862.67,871.66,855.50,857.27,8643274,https://stooq.com/q/d/l/?s=4183.jp&i=d,2026-03-26T08:35:00+00:00
4183,4183.T,4183.jp,2015-06-25,844.72,846.50,823.14,837.51,11448139,https://stooq.com/q/d/l/?s=4183.jp&i=d,2026-03-26T08:35:00+00:00
4183,4183.T,4183.jp,2015-06-26,842.91,842.91,824.93,828.51,7081429,https://stooq.com/q/d/l/?s=4183.jp&i=d,2026-03-26T08:35:00+00:00
4183,4183.T,4183.jp,2015-06-29,806.95,826.74,805.15,812.36,6779302,https://stooq.com/q/d/l/?s=4183.jp&i=d,2026-03-26T08:35:00+00:00
4183,4183.T,4183.jp,2015-06-30,808.76,823.14,799.75,817.76,8004516,https://stooq.com/q/d/l/?s=4183.jp&i=d,2026-03-26T08:35:00+00:00
4183,4183.T,4183.jp,2015-07-01,819.57,839.30,814.15,833.91,5808925,https://stooq.com/q/d/l/?s=4183.jp&i=d,2026-03-26T08:35:00+00:00
4183,4183.T,4183.jp,2015-07-02,842.91,844.72,828.51,830.30,5915194,https://stooq.com/q/d/l/?s=4183.jp&i=d,2026-03-26T08:35:00+00:00
4183,4183.T,4183.jp,2015-07-03,821.36,842.91,817.76,839.30,5275329,https://stooq.com/q/d/l/?s=4183.jp&i=d,2026-03-26T08:35:00+00:00
4183,4183.T,4183.jp,2015-07-06,823.14,828.51,803.36,805.15,7421955,https://stooq.com/q/d/l/?s=4183.jp&i=d,2026-03-26T08:35:00+00:00
4183,4183.T,4183.jp,2015-07-07,814.15,839.30,814.15,837.51,6329718,https://stooq.com/q/d/l/?s=4183.jp&i=d,2026-03-26T08:35:00+00:00
4183,4183.T,4183.jp,2015-07-08,837.51,839.30,776.40,776.40,9636467,https://stooq.com/q/d/l/?s=4183.jp&i=d,2026-03-26T08:35:00+00:00
4183,4183.T,4183.jp,2015-07-09,756.63,783.61,745.85,783.61,8875300,https://stooq.com/q/d/l/?s=4183.jp&i=d,2026-03-26T08:35:00+00:00
4183,4183.T,4183.jp,2015-07-10,783.61,787.20,769.21,780.00,6504991,https://stooq.com/q/d/l/?s=4183.jp&i=d,2026-03-26T08:35:00+00:00
4183,4183.T,4183.jp,2015-07-13,780.00,787.20,760.23,763.80,8160870,https://stooq.com/q/d/l/?s=4183.jp&i=d,2026-03-26T08:35:00+00:00
4183,4183.T,4183.jp,2015-07-14,781.79,790.77,774.61,781.79,7651197,https://stooq.com/q/d/l/?s=4183.jp&i=d,2026-03-26T08:35:00+00:00
4183,4183.T,4183.jp,2015-07-15,790.77,794.38,771.01,780.00,4724478,https://stooq.com/q/d/l/?s=4183.jp&i=d,2026-03-26T08:35:00+00:00
4183,4183.T,4183.jp,2015-07-16,790.77,792.60,772.81,781.79,6127749,https://stooq.com/q/d/l/?s=4183.jp&i=d,2026-03-26T08:35:00+00:00
4183,4183.T,4183.jp,2015-07-17,781.79,788.97,776.40,788.97,3789708,https://stooq.com/q/d/l/?s=4183.jp&i=d,2026-03-26T08:35:00+00:00
4183,4183.T,4183.jp,2015-07-21,792.60,794.38,767.41,771.01,7064739,https://stooq.com/q/d/l/?s=4183.jp&i=d,2026-03-26T08:35:00+00:00
4183,4183.T,4183.jp,2015-07-22,846.50,875.25,837.51,866.26,25617129,https://stooq.com/q/d/l/?s=4183.jp&i=d,2026-03-26T08:35:00+00:00
4183,4183.T,4183.jp,2015-07-23,862.67,878.87,862.67,875.25,9945832,https://stooq.com/q/d/l/?s=4183.jp&i=d,2026-03-26T08:35:00+00:00
4183,4183.T,4183.jp,2015-07-24,868.04,875.25,848.30,851.92,6147218,https://stooq.com/q/d/l/?s=4183.jp&i=d,2026-03-26T08:35:00+00:00
4183,4183.T,4183.jp,2015-07-27,837.51,839.30,815.96,819.57,6783756,https://stooq.com/q/d/l/?s=4183.jp&i=d,2026-03-26T08:35:00+00:00
4183,4183.T,4183.jp,2015-07-28,806.95,812.36,796.16,797.96,8822440,https://stooq.com/q/d/l/?s=4183.jp&i=d,2026-03-26T08:35:00+00:00
4183,4183.T,4183.jp,2015-07-29,817.76,828.51,812.36,814.15,5930218,https://stooq.com/q/d/l/?s=4183.jp&i=d,2026-03-26T08:35:00+00:00
4183,4183.T,4183.jp,2015-07-30,823.14,844.72,819.57,833.91,6716981,https://stooq.com/q/d/l/?s=4183.jp&i=d,2026-03-26T08:35:00+00:00
4183,4183.T,4183.jp,2015-07-31,832.10,859.07,828.51,835.72,5174614,https://stooq.com/q/d/l/?s=4183.jp&i=d,2026-03-26T08:35:00+00:00
4183,4183.T,4183.jp,2015-08-03,841.11,855.50,823.14,832.10,6064313,https://stooq.com/q/d/l/?s=4183.jp&i=d,2026-03-26T08:35:00+00:00
4183,4183.T,4183.jp,2015-08-04,835.72,842.91,824.93,828.51,4379504,https://stooq.com/q/d/l/?s=4183.jp&i=d,2026-03-26T08:35:00+00:00
4183,4183.T,4183.jp,2015-08-05,837.51,853.71,830.30,846.50,5369359,https://stooq.com/q/d/l/?s=4183.jp&i=d,2026-03-26T08:35:00+00:00
4183,4183.T,4183.jp,2015-08-06,846.50,848.30,824.93,824.93,6793771,https://stooq.com/q/d/l/?s=4183.jp&i=d,2026-03-26T08:35:00+00:00
4183,4183.T,4183.jp,2015-08-07,785.41,806.95,781.79,803.36,8474128,https://stooq.com/q/d/l/?s=4183.jp&i=d,2026-03-26T08:35:00+00:00
4183,4183.T,4183.jp,2015-08-10,812.36,819.57,792.60,799.75,5704320,https://stooq.com/q/d/l/?s=4183.jp&i=d,2026-03-26T08:35:00+00:00
4183,4183.T,4183.jp,2015-08-11,808.76,814.15,790.77,794.38,6305242,https://stooq.com/q/d/l/?s=4183.jp&i=d,2026-03-26T08:35:00+00:00
4183,4183.T,4183.jp,2015-08-12,794.38,801.57,778.20,783.61,4415672,https://stooq.com/q/d/l/?s=4183.jp&i=d,2026-03-26T08:35:00+00:00
4183,4183.T,4183.jp,2015-08-13,792.60,794.38,774.61,790.77,4779006,https://stooq.com/q/d/l/?s=4183.jp&i=d,2026-03-26T08:35:00+00:00
4183,4183.T,4183.jp,2015-08-14,790.77,805.15,785.41,794.38,5417764,https://stooq.com/q/d/l/?s=4183.jp&i=d,2026-03-26T08:35:00+00:00
4183,4183.T,4183.jp,2015-08-17,792.60,792.60,776.40,781.79,4266553,https://stooq.com/q/d/l/?s=4183.jp&i=d,2026-03-26T08:35:00+00:00
4183,4183.T,4183.jp,2015-08-18,787.20,805.15,787.20,797.96,3678430,https://stooq.com/q/d/l/?s=4183.jp&i=d,2026-03-26T08:35:00+00:00
4183,4183.T,4183.jp,2015-08-19,797.96,821.36,797.96,801.57,8192583,https://stooq.com/q/d/l/?s=4183.jp&i=d,2026-03-26T08:35:00+00:00
4183,4183.T,4183.jp,2015-08-20,788.97,796.16,778.20,780.00,4772886,https://stooq.com/q/d/l/?s=4183.jp&i=d,2026-03-26T08:35:00+00:00
4183,4183.T,4183.jp,2015-08-21,756.63,762.02,742.26,747.64,6479395,https://stooq.com/q/d/l/?s=4183.jp&i=d,2026-03-26T08:35:00+00:00
4183,4183.T,4183.jp,2015-08-24,715.33,729.67,690.14,691.94,8450759,https://stooq.com/q/d/l/?s=4183.jp&i=d,2026-03-26T08:35:00+00:00
4183,4183.T,4183.jp,2015-08-25,654.20,704.51,652.40,664.98,7064182,https://stooq.com/q/d/l/?s=4183.jp&i=d,2026-03-26T08:35:00+00:00
4183,4183.T,4183.jp,2015-08-26,668.57,699.12,668.57,693.74,5312604,https://stooq.com/q/d/l/?s=4183.jp&i=d,2026-03-26T08:35:00+00:00
4183,4183.T,4183.jp,2015-08-27,708.11,711.71,695.53,697.32,5179068,https://stooq.com/q/d/l/?s=4183.jp&i=d,2026-03-26T08:35:00+00:00
4183,4183.T,4183.jp,2015-08-28,742.26,756.63,733.27,754.86,8672767,https://stooq.com/q/d/l/?s=4183.jp&i=d,2026-03-26T08:35:00+00:00
4183,4183.T,4183.jp,2015-08-31,747.64,751.26,731.46,738.65,7313459,https://stooq.com/q/d/l/?s=4183.jp&i=d,2026-03-26T08:35:00+00:00
4183,4183.T,4183.jp,2015-09-01,753.05,754.86,706.31,708.11,9953066,https://stooq.com/q/d/l/?s=4183.jp&i=d,2026-03-26T08:35:00+00:00
4183,4183.T,4183.jp,2015-09-02,695.53,718.90,688.33,702.72,9027195,https://stooq.com/q/d/l/?s=4183.jp&i=d,2026-03-26T08:35:00+00:00
4183,4183.T,4183.jp,2015-09-03,720.68,731.46,706.31,708.11,6585116,https://stooq.com/q/d/l/?s=4183.jp&i=d,2026-03-26T08:35:00+00:00
4183,4183.T,4183.jp,2015-09-04,711.71,715.33,681.17,693.74,6961249,https://stooq.com/q/d/l/?s=4183.jp&i=d,2026-03-26T08:35:00+00:00
4183,4183.T,4183.jp,2015-09-07,682.97,691.94,670.36,682.97,8256572,https://stooq.com/q/d/l/?s=4183.jp&i=d,2026-03-26T08:35:00+00:00
4183,4183.T,4183.jp,2015-09-08,691.94,700.91,673.97,677.55,5463390,https://stooq.com/q/d/l/?s=4183.jp&i=d,2026-03-26T08:35:00+00:00
4183,4183.T,4183.jp,2015-09-09,704.51,726.09,700.91,724.29,7453117,https://stooq.com/q/d/l/?s=4183.jp&i=d,2026-03-26T08:35:00+00:00
4183,4183.T,4183.jp,2015-09-10,708.11,720.68,704.51,717.11,7191602,https://stooq.com/q/d/l/?s=4183.jp&i=d,2026-03-26T08:35:00+00:00
4183,4183.T,4183.jp,2015-09-11,706.31,720.68,706.31,715.33,5013251,https://stooq.com/q/d/l/?s=4183.jp&i=d,2026-03-26T08:35:00+00:00
4183,4183.T,4183.jp,2015-09-14,722.48,722.48,700.91,704.51,3478115,https://stooq.com/q/d/l/?s=4183.jp&i=d,2026-03-26T08:35:00+00:00
4183,4183.T,4183.jp,2015-09-15,708.11,717.11,699.12,699.12,4365594,https://stooq.com/q/d/l/?s=4183.jp&i=d,2026-03-26T08:35:00+00:00
4183,4183.T,4183.jp,2015-09-16,711.71,713.50,700.91,708.11,5142896,https://stooq.com/q/d/l/?s=4183.jp&i=d,2026-03-26T08:35:00+00:00
4183,4183.T,4183.jp,2015-09-17,738.65,749.46,731.46,745.85,7230552,https://stooq.com/q/d/l/?s=4183.jp&i=d,2026-03-26T08:35:00+00:00
4183,4183.T,4183.jp,2015-09-18,735.07,736.86,722.48,729.67,4511930,https://stooq.com/q/d/l/?s=4183.jp&i=d,2026-03-26T08:35:00+00:00
4183,4183.T,4183.jp,2015-09-24,718.90,729.67,706.31,711.71,4452951,https://stooq.com/q/d/l/?s=4183.jp&i=d,2026-03-26T08:35:00+00:00
4183,4183.T,4183.jp,2015-09-25,704.51,731.46,697.32,727.87,9374398,https://stooq.com/q/d/l/?s=4183.jp&i=d,2026-03-26T08:35:00+00:00
4183,4183.T,4183.jp,2015-09-28,716.99,727.88,700.65,704.28,6030315,https://stooq.com/q/d/l/?s=4183.jp&i=d,2026-03-26T08:35:00+00:00
4183,4183.T,4183.jp,2015-09-29,687.96,687.96,664.35,671.60,6307425,https://stooq.com/q/d/l/?s=4183.jp&i=d,2026-03-26T08:35:00+00:00
4183,4183.T,4183.jp,2015-09-30,689.78,695.20,678.87,691.59,5450747,https://stooq.com/q/d/l/?s=4183.jp&i=d,2026-03-26T08:35:00+00:00
4183,4183.T,4183.jp,2015-10-01,706.10,716.99,689.78,711.53,5926737,https://stooq.com/q/d/l/?s=4183.jp&i=d,2026-03-26T08:35:00+00:00
4183,4183.T,4183.jp,2015-10-02,702.47,733.33,700.65,729.68,4553309,https://stooq.com/q/d/l/?s=4183.jp&i=d,2026-03-26T08:35:00+00:00
4183,4183.T,4183.jp,2015-10-05,727.88,742.39,724.26,740.59,5121857,https://stooq.com/q/d/l/?s=4183.jp&i=d,2026-03-26T08:35:00+00:00
4183,4183.T,4183.jp,2015-10-06,753.29,760.56,738.75,742.39,3674598,https://stooq.com/q/d/l/?s=4183.jp&i=d,2026-03-26T08:35:00+00:00
4183,4183.T,4183.jp,2015-10-07,751.48,800.50,749.66,787.78,12641840,https://stooq.com/q/d/l/?s=4183.jp&i=d,2026-03-26T08:35:00+00:00
4183,4183.T,4183.jp,2015-10-08,784.15,802.30,766.00,771.42,9692249,https://stooq.com/q/d/l/?s=4183.jp&i=d,2026-03-26T08:35:00+00:00
4183,4183.T,4183.jp,2015-10-09,798.66,820.47,795.05,807.73,11640280,https://stooq.com/q/d/l/?s=4183.jp&i=d,2026-03-26T08:35:00+00:00
4183,4183.T,4183.jp,2015-10-13,796.85,815.00,795.05,805.91,5103674,https://stooq.com/q/d/l/?s=4183.jp&i=d,2026-03-26T08:35:00+00:00
4183,4183.T,4183.jp,2015-10-14,798.66,805.91,787.78,789.60,4200721,https://stooq.com/q/d/l/?s=4183.jp&i=d,2026-03-26T08:35:00+00:00
4183,4183.T,4183.jp,2015-10-15,780.51,798.66,771.42,798.66,3743465,https://stooq.com/q/d/l/?s=4183.jp&i=d,2026-03-26T08:35:00+00:00
4183,4183.T,4183.jp,2015-10-16,804.11,813.19,798.66,807.73,4631540,https://stooq.com/q/d/l/?s=4183.jp&i=d,2026-03-26T08:35:00+00:00
4183,4183.T,4183.jp,2015-10-19,800.50,802.30,791.43,795.05,4542843,https://stooq.com/q/d/l/?s=4183.jp&i=d,2026-03-26T08:35:00+00:00
4183,4183.T,4183.jp,2015-10-20,805.91,805.91,796.85,796.85,3444868,https://stooq.com/q/d/l/?s=4183.jp&i=d,2026-03-26T08:35:00+00:00
4183,4183.T,4183.jp,2015-10-21,796.85,820.47,793.24,816.83,4691589,https://stooq.com/q/d/l/?s=4183.jp&i=d,2026-03-26T08:35:00+00:00
4183,4183.T,4183.jp,2015-10-22,809.56,822.27,798.66,807.73,4383632,https://stooq.com/q/d/l/?s=4183.jp&i=d,2026-03-26T08:35:00+00:00
4183,4183.T,4183.jp,2015-10-23,822.27,827.74,815.00,820.47,4559919,https://stooq.com/q/d/l/?s=4183.jp&i=d,2026-03-26T08:35:00+00:00
4183,4183.T,4183.jp,2015-10-26,824.09,836.77,818.65,831.34,3861908,https://stooq.com/q/d/l/?s=4183.jp&i=d,2026-03-26T08:35:00+00:00
4183,4183.T,4183.jp,2015-10-27,829.53,833.15,820.47,822.27,3856951,https://stooq.com/q/d/l/?s=4183.jp&i=d,2026-03-26T08:35:00+00:00
4183,4183.T,4183.jp,2015-10-28,824.09,829.53,820.47,827.74,2931416,https://stooq.com/q/d/l/?s=4183.jp&i=d,2026-03-26T08:35:00+00:00
4183,4183.T,4183.jp,2015-10-29,831.34,833.15,822.27,829.53,5119099,https://stooq.com/q/d/l/?s=4183.jp&i=d,2026-03-26T08:35:00+00:00
4183,4183.T,4183.jp,2015-10-30,829.53,847.67,813.19,836.77,6915629,https://stooq.com/q/d/l/?s=4183.jp&i=d,2026-03-26T08:35:00+00:00
4183,4183.T,4183.jp,2015-11-02,831.34,860.41,829.53,853.13,7397130,https://stooq.com/q/d/l/?s=4183.jp&i=d,2026-03-26T08:35:00+00:00
4183,4183.T,4183.jp,2015-11-04,871.26,889.44,865.83,878.54,8723734,https://stooq.com/q/d/l/?s=4183.jp&i=d,2026-03-26T08:35:00+00:00
4183,4183.T,4183.jp,2015-11-05,864.02,907.58,854.96,903.94,13694644,https://stooq.com/q/d/l/?s=4183.jp&i=d,2026-03-26T08:35:00+00:00
4183,4183.T,4183.jp,2015-11-06,903.94,916.65,878.54,887.62,6765788,https://stooq.com/q/d/l/?s=4183.jp&i=d,2026-03-26T08:35:00+00:00
4183,4183.T,4183.jp,2015-11-09,900.33,900.33,882.17,887.62,5379130,https://stooq.com/q/d/l/?s=4183.jp&i=d,2026-03-26T08:35:00+00:00
4183,4183.T,4183.jp,2015-11-10,887.62,896.71,882.17,893.07,4607302,https://stooq.com/q/d/l/?s=4183.jp&i=d,2026-03-26T08:35:00+00:00
4183,4183.T,4183.jp,2015-11-11,894.90,902.12,889.44,891.25,4254714,https://stooq.com/q/d/l/?s=4183.jp&i=d,2026-03-26T08:35:00+00:00
4183,4183.T,4183.jp,2015-11-12,891.25,903.94,889.44,893.07,4433211,https://stooq.com/q/d/l/?s=4183.jp&i=d,2026-03-26T08:35:00+00:00
4183,4183.T,4183.jp,2015-11-13,883.98,885.79,874.90,883.98,3955565,https://stooq.com/q/d/l/?s=4183.jp&i=d,2026-03-26T08:35:00+00:00
4183,4183.T,4183.jp,2015-11-16,862.22,893.07,862.22,885.79,3092834,https://stooq.com/q/d/l/?s=4183.jp&i=d,2026-03-26T08:35:00+00:00
4183,4183.T,4183.jp,2015-11-17,900.33,920.28,900.33,914.85,5291536,https://stooq.com/q/d/l/?s=4183.jp&i=d,2026-03-26T08:35:00+00:00
4183,4183.T,4183.jp,2015-11-18,922.11,931.20,911.20,913.03,3459744,https://stooq.com/q/d/l/?s=4183.jp&i=d,2026-03-26T08:35:00+00:00
4183,4183.T,4183.jp,2015-11-19,922.11,923.92,894.90,900.33,7588851,https://stooq.com/q/d/l/?s=4183.jp&i=d,2026-03-26T08:35:00+00:00
4183,4183.T,4183.jp,2015-11-20,902.12,923.92,900.33,920.28,4821056,https://stooq.com/q/d/l/?s=4183.jp&i=d,2026-03-26T08:35:00+00:00
4183,4183.T,4183.jp,2015-11-24,923.92,942.06,923.92,931.20,4643106,https://stooq.com/q/d/l/?s=4183.jp&i=d,2026-03-26T08:35:00+00:00
4183,4183.T,4183.jp,2015-11-25,929.39,936.61,923.92,923.92,3689473,https://stooq.com/q/d/l/?s=4183.jp&i=d,2026-03-26T08:35:00+00:00
4183,4183.T,4183.jp,2015-11-26,933.00,942.06,927.56,933.00,2697832,https://stooq.com/q/d/l/?s=4183.jp&i=d,2026-03-26T08:35:00+00:00
4183,4183.T,4183.jp,2015-11-27,940.25,940.25,920.28,929.39,3152887,https://stooq.com/q/d/l/?s=4183.jp&i=d,2026-03-26T08:35:00+00:00
4183,4183.T,4183.jp,2015-11-30,938.43,942.06,927.56,931.20,4775329,https://stooq.com/q/d/l/?s=4183.jp&i=d,2026-03-26T08:35:00+00:00
4183,4183.T,4183.jp,2015-12-01,936.61,958.42,933.00,956.61,5012774,https://stooq.com/q/d/l/?s=4183.jp&i=d,2026-03-26T08:35:00+00:00
4183,4183.T,4183.jp,2015-12-02,956.61,972.93,956.61,958.42,7049509,https://stooq.com/q/d/l/?s=4183.jp&i=d,2026-03-26T08:35:00+00:00
4183,4183.T,4183.jp,2015-12-03,974.74,976.55,954.76,967.46,6130584,https://stooq.com/q/d/l/?s=4183.jp&i=d,2026-03-26T08:35:00+00:00
4183,4183.T,4183.jp,2015-12-04,952.95,963.87,945.69,951.15,5639167,https://stooq.com/q/d/l/?s=4183.jp&i=d,2026-03-26T08:35:00+00:00
4183,4183.T,4183.jp,2015-12-07,958.42,971.09,949.34,969.28,4082277,https://stooq.com/q/d/l/?s=4183.jp&i=d,2026-03-26T08:35:00+00:00
4183,4183.T,4183.jp,2015-12-08,972.93,974.74,951.15,952.95,4796811,https://stooq.com/q/d/l/?s=4183.jp&i=d,2026-03-26T08:35:00+00:00
4183,4183.T,4183.jp,2015-12-09,951.15,969.28,942.06,951.15,4491055,https://stooq.com/q/d/l/?s=4183.jp&i=d,2026-03-26T08:35:00+00:00
4183,4183.T,4183.jp,2015-12-10,949.34,956.61,942.06,943.88,3779275,https://stooq.com/q/d/l/?s=4183.jp&i=d,2026-03-26T08:35:00+00:00
4183,4183.T,4183.jp,2015-12-11,962.05,969.28,954.76,967.46,5918477,https://stooq.com/q/d/l/?s=4183.jp&i=d,2026-03-26T08:35:00+00:00
4183,4183.T,4183.jp,2015-12-14,945.69,965.68,931.20,963.87,6542662,https://stooq.com/q/d/l/?s=4183.jp&i=d,2026-03-26T08:35:00+00:00
4183,4183.T,4183.jp,2015-12-15,958.42,960.23,929.39,931.20,5712439,https://stooq.com/q/d/l/?s=4183.jp&i=d,2026-03-26T08:35:00+00:00
4183,4183.T,4183.jp,2015-12-16,952.95,958.42,940.25,949.34,4729053,https://stooq.com/q/d/l/?s=4183.jp&i=d,2026-03-26T08:35:00+00:00
4183,4183.T,4183.jp,2015-12-17,962.05,976.55,954.76,971.09,6307425,https://stooq.com/q/d/l/?s=4183.jp&i=d,2026-03-26T08:35:00+00:00
4183,4183.T,4183.jp,2015-12-18,967.46,983.82,949.34,949.34,6684248,https://stooq.com/q/d/l/?s=4183.jp&i=d,2026-03-26T08:35:00+00:00
4183,4183.T,4183.jp,2015-12-21,938.43,951.15,923.92,951.15,4595730,https://stooq.com/q/d/l/?s=4183.jp&i=d,2026-03-26T08:35:00+00:00
4183,4183.T,4183.jp,2015-12-22,943.88,949.34,938.43,945.69,2432839,https://stooq.com/q/d/l/?s=4183.jp&i=d,2026-03-26T08:35:00+00:00
4183,4183.T,4183.jp,2015-12-24,963.87,980.18,947.52,949.34,4801221,https://stooq.com/q/d/l/?s=4183.jp&i=d,2026-03-26T08:35:00+00:00
4183,4183.T,4183.jp,2015-12-25,947.52,956.61,943.88,945.69,2133689,https://stooq.com/q/d/l/?s=4183.jp&i=d,2026-03-26T08:35:00+00:00
4183,4183.T,4183.jp,2015-12-28,952.95,972.93,952.95,971.09,2989259,https://stooq.com/q/d/l/?s=4183.jp&i=d,2026-03-26T08:35:00+00:00
4183,4183.T,4183.jp,2015-12-29,967.46,976.55,958.42,974.74,3562763,https://stooq.com/q/d/l/?s=4183.jp&i=d,2026-03-26T08:35:00+00:00
4183,4183.T,4183.jp,2015-12-30,976.55,989.26,974.74,983.82,2796996,https://stooq.com/q/d/l/?s=4183.jp&i=d,2026-03-26T08:35:00+00:00
4183,4183.T,4183.jp,2016-01-04,982.01,985.63,934.78,940.25,6587289,https://stooq.com/q/d/l/?s=4183.jp&i=d,2026-03-26T08:35:00+00:00
4183,4183.T,4183.jp,2016-01-05,927.56,931.20,905.75,914.85,7953558,https://stooq.com/q/d/l/?s=4183.jp&i=d,2026-03-26T08:35:00+00:00
4183,4183.T,4183.jp,2016-01-06,922.11,934.78,916.65,929.39,6931058,https://stooq.com/q/d/l/?s=4183.jp&i=d,2026-03-26T08:35:00+00:00
4183,4183.T,4183.jp,2016-01-07,918.47,922.11,883.98,891.25,8934736,https://stooq.com/q/d/l/?s=4183.jp&i=d,2026-03-26T08:35:00+00:00
4183,4183.T,4183.jp,2016-01-08,876.72,911.20,869.46,900.33,8122136,https://stooq.com/q/d/l/?s=4183.jp&i=d,2026-03-26T08:35:00+00:00
4183,4183.T,4183.jp,2016-01-12,883.98,891.25,867.65,871.26,5733370,https://stooq.com/q/d/l/?s=4183.jp&i=d,2026-03-26T08:35:00+00:00
4183,4183.T,4183.jp,2016-01-13,885.79,913.03,885.79,911.20,5644124,https://stooq.com/q/d/l/?s=4183.jp&i=d,2026-03-26T08:35:00+00:00
4183,4183.T,4183.jp,2016-01-14,885.79,894.90,873.08,885.79,7258852,https://stooq.com/q/d/l/?s=4183.jp&i=d,2026-03-26T08:35:00+00:00
4183,4183.T,4183.jp,2016-01-15,900.33,911.20,873.08,878.54,7803158,https://stooq.com/q/d/l/?s=4183.jp&i=d,2026-03-26T08:35:00+00:00
4183,4183.T,4183.jp,2016-01-18,851.32,865.83,838.60,860.41,6518975,https://stooq.com/q/d/l/?s=4183.jp&i=d,2026-03-26T08:35:00+00:00
4183,4183.T,4183.jp,2016-01-19,858.57,874.90,854.96,873.08,5156012,https://stooq.com/q/d/l/?s=4183.jp&i=d,2026-03-26T08:35:00+00:00
4183,4183.T,4183.jp,2016-01-20,878.54,882.17,842.23,842.23,5546608,https://stooq.com/q/d/l/?s=4183.jp&i=d,2026-03-26T08:35:00+00:00
4183,4183.T,4183.jp,2016-01-21,840.39,865.83,822.27,824.09,6819223,https://stooq.com/q/d/l/?s=4183.jp&i=d,2026-03-26T08:35:00+00:00
4183,4183.T,4183.jp,2016-01-22,853.13,878.54,840.39,876.72,7275377,https://stooq.com/q/d/l/?s=4183.jp&i=d,2026-03-26T08:35:00+00:00
4183,4183.T,4183.jp,2016-01-25,885.79,898.50,874.90,891.25,4574793,https://stooq.com/q/d/l/?s=4183.jp&i=d,2026-03-26T08:35:00+00:00
4183,4183.T,4183.jp,2016-01-26,873.08,873.08,860.41,864.02,3902676,https://stooq.com/q/d/l/?s=4183.jp&i=d,2026-03-26T08:35:00+00:00
4183,4183.T,4183.jp,2016-01-27,878.54,900.33,874.90,894.90,5367014,https://stooq.com/q/d/l/?s=4183.jp&i=d,2026-03-26T08:35:00+00:00
4183,4183.T,4183.jp,2016-01-28,896.71,911.20,887.62,902.12,6060059,https://stooq.com/q/d/l/?s=4183.jp&i=d,2026-03-26T08:35:00+00:00
4183,4183.T,4183.jp,2016-01-29,903.94,943.88,900.33,942.06,7573431,https://stooq.com/q/d/l/?s=4183.jp&i=d,2026-03-26T08:35:00+00:00
4183,4183.T,4183.jp,2016-02-01,978.36,983.82,962.05,976.55,6850621,https://stooq.com/q/d/l/?s=4183.jp&i=d,2026-03-26T08:35:00+00:00
4183,4183.T,4183.jp,2016-02-02,960.23,985.63,882.17,894.90,18925578,https://stooq.com/q/d/l/?s=4183.jp&i=d,2026-03-26T08:35:00+00:00
4183,4183.T,4183.jp,2016-02-03,871.26,873.08,804.11,816.83,20878023,https://stooq.com/q/d/l/?s=4183.jp&i=d,2026-03-26T08:35:00+00:00
4183,4183.T,4183.jp,2016-02-04,829.53,838.60,805.91,822.27,10590232,https://stooq.com/q/d/l/?s=4183.jp&i=d,2026-03-26T08:35:00+00:00
4183,4183.T,4183.jp,2016-02-05,798.66,813.19,775.08,809.56,7625208,https://stooq.com/q/d/l/?s=4183.jp&i=d,2026-03-26T08:35:00+00:00
4183,4183.T,4183.jp,2016-02-08,795.05,825.92,784.15,820.47,7546983,https://stooq.com/q/d/l/?s=4183.jp&i=d,2026-03-26T08:35:00+00:00
4183,4183.T,4183.jp,2016-02-09,780.51,784.15,749.66,753.29,9463611,https://stooq.com/q/d/l/?s=4183.jp&i=d,2026-03-26T08:35:00+00:00
4183,4183.T,4183.jp,2016-02-10,749.66,751.48,698.84,720.62,13712273,https://stooq.com/q/d/l/?s=4183.jp&i=d,2026-03-26T08:35:00+00:00
4183,4183.T,4183.jp,2016-02-12,677.03,693.40,648.01,653.47,19129969,https://stooq.com/q/d/l/?s=4183.jp&i=d,2026-03-26T08:35:00+00:00
4183,4183.T,4183.jp,2016-02-15,702.47,720.62,677.03,713.35,6409897,https://stooq.com/q/d/l/?s=4183.jp&i=d,2026-03-26T08:35:00+00:00
4183,4183.T,4183.jp,2016-02-16,704.28,726.08,691.59,713.35,8355173,https://stooq.com/q/d/l/?s=4183.jp&i=d,2026-03-26T08:35:00+00:00
4183,4183.T,4183.jp,2016-02-17,706.10,716.99,691.59,704.28,5780199,https://stooq.com/q/d/l/?s=4183.jp&i=d,2026-03-26T08:35:00+00:00
4183,4183.T,4183.jp,2016-02-18,733.33,744.22,726.08,735.14,7258305,https://stooq.com/q/d/l/?s=4183.jp&i=d,2026-03-26T08:35:00+00:00
4183,4183.T,4183.jp,2016-02-19,720.62,729.68,711.53,724.26,5266744,https://stooq.com/q/d/l/?s=4183.jp&i=d,2026-03-26T08:35:00+00:00
4183,4183.T,4183.jp,2016-02-22,715.17,731.51,707.91,718.81,4744480,https://stooq.com/q/d/l/?s=4183.jp&i=d,2026-03-26T08:35:00+00:00
4183,4183.T,4183.jp,2016-02-23,720.62,731.51,707.91,709.73,5407777,https://stooq.com/q/d/l/?s=4183.jp&i=d,2026-03-26T08:35:00+00:00
4183,4183.T,4183.jp,2016-02-24,684.32,695.20,673.42,680.68,8218546,https://stooq.com/q/d/l/?s=4183.jp&i=d,2026-03-26T08:35:00+00:00
4183,4183.T,4183.jp,2016-02-25,671.60,686.13,638.92,682.50,9639360,https://stooq.com/q/d/l/?s=4183.jp&i=d,2026-03-26T08:35:00+00:00
4183,4183.T,4183.jp,2016-02-26,689.78,704.28,664.35,667.98,7369587,https://stooq.com/q/d/l/?s=4183.jp&i=d,2026-03-26T08:35:00+00:00
4183,4183.T,4183.jp,2016-02-29,684.32,697.03,667.98,669.79,8575538,https://stooq.com/q/d/l/?s=4183.jp&i=d,2026-03-26T08:35:00+00:00
4183,4183.T,4183.jp,2016-03-01,660.73,662.53,637.13,651.63,10711988,https://stooq.com/q/d/l/?s=4183.jp&i=d,2026-03-26T08:35:00+00:00
4183,4183.T,4183.jp,2016-03-02,671.60,675.23,666.16,667.98,11027111,https://stooq.com/q/d/l/?s=4183.jp&i=d,2026-03-26T08:35:00+00:00
4183,4183.T,4183.jp,2016-03-03,669.79,700.65,669.79,698.84,9265282,https://stooq.com/q/d/l/?s=4183.jp&i=d,2026-03-26T08:35:00+00:00
4183,4183.T,4183.jp,2016-03-04,693.40,707.91,689.78,691.59,7356916,https://stooq.com/q/d/l/?s=4183.jp&i=d,2026-03-26T08:35:00+00:00
4183,4183.T,4183.jp,2016-03-07,689.78,693.40,680.68,684.32,5307514,https://stooq.com/q/d/l/?s=4183.jp&i=d,2026-03-26T08:35:00+00:00
4183,4183.T,4183.jp,2016-03-08,682.50,682.50,657.10,664.35,5846859,https://stooq.com/q/d/l/?s=4183.jp&i=d,2026-03-26T08:35:00+00:00
4183,4183.T,4183.jp,2016-03-09,651.63,655.28,638.92,655.28,6792780,https://stooq.com/q/d/l/?s=4183.jp&i=d,2026-03-26T08:35:00+00:00
4183,4183.T,4183.jp,2016-03-10,664.35,680.68,653.47,677.03,5457914,https://stooq.com/q/d/l/?s=4183.jp&i=d,2026-03-26T08:35:00+00:00
4183,4183.T,4183.jp,2016-03-11,666.16,691.59,664.35,689.78,5896442,https://stooq.com/q/d/l/?s=4183.jp&i=d,2026-03-26T08:35:00+00:00
4183,4183.T,4183.jp,2016-03-14,700.65,707.91,691.59,700.65,4318620,https://stooq.com/q/d/l/?s=4183.jp&i=d,2026-03-26T08:35:00+00:00
4183,4183.T,4183.jp,2016-03-15,686.13,693.40,675.23,677.03,5998361,https://stooq.com/q/d/l/?s=4183.jp&i=d,2026-03-26T08:35:00+00:00
4183,4183.T,4183.jp,2016-03-16,667.98,682.50,664.35,671.60,3615647,https://stooq.com/q/d/l/?s=4183.jp&i=d,2026-03-26T08:35:00+00:00
4183,4183.T,4183.jp,2016-03-17,671.60,680.68,660.73,662.53,6549827,https://stooq.com/q/d/l/?s=4183.jp&i=d,2026-03-26T08:35:00+00:00
4183,4183.T,4183.jp,2016-03-18,662.53,669.79,660.73,664.35,4339004,https://stooq.com/q/d/l/?s=4183.jp&i=d,2026-03-26T08:35:00+00:00
4183,4183.T,4183.jp,2016-03-22,673.42,684.32,671.60,680.68,5131220,https://stooq.com/q/d/l/?s=4183.jp&i=d,2026-03-26T08:35:00+00:00
4183,4183.T,4183.jp,2016-03-23,680.68,682.50,667.98,673.42,4806180,https://stooq.com/q/d/l/?s=4183.jp&i=d,2026-03-26T08:35:00+00:00
4183,4183.T,4183.jp,2016-03-24,671.60,673.42,660.73,664.35,3086219,https://stooq.com/q/d/l/?s=4183.jp&i=d,2026-03-26T08:35:00+00:00
4183,4183.T,4183.jp,2016-03-25,669.79,684.32,667.98,678.87,3530814,https://stooq.com/q/d/l/?s=4183.jp&i=d,2026-03-26T08:35:00+00:00
4183,4183.T,4183.jp,2016-03-28,689.78,691.59,678.87,687.96,3156744,https://stooq.com/q/d/l/?s=4183.jp&i=d,2026-03-26T08:35:00+00:00
4183,4183.T,4183.jp,2016-03-29,691.63,702.62,689.79,700.78,3383979,https://stooq.com/q/d/l/?s=4183.jp&i=d,2026-03-26T08:35:00+00:00
4183,4183.T,4183.jp,2016-03-30,691.63,693.47,682.44,686.11,4776170,https://stooq.com/q/d/l/?s=4183.jp&i=d,2026-03-26T08:35:00+00:00
4183,4183.T,4183.jp,2016-03-31,686.11,698.95,680.61,687.96,4203270,https://stooq.com/q/d/l/?s=4183.jp&i=d,2026-03-26T08:35:00+00:00
4183,4183.T,4183.jp,2016-04-01,682.44,682.44,658.60,660.45,5887628,https://stooq.com/q/d/l/?s=4183.jp&i=d,2026-03-26T08:35:00+00:00
4183,4183.T,4183.jp,2016-04-04,651.27,671.43,649.41,665.91,3594938,https://stooq.com/q/d/l/?s=4183.jp&i=d,2026-03-26T08:35:00+00:00
4183,4183.T,4183.jp,2016-04-05,660.45,662.27,632.93,638.40,5228056,https://stooq.com/q/d/l/?s=4183.jp&i=d,2026-03-26T08:35:00+00:00
4183,4183.T,4183.jp,2016-04-06,623.75,623.75,590.72,599.89,12967387,https://stooq.com/q/d/l/?s=4183.jp&i=d,2026-03-26T08:35:00+00:00
4183,4183.T,4183.jp,2016-04-07,603.55,614.57,594.38,598.07,5831484,https://stooq.com/q/d/l/?s=4183.jp&i=d,2026-03-26T08:35:00+00:00
4183,4183.T,4183.jp,2016-04-08,588.89,625.58,587.04,616.39,6836108,https://stooq.com/q/d/l/?s=4183.jp&i=d,2026-03-26T08:35:00+00:00
4183,4183.T,4183.jp,2016-04-11,614.57,616.39,598.07,612.72,4041375,https://stooq.com/q/d/l/?s=4183.jp&i=d,2026-03-26T08:35:00+00:00
4183,4183.T,4183.jp,2016-04-12,621.89,642.09,621.89,636.59,5132127,https://stooq.com/q/d/l/?s=4183.jp&i=d,2026-03-26T08:35:00+00:00
4183,4183.T,4183.jp,2016-04-13,636.59,664.10,636.59,660.45,5162099,https://stooq.com/q/d/l/?s=4183.jp&i=d,2026-03-26T08:35:00+00:00
4183,4183.T,4183.jp,2016-04-14,675.11,684.28,671.43,678.78,4954972,https://stooq.com/q/d/l/?s=4183.jp&i=d,2026-03-26T08:35:00+00:00
4183,4183.T,4183.jp,2016-04-15,673.26,678.78,662.27,665.91,4655159,https://stooq.com/q/d/l/?s=4183.jp&i=d,2026-03-26T08:35:00+00:00
4183,4183.T,4183.jp,2016-04-18,638.40,656.76,638.40,647.59,4251780,https://stooq.com/q/d/l/?s=4183.jp&i=d,2026-03-26T08:35:00+00:00
4183,4183.T,4183.jp,2016-04-19,669.60,680.61,665.91,678.78,3892561,https://stooq.com/q/d/l/?s=4183.jp&i=d,2026-03-26T08:35:00+00:00
4183,4183.T,4183.jp,2016-04-20,689.79,693.47,680.61,684.28,2821440,https://stooq.com/q/d/l/?s=4183.jp&i=d,2026-03-26T08:35:00+00:00
4183,4183.T,4183.jp,2016-04-21,702.62,711.79,697.12,709.97,4268681,https://stooq.com/q/d/l/?s=4183.jp&i=d,2026-03-26T08:35:00+00:00
4183,4183.T,4183.jp,2016-04-22,700.78,720.97,700.78,719.13,3754652,https://stooq.com/q/d/l/?s=4183.jp&i=d,2026-03-26T08:35:00+00:00
4183,4183.T,4183.jp,2016-04-25,726.47,730.12,715.47,722.78,4056634,https://stooq.com/q/d/l/?s=4183.jp&i=d,2026-03-26T08:35:00+00:00
4183,4183.T,4183.jp,2016-04-26,713.62,717.30,689.79,708.13,4286124,https://stooq.com/q/d/l/?s=4183.jp&i=d,2026-03-26T08:35:00+00:00
4183,4183.T,4183.jp,2016-04-27,713.62,724.63,706.30,722.78,3956335,https://stooq.com/q/d/l/?s=4183.jp&i=d,2026-03-26T08:35:00+00:00
4183,4183.T,4183.jp,2016-04-28,713.62,720.97,680.61,682.44,5675041,https://stooq.com/q/d/l/?s=4183.jp&i=d,2026-03-26T08:35:00+00:00
4183,4183.T,4183.jp,2016-05-02,645.75,660.45,642.09,649.41,4262143,https://stooq.com/q/d/l/?s=4183.jp&i=d,2026-03-26T08:35:00+00:00
4183,4183.T,4183.jp,2016-05-06,649.41,656.76,642.09,653.10,2963707,https://stooq.com/q/d/l/?s=4183.jp&i=d,2026-03-26T08:35:00+00:00
4183,4183.T,4183.jp,2016-05-09,656.76,658.60,647.59,651.27,2617026,https://stooq.com/q/d/l/?s=4183.jp&i=d,2026-03-26T08:35:00+00:00
4183,4183.T,4183.jp,2016-05-10,651.27,682.44,651.27,680.61,4914081,https://stooq.com/q/d/l/?s=4183.jp&i=d,2026-03-26T08:35:00+00:00
4183,4183.T,4183.jp,2016-05-11,682.44,689.79,676.93,678.78,3259150,https://stooq.com/q/d/l/?s=4183.jp&i=d,2026-03-26T08:35:00+00:00
4183,4183.T,4183.jp,2016-05-12,675.11,678.78,665.91,675.11,3125606,https://stooq.com/q/d/l/?s=4183.jp&i=d,2026-03-26T08:35:00+00:00
4183,4183.T,4183.jp,2016-05-13,689.79,693.47,664.10,671.43,7151172,https://stooq.com/q/d/l/?s=4183.jp&i=d,2026-03-26T08:35:00+00:00
4183,4183.T,4183.jp,2016-05-16,671.43,684.28,665.91,667.76,4262143,https://stooq.com/q/d/l/?s=4183.jp&i=d,2026-03-26T08:35:00+00:00
4183,4183.T,4183.jp,2016-05-17,664.10,673.26,660.45,671.43,4417491,https://stooq.com/q/d/l/?s=4183.jp&i=d,2026-03-26T08:35:00+00:00
4183,4183.T,4183.jp,2016-05-18,665.91,682.44,662.27,678.78,3797174,https://stooq.com/q/d/l/?s=4183.jp&i=d,2026-03-26T08:35:00+00:00
4183,4183.T,4183.jp,2016-05-19,684.28,687.96,673.26,676.93,2959891,https://stooq.com/q/d/l/?s=4183.jp&i=d,2026-03-26T08:35:00+00:00
4183,4183.T,4183.jp,2016-05-20,673.26,700.78,669.60,697.12,4192363,https://stooq.com/q/d/l/?s=4183.jp&i=d,2026-03-26T08:35:00+00:00
4183,4183.T,4183.jp,2016-05-23,697.12,711.79,686.11,708.13,4963141,https://stooq.com/q/d/l/?s=4183.jp&i=d,2026-03-26T08:35:00+00:00
4183,4183.T,4183.jp,2016-05-24,704.45,719.13,702.62,711.79,3987953,https://stooq.com/q/d/l/?s=4183.jp&i=d,2026-03-26T08:35:00+00:00
4183,4183.T,4183.jp,2016-05-25,726.47,728.29,717.30,720.97,3336560,https://stooq.com/q/d/l/?s=4183.jp&i=d,2026-03-26T08:35:00+00:00
4183,4183.T,4183.jp,2016-05-26,715.47,728.29,715.47,720.97,2871593,https://stooq.com/q/d/l/?s=4183.jp&i=d,2026-03-26T08:35:00+00:00
4183,4183.T,4183.jp,2016-05-27,724.63,728.29,719.13,724.63,2347201,https://stooq.com/q/d/l/?s=4183.jp&i=d,2026-03-26T08:35:00+00:00
4183,4183.T,4183.jp,2016-05-30,733.82,741.13,724.63,739.30,2413706,https://stooq.com/q/d/l/?s=4183.jp&i=d,2026-03-26T08:35:00+00:00
4183,4183.T,4183.jp,2016-05-31,739.30,770.52,737.48,765.00,7861984,https://stooq.com/q/d/l/?s=4183.jp&i=d,2026-03-26T08:35:00+00:00
4183,4183.T,4183.jp,2016-06-01,752.15,759.49,744.83,750.34,3336013,https://stooq.com/q/d/l/?s=4183.jp&i=d,2026-03-26T08:35:00+00:00
4183,4183.T,4183.jp,2016-06-02,746.65,750.34,726.47,731.96,3162129,https://stooq.com/q/d/l/?s=4183.jp&i=d,2026-03-26T08:35:00+00:00
4183,4183.T,4183.jp,2016-06-03,737.48,744.83,731.96,743.00,3748112,https://stooq.com/q/d/l/?s=4183.jp&i=d,2026-03-26T08:35:00+00:00
4183,4183.T,4183.jp,2016-06-06,730.12,737.48,722.78,735.64,3455935,https://stooq.com/q/d/l/?s=4183.jp&i=d,2026-03-26T08:35:00+00:00
4183,4183.T,4183.jp,2016-06-07,761.34,777.84,755.82,772.35,5467360,https://stooq.com/q/d/l/?s=4183.jp&i=d,2026-03-26T08:35:00+00:00
4183,4183.T,4183.jp,2016-06-08,777.84,779.67,755.82,772.35,4093162,https://stooq.com/q/d/l/?s=4183.jp&i=d,2026-03-26T08:35:00+00:00
4183,4183.T,4183.jp,2016-06-09,765.00,772.35,759.49,766.83,2814350,https://stooq.com/q/d/l/?s=4183.jp&i=d,2026-03-26T08:35:00+00:00
4183,4183.T,4183.jp,2016-06-10,766.83,766.83,752.15,761.34,3054743,https://stooq.com/q/d/l/?s=4183.jp&i=d,2026-03-26T08:35:00+00:00
4183,4183.T,4183.jp,2016-06-13,737.48,743.00,704.45,706.30,5621621,https://stooq.com/q/d/l/?s=4183.jp&i=d,2026-03-26T08:35:00+00:00
4183,4183.T,4183.jp,2016-06-14,702.62,708.13,684.28,693.47,6196155,https://stooq.com/q/d/l/?s=4183.jp&i=d,2026-03-26T08:35:00+00:00
4183,4183.T,4183.jp,2016-06-16,695.27,700.78,669.60,673.26,4847037,https://stooq.com/q/d/l/?s=4183.jp&i=d,2026-03-26T08:35:00+00:00
4183,4183.T,4183.jp,2016-06-17,686.11,686.11,671.43,678.78,5167003,https://stooq.com/q/d/l/?s=4183.jp&i=d,2026-03-26T08:35:00+00:00
4183,4183.T,4183.jp,2016-06-20,697.12,704.45,693.47,700.78,2710782,https://stooq.com/q/d/l/?s=4183.jp&i=d,2026-03-26T08:35:00+00:00
4183,4183.T,4183.jp,2016-06-21,686.11,706.30,682.44,702.62,2365735,https://stooq.com/q/d/l/?s=4183.jp&i=d,2026-03-26T08:35:00+00:00
4183,4183.T,4183.jp,2016-06-22,706.30,708.13,697.12,706.30,2999139,https://stooq.com/q/d/l/?s=4183.jp&i=d,2026-03-26T08:35:00+00:00
4183,4183.T,4183.jp,2016-06-23,711.79,726.47,706.30,724.63,3763915,https://stooq.com/q/d/l/?s=4183.jp&i=d,2026-03-26T08:35:00+00:00
4183,4183.T,4183.jp,2016-06-24,731.96,731.96,643.92,654.93,6971837,https://stooq.com/q/d/l/?s=4183.jp&i=d,2026-03-26T08:35:00+00:00
4183,4183.T,4183.jp,2016-06-27,667.76,667.76,643.92,654.93,2614846,https://stooq.com/q/d/l/?s=4183.jp&i=d,2026-03-26T08:35:00+00:00
4183,4183.T,4183.jp,2016-06-28,642.09,653.10,632.93,645.75,3371443,https://stooq.com/q/d/l/?s=4183.jp&i=d,2026-03-26T08:35:00+00:00
4183,4183.T,4183.jp,2016-06-29,664.10,697.12,662.27,680.61,5037810,https://stooq.com/q/d/l/?s=4183.jp&i=d,2026-03-26T08:35:00+00:00
4183,4183.T,4183.jp,2016-06-30,698.95,704.45,682.44,682.44,4780534,https://stooq.com/q/d/l/?s=4183.jp&i=d,2026-03-26T08:35:00+00:00
4183,4183.T,4183.jp,2016-07-01,678.78,691.63,675.11,687.96,2888486,https://stooq.com/q/d/l/?s=4183.jp&i=d,2026-03-26T08:35:00+00:00
4183,4183.T,4183.jp,2016-07-04,686.11,708.13,676.93,708.13,3975962,https://stooq.com/q/d/l/?s=4183.jp&i=d,2026-03-26T08:35:00+00:00
4183,4183.T,4183.jp,2016-07-05,700.78,717.30,697.12,713.62,5084694,https://stooq.com/q/d/l/?s=4183.jp&i=d,2026-03-26T08:35:00+00:00
4183,4183.T,4183.jp,2016-07-06,697.12,698.95,680.61,687.96,4304658,https://stooq.com/q/d/l/?s=4183.jp&i=d,2026-03-26T08:35:00+00:00
4183,4183.T,4183.jp,2016-07-07,673.26,675.11,651.27,653.10,5980843,https://stooq.com/q/d/l/?s=4183.jp&i=d,2026-03-26T08:35:00+00:00
4183,4183.T,4183.jp,2016-07-08,653.10,660.45,640.23,643.92,4787617,https://stooq.com/q/d/l/?s=4183.jp&i=d,2026-03-26T08:35:00+00:00
4183,4183.T,4183.jp,2016-07-11,660.45,673.26,645.75,665.91,5495155,https://stooq.com/q/d/l/?s=4183.jp&i=d,2026-03-26T08:35:00+00:00
4183,4183.T,4183.jp,2016-07-12,678.78,702.62,673.26,689.79,6116572,https://stooq.com/q/d/l/?s=4183.jp&i=d,2026-03-26T08:35:00+00:00
4183,4183.T,4183.jp,2016-07-13,715.47,726.47,698.95,700.78,8062035,https://stooq.com/q/d/l/?s=4183.jp&i=d,2026-03-26T08:35:00+00:00
4183,4183.T,4183.jp,2016-07-14,704.45,719.13,700.78,713.62,5067251,https://stooq.com/q/d/l/?s=4183.jp&i=d,2026-03-26T08:35:00+00:00
4183,4183.T,4183.jp,2016-07-15,708.13,728.29,708.13,719.13,3901279,https://stooq.com/q/d/l/?s=4183.jp&i=d,2026-03-26T08:35:00+00:00
4183,4183.T,4183.jp,2016-07-19,719.13,731.96,711.79,731.96,4047913,https://stooq.com/q/d/l/?s=4183.jp&i=d,2026-03-26T08:35:00+00:00
4183,4183.T,4183.jp,2016-07-20,746.65,748.49,717.30,728.29,5457547,https://stooq.com/q/d/l/?s=4183.jp&i=d,2026-03-26T08:35:00+00:00
4183,4183.T,4183.jp,2016-07-21,746.65,759.49,741.13,753.99,4049002,https://stooq.com/q/d/l/?s=4183.jp&i=d,2026-03-26T08:35:00+00:00
4183,4183.T,4183.jp,2016-07-22,739.30,746.65,733.82,741.13,2674808,https://stooq.com/q/d/l/?s=4183.jp&i=d,2026-03-26T08:35:00+00:00
4183,4183.T,4183.jp,2016-07-25,741.13,748.49,733.82,733.82,2363557,https://stooq.com/q/d/l/?s=4183.jp&i=d,2026-03-26T08:35:00+00:00
4183,4183.T,4183.jp,2016-07-26,730.12,731.96,709.97,715.47,3070004,https://stooq.com/q/d/l/?s=4183.jp&i=d,2026-03-26T08:35:00+00:00
4183,4183.T,4183.jp,2016-07-27,781.49,820.02,776.00,809.02,13242126,https://stooq.com/q/d/l/?s=4183.jp&i=d,2026-03-26T08:35:00+00:00
4183,4183.T,4183.jp,2016-07-28,794.35,823.72,794.35,809.02,7236753,https://stooq.com/q/d/l/?s=4183.jp&i=d,2026-03-26T08:35:00+00:00
4183,4183.T,4183.jp,2016-07-29,805.38,809.02,786.99,807.19,7115193,https://stooq.com/q/d/l/?s=4183.jp&i=d,2026-03-26T08:35:00+00:00
4183,4183.T,4183.jp,2016-08-01,785.17,792.51,772.35,790.68,3726851,https://stooq.com/q/d/l/?s=4183.jp&i=d,2026-03-26T08:35:00+00:00
4183,4183.T,4183.jp,2016-08-02,777.84,805.38,765.00,776.00,7333781,https://stooq.com/q/d/l/?s=4183.jp&i=d,2026-03-26T08:35:00+00:00
4183,4183.T,4183.jp,2016-08-03,765.00,783.34,757.64,763.16,4843216,https://stooq.com/q/d/l/?s=4183.jp&i=d,2026-03-26T08:35:00+00:00
4183,4183.T,4183.jp,2016-08-04,777.84,807.19,768.66,798.02,6018997,https://stooq.com/q/d/l/?s=4183.jp&i=d,2026-03-26T08:35:00+00:00
4183,4183.T,4183.jp,2016-08-05,794.35,796.17,779.67,786.99,3842411,https://stooq.com/q/d/l/?s=4183.jp&i=d,2026-03-26T08:35:00+00:00
4183,4183.T,4183.jp,2016-08-08,798.02,805.38,783.34,801.68,4731475,https://stooq.com/q/d/l/?s=4183.jp&i=d,2026-03-26T08:35:00+00:00
4183,4183.T,4183.jp,2016-08-09,807.19,820.02,805.38,818.21,3159949,https://stooq.com/q/d/l/?s=4183.jp&i=d,2026-03-26T08:35:00+00:00
4183,4183.T,4183.jp,2016-08-10,803.52,810.85,801.68,805.38,2637191,https://stooq.com/q/d/l/?s=4183.jp&i=d,2026-03-26T08:35:00+00:00
4183,4183.T,4183.jp,2016-08-12,827.38,831.04,820.02,827.38,5368150,https://stooq.com/q/d/l/?s=4183.jp&i=d,2026-03-26T08:35:00+00:00
4183,4183.T,4183.jp,2016-08-15,820.02,825.54,816.36,820.02,1934562,https://stooq.com/q/d/l/?s=4183.jp&i=d,2026-03-26T08:35:00+00:00
4183,4183.T,4183.jp,2016-08-16,825.54,832.89,807.19,807.19,3297309,https://stooq.com/q/d/l/?s=4183.jp&i=d,2026-03-26T08:35:00+00:00
4183,4183.T,4183.jp,2016-08-17,810.85,832.89,807.19,831.04,3618916,https://stooq.com/q/d/l/?s=4183.jp&i=d,2026-03-26T08:35:00+00:00
4183,4183.T,4183.jp,2016-08-18,821.87,825.54,814.53,820.02,3471742,https://stooq.com/q/d/l/?s=4183.jp&i=d,2026-03-26T08:35:00+00:00
4183,4183.T,4183.jp,2016-08-19,843.88,875.07,842.04,862.24,6130197,https://stooq.com/q/d/l/?s=4183.jp&i=d,2026-03-26T08:35:00+00:00
4183,4183.T,4183.jp,2016-08-22,876.90,893.39,867.71,886.08,6725995,https://stooq.com/q/d/l/?s=4183.jp&i=d,2026-03-26T08:35:00+00:00
4183,4183.T,4183.jp,2016-08-23,895.23,904.41,867.71,876.90,6851913,https://stooq.com/q/d/l/?s=4183.jp&i=d,2026-03-26T08:35:00+00:00
4183,4183.T,4183.jp,2016-08-24,880.58,893.39,880.58,880.58,2795819,https://stooq.com/q/d/l/?s=4183.jp&i=d,2026-03-26T08:35:00+00:00
4183,4183.T,4183.jp,2016-08-25,871.40,882.41,867.71,875.07,2427875,https://stooq.com/q/d/l/?s=4183.jp&i=d,2026-03-26T08:35:00+00:00
4183,4183.T,4183.jp,2016-08-26,876.90,886.08,873.23,876.90,3067819,https://stooq.com/q/d/l/?s=4183.jp&i=d,2026-03-26T08:35:00+00:00
4183,4183.T,4183.jp,2016-08-29,902.58,926.44,902.58,913.58,5116310,https://stooq.com/q/d/l/?s=4183.jp&i=d,2026-03-26T08:35:00+00:00
4183,4183.T,4183.jp,2016-08-30,909.93,911.75,902.58,906.27,3182839,https://stooq.com/q/d/l/?s=4183.jp&i=d,2026-03-26T08:35:00+00:00
4183,4183.T,4183.jp,2016-08-31,908.10,913.58,904.41,908.10,3998854,https://stooq.com/q/d/l/?s=4183.jp&i=d,2026-03-26T08:35:00+00:00
4183,4183.T,4183.jp,2016-09-01,904.41,906.27,873.23,882.41,8323135,https://stooq.com/q/d/l/?s=4183.jp&i=d,2026-03-26T08:35:00+00:00
4183,4183.T,4183.jp,2016-09-02,878.75,878.75,862.24,871.40,4659519,https://stooq.com/q/d/l/?s=4183.jp&i=d,2026-03-26T08:35:00+00:00
4183,4183.T,4183.jp,2016-09-05,882.41,884.25,865.88,865.88,3736114,https://stooq.com/q/d/l/?s=4183.jp&i=d,2026-03-26T08:35:00+00:00
4183,4183.T,4183.jp,2016-09-06,864.05,875.07,864.05,865.88,3105438,https://stooq.com/q/d/l/?s=4183.jp&i=d,2026-03-26T08:35:00+00:00
4183,4183.T,4183.jp,2016-09-07,862.24,878.75,853.05,876.90,4119867,https://stooq.com/q/d/l/?s=4183.jp&i=d,2026-03-26T08:35:00+00:00
4183,4183.T,4183.jp,2016-09-08,880.58,884.25,854.89,856.73,3449942,https://stooq.com/q/d/l/?s=4183.jp&i=d,2026-03-26T08:35:00+00:00
4183,4183.T,4183.jp,2016-09-09,860.41,867.71,856.73,862.24,2935910,https://stooq.com/q/d/l/?s=4183.jp&i=d,2026-03-26T08:35:00+00:00
4183,4183.T,4183.jp,2016-09-12,847.55,851.24,840.21,842.04,2250175,https://stooq.com/q/d/l/?s=4183.jp&i=d,2026-03-26T08:35:00+00:00
4183,4183.T,4183.jp,2016-09-13,842.04,854.89,832.89,845.71,3065641,https://stooq.com/q/d/l/?s=4183.jp&i=d,2026-03-26T08:35:00+00:00
4183,4183.T,4183.jp,2016-09-14,842.04,847.55,832.89,834.72,2445315,https://stooq.com/q/d/l/?s=4183.jp&i=d,2026-03-26T08:35:00+00:00
4183,4183.T,4183.jp,2016-09-15,831.04,847.55,831.04,842.04,3290223,https://stooq.com/q/d/l/?s=4183.jp&i=d,2026-03-26T08:35:00+00:00
4183,4183.T,4183.jp,2016-09-16,849.37,856.73,843.88,847.55,3454302,https://stooq.com/q/d/l/?s=4183.jp&i=d,2026-03-26T08:35:00+00:00
4183,4183.T,4183.jp,2016-09-20,842.04,864.05,840.21,854.89,2886853,https://stooq.com/q/d/l/?s=4183.jp&i=d,2026-03-26T08:35:00+00:00
4183,4183.T,4183.jp,2016-09-21,854.89,876.90,843.88,875.07,3412878,https://stooq.com/q/d/l/?s=4183.jp&i=d,2026-03-26T08:35:00+00:00
4183,4183.T,4183.jp,2016-09-23,876.90,882.41,867.71,876.90,2656821,https://stooq.com/q/d/l/?s=4183.jp&i=d,2026-03-26T08:35:00+00:00
4183,4183.T,4183.jp,2016-09-26,869.57,873.23,853.05,856.73,2022323,https://stooq.com/q/d/l/?s=4183.jp&i=d,2026-03-26T08:35:00+00:00
4183,4183.T,4183.jp,2016-09-27,886.08,919.10,876.90,919.10,11237787,https://stooq.com/q/d/l/?s=4183.jp&i=d,2026-03-26T08:35:00+00:00
4183,4183.T,4183.jp,2016-09-28,919.10,924.63,902.45,913.55,3051980,https://stooq.com/q/d/l/?s=4183.jp&i=d,2026-03-26T08:35:00+00:00
4183,4183.T,4183.jp,2016-09-29,913.55,924.63,909.85,913.55,3664650,https://stooq.com/q/d/l/?s=4183.jp&i=d,2026-03-26T08:35:00+00:00
4183,4183.T,4183.jp,2016-09-30,891.36,895.07,874.71,882.11,4257849,https://stooq.com/q/d/l/?s=4183.jp&i=d,2026-03-26T08:35:00+00:00
4183,4183.T,4183.jp,2016-10-03,893.22,904.30,885.82,898.75,3138504,https://stooq.com/q/d/l/?s=4183.jp&i=d,2026-03-26T08:35:00+00:00
4183,4183.T,4183.jp,2016-10-04,913.55,933.88,906.14,933.88,4592030,https://stooq.com/q/d/l/?s=4183.jp&i=d,2026-03-26T08:35:00+00:00
4183,4183.T,4183.jp,2016-10-05,935.74,952.38,920.93,926.49,5228494,https://stooq.com/q/d/l/?s=4183.jp&i=d,2026-03-26T08:35:00+00:00
4183,4183.T,4183.jp,2016-10-06,932.03,935.74,924.63,933.88,2836226,https://stooq.com/q/d/l/?s=4183.jp&i=d,2026-03-26T08:35:00+00:00
4183,4183.T,4183.jp,2016-10-07,939.44,945.00,930.19,933.88,3526761,https://stooq.com/q/d/l/?s=4183.jp&i=d,2026-03-26T08:35:00+00:00
4183,4183.T,4183.jp,2016-10-11,935.74,959.77,935.74,948.67,3976661,https://stooq.com/q/d/l/?s=4183.jp&i=d,2026-03-26T08:35:00+00:00
4183,4183.T,4183.jp,2016-10-12,935.74,941.29,928.35,928.35,2997365,https://stooq.com/q/d/l/?s=4183.jp&i=d,2026-03-26T08:35:00+00:00
4183,4183.T,4183.jp,2016-10-13,932.03,939.44,917.25,920.93,3553257,https://stooq.com/q/d/l/?s=4183.jp&i=d,2026-03-26T08:35:00+00:00
4183,4183.T,4183.jp,2016-10-14,915.39,920.93,906.14,908.00,3157970,https://stooq.com/q/d/l/?s=4183.jp&i=d,2026-03-26T08:35:00+00:00
4183,4183.T,4183.jp,2016-10-17,913.55,920.93,898.75,908.00,4468744,https://stooq.com/q/d/l/?s=4183.jp&i=d,2026-03-26T08:35:00+00:00
4183,4183.T,4183.jp,2016-10-18,922.79,959.77,920.93,952.38,6693921,https://stooq.com/q/d/l/?s=4183.jp&i=d,2026-03-26T08:35:00+00:00
4183,4183.T,4183.jp,2016-10-19,957.93,963.49,937.60,939.44,4853215,https://stooq.com/q/d/l/?s=4183.jp&i=d,2026-03-26T08:35:00+00:00
4183,4183.T,4183.jp,2016-10-20,952.38,959.77,932.03,935.74,5738420,https://stooq.com/q/d/l/?s=4183.jp&i=d,2026-03-26T08:35:00+00:00
4183,4183.T,4183.jp,2016-10-21,943.14,946.84,935.74,939.44,3719265,https://stooq.com/q/d/l/?s=4183.jp&i=d,2026-03-26T08:35:00+00:00
4183,4183.T,4183.jp,2016-10-24,937.60,956.08,935.74,952.38,2546927,https://stooq.com/q/d/l/?s=4183.jp&i=d,2026-03-26T08:35:00+00:00
4183,4183.T,4183.jp,2016-10-25,956.08,965.34,952.38,956.08,3480793,https://stooq.com/q/d/l/?s=4183.jp&i=d,2026-03-26T08:35:00+00:00
4183,4183.T,4183.jp,2016-10-26,963.49,983.82,961.63,981.97,3124442,https://stooq.com/q/d/l/?s=4183.jp&i=d,2026-03-26T08:35:00+00:00
4183,4183.T,4183.jp,2016-10-27,976.42,981.97,963.49,970.87,2407411,https://stooq.com/q/d/l/?s=4183.jp&i=d,2026-03-26T08:35:00+00:00
4183,4183.T,4183.jp,2016-10-28,981.97,983.82,970.87,981.97,5498868,https://stooq.com/q/d/l/?s=4183.jp&i=d,2026-03-26T08:35:00+00:00
4183,4183.T,4183.jp,2016-10-31,972.72,972.72,952.38,957.93,5191191,https://stooq.com/q/d/l/?s=4183.jp&i=d,2026-03-26T08:35:00+00:00
4183,4183.T,4183.jp,2016-11-01,952.38,970.87,896.90,911.70,13531685,https://stooq.com/q/d/l/?s=4183.jp&i=d,2026-03-26T08:35:00+00:00
4183,4183.T,4183.jp,2016-11-02,896.90,898.75,856.22,865.48,10807391,https://stooq.com/q/d/l/?s=4183.jp&i=d,2026-03-26T08:35:00+00:00
4183,4183.T,4183.jp,2016-11-04,861.77,872.86,852.51,869.17,6211574,https://stooq.com/q/d/l/?s=4183.jp&i=d,2026-03-26T08:35:00+00:00
4183,4183.T,4183.jp,2016-11-07,883.97,898.75,878.40,889.51,5377739,https://stooq.com/q/d/l/?s=4183.jp&i=d,2026-03-26T08:35:00+00:00
4183,4183.T,4183.jp,2016-11-08,889.51,898.75,883.97,889.51,5332857,https://stooq.com/q/d/l/?s=4183.jp&i=d,2026-03-26T08:35:00+00:00
4183,4183.T,4183.jp,2016-11-09,893.22,902.45,817.39,830.32,9251662,https://stooq.com/q/d/l/?s=4183.jp&i=d,2026-03-26T08:35:00+00:00
4183,4183.T,4183.jp,2016-11-10,889.51,898.75,882.11,895.07,5553486,https://stooq.com/q/d/l/?s=4183.jp&i=d,2026-03-26T08:35:00+00:00
4183,4183.T,4183.jp,2016-11-11,909.85,911.70,891.36,893.22,7310921,https://stooq.com/q/d/l/?s=4183.jp&i=d,2026-03-26T08:35:00+00:00
4183,4183.T,4183.jp,2016-11-14,895.07,915.39,887.67,913.55,3978283,https://stooq.com/q/d/l/?s=4183.jp&i=d,2026-03-26T08:35:00+00:00
4183,4183.T,4183.jp,2016-11-15,915.39,928.35,909.85,913.55,3750631,https://stooq.com/q/d/l/?s=4183.jp&i=d,2026-03-26T08:35:00+00:00
4183,4183.T,4183.jp,2016-11-16,926.49,926.49,911.70,915.39,3080102,https://stooq.com/q/d/l/?s=4183.jp&i=d,2026-03-26T08:35:00+00:00
4183,4183.T,4183.jp,2016-11-17,913.55,915.39,887.67,900.61,6205084,https://stooq.com/q/d/l/?s=4183.jp&i=d,2026-03-26T08:35:00+00:00
4183,4183.T,4183.jp,2016-11-18,915.39,922.79,909.85,915.39,4413044,https://stooq.com/q/d/l/?s=4183.jp&i=d,2026-03-26T08:35:00+00:00
4183,4183.T,4183.jp,2016-11-21,928.35,933.88,915.39,922.79,3794429,https://stooq.com/q/d/l/?s=4183.jp&i=d,2026-03-26T08:35:00+00:00
4183,4183.T,4183.jp,2016-11-22,924.63,930.19,920.93,930.19,3133094,https://stooq.com/q/d/l/?s=4183.jp&i=d,2026-03-26T08:35:00+00:00
4183,4183.T,4183.jp,2016-11-24,937.60,941.29,932.03,941.29,3299640,https://stooq.com/q/d/l/?s=4183.jp&i=d,2026-03-26T08:35:00+00:00
4183,4183.T,4183.jp,2016-11-25,943.14,957.93,937.60,941.29,5456690,https://stooq.com/q/d/l/?s=4183.jp&i=d,2026-03-26T08:35:00+00:00
4183,4183.T,4183.jp,2016-11-28,922.79,943.14,919.10,941.29,3220155,https://stooq.com/q/d/l/?s=4183.jp&i=d,2026-03-26T08:35:00+00:00
4183,4183.T,4183.jp,2016-11-29,932.03,948.67,932.03,946.84,2582612,https://stooq.com/q/d/l/?s=4183.jp&i=d,2026-03-26T08:35:00+00:00
4183,4183.T,4183.jp,2016-11-30,954.23,978.27,950.53,978.27,7784610,https://stooq.com/q/d/l/?s=4183.jp&i=d,2026-03-26T08:35:00+00:00
4183,4183.T,4183.jp,2016-12-01,993.08,1000.46,972.72,976.42,6427880,https://stooq.com/q/d/l/?s=4183.jp&i=d,2026-03-26T08:35:00+00:00
4183,4183.T,4183.jp,2016-12-02,970.87,976.42,959.77,967.18,3639234,https://stooq.com/q/d/l/?s=4183.jp&i=d,2026-03-26T08:35:00+00:00
4183,4183.T,4183.jp,2016-12-05,961.63,970.87,957.93,969.03,3142288,https://stooq.com/q/d/l/?s=4183.jp&i=d,2026-03-26T08:35:00+00:00
4183,4183.T,4183.jp,2016-12-06,976.42,985.67,970.87,976.42,3409955,https://stooq.com/q/d/l/?s=4183.jp&i=d,2026-03-26T08:35:00+00:00
4183,4183.T,4183.jp,2016-12-07,980.12,993.08,970.87,991.23,3398057,https://stooq.com/q/d/l/?s=4183.jp&i=d,2026-03-26T08:35:00+00:00
4183,4183.T,4183.jp,2016-12-08,1002.32,1015.27,998.61,1013.42,4545531,https://stooq.com/q/d/l/?s=4183.jp&i=d,2026-03-26T08:35:00+00:00
4183,4183.T,4183.jp,2016-12-09,1017.12,1026.36,1011.56,1022.65,5361517,https://stooq.com/q/d/l/?s=4183.jp&i=d,2026-03-26T08:35:00+00:00
4183,4183.T,4183.jp,2016-12-12,1028.20,1031.90,1006.02,1018.97,4455764,https://stooq.com/q/d/l/?s=4183.jp&i=d,2026-03-26T08:35:00+00:00
4183,4183.T,4183.jp,2016-12-13,994.92,1015.27,989.38,1013.42,3633288,https://stooq.com/q/d/l/?s=4183.jp&i=d,2026-03-26T08:35:00+00:00
4183,4183.T,4183.jp,2016-12-14,1017.12,1020.82,1002.32,1007.86,2214903,https://stooq.com/q/d/l/?s=4183.jp&i=d,2026-03-26T08:35:00+00:00
4183,4183.T,4183.jp,2016-12-15,1011.56,1018.97,996.75,1004.17,2534489,https://stooq.com/q/d/l/?s=4183.jp&i=d,2026-03-26T08:35:00+00:00
4183,4183.T,4183.jp,2016-12-16,1011.56,1011.56,998.61,1002.32,3541901,https://stooq.com/q/d/l/?s=4183.jp&i=d,2026-03-26T08:35:00+00:00
4183,4183.T,4183.jp,2016-12-19,1007.86,1017.12,1006.02,1013.42,2691843,https://stooq.com/q/d/l/?s=4183.jp&i=d,2026-03-26T08:35:00+00:00
4183,4183.T,4183.jp,2016-12-20,1006.02,1006.02,993.08,998.61,3333712,https://stooq.com/q/d/l/?s=4183.jp&i=d,2026-03-26T08:35:00+00:00
4183,4183.T,4183.jp,2016-12-21,998.61,1004.17,976.42,981.97,3853910,https://stooq.com/q/d/l/?s=4183.jp&i=d,2026-03-26T08:35:00+00:00
4183,4183.T,4183.jp,2016-12-22,985.67,987.52,970.87,980.12,2795668,https://stooq.com/q/d/l/?s=4183.jp&i=d,2026-03-26T08:35:00+00:00
4183,4183.T,4183.jp,2016-12-26,981.97,991.23,980.12,981.97,2027806,https://stooq.com/q/d/l/?s=4183.jp&i=d,2026-03-26T08:35:00+00:00
4183,4183.T,4183.jp,2016-12-27,987.52,994.92,980.12,985.67,2227343,https://stooq.com/q/d/l/?s=4183.jp&i=d,2026-03-26T08:35:00+00:00
4183,4183.T,4183.jp,2016-12-28,981.97,994.92,978.27,991.23,1899105,https://stooq.com/q/d/l/?s=4183.jp&i=d,2026-03-26T08:35:00+00:00
4183,4183.T,4183.jp,2016-12-29,983.82,983.82,969.03,976.42,2646961,https://stooq.com/q/d/l/?s=4183.jp&i=d,2026-03-26T08:35:00+00:00
4183,4183.T,4183.jp,2016-12-30,967.18,974.57,956.08,970.87,2626416,https://stooq.com/q/d/l/?s=4183.jp&i=d,2026-03-26T08:35:00+00:00
4183,4183.T,4183.jp,2017-01-04,980.12,1006.02,976.42,1004.17,3467817,https://stooq.com/q/d/l/?s=4183.jp&i=d,2026-03-26T08:35:00+00:00
4183,4183.T,4183.jp,2017-01-05,1013.42,1013.42,991.23,1002.32,3587864,https://stooq.com/q/d/l/?s=4183.jp&i=d,2026-03-26T08:35:00+00:00
4183,4183.T,4183.jp,2017-01-06,989.38,1006.02,987.52,1004.17,2697791,https://stooq.com/q/d/l/?s=4183.jp&i=d,2026-03-26T08:35:00+00:00
4183,4183.T,4183.jp,2017-01-10,996.75,1000.46,985.67,989.38,3566235,https://stooq.com/q/d/l/?s=4183.jp&i=d,2026-03-26T08:35:00+00:00
4183,4183.T,4183.jp,2017-01-11,998.61,1009.72,994.92,1000.46,2612891,https://stooq.com/q/d/l/?s=4183.jp&i=d,2026-03-26T08:35:00+00:00
4183,4183.T,4183.jp,2017-01-12,1004.17,1009.72,987.52,996.75,2890840,https://stooq.com/q/d/l/?s=4183.jp&i=d,2026-03-26T08:35:00+00:00
4183,4183.T,4183.jp,2017-01-13,998.61,1002.32,993.08,1000.46,2253294,https://stooq.com/q/d/l/?s=4183.jp&i=d,2026-03-26T08:35:00+00:00
4183,4183.T,4183.jp,2017-01-16,993.08,996.75,981.97,991.23,2407411,https://stooq.com/q/d/l/?s=4183.jp&i=d,2026-03-26T08:35:00+00:00
4183,4183.T,4183.jp,2017-01-17,987.52,991.23,970.87,970.87,2847038,https://stooq.com/q/d/l/?s=4183.jp&i=d,2026-03-26T08:35:00+00:00
4183,4183.T,4183.jp,2017-01-18,972.72,978.27,952.38,969.03,3537035,https://stooq.com/q/d/l/?s=4183.jp&i=d,2026-03-26T08:35:00+00:00
4183,4183.T,4183.jp,2017-01-19,985.67,987.52,970.87,980.12,3384544,https://stooq.com/q/d/l/?s=4183.jp&i=d,2026-03-26T08:35:00+00:00
4183,4183.T,4183.jp,2017-01-20,974.57,987.52,974.57,981.97,3264497,https://stooq.com/q/d/l/?s=4183.jp&i=d,2026-03-26T08:35:00+00:00
4183,4183.T,4183.jp,2017-01-23,972.72,976.42,961.63,969.03,3164997,https://stooq.com/q/d/l/?s=4183.jp&i=d,2026-03-26T08:35:00+00:00
4183,4183.T,4183.jp,2017-01-24,956.08,965.34,952.38,956.08,3042786,https://stooq.com/q/d/l/?s=4183.jp&i=d,2026-03-26T08:35:00+00:00
4183,4183.T,4183.jp,2017-01-25,970.87,972.72,954.23,957.93,4040471,https://stooq.com/q/d/l/?s=4183.jp&i=d,2026-03-26T08:35:00+00:00
4183,4183.T,4183.jp,2017-01-26,970.87,998.61,967.18,993.08,4403310,https://stooq.com/q/d/l/?s=4183.jp&i=d,2026-03-26T08:35:00+00:00
4183,4183.T,4183.jp,2017-01-27,998.61,1000.46,987.52,993.08,3332635,https://stooq.com/q/d/l/?s=4183.jp&i=d,2026-03-26T08:35:00+00:00
4183,4183.T,4183.jp,2017-01-30,985.67,989.38,978.27,989.38,2708067,https://stooq.com/q/d/l/?s=4183.jp&i=d,2026-03-26T08:35:00+00:00
4183,4183.T,4183.jp,2017-01-31,974.57,989.38,974.57,983.82,4529305,https://stooq.com/q/d/l/?s=4183.jp&i=d,2026-03-26T08:35:00+00:00
4183,4183.T,4183.jp,2017-02-01,980.12,1006.02,972.72,1006.02,4316793,https://stooq.com/q/d/l/?s=4183.jp&i=d,2026-03-26T08:35:00+00:00
4183,4183.T,4183.jp,2017-02-02,1015.27,1050.39,972.72,981.97,13646867,https://stooq.com/q/d/l/?s=4183.jp&i=d,2026-03-26T08:35:00+00:00
4183,4183.T,4183.jp,2017-02-03,993.08,993.08,932.03,939.44,9659933,https://stooq.com/q/d/l/?s=4183.jp&i=d,2026-03-26T08:35:00+00:00
4183,4183.T,4183.jp,2017-02-06,946.84,948.67,924.63,930.19,7463949,https://stooq.com/q/d/l/?s=4183.jp&i=d,2026-03-26T08:35:00+00:00
4183,4183.T,4183.jp,2017-02-07,924.63,939.44,917.25,933.88,5349623,https://stooq.com/q/d/l/?s=4183.jp&i=d,2026-03-26T08:35:00+00:00
4183,4183.T,4183.jp,2017-02-08,930.19,952.38,928.35,950.53,3962604,https://stooq.com/q/d/l/?s=4183.jp&i=d,2026-03-26T08:35:00+00:00
4183,4183.T,4183.jp,2017-02-09,950.53,959.77,948.67,957.93,4564995,https://stooq.com/q/d/l/?s=4183.jp&i=d,2026-03-26T08:35:00+00:00
4183,4183.T,4183.jp,2017-02-10,969.03,976.42,957.93,961.63,5351787,https://stooq.com/q/d/l/?s=4183.jp&i=d,2026-03-26T08:35:00+00:00
4183,4183.T,4183.jp,2017-02-13,972.72,974.57,961.63,969.03,4184850,https://stooq.com/q/d/l/?s=4183.jp&i=d,2026-03-26T08:35:00+00:00
4183,4183.T,4183.jp,2017-02-14,972.72,980.12,959.77,961.63,3794429,https://stooq.com/q/d/l/?s=4183.jp&i=d,2026-03-26T08:35:00+00:00
4183,4183.T,4183.jp,2017-02-15,980.12,1013.42,980.12,998.61,6354873,https://stooq.com/q/d/l/?s=4183.jp&i=d,2026-03-26T08:35:00+00:00
4183,4183.T,4183.jp,2017-02-16,1000.46,1031.90,1000.46,1017.12,6087746,https://stooq.com/q/d/l/?s=4183.jp&i=d,2026-03-26T08:35:00+00:00
4183,4183.T,4183.jp,2017-02-17,1015.27,1030.06,1007.86,1011.56,3846342,https://stooq.com/q/d/l/?s=4183.jp&i=d,2026-03-26T08:35:00+00:00
4183,4183.T,4183.jp,2017-02-20,1013.42,1024.51,1007.86,1022.65,3049276,https://stooq.com/q/d/l/?s=4183.jp&i=d,2026-03-26T08:35:00+00:00
4183,4183.T,4183.jp,2017-02-21,1031.90,1057.79,1031.90,1044.84,6763136,https://stooq.com/q/d/l/?s=4183.jp&i=d,2026-03-26T08:35:00+00:00
4183,4183.T,4183.jp,2017-02-22,1046.69,1057.79,1043.00,1057.79,4931624,https://stooq.com/q/d/l/?s=4183.jp&i=d,2026-03-26T08:35:00+00:00
4183,4183.T,4183.jp,2017-02-23,1072.58,1085.54,1057.79,1068.90,5847649,https://stooq.com/q/d/l/?s=4183.jp&i=d,2026-03-26T08:35:00+00:00
4183,4183.T,4183.jp,2017-02-24,1059.65,1065.20,1052.24,1055.94,4099417,https://stooq.com/q/d/l/?s=4183.jp&i=d,2026-03-26T08:35:00+00:00
4183,4183.T,4183.jp,2017-02-27,1046.69,1061.49,1031.90,1050.39,3992883,https://stooq.com/q/d/l/?s=4183.jp&i=d,2026-03-26T08:35:00+00:00
4183,4183.T,4183.jp,2017-02-28,1061.49,1068.90,1055.94,1055.94,4676930,https://stooq.com/q/d/l/?s=4183.jp&i=d,2026-03-26T08:35:00+00:00
4183,4183.T,4183.jp,2017-03-01,1061.49,1068.90,1050.39,1065.20,3923663,https://stooq.com/q/d/l/?s=4183.jp&i=d,2026-03-26T08:35:00+00:00
4183,4183.T,4183.jp,2017-03-02,1083.68,1107.73,1076.29,1079.98,5498868,https://stooq.com/q/d/l/?s=4183.jp&i=d,2026-03-26T08:35:00+00:00
4183,4183.T,4183.jp,2017-03-03,1072.58,1078.13,1063.34,1068.90,4275155,https://stooq.com/q/d/l/?s=4183.jp&i=d,2026-03-26T08:35:00+00:00
4183,4183.T,4183.jp,2017-03-06,1067.04,1078.13,1063.34,1076.29,2265194,https://stooq.com/q/d/l/?s=4183.jp&i=d,2026-03-26T08:35:00+00:00
4183,4183.T,4183.jp,2017-03-07,1094.79,1105.88,1074.42,1074.42,5629733,https://stooq.com/q/d/l/?s=4183.jp&i=d,2026-03-26T08:35:00+00:00
4183,4183.T,4183.jp,2017-03-08,1074.42,1076.29,1055.94,1057.79,4248117,https://stooq.com/q/d/l/?s=4183.jp&i=d,2026-03-26T08:35:00+00:00
4183,4183.T,4183.jp,2017-03-09,1061.49,1072.58,1055.94,1070.74,3856074,https://stooq.com/q/d/l/?s=4183.jp&i=d,2026-03-26T08:35:00+00:00
4183,4183.T,4183.jp,2017-03-10,1076.29,1078.13,1063.34,1068.90,4111853,https://stooq.com/q/d/l/?s=4183.jp&i=d,2026-03-26T08:35:00+00:00
4183,4183.T,4183.jp,2017-03-13,1065.20,1074.42,1063.34,1074.42,2843252,https://stooq.com/q/d/l/?s=4183.jp&i=d,2026-03-26T08:35:00+00:00
4183,4183.T,4183.jp,2017-03-14,1076.29,1081.83,1061.49,1065.20,2652909,https://stooq.com/q/d/l/?s=4183.jp&i=d,2026-03-26T08:35:00+00:00
4183,4183.T,4183.jp,2017-03-15,1055.94,1055.94,1041.16,1044.84,2937343,https://stooq.com/q/d/l/?s=4183.jp&i=d,2026-03-26T08:35:00+00:00
4183,4183.T,4183.jp,2017-03-16,1035.60,1055.94,1026.36,1055.94,3494855,https://stooq.com/q/d/l/?s=4183.jp&i=d,2026-03-26T08:35:00+00:00
4183,4183.T,4183.jp,2017-03-17,1055.94,1061.49,1048.54,1050.39,2861093,https://stooq.com/q/d/l/?s=4183.jp&i=d,2026-03-26T08:35:00+00:00
4183,4183.T,4183.jp,2017-03-21,1044.84,1057.79,1043.00,1054.09,2443106,https://stooq.com/q/d/l/?s=4183.jp&i=d,2026-03-26T08:35:00+00:00
4183,4183.T,4183.jp,2017-03-22,1031.90,1033.75,1013.42,1013.42,3827417,https://stooq.com/q/d/l/?s=4183.jp&i=d,2026-03-26T08:35:00+00:00
4183,4183.T,4183.jp,2017-03-23,1007.86,1020.82,1006.02,1018.97,2698331,https://stooq.com/q/d/l/?s=4183.jp&i=d,2026-03-26T08:35:00+00:00
4183,4183.T,4183.jp,2017-03-24,1022.65,1041.16,1020.82,1031.90,2448507,https://stooq.com/q/d/l/?s=4183.jp&i=d,2026-03-26T08:35:00+00:00
4183,4183.T,4183.jp,2017-03-27,1018.97,1024.51,1013.42,1018.97,2719961,https://stooq.com/q/d/l/?s=4183.jp&i=d,2026-03-26T08:35:00+00:00
4183,4183.T,4183.jp,2017-03-28,1033.75,1035.60,1026.36,1033.75,2466893,https://stooq.com/q/d/l/?s=4183.jp&i=d,2026-03-26T08:35:00+00:00
4183,4183.T,4183.jp,2017-03-29,1050.57,1059.93,1043.10,1044.97,2673651,https://stooq.com/q/d/l/?s=4183.jp&i=d,2026-03-26T08:35:00+00:00
4183,4183.T,4183.jp,2017-03-30,1035.62,1050.57,1030.02,1035.62,3289906,https://stooq.com/q/d/l/?s=4183.jp&i=d,2026-03-26T08:35:00+00:00
4183,4183.T,4183.jp,2017-03-31,1044.97,1054.31,1026.28,1028.16,3954842,https://stooq.com/q/d/l/?s=4183.jp&i=d,2026-03-26T08:35:00+00:00
4183,4183.T,4183.jp,2017-04-03,1033.75,1035.62,1020.67,1026.28,2717514,https://stooq.com/q/d/l/?s=4183.jp&i=d,2026-03-26T08:35:00+00:00
4183,4183.T,4183.jp,2017-04-04,1028.16,1028.16,996.37,1009.44,5271337,https://stooq.com/q/d/l/?s=4183.jp&i=d,2026-03-26T08:35:00+00:00
4183,4183.T,4183.jp,2017-04-05,1011.32,1018.80,992.63,1003.84,5003869,https://stooq.com/q/d/l/?s=4183.jp&i=d,2026-03-26T08:35:00+00:00
4183,4183.T,4183.jp,2017-04-06,990.75,994.50,975.80,979.54,4604266,https://stooq.com/q/d/l/?s=4183.jp&i=d,2026-03-26T08:35:00+00:00
4183,4183.T,4183.jp,2017-04-07,987.01,994.50,966.46,983.28,6292014,https://stooq.com/q/d/l/?s=4183.jp&i=d,2026-03-26T08:35:00+00:00
4183,4183.T,4183.jp,2017-04-10,994.50,1003.84,990.75,1000.10,2783848,https://stooq.com/q/d/l/?s=4183.jp&i=d,2026-03-26T08:35:00+00:00
4183,4183.T,4183.jp,2017-04-11,990.75,1000.10,985.15,998.23,3189876,https://stooq.com/q/d/l/?s=4183.jp&i=d,2026-03-26T08:35:00+00:00
4183,4183.T,4183.jp,2017-04-12,990.75,990.75,975.80,987.01,3716258,https://stooq.com/q/d/l/?s=4183.jp&i=d,2026-03-26T08:35:00+00:00
4183,4183.T,4183.jp,2017-04-13,977.67,998.23,973.93,996.37,5619587,https://stooq.com/q/d/l/?s=4183.jp&i=d,2026-03-26T08:35:00+00:00
4183,4183.T,4183.jp,2017-04-14,985.15,998.23,975.80,985.15,3485160,https://stooq.com/q/d/l/?s=4183.jp&i=d,2026-03-26T08:35:00+00:00
4183,4183.T,4183.jp,2017-04-17,975.80,985.15,966.46,981.41,2975357,https://stooq.com/q/d/l/?s=4183.jp&i=d,2026-03-26T08:35:00+00:00
4183,4183.T,4183.jp,2017-04-18,992.63,1016.94,992.63,998.23,4811823,https://stooq.com/q/d/l/?s=4183.jp&i=d,2026-03-26T08:35:00+00:00
4183,4183.T,4183.jp,2017-04-19,988.88,1009.44,987.01,1001.97,3571823,https://stooq.com/q/d/l/?s=4183.jp&i=d,2026-03-26T08:35:00+00:00
4183,4183.T,4183.jp,2017-04-20,998.23,1011.32,996.37,998.23,3063621,https://stooq.com/q/d/l/?s=4183.jp&i=d,2026-03-26T08:35:00+00:00
4183,4183.T,4183.jp,2017-04-21,1018.80,1022.53,1003.84,1022.53,3979445,https://stooq.com/q/d/l/?s=4183.jp&i=d,2026-03-26T08:35:00+00:00
4183,4183.T,4183.jp,2017-04-24,1037.49,1043.10,1022.53,1028.16,3740863,https://stooq.com/q/d/l/?s=4183.jp&i=d,2026-03-26T08:35:00+00:00
4183,4183.T,4183.jp,2017-04-25,1022.53,1043.10,1022.53,1039.36,3123004,https://stooq.com/q/d/l/?s=4183.jp&i=d,2026-03-26T08:35:00+00:00
4183,4183.T,4183.jp,2017-04-26,1050.57,1067.40,1050.57,1065.53,3595361,https://stooq.com/q/d/l/?s=4183.jp&i=d,2026-03-26T08:35:00+00:00
4183,4183.T,4183.jp,2017-04-27,1063.66,1078.61,1061.79,1073.02,3133702,https://stooq.com/q/d/l/?s=4183.jp&i=d,2026-03-26T08:35:00+00:00
4183,4183.T,4183.jp,2017-04-28,1067.40,1073.02,1056.19,1065.53,3534912,https://stooq.com/q/d/l/?s=4183.jp&i=d,2026-03-26T08:35:00+00:00
4183,4183.T,4183.jp,2017-05-01,1069.28,1076.74,1067.40,1076.74,2162781,https://stooq.com/q/d/l/?s=4183.jp&i=d,2026-03-26T08:35:00+00:00
4183,4183.T,4183.jp,2017-05-02,1078.61,1093.58,1074.88,1087.96,3738720,https://stooq.com/q/d/l/?s=4183.jp&i=d,2026-03-26T08:35:00+00:00
4183,4183.T,4183.jp,2017-05-08,1106.66,1114.12,1099.18,1108.53,4112650,https://stooq.com/q/d/l/?s=4183.jp&i=d,2026-03-26T08:35:00+00:00
4183,4183.T,4183.jp,2017-05-09,1140.30,1142.16,1108.53,1119.74,7678587,https://stooq.com/q/d/l/?s=4183.jp&i=d,2026-03-26T08:35:00+00:00
4183,4183.T,4183.jp,2017-05-10,1112.26,1117.88,1106.66,1116.01,3923813,https://stooq.com/q/d/l/?s=4183.jp&i=d,2026-03-26T08:35:00+00:00
4183,4183.T,4183.jp,2017-05-11,1117.88,1127.22,1110.38,1110.38,5043988,https://stooq.com/q/d/l/?s=4183.jp&i=d,2026-03-26T08:35:00+00:00
4183,4183.T,4183.jp,2017-05-12,1117.88,1119.74,1074.88,1086.10,8591201,https://stooq.com/q/d/l/?s=4183.jp&i=d,2026-03-26T08:35:00+00:00
4183,4183.T,4183.jp,2017-05-15,1073.02,1078.61,1048.71,1056.19,6162561,https://stooq.com/q/d/l/?s=4183.jp&i=d,2026-03-26T08:35:00+00:00
4183,4183.T,4183.jp,2017-05-16,1074.88,1082.36,1061.79,1073.02,4483364,https://stooq.com/q/d/l/?s=4183.jp&i=d,2026-03-26T08:35:00+00:00
4183,4183.T,4183.jp,2017-05-17,1067.40,1076.74,1061.79,1069.28,3766543,https://stooq.com/q/d/l/?s=4183.jp&i=d,2026-03-26T08:35:00+00:00
4183,4183.T,4183.jp,2017-05-18,1050.57,1052.44,1030.02,1033.75,4290252,https://stooq.com/q/d/l/?s=4183.jp&i=d,2026-03-26T08:35:00+00:00
4183,4183.T,4183.jp,2017-05-19,1037.49,1039.36,1020.67,1037.49,3869786,https://stooq.com/q/d/l/?s=4183.jp&i=d,2026-03-26T08:35:00+00:00
4183,4183.T,4183.jp,2017-05-22,1046.84,1046.84,1031.88,1037.49,3332699,https://stooq.com/q/d/l/?s=4183.jp&i=d,2026-03-26T08:35:00+00:00
4183,4183.T,4183.jp,2017-05-23,1030.02,1035.62,1018.80,1020.67,4096601,https://stooq.com/q/d/l/?s=4183.jp&i=d,2026-03-26T08:35:00+00:00
4183,4183.T,4183.jp,2017-05-24,1033.75,1041.22,1016.94,1018.80,4274736,https://stooq.com/q/d/l/?s=4183.jp&i=d,2026-03-26T08:35:00+00:00
4183,4183.T,4183.jp,2017-05-25,1009.44,1018.80,1001.97,1015.06,3735512,https://stooq.com/q/d/l/?s=4183.jp&i=d,2026-03-26T08:35:00+00:00
4183,4183.T,4183.jp,2017-05-26,1016.94,1018.80,1009.44,1013.20,2879602,https://stooq.com/q/d/l/?s=4183.jp&i=d,2026-03-26T08:35:00+00:00
4183,4183.T,4183.jp,2017-05-29,1022.53,1024.40,1007.58,1007.58,2963588,https://stooq.com/q/d/l/?s=4183.jp&i=d,2026-03-26T08:35:00+00:00
4183,4183.T,4183.jp,2017-05-30,1007.58,1026.28,1003.84,1024.40,4505297,https://stooq.com/q/d/l/?s=4183.jp&i=d,2026-03-26T08:35:00+00:00
4183,4183.T,4183.jp,2017-05-31,1018.80,1031.88,1018.80,1028.16,4341067,https://stooq.com/q/d/l/?s=4183.jp&i=d,2026-03-26T08:35:00+00:00
4183,4183.T,4183.jp,2017-06-01,1035.62,1054.31,1028.16,1050.57,6096760,https://stooq.com/q/d/l/?s=4183.jp&i=d,2026-03-26T08:35:00+00:00
4183,4183.T,4183.jp,2017-06-02,1065.53,1084.23,1063.66,1084.23,7115831,https://stooq.com/q/d/l/?s=4183.jp&i=d,2026-03-26T08:35:00+00:00
4183,4183.T,4183.jp,2017-06-05,1076.74,1099.18,1076.74,1093.58,6971931,https://stooq.com/q/d/l/?s=4183.jp&i=d,2026-03-26T08:35:00+00:00
4183,4183.T,4183.jp,2017-06-06,1080.49,1087.96,1078.61,1082.36,3483558,https://stooq.com/q/d/l/?s=4183.jp&i=d,2026-03-26T08:35:00+00:00
4183,4183.T,4183.jp,2017-06-07,1074.88,1078.61,1063.66,1069.28,4524025,https://stooq.com/q/d/l/?s=4183.jp&i=d,2026-03-26T08:35:00+00:00
4183,4183.T,4183.jp,2017-06-08,1065.53,1071.14,1050.57,1059.93,5961951,https://stooq.com/q/d/l/?s=4183.jp&i=d,2026-03-26T08:35:00+00:00
4183,4183.T,4183.jp,2017-06-09,1061.79,1082.36,1061.79,1080.49,4955723,https://stooq.com/q/d/l/?s=4183.jp&i=d,2026-03-26T08:35:00+00:00
4183,4183.T,4183.jp,2017-06-12,1086.10,1097.31,1074.88,1076.74,3193618,https://stooq.com/q/d/l/?s=4183.jp&i=d,2026-03-26T08:35:00+00:00
4183,4183.T,4183.jp,2017-06-13,1080.49,1080.49,1067.40,1076.74,2833062,https://stooq.com/q/d/l/?s=4183.jp&i=d,2026-03-26T08:35:00+00:00
4183,4183.T,4183.jp,2017-06-14,1086.10,1093.58,1069.28,1071.14,4428268,https://stooq.com/q/d/l/?s=4183.jp&i=d,2026-03-26T08:35:00+00:00
4183,4183.T,4183.jp,2017-06-15,1063.66,1069.28,1046.84,1054.31,5026871,https://stooq.com/q/d/l/?s=4183.jp&i=d,2026-03-26T08:35:00+00:00
4183,4183.T,4183.jp,2017-06-16,1061.79,1076.74,1044.97,1050.57,5604609,https://stooq.com/q/d/l/?s=4183.jp&i=d,2026-03-26T08:35:00+00:00
4183,4183.T,4183.jp,2017-06-19,1054.31,1054.31,1037.49,1041.22,3305421,https://stooq.com/q/d/l/?s=4183.jp&i=d,2026-03-26T08:35:00+00:00
4183,4183.T,4183.jp,2017-06-20,1054.31,1067.40,1052.44,1058.06,4444850,https://stooq.com/q/d/l/?s=4183.jp&i=d,2026-03-26T08:35:00+00:00
4183,4183.T,4183.jp,2017-06-21,1054.31,1056.19,1039.36,1041.22,3627992,https://stooq.com/q/d/l/?s=4183.jp&i=d,2026-03-26T08:35:00+00:00
4183,4183.T,4183.jp,2017-06-22,1041.22,1056.19,1041.22,1056.19,2630323,https://stooq.com/q/d/l/?s=4183.jp&i=d,2026-03-26T08:35:00+00:00
4183,4183.T,4183.jp,2017-06-23,1065.53,1080.49,1065.53,1071.14,4338933,https://stooq.com/q/d/l/?s=4183.jp&i=d,2026-03-26T08:35:00+00:00
4183,4183.T,4183.jp,2017-06-26,1073.02,1086.10,1067.40,1071.14,2844835,https://stooq.com/q/d/l/?s=4183.jp&i=d,2026-03-26T08:35:00+00:00
4183,4183.T,4183.jp,2017-06-27,1086.10,1093.58,1080.49,1084.23,3101069,https://stooq.com/q/d/l/?s=4183.jp&i=d,2026-03-26T08:35:00+00:00
4183,4183.T,4183.jp,2017-06-28,1086.10,1095.44,1082.36,1084.23,2681139,https://stooq.com/q/d/l/?s=4183.jp&i=d,2026-03-26T08:35:00+00:00
4183,4183.T,4183.jp,2017-06-29,1091.71,1097.31,1089.82,1093.58,2169203,https://stooq.com/q/d/l/?s=4183.jp&i=d,2026-03-26T08:35:00+00:00
4183,4183.T,4183.jp,2017-06-30,1087.96,1112.26,1087.96,1112.26,5009214,https://stooq.com/q/d/l/?s=4183.jp&i=d,2026-03-26T08:35:00+00:00
4183,4183.T,4183.jp,2017-07-03,1117.88,1129.10,1110.38,1121.61,3661693,https://stooq.com/q/d/l/?s=4183.jp&i=d,2026-03-26T08:35:00+00:00
4183,4183.T,4183.jp,2017-07-04,1130.96,1132.82,1106.66,1112.26,2773150,https://stooq.com/q/d/l/?s=4183.jp&i=d,2026-03-26T08:35:00+00:00
4183,4183.T,4183.jp,2017-07-05,1123.48,1130.96,1110.38,1125.35,4030268,https://stooq.com/q/d/l/?s=4183.jp&i=d,2026-03-26T08:35:00+00:00
4183,4183.T,4183.jp,2017-07-06,1121.61,1129.10,1112.26,1119.74,3858015,https://stooq.com/q/d/l/?s=4183.jp&i=d,2026-03-26T08:35:00+00:00
4183,4183.T,4183.jp,2017-07-07,1112.26,1127.22,1110.38,1117.88,3948961,https://stooq.com/q/d/l/?s=4183.jp&i=d,2026-03-26T08:35:00+00:00
4183,4183.T,4183.jp,2017-07-10,1123.48,1132.82,1119.74,1130.96,2766731,https://stooq.com/q/d/l/?s=4183.jp&i=d,2026-03-26T08:35:00+00:00
4183,4183.T,4183.jp,2017-07-11,1138.44,1172.09,1138.44,1170.22,6369045,https://stooq.com/q/d/l/?s=4183.jp&i=d,2026-03-26T08:35:00+00:00
4183,4183.T,4183.jp,2017-07-12,1168.35,1183.30,1162.73,1168.35,3651528,https://stooq.com/q/d/l/?s=4183.jp&i=d,2026-03-26T08:35:00+00:00
4183,4183.T,4183.jp,2017-07-13,1175.82,1177.68,1166.48,1168.35,3021899,https://stooq.com/q/d/l/?s=4183.jp&i=d,2026-03-26T08:35:00+00:00
4183,4183.T,4183.jp,2017-07-14,1168.35,1183.30,1160.86,1181.43,3541327,https://stooq.com/q/d/l/?s=4183.jp&i=d,2026-03-26T08:35:00+00:00
4183,4183.T,4183.jp,2017-07-18,1175.82,1177.68,1162.73,1168.35,3336446,https://stooq.com/q/d/l/?s=4183.jp&i=d,2026-03-26T08:35:00+00:00
4183,4183.T,4183.jp,2017-07-19,1164.61,1175.82,1162.73,1172.09,2279396,https://stooq.com/q/d/l/?s=4183.jp&i=d,2026-03-26T08:35:00+00:00
4183,4183.T,4183.jp,2017-07-20,1173.94,1190.78,1172.09,1187.04,3575565,https://stooq.com/q/d/l/?s=4183.jp&i=d,2026-03-26T08:35:00+00:00
4183,4183.T,4183.jp,2017-07-21,1183.30,1196.38,1179.56,1192.66,2773683,https://stooq.com/q/d/l/?s=4183.jp&i=d,2026-03-26T08:35:00+00:00
4183,4183.T,4183.jp,2017-07-24,1185.17,1187.04,1175.82,1181.43,2483208,https://stooq.com/q/d/l/?s=4183.jp&i=d,2026-03-26T08:35:00+00:00
4183,4183.T,4183.jp,2017-07-25,1181.43,1187.04,1164.61,1164.61,2307750,https://stooq.com/q/d/l/?s=4183.jp&i=d,2026-03-26T08:35:00+00:00
4183,4183.T,4183.jp,2017-07-26,1177.68,1187.04,1159.01,1166.48,3652594,https://stooq.com/q/d/l/?s=4183.jp&i=d,2026-03-26T08:35:00+00:00
4183,4183.T,4183.jp,2017-07-27,1157.14,1179.56,1155.27,1173.94,3740863,https://stooq.com/q/d/l/?s=4183.jp&i=d,2026-03-26T08:35:00+00:00
4183,4183.T,4183.jp,2017-07-28,1168.35,1172.09,1159.01,1162.73,3247111,https://stooq.com/q/d/l/?s=4183.jp&i=d,2026-03-26T08:35:00+00:00
4183,4183.T,4183.jp,2017-07-31,1155.27,1181.43,1144.05,1177.68,5384743,https://stooq.com/q/d/l/?s=4183.jp&i=d,2026-03-26T08:35:00+00:00
4183,4183.T,4183.jp,2017-08-01,1181.43,1190.78,1175.82,1185.17,4699485,https://stooq.com/q/d/l/?s=4183.jp&i=d,2026-03-26T08:35:00+00:00
4183,4183.T,4183.jp,2017-08-02,1188.91,1218.82,1166.48,1200.13,10087976,https://stooq.com/q/d/l/?s=4183.jp&i=d,2026-03-26T08:35:00+00:00
4183,4183.T,4183.jp,2017-08-03,1187.04,1205.73,1177.68,1201.98,6121365,https://stooq.com/q/d/l/?s=4183.jp&i=d,2026-03-26T08:35:00+00:00
4183,4183.T,4183.jp,2017-08-04,1192.66,1192.66,1162.73,1179.56,4874407,https://stooq.com/q/d/l/?s=4183.jp&i=d,2026-03-26T08:35:00+00:00
4183,4183.T,4183.jp,2017-08-07,1185.17,1200.13,1181.43,1187.04,3394759,https://stooq.com/q/d/l/?s=4183.jp&i=d,2026-03-26T08:35:00+00:00
4183,4183.T,4183.jp,2017-08-08,1192.66,1200.13,1172.09,1172.09,4036152,https://stooq.com/q/d/l/?s=4183.jp&i=d,2026-03-26T08:35:00+00:00
4183,4183.T,4183.jp,2017-08-09,1166.48,1177.68,1159.01,1175.82,3998175,https://stooq.com/q/d/l/?s=4183.jp&i=d,2026-03-26T08:35:00+00:00
4183,4183.T,4183.jp,2017-08-10,1173.94,1179.56,1155.27,1168.35,3819503,https://stooq.com/q/d/l/?s=4183.jp&i=d,2026-03-26T08:35:00+00:00
4183,4183.T,4183.jp,2017-08-14,1157.14,1173.94,1151.53,1162.73,2956100,https://stooq.com/q/d/l/?s=4183.jp&i=d,2026-03-26T08:35:00+00:00
4183,4183.T,4183.jp,2017-08-15,1177.68,1190.78,1177.68,1179.56,3561656,https://stooq.com/q/d/l/?s=4183.jp&i=d,2026-03-26T08:35:00+00:00
4183,4183.T,4183.jp,2017-08-16,1183.30,1190.78,1179.56,1185.17,3558986,https://stooq.com/q/d/l/?s=4183.jp&i=d,2026-03-26T08:35:00+00:00
4183,4183.T,4183.jp,2017-08-17,1185.17,1194.52,1172.09,1185.17,2513704,https://stooq.com/q/d/l/?s=4183.jp&i=d,2026-03-26T08:35:00+00:00
4183,4183.T,4183.jp,2017-08-18,1168.35,1175.82,1157.14,1164.61,3200033,https://stooq.com/q/d/l/?s=4183.jp&i=d,2026-03-26T08:35:00+00:00
4183,4183.T,4183.jp,2017-08-21,1183.30,1207.60,1181.43,1207.60,4680759,https://stooq.com/q/d/l/?s=4183.jp&i=d,2026-03-26T08:35:00+00:00
4183,4183.T,4183.jp,2017-08-22,1203.86,1213.20,1194.52,1211.34,3305421,https://stooq.com/q/d/l/?s=4183.jp&i=d,2026-03-26T08:35:00+00:00
4183,4183.T,4183.jp,2017-08-23,1222.54,1233.77,1222.54,1228.17,3724281,https://stooq.com/q/d/l/?s=4183.jp&i=d,2026-03-26T08:35:00+00:00
4183,4183.T,4183.jp,2017-08-24,1224.44,1241.26,1222.54,1224.44,3355171,https://stooq.com/q/d/l/?s=4183.jp&i=d,2026-03-26T08:35:00+00:00
4183,4183.T,4183.jp,2017-08-25,1230.03,1233.77,1224.44,1226.30,3220365,https://stooq.com/q/d/l/?s=4183.jp&i=d,2026-03-26T08:35:00+00:00
4183,4183.T,4183.jp,2017-08-28,1230.03,1237.52,1218.82,1224.44,3212875,https://stooq.com/q/d/l/?s=4183.jp&i=d,2026-03-26T08:35:00+00:00
4183,4183.T,4183.jp,2017-08-29,1211.34,1239.38,1207.60,1233.77,3784729,https://stooq.com/q/d/l/?s=4183.jp&i=d,2026-03-26T08:35:00+00:00
4183,4183.T,4183.jp,2017-08-30,1244.99,1246.86,1211.34,1220.68,9306423,https://stooq.com/q/d/l/?s=4183.jp&i=d,2026-03-26T08:35:00+00:00
4183,4183.T,4183.jp,2017-08-31,1213.20,1233.77,1213.20,1230.03,4174703,https://stooq.com/q/d/l/?s=4183.jp&i=d,2026-03-26T08:35:00+00:00
4183,4183.T,4183.jp,2017-09-01,1235.64,1237.52,1213.20,1220.68,3174893,https://stooq.com/q/d/l/?s=4183.jp&i=d,2026-03-26T08:35:00+00:00
4183,4183.T,4183.jp,2017-09-04,1209.47,1218.82,1201.98,1205.73,2944865,https://stooq.com/q/d/l/?s=4183.jp&i=d,2026-03-26T08:35:00+00:00
4183,4183.T,4183.jp,2017-09-05,1203.86,1203.86,1172.09,1185.17,5390630,https://stooq.com/q/d/l/?s=4183.jp&i=d,2026-03-26T08:35:00+00:00
4183,4183.T,4183.jp,2017-09-06,1168.35,1203.86,1166.48,1198.26,4479619,https://stooq.com/q/d/l/?s=4183.jp&i=d,2026-03-26T08:35:00+00:00
4183,4183.T,4183.jp,2017-09-07,1203.86,1205.73,1187.04,1190.78,3167403,https://stooq.com/q/d/l/?s=4183.jp&i=d,2026-03-26T08:35:00+00:00
4183,4183.T,4183.jp,2017-09-08,1187.04,1209.47,1187.04,1198.26,3256740,https://stooq.com/q/d/l/?s=4183.jp&i=d,2026-03-26T08:35:00+00:00
4183,4183.T,4183.jp,2017-09-11,1211.34,1228.17,1209.47,1228.17,2595551,https://stooq.com/q/d/l/?s=4183.jp&i=d,2026-03-26T08:35:00+00:00
4183,4183.T,4183.jp,2017-09-12,1246.86,1252.46,1235.64,1241.26,3736050,https://stooq.com/q/d/l/?s=4183.jp&i=d,2026-03-26T08:35:00+00:00
4183,4183.T,4183.jp,2017-09-13,1246.86,1252.46,1239.38,1248.73,2447368,https://stooq.com/q/d/l/?s=4183.jp&i=d,2026-03-26T08:35:00+00:00
4183,4183.T,4183.jp,2017-09-14,1259.95,1259.95,1243.12,1250.60,2594476,https://stooq.com/q/d/l/?s=4183.jp&i=d,2026-03-26T08:35:00+00:00
4183,4183.T,4183.jp,2017-09-15,1244.99,1284.24,1243.12,1278.64,4586073,https://stooq.com/q/d/l/?s=4183.jp&i=d,2026-03-26T08:35:00+00:00
4183,4183.T,4183.jp,2017-09-19,1291.71,1299.20,1284.24,1299.20,3606594,https://stooq.com/q/d/l/?s=4183.jp&i=d,2026-03-26T08:35:00+00:00
4183,4183.T,4183.jp,2017-09-20,1304.82,1304.82,1291.71,1297.34,3077533,https://stooq.com/q/d/l/?s=4183.jp&i=d,2026-03-26T08:35:00+00:00
4183,4183.T,4183.jp,2017-09-21,1302.93,1306.68,1289.86,1293.60,3694319,https://stooq.com/q/d/l/?s=4183.jp&i=d,2026-03-26T08:35:00+00:00
4183,4183.T,4183.jp,2017-09-22,1293.60,1293.60,1258.08,1269.30,3594288,https://stooq.com/q/d/l/?s=4183.jp&i=d,2026-03-26T08:35:00+00:00
4183,4183.T,4183.jp,2017-09-25,1276.78,1284.24,1273.04,1274.90,2118376,https://stooq.com/q/d/l/?s=4183.jp&i=d,2026-03-26T08:35:00+00:00
4183,4183.T,4183.jp,2017-09-26,1274.90,1280.51,1269.30,1278.64,2076116,https://stooq.com/q/d/l/?s=4183.jp&i=d,2026-03-26T08:35:00+00:00
4183,4183.T,4183.jp,2017-09-27,1264.77,1283.52,1261.03,1274.14,2931304,https://stooq.com/q/d/l/?s=4183.jp&i=d,2026-03-26T08:35:00+00:00
4183,4183.T,4183.jp,2017-09-28,1283.52,1287.26,1276.02,1287.26,2538776,https://stooq.com/q/d/l/?s=4183.jp&i=d,2026-03-26T08:35:00+00:00
4183,4183.T,4183.jp,2017-09-29,1285.38,1289.13,1276.02,1281.64,2357853,https://stooq.com/q/d/l/?s=4183.jp&i=d,2026-03-26T08:35:00+00:00
4183,4183.T,4183.jp,2017-10-02,1292.88,1292.88,1274.14,1279.77,2018954,https://stooq.com/q/d/l/?s=4183.jp&i=d,2026-03-26T08:35:00+00:00
4183,4183.T,4183.jp,2017-10-03,1292.88,1298.51,1276.02,1281.64,1926364,https://stooq.com/q/d/l/?s=4183.jp&i=d,2026-03-26T08:35:00+00:00
4183,4183.T,4183.jp,2017-10-04,1287.26,1287.26,1262.90,1268.53,2891544,https://stooq.com/q/d/l/?s=4183.jp&i=d,2026-03-26T08:35:00+00:00
4183,4183.T,4183.jp,2017-10-05,1266.64,1266.64,1247.92,1253.54,3067933,https://stooq.com/q/d/l/?s=4183.jp&i=d,2026-03-26T08:35:00+00:00
4183,4183.T,4183.jp,2017-10-06,1276.02,1277.88,1251.65,1255.40,2744244,https://stooq.com/q/d/l/?s=4183.jp&i=d,2026-03-26T08:35:00+00:00
4183,4183.T,4183.jp,2017-10-10,1251.65,1270.38,1247.92,1268.53,2077401,https://stooq.com/q/d/l/?s=4183.jp&i=d,2026-03-26T08:35:00+00:00
4183,4183.T,4183.jp,2017-10-11,1264.77,1266.64,1247.92,1251.65,2135037,https://stooq.com/q/d/l/?s=4183.jp&i=d,2026-03-26T08:35:00+00:00
4183,4183.T,4183.jp,2017-10-12,1255.40,1259.15,1244.16,1246.04,2149979,https://stooq.com/q/d/l/?s=4183.jp&i=d,2026-03-26T08:35:00+00:00
4183,4183.T,4183.jp,2017-10-13,1234.79,1240.42,1214.19,1238.54,4049923,https://stooq.com/q/d/l/?s=4183.jp&i=d,2026-03-26T08:35:00+00:00
4183,4183.T,4183.jp,2017-10-16,1240.42,1246.04,1231.04,1234.79,2132632,https://stooq.com/q/d/l/?s=4183.jp&i=d,2026-03-26T08:35:00+00:00
4183,4183.T,4183.jp,2017-10-17,1244.16,1246.04,1231.04,1238.54,2206018,https://stooq.com/q/d/l/?s=4183.jp&i=d,2026-03-26T08:35:00+00:00
4183,4183.T,4183.jp,2017-10-18,1242.29,1246.04,1232.92,1240.42,1818290,https://stooq.com/q/d/l/?s=4183.jp&i=d,2026-03-26T08:35:00+00:00
4183,4183.T,4183.jp,2017-10-19,1249.79,1251.65,1229.16,1232.92,2478465,https://stooq.com/q/d/l/?s=4183.jp&i=d,2026-03-26T08:35:00+00:00
4183,4183.T,4183.jp,2017-10-20,1236.68,1255.40,1234.79,1247.92,3059659,https://stooq.com/q/d/l/?s=4183.jp&i=d,2026-03-26T08:35:00+00:00
4183,4183.T,4183.jp,2017-10-23,1264.77,1283.52,1261.03,1279.77,5410045,https://stooq.com/q/d/l/?s=4183.jp&i=d,2026-03-26T08:35:00+00:00
4183,4183.T,4183.jp,2017-10-24,1279.77,1292.88,1277.88,1287.26,2966529,https://stooq.com/q/d/l/?s=4183.jp&i=d,2026-03-26T08:35:00+00:00
4183,4183.T,4183.jp,2017-10-25,1313.48,1317.24,1298.51,1304.12,4144656,https://stooq.com/q/d/l/?s=4183.jp&i=d,2026-03-26T08:35:00+00:00
4183,4183.T,4183.jp,2017-10-26,1305.99,1319.12,1302.24,1315.36,3359597,https://stooq.com/q/d/l/?s=4183.jp&i=d,2026-03-26T08:35:00+00:00
4183,4183.T,4183.jp,2017-10-27,1319.12,1320.98,1309.73,1317.24,2354919,https://stooq.com/q/d/l/?s=4183.jp&i=d,2026-03-26T08:35:00+00:00
4183,4183.T,4183.jp,2017-10-30,1311.62,1320.98,1300.38,1315.36,2750650,https://stooq.com/q/d/l/?s=4183.jp&i=d,2026-03-26T08:35:00+00:00
4183,4183.T,4183.jp,2017-10-31,1311.62,1319.12,1302.24,1304.12,2134504,https://stooq.com/q/d/l/?s=4183.jp&i=d,2026-03-26T08:35:00+00:00
4183,4183.T,4183.jp,2017-11-01,1313.48,1350.96,1249.79,1262.90,11857587,https://stooq.com/q/d/l/?s=4183.jp&i=d,2026-03-26T08:35:00+00:00
4183,4183.T,4183.jp,2017-11-02,1292.88,1292.88,1262.90,1274.14,4628183,https://stooq.com/q/d/l/?s=4183.jp&i=d,2026-03-26T08:35:00+00:00
4183,4183.T,4183.jp,2017-11-06,1279.77,1281.64,1268.53,1276.02,3320632,https://stooq.com/q/d/l/?s=4183.jp&i=d,2026-03-26T08:35:00+00:00
4183,4183.T,4183.jp,2017-11-07,1270.38,1283.52,1262.90,1281.64,3202692,https://stooq.com/q/d/l/?s=4183.jp&i=d,2026-03-26T08:35:00+00:00
4183,4183.T,4183.jp,2017-11-08,1279.77,1328.48,1274.14,1328.48,5118650,https://stooq.com/q/d/l/?s=4183.jp&i=d,2026-03-26T08:35:00+00:00
4183,4183.T,4183.jp,2017-11-09,1339.72,1392.20,1326.60,1350.96,7876237,https://stooq.com/q/d/l/?s=4183.jp&i=d,2026-03-26T08:35:00+00:00
4183,4183.T,4183.jp,2017-11-10,1330.36,1335.98,1315.36,1326.60,2995620,https://stooq.com/q/d/l/?s=4183.jp&i=d,2026-03-26T08:35:00+00:00
4183,4183.T,4183.jp,2017-11-13,1319.12,1324.73,1296.62,1311.62,3152525,https://stooq.com/q/d/l/?s=4183.jp&i=d,2026-03-26T08:35:00+00:00
4183,4183.T,4183.jp,2017-11-14,1304.12,1311.62,1294.75,1309.73,2806154,https://stooq.com/q/d/l/?s=4183.jp&i=d,2026-03-26T08:35:00+00:00
4183,4183.T,4183.jp,2017-11-15,1292.88,1292.88,1255.40,1262.90,3326776,https://stooq.com/q/d/l/?s=4183.jp&i=d,2026-03-26T08:35:00+00:00
4183,4183.T,4183.jp,2017-11-16,1261.03,1311.62,1259.15,1307.87,4022709,https://stooq.com/q/d/l/?s=4183.jp&i=d,2026-03-26T08:35:00+00:00
4183,4183.T,4183.jp,2017-11-17,1326.60,1337.85,1307.87,1317.24,3890087,https://stooq.com/q/d/l/?s=4183.jp&i=d,2026-03-26T08:35:00+00:00
4183,4183.T,4183.jp,2017-11-20,1315.36,1326.60,1298.51,1302.24,2697285,https://stooq.com/q/d/l/?s=4183.jp&i=d,2026-03-26T08:35:00+00:00
4183,4183.T,4183.jp,2017-11-21,1319.12,1335.98,1319.12,1328.48,2543045,https://stooq.com/q/d/l/?s=4183.jp&i=d,2026-03-26T08:35:00+00:00
4183,4183.T,4183.jp,2017-11-22,1337.85,1339.72,1319.12,1320.98,1890606,https://stooq.com/q/d/l/?s=4183.jp&i=d,2026-03-26T08:35:00+00:00
4183,4183.T,4183.jp,2017-11-24,1304.12,1330.36,1300.38,1326.60,1564523,https://stooq.com/q/d/l/?s=4183.jp&i=d,2026-03-26T08:35:00+00:00
4183,4183.T,4183.jp,2017-11-27,1337.85,1341.60,1311.62,1313.48,1978660,https://stooq.com/q/d/l/?s=4183.jp&i=d,2026-03-26T08:35:00+00:00
4183,4183.T,4183.jp,2017-11-28,1324.73,1339.72,1311.62,1322.86,3013229,https://stooq.com/q/d/l/?s=4183.jp&i=d,2026-03-26T08:35:00+00:00
4183,4183.T,4183.jp,2017-11-29,1341.60,1356.58,1335.98,1347.22,2622299,https://stooq.com/q/d/l/?s=4183.jp&i=d,2026-03-26T08:35:00+00:00
4183,4183.T,4183.jp,2017-11-30,1364.08,1377.18,1345.34,1358.46,4077682,https://stooq.com/q/d/l/?s=4183.jp&i=d,2026-03-26T08:35:00+00:00
4183,4183.T,4183.jp,2017-12-01,1364.08,1382.82,1358.46,1360.34,2668464,https://stooq.com/q/d/l/?s=4183.jp&i=d,2026-03-26T08:35:00+00:00
4183,4183.T,4183.jp,2017-12-04,1373.44,1375.34,1343.46,1345.34,2449120,https://stooq.com/q/d/l/?s=4183.jp&i=d,2026-03-26T08:35:00+00:00
4183,4183.T,4183.jp,2017-12-05,1339.72,1352.83,1335.98,1347.22,2392276,https://stooq.com/q/d/l/?s=4183.jp&i=d,2026-03-26T08:35:00+00:00
4183,4183.T,4183.jp,2017-12-06,1337.85,1345.34,1302.24,1309.73,2944913,https://stooq.com/q/d/l/?s=4183.jp&i=d,2026-03-26T08:35:00+00:00
4183,4183.T,4183.jp,2017-12-07,1319.12,1360.34,1317.24,1352.83,3335049,https://stooq.com/q/d/l/?s=4183.jp&i=d,2026-03-26T08:35:00+00:00
4183,4183.T,4183.jp,2017-12-08,1360.34,1365.94,1334.12,1347.22,4524918,https://stooq.com/q/d/l/?s=4183.jp&i=d,2026-03-26T08:35:00+00:00
4183,4183.T,4183.jp,2017-12-11,1362.22,1362.22,1341.60,1356.58,1993342,https://stooq.com/q/d/l/?s=4183.jp&i=d,2026-03-26T08:35:00+00:00
4183,4183.T,4183.jp,2017-12-12,1352.83,1354.72,1341.60,1349.10,2275664,https://stooq.com/q/d/l/?s=4183.jp&i=d,2026-03-26T08:35:00+00:00
4183,4183.T,4183.jp,2017-12-13,1334.12,1339.72,1313.48,1317.24,2635642,https://stooq.com/q/d/l/?s=4183.jp&i=d,2026-03-26T08:35:00+00:00
4183,4183.T,4183.jp,2017-12-14,1313.48,1320.98,1305.99,1320.98,2333569,https://stooq.com/q/d/l/?s=4183.jp&i=d,2026-03-26T08:35:00+00:00
4183,4183.T,4183.jp,2017-12-15,1317.24,1322.86,1294.75,1296.62,3620572,https://stooq.com/q/d/l/?s=4183.jp&i=d,2026-03-26T08:35:00+00:00
4183,4183.T,4183.jp,2017-12-18,1309.73,1335.98,1307.87,1334.12,2470996,https://stooq.com/q/d/l/?s=4183.jp&i=d,2026-03-26T08:35:00+00:00
4183,4183.T,4183.jp,2017-12-19,1341.60,1347.22,1332.23,1341.60,2177730,https://stooq.com/q/d/l/?s=4183.jp&i=d,2026-03-26T08:35:00+00:00
4183,4183.T,4183.jp,2017-12-20,1343.46,1388.44,1341.60,1377.18,4489419,https://stooq.com/q/d/l/?s=4183.jp&i=d,2026-03-26T08:35:00+00:00
4183,4183.T,4183.jp,2017-12-21,1369.70,1371.57,1358.46,1365.94,2200945,https://stooq.com/q/d/l/?s=4183.jp&i=d,2026-03-26T08:35:00+00:00
4183,4183.T,4183.jp,2017-12-22,1371.57,1380.95,1365.94,1375.34,2013352,https://stooq.com/q/d/l/?s=4183.jp&i=d,2026-03-26T08:35:00+00:00
4183,4183.T,4183.jp,2017-12-25,1384.70,1390.31,1369.70,1377.18,1513818,https://stooq.com/q/d/l/?s=4183.jp&i=d,2026-03-26T08:35:00+00:00
4183,4183.T,4183.jp,2017-12-26,1379.08,1382.82,1365.94,1369.70,1410018,https://stooq.com/q/d/l/?s=4183.jp&i=d,2026-03-26T08:35:00+00:00
4183,4183.T,4183.jp,2017-12-27,1371.57,1379.08,1364.08,1375.34,1346775,https://stooq.com/q/d/l/?s=4183.jp&i=d,2026-03-26T08:35:00+00:00
4183,4183.T,4183.jp,2017-12-28,1379.08,1384.70,1352.83,1356.58,2217226,https://stooq.com/q/d/l/?s=4183.jp&i=d,2026-03-26T08:35:00+00:00
4183,4183.T,4183.jp,2017-12-29,1362.22,1371.57,1354.72,1358.46,1601076,https://stooq.com/q/d/l/?s=4183.jp&i=d,2026-03-26T08:35:00+00:00
4183,4183.T,4183.jp,2018-01-04,1384.70,1395.94,1377.18,1395.94,3251792,https://stooq.com/q/d/l/?s=4183.jp&i=d,2026-03-26T08:35:00+00:00
4183,4183.T,4183.jp,2018-01-05,1414.67,1440.90,1407.18,1431.54,3599223,https://stooq.com/q/d/l/?s=4183.jp&i=d,2026-03-26T08:35:00+00:00
4183,4183.T,4183.jp,2018-01-09,1442.78,1455.90,1429.67,1437.16,2706356,https://stooq.com/q/d/l/?s=4183.jp&i=d,2026-03-26T08:35:00+00:00
4183,4183.T,4183.jp,2018-01-10,1437.16,1440.90,1429.67,1433.40,2147582,https://stooq.com/q/d/l/?s=4183.jp&i=d,2026-03-26T08:35:00+00:00
4183,4183.T,4183.jp,2018-01-11,1416.54,1416.54,1403.43,1412.79,2851254,https://stooq.com/q/d/l/?s=4183.jp&i=d,2026-03-26T08:35:00+00:00
4183,4183.T,4183.jp,2018-01-12,1414.67,1429.67,1407.18,1414.67,3360392,https://stooq.com/q/d/l/?s=4183.jp&i=d,2026-03-26T08:35:00+00:00
4183,4183.T,4183.jp,2018-01-15,1427.78,1429.67,1407.18,1420.28,1712348,https://stooq.com/q/d/l/?s=4183.jp&i=d,2026-03-26T08:35:00+00:00
4183,4183.T,4183.jp,2018-01-16,1412.79,1424.03,1407.18,1422.16,1770791,https://stooq.com/q/d/l/?s=4183.jp&i=d,2026-03-26T08:35:00+00:00
4183,4183.T,4183.jp,2018-01-17,1407.18,1414.67,1388.44,1392.20,3846591,https://stooq.com/q/d/l/?s=4183.jp&i=d,2026-03-26T08:35:00+00:00
4183,4183.T,4183.jp,2018-01-18,1407.18,1412.79,1345.34,1350.96,5878092,https://stooq.com/q/d/l/?s=4183.jp&i=d,2026-03-26T08:35:00+00:00
4183,4183.T,4183.jp,2018-01-19,1328.48,1328.48,1289.13,1309.73,9756972,https://stooq.com/q/d/l/?s=4183.jp&i=d,2026-03-26T08:35:00+00:00
4183,4183.T,4183.jp,2018-01-22,1317.24,1324.73,1305.99,1319.12,3939716,https://stooq.com/q/d/l/?s=4183.jp&i=d,2026-03-26T08:35:00+00:00
4183,4183.T,4183.jp,2018-01-23,1320.98,1328.48,1304.12,1326.60,3693690,https://stooq.com/q/d/l/?s=4183.jp&i=d,2026-03-26T08:35:00+00:00
4183,4183.T,4183.jp,2018-01-24,1326.60,1328.48,1311.62,1315.36,2112619,https://stooq.com/q/d/l/?s=4183.jp&i=d,2026-03-26T08:35:00+00:00
4183,4183.T,4183.jp,2018-01-25,1307.87,1311.62,1296.62,1304.12,2842183,https://stooq.com/q/d/l/?s=4183.jp&i=d,2026-03-26T08:35:00+00:00
4183,4183.T,4183.jp,2018-01-26,1309.73,1317.24,1305.99,1305.99,2172663,https://stooq.com/q/d/l/?s=4183.jp&i=d,2026-03-26T08:35:00+00:00
4183,4183.T,4183.jp,2018-01-29,1317.24,1334.12,1315.36,1330.36,2986813,https://stooq.com/q/d/l/?s=4183.jp&i=d,2026-03-26T08:35:00+00:00
4183,4183.T,4183.jp,2018-01-30,1328.48,1330.36,1296.62,1304.12,3327038,https://stooq.com/q/d/l/?s=4183.jp&i=d,2026-03-26T08:35:00+00:00
4183,4183.T,4183.jp,2018-01-31,1294.75,1302.24,1283.52,1283.52,3127970,https://stooq.com/q/d/l/?s=4183.jp&i=d,2026-03-26T08:35:00+00:00
4183,4183.T,4183.jp,2018-02-01,1298.51,1315.36,1287.26,1309.73,2762662,https://stooq.com/q/d/l/?s=4183.jp&i=d,2026-03-26T08:35:00+00:00
4183,4183.T,4183.jp,2018-02-02,1307.87,1309.73,1264.77,1274.14,5688634,https://stooq.com/q/d/l/?s=4183.jp&i=d,2026-03-26T08:35:00+00:00
4183,4183.T,4183.jp,2018-02-05,1247.92,1268.53,1236.68,1266.64,5144000,https://stooq.com/q/d/l/?s=4183.jp&i=d,2026-03-26T08:35:00+00:00
4183,4183.T,4183.jp,2018-02-06,1193.57,1208.56,1159.84,1193.57,5986697,https://stooq.com/q/d/l/?s=4183.jp&i=d,2026-03-26T08:35:00+00:00
4183,4183.T,4183.jp,2018-02-07,1240.42,1246.04,1171.08,1172.96,5007644,https://stooq.com/q/d/l/?s=4183.jp&i=d,2026-03-26T08:35:00+00:00
4183,4183.T,4183.jp,2018-02-08,1174.83,1202.94,1174.83,1193.57,2714628,https://stooq.com/q/d/l/?s=4183.jp&i=d,2026-03-26T08:35:00+00:00
4183,4183.T,4183.jp,2018-02-09,1161.71,1195.44,1150.47,1195.44,5661945,https://stooq.com/q/d/l/?s=4183.jp&i=d,2026-03-26T08:35:00+00:00
4183,4183.T,4183.jp,2018-02-13,1217.92,1232.92,1193.57,1199.20,6065683,https://stooq.com/q/d/l/?s=4183.jp&i=d,2026-03-26T08:35:00+00:00
4183,4183.T,4183.jp,2018-02-14,1199.20,1216.06,1174.83,1180.46,3196286,https://stooq.com/q/d/l/?s=4183.jp&i=d,2026-03-26T08:35:00+00:00
4183,4183.T,4183.jp,2018-02-15,1193.57,1201.07,1178.58,1184.20,2532370,https://stooq.com/q/d/l/?s=4183.jp&i=d,2026-03-26T08:35:00+00:00
4183,4183.T,4183.jp,2018-02-16,1182.32,1216.06,1180.46,1214.19,2095010,https://stooq.com/q/d/l/?s=4183.jp&i=d,2026-03-26T08:35:00+00:00
4183,4183.T,4183.jp,2018-02-19,1229.16,1246.04,1223.55,1242.29,1948244,https://stooq.com/q/d/l/?s=4183.jp&i=d,2026-03-26T08:35:00+00:00
4183,4183.T,4183.jp,2018-02-20,1229.16,1240.42,1223.55,1232.92,1713152,https://stooq.com/q/d/l/?s=4183.jp&i=d,2026-03-26T08:35:00+00:00
4183,4183.T,4183.jp,2018-02-21,1232.92,1246.04,1229.16,1242.29,1987207,https://stooq.com/q/d/l/?s=4183.jp&i=d,2026-03-26T08:35:00+00:00
4183,4183.T,4183.jp,2018-02-22,1225.43,1225.43,1197.32,1208.56,2354119,https://stooq.com/q/d/l/?s=4183.jp&i=d,2026-03-26T08:35:00+00:00
4183,4183.T,4183.jp,2018-02-23,1214.19,1240.42,1210.44,1238.54,2224431,https://stooq.com/q/d/l/?s=4183.jp&i=d,2026-03-26T08:35:00+00:00
4183,4183.T,4183.jp,2018-02-26,1251.65,1253.54,1229.16,1236.68,1662448,https://stooq.com/q/d/l/?s=4183.jp&i=d,2026-03-26T08:35:00+00:00
4183,4183.T,4183.jp,2018-02-27,1249.79,1268.53,1247.92,1259.15,2502218,https://stooq.com/q/d/l/?s=4183.jp&i=d,2026-03-26T08:35:00+00:00
4183,4183.T,4183.jp,2018-02-28,1242.29,1261.03,1229.16,1231.04,2992414,https://stooq.com/q/d/l/?s=4183.jp&i=d,2026-03-26T08:35:00+00:00
4183,4183.T,4183.jp,2018-03-01,1221.68,1225.43,1208.56,1216.06,2041372,https://stooq.com/q/d/l/?s=4183.jp&i=d,2026-03-26T08:35:00+00:00
4183,4183.T,4183.jp,2018-03-02,1187.94,1191.70,1172.96,1182.32,2755988,https://stooq.com/q/d/l/?s=4183.jp&i=d,2026-03-26T08:35:00+00:00
4183,4183.T,4183.jp,2018-03-05,1172.96,1197.32,1171.08,1189.82,3739319,https://stooq.com/q/d/l/?s=4183.jp&i=d,2026-03-26T08:35:00+00:00
4183,4183.T,4183.jp,2018-03-06,1216.06,1251.65,1214.19,1232.92,3661665,https://stooq.com/q/d/l/?s=4183.jp&i=d,2026-03-26T08:35:00+00:00
4183,4183.T,4183.jp,2018-03-07,1221.68,1223.55,1197.32,1204.80,2510225,https://stooq.com/q/d/l/?s=4183.jp&i=d,2026-03-26T08:35:00+00:00
4183,4183.T,4183.jp,2018-03-08,1219.80,1223.55,1202.94,1210.44,2070993,https://stooq.com/q/d/l/?s=4183.jp&i=d,2026-03-26T08:35:00+00:00
4183,4183.T,4183.jp,2018-03-09,1225.43,1264.77,1225.43,1234.79,3795094,https://stooq.com/q/d/l/?s=4183.jp&i=d,2026-03-26T08:35:00+00:00
4183,4183.T,4183.jp,2018-03-12,1268.53,1277.88,1257.28,1274.14,2804819,https://stooq.com/q/d/l/?s=4183.jp&i=d,2026-03-26T08:35:00+00:00
4183,4183.T,4183.jp,2018-03-13,1257.28,1259.15,1246.04,1255.40,2664725,https://stooq.com/q/d/l/?s=4183.jp&i=d,2026-03-26T08:35:00+00:00
4183,4183.T,4183.jp,2018-03-14,1238.54,1266.64,1236.68,1251.65,2505956,https://stooq.com/q/d/l/?s=4183.jp&i=d,2026-03-26T08:35:00+00:00
4183,4183.T,4183.jp,2018-03-15,1251.65,1255.40,1229.16,1246.04,2066193,https://stooq.com/q/d/l/?s=4183.jp&i=d,2026-03-26T08:35:00+00:00
4183,4183.T,4183.jp,2018-03-16,1255.40,1262.90,1246.04,1251.65,2488873,https://stooq.com/q/d/l/?s=4183.jp&i=d,2026-03-26T08:35:00+00:00
4183,4183.T,4183.jp,2018-03-19,1247.92,1266.64,1246.04,1249.79,2571600,https://stooq.com/q/d/l/?s=4183.jp&i=d,2026-03-26T08:35:00+00:00
4183,4183.T,4183.jp,2018-03-20,1238.54,1259.15,1236.68,1257.28,2573468,https://stooq.com/q/d/l/?s=4183.jp&i=d,2026-03-26T08:35:00+00:00
4183,4183.T,4183.jp,2018-03-22,1240.42,1253.54,1234.79,1247.92,2923037,https://stooq.com/q/d/l/?s=4183.jp&i=d,2026-03-26T08:35:00+00:00
4183,4183.T,4183.jp,2018-03-23,1214.19,1229.16,1202.94,1208.56,4437927,https://stooq.com/q/d/l/?s=4183.jp&i=d,2026-03-26T08:35:00+00:00
4183,4183.T,4183.jp,2018-03-26,1197.32,1223.55,1186.08,1223.55,2738643,https://stooq.com/q/d/l/?s=4183.jp&i=d,2026-03-26T08:35:00+00:00
4183,4183.T,4183.jp,2018-03-27,1234.79,1257.28,1225.43,1257.28,2697285,https://stooq.com/q/d/l/?s=4183.jp&i=d,2026-03-26T08:35:00+00:00
4183,4183.T,4183.jp,2018-03-28,1249.70,1268.64,1240.21,1268.64,2764790,https://stooq.com/q/d/l/?s=4183.jp&i=d,2026-03-26T08:35:00+00:00
4183,4183.T,4183.jp,2018-03-29,1281.94,1287.62,1247.79,1262.96,2281494,https://stooq.com/q/d/l/?s=4183.jp&i=d,2026-03-26T08:35:00+00:00
4183,4183.T,4183.jp,2018-03-30,1281.94,1283.83,1264.86,1272.44,1661086,https://stooq.com/q/d/l/?s=4183.jp&i=d,2026-03-26T08:35:00+00:00
4183,4183.T,4183.jp,2018-04-02,1257.28,1280.03,1257.28,1266.76,1383185,https://stooq.com/q/d/l/?s=4183.jp&i=d,2026-03-26T08:35:00+00:00
4183,4183.T,4183.jp,2018-04-03,1242.10,1257.28,1236.42,1251.58,2115118,https://stooq.com/q/d/l/?s=4183.jp&i=d,2026-03-26T08:35:00+00:00
4183,4183.T,4183.jp,2018-04-04,1247.79,1249.70,1232.62,1236.42,2319197,https://stooq.com/q/d/l/?s=4183.jp&i=d,2026-03-26T08:35:00+00:00
4183,4183.T,4183.jp,2018-04-05,1249.70,1251.58,1226.94,1244.00,2331587,https://stooq.com/q/d/l/?s=4183.jp&i=d,2026-03-26T08:35:00+00:00
4183,4183.T,4183.jp,2018-04-06,1244.00,1253.48,1236.42,1236.42,2612919,https://stooq.com/q/d/l/?s=4183.jp&i=d,2026-03-26T08:35:00+00:00
4183,4183.T,4183.jp,2018-04-09,1236.42,1245.90,1225.04,1238.30,1617849,https://stooq.com/q/d/l/?s=4183.jp&i=d,2026-03-26T08:35:00+00:00
4183,4183.T,4183.jp,2018-04-10,1230.73,1257.28,1225.04,1251.58,2265671,https://stooq.com/q/d/l/?s=4183.jp&i=d,2026-03-26T08:35:00+00:00
4183,4183.T,4183.jp,2018-04-11,1251.58,1262.96,1244.00,1244.00,1964830,https://stooq.com/q/d/l/?s=4183.jp&i=d,2026-03-26T08:35:00+00:00
4183,4183.T,4183.jp,2018-04-12,1251.58,1259.17,1247.79,1253.48,2037599,https://stooq.com/q/d/l/?s=4183.jp&i=d,2026-03-26T08:35:00+00:00
4183,4183.T,4183.jp,2018-04-13,1262.96,1281.94,1262.96,1274.34,1530573,https://stooq.com/q/d/l/?s=4183.jp&i=d,2026-03-26T08:35:00+00:00
4183,4183.T,4183.jp,2018-04-16,1272.44,1272.44,1253.48,1270.56,1588843,https://stooq.com/q/d/l/?s=4183.jp&i=d,2026-03-26T08:35:00+00:00
4183,4183.T,4183.jp,2018-04-17,1262.96,1270.56,1249.70,1259.17,1550082,https://stooq.com/q/d/l/?s=4183.jp&i=d,2026-03-26T08:35:00+00:00
4183,4183.T,4183.jp,2018-04-18,1261.06,1278.13,1255.38,1270.56,1765497,https://stooq.com/q/d/l/?s=4183.jp&i=d,2026-03-26T08:35:00+00:00
4183,4183.T,4183.jp,2018-04-19,1287.62,1308.47,1280.03,1285.73,2600528,https://stooq.com/q/d/l/?s=4183.jp&i=d,2026-03-26T08:35:00+00:00
4183,4183.T,4183.jp,2018-04-20,1283.83,1298.99,1276.23,1285.73,1662676,https://stooq.com/q/d/l/?s=4183.jp&i=d,2026-03-26T08:35:00+00:00
4183,4183.T,4183.jp,2018-04-23,1283.83,1291.42,1280.03,1283.83,1359986,https://stooq.com/q/d/l/?s=4183.jp&i=d,2026-03-26T08:35:00+00:00
4183,4183.T,4183.jp,2018-04-24,1295.21,1297.10,1274.34,1276.23,2237457,https://stooq.com/q/d/l/?s=4183.jp&i=d,2026-03-26T08:35:00+00:00
4183,4183.T,4183.jp,2018-04-25,1268.64,1278.13,1259.17,1264.86,2544895,https://stooq.com/q/d/l/?s=4183.jp&i=d,2026-03-26T08:35:00+00:00
4183,4183.T,4183.jp,2018-04-26,1274.34,1281.94,1268.64,1276.23,2132258,https://stooq.com/q/d/l/?s=4183.jp&i=d,2026-03-26T08:35:00+00:00
4183,4183.T,4183.jp,2018-04-27,1238.30,1242.10,1173.84,1190.90,6437381,https://stooq.com/q/d/l/?s=4183.jp&i=d,2026-03-26T08:35:00+00:00
4183,4183.T,4183.jp,2018-05-01,1190.90,1202.28,1177.62,1190.90,2121973,https://stooq.com/q/d/l/?s=4183.jp&i=d,2026-03-26T08:35:00+00:00
4183,4183.T,4183.jp,2018-05-02,1200.39,1202.28,1183.32,1194.70,1510274,https://stooq.com/q/d/l/?s=4183.jp&i=d,2026-03-26T08:35:00+00:00
4183,4183.T,4183.jp,2018-05-07,1200.39,1200.39,1179.52,1192.79,1229733,https://stooq.com/q/d/l/?s=4183.jp&i=d,2026-03-26T08:35:00+00:00
4183,4183.T,4183.jp,2018-05-08,1190.90,1206.08,1189.01,1194.70,1903130,https://stooq.com/q/d/l/?s=4183.jp&i=d,2026-03-26T08:35:00+00:00
4183,4183.T,4183.jp,2018-05-09,1189.01,1194.70,1177.62,1190.90,2420708,https://stooq.com/q/d/l/?s=4183.jp&i=d,2026-03-26T08:35:00+00:00
4183,4183.T,4183.jp,2018-05-10,1196.58,1211.77,1194.70,1198.49,2080050,https://stooq.com/q/d/l/?s=4183.jp&i=d,2026-03-26T08:35:00+00:00
4183,4183.T,4183.jp,2018-05-11,1196.58,1215.56,1194.70,1213.68,1855144,https://stooq.com/q/d/l/?s=4183.jp&i=d,2026-03-26T08:35:00+00:00
4183,4183.T,4183.jp,2018-05-14,1211.77,1215.56,1196.58,1215.56,1495243,https://stooq.com/q/d/l/?s=4183.jp&i=d,2026-03-26T08:35:00+00:00
4183,4183.T,4183.jp,2018-05-15,1211.77,1261.06,1160.56,1247.79,6725303,https://stooq.com/q/d/l/?s=4183.jp&i=d,2026-03-26T08:35:00+00:00
4183,4183.T,4183.jp,2018-05-16,1247.79,1251.58,1219.36,1223.14,3313472,https://stooq.com/q/d/l/?s=4183.jp&i=d,2026-03-26T08:35:00+00:00
4183,4183.T,4183.jp,2018-05-17,1213.68,1249.70,1211.77,1240.21,2133049,https://stooq.com/q/d/l/?s=4183.jp&i=d,2026-03-26T08:35:00+00:00
4183,4183.T,4183.jp,2018-05-18,1244.00,1268.64,1244.00,1255.38,1776570,https://stooq.com/q/d/l/?s=4183.jp&i=d,2026-03-26T08:35:00+00:00
4183,4183.T,4183.jp,2018-05-21,1255.38,1255.38,1240.21,1244.00,1781320,https://stooq.com/q/d/l/?s=4183.jp&i=d,2026-03-26T08:35:00+00:00
4183,4183.T,4183.jp,2018-05-22,1232.62,1234.52,1209.86,1230.73,2311552,https://stooq.com/q/d/l/?s=4183.jp&i=d,2026-03-26T08:35:00+00:00
4183,4183.T,4183.jp,2018-05-23,1226.94,1242.10,1221.24,1234.52,2447072,https://stooq.com/q/d/l/?s=4183.jp&i=d,2026-03-26T08:35:00+00:00
4183,4183.T,4183.jp,2018-05-24,1221.24,1232.62,1206.08,1215.56,2082424,https://stooq.com/q/d/l/?s=4183.jp&i=d,2026-03-26T08:35:00+00:00
4183,4183.T,4183.jp,2018-05-25,1213.68,1225.04,1206.08,1217.45,1657395,https://stooq.com/q/d/l/?s=4183.jp&i=d,2026-03-26T08:35:00+00:00
4183,4183.T,4183.jp,2018-05-28,1213.68,1230.73,1209.86,1225.04,1260053,https://stooq.com/q/d/l/?s=4183.jp&i=d,2026-03-26T08:35:00+00:00
4183,4183.T,4183.jp,2018-05-29,1217.45,1225.04,1202.28,1217.45,1939253,https://stooq.com/q/d/l/?s=4183.jp&i=d,2026-03-26T08:35:00+00:00
4183,4183.T,4183.jp,2018-05-30,1170.04,1185.20,1168.16,1181.42,2382212,https://stooq.com/q/d/l/?s=4183.jp&i=d,2026-03-26T08:35:00+00:00
4183,4183.T,4183.jp,2018-05-31,1179.52,1206.08,1177.62,1194.70,3086724,https://stooq.com/q/d/l/?s=4183.jp&i=d,2026-03-26T08:35:00+00:00
4183,4183.T,4183.jp,2018-06-01,1175.73,1183.32,1158.67,1168.16,3327714,https://stooq.com/q/d/l/?s=4183.jp&i=d,2026-03-26T08:35:00+00:00
4183,4183.T,4183.jp,2018-06-04,1183.32,1198.49,1173.84,1187.11,1894695,https://stooq.com/q/d/l/?s=4183.jp&i=d,2026-03-26T08:35:00+00:00
4183,4183.T,4183.jp,2018-06-05,1209.86,1221.24,1202.28,1206.08,2291510,https://stooq.com/q/d/l/?s=4183.jp&i=d,2026-03-26T08:35:00+00:00
4183,4183.T,4183.jp,2018-06-06,1206.08,1217.45,1200.39,1202.28,1748099,https://stooq.com/q/d/l/?s=4183.jp&i=d,2026-03-26T08:35:00+00:00
4183,4183.T,4183.jp,2018-06-07,1225.04,1245.90,1219.36,1226.94,2931161,https://stooq.com/q/d/l/?s=4183.jp&i=d,2026-03-26T08:35:00+00:00
4183,4183.T,4183.jp,2018-06-08,1211.77,1219.36,1190.90,1190.90,3274190,https://stooq.com/q/d/l/?s=4183.jp&i=d,2026-03-26T08:35:00+00:00
4183,4183.T,4183.jp,2018-06-11,1192.79,1209.86,1185.20,1194.70,2271735,https://stooq.com/q/d/l/?s=4183.jp&i=d,2026-03-26T08:35:00+00:00
4183,4183.T,4183.jp,2018-06-12,1196.58,1211.77,1189.01,1192.79,2262247,https://stooq.com/q/d/l/?s=4183.jp&i=d,2026-03-26T08:35:00+00:00
4183,4183.T,4183.jp,2018-06-13,1192.79,1194.70,1181.42,1187.11,1290374,https://stooq.com/q/d/l/?s=4183.jp&i=d,2026-03-26T08:35:00+00:00
4183,4183.T,4183.jp,2018-06-14,1179.52,1179.52,1156.77,1158.67,2746859,https://stooq.com/q/d/l/?s=4183.jp&i=d,2026-03-26T08:35:00+00:00
4183,4183.T,4183.jp,2018-06-15,1171.94,1173.84,1143.50,1154.87,3433182,https://stooq.com/q/d/l/?s=4183.jp&i=d,2026-03-26T08:35:00+00:00
4183,4183.T,4183.jp,2018-06-18,1141.60,1147.29,1116.18,1130.60,6604807,https://stooq.com/q/d/l/?s=4183.jp&i=d,2026-03-26T08:35:00+00:00
4183,4183.T,4183.jp,2018-06-19,1122.64,1132.11,1101.40,1101.40,3664151,https://stooq.com/q/d/l/?s=4183.jp&i=d,2026-03-26T08:35:00+00:00
4183,4183.T,4183.jp,2018-06-20,1094.57,1096.84,1071.06,1092.68,3670479,https://stooq.com/q/d/l/?s=4183.jp&i=d,2026-03-26T08:35:00+00:00
4183,4183.T,4183.jp,2018-06-21,1092.30,1106.33,1081.31,1084.32,3252307,https://stooq.com/q/d/l/?s=4183.jp&i=d,2026-03-26T08:35:00+00:00
4183,4183.T,4183.jp,2018-06-22,1071.42,1083.95,1063.84,1081.31,2795903,https://stooq.com/q/d/l/?s=4183.jp&i=d,2026-03-26T08:35:00+00:00
4183,4183.T,4183.jp,2018-06-25,1086.60,1103.67,1086.60,1091.16,2236669,https://stooq.com/q/d/l/?s=4183.jp&i=d,2026-03-26T08:35:00+00:00
4183,4183.T,4183.jp,2018-06-26,1082.06,1124.53,1079.03,1118.47,2863141,https://stooq.com/q/d/l/?s=4183.jp&i=d,2026-03-26T08:35:00+00:00
4183,4183.T,4183.jp,2018-06-27,1121.88,1128.70,1100.26,1103.67,2253807,https://stooq.com/q/d/l/?s=4183.jp&i=d,2026-03-26T08:35:00+00:00
4183,4183.T,4183.jp,2018-06-28,1106.33,1116.18,1103.67,1105.94,2071353,https://stooq.com/q/d/l/?s=4183.jp&i=d,2026-03-26T08:35:00+00:00
4183,4183.T,4183.jp,2018-06-29,1114.66,1123.78,1109.73,1118.84,1913151,https://stooq.com/q/d/l/?s=4183.jp&i=d,2026-03-26T08:35:00+00:00
4183,4183.T,4183.jp,2018-07-02,1118.84,1141.60,1103.67,1104.81,1609144,https://stooq.com/q/d/l/?s=4183.jp&i=d,2026-03-26T08:35:00+00:00
4183,4183.T,4183.jp,2018-07-03,1113.53,1122.26,1094.96,1105.58,2065551,https://stooq.com/q/d/l/?s=4183.jp&i=d,2026-03-26T08:35:00+00:00
4183,4183.T,4183.jp,2018-07-04,1094.96,1098.74,1085.46,1093.05,2203975,https://stooq.com/q/d/l/?s=4183.jp&i=d,2026-03-26T08:35:00+00:00
4183,4183.T,4183.jp,2018-07-05,1090.02,1100.26,1078.63,1081.31,1791862,https://stooq.com/q/d/l/?s=4183.jp&i=d,2026-03-26T08:35:00+00:00
4183,4183.T,4183.jp,2018-07-06,1072.19,1105.94,1066.14,1101.02,2829650,https://stooq.com/q/d/l/?s=4183.jp&i=d,2026-03-26T08:35:00+00:00
4183,4183.T,4183.jp,2018-07-09,1103.30,1110.87,1090.02,1107.46,1702220,https://stooq.com/q/d/l/?s=4183.jp&i=d,2026-03-26T08:35:00+00:00
4183,4183.T,4183.jp,2018-07-10,1113.53,1125.68,1110.51,1115.82,2537245,https://stooq.com/q/d/l/?s=4183.jp&i=d,2026-03-26T08:35:00+00:00
4183,4183.T,4183.jp,2018-07-11,1096.84,1096.84,1071.82,1088.88,2390383,https://stooq.com/q/d/l/?s=4183.jp&i=d,2026-03-26T08:35:00+00:00
4183,4183.T,4183.jp,2018-07-12,1082.82,1088.88,1079.78,1085.08,1978273,https://stooq.com/q/d/l/?s=4183.jp&i=d,2026-03-26T08:35:00+00:00
4183,4183.T,4183.jp,2018-07-13,1090.78,1107.09,1090.02,1099.12,2018088,https://stooq.com/q/d/l/?s=4183.jp&i=d,2026-03-26T08:35:00+00:00
4183,4183.T,4183.jp,2018-07-17,1104.06,1127.94,1101.40,1116.56,1729905,https://stooq.com/q/d/l/?s=4183.jp&i=d,2026-03-26T08:35:00+00:00
4183,4183.T,4183.jp,2018-07-18,1130.98,1133.64,1118.47,1118.47,1243178,https://stooq.com/q/d/l/?s=4183.jp&i=d,2026-03-26T08:35:00+00:00
4183,4183.T,4183.jp,2018-07-19,1134.01,1134.40,1116.18,1117.71,2160733,https://stooq.com/q/d/l/?s=4183.jp&i=d,2026-03-26T08:35:00+00:00
4183,4183.T,4183.jp,2018-07-20,1118.09,1126.81,1107.46,1113.53,1686661,https://stooq.com/q/d/l/?s=4183.jp&i=d,2026-03-26T08:35:00+00:00
4183,4183.T,4183.jp,2018-07-23,1101.77,1110.87,1100.26,1108.61,1578295,https://stooq.com/q/d/l/?s=4183.jp&i=d,2026-03-26T08:35:00+00:00
4183,4183.T,4183.jp,2018-07-24,1111.64,1113.14,1099.12,1104.81,1514226,https://stooq.com/q/d/l/?s=4183.jp&i=d,2026-03-26T08:35:00+00:00
4183,4183.T,4183.jp,2018-07-25,1108.98,1135.16,1105.58,1126.05,2886598,https://stooq.com/q/d/l/?s=4183.jp&i=d,2026-03-26T08:35:00+00:00
4183,4183.T,4183.jp,2018-07-26,1139.70,1147.29,1134.77,1141.60,1677961,https://stooq.com/q/d/l/?s=4183.jp&i=d,2026-03-26T08:35:00+00:00
4183,4183.T,4183.jp,2018-07-27,1151.08,1152.98,1141.60,1149.18,1215493,https://stooq.com/q/d/l/?s=4183.jp&i=d,2026-03-26T08:35:00+00:00
4183,4183.T,4183.jp,2018-07-30,1147.29,1152.98,1141.60,1145.40,1451211,https://stooq.com/q/d/l/?s=4183.jp&i=d,2026-03-26T08:35:00+00:00
4183,4183.T,4183.jp,2018-07-31,1152.98,1154.87,1137.81,1137.81,2534871,https://stooq.com/q/d/l/?s=4183.jp&i=d,2026-03-26T08:35:00+00:00
4183,4183.T,4183.jp,2018-08-01,1139.70,1158.67,1135.54,1156.77,1536111,https://stooq.com/q/d/l/?s=4183.jp&i=d,2026-03-26T08:35:00+00:00
4183,4183.T,4183.jp,2018-08-02,1149.18,1170.04,1103.67,1118.47,6061922,https://stooq.com/q/d/l/?s=4183.jp&i=d,2026-03-26T08:35:00+00:00
4183,4183.T,4183.jp,2018-08-03,1120.74,1132.49,1108.22,1109.73,3571866,https://stooq.com/q/d/l/?s=4183.jp&i=d,2026-03-26T08:35:00+00:00
4183,4183.T,4183.jp,2018-08-06,1112.02,1116.18,1101.40,1105.58,2036545,https://stooq.com/q/d/l/?s=4183.jp&i=d,2026-03-26T08:35:00+00:00
4183,4183.T,4183.jp,2018-08-07,1101.02,1123.78,1098.36,1123.78,1990408,https://stooq.com/q/d/l/?s=4183.jp&i=d,2026-03-26T08:35:00+00:00
4183,4183.T,4183.jp,2018-08-08,1124.53,1133.64,1121.12,1123.78,2527493,https://stooq.com/q/d/l/?s=4183.jp&i=d,2026-03-26T08:35:00+00:00
4183,4183.T,4183.jp,2018-08-09,1118.47,1124.16,1113.53,1118.84,1869121,https://stooq.com/q/d/l/?s=4183.jp&i=d,2026-03-26T08:35:00+00:00
4183,4183.T,4183.jp,2018-08-10,1111.64,1114.30,1100.64,1101.77,2203713,https://stooq.com/q/d/l/?s=4183.jp&i=d,2026-03-26T08:35:00+00:00
4183,4183.T,4183.jp,2018-08-13,1103.67,1106.33,1077.12,1079.03,2720232,https://stooq.com/q/d/l/?s=4183.jp&i=d,2026-03-26T08:35:00+00:00
4183,4183.T,4183.jp,2018-08-14,1079.03,1088.13,1069.54,1088.13,1876238,https://stooq.com/q/d/l/?s=4183.jp&i=d,2026-03-26T08:35:00+00:00
4183,4183.T,4183.jp,2018-08-15,1088.13,1089.26,1067.26,1073.71,1475206,https://stooq.com/q/d/l/?s=4183.jp&i=d,2026-03-26T08:35:00+00:00
4183,4183.T,4183.jp,2018-08-16,1054.74,1064.23,1043.75,1062.71,2101147,https://stooq.com/q/d/l/?s=4183.jp&i=d,2026-03-26T08:35:00+00:00
4183,4183.T,4183.jp,2018-08-17,1068.79,1068.79,1058.54,1067.26,1174363,https://stooq.com/q/d/l/?s=4183.jp&i=d,2026-03-26T08:35:00+00:00
4183,4183.T,4183.jp,2018-08-20,1068.40,1068.40,1058.54,1065.37,1327554,https://stooq.com/q/d/l/?s=4183.jp&i=d,2026-03-26T08:35:00+00:00
4183,4183.T,4183.jp,2018-08-21,1054.74,1058.16,1043.75,1056.64,2077415,https://stooq.com/q/d/l/?s=4183.jp&i=d,2026-03-26T08:35:00+00:00
4183,4183.T,4183.jp,2018-08-22,1061.20,1073.71,1057.02,1073.71,1875183,https://stooq.com/q/d/l/?s=4183.jp&i=d,2026-03-26T08:35:00+00:00
4183,4183.T,4183.jp,2018-08-23,1073.33,1074.84,1067.26,1074.08,1859367,https://stooq.com/q/d/l/?s=4183.jp&i=d,2026-03-26T08:35:00+00:00
4183,4183.T,4183.jp,2018-08-24,1071.42,1072.95,1058.93,1063.84,2134632,https://stooq.com/q/d/l/?s=4183.jp&i=d,2026-03-26T08:35:00+00:00
4183,4183.T,4183.jp,2018-08-27,1076.74,1091.53,1074.08,1087.36,1691411,https://stooq.com/q/d/l/?s=4183.jp&i=d,2026-03-26T08:35:00+00:00
4183,4183.T,4183.jp,2018-08-28,1099.88,1111.64,1099.88,1104.06,1973004,https://stooq.com/q/d/l/?s=4183.jp&i=d,2026-03-26T08:35:00+00:00
4183,4183.T,4183.jp,2018-08-29,1104.81,1115.82,1103.67,1112.79,1566434,https://stooq.com/q/d/l/?s=4183.jp&i=d,2026-03-26T08:35:00+00:00
4183,4183.T,4183.jp,2018-08-30,1119.22,1119.99,1098.74,1105.58,2390650,https://stooq.com/q/d/l/?s=4183.jp&i=d,2026-03-26T08:35:00+00:00
4183,4183.T,4183.jp,2018-08-31,1090.02,1101.77,1085.46,1090.02,2863141,https://stooq.com/q/d/l/?s=4183.jp&i=d,2026-03-26T08:35:00+00:00
4183,4183.T,4183.jp,2018-09-03,1082.82,1082.82,1064.61,1066.51,1955869,https://stooq.com/q/d/l/?s=4183.jp&i=d,2026-03-26T08:35:00+00:00
4183,4183.T,4183.jp,2018-09-04,1068.40,1070.68,1044.51,1049.44,2675671,https://stooq.com/q/d/l/?s=4183.jp&i=d,2026-03-26T08:35:00+00:00
4183,4183.T,4183.jp,2018-09-05,1044.13,1050.56,1035.40,1043.75,2606588,https://stooq.com/q/d/l/?s=4183.jp&i=d,2026-03-26T08:35:00+00:00
4183,4183.T,4183.jp,2018-09-06,1034.64,1045.65,1031.23,1040.72,1795557,https://stooq.com/q/d/l/?s=4183.jp&i=d,2026-03-26T08:35:00+00:00
4183,4183.T,4183.jp,2018-09-07,1029.34,1029.34,1016.82,1020.62,2649305,https://stooq.com/q/d/l/?s=4183.jp&i=d,2026-03-26T08:35:00+00:00
4183,4183.T,4183.jp,2018-09-10,1019.10,1035.79,1018.72,1028.58,2023102,https://stooq.com/q/d/l/?s=4183.jp&i=d,2026-03-26T08:35:00+00:00
4183,4183.T,4183.jp,2018-09-11,1030.10,1031.62,1019.48,1022.88,1749154,https://stooq.com/q/d/l/?s=4183.jp&i=d,2026-03-26T08:35:00+00:00
4183,4183.T,4183.jp,2018-09-12,1019.48,1020.23,999.75,1004.30,2303376,https://stooq.com/q/d/l/?s=4183.jp&i=d,2026-03-26T08:35:00+00:00
4183,4183.T,4183.jp,2018-09-13,1002.41,1020.98,999.75,1017.20,1823768,https://stooq.com/q/d/l/?s=4183.jp&i=d,2026-03-26T08:35:00+00:00
4183,4183.T,4183.jp,2018-09-14,1026.30,1043.75,1023.66,1041.09,2697292,https://stooq.com/q/d/l/?s=4183.jp&i=d,2026-03-26T08:35:00+00:00
4183,4183.T,4183.jp,2018-09-18,1036.54,1063.09,1031.99,1057.79,3074332,https://stooq.com/q/d/l/?s=4183.jp&i=d,2026-03-26T08:35:00+00:00
4183,4183.T,4183.jp,2018-09-19,1076.74,1087.36,1068.03,1076.36,2346089,https://stooq.com/q/d/l/?s=4183.jp&i=d,2026-03-26T08:35:00+00:00
4183,4183.T,4183.jp,2018-09-20,1079.78,1080.92,1066.14,1072.57,1890476,https://stooq.com/q/d/l/?s=4183.jp&i=d,2026-03-26T08:35:00+00:00
4183,4183.T,4183.jp,2018-09-21,1080.92,1088.13,1077.12,1088.13,3132340,https://stooq.com/q/d/l/?s=4183.jp&i=d,2026-03-26T08:35:00+00:00
4183,4183.T,4183.jp,2018-09-25,1080.92,1094.96,1078.63,1094.96,2592350,https://stooq.com/q/d/l/?s=4183.jp&i=d,2026-03-26T08:35:00+00:00
4183,4183.T,4183.jp,2018-09-26,1101.90,1102.67,1083.76,1099.20,2275919,https://stooq.com/q/d/l/?s=4183.jp&i=d,2026-03-26T08:35:00+00:00
4183,4183.T,4183.jp,2018-09-27,1098.42,1100.73,1084.54,1085.29,1805136,https://stooq.com/q/d/l/?s=4183.jp&i=d,2026-03-26T08:35:00+00:00
4183,4183.T,4183.jp,2018-09-28,1091.86,1110.77,1090.70,1096.50,3543694,https://stooq.com/q/d/l/?s=4183.jp&i=d,2026-03-26T08:35:00+00:00
4183,4183.T,4183.jp,2018-10-01,1104.20,1120.81,1099.20,1104.60,2005937,https://stooq.com/q/d/l/?s=4183.jp&i=d,2026-03-26T08:35:00+00:00
4183,4183.T,4183.jp,2018-10-02,1119.27,1133.16,1119.27,1125.82,2777276,https://stooq.com/q/d/l/?s=4183.jp&i=d,2026-03-26T08:35:00+00:00
4183,4183.T,4183.jp,2018-10-03,1123.12,1135.47,1120.81,1123.51,2096363,https://stooq.com/q/d/l/?s=4183.jp&i=d,2026-03-26T08:35:00+00:00
4183,4183.T,4183.jp,2018-10-04,1115.40,1126.60,1105.76,1116.56,2647727,https://stooq.com/q/d/l/?s=4183.jp&i=d,2026-03-26T08:35:00+00:00
4183,4183.T,4183.jp,2018-10-05,1094.96,1097.26,1084.14,1084.92,2809145,https://stooq.com/q/d/l/?s=4183.jp&i=d,2026-03-26T08:35:00+00:00
4183,4183.T,4183.jp,2018-10-09,1063.68,1067.94,1054.42,1065.62,2680116,https://stooq.com/q/d/l/?s=4183.jp&i=d,2026-03-26T08:35:00+00:00
4183,4183.T,4183.jp,2018-10-10,1066.40,1071.02,1049.80,1056.74,2379298,https://stooq.com/q/d/l/?s=4183.jp&i=d,2026-03-26T08:35:00+00:00
4183,4183.T,4183.jp,2018-10-11,1018.15,1034.36,1011.98,1016.23,3330448,https://stooq.com/q/d/l/?s=4183.jp&i=d,2026-03-26T08:35:00+00:00
4183,4183.T,4183.jp,2018-10-12,1003.48,1023.16,1002.71,1022.00,2628815,https://stooq.com/q/d/l/?s=4183.jp&i=d,2026-03-26T08:35:00+00:00
4183,4183.T,4183.jp,2018-10-15,1012.36,1016.60,1003.86,1007.33,1847114,https://stooq.com/q/d/l/?s=4183.jp&i=d,2026-03-26T08:35:00+00:00
4183,4183.T,4183.jp,2018-10-16,1005.80,1023.16,1005.80,1022.78,1483076,https://stooq.com/q/d/l/?s=4183.jp&i=d,2026-03-26T08:35:00+00:00
4183,4183.T,4183.jp,2018-10-17,1039.37,1042.07,1028.56,1033.58,1738030,https://stooq.com/q/d/l/?s=4183.jp&i=d,2026-03-26T08:35:00+00:00
4183,4183.T,4183.jp,2018-10-18,1023.16,1026.24,1015.83,1022.78,1729479,https://stooq.com/q/d/l/?s=4183.jp&i=d,2026-03-26T08:35:00+00:00
4183,4183.T,4183.jp,2018-10-19,1012.74,1032.04,1008.88,1030.10,1761091,https://stooq.com/q/d/l/?s=4183.jp&i=d,2026-03-26T08:35:00+00:00
4183,4183.T,4183.jp,2018-10-22,1021.62,1037.44,1011.19,1033.97,1273211,https://stooq.com/q/d/l/?s=4183.jp&i=d,2026-03-26T08:35:00+00:00
4183,4183.T,4183.jp,2018-10-23,1020.46,1020.84,998.46,998.46,2469210,https://stooq.com/q/d/l/?s=4183.jp&i=d,2026-03-26T08:35:00+00:00
4183,4183.T,4183.jp,2018-10-24,1005.80,1005.80,983.41,989.19,2291984,https://stooq.com/q/d/l/?s=4183.jp&i=d,2026-03-26T08:35:00+00:00
4183,4183.T,4183.jp,2018-10-25,958.33,962.95,942.50,956.39,3148564,https://stooq.com/q/d/l/?s=4183.jp&i=d,2026-03-26T08:35:00+00:00
4183,4183.T,4183.jp,2018-10-26,959.48,964.50,931.70,941.73,3079644,https://stooq.com/q/d/l/?s=4183.jp&i=d,2026-03-26T08:35:00+00:00
4183,4183.T,4183.jp,2018-10-29,949.84,962.17,943.65,946.74,1576876,https://stooq.com/q/d/l/?s=4183.jp&i=d,2026-03-26T08:35:00+00:00
4183,4183.T,4183.jp,2018-10-30,908.14,969.14,907.77,961.02,6940214,https://stooq.com/q/d/l/?s=4183.jp&i=d,2026-03-26T08:35:00+00:00
4183,4183.T,4183.jp,2018-10-31,957.55,980.71,948.67,978.39,2853710,https://stooq.com/q/d/l/?s=4183.jp&i=d,2026-03-26T08:35:00+00:00
4183,4183.T,4183.jp,2018-11-01,984.18,1052.87,970.67,1008.88,7582001,https://stooq.com/q/d/l/?s=4183.jp&i=d,2026-03-26T08:35:00+00:00
4183,4183.T,4183.jp,2018-11-02,1020.84,1093.40,1019.69,1086.07,6749778,https://stooq.com/q/d/l/?s=4183.jp&i=d,2026-03-26T08:35:00+00:00
4183,4183.T,4183.jp,2018-11-05,1079.52,1102.29,1075.64,1088.77,3777658,https://stooq.com/q/d/l/?s=4183.jp&i=d,2026-03-26T08:35:00+00:00
4183,4183.T,4183.jp,2018-11-06,1101.90,1107.30,1083.38,1084.92,2556002,https://stooq.com/q/d/l/?s=4183.jp&i=d,2026-03-26T08:35:00+00:00
4183,4183.T,4183.jp,2018-11-07,1088.77,1099.20,1057.52,1062.14,4640454,https://stooq.com/q/d/l/?s=4183.jp&i=d,2026-03-26T08:35:00+00:00
4183,4183.T,4183.jp,2018-11-08,1083.38,1098.04,1077.58,1085.68,3691113,https://stooq.com/q/d/l/?s=4183.jp&i=d,2026-03-26T08:35:00+00:00
4183,4183.T,4183.jp,2018-11-09,1085.68,1088.39,1071.80,1083.38,1976141,https://stooq.com/q/d/l/?s=4183.jp&i=d,2026-03-26T08:35:00+00:00
4183,4183.T,4183.jp,2018-11-12,1074.88,1091.48,1069.86,1084.92,2101806,https://stooq.com/q/d/l/?s=4183.jp&i=d,2026-03-26T08:35:00+00:00
4183,4183.T,4183.jp,2018-11-13,1056.36,1064.46,1040.54,1062.92,2193008,https://stooq.com/q/d/l/?s=4183.jp&i=d,2026-03-26T08:35:00+00:00
4183,4183.T,4183.jp,2018-11-14,1066.40,1087.62,1061.37,1087.23,2325662,https://stooq.com/q/d/l/?s=4183.jp&i=d,2026-03-26T08:35:00+00:00
4183,4183.T,4183.jp,2018-11-15,1087.23,1105.76,1086.45,1101.51,3411550,https://stooq.com/q/d/l/?s=4183.jp&i=d,2026-03-26T08:35:00+00:00
4183,4183.T,4183.jp,2018-11-16,1109.23,1119.27,1092.25,1103.83,3255054,https://stooq.com/q/d/l/?s=4183.jp&i=d,2026-03-26T08:35:00+00:00
4183,4183.T,4183.jp,2018-11-19,1111.56,1139.71,1107.69,1139.71,3101149,https://stooq.com/q/d/l/?s=4183.jp&i=d,2026-03-26T08:35:00+00:00
4183,4183.T,4183.jp,2018-11-20,1124.28,1130.84,1117.34,1126.60,2875474,https://stooq.com/q/d/l/?s=4183.jp&i=d,2026-03-26T08:35:00+00:00
4183,4183.T,4183.jp,2018-11-21,1107.30,1126.98,1099.96,1121.58,3237696,https://stooq.com/q/d/l/?s=4183.jp&i=d,2026-03-26T08:35:00+00:00
4183,4183.T,4183.jp,2018-11-22,1123.90,1126.21,1109.23,1111.56,2794894,https://stooq.com/q/d/l/?s=4183.jp&i=d,2026-03-26T08:35:00+00:00
4183,4183.T,4183.jp,2018-11-26,1110.38,1123.12,1103.44,1109.23,2136270,https://stooq.com/q/d/l/?s=4183.jp&i=d,2026-03-26T08:35:00+00:00
4183,4183.T,4183.jp,2018-11-27,1117.34,1121.20,1113.10,1115.40,1690356,https://stooq.com/q/d/l/?s=4183.jp&i=d,2026-03-26T08:35:00+00:00
4183,4183.T,4183.jp,2018-11-28,1110.77,1117.71,1086.84,1101.12,2536578,https://stooq.com/q/d/l/?s=4183.jp&i=d,2026-03-26T08:35:00+00:00
4183,4183.T,4183.jp,2018-11-29,1114.64,1122.74,1106.92,1111.56,1437999,https://stooq.com/q/d/l/?s=4183.jp&i=d,2026-03-26T08:35:00+00:00
4183,4183.T,4183.jp,2018-11-30,1111.16,1123.12,1106.14,1111.93,4778555,https://stooq.com/q/d/l/?s=4183.jp&i=d,2026-03-26T08:35:00+00:00
4183,4183.T,4183.jp,2018-12-03,1139.71,1147.05,1129.68,1132.77,2440964,https://stooq.com/q/d/l/?s=4183.jp&i=d,2026-03-26T08:35:00+00:00
4183,4183.T,4183.jp,2018-12-04,1127.76,1131.62,1114.25,1116.18,2001794,https://stooq.com/q/d/l/?s=4183.jp&i=d,2026-03-26T08:35:00+00:00
4183,4183.T,4183.jp,2018-12-05,1098.42,1103.83,1084.54,1093.03,2165800,https://stooq.com/q/d/l/?s=4183.jp&i=d,2026-03-26T08:35:00+00:00
4183,4183.T,4183.jp,2018-12-06,1076.42,1077.58,1054.82,1068.32,2939990,https://stooq.com/q/d/l/?s=4183.jp&i=d,2026-03-26T08:35:00+00:00
4183,4183.T,4183.jp,2018-12-07,1066.00,1068.32,1038.99,1051.33,2278512,https://stooq.com/q/d/l/?s=4183.jp&i=d,2026-03-26T08:35:00+00:00
4183,4183.T,4183.jp,2018-12-10,1027.41,1027.41,1007.33,1017.38,3698631,https://stooq.com/q/d/l/?s=4183.jp&i=d,2026-03-26T08:35:00+00:00
4183,4183.T,4183.jp,2018-12-11,1012.36,1017.38,990.75,997.68,2442261,https://stooq.com/q/d/l/?s=4183.jp&i=d,2026-03-26T08:35:00+00:00
4183,4183.T,4183.jp,2018-12-12,996.53,1011.19,994.21,1008.50,2597203,https://stooq.com/q/d/l/?s=4183.jp&i=d,2026-03-26T08:35:00+00:00
4183,4183.T,4183.jp,2018-12-13,1008.50,1014.67,995.38,1010.44,3377090,https://stooq.com/q/d/l/?s=4183.jp&i=d,2026-03-26T08:35:00+00:00
4183,4183.T,4183.jp,2018-12-14,1010.44,1019.30,984.95,995.76,2688408,https://stooq.com/q/d/l/?s=4183.jp&i=d,2026-03-26T08:35:00+00:00
4183,4183.T,4183.jp,2018-12-17,997.30,1020.46,995.38,998.46,2494081,https://stooq.com/q/d/l/?s=4183.jp&i=d,2026-03-26T08:35:00+00:00
4183,4183.T,4183.jp,2018-12-18,981.47,992.29,975.29,989.98,3372425,https://stooq.com/q/d/l/?s=4183.jp&i=d,2026-03-26T08:35:00+00:00
4183,4183.T,4183.jp,2018-12-19,996.91,998.85,977.62,990.75,2377745,https://stooq.com/q/d/l/?s=4183.jp&i=d,2026-03-26T08:35:00+00:00
4183,4183.T,4183.jp,2018-12-20,981.10,994.21,961.41,964.11,2722088,https://stooq.com/q/d/l/?s=4183.jp&i=d,2026-03-26T08:35:00+00:00
4183,4183.T,4183.jp,2018-12-21,959.10,965.65,937.87,944.43,3449117,https://stooq.com/q/d/l/?s=4183.jp&i=d,2026-03-26T08:35:00+00:00
4183,4183.T,4183.jp,2018-12-25,907.37,913.55,892.72,897.34,2127975,https://stooq.com/q/d/l/?s=4183.jp&i=d,2026-03-26T08:35:00+00:00
4183,4183.T,4183.jp,2018-12-26,904.67,922.83,898.50,918.17,2042992,https://stooq.com/q/d/l/?s=4183.jp&i=d,2026-03-26T08:35:00+00:00
4183,4183.T,4183.jp,2018-12-27,947.52,967.20,943.65,957.55,2544608,https://stooq.com/q/d/l/?s=4183.jp&i=d,2026-03-26T08:35:00+00:00
4183,4183.T,4183.jp,2018-12-28,954.86,974.15,952.54,958.71,1463645,https://stooq.com/q/d/l/?s=4183.jp&i=d,2026-03-26T08:35:00+00:00
4183,4183.T,4183.jp,2019-01-04,910.84,940.95,909.68,934.39,2889206,https://stooq.com/q/d/l/?s=4183.jp&i=d,2026-03-26T08:35:00+00:00
4183,4183.T,4183.jp,2019-01-07,970.28,985.34,964.11,966.82,2607565,https://stooq.com/q/d/l/?s=4183.jp&i=d,2026-03-26T08:35:00+00:00
4183,4183.T,4183.jp,2019-01-08,974.15,987.27,970.28,976.07,2667937,https://stooq.com/q/d/l/?s=4183.jp&i=d,2026-03-26T08:35:00+00:00
4183,4183.T,4183.jp,2019-01-09,982.64,983.41,951.00,965.27,2637362,https://stooq.com/q/d/l/?s=4183.jp&i=d,2026-03-26T08:35:00+00:00
4183,4183.T,4183.jp,2019-01-10,957.16,971.05,951.37,964.88,2016822,https://stooq.com/q/d/l/?s=4183.jp&i=d,2026-03-26T08:35:00+00:00
4183,4183.T,4183.jp,2019-01-11,979.93,994.21,976.47,986.89,2572329,https://stooq.com/q/d/l/?s=4183.jp&i=d,2026-03-26T08:35:00+00:00
4183,4183.T,4183.jp,2019-01-15,984.95,1022.78,983.02,1016.60,2626739,https://stooq.com/q/d/l/?s=4183.jp&i=d,2026-03-26T08:35:00+00:00
4183,4183.T,4183.jp,2019-01-16,1018.54,1025.86,1005.41,1010.44,1823014,https://stooq.com/q/d/l/?s=4183.jp&i=d,2026-03-26T08:35:00+00:00
4183,4183.T,4183.jp,2019-01-17,1029.72,1030.10,1000.78,1003.10,1511579,https://stooq.com/q/d/l/?s=4183.jp&i=d,2026-03-26T08:35:00+00:00
4183,4183.T,4183.jp,2019-01-18,1005.02,1017.38,1003.10,1012.74,1451986,https://stooq.com/q/d/l/?s=4183.jp&i=d,2026-03-26T08:35:00+00:00
4183,4183.T,4183.jp,2019-01-21,1035.51,1053.66,1030.10,1037.06,1866545,https://stooq.com/q/d/l/?s=4183.jp&i=d,2026-03-26T08:35:00+00:00
4183,4183.T,4183.jp,2019-01-22,1037.84,1043.23,1023.56,1023.94,1065672,https://stooq.com/q/d/l/?s=4183.jp&i=d,2026-03-26T08:35:00+00:00
4183,4183.T,4183.jp,2019-01-23,1011.19,1024.71,1001.94,1016.99,1078887,https://stooq.com/q/d/l/?s=4183.jp&i=d,2026-03-26T08:35:00+00:00
4183,4183.T,4183.jp,2019-01-24,1034.74,1042.46,1020.08,1040.14,2215549,https://stooq.com/q/d/l/?s=4183.jp&i=d,2026-03-26T08:35:00+00:00
4183,4183.T,4183.jp,2019-01-25,1044.40,1055.97,1040.14,1055.58,1575573,https://stooq.com/q/d/l/?s=4183.jp&i=d,2026-03-26T08:35:00+00:00
4183,4183.T,4183.jp,2019-01-28,1055.58,1060.60,1042.46,1044.78,1258698,https://stooq.com/q/d/l/?s=4183.jp&i=d,2026-03-26T08:35:00+00:00
4183,4183.T,4183.jp,2019-01-29,1048.26,1054.82,1035.12,1044.01,1471420,https://stooq.com/q/d/l/?s=4183.jp&i=d,2026-03-26T08:35:00+00:00
4183,4183.T,4183.jp,2019-01-30,1052.87,1060.21,1043.23,1043.23,1846594,https://stooq.com/q/d/l/?s=4183.jp&i=d,2026-03-26T08:35:00+00:00
4183,4183.T,4183.jp,2019-01-31,1062.53,1064.84,1047.86,1051.33,1875612,https://stooq.com/q/d/l/?s=4183.jp&i=d,2026-03-26T08:35:00+00:00
4183,4183.T,4183.jp,2019-02-01,1042.07,1053.27,1032.80,1035.12,1766014,https://stooq.com/q/d/l/?s=4183.jp&i=d,2026-03-26T08:35:00+00:00
4183,4183.T,4183.jp,2019-02-04,1040.14,1053.27,1040.14,1049.40,1365448,https://stooq.com/q/d/l/?s=4183.jp&i=d,2026-03-26T08:35:00+00:00
4183,4183.T,4183.jp,2019-02-05,1050.56,1083.76,1023.94,1046.31,4883490,https://stooq.com/q/d/l/?s=4183.jp&i=d,2026-03-26T08:35:00+00:00
4183,4183.T,4183.jp,2019-02-06,1080.67,1085.68,1063.30,1070.63,3580743,https://stooq.com/q/d/l/?s=4183.jp&i=d,2026-03-26T08:35:00+00:00
4183,4183.T,4183.jp,2019-02-07,1058.67,1068.70,1052.50,1063.68,2763284,https://stooq.com/q/d/l/?s=4183.jp&i=d,2026-03-26T08:35:00+00:00
4183,4183.T,4183.jp,2019-02-08,1050.18,1052.50,1016.23,1023.56,2708356,https://stooq.com/q/d/l/?s=4183.jp&i=d,2026-03-26T08:35:00+00:00
4183,4183.T,4183.jp,2019-02-12,1042.46,1076.42,1030.88,1064.84,2924183,https://stooq.com/q/d/l/?s=4183.jp&i=d,2026-03-26T08:35:00+00:00
4183,4183.T,4183.jp,2019-02-13,1077.58,1086.07,1060.60,1085.29,1745548,https://stooq.com/q/d/l/?s=4183.jp&i=d,2026-03-26T08:35:00+00:00
4183,4183.T,4183.jp,2019-02-14,1082.60,1090.32,1072.18,1072.56,1660304,https://stooq.com/q/d/l/?s=4183.jp&i=d,2026-03-26T08:35:00+00:00
4183,4183.T,4183.jp,2019-02-15,1062.92,1067.54,1053.27,1058.67,1486448,https://stooq.com/q/d/l/?s=4183.jp&i=d,2026-03-26T08:35:00+00:00
4183,4183.T,4183.jp,2019-02-18,1084.54,1088.39,1077.19,1080.30,1083031,https://stooq.com/q/d/l/?s=4183.jp&i=d,2026-03-26T08:35:00+00:00
4183,4183.T,4183.jp,2019-02-19,1071.80,1092.25,1069.10,1091.08,2118390,https://stooq.com/q/d/l/?s=4183.jp&i=d,2026-03-26T08:35:00+00:00
4183,4183.T,4183.jp,2019-02-20,1094.18,1106.14,1092.25,1096.50,1251187,https://stooq.com/q/d/l/?s=4183.jp&i=d,2026-03-26T08:35:00+00:00
4183,4183.T,4183.jp,2019-02-21,1077.19,1087.62,1072.18,1082.21,2526989,https://stooq.com/q/d/l/?s=4183.jp&i=d,2026-03-26T08:35:00+00:00
4183,4183.T,4183.jp,2019-02-22,1067.94,1079.90,1065.62,1074.88,1636205,https://stooq.com/q/d/l/?s=4183.jp&i=d,2026-03-26T08:35:00+00:00
4183,4183.T,4183.jp,2019-02-25,1084.54,1088.00,1067.94,1070.25,1654083,https://stooq.com/q/d/l/?s=4183.jp&i=d,2026-03-26T08:35:00+00:00
4183,4183.T,4183.jp,2019-02-26,1069.10,1071.41,1060.60,1063.30,1791666,https://stooq.com/q/d/l/?s=4183.jp&i=d,2026-03-26T08:35:00+00:00
4183,4183.T,4183.jp,2019-02-27,1064.46,1069.86,1057.90,1066.79,1958008,https://stooq.com/q/d/l/?s=4183.jp&i=d,2026-03-26T08:35:00+00:00
4183,4183.T,4183.jp,2019-02-28,1064.84,1064.84,1045.54,1047.09,1774046,https://stooq.com/q/d/l/?s=4183.jp&i=d,2026-03-26T08:35:00+00:00
4183,4183.T,4183.jp,2019-03-01,1060.98,1063.68,1050.18,1055.58,1823791,https://stooq.com/q/d/l/?s=4183.jp&i=d,2026-03-26T08:35:00+00:00
4183,4183.T,4183.jp,2019-03-04,1066.00,1089.16,1062.14,1086.84,2803186,https://stooq.com/q/d/l/?s=4183.jp&i=d,2026-03-26T08:35:00+00:00
4183,4183.T,4183.jp,2019-03-05,1078.35,1079.90,1059.44,1069.86,1715234,https://stooq.com/q/d/l/?s=4183.jp&i=d,2026-03-26T08:35:00+00:00
4183,4183.T,4183.jp,2019-03-06,1069.86,1079.52,1062.92,1076.04,1622473,https://stooq.com/q/d/l/?s=4183.jp&i=d,2026-03-26T08:35:00+00:00
4183,4183.T,4183.jp,2019-03-07,1074.10,1079.52,1068.32,1070.63,1924842,https://stooq.com/q/d/l/?s=4183.jp&i=d,2026-03-26T08:35:00+00:00
4183,4183.T,4183.jp,2019-03-08,1059.44,1064.46,1038.99,1040.14,2288615,https://stooq.com/q/d/l/?s=4183.jp&i=d,2026-03-26T08:35:00+00:00
4183,4183.T,4183.jp,2019-03-11,1054.82,1074.49,1046.31,1069.48,2108804,https://stooq.com/q/d/l/?s=4183.jp&i=d,2026-03-26T08:35:00+00:00
4183,4183.T,4183.jp,2019-03-12,1084.54,1101.90,1082.21,1094.18,2246642,https://stooq.com/q/d/l/?s=4183.jp&i=d,2026-03-26T08:35:00+00:00
4183,4183.T,4183.jp,2019-03-13,1089.94,1091.86,1064.46,1071.02,1871466,https://stooq.com/q/d/l/?s=4183.jp&i=d,2026-03-26T08:35:00+00:00
4183,4183.T,4183.jp,2019-03-14,1084.14,1084.14,1068.32,1070.25,1575056,https://stooq.com/q/d/l/?s=4183.jp&i=d,2026-03-26T08:35:00+00:00
4183,4183.T,4183.jp,2019-03-15,1084.14,1094.18,1079.52,1087.23,2418943,https://stooq.com/q/d/l/?s=4183.jp&i=d,2026-03-26T08:35:00+00:00
4183,4183.T,4183.jp,2019-03-18,1094.18,1098.04,1083.38,1086.84,1435404,https://stooq.com/q/d/l/?s=4183.jp&i=d,2026-03-26T08:35:00+00:00
4183,4183.T,4183.jp,2019-03-19,1086.07,1086.84,1076.81,1084.14,1354047,https://stooq.com/q/d/l/?s=4183.jp&i=d,2026-03-26T08:35:00+00:00
4183,4183.T,4183.jp,2019-03-20,1087.62,1090.70,1074.88,1074.88,1776381,https://stooq.com/q/d/l/?s=4183.jp&i=d,2026-03-26T08:35:00+00:00
4183,4183.T,4183.jp,2019-03-22,1071.41,1077.96,1068.70,1076.81,1584385,https://stooq.com/q/d/l/?s=4183.jp&i=d,2026-03-26T08:35:00+00:00
4183,4183.T,4183.jp,2019-03-25,1053.66,1057.13,1029.72,1036.67,2038846,https://stooq.com/q/d/l/?s=4183.jp&i=d,2026-03-26T08:35:00+00:00
4183,4183.T,4183.jp,2019-03-26,1046.70,1060.98,1035.51,1056.74,2308046,https://stooq.com/q/d/l/?s=4183.jp&i=d,2026-03-26T08:35:00+00:00
4183,4183.T,4183.jp,2019-03-27,1064.60,1067.36,1045.73,1054.78,2104122,https://stooq.com/q/d/l/?s=4183.jp&i=d,2026-03-26T08:35:00+00:00
4183,4183.T,4183.jp,2019-03-28,1042.98,1047.70,1022.53,1035.90,2326182,https://stooq.com/q/d/l/?s=4183.jp&i=d,2026-03-26T08:35:00+00:00
4183,4183.T,4183.jp,2019-03-29,1059.10,1059.49,1041.80,1050.06,1562832,https://stooq.com/q/d/l/?s=4183.jp&i=d,2026-03-26T08:35:00+00:00
4183,4183.T,4183.jp,2019-04-01,1059.89,1094.88,1059.49,1091.33,2281671,https://stooq.com/q/d/l/?s=4183.jp&i=d,2026-03-26T08:35:00+00:00
4183,4183.T,4183.jp,2019-04-02,1105.10,1122.01,1103.14,1107.85,2268953,https://stooq.com/q/d/l/?s=4183.jp&i=d,2026-03-26T08:35:00+00:00
4183,4183.T,4183.jp,2019-04-03,1116.90,1134.58,1114.54,1129.47,2870276,https://stooq.com/q/d/l/?s=4183.jp&i=d,2026-03-26T08:35:00+00:00
4183,4183.T,4183.jp,2019-04-04,1140.08,1164.85,1140.08,1149.12,3557318,https://stooq.com/q/d/l/?s=4183.jp&i=d,2026-03-26T08:35:00+00:00
4183,4183.T,4183.jp,2019-04-05,1150.70,1164.85,1150.70,1155.03,2103106,https://stooq.com/q/d/l/?s=4183.jp&i=d,2026-03-26T08:35:00+00:00
4183,4183.T,4183.jp,2019-04-08,1161.71,1164.46,1143.22,1145.19,1352468,https://stooq.com/q/d/l/?s=4183.jp&i=d,2026-03-26T08:35:00+00:00
4183,4183.T,4183.jp,2019-04-09,1137.72,1145.19,1125.54,1129.47,1606071,https://stooq.com/q/d/l/?s=4183.jp&i=d,2026-03-26T08:35:00+00:00
4183,4183.T,4183.jp,2019-04-10,1117.29,1118.86,1101.56,1118.47,2059102,https://stooq.com/q/d/l/?s=4183.jp&i=d,2026-03-26T08:35:00+00:00
4183,4183.T,4183.jp,2019-04-11,1107.46,1112.18,1098.80,1106.27,1701461,https://stooq.com/q/d/l/?s=4183.jp&i=d,2026-03-26T08:35:00+00:00
4183,4183.T,4183.jp,2019-04-12,1101.17,1110.60,1091.73,1106.67,1615994,https://stooq.com/q/d/l/?s=4183.jp&i=d,2026-03-26T08:35:00+00:00
4183,4183.T,4183.jp,2019-04-15,1136.15,1141.66,1120.42,1123.97,1505597,https://stooq.com/q/d/l/?s=4183.jp&i=d,2026-03-26T08:35:00+00:00
4183,4183.T,4183.jp,2019-04-16,1122.79,1127.90,1113.75,1120.82,973462,https://stooq.com/q/d/l/?s=4183.jp&i=d,2026-03-26T08:35:00+00:00
4183,4183.T,4183.jp,2019-04-17,1119.24,1126.34,1114.92,1120.42,1150754,https://stooq.com/q/d/l/?s=4183.jp&i=d,2026-03-26T08:35:00+00:00
4183,4183.T,4183.jp,2019-04-18,1118.86,1125.14,1108.63,1110.99,1211040,https://stooq.com/q/d/l/?s=4183.jp&i=d,2026-03-26T08:35:00+00:00
4183,4183.T,4183.jp,2019-04-19,1116.11,1120.04,1110.99,1116.90,1201374,https://stooq.com/q/d/l/?s=4183.jp&i=d,2026-03-26T08:35:00+00:00
4183,4183.T,4183.jp,2019-04-22,1119.24,1122.40,1108.24,1110.60,1222742,https://stooq.com/q/d/l/?s=4183.jp&i=d,2026-03-26T08:35:00+00:00
4183,4183.T,4183.jp,2019-04-23,1116.49,1122.01,1105.10,1107.85,1723845,https://stooq.com/q/d/l/?s=4183.jp&i=d,2026-03-26T08:35:00+00:00
4183,4183.T,4183.jp,2019-04-24,1110.60,1110.99,1080.32,1083.86,2052992,https://stooq.com/q/d/l/?s=4183.jp&i=d,2026-03-26T08:35:00+00:00
4183,4183.T,4183.jp,2019-04-25,1081.52,1082.69,1065.00,1080.72,1770649,https://stooq.com/q/d/l/?s=4183.jp&i=d,2026-03-26T08:35:00+00:00
4183,4183.T,4183.jp,2019-04-26,1071.29,1071.29,1057.14,1068.54,2361033,https://stooq.com/q/d/l/?s=4183.jp&i=d,2026-03-26T08:35:00+00:00
4183,4183.T,4183.jp,2019-05-07,1061.46,1067.36,1048.09,1054.38,2298205,https://stooq.com/q/d/l/?s=4183.jp&i=d,2026-03-26T08:35:00+00:00
4183,4183.T,4183.jp,2019-05-08,1034.72,1038.27,1018.22,1021.35,2278872,https://stooq.com/q/d/l/?s=4183.jp&i=d,2026-03-26T08:35:00+00:00
4183,4183.T,4183.jp,2019-05-09,1011.14,1011.52,984.00,989.52,2522559,https://stooq.com/q/d/l/?s=4183.jp&i=d,2026-03-26T08:35:00+00:00
4183,4183.T,4183.jp,2019-05-10,988.34,995.40,971.43,984.79,2306347,https://stooq.com/q/d/l/?s=4183.jp&i=d,2026-03-26T08:35:00+00:00
4183,4183.T,4183.jp,2019-05-13,982.44,982.84,969.07,972.60,2128543,https://stooq.com/q/d/l/?s=4183.jp&i=d,2026-03-26T08:35:00+00:00
4183,4183.T,4183.jp,2019-05-14,933.30,967.89,932.12,967.89,3122355,https://stooq.com/q/d/l/?s=4183.jp&i=d,2026-03-26T08:35:00+00:00
4183,4183.T,4183.jp,2019-05-15,985.97,994.62,962.00,982.04,3888509,https://stooq.com/q/d/l/?s=4183.jp&i=d,2026-03-26T08:35:00+00:00
4183,4183.T,4183.jp,2019-05-16,966.32,985.97,952.55,960.42,2860102,https://stooq.com/q/d/l/?s=4183.jp&i=d,2026-03-26T08:35:00+00:00
4183,4183.T,4183.jp,2019-05-17,973.79,988.34,965.53,974.18,2341955,https://stooq.com/q/d/l/?s=4183.jp&i=d,2026-03-26T08:35:00+00:00
4183,4183.T,4183.jp,2019-05-20,978.90,986.76,973.00,982.04,2474481,https://stooq.com/q/d/l/?s=4183.jp&i=d,2026-03-26T08:35:00+00:00
4183,4183.T,4183.jp,2019-05-21,967.89,974.57,956.11,967.11,3221301,https://stooq.com/q/d/l/?s=4183.jp&i=d,2026-03-26T08:35:00+00:00
4183,4183.T,4183.jp,2019-05-22,967.89,971.43,945.88,948.63,2358236,https://stooq.com/q/d/l/?s=4183.jp&i=d,2026-03-26T08:35:00+00:00
4183,4183.T,4183.jp,2019-05-23,943.52,943.52,929.37,942.74,2084030,https://stooq.com/q/d/l/?s=4183.jp&i=d,2026-03-26T08:35:00+00:00
4183,4183.T,4183.jp,2019-05-24,927.80,949.80,921.89,944.70,2223163,https://stooq.com/q/d/l/?s=4183.jp&i=d,2026-03-26T08:35:00+00:00
4183,4183.T,4183.jp,2019-05-27,945.88,949.41,933.70,936.45,1250468,https://stooq.com/q/d/l/?s=4183.jp&i=d,2026-03-26T08:35:00+00:00
4183,4183.T,4183.jp,2019-05-28,933.70,939.98,929.37,935.65,1575548,https://stooq.com/q/d/l/?s=4183.jp&i=d,2026-03-26T08:35:00+00:00
4183,4183.T,4183.jp,2019-05-29,924.26,934.48,912.45,934.08,2216044,https://stooq.com/q/d/l/?s=4183.jp&i=d,2026-03-26T08:35:00+00:00
4183,4183.T,4183.jp,2019-05-30,931.74,948.24,927.01,948.24,3184165,https://stooq.com/q/d/l/?s=4183.jp&i=d,2026-03-26T08:35:00+00:00
4183,4183.T,4183.jp,2019-05-31,943.52,949.41,933.70,938.40,2740041,https://stooq.com/q/d/l/?s=4183.jp&i=d,2026-03-26T08:35:00+00:00
4183,4183.T,4183.jp,2019-06-03,916.00,930.14,915.61,930.14,2141006,https://stooq.com/q/d/l/?s=4183.jp&i=d,2026-03-26T08:35:00+00:00
4183,4183.T,4183.jp,2019-06-04,943.52,952.16,930.54,952.16,2703923,https://stooq.com/q/d/l/?s=4183.jp&i=d,2026-03-26T08:35:00+00:00
4183,4183.T,4183.jp,2019-06-05,971.82,994.23,965.14,985.19,3677890,https://stooq.com/q/d/l/?s=4183.jp&i=d,2026-03-26T08:35:00+00:00
4183,4183.T,4183.jp,2019-06-06,982.44,998.17,979.29,990.30,2949640,https://stooq.com/q/d/l/?s=4183.jp&i=d,2026-03-26T08:35:00+00:00
4183,4183.T,4183.jp,2019-06-07,1005.24,1008.78,995.40,996.61,3120829,https://stooq.com/q/d/l/?s=4183.jp&i=d,2026-03-26T08:35:00+00:00
4183,4183.T,4183.jp,2019-06-10,1009.18,1015.86,1003.28,1012.32,2523575,https://stooq.com/q/d/l/?s=4183.jp&i=d,2026-03-26T08:35:00+00:00
4183,4183.T,4183.jp,2019-06-11,1010.35,1026.08,1006.82,1026.08,1950738,https://stooq.com/q/d/l/?s=4183.jp&i=d,2026-03-26T08:35:00+00:00
4183,4183.T,4183.jp,2019-06-12,1025.68,1036.69,1020.97,1028.83,1643212,https://stooq.com/q/d/l/?s=4183.jp&i=d,2026-03-26T08:35:00+00:00
4183,4183.T,4183.jp,2019-06-13,1024.10,1034.33,1017.02,1031.97,1575038,https://stooq.com/q/d/l/?s=4183.jp&i=d,2026-03-26T08:35:00+00:00
4183,4183.T,4183.jp,2019-06-14,1031.19,1031.19,1018.99,1022.93,2410635,https://stooq.com/q/d/l/?s=4183.jp&i=d,2026-03-26T08:35:00+00:00
4183,4183.T,4183.jp,2019-06-17,1022.15,1022.15,1009.96,1013.50,1497968,https://stooq.com/q/d/l/?s=4183.jp&i=d,2026-03-26T08:35:00+00:00
4183,4183.T,4183.jp,2019-06-18,1008.00,1023.72,1006.42,1009.96,1217145,https://stooq.com/q/d/l/?s=4183.jp&i=d,2026-03-26T08:35:00+00:00
4183,4183.T,4183.jp,2019-06-19,1028.04,1039.83,1025.29,1036.69,1770392,https://stooq.com/q/d/l/?s=4183.jp&i=d,2026-03-26T08:35:00+00:00
4183,4183.T,4183.jp,2019-06-20,1041.02,1043.38,1028.43,1040.23,1611666,https://stooq.com/q/d/l/?s=4183.jp&i=d,2026-03-26T08:35:00+00:00
4183,4183.T,4183.jp,2019-06-21,1043.38,1047.70,1035.11,1035.90,2582332,https://stooq.com/q/d/l/?s=4183.jp&i=d,2026-03-26T08:35:00+00:00
4183,4183.T,4183.jp,2019-06-24,1043.38,1047.30,1034.33,1041.80,874510,https://stooq.com/q/d/l/?s=4183.jp&i=d,2026-03-26T08:35:00+00:00
4183,4183.T,4183.jp,2019-06-25,1046.12,1050.46,1029.62,1030.80,1526710,https://stooq.com/q/d/l/?s=4183.jp&i=d,2026-03-26T08:35:00+00:00
4183,4183.T,4183.jp,2019-06-26,1018.60,1035.51,1014.28,1024.90,1711127,https://stooq.com/q/d/l/?s=4183.jp&i=d,2026-03-26T08:35:00+00:00
4183,4183.T,4183.jp,2019-06-27,1031.97,1052.03,1031.58,1047.30,1733003,https://stooq.com/q/d/l/?s=4183.jp&i=d,2026-03-26T08:35:00+00:00
4183,4183.T,4183.jp,2019-06-28,1041.80,1049.66,1037.47,1048.48,1714180,https://stooq.com/q/d/l/?s=4183.jp&i=d,2026-03-26T08:35:00+00:00
4183,4183.T,4183.jp,2019-07-01,1069.32,1072.46,1053.60,1072.46,1784892,https://stooq.com/q/d/l/?s=4183.jp&i=d,2026-03-26T08:35:00+00:00
4183,4183.T,4183.jp,2019-07-02,1069.32,1073.64,1064.20,1068.92,1038324,https://stooq.com/q/d/l/?s=4183.jp&i=d,2026-03-26T08:35:00+00:00
4183,4183.T,4183.jp,2019-07-03,1053.60,1054.38,1038.66,1044.96,1869092,https://stooq.com/q/d/l/?s=4183.jp&i=d,2026-03-26T08:35:00+00:00
4183,4183.T,4183.jp,2019-07-04,1045.73,1048.09,1039.83,1045.34,1252500,https://stooq.com/q/d/l/?s=4183.jp&i=d,2026-03-26T08:35:00+00:00
4183,4183.T,4183.jp,2019-07-05,1044.16,1047.70,1039.05,1041.80,1183824,https://stooq.com/q/d/l/?s=4183.jp&i=d,2026-03-26T08:35:00+00:00
4183,4183.T,4183.jp,2019-07-08,1038.66,1040.62,1033.15,1035.51,1018993,https://stooq.com/q/d/l/?s=4183.jp&i=d,2026-03-26T08:35:00+00:00
4183,4183.T,4183.jp,2019-07-09,1030.40,1030.80,999.35,1005.24,2689164,https://stooq.com/q/d/l/?s=4183.jp&i=d,2026-03-26T08:35:00+00:00
4183,4183.T,4183.jp,2019-07-10,999.73,1001.71,988.73,992.27,2542651,https://stooq.com/q/d/l/?s=4183.jp&i=d,2026-03-26T08:35:00+00:00
4183,4183.T,4183.jp,2019-07-11,989.91,1008.78,989.12,1006.04,2425137,https://stooq.com/q/d/l/?s=4183.jp&i=d,2026-03-26T08:35:00+00:00
4183,4183.T,4183.jp,2019-07-12,1010.35,1020.18,1008.00,1020.18,1771155,https://stooq.com/q/d/l/?s=4183.jp&i=d,2026-03-26T08:35:00+00:00
4183,4183.T,4183.jp,2019-07-16,1018.22,1025.68,1013.50,1021.75,1427761,https://stooq.com/q/d/l/?s=4183.jp&i=d,2026-03-26T08:35:00+00:00
4183,4183.T,4183.jp,2019-07-17,1013.10,1017.82,1007.21,1009.57,1876719,https://stooq.com/q/d/l/?s=4183.jp&i=d,2026-03-26T08:35:00+00:00
4183,4183.T,4183.jp,2019-07-18,998.96,1000.13,977.33,982.04,2241225,https://stooq.com/q/d/l/?s=4183.jp&i=d,2026-03-26T08:35:00+00:00
4183,4183.T,4183.jp,2019-07-19,979.68,1004.46,973.00,1003.28,2238936,https://stooq.com/q/d/l/?s=4183.jp&i=d,2026-03-26T08:35:00+00:00
4183,4183.T,4183.jp,2019-07-22,1003.28,1018.22,996.20,1001.32,1313548,https://stooq.com/q/d/l/?s=4183.jp&i=d,2026-03-26T08:35:00+00:00
4183,4183.T,4183.jp,2019-07-23,977.72,998.17,973.00,994.62,3393763,https://stooq.com/q/d/l/?s=4183.jp&i=d,2026-03-26T08:35:00+00:00
4183,4183.T,4183.jp,2019-07-24,1005.64,1013.50,1000.52,1005.24,1886382,https://stooq.com/q/d/l/?s=4183.jp&i=d,2026-03-26T08:35:00+00:00
4183,4183.T,4183.jp,2019-07-25,1010.35,1013.50,1000.92,1006.04,1848993,https://stooq.com/q/d/l/?s=4183.jp&i=d,2026-03-26T08:35:00+00:00
4183,4183.T,4183.jp,2019-07-26,1002.49,1005.64,981.65,985.19,1956080,https://stooq.com/q/d/l/?s=4183.jp&i=d,2026-03-26T08:35:00+00:00
4183,4183.T,4183.jp,2019-07-29,983.22,984.40,953.74,958.85,2528912,https://stooq.com/q/d/l/?s=4183.jp&i=d,2026-03-26T08:35:00+00:00
4183,4183.T,4183.jp,2019-07-30,962.00,972.22,959.25,970.25,2340178,https://stooq.com/q/d/l/?s=4183.jp&i=d,2026-03-26T08:35:00+00:00
4183,4183.T,4183.jp,2019-07-31,973.79,988.73,968.67,985.97,2752757,https://stooq.com/q/d/l/?s=4183.jp&i=d,2026-03-26T08:35:00+00:00
4183,4183.T,4183.jp,2019-08-01,951.38,1007.21,945.88,998.56,7103962,https://stooq.com/q/d/l/?s=4183.jp&i=d,2026-03-26T08:35:00+00:00
4183,4183.T,4183.jp,2019-08-02,959.25,971.03,932.52,940.76,4169074,https://stooq.com/q/d/l/?s=4183.jp&i=d,2026-03-26T08:35:00+00:00
4183,4183.T,4183.jp,2019-08-05,925.04,927.39,897.91,909.71,2590220,https://stooq.com/q/d/l/?s=4183.jp&i=d,2026-03-26T08:35:00+00:00
4183,4183.T,4183.jp,2019-08-06,872.37,906.95,867.65,901.06,3664410,https://stooq.com/q/d/l/?s=4183.jp&i=d,2026-03-26T08:35:00+00:00
4183,4183.T,4183.jp,2019-08-07,895.95,913.64,895.16,901.84,2086823,https://stooq.com/q/d/l/?s=4183.jp&i=d,2026-03-26T08:35:00+00:00
4183,4183.T,4183.jp,2019-08-08,894.37,900.66,886.90,889.64,2235377,https://stooq.com/q/d/l/?s=4183.jp&i=d,2026-03-26T08:35:00+00:00
4183,4183.T,4183.jp,2019-08-09,899.09,900.27,884.95,893.20,1470750,https://stooq.com/q/d/l/?s=4183.jp&i=d,2026-03-26T08:35:00+00:00
4183,4183.T,4183.jp,2019-08-13,878.65,885.73,872.76,882.97,1707564,https://stooq.com/q/d/l/?s=4183.jp&i=d,2026-03-26T08:35:00+00:00
4183,4183.T,4183.jp,2019-08-14,899.88,905.38,892.80,903.81,2646178,https://stooq.com/q/d/l/?s=4183.jp&i=d,2026-03-26T08:35:00+00:00
4183,4183.T,4183.jp,2019-08-15,876.68,896.73,875.51,895.95,1553670,https://stooq.com/q/d/l/?s=4183.jp&i=d,2026-03-26T08:35:00+00:00
4183,4183.T,4183.jp,2019-08-16,888.07,892.80,882.20,890.44,1279975,https://stooq.com/q/d/l/?s=4183.jp&i=d,2026-03-26T08:35:00+00:00
4183,4183.T,4183.jp,2019-08-19,901.46,908.52,896.73,901.46,1960662,https://stooq.com/q/d/l/?s=4183.jp&i=d,2026-03-26T08:35:00+00:00
4183,4183.T,4183.jp,2019-08-20,903.42,911.27,899.88,910.89,2135413,https://stooq.com/q/d/l/?s=4183.jp&i=d,2026-03-26T08:35:00+00:00
4183,4183.T,4183.jp,2019-08-21,895.95,901.84,892.02,899.50,1734782,https://stooq.com/q/d/l/?s=4183.jp&i=d,2026-03-26T08:35:00+00:00
4183,4183.T,4183.jp,2019-08-22,905.38,910.10,894.37,896.34,1601750,https://stooq.com/q/d/l/?s=4183.jp&i=d,2026-03-26T08:35:00+00:00
4183,4183.T,4183.jp,2019-08-23,892.80,901.06,890.44,894.37,1535867,https://stooq.com/q/d/l/?s=4183.jp&i=d,2026-03-26T08:35:00+00:00
4183,4183.T,4183.jp,2019-08-26,861.35,870.78,858.60,868.44,2954980,https://stooq.com/q/d/l/?s=4183.jp&i=d,2026-03-26T08:35:00+00:00
4183,4183.T,4183.jp,2019-08-27,871.18,878.26,869.22,873.93,2285995,https://stooq.com/q/d/l/?s=4183.jp&i=d,2026-03-26T08:35:00+00:00
4183,4183.T,4183.jp,2019-08-28,872.76,881.80,871.18,873.93,1866032,https://stooq.com/q/d/l/?s=4183.jp&i=d,2026-03-26T08:35:00+00:00
4183,4183.T,4183.jp,2019-08-29,878.26,884.14,873.54,877.88,1753350,https://stooq.com/q/d/l/?s=4183.jp&i=d,2026-03-26T08:35:00+00:00
4183,4183.T,4183.jp,2019-08-30,893.59,898.71,885.73,892.80,2582332,https://stooq.com/q/d/l/?s=4183.jp&i=d,2026-03-26T08:35:00+00:00
4183,4183.T,4183.jp,2019-09-02,888.87,892.40,882.97,885.73,1304140,https://stooq.com/q/d/l/?s=4183.jp&i=d,2026-03-26T08:35:00+00:00
4183,4183.T,4183.jp,2019-09-03,884.14,898.71,882.59,891.62,966084,https://stooq.com/q/d/l/?s=4183.jp&i=d,2026-03-26T08:35:00+00:00
4183,4183.T,4183.jp,2019-09-04,883.37,883.37,867.65,876.68,1991185,https://stooq.com/q/d/l/?s=4183.jp&i=d,2026-03-26T08:35:00+00:00
4183,4183.T,4183.jp,2019-09-05,884.55,912.45,883.76,899.50,2285234,https://stooq.com/q/d/l/?s=4183.jp&i=d,2026-03-26T08:35:00+00:00
4183,4183.T,4183.jp,2019-09-06,901.84,908.13,900.27,904.59,2042818,https://stooq.com/q/d/l/?s=4183.jp&i=d,2026-03-26T08:35:00+00:00
4183,4183.T,4183.jp,2019-09-09,900.27,906.58,895.95,905.77,1279212,https://stooq.com/q/d/l/?s=4183.jp&i=d,2026-03-26T08:35:00+00:00
4183,4183.T,4183.jp,2019-09-10,917.97,937.24,917.97,936.84,2450568,https://stooq.com/q/d/l/?s=4183.jp&i=d,2026-03-26T08:35:00+00:00
4183,4183.T,4183.jp,2019-09-11,951.38,982.04,951.38,978.12,3956934,https://stooq.com/q/d/l/?s=4183.jp&i=d,2026-03-26T08:35:00+00:00
4183,4183.T,4183.jp,2019-09-12,995.80,1002.49,988.73,988.73,3214180,https://stooq.com/q/d/l/?s=4183.jp&i=d,2026-03-26T08:35:00+00:00
4183,4183.T,4183.jp,2019-09-13,1001.32,1001.32,986.38,995.40,3057238,https://stooq.com/q/d/l/?s=4183.jp&i=d,2026-03-26T08:35:00+00:00
4183,4183.T,4183.jp,2019-09-17,981.25,981.65,965.53,974.18,3102513,https://stooq.com/q/d/l/?s=4183.jp&i=d,2026-03-26T08:35:00+00:00
4183,4183.T,4183.jp,2019-09-18,978.12,987.55,969.86,983.22,2100562,https://stooq.com/q/d/l/?s=4183.jp&i=d,2026-03-26T08:35:00+00:00
4183,4183.T,4183.jp,2019-09-19,997.78,1004.06,991.48,992.66,2201544,https://stooq.com/q/d/l/?s=4183.jp&i=d,2026-03-26T08:35:00+00:00
4183,4183.T,4183.jp,2019-09-20,992.27,996.98,978.90,983.22,2208412,https://stooq.com/q/d/l/?s=4183.jp&i=d,2026-03-26T08:35:00+00:00
4183,4183.T,4183.jp,2019-09-24,985.19,998.56,981.65,991.48,1602764,https://stooq.com/q/d/l/?s=4183.jp&i=d,2026-03-26T08:35:00+00:00
4183,4183.T,4183.jp,2019-09-25,971.82,983.62,963.96,982.04,1443787,https://stooq.com/q/d/l/?s=4183.jp&i=d,2026-03-26T08:35:00+00:00
4183,4183.T,4183.jp,2019-09-26,998.96,1002.49,977.72,979.68,2592505,https://stooq.com/q/d/l/?s=4183.jp&i=d,2026-03-26T08:35:00+00:00
4183,4183.T,4183.jp,2019-09-27,978.88,982.49,959.23,970.46,2865032,https://stooq.com/q/d/l/?s=4183.jp&i=d,2026-03-26T08:35:00+00:00
4183,4183.T,4183.jp,2019-09-30,962.04,978.08,957.62,969.25,1938269,https://stooq.com/q/d/l/?s=4183.jp&i=d,2026-03-26T08:35:00+00:00
4183,4183.T,4183.jp,2019-10-01,978.08,1002.96,974.07,1001.34,2331107,https://stooq.com/q/d/l/?s=4183.jp&i=d,2026-03-26T08:35:00+00:00
4183,4183.T,4183.jp,2019-10-02,986.12,1002.96,983.29,1001.34,2123224,https://stooq.com/q/d/l/?s=4183.jp&i=d,2026-03-26T08:35:00+00:00
4183,4183.T,4183.jp,2019-10-03,974.87,981.29,969.25,973.67,1941264,https://stooq.com/q/d/l/?s=4183.jp&i=d,2026-03-26T08:35:00+00:00
4183,4183.T,4183.jp,2019-10-04,973.26,974.07,952.82,963.64,2631225,https://stooq.com/q/d/l/?s=4183.jp&i=d,2026-03-26T08:35:00+00:00
4183,4183.T,4183.jp,2019-10-07,972.06,972.47,953.62,959.63,1626444,https://stooq.com/q/d/l/?s=4183.jp&i=d,2026-03-26T08:35:00+00:00
4183,4183.T,4183.jp,2019-10-08,966.85,974.07,960.02,961.23,2039973,https://stooq.com/q/d/l/?s=4183.jp&i=d,2026-03-26T08:35:00+00:00
4183,4183.T,4183.jp,2019-10-09,952.00,961.23,944.38,954.81,1522498,https://stooq.com/q/d/l/?s=4183.jp&i=d,2026-03-26T08:35:00+00:00
4183,4183.T,4183.jp,2019-10-10,958.83,965.24,946.79,964.44,1505797,https://stooq.com/q/d/l/?s=4183.jp&i=d,2026-03-26T08:35:00+00:00
4183,4183.T,4183.jp,2019-10-11,979.68,990.11,970.46,983.70,2203736,https://stooq.com/q/d/l/?s=4183.jp&i=d,2026-03-26T08:35:00+00:00
4183,4183.T,4183.jp,2019-10-15,1003.76,1025.82,1002.96,1023.41,3284543,https://stooq.com/q/d/l/?s=4183.jp&i=d,2026-03-26T08:35:00+00:00
4183,4183.T,4183.jp,2019-10-16,1042.68,1050.29,1018.21,1020.62,2175317,https://stooq.com/q/d/l/?s=4183.jp&i=d,2026-03-26T08:35:00+00:00
4183,4183.T,4183.jp,2019-10-17,1030.64,1042.68,1022.22,1024.22,1941510,https://stooq.com/q/d/l/?s=4183.jp&i=d,2026-03-26T08:35:00+00:00
4183,4183.T,4183.jp,2019-10-18,1027.42,1042.68,1027.42,1035.85,1874211,https://stooq.com/q/d/l/?s=4183.jp&i=d,2026-03-26T08:35:00+00:00
4183,4183.T,4183.jp,2019-10-21,1039.06,1045.08,1034.25,1034.64,1524245,https://stooq.com/q/d/l/?s=4183.jp&i=d,2026-03-26T08:35:00+00:00
4183,4183.T,4183.jp,2019-10-23,1047.09,1054.30,1027.03,1029.44,3619552,https://stooq.com/q/d/l/?s=4183.jp&i=d,2026-03-26T08:35:00+00:00
4183,4183.T,4183.jp,2019-10-24,1041.47,1045.08,1034.25,1042.68,3236933,https://stooq.com/q/d/l/?s=4183.jp&i=d,2026-03-26T08:35:00+00:00
4183,4183.T,4183.jp,2019-10-25,1043.88,1047.88,1029.04,1034.25,2008814,https://stooq.com/q/d/l/?s=4183.jp&i=d,2026-03-26T08:35:00+00:00
4183,4183.T,4183.jp,2019-10-28,1045.08,1047.88,1033.45,1035.45,1755063,https://stooq.com/q/d/l/?s=4183.jp&i=d,2026-03-26T08:35:00+00:00
4183,4183.T,4183.jp,2019-10-29,1050.70,1058.32,1045.88,1054.30,2422588,https://stooq.com/q/d/l/?s=4183.jp&i=d,2026-03-26T08:35:00+00:00
4183,4183.T,4183.jp,2019-10-30,1059.52,1064.34,1045.88,1048.29,2559187,https://stooq.com/q/d/l/?s=4183.jp&i=d,2026-03-26T08:35:00+00:00
4183,4183.T,4183.jp,2019-10-31,1051.09,1052.70,1034.64,1044.28,2164852,https://stooq.com/q/d/l/?s=4183.jp&i=d,2026-03-26T08:35:00+00:00
4183,4183.T,4183.jp,2019-11-01,1016.20,1027.03,1015.39,1023.41,2799723,https://stooq.com/q/d/l/?s=4183.jp&i=d,2026-03-26T08:35:00+00:00
4183,4183.T,4183.jp,2019-11-05,1032.64,1056.30,1026.22,1052.70,3647223,https://stooq.com/q/d/l/?s=4183.jp&i=d,2026-03-26T08:35:00+00:00
4183,4183.T,4183.jp,2019-11-06,1057.52,1083.19,1015.79,1079.57,7684040,https://stooq.com/q/d/l/?s=4183.jp&i=d,2026-03-26T08:35:00+00:00
4183,4183.T,4183.jp,2019-11-07,1069.15,1094.43,1040.27,1094.43,5331242,https://stooq.com/q/d/l/?s=4183.jp&i=d,2026-03-26T08:35:00+00:00
4183,4183.T,4183.jp,2019-11-08,1118.90,1131.73,1109.66,1113.68,4106862,https://stooq.com/q/d/l/?s=4183.jp&i=d,2026-03-26T08:35:00+00:00
4183,4183.T,4183.jp,2019-11-11,1123.30,1130.13,1118.50,1123.71,1937275,https://stooq.com/q/d/l/?s=4183.jp&i=d,2026-03-26T08:35:00+00:00
4183,4183.T,4183.jp,2019-11-12,1113.68,1120.10,1096.43,1118.50,2587352,https://stooq.com/q/d/l/?s=4183.jp&i=d,2026-03-26T08:35:00+00:00
4183,4183.T,4183.jp,2019-11-13,1118.50,1119.70,1097.22,1099.24,2085087,https://stooq.com/q/d/l/?s=4183.jp&i=d,2026-03-26T08:35:00+00:00
4183,4183.T,4183.jp,2019-11-14,1088.41,1090.42,1057.92,1063.93,2646178,https://stooq.com/q/d/l/?s=4183.jp&i=d,2026-03-26T08:35:00+00:00
4183,4183.T,4183.jp,2019-11-15,1079.57,1096.03,1073.96,1083.19,2613773,https://stooq.com/q/d/l/?s=4183.jp&i=d,2026-03-26T08:35:00+00:00
4183,4183.T,4183.jp,2019-11-18,1077.97,1078.79,1067.54,1074.77,1677045,https://stooq.com/q/d/l/?s=4183.jp&i=d,2026-03-26T08:35:00+00:00
4183,4183.T,4183.jp,2019-11-19,1061.12,1069.94,1055.51,1067.14,1234599,https://stooq.com/q/d/l/?s=4183.jp&i=d,2026-03-26T08:35:00+00:00
4183,4183.T,4183.jp,2019-11-20,1057.12,1068.74,1052.70,1057.92,1973915,https://stooq.com/q/d/l/?s=4183.jp&i=d,2026-03-26T08:35:00+00:00
4183,4183.T,4183.jp,2019-11-21,1046.68,1056.72,1037.46,1056.30,2432310,https://stooq.com/q/d/l/?s=4183.jp&i=d,2026-03-26T08:35:00+00:00
4183,4183.T,4183.jp,2019-11-22,1061.12,1076.37,1061.12,1063.54,2057917,https://stooq.com/q/d/l/?s=4183.jp&i=d,2026-03-26T08:35:00+00:00
4183,4183.T,4183.jp,2019-11-25,1079.18,1083.19,1068.74,1072.77,1851278,https://stooq.com/q/d/l/?s=4183.jp&i=d,2026-03-26T08:35:00+00:00
4183,4183.T,4183.jp,2019-11-26,1088.81,1090.02,1067.14,1068.74,4752702,https://stooq.com/q/d/l/?s=4183.jp&i=d,2026-03-26T08:35:00+00:00
4183,4183.T,4183.jp,2019-11-27,1069.94,1075.58,1059.93,1062.32,2934079,https://stooq.com/q/d/l/?s=4183.jp&i=d,2026-03-26T08:35:00+00:00
4183,4183.T,4183.jp,2019-11-28,1056.72,1064.74,1053.10,1057.92,1345274,https://stooq.com/q/d/l/?s=4183.jp&i=d,2026-03-26T08:35:00+00:00
4183,4183.T,4183.jp,2019-11-29,1061.12,1066.74,1051.90,1052.30,1790209,https://stooq.com/q/d/l/?s=4183.jp&i=d,2026-03-26T08:35:00+00:00
4183,4183.T,4183.jp,2019-12-02,1053.10,1066.34,1053.10,1063.14,1801425,https://stooq.com/q/d/l/?s=4183.jp&i=d,2026-03-26T08:35:00+00:00
4183,4183.T,4183.jp,2019-12-03,1045.08,1055.12,1039.47,1054.30,1881439,https://stooq.com/q/d/l/?s=4183.jp&i=d,2026-03-26T08:35:00+00:00
4183,4183.T,4183.jp,2019-12-04,1046.68,1049.51,1039.47,1043.88,2164353,https://stooq.com/q/d/l/?s=4183.jp&i=d,2026-03-26T08:35:00+00:00
4183,4183.T,4183.jp,2019-12-05,1062.73,1064.74,1052.70,1058.32,2282252,https://stooq.com/q/d/l/?s=4183.jp&i=d,2026-03-26T08:35:00+00:00
4183,4183.T,4183.jp,2019-12-06,1053.10,1056.30,1045.48,1050.70,1916336,https://stooq.com/q/d/l/?s=4183.jp&i=d,2026-03-26T08:35:00+00:00
4183,4183.T,4183.jp,2019-12-09,1071.95,1073.96,1061.53,1070.76,1985879,https://stooq.com/q/d/l/?s=4183.jp&i=d,2026-03-26T08:35:00+00:00
4183,4183.T,4183.jp,2019-12-10,1070.76,1075.97,1064.34,1071.56,1638406,https://stooq.com/q/d/l/?s=4183.jp&i=d,2026-03-26T08:35:00+00:00
4183,4183.T,4183.jp,2019-12-11,1067.14,1075.97,1065.94,1072.77,986584,https://stooq.com/q/d/l/?s=4183.jp&i=d,2026-03-26T08:35:00+00:00
4183,4183.T,4183.jp,2019-12-12,1080.38,1084.39,1071.95,1079.18,1423292,https://stooq.com/q/d/l/?s=4183.jp&i=d,2026-03-26T08:35:00+00:00
4183,4183.T,4183.jp,2019-12-13,1119.30,1125.72,1110.08,1113.68,3911688,https://stooq.com/q/d/l/?s=4183.jp&i=d,2026-03-26T08:35:00+00:00
4183,4183.T,4183.jp,2019-12-16,1111.67,1121.70,1104.86,1104.86,1745591,https://stooq.com/q/d/l/?s=4183.jp&i=d,2026-03-26T08:35:00+00:00
4183,4183.T,4183.jp,2019-12-17,1121.30,1128.13,1114.48,1117.30,2089823,https://stooq.com/q/d/l/?s=4183.jp&i=d,2026-03-26T08:35:00+00:00
4183,4183.T,4183.jp,2019-12-18,1103.65,1103.65,1088.01,1094.82,2321138,https://stooq.com/q/d/l/?s=4183.jp&i=d,2026-03-26T08:35:00+00:00
4183,4183.T,4183.jp,2019-12-19,1086.80,1088.41,1079.57,1083.60,1377429,https://stooq.com/q/d/l/?s=4183.jp&i=d,2026-03-26T08:35:00+00:00
4183,4183.T,4183.jp,2019-12-20,1088.41,1092.02,1078.38,1081.59,1942759,https://stooq.com/q/d/l/?s=4183.jp&i=d,2026-03-26T08:35:00+00:00
4183,4183.T,4183.jp,2019-12-23,1083.99,1089.60,1079.98,1083.99,1010013,https://stooq.com/q/d/l/?s=4183.jp&i=d,2026-03-26T08:35:00+00:00
4183,4183.T,4183.jp,2019-12-24,1091.62,1093.23,1087.20,1088.81,1036687,https://stooq.com/q/d/l/?s=4183.jp&i=d,2026-03-26T08:35:00+00:00
4183,4183.T,4183.jp,2019-12-25,1095.22,1096.43,1076.77,1078.38,964897,https://stooq.com/q/d/l/?s=4183.jp&i=d,2026-03-26T08:35:00+00:00
4183,4183.T,4183.jp,2019-12-26,1075.97,1092.42,1075.97,1091.22,960409,https://stooq.com/q/d/l/?s=4183.jp&i=d,2026-03-26T08:35:00+00:00
4183,4183.T,4183.jp,2019-12-27,1094.43,1096.43,1084.80,1089.60,1153342,https://stooq.com/q/d/l/?s=4183.jp&i=d,2026-03-26T08:35:00+00:00
4183,4183.T,4183.jp,2019-12-30,1079.57,1084.39,1073.16,1075.16,1597030,https://stooq.com/q/d/l/?s=4183.jp&i=d,2026-03-26T08:35:00+00:00
4183,4183.T,4183.jp,2020-01-06,1043.88,1053.51,1043.47,1052.30,1982640,https://stooq.com/q/d/l/?s=4183.jp&i=d,2026-03-26T08:35:00+00:00
4183,4183.T,4183.jp,2020-01-07,1052.30,1060.72,1051.50,1056.72,1502310,https://stooq.com/q/d/l/?s=4183.jp&i=d,2026-03-26T08:35:00+00:00
4183,4183.T,4183.jp,2020-01-08,1038.66,1039.47,1019.00,1025.82,2656896,https://stooq.com/q/d/l/?s=4183.jp&i=d,2026-03-26T08:35:00+00:00
4183,4183.T,4183.jp,2020-01-09,1042.68,1045.48,1033.45,1038.26,2112508,https://stooq.com/q/d/l/?s=4183.jp&i=d,2026-03-26T08:35:00+00:00
4183,4183.T,4183.jp,2020-01-10,1045.48,1053.10,1034.25,1035.45,1927801,https://stooq.com/q/d/l/?s=4183.jp&i=d,2026-03-26T08:35:00+00:00
4183,4183.T,4183.jp,2020-01-14,1045.48,1055.12,1041.86,1055.12,1921571,https://stooq.com/q/d/l/?s=4183.jp&i=d,2026-03-26T08:35:00+00:00
4183,4183.T,4183.jp,2020-01-15,1048.68,1061.53,1044.28,1057.52,1618965,https://stooq.com/q/d/l/?s=4183.jp&i=d,2026-03-26T08:35:00+00:00
4183,4183.T,4183.jp,2020-01-16,1062.73,1069.15,1048.68,1049.89,1521003,https://stooq.com/q/d/l/?s=4183.jp&i=d,2026-03-26T08:35:00+00:00
4183,4183.T,4183.jp,2020-01-17,1055.91,1061.12,1053.10,1060.32,1625694,https://stooq.com/q/d/l/?s=4183.jp&i=d,2026-03-26T08:35:00+00:00
4183,4183.T,4183.jp,2020-01-20,1064.74,1069.15,1063.93,1065.14,912799,https://stooq.com/q/d/l/?s=4183.jp&i=d,2026-03-26T08:35:00+00:00
4183,4183.T,4183.jp,2020-01-21,1060.72,1062.73,1045.88,1045.88,1676790,https://stooq.com/q/d/l/?s=4183.jp&i=d,2026-03-26T08:35:00+00:00
4183,4183.T,4183.jp,2020-01-22,1030.24,1040.66,1023.02,1039.06,1955721,https://stooq.com/q/d/l/?s=4183.jp&i=d,2026-03-26T08:35:00+00:00
4183,4183.T,4183.jp,2020-01-23,1023.02,1026.63,1013.38,1016.20,2075116,https://stooq.com/q/d/l/?s=4183.jp&i=d,2026-03-26T08:35:00+00:00
4183,4183.T,4183.jp,2020-01-24,1016.59,1020.20,1008.98,1011.39,1870472,https://stooq.com/q/d/l/?s=4183.jp&i=d,2026-03-26T08:35:00+00:00
4183,4183.T,4183.jp,2020-01-27,987.31,990.92,982.10,984.50,2084837,https://stooq.com/q/d/l/?s=4183.jp&i=d,2026-03-26T08:35:00+00:00
4183,4183.T,4183.jp,2020-01-28,979.68,982.10,966.04,974.47,2820665,https://stooq.com/q/d/l/?s=4183.jp&i=d,2026-03-26T08:35:00+00:00
4183,4183.T,4183.jp,2020-01-29,984.09,988.91,973.26,987.71,1850531,https://stooq.com/q/d/l/?s=4183.jp&i=d,2026-03-26T08:35:00+00:00
4183,4183.T,4183.jp,2020-01-30,967.65,980.89,966.85,973.67,2569404,https://stooq.com/q/d/l/?s=4183.jp&i=d,2026-03-26T08:35:00+00:00
4183,4183.T,4183.jp,2020-01-31,980.89,996.94,980.49,984.91,2123224,https://stooq.com/q/d/l/?s=4183.jp&i=d,2026-03-26T08:35:00+00:00
4183,4183.T,4183.jp,2020-02-03,960.43,982.90,958.02,973.26,2362019,https://stooq.com/q/d/l/?s=4183.jp&i=d,2026-03-26T08:35:00+00:00
4183,4183.T,4183.jp,2020-02-04,967.25,983.29,964.44,982.90,1652862,https://stooq.com/q/d/l/?s=4183.jp&i=d,2026-03-26T08:35:00+00:00
4183,4183.T,4183.jp,2020-02-05,1000.15,1045.08,997.35,1027.42,5380101,https://stooq.com/q/d/l/?s=4183.jp&i=d,2026-03-26T08:35:00+00:00
4183,4183.T,4183.jp,2020-02-06,1055.12,1084.39,1053.10,1070.36,4814769,https://stooq.com/q/d/l/?s=4183.jp&i=d,2026-03-26T08:35:00+00:00
4183,4183.T,4183.jp,2020-02-07,1059.12,1066.74,1048.29,1056.72,2751119,https://stooq.com/q/d/l/?s=4183.jp&i=d,2026-03-26T08:35:00+00:00
4183,4183.T,4183.jp,2020-02-10,1035.06,1045.88,1031.84,1039.06,2133445,https://stooq.com/q/d/l/?s=4183.jp&i=d,2026-03-26T08:35:00+00:00
4183,4183.T,4183.jp,2020-02-12,1052.30,1052.30,1030.24,1048.68,1975911,https://stooq.com/q/d/l/?s=4183.jp&i=d,2026-03-26T08:35:00+00:00
4183,4183.T,4183.jp,2020-02-13,1041.86,1048.68,1035.06,1043.47,2059910,https://stooq.com/q/d/l/?s=4183.jp&i=d,2026-03-26T08:35:00+00:00
4183,4183.T,4183.jp,2020-02-14,1030.64,1037.86,1026.22,1035.45,2435053,https://stooq.com/q/d/l/?s=4183.jp&i=d,2026-03-26T08:35:00+00:00
4183,4183.T,4183.jp,2020-02-17,1031.04,1040.27,1022.22,1037.46,1705710,https://stooq.com/q/d/l/?s=4183.jp&i=d,2026-03-26T08:35:00+00:00
4183,4183.T,4183.jp,2020-02-18,1037.86,1046.29,1033.45,1036.26,1831085,https://stooq.com/q/d/l/?s=4183.jp&i=d,2026-03-26T08:35:00+00:00
4183,4183.T,4183.jp,2020-02-19,1033.04,1033.45,1017.80,1017.80,2018535,https://stooq.com/q/d/l/?s=4183.jp&i=d,2026-03-26T08:35:00+00:00
4183,4183.T,4183.jp,2020-02-20,1027.03,1033.84,1012.58,1019.41,2419599,https://stooq.com/q/d/l/?s=4183.jp&i=d,2026-03-26T08:35:00+00:00
4183,4183.T,4183.jp,2020-02-21,1019.80,1030.64,1019.80,1021.41,1878944,https://stooq.com/q/d/l/?s=4183.jp&i=d,2026-03-26T08:35:00+00:00
4183,4183.T,4183.jp,2020-02-25,962.84,988.91,954.81,982.90,2895441,https://stooq.com/q/d/l/?s=4183.jp&i=d,2026-03-26T08:35:00+00:00
4183,4183.T,4183.jp,2020-02-26,975.26,989.72,969.66,986.12,2447767,https://stooq.com/q/d/l/?s=4183.jp&i=d,2026-03-26T08:35:00+00:00
4183,4183.T,4183.jp,2020-02-27,985.30,987.71,966.85,972.47,2527780,https://stooq.com/q/d/l/?s=4183.jp&i=d,2026-03-26T08:35:00+00:00
4183,4183.T,4183.jp,2020-02-28,942.77,953.62,930.34,938.37,4231993,https://stooq.com/q/d/l/?s=4183.jp&i=d,2026-03-26T08:35:00+00:00
4183,4183.T,4183.jp,2020-03-02,913.09,940.37,895.43,929.93,5579013,https://stooq.com/q/d/l/?s=4183.jp&i=d,2026-03-26T08:35:00+00:00
4183,4183.T,4183.jp,2020-03-03,949.20,954.81,925.53,925.93,2732175,https://stooq.com/q/d/l/?s=4183.jp&i=d,2026-03-26T08:35:00+00:00
4183,4183.T,4183.jp,2020-03-04,909.08,923.12,905.87,917.11,3163653,https://stooq.com/q/d/l/?s=4183.jp&i=d,2026-03-26T08:35:00+00:00
4183,4183.T,4183.jp,2020-03-05,931.95,933.55,916.30,920.32,2680824,https://stooq.com/q/d/l/?s=4183.jp&i=d,2026-03-26T08:35:00+00:00
4183,4183.T,4183.jp,2020-03-06,902.66,910.68,896.64,903.87,3960296,https://stooq.com/q/d/l/?s=4183.jp&i=d,2026-03-26T08:35:00+00:00
4183,4183.T,4183.jp,2020-03-09,876.18,891.83,858.93,885.01,6194692,https://stooq.com/q/d/l/?s=4183.jp&i=d,2026-03-26T08:35:00+00:00
4183,4183.T,4183.jp,2020-03-10,865.36,911.89,859.74,907.09,5724333,https://stooq.com/q/d/l/?s=4183.jp&i=d,2026-03-26T08:35:00+00:00
4183,4183.T,4183.jp,2020-03-11,908.27,925.53,898.25,899.85,4135528,https://stooq.com/q/d/l/?s=4183.jp&i=d,2026-03-26T08:35:00+00:00
4183,4183.T,4183.jp,2020-03-12,876.98,885.41,854.92,866.15,4045544,https://stooq.com/q/d/l/?s=4183.jp&i=d,2026-03-26T08:35:00+00:00
4183,4183.T,4183.jp,2020-03-13,799.15,847.29,779.09,814.80,5914024,https://stooq.com/q/d/l/?s=4183.jp&i=d,2026-03-26T08:35:00+00:00
4183,4183.T,4183.jp,2020-03-16,815.20,839.68,791.93,795.54,4513409,https://stooq.com/q/d/l/?s=4183.jp&i=d,2026-03-26T08:35:00+00:00
4183,4183.T,4183.jp,2020-03-17,778.29,820.01,757.03,811.20,5170468,https://stooq.com/q/d/l/?s=4183.jp&i=d,2026-03-26T08:35:00+00:00
4183,4183.T,4183.jp,2020-03-18,815.61,889.82,810.39,850.91,5194645,https://stooq.com/q/d/l/?s=4183.jp&i=d,2026-03-26T08:35:00+00:00
4183,4183.T,4183.jp,2020-03-19,870.97,907.48,842.49,848.89,5512208,https://stooq.com/q/d/l/?s=4183.jp&i=d,2026-03-26T08:35:00+00:00
4183,4183.T,4183.jp,2020-03-23,855.32,875.79,800.75,806.38,5424470,https://stooq.com/q/d/l/?s=4183.jp&i=d,2026-03-26T08:35:00+00:00
4183,4183.T,4183.jp,2020-03-24,813.20,818.81,780.70,813.60,5067274,https://stooq.com/q/d/l/?s=4183.jp&i=d,2026-03-26T08:35:00+00:00
4183,4183.T,4183.jp,2020-03-25,838.07,872.58,824.02,871.37,4544322,https://stooq.com/q/d/l/?s=4183.jp&i=d,2026-03-26T08:35:00+00:00
4183,4183.T,4183.jp,2020-03-26,859.33,861.33,825.23,831.65,3411167,https://stooq.com/q/d/l/?s=4183.jp&i=d,2026-03-26T08:35:00+00:00
4183,4183.T,4183.jp,2020-03-27,880.20,881.39,832.85,864.14,3795782,https://stooq.com/q/d/l/?s=4183.jp&i=d,2026-03-26T08:35:00+00:00
4183,4183.T,4183.jp,2020-03-30,848.54,865.79,814.46,864.55,2470563,https://stooq.com/q/d/l/?s=4183.jp&i=d,2026-03-26T08:35:00+00:00
4183,4183.T,4183.jp,2020-03-31,870.30,877.70,840.74,842.38,2698215,https://stooq.com/q/d/l/?s=4183.jp&i=d,2026-03-26T08:35:00+00:00
4183,4183.T,4183.jp,2020-04-01,824.31,844.02,801.72,810.75,3005969,https://stooq.com/q/d/l/?s=4183.jp&i=d,2026-03-26T08:35:00+00:00
4183,4183.T,4183.jp,2020-04-02,804.60,810.34,781.60,784.06,2868647,https://stooq.com/q/d/l/?s=4183.jp&i=d,2026-03-26T08:35:00+00:00
4183,4183.T,4183.jp,2020-04-03,780.36,794.73,753.66,757.77,3347811,https://stooq.com/q/d/l/?s=4183.jp&i=d,2026-03-26T08:35:00+00:00
4183,4183.T,4183.jp,2020-04-06,727.79,775.85,723.67,768.04,4457825,https://stooq.com/q/d/l/?s=4183.jp&i=d,2026-03-26T08:35:00+00:00
4183,4183.T,4183.jp,2020-04-07,784.47,806.65,752.02,778.30,4647252,https://stooq.com/q/d/l/?s=4183.jp&i=d,2026-03-26T08:35:00+00:00
4183,4183.T,4183.jp,2020-04-08,786.11,804.60,776.26,803.77,4539390,https://stooq.com/q/d/l/?s=4183.jp&i=d,2026-03-26T08:35:00+00:00
4183,4183.T,4183.jp,2020-04-09,799.25,808.29,790.63,802.95,2665833,https://stooq.com/q/d/l/?s=4183.jp&i=d,2026-03-26T08:35:00+00:00
4183,4183.T,4183.jp,2020-04-10,813.22,819.38,791.45,815.68,2351014,https://stooq.com/q/d/l/?s=4183.jp&i=d,2026-03-26T08:35:00+00:00
4183,4183.T,4183.jp,2020-04-13,802.95,809.52,775.85,779.12,2354912,https://stooq.com/q/d/l/?s=4183.jp&i=d,2026-03-26T08:35:00+00:00
4183,4183.T,4183.jp,2020-04-14,778.72,799.25,768.04,793.50,2062737,https://stooq.com/q/d/l/?s=4183.jp&i=d,2026-03-26T08:35:00+00:00
4183,4183.T,4183.jp,2020-04-15,787.75,806.23,782.83,793.50,2244373,https://stooq.com/q/d/l/?s=4183.jp&i=d,2026-03-26T08:35:00+00:00
4183,4183.T,4183.jp,2020-04-16,773.38,776.66,758.60,769.27,2999150,https://stooq.com/q/d/l/?s=4183.jp&i=d,2026-03-26T08:35:00+00:00
4183,4183.T,4183.jp,2020-04-17,760.24,801.72,756.95,787.75,3764646,https://stooq.com/q/d/l/?s=4183.jp&i=d,2026-03-26T08:35:00+00:00
4183,4183.T,4183.jp,2020-04-20,775.02,784.88,772.97,780.36,1204235,https://stooq.com/q/d/l/?s=4183.jp&i=d,2026-03-26T08:35:00+00:00
4183,4183.T,4183.jp,2020-04-21,769.27,789.40,765.99,785.29,2752753,https://stooq.com/q/d/l/?s=4183.jp&i=d,2026-03-26T08:35:00+00:00
4183,4183.T,4183.jp,2020-04-22,788.58,791.87,773.38,782.00,1839225,https://stooq.com/q/d/l/?s=4183.jp&i=d,2026-03-26T08:35:00+00:00
4183,4183.T,4183.jp,2020-04-23,789.81,810.75,788.16,809.11,2316928,https://stooq.com/q/d/l/?s=4183.jp&i=d,2026-03-26T08:35:00+00:00
4183,4183.T,4183.jp,2020-04-24,812.80,818.14,804.60,817.74,2065658,https://stooq.com/q/d/l/?s=4183.jp&i=d,2026-03-26T08:35:00+00:00
4183,4183.T,4183.jp,2020-04-27,827.59,850.59,819.79,846.89,2294285,https://stooq.com/q/d/l/?s=4183.jp&i=d,2026-03-26T08:35:00+00:00
4183,4183.T,4183.jp,2020-04-28,859.63,868.67,851.83,854.70,3268925,https://stooq.com/q/d/l/?s=4183.jp&i=d,2026-03-26T08:35:00+00:00
4183,4183.T,4183.jp,2020-04-30,874.00,892.08,867.02,873.18,2811674,https://stooq.com/q/d/l/?s=4183.jp&i=d,2026-03-26T08:35:00+00:00
4183,4183.T,4183.jp,2020-05-01,853.88,861.68,823.89,828.00,1884027,https://stooq.com/q/d/l/?s=4183.jp&i=d,2026-03-26T08:35:00+00:00
4183,4183.T,4183.jp,2020-05-07,812.40,813.22,800.07,805.42,2210775,https://stooq.com/q/d/l/?s=4183.jp&i=d,2026-03-26T08:35:00+00:00
4183,4183.T,4183.jp,2020-05-08,821.02,834.99,813.22,834.58,2242669,https://stooq.com/q/d/l/?s=4183.jp&i=d,2026-03-26T08:35:00+00:00
4183,4183.T,4183.jp,2020-05-11,865.38,883.04,855.93,876.05,3374594,https://stooq.com/q/d/l/?s=4183.jp&i=d,2026-03-26T08:35:00+00:00
4183,4183.T,4183.jp,2020-05-12,877.29,877.29,846.89,867.84,2504161,https://stooq.com/q/d/l/?s=4183.jp&i=d,2026-03-26T08:35:00+00:00
4183,4183.T,4183.jp,2020-05-13,851.41,868.25,844.85,856.76,1924687,https://stooq.com/q/d/l/?s=4183.jp&i=d,2026-03-26T08:35:00+00:00
4183,4183.T,4183.jp,2020-05-14,853.05,856.76,793.50,794.73,5280292,https://stooq.com/q/d/l/?s=4183.jp&i=d,2026-03-26T08:35:00+00:00
4183,4183.T,4183.jp,2020-05-15,780.36,816.09,752.02,775.02,5463144,https://stooq.com/q/d/l/?s=4183.jp&i=d,2026-03-26T08:35:00+00:00
4183,4183.T,4183.jp,2020-05-18,771.74,782.83,768.45,775.85,2379260,https://stooq.com/q/d/l/?s=4183.jp&i=d,2026-03-26T08:35:00+00:00
4183,4183.T,4183.jp,2020-05-19,796.78,832.11,796.38,819.79,4960118,https://stooq.com/q/d/l/?s=4183.jp&i=d,2026-03-26T08:35:00+00:00
4183,4183.T,4183.jp,2020-05-20,817.33,832.52,809.52,826.36,2446213,https://stooq.com/q/d/l/?s=4183.jp&i=d,2026-03-26T08:35:00+00:00
4183,4183.T,4183.jp,2020-05-21,837.45,839.91,816.51,823.49,2276997,https://stooq.com/q/d/l/?s=4183.jp&i=d,2026-03-26T08:35:00+00:00
4183,4183.T,4183.jp,2020-05-22,825.13,826.36,796.38,798.01,2049837,https://stooq.com/q/d/l/?s=4183.jp&i=d,2026-03-26T08:35:00+00:00
4183,4183.T,4183.jp,2020-05-25,821.43,837.45,816.09,834.99,2397522,https://stooq.com/q/d/l/?s=4183.jp&i=d,2026-03-26T08:35:00+00:00
4183,4183.T,4183.jp,2020-05-26,848.12,886.33,848.12,876.88,3201482,https://stooq.com/q/d/l/?s=4183.jp&i=d,2026-03-26T08:35:00+00:00
4183,4183.T,4183.jp,2020-05-27,885.09,910.56,882.23,903.58,3390663,https://stooq.com/q/d/l/?s=4183.jp&i=d,2026-03-26T08:35:00+00:00
4183,4183.T,4183.jp,2020-05-28,915.89,947.93,909.33,940.95,4877337,https://stooq.com/q/d/l/?s=4183.jp&i=d,2026-03-26T08:35:00+00:00
4183,4183.T,4183.jp,2020-05-29,932.33,932.74,914.67,920.00,5745578,https://stooq.com/q/d/l/?s=4183.jp&i=d,2026-03-26T08:35:00+00:00
4183,4183.T,4183.jp,2020-06-01,917.95,921.64,906.04,911.79,2065416,https://stooq.com/q/d/l/?s=4183.jp&i=d,2026-03-26T08:35:00+00:00
4183,4183.T,4183.jp,2020-06-02,904.39,918.36,902.34,913.85,1488134,https://stooq.com/q/d/l/?s=4183.jp&i=d,2026-03-26T08:35:00+00:00
4183,4183.T,4183.jp,2020-06-03,947.93,988.19,940.54,978.33,6229851,https://stooq.com/q/d/l/?s=4183.jp&i=d,2026-03-26T08:35:00+00:00
4183,4183.T,4183.jp,2020-06-04,993.93,1011.60,972.99,984.91,3929479,https://stooq.com/q/d/l/?s=4183.jp&i=d,2026-03-26T08:35:00+00:00
4183,4183.T,4183.jp,2020-06-05,992.70,999.68,981.20,999.68,2356375,https://stooq.com/q/d/l/?s=4183.jp&i=d,2026-03-26T08:35:00+00:00
4183,4183.T,4183.jp,2020-06-08,1019.80,1021.04,1000.92,1021.04,2415296,https://stooq.com/q/d/l/?s=4183.jp&i=d,2026-03-26T08:35:00+00:00
4183,4183.T,4183.jp,2020-06-09,1023.50,1032.96,1009.13,1012.82,3090697,https://stooq.com/q/d/l/?s=4183.jp&i=d,2026-03-26T08:35:00+00:00
4183,4183.T,4183.jp,2020-06-10,997.22,1027.20,994.35,1016.50,2819221,https://stooq.com/q/d/l/?s=4183.jp&i=d,2026-03-26T08:35:00+00:00
4183,4183.T,4183.jp,2020-06-11,995.99,1002.56,977.10,977.10,3709376,https://stooq.com/q/d/l/?s=4183.jp&i=d,2026-03-26T08:35:00+00:00
4183,4183.T,4183.jp,2020-06-12,951.63,965.60,943.00,958.62,3600296,https://stooq.com/q/d/l/?s=4183.jp&i=d,2026-03-26T08:35:00+00:00
4183,4183.T,4183.jp,2020-06-15,953.68,985.30,938.89,939.32,3499741,https://stooq.com/q/d/l/?s=4183.jp&i=d,2026-03-26T08:35:00+00:00
4183,4183.T,4183.jp,2020-06-16,969.29,1001.32,966.01,995.16,3260159,https://stooq.com/q/d/l/?s=4183.jp&i=d,2026-03-26T08:35:00+00:00
4183,4183.T,4183.jp,2020-06-17,986.53,986.95,964.77,970.12,1554114,https://stooq.com/q/d/l/?s=4183.jp&i=d,2026-03-26T08:35:00+00:00
4183,4183.T,4183.jp,2020-06-18,963.54,971.76,949.99,967.24,1301140,https://stooq.com/q/d/l/?s=4183.jp&i=d,2026-03-26T08:35:00+00:00
4183,4183.T,4183.jp,2020-06-19,969.70,970.12,946.29,948.35,3276958,https://stooq.com/q/d/l/?s=4183.jp&i=d,2026-03-26T08:35:00+00:00
4183,4183.T,4183.jp,2020-06-22,943.83,958.62,938.08,951.22,1548271,https://stooq.com/q/d/l/?s=4183.jp&i=d,2026-03-26T08:35:00+00:00
4183,4183.T,4183.jp,2020-06-23,966.01,971.35,947.12,956.14,1530742,https://stooq.com/q/d/l/?s=4183.jp&i=d,2026-03-26T08:35:00+00:00
4183,4183.T,4183.jp,2020-06-24,951.63,954.50,934.79,935.20,1458672,https://stooq.com/q/d/l/?s=4183.jp&i=d,2026-03-26T08:35:00+00:00
4183,4183.T,4183.jp,2020-06-25,927.39,933.14,917.95,925.34,2039123,https://stooq.com/q/d/l/?s=4183.jp&i=d,2026-03-26T08:35:00+00:00
4183,4183.T,4183.jp,2020-06-26,935.20,937.66,921.64,925.34,1871851,https://stooq.com/q/d/l/?s=4183.jp&i=d,2026-03-26T08:35:00+00:00
4183,4183.T,4183.jp,2020-06-29,912.20,917.54,896.60,902.34,1600859,https://stooq.com/q/d/l/?s=4183.jp&i=d,2026-03-26T08:35:00+00:00
4183,4183.T,4183.jp,2020-06-30,929.04,938.49,919.59,922.88,1853348,https://stooq.com/q/d/l/?s=4183.jp&i=d,2026-03-26T08:35:00+00:00
4183,4183.T,4183.jp,2020-07-01,921.24,921.24,906.04,911.79,1491300,https://stooq.com/q/d/l/?s=4183.jp&i=d,2026-03-26T08:35:00+00:00
4183,4183.T,4183.jp,2020-07-02,903.99,914.67,894.13,910.97,1730392,https://stooq.com/q/d/l/?s=4183.jp&i=d,2026-03-26T08:35:00+00:00
4183,4183.T,4183.jp,2020-07-03,926.17,929.87,899.88,910.97,1216409,https://stooq.com/q/d/l/?s=4183.jp&i=d,2026-03-26T08:35:00+00:00
4183,4183.T,4183.jp,2020-07-06,914.25,933.98,912.20,933.98,1293105,https://stooq.com/q/d/l/?s=4183.jp&i=d,2026-03-26T08:35:00+00:00
4183,4183.T,4183.jp,2020-07-07,920.83,923.70,899.88,916.31,2812405,https://stooq.com/q/d/l/?s=4183.jp&i=d,2026-03-26T08:35:00+00:00
4183,4183.T,4183.jp,2020-07-08,905.22,928.23,902.34,921.24,2493450,https://stooq.com/q/d/l/?s=4183.jp&i=d,2026-03-26T08:35:00+00:00
4183,4183.T,4183.jp,2020-07-09,900.70,920.83,897.83,911.38,1617418,https://stooq.com/q/d/l/?s=4183.jp&i=d,2026-03-26T08:35:00+00:00
4183,4183.T,4183.jp,2020-07-10,908.10,909.74,888.80,890.03,2222459,https://stooq.com/q/d/l/?s=4183.jp&i=d,2026-03-26T08:35:00+00:00
4183,4183.T,4183.jp,2020-07-13,908.92,926.58,906.45,921.64,1575298,https://stooq.com/q/d/l/?s=4183.jp&i=d,2026-03-26T08:35:00+00:00
4183,4183.T,4183.jp,2020-07-14,918.36,936.43,915.49,924.11,1236622,https://stooq.com/q/d/l/?s=4183.jp&i=d,2026-03-26T08:35:00+00:00
4183,4183.T,4183.jp,2020-07-15,943.41,957.38,939.73,944.24,1846287,https://stooq.com/q/d/l/?s=4183.jp&i=d,2026-03-26T08:35:00+00:00
4183,4183.T,4183.jp,2020-07-16,970.12,980.38,953.68,954.91,2518285,https://stooq.com/q/d/l/?s=4183.jp&i=d,2026-03-26T08:35:00+00:00
4183,4183.T,4183.jp,2020-07-17,941.37,949.16,920.00,926.17,2510009,https://stooq.com/q/d/l/?s=4183.jp&i=d,2026-03-26T08:35:00+00:00
4183,4183.T,4183.jp,2020-07-20,926.17,931.51,918.77,928.23,1192064,https://stooq.com/q/d/l/?s=4183.jp&i=d,2026-03-26T08:35:00+00:00
4183,4183.T,4183.jp,2020-07-21,922.48,925.76,900.70,902.34,2594735,https://stooq.com/q/d/l/?s=4183.jp&i=d,2026-03-26T08:35:00+00:00
4183,4183.T,4183.jp,2020-07-22,913.85,923.70,907.27,912.62,2723779,https://stooq.com/q/d/l/?s=4183.jp&i=d,2026-03-26T08:35:00+00:00
4183,4183.T,4183.jp,2020-07-27,894.13,903.58,884.68,903.58,2155016,https://stooq.com/q/d/l/?s=4183.jp&i=d,2026-03-26T08:35:00+00:00
4183,4183.T,4183.jp,2020-07-28,897.83,908.10,890.03,894.13,2196164,https://stooq.com/q/d/l/?s=4183.jp&i=d,2026-03-26T08:35:00+00:00
4183,4183.T,4183.jp,2020-07-29,887.55,890.03,869.49,873.18,2092443,https://stooq.com/q/d/l/?s=4183.jp&i=d,2026-03-26T08:35:00+00:00
4183,4183.T,4183.jp,2020-07-30,875.24,880.16,852.64,853.05,1929555,https://stooq.com/q/d/l/?s=4183.jp&i=d,2026-03-26T08:35:00+00:00
4183,4183.T,4183.jp,2020-07-31,844.85,847.72,823.08,823.89,2885448,https://stooq.com/q/d/l/?s=4183.jp&i=d,2026-03-26T08:35:00+00:00
4183,4183.T,4183.jp,2020-08-03,834.99,842.38,823.49,832.11,1719922,https://stooq.com/q/d/l/?s=4183.jp&i=d,2026-03-26T08:35:00+00:00
4183,4183.T,4183.jp,2020-08-04,834.16,872.37,834.16,871.53,2355400,https://stooq.com/q/d/l/?s=4183.jp&i=d,2026-03-26T08:35:00+00:00
4183,4183.T,4183.jp,2020-08-05,858.00,866.20,846.49,863.74,2267012,https://stooq.com/q/d/l/?s=4183.jp&i=d,2026-03-26T08:35:00+00:00
4183,4183.T,4183.jp,2020-08-06,863.74,866.61,851.01,858.80,1393418,https://stooq.com/q/d/l/?s=4183.jp&i=d,2026-03-26T08:35:00+00:00
4183,4183.T,4183.jp,2020-08-07,853.05,855.52,841.97,845.67,2122146,https://stooq.com/q/d/l/?s=4183.jp&i=d,2026-03-26T08:35:00+00:00
4183,4183.T,4183.jp,2020-08-11,863.74,891.66,861.68,889.20,2836507,https://stooq.com/q/d/l/?s=4183.jp&i=d,2026-03-26T08:35:00+00:00
4183,4183.T,4183.jp,2020-08-12,892.89,920.42,890.84,913.85,3563777,https://stooq.com/q/d/l/?s=4183.jp&i=d,2026-03-26T08:35:00+00:00
4183,4183.T,4183.jp,2020-08-13,944.64,1001.32,918.77,992.29,8994295,https://stooq.com/q/d/l/?s=4183.jp&i=d,2026-03-26T08:35:00+00:00
4183,4183.T,4183.jp,2020-08-14,999.68,1010.36,989.42,996.39,4417650,https://stooq.com/q/d/l/?s=4183.jp&i=d,2026-03-26T08:35:00+00:00
4183,4183.T,4183.jp,2020-08-17,989.01,1009.96,980.79,993.93,2388508,https://stooq.com/q/d/l/?s=4183.jp&i=d,2026-03-26T08:35:00+00:00
4183,4183.T,4183.jp,2020-08-18,987.76,1005.02,983.67,998.46,3006458,https://stooq.com/q/d/l/?s=4183.jp&i=d,2026-03-26T08:35:00+00:00
4183,4183.T,4183.jp,2020-08-19,989.01,1006.26,978.74,1002.14,2167921,https://stooq.com/q/d/l/?s=4183.jp&i=d,2026-03-26T08:35:00+00:00
4183,4183.T,4183.jp,2020-08-20,989.83,1000.10,979.57,982.01,2912718,https://stooq.com/q/d/l/?s=4183.jp&i=d,2026-03-26T08:35:00+00:00
4183,4183.T,4183.jp,2020-08-21,984.91,1000.10,977.50,998.46,2181798,https://stooq.com/q/d/l/?s=4183.jp&i=d,2026-03-26T08:35:00+00:00
4183,4183.T,4183.jp,2020-08-24,1009.13,1014.06,998.46,1009.96,2407256,https://stooq.com/q/d/l/?s=4183.jp&i=d,2026-03-26T08:35:00+00:00
4183,4183.T,4183.jp,2020-08-25,1028.84,1054.71,1028.84,1035.82,4320019,https://stooq.com/q/d/l/?s=4183.jp&i=d,2026-03-26T08:35:00+00:00
4183,4183.T,4183.jp,2020-08-26,1032.96,1042.80,1024.74,1035.82,2295991,https://stooq.com/q/d/l/?s=4183.jp&i=d,2026-03-26T08:35:00+00:00
4183,4183.T,4183.jp,2020-08-27,1051.02,1051.44,1013.64,1013.64,2347363,https://stooq.com/q/d/l/?s=4183.jp&i=d,2026-03-26T08:35:00+00:00
4183,4183.T,4183.jp,2020-08-28,1023.50,1047.32,1004.20,1018.16,3227777,https://stooq.com/q/d/l/?s=4183.jp&i=d,2026-03-26T08:35:00+00:00
4183,4183.T,4183.jp,2020-08-31,1036.64,1052.26,1023.92,1023.92,2649761,https://stooq.com/q/d/l/?s=4183.jp&i=d,2026-03-26T08:35:00+00:00
4183,4183.T,4183.jp,2020-09-01,1013.23,1019.80,1008.30,1016.94,2174249,https://stooq.com/q/d/l/?s=4183.jp&i=d,2026-03-26T08:35:00+00:00
4183,4183.T,4183.jp,2020-09-02,1037.46,1052.66,1031.30,1048.96,2377799,https://stooq.com/q/d/l/?s=4183.jp&i=d,2026-03-26T08:35:00+00:00
4183,4183.T,4183.jp,2020-09-03,1063.76,1069.10,1056.36,1058.42,1728201,https://stooq.com/q/d/l/?s=4183.jp&i=d,2026-03-26T08:35:00+00:00
4183,4183.T,4183.jp,2020-09-04,1050.60,1071.56,1044.04,1067.86,2343224,https://stooq.com/q/d/l/?s=4183.jp&i=d,2026-03-26T08:35:00+00:00
4183,4183.T,4183.jp,2020-09-07,1073.61,1090.46,1069.90,1082.64,2190564,https://stooq.com/q/d/l/?s=4183.jp&i=d,2026-03-26T08:35:00+00:00
4183,4183.T,4183.jp,2020-09-08,1102.78,1107.29,1091.27,1095.38,3258214,https://stooq.com/q/d/l/?s=4183.jp&i=d,2026-03-26T08:35:00+00:00
4183,4183.T,4183.jp,2020-09-09,1074.84,1081.82,1062.94,1079.78,2906143,https://stooq.com/q/d/l/?s=4183.jp&i=d,2026-03-26T08:35:00+00:00
4183,4183.T,4183.jp,2020-09-10,1099.48,1109.34,1089.21,1108.53,2510492,https://stooq.com/q/d/l/?s=4183.jp&i=d,2026-03-26T08:35:00+00:00
4183,4183.T,4183.jp,2020-09-11,1116.33,1118.38,1099.48,1109.34,2375118,https://stooq.com/q/d/l/?s=4183.jp&i=d,2026-03-26T08:35:00+00:00
4183,4183.T,4183.jp,2020-09-14,1118.79,1136.86,1112.62,1131.94,1547786,https://stooq.com/q/d/l/?s=4183.jp&i=d,2026-03-26T08:35:00+00:00
4183,4183.T,4183.jp,2020-09-15,1131.11,1136.86,1124.12,1131.52,2260684,https://stooq.com/q/d/l/?s=4183.jp&i=d,2026-03-26T08:35:00+00:00
4183,4183.T,4183.jp,2020-09-16,1119.20,1119.20,1097.84,1098.26,2112651,https://stooq.com/q/d/l/?s=4183.jp&i=d,2026-03-26T08:35:00+00:00
4183,4183.T,4183.jp,2020-09-17,1098.66,1100.30,1069.10,1075.25,2953134,https://stooq.com/q/d/l/?s=4183.jp&i=d,2026-03-26T08:35:00+00:00
4183,4183.T,4183.jp,2020-09-18,1086.75,1089.63,1069.50,1074.43,2769066,https://stooq.com/q/d/l/?s=4183.jp&i=d,2026-03-26T08:35:00+00:00
4183,4183.T,4183.jp,2020-09-23,1069.90,1082.64,1063.76,1080.58,2294529,https://stooq.com/q/d/l/?s=4183.jp&i=d,2026-03-26T08:35:00+00:00
4183,4183.T,4183.jp,2020-09-24,1063.76,1069.50,1052.66,1056.36,1745243,https://stooq.com/q/d/l/?s=4183.jp&i=d,2026-03-26T08:35:00+00:00
4183,4183.T,4183.jp,2020-09-25,1062.94,1068.28,1053.90,1060.05,1556064,https://stooq.com/q/d/l/?s=4183.jp&i=d,2026-03-26T08:35:00+00:00
4183,4183.T,4183.jp,2020-09-28,1068.68,1075.25,1055.95,1075.25,1906914,https://stooq.com/q/d/l/?s=4183.jp&i=d,2026-03-26T08:35:00+00:00
4183,4183.T,4183.jp,2020-09-29,1093.68,1105.40,1076.09,1097.86,2507204,https://stooq.com/q/d/l/?s=4183.jp&i=d,2026-03-26T08:35:00+00:00
4183,4183.T,4183.jp,2020-09-30,1093.68,1097.44,1061.84,1061.84,1920885,https://stooq.com/q/d/l/?s=4183.jp&i=d,2026-03-26T08:35:00+00:00
4183,4183.T,4183.jp,2020-10-02,1063.54,1072.32,1054.32,1061.84,1999701,https://stooq.com/q/d/l/?s=4183.jp&i=d,2026-03-26T08:35:00+00:00
4183,4183.T,4183.jp,2020-10-05,1081.10,1089.08,1065.20,1074.84,1148040,https://stooq.com/q/d/l/?s=4183.jp&i=d,2026-03-26T08:35:00+00:00
4183,4183.T,4183.jp,2020-10-06,1081.95,1087.39,1069.39,1081.10,1653398,https://stooq.com/q/d/l/?s=4183.jp&i=d,2026-03-26T08:35:00+00:00
4183,4183.T,4183.jp,2020-10-07,1069.81,1099.54,1066.88,1095.35,1473086,https://stooq.com/q/d/l/?s=4183.jp&i=d,2026-03-26T08:35:00+00:00
4183,4183.T,4183.jp,2020-10-08,1101.21,1119.21,1095.77,1104.98,1712867,https://stooq.com/q/d/l/?s=4183.jp&i=d,2026-03-26T08:35:00+00:00
4183,4183.T,4183.jp,2020-10-09,1110.42,1114.61,1094.52,1098.29,1453739,https://stooq.com/q/d/l/?s=4183.jp&i=d,2026-03-26T08:35:00+00:00
4183,4183.T,4183.jp,2020-10-12,1100.38,1111.26,1092.00,1106.23,1419348,https://stooq.com/q/d/l/?s=4183.jp&i=d,2026-03-26T08:35:00+00:00
4183,4183.T,4183.jp,2020-10-13,1107.08,1117.54,1102.46,1115.45,1310920,https://stooq.com/q/d/l/?s=4183.jp&i=d,2026-03-26T08:35:00+00:00
4183,4183.T,4183.jp,2020-10-14,1101.21,1104.14,1092.84,1101.21,1238319,https://stooq.com/q/d/l/?s=4183.jp&i=d,2026-03-26T08:35:00+00:00
4183,4183.T,4183.jp,2020-10-15,1108.76,1123.40,1102.46,1104.98,1271756,https://stooq.com/q/d/l/?s=4183.jp&i=d,2026-03-26T08:35:00+00:00
4183,4183.T,4183.jp,2020-10-16,1104.14,1104.98,1093.68,1098.29,934051,https://stooq.com/q/d/l/?s=4183.jp&i=d,2026-03-26T08:35:00+00:00
4183,4183.T,4183.jp,2020-10-19,1119.21,1129.27,1115.45,1125.08,1450633,https://stooq.com/q/d/l/?s=4183.jp&i=d,2026-03-26T08:35:00+00:00
4183,4183.T,4183.jp,2020-10-20,1118.38,1136.39,1112.52,1127.60,1586528,https://stooq.com/q/d/l/?s=4183.jp&i=d,2026-03-26T08:35:00+00:00
4183,4183.T,4183.jp,2020-10-21,1134.29,1174.92,1131.78,1167.79,2711164,https://stooq.com/q/d/l/?s=4183.jp&i=d,2026-03-26T08:35:00+00:00
4183,4183.T,4183.jp,2020-10-22,1166.12,1174.07,1157.32,1159.00,1830608,https://stooq.com/q/d/l/?s=4183.jp&i=d,2026-03-26T08:35:00+00:00
4183,4183.T,4183.jp,2020-10-23,1167.79,1171.14,1154.81,1163.18,1413377,https://stooq.com/q/d/l/?s=4183.jp&i=d,2026-03-26T08:35:00+00:00
4183,4183.T,4183.jp,2020-10-26,1165.27,1175.74,1161.51,1169.04,1174789,https://stooq.com/q/d/l/?s=4183.jp&i=d,2026-03-26T08:35:00+00:00
4183,4183.T,4183.jp,2020-10-27,1154.81,1163.18,1138.47,1153.13,1791920,https://stooq.com/q/d/l/?s=4183.jp&i=d,2026-03-26T08:35:00+00:00
4183,4183.T,4183.jp,2020-10-28,1140.15,1159.83,1133.88,1155.22,1403108,https://stooq.com/q/d/l/?s=4183.jp&i=d,2026-03-26T08:35:00+00:00
4183,4183.T,4183.jp,2020-10-29,1131.36,1146.02,1126.34,1138.06,1409556,https://stooq.com/q/d/l/?s=4183.jp&i=d,2026-03-26T08:35:00+00:00
4183,4183.T,4183.jp,2020-10-30,1144.34,1144.34,1112.10,1116.29,2089260,https://stooq.com/q/d/l/?s=4183.jp&i=d,2026-03-26T08:35:00+00:00
4183,4183.T,4183.jp,2020-11-02,1116.70,1139.73,1113.78,1126.76,1467352,https://stooq.com/q/d/l/?s=4183.jp&i=d,2026-03-26T08:35:00+00:00
4183,4183.T,4183.jp,2020-11-04,1147.68,1160.67,1125.92,1126.76,1538287,https://stooq.com/q/d/l/?s=4183.jp&i=d,2026-03-26T08:35:00+00:00
4183,4183.T,4183.jp,2020-11-05,1119.64,1129.68,1104.14,1125.08,1716927,https://stooq.com/q/d/l/?s=4183.jp&i=d,2026-03-26T08:35:00+00:00
4183,4183.T,4183.jp,2020-11-06,1150.62,1171.14,1115.86,1163.18,2718569,https://stooq.com/q/d/l/?s=4183.jp&i=d,2026-03-26T08:35:00+00:00
4183,4183.T,4183.jp,2020-11-09,1171.56,1180.36,1162.35,1164.44,1699730,https://stooq.com/q/d/l/?s=4183.jp&i=d,2026-03-26T08:35:00+00:00
4183,4183.T,4183.jp,2020-11-10,1203.38,1220.97,1195.01,1207.98,2629249,https://stooq.com/q/d/l/?s=4183.jp&i=d,2026-03-26T08:35:00+00:00
4183,4183.T,4183.jp,2020-11-11,1223.48,1236.46,1199.20,1205.47,2419079,https://stooq.com/q/d/l/?s=4183.jp&i=d,2026-03-26T08:35:00+00:00
4183,4183.T,4183.jp,2020-11-12,1212.18,1245.66,1203.38,1217.62,3585990,https://stooq.com/q/d/l/?s=4183.jp&i=d,2026-03-26T08:35:00+00:00
4183,4183.T,4183.jp,2020-11-13,1205.05,1211.75,1188.30,1205.89,1747020,https://stooq.com/q/d/l/?s=4183.jp&i=d,2026-03-26T08:35:00+00:00
4183,4183.T,4183.jp,2020-11-16,1228.51,1234.78,1213.01,1227.66,1735796,https://stooq.com/q/d/l/?s=4183.jp&i=d,2026-03-26T08:35:00+00:00
4183,4183.T,4183.jp,2020-11-17,1239.80,1262.42,1238.97,1254.88,3428843,https://stooq.com/q/d/l/?s=4183.jp&i=d,2026-03-26T08:35:00+00:00
4183,4183.T,4183.jp,2020-11-18,1246.92,1277.07,1241.48,1262.42,2320921,https://stooq.com/q/d/l/?s=4183.jp&i=d,2026-03-26T08:35:00+00:00
4183,4183.T,4183.jp,2020-11-19,1234.36,1264.51,1229.76,1251.11,2974115,https://stooq.com/q/d/l/?s=4183.jp&i=d,2026-03-26T08:35:00+00:00
4183,4183.T,4183.jp,2020-11-20,1220.97,1239.80,1220.97,1232.69,2028595,https://stooq.com/q/d/l/?s=4183.jp&i=d,2026-03-26T08:35:00+00:00
4183,4183.T,4183.jp,2020-11-24,1264.51,1266.60,1249.44,1260.32,2222048,https://stooq.com/q/d/l/?s=4183.jp&i=d,2026-03-26T08:35:00+00:00
4183,4183.T,4183.jp,2020-11-25,1272.88,1285.44,1256.14,1260.32,2159236,https://stooq.com/q/d/l/?s=4183.jp&i=d,2026-03-26T08:35:00+00:00
4183,4183.T,4183.jp,2020-11-26,1253.62,1270.80,1244.00,1254.47,1461623,https://stooq.com/q/d/l/?s=4183.jp&i=d,2026-03-26T08:35:00+00:00
4183,4183.T,4183.jp,2020-11-27,1252.38,1270.80,1248.60,1268.70,1957663,https://stooq.com/q/d/l/?s=4183.jp&i=d,2026-03-26T08:35:00+00:00
4183,4183.T,4183.jp,2020-11-30,1268.70,1268.70,1228.08,1228.08,3088513,https://stooq.com/q/d/l/?s=4183.jp&i=d,2026-03-26T08:35:00+00:00
4183,4183.T,4183.jp,2020-12-01,1241.90,1260.32,1235.20,1256.14,1612082,https://stooq.com/q/d/l/?s=4183.jp&i=d,2026-03-26T08:35:00+00:00
4183,4183.T,4183.jp,2020-12-02,1268.70,1268.70,1249.86,1258.22,1962684,https://stooq.com/q/d/l/?s=4183.jp&i=d,2026-03-26T08:35:00+00:00
4183,4183.T,4183.jp,2020-12-03,1256.14,1268.70,1254.04,1266.60,1021703,https://stooq.com/q/d/l/?s=4183.jp&i=d,2026-03-26T08:35:00+00:00
4183,4183.T,4183.jp,2020-12-04,1237.29,1248.60,1209.23,1225.99,3642590,https://stooq.com/q/d/l/?s=4183.jp&i=d,2026-03-26T08:35:00+00:00
4183,4183.T,4183.jp,2020-12-07,1241.48,1245.66,1215.94,1227.66,1910139,https://stooq.com/q/d/l/?s=4183.jp&i=d,2026-03-26T08:35:00+00:00
4183,4183.T,4183.jp,2020-12-08,1215.53,1227.25,1190.40,1190.82,2532523,https://stooq.com/q/d/l/?s=4183.jp&i=d,2026-03-26T08:35:00+00:00
4183,4183.T,4183.jp,2020-12-09,1203.38,1226.40,1199.60,1224.32,1902497,https://stooq.com/q/d/l/?s=4183.jp&i=d,2026-03-26T08:35:00+00:00
4183,4183.T,4183.jp,2020-12-10,1221.80,1232.27,1209.66,1211.75,2384929,https://stooq.com/q/d/l/?s=4183.jp&i=d,2026-03-26T08:35:00+00:00
4183,4183.T,4183.jp,2020-12-11,1210.08,1218.45,1197.10,1210.08,2597244,https://stooq.com/q/d/l/?s=4183.jp&i=d,2026-03-26T08:35:00+00:00
4183,4183.T,4183.jp,2020-12-14,1199.60,1220.14,1199.60,1203.79,1925186,https://stooq.com/q/d/l/?s=4183.jp&i=d,2026-03-26T08:35:00+00:00
4183,4183.T,4183.jp,2020-12-15,1207.56,1211.75,1189.14,1195.01,1405972,https://stooq.com/q/d/l/?s=4183.jp&i=d,2026-03-26T08:35:00+00:00
4183,4183.T,4183.jp,2020-12-16,1213.01,1225.57,1208.82,1222.23,1904405,https://stooq.com/q/d/l/?s=4183.jp&i=d,2026-03-26T08:35:00+00:00
4183,4183.T,4183.jp,2020-12-17,1230.18,1235.62,1211.34,1222.64,1706418,https://stooq.com/q/d/l/?s=4183.jp&i=d,2026-03-26T08:35:00+00:00
4183,4183.T,4183.jp,2020-12-18,1230.18,1241.90,1220.54,1241.90,2181686,https://stooq.com/q/d/l/?s=4183.jp&i=d,2026-03-26T08:35:00+00:00
4183,4183.T,4183.jp,2020-12-21,1253.62,1270.80,1241.06,1258.22,1862848,https://stooq.com/q/d/l/?s=4183.jp&i=d,2026-03-26T08:35:00+00:00
4183,4183.T,4183.jp,2020-12-22,1243.58,1244.00,1215.11,1219.29,2108365,https://stooq.com/q/d/l/?s=4183.jp&i=d,2026-03-26T08:35:00+00:00
4183,4183.T,4183.jp,2020-12-23,1220.97,1225.57,1201.29,1208.41,1281545,https://stooq.com/q/d/l/?s=4183.jp&i=d,2026-03-26T08:35:00+00:00
4183,4183.T,4183.jp,2020-12-24,1223.89,1239.80,1222.64,1229.34,1494341,https://stooq.com/q/d/l/?s=4183.jp&i=d,2026-03-26T08:35:00+00:00
4183,4183.T,4183.jp,2020-12-25,1247.77,1252.79,1242.74,1247.77,812487,https://stooq.com/q/d/l/?s=4183.jp&i=d,2026-03-26T08:35:00+00:00
4183,4183.T,4183.jp,2020-12-28,1260.32,1270.80,1251.53,1264.51,1620682,https://stooq.com/q/d/l/?s=4183.jp&i=d,2026-03-26T08:35:00+00:00
4183,4183.T,4183.jp,2020-12-29,1277.07,1304.29,1277.07,1293.82,1331699,https://stooq.com/q/d/l/?s=4183.jp&i=d,2026-03-26T08:35:00+00:00
4183,4183.T,4183.jp,2020-12-30,1293.82,1293.82,1266.60,1266.60,1141115,https://stooq.com/q/d/l/?s=4183.jp&i=d,2026-03-26T08:35:00+00:00
4183,4183.T,4183.jp,2021-01-04,1272.88,1272.88,1231.02,1241.48,1129650,https://stooq.com/q/d/l/?s=4183.jp&i=d,2026-03-26T08:35:00+00:00
4183,4183.T,4183.jp,2021-01-05,1235.20,1240.22,1202.96,1215.11,1944770,https://stooq.com/q/d/l/?s=4183.jp&i=d,2026-03-26T08:35:00+00:00
4183,4183.T,4183.jp,2021-01-06,1212.59,1220.97,1202.96,1211.75,1445141,https://stooq.com/q/d/l/?s=4183.jp&i=d,2026-03-26T08:35:00+00:00
4183,4183.T,4183.jp,2021-01-07,1231.02,1268.70,1227.66,1251.11,2210824,https://stooq.com/q/d/l/?s=4183.jp&i=d,2026-03-26T08:35:00+00:00
4183,4183.T,4183.jp,2021-01-08,1264.51,1270.80,1252.38,1260.32,1567184,https://stooq.com/q/d/l/?s=4183.jp&i=d,2026-03-26T08:35:00+00:00
4183,4183.T,4183.jp,2021-01-12,1251.11,1254.47,1231.85,1245.26,2709734,https://stooq.com/q/d/l/?s=4183.jp&i=d,2026-03-26T08:35:00+00:00
4183,4183.T,4183.jp,2021-01-13,1255.30,1293.82,1252.79,1293.82,2106694,https://stooq.com/q/d/l/?s=4183.jp&i=d,2026-03-26T08:35:00+00:00
4183,4183.T,4183.jp,2021-01-14,1277.07,1283.35,1247.34,1255.30,2236378,https://stooq.com/q/d/l/?s=4183.jp&i=d,2026-03-26T08:35:00+00:00
4183,4183.T,4183.jp,2021-01-15,1250.70,1250.70,1225.15,1225.15,2050091,https://stooq.com/q/d/l/?s=4183.jp&i=d,2026-03-26T08:35:00+00:00
4183,4183.T,4183.jp,2021-01-18,1216.36,1226.40,1211.75,1224.74,1470695,https://stooq.com/q/d/l/?s=4183.jp&i=d,2026-03-26T08:35:00+00:00
4183,4183.T,4183.jp,2021-01-19,1223.06,1229.34,1208.41,1210.08,1564317,https://stooq.com/q/d/l/?s=4183.jp&i=d,2026-03-26T08:35:00+00:00
4183,4183.T,4183.jp,2021-01-20,1212.18,1236.46,1208.82,1232.27,1774723,https://stooq.com/q/d/l/?s=4183.jp&i=d,2026-03-26T08:35:00+00:00
4183,4183.T,4183.jp,2021-01-21,1238.97,1247.34,1230.18,1238.55,1087140,https://stooq.com/q/d/l/?s=4183.jp&i=d,2026-03-26T08:35:00+00:00
4183,4183.T,4183.jp,2021-01-22,1239.80,1260.32,1234.78,1250.28,1630233,https://stooq.com/q/d/l/?s=4183.jp&i=d,2026-03-26T08:35:00+00:00
4183,4183.T,4183.jp,2021-01-25,1270.80,1281.26,1258.22,1281.26,1538760,https://stooq.com/q/d/l/?s=4183.jp&i=d,2026-03-26T08:35:00+00:00
4183,4183.T,4183.jp,2021-01-26,1283.35,1291.72,1274.98,1274.98,1342684,https://stooq.com/q/d/l/?s=4183.jp&i=d,2026-03-26T08:35:00+00:00
4183,4183.T,4183.jp,2021-01-27,1277.07,1304.29,1277.07,1304.29,1629037,https://stooq.com/q/d/l/?s=4183.jp&i=d,2026-03-26T08:35:00+00:00
4183,4183.T,4183.jp,2021-01-28,1264.51,1281.26,1258.22,1266.60,3992712,https://stooq.com/q/d/l/?s=4183.jp&i=d,2026-03-26T08:35:00+00:00
4183,4183.T,4183.jp,2021-01-29,1277.07,1283.35,1254.88,1254.88,1602531,https://stooq.com/q/d/l/?s=4183.jp&i=d,2026-03-26T08:35:00+00:00
4183,4183.T,4183.jp,2021-02-01,1254.88,1327.32,1254.04,1325.22,2356267,https://stooq.com/q/d/l/?s=4183.jp&i=d,2026-03-26T08:35:00+00:00
4183,4183.T,4183.jp,2021-02-02,1321.04,1369.19,1314.76,1348.25,2396870,https://stooq.com/q/d/l/?s=4183.jp&i=d,2026-03-26T08:35:00+00:00
4183,4183.T,4183.jp,2021-02-03,1360.82,1402.70,1350.34,1381.76,2362237,https://stooq.com/q/d/l/?s=4183.jp&i=d,2026-03-26T08:35:00+00:00
4183,4183.T,4183.jp,2021-02-04,1381.76,1404.78,1371.28,1383.85,1734361,https://stooq.com/q/d/l/?s=4183.jp&i=d,2026-03-26T08:35:00+00:00
4183,4183.T,4183.jp,2021-02-05,1398.50,1411.06,1375.46,1383.85,1426512,https://stooq.com/q/d/l/?s=4183.jp&i=d,2026-03-26T08:35:00+00:00
4183,4183.T,4183.jp,2021-02-08,1398.50,1419.44,1388.04,1404.78,1620202,https://stooq.com/q/d/l/?s=4183.jp&i=d,2026-03-26T08:35:00+00:00
4183,4183.T,4183.jp,2021-02-09,1421.53,1438.28,1367.10,1411.06,3745528,https://stooq.com/q/d/l/?s=4183.jp&i=d,2026-03-26T08:35:00+00:00
4183,4183.T,4183.jp,2021-02-10,1434.08,1461.32,1415.26,1417.34,2729795,https://stooq.com/q/d/l/?s=4183.jp&i=d,2026-03-26T08:35:00+00:00
4183,4183.T,4183.jp,2021-02-12,1419.44,1432.00,1396.41,1406.88,1826070,https://stooq.com/q/d/l/?s=4183.jp&i=d,2026-03-26T08:35:00+00:00
4183,4183.T,4183.jp,2021-02-15,1419.44,1419.44,1385.94,1398.50,1417198,https://stooq.com/q/d/l/?s=4183.jp&i=d,2026-03-26T08:35:00+00:00
4183,4183.T,4183.jp,2021-02-16,1396.41,1398.50,1369.19,1383.85,1220166,https://stooq.com/q/d/l/?s=4183.jp&i=d,2026-03-26T08:35:00+00:00
4183,4183.T,4183.jp,2021-02-17,1381.76,1408.96,1371.28,1383.85,1441561,https://stooq.com/q/d/l/?s=4183.jp&i=d,2026-03-26T08:35:00+00:00
4183,4183.T,4183.jp,2021-02-18,1388.04,1400.60,1375.46,1383.85,1117472,https://stooq.com/q/d/l/?s=4183.jp&i=d,2026-03-26T08:35:00+00:00
4183,4183.T,4183.jp,2021-02-19,1362.91,1379.66,1360.82,1373.38,833505,https://stooq.com/q/d/l/?s=4183.jp&i=d,2026-03-26T08:35:00+00:00
4183,4183.T,4183.jp,2021-02-22,1373.38,1385.94,1352.44,1356.64,1511296,https://stooq.com/q/d/l/?s=4183.jp&i=d,2026-03-26T08:35:00+00:00
4183,4183.T,4183.jp,2021-02-24,1356.64,1434.08,1352.44,1400.60,3583838,https://stooq.com/q/d/l/?s=4183.jp&i=d,2026-03-26T08:35:00+00:00
4183,4183.T,4183.jp,2021-02-25,1429.90,1450.84,1413.16,1440.37,2267186,https://stooq.com/q/d/l/?s=4183.jp&i=d,2026-03-26T08:35:00+00:00
4183,4183.T,4183.jp,2021-02-26,1423.63,1423.63,1369.19,1373.38,3033106,https://stooq.com/q/d/l/?s=4183.jp&i=d,2026-03-26T08:35:00+00:00
4183,4183.T,4183.jp,2021-03-01,1400.60,1425.72,1396.41,1421.53,1312831,https://stooq.com/q/d/l/?s=4183.jp&i=d,2026-03-26T08:35:00+00:00
4183,4183.T,4183.jp,2021-03-02,1425.72,1438.28,1413.16,1421.53,1640263,https://stooq.com/q/d/l/?s=4183.jp&i=d,2026-03-26T08:35:00+00:00
4183,4183.T,4183.jp,2021-03-03,1442.47,1471.78,1432.00,1461.32,2065617,https://stooq.com/q/d/l/?s=4183.jp&i=d,2026-03-26T08:35:00+00:00
4183,4183.T,4183.jp,2021-03-04,1484.34,1490.62,1440.37,1452.93,1800518,https://stooq.com/q/d/l/?s=4183.jp&i=d,2026-03-26T08:35:00+00:00
4183,4183.T,4183.jp,2021-03-05,1465.50,1478.06,1438.28,1465.50,1654354,https://stooq.com/q/d/l/?s=4183.jp&i=d,2026-03-26T08:35:00+00:00
4183,4183.T,4183.jp,2021-03-08,1494.82,1503.18,1475.96,1484.34,1994206,https://stooq.com/q/d/l/?s=4183.jp&i=d,2026-03-26T08:35:00+00:00
4183,4183.T,4183.jp,2021-03-09,1511.56,1517.84,1494.82,1515.74,2284619,https://stooq.com/q/d/l/?s=4183.jp&i=d,2026-03-26T08:35:00+00:00
4183,4183.T,4183.jp,2021-03-10,1513.65,1542.96,1503.18,1540.86,2344567,https://stooq.com/q/d/l/?s=4183.jp&i=d,2026-03-26T08:35:00+00:00
4183,4183.T,4183.jp,2021-03-11,1553.44,1570.18,1536.68,1536.68,1811264,https://stooq.com/q/d/l/?s=4183.jp&i=d,2026-03-26T08:35:00+00:00
4183,4183.T,4183.jp,2021-03-12,1536.68,1559.71,1522.02,1555.52,1984890,https://stooq.com/q/d/l/?s=4183.jp&i=d,2026-03-26T08:35:00+00:00
4183,4183.T,4183.jp,2021-03-15,1555.52,1570.18,1542.96,1555.52,1563123,https://stooq.com/q/d/l/?s=4183.jp&i=d,2026-03-26T08:35:00+00:00
4183,4183.T,4183.jp,2021-03-16,1542.96,1547.14,1513.65,1517.84,1903453,https://stooq.com/q/d/l/?s=4183.jp&i=d,2026-03-26T08:35:00+00:00
4183,4183.T,4183.jp,2021-03-17,1501.08,1517.84,1461.32,1505.28,1924230,https://stooq.com/q/d/l/?s=4183.jp&i=d,2026-03-26T08:35:00+00:00
4183,4183.T,4183.jp,2021-03-18,1528.30,1553.44,1519.92,1553.44,1772095,https://stooq.com/q/d/l/?s=4183.jp&i=d,2026-03-26T08:35:00+00:00
4183,4183.T,4183.jp,2021-03-19,1540.86,1555.52,1528.30,1549.24,2219418,https://stooq.com/q/d/l/?s=4183.jp&i=d,2026-03-26T08:35:00+00:00
4183,4183.T,4183.jp,2021-03-22,1534.58,1542.96,1519.92,1536.68,1296354,https://stooq.com/q/d/l/?s=4183.jp&i=d,2026-03-26T08:35:00+00:00
4183,4183.T,4183.jp,2021-03-23,1545.05,1547.14,1517.84,1517.84,1188880,https://stooq.com/q/d/l/?s=4183.jp&i=d,2026-03-26T08:35:00+00:00
4183,4183.T,4183.jp,2021-03-24,1494.82,1503.18,1471.78,1488.53,1202732,https://stooq.com/q/d/l/?s=4183.jp&i=d,2026-03-26T08:35:00+00:00
4183,4183.T,4183.jp,2021-03-25,1498.99,1542.96,1488.53,1532.50,1464248,https://stooq.com/q/d/l/?s=4183.jp&i=d,2026-03-26T08:35:00+00:00
4183,4183.T,4183.jp,2021-03-26,1570.18,1589.01,1540.86,1542.96,2512938,https://stooq.com/q/d/l/?s=4183.jp&i=d,2026-03-26T08:35:00+00:00
4183,4183.T,4183.jp,2021-03-29,1572.27,1578.56,1517.84,1534.58,2066332,https://stooq.com/q/d/l/?s=4183.jp&i=d,2026-03-26T08:35:00+00:00
4183,4183.T,4183.jp,2021-03-30,1517.61,1517.61,1490.01,1513.36,2884305,https://stooq.com/q/d/l/?s=4183.jp&i=d,2026-03-26T08:35:00+00:00
4183,4183.T,4183.jp,2021-03-31,1494.26,1498.50,1475.15,1483.64,2212228,https://stooq.com/q/d/l/?s=4183.jp&i=d,2026-03-26T08:35:00+00:00
4183,4183.T,4183.jp,2021-04-01,1490.01,1504.86,1470.91,1485.76,1261471,https://stooq.com/q/d/l/?s=4183.jp&i=d,2026-03-26T08:35:00+00:00
4183,4183.T,4183.jp,2021-04-02,1498.50,1507.00,1470.91,1496.38,1093980,https://stooq.com/q/d/l/?s=4183.jp&i=d,2026-03-26T08:35:00+00:00
4183,4183.T,4183.jp,2021-04-05,1507.00,1538.82,1496.38,1526.10,1434377,https://stooq.com/q/d/l/?s=4183.jp&i=d,2026-03-26T08:35:00+00:00
4183,4183.T,4183.jp,2021-04-06,1532.46,1532.46,1485.76,1498.50,1315418,https://stooq.com/q/d/l/?s=4183.jp&i=d,2026-03-26T08:35:00+00:00
4183,4183.T,4183.jp,2021-04-07,1504.86,1526.10,1498.50,1523.96,1310704,https://stooq.com/q/d/l/?s=4183.jp&i=d,2026-03-26T08:35:00+00:00
4183,4183.T,4183.jp,2021-04-08,1526.10,1526.10,1498.50,1511.24,953818,https://stooq.com/q/d/l/?s=4183.jp&i=d,2026-03-26T08:35:00+00:00
4183,4183.T,4183.jp,2021-04-09,1515.48,1536.70,1509.11,1509.11,1151461,https://stooq.com/q/d/l/?s=4183.jp&i=d,2026-03-26T08:35:00+00:00
4183,4183.T,4183.jp,2021-04-12,1513.36,1523.96,1490.01,1494.26,748873,https://stooq.com/q/d/l/?s=4183.jp&i=d,2026-03-26T08:35:00+00:00
4183,4183.T,4183.jp,2021-04-13,1500.62,1523.96,1496.38,1509.11,972664,https://stooq.com/q/d/l/?s=4183.jp&i=d,2026-03-26T08:35:00+00:00
4183,4183.T,4183.jp,2021-04-14,1502.74,1511.24,1477.28,1483.64,1225665,https://stooq.com/q/d/l/?s=4183.jp&i=d,2026-03-26T08:35:00+00:00
4183,4183.T,4183.jp,2021-04-15,1494.26,1515.48,1494.26,1513.36,1161588,https://stooq.com/q/d/l/?s=4183.jp&i=d,2026-03-26T08:35:00+00:00
4183,4183.T,4183.jp,2021-04-16,1513.36,1515.48,1492.13,1515.48,930733,https://stooq.com/q/d/l/?s=4183.jp&i=d,2026-03-26T08:35:00+00:00
4183,4183.T,4183.jp,2021-04-19,1515.48,1540.94,1511.24,1536.70,1052050,https://stooq.com/q/d/l/?s=4183.jp&i=d,2026-03-26T08:35:00+00:00
4183,4183.T,4183.jp,2021-04-20,1523.96,1523.96,1504.86,1523.96,1487854,https://stooq.com/q/d/l/?s=4183.jp&i=d,2026-03-26T08:35:00+00:00
4183,4183.T,4183.jp,2021-04-21,1483.64,1494.26,1456.06,1466.66,1462177,https://stooq.com/q/d/l/?s=4183.jp&i=d,2026-03-26T08:35:00+00:00
4183,4183.T,4183.jp,2021-04-22,1498.50,1500.62,1485.76,1498.50,1055111,https://stooq.com/q/d/l/?s=4183.jp&i=d,2026-03-26T08:35:00+00:00
4183,4183.T,4183.jp,2021-04-23,1487.89,1498.50,1462.42,1475.15,1069009,https://stooq.com/q/d/l/?s=4183.jp&i=d,2026-03-26T08:35:00+00:00
4183,4183.T,4183.jp,2021-04-26,1490.01,1492.13,1460.30,1468.78,1130964,https://stooq.com/q/d/l/?s=4183.jp&i=d,2026-03-26T08:35:00+00:00
4183,4183.T,4183.jp,2021-04-27,1460.30,1462.42,1439.07,1458.18,1632020,https://stooq.com/q/d/l/?s=4183.jp&i=d,2026-03-26T08:35:00+00:00
4183,4183.T,4183.jp,2021-04-28,1464.54,1483.64,1458.18,1473.02,1355935,https://stooq.com/q/d/l/?s=4183.jp&i=d,2026-03-26T08:35:00+00:00
4183,4183.T,4183.jp,2021-04-30,1479.39,1485.76,1456.06,1460.30,1329315,https://stooq.com/q/d/l/?s=4183.jp&i=d,2026-03-26T08:35:00+00:00
4183,4183.T,4183.jp,2021-05-06,1502.74,1545.20,1500.62,1515.48,2145559,https://stooq.com/q/d/l/?s=4183.jp&i=d,2026-03-26T08:35:00+00:00
4183,4183.T,4183.jp,2021-05-07,1519.72,1528.22,1515.48,1519.72,1152873,https://stooq.com/q/d/l/?s=4183.jp&i=d,2026-03-26T08:35:00+00:00
4183,4183.T,4183.jp,2021-05-10,1534.58,1564.30,1534.58,1553.69,1522008,https://stooq.com/q/d/l/?s=4183.jp&i=d,2026-03-26T08:35:00+00:00
4183,4183.T,4183.jp,2021-05-11,1547.32,1553.69,1513.36,1521.86,1046870,https://stooq.com/q/d/l/?s=4183.jp&i=d,2026-03-26T08:35:00+00:00
4183,4183.T,4183.jp,2021-05-12,1521.86,1523.96,1447.56,1470.91,1875363,https://stooq.com/q/d/l/?s=4183.jp&i=d,2026-03-26T08:35:00+00:00
4183,4183.T,4183.jp,2021-05-13,1443.31,1589.77,1441.20,1549.44,4679340,https://stooq.com/q/d/l/?s=4183.jp&i=d,2026-03-26T08:35:00+00:00
4183,4183.T,4183.jp,2021-05-14,1587.65,1587.65,1521.86,1526.10,2677476,https://stooq.com/q/d/l/?s=4183.jp&i=d,2026-03-26T08:35:00+00:00
4183,4183.T,4183.jp,2021-05-17,1536.70,1551.56,1519.72,1536.70,1266181,https://stooq.com/q/d/l/?s=4183.jp&i=d,2026-03-26T08:35:00+00:00
4183,4183.T,4183.jp,2021-05-18,1530.34,1560.05,1523.96,1536.70,1726250,https://stooq.com/q/d/l/?s=4183.jp&i=d,2026-03-26T08:35:00+00:00
4183,4183.T,4183.jp,2021-05-19,1507.00,1511.24,1445.44,1447.56,3096553,https://stooq.com/q/d/l/?s=4183.jp&i=d,2026-03-26T08:35:00+00:00
4183,4183.T,4183.jp,2021-05-20,1443.31,1475.15,1439.07,1441.20,2447326,https://stooq.com/q/d/l/?s=4183.jp&i=d,2026-03-26T08:35:00+00:00
4183,4183.T,4183.jp,2021-05-21,1443.31,1473.02,1443.31,1456.06,1490441,https://stooq.com/q/d/l/?s=4183.jp&i=d,2026-03-26T08:35:00+00:00
4183,4183.T,4183.jp,2021-05-24,1460.30,1513.36,1453.92,1502.74,2269000,https://stooq.com/q/d/l/?s=4183.jp&i=d,2026-03-26T08:35:00+00:00
4183,4183.T,4183.jp,2021-05-25,1502.74,1551.56,1494.26,1545.20,2001864,https://stooq.com/q/d/l/?s=4183.jp&i=d,2026-03-26T08:35:00+00:00
4183,4183.T,4183.jp,2021-05-26,1532.46,1570.66,1530.34,1560.05,1883374,https://stooq.com/q/d/l/?s=4183.jp&i=d,2026-03-26T08:35:00+00:00
4183,4183.T,4183.jp,2021-05-27,1547.32,1587.65,1515.48,1517.61,4827513,https://stooq.com/q/d/l/?s=4183.jp&i=d,2026-03-26T08:35:00+00:00
4183,4183.T,4183.jp,2021-05-28,1564.30,1591.89,1557.94,1587.65,2026128,https://stooq.com/q/d/l/?s=4183.jp&i=d,2026-03-26T08:35:00+00:00
4183,4183.T,4183.jp,2021-05-31,1585.52,1594.01,1547.32,1557.94,1729548,https://stooq.com/q/d/l/?s=4183.jp&i=d,2026-03-26T08:35:00+00:00
4183,4183.T,4183.jp,2021-06-01,1585.52,1594.01,1536.70,1549.44,1400929,https://stooq.com/q/d/l/?s=4183.jp&i=d,2026-03-26T08:35:00+00:00
4183,4183.T,4183.jp,2021-06-02,1570.66,1583.40,1560.05,1568.54,1381377,https://stooq.com/q/d/l/?s=4183.jp&i=d,2026-03-26T08:35:00+00:00
4183,4183.T,4183.jp,2021-06-03,1583.40,1649.20,1566.42,1649.20,3243077,https://stooq.com/q/d/l/?s=4183.jp&i=d,2026-03-26T08:35:00+00:00
4183,4183.T,4183.jp,2021-06-04,1653.44,1729.86,1634.34,1721.36,4217864,https://stooq.com/q/d/l/?s=4183.jp&i=d,2026-03-26T08:35:00+00:00
4183,4183.T,4183.jp,2021-06-07,1727.73,1729.86,1664.06,1672.54,2408928,https://stooq.com/q/d/l/?s=4183.jp&i=d,2026-03-26T08:35:00+00:00
4183,4183.T,4183.jp,2021-06-08,1666.18,1685.28,1630.09,1636.46,2323417,https://stooq.com/q/d/l/?s=4183.jp&i=d,2026-03-26T08:35:00+00:00
4183,4183.T,4183.jp,2021-06-09,1634.34,1649.20,1608.87,1608.87,1351457,https://stooq.com/q/d/l/?s=4183.jp&i=d,2026-03-26T08:35:00+00:00
4183,4183.T,4183.jp,2021-06-10,1608.87,1627.98,1604.62,1617.36,1189153,https://stooq.com/q/d/l/?s=4183.jp&i=d,2026-03-26T08:35:00+00:00
4183,4183.T,4183.jp,2021-06-11,1604.62,1606.75,1568.54,1589.77,2325064,https://stooq.com/q/d/l/?s=4183.jp&i=d,2026-03-26T08:35:00+00:00
4183,4183.T,4183.jp,2021-06-14,1606.75,1640.71,1598.26,1608.87,1548865,https://stooq.com/q/d/l/?s=4183.jp&i=d,2026-03-26T08:35:00+00:00
4183,4183.T,4183.jp,2021-06-15,1608.87,1638.59,1598.26,1600.38,1367241,https://stooq.com/q/d/l/?s=4183.jp&i=d,2026-03-26T08:35:00+00:00
4183,4183.T,4183.jp,2021-06-16,1613.12,1649.20,1606.75,1636.46,1655105,https://stooq.com/q/d/l/?s=4183.jp&i=d,2026-03-26T08:35:00+00:00
4183,4183.T,4183.jp,2021-06-17,1649.20,1655.56,1623.73,1632.22,1724835,https://stooq.com/q/d/l/?s=4183.jp&i=d,2026-03-26T08:35:00+00:00
4183,4183.T,4183.jp,2021-06-18,1608.87,1623.73,1598.26,1598.26,1933316,https://stooq.com/q/d/l/?s=4183.jp&i=d,2026-03-26T08:35:00+00:00
4183,4183.T,4183.jp,2021-06-21,1553.69,1568.54,1536.70,1547.32,1697507,https://stooq.com/q/d/l/?s=4183.jp&i=d,2026-03-26T08:35:00+00:00
4183,4183.T,4183.jp,2021-06-22,1596.13,1604.62,1577.04,1600.38,1427075,https://stooq.com/q/d/l/?s=4183.jp&i=d,2026-03-26T08:35:00+00:00
4183,4183.T,4183.jp,2021-06-23,1604.62,1611.00,1577.04,1594.01,1360882,https://stooq.com/q/d/l/?s=4183.jp&i=d,2026-03-26T08:35:00+00:00
4183,4183.T,4183.jp,2021-06-24,1600.38,1602.50,1572.79,1574.91,852288,https://stooq.com/q/d/l/?s=4183.jp&i=d,2026-03-26T08:35:00+00:00
4183,4183.T,4183.jp,2021-06-25,1596.13,1634.34,1591.89,1632.22,1702457,https://stooq.com/q/d/l/?s=4183.jp&i=d,2026-03-26T08:35:00+00:00
4183,4183.T,4183.jp,2021-06-28,1634.34,1644.96,1623.73,1636.46,970306,https://stooq.com/q/d/l/?s=4183.jp&i=d,2026-03-26T08:35:00+00:00
4183,4183.T,4183.jp,2021-06-29,1613.12,1625.85,1602.50,1619.49,1379491,https://stooq.com/q/d/l/?s=4183.jp&i=d,2026-03-26T08:35:00+00:00
4183,4183.T,4183.jp,2021-06-30,1632.22,1640.71,1625.85,1627.98,1420950,https://stooq.com/q/d/l/?s=4183.jp&i=d,2026-03-26T08:35:00+00:00
4183,4183.T,4183.jp,2021-07-01,1619.49,1625.85,1589.77,1602.50,1543212,https://stooq.com/q/d/l/?s=4183.jp&i=d,2026-03-26T08:35:00+00:00
4183,4183.T,4183.jp,2021-07-02,1632.22,1642.84,1617.36,1625.85,1775483,https://stooq.com/q/d/l/?s=4183.jp&i=d,2026-03-26T08:35:00+00:00
4183,4183.T,4183.jp,2021-07-05,1615.24,1621.60,1591.89,1594.01,1229197,https://stooq.com/q/d/l/?s=4183.jp&i=d,2026-03-26T08:35:00+00:00
4183,4183.T,4183.jp,2021-07-06,1606.75,1613.12,1587.65,1604.62,970541,https://stooq.com/q/d/l/?s=4183.jp&i=d,2026-03-26T08:35:00+00:00
4183,4183.T,4183.jp,2021-07-07,1564.30,1591.89,1562.18,1574.91,1672067,https://stooq.com/q/d/l/?s=4183.jp&i=d,2026-03-26T08:35:00+00:00
4183,4183.T,4183.jp,2021-07-08,1562.18,1564.30,1513.36,1513.36,3199968,https://stooq.com/q/d/l/?s=4183.jp&i=d,2026-03-26T08:35:00+00:00
4183,4183.T,4183.jp,2021-07-09,1475.15,1526.10,1473.02,1517.61,3402324,https://stooq.com/q/d/l/?s=4183.jp&i=d,2026-03-26T08:35:00+00:00
4183,4183.T,4183.jp,2021-07-12,1547.32,1568.54,1536.70,1562.18,2322944,https://stooq.com/q/d/l/?s=4183.jp&i=d,2026-03-26T08:35:00+00:00
4183,4183.T,4183.jp,2021-07-13,1572.79,1579.16,1557.94,1564.30,1545567,https://stooq.com/q/d/l/?s=4183.jp&i=d,2026-03-26T08:35:00+00:00
4183,4183.T,4183.jp,2021-07-14,1553.69,1577.04,1549.44,1566.42,1566768,https://stooq.com/q/d/l/?s=4183.jp&i=d,2026-03-26T08:35:00+00:00
4183,4183.T,4183.jp,2021-07-15,1549.44,1553.69,1530.34,1538.82,1447570,https://stooq.com/q/d/l/?s=4183.jp&i=d,2026-03-26T08:35:00+00:00
4183,4183.T,4183.jp,2021-07-16,1528.22,1551.56,1521.86,1534.58,1722478,https://stooq.com/q/d/l/?s=4183.jp&i=d,2026-03-26T08:35:00+00:00
4183,4183.T,4183.jp,2021-07-19,1507.00,1519.72,1500.62,1502.74,1468065,https://stooq.com/q/d/l/?s=4183.jp&i=d,2026-03-26T08:35:00+00:00
4183,4183.T,4183.jp,2021-07-20,1473.02,1490.01,1458.18,1470.91,2315170,https://stooq.com/q/d/l/?s=4183.jp&i=d,2026-03-26T08:35:00+00:00
4183,4183.T,4183.jp,2021-07-21,1509.11,1521.86,1498.50,1500.62,1225191,https://stooq.com/q/d/l/?s=4183.jp&i=d,2026-03-26T08:35:00+00:00
4183,4183.T,4183.jp,2021-07-26,1534.58,1534.58,1496.38,1496.38,1289739,https://stooq.com/q/d/l/?s=4183.jp&i=d,2026-03-26T08:35:00+00:00
4183,4183.T,4183.jp,2021-07-27,1509.11,1513.36,1492.13,1502.74,1034853,https://stooq.com/q/d/l/?s=4183.jp&i=d,2026-03-26T08:35:00+00:00
4183,4183.T,4183.jp,2021-07-28,1485.76,1502.74,1481.52,1494.26,986089,https://stooq.com/q/d/l/?s=4183.jp&i=d,2026-03-26T08:35:00+00:00
4183,4183.T,4183.jp,2021-07-29,1498.50,1507.00,1487.89,1498.50,663597,https://stooq.com/q/d/l/?s=4183.jp&i=d,2026-03-26T08:35:00+00:00
4183,4183.T,4183.jp,2021-07-30,1487.89,1496.38,1475.15,1475.15,1457701,https://stooq.com/q/d/l/?s=4183.jp&i=d,2026-03-26T08:35:00+00:00
4183,4183.T,4183.jp,2021-08-02,1485.76,1534.58,1483.64,1528.22,1126490,https://stooq.com/q/d/l/?s=4183.jp&i=d,2026-03-26T08:35:00+00:00
4183,4183.T,4183.jp,2021-08-03,1498.50,1523.96,1496.38,1517.61,1332613,https://stooq.com/q/d/l/?s=4183.jp&i=d,2026-03-26T08:35:00+00:00
4183,4183.T,4183.jp,2021-08-04,1526.10,1532.46,1477.28,1494.26,1881019,https://stooq.com/q/d/l/?s=4183.jp&i=d,2026-03-26T08:35:00+00:00
4183,4183.T,4183.jp,2021-08-05,1523.96,1587.65,1479.39,1513.36,4701015,https://stooq.com/q/d/l/?s=4183.jp&i=d,2026-03-26T08:35:00+00:00
4183,4183.T,4183.jp,2021-08-06,1536.70,1568.54,1517.61,1530.34,3249202,https://stooq.com/q/d/l/?s=4183.jp&i=d,2026-03-26T08:35:00+00:00
4183,4183.T,4183.jp,2021-08-10,1528.22,1564.30,1521.86,1530.34,1804221,https://stooq.com/q/d/l/?s=4183.jp&i=d,2026-03-26T08:35:00+00:00
4183,4183.T,4183.jp,2021-08-11,1555.80,1587.65,1536.70,1585.52,2162052,https://stooq.com/q/d/l/?s=4183.jp&i=d,2026-03-26T08:35:00+00:00
4183,4183.T,4183.jp,2021-08-12,1613.12,1649.20,1606.75,1623.73,2813871,https://stooq.com/q/d/l/?s=4183.jp&i=d,2026-03-26T08:35:00+00:00
4183,4183.T,4183.jp,2021-08-13,1619.49,1666.18,1611.00,1651.32,2620469,https://stooq.com/q/d/l/?s=4183.jp&i=d,2026-03-26T08:35:00+00:00
4183,4183.T,4183.jp,2021-08-16,1627.98,1630.09,1591.89,1596.13,1511173,https://stooq.com/q/d/l/?s=4183.jp&i=d,2026-03-26T08:35:00+00:00
4183,4183.T,4183.jp,2021-08-17,1644.96,1649.20,1615.24,1617.36,1547687,https://stooq.com/q/d/l/?s=4183.jp&i=d,2026-03-26T08:35:00+00:00
4183,4183.T,4183.jp,2021-08-18,1604.62,1623.73,1596.13,1606.75,1336148,https://stooq.com/q/d/l/?s=4183.jp&i=d,2026-03-26T08:35:00+00:00
4183,4183.T,4183.jp,2021-08-19,1587.65,1596.13,1547.32,1549.44,1813881,https://stooq.com/q/d/l/?s=4183.jp&i=d,2026-03-26T08:35:00+00:00
4183,4183.T,4183.jp,2021-08-20,1538.82,1551.56,1481.52,1483.64,2756625,https://stooq.com/q/d/l/?s=4183.jp&i=d,2026-03-26T08:35:00+00:00
4183,4183.T,4183.jp,2021-08-23,1496.38,1507.00,1483.64,1492.13,1210823,https://stooq.com/q/d/l/?s=4183.jp&i=d,2026-03-26T08:35:00+00:00
4183,4183.T,4183.jp,2021-08-24,1496.38,1534.58,1496.38,1519.72,1252048,https://stooq.com/q/d/l/?s=4183.jp&i=d,2026-03-26T08:35:00+00:00
4183,4183.T,4183.jp,2021-08-25,1532.46,1555.80,1523.96,1538.82,1229197,https://stooq.com/q/d/l/?s=4183.jp&i=d,2026-03-26T08:35:00+00:00
4183,4183.T,4183.jp,2021-08-26,1545.20,1549.44,1513.36,1515.48,1026844,https://stooq.com/q/d/l/?s=4183.jp&i=d,2026-03-26T08:35:00+00:00
4183,4183.T,4183.jp,2021-08-27,1504.86,1515.48,1492.13,1509.11,986326,https://stooq.com/q/d/l/?s=4183.jp&i=d,2026-03-26T08:35:00+00:00
4183,4183.T,4183.jp,2021-08-30,1568.54,1585.52,1545.20,1577.04,2651093,https://stooq.com/q/d/l/?s=4183.jp&i=d,2026-03-26T08:35:00+00:00
4183,4183.T,4183.jp,2021-08-31,1577.04,1619.49,1570.66,1613.12,2339436,https://stooq.com/q/d/l/?s=4183.jp&i=d,2026-03-26T08:35:00+00:00
4183,4183.T,4183.jp,2021-09-01,1587.65,1608.87,1583.40,1608.87,1639557,https://stooq.com/q/d/l/?s=4183.jp&i=d,2026-03-26T08:35:00+00:00
4183,4183.T,4183.jp,2021-09-02,1591.89,1608.87,1577.04,1600.38,2152627,https://stooq.com/q/d/l/?s=4183.jp&i=d,2026-03-26T08:35:00+00:00
4183,4183.T,4183.jp,2021-09-03,1617.36,1647.08,1611.00,1627.98,2236962,https://stooq.com/q/d/l/?s=4183.jp&i=d,2026-03-26T08:35:00+00:00
4183,4183.T,4183.jp,2021-09-06,1649.20,1655.56,1617.36,1625.85,2333309,https://stooq.com/q/d/l/?s=4183.jp&i=d,2026-03-26T08:35:00+00:00
4183,4183.T,4183.jp,2021-09-07,1642.84,1653.44,1625.85,1649.20,2126244,https://stooq.com/q/d/l/?s=4183.jp&i=d,2026-03-26T08:35:00+00:00
4183,4183.T,4183.jp,2021-09-08,1647.08,1689.52,1638.59,1687.40,2722940,https://stooq.com/q/d/l/?s=4183.jp&i=d,2026-03-26T08:35:00+00:00
4183,4183.T,4183.jp,2021-09-09,1676.79,1698.02,1651.32,1651.32,2190790,https://stooq.com/q/d/l/?s=4183.jp&i=d,2026-03-26T08:35:00+00:00
4183,4183.T,4183.jp,2021-09-10,1647.08,1681.04,1647.08,1672.54,2487373,https://stooq.com/q/d/l/?s=4183.jp&i=d,2026-03-26T08:35:00+00:00
4183,4183.T,4183.jp,2021-09-13,1659.81,1691.64,1647.08,1691.64,2179955,https://stooq.com/q/d/l/?s=4183.jp&i=d,2026-03-26T08:35:00+00:00
4183,4183.T,4183.jp,2021-09-14,1708.64,1729.86,1698.02,1708.64,1954280,https://stooq.com/q/d/l/?s=4183.jp&i=d,2026-03-26T08:35:00+00:00
4183,4183.T,4183.jp,2021-09-15,1674.67,1691.64,1664.06,1691.64,2087376,https://stooq.com/q/d/l/?s=4183.jp&i=d,2026-03-26T08:35:00+00:00
4183,4183.T,4183.jp,2021-09-16,1698.02,1712.88,1693.78,1706.50,2174064,https://stooq.com/q/d/l/?s=4183.jp&i=d,2026-03-26T08:35:00+00:00
4183,4183.T,4183.jp,2021-09-17,1708.64,1721.36,1700.14,1704.38,2758748,https://stooq.com/q/d/l/?s=4183.jp&i=d,2026-03-26T08:35:00+00:00
4183,4183.T,4183.jp,2021-09-21,1661.94,1685.28,1661.94,1672.54,1903395,https://stooq.com/q/d/l/?s=4183.jp&i=d,2026-03-26T08:35:00+00:00
4183,4183.T,4183.jp,2021-09-22,1666.18,1670.42,1627.98,1634.34,1892326,https://stooq.com/q/d/l/?s=4183.jp&i=d,2026-03-26T08:35:00+00:00
4183,4183.T,4183.jp,2021-09-24,1685.28,1689.52,1659.81,1674.67,2031310,https://stooq.com/q/d/l/?s=4183.jp&i=d,2026-03-26T08:35:00+00:00
4183,4183.T,4183.jp,2021-09-27,1685.28,1693.78,1672.54,1691.64,1527899,https://stooq.com/q/d/l/?s=4183.jp&i=d,2026-03-26T08:35:00+00:00
4183,4183.T,4183.jp,2021-09-28,1693.78,1693.78,1657.68,1668.30,2578536,https://stooq.com/q/d/l/?s=4183.jp&i=d,2026-03-26T08:35:00+00:00
4183,4183.T,4183.jp,2021-09-29,1642.46,1674.76,1625.26,1646.78,2527353,https://stooq.com/q/d/l/?s=4183.jp&i=d,2026-03-26T08:35:00+00:00
4183,4183.T,4183.jp,2021-09-30,1642.46,1653.23,1612.33,1620.94,2882265,https://stooq.com/q/d/l/?s=4183.jp&i=d,2026-03-26T08:35:00+00:00
4183,4183.T,4183.jp,2021-10-01,1590.80,1601.57,1515.46,1524.08,4505383,https://stooq.com/q/d/l/?s=4183.jp&i=d,2026-03-26T08:35:00+00:00
4183,4183.T,4183.jp,2021-10-04,1545.60,1556.36,1491.78,1502.55,2958913,https://stooq.com/q/d/l/?s=4183.jp&i=d,2026-03-26T08:35:00+00:00
4183,4183.T,4183.jp,2021-10-05,1502.55,1515.46,1470.26,1504.70,3706600,https://stooq.com/q/d/l/?s=4183.jp&i=d,2026-03-26T08:35:00+00:00
4183,4183.T,4183.jp,2021-10-06,1517.62,1549.90,1487.48,1498.24,3197924,https://stooq.com/q/d/l/?s=4183.jp&i=d,2026-03-26T08:35:00+00:00
4183,4183.T,4183.jp,2021-10-07,1489.63,1536.98,1481.02,1517.62,2584494,https://stooq.com/q/d/l/?s=4183.jp&i=d,2026-03-26T08:35:00+00:00
4183,4183.T,4183.jp,2021-10-08,1543.44,1552.06,1515.46,1517.62,2685529,https://stooq.com/q/d/l/?s=4183.jp&i=d,2026-03-26T08:35:00+00:00
4183,4183.T,4183.jp,2021-10-11,1519.77,1554.21,1509.01,1554.21,2345483,https://stooq.com/q/d/l/?s=4183.jp&i=d,2026-03-26T08:35:00+00:00
4183,4183.T,4183.jp,2021-10-12,1554.21,1558.51,1536.98,1541.30,1913457,https://stooq.com/q/d/l/?s=4183.jp&i=d,2026-03-26T08:35:00+00:00
4183,4183.T,4183.jp,2021-10-13,1530.53,1543.44,1517.62,1530.53,1492347,https://stooq.com/q/d/l/?s=4183.jp&i=d,2026-03-26T08:35:00+00:00
4183,4183.T,4183.jp,2021-10-14,1519.77,1543.44,1519.77,1543.44,1741111,https://stooq.com/q/d/l/?s=4183.jp&i=d,2026-03-26T08:35:00+00:00
4183,4183.T,4183.jp,2021-10-15,1558.51,1569.28,1543.44,1569.28,2181036,https://stooq.com/q/d/l/?s=4183.jp&i=d,2026-03-26T08:35:00+00:00
4183,4183.T,4183.jp,2021-10-18,1580.04,1582.20,1536.98,1556.36,1966183,https://stooq.com/q/d/l/?s=4183.jp&i=d,2026-03-26T08:35:00+00:00
4183,4183.T,4183.jp,2021-10-19,1562.82,1562.82,1541.30,1549.90,1602909,https://stooq.com/q/d/l/?s=4183.jp&i=d,2026-03-26T08:35:00+00:00
4183,4183.T,4183.jp,2021-10-20,1558.51,1571.44,1532.68,1536.98,1946441,https://stooq.com/q/d/l/?s=4183.jp&i=d,2026-03-26T08:35:00+00:00
4183,4183.T,4183.jp,2021-10-21,1532.68,1547.76,1513.30,1515.46,1903702,https://stooq.com/q/d/l/?s=4183.jp&i=d,2026-03-26T08:35:00+00:00
4183,4183.T,4183.jp,2021-10-22,1489.63,1515.46,1489.63,1498.24,1957589,https://stooq.com/q/d/l/?s=4183.jp&i=d,2026-03-26T08:35:00+00:00
4183,4183.T,4183.jp,2021-10-25,1485.33,1504.70,1481.02,1498.24,1418950,https://stooq.com/q/d/l/?s=4183.jp&i=d,2026-03-26T08:35:00+00:00
4183,4183.T,4183.jp,2021-10-26,1496.10,1506.86,1487.48,1496.10,2101134,https://stooq.com/q/d/l/?s=4183.jp&i=d,2026-03-26T08:35:00+00:00
4183,4183.T,4183.jp,2021-10-27,1476.72,1485.33,1453.04,1461.64,3178644,https://stooq.com/q/d/l/?s=4183.jp&i=d,2026-03-26T08:35:00+00:00
4183,4183.T,4183.jp,2021-10-28,1468.10,1468.10,1420.75,1442.28,5557809,https://stooq.com/q/d/l/?s=4183.jp&i=d,2026-03-26T08:35:00+00:00
4183,4183.T,4183.jp,2021-10-29,1457.34,1457.34,1422.90,1455.19,2604235,https://stooq.com/q/d/l/?s=4183.jp&i=d,2026-03-26T08:35:00+00:00
4183,4183.T,4183.jp,2021-11-01,1470.26,1485.33,1455.19,1485.33,2331779,https://stooq.com/q/d/l/?s=4183.jp&i=d,2026-03-26T08:35:00+00:00
4183,4183.T,4183.jp,2021-11-02,1472.41,1472.41,1437.96,1459.50,2836509,https://stooq.com/q/d/l/?s=4183.jp&i=d,2026-03-26T08:35:00+00:00
4183,4183.T,4183.jp,2021-11-04,1489.63,1511.16,1468.10,1504.70,2863450,https://stooq.com/q/d/l/?s=4183.jp&i=d,2026-03-26T08:35:00+00:00
4183,4183.T,4183.jp,2021-11-05,1500.38,1500.38,1397.06,1425.05,6798141,https://stooq.com/q/d/l/?s=4183.jp&i=d,2026-03-26T08:35:00+00:00
4183,4183.T,4183.jp,2021-11-08,1437.96,1481.02,1422.90,1472.41,4182757,https://stooq.com/q/d/l/?s=4183.jp&i=d,2026-03-26T08:35:00+00:00
4183,4183.T,4183.jp,2021-11-09,1463.80,1465.96,1425.05,1429.36,2457904,https://stooq.com/q/d/l/?s=4183.jp&i=d,2026-03-26T08:35:00+00:00
4183,4183.T,4183.jp,2021-11-10,1433.66,1446.58,1429.36,1442.28,1629388,https://stooq.com/q/d/l/?s=4183.jp&i=d,2026-03-26T08:35:00+00:00
4183,4183.T,4183.jp,2021-11-11,1442.28,1442.28,1412.14,1412.14,2034704,https://stooq.com/q/d/l/?s=4183.jp&i=d,2026-03-26T08:35:00+00:00
4183,4183.T,4183.jp,2021-11-12,1409.98,1425.05,1394.92,1401.37,2301351,https://stooq.com/q/d/l/?s=4183.jp&i=d,2026-03-26T08:35:00+00:00
4183,4183.T,4183.jp,2021-11-15,1414.28,1416.44,1382.00,1394.92,1800804,https://stooq.com/q/d/l/?s=4183.jp&i=d,2026-03-26T08:35:00+00:00
4183,4183.T,4183.jp,2021-11-16,1425.05,1437.96,1401.37,1414.28,2217269,https://stooq.com/q/d/l/?s=4183.jp&i=d,2026-03-26T08:35:00+00:00
4183,4183.T,4183.jp,2021-11-17,1422.90,1437.96,1418.60,1418.60,2095327,https://stooq.com/q/d/l/?s=4183.jp&i=d,2026-03-26T08:35:00+00:00
4183,4183.T,4183.jp,2021-11-18,1414.28,1440.12,1397.06,1435.81,3098278,https://stooq.com/q/d/l/?s=4183.jp&i=d,2026-03-26T08:35:00+00:00
4183,4183.T,4183.jp,2021-11-19,1422.90,1455.19,1414.28,1450.88,2455812,https://stooq.com/q/d/l/?s=4183.jp&i=d,2026-03-26T08:35:00+00:00
4183,4183.T,4183.jp,2021-11-22,1433.66,1435.81,1412.14,1425.05,1867699,https://stooq.com/q/d/l/?s=4183.jp&i=d,2026-03-26T08:35:00+00:00
4183,4183.T,4183.jp,2021-11-24,1414.28,1425.05,1407.83,1418.60,2042136,https://stooq.com/q/d/l/?s=4183.jp&i=d,2026-03-26T08:35:00+00:00
4183,4183.T,4183.jp,2021-11-25,1418.60,1427.20,1399.22,1403.52,1775952,https://stooq.com/q/d/l/?s=4183.jp&i=d,2026-03-26T08:35:00+00:00
4183,4183.T,4183.jp,2021-11-26,1394.92,1397.06,1332.48,1351.86,3662699,https://stooq.com/q/d/l/?s=4183.jp&i=d,2026-03-26T08:35:00+00:00
4183,4183.T,4183.jp,2021-11-29,1321.72,1341.10,1310.96,1315.27,2816997,https://stooq.com/q/d/l/?s=4183.jp&i=d,2026-03-26T08:35:00+00:00
4183,4183.T,4183.jp,2021-11-30,1362.62,1366.94,1310.96,1310.96,4874000,https://stooq.com/q/d/l/?s=4183.jp&i=d,2026-03-26T08:35:00+00:00
4183,4183.T,4183.jp,2021-12-01,1306.66,1326.02,1291.16,1319.58,3192581,https://stooq.com/q/d/l/?s=4183.jp&i=d,2026-03-26T08:35:00+00:00
4183,4183.T,4183.jp,2021-12-02,1295.90,1313.11,1288.58,1308.82,3126149,https://stooq.com/q/d/l/?s=4183.jp&i=d,2026-03-26T08:35:00+00:00
4183,4183.T,4183.jp,2021-12-03,1323.88,1347.56,1300.20,1347.56,1859570,https://stooq.com/q/d/l/?s=4183.jp&i=d,2026-03-26T08:35:00+00:00
4183,4183.T,4183.jp,2021-12-06,1349.70,1371.23,1343.26,1349.70,2418882,https://stooq.com/q/d/l/?s=4183.jp&i=d,2026-03-26T08:35:00+00:00
4183,4183.T,4183.jp,2021-12-07,1371.23,1409.98,1369.08,1403.52,3448545,https://stooq.com/q/d/l/?s=4183.jp&i=d,2026-03-26T08:35:00+00:00
4183,4183.T,4183.jp,2021-12-08,1420.75,1422.90,1384.16,1390.61,2349431,https://stooq.com/q/d/l/?s=4183.jp&i=d,2026-03-26T08:35:00+00:00
4183,4183.T,4183.jp,2021-12-09,1379.85,1392.76,1360.47,1371.23,2017749,https://stooq.com/q/d/l/?s=4183.jp&i=d,2026-03-26T08:35:00+00:00
4183,4183.T,4183.jp,2021-12-10,1369.08,1379.85,1362.62,1369.08,1644252,https://stooq.com/q/d/l/?s=4183.jp&i=d,2026-03-26T08:35:00+00:00
4183,4183.T,4183.jp,2021-12-13,1390.61,1390.61,1356.17,1364.78,1829840,https://stooq.com/q/d/l/?s=4183.jp&i=d,2026-03-26T08:35:00+00:00
4183,4183.T,4183.jp,2021-12-14,1360.47,1364.78,1349.70,1360.47,1738788,https://stooq.com/q/d/l/?s=4183.jp&i=d,2026-03-26T08:35:00+00:00
4183,4183.T,4183.jp,2021-12-15,1351.86,1388.46,1351.86,1379.85,1827750,https://stooq.com/q/d/l/?s=4183.jp&i=d,2026-03-26T08:35:00+00:00
4183,4183.T,4183.jp,2021-12-16,1386.30,1390.61,1369.08,1371.23,2057930,https://stooq.com/q/d/l/?s=4183.jp&i=d,2026-03-26T08:35:00+00:00
4183,4183.T,4183.jp,2021-12-17,1379.85,1384.16,1358.32,1360.47,2399603,https://stooq.com/q/d/l/?s=4183.jp&i=d,2026-03-26T08:35:00+00:00
4183,4183.T,4183.jp,2021-12-20,1330.34,1338.95,1304.50,1310.96,2119252,https://stooq.com/q/d/l/?s=4183.jp&i=d,2026-03-26T08:35:00+00:00
4183,4183.T,4183.jp,2021-12-21,1341.10,1347.56,1328.18,1330.34,1254036,https://stooq.com/q/d/l/?s=4183.jp&i=d,2026-03-26T08:35:00+00:00
4183,4183.T,4183.jp,2021-12-22,1323.88,1332.48,1319.58,1326.02,981812,https://stooq.com/q/d/l/?s=4183.jp&i=d,2026-03-26T08:35:00+00:00
4183,4183.T,4183.jp,2021-12-23,1323.88,1345.41,1323.88,1345.41,991336,https://stooq.com/q/d/l/?s=4183.jp&i=d,2026-03-26T08:35:00+00:00
4183,4183.T,4183.jp,2021-12-24,1347.56,1354.02,1341.10,1351.86,923514,https://stooq.com/q/d/l/?s=4183.jp&i=d,2026-03-26T08:35:00+00:00
4183,4183.T,4183.jp,2021-12-27,1349.70,1349.70,1321.72,1323.88,905859,https://stooq.com/q/d/l/?s=4183.jp&i=d,2026-03-26T08:35:00+00:00
4183,4183.T,4183.jp,2021-12-28,1343.26,1343.26,1321.72,1338.95,1313032,https://stooq.com/q/d/l/?s=4183.jp&i=d,2026-03-26T08:35:00+00:00
4183,4183.T,4183.jp,2021-12-29,1336.80,1349.70,1336.80,1341.10,956495,https://stooq.com/q/d/l/?s=4183.jp&i=d,2026-03-26T08:35:00+00:00
4183,4183.T,4183.jp,2021-12-30,1317.42,1336.80,1315.27,1330.34,1030589,https://stooq.com/q/d/l/?s=4183.jp&i=d,2026-03-26T08:35:00+00:00
4183,4183.T,4183.jp,2022-01-04,1338.95,1345.41,1323.88,1334.64,1184123,https://stooq.com/q/d/l/?s=4183.jp&i=d,2026-03-26T08:35:00+00:00
4183,4183.T,4183.jp,2022-01-05,1366.94,1407.83,1358.32,1401.37,2597034,https://stooq.com/q/d/l/?s=4183.jp&i=d,2026-03-26T08:35:00+00:00
4183,4183.T,4183.jp,2022-01-06,1412.14,1416.44,1384.16,1388.46,1921122,https://stooq.com/q/d/l/?s=4183.jp&i=d,2026-03-26T08:35:00+00:00
4183,4183.T,4183.jp,2022-01-07,1405.68,1425.05,1392.76,1414.28,3003977,https://stooq.com/q/d/l/?s=4183.jp&i=d,2026-03-26T08:35:00+00:00
4183,4183.T,4183.jp,2022-01-11,1416.44,1429.36,1405.68,1416.44,1297238,https://stooq.com/q/d/l/?s=4183.jp&i=d,2026-03-26T08:35:00+00:00
4183,4183.T,4183.jp,2022-01-12,1412.14,1453.04,1412.14,1442.28,2134581,https://stooq.com/q/d/l/?s=4183.jp&i=d,2026-03-26T08:35:00+00:00
4183,4183.T,4183.jp,2022-01-13,1472.41,1498.24,1455.19,1489.63,2957057,https://stooq.com/q/d/l/?s=4183.jp&i=d,2026-03-26T08:35:00+00:00
4183,4183.T,4183.jp,2022-01-14,1459.50,1461.64,1409.98,1433.66,3511491,https://stooq.com/q/d/l/?s=4183.jp&i=d,2026-03-26T08:35:00+00:00
4183,4183.T,4183.jp,2022-01-17,1440.12,1448.73,1418.60,1422.90,1108169,https://stooq.com/q/d/l/?s=4183.jp&i=d,2026-03-26T08:35:00+00:00
4183,4183.T,4183.jp,2022-01-18,1425.05,1442.28,1390.61,1394.92,2895040,https://stooq.com/q/d/l/?s=4183.jp&i=d,2026-03-26T08:35:00+00:00
4183,4183.T,4183.jp,2022-01-19,1379.85,1403.52,1362.62,1371.23,2444432,https://stooq.com/q/d/l/?s=4183.jp&i=d,2026-03-26T08:35:00+00:00
4183,4183.T,4183.jp,2022-01-20,1341.10,1390.61,1341.10,1373.39,1983139,https://stooq.com/q/d/l/?s=4183.jp&i=d,2026-03-26T08:35:00+00:00
4183,4183.T,4183.jp,2022-01-21,1345.41,1364.78,1328.18,1360.47,2130400,https://stooq.com/q/d/l/?s=4183.jp&i=d,2026-03-26T08:35:00+00:00
4183,4183.T,4183.jp,2022-01-24,1360.47,1397.06,1356.17,1390.61,1513716,https://stooq.com/q/d/l/?s=4183.jp&i=d,2026-03-26T08:35:00+00:00
4183,4183.T,4183.jp,2022-01-25,1384.16,1386.30,1332.48,1351.86,1769682,https://stooq.com/q/d/l/?s=4183.jp&i=d,2026-03-26T08:35:00+00:00
4183,4183.T,4183.jp,2022-01-26,1336.80,1345.41,1321.72,1326.02,1695121,https://stooq.com/q/d/l/?s=4183.jp&i=d,2026-03-26T08:35:00+00:00
4183,4183.T,4183.jp,2022-01-27,1336.80,1338.95,1274.36,1278.67,2939404,https://stooq.com/q/d/l/?s=4183.jp&i=d,2026-03-26T08:35:00+00:00
4183,4183.T,4183.jp,2022-01-28,1257.14,1304.50,1249.82,1300.20,2860896,https://stooq.com/q/d/l/?s=4183.jp&i=d,2026-03-26T08:35:00+00:00
4183,4183.T,4183.jp,2022-01-31,1274.36,1310.96,1272.21,1308.82,2268370,https://stooq.com/q/d/l/?s=4183.jp&i=d,2026-03-26T08:35:00+00:00
4183,4183.T,4183.jp,2022-02-01,1293.73,1302.36,1277.81,1278.24,2472071,https://stooq.com/q/d/l/?s=4183.jp&i=d,2026-03-26T08:35:00+00:00
4183,4183.T,4183.jp,2022-02-02,1289.44,1326.02,1286.42,1319.58,1872579,https://stooq.com/q/d/l/?s=4183.jp&i=d,2026-03-26T08:35:00+00:00
4183,4183.T,4183.jp,2022-02-03,1336.80,1390.61,1302.36,1321.72,4708622,https://stooq.com/q/d/l/?s=4183.jp&i=d,2026-03-26T08:35:00+00:00
4183,4183.T,4183.jp,2022-02-04,1291.59,1323.88,1285.12,1315.27,3419279,https://stooq.com/q/d/l/?s=4183.jp&i=d,2026-03-26T08:35:00+00:00
4183,4183.T,4183.jp,2022-02-07,1313.11,1332.48,1295.90,1308.82,2082087,https://stooq.com/q/d/l/?s=4183.jp&i=d,2026-03-26T08:35:00+00:00
4183,4183.T,4183.jp,2022-02-08,1290.30,1313.11,1289.01,1293.73,2531533,https://stooq.com/q/d/l/?s=4183.jp&i=d,2026-03-26T08:35:00+00:00
4183,4183.T,4183.jp,2022-02-09,1298.04,1302.36,1289.44,1293.73,3359584,https://stooq.com/q/d/l/?s=4183.jp&i=d,2026-03-26T08:35:00+00:00
4183,4183.T,4183.jp,2022-02-10,1304.50,1317.42,1300.20,1315.27,1918800,https://stooq.com/q/d/l/?s=4183.jp&i=d,2026-03-26T08:35:00+00:00
4183,4183.T,4183.jp,2022-02-14,1326.02,1332.48,1291.59,1293.73,2263722,https://stooq.com/q/d/l/?s=4183.jp&i=d,2026-03-26T08:35:00+00:00
4183,4183.T,4183.jp,2022-02-15,1289.44,1295.90,1265.32,1270.92,3353777,https://stooq.com/q/d/l/?s=4183.jp&i=d,2026-03-26T08:35:00+00:00
4183,4183.T,4183.jp,2022-02-16,1291.59,1321.72,1289.44,1319.58,2384274,https://stooq.com/q/d/l/?s=4183.jp&i=d,2026-03-26T08:35:00+00:00
4183,4183.T,4183.jp,2022-02-17,1310.96,1321.72,1302.36,1304.50,2261403,https://stooq.com/q/d/l/?s=4183.jp&i=d,2026-03-26T08:35:00+00:00
4183,4183.T,4183.jp,2022-02-18,1289.44,1313.11,1288.14,1306.66,1576430,https://stooq.com/q/d/l/?s=4183.jp&i=d,2026-03-26T08:35:00+00:00
4183,4183.T,4183.jp,2022-02-21,1285.99,1291.16,1276.96,1282.12,1266811,https://stooq.com/q/d/l/?s=4183.jp&i=d,2026-03-26T08:35:00+00:00
4183,4183.T,4183.jp,2022-02-22,1260.59,1265.32,1227.01,1232.18,3151003,https://stooq.com/q/d/l/?s=4183.jp&i=d,2026-03-26T08:35:00+00:00
4183,4183.T,4183.jp,2022-02-24,1227.01,1245.52,1221.41,1237.34,2795861,https://stooq.com/q/d/l/?s=4183.jp&i=d,2026-03-26T08:35:00+00:00
4183,4183.T,4183.jp,2022-02-25,1233.04,1248.96,1231.74,1245.52,2167797,https://stooq.com/q/d/l/?s=4183.jp&i=d,2026-03-26T08:35:00+00:00
4183,4183.T,4183.jp,2022-02-28,1257.14,1270.49,1248.96,1264.89,2499249,https://stooq.com/q/d/l/?s=4183.jp&i=d,2026-03-26T08:35:00+00:00
4183,4183.T,4183.jp,2022-03-01,1281.25,1284.70,1264.46,1264.46,2146193,https://stooq.com/q/d/l/?s=4183.jp&i=d,2026-03-26T08:35:00+00:00
4183,4183.T,4183.jp,2022-03-02,1248.10,1256.29,1227.01,1227.01,2502268,https://stooq.com/q/d/l/?s=4183.jp&i=d,2026-03-26T08:35:00+00:00
4183,4183.T,4183.jp,2022-03-03,1246.81,1254.14,1224.00,1248.10,2221682,https://stooq.com/q/d/l/?s=4183.jp&i=d,2026-03-26T08:35:00+00:00
4183,4183.T,4183.jp,2022-03-04,1239.06,1245.08,1209.79,1219.69,2260936,https://stooq.com/q/d/l/?s=4183.jp&i=d,2026-03-26T08:35:00+00:00
4183,4183.T,4183.jp,2022-03-07,1186.54,1201.61,1154.68,1173.62,3529606,https://stooq.com/q/d/l/?s=4183.jp&i=d,2026-03-26T08:35:00+00:00
4183,4183.T,4183.jp,2022-03-08,1153.82,1171.04,1138.32,1139.62,3325906,https://stooq.com/q/d/l/?s=4183.jp&i=d,2026-03-26T08:35:00+00:00
4183,4183.T,4183.jp,2022-03-09,1146.49,1158.98,1141.34,1141.34,2373821,https://stooq.com/q/d/l/?s=4183.jp&i=d,2026-03-26T08:35:00+00:00
4183,4183.T,4183.jp,2022-03-10,1196.87,1215.38,1182.66,1214.52,2990737,https://stooq.com/q/d/l/?s=4183.jp&i=d,2026-03-26T08:35:00+00:00
4183,4183.T,4183.jp,2022-03-11,1194.72,1209.79,1194.29,1203.32,2345948,https://stooq.com/q/d/l/?s=4183.jp&i=d,2026-03-26T08:35:00+00:00
4183,4183.T,4183.jp,2022-03-14,1215.81,1239.06,1214.95,1233.90,1889300,https://stooq.com/q/d/l/?s=4183.jp&i=d,2026-03-26T08:35:00+00:00
4183,4183.T,4183.jp,2022-03-15,1235.62,1266.19,1235.62,1256.29,2049568,https://stooq.com/q/d/l/?s=4183.jp&i=d,2026-03-26T08:35:00+00:00
4183,4183.T,4183.jp,2022-03-16,1274.36,1287.28,1267.06,1278.67,2346877,https://stooq.com/q/d/l/?s=4183.jp&i=d,2026-03-26T08:35:00+00:00
4183,4183.T,4183.jp,2022-03-17,1293.73,1315.27,1291.59,1313.11,2691802,https://stooq.com/q/d/l/?s=4183.jp&i=d,2026-03-26T08:35:00+00:00
4183,4183.T,4183.jp,2022-03-18,1315.27,1330.34,1300.20,1304.50,4812913,https://stooq.com/q/d/l/?s=4183.jp&i=d,2026-03-26T08:35:00+00:00
4183,4183.T,4183.jp,2022-03-22,1326.02,1336.80,1308.82,1330.34,2693196,https://stooq.com/q/d/l/?s=4183.jp&i=d,2026-03-26T08:35:00+00:00
4183,4183.T,4183.jp,2022-03-23,1336.80,1351.86,1326.02,1345.41,2084876,https://stooq.com/q/d/l/?s=4183.jp&i=d,2026-03-26T08:35:00+00:00
4183,4183.T,4183.jp,2022-03-24,1330.34,1354.02,1328.18,1351.86,1477481,https://stooq.com/q/d/l/?s=4183.jp&i=d,2026-03-26T08:35:00+00:00
4183,4183.T,4183.jp,2022-03-25,1366.94,1382.00,1362.62,1375.54,2318309,https://stooq.com/q/d/l/?s=4183.jp&i=d,2026-03-26T08:35:00+00:00
4183,4183.T,4183.jp,2022-03-28,1382.00,1384.16,1341.10,1345.41,1879777,https://stooq.com/q/d/l/?s=4183.jp&i=d,2026-03-26T08:35:00+00:00
4183,4183.T,4183.jp,2022-03-29,1349.70,1364.78,1347.56,1360.47,2030521,https://stooq.com/q/d/l/?s=4183.jp&i=d,2026-03-26T08:35:00+00:00
4183,4183.T,4183.jp,2022-03-30,1360.47,1364.86,1329.80,1347.32,2310365,https://stooq.com/q/d/l/?s=4183.jp&i=d,2026-03-26T08:35:00+00:00
4183,4183.T,4183.jp,2022-03-31,1318.85,1367.04,1314.46,1353.90,2517827,https://stooq.com/q/d/l/?s=4183.jp&i=d,2026-03-26T08:35:00+00:00
4183,4183.T,4183.jp,2022-04-01,1336.38,1336.38,1321.04,1331.99,1758735,https://stooq.com/q/d/l/?s=4183.jp&i=d,2026-03-26T08:35:00+00:00
4183,4183.T,4183.jp,2022-04-04,1334.18,1334.18,1311.40,1318.85,1520692,https://stooq.com/q/d/l/?s=4183.jp&i=d,2026-03-26T08:35:00+00:00
4183,4183.T,4183.jp,2022-04-05,1358.28,1364.86,1329.80,1345.14,2114316,https://stooq.com/q/d/l/?s=4183.jp&i=d,2026-03-26T08:35:00+00:00
4183,4183.T,4183.jp,2022-04-06,1329.80,1329.80,1296.94,1297.38,2268372,https://stooq.com/q/d/l/?s=4183.jp&i=d,2026-03-26T08:35:00+00:00
4183,4183.T,4183.jp,2022-04-07,1262.77,1272.84,1256.19,1268.46,2159051,https://stooq.com/q/d/l/?s=4183.jp&i=d,2026-03-26T08:35:00+00:00
4183,4183.T,4183.jp,2022-04-08,1282.04,1286.42,1264.52,1285.10,1612211,https://stooq.com/q/d/l/?s=4183.jp&i=d,2026-03-26T08:35:00+00:00
4183,4183.T,4183.jp,2022-04-11,1289.93,1302.62,1283.35,1287.30,1371429,https://stooq.com/q/d/l/?s=4183.jp&i=d,2026-03-26T08:35:00+00:00
4183,4183.T,4183.jp,2022-04-12,1270.65,1278.54,1250.49,1250.49,1514074,https://stooq.com/q/d/l/?s=4183.jp&i=d,2026-03-26T08:35:00+00:00
4183,4183.T,4183.jp,2022-04-13,1270.21,1271.97,1257.94,1270.65,2202642,https://stooq.com/q/d/l/?s=4183.jp&i=d,2026-03-26T08:35:00+00:00
4183,4183.T,4183.jp,2022-04-14,1278.54,1294.75,1273.72,1292.56,1283561,https://stooq.com/q/d/l/?s=4183.jp&i=d,2026-03-26T08:35:00+00:00
4183,4183.T,4183.jp,2022-04-15,1285.99,1289.93,1272.84,1279.85,791270,https://stooq.com/q/d/l/?s=4183.jp&i=d,2026-03-26T08:35:00+00:00
4183,4183.T,4183.jp,2022-04-18,1257.94,1262.77,1243.04,1252.69,1189074,https://stooq.com/q/d/l/?s=4183.jp&i=d,2026-03-26T08:35:00+00:00
4183,4183.T,4183.jp,2022-04-19,1273.72,1277.66,1264.52,1273.72,1174695,https://stooq.com/q/d/l/?s=4183.jp&i=d,2026-03-26T08:35:00+00:00
4183,4183.T,4183.jp,2022-04-20,1288.18,1294.75,1275.47,1293.87,1274889,https://stooq.com/q/d/l/?s=4183.jp&i=d,2026-03-26T08:35:00+00:00
4183,4183.T,4183.jp,2022-04-21,1291.24,1307.45,1290.82,1306.14,1326696,https://stooq.com/q/d/l/?s=4183.jp&i=d,2026-03-26T08:35:00+00:00
4183,4183.T,4183.jp,2022-04-22,1279.42,1289.05,1277.66,1284.23,1364810,https://stooq.com/q/d/l/?s=4183.jp&i=d,2026-03-26T08:35:00+00:00
4183,4183.T,4183.jp,2022-04-25,1261.88,1270.21,1253.12,1261.88,1353857,https://stooq.com/q/d/l/?s=4183.jp&i=d,2026-03-26T08:35:00+00:00
4183,4183.T,4183.jp,2022-04-26,1264.52,1282.04,1261.02,1270.21,1422324,https://stooq.com/q/d/l/?s=4183.jp&i=d,2026-03-26T08:35:00+00:00
4183,4183.T,4183.jp,2022-04-27,1235.60,1245.24,1228.14,1237.79,3263681,https://stooq.com/q/d/l/?s=4183.jp&i=d,2026-03-26T08:35:00+00:00
4183,4183.T,4183.jp,2022-04-28,1250.94,1307.89,1248.74,1303.52,2565527,https://stooq.com/q/d/l/?s=4183.jp&i=d,2026-03-26T08:35:00+00:00
4183,4183.T,4183.jp,2022-05-02,1295.19,1321.04,1289.05,1313.60,1945882,https://stooq.com/q/d/l/?s=4183.jp&i=d,2026-03-26T08:35:00+00:00
4183,4183.T,4183.jp,2022-05-06,1313.15,1345.14,1301.76,1340.76,2204239,https://stooq.com/q/d/l/?s=4183.jp&i=d,2026-03-26T08:35:00+00:00
4183,4183.T,4183.jp,2022-05-09,1331.99,1340.76,1318.85,1321.04,1835421,https://stooq.com/q/d/l/?s=4183.jp&i=d,2026-03-26T08:35:00+00:00
4183,4183.T,4183.jp,2022-05-10,1310.08,1336.38,1293.44,1327.62,1897499,https://stooq.com/q/d/l/?s=4183.jp&i=d,2026-03-26T08:35:00+00:00
4183,4183.T,4183.jp,2022-05-11,1305.70,1318.85,1290.37,1314.46,1393340,https://stooq.com/q/d/l/?s=4183.jp&i=d,2026-03-26T08:35:00+00:00
4183,4183.T,4183.jp,2022-05-12,1312.28,1312.28,1290.37,1293.44,1657402,https://stooq.com/q/d/l/?s=4183.jp&i=d,2026-03-26T08:35:00+00:00
4183,4183.T,4183.jp,2022-05-13,1297.82,1393.34,1292.99,1391.14,4686692,https://stooq.com/q/d/l/?s=4183.jp&i=d,2026-03-26T08:35:00+00:00
4183,4183.T,4183.jp,2022-05-16,1380.19,1384.57,1318.85,1338.56,3433940,https://stooq.com/q/d/l/?s=4183.jp&i=d,2026-03-26T08:35:00+00:00
4183,4183.T,4183.jp,2022-05-17,1323.23,1378.00,1321.04,1364.86,3435082,https://stooq.com/q/d/l/?s=4183.jp&i=d,2026-03-26T08:35:00+00:00
4183,4183.T,4183.jp,2022-05-18,1380.19,1395.52,1371.42,1382.38,1871708,https://stooq.com/q/d/l/?s=4183.jp&i=d,2026-03-26T08:35:00+00:00
4183,4183.T,4183.jp,2022-05-19,1340.76,1371.42,1336.38,1358.28,1688212,https://stooq.com/q/d/l/?s=4183.jp&i=d,2026-03-26T08:35:00+00:00
4183,4183.T,4183.jp,2022-05-20,1358.28,1362.66,1347.32,1358.28,1137951,https://stooq.com/q/d/l/?s=4183.jp&i=d,2026-03-26T08:35:00+00:00
4183,4183.T,4183.jp,2022-05-23,1378.00,1378.00,1334.18,1340.76,1255945,https://stooq.com/q/d/l/?s=4183.jp&i=d,2026-03-26T08:35:00+00:00
4183,4183.T,4183.jp,2022-05-24,1351.71,1353.90,1316.65,1321.04,1399501,https://stooq.com/q/d/l/?s=4183.jp&i=d,2026-03-26T08:35:00+00:00
4183,4183.T,4183.jp,2022-05-25,1312.72,1338.56,1312.28,1325.42,1784298,https://stooq.com/q/d/l/?s=4183.jp&i=d,2026-03-26T08:35:00+00:00
4183,4183.T,4183.jp,2022-05-26,1345.14,1391.14,1342.94,1351.71,3944261,https://stooq.com/q/d/l/?s=4183.jp&i=d,2026-03-26T08:35:00+00:00
4183,4183.T,4183.jp,2022-05-27,1375.80,1378.00,1334.18,1347.32,2521706,https://stooq.com/q/d/l/?s=4183.jp&i=d,2026-03-26T08:35:00+00:00
4183,4183.T,4183.jp,2022-05-30,1353.90,1391.14,1345.14,1378.00,3574073,https://stooq.com/q/d/l/?s=4183.jp&i=d,2026-03-26T08:35:00+00:00
4183,4183.T,4183.jp,2022-05-31,1380.19,1386.76,1369.24,1382.38,3596211,https://stooq.com/q/d/l/?s=4183.jp&i=d,2026-03-26T08:35:00+00:00
4183,4183.T,4183.jp,2022-06-01,1380.19,1402.10,1375.80,1402.10,1487143,https://stooq.com/q/d/l/?s=4183.jp&i=d,2026-03-26T08:35:00+00:00
4183,4183.T,4183.jp,2022-06-02,1397.72,1410.86,1386.76,1402.10,1291777,https://stooq.com/q/d/l/?s=4183.jp&i=d,2026-03-26T08:35:00+00:00
4183,4183.T,4183.jp,2022-06-03,1424.00,1441.52,1415.24,1424.00,1572499,https://stooq.com/q/d/l/?s=4183.jp&i=d,2026-03-26T08:35:00+00:00
4183,4183.T,4183.jp,2022-06-06,1421.82,1426.20,1410.86,1415.24,1129051,https://stooq.com/q/d/l/?s=4183.jp&i=d,2026-03-26T08:35:00+00:00
4183,4183.T,4183.jp,2022-06-07,1452.48,1461.25,1439.34,1443.72,1924429,https://stooq.com/q/d/l/?s=4183.jp&i=d,2026-03-26T08:35:00+00:00
4183,4183.T,4183.jp,2022-06-08,1445.92,1445.92,1430.58,1443.72,1421869,https://stooq.com/q/d/l/?s=4183.jp&i=d,2026-03-26T08:35:00+00:00
4183,4183.T,4183.jp,2022-06-09,1428.38,1441.52,1413.04,1426.20,1928994,https://stooq.com/q/d/l/?s=4183.jp&i=d,2026-03-26T08:35:00+00:00
4183,4183.T,4183.jp,2022-06-10,1410.86,1421.82,1402.10,1410.86,1759877,https://stooq.com/q/d/l/?s=4183.jp&i=d,2026-03-26T08:35:00+00:00
4183,4183.T,4183.jp,2022-06-13,1373.62,1378.00,1358.28,1367.04,1524571,https://stooq.com/q/d/l/?s=4183.jp&i=d,2026-03-26T08:35:00+00:00
4183,4183.T,4183.jp,2022-06-14,1342.94,1382.38,1340.76,1373.62,2599532,https://stooq.com/q/d/l/?s=4183.jp&i=d,2026-03-26T08:35:00+00:00
4183,4183.T,4183.jp,2022-06-15,1380.19,1391.14,1373.62,1380.19,1280138,https://stooq.com/q/d/l/?s=4183.jp&i=d,2026-03-26T08:35:00+00:00
4183,4183.T,4183.jp,2022-06-16,1391.14,1408.68,1378.00,1380.19,1292691,https://stooq.com/q/d/l/?s=4183.jp&i=d,2026-03-26T08:35:00+00:00
4183,4183.T,4183.jp,2022-06-17,1327.62,1345.14,1321.04,1338.56,2019601,https://stooq.com/q/d/l/?s=4183.jp&i=d,2026-03-26T08:35:00+00:00
4183,4183.T,4183.jp,2022-06-20,1336.38,1336.38,1272.84,1277.22,2278186,https://stooq.com/q/d/l/?s=4183.jp&i=d,2026-03-26T08:35:00+00:00
4183,4183.T,4183.jp,2022-06-21,1299.14,1306.14,1281.60,1297.82,1942687,https://stooq.com/q/d/l/?s=4183.jp&i=d,2026-03-26T08:35:00+00:00
4183,4183.T,4183.jp,2022-06-22,1302.20,1308.78,1278.54,1279.85,1476187,https://stooq.com/q/d/l/?s=4183.jp&i=d,2026-03-26T08:35:00+00:00
4183,4183.T,4183.jp,2022-06-23,1260.57,1272.40,1234.71,1248.74,2385910,https://stooq.com/q/d/l/?s=4183.jp&i=d,2026-03-26T08:35:00+00:00
4183,4183.T,4183.jp,2022-06-24,1226.84,1257.07,1222.46,1255.76,1811912,https://stooq.com/q/d/l/?s=4183.jp&i=d,2026-03-26T08:35:00+00:00
4183,4183.T,4183.jp,2022-06-27,1292.12,1304.39,1284.67,1291.24,2083962,https://stooq.com/q/d/l/?s=4183.jp&i=d,2026-03-26T08:35:00+00:00
4183,4183.T,4183.jp,2022-06-28,1290.37,1309.21,1284.67,1303.52,1537581,https://stooq.com/q/d/l/?s=4183.jp&i=d,2026-03-26T08:35:00+00:00
4183,4183.T,4183.jp,2022-06-29,1284.23,1305.70,1283.80,1293.87,3035452,https://stooq.com/q/d/l/?s=4183.jp&i=d,2026-03-26T08:35:00+00:00
4183,4183.T,4183.jp,2022-06-30,1281.18,1282.92,1253.56,1266.27,2405994,https://stooq.com/q/d/l/?s=4183.jp&i=d,2026-03-26T08:35:00+00:00
4183,4183.T,4183.jp,2022-07-01,1266.71,1275.91,1250.94,1258.38,1674974,https://stooq.com/q/d/l/?s=4183.jp&i=d,2026-03-26T08:35:00+00:00
4183,4183.T,4183.jp,2022-07-04,1265.39,1267.14,1253.12,1261.88,1042551,https://stooq.com/q/d/l/?s=4183.jp&i=d,2026-03-26T08:35:00+00:00
4183,4183.T,4183.jp,2022-07-05,1268.46,1271.08,1251.80,1256.19,1448115,https://stooq.com/q/d/l/?s=4183.jp&i=d,2026-03-26T08:35:00+00:00
4183,4183.T,4183.jp,2022-07-06,1227.71,1249.62,1223.77,1229.90,2318126,https://stooq.com/q/d/l/?s=4183.jp&i=d,2026-03-26T08:35:00+00:00
4183,4183.T,4183.jp,2022-07-07,1243.49,1245.68,1222.46,1238.23,1883119,https://stooq.com/q/d/l/?s=4183.jp&i=d,2026-03-26T08:35:00+00:00
4183,4183.T,4183.jp,2022-07-08,1248.30,1257.07,1240.42,1242.18,2420829,https://stooq.com/q/d/l/?s=4183.jp&i=d,2026-03-26T08:35:00+00:00
4183,4183.T,4183.jp,2022-07-11,1264.08,1264.96,1248.74,1259.70,1492620,https://stooq.com/q/d/l/?s=4183.jp&i=d,2026-03-26T08:35:00+00:00
4183,4183.T,4183.jp,2022-07-12,1240.86,1245.68,1202.73,1206.68,3335572,https://stooq.com/q/d/l/?s=4183.jp&i=d,2026-03-26T08:35:00+00:00
4183,4183.T,4183.jp,2022-07-13,1218.94,1229.90,1215.44,1217.20,2248972,https://stooq.com/q/d/l/?s=4183.jp&i=d,2026-03-26T08:35:00+00:00
4183,4183.T,4183.jp,2022-07-14,1195.29,1203.61,1187.40,1201.42,2629202,https://stooq.com/q/d/l/?s=4183.jp&i=d,2026-03-26T08:35:00+00:00
4183,4183.T,4183.jp,2022-07-15,1196.60,1198.79,1183.89,1188.28,2064790,https://stooq.com/q/d/l/?s=4183.jp&i=d,2026-03-26T08:35:00+00:00
4183,4183.T,4183.jp,2022-07-19,1207.98,1212.82,1194.41,1206.24,2021427,https://stooq.com/q/d/l/?s=4183.jp&i=d,2026-03-26T08:35:00+00:00
4183,4183.T,4183.jp,2022-07-20,1228.14,1246.12,1223.77,1243.49,2056118,https://stooq.com/q/d/l/?s=4183.jp&i=d,2026-03-26T08:35:00+00:00
4183,4183.T,4183.jp,2022-07-21,1229.03,1244.80,1227.71,1243.04,1194095,https://stooq.com/q/d/l/?s=4183.jp&i=d,2026-03-26T08:35:00+00:00
4183,4183.T,4183.jp,2022-07-22,1240.86,1245.24,1233.41,1241.30,1877871,https://stooq.com/q/d/l/?s=4183.jp&i=d,2026-03-26T08:35:00+00:00
4183,4183.T,4183.jp,2022-07-25,1234.29,1244.36,1232.97,1242.18,1178577,https://stooq.com/q/d/l/?s=4183.jp&i=d,2026-03-26T08:35:00+00:00
4183,4183.T,4183.jp,2022-07-26,1241.73,1250.94,1234.29,1234.29,1334229,https://stooq.com/q/d/l/?s=4183.jp&i=d,2026-03-26T08:35:00+00:00
4183,4183.T,4183.jp,2022-07-27,1235.16,1237.79,1227.71,1236.48,1168305,https://stooq.com/q/d/l/?s=4183.jp&i=d,2026-03-26T08:35:00+00:00
4183,4183.T,4183.jp,2022-07-28,1245.24,1246.99,1226.84,1229.03,1692549,https://stooq.com/q/d/l/?s=4183.jp&i=d,2026-03-26T08:35:00+00:00
4183,4183.T,4183.jp,2022-07-29,1226.84,1234.71,1218.51,1221.57,1873763,https://stooq.com/q/d/l/?s=4183.jp&i=d,2026-03-26T08:35:00+00:00
4183,4183.T,4183.jp,2022-08-01,1235.60,1245.68,1233.84,1239.10,1797535,https://stooq.com/q/d/l/?s=4183.jp&i=d,2026-03-26T08:35:00+00:00
4183,4183.T,4183.jp,2022-08-02,1231.66,1237.79,1220.26,1228.14,1831996,https://stooq.com/q/d/l/?s=4183.jp&i=d,2026-03-26T08:35:00+00:00
4183,4183.T,4183.jp,2022-08-03,1229.03,1232.09,1221.57,1228.60,1320535,https://stooq.com/q/d/l/?s=4183.jp&i=d,2026-03-26T08:35:00+00:00
4183,4183.T,4183.jp,2022-08-04,1232.53,1233.84,1218.51,1218.51,1225819,https://stooq.com/q/d/l/?s=4183.jp&i=d,2026-03-26T08:35:00+00:00
4183,4183.T,4183.jp,2022-08-05,1213.25,1278.10,1205.80,1254.44,5939216,https://stooq.com/q/d/l/?s=4183.jp&i=d,2026-03-26T08:35:00+00:00
4183,4183.T,4183.jp,2022-08-08,1244.36,1264.52,1233.84,1254.88,3568596,https://stooq.com/q/d/l/?s=4183.jp&i=d,2026-03-26T08:35:00+00:00
4183,4183.T,4183.jp,2022-08-09,1264.96,1269.33,1246.99,1256.19,1758051,https://stooq.com/q/d/l/?s=4183.jp&i=d,2026-03-26T08:35:00+00:00
4183,4183.T,4183.jp,2022-08-10,1254.44,1274.60,1248.74,1272.40,1863949,https://stooq.com/q/d/l/?s=4183.jp&i=d,2026-03-26T08:35:00+00:00
4183,4183.T,4183.jp,2022-08-12,1305.26,1306.14,1291.68,1300.44,2603641,https://stooq.com/q/d/l/?s=4183.jp&i=d,2026-03-26T08:35:00+00:00
4183,4183.T,4183.jp,2022-08-15,1308.34,1325.42,1304.84,1323.23,1873763,https://stooq.com/q/d/l/?s=4183.jp&i=d,2026-03-26T08:35:00+00:00
4183,4183.T,4183.jp,2022-08-16,1309.64,1310.52,1289.93,1295.19,1500836,https://stooq.com/q/d/l/?s=4183.jp&i=d,2026-03-26T08:35:00+00:00
4183,4183.T,4183.jp,2022-08-17,1303.95,1329.80,1303.08,1327.62,1632295,https://stooq.com/q/d/l/?s=4183.jp&i=d,2026-03-26T08:35:00+00:00
4183,4183.T,4183.jp,2022-08-18,1305.70,1313.15,1302.20,1303.52,1095272,https://stooq.com/q/d/l/?s=4183.jp&i=d,2026-03-26T08:35:00+00:00
4183,4183.T,4183.jp,2022-08-19,1310.08,1321.04,1303.52,1308.78,1263021,https://stooq.com/q/d/l/?s=4183.jp&i=d,2026-03-26T08:35:00+00:00
4183,4183.T,4183.jp,2022-08-22,1296.94,1318.85,1291.68,1312.72,1259826,https://stooq.com/q/d/l/?s=4183.jp&i=d,2026-03-26T08:35:00+00:00
4183,4183.T,4183.jp,2022-08-23,1293.87,1307.89,1293.87,1303.08,1297484,https://stooq.com/q/d/l/?s=4183.jp&i=d,2026-03-26T08:35:00+00:00
4183,4183.T,4183.jp,2022-08-24,1311.40,1318.85,1300.01,1311.40,1563371,https://stooq.com/q/d/l/?s=4183.jp&i=d,2026-03-26T08:35:00+00:00
4183,4183.T,4183.jp,2022-08-25,1310.52,1310.52,1296.94,1298.69,1200942,https://stooq.com/q/d/l/?s=4183.jp&i=d,2026-03-26T08:35:00+00:00
4183,4183.T,4183.jp,2022-08-26,1310.08,1364.86,1301.32,1338.56,3296546,https://stooq.com/q/d/l/?s=4183.jp&i=d,2026-03-26T08:35:00+00:00
4183,4183.T,4183.jp,2022-08-29,1299.14,1382.38,1299.14,1375.80,4138485,https://stooq.com/q/d/l/?s=4183.jp&i=d,2026-03-26T08:35:00+00:00
4183,4183.T,4183.jp,2022-08-30,1375.80,1378.00,1356.09,1367.04,1666986,https://stooq.com/q/d/l/?s=4183.jp&i=d,2026-03-26T08:35:00+00:00
4183,4183.T,4183.jp,2022-08-31,1371.42,1386.76,1360.47,1378.00,2594511,https://stooq.com/q/d/l/?s=4183.jp&i=d,2026-03-26T08:35:00+00:00
4183,4183.T,4183.jp,2022-09-01,1375.80,1384.57,1342.94,1349.52,1842040,https://stooq.com/q/d/l/?s=4183.jp&i=d,2026-03-26T08:35:00+00:00
4183,4183.T,4183.jp,2022-09-02,1345.14,1351.71,1327.62,1345.14,1648500,https://stooq.com/q/d/l/?s=4183.jp&i=d,2026-03-26T08:35:00+00:00
4183,4183.T,4183.jp,2022-09-05,1345.14,1351.71,1329.80,1342.94,1261196,https://stooq.com/q/d/l/?s=4183.jp&i=d,2026-03-26T08:35:00+00:00
4183,4183.T,4183.jp,2022-09-06,1342.94,1353.90,1338.56,1347.32,701577,https://stooq.com/q/d/l/?s=4183.jp&i=d,2026-03-26T08:35:00+00:00
4183,4183.T,4183.jp,2022-09-07,1349.52,1349.52,1329.80,1340.76,1131104,https://stooq.com/q/d/l/?s=4183.jp&i=d,2026-03-26T08:35:00+00:00
4183,4183.T,4183.jp,2022-09-08,1356.09,1384.57,1353.90,1382.38,1635721,https://stooq.com/q/d/l/?s=4183.jp&i=d,2026-03-26T08:35:00+00:00
4183,4183.T,4183.jp,2022-09-09,1384.57,1391.14,1373.62,1388.96,1890652,https://stooq.com/q/d/l/?s=4183.jp&i=d,2026-03-26T08:35:00+00:00
4183,4183.T,4183.jp,2022-09-12,1402.10,1402.10,1378.00,1382.38,714356,https://stooq.com/q/d/l/?s=4183.jp&i=d,2026-03-26T08:35:00+00:00
4183,4183.T,4183.jp,2022-09-13,1384.57,1391.14,1378.00,1382.38,762970,https://stooq.com/q/d/l/?s=4183.jp&i=d,2026-03-26T08:35:00+00:00
4183,4183.T,4183.jp,2022-09-14,1342.94,1369.24,1338.56,1356.09,1391515,https://stooq.com/q/d/l/?s=4183.jp&i=d,2026-03-26T08:35:00+00:00
4183,4183.T,4183.jp,2022-09-15,1351.71,1353.90,1342.94,1349.52,748135,https://stooq.com/q/d/l/?s=4183.jp&i=d,2026-03-26T08:35:00+00:00
4183,4183.T,4183.jp,2022-09-16,1340.76,1347.32,1316.65,1321.04,1738651,https://stooq.com/q/d/l/?s=4183.jp&i=d,2026-03-26T08:35:00+00:00
4183,4183.T,4183.jp,2022-09-20,1338.56,1356.09,1331.99,1340.76,1176979,https://stooq.com/q/d/l/?s=4183.jp&i=d,2026-03-26T08:35:00+00:00
4183,4183.T,4183.jp,2022-09-21,1321.04,1340.76,1316.65,1329.80,1271921,https://stooq.com/q/d/l/?s=4183.jp&i=d,2026-03-26T08:35:00+00:00
4183,4183.T,4183.jp,2022-09-22,1318.85,1327.62,1314.46,1323.23,1477557,https://stooq.com/q/d/l/?s=4183.jp&i=d,2026-03-26T08:35:00+00:00
4183,4183.T,4183.jp,2022-09-26,1301.76,1301.76,1257.94,1264.96,2257872,https://stooq.com/q/d/l/?s=4183.jp&i=d,2026-03-26T08:35:00+00:00
4183,4183.T,4183.jp,2022-09-27,1275.04,1287.30,1266.71,1267.58,1048027,https://stooq.com/q/d/l/?s=4183.jp&i=d,2026-03-26T08:35:00+00:00
4183,4183.T,4183.jp,2022-09-28,1261.44,1268.46,1242.18,1255.76,1504943,https://stooq.com/q/d/l/?s=4183.jp&i=d,2026-03-26T08:35:00+00:00
4183,4183.T,4183.jp,2022-09-29,1276.34,1291.11,1257.54,1269.18,1923247,https://stooq.com/q/d/l/?s=4183.jp&i=d,2026-03-26T08:35:00+00:00
4183,4183.T,4183.jp,2022-09-30,1269.18,1278.13,1254.86,1261.57,1792304,https://stooq.com/q/d/l/?s=4183.jp&i=d,2026-03-26T08:35:00+00:00
4183,4183.T,4183.jp,2022-10-03,1245.90,1273.65,1245.46,1271.86,1234569,https://stooq.com/q/d/l/?s=4183.jp&i=d,2026-03-26T08:35:00+00:00
4183,4183.T,4183.jp,2022-10-04,1310.35,1316.62,1297.82,1304.54,1675663,https://stooq.com/q/d/l/?s=4183.jp&i=d,2026-03-26T08:35:00+00:00
4183,4183.T,4183.jp,2022-10-05,1317.06,1317.96,1299.16,1301.40,1443496,https://stooq.com/q/d/l/?s=4183.jp&i=d,2026-03-26T08:35:00+00:00
4183,4183.T,4183.jp,2022-10-06,1303.64,1313.93,1299.60,1304.97,1131558,https://stooq.com/q/d/l/?s=4183.jp&i=d,2026-03-26T08:35:00+00:00
4183,4183.T,4183.jp,2022-10-07,1283.95,1289.77,1275.90,1281.71,1216917,https://stooq.com/q/d/l/?s=4183.jp&i=d,2026-03-26T08:35:00+00:00
4183,4183.T,4183.jp,2022-10-11,1266.94,1279.47,1258.88,1268.29,1492209,https://stooq.com/q/d/l/?s=4183.jp&i=d,2026-03-26T08:35:00+00:00
4183,4183.T,4183.jp,2022-10-12,1257.99,1261.12,1229.35,1229.80,2833812,https://stooq.com/q/d/l/?s=4183.jp&i=d,2026-03-26T08:35:00+00:00
4183,4183.T,4183.jp,2022-10-13,1229.80,1238.76,1221.29,1234.71,1636335,https://stooq.com/q/d/l/?s=4183.jp&i=d,2026-03-26T08:35:00+00:00
4183,4183.T,4183.jp,2022-10-14,1257.10,1268.29,1243.22,1262.46,1667618,https://stooq.com/q/d/l/?s=4183.jp&i=d,2026-03-26T08:35:00+00:00
4183,4183.T,4183.jp,2022-10-17,1248.15,1257.10,1241.88,1243.67,1434782,https://stooq.com/q/d/l/?s=4183.jp&i=d,2026-03-26T08:35:00+00:00
4183,4183.T,4183.jp,2022-10-18,1252.18,1256.20,1240.54,1253.52,1386069,https://stooq.com/q/d/l/?s=4183.jp&i=d,2026-03-26T08:35:00+00:00
4183,4183.T,4183.jp,2022-10-19,1256.64,1269.62,1254.86,1259.33,1164182,https://stooq.com/q/d/l/?s=4183.jp&i=d,2026-03-26T08:35:00+00:00
4183,4183.T,4183.jp,2022-10-20,1245.02,1250.38,1237.85,1242.78,1667395,https://stooq.com/q/d/l/?s=4183.jp&i=d,2026-03-26T08:35:00+00:00
4183,4183.T,4183.jp,2022-10-21,1240.09,1245.02,1228.46,1228.46,1808393,https://stooq.com/q/d/l/?s=4183.jp&i=d,2026-03-26T08:35:00+00:00
4183,4183.T,4183.jp,2022-10-24,1247.25,1257.54,1240.54,1243.67,1402158,https://stooq.com/q/d/l/?s=4183.jp&i=d,2026-03-26T08:35:00+00:00
4183,4183.T,4183.jp,2022-10-25,1249.48,1252.62,1240.54,1245.90,1749178,https://stooq.com/q/d/l/?s=4183.jp&i=d,2026-03-26T08:35:00+00:00
4183,4183.T,4183.jp,2022-10-26,1253.06,1263.81,1243.22,1250.38,1931738,https://stooq.com/q/d/l/?s=4183.jp&i=d,2026-03-26T08:35:00+00:00
4183,4183.T,4183.jp,2022-10-27,1253.96,1255.76,1237.85,1242.32,1493550,https://stooq.com/q/d/l/?s=4183.jp&i=d,2026-03-26T08:35:00+00:00
4183,4183.T,4183.jp,2022-10-28,1239.64,1241.43,1220.85,1224.42,3268202,https://stooq.com/q/d/l/?s=4183.jp&i=d,2026-03-26T08:35:00+00:00
4183,4183.T,4183.jp,2022-10-31,1239.20,1244.56,1231.58,1232.92,1810180,https://stooq.com/q/d/l/?s=4183.jp&i=d,2026-03-26T08:35:00+00:00
4183,4183.T,4183.jp,2022-11-01,1253.06,1260.23,1242.78,1246.80,1923470,https://stooq.com/q/d/l/?s=4183.jp&i=d,2026-03-26T08:35:00+00:00
4183,4183.T,4183.jp,2022-11-02,1245.02,1254.42,1239.64,1247.25,1323950,https://stooq.com/q/d/l/?s=4183.jp&i=d,2026-03-26T08:35:00+00:00
4183,4183.T,4183.jp,2022-11-04,1231.58,1242.78,1222.64,1237.85,2157871,https://stooq.com/q/d/l/?s=4183.jp&i=d,2026-03-26T08:35:00+00:00
4183,4183.T,4183.jp,2022-11-07,1241.88,1248.15,1234.71,1243.67,1939782,https://stooq.com/q/d/l/?s=4183.jp&i=d,2026-03-26T08:35:00+00:00
4183,4183.T,4183.jp,2022-11-08,1257.10,1396.27,1248.59,1371.66,8018111,https://stooq.com/q/d/l/?s=4183.jp&i=d,2026-03-26T08:35:00+00:00
4183,4183.T,4183.jp,2022-11-09,1367.20,1389.56,1334.52,1360.47,3965147,https://stooq.com/q/d/l/?s=4183.jp&i=d,2026-03-26T08:35:00+00:00
4183,4183.T,4183.jp,2022-11-10,1347.05,1358.24,1337.65,1342.58,2013968,https://stooq.com/q/d/l/?s=4183.jp&i=d,2026-03-26T08:35:00+00:00
4183,4183.T,4183.jp,2022-11-11,1369.43,1373.90,1344.82,1369.43,2250156,https://stooq.com/q/d/l/?s=4183.jp&i=d,2026-03-26T08:35:00+00:00
4183,4183.T,4183.jp,2022-11-14,1378.38,1396.27,1371.66,1371.66,1945592,https://stooq.com/q/d/l/?s=4183.jp&i=d,2026-03-26T08:35:00+00:00
4183,4183.T,4183.jp,2022-11-15,1378.38,1407.46,1369.43,1400.74,2027152,https://stooq.com/q/d/l/?s=4183.jp&i=d,2026-03-26T08:35:00+00:00
4183,4183.T,4183.jp,2022-11-16,1382.85,1387.32,1367.20,1378.38,1105638,https://stooq.com/q/d/l/?s=4183.jp&i=d,2026-03-26T08:35:00+00:00
4183,4183.T,4183.jp,2022-11-17,1373.90,1389.56,1369.43,1378.38,1320821,https://stooq.com/q/d/l/?s=4183.jp&i=d,2026-03-26T08:35:00+00:00
4183,4183.T,4183.jp,2022-11-18,1387.32,1396.27,1378.38,1385.08,1151669,https://stooq.com/q/d/l/?s=4183.jp&i=d,2026-03-26T08:35:00+00:00
4183,4183.T,4183.jp,2022-11-21,1382.85,1387.32,1371.66,1385.08,1075248,https://stooq.com/q/d/l/?s=4183.jp&i=d,2026-03-26T08:35:00+00:00
4183,4183.T,4183.jp,2022-11-22,1391.80,1411.94,1389.56,1391.80,1583377,https://stooq.com/q/d/l/?s=4183.jp&i=d,2026-03-26T08:35:00+00:00
4183,4183.T,4183.jp,2022-11-24,1407.46,1407.46,1387.32,1394.04,1282611,https://stooq.com/q/d/l/?s=4183.jp&i=d,2026-03-26T08:35:00+00:00
4183,4183.T,4183.jp,2022-11-25,1398.51,1402.99,1382.85,1402.99,1368193,https://stooq.com/q/d/l/?s=4183.jp&i=d,2026-03-26T08:35:00+00:00
4183,4183.T,4183.jp,2022-11-28,1400.74,1400.74,1376.14,1378.38,1516788,https://stooq.com/q/d/l/?s=4183.jp&i=d,2026-03-26T08:35:00+00:00
4183,4183.T,4183.jp,2022-11-29,1367.20,1380.61,1360.47,1371.66,1062735,https://stooq.com/q/d/l/?s=4183.jp&i=d,2026-03-26T08:35:00+00:00
4183,4183.T,4183.jp,2022-11-30,1373.90,1396.27,1369.43,1387.32,3378587,https://stooq.com/q/d/l/?s=4183.jp&i=d,2026-03-26T08:35:00+00:00
4183,4183.T,4183.jp,2022-12-01,1382.85,1387.32,1367.20,1376.14,1765937,https://stooq.com/q/d/l/?s=4183.jp&i=d,2026-03-26T08:35:00+00:00
4183,4183.T,4183.jp,2022-12-02,1360.47,1367.20,1334.07,1340.34,2047709,https://stooq.com/q/d/l/?s=4183.jp&i=d,2026-03-26T08:35:00+00:00
4183,4183.T,4183.jp,2022-12-05,1334.96,1344.82,1327.80,1340.34,1759010,https://stooq.com/q/d/l/?s=4183.jp&i=d,2026-03-26T08:35:00+00:00
4183,4183.T,4183.jp,2022-12-06,1344.82,1373.90,1340.34,1360.47,1759680,https://stooq.com/q/d/l/?s=4183.jp&i=d,2026-03-26T08:35:00+00:00
4183,4183.T,4183.jp,2022-12-07,1356.00,1389.56,1356.00,1376.14,1869618,https://stooq.com/q/d/l/?s=4183.jp&i=d,2026-03-26T08:35:00+00:00
4183,4183.T,4183.jp,2022-12-08,1376.14,1376.14,1362.71,1367.20,1406850,https://stooq.com/q/d/l/?s=4183.jp&i=d,2026-03-26T08:35:00+00:00
4183,4183.T,4183.jp,2022-12-09,1367.20,1385.08,1362.71,1373.90,1683260,https://stooq.com/q/d/l/?s=4183.jp&i=d,2026-03-26T08:35:00+00:00
4183,4183.T,4183.jp,2022-12-12,1373.90,1389.56,1371.66,1382.85,1396125,https://stooq.com/q/d/l/?s=4183.jp&i=d,2026-03-26T08:35:00+00:00
4183,4183.T,4183.jp,2022-12-13,1394.04,1394.04,1378.38,1387.32,1499806,https://stooq.com/q/d/l/?s=4183.jp&i=d,2026-03-26T08:35:00+00:00
4183,4183.T,4183.jp,2022-12-14,1396.27,1429.84,1391.80,1423.13,2487909,https://stooq.com/q/d/l/?s=4183.jp&i=d,2026-03-26T08:35:00+00:00
4183,4183.T,4183.jp,2022-12-15,1438.79,1441.02,1416.41,1427.60,2176641,https://stooq.com/q/d/l/?s=4183.jp&i=d,2026-03-26T08:35:00+00:00
4183,4183.T,4183.jp,2022-12-16,1418.65,1418.65,1396.27,1400.74,2248369,https://stooq.com/q/d/l/?s=4183.jp&i=d,2026-03-26T08:35:00+00:00
4183,4183.T,4183.jp,2022-12-19,1394.04,1407.46,1385.08,1400.74,2098433,https://stooq.com/q/d/l/?s=4183.jp&i=d,2026-03-26T08:35:00+00:00
4183,4183.T,4183.jp,2022-12-20,1400.74,1420.88,1362.71,1371.66,2271384,https://stooq.com/q/d/l/?s=4183.jp&i=d,2026-03-26T08:35:00+00:00
4183,4183.T,4183.jp,2022-12-21,1364.95,1367.20,1340.34,1344.82,1584271,https://stooq.com/q/d/l/?s=4183.jp&i=d,2026-03-26T08:35:00+00:00
4183,4183.T,4183.jp,2022-12-22,1358.24,1358.24,1342.58,1349.29,1009777,https://stooq.com/q/d/l/?s=4183.jp&i=d,2026-03-26T08:35:00+00:00
4183,4183.T,4183.jp,2022-12-23,1335.41,1339.44,1326.91,1332.72,1056031,https://stooq.com/q/d/l/?s=4183.jp&i=d,2026-03-26T08:35:00+00:00
4183,4183.T,4183.jp,2022-12-26,1337.65,1349.29,1332.28,1349.29,711246,https://stooq.com/q/d/l/?s=4183.jp&i=d,2026-03-26T08:35:00+00:00
4183,4183.T,4183.jp,2022-12-27,1351.52,1353.76,1337.20,1337.65,787219,https://stooq.com/q/d/l/?s=4183.jp&i=d,2026-03-26T08:35:00+00:00
4183,4183.T,4183.jp,2022-12-28,1335.86,1351.52,1334.52,1347.05,852467,https://stooq.com/q/d/l/?s=4183.jp&i=d,2026-03-26T08:35:00+00:00
4183,4183.T,4183.jp,2022-12-29,1333.17,1336.31,1327.80,1336.31,939390,https://stooq.com/q/d/l/?s=4183.jp&i=d,2026-03-26T08:35:00+00:00
4183,4183.T,4183.jp,2022-12-30,1331.84,1347.05,1331.38,1331.38,1034133,https://stooq.com/q/d/l/?s=4183.jp&i=d,2026-03-26T08:35:00+00:00
4183,4183.T,4183.jp,2023-01-04,1303.18,1323.78,1298.27,1318.40,1815767,https://stooq.com/q/d/l/?s=4183.jp&i=d,2026-03-26T08:35:00+00:00
4183,4183.T,4183.jp,2023-01-05,1317.96,1328.70,1312.14,1326.91,1072567,https://stooq.com/q/d/l/?s=4183.jp&i=d,2026-03-26T08:35:00+00:00
4183,4183.T,4183.jp,2023-01-06,1326.91,1349.29,1324.22,1335.86,1402828,https://stooq.com/q/d/l/?s=4183.jp&i=d,2026-03-26T08:35:00+00:00
4183,4183.T,4183.jp,2023-01-10,1344.82,1371.66,1342.12,1358.24,1798561,https://stooq.com/q/d/l/?s=4183.jp&i=d,2026-03-26T08:35:00+00:00
4183,4183.T,4183.jp,2023-01-11,1353.76,1362.71,1347.05,1360.47,1129100,https://stooq.com/q/d/l/?s=4183.jp&i=d,2026-03-26T08:35:00+00:00
4183,4183.T,4183.jp,2023-01-12,1344.82,1362.71,1342.12,1344.82,1194795,https://stooq.com/q/d/l/?s=4183.jp&i=d,2026-03-26T08:35:00+00:00
4183,4183.T,4183.jp,2023-01-13,1327.36,1342.58,1322.88,1330.93,1531089,https://stooq.com/q/d/l/?s=4183.jp&i=d,2026-03-26T08:35:00+00:00
4183,4183.T,4183.jp,2023-01-16,1321.10,1324.68,1283.04,1288.42,2442995,https://stooq.com/q/d/l/?s=4183.jp&i=d,2026-03-26T08:35:00+00:00
4183,4183.T,4183.jp,2023-01-17,1297.82,1317.96,1293.34,1310.80,1708286,https://stooq.com/q/d/l/?s=4183.jp&i=d,2026-03-26T08:35:00+00:00
4183,4183.T,4183.jp,2023-01-18,1314.38,1347.05,1307.66,1335.41,1628514,https://stooq.com/q/d/l/?s=4183.jp&i=d,2026-03-26T08:35:00+00:00
4183,4183.T,4183.jp,2023-01-19,1313.04,1320.64,1303.18,1303.64,1903583,https://stooq.com/q/d/l/?s=4183.jp&i=d,2026-03-26T08:35:00+00:00
4183,4183.T,4183.jp,2023-01-20,1309.90,1319.75,1301.40,1317.06,1374003,https://stooq.com/q/d/l/?s=4183.jp&i=d,2026-03-26T08:35:00+00:00
4183,4183.T,4183.jp,2023-01-23,1330.48,1337.65,1322.44,1330.93,1213788,https://stooq.com/q/d/l/?s=4183.jp&i=d,2026-03-26T08:35:00+00:00
4183,4183.T,4183.jp,2023-01-24,1342.12,1356.00,1338.98,1351.52,1411096,https://stooq.com/q/d/l/?s=4183.jp&i=d,2026-03-26T08:35:00+00:00
4183,4183.T,4183.jp,2023-01-25,1349.29,1367.20,1342.58,1367.20,1577344,https://stooq.com/q/d/l/?s=4183.jp&i=d,2026-03-26T08:35:00+00:00
4183,4183.T,4183.jp,2023-01-26,1367.20,1378.38,1358.24,1364.95,1629855,https://stooq.com/q/d/l/?s=4183.jp&i=d,2026-03-26T08:35:00+00:00
4183,4183.T,4183.jp,2023-01-27,1369.43,1371.66,1360.47,1371.66,1453999,https://stooq.com/q/d/l/?s=4183.jp&i=d,2026-03-26T08:35:00+00:00
4183,4183.T,4183.jp,2023-01-30,1373.90,1380.61,1358.24,1369.43,1770629,https://stooq.com/q/d/l/?s=4183.jp&i=d,2026-03-26T08:35:00+00:00
4183,4183.T,4183.jp,2023-01-31,1378.38,1380.61,1360.47,1362.71,1605499,https://stooq.com/q/d/l/?s=4183.jp&i=d,2026-03-26T08:35:00+00:00
4183,4183.T,4183.jp,2023-02-01,1378.38,1378.38,1367.20,1367.20,1196136,https://stooq.com/q/d/l/?s=4183.jp&i=d,2026-03-26T08:35:00+00:00
4183,4183.T,4183.jp,2023-02-02,1320.20,1330.04,1302.30,1329.14,4255187,https://stooq.com/q/d/l/?s=4183.jp&i=d,2026-03-26T08:35:00+00:00
4183,4183.T,4183.jp,2023-02-03,1320.64,1369.43,1310.35,1369.43,4675052,https://stooq.com/q/d/l/?s=4183.jp&i=d,2026-03-26T08:35:00+00:00
4183,4183.T,4183.jp,2023-02-06,1432.08,1443.27,1382.85,1411.94,5561708,https://stooq.com/q/d/l/?s=4183.jp&i=d,2026-03-26T08:35:00+00:00
4183,4183.T,4183.jp,2023-02-07,1452.22,1452.22,1400.74,1400.74,2864201,https://stooq.com/q/d/l/?s=4183.jp&i=d,2026-03-26T08:35:00+00:00
4183,4183.T,4183.jp,2023-02-08,1405.22,1418.65,1398.51,1405.22,1170215,https://stooq.com/q/d/l/?s=4183.jp&i=d,2026-03-26T08:35:00+00:00
4183,4183.T,4183.jp,2023-02-09,1402.99,1427.60,1400.74,1420.88,1422492,https://stooq.com/q/d/l/?s=4183.jp&i=d,2026-03-26T08:35:00+00:00
4183,4183.T,4183.jp,2023-02-10,1416.41,1418.65,1398.51,1402.99,1652200,https://stooq.com/q/d/l/?s=4183.jp&i=d,2026-03-26T08:35:00+00:00
4183,4183.T,4183.jp,2023-02-13,1407.46,1407.46,1376.14,1396.27,1318364,https://stooq.com/q/d/l/?s=4183.jp&i=d,2026-03-26T08:35:00+00:00
4183,4183.T,4183.jp,2023-02-14,1405.22,1409.70,1387.32,1400.74,1167534,https://stooq.com/q/d/l/?s=4183.jp&i=d,2026-03-26T08:35:00+00:00
4183,4183.T,4183.jp,2023-02-15,1429.84,1429.84,1402.99,1405.22,1534665,https://stooq.com/q/d/l/?s=4183.jp&i=d,2026-03-26T08:35:00+00:00
4183,4183.T,4183.jp,2023-02-16,1411.94,1427.60,1411.94,1423.13,1342273,https://stooq.com/q/d/l/?s=4183.jp&i=d,2026-03-26T08:35:00+00:00
4183,4183.T,4183.jp,2023-02-17,1425.36,1441.02,1420.88,1427.60,1935760,https://stooq.com/q/d/l/?s=4183.jp&i=d,2026-03-26T08:35:00+00:00
4183,4183.T,4183.jp,2023-02-20,1434.31,1458.92,1427.60,1454.46,1847050,https://stooq.com/q/d/l/?s=4183.jp&i=d,2026-03-26T08:35:00+00:00
4183,4183.T,4183.jp,2023-02-21,1454.46,1461.16,1447.74,1447.74,1025419,https://stooq.com/q/d/l/?s=4183.jp&i=d,2026-03-26T08:35:00+00:00
4183,4183.T,4183.jp,2023-02-22,1436.55,1447.74,1423.13,1425.36,1767725,https://stooq.com/q/d/l/?s=4183.jp&i=d,2026-03-26T08:35:00+00:00
4183,4183.T,4183.jp,2023-02-24,1443.27,1447.74,1429.84,1432.08,1603041,https://stooq.com/q/d/l/?s=4183.jp&i=d,2026-03-26T08:35:00+00:00
4183,4183.T,4183.jp,2023-02-27,1447.74,1488.02,1445.50,1483.54,2259541,https://stooq.com/q/d/l/?s=4183.jp&i=d,2026-03-26T08:35:00+00:00
4183,4183.T,4183.jp,2023-02-28,1483.54,1488.02,1470.12,1470.12,2866212,https://stooq.com/q/d/l/?s=4183.jp&i=d,2026-03-26T08:35:00+00:00
4183,4183.T,4183.jp,2023-03-01,1465.64,1485.78,1461.16,1476.84,1327972,https://stooq.com/q/d/l/?s=4183.jp&i=d,2026-03-26T08:35:00+00:00
4183,4183.T,4183.jp,2023-03-02,1481.30,1483.54,1465.64,1470.12,1124855,https://stooq.com/q/d/l/?s=4183.jp&i=d,2026-03-26T08:35:00+00:00
4183,4183.T,4183.jp,2023-03-03,1472.36,1496.96,1472.36,1490.26,1985590,https://stooq.com/q/d/l/?s=4183.jp&i=d,2026-03-26T08:35:00+00:00
4183,4183.T,4183.jp,2023-03-06,1499.20,1508.16,1488.02,1505.92,1876769,https://stooq.com/q/d/l/?s=4183.jp&i=d,2026-03-26T08:35:00+00:00
4183,4183.T,4183.jp,2023-03-07,1505.92,1546.20,1505.92,1521.58,2309818,https://stooq.com/q/d/l/?s=4183.jp&i=d,2026-03-26T08:35:00+00:00
4183,4183.T,4183.jp,2023-03-08,1528.30,1539.48,1514.87,1521.58,2920958,https://stooq.com/q/d/l/?s=4183.jp&i=d,2026-03-26T08:35:00+00:00
4183,4183.T,4183.jp,2023-03-09,1526.06,1532.78,1512.64,1528.30,1330877,https://stooq.com/q/d/l/?s=4183.jp&i=d,2026-03-26T08:35:00+00:00
4183,4183.T,4183.jp,2023-03-10,1501.44,1523.82,1496.96,1510.40,2013298,https://stooq.com/q/d/l/?s=4183.jp&i=d,2026-03-26T08:35:00+00:00
4183,4183.T,4183.jp,2023-03-13,1485.78,1485.78,1454.46,1461.16,1624269,https://stooq.com/q/d/l/?s=4183.jp&i=d,2026-03-26T08:35:00+00:00
4183,4183.T,4183.jp,2023-03-14,1445.50,1445.50,1387.32,1402.99,2456626,https://stooq.com/q/d/l/?s=4183.jp&i=d,2026-03-26T08:35:00+00:00
4183,4183.T,4183.jp,2023-03-15,1427.60,1452.22,1418.65,1449.98,1977322,https://stooq.com/q/d/l/?s=4183.jp&i=d,2026-03-26T08:35:00+00:00
4183,4183.T,4183.jp,2023-03-16,1387.32,1441.02,1387.32,1441.02,2771245,https://stooq.com/q/d/l/?s=4183.jp&i=d,2026-03-26T08:35:00+00:00
4183,4183.T,4183.jp,2023-03-17,1456.69,1472.36,1441.02,1465.64,3987269,https://stooq.com/q/d/l/?s=4183.jp&i=d,2026-03-26T08:35:00+00:00
4183,4183.T,4183.jp,2023-03-20,1441.02,1463.40,1438.79,1441.02,2214181,https://stooq.com/q/d/l/?s=4183.jp&i=d,2026-03-26T08:35:00+00:00
4183,4183.T,4183.jp,2023-03-22,1472.36,1472.36,1438.79,1454.46,1653094,https://stooq.com/q/d/l/?s=4183.jp&i=d,2026-03-26T08:35:00+00:00
4183,4183.T,4183.jp,2023-03-23,1438.79,1470.12,1438.79,1463.40,1393890,https://stooq.com/q/d/l/?s=4183.jp&i=d,2026-03-26T08:35:00+00:00
4183,4183.T,4183.jp,2023-03-24,1454.46,1470.12,1438.79,1454.46,1472098,https://stooq.com/q/d/l/?s=4183.jp&i=d,2026-03-26T08:35:00+00:00
4183,4183.T,4183.jp,2023-03-27,1476.84,1483.54,1461.16,1476.84,1426291,https://stooq.com/q/d/l/?s=4183.jp&i=d,2026-03-26T08:35:00+00:00
4183,4183.T,4183.jp,2023-03-28,1492.50,1510.40,1485.78,1508.16,2145358,https://stooq.com/q/d/l/?s=4183.jp&i=d,2026-03-26T08:35:00+00:00
4183,4183.T,4183.jp,2023-03-29,1530.53,1537.24,1517.11,1526.06,2576396,https://stooq.com/q/d/l/?s=4183.jp&i=d,2026-03-26T08:35:00+00:00
4183,4183.T,4183.jp,2023-03-30,1544.28,1551.11,1523.78,1539.72,1425342,https://stooq.com/q/d/l/?s=4183.jp&i=d,2026-03-26T08:35:00+00:00
4183,4183.T,4183.jp,2023-03-31,1544.28,1564.78,1542.00,1553.40,1625544,https://stooq.com/q/d/l/?s=4183.jp&i=d,2026-03-26T08:35:00+00:00
4183,4183.T,4183.jp,2023-04-03,1564.78,1564.78,1551.11,1557.95,1217017,https://stooq.com/q/d/l/?s=4183.jp&i=d,2026-03-26T08:35:00+00:00
4183,4183.T,4183.jp,2023-04-04,1564.78,1567.06,1544.28,1548.84,1162577,https://stooq.com/q/d/l/?s=4183.jp&i=d,2026-03-26T08:35:00+00:00
4183,4183.T,4183.jp,2023-04-05,1521.50,1523.78,1496.44,1505.56,1533565,https://stooq.com/q/d/l/?s=4183.jp&i=d,2026-03-26T08:35:00+00:00
4183,4183.T,4183.jp,2023-04-06,1491.89,1498.73,1473.67,1482.78,1687887,https://stooq.com/q/d/l/?s=4183.jp&i=d,2026-03-26T08:35:00+00:00
4183,4183.T,4183.jp,2023-04-07,1482.78,1491.89,1480.50,1487.34,1013523,https://stooq.com/q/d/l/?s=4183.jp&i=d,2026-03-26T08:35:00+00:00
4183,4183.T,4183.jp,2023-04-10,1498.73,1503.28,1480.50,1489.62,1083330,https://stooq.com/q/d/l/?s=4183.jp&i=d,2026-03-26T08:35:00+00:00
4183,4183.T,4183.jp,2023-04-11,1516.94,1516.94,1494.16,1507.84,972253,https://stooq.com/q/d/l/?s=4183.jp&i=d,2026-03-26T08:35:00+00:00
4183,4183.T,4183.jp,2023-04-12,1514.67,1528.34,1510.12,1523.78,1677131,https://stooq.com/q/d/l/?s=4183.jp&i=d,2026-03-26T08:35:00+00:00
4183,4183.T,4183.jp,2023-04-13,1523.78,1526.06,1505.56,1512.39,1703912,https://stooq.com/q/d/l/?s=4183.jp&i=d,2026-03-26T08:35:00+00:00
4183,4183.T,4183.jp,2023-04-14,1510.12,1519.22,1505.56,1507.84,1141722,https://stooq.com/q/d/l/?s=4183.jp&i=d,2026-03-26T08:35:00+00:00
4183,4183.T,4183.jp,2023-04-17,1516.94,1551.11,1510.12,1548.84,1832332,https://stooq.com/q/d/l/?s=4183.jp&i=d,2026-03-26T08:35:00+00:00
4183,4183.T,4183.jp,2023-04-18,1548.84,1573.88,1544.28,1557.95,2082804,https://stooq.com/q/d/l/?s=4183.jp&i=d,2026-03-26T08:35:00+00:00
4183,4183.T,4183.jp,2023-04-19,1569.34,1569.34,1551.11,1564.78,1752207,https://stooq.com/q/d/l/?s=4183.jp&i=d,2026-03-26T08:35:00+00:00
4183,4183.T,4183.jp,2023-04-20,1557.95,1571.61,1553.40,1560.22,1206261,https://stooq.com/q/d/l/?s=4183.jp&i=d,2026-03-26T08:35:00+00:00
4183,4183.T,4183.jp,2023-04-21,1546.56,1562.50,1539.72,1555.67,1113185,https://stooq.com/q/d/l/?s=4183.jp&i=d,2026-03-26T08:35:00+00:00
4183,4183.T,4183.jp,2023-04-24,1553.40,1562.50,1542.00,1557.95,1063134,https://stooq.com/q/d/l/?s=4183.jp&i=d,2026-03-26T08:35:00+00:00
4183,4183.T,4183.jp,2023-04-25,1564.78,1567.06,1546.56,1553.40,2532600,https://stooq.com/q/d/l/?s=4183.jp&i=d,2026-03-26T08:35:00+00:00
4183,4183.T,4183.jp,2023-04-26,1530.62,1530.62,1516.94,1526.06,1489003,https://stooq.com/q/d/l/?s=4183.jp&i=d,2026-03-26T08:35:00+00:00
4183,4183.T,4183.jp,2023-04-27,1507.84,1542.00,1505.56,1537.44,2003557,https://stooq.com/q/d/l/?s=4183.jp&i=d,2026-03-26T08:35:00+00:00
4183,4183.T,4183.jp,2023-04-28,1555.67,1557.95,1539.72,1555.67,1347851,https://stooq.com/q/d/l/?s=4183.jp&i=d,2026-03-26T08:35:00+00:00
4183,4183.T,4183.jp,2023-05-01,1569.34,1585.28,1562.50,1580.72,1153576,https://stooq.com/q/d/l/?s=4183.jp&i=d,2026-03-26T08:35:00+00:00
4183,4183.T,4183.jp,2023-05-02,1589.83,1594.39,1573.88,1583.00,1208456,https://stooq.com/q/d/l/?s=4183.jp&i=d,2026-03-26T08:35:00+00:00
4183,4183.T,4183.jp,2023-05-08,1567.06,1576.17,1560.22,1571.61,1147210,https://stooq.com/q/d/l/?s=4183.jp&i=d,2026-03-26T08:35:00+00:00
4183,4183.T,4183.jp,2023-05-09,1587.56,1587.56,1569.34,1580.72,1220310,https://stooq.com/q/d/l/?s=4183.jp&i=d,2026-03-26T08:35:00+00:00
4183,4183.T,4183.jp,2023-05-10,1578.44,1592.12,1576.17,1589.83,1411073,https://stooq.com/q/d/l/?s=4183.jp&i=d,2026-03-26T08:35:00+00:00
4183,4183.T,4183.jp,2023-05-11,1592.12,1594.39,1573.88,1580.72,1998508,https://stooq.com/q/d/l/?s=4183.jp&i=d,2026-03-26T08:35:00+00:00
4183,4183.T,4183.jp,2023-05-12,1589.83,1685.50,1564.78,1571.61,5024589,https://stooq.com/q/d/l/?s=4183.jp&i=d,2026-03-26T08:35:00+00:00
4183,4183.T,4183.jp,2023-05-15,1583.00,1603.50,1571.61,1598.94,1880626,https://stooq.com/q/d/l/?s=4183.jp&i=d,2026-03-26T08:35:00+00:00
4183,4183.T,4183.jp,2023-05-16,1594.39,1596.67,1560.22,1589.83,2111341,https://stooq.com/q/d/l/?s=4183.jp&i=d,2026-03-26T08:35:00+00:00
4183,4183.T,4183.jp,2023-05-17,1589.83,1601.22,1587.56,1587.56,965667,https://stooq.com/q/d/l/?s=4183.jp&i=d,2026-03-26T08:35:00+00:00
4183,4183.T,4183.jp,2023-05-18,1598.94,1614.89,1592.12,1614.89,1074330,https://stooq.com/q/d/l/?s=4183.jp&i=d,2026-03-26T08:35:00+00:00
4183,4183.T,4183.jp,2023-05-19,1621.72,1621.72,1603.50,1603.50,1032401,https://stooq.com/q/d/l/?s=4183.jp&i=d,2026-03-26T08:35:00+00:00
4183,4183.T,4183.jp,2023-05-22,1614.89,1635.39,1605.77,1633.11,1502174,https://stooq.com/q/d/l/?s=4183.jp&i=d,2026-03-26T08:35:00+00:00
4183,4183.T,4183.jp,2023-05-23,1639.94,1651.33,1608.06,1619.44,1651228,https://stooq.com/q/d/l/?s=4183.jp&i=d,2026-03-26T08:35:00+00:00
4183,4183.T,4183.jp,2023-05-24,1617.16,1619.44,1596.67,1601.22,1184968,https://stooq.com/q/d/l/?s=4183.jp&i=d,2026-03-26T08:35:00+00:00
4183,4183.T,4183.jp,2023-05-25,1598.94,1630.84,1592.12,1619.44,1409317,https://stooq.com/q/d/l/?s=4183.jp&i=d,2026-03-26T08:35:00+00:00
4183,4183.T,4183.jp,2023-05-26,1624.00,1635.39,1598.94,1603.50,1069720,https://stooq.com/q/d/l/?s=4183.jp&i=d,2026-03-26T08:35:00+00:00
4183,4183.T,4183.jp,2023-05-29,1612.60,1635.39,1610.34,1628.55,1618519,https://stooq.com/q/d/l/?s=4183.jp&i=d,2026-03-26T08:35:00+00:00
4183,4183.T,4183.jp,2023-05-30,1624.00,1639.94,1612.60,1639.94,1477368,https://stooq.com/q/d/l/?s=4183.jp&i=d,2026-03-26T08:35:00+00:00
4183,4183.T,4183.jp,2023-05-31,1621.72,1628.55,1594.39,1605.77,4859730,https://stooq.com/q/d/l/?s=4183.jp&i=d,2026-03-26T08:35:00+00:00
4183,4183.T,4183.jp,2023-06-01,1598.94,1637.66,1598.94,1630.84,1547614,https://stooq.com/q/d/l/?s=4183.jp&i=d,2026-03-26T08:35:00+00:00
4183,4183.T,4183.jp,2023-06-02,1655.88,1690.05,1653.61,1687.78,2256663,https://stooq.com/q/d/l/?s=4183.jp&i=d,2026-03-26T08:35:00+00:00
4183,4183.T,4183.jp,2023-06-05,1712.83,1716.47,1683.22,1690.96,1604250,https://stooq.com/q/d/l/?s=4183.jp&i=d,2026-03-26T08:35:00+00:00
4183,4183.T,4183.jp,2023-06-06,1668.18,1749.27,1666.82,1748.36,2418669,https://stooq.com/q/d/l/?s=4183.jp&i=d,2026-03-26T08:35:00+00:00
4183,4183.T,4183.jp,2023-06-07,1765.68,1792.09,1755.19,1766.12,4289417,https://stooq.com/q/d/l/?s=4183.jp&i=d,2026-03-26T08:35:00+00:00
4183,4183.T,4183.jp,2023-06-08,1766.12,1772.50,1713.28,1724.67,2536990,https://stooq.com/q/d/l/?s=4183.jp&i=d,2026-03-26T08:35:00+00:00
4183,4183.T,4183.jp,2023-06-09,1747.91,1769.32,1736.06,1769.32,2511526,https://stooq.com/q/d/l/?s=4183.jp&i=d,2026-03-26T08:35:00+00:00
4183,4183.T,4183.jp,2023-06-12,1769.77,1774.32,1752.46,1760.21,1306801,https://stooq.com/q/d/l/?s=4183.jp&i=d,2026-03-26T08:35:00+00:00
4183,4183.T,4183.jp,2023-06-13,1766.58,1784.80,1753.82,1773.87,1238530,https://stooq.com/q/d/l/?s=4183.jp&i=d,2026-03-26T08:35:00+00:00
4183,4183.T,4183.jp,2023-06-14,1781.62,1814.87,1774.78,1802.58,2189051,https://stooq.com/q/d/l/?s=4183.jp&i=d,2026-03-26T08:35:00+00:00
4183,4183.T,4183.jp,2023-06-15,1802.12,1846.31,1792.54,1818.06,1952628,https://stooq.com/q/d/l/?s=4183.jp&i=d,2026-03-26T08:35:00+00:00
4183,4183.T,4183.jp,2023-06-16,1834.46,1840.84,1803.94,1819.88,2682093,https://stooq.com/q/d/l/?s=4183.jp&i=d,2026-03-26T08:35:00+00:00
4183,4183.T,4183.jp,2023-06-19,1830.36,1853.14,1816.24,1824.90,1693595,https://stooq.com/q/d/l/?s=4183.jp&i=d,2026-03-26T08:35:00+00:00
4183,4183.T,4183.jp,2023-06-20,1809.86,1818.97,1797.10,1805.30,1058305,https://stooq.com/q/d/l/?s=4183.jp&i=d,2026-03-26T08:35:00+00:00
4183,4183.T,4183.jp,2023-06-21,1789.36,1847.67,1785.72,1845.84,2289372,https://stooq.com/q/d/l/?s=4183.jp&i=d,2026-03-26T08:35:00+00:00
4183,4183.T,4183.jp,2023-06-22,1858.60,1888.67,1855.86,1875.00,2588797,https://stooq.com/q/d/l/?s=4183.jp&i=d,2026-03-26T08:35:00+00:00
4183,4183.T,4183.jp,2023-06-23,1890.50,1903.70,1846.31,1863.61,2824342,https://stooq.com/q/d/l/?s=4183.jp&i=d,2026-03-26T08:35:00+00:00
4183,4183.T,4183.jp,2023-06-26,1875.91,1917.82,1863.61,1896.86,2273347,https://stooq.com/q/d/l/?s=4183.jp&i=d,2026-03-26T08:35:00+00:00
4183,4183.T,4183.jp,2023-06-27,1944.24,1957.00,1914.18,1942.88,2859684,https://stooq.com/q/d/l/?s=4183.jp&i=d,2026-03-26T08:35:00+00:00
4183,4183.T,4183.jp,2023-06-28,1925.10,1964.29,1920.56,1959.28,2277957,https://stooq.com/q/d/l/?s=4183.jp&i=d,2026-03-26T08:35:00+00:00
4183,4183.T,4183.jp,2023-06-29,1965.65,1970.66,1937.87,1946.97,1637617,https://stooq.com/q/d/l/?s=4183.jp&i=d,2026-03-26T08:35:00+00:00
4183,4183.T,4183.jp,2023-06-30,1945.61,1946.97,1915.10,1926.48,2085438,https://stooq.com/q/d/l/?s=4183.jp&i=d,2026-03-26T08:35:00+00:00
4183,4183.T,4183.jp,2023-07-03,1930.12,1971.12,1927.84,1964.74,1840454,https://stooq.com/q/d/l/?s=4183.jp&i=d,2026-03-26T08:35:00+00:00
4183,4183.T,4183.jp,2023-07-04,1964.29,1964.74,1932.86,1936.50,1751768,https://stooq.com/q/d/l/?s=4183.jp&i=d,2026-03-26T08:35:00+00:00
4183,4183.T,4183.jp,2023-07-05,1926.93,1944.70,1916.46,1940.60,1910920,https://stooq.com/q/d/l/?s=4183.jp&i=d,2026-03-26T08:35:00+00:00
4183,4183.T,4183.jp,2023-07-06,1917.82,1921.01,1900.06,1913.27,1905871,https://stooq.com/q/d/l/?s=4183.jp&i=d,2026-03-26T08:35:00+00:00
4183,4183.T,4183.jp,2023-07-07,1895.96,1899.60,1875.00,1880.46,2004216,https://stooq.com/q/d/l/?s=4183.jp&i=d,2026-03-26T08:35:00+00:00
4183,4183.T,4183.jp,2023-07-10,1900.51,1905.52,1873.18,1891.40,1678887,https://stooq.com/q/d/l/?s=4183.jp&i=d,2026-03-26T08:35:00+00:00
4183,4183.T,4183.jp,2023-07-11,1901.42,1912.81,1852.22,1854.04,1897529,https://stooq.com/q/d/l/?s=4183.jp&i=d,2026-03-26T08:35:00+00:00
4183,4183.T,4183.jp,2023-07-12,1863.16,1863.16,1819.88,1824.90,2234053,https://stooq.com/q/d/l/?s=4183.jp&i=d,2026-03-26T08:35:00+00:00
4183,4183.T,4183.jp,2023-07-13,1825.80,1834.46,1814.42,1828.08,1696668,https://stooq.com/q/d/l/?s=4183.jp&i=d,2026-03-26T08:35:00+00:00
4183,4183.T,4183.jp,2023-07-14,1825.80,1834.00,1807.58,1817.60,1567371,https://stooq.com/q/d/l/?s=4183.jp&i=d,2026-03-26T08:35:00+00:00
4183,4183.T,4183.jp,2023-07-18,1799.38,1824.90,1794.82,1824.90,1518857,https://stooq.com/q/d/l/?s=4183.jp&i=d,2026-03-26T08:35:00+00:00
4183,4183.T,4183.jp,2023-07-19,1845.39,1860.88,1836.74,1851.32,1417000,https://stooq.com/q/d/l/?s=4183.jp&i=d,2026-03-26T08:35:00+00:00
4183,4183.T,4183.jp,2023-07-20,1855.42,1859.97,1832.64,1834.46,1227115,https://stooq.com/q/d/l/?s=4183.jp&i=d,2026-03-26T08:35:00+00:00
4183,4183.T,4183.jp,2023-07-21,1834.91,1834.91,1808.04,1828.08,1271458,https://stooq.com/q/d/l/?s=4183.jp&i=d,2026-03-26T08:35:00+00:00
4183,4183.T,4183.jp,2023-07-24,1842.66,1850.40,1829.44,1837.64,1510515,https://stooq.com/q/d/l/?s=4183.jp&i=d,2026-03-26T08:35:00+00:00
4183,4183.T,4183.jp,2023-07-25,1846.76,1852.68,1833.55,1842.20,1358169,https://stooq.com/q/d/l/?s=4183.jp&i=d,2026-03-26T08:35:00+00:00
4183,4183.T,4183.jp,2023-07-26,1849.50,1856.78,1832.64,1849.95,1315801,https://stooq.com/q/d/l/?s=4183.jp&i=d,2026-03-26T08:35:00+00:00
4183,4183.T,4183.jp,2023-07-27,1851.78,1866.35,1838.56,1859.97,1336436,https://stooq.com/q/d/l/?s=4183.jp&i=d,2026-03-26T08:35:00+00:00
4183,4183.T,4183.jp,2023-07-28,1837.19,1844.48,1784.35,1823.98,3289504,https://stooq.com/q/d/l/?s=4183.jp&i=d,2026-03-26T08:35:00+00:00
4183,4183.T,4183.jp,2023-07-31,1840.38,1862.24,1826.72,1858.60,1817624,https://stooq.com/q/d/l/?s=4183.jp&i=d,2026-03-26T08:35:00+00:00
4183,4183.T,4183.jp,2023-08-01,1866.80,1866.80,1851.78,1859.97,952935,https://stooq.com/q/d/l/?s=4183.jp&i=d,2026-03-26T08:35:00+00:00
4183,4183.T,4183.jp,2023-08-02,1842.66,1862.24,1827.62,1835.82,1381877,https://stooq.com/q/d/l/?s=4183.jp&i=d,2026-03-26T08:35:00+00:00
4183,4183.T,4183.jp,2023-08-03,1801.66,1803.94,1753.37,1762.94,3097424,https://stooq.com/q/d/l/?s=4183.jp&i=d,2026-03-26T08:35:00+00:00
4183,4183.T,4183.jp,2023-08-04,1776.60,1798.92,1654.52,1676.84,8827770,https://stooq.com/q/d/l/?s=4183.jp&i=d,2026-03-26T08:35:00+00:00
4183,4183.T,4183.jp,2023-08-07,1661.81,1771.59,1661.81,1739.70,4585549,https://stooq.com/q/d/l/?s=4183.jp&i=d,2026-03-26T08:35:00+00:00
4183,4183.T,4183.jp,2023-08-08,1748.36,1782.52,1728.77,1778.88,2559162,https://stooq.com/q/d/l/?s=4183.jp&i=d,2026-03-26T08:35:00+00:00
4183,4183.T,4183.jp,2023-08-09,1774.32,1795.28,1767.49,1791.18,1766256,https://stooq.com/q/d/l/?s=4183.jp&i=d,2026-03-26T08:35:00+00:00
4183,4183.T,4183.jp,2023-08-10,1799.38,1810.31,1782.98,1806.22,1349607,https://stooq.com/q/d/l/?s=4183.jp&i=d,2026-03-26T08:35:00+00:00
4183,4183.T,4183.jp,2023-08-14,1811.23,1840.38,1800.30,1803.49,1891821,https://stooq.com/q/d/l/?s=4183.jp&i=d,2026-03-26T08:35:00+00:00
4183,4183.T,4183.jp,2023-08-15,1853.60,1880.02,1842.66,1871.36,3016202,https://stooq.com/q/d/l/?s=4183.jp&i=d,2026-03-26T08:35:00+00:00
4183,4183.T,4183.jp,2023-08-16,1843.58,1843.58,1795.74,1798.02,1916627,https://stooq.com/q/d/l/?s=4183.jp&i=d,2026-03-26T08:35:00+00:00
4183,4183.T,4183.jp,2023-08-17,1793.91,1793.91,1737.44,1762.48,2729509,https://stooq.com/q/d/l/?s=4183.jp&i=d,2026-03-26T08:35:00+00:00
4183,4183.T,4183.jp,2023-08-18,1741.52,1784.80,1735.61,1772.05,1814550,https://stooq.com/q/d/l/?s=4183.jp&i=d,2026-03-26T08:35:00+00:00
4183,4183.T,4183.jp,2023-08-21,1785.26,1823.07,1779.34,1808.50,2122976,https://stooq.com/q/d/l/?s=4183.jp&i=d,2026-03-26T08:35:00+00:00
4183,4183.T,4183.jp,2023-08-22,1808.50,1808.50,1780.24,1799.84,1545639,https://stooq.com/q/d/l/?s=4183.jp&i=d,2026-03-26T08:35:00+00:00
4183,4183.T,4183.jp,2023-08-23,1793.91,1819.88,1788.00,1805.30,1297362,https://stooq.com/q/d/l/?s=4183.jp&i=d,2026-03-26T08:35:00+00:00
4183,4183.T,4183.jp,2023-08-24,1799.38,1803.02,1782.52,1782.98,1491417,https://stooq.com/q/d/l/?s=4183.jp&i=d,2026-03-26T08:35:00+00:00
4183,4183.T,4183.jp,2023-08-25,1774.32,1777.51,1763.86,1775.24,1487685,https://stooq.com/q/d/l/?s=4183.jp&i=d,2026-03-26T08:35:00+00:00
4183,4183.T,4183.jp,2023-08-28,1800.76,1816.70,1793.46,1813.04,1017254,https://stooq.com/q/d/l/?s=4183.jp&i=d,2026-03-26T08:35:00+00:00
4183,4183.T,4183.jp,2023-08-29,1822.16,1823.98,1809.40,1817.60,1058744,https://stooq.com/q/d/l/?s=4183.jp&i=d,2026-03-26T08:35:00+00:00
4183,4183.T,4183.jp,2023-08-30,1817.60,1821.24,1802.12,1806.22,1481539,https://stooq.com/q/d/l/?s=4183.jp&i=d,2026-03-26T08:35:00+00:00
4183,4183.T,4183.jp,2023-08-31,1800.76,1812.59,1795.74,1802.12,2304519,https://stooq.com/q/d/l/?s=4183.jp&i=d,2026-03-26T08:35:00+00:00
4183,4183.T,4183.jp,2023-09-01,1777.51,1820.79,1776.60,1812.14,1122624,https://stooq.com/q/d/l/?s=4183.jp&i=d,2026-03-26T08:35:00+00:00
4183,4183.T,4183.jp,2023-09-04,1810.78,1836.28,1798.47,1833.55,1378365,https://stooq.com/q/d/l/?s=4183.jp&i=d,2026-03-26T08:35:00+00:00
4183,4183.T,4183.jp,2023-09-05,1838.56,1842.20,1813.04,1839.92,1308996,https://stooq.com/q/d/l/?s=4183.jp&i=d,2026-03-26T08:35:00+00:00
4183,4183.T,4183.jp,2023-09-06,1835.82,1851.78,1826.72,1847.67,1262239,https://stooq.com/q/d/l/?s=4183.jp&i=d,2026-03-26T08:35:00+00:00
4183,4183.T,4183.jp,2023-09-07,1829.00,1854.04,1820.33,1827.62,1843527,https://stooq.com/q/d/l/?s=4183.jp&i=d,2026-03-26T08:35:00+00:00
4183,4183.T,4183.jp,2023-09-08,1812.14,1816.70,1777.51,1779.34,1935067,https://stooq.com/q/d/l/?s=4183.jp&i=d,2026-03-26T08:35:00+00:00
4183,4183.T,4183.jp,2023-09-11,1782.07,1798.92,1760.21,1762.48,1433464,https://stooq.com/q/d/l/?s=4183.jp&i=d,2026-03-26T08:35:00+00:00
4183,4183.T,4183.jp,2023-09-12,1768.86,1791.18,1767.49,1788.45,1325241,https://stooq.com/q/d/l/?s=4183.jp&i=d,2026-03-26T08:35:00+00:00
4183,4183.T,4183.jp,2023-09-13,1772.96,1778.88,1736.52,1745.18,4232342,https://stooq.com/q/d/l/?s=4183.jp&i=d,2026-03-26T08:35:00+00:00
4183,4183.T,4183.jp,2023-09-14,1734.24,1781.62,1722.86,1774.78,3019714,https://stooq.com/q/d/l/?s=4183.jp&i=d,2026-03-26T08:35:00+00:00
4183,4183.T,4183.jp,2023-09-15,1783.90,1807.58,1777.06,1780.24,3554904,https://stooq.com/q/d/l/?s=4183.jp&i=d,2026-03-26T08:35:00+00:00
4183,4183.T,4183.jp,2023-09-19,1757.93,1806.22,1757.93,1803.49,2396717,https://stooq.com/q/d/l/?s=4183.jp&i=d,2026-03-26T08:35:00+00:00
4183,4183.T,4183.jp,2023-09-20,1825.80,1850.86,1811.68,1814.87,2558064,https://stooq.com/q/d/l/?s=4183.jp&i=d,2026-03-26T08:35:00+00:00
4183,4183.T,4183.jp,2023-09-21,1836.74,1888.22,1831.27,1868.17,3936429,https://stooq.com/q/d/l/?s=4183.jp&i=d,2026-03-26T08:35:00+00:00
4183,4183.T,4183.jp,2023-09-22,1843.58,1853.14,1827.18,1839.92,2346008,https://stooq.com/q/d/l/?s=4183.jp&i=d,2026-03-26T08:35:00+00:00
4183,4183.T,4183.jp,2023-09-25,1855.86,1859.51,1836.28,1849.50,1361681,https://stooq.com/q/d/l/?s=4183.jp&i=d,2026-03-26T08:35:00+00:00
4183,4183.T,4183.jp,2023-09-26,1866.80,1866.80,1831.72,1841.74,1422708,https://stooq.com/q/d/l/?s=4183.jp&i=d,2026-03-26T08:35:00+00:00
4183,4183.T,4183.jp,2023-09-27,1833.55,1834.46,1799.38,1830.82,1941652,https://stooq.com/q/d/l/?s=4183.jp&i=d,2026-03-26T08:35:00+00:00
4183,4183.T,4183.jp,2023-09-28,1823.86,1841.48,1808.10,1824.32,1655038,https://stooq.com/q/d/l/?s=4183.jp&i=d,2026-03-26T08:35:00+00:00
4183,4183.T,4183.jp,2023-09-29,1834.52,1834.52,1786.30,1797.44,1550425,https://stooq.com/q/d/l/?s=4183.jp&i=d,2026-03-26T08:35:00+00:00
4183,4183.T,4183.jp,2023-10-02,1819.69,1847.04,1815.52,1816.44,1823713,https://stooq.com/q/d/l/?s=4183.jp&i=d,2026-03-26T08:35:00+00:00
4183,4183.T,4183.jp,2023-10-03,1807.64,1816.44,1767.76,1776.11,2721872,https://stooq.com/q/d/l/?s=4183.jp&i=d,2026-03-26T08:35:00+00:00
4183,4183.T,4183.jp,2023-10-04,1747.82,1754.32,1698.68,1711.66,2976825,https://stooq.com/q/d/l/?s=4183.jp&i=d,2026-03-26T08:35:00+00:00
4183,4183.T,4183.jp,2023-10-05,1723.72,1733.92,1708.42,1728.82,2651340,https://stooq.com/q/d/l/?s=4183.jp&i=d,2026-03-26T08:35:00+00:00
4183,4183.T,4183.jp,2023-10-06,1732.06,1743.66,1722.33,1724.64,1538993,https://stooq.com/q/d/l/?s=4183.jp&i=d,2026-03-26T08:35:00+00:00
4183,4183.T,4183.jp,2023-10-10,1752.46,1789.08,1747.36,1783.98,1698609,https://stooq.com/q/d/l/?s=4183.jp&i=d,2026-03-26T08:35:00+00:00
4183,4183.T,4183.jp,2023-10-11,1790.48,1790.48,1759.42,1759.42,1983328,https://stooq.com/q/d/l/?s=4183.jp&i=d,2026-03-26T08:35:00+00:00
4183,4183.T,4183.jp,2023-10-12,1757.10,1783.98,1757.10,1777.97,1880872,https://stooq.com/q/d/l/?s=4183.jp&i=d,2026-03-26T08:35:00+00:00
4183,4183.T,4183.jp,2023-10-13,1748.28,1765.91,1743.20,1755.71,2133237,https://stooq.com/q/d/l/?s=4183.jp&i=d,2026-03-26T08:35:00+00:00
4183,4183.T,4183.jp,2023-10-16,1743.66,1756.64,1728.36,1745.50,1432224,https://stooq.com/q/d/l/?s=4183.jp&i=d,2026-03-26T08:35:00+00:00
4183,4183.T,4183.jp,2023-10-17,1760.34,1777.97,1741.34,1742.73,1214586,https://stooq.com/q/d/l/?s=4183.jp&i=d,2026-03-26T08:35:00+00:00
4183,4183.T,4183.jp,2023-10-18,1747.82,1759.88,1730.21,1735.78,1302590,https://stooq.com/q/d/l/?s=4183.jp&i=d,2026-03-26T08:35:00+00:00
4183,4183.T,4183.jp,2023-10-19,1717.68,1730.68,1712.59,1718.16,1067265,https://stooq.com/q/d/l/?s=4183.jp&i=d,2026-03-26T08:35:00+00:00
4183,4183.T,4183.jp,2023-10-20,1713.98,1716.30,1693.12,1694.98,1498227,https://stooq.com/q/d/l/?s=4183.jp&i=d,2026-03-26T08:35:00+00:00
4183,4183.T,4183.jp,2023-10-23,1692.19,1692.19,1663.92,1671.80,1490677,https://stooq.com/q/d/l/?s=4183.jp&i=d,2026-03-26T08:35:00+00:00
4183,4183.T,4183.jp,2023-10-24,1653.25,1684.32,1629.14,1678.29,2164297,https://stooq.com/q/d/l/?s=4183.jp&i=d,2026-03-26T08:35:00+00:00
4183,4183.T,4183.jp,2023-10-25,1694.52,1721.86,1688.02,1701.00,1712845,https://stooq.com/q/d/l/?s=4183.jp&i=d,2026-03-26T08:35:00+00:00
4183,4183.T,4183.jp,2023-10-26,1687.56,1706.56,1674.12,1695.90,1674882,https://stooq.com/q/d/l/?s=4183.jp&i=d,2026-03-26T08:35:00+00:00
4183,4183.T,4183.jp,2023-10-27,1728.36,1773.32,1720.01,1765.44,2388621,https://stooq.com/q/d/l/?s=4183.jp&i=d,2026-03-26T08:35:00+00:00
4183,4183.T,4183.jp,2023-10-30,1739.48,1739.48,1706.10,1724.64,1912795,https://stooq.com/q/d/l/?s=4183.jp&i=d,2026-03-26T08:35:00+00:00
4183,4183.T,4183.jp,2023-10-31,1748.28,1754.32,1718.62,1744.58,1567034,https://stooq.com/q/d/l/?s=4183.jp&i=d,2026-03-26T08:35:00+00:00
4183,4183.T,4183.jp,2023-11-01,1772.40,1788.16,1755.24,1780.28,2290048,https://stooq.com/q/d/l/?s=4183.jp&i=d,2026-03-26T08:35:00+00:00
4183,4183.T,4183.jp,2023-11-02,1794.19,1796.51,1769.16,1786.76,2026251,https://stooq.com/q/d/l/?s=4183.jp&i=d,2026-03-26T08:35:00+00:00
4183,4183.T,4183.jp,2023-11-06,1809.50,1833.60,1808.56,1826.64,2299107,https://stooq.com/q/d/l/?s=4183.jp&i=d,2026-03-26T08:35:00+00:00
4183,4183.T,4183.jp,2023-11-07,1819.69,1832.66,1803.46,1808.56,1871166,https://stooq.com/q/d/l/?s=4183.jp&i=d,2026-03-26T08:35:00+00:00
4183,4183.T,4183.jp,2023-11-08,1829.89,1830.35,1706.10,1803.46,6179701,https://stooq.com/q/d/l/?s=4183.jp&i=d,2026-03-26T08:35:00+00:00
4183,4183.T,4183.jp,2023-11-09,1819.69,1828.04,1739.94,1807.64,3129754,https://stooq.com/q/d/l/?s=4183.jp&i=d,2026-03-26T08:35:00+00:00
4183,4183.T,4183.jp,2023-11-10,1803.46,1849.82,1791.87,1847.04,2217574,https://stooq.com/q/d/l/?s=4183.jp&i=d,2026-03-26T08:35:00+00:00
4183,4183.T,4183.jp,2023-11-13,1854.92,1870.22,1845.64,1861.88,2315932,https://stooq.com/q/d/l/?s=4183.jp&i=d,2026-03-26T08:35:00+00:00
4183,4183.T,4183.jp,2023-11-14,1869.30,1903.14,1866.52,1872.54,1957444,https://stooq.com/q/d/l/?s=4183.jp&i=d,2026-03-26T08:35:00+00:00
4183,4183.T,4183.jp,2023-11-15,1884.59,1897.58,1880.42,1888.30,1880872,https://stooq.com/q/d/l/?s=4183.jp&i=d,2026-03-26T08:35:00+00:00
4183,4183.T,4183.jp,2023-11-16,1873.00,1893.40,1848.43,1870.22,1467813,https://stooq.com/q/d/l/?s=4183.jp&i=d,2026-03-26T08:35:00+00:00
4183,4183.T,4183.jp,2023-11-17,1870.22,1934.20,1868.84,1932.81,2361659,https://stooq.com/q/d/l/?s=4183.jp&i=d,2026-03-26T08:35:00+00:00
4183,4183.T,4183.jp,2023-11-20,1928.64,1931.88,1896.18,1896.18,1499952,https://stooq.com/q/d/l/?s=4183.jp&i=d,2026-03-26T08:35:00+00:00
4183,4183.T,4183.jp,2023-11-21,1880.88,1918.90,1873.46,1905.92,1828458,https://stooq.com/q/d/l/?s=4183.jp&i=d,2026-03-26T08:35:00+00:00
4183,4183.T,4183.jp,2023-11-22,1904.53,1969.90,1903.60,1964.34,2159120,https://stooq.com/q/d/l/?s=4183.jp&i=d,2026-03-26T08:35:00+00:00
4183,4183.T,4183.jp,2023-11-24,1984.26,2014.40,1965.26,1995.86,2641202,https://stooq.com/q/d/l/?s=4183.jp&i=d,2026-03-26T08:35:00+00:00
4183,4183.T,4183.jp,2023-11-27,2024.14,2050.56,1994.47,1996.32,2331678,https://stooq.com/q/d/l/?s=4183.jp&i=d,2026-03-26T08:35:00+00:00
4183,4183.T,4183.jp,2023-11-28,2003.28,2022.29,1994.47,2003.28,1621389,https://stooq.com/q/d/l/?s=4183.jp&i=d,2026-03-26T08:35:00+00:00
4183,4183.T,4183.jp,2023-11-29,2009.77,2023.68,1994.94,2017.19,1660862,https://stooq.com/q/d/l/?s=4183.jp&i=d,2026-03-26T08:35:00+00:00
4183,4183.T,4183.jp,2023-11-30,1994.01,2016.26,1993.54,2006.52,2626966,https://stooq.com/q/d/l/?s=4183.jp&i=d,2026-03-26T08:35:00+00:00
4183,4183.T,4183.jp,2023-12-01,2006.06,2008.38,1953.21,1968.04,3049515,https://stooq.com/q/d/l/?s=4183.jp&i=d,2026-03-26T08:35:00+00:00
4183,4183.T,4183.jp,2023-12-04,1970.82,1977.32,1950.88,1969.44,1185251,https://stooq.com/q/d/l/?s=4183.jp&i=d,2026-03-26T08:35:00+00:00
4183,4183.T,4183.jp,2023-12-05,1957.84,1976.39,1950.88,1956.92,1178349,https://stooq.com/q/d/l/?s=4183.jp&i=d,2026-03-26T08:35:00+00:00
4183,4183.T,4183.jp,2023-12-06,1966.19,2000.50,1964.34,1996.79,1365142,https://stooq.com/q/d/l/?s=4183.jp&i=d,2026-03-26T08:35:00+00:00
4183,4183.T,4183.jp,2023-12-07,1996.79,2013.01,1986.59,1990.76,1495207,https://stooq.com/q/d/l/?s=4183.jp&i=d,2026-03-26T08:35:00+00:00
4183,4183.T,4183.jp,2023-12-08,1958.31,1975.00,1913.80,1927.71,2334913,https://stooq.com/q/d/l/?s=4183.jp&i=d,2026-03-26T08:35:00+00:00
4183,4183.T,4183.jp,2023-12-11,1942.54,1961.08,1931.42,1942.54,1213292,https://stooq.com/q/d/l/?s=4183.jp&i=d,2026-03-26T08:35:00+00:00
4183,4183.T,4183.jp,2023-12-12,1952.74,1962.02,1929.10,1939.30,1731179,https://stooq.com/q/d/l/?s=4183.jp&i=d,2026-03-26T08:35:00+00:00
4183,4183.T,4183.jp,2023-12-13,1955.06,1955.06,1929.10,1938.84,1543523,https://stooq.com/q/d/l/?s=4183.jp&i=d,2026-03-26T08:35:00+00:00
4183,4183.T,4183.jp,2023-12-14,1930.96,1959.70,1925.39,1929.10,2148767,https://stooq.com/q/d/l/?s=4183.jp&i=d,2026-03-26T08:35:00+00:00
4183,4183.T,4183.jp,2023-12-15,1918.44,1969.90,1916.58,1953.67,1564230,https://stooq.com/q/d/l/?s=4183.jp&i=d,2026-03-26T08:35:00+00:00
4183,4183.T,4183.jp,2023-12-18,1949.50,1949.50,1905.46,1923.07,1267432,https://stooq.com/q/d/l/?s=4183.jp&i=d,2026-03-26T08:35:00+00:00
4183,4183.T,4183.jp,2023-12-19,1913.34,1925.39,1889.23,1925.39,1107600,https://stooq.com/q/d/l/?s=4183.jp&i=d,2026-03-26T08:35:00+00:00
4183,4183.T,4183.jp,2023-12-20,1937.92,2010.70,1936.52,1998.18,2088156,https://stooq.com/q/d/l/?s=4183.jp&i=d,2026-03-26T08:35:00+00:00
4183,4183.T,4183.jp,2023-12-21,1979.64,1990.30,1955.52,1962.94,1329336,https://stooq.com/q/d/l/?s=4183.jp&i=d,2026-03-26T08:35:00+00:00
4183,4183.T,4183.jp,2023-12-22,1970.36,1991.69,1955.52,1968.04,1511600,https://stooq.com/q/d/l/?s=4183.jp&i=d,2026-03-26T08:35:00+00:00
4183,4183.T,4183.jp,2023-12-25,1983.80,1985.20,1927.24,1935.13,1155269,https://stooq.com/q/d/l/?s=4183.jp&i=d,2026-03-26T08:35:00+00:00
4183,4183.T,4183.jp,2023-12-26,1964.80,1970.36,1939.30,1942.54,1117954,https://stooq.com/q/d/l/?s=4183.jp&i=d,2026-03-26T08:35:00+00:00
4183,4183.T,4183.jp,2023-12-27,1956.92,1974.54,1951.82,1959.24,1371397,https://stooq.com/q/d/l/?s=4183.jp&i=d,2026-03-26T08:35:00+00:00
4183,4183.T,4183.jp,2023-12-28,1958.31,1973.14,1950.42,1961.08,601792,https://stooq.com/q/d/l/?s=4183.jp&i=d,2026-03-26T08:35:00+00:00
4183,4183.T,4183.jp,2023-12-29,1966.66,1970.82,1931.42,1938.84,830646,https://stooq.com/q/d/l/?s=4183.jp&i=d,2026-03-26T08:35:00+00:00
4183,4183.T,4183.jp,2024-01-04,1934.67,1998.18,1924.00,1996.79,1669058,https://stooq.com/q/d/l/?s=4183.jp&i=d,2026-03-26T08:35:00+00:00
4183,4183.T,4183.jp,2024-01-05,1991.22,2030.16,1991.22,2020.43,1687608,https://stooq.com/q/d/l/?s=4183.jp&i=d,2026-03-26T08:35:00+00:00
4183,4183.T,4183.jp,2024-01-09,2025.07,2045.93,1992.15,2003.28,1647057,https://stooq.com/q/d/l/?s=4183.jp&i=d,2026-03-26T08:35:00+00:00
4183,4183.T,4183.jp,2024-01-10,2003.28,2015.80,1985.66,2000.96,1257941,https://stooq.com/q/d/l/?s=4183.jp&i=d,2026-03-26T08:35:00+00:00
4183,4183.T,4183.jp,2024-01-11,2028.32,2063.09,2020.90,2043.15,2011800,https://stooq.com/q/d/l/?s=4183.jp&i=d,2026-03-26T08:35:00+00:00
4183,4183.T,4183.jp,2024-01-12,2083.02,2083.02,2022.75,2039.44,1213723,https://stooq.com/q/d/l/?s=4183.jp&i=d,2026-03-26T08:35:00+00:00
4183,4183.T,4183.jp,2024-01-15,2035.27,2077.00,2030.63,2058.92,1358455,https://stooq.com/q/d/l/?s=4183.jp&i=d,2026-03-26T08:35:00+00:00
4183,4183.T,4183.jp,2024-01-16,2050.10,2058.92,2039.44,2045.46,831725,https://stooq.com/q/d/l/?s=4183.jp&i=d,2026-03-26T08:35:00+00:00
4183,4183.T,4183.jp,2024-01-17,2051.49,2066.80,2003.74,2003.74,1495854,https://stooq.com/q/d/l/?s=4183.jp&i=d,2026-03-26T08:35:00+00:00
4183,4183.T,4183.jp,2024-01-18,1994.01,2011.62,1988.44,2004.67,1225155,https://stooq.com/q/d/l/?s=4183.jp&i=d,2026-03-26T08:35:00+00:00
4183,4183.T,4183.jp,2024-01-19,2044.08,2050.10,2020.43,2041.30,1808398,https://stooq.com/q/d/l/?s=4183.jp&i=d,2026-03-26T08:35:00+00:00
4183,4183.T,4183.jp,2024-01-22,2063.09,2071.43,2058.92,2069.11,1348318,https://stooq.com/q/d/l/?s=4183.jp&i=d,2026-03-26T08:35:00+00:00
4183,4183.T,4183.jp,2024-01-23,2072.36,2084.88,2057.52,2059.84,1087109,https://stooq.com/q/d/l/?s=4183.jp&i=d,2026-03-26T08:35:00+00:00
4183,4183.T,4183.jp,2024-01-24,2048.72,2057.52,2013.48,2016.72,1240685,https://stooq.com/q/d/l/?s=4183.jp&i=d,2026-03-26T08:35:00+00:00
4183,4183.T,4183.jp,2024-01-25,2024.14,2042.22,2019.96,2038.98,1056480,https://stooq.com/q/d/l/?s=4183.jp&i=d,2026-03-26T08:35:00+00:00
4183,4183.T,4183.jp,2024-01-26,2025.07,2026.92,1991.69,1998.18,1347023,https://stooq.com/q/d/l/?s=4183.jp&i=d,2026-03-26T08:35:00+00:00
4183,4183.T,4183.jp,2024-01-29,2007.92,2031.56,1999.56,2028.78,891473,https://stooq.com/q/d/l/?s=4183.jp&i=d,2026-03-26T08:35:00+00:00
4183,4183.T,4183.jp,2024-01-30,2019.04,2023.21,2007.00,2008.38,686561,https://stooq.com/q/d/l/?s=4183.jp&i=d,2026-03-26T08:35:00+00:00
4183,4183.T,4183.jp,2024-01-31,1987.52,2030.16,1984.26,2027.85,1036636,https://stooq.com/q/d/l/?s=4183.jp&i=d,2026-03-26T08:35:00+00:00
4183,4183.T,4183.jp,2024-02-01,2006.06,2020.90,1995.86,2018.11,994144,https://stooq.com/q/d/l/?s=4183.jp&i=d,2026-03-26T08:35:00+00:00
4183,4183.T,4183.jp,2024-02-02,2027.85,2030.63,1998.64,2013.94,1021969,https://stooq.com/q/d/l/?s=4183.jp&i=d,2026-03-26T08:35:00+00:00
4183,4183.T,4183.jp,2024-02-05,2037.59,2037.59,2008.84,2030.16,1018734,https://stooq.com/q/d/l/?s=4183.jp&i=d,2026-03-26T08:35:00+00:00
4183,4183.T,4183.jp,2024-02-06,2023.68,2023.68,1997.72,2008.38,1106091,https://stooq.com/q/d/l/?s=4183.jp&i=d,2026-03-26T08:35:00+00:00
4183,4183.T,4183.jp,2024-02-07,1998.64,2053.35,1892.02,1924.00,6229311,https://stooq.com/q/d/l/?s=4183.jp&i=d,2026-03-26T08:35:00+00:00
4183,4183.T,4183.jp,2024-02-08,1948.57,1952.74,1864.66,1864.66,4578156,https://stooq.com/q/d/l/?s=4183.jp&i=d,2026-03-26T08:35:00+00:00
4183,4183.T,4183.jp,2024-02-09,1840.56,1869.76,1815.52,1832.20,5277012,https://stooq.com/q/d/l/?s=4183.jp&i=d,2026-03-26T08:35:00+00:00
4183,4183.T,4183.jp,2024-02-13,1827.56,1864.66,1801.14,1864.66,3480261,https://stooq.com/q/d/l/?s=4183.jp&i=d,2026-03-26T08:35:00+00:00
4183,4183.T,4183.jp,2024-02-14,1859.10,1860.95,1819.22,1835.91,1906324,https://stooq.com/q/d/l/?s=4183.jp&i=d,2026-03-26T08:35:00+00:00
4183,4183.T,4183.jp,2024-02-15,1852.14,1852.14,1818.30,1838.24,1643175,https://stooq.com/q/d/l/?s=4183.jp&i=d,2026-03-26T08:35:00+00:00
4183,4183.T,4183.jp,2024-02-16,1845.18,1864.20,1836.84,1847.50,1833635,https://stooq.com/q/d/l/?s=4183.jp&i=d,2026-03-26T08:35:00+00:00
4183,4183.T,4183.jp,2024-02-19,1851.22,1888.76,1846.11,1885.52,1366436,https://stooq.com/q/d/l/?s=4183.jp&i=d,2026-03-26T08:35:00+00:00
4183,4183.T,4183.jp,2024-02-20,1882.28,1887.84,1866.05,1878.10,1521738,https://stooq.com/q/d/l/?s=4183.jp&i=d,2026-03-26T08:35:00+00:00
4183,4183.T,4183.jp,2024-02-21,1875.32,1888.30,1862.80,1873.00,1105444,https://stooq.com/q/d/l/?s=4183.jp&i=d,2026-03-26T08:35:00+00:00
4183,4183.T,4183.jp,2024-02-22,1905.46,1936.98,1896.18,1909.64,2345266,https://stooq.com/q/d/l/?s=4183.jp&i=d,2026-03-26T08:35:00+00:00
4183,4183.T,4183.jp,2024-02-26,1946.72,1953.21,1922.61,1939.30,2164729,https://stooq.com/q/d/l/?s=4183.jp&i=d,2026-03-26T08:35:00+00:00
4183,4183.T,4183.jp,2024-02-27,1936.06,1971.28,1926.78,1955.98,2106922,https://stooq.com/q/d/l/?s=4183.jp&i=d,2026-03-26T08:35:00+00:00
4183,4183.T,4183.jp,2024-02-28,1953.67,1955.98,1904.53,1921.22,1819614,https://stooq.com/q/d/l/?s=4183.jp&i=d,2026-03-26T08:35:00+00:00
4183,4183.T,4183.jp,2024-02-29,1909.64,1937.45,1896.18,1923.07,2448154,https://stooq.com/q/d/l/?s=4183.jp&i=d,2026-03-26T08:35:00+00:00
4183,4183.T,4183.jp,2024-03-01,1947.18,1995.86,1938.84,1981.48,2695342,https://stooq.com/q/d/l/?s=4183.jp&i=d,2026-03-26T08:35:00+00:00
4183,4183.T,4183.jp,2024-03-04,2002.81,2011.62,1972.22,1972.22,2218437,https://stooq.com/q/d/l/?s=4183.jp&i=d,2026-03-26T08:35:00+00:00
4183,4183.T,4183.jp,2024-03-05,1956.46,1962.02,1935.13,1939.76,1370103,https://stooq.com/q/d/l/?s=4183.jp&i=d,2026-03-26T08:35:00+00:00
4183,4183.T,4183.jp,2024-03-06,1930.49,1974.07,1925.86,1970.36,1537483,https://stooq.com/q/d/l/?s=4183.jp&i=d,2026-03-26T08:35:00+00:00
4183,4183.T,4183.jp,2024-03-07,1975.00,1994.47,1943.47,1944.86,1372044,https://stooq.com/q/d/l/?s=4183.jp&i=d,2026-03-26T08:35:00+00:00
4183,4183.T,4183.jp,2024-03-08,1942.08,1991.22,1941.62,1977.32,1706374,https://stooq.com/q/d/l/?s=4183.jp&i=d,2026-03-26T08:35:00+00:00
4183,4183.T,4183.jp,2024-03-11,1968.04,1968.04,1906.85,1925.39,1481187,https://stooq.com/q/d/l/?s=4183.jp&i=d,2026-03-26T08:35:00+00:00
4183,4183.T,4183.jp,2024-03-12,1906.39,1938.84,1877.64,1938.84,1617938,https://stooq.com/q/d/l/?s=4183.jp&i=d,2026-03-26T08:35:00+00:00
4183,4183.T,4183.jp,2024-03-13,1944.86,1969.90,1921.68,1939.30,2368993,https://stooq.com/q/d/l/?s=4183.jp&i=d,2026-03-26T08:35:00+00:00
4183,4183.T,4183.jp,2024-03-14,1930.96,1986.59,1930.96,1973.61,2862938,https://stooq.com/q/d/l/?s=4183.jp&i=d,2026-03-26T08:35:00+00:00
4183,4183.T,4183.jp,2024-03-15,1955.06,1989.84,1951.82,1975.47,1813790,https://stooq.com/q/d/l/?s=4183.jp&i=d,2026-03-26T08:35:00+00:00
4183,4183.T,4183.jp,2024-03-18,1996.79,2044.08,1981.95,2031.56,1548700,https://stooq.com/q/d/l/?s=4183.jp&i=d,2026-03-26T08:35:00+00:00
4183,4183.T,4183.jp,2024-03-19,2064.02,2108.98,2053.35,2103.89,2299539,https://stooq.com/q/d/l/?s=4183.jp&i=d,2026-03-26T08:35:00+00:00
4183,4183.T,4183.jp,2024-03-21,2106.66,2127.52,2089.04,2104.82,2362522,https://stooq.com/q/d/l/?s=4183.jp&i=d,2026-03-26T08:35:00+00:00
4183,4183.T,4183.jp,2024-03-22,2102.49,2131.24,2095.54,2104.82,1635841,https://stooq.com/q/d/l/?s=4183.jp&i=d,2026-03-26T08:35:00+00:00
4183,4183.T,4183.jp,2024-03-25,2104.82,2107.13,2060.30,2062.16,1390378,https://stooq.com/q/d/l/?s=4183.jp&i=d,2026-03-26T08:35:00+00:00
4183,4183.T,4183.jp,2024-03-26,2063.09,2075.60,2048.72,2065.40,1240254,https://stooq.com/q/d/l/?s=4183.jp&i=d,2026-03-26T08:35:00+00:00
4183,4183.T,4183.jp,2024-03-27,2077.00,2117.79,2060.76,2101.10,2716911,https://stooq.com/q/d/l/?s=4183.jp&i=d,2026-03-26T08:35:00+00:00
4183,4183.T,4183.jp,2024-03-28,2122.76,2146.30,2077.08,2084.15,2114941,https://stooq.com/q/d/l/?s=4183.jp&i=d,2026-03-26T08:35:00+00:00
4183,4183.T,4183.jp,2024-03-29,2075.67,2082.74,2033.30,2039.42,3157864,https://stooq.com/q/d/l/?s=4183.jp&i=d,2026-03-26T08:35:00+00:00
4183,4183.T,4183.jp,2024-04-01,2013.98,2013.98,1926.88,1955.12,3620395,https://stooq.com/q/d/l/?s=4183.jp&i=d,2026-03-26T08:35:00+00:00
4183,4183.T,4183.jp,2024-04-02,1958.42,1968.78,1933.46,1968.78,2633748,https://stooq.com/q/d/l/?s=4183.jp&i=d,2026-03-26T08:35:00+00:00
4183,4183.T,4183.jp,2024-04-03,1966.90,2036.58,1951.83,2026.70,1774945,https://stooq.com/q/d/l/?s=4183.jp&i=d,2026-03-26T08:35:00+00:00
4183,4183.T,4183.jp,2024-04-04,2043.18,2081.32,2032.34,2066.26,1680442,https://stooq.com/q/d/l/?s=4183.jp&i=d,2026-03-26T08:35:00+00:00
4183,4183.T,4183.jp,2024-04-05,2045.54,2082.27,2035.64,2078.50,1531787,https://stooq.com/q/d/l/?s=4183.jp&i=d,2026-03-26T08:35:00+00:00
4183,4183.T,4183.jp,2024-04-08,2086.03,2110.99,2082.27,2101.57,933980,https://stooq.com/q/d/l/?s=4183.jp&i=d,2026-03-26T08:35:00+00:00
4183,4183.T,4183.jp,2024-04-09,2114.29,2140.18,2112.41,2113.82,1381645,https://stooq.com/q/d/l/?s=4183.jp&i=d,2026-03-26T08:35:00+00:00
4183,4183.T,4183.jp,2024-04-10,2128.42,2166.08,2123.70,2137.36,1618219,https://stooq.com/q/d/l/?s=4183.jp&i=d,2026-03-26T08:35:00+00:00
4183,4183.T,4183.jp,2024-04-11,2109.58,2136.89,2096.40,2136.42,1182447,https://stooq.com/q/d/l/?s=4183.jp&i=d,2026-03-26T08:35:00+00:00
4183,4183.T,4183.jp,2024-04-12,2142.54,2148.66,2116.17,2128.89,911045,https://stooq.com/q/d/l/?s=4183.jp&i=d,2026-03-26T08:35:00+00:00
4183,4183.T,4183.jp,2024-04-15,2111.94,2144.43,2102.04,2137.36,833319,https://stooq.com/q/d/l/?s=4183.jp&i=d,2026-03-26T08:35:00+00:00
4183,4183.T,4183.jp,2024-04-16,2126.05,2141.13,2098.28,2098.28,1366355,https://stooq.com/q/d/l/?s=4183.jp&i=d,2026-03-26T08:35:00+00:00
4183,4183.T,4183.jp,2024-04-17,2124.18,2130.76,2093.57,2101.57,1330253,https://stooq.com/q/d/l/?s=4183.jp&i=d,2026-03-26T08:35:00+00:00
4183,4183.T,4183.jp,2024-04-18,2099.68,2134.54,2097.34,2118.52,1106420,https://stooq.com/q/d/l/?s=4183.jp&i=d,2026-03-26T08:35:00+00:00
4183,4183.T,4183.jp,2024-04-19,2111.94,2111.94,2032.34,2076.61,1682141,https://stooq.com/q/d/l/?s=4183.jp&i=d,2026-03-26T08:35:00+00:00
4183,4183.T,4183.jp,2024-04-22,2102.98,2108.16,2069.08,2087.45,1128931,https://stooq.com/q/d/l/?s=4183.jp&i=d,2026-03-26T08:35:00+00:00
4183,4183.T,4183.jp,2024-04-23,2087.45,2090.74,2047.89,2052.13,1049294,https://stooq.com/q/d/l/?s=4183.jp&i=d,2026-03-26T08:35:00+00:00
4183,4183.T,4183.jp,2024-04-24,2057.78,2078.97,2051.66,2071.91,1533486,https://stooq.com/q/d/l/?s=4183.jp&i=d,2026-03-26T08:35:00+00:00
4183,4183.T,4183.jp,2024-04-25,2068.61,2077.55,2016.34,2024.34,1383556,https://stooq.com/q/d/l/?s=4183.jp&i=d,2026-03-26T08:35:00+00:00
4183,4183.T,4183.jp,2024-04-26,2012.57,2063.90,2006.46,2063.90,1381645,https://stooq.com/q/d/l/?s=4183.jp&i=d,2026-03-26T08:35:00+00:00
4183,4183.T,4183.jp,2024-04-30,2090.74,2120.88,2088.39,2120.88,976665,https://stooq.com/q/d/l/?s=4183.jp&i=d,2026-03-26T08:35:00+00:00
4183,4183.T,4183.jp,2024-05-01,2098.28,2119.94,2096.40,2104.87,510312,https://stooq.com/q/d/l/?s=4183.jp&i=d,2026-03-26T08:35:00+00:00
4183,4183.T,4183.jp,2024-05-02,2097.80,2104.87,2085.09,2091.22,630935,https://stooq.com/q/d/l/?s=4183.jp&i=d,2026-03-26T08:35:00+00:00
4183,4183.T,4183.jp,2024-05-07,2095.45,2096.40,2062.96,2087.45,1155264,https://stooq.com/q/d/l/?s=4183.jp&i=d,2026-03-26T08:35:00+00:00
4183,4183.T,4183.jp,2024-05-08,2096.86,2107.69,2069.55,2081.80,972418,https://stooq.com/q/d/l/?s=4183.jp&i=d,2026-03-26T08:35:00+00:00
4183,4183.T,4183.jp,2024-05-09,2100.16,2138.77,2093.10,2122.76,1080299,https://stooq.com/q/d/l/?s=4183.jp&i=d,2026-03-26T08:35:00+00:00
4183,4183.T,4183.jp,2024-05-10,2144.90,2159.96,2097.34,2122.76,1302221,https://stooq.com/q/d/l/?s=4183.jp&i=d,2026-03-26T08:35:00+00:00
4183,4183.T,4183.jp,2024-05-13,2110.99,2123.70,2090.27,2110.52,633271,https://stooq.com/q/d/l/?s=4183.jp&i=d,2026-03-26T08:35:00+00:00
4183,4183.T,4183.jp,2024-05-14,2095.45,2113.34,2080.86,2097.34,1602717,https://stooq.com/q/d/l/?s=4183.jp&i=d,2026-03-26T08:35:00+00:00
4183,4183.T,4183.jp,2024-05-15,2097.80,2249.43,2066.72,2220.24,5872736,https://stooq.com/q/d/l/?s=4183.jp&i=d,2026-03-26T08:35:00+00:00
4183,4183.T,4183.jp,2024-05-16,2187.28,2203.76,2119.46,2125.58,3127284,https://stooq.com/q/d/l/?s=4183.jp&i=d,2026-03-26T08:35:00+00:00
4183,4183.T,4183.jp,2024-05-17,2106.28,2129.36,2089.33,2103.93,1934643,https://stooq.com/q/d/l/?s=4183.jp&i=d,2026-03-26T08:35:00+00:00
4183,4183.T,4183.jp,2024-05-20,2104.40,2180.68,2096.40,2179.27,1493136,https://stooq.com/q/d/l/?s=4183.jp&i=d,2026-03-26T08:35:00+00:00
4183,4183.T,4183.jp,2024-05-21,2177.86,2209.41,2157.60,2160.91,1056090,https://stooq.com/q/d/l/?s=4183.jp&i=d,2026-03-26T08:35:00+00:00
4183,4183.T,4183.jp,2024-05-22,2167.50,2168.91,2121.82,2127.95,932918,https://stooq.com/q/d/l/?s=4183.jp&i=d,2026-03-26T08:35:00+00:00
4183,4183.T,4183.jp,2024-05-23,2147.24,2165.14,2111.46,2161.84,1160361,https://stooq.com/q/d/l/?s=4183.jp&i=d,2026-03-26T08:35:00+00:00
4183,4183.T,4183.jp,2024-05-24,2163.26,2196.70,2155.26,2176.91,1099837,https://stooq.com/q/d/l/?s=4183.jp&i=d,2026-03-26T08:35:00+00:00
4183,4183.T,4183.jp,2024-05-27,2187.74,2211.29,2176.91,2211.29,1173740,https://stooq.com/q/d/l/?s=4183.jp&i=d,2026-03-26T08:35:00+00:00
4183,4183.T,4183.jp,2024-05-28,2227.30,2277.22,2212.70,2249.43,1481881,https://stooq.com/q/d/l/?s=4183.jp&i=d,2026-03-26T08:35:00+00:00
4183,4183.T,4183.jp,2024-05-29,2255.55,2259.79,2187.28,2193.86,1262933,https://stooq.com/q/d/l/?s=4183.jp&i=d,2026-03-26T08:35:00+00:00
4183,4183.T,4183.jp,2024-05-30,2167.50,2193.40,2131.24,2192.46,1483155,https://stooq.com/q/d/l/?s=4183.jp&i=d,2026-03-26T08:35:00+00:00
4183,4183.T,4183.jp,2024-05-31,2220.24,2247.08,2209.41,2237.19,2560482,https://stooq.com/q/d/l/?s=4183.jp&i=d,2026-03-26T08:35:00+00:00
4183,4183.T,4183.jp,2024-06-03,2225.42,2269.21,2224.48,2245.66,1235750,https://stooq.com/q/d/l/?s=4183.jp&i=d,2026-03-26T08:35:00+00:00
4183,4183.T,4183.jp,2024-06-04,2236.25,2276.27,2236.25,2247.08,1339172,https://stooq.com/q/d/l/?s=4183.jp&i=d,2026-03-26T08:35:00+00:00
4183,4183.T,4183.jp,2024-06-05,2240.96,2250.37,2211.29,2225.42,1570650,https://stooq.com/q/d/l/?s=4183.jp&i=d,2026-03-26T08:35:00+00:00
4183,4183.T,4183.jp,2024-06-06,2236.72,2256.02,2207.52,2207.99,1005972,https://stooq.com/q/d/l/?s=4183.jp&i=d,2026-03-26T08:35:00+00:00
4183,4183.T,4183.jp,2024-06-07,2196.70,2226.84,2190.09,2209.41,939501,https://stooq.com/q/d/l/?s=4183.jp&i=d,2026-03-26T08:35:00+00:00
4183,4183.T,4183.jp,2024-06-10,2223.06,2228.24,2198.57,2205.17,751559,https://stooq.com/q/d/l/?s=4183.jp&i=d,2026-03-26T08:35:00+00:00
4183,4183.T,4183.jp,2024-06-11,2199.52,2199.52,2126.05,2132.66,2183534,https://stooq.com/q/d/l/?s=4183.jp&i=d,2026-03-26T08:35:00+00:00
4183,4183.T,4183.jp,2024-06-12,2134.54,2136.89,2092.16,2094.04,1510763,https://stooq.com/q/d/l/?s=4183.jp&i=d,2026-03-26T08:35:00+00:00
4183,4183.T,4183.jp,2024-06-13,2091.68,2103.46,2045.06,2051.66,1570650,https://stooq.com/q/d/l/?s=4183.jp&i=d,2026-03-26T08:35:00+00:00
4183,4183.T,4183.jp,2024-06-14,2043.18,2068.61,2039.88,2046.95,2200948,https://stooq.com/q/d/l/?s=4183.jp&i=d,2026-03-26T08:35:00+00:00
4183,4183.T,4183.jp,2024-06-17,2053.07,2059.66,2013.98,2042.24,1634996,https://stooq.com/q/d/l/?s=4183.jp&i=d,2026-03-26T08:35:00+00:00
4183,4183.T,4183.jp,2024-06-18,2070.02,2096.40,2049.30,2091.22,1606752,https://stooq.com/q/d/l/?s=4183.jp&i=d,2026-03-26T08:35:00+00:00
4183,4183.T,4183.jp,2024-06-19,2100.16,2106.28,2019.64,2033.76,1933793,https://stooq.com/q/d/l/?s=4183.jp&i=d,2026-03-26T08:35:00+00:00
4183,4183.T,4183.jp,2024-06-20,2033.76,2042.71,1985.26,2007.40,1849697,https://stooq.com/q/d/l/?s=4183.jp&i=d,2026-03-26T08:35:00+00:00
4183,4183.T,4183.jp,2024-06-21,2028.12,2034.24,2013.98,2019.17,2061212,https://stooq.com/q/d/l/?s=4183.jp&i=d,2026-03-26T08:35:00+00:00
4183,4183.T,4183.jp,2024-06-24,2029.53,2052.60,2025.29,2031.41,1391626,https://stooq.com/q/d/l/?s=4183.jp&i=d,2026-03-26T08:35:00+00:00
4183,4183.T,4183.jp,2024-06-25,2060.14,2068.14,2044.60,2060.14,1475298,https://stooq.com/q/d/l/?s=4183.jp&i=d,2026-03-26T08:35:00+00:00
4183,4183.T,4183.jp,2024-06-26,2049.30,2055.43,2032.34,2051.19,2083935,https://stooq.com/q/d/l/?s=4183.jp&i=d,2026-03-26T08:35:00+00:00
4183,4183.T,4183.jp,2024-06-27,2053.54,2077.55,2046.01,2074.73,1745001,https://stooq.com/q/d/l/?s=4183.jp&i=d,2026-03-26T08:35:00+00:00
4183,4183.T,4183.jp,2024-06-28,2076.61,2098.28,2075.20,2090.74,1605477,https://stooq.com/q/d/l/?s=4183.jp&i=d,2026-03-26T08:35:00+00:00
4183,4183.T,4183.jp,2024-07-01,2104.87,2119.94,2046.01,2079.91,1893869,https://stooq.com/q/d/l/?s=4183.jp&i=d,2026-03-26T08:35:00+00:00
4183,4183.T,4183.jp,2024-07-02,2071.91,2076.61,2046.01,2073.79,1703802,https://stooq.com/q/d/l/?s=4183.jp&i=d,2026-03-26T08:35:00+00:00
4183,4183.T,4183.jp,2024-07-03,2083.21,2104.40,2070.50,2104.40,1552599,https://stooq.com/q/d/l/?s=4183.jp&i=d,2026-03-26T08:35:00+00:00
4183,4183.T,4183.jp,2024-07-04,2124.65,2125.58,2105.81,2111.46,1787262,https://stooq.com/q/d/l/?s=4183.jp&i=d,2026-03-26T08:35:00+00:00
4183,4183.T,4183.jp,2024-07-05,2111.94,2124.65,2054.01,2064.84,2418835,https://stooq.com/q/d/l/?s=4183.jp&i=d,2026-03-26T08:35:00+00:00
4183,4183.T,4183.jp,2024-07-08,2041.30,2048.36,2027.64,2029.53,2123223,https://stooq.com/q/d/l/?s=4183.jp&i=d,2026-03-26T08:35:00+00:00
4183,4183.T,4183.jp,2024-07-09,2043.18,2071.91,2034.70,2058.25,2064610,https://stooq.com/q/d/l/?s=4183.jp&i=d,2026-03-26T08:35:00+00:00
4183,4183.T,4183.jp,2024-07-10,2058.72,2058.72,2035.18,2053.54,1802977,https://stooq.com/q/d/l/?s=4183.jp&i=d,2026-03-26T08:35:00+00:00
4183,4183.T,4183.jp,2024-07-11,2074.26,2089.80,2059.19,2083.21,1581268,https://stooq.com/q/d/l/?s=4183.jp&i=d,2026-03-26T08:35:00+00:00
4183,4183.T,4183.jp,2024-07-12,2062.49,2069.55,2039.42,2065.78,1873269,https://stooq.com/q/d/l/?s=4183.jp&i=d,2026-03-26T08:35:00+00:00
4183,4183.T,4183.jp,2024-07-16,2051.66,2065.32,2035.18,2063.43,1709324,https://stooq.com/q/d/l/?s=4183.jp&i=d,2026-03-26T08:35:00+00:00
4183,4183.T,4183.jp,2024-07-17,2071.91,2144.90,2065.32,2136.89,2173129,https://stooq.com/q/d/l/?s=4183.jp&i=d,2026-03-26T08:35:00+00:00
4183,4183.T,4183.jp,2024-07-18,2132.18,2156.20,2118.05,2124.18,2389741,https://stooq.com/q/d/l/?s=4183.jp&i=d,2026-03-26T08:35:00+00:00
4183,4183.T,4183.jp,2024-07-19,2114.29,2114.29,2081.32,2113.82,1705926,https://stooq.com/q/d/l/?s=4183.jp&i=d,2026-03-26T08:35:00+00:00
4183,4183.T,4183.jp,2024-07-22,2106.28,2113.82,2076.14,2096.86,1087944,https://stooq.com/q/d/l/?s=4183.jp&i=d,2026-03-26T08:35:00+00:00
4183,4183.T,4183.jp,2024-07-23,2113.82,2120.41,2094.50,2106.28,993867,https://stooq.com/q/d/l/?s=4183.jp&i=d,2026-03-26T08:35:00+00:00
4183,4183.T,4183.jp,2024-07-24,2097.80,2111.46,2042.71,2046.01,1016802,https://stooq.com/q/d/l/?s=4183.jp&i=d,2026-03-26T08:35:00+00:00
4183,4183.T,4183.jp,2024-07-25,2020.58,2026.23,1991.86,1997.51,1652410,https://stooq.com/q/d/l/?s=4183.jp&i=d,2026-03-26T08:35:00+00:00
4183,4183.T,4183.jp,2024-07-26,1997.98,2004.56,1973.02,1985.26,1809985,https://stooq.com/q/d/l/?s=4183.jp&i=d,2026-03-26T08:35:00+00:00
4183,4183.T,4183.jp,2024-07-29,2013.04,2043.65,1995.15,2032.34,1098563,https://stooq.com/q/d/l/?s=4183.jp&i=d,2026-03-26T08:35:00+00:00
4183,4183.T,4183.jp,2024-07-30,2048.36,2049.78,2024.82,2039.88,993230,https://stooq.com/q/d/l/?s=4183.jp&i=d,2026-03-26T08:35:00+00:00
4183,4183.T,4183.jp,2024-07-31,2021.06,2072.38,2020.11,2061.08,1193277,https://stooq.com/q/d/l/?s=4183.jp&i=d,2026-03-26T08:35:00+00:00
4183,4183.T,4183.jp,2024-08-01,2038.48,2038.48,1955.60,1988.09,1464043,https://stooq.com/q/d/l/?s=4183.jp&i=d,2026-03-26T08:35:00+00:00
4183,4183.T,4183.jp,2024-08-02,1879.32,1897.68,1770.54,1794.55,4802205,https://stooq.com/q/d/l/?s=4183.jp&i=d,2026-03-26T08:35:00+00:00
4183,4183.T,4183.jp,2024-08-05,1663.64,1710.26,1583.12,1658.94,3929598,https://stooq.com/q/d/l/?s=4183.jp&i=d,2026-03-26T08:35:00+00:00
4183,4183.T,4183.jp,2024-08-06,1742.28,1921.22,1633.51,1707.91,6226323,https://stooq.com/q/d/l/?s=4183.jp&i=d,2026-03-26T08:35:00+00:00
4183,4183.T,4183.jp,2024-08-07,1543.10,1618.44,1516.26,1573.24,9921259,https://stooq.com/q/d/l/?s=4183.jp&i=d,2026-03-26T08:35:00+00:00
4183,4183.T,4183.jp,2024-08-08,1573.71,1595.84,1539.80,1545.92,5213343,https://stooq.com/q/d/l/?s=4183.jp&i=d,2026-03-26T08:35:00+00:00
4183,4183.T,4183.jp,2024-08-09,1570.41,1571.82,1491.30,1512.02,6086800,https://stooq.com/q/d/l/?s=4183.jp&i=d,2026-03-26T08:35:00+00:00
4183,4183.T,4183.jp,2024-08-13,1535.10,1563.35,1525.67,1563.35,3164023,https://stooq.com/q/d/l/?s=4183.jp&i=d,2026-03-26T08:35:00+00:00
4183,4183.T,4183.jp,2024-08-14,1577.48,1646.22,1562.88,1641.04,5103338,https://stooq.com/q/d/l/?s=4183.jp&i=d,2026-03-26T08:35:00+00:00
4183,4183.T,4183.jp,2024-08-15,1685.78,1711.68,1674.00,1678.72,5280875,https://stooq.com/q/d/l/?s=4183.jp&i=d,2026-03-26T08:35:00+00:00
4183,4183.T,4183.jp,2024-08-16,1711.68,1757.82,1706.97,1746.52,5452466,https://stooq.com/q/d/l/?s=4183.jp&i=d,2026-03-26T08:35:00+00:00
4183,4183.T,4183.jp,2024-08-19,1742.28,1764.88,1716.86,1720.63,4251118,https://stooq.com/q/d/l/?s=4183.jp&i=d,2026-03-26T08:35:00+00:00
4183,4183.T,4183.jp,2024-08-20,1746.99,1748.88,1713.09,1729.10,3108171,https://stooq.com/q/d/l/?s=4183.jp&i=d,2026-03-26T08:35:00+00:00
4183,4183.T,4183.jp,2024-08-21,1714.03,1779.01,1700.38,1766.30,4632101,https://stooq.com/q/d/l/?s=4183.jp&i=d,2026-03-26T08:35:00+00:00
4183,4183.T,4183.jp,2024-08-22,1782.78,1788.44,1756.41,1766.77,2874357,https://stooq.com/q/d/l/?s=4183.jp&i=d,2026-03-26T08:35:00+00:00
4183,4183.T,4183.jp,2024-08-23,1770.54,1781.84,1759.24,1769.60,2025323,https://stooq.com/q/d/l/?s=4183.jp&i=d,2026-03-26T08:35:00+00:00
4183,4183.T,4183.jp,2024-08-26,1766.77,1775.72,1742.75,1767.24,1893657,https://stooq.com/q/d/l/?s=4183.jp&i=d,2026-03-26T08:35:00+00:00
4183,4183.T,4183.jp,2024-08-27,1767.24,1801.14,1753.58,1794.08,2520557,https://stooq.com/q/d/l/?s=4183.jp&i=d,2026-03-26T08:35:00+00:00
4183,4183.T,4183.jp,2024-08-28,1788.90,1789.38,1764.88,1782.78,1474873,https://stooq.com/q/d/l/?s=4183.jp&i=d,2026-03-26T08:35:00+00:00
4183,4183.T,4183.jp,2024-08-29,1780.90,1819.04,1771.48,1819.04,2168032,https://stooq.com/q/d/l/?s=4183.jp&i=d,2026-03-26T08:35:00+00:00
4183,4183.T,4183.jp,2024-08-30,1809.15,1839.76,1807.27,1832.22,2677920,https://stooq.com/q/d/l/?s=4183.jp&i=d,2026-03-26T08:35:00+00:00
4183,4183.T,4183.jp,2024-09-02,1883.08,1886.85,1850.12,1857.65,2610388,https://stooq.com/q/d/l/?s=4183.jp&i=d,2026-03-26T08:35:00+00:00
4183,4183.T,4183.jp,2024-09-03,1872.72,1908.04,1866.60,1885.90,2918741,https://stooq.com/q/d/l/?s=4183.jp&i=d,2026-03-26T08:35:00+00:00
4183,4183.T,4183.jp,2024-09-04,1819.98,1851.54,1804.44,1827.98,3220512,https://stooq.com/q/d/l/?s=4183.jp&i=d,2026-03-26T08:35:00+00:00
4183,4183.T,4183.jp,2024-09-05,1789.84,1849.18,1770.06,1827.98,1858404,https://stooq.com/q/d/l/?s=4183.jp&i=d,2026-03-26T08:35:00+00:00
4183,4183.T,4183.jp,2024-09-06,1824.70,1831.76,1790.32,1803.50,2471501,https://stooq.com/q/d/l/?s=4183.jp&i=d,2026-03-26T08:35:00+00:00
4183,4183.T,4183.jp,2024-09-09,1749.82,1794.08,1738.99,1792.67,1761778,https://stooq.com/q/d/l/?s=4183.jp&i=d,2026-03-26T08:35:00+00:00
4183,4183.T,4183.jp,2024-09-10,1798.32,1811.51,1783.72,1785.60,1369753,https://stooq.com/q/d/l/?s=4183.jp&i=d,2026-03-26T08:35:00+00:00
4183,4183.T,4183.jp,2024-09-11,1772.42,1779.49,1720.16,1739.94,1802340,https://stooq.com/q/d/l/?s=4183.jp&i=d,2026-03-26T08:35:00+00:00
4183,4183.T,4183.jp,2024-09-12,1805.85,1818.56,1780.43,1798.79,1736931,https://stooq.com/q/d/l/?s=4183.jp&i=d,2026-03-26T08:35:00+00:00
4183,4183.T,4183.jp,2024-09-13,1790.32,1796.44,1773.83,1779.96,1569375,https://stooq.com/q/d/l/?s=4183.jp&i=d,2026-03-26T08:35:00+00:00
4183,4183.T,4183.jp,2024-09-17,1794.08,1804.91,1761.12,1783.25,1319847,https://stooq.com/q/d/l/?s=4183.jp&i=d,2026-03-26T08:35:00+00:00
4183,4183.T,4183.jp,2024-09-18,1787.96,1804.44,1765.83,1773.83,1614397,https://stooq.com/q/d/l/?s=4183.jp&i=d,2026-03-26T08:35:00+00:00
4183,4183.T,4183.jp,2024-09-19,1803.50,1842.11,1801.14,1815.27,1842689,https://stooq.com/q/d/l/?s=4183.jp&i=d,2026-03-26T08:35:00+00:00
4183,4183.T,4183.jp,2024-09-20,1835.52,1853.42,1820.46,1827.04,2153379,https://stooq.com/q/d/l/?s=4183.jp&i=d,2026-03-26T08:35:00+00:00
4183,4183.T,4183.jp,2024-09-24,1832.70,1840.70,1808.68,1830.82,2818718,https://stooq.com/q/d/l/?s=4183.jp&i=d,2026-03-26T08:35:00+00:00
4183,4183.T,4183.jp,2024-09-25,1836.46,1857.18,1824.70,1846.34,1921901,https://stooq.com/q/d/l/?s=4183.jp&i=d,2026-03-26T08:35:00+00:00
4183,4183.T,4183.jp,2024-09-26,1846.34,1865.66,1833.64,1862.84,3139813,https://stooq.com/q/d/l/?s=4183.jp&i=d,2026-03-26T08:35:00+00:00
4183,4183.T,4183.jp,2024-09-27,1850.84,1889.23,1837.39,1879.63,2982368,https://stooq.com/q/d/l/?s=4183.jp&i=d,2026-03-26T08:35:00+00:00
4183,4183.T,4183.jp,2024-09-30,1812.44,1826.83,1800.44,1826.35,2832364,https://stooq.com/q/d/l/?s=4183.jp&i=d,2026-03-26T08:35:00+00:00
4183,4183.T,4183.jp,2024-10-01,1831.63,1837.87,1802.36,1832.11,2308392,https://stooq.com/q/d/l/?s=4183.jp&i=d,2026-03-26T08:35:00+00:00
4183,4183.T,4183.jp,2024-10-02,1802.36,1832.59,1796.60,1807.64,2152555,https://stooq.com/q/d/l/?s=4183.jp&i=d,2026-03-26T08:35:00+00:00
4183,4183.T,4183.jp,2024-10-03,1838.35,1842.67,1814.35,1817.24,2729861,https://stooq.com/q/d/l/?s=4183.jp&i=d,2026-03-26T08:35:00+00:00
4183,4183.T,4183.jp,2024-10-04,1810.52,1823.48,1798.03,1823.48,1713585,https://stooq.com/q/d/l/?s=4183.jp&i=d,2026-03-26T08:35:00+00:00
4183,4183.T,4183.jp,2024-10-07,1848.43,1849.39,1822.04,1827.80,1590457,https://stooq.com/q/d/l/?s=4183.jp&i=d,2026-03-26T08:35:00+00:00
4183,4183.T,4183.jp,2024-10-08,1810.04,1817.72,1776.92,1794.68,2084845,https://stooq.com/q/d/l/?s=4183.jp&i=d,2026-03-26T08:35:00+00:00
4183,4183.T,4183.jp,2024-10-09,1792.27,1799.00,1763.00,1786.03,2470896,https://stooq.com/q/d/l/?s=4183.jp&i=d,2026-03-26T08:35:00+00:00
4183,4183.T,4183.jp,2024-10-10,1790.36,1791.79,1763.00,1766.84,2236724,https://stooq.com/q/d/l/?s=4183.jp&i=d,2026-03-26T08:35:00+00:00
4183,4183.T,4183.jp,2024-10-11,1763.96,1770.20,1749.56,1758.20,2590274,https://stooq.com/q/d/l/?s=4183.jp&i=d,2026-03-26T08:35:00+00:00
4183,4183.T,4183.jp,2024-10-15,1759.16,1778.84,1745.24,1754.36,3272375,https://stooq.com/q/d/l/?s=4183.jp&i=d,2026-03-26T08:35:00+00:00
4183,4183.T,4183.jp,2024-10-16,1709.24,1740.92,1700.60,1709.24,2807780,https://stooq.com/q/d/l/?s=4183.jp&i=d,2026-03-26T08:35:00+00:00
4183,4183.T,4183.jp,2024-10-17,1713.56,1726.52,1710.68,1717.88,1979009,https://stooq.com/q/d/l/?s=4183.jp&i=d,2026-03-26T08:35:00+00:00
4183,4183.T,4183.jp,2024-10-18,1730.36,1732.76,1688.60,1689.56,1477121,https://stooq.com/q/d/l/?s=4183.jp&i=d,2026-03-26T08:35:00+00:00
4183,4183.T,4183.jp,2024-10-21,1701.56,1718.36,1691.00,1702.52,2220057,https://stooq.com/q/d/l/?s=4183.jp&i=d,2026-03-26T08:35:00+00:00
4183,4183.T,4183.jp,2024-10-22,1716.44,1732.28,1699.16,1707.80,3111121,https://stooq.com/q/d/l/?s=4183.jp&i=d,2026-03-26T08:35:00+00:00
4183,4183.T,4183.jp,2024-10-23,1707.80,1719.80,1685.72,1691.00,1547956,https://stooq.com/q/d/l/?s=4183.jp&i=d,2026-03-26T08:35:00+00:00
4183,4183.T,4183.jp,2024-10-24,1680.44,1684.28,1659.80,1678.52,1745044,https://stooq.com/q/d/l/?s=4183.jp&i=d,2026-03-26T08:35:00+00:00
4183,4183.T,4183.jp,2024-10-25,1672.28,1674.68,1647.32,1662.20,1650459,https://stooq.com/q/d/l/?s=4183.jp&i=d,2026-03-26T08:35:00+00:00
4183,4183.T,4183.jp,2024-10-28,1642.04,1681.40,1634.84,1678.04,1609833,https://stooq.com/q/d/l/?s=4183.jp&i=d,2026-03-26T08:35:00+00:00
4183,4183.T,4183.jp,2024-10-29,1684.76,1692.44,1676.60,1686.68,1412536,https://stooq.com/q/d/l/?s=4183.jp&i=d,2026-03-26T08:35:00+00:00
4183,4183.T,4183.jp,2024-10-30,1696.28,1703.48,1687.16,1694.36,4327194,https://stooq.com/q/d/l/?s=4183.jp&i=d,2026-03-26T08:35:00+00:00
4183,4183.T,4183.jp,2024-10-31,1694.36,1706.84,1675.64,1690.04,2168597,https://stooq.com/q/d/l/?s=4183.jp&i=d,2026-03-26T08:35:00+00:00
4183,4183.T,4183.jp,2024-11-01,1670.36,1680.92,1661.72,1669.88,2195889,https://stooq.com/q/d/l/?s=4183.jp&i=d,2026-03-26T08:35:00+00:00
4183,4183.T,4183.jp,2024-11-05,1701.56,1710.20,1671.80,1708.76,3292792,https://stooq.com/q/d/l/?s=4183.jp&i=d,2026-03-26T08:35:00+00:00
4183,4183.T,4183.jp,2024-11-06,1717.88,1744.76,1704.92,1723.64,2764237,https://stooq.com/q/d/l/?s=4183.jp&i=d,2026-03-26T08:35:00+00:00
4183,4183.T,4183.jp,2024-11-07,1746.20,1772.12,1661.72,1730.36,9449617,https://stooq.com/q/d/l/?s=4183.jp&i=d,2026-03-26T08:35:00+00:00
4183,4183.T,4183.jp,2024-11-08,1730.84,1773.56,1709.72,1740.44,5173049,https://stooq.com/q/d/l/?s=4183.jp&i=d,2026-03-26T08:35:00+00:00
4183,4183.T,4183.jp,2024-11-11,1726.04,1740.44,1678.04,1698.20,3219457,https://stooq.com/q/d/l/?s=4183.jp&i=d,2026-03-26T08:35:00+00:00
4183,4183.T,4183.jp,2024-11-12,1709.24,1728.44,1702.04,1702.04,2155680,https://stooq.com/q/d/l/?s=4183.jp&i=d,2026-03-26T08:35:00+00:00
4183,4183.T,4183.jp,2024-11-13,1698.68,1702.04,1650.20,1650.20,3094871,https://stooq.com/q/d/l/?s=4183.jp&i=d,2026-03-26T08:35:00+00:00
4183,4183.T,4183.jp,2024-11-14,1654.04,1671.32,1630.52,1630.52,3074870,https://stooq.com/q/d/l/?s=4183.jp&i=d,2026-03-26T08:35:00+00:00
4183,4183.T,4183.jp,2024-11-15,1632.92,1658.84,1632.44,1632.44,3601134,https://stooq.com/q/d/l/?s=4183.jp&i=d,2026-03-26T08:35:00+00:00
4183,4183.T,4183.jp,2024-11-18,1630.52,1648.28,1624.28,1642.04,2392353,https://stooq.com/q/d/l/?s=4183.jp&i=d,2026-03-26T08:35:00+00:00
4183,4183.T,4183.jp,2024-11-19,1642.04,1655.00,1634.84,1642.04,1640875,https://stooq.com/q/d/l/?s=4183.jp&i=d,2026-03-26T08:35:00+00:00
4183,4183.T,4183.jp,2024-11-20,1646.36,1657.40,1633.40,1635.80,1081277,https://stooq.com/q/d/l/?s=4183.jp&i=d,2026-03-26T08:35:00+00:00
4183,4183.T,4183.jp,2024-11-21,1631.96,1645.40,1622.84,1635.32,1265032,https://stooq.com/q/d/l/?s=4183.jp&i=d,2026-03-26T08:35:00+00:00
4183,4183.T,4183.jp,2024-11-22,1643.96,1750.04,1638.20,1719.32,4367403,https://stooq.com/q/d/l/?s=4183.jp&i=d,2026-03-26T08:35:00+00:00
4183,4183.T,4183.jp,2024-11-25,1752.92,1780.75,1746.20,1764.92,6285161,https://stooq.com/q/d/l/?s=4183.jp&i=d,2026-03-26T08:35:00+00:00
4183,4183.T,4183.jp,2024-11-26,1749.56,1766.84,1689.56,1690.04,6285578,https://stooq.com/q/d/l/?s=4183.jp&i=d,2026-03-26T08:35:00+00:00
4183,4183.T,4183.jp,2024-11-27,1707.80,1737.08,1686.68,1695.80,3956143,https://stooq.com/q/d/l/?s=4183.jp&i=d,2026-03-26T08:35:00+00:00
4183,4183.T,4183.jp,2024-11-28,1697.24,1703.00,1675.16,1679.00,2788404,https://stooq.com/q/d/l/?s=4183.jp&i=d,2026-03-26T08:35:00+00:00
4183,4183.T,4183.jp,2024-11-29,1676.12,1679.00,1653.56,1665.08,1946508,https://stooq.com/q/d/l/?s=4183.jp&i=d,2026-03-26T08:35:00+00:00
4183,4183.T,4183.jp,2024-12-02,1655.96,1668.44,1652.12,1655.96,2275891,https://stooq.com/q/d/l/?s=4183.jp&i=d,2026-03-26T08:35:00+00:00
4183,4183.T,4183.jp,2024-12-03,1657.40,1694.84,1656.44,1675.64,2735903,https://stooq.com/q/d/l/?s=4183.jp&i=d,2026-03-26T08:35:00+00:00
4183,4183.T,4183.jp,2024-12-04,1674.68,1677.08,1655.48,1655.48,1533997,https://stooq.com/q/d/l/?s=4183.jp&i=d,2026-03-26T08:35:00+00:00
4183,4183.T,4183.jp,2024-12-05,1655.96,1657.88,1628.12,1629.08,2798821,https://stooq.com/q/d/l/?s=4183.jp&i=d,2026-03-26T08:35:00+00:00
4183,4183.T,4183.jp,2024-12-06,1623.32,1631.48,1613.24,1620.92,2247974,https://stooq.com/q/d/l/?s=4183.jp&i=d,2026-03-26T08:35:00+00:00
4183,4183.T,4183.jp,2024-12-09,1623.32,1633.40,1614.68,1614.68,2259433,https://stooq.com/q/d/l/?s=4183.jp&i=d,2026-03-26T08:35:00+00:00
4183,4183.T,4183.jp,2024-12-10,1641.08,1677.56,1634.84,1661.24,3416754,https://stooq.com/q/d/l/?s=4183.jp&i=d,2026-03-26T08:35:00+00:00
4183,4183.T,4183.jp,2024-12-11,1661.72,1665.56,1626.68,1639.64,3476130,https://stooq.com/q/d/l/?s=4183.jp&i=d,2026-03-26T08:35:00+00:00
4183,4183.T,4183.jp,2024-12-12,1644.92,1660.28,1636.28,1638.20,3261125,https://stooq.com/q/d/l/?s=4183.jp&i=d,2026-03-26T08:35:00+00:00
4183,4183.T,4183.jp,2024-12-13,1613.24,1628.60,1595.48,1605.08,4223650,https://stooq.com/q/d/l/?s=4183.jp&i=d,2026-03-26T08:35:00+00:00
4183,4183.T,4183.jp,2024-12-16,1602.20,1607.00,1570.04,1570.04,4523866,https://stooq.com/q/d/l/?s=4183.jp&i=d,2026-03-26T08:35:00+00:00
4183,4183.T,4183.jp,2024-12-17,1569.08,1595.48,1569.08,1580.12,2845698,https://stooq.com/q/d/l/?s=4183.jp&i=d,2026-03-26T08:35:00+00:00
4183,4183.T,4183.jp,2024-12-18,1603.16,1623.80,1598.84,1603.64,3665719,https://stooq.com/q/d/l/?s=4183.jp&i=d,2026-03-26T08:35:00+00:00
4183,4183.T,4183.jp,2024-12-19,1587.32,1621.88,1585.40,1599.32,2598608,https://stooq.com/q/d/l/?s=4183.jp&i=d,2026-03-26T08:35:00+00:00
4183,4183.T,4183.jp,2024-12-20,1624.28,1631.48,1590.68,1599.32,4308027,https://stooq.com/q/d/l/?s=4183.jp&i=d,2026-03-26T08:35:00+00:00
4183,4183.T,4183.jp,2024-12-23,1603.16,1616.12,1594.52,1611.80,1729419,https://stooq.com/q/d/l/?s=4183.jp&i=d,2026-03-26T08:35:00+00:00
4183,4183.T,4183.jp,2024-12-24,1611.80,1630.52,1607.96,1625.24,1498996,https://stooq.com/q/d/l/?s=4183.jp&i=d,2026-03-26T08:35:00+00:00
4183,4183.T,4183.jp,2024-12-25,1625.24,1630.52,1607.00,1630.52,1175655,https://stooq.com/q/d/l/?s=4183.jp&i=d,2026-03-26T08:35:00+00:00
4183,4183.T,4183.jp,2024-12-26,1621.88,1637.72,1619.96,1637.72,1671084,https://stooq.com/q/d/l/?s=4183.jp&i=d,2026-03-26T08:35:00+00:00
4183,4183.T,4183.jp,2024-12-27,1654.04,1670.36,1644.92,1670.36,1829838,https://stooq.com/q/d/l/?s=4183.jp&i=d,2026-03-26T08:35:00+00:00
4183,4183.T,4183.jp,2024-12-30,1670.36,1675.16,1650.68,1665.56,2038177,https://stooq.com/q/d/l/?s=4183.jp&i=d,2026-03-26T08:35:00+00:00
4183,4183.T,4183.jp,2025-01-06,1667.48,1674.68,1632.92,1639.64,2798821,https://stooq.com/q/d/l/?s=4183.jp&i=d,2026-03-26T08:35:00+00:00
4183,4183.T,4183.jp,2025-01-07,1644.92,1648.28,1602.20,1615.64,4706995,https://stooq.com/q/d/l/?s=4183.jp&i=d,2026-03-26T08:35:00+00:00
4183,4183.T,4183.jp,2025-01-08,1619.00,1625.24,1608.44,1608.44,2110262,https://stooq.com/q/d/l/?s=4183.jp&i=d,2026-03-26T08:35:00+00:00
4183,4183.T,4183.jp,2025-01-09,1607.96,1619.48,1586.84,1592.60,2208390,https://stooq.com/q/d/l/?s=4183.jp&i=d,2026-03-26T08:35:00+00:00
4183,4183.T,4183.jp,2025-01-10,1583.96,1597.40,1571.96,1573.88,2906741,https://stooq.com/q/d/l/?s=4183.jp&i=d,2026-03-26T08:35:00+00:00
4183,4183.T,4183.jp,2025-01-14,1583.96,1583.96,1559.48,1575.32,2625484,https://stooq.com/q/d/l/?s=4183.jp&i=d,2026-03-26T08:35:00+00:00
4183,4183.T,4183.jp,2025-01-15,1575.32,1580.12,1553.72,1562.36,2769237,https://stooq.com/q/d/l/?s=4183.jp&i=d,2026-03-26T08:35:00+00:00
4183,4183.T,4183.jp,2025-01-16,1572.44,1574.84,1557.08,1565.24,1755461,https://stooq.com/q/d/l/?s=4183.jp&i=d,2026-03-26T08:35:00+00:00
4183,4183.T,4183.jp,2025-01-17,1556.60,1571.00,1550.84,1564.76,2072969,https://stooq.com/q/d/l/?s=4183.jp&i=d,2026-03-26T08:35:00+00:00
4183,4183.T,4183.jp,2025-01-20,1574.36,1588.28,1569.56,1585.88,1672542,https://stooq.com/q/d/l/?s=4183.jp&i=d,2026-03-26T08:35:00+00:00
4183,4183.T,4183.jp,2025-01-21,1602.20,1603.16,1577.24,1591.64,1718794,https://stooq.com/q/d/l/?s=4183.jp&i=d,2026-03-26T08:35:00+00:00
4183,4183.T,4183.jp,2025-01-22,1593.08,1625.24,1589.24,1619.96,2181722,https://stooq.com/q/d/l/?s=4183.jp&i=d,2026-03-26T08:35:00+00:00
4183,4183.T,4183.jp,2025-01-23,1610.36,1614.20,1594.52,1605.56,2312767,https://stooq.com/q/d/l/?s=4183.jp&i=d,2026-03-26T08:35:00+00:00
4183,4183.T,4183.jp,2025-01-24,1627.16,1632.44,1613.24,1613.24,2403811,https://stooq.com/q/d/l/?s=4183.jp&i=d,2026-03-26T08:35:00+00:00
4183,4183.T,4183.jp,2025-01-27,1631.96,1642.52,1622.84,1631.96,1852547,https://stooq.com/q/d/l/?s=4183.jp&i=d,2026-03-26T08:35:00+00:00
4183,4183.T,4183.jp,2025-01-28,1631.96,1648.76,1629.56,1636.28,2530273,https://stooq.com/q/d/l/?s=4183.jp&i=d,2026-03-26T08:35:00+00:00
4183,4183.T,4183.jp,2025-01-29,1650.68,1661.72,1643.48,1650.20,1719627,https://stooq.com/q/d/l/?s=4183.jp&i=d,2026-03-26T08:35:00+00:00
4183,4183.T,4183.jp,2025-01-30,1636.76,1650.20,1628.60,1643.00,1529205,https://stooq.com/q/d/l/?s=4183.jp&i=d,2026-03-26T08:35:00+00:00
4183,4183.T,4183.jp,2025-01-31,1634.36,1647.32,1628.60,1639.16,1830046,https://stooq.com/q/d/l/?s=4183.jp&i=d,2026-03-26T08:35:00+00:00
4183,4183.T,4183.jp,2025-02-03,1622.36,1624.76,1586.36,1588.76,3369253,https://stooq.com/q/d/l/?s=4183.jp&i=d,2026-03-26T08:35:00+00:00
4183,4183.T,4183.jp,2025-02-04,1602.68,1625.24,1569.08,1569.08,6358913,https://stooq.com/q/d/l/?s=4183.jp&i=d,2026-03-26T08:35:00+00:00
4183,4183.T,4183.jp,2025-02-05,1591.16,1625.24,1574.84,1579.64,3556341,https://stooq.com/q/d/l/?s=4183.jp&i=d,2026-03-26T08:35:00+00:00
4183,4183.T,4183.jp,2025-02-06,1590.68,1603.64,1583.00,1583.48,2012968,https://stooq.com/q/d/l/?s=4183.jp&i=d,2026-03-26T08:35:00+00:00
4183,4183.T,4183.jp,2025-02-07,1575.32,1579.16,1563.32,1569.08,2474855,https://stooq.com/q/d/l/?s=4183.jp&i=d,2026-03-26T08:35:00+00:00
4183,4183.T,4183.jp,2025-02-10,1567.16,1583.96,1563.80,1572.92,2322976,https://stooq.com/q/d/l/?s=4183.jp&i=d,2026-03-26T08:35:00+00:00
4183,4183.T,4183.jp,2025-02-12,1606.52,1607.00,1553.72,1566.68,4856166,https://stooq.com/q/d/l/?s=4183.jp&i=d,2026-03-26T08:35:00+00:00
4183,4183.T,4183.jp,2025-02-13,1582.04,1607.00,1575.32,1601.24,2336518,https://stooq.com/q/d/l/?s=4183.jp&i=d,2026-03-26T08:35:00+00:00
4183,4183.T,4183.jp,2025-02-14,1597.88,1609.40,1575.80,1587.80,2331934,https://stooq.com/q/d/l/?s=4183.jp&i=d,2026-03-26T08:35:00+00:00
4183,4183.T,4183.jp,2025-02-17,1584.92,1598.36,1569.56,1584.92,1413786,https://stooq.com/q/d/l/?s=4183.jp&i=d,2026-03-26T08:35:00+00:00
4183,4183.T,4183.jp,2025-02-18,1569.56,1585.40,1561.40,1585.40,2259433,https://stooq.com/q/d/l/?s=4183.jp&i=d,2026-03-26T08:35:00+00:00
4183,4183.T,4183.jp,2025-02-19,1586.36,1607.48,1585.40,1597.40,2043177,https://stooq.com/q/d/l/?s=4183.jp&i=d,2026-03-26T08:35:00+00:00
4183,4183.T,4183.jp,2025-02-20,1592.12,1615.16,1582.52,1607.96,2619025,https://stooq.com/q/d/l/?s=4183.jp&i=d,2026-03-26T08:35:00+00:00
4183,4183.T,4183.jp,2025-02-21,1600.28,1636.76,1598.84,1630.52,3188206,https://stooq.com/q/d/l/?s=4183.jp&i=d,2026-03-26T08:35:00+00:00
4183,4183.T,4183.jp,2025-02-25,1619.96,1634.36,1610.36,1611.32,4141148,https://stooq.com/q/d/l/?s=4183.jp&i=d,2026-03-26T08:35:00+00:00
4183,4183.T,4183.jp,2025-02-26,1607.96,1607.96,1573.88,1598.36,3780722,https://stooq.com/q/d/l/?s=4183.jp&i=d,2026-03-26T08:35:00+00:00
4183,4183.T,4183.jp,2025-02-27,1600.76,1619.96,1599.32,1617.08,3150705,https://stooq.com/q/d/l/?s=4183.jp&i=d,2026-03-26T08:35:00+00:00
4183,4183.T,4183.jp,2025-02-28,1607.96,1622.36,1587.32,1609.40,26259840,https://stooq.com/q/d/l/?s=4183.jp&i=d,2026-03-26T08:35:00+00:00
4183,4183.T,4183.jp,2025-03-03,1619.96,1636.28,1601.24,1617.08,2704444,https://stooq.com/q/d/l/?s=4183.jp&i=d,2026-03-26T08:35:00+00:00
4183,4183.T,4183.jp,2025-03-04,1593.56,1649.72,1593.56,1631.96,3020494,https://stooq.com/q/d/l/?s=4183.jp&i=d,2026-03-26T08:35:00+00:00
4183,4183.T,4183.jp,2025-03-05,1636.76,1691.00,1627.64,1682.36,4293860,https://stooq.com/q/d/l/?s=4183.jp&i=d,2026-03-26T08:35:00+00:00
4183,4183.T,4183.jp,2025-03-06,1689.56,1715.96,1674.20,1684.76,2665068,https://stooq.com/q/d/l/?s=4183.jp&i=d,2026-03-26T08:35:00+00:00
4183,4183.T,4183.jp,2025-03-07,1675.16,1684.28,1656.44,1677.56,2701527,https://stooq.com/q/d/l/?s=4183.jp&i=d,2026-03-26T08:35:00+00:00
4183,4183.T,4183.jp,2025-03-10,1684.28,1692.92,1667.48,1678.04,2187139,https://stooq.com/q/d/l/?s=4183.jp&i=d,2026-03-26T08:35:00+00:00
4183,4183.T,4183.jp,2025-03-11,1669.88,1682.36,1644.44,1660.28,3602800,https://stooq.com/q/d/l/?s=4183.jp&i=d,2026-03-26T08:35:00+00:00
4183,4183.T,4183.jp,2025-03-12,1635.32,1662.68,1635.32,1657.88,3771555,https://stooq.com/q/d/l/?s=4183.jp&i=d,2026-03-26T08:35:00+00:00
4183,4183.T,4183.jp,2025-03-13,1660.28,1667.96,1646.36,1651.64,1830672,https://stooq.com/q/d/l/?s=4183.jp&i=d,2026-03-26T08:35:00+00:00
4183,4183.T,4183.jp,2025-03-14,1642.52,1659.32,1642.04,1654.04,1924632,https://stooq.com/q/d/l/?s=4183.jp&i=d,2026-03-26T08:35:00+00:00
4183,4183.T,4183.jp,2025-03-17,1669.40,1682.36,1663.16,1676.60,1134195,https://stooq.com/q/d/l/?s=4183.jp&i=d,2026-03-26T08:35:00+00:00
4183,4183.T,4183.jp,2025-03-18,1699.16,1699.64,1682.84,1686.68,1381493,https://stooq.com/q/d/l/?s=4183.jp&i=d,2026-03-26T08:35:00+00:00
4183,4183.T,4183.jp,2025-03-19,1700.60,1744.28,1700.60,1736.60,2922366,https://stooq.com/q/d/l/?s=4183.jp&i=d,2026-03-26T08:35:00+00:00
4183,4183.T,4183.jp,2025-03-21,1723.64,1746.68,1720.28,1724.60,3179664,https://stooq.com/q/d/l/?s=4183.jp&i=d,2026-03-26T08:35:00+00:00
4183,4183.T,4183.jp,2025-03-24,1723.16,1725.56,1710.68,1723.64,1197947,https://stooq.com/q/d/l/?s=4183.jp&i=d,2026-03-26T08:35:00+00:00
4183,4183.T,4183.jp,2025-03-25,1727.96,1748.60,1721.24,1743.80,1582540,https://stooq.com/q/d/l/?s=4183.jp&i=d,2026-03-26T08:35:00+00:00
4183,4183.T,4183.jp,2025-03-26,1726.52,1729.88,1692.44,1721.72,3771555,https://stooq.com/q/d/l/?s=4183.jp&i=d,2026-03-26T08:35:00+00:00
4183,4183.T,4183.jp,2025-03-27,1697.72,1726.52,1692.92,1726.52,2574232,https://stooq.com/q/d/l/?s=4183.jp&i=d,2026-03-26T08:35:00+00:00
4183,4183.T,4183.jp,2025-03-28,1716.22,1726.02,1702.50,1710.83,2106041,https://stooq.com/q/d/l/?s=4183.jp&i=d,2026-03-26T08:35:00+00:00
4183,4183.T,4183.jp,2025-03-31,1679.94,1682.40,1634.84,1638.28,2391633,https://stooq.com/q/d/l/?s=4183.jp&i=d,2026-03-26T08:35:00+00:00
4183,4183.T,4183.jp,2025-04-01,1657.88,1660.34,1631.42,1638.77,1661332,https://stooq.com/q/d/l/?s=4183.jp&i=d,2026-03-26T08:35:00+00:00
4183,4183.T,4183.jp,2025-04-02,1630.44,1639.75,1608.38,1616.22,2726388,https://stooq.com/q/d/l/?s=4183.jp&i=d,2026-03-26T08:35:00+00:00
4183,4183.T,4183.jp,2025-04-03,1535.34,1545.14,1513.76,1531.90,3856519,https://stooq.com/q/d/l/?s=4183.jp&i=d,2026-03-26T08:35:00+00:00
4183,4183.T,4183.jp,2025-04-04,1470.62,1487.78,1427.98,1463.52,3764109,https://stooq.com/q/d/l/?s=4183.jp&i=d,2026-03-26T08:35:00+00:00
4183,4183.T,4183.jp,2025-04-07,1318.17,1370.62,1296.11,1345.87,3406303,https://stooq.com/q/d/l/?s=4183.jp&i=d,2026-03-26T08:35:00+00:00
4183,4183.T,4183.jp,2025-04-08,1421.60,1464.26,1421.60,1447.10,2888972,https://stooq.com/q/d/l/?s=4183.jp&i=d,2026-03-26T08:35:00+00:00
4183,4183.T,4183.jp,2025-04-09,1398.08,1399.06,1358.12,1366.94,3475865,https://stooq.com/q/d/l/?s=4183.jp&i=d,2026-03-26T08:35:00+00:00
4183,4183.T,4183.jp,2025-04-10,1524.06,1524.06,1476.02,1512.78,3503200,https://stooq.com/q/d/l/?s=4183.jp&i=d,2026-03-26T08:35:00+00:00
4183,4183.T,4183.jp,2025-04-11,1422.34,1502.00,1415.97,1483.86,3417522,https://stooq.com/q/d/l/?s=4183.jp&i=d,2026-03-26T08:35:00+00:00
4183,4183.T,4183.jp,2025-04-14,1491.22,1511.32,1484.35,1492.20,1421026,https://stooq.com/q/d/l/?s=4183.jp&i=d,2026-03-26T08:35:00+00:00
4183,4183.T,4183.jp,2025-04-15,1490.24,1505.92,1486.32,1500.53,1202140,https://stooq.com/q/d/l/?s=4183.jp&i=d,2026-03-26T08:35:00+00:00
4183,4183.T,4183.jp,2025-04-16,1492.68,1499.06,1467.44,1475.04,1685403,https://stooq.com/q/d/l/?s=4183.jp&i=d,2026-03-26T08:35:00+00:00
4183,4183.T,4183.jp,2025-04-17,1471.60,1486.32,1464.99,1486.32,1296386,https://stooq.com/q/d/l/?s=4183.jp&i=d,2026-03-26T08:35:00+00:00
4183,4183.T,4183.jp,2025-04-18,1489.74,1493.18,1474.06,1486.80,1354320,https://stooq.com/q/d/l/?s=4183.jp&i=d,2026-03-26T08:35:00+00:00
4183,4183.T,4183.jp,2025-04-21,1477.98,1481.90,1450.28,1457.39,2883872,https://stooq.com/q/d/l/?s=4183.jp&i=d,2026-03-26T08:35:00+00:00
4183,4183.T,4183.jp,2025-04-22,1447.58,1454.45,1437.78,1451.76,2119708,https://stooq.com/q/d/l/?s=4183.jp&i=d,2026-03-26T08:35:00+00:00
4183,4183.T,4183.jp,2025-04-23,1476.51,1481.90,1466.46,1480.92,2175195,https://stooq.com/q/d/l/?s=4183.jp&i=d,2026-03-26T08:35:00+00:00
4183,4183.T,4183.jp,2025-04-24,1501.02,1537.78,1497.59,1514.26,2207630,https://stooq.com/q/d/l/?s=4183.jp&i=d,2026-03-26T08:35:00+00:00
4183,4183.T,4183.jp,2025-04-25,1523.57,1537.30,1516.22,1524.55,1420822,https://stooq.com/q/d/l/?s=4183.jp&i=d,2026-03-26T08:35:00+00:00
4183,4183.T,4183.jp,2025-04-28,1524.55,1542.20,1517.68,1531.42,1684588,https://stooq.com/q/d/l/?s=4183.jp&i=d,2026-03-26T08:35:00+00:00
4183,4183.T,4183.jp,2025-04-30,1544.16,1550.04,1520.63,1534.36,1556275,https://stooq.com/q/d/l/?s=4183.jp&i=d,2026-03-26T08:35:00+00:00
4183,4183.T,4183.jp,2025-05-01,1534.36,1544.16,1524.55,1544.16,997533,https://stooq.com/q/d/l/?s=4183.jp&i=d,2026-03-26T08:35:00+00:00
4183,4183.T,4183.jp,2025-05-02,1551.51,1565.24,1546.61,1554.45,1537711,https://stooq.com/q/d/l/?s=4183.jp&i=d,2026-03-26T08:35:00+00:00
4183,4183.T,4183.jp,2025-05-07,1568.67,1576.02,1552.49,1553.96,1288430,https://stooq.com/q/d/l/?s=4183.jp&i=d,2026-03-26T08:35:00+00:00
4183,4183.T,4183.jp,2025-05-08,1545.63,1559.36,1539.26,1550.53,972442,https://stooq.com/q/d/l/?s=4183.jp&i=d,2026-03-26T08:35:00+00:00
4183,4183.T,4183.jp,2025-05-09,1568.67,1584.36,1559.36,1579.46,1247427,https://stooq.com/q/d/l/?s=4183.jp&i=d,2026-03-26T08:35:00+00:00
4183,4183.T,4183.jp,2025-05-12,1588.76,1611.80,1584.36,1611.80,1568719,https://stooq.com/q/d/l/?s=4183.jp&i=d,2026-03-26T08:35:00+00:00
4183,4183.T,4183.jp,2025-05-13,1634.84,1666.22,1557.40,1605.92,5561098,https://stooq.com/q/d/l/?s=4183.jp&i=d,2026-03-26T08:35:00+00:00
4183,4183.T,4183.jp,2025-05-14,1596.12,1610.82,1518.66,1532.40,3846115,https://stooq.com/q/d/l/?s=4183.jp&i=d,2026-03-26T08:35:00+00:00
4183,4183.T,4183.jp,2025-05-15,1527.00,1540.72,1514.74,1539.26,1858799,https://stooq.com/q/d/l/?s=4183.jp&i=d,2026-03-26T08:35:00+00:00
4183,4183.T,4183.jp,2025-05-16,1539.26,1544.65,1520.14,1537.78,1626041,https://stooq.com/q/d/l/?s=4183.jp&i=d,2026-03-26T08:35:00+00:00
4183,4183.T,4183.jp,2025-05-19,1504.94,1517.68,1501.02,1516.22,1765777,https://stooq.com/q/d/l/?s=4183.jp&i=d,2026-03-26T08:35:00+00:00
4183,4183.T,4183.jp,2025-05-20,1517.68,1527.98,1506.41,1510.82,1936929,https://stooq.com/q/d/l/?s=4183.jp&i=d,2026-03-26T08:35:00+00:00
4183,4183.T,4183.jp,2025-05-21,1513.76,1527.00,1508.86,1508.86,1785565,https://stooq.com/q/d/l/?s=4183.jp&i=d,2026-03-26T08:35:00+00:00
4183,4183.T,4183.jp,2025-05-22,1495.14,1499.55,1485.34,1496.12,2115832,https://stooq.com/q/d/l/?s=4183.jp&i=d,2026-03-26T08:35:00+00:00
4183,4183.T,4183.jp,2025-05-23,1503.47,1515.72,1497.59,1502.49,1337185,https://stooq.com/q/d/l/?s=4183.jp&i=d,2026-03-26T08:35:00+00:00
4183,4183.T,4183.jp,2025-05-26,1498.08,1507.39,1492.68,1502.49,1135026,https://stooq.com/q/d/l/?s=4183.jp&i=d,2026-03-26T08:35:00+00:00
4183,4183.T,4183.jp,2025-05-27,1503.96,1519.65,1501.51,1517.68,1315153,https://stooq.com/q/d/l/?s=4183.jp&i=d,2026-03-26T08:35:00+00:00
4183,4183.T,4183.jp,2025-05-28,1531.42,1540.72,1526.02,1530.92,1701927,https://stooq.com/q/d/l/?s=4183.jp&i=d,2026-03-26T08:35:00+00:00
4183,4183.T,4183.jp,2025-05-29,1534.36,1560.82,1533.86,1556.42,1555867,https://stooq.com/q/d/l/?s=4183.jp&i=d,2026-03-26T08:35:00+00:00
4183,4183.T,4183.jp,2025-05-30,1546.61,1622.10,1542.20,1610.34,4956050,https://stooq.com/q/d/l/?s=4183.jp&i=d,2026-03-26T08:35:00+00:00
4183,4183.T,4183.jp,2025-06-02,1612.78,1644.65,1577.49,1587.78,3309813,https://stooq.com/q/d/l/?s=4183.jp&i=d,2026-03-26T08:35:00+00:00
4183,4183.T,4183.jp,2025-06-03,1583.38,1609.36,1579.94,1597.10,1658272,https://stooq.com/q/d/l/?s=4183.jp&i=d,2026-03-26T08:35:00+00:00
4183,4183.T,4183.jp,2025-06-04,1608.86,1608.86,1588.76,1588.76,1448566,https://stooq.com/q/d/l/?s=4183.jp&i=d,2026-03-26T08:35:00+00:00
4183,4183.T,4183.jp,2025-06-05,1583.38,1590.73,1570.63,1585.82,1337389,https://stooq.com/q/d/l/?s=4183.jp&i=d,2026-03-26T08:35:00+00:00
4183,4183.T,4183.jp,2025-06-06,1589.74,1599.06,1585.82,1591.22,1295162,https://stooq.com/q/d/l/?s=4183.jp&i=d,2026-03-26T08:35:00+00:00
4183,4183.T,4183.jp,2025-06-09,1593.18,1595.14,1572.59,1577.00,1165217,https://stooq.com/q/d/l/?s=4183.jp&i=d,2026-03-26T08:35:00+00:00
4183,4183.T,4183.jp,2025-06-10,1588.28,1598.08,1572.59,1578.48,1316989,https://stooq.com/q/d/l/?s=4183.jp&i=d,2026-03-26T08:35:00+00:00
4183,4183.T,4183.jp,2025-06-11,1573.57,1595.14,1568.67,1595.14,1393691,https://stooq.com/q/d/l/?s=4183.jp&i=d,2026-03-26T08:35:00+00:00
4183,4183.T,4183.jp,2025-06-12,1593.18,1603.48,1588.28,1590.73,1457337,https://stooq.com/q/d/l/?s=4183.jp&i=d,2026-03-26T08:35:00+00:00
4183,4183.T,4183.jp,2025-06-13,1571.12,1593.67,1562.30,1562.30,2046066,https://stooq.com/q/d/l/?s=4183.jp&i=d,2026-03-26T08:35:00+00:00
4183,4183.T,4183.jp,2025-06-16,1566.22,1579.94,1563.76,1569.16,1344528,https://stooq.com/q/d/l/?s=4183.jp&i=d,2026-03-26T08:35:00+00:00
4183,4183.T,4183.jp,2025-06-17,1556.90,1573.57,1556.42,1570.14,1149101,https://stooq.com/q/d/l/?s=4183.jp&i=d,2026-03-26T08:35:00+00:00
4183,4183.T,4183.jp,2025-06-18,1563.76,1580.44,1563.76,1571.61,1219888,https://stooq.com/q/d/l/?s=4183.jp&i=d,2026-03-26T08:35:00+00:00
4183,4183.T,4183.jp,2025-06-19,1581.90,1589.26,1558.86,1559.84,1531184,https://stooq.com/q/d/l/?s=4183.jp&i=d,2026-03-26T08:35:00+00:00
4183,4183.T,4183.jp,2025-06-20,1554.45,1558.86,1539.74,1544.65,2072585,https://stooq.com/q/d/l/?s=4183.jp&i=d,2026-03-26T08:35:00+00:00
4183,4183.T,4183.jp,2025-06-23,1534.36,1537.30,1515.72,1521.61,1504052,https://stooq.com/q/d/l/?s=4183.jp&i=d,2026-03-26T08:35:00+00:00
4183,4183.T,4183.jp,2025-06-24,1536.80,1547.59,1532.40,1540.24,1198876,https://stooq.com/q/d/l/?s=4183.jp&i=d,2026-03-26T08:35:00+00:00
4183,4183.T,4183.jp,2025-06-25,1559.84,1622.59,1558.38,1597.59,3961780,https://stooq.com/q/d/l/?s=4183.jp&i=d,2026-03-26T08:35:00+00:00
4183,4183.T,4183.jp,2025-06-26,1604.46,1646.12,1604.46,1622.10,2519334,https://stooq.com/q/d/l/?s=4183.jp&i=d,2026-03-26T08:35:00+00:00
4183,4183.T,4183.jp,2025-06-27,1613.28,1637.30,1609.84,1635.34,3324501,https://stooq.com/q/d/l/?s=4183.jp&i=d,2026-03-26T08:35:00+00:00
4183,4183.T,4183.jp,2025-06-30,1645.63,1659.84,1628.96,1634.84,1755374,https://stooq.com/q/d/l/?s=4183.jp&i=d,2026-03-26T08:35:00+00:00
4183,4183.T,4183.jp,2025-07-01,1620.14,1628.96,1612.78,1628.48,1835952,https://stooq.com/q/d/l/?s=4183.jp&i=d,2026-03-26T08:35:00+00:00
4183,4183.T,4183.jp,2025-07-02,1619.65,1659.84,1615.24,1655.92,1425922,https://stooq.com/q/d/l/?s=4183.jp&i=d,2026-03-26T08:35:00+00:00
4183,4183.T,4183.jp,2025-07-03,1662.79,1685.34,1658.86,1684.36,2011591,https://stooq.com/q/d/l/?s=4183.jp&i=d,2026-03-26T08:35:00+00:00
4183,4183.T,4183.jp,2025-07-04,1672.60,1677.98,1656.90,1659.36,1153181,https://stooq.com/q/d/l/?s=4183.jp&i=d,2026-03-26T08:35:00+00:00
4183,4183.T,4183.jp,2025-07-07,1656.90,1659.36,1633.38,1636.80,897984,https://stooq.com/q/d/l/?s=4183.jp&i=d,2026-03-26T08:35:00+00:00
4183,4183.T,4183.jp,2025-07-08,1630.92,1652.98,1628.48,1644.65,1249671,https://stooq.com/q/d/l/?s=4183.jp&i=d,2026-03-26T08:35:00+00:00
4183,4183.T,4183.jp,2025-07-09,1662.79,1681.42,1657.40,1671.61,1943865,https://stooq.com/q/d/l/?s=4183.jp&i=d,2026-03-26T08:35:00+00:00
4183,4183.T,4183.jp,2025-07-10,1682.40,1702.98,1675.54,1681.42,2768819,https://stooq.com/q/d/l/?s=4183.jp&i=d,2026-03-26T08:35:00+00:00
4183,4183.T,4183.jp,2025-07-11,1703.48,1708.38,1686.81,1695.14,1409195,https://stooq.com/q/d/l/?s=4183.jp&i=d,2026-03-26T08:35:00+00:00
4183,4183.T,4183.jp,2025-07-14,1679.46,1693.67,1673.58,1683.86,953267,https://stooq.com/q/d/l/?s=4183.jp&i=d,2026-03-26T08:35:00+00:00
4183,4183.T,4183.jp,2025-07-15,1683.86,1687.79,1676.52,1681.90,716837,https://stooq.com/q/d/l/?s=4183.jp&i=d,2026-03-26T08:35:00+00:00
4183,4183.T,4183.jp,2025-07-16,1668.18,1671.61,1651.52,1658.86,1734770,https://stooq.com/q/d/l/?s=4183.jp&i=d,2026-03-26T08:35:00+00:00
4183,4183.T,4183.jp,2025-07-17,1652.50,1656.42,1642.69,1647.10,1551583,https://stooq.com/q/d/l/?s=4183.jp&i=d,2026-03-26T08:35:00+00:00
4183,4183.T,4183.jp,2025-07-18,1658.86,1659.84,1646.61,1652.98,1144206,https://stooq.com/q/d/l/?s=4183.jp&i=d,2026-03-26T08:35:00+00:00
4183,4183.T,4183.jp,2025-07-22,1656.90,1660.83,1632.40,1644.16,1546687,https://stooq.com/q/d/l/?s=4183.jp&i=d,2026-03-26T08:35:00+00:00
4183,4183.T,4183.jp,2025-07-23,1671.61,1701.02,1669.16,1693.18,2151531,https://stooq.com/q/d/l/?s=4183.jp&i=d,2026-03-26T08:35:00+00:00
4183,4183.T,4183.jp,2025-07-24,1702.98,1715.24,1696.62,1710.83,1572390,https://stooq.com/q/d/l/?s=4183.jp&i=d,2026-03-26T08:35:00+00:00
4183,4183.T,4183.jp,2025-07-25,1693.18,1708.38,1683.38,1691.71,1245591,https://stooq.com/q/d/l/?s=4183.jp&i=d,2026-03-26T08:35:00+00:00
4183,4183.T,4183.jp,2025-07-28,1671.61,1693.67,1657.88,1681.90,2281476,https://stooq.com/q/d/l/?s=4183.jp&i=d,2026-03-26T08:35:00+00:00
4183,4183.T,4183.jp,2025-07-29,1663.28,1665.73,1649.06,1651.02,1806780,https://stooq.com/q/d/l/?s=4183.jp&i=d,2026-03-26T08:35:00+00:00
4183,4183.T,4183.jp,2025-07-30,1651.02,1658.38,1644.65,1656.42,2398773,https://stooq.com/q/d/l/?s=4183.jp&i=d,2026-03-26T08:35:00+00:00
4183,4183.T,4183.jp,2025-07-31,1648.57,1675.04,1647.10,1663.28,3470969,https://stooq.com/q/d/l/?s=4183.jp&i=d,2026-03-26T08:35:00+00:00
4183,4183.T,4183.jp,2025-08-01,1664.26,1672.60,1652.50,1663.77,2175603,https://stooq.com/q/d/l/?s=4183.jp&i=d,2026-03-26T08:35:00+00:00
4183,4183.T,4183.jp,2025-08-04,1632.40,1646.12,1618.18,1640.73,2336147,https://stooq.com/q/d/l/?s=4183.jp&i=d,2026-03-26T08:35:00+00:00
4183,4183.T,4183.jp,2025-08-05,1642.20,1658.86,1639.75,1644.65,1757414,https://stooq.com/q/d/l/?s=4183.jp&i=d,2026-03-26T08:35:00+00:00
4183,4183.T,4183.jp,2025-08-06,1637.79,1650.04,1636.80,1647.59,2426720,https://stooq.com/q/d/l/?s=4183.jp&i=d,2026-03-26T08:35:00+00:00
4183,4183.T,4183.jp,2025-08-07,1649.06,1777.50,1603.96,1769.16,11282945,https://stooq.com/q/d/l/?s=4183.jp&i=d,2026-03-26T08:35:00+00:00
4183,4183.T,4183.jp,2025-08-08,1760.83,1761.81,1724.06,1756.42,4270016,https://stooq.com/q/d/l/?s=4183.jp&i=d,2026-03-26T08:35:00+00:00
4183,4183.T,4183.jp,2025-08-12,1756.42,1794.16,1748.58,1755.93,3508912,https://stooq.com/q/d/l/?s=4183.jp&i=d,2026-03-26T08:35:00+00:00
4183,4183.T,4183.jp,2025-08-13,1769.66,1788.28,1756.91,1763.28,2016691,https://stooq.com/q/d/l/?s=4183.jp&i=d,2026-03-26T08:35:00+00:00
4183,4183.T,4183.jp,2025-08-14,1764.75,1771.12,1735.34,1738.28,1304749,https://stooq.com/q/d/l/?s=4183.jp&i=d,2026-03-26T08:35:00+00:00
4183,4183.T,4183.jp,2025-08-15,1741.71,1765.73,1741.22,1761.32,1506500,https://stooq.com/q/d/l/?s=4183.jp&i=d,2026-03-26T08:35:00+00:00
4183,4183.T,4183.jp,2025-08-18,1772.10,1785.34,1760.83,1767.20,2700073,https://stooq.com/q/d/l/?s=4183.jp&i=d,2026-03-26T08:35:00+00:00
4183,4183.T,4183.jp,2025-08-19,1769.16,1798.08,1766.22,1787.79,2244349,https://stooq.com/q/d/l/?s=4183.jp&i=d,2026-03-26T08:35:00+00:00
4183,4183.T,4183.jp,2025-08-20,1798.58,1803.48,1765.73,1766.72,1589730,https://stooq.com/q/d/l/?s=4183.jp&i=d,2026-03-26T08:35:00+00:00
4183,4183.T,4183.jp,2025-08-21,1775.54,1858.87,1774.06,1849.56,5765093,https://stooq.com/q/d/l/?s=4183.jp&i=d,2026-03-26T08:35:00+00:00
4183,4183.T,4183.jp,2025-08-22,1816.22,1822.60,1795.64,1809.85,4620683,https://stooq.com/q/d/l/?s=4183.jp&i=d,2026-03-26T08:35:00+00:00
4183,4183.T,4183.jp,2025-08-25,1828.48,1834.85,1813.28,1821.62,3046660,https://stooq.com/q/d/l/?s=4183.jp&i=d,2026-03-26T08:35:00+00:00
4183,4183.T,4183.jp,2025-08-26,1816.22,1816.22,1786.81,1792.20,2636631,https://stooq.com/q/d/l/?s=4183.jp&i=d,2026-03-26T08:35:00+00:00
4183,4183.T,4183.jp,2025-08-27,1798.08,1813.28,1793.18,1797.10,1688055,https://stooq.com/q/d/l/?s=4183.jp&i=d,2026-03-26T08:35:00+00:00
4183,4183.T,4183.jp,2025-08-28,1797.10,1801.52,1784.85,1793.68,1227639,https://stooq.com/q/d/l/?s=4183.jp&i=d,2026-03-26T08:35:00+00:00
4183,4183.T,4183.jp,2025-08-29,1782.89,1796.12,1779.46,1783.38,1126662,https://stooq.com/q/d/l/?s=4183.jp&i=d,2026-03-26T08:35:00+00:00
4183,4183.T,4183.jp,2025-09-01,1786.81,1820.64,1783.38,1812.30,2642343,https://stooq.com/q/d/l/?s=4183.jp&i=d,2026-03-26T08:35:00+00:00
4183,4183.T,4183.jp,2025-09-02,1808.87,1831.91,1801.52,1822.60,1914082,https://stooq.com/q/d/l/?s=4183.jp&i=d,2026-03-26T08:35:00+00:00
4183,4183.T,4183.jp,2025-09-03,1825.54,1844.16,1805.44,1805.44,2561357,https://stooq.com/q/d/l/?s=4183.jp&i=d,2026-03-26T08:35:00+00:00
4183,4183.T,4183.jp,2025-09-04,1814.26,1846.62,1810.83,1836.32,2843685,https://stooq.com/q/d/l/?s=4183.jp&i=d,2026-03-26T08:35:00+00:00
4183,4183.T,4183.jp,2025-09-05,1845.64,1869.16,1832.40,1863.78,2444264,https://stooq.com/q/d/l/?s=4183.jp&i=d,2026-03-26T08:35:00+00:00
4183,4183.T,4183.jp,2025-09-08,1888.78,1894.66,1865.24,1881.42,2456911,https://stooq.com/q/d/l/?s=4183.jp&i=d,2026-03-26T08:35:00+00:00
4183,4183.T,4183.jp,2025-09-09,1887.30,1887.30,1853.48,1863.78,1951209,https://stooq.com/q/d/l/?s=4183.jp&i=d,2026-03-26T08:35:00+00:00
4183,4183.T,4183.jp,2025-09-10,1870.14,1874.56,1840.24,1842.20,1887766,https://stooq.com/q/d/l/?s=4183.jp&i=d,2026-03-26T08:35:00+00:00
4183,4183.T,4183.jp,2025-09-11,1848.08,1859.36,1827.01,1849.56,2059122,https://stooq.com/q/d/l/?s=4183.jp&i=d,2026-03-26T08:35:00+00:00
4183,4183.T,4183.jp,2025-09-12,1872.11,1872.11,1848.58,1848.58,1399607,https://stooq.com/q/d/l/?s=4183.jp&i=d,2026-03-26T08:35:00+00:00
4183,4183.T,4183.jp,2025-09-16,1840.74,1853.97,1834.85,1838.78,1175621,https://stooq.com/q/d/l/?s=4183.jp&i=d,2026-03-26T08:35:00+00:00
4183,4183.T,4183.jp,2025-09-17,1832.40,1839.76,1819.66,1823.08,1365336,https://stooq.com/q/d/l/?s=4183.jp&i=d,2026-03-26T08:35:00+00:00
4183,4183.T,4183.jp,2025-09-18,1833.87,1835.83,1817.20,1828.97,1114422,https://stooq.com/q/d/l/?s=4183.jp&i=d,2026-03-26T08:35:00+00:00
4183,4183.T,4183.jp,2025-09-19,1863.28,1863.78,1811.81,1819.16,2356954,https://stooq.com/q/d/l/?s=4183.jp&i=d,2026-03-26T08:35:00+00:00
4183,4183.T,4183.jp,2025-09-22,1826.52,1866.72,1826.03,1862.30,1954472,https://stooq.com/q/d/l/?s=4183.jp&i=d,2026-03-26T08:35:00+00:00
4183,4183.T,4183.jp,2025-09-24,1869.16,1869.16,1836.82,1849.07,1932033,https://stooq.com/q/d/l/?s=4183.jp&i=d,2026-03-26T08:35:00+00:00
4183,4183.T,4183.jp,2025-09-25,1865.74,1883.88,1857.89,1878.48,2023627,https://stooq.com/q/d/l/?s=4183.jp&i=d,2026-03-26T08:35:00+00:00
4183,4183.T,4183.jp,2025-09-26,1877.50,1889.76,1872.60,1877.50,2475067,https://stooq.com/q/d/l/?s=4183.jp&i=d,2026-03-26T08:35:00+00:00
4183,4183.T,4183.jp,2025-09-29,1885.00,1888.50,1867.50,1876.50,1716400,https://stooq.com/q/d/l/?s=4183.jp&i=d,2026-03-26T08:35:00+00:00
4183,4183.T,4183.jp,2025-09-30,1889.50,1890.00,1840.00,1851.00,1748000,https://stooq.com/q/d/l/?s=4183.jp&i=d,2026-03-26T08:35:00+00:00
4183,4183.T,4183.jp,2025-10-01,1844.00,1850.00,1812.00,1812.00,1917000,https://stooq.com/q/d/l/?s=4183.jp&i=d,2026-03-26T08:35:00+00:00
4183,4183.T,4183.jp,2025-10-02,1810.00,1834.00,1797.00,1831.50,1543000,https://stooq.com/q/d/l/?s=4183.jp&i=d,2026-03-26T08:35:00+00:00
4183,4183.T,4183.jp,2025-10-03,1829.50,1849.50,1824.00,1824.00,1406000,https://stooq.com/q/d/l/?s=4183.jp&i=d,2026-03-26T08:35:00+00:00
4183,4183.T,4183.jp,2025-10-06,1859.00,1870.50,1836.00,1854.50,2001200,https://stooq.com/q/d/l/?s=4183.jp&i=d,2026-03-26T08:35:00+00:00
4183,4183.T,4183.jp,2025-10-07,1855.00,1874.50,1850.50,1867.50,1601600,https://stooq.com/q/d/l/?s=4183.jp&i=d,2026-03-26T08:35:00+00:00
4183,4183.T,4183.jp,2025-10-08,1860.00,1872.50,1854.50,1856.50,1042600,https://stooq.com/q/d/l/?s=4183.jp&i=d,2026-03-26T08:35:00+00:00
4183,4183.T,4183.jp,2025-10-09,1850.00,1868.50,1848.50,1868.50,925200,https://stooq.com/q/d/l/?s=4183.jp&i=d,2026-03-26T08:35:00+00:00
4183,4183.T,4183.jp,2025-10-10,1869.00,1872.00,1824.00,1828.50,1482600,https://stooq.com/q/d/l/?s=4183.jp&i=d,2026-03-26T08:35:00+00:00
4183,4183.T,4183.jp,2025-10-14,1789.50,1837.00,1789.50,1798.00,2149600,https://stooq.com/q/d/l/?s=4183.jp&i=d,2026-03-26T08:35:00+00:00
4183,4183.T,4183.jp,2025-10-15,1820.50,1834.00,1809.00,1831.00,1306000,https://stooq.com/q/d/l/?s=4183.jp&i=d,2026-03-26T08:35:00+00:00
4183,4183.T,4183.jp,2025-10-16,1832.00,1843.00,1825.00,1827.00,1157000,https://stooq.com/q/d/l/?s=4183.jp&i=d,2026-03-26T08:35:00+00:00
4183,4183.T,4183.jp,2025-10-17,1820.00,1832.50,1816.00,1822.50,1463400,https://stooq.com/q/d/l/?s=4183.jp&i=d,2026-03-26T08:35:00+00:00
4183,4183.T,4183.jp,2025-10-20,1852.50,1854.50,1821.00,1825.00,2100000,https://stooq.com/q/d/l/?s=4183.jp&i=d,2026-03-26T08:35:00+00:00
4183,4183.T,4183.jp,2025-10-21,1840.00,1853.00,1831.00,1835.00,1668400,https://stooq.com/q/d/l/?s=4183.jp&i=d,2026-03-26T08:35:00+00:00
4183,4183.T,4183.jp,2025-10-22,1853.00,1860.00,1835.50,1856.00,1949200,https://stooq.com/q/d/l/?s=4183.jp&i=d,2026-03-26T08:35:00+00:00
4183,4183.T,4183.jp,2025-10-23,1854.00,1868.50,1842.00,1865.00,1093600,https://stooq.com/q/d/l/?s=4183.jp&i=d,2026-03-26T08:35:00+00:00
4183,4183.T,4183.jp,2025-10-24,1869.00,1887.50,1866.00,1886.00,1251400,https://stooq.com/q/d/l/?s=4183.jp&i=d,2026-03-26T08:35:00+00:00
4183,4183.T,4183.jp,2025-10-27,1895.00,1898.50,1882.50,1891.50,1505800,https://stooq.com/q/d/l/?s=4183.jp&i=d,2026-03-26T08:35:00+00:00
4183,4183.T,4183.jp,2025-10-28,1875.00,1881.50,1842.00,1842.00,1463400,https://stooq.com/q/d/l/?s=4183.jp&i=d,2026-03-26T08:35:00+00:00
4183,4183.T,4183.jp,2025-10-29,1841.50,1848.00,1817.50,1825.00,1452600,https://stooq.com/q/d/l/?s=4183.jp&i=d,2026-03-26T08:35:00+00:00
4183,4183.T,4183.jp,2025-10-30,1825.00,1835.00,1816.50,1835.00,1758600,https://stooq.com/q/d/l/?s=4183.jp&i=d,2026-03-26T08:35:00+00:00
4183,4183.T,4183.jp,2025-10-31,1846.00,1849.00,1813.50,1823.50,1290200,https://stooq.com/q/d/l/?s=4183.jp&i=d,2026-03-26T08:35:00+00:00
4183,4183.T,4183.jp,2025-11-04,1829.00,1843.50,1807.50,1825.00,1552000,https://stooq.com/q/d/l/?s=4183.jp&i=d,2026-03-26T08:35:00+00:00
4183,4183.T,4183.jp,2025-11-05,1822.50,1826.50,1762.50,1805.00,1963400,https://stooq.com/q/d/l/?s=4183.jp&i=d,2026-03-26T08:35:00+00:00
4183,4183.T,4183.jp,2025-11-06,1805.00,1812.00,1788.50,1795.00,2105600,https://stooq.com/q/d/l/?s=4183.jp&i=d,2026-03-26T08:35:00+00:00
4183,4183.T,4183.jp,2025-11-07,1789.00,1806.50,1782.50,1805.00,1054600,https://stooq.com/q/d/l/?s=4183.jp&i=d,2026-03-26T08:35:00+00:00
4183,4183.T,4183.jp,2025-11-10,1825.00,1834.50,1816.50,1832.00,1083200,https://stooq.com/q/d/l/?s=4183.jp&i=d,2026-03-26T08:35:00+00:00
4183,4183.T,4183.jp,2025-11-11,1842.00,1919.50,1793.50,1823.50,8494800,https://stooq.com/q/d/l/?s=4183.jp&i=d,2026-03-26T08:35:00+00:00
4183,4183.T,4183.jp,2025-11-12,1795.50,1825.00,1758.00,1781.50,4471600,https://stooq.com/q/d/l/?s=4183.jp&i=d,2026-03-26T08:35:00+00:00
4183,4183.T,4183.jp,2025-11-13,1789.00,1794.50,1767.50,1786.50,1906600,https://stooq.com/q/d/l/?s=4183.jp&i=d,2026-03-26T08:35:00+00:00
4183,4183.T,4183.jp,2025-11-14,1786.00,1806.50,1776.00,1783.00,1725200,https://stooq.com/q/d/l/?s=4183.jp&i=d,2026-03-26T08:35:00+00:00
4183,4183.T,4183.jp,2025-11-17,1780.00,1783.50,1766.50,1781.50,1344800,https://stooq.com/q/d/l/?s=4183.jp&i=d,2026-03-26T08:35:00+00:00
4183,4183.T,4183.jp,2025-11-18,1766.50,1778.00,1746.00,1756.00,1859000,https://stooq.com/q/d/l/?s=4183.jp&i=d,2026-03-26T08:35:00+00:00
4183,4183.T,4183.jp,2025-11-19,1758.00,1770.50,1737.00,1761.00,1489200,https://stooq.com/q/d/l/?s=4183.jp&i=d,2026-03-26T08:35:00+00:00
4183,4183.T,4183.jp,2025-11-20,1789.00,1807.50,1782.00,1793.50,1590200,https://stooq.com/q/d/l/?s=4183.jp&i=d,2026-03-26T08:35:00+00:00
4183,4183.T,4183.jp,2025-11-21,1771.50,1867.00,1770.50,1859.50,4771800,https://stooq.com/q/d/l/?s=4183.jp&i=d,2026-03-26T08:35:00+00:00
4183,4183.T,4183.jp,2025-11-25,1860.00,1870.00,1841.00,1850.50,1835800,https://stooq.com/q/d/l/?s=4183.jp&i=d,2026-03-26T08:35:00+00:00
4183,4183.T,4183.jp,2025-11-26,1874.00,1914.50,1863.00,1904.00,2953800,https://stooq.com/q/d/l/?s=4183.jp&i=d,2026-03-26T08:35:00+00:00
4183,4183.T,4183.jp,2025-11-27,1912.50,1964.50,1910.00,1932.50,3187400,https://stooq.com/q/d/l/?s=4183.jp&i=d,2026-03-26T08:35:00+00:00
4183,4183.T,4183.jp,2025-11-28,1949.50,1973.00,1939.50,1968.00,2702400,https://stooq.com/q/d/l/?s=4183.jp&i=d,2026-03-26T08:35:00+00:00
4183,4183.T,4183.jp,2025-12-01,1993.50,2009.00,1953.00,1953.00,1845200,https://stooq.com/q/d/l/?s=4183.jp&i=d,2026-03-26T08:35:00+00:00
4183,4183.T,4183.jp,2025-12-02,1953.00,1969.50,1945.50,1963.50,1418400,https://stooq.com/q/d/l/?s=4183.jp&i=d,2026-03-26T08:35:00+00:00
4183,4183.T,4183.jp,2025-12-03,1945.00,1955.50,1918.00,1928.00,1401800,https://stooq.com/q/d/l/?s=4183.jp&i=d,2026-03-26T08:35:00+00:00
4183,4183.T,4183.jp,2025-12-04,1920.00,1959.00,1913.00,1957.50,1327400,https://stooq.com/q/d/l/?s=4183.jp&i=d,2026-03-26T08:35:00+00:00
4183,4183.T,4183.jp,2025-12-05,1933.00,1944.00,1895.00,1895.00,1686000,https://stooq.com/q/d/l/?s=4183.jp&i=d,2026-03-26T08:35:00+00:00
4183,4183.T,4183.jp,2025-12-08,1905.00,1924.00,1898.00,1919.50,1134200,https://stooq.com/q/d/l/?s=4183.jp&i=d,2026-03-26T08:35:00+00:00
4183,4183.T,4183.jp,2025-12-09,1924.00,1933.50,1911.50,1931.00,1660600,https://stooq.com/q/d/l/?s=4183.jp&i=d,2026-03-26T08:35:00+00:00
4183,4183.T,4183.jp,2025-12-10,1942.00,1980.00,1935.50,1961.00,1633800,https://stooq.com/q/d/l/?s=4183.jp&i=d,2026-03-26T08:35:00+00:00
4183,4183.T,4183.jp,2025-12-11,1990.00,1992.00,1939.00,1949.50,1151600,https://stooq.com/q/d/l/?s=4183.jp&i=d,2026-03-26T08:35:00+00:00
4183,4183.T,4183.jp,2025-12-12,1965.00,1987.00,1958.50,1971.00,1777000,https://stooq.com/q/d/l/?s=4183.jp&i=d,2026-03-26T08:35:00+00:00
4183,4183.T,4183.jp,2025-12-15,1983.50,1983.50,1954.00,1963.50,882600,https://stooq.com/q/d/l/?s=4183.jp&i=d,2026-03-26T08:35:00+00:00
4183,4183.T,4183.jp,2025-12-16,1972.00,1974.00,1937.50,1937.50,1146400,https://stooq.com/q/d/l/?s=4183.jp&i=d,2026-03-26T08:35:00+00:00
4183,4183.T,4183.jp,2025-12-17,1925.00,1934.50,1897.50,1914.50,2076600,https://stooq.com/q/d/l/?s=4183.jp&i=d,2026-03-26T08:35:00+00:00
4183,4183.T,4183.jp,2025-12-18,1932.00,1934.00,1908.00,1917.00,1026400,https://stooq.com/q/d/l/?s=4183.jp&i=d,2026-03-26T08:35:00+00:00
4183,4183.T,4183.jp,2025-12-19,1914.00,1938.00,1912.50,1933.00,1441800,https://stooq.com/q/d/l/?s=4183.jp&i=d,2026-03-26T08:35:00+00:00
4183,4183.T,4183.jp,2025-12-22,1938.50,1966.50,1932.50,1955.50,1073800,https://stooq.com/q/d/l/?s=4183.jp&i=d,2026-03-26T08:35:00+00:00
4183,4183.T,4183.jp,2025-12-23,1955.00,1975.00,1946.00,1965.00,1401600,https://stooq.com/q/d/l/?s=4183.jp&i=d,2026-03-26T08:35:00+00:00
4183,4183.T,4183.jp,2025-12-24,1982.00,2008.50,1970.00,1977.00,2686000,https://stooq.com/q/d/l/?s=4183.jp&i=d,2026-03-26T08:35:00+00:00
4183,4183.T,4183.jp,2025-12-25,1990.00,1990.00,1959.50,1976.00,1728000,https://stooq.com/q/d/l/?s=4183.jp&i=d,2026-03-26T08:35:00+00:00
4183,4183.T,4183.jp,2025-12-26,1974.00,1988.50,1967.50,1975.50,1388000,https://stooq.com/q/d/l/?s=4183.jp&i=d,2026-03-26T08:35:00+00:00
4183,4183.T,4183.jp,2025-12-29,1978.00,2022.00,1973.00,2015.00,1751300,https://stooq.com/q/d/l/?s=4183.jp&i=d,2026-03-26T08:35:00+00:00
4183,4183.T,4183.jp,2025-12-30,2021.00,2024.50,1996.50,2002.00,1457100,https://stooq.com/q/d/l/?s=4183.jp&i=d,2026-03-26T08:35:00+00:00
4183,4183.T,4183.jp,2026-01-05,2041.00,2063.00,2011.00,2019.00,1999700,https://stooq.com/q/d/l/?s=4183.jp&i=d,2026-03-26T08:35:00+00:00
4183,4183.T,4183.jp,2026-01-06,2040.00,2095.00,2038.00,2064.50,2287200,https://stooq.com/q/d/l/?s=4183.jp&i=d,2026-03-26T08:35:00+00:00
4183,4183.T,4183.jp,2026-01-07,2070.00,2082.00,2058.00,2078.50,1804700,https://stooq.com/q/d/l/?s=4183.jp&i=d,2026-03-26T08:35:00+00:00
4183,4183.T,4183.jp,2026-01-08,2062.00,2072.00,2028.00,2028.00,1450200,https://stooq.com/q/d/l/?s=4183.jp&i=d,2026-03-26T08:35:00+00:00
4183,4183.T,4183.jp,2026-01-09,2067.00,2080.00,2028.00,2045.50,1435300,https://stooq.com/q/d/l/?s=4183.jp&i=d,2026-03-26T08:35:00+00:00
4183,4183.T,4183.jp,2026-01-13,2083.00,2083.50,2047.00,2053.50,1612000,https://stooq.com/q/d/l/?s=4183.jp&i=d,2026-03-26T08:35:00+00:00
4183,4183.T,4183.jp,2026-01-14,2055.00,2099.00,2054.00,2083.00,1796000,https://stooq.com/q/d/l/?s=4183.jp&i=d,2026-03-26T08:35:00+00:00
4183,4183.T,4183.jp,2026-01-15,2089.50,2117.50,2083.00,2104.00,1565700,https://stooq.com/q/d/l/?s=4183.jp&i=d,2026-03-26T08:35:00+00:00
4183,4183.T,4183.jp,2026-01-16,2115.50,2173.00,2111.00,2167.50,2631400,https://stooq.com/q/d/l/?s=4183.jp&i=d,2026-03-26T08:35:00+00:00
4183,4183.T,4183.jp,2026-01-19,2158.00,2178.50,2107.50,2170.00,1721300,https://stooq.com/q/d/l/?s=4183.jp&i=d,2026-03-26T08:35:00+00:00
4183,4183.T,4183.jp,2026-01-20,2165.00,2171.00,2142.00,2162.00,1452200,https://stooq.com/q/d/l/?s=4183.jp&i=d,2026-03-26T08:35:00+00:00
4183,4183.T,4183.jp,2026-01-21,2121.00,2164.50,2118.50,2164.50,1286800,https://stooq.com/q/d/l/?s=4183.jp&i=d,2026-03-26T08:35:00+00:00
4183,4183.T,4183.jp,2026-01-22,2180.50,2240.00,2180.00,2228.50,2311600,https://stooq.com/q/d/l/?s=4183.jp&i=d,2026-03-26T08:35:00+00:00
4183,4183.T,4183.jp,2026-01-23,2224.50,2247.00,2206.00,2244.50,1456200,https://stooq.com/q/d/l/?s=4183.jp&i=d,2026-03-26T08:35:00+00:00
4183,4183.T,4183.jp,2026-01-26,2200.00,2253.00,2199.50,2235.00,1967400,https://stooq.com/q/d/l/?s=4183.jp&i=d,2026-03-26T08:35:00+00:00
4183,4183.T,4183.jp,2026-01-27,2235.00,2273.00,2215.00,2251.00,2188100,https://stooq.com/q/d/l/?s=4183.jp&i=d,2026-03-26T08:35:00+00:00
4183,4183.T,4183.jp,2026-01-28,2244.00,2250.00,2221.00,2225.50,1500000,https://stooq.com/q/d/l/?s=4183.jp&i=d,2026-03-26T08:35:00+00:00
4183,4183.T,4183.jp,2026-01-29,2211.00,2247.00,2172.00,2241.00,1606700,https://stooq.com/q/d/l/?s=4183.jp&i=d,2026-03-26T08:35:00+00:00
4183,4183.T,4183.jp,2026-01-30,2234.00,2256.00,2218.00,2256.00,2499800,https://stooq.com/q/d/l/?s=4183.jp&i=d,2026-03-26T08:35:00+00:00
4183,4183.T,4183.jp,2026-02-02,2277.00,2319.50,2231.50,2234.00,1980300,https://stooq.com/q/d/l/?s=4183.jp&i=d,2026-03-26T08:35:00+00:00
4183,4183.T,4183.jp,2026-02-03,2254.00,2281.50,2243.00,2264.00,2359700,https://stooq.com/q/d/l/?s=4183.jp&i=d,2026-03-26T08:35:00+00:00
4183,4183.T,4183.jp,2026-02-04,2299.50,2412.00,2291.50,2383.50,3643100,https://stooq.com/q/d/l/?s=4183.jp&i=d,2026-03-26T08:35:00+00:00
4183,4183.T,4183.jp,2026-02-05,2477.50,2477.50,2196.50,2270.50,8654100,https://stooq.com/q/d/l/?s=4183.jp&i=d,2026-03-26T08:35:00+00:00
4183,4183.T,4183.jp,2026-02-06,2210.00,2350.50,2210.00,2344.00,4004300,https://stooq.com/q/d/l/?s=4183.jp&i=d,2026-03-26T08:35:00+00:00
4183,4183.T,4183.jp,2026-02-09,2429.50,2434.00,2352.00,2352.00,3916500,https://stooq.com/q/d/l/?s=4183.jp&i=d,2026-03-26T08:35:00+00:00
4183,4183.T,4183.jp,2026-02-10,2345.00,2399.50,2338.00,2399.50,2164200,https://stooq.com/q/d/l/?s=4183.jp&i=d,2026-03-26T08:35:00+00:00
4183,4183.T,4183.jp,2026-02-12,2399.00,2423.00,2384.00,2399.50,2075400,https://stooq.com/q/d/l/?s=4183.jp&i=d,2026-03-26T08:35:00+00:00
4183,4183.T,4183.jp,2026-02-13,2394.00,2400.00,2348.00,2366.00,2042000,https://stooq.com/q/d/l/?s=4183.jp&i=d,2026-03-26T08:35:00+00:00
4183,4183.T,4183.jp,2026-02-16,2380.00,2393.00,2321.00,2322.00,2499400,https://stooq.com/q/d/l/?s=4183.jp&i=d,2026-03-26T08:35:00+00:00
4183,4183.T,4183.jp,2026-02-17,2334.50,2379.00,2329.50,2360.00,1956300,https://stooq.com/q/d/l/?s=4183.jp&i=d,2026-03-26T08:35:00+00:00
4183,4183.T,4183.jp,2026-02-18,2352.50,2372.00,2339.50,2351.50,1591600,https://stooq.com/q/d/l/?s=4183.jp&i=d,2026-03-26T08:35:00+00:00
4183,4183.T,4183.jp,2026-02-19,2361.00,2377.50,2346.00,2356.50,2230100,https://stooq.com/q/d/l/?s=4183.jp&i=d,2026-03-26T08:35:00+00:00
4183,4183.T,4183.jp,2026-02-20,2338.00,2354.50,2277.50,2313.50,2217200,https://stooq.com/q/d/l/?s=4183.jp&i=d,2026-03-26T08:35:00+00:00
4183,4183.T,4183.jp,2026-02-24,2294.00,2331.50,2251.00,2326.00,2836800,https://stooq.com/q/d/l/?s=4183.jp&i=d,2026-03-26T08:35:00+00:00
4183,4183.T,4183.jp,2026-02-25,2340.00,2374.50,2273.00,2274.50,2985500,https://stooq.com/q/d/l/?s=4183.jp&i=d,2026-03-26T08:35:00+00:00
4183,4183.T,4183.jp,2026-02-26,2275.00,2329.50,2264.00,2321.50,3034700,https://stooq.com/q/d/l/?s=4183.jp&i=d,2026-03-26T08:35:00+00:00
4183,4183.T,4183.jp,2026-02-27,2321.00,2380.50,2304.50,2380.00,2395100,https://stooq.com/q/d/l/?s=4183.jp&i=d,2026-03-26T08:35:00+00:00
4183,4183.T,4183.jp,2026-03-02,2316.50,2342.50,2274.00,2336.00,2563800,https://stooq.com/q/d/l/?s=4183.jp&i=d,2026-03-26T08:35:00+00:00
4183,4183.T,4183.jp,2026-03-03,2306.50,2312.00,2224.50,2231.00,3494300,https://stooq.com/q/d/l/?s=4183.jp&i=d,2026-03-26T08:35:00+00:00
4183,4183.T,4183.jp,2026-03-04,2137.50,2165.50,2078.50,2105.00,4372200,https://stooq.com/q/d/l/?s=4183.jp&i=d,2026-03-26T08:35:00+00:00
4183,4183.T,4183.jp,2026-03-05,2185.00,2194.00,2123.50,2125.00,5123000,https://stooq.com/q/d/l/?s=4183.jp&i=d,2026-03-26T08:35:00+00:00
4183,4183.T,4183.jp,2026-03-06,2080.50,2156.00,2075.50,2156.00,2375400,https://stooq.com/q/d/l/?s=4183.jp&i=d,2026-03-26T08:35:00+00:00
4183,4183.T,4183.jp,2026-03-09,2020.00,2041.00,1940.00,2004.00,4555800,https://stooq.com/q/d/l/?s=4183.jp&i=d,2026-03-26T08:35:00+00:00
4183,4183.T,4183.jp,2026-03-10,2054.00,2079.00,2001.00,2049.50,3349600,https://stooq.com/q/d/l/?s=4183.jp&i=d,2026-03-26T08:35:00+00:00
4183,4183.T,4183.jp,2026-03-11,2008.00,2056.50,2005.00,2019.50,5144000,https://stooq.com/q/d/l/?s=4183.jp&i=d,2026-03-26T08:35:00+00:00
4183,4183.T,4183.jp,2026-03-12,1988.50,1994.50,1925.00,1952.00,4597600,https://stooq.com/q/d/l/?s=4183.jp&i=d,2026-03-26T08:35:00+00:00
4183,4183.T,4183.jp,2026-03-13,1888.00,1944.00,1886.50,1931.50,4900100,https://stooq.com/q/d/l/?s=4183.jp&i=d,2026-03-26T08:35:00+00:00
4183,4183.T,4183.jp,2026-03-16,1878.00,1938.50,1878.00,1938.50,4677800,https://stooq.com/q/d/l/?s=4183.jp&i=d,2026-03-26T08:35:00+00:00
4183,4183.T,4183.jp,2026-03-17,1948.00,1964.00,1926.50,1931.50,2792100,https://stooq.com/q/d/l/?s=4183.jp&i=d,2026-03-26T08:35:00+00:00
4183,4183.T,4183.jp,2026-03-18,1966.00,1985.50,1944.50,1985.50,2869000,https://stooq.com/q/d/l/?s=4183.jp&i=d,2026-03-26T08:35:00+00:00
4183,4183.T,4183.jp,2026-03-19,1971.00,1977.50,1917.50,1931.00,5130100,https://stooq.com/q/d/l/?s=4183.jp&i=d,2026-03-26T08:35:00+00:00
4183,4183.T,4183.jp,2026-03-23,1831.00,1835.00,1762.00,1810.50,6165100,https://stooq.com/q/d/l/?s=4183.jp&i=d,2026-03-26T08:35:00+00:00
4183,4183.T,4183.jp,2026-03-24,1890.50,1894.00,1862.50,1884.00,4834700,https://stooq.com/q/d/l/?s=4183.jp&i=d,2026-03-26T08:35:00+00:00
4183,4183.T,4183.jp,2026-03-25,1941.50,1944.00,1919.50,1925.00,2914300,https://stooq.com/q/d/l/?s=4183.jp&i=d,2026-03-26T08:35:00+00:00
