code,ticker_tse,symbol_stooq,date,open,high,low,close,volume,source,fetched_at
7012,7012.T,7012.jp,1999-04-06,2401.43,2445.06,2314.04,2445.06,133526,https://stooq.com/q/d/l/?s=7012.jp&i=d,2026-03-22T01:59:33+00:00
7012,7012.T,7012.jp,1999-04-07,2383.97,2445.06,2357.60,2445.06,117264,https://stooq.com/q/d/l/?s=7012.jp&i=d,2026-03-22T01:59:33+00:00
7012,7012.T,7012.jp,1999-04-08,2445.06,2488.72,2418.87,2488.72,164446,https://stooq.com/q/d/l/?s=7012.jp&i=d,2026-03-22T01:59:33+00:00
7012,7012.T,7012.jp,1999-04-09,2619.76,2619.76,2523.73,2532.27,315497,https://stooq.com/q/d/l/?s=7012.jp&i=d,2026-03-22T01:59:33+00:00
7012,7012.T,7012.jp,1999-04-12,2532.27,2576.00,2462.52,2462.52,124937,https://stooq.com/q/d/l/?s=7012.jp&i=d,2026-03-22T01:59:33+00:00
7012,7012.T,7012.jp,1999-04-13,2462.52,2497.36,2445.06,2488.72,208767,https://stooq.com/q/d/l/?s=7012.jp&i=d,2026-03-22T01:59:33+00:00
7012,7012.T,7012.jp,1999-04-14,2523.73,2532.27,2488.72,2532.27,225714,https://stooq.com/q/d/l/?s=7012.jp&i=d,2026-03-22T01:59:33+00:00
7012,7012.T,7012.jp,1999-04-15,2549.82,2576.00,2532.27,2541.09,216210,https://stooq.com/q/d/l/?s=7012.jp&i=d,2026-03-22T01:59:33+00:00
7012,7012.T,7012.jp,1999-04-16,2567.27,2602.20,2401.43,2401.43,214606,https://stooq.com/q/d/l/?s=7012.jp&i=d,2026-03-22T01:59:33+00:00
7012,7012.T,7012.jp,1999-04-19,2532.27,2584.73,2523.73,2567.27,163187,https://stooq.com/q/d/l/?s=7012.jp&i=d,2026-03-22T01:59:33+00:00
7012,7012.T,7012.jp,1999-04-20,2558.56,2645.84,2549.82,2619.76,322139,https://stooq.com/q/d/l/?s=7012.jp&i=d,2026-03-22T01:59:33+00:00
7012,7012.T,7012.jp,1999-04-21,2663.40,2663.40,2523.73,2532.27,168111,https://stooq.com/q/d/l/?s=7012.jp&i=d,2026-03-22T01:59:33+00:00
7012,7012.T,7012.jp,1999-04-22,2549.82,2549.82,2427.52,2445.06,169715,https://stooq.com/q/d/l/?s=7012.jp&i=d,2026-03-22T01:59:33+00:00
7012,7012.T,7012.jp,1999-04-23,2558.56,2794.33,2558.56,2768.14,622861,https://stooq.com/q/d/l/?s=7012.jp&i=d,2026-03-22T01:59:33+00:00
7012,7012.T,7012.jp,1999-04-26,2663.40,2698.22,2645.84,2645.84,121388,https://stooq.com/q/d/l/?s=7012.jp&i=d,2026-03-22T01:59:33+00:00
7012,7012.T,7012.jp,1999-04-27,2706.96,2750.69,2602.20,2750.69,205557,https://stooq.com/q/d/l/?s=7012.jp&i=d,2026-03-22T01:59:33+00:00
7012,7012.T,7012.jp,1999-04-28,2663.40,2759.34,2663.40,2706.96,253428,https://stooq.com/q/d/l/?s=7012.jp&i=d,2026-03-22T01:59:33+00:00
7012,7012.T,7012.jp,1999-04-30,2680.86,2689.59,2628.49,2628.49,158378,https://stooq.com/q/d/l/?s=7012.jp&i=d,2026-03-22T01:59:33+00:00
7012,7012.T,7012.jp,1999-05-06,2715.69,2794.33,2680.86,2794.33,193879,https://stooq.com/q/d/l/?s=7012.jp&i=d,2026-03-22T01:59:33+00:00
7012,7012.T,7012.jp,1999-05-07,2881.63,2907.91,2776.79,2811.70,407913,https://stooq.com/q/d/l/?s=7012.jp&i=d,2026-03-22T01:59:33+00:00
7012,7012.T,7012.jp,1999-05-10,2759.34,2794.33,2663.40,2689.59,236707,https://stooq.com/q/d/l/?s=7012.jp&i=d,2026-03-22T01:59:33+00:00
7012,7012.T,7012.jp,1999-05-11,2689.59,2715.69,2628.49,2706.96,281370,https://stooq.com/q/d/l/?s=7012.jp&i=d,2026-03-22T01:59:33+00:00
7012,7012.T,7012.jp,1999-05-12,2663.40,2706.96,2637.11,2663.40,177045,https://stooq.com/q/d/l/?s=7012.jp&i=d,2026-03-22T01:59:33+00:00
7012,7012.T,7012.jp,1999-05-13,2628.49,2680.86,2628.49,2654.58,133412,https://stooq.com/q/d/l/?s=7012.jp&i=d,2026-03-22T01:59:33+00:00
7012,7012.T,7012.jp,1999-05-14,2663.40,2689.59,2576.00,2593.46,223883,https://stooq.com/q/d/l/?s=7012.jp&i=d,2026-03-22T01:59:33+00:00
7012,7012.T,7012.jp,1999-05-17,2532.27,2549.82,2462.52,2497.36,250222,https://stooq.com/q/d/l/?s=7012.jp&i=d,2026-03-22T01:59:33+00:00
7012,7012.T,7012.jp,1999-05-18,2462.52,2488.72,2375.13,2401.43,234877,https://stooq.com/q/d/l/?s=7012.jp&i=d,2026-03-22T01:59:33+00:00
7012,7012.T,7012.jp,1999-05-19,2375.13,2488.72,2375.13,2445.06,169600,https://stooq.com/q/d/l/?s=7012.jp&i=d,2026-03-22T01:59:33+00:00
7012,7012.T,7012.jp,1999-05-20,2445.06,2462.52,2314.04,2349.04,283202,https://stooq.com/q/d/l/?s=7012.jp&i=d,2026-03-22T01:59:33+00:00
7012,7012.T,7012.jp,1999-05-21,2349.04,2366.42,2331.48,2366.42,260873,https://stooq.com/q/d/l/?s=7012.jp&i=d,2026-03-22T01:59:33+00:00
7012,7012.T,7012.jp,1999-05-24,2296.57,2340.31,2270.38,2340.31,193994,https://stooq.com/q/d/l/?s=7012.jp&i=d,2026-03-22T01:59:33+00:00
7012,7012.T,7012.jp,1999-05-25,2296.57,2314.04,2279.21,2296.57,179107,https://stooq.com/q/d/l/?s=7012.jp&i=d,2026-03-22T01:59:33+00:00
7012,7012.T,7012.jp,1999-05-26,2314.04,2401.43,2296.57,2366.42,154027,https://stooq.com/q/d/l/?s=7012.jp&i=d,2026-03-22T01:59:33+00:00
7012,7012.T,7012.jp,1999-05-27,2401.43,2401.43,2340.31,2375.13,106386,https://stooq.com/q/d/l/?s=7012.jp&i=d,2026-03-22T01:59:33+00:00
7012,7012.T,7012.jp,1999-05-28,2340.31,2427.52,2340.31,2383.97,120472,https://stooq.com/q/d/l/?s=7012.jp&i=d,2026-03-22T01:59:33+00:00
7012,7012.T,7012.jp,1999-05-31,2366.42,2541.09,2366.42,2541.09,84284,https://stooq.com/q/d/l/?s=7012.jp&i=d,2026-03-22T01:59:33+00:00
7012,7012.T,7012.jp,1999-06-01,2471.16,2488.72,2357.60,2479.99,162730,https://stooq.com/q/d/l/?s=7012.jp&i=d,2026-03-22T01:59:33+00:00
7012,7012.T,7012.jp,1999-06-02,2523.73,2523.73,2488.72,2497.36,133412,https://stooq.com/q/d/l/?s=7012.jp&i=d,2026-03-22T01:59:33+00:00
7012,7012.T,7012.jp,1999-06-03,2514.91,2532.27,2462.52,2497.36,135932,https://stooq.com/q/d/l/?s=7012.jp&i=d,2026-03-22T01:59:33+00:00
7012,7012.T,7012.jp,1999-06-04,2532.27,2549.82,2497.36,2532.27,115206,https://stooq.com/q/d/l/?s=7012.jp&i=d,2026-03-22T01:59:33+00:00
7012,7012.T,7012.jp,1999-06-07,2506.18,2628.49,2506.18,2593.46,118296,https://stooq.com/q/d/l/?s=7012.jp&i=d,2026-03-22T01:59:33+00:00
7012,7012.T,7012.jp,1999-06-08,2619.76,2619.76,2532.27,2576.00,55083,https://stooq.com/q/d/l/?s=7012.jp&i=d,2026-03-22T01:59:33+00:00
7012,7012.T,7012.jp,1999-06-09,2488.72,2541.09,2471.16,2523.73,126656,https://stooq.com/q/d/l/?s=7012.jp&i=d,2026-03-22T01:59:33+00:00
7012,7012.T,7012.jp,1999-06-10,2488.72,2663.40,2462.52,2593.46,309312,https://stooq.com/q/d/l/?s=7012.jp&i=d,2026-03-22T01:59:33+00:00
7012,7012.T,7012.jp,1999-06-11,2680.86,2689.59,2610.93,2645.84,692260,https://stooq.com/q/d/l/?s=7012.jp&i=d,2026-03-22T01:59:33+00:00
7012,7012.T,7012.jp,1999-06-14,2645.84,2680.86,2628.49,2645.84,191932,https://stooq.com/q/d/l/?s=7012.jp&i=d,2026-03-22T01:59:33+00:00
7012,7012.T,7012.jp,1999-06-15,2689.59,2689.59,2628.49,2689.59,213003,https://stooq.com/q/d/l/?s=7012.jp&i=d,2026-03-22T01:59:33+00:00
7012,7012.T,7012.jp,1999-06-16,2689.59,2706.96,2628.49,2672.02,143949,https://stooq.com/q/d/l/?s=7012.jp&i=d,2026-03-22T01:59:33+00:00
7012,7012.T,7012.jp,1999-06-17,2689.59,2706.96,2663.40,2680.86,97685,https://stooq.com/q/d/l/?s=7012.jp&i=d,2026-03-22T01:59:33+00:00
7012,7012.T,7012.jp,1999-06-18,2689.59,2776.79,2680.86,2741.96,261329,https://stooq.com/q/d/l/?s=7012.jp&i=d,2026-03-22T01:59:33+00:00
7012,7012.T,7012.jp,1999-06-21,2785.60,2785.60,2724.50,2768.14,146123,https://stooq.com/q/d/l/?s=7012.jp&i=d,2026-03-22T01:59:33+00:00
7012,7012.T,7012.jp,1999-06-22,2794.33,2837.99,2759.34,2837.99,211170,https://stooq.com/q/d/l/?s=7012.jp&i=d,2026-03-22T01:59:33+00:00
7012,7012.T,7012.jp,1999-06-23,2803.16,2969.03,2750.69,2803.16,599731,https://stooq.com/q/d/l/?s=7012.jp&i=d,2026-03-22T01:59:33+00:00
7012,7012.T,7012.jp,1999-06-24,2820.53,2881.63,2803.16,2846.72,244609,https://stooq.com/q/d/l/?s=7012.jp&i=d,2026-03-22T01:59:33+00:00
7012,7012.T,7012.jp,1999-06-25,2934.00,2969.03,2837.99,2837.99,313778,https://stooq.com/q/d/l/?s=7012.jp&i=d,2026-03-22T01:59:33+00:00
7012,7012.T,7012.jp,1999-06-28,2881.63,2899.09,2837.99,2855.45,57718,https://stooq.com/q/d/l/?s=7012.jp&i=d,2026-03-22T01:59:33+00:00
7012,7012.T,7012.jp,1999-06-29,2916.54,2916.54,2881.63,2881.63,114403,https://stooq.com/q/d/l/?s=7012.jp&i=d,2026-03-22T01:59:33+00:00
7012,7012.T,7012.jp,1999-06-30,2925.28,2925.28,2864.26,2864.26,235105,https://stooq.com/q/d/l/?s=7012.jp&i=d,2026-03-22T01:59:33+00:00
7012,7012.T,7012.jp,1999-07-01,2907.91,2934.00,2881.63,2881.63,173380,https://stooq.com/q/d/l/?s=7012.jp&i=d,2026-03-22T01:59:33+00:00
7012,7012.T,7012.jp,1999-07-02,2925.28,3003.94,2899.09,2942.82,238884,https://stooq.com/q/d/l/?s=7012.jp&i=d,2026-03-22T01:59:33+00:00
7012,7012.T,7012.jp,1999-07-05,3030.13,3030.13,2942.82,2977.77,154140,https://stooq.com/q/d/l/?s=7012.jp&i=d,2026-03-22T01:59:33+00:00
7012,7012.T,7012.jp,1999-07-06,2969.03,2995.11,2960.31,2977.77,126427,https://stooq.com/q/d/l/?s=7012.jp&i=d,2026-03-22T01:59:33+00:00
7012,7012.T,7012.jp,1999-07-07,3021.39,3030.13,2960.31,2969.03,218156,https://stooq.com/q/d/l/?s=7012.jp&i=d,2026-03-22T01:59:33+00:00
7012,7012.T,7012.jp,1999-07-08,2960.31,2960.31,2881.63,2881.63,172350,https://stooq.com/q/d/l/?s=7012.jp&i=d,2026-03-22T01:59:33+00:00
7012,7012.T,7012.jp,1999-07-09,2864.26,2864.26,2794.33,2829.25,336338,https://stooq.com/q/d/l/?s=7012.jp&i=d,2026-03-22T01:59:33+00:00
7012,7012.T,7012.jp,1999-07-12,2610.93,2698.22,2584.73,2663.40,538920,https://stooq.com/q/d/l/?s=7012.jp&i=d,2026-03-22T01:59:33+00:00
7012,7012.T,7012.jp,1999-07-13,2663.40,2750.69,2654.58,2663.40,193879,https://stooq.com/q/d/l/?s=7012.jp&i=d,2026-03-22T01:59:33+00:00
7012,7012.T,7012.jp,1999-07-14,2663.40,2706.96,2654.58,2680.86,189070,https://stooq.com/q/d/l/?s=7012.jp&i=d,2026-03-22T01:59:33+00:00
7012,7012.T,7012.jp,1999-07-15,2637.11,2637.11,2593.46,2619.76,208880,https://stooq.com/q/d/l/?s=7012.jp&i=d,2026-03-22T01:59:33+00:00
7012,7012.T,7012.jp,1999-07-16,2619.76,2619.76,2576.00,2576.00,301983,https://stooq.com/q/d/l/?s=7012.jp&i=d,2026-03-22T01:59:33+00:00
7012,7012.T,7012.jp,1999-07-19,2576.00,2610.93,2576.00,2610.93,120815,https://stooq.com/q/d/l/?s=7012.jp&i=d,2026-03-22T01:59:33+00:00
7012,7012.T,7012.jp,1999-07-21,2602.20,2637.11,2593.46,2637.11,144520,https://stooq.com/q/d/l/?s=7012.jp&i=d,2026-03-22T01:59:33+00:00
7012,7012.T,7012.jp,1999-07-22,2645.84,2654.58,2549.82,2593.46,654813,https://stooq.com/q/d/l/?s=7012.jp&i=d,2026-03-22T01:59:33+00:00
7012,7012.T,7012.jp,1999-07-23,2567.27,2567.27,2488.72,2488.72,202237,https://stooq.com/q/d/l/?s=7012.jp&i=d,2026-03-22T01:59:33+00:00
7012,7012.T,7012.jp,1999-07-26,2523.73,2532.27,2488.72,2523.73,65963,https://stooq.com/q/d/l/?s=7012.jp&i=d,2026-03-22T01:59:33+00:00
7012,7012.T,7012.jp,1999-07-27,2506.18,2593.46,2506.18,2549.82,104782,https://stooq.com/q/d/l/?s=7012.jp&i=d,2026-03-22T01:59:33+00:00
7012,7012.T,7012.jp,1999-07-28,2558.56,2584.73,2532.27,2532.27,175556,https://stooq.com/q/d/l/?s=7012.jp&i=d,2026-03-22T01:59:33+00:00
7012,7012.T,7012.jp,1999-07-29,2576.00,2593.46,2532.27,2558.56,173036,https://stooq.com/q/d/l/?s=7012.jp&i=d,2026-03-22T01:59:33+00:00
7012,7012.T,7012.jp,1999-07-30,2602.20,2654.58,2541.09,2637.11,203386,https://stooq.com/q/d/l/?s=7012.jp&i=d,2026-03-22T01:59:33+00:00
7012,7012.T,7012.jp,1999-08-02,2637.11,2689.59,2602.20,2654.58,107189,https://stooq.com/q/d/l/?s=7012.jp&i=d,2026-03-22T01:59:33+00:00
7012,7012.T,7012.jp,1999-08-03,2672.02,2672.02,2576.00,2628.49,148988,https://stooq.com/q/d/l/?s=7012.jp&i=d,2026-03-22T01:59:33+00:00
7012,7012.T,7012.jp,1999-08-04,2584.73,2619.76,2532.27,2593.46,109823,https://stooq.com/q/d/l/?s=7012.jp&i=d,2026-03-22T01:59:33+00:00
7012,7012.T,7012.jp,1999-08-05,2576.00,2576.00,2488.72,2497.36,103294,https://stooq.com/q/d/l/?s=7012.jp&i=d,2026-03-22T01:59:33+00:00
7012,7012.T,7012.jp,1999-08-06,2479.99,2488.72,2453.79,2471.16,132726,https://stooq.com/q/d/l/?s=7012.jp&i=d,2026-03-22T01:59:33+00:00
7012,7012.T,7012.jp,1999-08-09,2471.16,2479.99,2418.87,2418.87,89896,https://stooq.com/q/d/l/?s=7012.jp&i=d,2026-03-22T01:59:33+00:00
7012,7012.T,7012.jp,1999-08-10,2427.52,2488.72,2418.87,2488.72,72146,https://stooq.com/q/d/l/?s=7012.jp&i=d,2026-03-22T01:59:33+00:00
7012,7012.T,7012.jp,1999-08-11,2514.91,2576.00,2488.72,2541.09,108792,https://stooq.com/q/d/l/?s=7012.jp&i=d,2026-03-22T01:59:33+00:00
7012,7012.T,7012.jp,1999-08-12,2497.36,2514.91,2462.52,2479.99,115548,https://stooq.com/q/d/l/?s=7012.jp&i=d,2026-03-22T01:59:33+00:00
7012,7012.T,7012.jp,1999-08-13,2488.72,2488.72,2427.52,2427.52,156547,https://stooq.com/q/d/l/?s=7012.jp&i=d,2026-03-22T01:59:33+00:00
7012,7012.T,7012.jp,1999-08-16,2427.52,2471.16,2418.87,2445.06,141544,https://stooq.com/q/d/l/?s=7012.jp&i=d,2026-03-22T01:59:33+00:00
7012,7012.T,7012.jp,1999-08-17,2471.16,2471.16,2410.16,2445.06,72834,https://stooq.com/q/d/l/?s=7012.jp&i=d,2026-03-22T01:59:33+00:00
7012,7012.T,7012.jp,1999-08-18,2445.06,2462.52,2340.31,2375.13,271865,https://stooq.com/q/d/l/?s=7012.jp&i=d,2026-03-22T01:59:33+00:00
7012,7012.T,7012.jp,1999-08-19,2357.60,2418.87,2357.60,2392.61,157231,https://stooq.com/q/d/l/?s=7012.jp&i=d,2026-03-22T01:59:33+00:00
7012,7012.T,7012.jp,1999-08-20,2410.16,2436.24,2392.61,2401.43,184258,https://stooq.com/q/d/l/?s=7012.jp&i=d,2026-03-22T01:59:33+00:00
7012,7012.T,7012.jp,1999-08-23,2445.06,2445.06,2392.61,2401.43,331185,https://stooq.com/q/d/l/?s=7012.jp&i=d,2026-03-22T01:59:33+00:00
7012,7012.T,7012.jp,1999-08-24,2436.24,2445.06,2392.61,2392.61,501817,https://stooq.com/q/d/l/?s=7012.jp&i=d,2026-03-22T01:59:33+00:00
7012,7012.T,7012.jp,1999-08-25,2401.43,2401.43,2183.10,2279.21,426806,https://stooq.com/q/d/l/?s=7012.jp&i=d,2026-03-22T01:59:33+00:00
7012,7012.T,7012.jp,1999-08-26,2279.21,2366.42,2279.21,2314.04,221019,https://stooq.com/q/d/l/?s=7012.jp&i=d,2026-03-22T01:59:33+00:00
7012,7012.T,7012.jp,1999-08-27,2357.60,2375.13,2235.47,2235.47,259954,https://stooq.com/q/d/l/?s=7012.jp&i=d,2026-03-22T01:59:33+00:00
7012,7012.T,7012.jp,1999-08-30,2279.21,2331.48,2252.84,2252.84,253083,https://stooq.com/q/d/l/?s=7012.jp&i=d,2026-03-22T01:59:33+00:00
7012,7012.T,7012.jp,1999-08-31,2252.84,2261.67,2183.10,2183.10,377336,https://stooq.com/q/d/l/?s=7012.jp&i=d,2026-03-22T01:59:33+00:00
7012,7012.T,7012.jp,1999-09-01,2191.73,2314.04,2183.10,2296.57,180251,https://stooq.com/q/d/l/?s=7012.jp&i=d,2026-03-22T01:59:33+00:00
7012,7012.T,7012.jp,1999-09-02,2139.45,2183.10,2052.06,2060.87,415812,https://stooq.com/q/d/l/?s=7012.jp&i=d,2026-03-22T01:59:33+00:00
7012,7012.T,7012.jp,1999-09-03,2043.34,2043.34,1956.03,1973.40,585530,https://stooq.com/q/d/l/?s=7012.jp&i=d,2026-03-22T01:59:33+00:00
7012,7012.T,7012.jp,1999-09-06,2017.15,2078.24,1999.78,2078.24,215867,https://stooq.com/q/d/l/?s=7012.jp&i=d,2026-03-22T01:59:33+00:00
7012,7012.T,7012.jp,1999-09-07,2034.59,2034.59,1973.40,2008.42,213574,https://stooq.com/q/d/l/?s=7012.jp&i=d,2026-03-22T01:59:33+00:00
7012,7012.T,7012.jp,1999-09-08,1990.96,1999.78,1921.11,1956.03,206819,https://stooq.com/q/d/l/?s=7012.jp&i=d,2026-03-22T01:59:33+00:00
7012,7012.T,7012.jp,1999-09-09,1964.77,1990.96,1921.11,1956.03,186090,https://stooq.com/q/d/l/?s=7012.jp&i=d,2026-03-22T01:59:33+00:00
7012,7012.T,7012.jp,1999-09-10,1921.11,1973.40,1921.11,1947.31,413180,https://stooq.com/q/d/l/?s=7012.jp&i=d,2026-03-22T01:59:33+00:00
7012,7012.T,7012.jp,1999-09-13,1947.31,1947.31,1833.73,1833.73,296487,https://stooq.com/q/d/l/?s=7012.jp&i=d,2026-03-22T01:59:33+00:00
7012,7012.T,7012.jp,1999-09-14,1877.46,1877.46,1798.82,1798.82,310456,https://stooq.com/q/d/l/?s=7012.jp&i=d,2026-03-22T01:59:33+00:00
7012,7012.T,7012.jp,1999-09-16,1772.63,1772.63,1702.80,1702.80,483837,https://stooq.com/q/d/l/?s=7012.jp&i=d,2026-03-22T01:59:33+00:00
7012,7012.T,7012.jp,1999-09-17,1746.46,1798.82,1746.46,1790.08,447076,https://stooq.com/q/d/l/?s=7012.jp&i=d,2026-03-22T01:59:33+00:00
7012,7012.T,7012.jp,1999-09-20,1746.46,1755.17,1676.60,1711.52,666608,https://stooq.com/q/d/l/?s=7012.jp&i=d,2026-03-22T01:59:33+00:00
7012,7012.T,7012.jp,1999-09-21,1702.80,1790.08,1693.97,1781.44,336338,https://stooq.com/q/d/l/?s=7012.jp&i=d,2026-03-22T01:59:33+00:00
7012,7012.T,7012.jp,1999-09-22,1772.63,1772.63,1720.34,1746.46,257665,https://stooq.com/q/d/l/?s=7012.jp&i=d,2026-03-22T01:59:33+00:00
7012,7012.T,7012.jp,1999-09-24,1746.46,1807.55,1685.33,1685.33,493343,https://stooq.com/q/d/l/?s=7012.jp&i=d,2026-03-22T01:59:33+00:00
7012,7012.T,7012.jp,1999-09-27,1772.63,1772.63,1711.52,1711.52,146123,https://stooq.com/q/d/l/?s=7012.jp&i=d,2026-03-22T01:59:33+00:00
7012,7012.T,7012.jp,1999-09-28,1737.71,1763.89,1676.60,1693.97,219988,https://stooq.com/q/d/l/?s=7012.jp&i=d,2026-03-22T01:59:33+00:00
7012,7012.T,7012.jp,1999-09-29,1702.80,1711.52,1667.88,1693.97,215180,https://stooq.com/q/d/l/?s=7012.jp&i=d,2026-03-22T01:59:33+00:00
7012,7012.T,7012.jp,1999-09-30,1702.80,1763.89,1702.80,1763.89,188039,https://stooq.com/q/d/l/?s=7012.jp&i=d,2026-03-22T01:59:33+00:00
7012,7012.T,7012.jp,1999-10-01,1720.34,1964.77,1720.34,1746.46,268887,https://stooq.com/q/d/l/?s=7012.jp&i=d,2026-03-22T01:59:33+00:00
7012,7012.T,7012.jp,1999-10-04,1790.08,1833.73,1728.98,1763.89,106041,https://stooq.com/q/d/l/?s=7012.jp&i=d,2026-03-22T01:59:33+00:00
7012,7012.T,7012.jp,1999-10-05,1755.17,1790.08,1720.34,1720.34,133985,https://stooq.com/q/d/l/?s=7012.jp&i=d,2026-03-22T01:59:33+00:00
7012,7012.T,7012.jp,1999-10-06,1746.46,1772.63,1702.80,1728.98,204413,https://stooq.com/q/d/l/?s=7012.jp&i=d,2026-03-22T01:59:33+00:00
7012,7012.T,7012.jp,1999-10-07,1728.98,1772.63,1728.98,1737.71,198686,https://stooq.com/q/d/l/?s=7012.jp&i=d,2026-03-22T01:59:33+00:00
7012,7012.T,7012.jp,1999-10-08,1746.46,1755.17,1728.98,1755.17,291677,https://stooq.com/q/d/l/?s=7012.jp&i=d,2026-03-22T01:59:33+00:00
7012,7012.T,7012.jp,1999-10-12,1755.17,1763.89,1702.80,1702.80,234877,https://stooq.com/q/d/l/?s=7012.jp&i=d,2026-03-22T01:59:33+00:00
7012,7012.T,7012.jp,1999-10-13,1702.80,1702.80,1659.13,1667.88,260528,https://stooq.com/q/d/l/?s=7012.jp&i=d,2026-03-22T01:59:33+00:00
7012,7012.T,7012.jp,1999-10-14,1693.97,1693.97,1598.04,1606.76,256979,https://stooq.com/q/d/l/?s=7012.jp&i=d,2026-03-22T01:59:33+00:00
7012,7012.T,7012.jp,1999-10-15,1624.14,1676.60,1606.76,1667.88,170858,https://stooq.com/q/d/l/?s=7012.jp&i=d,2026-03-22T01:59:33+00:00
7012,7012.T,7012.jp,1999-10-18,1693.97,1693.97,1624.14,1624.14,120931,https://stooq.com/q/d/l/?s=7012.jp&i=d,2026-03-22T01:59:33+00:00
7012,7012.T,7012.jp,1999-10-19,1632.86,1676.60,1624.14,1659.13,173150,https://stooq.com/q/d/l/?s=7012.jp&i=d,2026-03-22T01:59:33+00:00
7012,7012.T,7012.jp,1999-10-20,1641.69,1650.41,1624.14,1641.69,115663,https://stooq.com/q/d/l/?s=7012.jp&i=d,2026-03-22T01:59:33+00:00
7012,7012.T,7012.jp,1999-10-21,1632.86,1641.69,1580.57,1606.76,188039,https://stooq.com/q/d/l/?s=7012.jp&i=d,2026-03-22T01:59:33+00:00
7012,7012.T,7012.jp,1999-10-22,1571.76,1598.04,1484.46,1502.00,487388,https://stooq.com/q/d/l/?s=7012.jp&i=d,2026-03-22T01:59:33+00:00
7012,7012.T,7012.jp,1999-10-25,1545.67,1554.29,1493.19,1493.19,324429,https://stooq.com/q/d/l/?s=7012.jp&i=d,2026-03-22T01:59:33+00:00
7012,7012.T,7012.jp,1999-10-26,1484.46,1493.19,1397.18,1414.53,463223,https://stooq.com/q/d/l/?s=7012.jp&i=d,2026-03-22T01:59:33+00:00
7012,7012.T,7012.jp,1999-10-27,1292.34,1344.71,1292.34,1318.60,766810,https://stooq.com/q/d/l/?s=7012.jp&i=d,2026-03-22T01:59:33+00:00
7012,7012.T,7012.jp,1999-10-28,1309.79,1336.06,1222.48,1231.21,757534,https://stooq.com/q/d/l/?s=7012.jp&i=d,2026-03-22T01:59:33+00:00
7012,7012.T,7012.jp,1999-10-29,1274.97,1327.33,1239.95,1248.68,477423,https://stooq.com/q/d/l/?s=7012.jp&i=d,2026-03-22T01:59:33+00:00
7012,7012.T,7012.jp,1999-11-01,1301.15,1336.06,1283.60,1309.79,649086,https://stooq.com/q/d/l/?s=7012.jp&i=d,2026-03-22T01:59:33+00:00
7012,7012.T,7012.jp,1999-11-02,1327.33,1353.43,1292.34,1292.34,455778,https://stooq.com/q/d/l/?s=7012.jp&i=d,2026-03-22T01:59:33+00:00
7012,7012.T,7012.jp,1999-11-04,1309.79,1327.33,1266.23,1292.34,302899,https://stooq.com/q/d/l/?s=7012.jp&i=d,2026-03-22T01:59:33+00:00
7012,7012.T,7012.jp,1999-11-05,1309.79,1318.60,1239.95,1239.95,261787,https://stooq.com/q/d/l/?s=7012.jp&i=d,2026-03-22T01:59:33+00:00
7012,7012.T,7012.jp,1999-11-08,1248.68,1266.23,1161.48,1178.84,478569,https://stooq.com/q/d/l/?s=7012.jp&i=d,2026-03-22T01:59:33+00:00
7012,7012.T,7012.jp,1999-11-09,1187.58,1196.39,1143.93,1161.48,418103,https://stooq.com/q/d/l/?s=7012.jp&i=d,2026-03-22T01:59:33+00:00
7012,7012.T,7012.jp,1999-11-10,1143.93,1161.48,1117.73,1126.47,379168,https://stooq.com/q/d/l/?s=7012.jp&i=d,2026-03-22T01:59:33+00:00
7012,7012.T,7012.jp,1999-11-11,1126.47,1135.20,1065.27,1065.27,477998,https://stooq.com/q/d/l/?s=7012.jp&i=d,2026-03-22T01:59:33+00:00
7012,7012.T,7012.jp,1999-11-12,1074.08,1082.81,1004.16,1004.16,745624,https://stooq.com/q/d/l/?s=7012.jp&i=d,2026-03-22T01:59:33+00:00
7012,7012.T,7012.jp,1999-11-15,1047.90,1074.08,1004.16,1004.16,813649,https://stooq.com/q/d/l/?s=7012.jp&i=d,2026-03-22T01:59:33+00:00
7012,7012.T,7012.jp,1999-11-16,1004.16,1117.73,1004.16,1065.27,709781,https://stooq.com/q/d/l/?s=7012.jp&i=d,2026-03-22T01:59:33+00:00
7012,7012.T,7012.jp,1999-11-17,1196.39,1336.06,1143.93,1336.06,1107617,https://stooq.com/q/d/l/?s=7012.jp&i=d,2026-03-22T01:59:33+00:00
7012,7012.T,7012.jp,1999-11-18,1301.15,1336.06,1266.23,1292.34,800365,https://stooq.com/q/d/l/?s=7012.jp&i=d,2026-03-22T01:59:33+00:00
7012,7012.T,7012.jp,1999-11-19,1309.79,1318.60,1222.48,1222.48,418448,https://stooq.com/q/d/l/?s=7012.jp&i=d,2026-03-22T01:59:33+00:00
7012,7012.T,7012.jp,1999-11-22,1178.84,1222.48,1135.20,1135.20,373786,https://stooq.com/q/d/l/?s=7012.jp&i=d,2026-03-22T01:59:33+00:00
7012,7012.T,7012.jp,1999-11-24,1143.93,1161.48,1056.63,1056.63,537662,https://stooq.com/q/d/l/?s=7012.jp&i=d,2026-03-22T01:59:33+00:00
7012,7012.T,7012.jp,1999-11-25,1100.27,1178.84,1091.55,1152.66,583240,https://stooq.com/q/d/l/?s=7012.jp&i=d,2026-03-22T01:59:33+00:00
7012,7012.T,7012.jp,1999-11-26,1327.33,1405.91,1301.15,1362.24,1566490,https://stooq.com/q/d/l/?s=7012.jp&i=d,2026-03-22T01:59:33+00:00
7012,7012.T,7012.jp,1999-11-29,1344.71,1344.71,1205.02,1257.49,392681,https://stooq.com/q/d/l/?s=7012.jp&i=d,2026-03-22T01:59:33+00:00
7012,7012.T,7012.jp,1999-11-30,1213.75,1309.79,1187.58,1222.48,276217,https://stooq.com/q/d/l/?s=7012.jp&i=d,2026-03-22T01:59:33+00:00
7012,7012.T,7012.jp,1999-12-01,1239.95,1336.06,1231.21,1327.33,248961,https://stooq.com/q/d/l/?s=7012.jp&i=d,2026-03-22T01:59:33+00:00
7012,7012.T,7012.jp,1999-12-02,1327.33,1362.24,1309.79,1362.24,322139,https://stooq.com/q/d/l/?s=7012.jp&i=d,2026-03-22T01:59:33+00:00
7012,7012.T,7012.jp,1999-12-03,1388.45,1388.45,1283.60,1327.33,351225,https://stooq.com/q/d/l/?s=7012.jp&i=d,2026-03-22T01:59:33+00:00
7012,7012.T,7012.jp,1999-12-06,1309.79,1336.06,1292.34,1327.33,389933,https://stooq.com/q/d/l/?s=7012.jp&i=d,2026-03-22T01:59:33+00:00
7012,7012.T,7012.jp,1999-12-07,1318.60,1327.33,1301.15,1301.15,189182,https://stooq.com/q/d/l/?s=7012.jp&i=d,2026-03-22T01:59:33+00:00
7012,7012.T,7012.jp,1999-12-08,1292.34,1318.60,1292.34,1301.15,176930,https://stooq.com/q/d/l/?s=7012.jp&i=d,2026-03-22T01:59:33+00:00
7012,7012.T,7012.jp,1999-12-09,1327.33,1344.71,1283.60,1336.06,282171,https://stooq.com/q/d/l/?s=7012.jp&i=d,2026-03-22T01:59:33+00:00
7012,7012.T,7012.jp,1999-12-10,1344.71,1362.24,1301.15,1336.06,561824,https://stooq.com/q/d/l/?s=7012.jp&i=d,2026-03-22T01:59:33+00:00
7012,7012.T,7012.jp,1999-12-13,1318.60,1336.06,1292.34,1292.34,138223,https://stooq.com/q/d/l/?s=7012.jp&i=d,2026-03-22T01:59:33+00:00
7012,7012.T,7012.jp,1999-12-14,1309.79,1353.43,1301.15,1309.79,216324,https://stooq.com/q/d/l/?s=7012.jp&i=d,2026-03-22T01:59:33+00:00
7012,7012.T,7012.jp,1999-12-15,1301.15,1318.60,1266.23,1266.23,161927,https://stooq.com/q/d/l/?s=7012.jp&i=d,2026-03-22T01:59:33+00:00
7012,7012.T,7012.jp,1999-12-16,1222.48,1248.68,1178.84,1187.58,247127,https://stooq.com/q/d/l/?s=7012.jp&i=d,2026-03-22T01:59:33+00:00
7012,7012.T,7012.jp,1999-12-17,1231.21,1231.21,1170.03,1170.03,316068,https://stooq.com/q/d/l/?s=7012.jp&i=d,2026-03-22T01:59:33+00:00
7012,7012.T,7012.jp,1999-12-20,1161.48,1178.84,1135.20,1170.03,177045,https://stooq.com/q/d/l/?s=7012.jp&i=d,2026-03-22T01:59:33+00:00
7012,7012.T,7012.jp,1999-12-21,1161.48,1170.03,1135.20,1143.93,176358,https://stooq.com/q/d/l/?s=7012.jp&i=d,2026-03-22T01:59:33+00:00
7012,7012.T,7012.jp,1999-12-22,1135.20,1152.66,1117.73,1126.47,349966,https://stooq.com/q/d/l/?s=7012.jp&i=d,2026-03-22T01:59:33+00:00
7012,7012.T,7012.jp,1999-12-24,1143.93,1222.48,1143.93,1222.48,214721,https://stooq.com/q/d/l/?s=7012.jp&i=d,2026-03-22T01:59:33+00:00
7012,7012.T,7012.jp,1999-12-27,1178.84,1196.39,1143.93,1170.03,74894,https://stooq.com/q/d/l/?s=7012.jp&i=d,2026-03-22T01:59:33+00:00
7012,7012.T,7012.jp,1999-12-28,1161.48,1196.39,1135.20,1143.93,97797,https://stooq.com/q/d/l/?s=7012.jp&i=d,2026-03-22T01:59:33+00:00
7012,7012.T,7012.jp,1999-12-29,1231.21,1231.21,1170.03,1196.39,185404,https://stooq.com/q/d/l/?s=7012.jp&i=d,2026-03-22T01:59:33+00:00
7012,7012.T,7012.jp,1999-12-30,1187.58,1205.02,1178.84,1187.58,74321,https://stooq.com/q/d/l/?s=7012.jp&i=d,2026-03-22T01:59:33+00:00
7012,7012.T,7012.jp,2000-01-04,1143.93,1170.03,1126.47,1135.20,111425,https://stooq.com/q/d/l/?s=7012.jp&i=d,2026-03-22T01:59:33+00:00
7012,7012.T,7012.jp,2000-01-05,1117.73,1213.75,1117.73,1178.84,198686,https://stooq.com/q/d/l/?s=7012.jp&i=d,2026-03-22T01:59:33+00:00
7012,7012.T,7012.jp,2000-01-06,1205.02,1248.68,1187.58,1213.75,159064,https://stooq.com/q/d/l/?s=7012.jp&i=d,2026-03-22T01:59:33+00:00
7012,7012.T,7012.jp,2000-01-07,1257.49,1266.23,1213.75,1239.95,108676,https://stooq.com/q/d/l/?s=7012.jp&i=d,2026-03-22T01:59:33+00:00
7012,7012.T,7012.jp,2000-01-11,1266.23,1283.60,1222.48,1222.48,154598,https://stooq.com/q/d/l/?s=7012.jp&i=d,2026-03-22T01:59:33+00:00
7012,7012.T,7012.jp,2000-01-12,1222.48,1248.68,1187.58,1187.58,170746,https://stooq.com/q/d/l/?s=7012.jp&i=d,2026-03-22T01:59:33+00:00
7012,7012.T,7012.jp,2000-01-13,1222.48,1231.21,1196.39,1213.75,115777,https://stooq.com/q/d/l/?s=7012.jp&i=d,2026-03-22T01:59:33+00:00
7012,7012.T,7012.jp,2000-01-14,1213.75,1213.75,1187.58,1205.02,259613,https://stooq.com/q/d/l/?s=7012.jp&i=d,2026-03-22T01:59:33+00:00
7012,7012.T,7012.jp,2000-01-17,1213.75,1239.95,1205.02,1231.21,364053,https://stooq.com/q/d/l/?s=7012.jp&i=d,2026-03-22T01:59:33+00:00
7012,7012.T,7012.jp,2000-01-18,1266.23,1274.97,1213.75,1222.48,292821,https://stooq.com/q/d/l/?s=7012.jp&i=d,2026-03-22T01:59:33+00:00
7012,7012.T,7012.jp,2000-01-19,1222.48,1239.95,1205.02,1231.21,165820,https://stooq.com/q/d/l/?s=7012.jp&i=d,2026-03-22T01:59:33+00:00
7012,7012.T,7012.jp,2000-01-20,1222.48,1274.97,1222.48,1239.95,465400,https://stooq.com/q/d/l/?s=7012.jp&i=d,2026-03-22T01:59:33+00:00
7012,7012.T,7012.jp,2000-01-21,1239.95,1239.95,1205.02,1239.95,548082,https://stooq.com/q/d/l/?s=7012.jp&i=d,2026-03-22T01:59:33+00:00
7012,7012.T,7012.jp,2000-01-24,1266.23,1336.06,1248.68,1336.06,453605,https://stooq.com/q/d/l/?s=7012.jp&i=d,2026-03-22T01:59:33+00:00
7012,7012.T,7012.jp,2000-01-25,1327.33,1336.06,1266.23,1274.97,291790,https://stooq.com/q/d/l/?s=7012.jp&i=d,2026-03-22T01:59:33+00:00
7012,7012.T,7012.jp,2000-01-26,1318.60,1318.60,1257.49,1257.49,270264,https://stooq.com/q/d/l/?s=7012.jp&i=d,2026-03-22T01:59:33+00:00
7012,7012.T,7012.jp,2000-01-27,1239.95,1257.49,1205.02,1205.02,307480,https://stooq.com/q/d/l/?s=7012.jp&i=d,2026-03-22T01:59:33+00:00
7012,7012.T,7012.jp,2000-01-28,1239.95,1248.68,1196.39,1222.48,282058,https://stooq.com/q/d/l/?s=7012.jp&i=d,2026-03-22T01:59:33+00:00
7012,7012.T,7012.jp,2000-01-31,1213.75,1248.68,1213.75,1239.95,158263,https://stooq.com/q/d/l/?s=7012.jp&i=d,2026-03-22T01:59:33+00:00
7012,7012.T,7012.jp,2000-02-01,1231.21,1257.49,1213.75,1257.49,145666,https://stooq.com/q/d/l/?s=7012.jp&i=d,2026-03-22T01:59:33+00:00
7012,7012.T,7012.jp,2000-02-02,1222.48,1239.95,1187.58,1196.39,274843,https://stooq.com/q/d/l/?s=7012.jp&i=d,2026-03-22T01:59:33+00:00
7012,7012.T,7012.jp,2000-02-03,1196.39,1196.39,1170.03,1187.58,276675,https://stooq.com/q/d/l/?s=7012.jp&i=d,2026-03-22T01:59:33+00:00
7012,7012.T,7012.jp,2000-02-04,1187.58,1196.39,1135.20,1135.20,496549,https://stooq.com/q/d/l/?s=7012.jp&i=d,2026-03-22T01:59:33+00:00
7012,7012.T,7012.jp,2000-02-07,1135.20,1143.93,1108.90,1117.73,294539,https://stooq.com/q/d/l/?s=7012.jp&i=d,2026-03-22T01:59:33+00:00
7012,7012.T,7012.jp,2000-02-08,1108.90,1117.73,1056.63,1100.27,366800,https://stooq.com/q/d/l/?s=7012.jp&i=d,2026-03-22T01:59:33+00:00
7012,7012.T,7012.jp,2000-02-09,1108.90,1135.20,1100.27,1108.90,296487,https://stooq.com/q/d/l/?s=7012.jp&i=d,2026-03-22T01:59:33+00:00
7012,7012.T,7012.jp,2000-02-10,1108.90,1143.93,1108.90,1126.47,176584,https://stooq.com/q/d/l/?s=7012.jp&i=d,2026-03-22T01:59:33+00:00
7012,7012.T,7012.jp,2000-02-14,1126.47,1126.47,1100.27,1117.73,150936,https://stooq.com/q/d/l/?s=7012.jp&i=d,2026-03-22T01:59:33+00:00
7012,7012.T,7012.jp,2000-02-15,1091.55,1117.73,1030.37,1056.63,337941,https://stooq.com/q/d/l/?s=7012.jp&i=d,2026-03-22T01:59:33+00:00
7012,7012.T,7012.jp,2000-02-16,1039.18,1065.27,1030.37,1065.27,271979,https://stooq.com/q/d/l/?s=7012.jp&i=d,2026-03-22T01:59:33+00:00
7012,7012.T,7012.jp,2000-02-17,1056.63,1065.27,1039.18,1056.63,259954,https://stooq.com/q/d/l/?s=7012.jp&i=d,2026-03-22T01:59:33+00:00
7012,7012.T,7012.jp,2000-02-18,1056.63,1082.81,1030.37,1030.37,269461,https://stooq.com/q/d/l/?s=7012.jp&i=d,2026-03-22T01:59:33+00:00
7012,7012.T,7012.jp,2000-02-21,1030.37,1039.18,1004.16,1004.16,535944,https://stooq.com/q/d/l/?s=7012.jp&i=d,2026-03-22T01:59:33+00:00
7012,7012.T,7012.jp,2000-02-22,1004.16,1039.18,1004.16,1004.16,184832,https://stooq.com/q/d/l/?s=7012.jp&i=d,2026-03-22T01:59:33+00:00
7012,7012.T,7012.jp,2000-02-23,1012.88,1021.71,995.43,1021.71,293738,https://stooq.com/q/d/l/?s=7012.jp&i=d,2026-03-22T01:59:33+00:00
7012,7012.T,7012.jp,2000-02-24,1030.37,1030.37,995.43,1004.16,184258,https://stooq.com/q/d/l/?s=7012.jp&i=d,2026-03-22T01:59:33+00:00
7012,7012.T,7012.jp,2000-02-25,1047.90,1091.55,1030.37,1082.81,365313,https://stooq.com/q/d/l/?s=7012.jp&i=d,2026-03-22T01:59:33+00:00
7012,7012.T,7012.jp,2000-02-28,1039.18,1056.63,1030.37,1030.37,146239,https://stooq.com/q/d/l/?s=7012.jp&i=d,2026-03-22T01:59:33+00:00
7012,7012.T,7012.jp,2000-02-29,1030.37,1056.63,1004.16,1004.16,245984,https://stooq.com/q/d/l/?s=7012.jp&i=d,2026-03-22T01:59:33+00:00
7012,7012.T,7012.jp,2000-03-01,1012.88,1021.71,969.24,978.07,459214,https://stooq.com/q/d/l/?s=7012.jp&i=d,2026-03-22T01:59:33+00:00
7012,7012.T,7012.jp,2000-03-02,969.24,978.07,960.51,960.51,344926,https://stooq.com/q/d/l/?s=7012.jp&i=d,2026-03-22T01:59:33+00:00
7012,7012.T,7012.jp,2000-03-03,969.24,1004.16,969.24,995.43,130779,https://stooq.com/q/d/l/?s=7012.jp&i=d,2026-03-22T01:59:33+00:00
7012,7012.T,7012.jp,2000-03-06,995.43,1021.71,995.43,1012.88,140398,https://stooq.com/q/d/l/?s=7012.jp&i=d,2026-03-22T01:59:33+00:00
7012,7012.T,7012.jp,2000-03-07,1039.18,1065.27,1039.18,1056.63,164791,https://stooq.com/q/d/l/?s=7012.jp&i=d,2026-03-22T01:59:33+00:00
7012,7012.T,7012.jp,2000-03-08,1056.63,1065.27,1021.71,1021.71,102950,https://stooq.com/q/d/l/?s=7012.jp&i=d,2026-03-22T01:59:33+00:00
7012,7012.T,7012.jp,2000-03-09,1021.71,1047.90,1021.71,1047.90,72949,https://stooq.com/q/d/l/?s=7012.jp&i=d,2026-03-22T01:59:33+00:00
7012,7012.T,7012.jp,2000-03-10,1161.48,1161.48,1082.81,1135.20,632137,https://stooq.com/q/d/l/?s=7012.jp&i=d,2026-03-22T01:59:33+00:00
7012,7012.T,7012.jp,2000-03-13,1170.03,1187.58,1135.20,1161.48,306565,https://stooq.com/q/d/l/?s=7012.jp&i=d,2026-03-22T01:59:33+00:00
7012,7012.T,7012.jp,2000-03-14,1161.48,1161.48,1100.27,1126.47,110509,https://stooq.com/q/d/l/?s=7012.jp&i=d,2026-03-22T01:59:33+00:00
7012,7012.T,7012.jp,2000-03-15,1074.08,1100.27,1047.90,1065.27,158837,https://stooq.com/q/d/l/?s=7012.jp&i=d,2026-03-22T01:59:33+00:00
7012,7012.T,7012.jp,2000-03-16,1065.27,1100.27,1047.90,1100.27,282858,https://stooq.com/q/d/l/?s=7012.jp&i=d,2026-03-22T01:59:33+00:00
7012,7012.T,7012.jp,2000-03-17,1091.55,1100.27,1047.90,1100.27,196168,https://stooq.com/q/d/l/?s=7012.jp&i=d,2026-03-22T01:59:33+00:00
7012,7012.T,7012.jp,2000-03-21,1091.55,1100.27,1047.90,1065.27,148758,https://stooq.com/q/d/l/?s=7012.jp&i=d,2026-03-22T01:59:33+00:00
7012,7012.T,7012.jp,2000-03-22,1047.90,1065.27,1004.16,1065.27,564915,https://stooq.com/q/d/l/?s=7012.jp&i=d,2026-03-22T01:59:33+00:00
7012,7012.T,7012.jp,2000-03-23,1021.71,1047.90,1012.88,1047.90,249304,https://stooq.com/q/d/l/?s=7012.jp&i=d,2026-03-22T01:59:33+00:00
7012,7012.T,7012.jp,2000-03-24,1056.63,1108.90,1012.88,1065.27,401041,https://stooq.com/q/d/l/?s=7012.jp&i=d,2026-03-22T01:59:33+00:00
7012,7012.T,7012.jp,2000-03-27,1082.81,1100.27,1047.90,1100.27,275301,https://stooq.com/q/d/l/?s=7012.jp&i=d,2026-03-22T01:59:33+00:00
7012,7012.T,7012.jp,2000-03-28,1126.47,1126.47,1100.27,1108.90,126084,https://stooq.com/q/d/l/?s=7012.jp&i=d,2026-03-22T01:59:33+00:00
7012,7012.T,7012.jp,2000-03-29,1117.73,1152.66,1117.73,1143.93,266140,https://stooq.com/q/d/l/?s=7012.jp&i=d,2026-03-22T01:59:33+00:00
7012,7012.T,7012.jp,2000-03-30,1091.55,1108.90,1047.90,1056.63,233502,https://stooq.com/q/d/l/?s=7012.jp&i=d,2026-03-22T01:59:33+00:00
7012,7012.T,7012.jp,2000-03-31,1091.55,1100.27,1065.27,1074.08,112800,https://stooq.com/q/d/l/?s=7012.jp&i=d,2026-03-22T01:59:33+00:00
7012,7012.T,7012.jp,2000-04-03,1074.08,1100.27,1074.08,1100.27,154828,https://stooq.com/q/d/l/?s=7012.jp&i=d,2026-03-22T01:59:33+00:00
7012,7012.T,7012.jp,2000-04-04,1135.20,1178.84,1117.73,1178.84,253886,https://stooq.com/q/d/l/?s=7012.jp&i=d,2026-03-22T01:59:33+00:00
7012,7012.T,7012.jp,2000-04-05,1178.84,1178.84,1126.47,1126.47,149330,https://stooq.com/q/d/l/?s=7012.jp&i=d,2026-03-22T01:59:33+00:00
7012,7012.T,7012.jp,2000-04-06,1135.20,1161.48,1108.90,1135.20,171547,https://stooq.com/q/d/l/?s=7012.jp&i=d,2026-03-22T01:59:33+00:00
7012,7012.T,7012.jp,2000-04-07,1135.20,1170.03,1135.20,1152.66,139025,https://stooq.com/q/d/l/?s=7012.jp&i=d,2026-03-22T01:59:33+00:00
7012,7012.T,7012.jp,2000-04-10,1170.03,1187.58,1161.48,1161.48,330956,https://stooq.com/q/d/l/?s=7012.jp&i=d,2026-03-22T01:59:33+00:00
7012,7012.T,7012.jp,2000-04-11,1187.58,1205.02,1135.20,1135.20,283659,https://stooq.com/q/d/l/?s=7012.jp&i=d,2026-03-22T01:59:33+00:00
7012,7012.T,7012.jp,2000-04-12,1170.03,1205.02,1152.66,1170.03,234646,https://stooq.com/q/d/l/?s=7012.jp&i=d,2026-03-22T01:59:33+00:00
7012,7012.T,7012.jp,2000-04-13,1196.39,1205.02,1170.03,1178.84,279080,https://stooq.com/q/d/l/?s=7012.jp&i=d,2026-03-22T01:59:33+00:00
7012,7012.T,7012.jp,2000-04-14,1196.39,1196.39,1170.03,1187.58,165706,https://stooq.com/q/d/l/?s=7012.jp&i=d,2026-03-22T01:59:33+00:00
7012,7012.T,7012.jp,2000-04-17,1117.73,1161.48,1091.55,1108.90,282402,https://stooq.com/q/d/l/?s=7012.jp&i=d,2026-03-22T01:59:33+00:00
7012,7012.T,7012.jp,2000-04-18,1152.66,1170.03,1108.90,1170.03,221706,https://stooq.com/q/d/l/?s=7012.jp&i=d,2026-03-22T01:59:33+00:00
7012,7012.T,7012.jp,2000-04-19,1143.93,1152.66,1108.90,1108.90,168226,https://stooq.com/q/d/l/?s=7012.jp&i=d,2026-03-22T01:59:33+00:00
7012,7012.T,7012.jp,2000-04-20,1091.55,1126.47,1074.08,1091.55,232356,https://stooq.com/q/d/l/?s=7012.jp&i=d,2026-03-22T01:59:33+00:00
7012,7012.T,7012.jp,2000-04-21,1091.55,1135.20,1047.90,1047.90,332445,https://stooq.com/q/d/l/?s=7012.jp&i=d,2026-03-22T01:59:33+00:00
7012,7012.T,7012.jp,2000-04-24,1091.55,1117.73,1074.08,1117.73,252054,https://stooq.com/q/d/l/?s=7012.jp&i=d,2026-03-22T01:59:33+00:00
7012,7012.T,7012.jp,2000-04-25,1108.90,1117.73,1056.63,1074.08,267398,https://stooq.com/q/d/l/?s=7012.jp&i=d,2026-03-22T01:59:33+00:00
7012,7012.T,7012.jp,2000-04-26,1082.81,1100.27,1065.27,1091.55,124596,https://stooq.com/q/d/l/?s=7012.jp&i=d,2026-03-22T01:59:33+00:00
7012,7012.T,7012.jp,2000-04-27,1108.90,1108.90,1047.90,1047.90,335879,https://stooq.com/q/d/l/?s=7012.jp&i=d,2026-03-22T01:59:33+00:00
7012,7012.T,7012.jp,2000-04-28,1047.90,1065.27,1039.18,1056.63,190328,https://stooq.com/q/d/l/?s=7012.jp&i=d,2026-03-22T01:59:33+00:00
7012,7012.T,7012.jp,2000-05-01,1047.90,1047.90,1030.37,1047.90,115206,https://stooq.com/q/d/l/?s=7012.jp&i=d,2026-03-22T01:59:33+00:00
7012,7012.T,7012.jp,2000-05-02,1047.90,1047.90,1021.71,1021.71,140629,https://stooq.com/q/d/l/?s=7012.jp&i=d,2026-03-22T01:59:33+00:00
7012,7012.T,7012.jp,2000-05-08,1030.37,1039.18,1012.88,1012.88,280569,https://stooq.com/q/d/l/?s=7012.jp&i=d,2026-03-22T01:59:33+00:00
7012,7012.T,7012.jp,2000-05-09,1021.71,1065.27,1021.71,1030.37,752955,https://stooq.com/q/d/l/?s=7012.jp&i=d,2026-03-22T01:59:33+00:00
7012,7012.T,7012.jp,2000-05-10,1056.63,1143.93,1047.90,1143.93,1039708,https://stooq.com/q/d/l/?s=7012.jp&i=d,2026-03-22T01:59:33+00:00
7012,7012.T,7012.jp,2000-05-11,1152.66,1161.48,1100.27,1108.90,518193,https://stooq.com/q/d/l/?s=7012.jp&i=d,2026-03-22T01:59:33+00:00
7012,7012.T,7012.jp,2000-05-12,1117.73,1143.93,1091.55,1117.73,263849,https://stooq.com/q/d/l/?s=7012.jp&i=d,2026-03-22T01:59:33+00:00
7012,7012.T,7012.jp,2000-05-15,1152.66,1231.21,1143.93,1231.21,993440,https://stooq.com/q/d/l/?s=7012.jp&i=d,2026-03-22T01:59:33+00:00
7012,7012.T,7012.jp,2000-05-16,1222.48,1239.95,1213.75,1222.48,494259,https://stooq.com/q/d/l/?s=7012.jp&i=d,2026-03-22T01:59:33+00:00
7012,7012.T,7012.jp,2000-05-17,1222.48,1231.21,1213.75,1213.75,431960,https://stooq.com/q/d/l/?s=7012.jp&i=d,2026-03-22T01:59:33+00:00
7012,7012.T,7012.jp,2000-05-18,1222.48,1248.68,1213.75,1222.48,329009,https://stooq.com/q/d/l/?s=7012.jp&i=d,2026-03-22T01:59:33+00:00
7012,7012.T,7012.jp,2000-05-19,1222.48,1231.21,1205.02,1231.21,341492,https://stooq.com/q/d/l/?s=7012.jp&i=d,2026-03-22T01:59:33+00:00
7012,7012.T,7012.jp,2000-05-22,1222.48,1274.97,1222.48,1274.97,389359,https://stooq.com/q/d/l/?s=7012.jp&i=d,2026-03-22T01:59:33+00:00
7012,7012.T,7012.jp,2000-05-23,1274.97,1283.60,1231.21,1266.23,199949,https://stooq.com/q/d/l/?s=7012.jp&i=d,2026-03-22T01:59:33+00:00
7012,7012.T,7012.jp,2000-05-24,1266.23,1318.60,1266.23,1309.79,434023,https://stooq.com/q/d/l/?s=7012.jp&i=d,2026-03-22T01:59:33+00:00
7012,7012.T,7012.jp,2000-05-25,1301.15,1318.60,1283.60,1301.15,463454,https://stooq.com/q/d/l/?s=7012.jp&i=d,2026-03-22T01:59:33+00:00
7012,7012.T,7012.jp,2000-05-26,1309.79,1318.60,1292.34,1309.79,578886,https://stooq.com/q/d/l/?s=7012.jp&i=d,2026-03-22T01:59:33+00:00
7012,7012.T,7012.jp,2000-05-29,1301.15,1318.60,1292.34,1318.60,239570,https://stooq.com/q/d/l/?s=7012.jp&i=d,2026-03-22T01:59:33+00:00
7012,7012.T,7012.jp,2000-05-30,1309.79,1327.33,1301.15,1301.15,323282,https://stooq.com/q/d/l/?s=7012.jp&i=d,2026-03-22T01:59:33+00:00
7012,7012.T,7012.jp,2000-05-31,1301.15,1318.60,1231.21,1231.21,434710,https://stooq.com/q/d/l/?s=7012.jp&i=d,2026-03-22T01:59:33+00:00
7012,7012.T,7012.jp,2000-06-01,1231.21,1257.49,1231.21,1257.49,345728,https://stooq.com/q/d/l/?s=7012.jp&i=d,2026-03-22T01:59:33+00:00
7012,7012.T,7012.jp,2000-06-02,1248.68,1283.60,1239.95,1248.68,449023,https://stooq.com/q/d/l/?s=7012.jp&i=d,2026-03-22T01:59:33+00:00
7012,7012.T,7012.jp,2000-06-05,1274.97,1327.33,1266.23,1309.79,186891,https://stooq.com/q/d/l/?s=7012.jp&i=d,2026-03-22T01:59:33+00:00
7012,7012.T,7012.jp,2000-06-06,1292.34,1301.15,1257.49,1266.23,165593,https://stooq.com/q/d/l/?s=7012.jp&i=d,2026-03-22T01:59:33+00:00
7012,7012.T,7012.jp,2000-06-07,1301.15,1301.15,1248.68,1283.60,732340,https://stooq.com/q/d/l/?s=7012.jp&i=d,2026-03-22T01:59:33+00:00
7012,7012.T,7012.jp,2000-06-08,1266.23,1274.97,1248.68,1274.97,215637,https://stooq.com/q/d/l/?s=7012.jp&i=d,2026-03-22T01:59:33+00:00
7012,7012.T,7012.jp,2000-06-09,1257.49,1274.97,1239.95,1257.49,421768,https://stooq.com/q/d/l/?s=7012.jp&i=d,2026-03-22T01:59:33+00:00
7012,7012.T,7012.jp,2000-06-12,1248.68,1266.23,1239.95,1248.68,365885,https://stooq.com/q/d/l/?s=7012.jp&i=d,2026-03-22T01:59:33+00:00
7012,7012.T,7012.jp,2000-06-13,1266.23,1292.34,1257.49,1283.60,441466,https://stooq.com/q/d/l/?s=7012.jp&i=d,2026-03-22T01:59:33+00:00
7012,7012.T,7012.jp,2000-06-14,1327.33,1336.06,1283.60,1309.79,462766,https://stooq.com/q/d/l/?s=7012.jp&i=d,2026-03-22T01:59:33+00:00
7012,7012.T,7012.jp,2000-06-15,1327.33,1397.18,1318.60,1353.43,850980,https://stooq.com/q/d/l/?s=7012.jp&i=d,2026-03-22T01:59:33+00:00
7012,7012.T,7012.jp,2000-06-16,1362.24,1397.18,1344.71,1397.18,377909,https://stooq.com/q/d/l/?s=7012.jp&i=d,2026-03-22T01:59:33+00:00
7012,7012.T,7012.jp,2000-06-19,1405.91,1414.53,1370.98,1397.18,220447,https://stooq.com/q/d/l/?s=7012.jp&i=d,2026-03-22T01:59:33+00:00
7012,7012.T,7012.jp,2000-06-20,1370.98,1397.18,1370.98,1388.45,222739,https://stooq.com/q/d/l/?s=7012.jp&i=d,2026-03-22T01:59:33+00:00
7012,7012.T,7012.jp,2000-06-21,1379.70,1388.45,1327.33,1336.06,185290,https://stooq.com/q/d/l/?s=7012.jp&i=d,2026-03-22T01:59:33+00:00
7012,7012.T,7012.jp,2000-06-22,1353.43,1353.43,1309.79,1327.33,206132,https://stooq.com/q/d/l/?s=7012.jp&i=d,2026-03-22T01:59:33+00:00
7012,7012.T,7012.jp,2000-06-23,1309.79,1379.70,1292.34,1344.71,304847,https://stooq.com/q/d/l/?s=7012.jp&i=d,2026-03-22T01:59:33+00:00
7012,7012.T,7012.jp,2000-06-26,1344.71,1370.98,1336.06,1362.24,117496,https://stooq.com/q/d/l/?s=7012.jp&i=d,2026-03-22T01:59:33+00:00
7012,7012.T,7012.jp,2000-06-27,1379.70,1397.18,1362.24,1397.18,172692,https://stooq.com/q/d/l/?s=7012.jp&i=d,2026-03-22T01:59:33+00:00
7012,7012.T,7012.jp,2000-06-28,1397.18,1397.18,1379.70,1397.18,108792,https://stooq.com/q/d/l/?s=7012.jp&i=d,2026-03-22T01:59:33+00:00
7012,7012.T,7012.jp,2000-06-29,1397.18,1405.91,1344.71,1353.43,168456,https://stooq.com/q/d/l/?s=7012.jp&i=d,2026-03-22T01:59:33+00:00
7012,7012.T,7012.jp,2000-06-30,1379.70,1414.53,1353.43,1414.53,307710,https://stooq.com/q/d/l/?s=7012.jp&i=d,2026-03-22T01:59:33+00:00
7012,7012.T,7012.jp,2000-07-03,1432.09,1510.66,1432.09,1493.19,337711,https://stooq.com/q/d/l/?s=7012.jp&i=d,2026-03-22T01:59:33+00:00
7012,7012.T,7012.jp,2000-07-04,1502.00,1519.38,1449.45,1475.81,337255,https://stooq.com/q/d/l/?s=7012.jp&i=d,2026-03-22T01:59:33+00:00
7012,7012.T,7012.jp,2000-07-05,1502.00,1536.94,1475.81,1475.81,355005,https://stooq.com/q/d/l/?s=7012.jp&i=d,2026-03-22T01:59:33+00:00
7012,7012.T,7012.jp,2000-07-06,1484.46,1493.19,1458.27,1458.27,195826,https://stooq.com/q/d/l/?s=7012.jp&i=d,2026-03-22T01:59:33+00:00
7012,7012.T,7012.jp,2000-07-07,1458.27,1475.81,1432.09,1440.91,156317,https://stooq.com/q/d/l/?s=7012.jp&i=d,2026-03-22T01:59:33+00:00
7012,7012.T,7012.jp,2000-07-10,1440.91,1458.27,1397.18,1423.35,158837,https://stooq.com/q/d/l/?s=7012.jp&i=d,2026-03-22T01:59:33+00:00
7012,7012.T,7012.jp,2000-07-11,1405.91,1432.09,1388.45,1423.35,251597,https://stooq.com/q/d/l/?s=7012.jp&i=d,2026-03-22T01:59:33+00:00
7012,7012.T,7012.jp,2000-07-12,1388.45,1397.18,1336.06,1379.70,403331,https://stooq.com/q/d/l/?s=7012.jp&i=d,2026-03-22T01:59:33+00:00
7012,7012.T,7012.jp,2000-07-13,1344.71,1353.43,1327.33,1327.33,153337,https://stooq.com/q/d/l/?s=7012.jp&i=d,2026-03-22T01:59:33+00:00
7012,7012.T,7012.jp,2000-07-14,1353.43,1353.43,1318.60,1336.06,189871,https://stooq.com/q/d/l/?s=7012.jp&i=d,2026-03-22T01:59:33+00:00
7012,7012.T,7012.jp,2000-07-17,1344.71,1370.98,1336.06,1362.24,65963,https://stooq.com/q/d/l/?s=7012.jp&i=d,2026-03-22T01:59:33+00:00
7012,7012.T,7012.jp,2000-07-18,1353.43,1362.24,1318.60,1336.06,141544,https://stooq.com/q/d/l/?s=7012.jp&i=d,2026-03-22T01:59:33+00:00
7012,7012.T,7012.jp,2000-07-19,1327.33,1327.33,1292.34,1301.15,120358,https://stooq.com/q/d/l/?s=7012.jp&i=d,2026-03-22T01:59:33+00:00
7012,7012.T,7012.jp,2000-07-21,1309.79,1318.60,1266.23,1266.23,80164,https://stooq.com/q/d/l/?s=7012.jp&i=d,2026-03-22T01:59:33+00:00
7012,7012.T,7012.jp,2000-07-24,1257.49,1257.49,1222.48,1222.48,150705,https://stooq.com/q/d/l/?s=7012.jp&i=d,2026-03-22T01:59:33+00:00
7012,7012.T,7012.jp,2000-07-25,1248.68,1318.60,1239.95,1309.79,162043,https://stooq.com/q/d/l/?s=7012.jp&i=d,2026-03-22T01:59:33+00:00
7012,7012.T,7012.jp,2000-07-26,1266.23,1309.79,1266.23,1292.34,74206,https://stooq.com/q/d/l/?s=7012.jp&i=d,2026-03-22T01:59:33+00:00
7012,7012.T,7012.jp,2000-07-27,1292.34,1309.79,1266.23,1283.60,94019,https://stooq.com/q/d/l/?s=7012.jp&i=d,2026-03-22T01:59:33+00:00
7012,7012.T,7012.jp,2000-07-28,1266.23,1283.60,1266.23,1283.60,76041,https://stooq.com/q/d/l/?s=7012.jp&i=d,2026-03-22T01:59:33+00:00
7012,7012.T,7012.jp,2000-07-31,1257.49,1266.23,1205.02,1257.49,145782,https://stooq.com/q/d/l/?s=7012.jp&i=d,2026-03-22T01:59:33+00:00
7012,7012.T,7012.jp,2000-08-01,1213.75,1239.95,1205.02,1222.48,113372,https://stooq.com/q/d/l/?s=7012.jp&i=d,2026-03-22T01:59:33+00:00
7012,7012.T,7012.jp,2000-08-02,1222.48,1239.95,1213.75,1239.95,68482,https://stooq.com/q/d/l/?s=7012.jp&i=d,2026-03-22T01:59:33+00:00
7012,7012.T,7012.jp,2000-08-03,1222.48,1248.68,1187.58,1213.75,86803,https://stooq.com/q/d/l/?s=7012.jp&i=d,2026-03-22T01:59:33+00:00
7012,7012.T,7012.jp,2000-08-04,1205.02,1248.68,1205.02,1222.48,114518,https://stooq.com/q/d/l/?s=7012.jp&i=d,2026-03-22T01:59:33+00:00
7012,7012.T,7012.jp,2000-08-07,1222.48,1266.23,1222.48,1257.49,80734,https://stooq.com/q/d/l/?s=7012.jp&i=d,2026-03-22T01:59:33+00:00
7012,7012.T,7012.jp,2000-08-08,1274.97,1274.97,1239.95,1239.95,74321,https://stooq.com/q/d/l/?s=7012.jp&i=d,2026-03-22T01:59:33+00:00
7012,7012.T,7012.jp,2000-08-09,1257.49,1274.97,1248.68,1274.97,98372,https://stooq.com/q/d/l/?s=7012.jp&i=d,2026-03-22T01:59:33+00:00
7012,7012.T,7012.jp,2000-08-10,1274.97,1274.97,1222.48,1222.48,53022,https://stooq.com/q/d/l/?s=7012.jp&i=d,2026-03-22T01:59:33+00:00
7012,7012.T,7012.jp,2000-08-11,1222.48,1257.49,1222.48,1257.49,102265,https://stooq.com/q/d/l/?s=7012.jp&i=d,2026-03-22T01:59:33+00:00
7012,7012.T,7012.jp,2000-08-14,1231.21,1239.95,1196.39,1213.75,125513,https://stooq.com/q/d/l/?s=7012.jp&i=d,2026-03-22T01:59:33+00:00
7012,7012.T,7012.jp,2000-08-15,1231.21,1257.49,1213.75,1248.68,72374,https://stooq.com/q/d/l/?s=7012.jp&i=d,2026-03-22T01:59:33+00:00
7012,7012.T,7012.jp,2000-08-16,1222.48,1239.95,1205.02,1213.75,85774,https://stooq.com/q/d/l/?s=7012.jp&i=d,2026-03-22T01:59:33+00:00
7012,7012.T,7012.jp,2000-08-17,1205.02,1213.75,1161.48,1170.03,201093,https://stooq.com/q/d/l/?s=7012.jp&i=d,2026-03-22T01:59:33+00:00
7012,7012.T,7012.jp,2000-08-18,1170.03,1178.84,1152.66,1178.84,166165,https://stooq.com/q/d/l/?s=7012.jp&i=d,2026-03-22T01:59:33+00:00
7012,7012.T,7012.jp,2000-08-21,1152.66,1161.48,1108.90,1117.73,240372,https://stooq.com/q/d/l/?s=7012.jp&i=d,2026-03-22T01:59:33+00:00
7012,7012.T,7012.jp,2000-08-22,1143.93,1170.03,1126.47,1170.03,188726,https://stooq.com/q/d/l/?s=7012.jp&i=d,2026-03-22T01:59:33+00:00
7012,7012.T,7012.jp,2000-08-23,1126.47,1143.93,1126.47,1126.47,128144,https://stooq.com/q/d/l/?s=7012.jp&i=d,2026-03-22T01:59:33+00:00
7012,7012.T,7012.jp,2000-08-24,1117.73,1143.93,1108.90,1126.47,461504,https://stooq.com/q/d/l/?s=7012.jp&i=d,2026-03-22T01:59:33+00:00
7012,7012.T,7012.jp,2000-08-25,1108.90,1117.73,1082.81,1100.27,420623,https://stooq.com/q/d/l/?s=7012.jp&i=d,2026-03-22T01:59:33+00:00
7012,7012.T,7012.jp,2000-08-28,1100.27,1100.27,1065.27,1074.08,305189,https://stooq.com/q/d/l/?s=7012.jp&i=d,2026-03-22T01:59:33+00:00
7012,7012.T,7012.jp,2000-08-29,1065.27,1065.27,1021.71,1030.37,782499,https://stooq.com/q/d/l/?s=7012.jp&i=d,2026-03-22T01:59:33+00:00
7012,7012.T,7012.jp,2000-08-30,1065.27,1065.27,1039.18,1047.90,264650,https://stooq.com/q/d/l/?s=7012.jp&i=d,2026-03-22T01:59:33+00:00
7012,7012.T,7012.jp,2000-08-31,1047.90,1074.08,1039.18,1074.08,239113,https://stooq.com/q/d/l/?s=7012.jp&i=d,2026-03-22T01:59:33+00:00
7012,7012.T,7012.jp,2000-09-01,1082.81,1108.90,1074.08,1108.90,272781,https://stooq.com/q/d/l/?s=7012.jp&i=d,2026-03-22T01:59:33+00:00
7012,7012.T,7012.jp,2000-09-04,1100.27,1117.73,1100.27,1117.73,152194,https://stooq.com/q/d/l/?s=7012.jp&i=d,2026-03-22T01:59:33+00:00
7012,7012.T,7012.jp,2000-09-05,1135.20,1152.66,1135.20,1152.66,281257,https://stooq.com/q/d/l/?s=7012.jp&i=d,2026-03-22T01:59:33+00:00
7012,7012.T,7012.jp,2000-09-06,1135.20,1152.66,1100.27,1100.27,118753,https://stooq.com/q/d/l/?s=7012.jp&i=d,2026-03-22T01:59:33+00:00
7012,7012.T,7012.jp,2000-09-07,1108.90,1117.73,1100.27,1117.73,73520,https://stooq.com/q/d/l/?s=7012.jp&i=d,2026-03-22T01:59:33+00:00
7012,7012.T,7012.jp,2000-09-08,1126.47,1161.48,1117.73,1161.48,322025,https://stooq.com/q/d/l/?s=7012.jp&i=d,2026-03-22T01:59:33+00:00
7012,7012.T,7012.jp,2000-09-11,1170.03,1178.84,1143.93,1170.03,157118,https://stooq.com/q/d/l/?s=7012.jp&i=d,2026-03-22T01:59:33+00:00
7012,7012.T,7012.jp,2000-09-12,1135.20,1152.66,1108.90,1108.90,184489,https://stooq.com/q/d/l/?s=7012.jp&i=d,2026-03-22T01:59:33+00:00
7012,7012.T,7012.jp,2000-09-13,1135.20,1170.03,1126.47,1161.48,142001,https://stooq.com/q/d/l/?s=7012.jp&i=d,2026-03-22T01:59:33+00:00
7012,7012.T,7012.jp,2000-09-14,1135.20,1161.48,1135.20,1152.66,140055,https://stooq.com/q/d/l/?s=7012.jp&i=d,2026-03-22T01:59:33+00:00
7012,7012.T,7012.jp,2000-09-18,1108.90,1126.47,1082.81,1091.55,162730,https://stooq.com/q/d/l/?s=7012.jp&i=d,2026-03-22T01:59:33+00:00
7012,7012.T,7012.jp,2000-09-19,1108.90,1152.66,1108.90,1152.66,189526,https://stooq.com/q/d/l/?s=7012.jp&i=d,2026-03-22T01:59:33+00:00
7012,7012.T,7012.jp,2000-09-20,1178.84,1213.75,1178.84,1213.75,323628,https://stooq.com/q/d/l/?s=7012.jp&i=d,2026-03-22T01:59:33+00:00
7012,7012.T,7012.jp,2000-09-21,1205.02,1205.02,1170.03,1170.03,164791,https://stooq.com/q/d/l/?s=7012.jp&i=d,2026-03-22T01:59:33+00:00
7012,7012.T,7012.jp,2000-09-22,1152.66,1170.03,1143.93,1170.03,198686,https://stooq.com/q/d/l/?s=7012.jp&i=d,2026-03-22T01:59:33+00:00
7012,7012.T,7012.jp,2000-09-25,1143.93,1161.48,1082.81,1082.81,337025,https://stooq.com/q/d/l/?s=7012.jp&i=d,2026-03-22T01:59:33+00:00
7012,7012.T,7012.jp,2000-09-26,1108.90,1126.47,1100.27,1100.27,106501,https://stooq.com/q/d/l/?s=7012.jp&i=d,2026-03-22T01:59:33+00:00
7012,7012.T,7012.jp,2000-09-27,1082.81,1117.73,1082.81,1091.55,133297,https://stooq.com/q/d/l/?s=7012.jp&i=d,2026-03-22T01:59:33+00:00
7012,7012.T,7012.jp,2000-09-28,1091.55,1135.20,1091.55,1108.90,93791,https://stooq.com/q/d/l/?s=7012.jp&i=d,2026-03-22T01:59:33+00:00
7012,7012.T,7012.jp,2000-09-29,1135.20,1161.48,1126.47,1135.20,140741,https://stooq.com/q/d/l/?s=7012.jp&i=d,2026-03-22T01:59:33+00:00
7012,7012.T,7012.jp,2000-10-02,1126.47,1161.48,1126.47,1161.48,121733,https://stooq.com/q/d/l/?s=7012.jp&i=d,2026-03-22T01:59:33+00:00
7012,7012.T,7012.jp,2000-10-03,1143.93,1161.48,1135.20,1143.93,132153,https://stooq.com/q/d/l/?s=7012.jp&i=d,2026-03-22T01:59:33+00:00
7012,7012.T,7012.jp,2000-10-04,1161.48,1205.02,1152.66,1205.02,158263,https://stooq.com/q/d/l/?s=7012.jp&i=d,2026-03-22T01:59:33+00:00
7012,7012.T,7012.jp,2000-10-05,1196.39,1196.39,1152.66,1161.48,167767,https://stooq.com/q/d/l/?s=7012.jp&i=d,2026-03-22T01:59:33+00:00
7012,7012.T,7012.jp,2000-10-06,1170.03,1178.84,1143.93,1178.84,114976,https://stooq.com/q/d/l/?s=7012.jp&i=d,2026-03-22T01:59:33+00:00
7012,7012.T,7012.jp,2000-10-10,1196.39,1196.39,1152.66,1170.03,112571,https://stooq.com/q/d/l/?s=7012.jp&i=d,2026-03-22T01:59:33+00:00
7012,7012.T,7012.jp,2000-10-11,1152.66,1187.58,1152.66,1170.03,179220,https://stooq.com/q/d/l/?s=7012.jp&i=d,2026-03-22T01:59:33+00:00
7012,7012.T,7012.jp,2000-10-12,1152.66,1222.48,1152.66,1213.75,414785,https://stooq.com/q/d/l/?s=7012.jp&i=d,2026-03-22T01:59:33+00:00
7012,7012.T,7012.jp,2000-10-13,1161.48,1170.03,1135.20,1161.48,182427,https://stooq.com/q/d/l/?s=7012.jp&i=d,2026-03-22T01:59:33+00:00
7012,7012.T,7012.jp,2000-10-16,1117.73,1135.20,1082.81,1091.55,346758,https://stooq.com/q/d/l/?s=7012.jp&i=d,2026-03-22T01:59:33+00:00
7012,7012.T,7012.jp,2000-10-17,1117.73,1117.73,1100.27,1100.27,79016,https://stooq.com/q/d/l/?s=7012.jp&i=d,2026-03-22T01:59:33+00:00
7012,7012.T,7012.jp,2000-10-18,1091.55,1091.55,1012.88,1012.88,577742,https://stooq.com/q/d/l/?s=7012.jp&i=d,2026-03-22T01:59:33+00:00
7012,7012.T,7012.jp,2000-10-19,1047.90,1065.27,1030.37,1047.90,187122,https://stooq.com/q/d/l/?s=7012.jp&i=d,2026-03-22T01:59:33+00:00
7012,7012.T,7012.jp,2000-10-20,1047.90,1065.27,1039.18,1039.18,121502,https://stooq.com/q/d/l/?s=7012.jp&i=d,2026-03-22T01:59:33+00:00
7012,7012.T,7012.jp,2000-10-23,1039.18,1047.90,1021.71,1021.71,293853,https://stooq.com/q/d/l/?s=7012.jp&i=d,2026-03-22T01:59:33+00:00
7012,7012.T,7012.jp,2000-10-24,1021.71,1030.37,969.24,978.07,399437,https://stooq.com/q/d/l/?s=7012.jp&i=d,2026-03-22T01:59:33+00:00
7012,7012.T,7012.jp,2000-10-25,1021.71,1039.18,1004.16,1030.37,186664,https://stooq.com/q/d/l/?s=7012.jp&i=d,2026-03-22T01:59:33+00:00
7012,7012.T,7012.jp,2000-10-26,995.43,1065.27,995.43,1065.27,168456,https://stooq.com/q/d/l/?s=7012.jp&i=d,2026-03-22T01:59:33+00:00
7012,7012.T,7012.jp,2000-10-27,1030.37,1056.63,1030.37,1030.37,135817,https://stooq.com/q/d/l/?s=7012.jp&i=d,2026-03-22T01:59:33+00:00
7012,7012.T,7012.jp,2000-10-30,1030.37,1047.90,1004.16,1004.16,134328,https://stooq.com/q/d/l/?s=7012.jp&i=d,2026-03-22T01:59:33+00:00
7012,7012.T,7012.jp,2000-10-31,1039.18,1047.90,978.07,986.80,187008,https://stooq.com/q/d/l/?s=7012.jp&i=d,2026-03-22T01:59:33+00:00
7012,7012.T,7012.jp,2000-11-01,995.43,1030.37,986.80,1012.88,218957,https://stooq.com/q/d/l/?s=7012.jp&i=d,2026-03-22T01:59:33+00:00
7012,7012.T,7012.jp,2000-11-02,1021.71,1047.90,1012.88,1039.18,360388,https://stooq.com/q/d/l/?s=7012.jp&i=d,2026-03-22T01:59:33+00:00
7012,7012.T,7012.jp,2000-11-06,1074.08,1117.73,1074.08,1091.55,513383,https://stooq.com/q/d/l/?s=7012.jp&i=d,2026-03-22T01:59:33+00:00
7012,7012.T,7012.jp,2000-11-07,1135.20,1152.66,1117.73,1117.73,312748,https://stooq.com/q/d/l/?s=7012.jp&i=d,2026-03-22T01:59:33+00:00
7012,7012.T,7012.jp,2000-11-08,1135.20,1196.39,1117.73,1178.84,372182,https://stooq.com/q/d/l/?s=7012.jp&i=d,2026-03-22T01:59:33+00:00
7012,7012.T,7012.jp,2000-11-09,1143.93,1187.58,1126.47,1152.66,257780,https://stooq.com/q/d/l/?s=7012.jp&i=d,2026-03-22T01:59:33+00:00
7012,7012.T,7012.jp,2000-11-10,1126.47,1143.93,1117.73,1126.47,204987,https://stooq.com/q/d/l/?s=7012.jp&i=d,2026-03-22T01:59:33+00:00
7012,7012.T,7012.jp,2000-11-13,1091.55,1100.27,1056.63,1091.55,195597,https://stooq.com/q/d/l/?s=7012.jp&i=d,2026-03-22T01:59:33+00:00
7012,7012.T,7012.jp,2000-11-14,1108.90,1135.20,1091.55,1135.20,141544,https://stooq.com/q/d/l/?s=7012.jp&i=d,2026-03-22T01:59:33+00:00
7012,7012.T,7012.jp,2000-11-15,1135.20,1161.48,1126.47,1143.93,186435,https://stooq.com/q/d/l/?s=7012.jp&i=d,2026-03-22T01:59:33+00:00
7012,7012.T,7012.jp,2000-11-16,1117.73,1135.20,1091.55,1091.55,119443,https://stooq.com/q/d/l/?s=7012.jp&i=d,2026-03-22T01:59:33+00:00
7012,7012.T,7012.jp,2000-11-17,1108.90,1143.93,1100.27,1135.20,142346,https://stooq.com/q/d/l/?s=7012.jp&i=d,2026-03-22T01:59:33+00:00
7012,7012.T,7012.jp,2000-11-20,1161.48,1170.03,1143.93,1152.66,187693,https://stooq.com/q/d/l/?s=7012.jp&i=d,2026-03-22T01:59:33+00:00
7012,7012.T,7012.jp,2000-11-21,1135.20,1143.93,1100.27,1126.47,160325,https://stooq.com/q/d/l/?s=7012.jp&i=d,2026-03-22T01:59:33+00:00
7012,7012.T,7012.jp,2000-11-22,1135.20,1170.03,1108.90,1117.73,242663,https://stooq.com/q/d/l/?s=7012.jp&i=d,2026-03-22T01:59:33+00:00
7012,7012.T,7012.jp,2000-11-24,1152.66,1178.84,1143.93,1170.03,296828,https://stooq.com/q/d/l/?s=7012.jp&i=d,2026-03-22T01:59:33+00:00
7012,7012.T,7012.jp,2000-11-27,1170.03,1178.84,1152.66,1170.03,106616,https://stooq.com/q/d/l/?s=7012.jp&i=d,2026-03-22T01:59:33+00:00
7012,7012.T,7012.jp,2000-11-28,1205.02,1283.60,1196.39,1274.97,775171,https://stooq.com/q/d/l/?s=7012.jp&i=d,2026-03-22T01:59:33+00:00
7012,7012.T,7012.jp,2000-11-29,1239.95,1257.49,1231.21,1239.95,447992,https://stooq.com/q/d/l/?s=7012.jp&i=d,2026-03-22T01:59:33+00:00
7012,7012.T,7012.jp,2000-11-30,1222.48,1248.68,1205.02,1248.68,483609,https://stooq.com/q/d/l/?s=7012.jp&i=d,2026-03-22T01:59:33+00:00
7012,7012.T,7012.jp,2000-12-01,1248.68,1327.33,1248.68,1266.23,338170,https://stooq.com/q/d/l/?s=7012.jp&i=d,2026-03-22T01:59:33+00:00
7012,7012.T,7012.jp,2000-12-04,1309.79,1336.06,1266.23,1283.60,547051,https://stooq.com/q/d/l/?s=7012.jp&i=d,2026-03-22T01:59:33+00:00
7012,7012.T,7012.jp,2000-12-05,1274.97,1274.97,1231.21,1248.68,317443,https://stooq.com/q/d/l/?s=7012.jp&i=d,2026-03-22T01:59:33+00:00
7012,7012.T,7012.jp,2000-12-06,1239.95,1274.97,1222.48,1257.49,243463,https://stooq.com/q/d/l/?s=7012.jp&i=d,2026-03-22T01:59:33+00:00
7012,7012.T,7012.jp,2000-12-07,1222.48,1248.68,1187.58,1187.58,291907,https://stooq.com/q/d/l/?s=7012.jp&i=d,2026-03-22T01:59:33+00:00
7012,7012.T,7012.jp,2000-12-08,1231.21,1257.49,1222.48,1239.95,1393337,https://stooq.com/q/d/l/?s=7012.jp&i=d,2026-03-22T01:59:33+00:00
7012,7012.T,7012.jp,2000-12-11,1239.95,1248.68,1231.21,1239.95,336338,https://stooq.com/q/d/l/?s=7012.jp&i=d,2026-03-22T01:59:33+00:00
7012,7012.T,7012.jp,2000-12-12,1257.49,1266.23,1239.95,1248.68,427609,https://stooq.com/q/d/l/?s=7012.jp&i=d,2026-03-22T01:59:33+00:00
7012,7012.T,7012.jp,2000-12-13,1283.60,1292.34,1257.49,1266.23,249647,https://stooq.com/q/d/l/?s=7012.jp&i=d,2026-03-22T01:59:33+00:00
7012,7012.T,7012.jp,2000-12-14,1274.97,1274.97,1239.95,1257.49,614274,https://stooq.com/q/d/l/?s=7012.jp&i=d,2026-03-22T01:59:33+00:00
7012,7012.T,7012.jp,2000-12-15,1248.68,1257.49,1231.21,1239.95,152423,https://stooq.com/q/d/l/?s=7012.jp&i=d,2026-03-22T01:59:33+00:00
7012,7012.T,7012.jp,2000-12-18,1239.95,1239.95,1213.75,1239.95,193879,https://stooq.com/q/d/l/?s=7012.jp&i=d,2026-03-22T01:59:33+00:00
7012,7012.T,7012.jp,2000-12-19,1205.02,1231.21,1135.20,1222.48,363019,https://stooq.com/q/d/l/?s=7012.jp&i=d,2026-03-22T01:59:33+00:00
7012,7012.T,7012.jp,2000-12-20,1178.84,1205.02,1170.03,1196.39,166968,https://stooq.com/q/d/l/?s=7012.jp&i=d,2026-03-22T01:59:33+00:00
7012,7012.T,7012.jp,2000-12-21,1152.66,1187.58,1091.55,1152.66,286179,https://stooq.com/q/d/l/?s=7012.jp&i=d,2026-03-22T01:59:33+00:00
7012,7012.T,7012.jp,2000-12-22,1170.03,1187.58,1143.93,1152.66,252740,https://stooq.com/q/d/l/?s=7012.jp&i=d,2026-03-22T01:59:33+00:00
7012,7012.T,7012.jp,2000-12-25,1178.84,1196.39,1152.66,1187.58,200864,https://stooq.com/q/d/l/?s=7012.jp&i=d,2026-03-22T01:59:33+00:00
7012,7012.T,7012.jp,2000-12-26,1161.48,1187.58,1161.48,1170.03,89437,https://stooq.com/q/d/l/?s=7012.jp&i=d,2026-03-22T01:59:33+00:00
7012,7012.T,7012.jp,2000-12-27,1143.93,1161.48,1135.20,1143.93,96881,https://stooq.com/q/d/l/?s=7012.jp&i=d,2026-03-22T01:59:33+00:00
7012,7012.T,7012.jp,2000-12-28,1135.20,1135.20,1100.27,1117.73,243463,https://stooq.com/q/d/l/?s=7012.jp&i=d,2026-03-22T01:59:33+00:00
7012,7012.T,7012.jp,2000-12-29,1082.81,1100.27,1065.27,1065.27,417874,https://stooq.com/q/d/l/?s=7012.jp&i=d,2026-03-22T01:59:33+00:00
7012,7012.T,7012.jp,2001-01-04,1117.73,1117.73,1065.27,1091.55,150821,https://stooq.com/q/d/l/?s=7012.jp&i=d,2026-03-22T01:59:33+00:00
7012,7012.T,7012.jp,2001-01-05,1108.90,1161.48,1108.90,1152.66,311144,https://stooq.com/q/d/l/?s=7012.jp&i=d,2026-03-22T01:59:33+00:00
7012,7012.T,7012.jp,2001-01-09,1100.27,1117.73,1074.08,1100.27,144063,https://stooq.com/q/d/l/?s=7012.jp&i=d,2026-03-22T01:59:33+00:00
7012,7012.T,7012.jp,2001-01-10,1065.27,1074.08,1039.18,1047.90,230296,https://stooq.com/q/d/l/?s=7012.jp&i=d,2026-03-22T01:59:33+00:00
7012,7012.T,7012.jp,2001-01-11,1065.27,1074.08,1030.37,1047.90,241632,https://stooq.com/q/d/l/?s=7012.jp&i=d,2026-03-22T01:59:33+00:00
7012,7012.T,7012.jp,2001-01-12,1039.18,1056.63,978.07,978.07,500443,https://stooq.com/q/d/l/?s=7012.jp&i=d,2026-03-22T01:59:33+00:00
7012,7012.T,7012.jp,2001-01-15,1004.16,1021.71,969.24,978.07,1677571,https://stooq.com/q/d/l/?s=7012.jp&i=d,2026-03-22T01:59:33+00:00
7012,7012.T,7012.jp,2001-01-16,978.07,986.80,951.79,978.07,964811,https://stooq.com/q/d/l/?s=7012.jp&i=d,2026-03-22T01:59:33+00:00
7012,7012.T,7012.jp,2001-01-17,995.43,1012.88,986.80,986.80,431044,https://stooq.com/q/d/l/?s=7012.jp&i=d,2026-03-22T01:59:33+00:00
7012,7012.T,7012.jp,2001-01-18,986.80,1004.16,986.80,1004.16,489792,https://stooq.com/q/d/l/?s=7012.jp&i=d,2026-03-22T01:59:33+00:00
7012,7012.T,7012.jp,2001-01-19,1021.71,1047.90,1004.16,1039.18,723982,https://stooq.com/q/d/l/?s=7012.jp&i=d,2026-03-22T01:59:33+00:00
7012,7012.T,7012.jp,2001-01-22,1065.27,1091.55,1047.90,1065.27,583810,https://stooq.com/q/d/l/?s=7012.jp&i=d,2026-03-22T01:59:33+00:00
7012,7012.T,7012.jp,2001-01-23,1065.27,1074.08,1047.90,1065.27,202122,https://stooq.com/q/d/l/?s=7012.jp&i=d,2026-03-22T01:59:33+00:00
7012,7012.T,7012.jp,2001-01-24,1065.27,1091.55,1056.63,1074.08,370236,https://stooq.com/q/d/l/?s=7012.jp&i=d,2026-03-22T01:59:33+00:00
7012,7012.T,7012.jp,2001-01-25,1065.27,1074.08,1021.71,1039.18,253656,https://stooq.com/q/d/l/?s=7012.jp&i=d,2026-03-22T01:59:33+00:00
7012,7012.T,7012.jp,2001-01-26,1039.18,1047.90,1021.71,1039.18,294309,https://stooq.com/q/d/l/?s=7012.jp&i=d,2026-03-22T01:59:33+00:00
7012,7012.T,7012.jp,2001-01-29,1047.90,1065.27,1039.18,1039.18,190328,https://stooq.com/q/d/l/?s=7012.jp&i=d,2026-03-22T01:59:33+00:00
7012,7012.T,7012.jp,2001-01-30,1039.18,1056.63,1021.71,1039.18,267398,https://stooq.com/q/d/l/?s=7012.jp&i=d,2026-03-22T01:59:33+00:00
7012,7012.T,7012.jp,2001-01-31,1039.18,1047.90,1030.37,1047.90,158035,https://stooq.com/q/d/l/?s=7012.jp&i=d,2026-03-22T01:59:33+00:00
7012,7012.T,7012.jp,2001-02-01,1056.63,1065.27,1047.90,1065.27,215981,https://stooq.com/q/d/l/?s=7012.jp&i=d,2026-03-22T01:59:33+00:00
7012,7012.T,7012.jp,2001-02-02,1065.27,1074.08,1056.63,1065.27,203154,https://stooq.com/q/d/l/?s=7012.jp&i=d,2026-03-22T01:59:33+00:00
7012,7012.T,7012.jp,2001-02-05,1047.90,1065.27,1021.71,1030.37,262360,https://stooq.com/q/d/l/?s=7012.jp&i=d,2026-03-22T01:59:33+00:00
7012,7012.T,7012.jp,2001-02-06,1030.37,1056.63,1012.88,1039.18,185175,https://stooq.com/q/d/l/?s=7012.jp&i=d,2026-03-22T01:59:33+00:00
7012,7012.T,7012.jp,2001-02-07,1021.71,1030.37,995.43,1021.71,419822,https://stooq.com/q/d/l/?s=7012.jp&i=d,2026-03-22T01:59:33+00:00
7012,7012.T,7012.jp,2001-02-08,1030.37,1030.37,995.43,1021.71,418906,https://stooq.com/q/d/l/?s=7012.jp&i=d,2026-03-22T01:59:33+00:00
7012,7012.T,7012.jp,2001-02-09,1004.16,1021.71,995.43,1021.71,441809,https://stooq.com/q/d/l/?s=7012.jp&i=d,2026-03-22T01:59:33+00:00
7012,7012.T,7012.jp,2001-02-13,1021.71,1030.37,995.43,1004.16,636260,https://stooq.com/q/d/l/?s=7012.jp&i=d,2026-03-22T01:59:33+00:00
7012,7012.T,7012.jp,2001-02-14,1012.88,1012.88,995.43,1004.16,511209,https://stooq.com/q/d/l/?s=7012.jp&i=d,2026-03-22T01:59:33+00:00
7012,7012.T,7012.jp,2001-02-15,1004.16,1021.71,1004.16,1021.71,429327,https://stooq.com/q/d/l/?s=7012.jp&i=d,2026-03-22T01:59:33+00:00
7012,7012.T,7012.jp,2001-02-16,1021.71,1030.37,1012.88,1030.37,624235,https://stooq.com/q/d/l/?s=7012.jp&i=d,2026-03-22T01:59:33+00:00
7012,7012.T,7012.jp,2001-02-19,1030.37,1030.37,1012.88,1021.71,182427,https://stooq.com/q/d/l/?s=7012.jp&i=d,2026-03-22T01:59:33+00:00
7012,7012.T,7012.jp,2001-02-20,1021.71,1039.18,1012.88,1039.18,331757,https://stooq.com/q/d/l/?s=7012.jp&i=d,2026-03-22T01:59:33+00:00
7012,7012.T,7012.jp,2001-02-21,1030.37,1056.63,1030.37,1047.90,267743,https://stooq.com/q/d/l/?s=7012.jp&i=d,2026-03-22T01:59:33+00:00
7012,7012.T,7012.jp,2001-02-22,1065.27,1100.27,1056.63,1100.27,736806,https://stooq.com/q/d/l/?s=7012.jp&i=d,2026-03-22T01:59:33+00:00
7012,7012.T,7012.jp,2001-02-23,1091.55,1143.93,1082.81,1135.20,942025,https://stooq.com/q/d/l/?s=7012.jp&i=d,2026-03-22T01:59:33+00:00
7012,7012.T,7012.jp,2001-02-26,1161.48,1231.21,1152.66,1222.48,1208848,https://stooq.com/q/d/l/?s=7012.jp&i=d,2026-03-22T01:59:33+00:00
7012,7012.T,7012.jp,2001-02-27,1205.02,1213.75,1170.03,1187.58,322368,https://stooq.com/q/d/l/?s=7012.jp&i=d,2026-03-22T01:59:33+00:00
7012,7012.T,7012.jp,2001-02-28,1178.84,1239.95,1178.84,1213.75,523117,https://stooq.com/q/d/l/?s=7012.jp&i=d,2026-03-22T01:59:33+00:00
7012,7012.T,7012.jp,2001-03-01,1222.48,1266.23,1178.84,1196.39,665922,https://stooq.com/q/d/l/?s=7012.jp&i=d,2026-03-22T01:59:33+00:00
7012,7012.T,7012.jp,2001-03-02,1196.39,1213.75,1135.20,1135.20,289730,https://stooq.com/q/d/l/?s=7012.jp&i=d,2026-03-22T01:59:33+00:00
7012,7012.T,7012.jp,2001-03-05,1126.47,1152.66,1100.27,1108.90,296142,https://stooq.com/q/d/l/?s=7012.jp&i=d,2026-03-22T01:59:33+00:00
7012,7012.T,7012.jp,2001-03-06,1117.73,1187.58,1100.27,1170.03,306334,https://stooq.com/q/d/l/?s=7012.jp&i=d,2026-03-22T01:59:33+00:00
7012,7012.T,7012.jp,2001-03-07,1213.75,1222.48,1170.03,1178.84,290073,https://stooq.com/q/d/l/?s=7012.jp&i=d,2026-03-22T01:59:33+00:00
7012,7012.T,7012.jp,2001-03-08,1161.48,1205.02,1152.66,1196.39,150133,https://stooq.com/q/d/l/?s=7012.jp&i=d,2026-03-22T01:59:33+00:00
7012,7012.T,7012.jp,2001-03-09,1213.75,1248.68,1196.39,1239.95,961949,https://stooq.com/q/d/l/?s=7012.jp&i=d,2026-03-22T01:59:33+00:00
7012,7012.T,7012.jp,2001-03-12,1239.95,1239.95,1161.48,1239.95,374701,https://stooq.com/q/d/l/?s=7012.jp&i=d,2026-03-22T01:59:33+00:00
7012,7012.T,7012.jp,2001-03-13,1178.84,1213.75,1152.66,1187.58,300724,https://stooq.com/q/d/l/?s=7012.jp&i=d,2026-03-22T01:59:33+00:00
7012,7012.T,7012.jp,2001-03-14,1170.03,1178.84,1126.47,1135.20,242091,https://stooq.com/q/d/l/?s=7012.jp&i=d,2026-03-22T01:59:33+00:00
7012,7012.T,7012.jp,2001-03-15,1100.27,1222.48,1056.63,1222.48,431960,https://stooq.com/q/d/l/?s=7012.jp&i=d,2026-03-22T01:59:33+00:00
7012,7012.T,7012.jp,2001-03-16,1135.20,1196.39,1135.20,1152.66,245984,https://stooq.com/q/d/l/?s=7012.jp&i=d,2026-03-22T01:59:33+00:00
7012,7012.T,7012.jp,2001-03-19,1178.84,1213.75,1143.93,1152.66,281941,https://stooq.com/q/d/l/?s=7012.jp&i=d,2026-03-22T01:59:33+00:00
7012,7012.T,7012.jp,2001-03-21,1196.39,1257.49,1170.03,1257.49,669126,https://stooq.com/q/d/l/?s=7012.jp&i=d,2026-03-22T01:59:33+00:00
7012,7012.T,7012.jp,2001-03-22,1309.79,1519.38,1292.34,1362.24,2346698,https://stooq.com/q/d/l/?s=7012.jp&i=d,2026-03-22T01:59:33+00:00
7012,7012.T,7012.jp,2001-03-23,1440.91,1458.27,1405.91,1449.45,1264049,https://stooq.com/q/d/l/?s=7012.jp&i=d,2026-03-22T01:59:33+00:00
7012,7012.T,7012.jp,2001-03-26,1467.00,1484.46,1432.09,1484.46,875373,https://stooq.com/q/d/l/?s=7012.jp&i=d,2026-03-22T01:59:33+00:00
7012,7012.T,7012.jp,2001-03-27,1423.35,1467.00,1414.53,1449.45,434137,https://stooq.com/q/d/l/?s=7012.jp&i=d,2026-03-22T01:59:33+00:00
7012,7012.T,7012.jp,2001-03-28,1484.46,1502.00,1449.45,1484.46,758565,https://stooq.com/q/d/l/?s=7012.jp&i=d,2026-03-22T01:59:33+00:00
7012,7012.T,7012.jp,2001-03-29,1493.19,1571.76,1475.81,1519.38,1226600,https://stooq.com/q/d/l/?s=7012.jp&i=d,2026-03-22T01:59:33+00:00
7012,7012.T,7012.jp,2001-03-30,1502.00,1510.66,1405.91,1405.91,422799,https://stooq.com/q/d/l/?s=7012.jp&i=d,2026-03-22T01:59:33+00:00
7012,7012.T,7012.jp,2001-04-02,1432.09,1440.91,1388.45,1397.18,581291,https://stooq.com/q/d/l/?s=7012.jp&i=d,2026-03-22T01:59:33+00:00
7012,7012.T,7012.jp,2001-04-03,1440.91,1467.00,1423.35,1467.00,865411,https://stooq.com/q/d/l/?s=7012.jp&i=d,2026-03-22T01:59:33+00:00
7012,7012.T,7012.jp,2001-04-04,1484.46,1536.94,1467.00,1510.66,1586415,https://stooq.com/q/d/l/?s=7012.jp&i=d,2026-03-22T01:59:33+00:00
7012,7012.T,7012.jp,2001-04-05,1554.29,1580.57,1536.94,1563.03,1162929,https://stooq.com/q/d/l/?s=7012.jp&i=d,2026-03-22T01:59:33+00:00
7012,7012.T,7012.jp,2001-04-06,1589.22,1624.14,1563.03,1606.76,1700475,https://stooq.com/q/d/l/?s=7012.jp&i=d,2026-03-22T01:59:33+00:00
7012,7012.T,7012.jp,2001-04-09,1606.76,1606.76,1545.67,1545.67,305417,https://stooq.com/q/d/l/?s=7012.jp&i=d,2026-03-22T01:59:33+00:00
7012,7012.T,7012.jp,2001-04-10,1528.11,1545.67,1502.00,1502.00,399095,https://stooq.com/q/d/l/?s=7012.jp&i=d,2026-03-22T01:59:33+00:00
7012,7012.T,7012.jp,2001-04-11,1571.76,1598.04,1545.67,1580.57,670845,https://stooq.com/q/d/l/?s=7012.jp&i=d,2026-03-22T01:59:33+00:00
7012,7012.T,7012.jp,2001-04-12,1598.04,1632.86,1571.76,1632.86,625266,https://stooq.com/q/d/l/?s=7012.jp&i=d,2026-03-22T01:59:33+00:00
7012,7012.T,7012.jp,2001-04-13,1632.86,1632.86,1598.04,1615.49,416616,https://stooq.com/q/d/l/?s=7012.jp&i=d,2026-03-22T01:59:33+00:00
7012,7012.T,7012.jp,2001-04-16,1615.49,1650.41,1598.04,1632.86,331988,https://stooq.com/q/d/l/?s=7012.jp&i=d,2026-03-22T01:59:33+00:00
7012,7012.T,7012.jp,2001-04-17,1624.14,1641.69,1598.04,1632.86,259154,https://stooq.com/q/d/l/?s=7012.jp&i=d,2026-03-22T01:59:33+00:00
7012,7012.T,7012.jp,2001-04-18,1624.14,1659.13,1606.76,1641.69,503077,https://stooq.com/q/d/l/?s=7012.jp&i=d,2026-03-22T01:59:33+00:00
7012,7012.T,7012.jp,2001-04-19,1659.13,1659.13,1598.04,1606.76,455322,https://stooq.com/q/d/l/?s=7012.jp&i=d,2026-03-22T01:59:33+00:00
7012,7012.T,7012.jp,2001-04-20,1580.57,1702.80,1571.76,1693.97,1134985,https://stooq.com/q/d/l/?s=7012.jp&i=d,2026-03-22T01:59:33+00:00
7012,7012.T,7012.jp,2001-04-23,1650.41,1667.88,1606.76,1659.13,852126,https://stooq.com/q/d/l/?s=7012.jp&i=d,2026-03-22T01:59:33+00:00
7012,7012.T,7012.jp,2001-04-24,1650.41,1659.13,1624.14,1650.41,281941,https://stooq.com/q/d/l/?s=7012.jp&i=d,2026-03-22T01:59:33+00:00
7012,7012.T,7012.jp,2001-04-25,1641.69,1790.08,1641.69,1781.44,1323366,https://stooq.com/q/d/l/?s=7012.jp&i=d,2026-03-22T01:59:33+00:00
7012,7012.T,7012.jp,2001-04-26,1755.17,1816.36,1728.98,1763.89,1324742,https://stooq.com/q/d/l/?s=7012.jp&i=d,2026-03-22T01:59:33+00:00
7012,7012.T,7012.jp,2001-04-27,1763.89,1772.63,1711.52,1772.63,437571,https://stooq.com/q/d/l/?s=7012.jp&i=d,2026-03-22T01:59:33+00:00
7012,7012.T,7012.jp,2001-05-01,1781.44,1790.08,1737.71,1772.63,356724,https://stooq.com/q/d/l/?s=7012.jp&i=d,2026-03-22T01:59:33+00:00
7012,7012.T,7012.jp,2001-05-02,1755.17,1763.89,1711.52,1728.98,329812,https://stooq.com/q/d/l/?s=7012.jp&i=d,2026-03-22T01:59:33+00:00
7012,7012.T,7012.jp,2001-05-07,1728.98,1737.71,1676.60,1720.34,346416,https://stooq.com/q/d/l/?s=7012.jp&i=d,2026-03-22T01:59:33+00:00
7012,7012.T,7012.jp,2001-05-08,1676.60,1702.80,1598.04,1624.14,291790,https://stooq.com/q/d/l/?s=7012.jp&i=d,2026-03-22T01:59:33+00:00
7012,7012.T,7012.jp,2001-05-09,1615.49,1615.49,1528.11,1606.76,506169,https://stooq.com/q/d/l/?s=7012.jp&i=d,2026-03-22T01:59:33+00:00
7012,7012.T,7012.jp,2001-05-10,1571.76,1641.69,1571.76,1606.76,339659,https://stooq.com/q/d/l/?s=7012.jp&i=d,2026-03-22T01:59:33+00:00
7012,7012.T,7012.jp,2001-05-11,1650.41,1676.60,1615.49,1650.41,418562,https://stooq.com/q/d/l/?s=7012.jp&i=d,2026-03-22T01:59:33+00:00
7012,7012.T,7012.jp,2001-05-14,1632.86,1641.69,1554.29,1580.57,285149,https://stooq.com/q/d/l/?s=7012.jp&i=d,2026-03-22T01:59:33+00:00
7012,7012.T,7012.jp,2001-05-15,1554.29,1606.76,1528.11,1606.76,399781,https://stooq.com/q/d/l/?s=7012.jp&i=d,2026-03-22T01:59:33+00:00
7012,7012.T,7012.jp,2001-05-16,1580.57,1598.04,1554.29,1554.29,136962,https://stooq.com/q/d/l/?s=7012.jp&i=d,2026-03-22T01:59:33+00:00
7012,7012.T,7012.jp,2001-05-17,1563.03,1571.76,1536.94,1545.67,201321,https://stooq.com/q/d/l/?s=7012.jp&i=d,2026-03-22T01:59:33+00:00
7012,7012.T,7012.jp,2001-05-18,1554.29,1693.97,1545.67,1693.97,554266,https://stooq.com/q/d/l/?s=7012.jp&i=d,2026-03-22T01:59:33+00:00
7012,7012.T,7012.jp,2001-05-21,1685.33,1685.33,1632.86,1632.86,259613,https://stooq.com/q/d/l/?s=7012.jp&i=d,2026-03-22T01:59:33+00:00
7012,7012.T,7012.jp,2001-05-22,1659.13,1659.13,1606.76,1606.76,222278,https://stooq.com/q/d/l/?s=7012.jp&i=d,2026-03-22T01:59:33+00:00
7012,7012.T,7012.jp,2001-05-23,1606.76,1615.49,1571.76,1571.76,227776,https://stooq.com/q/d/l/?s=7012.jp&i=d,2026-03-22T01:59:33+00:00
7012,7012.T,7012.jp,2001-05-24,1545.67,1563.03,1484.46,1528.11,519452,https://stooq.com/q/d/l/?s=7012.jp&i=d,2026-03-22T01:59:33+00:00
7012,7012.T,7012.jp,2001-05-25,1545.67,1563.03,1528.11,1528.11,171202,https://stooq.com/q/d/l/?s=7012.jp&i=d,2026-03-22T01:59:33+00:00
7012,7012.T,7012.jp,2001-05-28,1528.11,1536.94,1484.46,1484.46,139139,https://stooq.com/q/d/l/?s=7012.jp&i=d,2026-03-22T01:59:33+00:00
7012,7012.T,7012.jp,2001-05-29,1484.46,1510.66,1484.46,1502.00,143032,https://stooq.com/q/d/l/?s=7012.jp&i=d,2026-03-22T01:59:33+00:00
7012,7012.T,7012.jp,2001-05-30,1484.46,1502.00,1475.81,1493.19,453605,https://stooq.com/q/d/l/?s=7012.jp&i=d,2026-03-22T01:59:33+00:00
7012,7012.T,7012.jp,2001-05-31,1484.46,1510.66,1475.81,1502.00,267168,https://stooq.com/q/d/l/?s=7012.jp&i=d,2026-03-22T01:59:33+00:00
7012,7012.T,7012.jp,2001-06-01,1510.66,1519.38,1484.46,1510.66,201321,https://stooq.com/q/d/l/?s=7012.jp&i=d,2026-03-22T01:59:33+00:00
7012,7012.T,7012.jp,2001-06-04,1510.66,1510.66,1493.19,1502.00,54510,https://stooq.com/q/d/l/?s=7012.jp&i=d,2026-03-22T01:59:33+00:00
7012,7012.T,7012.jp,2001-06-05,1484.46,1484.46,1414.53,1467.00,422455,https://stooq.com/q/d/l/?s=7012.jp&i=d,2026-03-22T01:59:33+00:00
7012,7012.T,7012.jp,2001-06-06,1440.91,1449.45,1414.53,1432.09,565491,https://stooq.com/q/d/l/?s=7012.jp&i=d,2026-03-22T01:59:33+00:00
7012,7012.T,7012.jp,2001-06-07,1440.91,1510.66,1423.35,1510.66,363708,https://stooq.com/q/d/l/?s=7012.jp&i=d,2026-03-22T01:59:33+00:00
7012,7012.T,7012.jp,2001-06-08,1554.29,1571.76,1510.66,1536.94,716194,https://stooq.com/q/d/l/?s=7012.jp&i=d,2026-03-22T01:59:33+00:00
7012,7012.T,7012.jp,2001-06-11,1528.11,1536.94,1475.81,1502.00,253886,https://stooq.com/q/d/l/?s=7012.jp&i=d,2026-03-22T01:59:33+00:00
7012,7012.T,7012.jp,2001-06-12,1484.46,1502.00,1432.09,1432.09,181283,https://stooq.com/q/d/l/?s=7012.jp&i=d,2026-03-22T01:59:33+00:00
7012,7012.T,7012.jp,2001-06-13,1449.45,1484.46,1432.09,1467.00,196168,https://stooq.com/q/d/l/?s=7012.jp&i=d,2026-03-22T01:59:33+00:00
7012,7012.T,7012.jp,2001-06-14,1545.67,1632.86,1528.11,1606.76,1012909,https://stooq.com/q/d/l/?s=7012.jp&i=d,2026-03-22T01:59:33+00:00
7012,7012.T,7012.jp,2001-06-15,1589.22,1650.41,1554.29,1650.41,905948,https://stooq.com/q/d/l/?s=7012.jp&i=d,2026-03-22T01:59:33+00:00
7012,7012.T,7012.jp,2001-06-18,1641.69,1650.41,1615.49,1632.86,310113,https://stooq.com/q/d/l/?s=7012.jp&i=d,2026-03-22T01:59:33+00:00
7012,7012.T,7012.jp,2001-06-19,1624.14,1659.13,1589.22,1598.04,481548,https://stooq.com/q/d/l/?s=7012.jp&i=d,2026-03-22T01:59:33+00:00
7012,7012.T,7012.jp,2001-06-20,1598.04,1615.49,1563.03,1589.22,335653,https://stooq.com/q/d/l/?s=7012.jp&i=d,2026-03-22T01:59:33+00:00
7012,7012.T,7012.jp,2001-06-21,1606.76,1650.41,1598.04,1624.14,355691,https://stooq.com/q/d/l/?s=7012.jp&i=d,2026-03-22T01:59:33+00:00
7012,7012.T,7012.jp,2001-06-22,1641.69,1737.71,1632.86,1737.71,1431472,https://stooq.com/q/d/l/?s=7012.jp&i=d,2026-03-22T01:59:33+00:00
7012,7012.T,7012.jp,2001-06-25,1781.44,1886.20,1781.44,1816.36,3820772,https://stooq.com/q/d/l/?s=7012.jp&i=d,2026-03-22T01:59:33+00:00
7012,7012.T,7012.jp,2001-06-26,1842.56,1912.30,1842.56,1860.00,2003718,https://stooq.com/q/d/l/?s=7012.jp&i=d,2026-03-22T01:59:33+00:00
7012,7012.T,7012.jp,2001-06-27,1825.09,1833.73,1772.63,1807.55,793379,https://stooq.com/q/d/l/?s=7012.jp&i=d,2026-03-22T01:59:33+00:00
7012,7012.T,7012.jp,2001-06-28,1790.08,1798.82,1746.46,1781.44,450857,https://stooq.com/q/d/l/?s=7012.jp&i=d,2026-03-22T01:59:33+00:00
7012,7012.T,7012.jp,2001-06-29,1798.82,1851.19,1790.08,1798.82,596181,https://stooq.com/q/d/l/?s=7012.jp&i=d,2026-03-22T01:59:33+00:00
7012,7012.T,7012.jp,2001-07-02,1781.44,1781.44,1702.80,1737.71,393484,https://stooq.com/q/d/l/?s=7012.jp&i=d,2026-03-22T01:59:33+00:00
7012,7012.T,7012.jp,2001-07-03,1737.71,1763.89,1728.98,1755.17,509718,https://stooq.com/q/d/l/?s=7012.jp&i=d,2026-03-22T01:59:33+00:00
7012,7012.T,7012.jp,2001-07-04,1763.89,1825.09,1755.17,1825.09,708407,https://stooq.com/q/d/l/?s=7012.jp&i=d,2026-03-22T01:59:33+00:00
7012,7012.T,7012.jp,2001-07-05,1825.09,1842.56,1790.08,1816.36,551976,https://stooq.com/q/d/l/?s=7012.jp&i=d,2026-03-22T01:59:33+00:00
7012,7012.T,7012.jp,2001-07-06,1807.55,1825.09,1781.44,1790.08,414209,https://stooq.com/q/d/l/?s=7012.jp&i=d,2026-03-22T01:59:33+00:00
7012,7012.T,7012.jp,2001-07-09,1746.46,1798.82,1728.98,1798.82,394171,https://stooq.com/q/d/l/?s=7012.jp&i=d,2026-03-22T01:59:33+00:00
7012,7012.T,7012.jp,2001-07-10,1772.63,1825.09,1746.46,1807.55,369550,https://stooq.com/q/d/l/?s=7012.jp&i=d,2026-03-22T01:59:33+00:00
7012,7012.T,7012.jp,2001-07-11,1798.82,1807.55,1728.98,1755.17,475020,https://stooq.com/q/d/l/?s=7012.jp&i=d,2026-03-22T01:59:33+00:00
7012,7012.T,7012.jp,2001-07-12,1737.71,1772.63,1720.34,1746.46,218156,https://stooq.com/q/d/l/?s=7012.jp&i=d,2026-03-22T01:59:33+00:00
7012,7012.T,7012.jp,2001-07-13,1711.52,1746.46,1685.33,1711.52,344010,https://stooq.com/q/d/l/?s=7012.jp&i=d,2026-03-22T01:59:33+00:00
7012,7012.T,7012.jp,2001-07-16,1676.60,1720.34,1676.60,1720.34,131581,https://stooq.com/q/d/l/?s=7012.jp&i=d,2026-03-22T01:59:33+00:00
7012,7012.T,7012.jp,2001-07-17,1676.60,1693.97,1624.14,1624.14,266024,https://stooq.com/q/d/l/?s=7012.jp&i=d,2026-03-22T01:59:33+00:00
7012,7012.T,7012.jp,2001-07-18,1641.69,1659.13,1606.76,1641.69,298662,https://stooq.com/q/d/l/?s=7012.jp&i=d,2026-03-22T01:59:33+00:00
7012,7012.T,7012.jp,2001-07-19,1615.49,1650.41,1580.57,1650.41,287210,https://stooq.com/q/d/l/?s=7012.jp&i=d,2026-03-22T01:59:33+00:00
7012,7012.T,7012.jp,2001-07-23,1606.76,1606.76,1554.29,1571.76,364281,https://stooq.com/q/d/l/?s=7012.jp&i=d,2026-03-22T01:59:33+00:00
7012,7012.T,7012.jp,2001-07-24,1493.19,1571.76,1493.19,1554.29,347103,https://stooq.com/q/d/l/?s=7012.jp&i=d,2026-03-22T01:59:33+00:00
7012,7012.T,7012.jp,2001-07-25,1554.29,1676.60,1536.94,1659.13,495175,https://stooq.com/q/d/l/?s=7012.jp&i=d,2026-03-22T01:59:33+00:00
7012,7012.T,7012.jp,2001-07-26,1641.69,1641.69,1615.49,1641.69,174751,https://stooq.com/q/d/l/?s=7012.jp&i=d,2026-03-22T01:59:33+00:00
7012,7012.T,7012.jp,2001-07-27,1632.86,1641.69,1589.22,1615.49,157921,https://stooq.com/q/d/l/?s=7012.jp&i=d,2026-03-22T01:59:33+00:00
7012,7012.T,7012.jp,2001-07-30,1615.49,1659.13,1563.03,1571.76,166395,https://stooq.com/q/d/l/?s=7012.jp&i=d,2026-03-22T01:59:33+00:00
7012,7012.T,7012.jp,2001-07-31,1536.94,1606.76,1536.94,1598.04,467462,https://stooq.com/q/d/l/?s=7012.jp&i=d,2026-03-22T01:59:33+00:00
7012,7012.T,7012.jp,2001-08-01,1615.49,1632.86,1598.04,1624.14,197543,https://stooq.com/q/d/l/?s=7012.jp&i=d,2026-03-22T01:59:33+00:00
7012,7012.T,7012.jp,2001-08-02,1641.69,1676.60,1632.86,1650.41,403102,https://stooq.com/q/d/l/?s=7012.jp&i=d,2026-03-22T01:59:33+00:00
7012,7012.T,7012.jp,2001-08-03,1659.13,1659.13,1589.22,1598.04,251137,https://stooq.com/q/d/l/?s=7012.jp&i=d,2026-03-22T01:59:33+00:00
7012,7012.T,7012.jp,2001-08-06,1598.04,1659.13,1598.04,1659.13,136505,https://stooq.com/q/d/l/?s=7012.jp&i=d,2026-03-22T01:59:33+00:00
7012,7012.T,7012.jp,2001-08-07,1650.41,1685.33,1632.86,1685.33,407797,https://stooq.com/q/d/l/?s=7012.jp&i=d,2026-03-22T01:59:33+00:00
7012,7012.T,7012.jp,2001-08-08,1685.33,1702.80,1667.88,1693.97,279424,https://stooq.com/q/d/l/?s=7012.jp&i=d,2026-03-22T01:59:33+00:00
7012,7012.T,7012.jp,2001-08-09,1667.88,1685.33,1632.86,1641.69,248045,https://stooq.com/q/d/l/?s=7012.jp&i=d,2026-03-22T01:59:33+00:00
7012,7012.T,7012.jp,2001-08-10,1598.04,1641.69,1580.57,1598.04,244037,https://stooq.com/q/d/l/?s=7012.jp&i=d,2026-03-22T01:59:33+00:00
7012,7012.T,7012.jp,2001-08-13,1598.04,1598.04,1554.29,1598.04,114976,https://stooq.com/q/d/l/?s=7012.jp&i=d,2026-03-22T01:59:33+00:00
7012,7012.T,7012.jp,2001-08-14,1615.49,1659.13,1606.76,1615.49,170173,https://stooq.com/q/d/l/?s=7012.jp&i=d,2026-03-22T01:59:33+00:00
7012,7012.T,7012.jp,2001-08-15,1615.49,1711.52,1615.49,1693.97,393712,https://stooq.com/q/d/l/?s=7012.jp&i=d,2026-03-22T01:59:33+00:00
7012,7012.T,7012.jp,2001-08-16,1667.88,1798.82,1650.41,1746.46,905948,https://stooq.com/q/d/l/?s=7012.jp&i=d,2026-03-22T01:59:33+00:00
7012,7012.T,7012.jp,2001-08-17,1746.46,1772.63,1720.34,1728.98,290189,https://stooq.com/q/d/l/?s=7012.jp&i=d,2026-03-22T01:59:33+00:00
7012,7012.T,7012.jp,2001-08-20,1720.34,1720.34,1685.33,1702.80,209337,https://stooq.com/q/d/l/?s=7012.jp&i=d,2026-03-22T01:59:33+00:00
7012,7012.T,7012.jp,2001-08-21,1659.13,1685.33,1624.14,1632.86,524489,https://stooq.com/q/d/l/?s=7012.jp&i=d,2026-03-22T01:59:33+00:00
7012,7012.T,7012.jp,2001-08-22,1641.69,1720.34,1606.76,1693.97,719744,https://stooq.com/q/d/l/?s=7012.jp&i=d,2026-03-22T01:59:33+00:00
7012,7012.T,7012.jp,2001-08-23,1746.46,1825.09,1728.98,1781.44,914769,https://stooq.com/q/d/l/?s=7012.jp&i=d,2026-03-22T01:59:33+00:00
7012,7012.T,7012.jp,2001-08-24,1825.09,1833.73,1781.44,1798.82,567548,https://stooq.com/q/d/l/?s=7012.jp&i=d,2026-03-22T01:59:33+00:00
7012,7012.T,7012.jp,2001-08-27,1833.73,1912.30,1833.73,1903.56,1416585,https://stooq.com/q/d/l/?s=7012.jp&i=d,2026-03-22T01:59:33+00:00
7012,7012.T,7012.jp,2001-08-28,1903.56,1921.11,1816.36,1860.00,977638,https://stooq.com/q/d/l/?s=7012.jp&i=d,2026-03-22T01:59:33+00:00
7012,7012.T,7012.jp,2001-08-29,1790.08,1825.09,1755.17,1755.17,687908,https://stooq.com/q/d/l/?s=7012.jp&i=d,2026-03-22T01:59:33+00:00
7012,7012.T,7012.jp,2001-08-30,1667.88,1702.80,1624.14,1667.88,668783,https://stooq.com/q/d/l/?s=7012.jp&i=d,2026-03-22T01:59:33+00:00
7012,7012.T,7012.jp,2001-08-31,1580.57,1659.13,1580.57,1632.86,573963,https://stooq.com/q/d/l/?s=7012.jp&i=d,2026-03-22T01:59:33+00:00
7012,7012.T,7012.jp,2001-09-03,1659.13,1685.33,1598.04,1615.49,360388,https://stooq.com/q/d/l/?s=7012.jp&i=d,2026-03-22T01:59:33+00:00
7012,7012.T,7012.jp,2001-09-04,1624.14,1632.86,1528.11,1580.57,529072,https://stooq.com/q/d/l/?s=7012.jp&i=d,2026-03-22T01:59:33+00:00
7012,7012.T,7012.jp,2001-09-05,1580.57,1580.57,1519.38,1554.29,565030,https://stooq.com/q/d/l/?s=7012.jp&i=d,2026-03-22T01:59:33+00:00
7012,7012.T,7012.jp,2001-09-06,1510.66,1571.76,1510.66,1571.76,422341,https://stooq.com/q/d/l/?s=7012.jp&i=d,2026-03-22T01:59:33+00:00
7012,7012.T,7012.jp,2001-09-07,1536.94,1589.22,1528.11,1580.57,355579,https://stooq.com/q/d/l/?s=7012.jp&i=d,2026-03-22T01:59:33+00:00
7012,7012.T,7012.jp,2001-09-10,1563.03,1580.57,1528.11,1545.67,312061,https://stooq.com/q/d/l/?s=7012.jp&i=d,2026-03-22T01:59:33+00:00
7012,7012.T,7012.jp,2001-09-11,1545.67,1554.29,1528.11,1545.67,216667,https://stooq.com/q/d/l/?s=7012.jp&i=d,2026-03-22T01:59:33+00:00
7012,7012.T,7012.jp,2001-09-12,1528.11,1536.94,1397.18,1432.09,554609,https://stooq.com/q/d/l/?s=7012.jp&i=d,2026-03-22T01:59:33+00:00
7012,7012.T,7012.jp,2001-09-13,1475.81,1563.03,1440.91,1519.38,723866,https://stooq.com/q/d/l/?s=7012.jp&i=d,2026-03-22T01:59:33+00:00
7012,7012.T,7012.jp,2001-09-14,1563.03,1606.76,1519.38,1545.67,1263246,https://stooq.com/q/d/l/?s=7012.jp&i=d,2026-03-22T01:59:33+00:00
7012,7012.T,7012.jp,2001-09-17,1545.67,1545.67,1449.45,1475.81,651492,https://stooq.com/q/d/l/?s=7012.jp&i=d,2026-03-22T01:59:33+00:00
7012,7012.T,7012.jp,2001-09-18,1528.11,1545.67,1440.91,1519.38,667866,https://stooq.com/q/d/l/?s=7012.jp&i=d,2026-03-22T01:59:33+00:00
7012,7012.T,7012.jp,2001-09-19,1353.43,1362.24,1257.49,1274.97,2383228,https://stooq.com/q/d/l/?s=7012.jp&i=d,2026-03-22T01:59:33+00:00
7012,7012.T,7012.jp,2001-09-20,1012.88,1065.27,986.80,1047.90,6599204,https://stooq.com/q/d/l/?s=7012.jp&i=d,2026-03-22T01:59:33+00:00
7012,7012.T,7012.jp,2001-09-21,1039.18,1074.08,1012.88,1021.71,2132321,https://stooq.com/q/d/l/?s=7012.jp&i=d,2026-03-22T01:59:33+00:00
7012,7012.T,7012.jp,2001-09-25,1100.27,1100.27,1047.90,1047.90,980502,https://stooq.com/q/d/l/?s=7012.jp&i=d,2026-03-22T01:59:33+00:00
7012,7012.T,7012.jp,2001-09-26,1065.27,1074.08,1039.18,1047.90,557817,https://stooq.com/q/d/l/?s=7012.jp&i=d,2026-03-22T01:59:33+00:00
7012,7012.T,7012.jp,2001-09-27,1056.63,1074.08,1047.90,1074.08,385124,https://stooq.com/q/d/l/?s=7012.jp&i=d,2026-03-22T01:59:33+00:00
7012,7012.T,7012.jp,2001-09-28,1074.08,1117.73,1065.27,1091.55,778146,https://stooq.com/q/d/l/?s=7012.jp&i=d,2026-03-22T01:59:33+00:00
7012,7012.T,7012.jp,2001-10-01,1135.20,1170.03,1108.90,1161.48,1426892,https://stooq.com/q/d/l/?s=7012.jp&i=d,2026-03-22T01:59:33+00:00
7012,7012.T,7012.jp,2001-10-02,1170.03,1239.95,1170.03,1213.75,2288067,https://stooq.com/q/d/l/?s=7012.jp&i=d,2026-03-22T01:59:33+00:00
7012,7012.T,7012.jp,2001-10-03,1257.49,1257.49,1143.93,1152.66,1209536,https://stooq.com/q/d/l/?s=7012.jp&i=d,2026-03-22T01:59:33+00:00
7012,7012.T,7012.jp,2001-10-04,1196.39,1196.39,1161.48,1170.03,563771,https://stooq.com/q/d/l/?s=7012.jp&i=d,2026-03-22T01:59:33+00:00
7012,7012.T,7012.jp,2001-10-05,1170.03,1170.03,1143.93,1152.66,493685,https://stooq.com/q/d/l/?s=7012.jp&i=d,2026-03-22T01:59:33+00:00
7012,7012.T,7012.jp,2001-10-09,1143.93,1143.93,1100.27,1126.47,332445,https://stooq.com/q/d/l/?s=7012.jp&i=d,2026-03-22T01:59:33+00:00
7012,7012.T,7012.jp,2001-10-10,1100.27,1108.90,1082.81,1082.81,506513,https://stooq.com/q/d/l/?s=7012.jp&i=d,2026-03-22T01:59:33+00:00
7012,7012.T,7012.jp,2001-10-11,1108.90,1117.73,1074.08,1108.90,772994,https://stooq.com/q/d/l/?s=7012.jp&i=d,2026-03-22T01:59:33+00:00
7012,7012.T,7012.jp,2001-10-12,1117.73,1117.73,1082.81,1108.90,795327,https://stooq.com/q/d/l/?s=7012.jp&i=d,2026-03-22T01:59:33+00:00
7012,7012.T,7012.jp,2001-10-15,1091.55,1143.93,1091.55,1135.20,368975,https://stooq.com/q/d/l/?s=7012.jp&i=d,2026-03-22T01:59:33+00:00
7012,7012.T,7012.jp,2001-10-16,1143.93,1152.66,1126.47,1135.20,302097,https://stooq.com/q/d/l/?s=7012.jp&i=d,2026-03-22T01:59:33+00:00
7012,7012.T,7012.jp,2001-10-17,1143.93,1143.93,1108.90,1117.73,206132,https://stooq.com/q/d/l/?s=7012.jp&i=d,2026-03-22T01:59:33+00:00
7012,7012.T,7012.jp,2001-10-18,1100.27,1108.90,1091.55,1100.27,190444,https://stooq.com/q/d/l/?s=7012.jp&i=d,2026-03-22T01:59:33+00:00
7012,7012.T,7012.jp,2001-10-19,1100.27,1100.27,1074.08,1091.55,332787,https://stooq.com/q/d/l/?s=7012.jp&i=d,2026-03-22T01:59:33+00:00
7012,7012.T,7012.jp,2001-10-22,1100.27,1161.48,1091.55,1152.66,518078,https://stooq.com/q/d/l/?s=7012.jp&i=d,2026-03-22T01:59:33+00:00
7012,7012.T,7012.jp,2001-10-23,1152.66,1161.48,1126.47,1135.20,468034,https://stooq.com/q/d/l/?s=7012.jp&i=d,2026-03-22T01:59:33+00:00
7012,7012.T,7012.jp,2001-10-24,1117.73,1161.48,1117.73,1135.20,268543,https://stooq.com/q/d/l/?s=7012.jp&i=d,2026-03-22T01:59:33+00:00
7012,7012.T,7012.jp,2001-10-25,1143.93,1161.48,1126.47,1135.20,489450,https://stooq.com/q/d/l/?s=7012.jp&i=d,2026-03-22T01:59:33+00:00
7012,7012.T,7012.jp,2001-10-26,1152.66,1178.84,1143.93,1161.48,524605,https://stooq.com/q/d/l/?s=7012.jp&i=d,2026-03-22T01:59:33+00:00
7012,7012.T,7012.jp,2001-10-29,1187.58,1205.02,1170.03,1170.03,563998,https://stooq.com/q/d/l/?s=7012.jp&i=d,2026-03-22T01:59:33+00:00
7012,7012.T,7012.jp,2001-10-30,1161.48,1170.03,1117.73,1135.20,620801,https://stooq.com/q/d/l/?s=7012.jp&i=d,2026-03-22T01:59:33+00:00
7012,7012.T,7012.jp,2001-10-31,1117.73,1126.47,1100.27,1100.27,377564,https://stooq.com/q/d/l/?s=7012.jp&i=d,2026-03-22T01:59:33+00:00
7012,7012.T,7012.jp,2001-11-01,1100.27,1117.73,1082.81,1091.55,411691,https://stooq.com/q/d/l/?s=7012.jp&i=d,2026-03-22T01:59:33+00:00
7012,7012.T,7012.jp,2001-11-02,1108.90,1108.90,1082.81,1091.55,325000,https://stooq.com/q/d/l/?s=7012.jp&i=d,2026-03-22T01:59:33+00:00
7012,7012.T,7012.jp,2001-11-05,1108.90,1108.90,1091.55,1108.90,172463,https://stooq.com/q/d/l/?s=7012.jp&i=d,2026-03-22T01:59:33+00:00
7012,7012.T,7012.jp,2001-11-06,1100.27,1117.73,1091.55,1108.90,261557,https://stooq.com/q/d/l/?s=7012.jp&i=d,2026-03-22T01:59:33+00:00
7012,7012.T,7012.jp,2001-11-07,1117.73,1126.47,1108.90,1117.73,302899,https://stooq.com/q/d/l/?s=7012.jp&i=d,2026-03-22T01:59:33+00:00
7012,7012.T,7012.jp,2001-11-08,1108.90,1117.73,1065.27,1074.08,329124,https://stooq.com/q/d/l/?s=7012.jp&i=d,2026-03-22T01:59:33+00:00
7012,7012.T,7012.jp,2001-11-09,1082.81,1082.81,1065.27,1074.08,183800,https://stooq.com/q/d/l/?s=7012.jp&i=d,2026-03-22T01:59:33+00:00
7012,7012.T,7012.jp,2001-11-12,1074.08,1082.81,1047.90,1047.90,337598,https://stooq.com/q/d/l/?s=7012.jp&i=d,2026-03-22T01:59:33+00:00
7012,7012.T,7012.jp,2001-11-13,1030.37,1039.18,995.43,1021.71,608319,https://stooq.com/q/d/l/?s=7012.jp&i=d,2026-03-22T01:59:33+00:00
7012,7012.T,7012.jp,2001-11-14,1030.37,1056.63,1021.71,1047.90,281483,https://stooq.com/q/d/l/?s=7012.jp&i=d,2026-03-22T01:59:33+00:00
7012,7012.T,7012.jp,2001-11-15,1039.18,1065.27,1021.71,1065.27,290189,https://stooq.com/q/d/l/?s=7012.jp&i=d,2026-03-22T01:59:33+00:00
7012,7012.T,7012.jp,2001-11-16,1030.37,1047.90,1004.16,1021.71,513841,https://stooq.com/q/d/l/?s=7012.jp&i=d,2026-03-22T01:59:33+00:00
7012,7012.T,7012.jp,2001-11-19,1030.37,1082.81,1030.37,1065.27,435282,https://stooq.com/q/d/l/?s=7012.jp&i=d,2026-03-22T01:59:33+00:00
7012,7012.T,7012.jp,2001-11-20,1082.81,1091.55,1056.63,1091.55,414785,https://stooq.com/q/d/l/?s=7012.jp&i=d,2026-03-22T01:59:33+00:00
7012,7012.T,7012.jp,2001-11-21,1091.55,1091.55,1074.08,1082.81,146123,https://stooq.com/q/d/l/?s=7012.jp&i=d,2026-03-22T01:59:33+00:00
7012,7012.T,7012.jp,2001-11-22,1074.08,1100.27,1047.90,1074.08,414785,https://stooq.com/q/d/l/?s=7012.jp&i=d,2026-03-22T01:59:33+00:00
7012,7012.T,7012.jp,2001-11-26,1091.55,1108.90,1091.55,1091.55,267168,https://stooq.com/q/d/l/?s=7012.jp&i=d,2026-03-22T01:59:33+00:00
7012,7012.T,7012.jp,2001-11-27,1161.48,1196.39,1143.93,1152.66,1569926,https://stooq.com/q/d/l/?s=7012.jp&i=d,2026-03-22T01:59:33+00:00
7012,7012.T,7012.jp,2001-11-28,1170.03,1187.58,1152.66,1161.48,857280,https://stooq.com/q/d/l/?s=7012.jp&i=d,2026-03-22T01:59:33+00:00
7012,7012.T,7012.jp,2001-11-29,1152.66,1161.48,1100.27,1100.27,485556,https://stooq.com/q/d/l/?s=7012.jp&i=d,2026-03-22T01:59:33+00:00
7012,7012.T,7012.jp,2001-11-30,1126.47,1126.47,1100.27,1100.27,200061,https://stooq.com/q/d/l/?s=7012.jp&i=d,2026-03-22T01:59:33+00:00
7012,7012.T,7012.jp,2001-12-03,1135.20,1135.20,1074.08,1074.08,299464,https://stooq.com/q/d/l/?s=7012.jp&i=d,2026-03-22T01:59:33+00:00
7012,7012.T,7012.jp,2001-12-04,1065.27,1082.81,1039.18,1074.08,440435,https://stooq.com/q/d/l/?s=7012.jp&i=d,2026-03-22T01:59:33+00:00
7012,7012.T,7012.jp,2001-12-05,1082.81,1091.55,1065.27,1082.81,342523,https://stooq.com/q/d/l/?s=7012.jp&i=d,2026-03-22T01:59:33+00:00
7012,7012.T,7012.jp,2001-12-06,1065.27,1126.47,1065.27,1091.55,522200,https://stooq.com/q/d/l/?s=7012.jp&i=d,2026-03-22T01:59:33+00:00
7012,7012.T,7012.jp,2001-12-07,1091.55,1117.73,1047.90,1056.63,310916,https://stooq.com/q/d/l/?s=7012.jp&i=d,2026-03-22T01:59:33+00:00
7012,7012.T,7012.jp,2001-12-10,1039.18,1047.90,1030.37,1030.37,594233,https://stooq.com/q/d/l/?s=7012.jp&i=d,2026-03-22T01:59:33+00:00
7012,7012.T,7012.jp,2001-12-11,1030.37,1039.18,1004.16,1004.16,278049,https://stooq.com/q/d/l/?s=7012.jp&i=d,2026-03-22T01:59:33+00:00
7012,7012.T,7012.jp,2001-12-12,1021.71,1056.63,1012.88,1047.90,348364,https://stooq.com/q/d/l/?s=7012.jp&i=d,2026-03-22T01:59:33+00:00
7012,7012.T,7012.jp,2001-12-13,1056.63,1056.63,1030.37,1039.18,267398,https://stooq.com/q/d/l/?s=7012.jp&i=d,2026-03-22T01:59:33+00:00
7012,7012.T,7012.jp,2001-12-14,1039.18,1056.63,1012.88,1039.18,801969,https://stooq.com/q/d/l/?s=7012.jp&i=d,2026-03-22T01:59:33+00:00
7012,7012.T,7012.jp,2001-12-17,1039.18,1056.63,1021.71,1039.18,327405,https://stooq.com/q/d/l/?s=7012.jp&i=d,2026-03-22T01:59:33+00:00
7012,7012.T,7012.jp,2001-12-18,1012.88,1030.37,943.05,960.51,651605,https://stooq.com/q/d/l/?s=7012.jp&i=d,2026-03-22T01:59:33+00:00
7012,7012.T,7012.jp,2001-12-19,925.61,934.42,777.16,847.03,2008870,https://stooq.com/q/d/l/?s=7012.jp&i=d,2026-03-22T01:59:33+00:00
7012,7012.T,7012.jp,2001-12-20,890.67,995.43,881.95,969.24,1768499,https://stooq.com/q/d/l/?s=7012.jp&i=d,2026-03-22T01:59:33+00:00
7012,7012.T,7012.jp,2001-12-21,1004.16,1021.71,943.05,986.80,566747,https://stooq.com/q/d/l/?s=7012.jp&i=d,2026-03-22T01:59:33+00:00
7012,7012.T,7012.jp,2001-12-25,978.07,1030.37,978.07,1012.88,597211,https://stooq.com/q/d/l/?s=7012.jp&i=d,2026-03-22T01:59:33+00:00
7012,7012.T,7012.jp,2001-12-26,1012.88,1012.88,978.07,986.80,187008,https://stooq.com/q/d/l/?s=7012.jp&i=d,2026-03-22T01:59:33+00:00
7012,7012.T,7012.jp,2001-12-27,995.43,1021.71,986.80,1021.71,218957,https://stooq.com/q/d/l/?s=7012.jp&i=d,2026-03-22T01:59:33+00:00
7012,7012.T,7012.jp,2001-12-28,1030.37,1047.90,1021.71,1047.90,156774,https://stooq.com/q/d/l/?s=7012.jp&i=d,2026-03-22T01:59:33+00:00
7012,7012.T,7012.jp,2002-01-04,1056.63,1056.63,1030.37,1030.37,123679,https://stooq.com/q/d/l/?s=7012.jp&i=d,2026-03-22T01:59:33+00:00
7012,7012.T,7012.jp,2002-01-07,1039.18,1047.90,1021.71,1047.90,138337,https://stooq.com/q/d/l/?s=7012.jp&i=d,2026-03-22T01:59:33+00:00
7012,7012.T,7012.jp,2002-01-08,1047.90,1047.90,1004.16,1030.37,197084,https://stooq.com/q/d/l/?s=7012.jp&i=d,2026-03-22T01:59:33+00:00
7012,7012.T,7012.jp,2002-01-09,1021.71,1021.71,1004.16,1004.16,205673,https://stooq.com/q/d/l/?s=7012.jp&i=d,2026-03-22T01:59:33+00:00
7012,7012.T,7012.jp,2002-01-10,1021.71,1039.18,1012.88,1039.18,258923,https://stooq.com/q/d/l/?s=7012.jp&i=d,2026-03-22T01:59:33+00:00
7012,7012.T,7012.jp,2002-01-11,1030.37,1039.18,1012.88,1012.88,228119,https://stooq.com/q/d/l/?s=7012.jp&i=d,2026-03-22T01:59:33+00:00
7012,7012.T,7012.jp,2002-01-15,1004.16,1004.16,978.07,986.80,206935,https://stooq.com/q/d/l/?s=7012.jp&i=d,2026-03-22T01:59:33+00:00
7012,7012.T,7012.jp,2002-01-16,986.80,1004.16,986.80,995.43,210025,https://stooq.com/q/d/l/?s=7012.jp&i=d,2026-03-22T01:59:33+00:00
7012,7012.T,7012.jp,2002-01-17,995.43,1012.88,986.80,995.43,177158,https://stooq.com/q/d/l/?s=7012.jp&i=d,2026-03-22T01:59:33+00:00
7012,7012.T,7012.jp,2002-01-18,995.43,1021.71,995.43,1021.71,157462,https://stooq.com/q/d/l/?s=7012.jp&i=d,2026-03-22T01:59:33+00:00
7012,7012.T,7012.jp,2002-01-21,1021.71,1074.08,1004.16,1065.27,372755,https://stooq.com/q/d/l/?s=7012.jp&i=d,2026-03-22T01:59:33+00:00
7012,7012.T,7012.jp,2002-01-22,1056.63,1056.63,1021.71,1021.71,218042,https://stooq.com/q/d/l/?s=7012.jp&i=d,2026-03-22T01:59:33+00:00
7012,7012.T,7012.jp,2002-01-23,1021.71,1047.90,1021.71,1030.37,159752,https://stooq.com/q/d/l/?s=7012.jp&i=d,2026-03-22T01:59:33+00:00
7012,7012.T,7012.jp,2002-01-24,1065.27,1065.27,1039.18,1056.63,348020,https://stooq.com/q/d/l/?s=7012.jp&i=d,2026-03-22T01:59:33+00:00
7012,7012.T,7012.jp,2002-01-25,1056.63,1065.27,1030.37,1039.18,256518,https://stooq.com/q/d/l/?s=7012.jp&i=d,2026-03-22T01:59:33+00:00
7012,7012.T,7012.jp,2002-01-28,1047.90,1056.63,1039.18,1039.18,164906,https://stooq.com/q/d/l/?s=7012.jp&i=d,2026-03-22T01:59:33+00:00
7012,7012.T,7012.jp,2002-01-29,1047.90,1047.90,1021.71,1039.18,132726,https://stooq.com/q/d/l/?s=7012.jp&i=d,2026-03-22T01:59:33+00:00
7012,7012.T,7012.jp,2002-01-30,1004.16,1004.16,969.24,995.43,423830,https://stooq.com/q/d/l/?s=7012.jp&i=d,2026-03-22T01:59:33+00:00
7012,7012.T,7012.jp,2002-01-31,1004.16,1039.18,1004.16,1030.37,173724,https://stooq.com/q/d/l/?s=7012.jp&i=d,2026-03-22T01:59:33+00:00
7012,7012.T,7012.jp,2002-02-01,1030.37,1030.37,995.43,1012.88,157005,https://stooq.com/q/d/l/?s=7012.jp&i=d,2026-03-22T01:59:33+00:00
7012,7012.T,7012.jp,2002-02-04,1012.88,1012.88,986.80,995.43,114748,https://stooq.com/q/d/l/?s=7012.jp&i=d,2026-03-22T01:59:33+00:00
7012,7012.T,7012.jp,2002-02-05,986.80,995.43,969.24,978.07,154828,https://stooq.com/q/d/l/?s=7012.jp&i=d,2026-03-22T01:59:33+00:00
7012,7012.T,7012.jp,2002-02-06,978.07,986.80,969.24,969.24,113487,https://stooq.com/q/d/l/?s=7012.jp&i=d,2026-03-22T01:59:33+00:00
7012,7012.T,7012.jp,2002-02-07,978.07,995.43,978.07,995.43,90812,https://stooq.com/q/d/l/?s=7012.jp&i=d,2026-03-22T01:59:33+00:00
7012,7012.T,7012.jp,2002-02-08,995.43,1030.37,986.80,1021.71,340118,https://stooq.com/q/d/l/?s=7012.jp&i=d,2026-03-22T01:59:33+00:00
7012,7012.T,7012.jp,2002-02-12,1030.37,1039.18,1004.16,1021.71,282858,https://stooq.com/q/d/l/?s=7012.jp&i=d,2026-03-22T01:59:33+00:00
7012,7012.T,7012.jp,2002-02-13,1004.16,1030.37,995.43,1012.88,394857,https://stooq.com/q/d/l/?s=7012.jp&i=d,2026-03-22T01:59:33+00:00
7012,7012.T,7012.jp,2002-02-14,1030.37,1039.18,1012.88,1012.88,291563,https://stooq.com/q/d/l/?s=7012.jp&i=d,2026-03-22T01:59:33+00:00
7012,7012.T,7012.jp,2002-02-15,1021.71,1030.37,1004.16,1012.88,231784,https://stooq.com/q/d/l/?s=7012.jp&i=d,2026-03-22T01:59:33+00:00
7012,7012.T,7012.jp,2002-02-18,1004.16,1021.71,1004.16,1021.71,165936,https://stooq.com/q/d/l/?s=7012.jp&i=d,2026-03-22T01:59:33+00:00
7012,7012.T,7012.jp,2002-02-19,1012.88,1021.71,978.07,978.07,493228,https://stooq.com/q/d/l/?s=7012.jp&i=d,2026-03-22T01:59:33+00:00
7012,7012.T,7012.jp,2002-02-20,978.07,986.80,943.05,969.24,407797,https://stooq.com/q/d/l/?s=7012.jp&i=d,2026-03-22T01:59:33+00:00
7012,7012.T,7012.jp,2002-02-21,960.51,969.24,943.05,960.51,479600,https://stooq.com/q/d/l/?s=7012.jp&i=d,2026-03-22T01:59:33+00:00
7012,7012.T,7012.jp,2002-02-22,969.24,969.24,943.05,951.79,502962,https://stooq.com/q/d/l/?s=7012.jp&i=d,2026-03-22T01:59:33+00:00
7012,7012.T,7012.jp,2002-02-25,986.80,995.43,969.24,986.80,860603,https://stooq.com/q/d/l/?s=7012.jp&i=d,2026-03-22T01:59:33+00:00
7012,7012.T,7012.jp,2002-02-26,978.07,1004.16,978.07,1004.16,541899,https://stooq.com/q/d/l/?s=7012.jp&i=d,2026-03-22T01:59:33+00:00
7012,7012.T,7012.jp,2002-02-27,995.43,1012.88,986.80,1012.88,675539,https://stooq.com/q/d/l/?s=7012.jp&i=d,2026-03-22T01:59:33+00:00
7012,7012.T,7012.jp,2002-02-28,1012.88,1039.18,1004.16,1004.16,607860,https://stooq.com/q/d/l/?s=7012.jp&i=d,2026-03-22T01:59:33+00:00
7012,7012.T,7012.jp,2002-03-01,1021.71,1126.47,1012.88,1108.90,1154682,https://stooq.com/q/d/l/?s=7012.jp&i=d,2026-03-22T01:59:33+00:00
7012,7012.T,7012.jp,2002-03-04,1126.47,1161.48,1100.27,1143.93,1282599,https://stooq.com/q/d/l/?s=7012.jp&i=d,2026-03-22T01:59:33+00:00
7012,7012.T,7012.jp,2002-03-05,1178.84,1178.84,1091.55,1091.55,792577,https://stooq.com/q/d/l/?s=7012.jp&i=d,2026-03-22T01:59:33+00:00
7012,7012.T,7012.jp,2002-03-06,1091.55,1108.90,1074.08,1082.81,507887,https://stooq.com/q/d/l/?s=7012.jp&i=d,2026-03-22T01:59:33+00:00
7012,7012.T,7012.jp,2002-03-07,1100.27,1117.73,1082.81,1100.27,420394,https://stooq.com/q/d/l/?s=7012.jp&i=d,2026-03-22T01:59:33+00:00
7012,7012.T,7012.jp,2002-03-08,1117.73,1170.03,1100.27,1161.48,1108990,https://stooq.com/q/d/l/?s=7012.jp&i=d,2026-03-22T01:59:33+00:00
7012,7012.T,7012.jp,2002-03-11,1161.48,1170.03,1135.20,1161.48,292821,https://stooq.com/q/d/l/?s=7012.jp&i=d,2026-03-22T01:59:33+00:00
7012,7012.T,7012.jp,2002-03-12,1178.84,1178.84,1126.47,1135.20,405163,https://stooq.com/q/d/l/?s=7012.jp&i=d,2026-03-22T01:59:33+00:00
7012,7012.T,7012.jp,2002-03-13,1152.66,1152.66,1108.90,1117.73,282402,https://stooq.com/q/d/l/?s=7012.jp&i=d,2026-03-22T01:59:33+00:00
7012,7012.T,7012.jp,2002-03-14,1108.90,1126.47,1082.81,1100.27,374242,https://stooq.com/q/d/l/?s=7012.jp&i=d,2026-03-22T01:59:33+00:00
7012,7012.T,7012.jp,2002-03-15,1108.90,1117.73,1100.27,1117.73,315497,https://stooq.com/q/d/l/?s=7012.jp&i=d,2026-03-22T01:59:33+00:00
7012,7012.T,7012.jp,2002-03-18,1135.20,1135.20,1117.73,1117.73,407569,https://stooq.com/q/d/l/?s=7012.jp&i=d,2026-03-22T01:59:33+00:00
7012,7012.T,7012.jp,2002-03-19,1135.20,1170.03,1126.47,1170.03,583810,https://stooq.com/q/d/l/?s=7012.jp&i=d,2026-03-22T01:59:33+00:00
7012,7012.T,7012.jp,2002-03-20,1170.03,1222.48,1161.48,1187.58,1376275,https://stooq.com/q/d/l/?s=7012.jp&i=d,2026-03-22T01:59:33+00:00
7012,7012.T,7012.jp,2002-03-22,1170.03,1178.84,1152.66,1152.66,568695,https://stooq.com/q/d/l/?s=7012.jp&i=d,2026-03-22T01:59:33+00:00
7012,7012.T,7012.jp,2002-03-25,1161.48,1161.48,1108.90,1143.93,537889,https://stooq.com/q/d/l/?s=7012.jp&i=d,2026-03-22T01:59:33+00:00
7012,7012.T,7012.jp,2002-03-26,1117.73,1143.93,1108.90,1126.47,385463,https://stooq.com/q/d/l/?s=7012.jp&i=d,2026-03-22T01:59:33+00:00
7012,7012.T,7012.jp,2002-03-27,1108.90,1135.20,1100.27,1108.90,293968,https://stooq.com/q/d/l/?s=7012.jp&i=d,2026-03-22T01:59:33+00:00
7012,7012.T,7012.jp,2002-03-28,1135.20,1170.03,1135.20,1152.66,424288,https://stooq.com/q/d/l/?s=7012.jp&i=d,2026-03-22T01:59:33+00:00
7012,7012.T,7012.jp,2002-03-29,1152.66,1152.66,1117.73,1152.66,287325,https://stooq.com/q/d/l/?s=7012.jp&i=d,2026-03-22T01:59:33+00:00
7012,7012.T,7012.jp,2002-04-01,1152.66,1152.66,1091.55,1108.90,425662,https://stooq.com/q/d/l/?s=7012.jp&i=d,2026-03-22T01:59:33+00:00
7012,7012.T,7012.jp,2002-04-02,1100.27,1108.90,1082.81,1100.27,482576,https://stooq.com/q/d/l/?s=7012.jp&i=d,2026-03-22T01:59:33+00:00
7012,7012.T,7012.jp,2002-04-03,1091.55,1135.20,1082.81,1126.47,475592,https://stooq.com/q/d/l/?s=7012.jp&i=d,2026-03-22T01:59:33+00:00
7012,7012.T,7012.jp,2002-04-04,1170.03,1213.75,1161.48,1196.39,1939703,https://stooq.com/q/d/l/?s=7012.jp&i=d,2026-03-22T01:59:33+00:00
7012,7012.T,7012.jp,2002-04-05,1205.02,1283.60,1205.02,1266.23,2052731,https://stooq.com/q/d/l/?s=7012.jp&i=d,2026-03-22T01:59:33+00:00
7012,7012.T,7012.jp,2002-04-08,1283.60,1301.15,1239.95,1248.68,1045548,https://stooq.com/q/d/l/?s=7012.jp&i=d,2026-03-22T01:59:33+00:00
7012,7012.T,7012.jp,2002-04-09,1257.49,1257.49,1196.39,1231.21,504105,https://stooq.com/q/d/l/?s=7012.jp&i=d,2026-03-22T01:59:33+00:00
7012,7012.T,7012.jp,2002-04-10,1222.48,1257.49,1213.75,1248.68,566978,https://stooq.com/q/d/l/?s=7012.jp&i=d,2026-03-22T01:59:33+00:00
7012,7012.T,7012.jp,2002-04-11,1257.49,1327.33,1248.68,1301.15,1633253,https://stooq.com/q/d/l/?s=7012.jp&i=d,2026-03-22T01:59:33+00:00
7012,7012.T,7012.jp,2002-04-12,1292.34,1301.15,1248.68,1266.23,780097,https://stooq.com/q/d/l/?s=7012.jp&i=d,2026-03-22T01:59:33+00:00
7012,7012.T,7012.jp,2002-04-15,1257.49,1266.23,1239.95,1266.23,235105,https://stooq.com/q/d/l/?s=7012.jp&i=d,2026-03-22T01:59:33+00:00
7012,7012.T,7012.jp,2002-04-16,1248.68,1274.97,1222.48,1239.95,541212,https://stooq.com/q/d/l/?s=7012.jp&i=d,2026-03-22T01:59:33+00:00
7012,7012.T,7012.jp,2002-04-17,1266.23,1266.23,1231.21,1248.68,392681,https://stooq.com/q/d/l/?s=7012.jp&i=d,2026-03-22T01:59:33+00:00
7012,7012.T,7012.jp,2002-04-18,1248.68,1301.15,1239.95,1292.34,955305,https://stooq.com/q/d/l/?s=7012.jp&i=d,2026-03-22T01:59:33+00:00
7012,7012.T,7012.jp,2002-04-19,1283.60,1283.60,1257.49,1274.97,318129,https://stooq.com/q/d/l/?s=7012.jp&i=d,2026-03-22T01:59:33+00:00
7012,7012.T,7012.jp,2002-04-22,1274.97,1301.15,1274.97,1292.34,500101,https://stooq.com/q/d/l/?s=7012.jp&i=d,2026-03-22T01:59:33+00:00
7012,7012.T,7012.jp,2002-04-23,1274.97,1318.60,1274.97,1292.34,1117579,https://stooq.com/q/d/l/?s=7012.jp&i=d,2026-03-22T01:59:33+00:00
7012,7012.T,7012.jp,2002-04-24,1292.34,1301.15,1257.49,1266.23,421196,https://stooq.com/q/d/l/?s=7012.jp&i=d,2026-03-22T01:59:33+00:00
7012,7012.T,7012.jp,2002-04-25,1274.97,1274.97,1248.68,1248.68,439177,https://stooq.com/q/d/l/?s=7012.jp&i=d,2026-03-22T01:59:33+00:00
7012,7012.T,7012.jp,2002-04-26,1248.68,1257.49,1222.48,1231.21,315837,https://stooq.com/q/d/l/?s=7012.jp&i=d,2026-03-22T01:59:33+00:00
7012,7012.T,7012.jp,2002-04-30,1231.21,1257.49,1205.02,1239.95,363135,https://stooq.com/q/d/l/?s=7012.jp&i=d,2026-03-22T01:59:33+00:00
7012,7012.T,7012.jp,2002-05-01,1231.21,1257.49,1222.48,1239.95,286867,https://stooq.com/q/d/l/?s=7012.jp&i=d,2026-03-22T01:59:33+00:00
7012,7012.T,7012.jp,2002-05-02,1248.68,1301.15,1231.21,1292.34,894267,https://stooq.com/q/d/l/?s=7012.jp&i=d,2026-03-22T01:59:33+00:00
7012,7012.T,7012.jp,2002-05-07,1283.60,1283.60,1248.68,1274.97,501245,https://stooq.com/q/d/l/?s=7012.jp&i=d,2026-03-22T01:59:33+00:00
7012,7012.T,7012.jp,2002-05-08,1274.97,1292.34,1248.68,1266.23,471241,https://stooq.com/q/d/l/?s=7012.jp&i=d,2026-03-22T01:59:33+00:00
7012,7012.T,7012.jp,2002-05-09,1266.23,1274.97,1257.49,1257.49,420166,https://stooq.com/q/d/l/?s=7012.jp&i=d,2026-03-22T01:59:33+00:00
7012,7012.T,7012.jp,2002-05-10,1248.68,1266.23,1231.21,1231.21,510977,https://stooq.com/q/d/l/?s=7012.jp&i=d,2026-03-22T01:59:33+00:00
7012,7012.T,7012.jp,2002-05-13,1231.21,1248.68,1213.75,1222.48,629733,https://stooq.com/q/d/l/?s=7012.jp&i=d,2026-03-22T01:59:33+00:00
7012,7012.T,7012.jp,2002-05-14,1222.48,1239.95,1178.84,1187.58,742533,https://stooq.com/q/d/l/?s=7012.jp&i=d,2026-03-22T01:59:33+00:00
7012,7012.T,7012.jp,2002-05-15,1187.58,1239.95,1187.58,1222.48,897475,https://stooq.com/q/d/l/?s=7012.jp&i=d,2026-03-22T01:59:33+00:00
7012,7012.T,7012.jp,2002-05-16,1239.95,1266.23,1222.48,1248.68,969507,https://stooq.com/q/d/l/?s=7012.jp&i=d,2026-03-22T01:59:33+00:00
7012,7012.T,7012.jp,2002-05-17,1274.97,1344.71,1257.49,1336.06,3420761,https://stooq.com/q/d/l/?s=7012.jp&i=d,2026-03-22T01:59:33+00:00
7012,7012.T,7012.jp,2002-05-20,1423.35,1475.81,1405.91,1458.27,3588987,https://stooq.com/q/d/l/?s=7012.jp&i=d,2026-03-22T01:59:33+00:00
7012,7012.T,7012.jp,2002-05-21,1440.91,1493.19,1432.09,1458.27,1803312,https://stooq.com/q/d/l/?s=7012.jp&i=d,2026-03-22T01:59:33+00:00
7012,7012.T,7012.jp,2002-05-22,1467.00,1545.67,1467.00,1519.38,1336424,https://stooq.com/q/d/l/?s=7012.jp&i=d,2026-03-22T01:59:33+00:00
7012,7012.T,7012.jp,2002-05-23,1563.03,1571.76,1528.11,1554.29,1630275,https://stooq.com/q/d/l/?s=7012.jp&i=d,2026-03-22T01:59:33+00:00
7012,7012.T,7012.jp,2002-05-24,1571.76,1615.49,1545.67,1615.49,2077811,https://stooq.com/q/d/l/?s=7012.jp&i=d,2026-03-22T01:59:33+00:00
7012,7012.T,7012.jp,2002-05-27,1606.76,1641.69,1563.03,1580.57,1041882,https://stooq.com/q/d/l/?s=7012.jp&i=d,2026-03-22T01:59:33+00:00
7012,7012.T,7012.jp,2002-05-28,1563.03,1571.76,1528.11,1545.67,827048,https://stooq.com/q/d/l/?s=7012.jp&i=d,2026-03-22T01:59:33+00:00
7012,7012.T,7012.jp,2002-05-29,1528.11,1554.29,1519.38,1528.11,439177,https://stooq.com/q/d/l/?s=7012.jp&i=d,2026-03-22T01:59:33+00:00
7012,7012.T,7012.jp,2002-05-30,1528.11,1571.76,1519.38,1571.76,551747,https://stooq.com/q/d/l/?s=7012.jp&i=d,2026-03-22T01:59:33+00:00
7012,7012.T,7012.jp,2002-05-31,1571.76,1589.22,1554.29,1571.76,552318,https://stooq.com/q/d/l/?s=7012.jp&i=d,2026-03-22T01:59:33+00:00
7012,7012.T,7012.jp,2002-06-03,1571.76,1624.14,1554.29,1624.14,1119868,https://stooq.com/q/d/l/?s=7012.jp&i=d,2026-03-22T01:59:33+00:00
7012,7012.T,7012.jp,2002-06-04,1606.76,1624.14,1571.76,1606.76,781012,https://stooq.com/q/d/l/?s=7012.jp&i=d,2026-03-22T01:59:33+00:00
7012,7012.T,7012.jp,2002-06-05,1615.49,1650.41,1606.76,1606.76,810786,https://stooq.com/q/d/l/?s=7012.jp&i=d,2026-03-22T01:59:33+00:00
7012,7012.T,7012.jp,2002-06-06,1598.04,1632.86,1545.67,1545.67,809983,https://stooq.com/q/d/l/?s=7012.jp&i=d,2026-03-22T01:59:33+00:00
7012,7012.T,7012.jp,2002-06-07,1528.11,1536.94,1493.19,1536.94,883159,https://stooq.com/q/d/l/?s=7012.jp&i=d,2026-03-22T01:59:33+00:00
7012,7012.T,7012.jp,2002-06-10,1545.67,1563.03,1519.38,1536.94,240716,https://stooq.com/q/d/l/?s=7012.jp&i=d,2026-03-22T01:59:33+00:00
7012,7012.T,7012.jp,2002-06-11,1545.67,1563.03,1536.94,1554.29,284232,https://stooq.com/q/d/l/?s=7012.jp&i=d,2026-03-22T01:59:33+00:00
7012,7012.T,7012.jp,2002-06-12,1536.94,1545.67,1519.38,1528.11,310230,https://stooq.com/q/d/l/?s=7012.jp&i=d,2026-03-22T01:59:33+00:00
7012,7012.T,7012.jp,2002-06-13,1528.11,1528.11,1449.45,1449.45,620916,https://stooq.com/q/d/l/?s=7012.jp&i=d,2026-03-22T01:59:33+00:00
7012,7012.T,7012.jp,2002-06-14,1467.00,1536.94,1432.09,1493.19,1411889,https://stooq.com/q/d/l/?s=7012.jp&i=d,2026-03-22T01:59:33+00:00
7012,7012.T,7012.jp,2002-06-17,1484.46,1484.46,1432.09,1440.91,699704,https://stooq.com/q/d/l/?s=7012.jp&i=d,2026-03-22T01:59:33+00:00
7012,7012.T,7012.jp,2002-06-18,1467.00,1493.19,1432.09,1484.46,514872,https://stooq.com/q/d/l/?s=7012.jp&i=d,2026-03-22T01:59:33+00:00
7012,7012.T,7012.jp,2002-06-19,1458.27,1458.27,1379.70,1379.70,926105,https://stooq.com/q/d/l/?s=7012.jp&i=d,2026-03-22T01:59:33+00:00
7012,7012.T,7012.jp,2002-06-20,1353.43,1397.18,1336.06,1388.45,852126,https://stooq.com/q/d/l/?s=7012.jp&i=d,2026-03-22T01:59:33+00:00
7012,7012.T,7012.jp,2002-06-21,1362.24,1362.24,1327.33,1353.43,638781,https://stooq.com/q/d/l/?s=7012.jp&i=d,2026-03-22T01:59:33+00:00
7012,7012.T,7012.jp,2002-06-24,1266.23,1309.79,1266.23,1292.34,988060,https://stooq.com/q/d/l/?s=7012.jp&i=d,2026-03-22T01:59:33+00:00
7012,7012.T,7012.jp,2002-06-25,1283.60,1336.06,1274.97,1327.33,774712,https://stooq.com/q/d/l/?s=7012.jp&i=d,2026-03-22T01:59:33+00:00
7012,7012.T,7012.jp,2002-06-26,1309.79,1309.79,1274.97,1274.97,498610,https://stooq.com/q/d/l/?s=7012.jp&i=d,2026-03-22T01:59:33+00:00
7012,7012.T,7012.jp,2002-06-27,1292.34,1327.33,1274.97,1292.34,692717,https://stooq.com/q/d/l/?s=7012.jp&i=d,2026-03-22T01:59:33+00:00
7012,7012.T,7012.jp,2002-06-28,1327.33,1344.71,1301.15,1336.06,692604,https://stooq.com/q/d/l/?s=7012.jp&i=d,2026-03-22T01:59:33+00:00
7012,7012.T,7012.jp,2002-07-01,1379.70,1423.35,1370.98,1405.91,1181824,https://stooq.com/q/d/l/?s=7012.jp&i=d,2026-03-22T01:59:33+00:00
7012,7012.T,7012.jp,2002-07-02,1379.70,1397.18,1353.43,1397.18,435969,https://stooq.com/q/d/l/?s=7012.jp&i=d,2026-03-22T01:59:33+00:00
7012,7012.T,7012.jp,2002-07-03,1405.91,1449.45,1379.70,1440.91,643933,https://stooq.com/q/d/l/?s=7012.jp&i=d,2026-03-22T01:59:33+00:00
7012,7012.T,7012.jp,2002-07-04,1440.91,1440.91,1388.45,1414.53,386726,https://stooq.com/q/d/l/?s=7012.jp&i=d,2026-03-22T01:59:33+00:00
7012,7012.T,7012.jp,2002-07-05,1414.53,1440.91,1397.18,1414.53,461965,https://stooq.com/q/d/l/?s=7012.jp&i=d,2026-03-22T01:59:33+00:00
7012,7012.T,7012.jp,2002-07-08,1449.45,1458.27,1397.18,1397.18,439977,https://stooq.com/q/d/l/?s=7012.jp&i=d,2026-03-22T01:59:33+00:00
7012,7012.T,7012.jp,2002-07-09,1405.91,1440.91,1397.18,1432.09,296258,https://stooq.com/q/d/l/?s=7012.jp&i=d,2026-03-22T01:59:33+00:00
7012,7012.T,7012.jp,2002-07-10,1414.53,1432.09,1397.18,1405.91,224800,https://stooq.com/q/d/l/?s=7012.jp&i=d,2026-03-22T01:59:33+00:00
7012,7012.T,7012.jp,2002-07-11,1388.45,1388.45,1362.24,1379.70,310230,https://stooq.com/q/d/l/?s=7012.jp&i=d,2026-03-22T01:59:33+00:00
7012,7012.T,7012.jp,2002-07-12,1362.24,1379.70,1318.60,1336.06,641299,https://stooq.com/q/d/l/?s=7012.jp&i=d,2026-03-22T01:59:33+00:00
7012,7012.T,7012.jp,2002-07-15,1318.60,1327.33,1292.34,1292.34,432075,https://stooq.com/q/d/l/?s=7012.jp&i=d,2026-03-22T01:59:33+00:00
7012,7012.T,7012.jp,2002-07-16,1292.34,1301.15,1266.23,1266.23,418333,https://stooq.com/q/d/l/?s=7012.jp&i=d,2026-03-22T01:59:33+00:00
7012,7012.T,7012.jp,2002-07-17,1266.23,1292.34,1213.75,1266.23,791433,https://stooq.com/q/d/l/?s=7012.jp&i=d,2026-03-22T01:59:33+00:00
7012,7012.T,7012.jp,2002-07-18,1283.60,1327.33,1274.97,1309.79,470897,https://stooq.com/q/d/l/?s=7012.jp&i=d,2026-03-22T01:59:33+00:00
7012,7012.T,7012.jp,2002-07-19,1318.60,1318.60,1266.23,1283.60,334048,https://stooq.com/q/d/l/?s=7012.jp&i=d,2026-03-22T01:59:33+00:00
7012,7012.T,7012.jp,2002-07-22,1213.75,1283.60,1213.75,1248.68,435854,https://stooq.com/q/d/l/?s=7012.jp&i=d,2026-03-22T01:59:33+00:00
7012,7012.T,7012.jp,2002-07-23,1231.21,1248.68,1222.48,1239.95,499068,https://stooq.com/q/d/l/?s=7012.jp&i=d,2026-03-22T01:59:33+00:00
7012,7012.T,7012.jp,2002-07-24,1222.48,1231.21,1196.39,1213.75,560220,https://stooq.com/q/d/l/?s=7012.jp&i=d,2026-03-22T01:59:33+00:00
7012,7012.T,7012.jp,2002-07-25,1248.68,1257.49,1187.58,1187.58,667064,https://stooq.com/q/d/l/?s=7012.jp&i=d,2026-03-22T01:59:33+00:00
7012,7012.T,7012.jp,2002-07-26,1187.58,1187.58,1135.20,1143.93,617365,https://stooq.com/q/d/l/?s=7012.jp&i=d,2026-03-22T01:59:33+00:00
7012,7012.T,7012.jp,2002-07-29,1152.66,1178.84,1126.47,1143.93,542929,https://stooq.com/q/d/l/?s=7012.jp&i=d,2026-03-22T01:59:33+00:00
7012,7012.T,7012.jp,2002-07-30,1187.58,1196.39,1143.93,1152.66,720088,https://stooq.com/q/d/l/?s=7012.jp&i=d,2026-03-22T01:59:33+00:00
7012,7012.T,7012.jp,2002-07-31,1161.48,1213.75,1152.66,1187.58,864724,https://stooq.com/q/d/l/?s=7012.jp&i=d,2026-03-22T01:59:33+00:00
7012,7012.T,7012.jp,2002-08-01,1213.75,1213.75,1161.48,1178.84,374474,https://stooq.com/q/d/l/?s=7012.jp&i=d,2026-03-22T01:59:33+00:00
7012,7012.T,7012.jp,2002-08-02,1161.48,1170.03,1135.20,1152.66,399437,https://stooq.com/q/d/l/?s=7012.jp&i=d,2026-03-22T01:59:33+00:00
7012,7012.T,7012.jp,2002-08-05,1143.93,1161.48,1135.20,1152.66,247930,https://stooq.com/q/d/l/?s=7012.jp&i=d,2026-03-22T01:59:33+00:00
7012,7012.T,7012.jp,2002-08-06,1135.20,1135.20,1100.27,1117.73,471585,https://stooq.com/q/d/l/?s=7012.jp&i=d,2026-03-22T01:59:33+00:00
7012,7012.T,7012.jp,2002-08-07,1143.93,1152.66,1126.47,1135.20,593547,https://stooq.com/q/d/l/?s=7012.jp&i=d,2026-03-22T01:59:33+00:00
7012,7012.T,7012.jp,2002-08-08,1152.66,1178.84,1143.93,1161.48,643589,https://stooq.com/q/d/l/?s=7012.jp&i=d,2026-03-22T01:59:33+00:00
7012,7012.T,7012.jp,2002-08-09,1170.03,1213.75,1152.66,1205.02,1094676,https://stooq.com/q/d/l/?s=7012.jp&i=d,2026-03-22T01:59:33+00:00
7012,7012.T,7012.jp,2002-08-12,1196.39,1196.39,1143.93,1143.93,493799,https://stooq.com/q/d/l/?s=7012.jp&i=d,2026-03-22T01:59:33+00:00
7012,7012.T,7012.jp,2002-08-13,1143.93,1152.66,1117.73,1143.93,468950,https://stooq.com/q/d/l/?s=7012.jp&i=d,2026-03-22T01:59:33+00:00
7012,7012.T,7012.jp,2002-08-14,1126.47,1161.48,1117.73,1152.66,423600,https://stooq.com/q/d/l/?s=7012.jp&i=d,2026-03-22T01:59:33+00:00
7012,7012.T,7012.jp,2002-08-15,1178.84,1187.58,1135.20,1152.66,699817,https://stooq.com/q/d/l/?s=7012.jp&i=d,2026-03-22T01:59:33+00:00
7012,7012.T,7012.jp,2002-08-16,1143.93,1170.03,1126.47,1143.93,484982,https://stooq.com/q/d/l/?s=7012.jp&i=d,2026-03-22T01:59:33+00:00
7012,7012.T,7012.jp,2002-08-19,1135.20,1135.20,1108.90,1108.90,343094,https://stooq.com/q/d/l/?s=7012.jp&i=d,2026-03-22T01:59:33+00:00
7012,7012.T,7012.jp,2002-08-20,1117.73,1135.20,1100.27,1108.90,258123,https://stooq.com/q/d/l/?s=7012.jp&i=d,2026-03-22T01:59:33+00:00
7012,7012.T,7012.jp,2002-08-21,1100.27,1108.90,1091.55,1108.90,357524,https://stooq.com/q/d/l/?s=7012.jp&i=d,2026-03-22T01:59:33+00:00
7012,7012.T,7012.jp,2002-08-22,1100.27,1117.73,1074.08,1100.27,696955,https://stooq.com/q/d/l/?s=7012.jp&i=d,2026-03-22T01:59:33+00:00
7012,7012.T,7012.jp,2002-08-23,1117.73,1135.20,1100.27,1100.27,693978,https://stooq.com/q/d/l/?s=7012.jp&i=d,2026-03-22T01:59:33+00:00
7012,7012.T,7012.jp,2002-08-26,1091.55,1135.20,1091.55,1126.47,869419,https://stooq.com/q/d/l/?s=7012.jp&i=d,2026-03-22T01:59:33+00:00
7012,7012.T,7012.jp,2002-08-27,1108.90,1126.47,1091.55,1091.55,684014,https://stooq.com/q/d/l/?s=7012.jp&i=d,2026-03-22T01:59:33+00:00
7012,7012.T,7012.jp,2002-08-28,1100.27,1126.47,1091.55,1091.55,666379,https://stooq.com/q/d/l/?s=7012.jp&i=d,2026-03-22T01:59:33+00:00
7012,7012.T,7012.jp,2002-08-29,1100.27,1108.90,1082.81,1082.81,337140,https://stooq.com/q/d/l/?s=7012.jp&i=d,2026-03-22T01:59:33+00:00
7012,7012.T,7012.jp,2002-08-30,1100.27,1100.27,1082.81,1091.55,336569,https://stooq.com/q/d/l/?s=7012.jp&i=d,2026-03-22T01:59:33+00:00
7012,7012.T,7012.jp,2002-09-02,1091.55,1100.27,1056.63,1056.63,599843,https://stooq.com/q/d/l/?s=7012.jp&i=d,2026-03-22T01:59:33+00:00
7012,7012.T,7012.jp,2002-09-03,1065.27,1065.27,1047.90,1047.90,362104,https://stooq.com/q/d/l/?s=7012.jp&i=d,2026-03-22T01:59:33+00:00
7012,7012.T,7012.jp,2002-09-04,1039.18,1039.18,986.80,995.43,898850,https://stooq.com/q/d/l/?s=7012.jp&i=d,2026-03-22T01:59:33+00:00
7012,7012.T,7012.jp,2002-09-05,1021.71,1039.18,1004.16,1021.71,470325,https://stooq.com/q/d/l/?s=7012.jp&i=d,2026-03-22T01:59:33+00:00
7012,7012.T,7012.jp,2002-09-06,1012.88,1030.37,995.43,1021.71,437227,https://stooq.com/q/d/l/?s=7012.jp&i=d,2026-03-22T01:59:33+00:00
7012,7012.T,7012.jp,2002-09-09,1047.90,1056.63,1030.37,1039.18,465744,https://stooq.com/q/d/l/?s=7012.jp&i=d,2026-03-22T01:59:33+00:00
7012,7012.T,7012.jp,2002-09-10,1047.90,1056.63,1030.37,1030.37,306449,https://stooq.com/q/d/l/?s=7012.jp&i=d,2026-03-22T01:59:33+00:00
7012,7012.T,7012.jp,2002-09-11,1056.63,1135.20,1056.63,1108.90,1595003,https://stooq.com/q/d/l/?s=7012.jp&i=d,2026-03-22T01:59:33+00:00
7012,7012.T,7012.jp,2002-09-12,1135.20,1143.93,1117.73,1117.73,1193048,https://stooq.com/q/d/l/?s=7012.jp&i=d,2026-03-22T01:59:33+00:00
7012,7012.T,7012.jp,2002-09-13,1100.27,1117.73,1082.81,1100.27,948550,https://stooq.com/q/d/l/?s=7012.jp&i=d,2026-03-22T01:59:33+00:00
7012,7012.T,7012.jp,2002-09-17,1108.90,1152.66,1108.90,1152.66,556556,https://stooq.com/q/d/l/?s=7012.jp&i=d,2026-03-22T01:59:33+00:00
7012,7012.T,7012.jp,2002-09-18,1135.20,1135.20,1108.90,1126.47,386498,https://stooq.com/q/d/l/?s=7012.jp&i=d,2026-03-22T01:59:33+00:00
7012,7012.T,7012.jp,2002-09-19,1161.48,1178.84,1135.20,1135.20,581637,https://stooq.com/q/d/l/?s=7012.jp&i=d,2026-03-22T01:59:33+00:00
7012,7012.T,7012.jp,2002-09-20,1117.73,1143.93,1117.73,1126.47,236707,https://stooq.com/q/d/l/?s=7012.jp&i=d,2026-03-22T01:59:33+00:00
7012,7012.T,7012.jp,2002-09-24,1126.47,1126.47,1091.55,1100.27,428525,https://stooq.com/q/d/l/?s=7012.jp&i=d,2026-03-22T01:59:33+00:00
7012,7012.T,7012.jp,2002-09-25,1091.55,1108.90,1082.81,1082.81,261671,https://stooq.com/q/d/l/?s=7012.jp&i=d,2026-03-22T01:59:33+00:00
7012,7012.T,7012.jp,2002-09-26,1108.90,1126.47,1082.81,1091.55,324658,https://stooq.com/q/d/l/?s=7012.jp&i=d,2026-03-22T01:59:33+00:00
7012,7012.T,7012.jp,2002-09-27,1100.27,1117.73,1091.55,1108.90,479485,https://stooq.com/q/d/l/?s=7012.jp&i=d,2026-03-22T01:59:33+00:00
7012,7012.T,7012.jp,2002-09-30,1082.81,1091.55,1074.08,1082.81,494831,https://stooq.com/q/d/l/?s=7012.jp&i=d,2026-03-22T01:59:33+00:00
7012,7012.T,7012.jp,2002-10-01,1056.63,1065.27,1030.37,1039.18,563426,https://stooq.com/q/d/l/?s=7012.jp&i=d,2026-03-22T01:59:33+00:00
7012,7012.T,7012.jp,2002-10-02,1039.18,1047.90,995.43,995.43,637290,https://stooq.com/q/d/l/?s=7012.jp&i=d,2026-03-22T01:59:33+00:00
7012,7012.T,7012.jp,2002-10-03,995.43,1004.16,960.51,960.51,528156,https://stooq.com/q/d/l/?s=7012.jp&i=d,2026-03-22T01:59:33+00:00
7012,7012.T,7012.jp,2002-10-04,951.79,986.80,943.05,986.80,985655,https://stooq.com/q/d/l/?s=7012.jp&i=d,2026-03-22T01:59:33+00:00
7012,7012.T,7012.jp,2002-10-07,960.51,969.24,890.67,890.67,1033408,https://stooq.com/q/d/l/?s=7012.jp&i=d,2026-03-22T01:59:33+00:00
7012,7012.T,7012.jp,2002-10-08,890.67,925.61,890.67,899.41,523117,https://stooq.com/q/d/l/?s=7012.jp&i=d,2026-03-22T01:59:33+00:00
7012,7012.T,7012.jp,2002-10-09,908.14,916.96,873.23,890.67,423143,https://stooq.com/q/d/l/?s=7012.jp&i=d,2026-03-22T01:59:33+00:00
7012,7012.T,7012.jp,2002-10-10,855.76,873.23,829.58,855.76,1090322,https://stooq.com/q/d/l/?s=7012.jp&i=d,2026-03-22T01:59:33+00:00
7012,7012.T,7012.jp,2002-10-11,899.41,908.14,873.23,899.41,576940,https://stooq.com/q/d/l/?s=7012.jp&i=d,2026-03-22T01:59:33+00:00
7012,7012.T,7012.jp,2002-10-15,934.42,943.05,908.14,925.61,523804,https://stooq.com/q/d/l/?s=7012.jp&i=d,2026-03-22T01:59:33+00:00
7012,7012.T,7012.jp,2002-10-16,960.51,978.07,934.42,951.79,569153,https://stooq.com/q/d/l/?s=7012.jp&i=d,2026-03-22T01:59:33+00:00
7012,7012.T,7012.jp,2002-10-17,934.42,969.24,925.61,934.42,397721,https://stooq.com/q/d/l/?s=7012.jp&i=d,2026-03-22T01:59:33+00:00
7012,7012.T,7012.jp,2002-10-18,943.05,951.79,916.96,916.96,340003,https://stooq.com/q/d/l/?s=7012.jp&i=d,2026-03-22T01:59:33+00:00
7012,7012.T,7012.jp,2002-10-21,916.96,925.61,899.41,908.14,415243,https://stooq.com/q/d/l/?s=7012.jp&i=d,2026-03-22T01:59:33+00:00
7012,7012.T,7012.jp,2002-10-22,908.14,916.96,899.41,916.96,469180,https://stooq.com/q/d/l/?s=7012.jp&i=d,2026-03-22T01:59:33+00:00
7012,7012.T,7012.jp,2002-10-23,890.67,925.61,890.67,925.61,372525,https://stooq.com/q/d/l/?s=7012.jp&i=d,2026-03-22T01:59:33+00:00
7012,7012.T,7012.jp,2002-10-24,908.14,916.96,881.95,890.67,342523,https://stooq.com/q/d/l/?s=7012.jp&i=d,2026-03-22T01:59:33+00:00
7012,7012.T,7012.jp,2002-10-25,890.67,908.14,881.95,908.14,291104,https://stooq.com/q/d/l/?s=7012.jp&i=d,2026-03-22T01:59:33+00:00
7012,7012.T,7012.jp,2002-10-28,899.41,899.41,881.95,899.41,193306,https://stooq.com/q/d/l/?s=7012.jp&i=d,2026-03-22T01:59:33+00:00
7012,7012.T,7012.jp,2002-10-29,899.41,908.14,881.95,890.67,213231,https://stooq.com/q/d/l/?s=7012.jp&i=d,2026-03-22T01:59:33+00:00
7012,7012.T,7012.jp,2002-10-30,890.67,908.14,873.23,881.95,298891,https://stooq.com/q/d/l/?s=7012.jp&i=d,2026-03-22T01:59:33+00:00
7012,7012.T,7012.jp,2002-10-31,890.67,899.41,881.95,890.67,185060,https://stooq.com/q/d/l/?s=7012.jp&i=d,2026-03-22T01:59:33+00:00
7012,7012.T,7012.jp,2002-11-01,890.67,890.67,873.23,881.95,178648,https://stooq.com/q/d/l/?s=7012.jp&i=d,2026-03-22T01:59:33+00:00
7012,7012.T,7012.jp,2002-11-05,890.67,890.67,864.49,881.95,397033,https://stooq.com/q/d/l/?s=7012.jp&i=d,2026-03-22T01:59:33+00:00
7012,7012.T,7012.jp,2002-11-06,881.95,899.41,864.49,873.23,596983,https://stooq.com/q/d/l/?s=7012.jp&i=d,2026-03-22T01:59:33+00:00
7012,7012.T,7012.jp,2002-11-07,873.23,873.23,847.03,855.76,665922,https://stooq.com/q/d/l/?s=7012.jp&i=d,2026-03-22T01:59:33+00:00
7012,7012.T,7012.jp,2002-11-08,855.76,881.95,847.03,881.95,647368,https://stooq.com/q/d/l/?s=7012.jp&i=d,2026-03-22T01:59:33+00:00
7012,7012.T,7012.jp,2002-11-11,864.49,873.23,847.03,847.03,289500,https://stooq.com/q/d/l/?s=7012.jp&i=d,2026-03-22T01:59:33+00:00
7012,7012.T,7012.jp,2002-11-12,838.30,838.30,820.84,829.58,457727,https://stooq.com/q/d/l/?s=7012.jp&i=d,2026-03-22T01:59:33+00:00
7012,7012.T,7012.jp,2002-11-13,829.58,829.58,803.36,829.58,409058,https://stooq.com/q/d/l/?s=7012.jp&i=d,2026-03-22T01:59:33+00:00
7012,7012.T,7012.jp,2002-11-14,812.11,820.84,785.91,785.91,510060,https://stooq.com/q/d/l/?s=7012.jp&i=d,2026-03-22T01:59:33+00:00
7012,7012.T,7012.jp,2002-11-15,777.16,812.11,742.23,803.36,1131663,https://stooq.com/q/d/l/?s=7012.jp&i=d,2026-03-22T01:59:33+00:00
7012,7012.T,7012.jp,2002-11-18,777.16,785.91,742.23,750.98,1051273,https://stooq.com/q/d/l/?s=7012.jp&i=d,2026-03-22T01:59:33+00:00
7012,7012.T,7012.jp,2002-11-19,742.23,742.23,698.58,742.23,888198,https://stooq.com/q/d/l/?s=7012.jp&i=d,2026-03-22T01:59:33+00:00
7012,7012.T,7012.jp,2002-11-20,742.23,785.91,733.50,750.98,989892,https://stooq.com/q/d/l/?s=7012.jp&i=d,2026-03-22T01:59:33+00:00
7012,7012.T,7012.jp,2002-11-21,777.16,829.58,777.16,820.84,1246411,https://stooq.com/q/d/l/?s=7012.jp&i=d,2026-03-22T01:59:33+00:00
7012,7012.T,7012.jp,2002-11-22,847.03,855.76,794.64,829.58,614845,https://stooq.com/q/d/l/?s=7012.jp&i=d,2026-03-22T01:59:33+00:00
7012,7012.T,7012.jp,2002-11-25,829.58,873.23,812.11,838.30,675998,https://stooq.com/q/d/l/?s=7012.jp&i=d,2026-03-22T01:59:33+00:00
7012,7012.T,7012.jp,2002-11-26,855.76,855.76,820.84,838.30,454292,https://stooq.com/q/d/l/?s=7012.jp&i=d,2026-03-22T01:59:33+00:00
7012,7012.T,7012.jp,2002-11-27,820.84,855.76,812.11,847.03,370236,https://stooq.com/q/d/l/?s=7012.jp&i=d,2026-03-22T01:59:33+00:00
7012,7012.T,7012.jp,2002-11-28,873.23,899.41,864.49,899.41,832085,https://stooq.com/q/d/l/?s=7012.jp&i=d,2026-03-22T01:59:33+00:00
7012,7012.T,7012.jp,2002-11-29,881.95,899.41,864.49,890.67,641186,https://stooq.com/q/d/l/?s=7012.jp&i=d,2026-03-22T01:59:33+00:00
7012,7012.T,7012.jp,2002-12-02,890.67,890.67,864.49,881.95,302555,https://stooq.com/q/d/l/?s=7012.jp&i=d,2026-03-22T01:59:33+00:00
7012,7012.T,7012.jp,2002-12-03,890.67,899.41,873.23,890.67,468377,https://stooq.com/q/d/l/?s=7012.jp&i=d,2026-03-22T01:59:33+00:00
7012,7012.T,7012.jp,2002-12-04,881.95,916.96,873.23,908.14,1016344,https://stooq.com/q/d/l/?s=7012.jp&i=d,2026-03-22T01:59:33+00:00
7012,7012.T,7012.jp,2002-12-05,908.14,916.96,899.41,899.41,730738,https://stooq.com/q/d/l/?s=7012.jp&i=d,2026-03-22T01:59:33+00:00
7012,7012.T,7012.jp,2002-12-06,890.67,899.41,881.95,890.67,364969,https://stooq.com/q/d/l/?s=7012.jp&i=d,2026-03-22T01:59:33+00:00
7012,7012.T,7012.jp,2002-12-09,881.95,890.67,864.49,881.95,409973,https://stooq.com/q/d/l/?s=7012.jp&i=d,2026-03-22T01:59:33+00:00
7012,7012.T,7012.jp,2002-12-10,838.30,855.76,829.58,855.76,670503,https://stooq.com/q/d/l/?s=7012.jp&i=d,2026-03-22T01:59:33+00:00
7012,7012.T,7012.jp,2002-12-11,855.76,855.76,829.58,829.58,328321,https://stooq.com/q/d/l/?s=7012.jp&i=d,2026-03-22T01:59:33+00:00
7012,7012.T,7012.jp,2002-12-12,829.58,838.30,812.11,829.58,350652,https://stooq.com/q/d/l/?s=7012.jp&i=d,2026-03-22T01:59:33+00:00
7012,7012.T,7012.jp,2002-12-13,794.64,820.84,785.91,785.91,876060,https://stooq.com/q/d/l/?s=7012.jp&i=d,2026-03-22T01:59:33+00:00
7012,7012.T,7012.jp,2002-12-16,768.44,785.91,759.71,785.91,569381,https://stooq.com/q/d/l/?s=7012.jp&i=d,2026-03-22T01:59:33+00:00
7012,7012.T,7012.jp,2002-12-17,785.91,794.64,759.71,768.44,385236,https://stooq.com/q/d/l/?s=7012.jp&i=d,2026-03-22T01:59:33+00:00
7012,7012.T,7012.jp,2002-12-18,759.71,768.44,750.98,750.98,273698,https://stooq.com/q/d/l/?s=7012.jp&i=d,2026-03-22T01:59:33+00:00
7012,7012.T,7012.jp,2002-12-19,750.98,777.16,750.98,768.44,406310,https://stooq.com/q/d/l/?s=7012.jp&i=d,2026-03-22T01:59:33+00:00
7012,7012.T,7012.jp,2002-12-20,777.16,803.36,768.44,794.64,557702,https://stooq.com/q/d/l/?s=7012.jp&i=d,2026-03-22T01:59:33+00:00
7012,7012.T,7012.jp,2002-12-24,803.36,820.84,785.91,812.11,561480,https://stooq.com/q/d/l/?s=7012.jp&i=d,2026-03-22T01:59:33+00:00
7012,7012.T,7012.jp,2002-12-25,812.11,820.84,794.64,812.11,275415,https://stooq.com/q/d/l/?s=7012.jp&i=d,2026-03-22T01:59:33+00:00
7012,7012.T,7012.jp,2002-12-26,812.11,829.58,803.36,829.58,350422,https://stooq.com/q/d/l/?s=7012.jp&i=d,2026-03-22T01:59:33+00:00
7012,7012.T,7012.jp,2002-12-27,812.11,820.84,803.36,812.11,273124,https://stooq.com/q/d/l/?s=7012.jp&i=d,2026-03-22T01:59:33+00:00
7012,7012.T,7012.jp,2002-12-30,812.11,820.84,803.36,820.84,115206,https://stooq.com/q/d/l/?s=7012.jp&i=d,2026-03-22T01:59:33+00:00
7012,7012.T,7012.jp,2003-01-06,829.58,838.30,820.84,838.30,192044,https://stooq.com/q/d/l/?s=7012.jp&i=d,2026-03-22T01:59:33+00:00
7012,7012.T,7012.jp,2003-01-07,847.03,855.76,820.84,820.84,392681,https://stooq.com/q/d/l/?s=7012.jp&i=d,2026-03-22T01:59:33+00:00
7012,7012.T,7012.jp,2003-01-08,820.84,820.84,794.64,803.36,281370,https://stooq.com/q/d/l/?s=7012.jp&i=d,2026-03-22T01:59:33+00:00
7012,7012.T,7012.jp,2003-01-09,785.91,794.64,768.44,768.44,469180,https://stooq.com/q/d/l/?s=7012.jp&i=d,2026-03-22T01:59:33+00:00
7012,7012.T,7012.jp,2003-01-10,785.91,794.64,777.16,777.16,436999,https://stooq.com/q/d/l/?s=7012.jp&i=d,2026-03-22T01:59:33+00:00
7012,7012.T,7012.jp,2003-01-14,785.91,803.36,777.16,803.36,375960,https://stooq.com/q/d/l/?s=7012.jp&i=d,2026-03-22T01:59:33+00:00
7012,7012.T,7012.jp,2003-01-15,803.36,812.11,785.91,812.11,327521,https://stooq.com/q/d/l/?s=7012.jp&i=d,2026-03-22T01:59:33+00:00
7012,7012.T,7012.jp,2003-01-16,812.11,829.58,803.36,829.58,522773,https://stooq.com/q/d/l/?s=7012.jp&i=d,2026-03-22T01:59:33+00:00
7012,7012.T,7012.jp,2003-01-17,838.30,864.49,829.58,855.76,699817,https://stooq.com/q/d/l/?s=7012.jp&i=d,2026-03-22T01:59:33+00:00
7012,7012.T,7012.jp,2003-01-20,864.49,881.95,847.03,864.49,736693,https://stooq.com/q/d/l/?s=7012.jp&i=d,2026-03-22T01:59:33+00:00
7012,7012.T,7012.jp,2003-01-21,873.23,899.41,864.49,890.67,1049213,https://stooq.com/q/d/l/?s=7012.jp&i=d,2026-03-22T01:59:33+00:00
7012,7012.T,7012.jp,2003-01-22,916.96,934.42,908.14,916.96,2014139,https://stooq.com/q/d/l/?s=7012.jp&i=d,2026-03-22T01:59:33+00:00
7012,7012.T,7012.jp,2003-01-23,916.96,916.96,873.23,890.67,1091470,https://stooq.com/q/d/l/?s=7012.jp&i=d,2026-03-22T01:59:33+00:00
7012,7012.T,7012.jp,2003-01-24,916.96,951.79,908.14,916.96,1558130,https://stooq.com/q/d/l/?s=7012.jp&i=d,2026-03-22T01:59:33+00:00
7012,7012.T,7012.jp,2003-01-27,916.96,943.05,908.14,934.42,865411,https://stooq.com/q/d/l/?s=7012.jp&i=d,2026-03-22T01:59:33+00:00
7012,7012.T,7012.jp,2003-01-28,916.96,916.96,890.67,890.67,873084,https://stooq.com/q/d/l/?s=7012.jp&i=d,2026-03-22T01:59:33+00:00
7012,7012.T,7012.jp,2003-01-29,899.41,908.14,873.23,873.23,550372,https://stooq.com/q/d/l/?s=7012.jp&i=d,2026-03-22T01:59:33+00:00
7012,7012.T,7012.jp,2003-01-30,873.23,890.67,873.23,881.95,390275,https://stooq.com/q/d/l/?s=7012.jp&i=d,2026-03-22T01:59:33+00:00
7012,7012.T,7012.jp,2003-01-31,873.23,881.95,864.49,873.23,435054,https://stooq.com/q/d/l/?s=7012.jp&i=d,2026-03-22T01:59:33+00:00
7012,7012.T,7012.jp,2003-02-03,855.76,908.14,855.76,908.14,495288,https://stooq.com/q/d/l/?s=7012.jp&i=d,2026-03-22T01:59:33+00:00
7012,7012.T,7012.jp,2003-02-04,908.14,925.61,899.41,899.41,674396,https://stooq.com/q/d/l/?s=7012.jp&i=d,2026-03-22T01:59:33+00:00
7012,7012.T,7012.jp,2003-02-05,908.14,916.96,890.67,908.14,452459,https://stooq.com/q/d/l/?s=7012.jp&i=d,2026-03-22T01:59:33+00:00
7012,7012.T,7012.jp,2003-02-06,916.96,925.61,899.41,899.41,344127,https://stooq.com/q/d/l/?s=7012.jp&i=d,2026-03-22T01:59:33+00:00
7012,7012.T,7012.jp,2003-02-07,908.14,908.14,890.67,890.67,171317,https://stooq.com/q/d/l/?s=7012.jp&i=d,2026-03-22T01:59:33+00:00
7012,7012.T,7012.jp,2003-02-10,881.95,899.41,873.23,881.95,727875,https://stooq.com/q/d/l/?s=7012.jp&i=d,2026-03-22T01:59:33+00:00
7012,7012.T,7012.jp,2003-02-12,899.41,925.61,890.67,925.61,791891,https://stooq.com/q/d/l/?s=7012.jp&i=d,2026-03-22T01:59:33+00:00
7012,7012.T,7012.jp,2003-02-13,916.96,925.61,899.41,908.14,424404,https://stooq.com/q/d/l/?s=7012.jp&i=d,2026-03-22T01:59:33+00:00
7012,7012.T,7012.jp,2003-02-14,916.96,925.61,908.14,925.61,396920,https://stooq.com/q/d/l/?s=7012.jp&i=d,2026-03-22T01:59:33+00:00
7012,7012.T,7012.jp,2003-02-17,934.42,969.24,925.61,943.05,1274584,https://stooq.com/q/d/l/?s=7012.jp&i=d,2026-03-22T01:59:33+00:00
7012,7012.T,7012.jp,2003-02-18,951.79,960.51,916.96,934.42,948321,https://stooq.com/q/d/l/?s=7012.jp&i=d,2026-03-22T01:59:33+00:00
7012,7012.T,7012.jp,2003-02-19,934.42,943.05,925.61,925.61,400469,https://stooq.com/q/d/l/?s=7012.jp&i=d,2026-03-22T01:59:33+00:00
7012,7012.T,7012.jp,2003-02-20,925.61,925.61,908.14,925.61,249533,https://stooq.com/q/d/l/?s=7012.jp&i=d,2026-03-22T01:59:33+00:00
7012,7012.T,7012.jp,2003-02-21,934.42,934.42,899.41,916.96,378825,https://stooq.com/q/d/l/?s=7012.jp&i=d,2026-03-22T01:59:33+00:00
7012,7012.T,7012.jp,2003-02-24,916.96,925.61,899.41,899.41,332102,https://stooq.com/q/d/l/?s=7012.jp&i=d,2026-03-22T01:59:33+00:00
7012,7012.T,7012.jp,2003-02-25,899.41,908.14,881.95,908.14,557817,https://stooq.com/q/d/l/?s=7012.jp&i=d,2026-03-22T01:59:33+00:00
7012,7012.T,7012.jp,2003-02-26,908.14,908.14,890.67,890.67,181397,https://stooq.com/q/d/l/?s=7012.jp&i=d,2026-03-22T01:59:33+00:00
7012,7012.T,7012.jp,2003-02-27,899.41,908.14,881.95,899.41,249992,https://stooq.com/q/d/l/?s=7012.jp&i=d,2026-03-22T01:59:33+00:00
7012,7012.T,7012.jp,2003-02-28,908.14,916.96,890.67,899.41,282858,https://stooq.com/q/d/l/?s=7012.jp&i=d,2026-03-22T01:59:33+00:00
7012,7012.T,7012.jp,2003-03-03,899.41,916.96,890.67,908.14,319274,https://stooq.com/q/d/l/?s=7012.jp&i=d,2026-03-22T01:59:33+00:00
7012,7012.T,7012.jp,2003-03-04,908.14,908.14,890.67,890.67,189296,https://stooq.com/q/d/l/?s=7012.jp&i=d,2026-03-22T01:59:33+00:00
7012,7012.T,7012.jp,2003-03-05,899.41,916.96,890.67,908.14,330956,https://stooq.com/q/d/l/?s=7012.jp&i=d,2026-03-22T01:59:33+00:00
7012,7012.T,7012.jp,2003-03-06,908.14,925.61,908.14,916.96,556328,https://stooq.com/q/d/l/?s=7012.jp&i=d,2026-03-22T01:59:33+00:00
7012,7012.T,7012.jp,2003-03-07,908.14,916.96,873.23,873.23,519452,https://stooq.com/q/d/l/?s=7012.jp&i=d,2026-03-22T01:59:33+00:00
7012,7012.T,7012.jp,2003-03-10,864.49,864.49,838.30,855.76,446162,https://stooq.com/q/d/l/?s=7012.jp&i=d,2026-03-22T01:59:33+00:00
7012,7012.T,7012.jp,2003-03-11,847.03,864.49,820.84,829.58,736348,https://stooq.com/q/d/l/?s=7012.jp&i=d,2026-03-22T01:59:33+00:00
7012,7012.T,7012.jp,2003-03-12,829.58,847.03,829.58,838.30,513841,https://stooq.com/q/d/l/?s=7012.jp&i=d,2026-03-22T01:59:33+00:00
7012,7012.T,7012.jp,2003-03-13,847.03,855.76,838.30,847.03,256749,https://stooq.com/q/d/l/?s=7012.jp&i=d,2026-03-22T01:59:33+00:00
7012,7012.T,7012.jp,2003-03-14,847.03,864.49,838.30,838.30,828652,https://stooq.com/q/d/l/?s=7012.jp&i=d,2026-03-22T01:59:33+00:00
7012,7012.T,7012.jp,2003-03-17,847.03,847.03,829.58,829.58,188726,https://stooq.com/q/d/l/?s=7012.jp&i=d,2026-03-22T01:59:33+00:00
7012,7012.T,7012.jp,2003-03-18,855.76,864.49,838.30,838.30,360617,https://stooq.com/q/d/l/?s=7012.jp&i=d,2026-03-22T01:59:33+00:00
7012,7012.T,7012.jp,2003-03-19,847.03,916.96,829.58,899.41,1326459,https://stooq.com/q/d/l/?s=7012.jp&i=d,2026-03-22T01:59:33+00:00
7012,7012.T,7012.jp,2003-03-20,908.14,916.96,881.95,916.96,962178,https://stooq.com/q/d/l/?s=7012.jp&i=d,2026-03-22T01:59:33+00:00
7012,7012.T,7012.jp,2003-03-24,934.42,943.05,916.96,943.05,779751,https://stooq.com/q/d/l/?s=7012.jp&i=d,2026-03-22T01:59:33+00:00
7012,7012.T,7012.jp,2003-03-25,916.96,925.61,908.14,916.96,593200,https://stooq.com/q/d/l/?s=7012.jp&i=d,2026-03-22T01:59:33+00:00
7012,7012.T,7012.jp,2003-03-26,908.14,925.61,899.41,916.96,303358,https://stooq.com/q/d/l/?s=7012.jp&i=d,2026-03-22T01:59:33+00:00
7012,7012.T,7012.jp,2003-03-27,916.96,916.96,899.41,916.96,226859,https://stooq.com/q/d/l/?s=7012.jp&i=d,2026-03-22T01:59:33+00:00
7012,7012.T,7012.jp,2003-03-28,899.41,908.14,881.95,881.95,300379,https://stooq.com/q/d/l/?s=7012.jp&i=d,2026-03-22T01:59:33+00:00
7012,7012.T,7012.jp,2003-03-31,881.95,881.95,847.03,864.49,329926,https://stooq.com/q/d/l/?s=7012.jp&i=d,2026-03-22T01:59:33+00:00
7012,7012.T,7012.jp,2003-04-01,847.03,864.49,838.30,855.76,330383,https://stooq.com/q/d/l/?s=7012.jp&i=d,2026-03-22T01:59:33+00:00
7012,7012.T,7012.jp,2003-04-02,864.49,873.23,855.76,864.49,245984,https://stooq.com/q/d/l/?s=7012.jp&i=d,2026-03-22T01:59:33+00:00
7012,7012.T,7012.jp,2003-04-03,881.95,890.67,855.76,855.76,331644,https://stooq.com/q/d/l/?s=7012.jp&i=d,2026-03-22T01:59:33+00:00
7012,7012.T,7012.jp,2003-04-04,864.49,873.23,855.76,873.23,204873,https://stooq.com/q/d/l/?s=7012.jp&i=d,2026-03-22T01:59:33+00:00
7012,7012.T,7012.jp,2003-04-07,881.95,908.14,881.95,908.14,423372,https://stooq.com/q/d/l/?s=7012.jp&i=d,2026-03-22T01:59:33+00:00
7012,7012.T,7012.jp,2003-04-08,908.14,908.14,881.95,890.67,308168,https://stooq.com/q/d/l/?s=7012.jp&i=d,2026-03-22T01:59:33+00:00
7012,7012.T,7012.jp,2003-04-09,890.67,916.96,881.95,899.41,510292,https://stooq.com/q/d/l/?s=7012.jp&i=d,2026-03-22T01:59:33+00:00
7012,7012.T,7012.jp,2003-04-10,925.61,934.42,890.67,916.96,1251566,https://stooq.com/q/d/l/?s=7012.jp&i=d,2026-03-22T01:59:33+00:00
7012,7012.T,7012.jp,2003-04-11,908.14,925.61,899.41,899.41,595378,https://stooq.com/q/d/l/?s=7012.jp&i=d,2026-03-22T01:59:33+00:00
7012,7012.T,7012.jp,2003-04-14,899.41,908.14,855.76,864.49,656988,https://stooq.com/q/d/l/?s=7012.jp&i=d,2026-03-22T01:59:33+00:00
7012,7012.T,7012.jp,2003-04-15,873.23,881.95,864.49,873.23,307365,https://stooq.com/q/d/l/?s=7012.jp&i=d,2026-03-22T01:59:33+00:00
7012,7012.T,7012.jp,2003-04-16,873.23,881.95,855.76,864.49,646225,https://stooq.com/q/d/l/?s=7012.jp&i=d,2026-03-22T01:59:33+00:00
7012,7012.T,7012.jp,2003-04-17,864.49,881.95,855.76,881.95,355347,https://stooq.com/q/d/l/?s=7012.jp&i=d,2026-03-22T01:59:33+00:00
7012,7012.T,7012.jp,2003-04-18,881.95,881.95,864.49,873.23,453947,https://stooq.com/q/d/l/?s=7012.jp&i=d,2026-03-22T01:59:33+00:00
7012,7012.T,7012.jp,2003-04-21,881.95,899.41,873.23,899.41,467691,https://stooq.com/q/d/l/?s=7012.jp&i=d,2026-03-22T01:59:33+00:00
7012,7012.T,7012.jp,2003-04-22,890.67,890.67,864.49,873.23,599272,https://stooq.com/q/d/l/?s=7012.jp&i=d,2026-03-22T01:59:33+00:00
7012,7012.T,7012.jp,2003-04-23,881.95,890.67,864.49,873.23,552777,https://stooq.com/q/d/l/?s=7012.jp&i=d,2026-03-22T01:59:33+00:00
7012,7012.T,7012.jp,2003-04-24,873.23,881.95,864.49,873.23,245525,https://stooq.com/q/d/l/?s=7012.jp&i=d,2026-03-22T01:59:33+00:00
7012,7012.T,7012.jp,2003-04-25,864.49,864.49,847.03,847.03,457383,https://stooq.com/q/d/l/?s=7012.jp&i=d,2026-03-22T01:59:33+00:00
7012,7012.T,7012.jp,2003-04-28,847.03,855.76,829.58,829.58,316525,https://stooq.com/q/d/l/?s=7012.jp&i=d,2026-03-22T01:59:33+00:00
7012,7012.T,7012.jp,2003-04-30,847.03,855.76,838.30,855.76,370007,https://stooq.com/q/d/l/?s=7012.jp&i=d,2026-03-22T01:59:33+00:00
7012,7012.T,7012.jp,2003-05-01,855.76,864.49,847.03,855.76,323971,https://stooq.com/q/d/l/?s=7012.jp&i=d,2026-03-22T01:59:33+00:00
7012,7012.T,7012.jp,2003-05-02,855.76,864.49,847.03,855.76,294309,https://stooq.com/q/d/l/?s=7012.jp&i=d,2026-03-22T01:59:33+00:00
7012,7012.T,7012.jp,2003-05-06,864.49,881.95,864.49,873.23,486012,https://stooq.com/q/d/l/?s=7012.jp&i=d,2026-03-22T01:59:33+00:00
7012,7012.T,7012.jp,2003-05-07,881.95,881.95,855.76,864.49,365426,https://stooq.com/q/d/l/?s=7012.jp&i=d,2026-03-22T01:59:33+00:00
7012,7012.T,7012.jp,2003-05-08,855.76,864.49,847.03,855.76,472729,https://stooq.com/q/d/l/?s=7012.jp&i=d,2026-03-22T01:59:33+00:00
7012,7012.T,7012.jp,2003-05-09,864.49,881.95,847.03,864.49,1232669,https://stooq.com/q/d/l/?s=7012.jp&i=d,2026-03-22T01:59:33+00:00
7012,7012.T,7012.jp,2003-05-12,855.76,864.49,847.03,847.03,802655,https://stooq.com/q/d/l/?s=7012.jp&i=d,2026-03-22T01:59:33+00:00
7012,7012.T,7012.jp,2003-05-13,855.76,864.49,847.03,855.76,411233,https://stooq.com/q/d/l/?s=7012.jp&i=d,2026-03-22T01:59:33+00:00
7012,7012.T,7012.jp,2003-05-14,855.76,864.49,847.03,864.49,233960,https://stooq.com/q/d/l/?s=7012.jp&i=d,2026-03-22T01:59:33+00:00
7012,7012.T,7012.jp,2003-05-15,855.76,855.76,847.03,847.03,428068,https://stooq.com/q/d/l/?s=7012.jp&i=d,2026-03-22T01:59:33+00:00
7012,7012.T,7012.jp,2003-05-16,847.03,855.76,838.30,855.76,342751,https://stooq.com/q/d/l/?s=7012.jp&i=d,2026-03-22T01:59:33+00:00
7012,7012.T,7012.jp,2003-05-19,847.03,847.03,838.30,838.30,171432,https://stooq.com/q/d/l/?s=7012.jp&i=d,2026-03-22T01:59:33+00:00
7012,7012.T,7012.jp,2003-05-20,838.30,847.03,838.30,838.30,206705,https://stooq.com/q/d/l/?s=7012.jp&i=d,2026-03-22T01:59:33+00:00
7012,7012.T,7012.jp,2003-05-21,838.30,855.76,838.30,838.30,289272,https://stooq.com/q/d/l/?s=7012.jp&i=d,2026-03-22T01:59:33+00:00
7012,7012.T,7012.jp,2003-05-22,847.03,855.76,838.30,838.30,342294,https://stooq.com/q/d/l/?s=7012.jp&i=d,2026-03-22T01:59:33+00:00
7012,7012.T,7012.jp,2003-05-23,847.03,855.76,838.30,855.76,364969,https://stooq.com/q/d/l/?s=7012.jp&i=d,2026-03-22T01:59:33+00:00
7012,7012.T,7012.jp,2003-05-26,855.76,864.49,847.03,847.03,199147,https://stooq.com/q/d/l/?s=7012.jp&i=d,2026-03-22T01:59:33+00:00
7012,7012.T,7012.jp,2003-05-27,847.03,855.76,838.30,838.30,199260,https://stooq.com/q/d/l/?s=7012.jp&i=d,2026-03-22T01:59:33+00:00
7012,7012.T,7012.jp,2003-05-28,847.03,855.76,838.30,847.03,236364,https://stooq.com/q/d/l/?s=7012.jp&i=d,2026-03-22T01:59:33+00:00
7012,7012.T,7012.jp,2003-05-29,847.03,855.76,838.30,847.03,301181,https://stooq.com/q/d/l/?s=7012.jp&i=d,2026-03-22T01:59:33+00:00
7012,7012.T,7012.jp,2003-05-30,847.03,855.76,838.30,847.03,337711,https://stooq.com/q/d/l/?s=7012.jp&i=d,2026-03-22T01:59:33+00:00
7012,7012.T,7012.jp,2003-06-02,847.03,855.76,847.03,847.03,313091,https://stooq.com/q/d/l/?s=7012.jp&i=d,2026-03-22T01:59:33+00:00
7012,7012.T,7012.jp,2003-06-03,873.23,890.67,864.49,890.67,1968218,https://stooq.com/q/d/l/?s=7012.jp&i=d,2026-03-22T01:59:33+00:00
7012,7012.T,7012.jp,2003-06-04,881.95,881.95,855.76,855.76,969050,https://stooq.com/q/d/l/?s=7012.jp&i=d,2026-03-22T01:59:33+00:00
7012,7012.T,7012.jp,2003-06-05,881.95,908.14,864.49,908.14,1519308,https://stooq.com/q/d/l/?s=7012.jp&i=d,2026-03-22T01:59:33+00:00
7012,7012.T,7012.jp,2003-06-06,908.14,925.61,890.67,908.14,1128458,https://stooq.com/q/d/l/?s=7012.jp&i=d,2026-03-22T01:59:33+00:00
7012,7012.T,7012.jp,2003-06-09,934.42,978.07,925.61,969.24,2926501,https://stooq.com/q/d/l/?s=7012.jp&i=d,2026-03-22T01:59:33+00:00
7012,7012.T,7012.jp,2003-06-10,960.51,960.51,943.05,960.51,926907,https://stooq.com/q/d/l/?s=7012.jp&i=d,2026-03-22T01:59:33+00:00
7012,7012.T,7012.jp,2003-06-11,986.80,995.43,969.24,969.24,1554235,https://stooq.com/q/d/l/?s=7012.jp&i=d,2026-03-22T01:59:33+00:00
7012,7012.T,7012.jp,2003-06-12,986.80,995.43,934.42,943.05,1318100,https://stooq.com/q/d/l/?s=7012.jp&i=d,2026-03-22T01:59:33+00:00
7012,7012.T,7012.jp,2003-06-13,943.05,951.79,916.96,943.05,1070283,https://stooq.com/q/d/l/?s=7012.jp&i=d,2026-03-22T01:59:33+00:00
7012,7012.T,7012.jp,2003-06-16,934.42,943.05,925.61,943.05,314693,https://stooq.com/q/d/l/?s=7012.jp&i=d,2026-03-22T01:59:33+00:00
7012,7012.T,7012.jp,2003-06-17,960.51,969.24,943.05,951.79,769445,https://stooq.com/q/d/l/?s=7012.jp&i=d,2026-03-22T01:59:33+00:00
7012,7012.T,7012.jp,2003-06-18,960.51,969.24,943.05,943.05,677372,https://stooq.com/q/d/l/?s=7012.jp&i=d,2026-03-22T01:59:33+00:00
7012,7012.T,7012.jp,2003-06-19,951.79,960.51,934.42,943.05,777232,https://stooq.com/q/d/l/?s=7012.jp&i=d,2026-03-22T01:59:33+00:00
7012,7012.T,7012.jp,2003-06-20,943.05,986.80,934.42,986.80,1718570,https://stooq.com/q/d/l/?s=7012.jp&i=d,2026-03-22T01:59:33+00:00
7012,7012.T,7012.jp,2003-06-23,1065.27,1082.81,1039.18,1082.81,4094584,https://stooq.com/q/d/l/?s=7012.jp&i=d,2026-03-22T01:59:33+00:00
7012,7012.T,7012.jp,2003-06-24,1039.18,1065.27,1021.71,1021.71,2301463,https://stooq.com/q/d/l/?s=7012.jp&i=d,2026-03-22T01:59:33+00:00
7012,7012.T,7012.jp,2003-06-25,1030.37,1082.81,1030.37,1074.08,1512664,https://stooq.com/q/d/l/?s=7012.jp&i=d,2026-03-22T01:59:33+00:00
7012,7012.T,7012.jp,2003-06-26,1065.27,1074.08,1039.18,1074.08,798533,https://stooq.com/q/d/l/?s=7012.jp&i=d,2026-03-22T01:59:33+00:00
7012,7012.T,7012.jp,2003-06-27,1100.27,1108.90,1074.08,1082.81,1928367,https://stooq.com/q/d/l/?s=7012.jp&i=d,2026-03-22T01:59:33+00:00
7012,7012.T,7012.jp,2003-06-30,1091.55,1100.27,1074.08,1074.08,785820,https://stooq.com/q/d/l/?s=7012.jp&i=d,2026-03-22T01:59:33+00:00
7012,7012.T,7012.jp,2003-07-01,1091.55,1117.73,1091.55,1108.90,1771018,https://stooq.com/q/d/l/?s=7012.jp&i=d,2026-03-22T01:59:33+00:00
7012,7012.T,7012.jp,2003-07-02,1126.47,1178.84,1117.73,1161.48,2530499,https://stooq.com/q/d/l/?s=7012.jp&i=d,2026-03-22T01:59:33+00:00
7012,7012.T,7012.jp,2003-07-03,1196.39,1205.02,1100.27,1108.90,1989288,https://stooq.com/q/d/l/?s=7012.jp&i=d,2026-03-22T01:59:33+00:00
7012,7012.T,7012.jp,2003-07-04,1082.81,1126.47,1056.63,1108.90,1007872,https://stooq.com/q/d/l/?s=7012.jp&i=d,2026-03-22T01:59:33+00:00
7012,7012.T,7012.jp,2003-07-07,1135.20,1170.03,1126.47,1161.48,714362,https://stooq.com/q/d/l/?s=7012.jp&i=d,2026-03-22T01:59:33+00:00
7012,7012.T,7012.jp,2003-07-08,1178.84,1187.58,1152.66,1170.03,1085399,https://stooq.com/q/d/l/?s=7012.jp&i=d,2026-03-22T01:59:33+00:00
7012,7012.T,7012.jp,2003-07-09,1161.48,1170.03,1126.47,1161.48,603508,https://stooq.com/q/d/l/?s=7012.jp&i=d,2026-03-22T01:59:33+00:00
7012,7012.T,7012.jp,2003-07-10,1161.48,1196.39,1143.93,1178.84,1102578,https://stooq.com/q/d/l/?s=7012.jp&i=d,2026-03-22T01:59:33+00:00
7012,7012.T,7012.jp,2003-07-11,1143.93,1161.48,1117.73,1117.73,716652,https://stooq.com/q/d/l/?s=7012.jp&i=d,2026-03-22T01:59:33+00:00
7012,7012.T,7012.jp,2003-07-14,1143.93,1152.66,1117.73,1117.73,436083,https://stooq.com/q/d/l/?s=7012.jp&i=d,2026-03-22T01:59:33+00:00
7012,7012.T,7012.jp,2003-07-15,1117.73,1135.20,1082.81,1091.55,910761,https://stooq.com/q/d/l/?s=7012.jp&i=d,2026-03-22T01:59:33+00:00
7012,7012.T,7012.jp,2003-07-16,1091.55,1100.27,1056.63,1065.27,605227,https://stooq.com/q/d/l/?s=7012.jp&i=d,2026-03-22T01:59:33+00:00
7012,7012.T,7012.jp,2003-07-17,1030.37,1039.18,995.43,1004.16,1233126,https://stooq.com/q/d/l/?s=7012.jp&i=d,2026-03-22T01:59:33+00:00
7012,7012.T,7012.jp,2003-07-18,969.24,1065.27,969.24,1056.63,977982,https://stooq.com/q/d/l/?s=7012.jp&i=d,2026-03-22T01:59:33+00:00
7012,7012.T,7012.jp,2003-07-22,1030.37,1047.90,1012.88,1030.37,474676,https://stooq.com/q/d/l/?s=7012.jp&i=d,2026-03-22T01:59:33+00:00
7012,7012.T,7012.jp,2003-07-23,1056.63,1091.55,1047.90,1074.08,1149874,https://stooq.com/q/d/l/?s=7012.jp&i=d,2026-03-22T01:59:33+00:00
7012,7012.T,7012.jp,2003-07-24,1126.47,1143.93,1091.55,1091.55,1304471,https://stooq.com/q/d/l/?s=7012.jp&i=d,2026-03-22T01:59:33+00:00
7012,7012.T,7012.jp,2003-07-25,1091.55,1117.73,1082.81,1108.90,628359,https://stooq.com/q/d/l/?s=7012.jp&i=d,2026-03-22T01:59:33+00:00
7012,7012.T,7012.jp,2003-07-28,1126.47,1143.93,1108.90,1135.20,618052,https://stooq.com/q/d/l/?s=7012.jp&i=d,2026-03-22T01:59:33+00:00
7012,7012.T,7012.jp,2003-07-29,1135.20,1143.93,1117.73,1126.47,598470,https://stooq.com/q/d/l/?s=7012.jp&i=d,2026-03-22T01:59:33+00:00
7012,7012.T,7012.jp,2003-07-30,1117.73,1161.48,1108.90,1126.47,1278019,https://stooq.com/q/d/l/?s=7012.jp&i=d,2026-03-22T01:59:33+00:00
7012,7012.T,7012.jp,2003-07-31,1126.47,1143.93,1091.55,1091.55,563659,https://stooq.com/q/d/l/?s=7012.jp&i=d,2026-03-22T01:59:33+00:00
7012,7012.T,7012.jp,2003-08-01,1108.90,1126.47,1091.55,1100.27,1078757,https://stooq.com/q/d/l/?s=7012.jp&i=d,2026-03-22T01:59:33+00:00
7012,7012.T,7012.jp,2003-08-04,1108.90,1152.66,1100.27,1135.20,1412807,https://stooq.com/q/d/l/?s=7012.jp&i=d,2026-03-22T01:59:33+00:00
7012,7012.T,7012.jp,2003-08-05,1152.66,1161.48,1108.90,1108.90,987601,https://stooq.com/q/d/l/?s=7012.jp&i=d,2026-03-22T01:59:33+00:00
7012,7012.T,7012.jp,2003-08-06,1091.55,1117.73,1091.55,1091.55,696039,https://stooq.com/q/d/l/?s=7012.jp&i=d,2026-03-22T01:59:33+00:00
7012,7012.T,7012.jp,2003-08-07,1100.27,1100.27,1065.27,1074.08,491853,https://stooq.com/q/d/l/?s=7012.jp&i=d,2026-03-22T01:59:33+00:00
7012,7012.T,7012.jp,2003-08-08,1065.27,1091.55,1047.90,1065.27,1059862,https://stooq.com/q/d/l/?s=7012.jp&i=d,2026-03-22T01:59:33+00:00
7012,7012.T,7012.jp,2003-08-11,1074.08,1100.27,1065.27,1091.55,417991,https://stooq.com/q/d/l/?s=7012.jp&i=d,2026-03-22T01:59:33+00:00
7012,7012.T,7012.jp,2003-08-12,1091.55,1108.90,1082.81,1100.27,496320,https://stooq.com/q/d/l/?s=7012.jp&i=d,2026-03-22T01:59:33+00:00
7012,7012.T,7012.jp,2003-08-13,1108.90,1126.47,1100.27,1108.90,443068,https://stooq.com/q/d/l/?s=7012.jp&i=d,2026-03-22T01:59:33+00:00
7012,7012.T,7012.jp,2003-08-14,1108.90,1143.93,1091.55,1135.20,894728,https://stooq.com/q/d/l/?s=7012.jp&i=d,2026-03-22T01:59:33+00:00
7012,7012.T,7012.jp,2003-08-15,1152.66,1170.03,1143.93,1143.93,1502703,https://stooq.com/q/d/l/?s=7012.jp&i=d,2026-03-22T01:59:33+00:00
7012,7012.T,7012.jp,2003-08-18,1161.48,1213.75,1161.48,1205.02,2506450,https://stooq.com/q/d/l/?s=7012.jp&i=d,2026-03-22T01:59:33+00:00
7012,7012.T,7012.jp,2003-08-19,1231.21,1266.23,1222.48,1248.68,3275552,https://stooq.com/q/d/l/?s=7012.jp&i=d,2026-03-22T01:59:33+00:00
7012,7012.T,7012.jp,2003-08-20,1257.49,1283.60,1231.21,1283.60,1493884,https://stooq.com/q/d/l/?s=7012.jp&i=d,2026-03-22T01:59:33+00:00
7012,7012.T,7012.jp,2003-08-21,1257.49,1301.15,1257.49,1292.34,2478966,https://stooq.com/q/d/l/?s=7012.jp&i=d,2026-03-22T01:59:33+00:00
7012,7012.T,7012.jp,2003-08-22,1327.33,1336.06,1283.60,1292.34,1989747,https://stooq.com/q/d/l/?s=7012.jp&i=d,2026-03-22T01:59:33+00:00
7012,7012.T,7012.jp,2003-08-25,1301.15,1301.15,1274.97,1283.60,607059,https://stooq.com/q/d/l/?s=7012.jp&i=d,2026-03-22T01:59:33+00:00
7012,7012.T,7012.jp,2003-08-26,1283.60,1318.60,1257.49,1309.79,1617106,https://stooq.com/q/d/l/?s=7012.jp&i=d,2026-03-22T01:59:33+00:00
7012,7012.T,7012.jp,2003-08-27,1327.33,1353.43,1309.79,1309.79,1380854,https://stooq.com/q/d/l/?s=7012.jp&i=d,2026-03-22T01:59:33+00:00
7012,7012.T,7012.jp,2003-08-28,1309.79,1318.60,1274.97,1274.97,640612,https://stooq.com/q/d/l/?s=7012.jp&i=d,2026-03-22T01:59:33+00:00
7012,7012.T,7012.jp,2003-08-29,1274.97,1301.15,1274.97,1292.34,516246,https://stooq.com/q/d/l/?s=7012.jp&i=d,2026-03-22T01:59:33+00:00
7012,7012.T,7012.jp,2003-09-01,1309.79,1327.33,1301.15,1327.33,741045,https://stooq.com/q/d/l/?s=7012.jp&i=d,2026-03-22T01:59:33+00:00
7012,7012.T,7012.jp,2003-09-02,1336.06,1344.71,1309.79,1336.06,841133,https://stooq.com/q/d/l/?s=7012.jp&i=d,2026-03-22T01:59:33+00:00
7012,7012.T,7012.jp,2003-09-03,1353.43,1370.98,1318.60,1318.60,1265652,https://stooq.com/q/d/l/?s=7012.jp&i=d,2026-03-22T01:59:33+00:00
7012,7012.T,7012.jp,2003-09-04,1318.60,1327.33,1292.34,1292.34,488532,https://stooq.com/q/d/l/?s=7012.jp&i=d,2026-03-22T01:59:33+00:00
7012,7012.T,7012.jp,2003-09-05,1292.34,1309.79,1283.60,1301.15,350080,https://stooq.com/q/d/l/?s=7012.jp&i=d,2026-03-22T01:59:33+00:00
7012,7012.T,7012.jp,2003-09-08,1266.23,1292.34,1266.23,1266.23,394513,https://stooq.com/q/d/l/?s=7012.jp&i=d,2026-03-22T01:59:33+00:00
7012,7012.T,7012.jp,2003-09-09,1283.60,1309.79,1283.60,1301.15,618509,https://stooq.com/q/d/l/?s=7012.jp&i=d,2026-03-22T01:59:33+00:00
7012,7012.T,7012.jp,2003-09-10,1301.15,1309.79,1292.34,1301.15,428525,https://stooq.com/q/d/l/?s=7012.jp&i=d,2026-03-22T01:59:33+00:00
7012,7012.T,7012.jp,2003-09-11,1292.34,1292.34,1266.23,1274.97,503535,https://stooq.com/q/d/l/?s=7012.jp&i=d,2026-03-22T01:59:33+00:00
7012,7012.T,7012.jp,2003-09-12,1266.23,1283.60,1266.23,1266.23,818001,https://stooq.com/q/d/l/?s=7012.jp&i=d,2026-03-22T01:59:33+00:00
7012,7012.T,7012.jp,2003-09-16,1283.60,1301.15,1274.97,1283.60,387298,https://stooq.com/q/d/l/?s=7012.jp&i=d,2026-03-22T01:59:33+00:00
7012,7012.T,7012.jp,2003-09-17,1301.15,1309.79,1274.97,1274.97,424515,https://stooq.com/q/d/l/?s=7012.jp&i=d,2026-03-22T01:59:33+00:00
7012,7012.T,7012.jp,2003-09-18,1266.23,1274.97,1231.21,1248.68,774140,https://stooq.com/q/d/l/?s=7012.jp&i=d,2026-03-22T01:59:33+00:00
7012,7012.T,7012.jp,2003-09-19,1257.49,1266.23,1231.21,1248.68,603394,https://stooq.com/q/d/l/?s=7012.jp&i=d,2026-03-22T01:59:33+00:00
7012,7012.T,7012.jp,2003-09-22,1222.48,1222.48,1178.84,1205.02,756617,https://stooq.com/q/d/l/?s=7012.jp&i=d,2026-03-22T01:59:33+00:00
7012,7012.T,7012.jp,2003-09-24,1187.58,1205.02,1161.48,1187.58,849606,https://stooq.com/q/d/l/?s=7012.jp&i=d,2026-03-22T01:59:33+00:00
7012,7012.T,7012.jp,2003-09-25,1170.03,1170.03,1126.47,1152.66,622633,https://stooq.com/q/d/l/?s=7012.jp&i=d,2026-03-22T01:59:33+00:00
7012,7012.T,7012.jp,2003-09-26,1135.20,1178.84,1135.20,1178.84,471585,https://stooq.com/q/d/l/?s=7012.jp&i=d,2026-03-22T01:59:33+00:00
7012,7012.T,7012.jp,2003-09-29,1170.03,1178.84,1152.66,1161.48,330842,https://stooq.com/q/d/l/?s=7012.jp&i=d,2026-03-22T01:59:33+00:00
7012,7012.T,7012.jp,2003-09-30,1170.03,1170.03,1152.66,1152.66,261444,https://stooq.com/q/d/l/?s=7012.jp&i=d,2026-03-22T01:59:33+00:00
7012,7012.T,7012.jp,2003-10-01,1152.66,1152.66,1126.47,1135.20,653553,https://stooq.com/q/d/l/?s=7012.jp&i=d,2026-03-22T01:59:33+00:00
7012,7012.T,7012.jp,2003-10-02,1170.03,1231.21,1161.48,1213.75,917171,https://stooq.com/q/d/l/?s=7012.jp&i=d,2026-03-22T01:59:33+00:00
7012,7012.T,7012.jp,2003-10-03,1239.95,1274.97,1231.21,1274.97,1434336,https://stooq.com/q/d/l/?s=7012.jp&i=d,2026-03-22T01:59:33+00:00
7012,7012.T,7012.jp,2003-10-06,1274.97,1274.97,1239.95,1248.68,996419,https://stooq.com/q/d/l/?s=7012.jp&i=d,2026-03-22T01:59:33+00:00
7012,7012.T,7012.jp,2003-10-07,1248.68,1257.49,1239.95,1248.68,350767,https://stooq.com/q/d/l/?s=7012.jp&i=d,2026-03-22T01:59:33+00:00
7012,7012.T,7012.jp,2003-10-08,1239.95,1248.68,1205.02,1222.48,795212,https://stooq.com/q/d/l/?s=7012.jp&i=d,2026-03-22T01:59:33+00:00
7012,7012.T,7012.jp,2003-10-09,1213.75,1222.48,1187.58,1205.02,713674,https://stooq.com/q/d/l/?s=7012.jp&i=d,2026-03-22T01:59:33+00:00
7012,7012.T,7012.jp,2003-10-10,1187.58,1196.39,1178.84,1187.58,1239770,https://stooq.com/q/d/l/?s=7012.jp&i=d,2026-03-22T01:59:33+00:00
7012,7012.T,7012.jp,2003-10-14,1196.39,1213.75,1187.58,1196.39,815251,https://stooq.com/q/d/l/?s=7012.jp&i=d,2026-03-22T01:59:33+00:00
7012,7012.T,7012.jp,2003-10-15,1205.02,1266.23,1178.84,1257.49,2370862,https://stooq.com/q/d/l/?s=7012.jp&i=d,2026-03-22T01:59:33+00:00
7012,7012.T,7012.jp,2003-10-16,1222.48,1257.49,1205.02,1231.21,1578857,https://stooq.com/q/d/l/?s=7012.jp&i=d,2026-03-22T01:59:33+00:00
7012,7012.T,7012.jp,2003-10-17,1231.21,1231.21,1196.39,1196.39,865755,https://stooq.com/q/d/l/?s=7012.jp&i=d,2026-03-22T01:59:33+00:00
7012,7012.T,7012.jp,2003-10-20,1222.48,1257.49,1205.02,1257.49,1299663,https://stooq.com/q/d/l/?s=7012.jp&i=d,2026-03-22T01:59:33+00:00
7012,7012.T,7012.jp,2003-10-21,1301.15,1327.33,1283.60,1301.15,3321016,https://stooq.com/q/d/l/?s=7012.jp&i=d,2026-03-22T01:59:33+00:00
7012,7012.T,7012.jp,2003-10-22,1292.34,1292.34,1222.48,1239.95,1105326,https://stooq.com/q/d/l/?s=7012.jp&i=d,2026-03-22T01:59:33+00:00
7012,7012.T,7012.jp,2003-10-23,1205.02,1213.75,1143.93,1143.93,1245036,https://stooq.com/q/d/l/?s=7012.jp&i=d,2026-03-22T01:59:33+00:00
7012,7012.T,7012.jp,2003-10-24,1187.58,1205.02,1170.03,1187.58,1052876,https://stooq.com/q/d/l/?s=7012.jp&i=d,2026-03-22T01:59:33+00:00
7012,7012.T,7012.jp,2003-10-27,1222.48,1257.49,1213.75,1248.68,1397117,https://stooq.com/q/d/l/?s=7012.jp&i=d,2026-03-22T01:59:33+00:00
7012,7012.T,7012.jp,2003-10-28,1248.68,1257.49,1231.21,1248.68,601104,https://stooq.com/q/d/l/?s=7012.jp&i=d,2026-03-22T01:59:33+00:00
7012,7012.T,7012.jp,2003-10-29,1248.68,1266.23,1239.95,1257.49,618625,https://stooq.com/q/d/l/?s=7012.jp&i=d,2026-03-22T01:59:33+00:00
7012,7012.T,7012.jp,2003-10-30,1222.48,1257.49,1187.58,1248.68,1082078,https://stooq.com/q/d/l/?s=7012.jp&i=d,2026-03-22T01:59:33+00:00
7012,7012.T,7012.jp,2003-10-31,1231.21,1231.21,1196.39,1213.75,522316,https://stooq.com/q/d/l/?s=7012.jp&i=d,2026-03-22T01:59:33+00:00
7012,7012.T,7012.jp,2003-11-04,1231.21,1239.95,1213.75,1239.95,480976,https://stooq.com/q/d/l/?s=7012.jp&i=d,2026-03-22T01:59:33+00:00
7012,7012.T,7012.jp,2003-11-05,1231.21,1239.95,1196.39,1205.02,288127,https://stooq.com/q/d/l/?s=7012.jp&i=d,2026-03-22T01:59:33+00:00
7012,7012.T,7012.jp,2003-11-06,1205.02,1213.75,1178.84,1187.58,439864,https://stooq.com/q/d/l/?s=7012.jp&i=d,2026-03-22T01:59:33+00:00
7012,7012.T,7012.jp,2003-11-07,1196.39,1213.75,1117.73,1143.93,1627640,https://stooq.com/q/d/l/?s=7012.jp&i=d,2026-03-22T01:59:33+00:00
7012,7012.T,7012.jp,2003-11-10,1152.66,1187.58,1143.93,1170.03,684931,https://stooq.com/q/d/l/?s=7012.jp&i=d,2026-03-22T01:59:33+00:00
7012,7012.T,7012.jp,2003-11-11,1152.66,1161.48,1117.73,1135.20,524148,https://stooq.com/q/d/l/?s=7012.jp&i=d,2026-03-22T01:59:33+00:00
7012,7012.T,7012.jp,2003-11-12,1126.47,1143.93,1108.90,1135.20,881214,https://stooq.com/q/d/l/?s=7012.jp&i=d,2026-03-22T01:59:33+00:00
7012,7012.T,7012.jp,2003-11-13,1135.20,1152.66,1108.90,1117.73,316985,https://stooq.com/q/d/l/?s=7012.jp&i=d,2026-03-22T01:59:33+00:00
7012,7012.T,7012.jp,2003-11-14,1108.90,1126.47,1065.27,1074.08,832201,https://stooq.com/q/d/l/?s=7012.jp&i=d,2026-03-22T01:59:33+00:00
7012,7012.T,7012.jp,2003-11-17,1030.37,1047.90,1021.71,1021.71,632137,https://stooq.com/q/d/l/?s=7012.jp&i=d,2026-03-22T01:59:33+00:00
7012,7012.T,7012.jp,2003-11-18,1004.16,1030.37,978.07,1021.71,957941,https://stooq.com/q/d/l/?s=7012.jp&i=d,2026-03-22T01:59:33+00:00
7012,7012.T,7012.jp,2003-11-19,1021.71,1030.37,1004.16,1012.88,529301,https://stooq.com/q/d/l/?s=7012.jp&i=d,2026-03-22T01:59:33+00:00
7012,7012.T,7012.jp,2003-11-20,1004.16,1004.16,969.24,978.07,1353256,https://stooq.com/q/d/l/?s=7012.jp&i=d,2026-03-22T01:59:33+00:00
7012,7012.T,7012.jp,2003-11-21,986.80,1012.88,978.07,986.80,1816824,https://stooq.com/q/d/l/?s=7012.jp&i=d,2026-03-22T01:59:33+00:00
7012,7012.T,7012.jp,2003-11-25,1047.90,1047.90,1021.71,1021.71,1143919,https://stooq.com/q/d/l/?s=7012.jp&i=d,2026-03-22T01:59:33+00:00
7012,7012.T,7012.jp,2003-11-26,1012.88,1039.18,1012.88,1039.18,491052,https://stooq.com/q/d/l/?s=7012.jp&i=d,2026-03-22T01:59:33+00:00
7012,7012.T,7012.jp,2003-11-27,1030.37,1056.63,1030.37,1039.18,674853,https://stooq.com/q/d/l/?s=7012.jp&i=d,2026-03-22T01:59:33+00:00
7012,7012.T,7012.jp,2003-11-28,1047.90,1056.63,1030.37,1039.18,428639,https://stooq.com/q/d/l/?s=7012.jp&i=d,2026-03-22T01:59:33+00:00
7012,7012.T,7012.jp,2003-12-01,1030.37,1082.81,1021.71,1082.81,693634,https://stooq.com/q/d/l/?s=7012.jp&i=d,2026-03-22T01:59:33+00:00
7012,7012.T,7012.jp,2003-12-02,1108.90,1117.73,1082.81,1100.27,1008559,https://stooq.com/q/d/l/?s=7012.jp&i=d,2026-03-22T01:59:33+00:00
7012,7012.T,7012.jp,2003-12-03,1100.27,1126.47,1091.55,1091.55,841018,https://stooq.com/q/d/l/?s=7012.jp&i=d,2026-03-22T01:59:33+00:00
7012,7012.T,7012.jp,2003-12-04,1100.27,1135.20,1091.55,1117.73,798304,https://stooq.com/q/d/l/?s=7012.jp&i=d,2026-03-22T01:59:33+00:00
7012,7012.T,7012.jp,2003-12-05,1126.47,1135.20,1117.73,1126.47,850639,https://stooq.com/q/d/l/?s=7012.jp&i=d,2026-03-22T01:59:33+00:00
7012,7012.T,7012.jp,2003-12-08,1091.55,1100.27,1047.90,1065.27,637750,https://stooq.com/q/d/l/?s=7012.jp&i=d,2026-03-22T01:59:33+00:00
7012,7012.T,7012.jp,2003-12-09,1074.08,1082.81,1039.18,1074.08,499183,https://stooq.com/q/d/l/?s=7012.jp&i=d,2026-03-22T01:59:33+00:00
7012,7012.T,7012.jp,2003-12-10,1047.90,1065.27,1004.16,1021.71,777117,https://stooq.com/q/d/l/?s=7012.jp&i=d,2026-03-22T01:59:33+00:00
7012,7012.T,7012.jp,2003-12-11,1030.37,1047.90,1021.71,1030.37,571559,https://stooq.com/q/d/l/?s=7012.jp&i=d,2026-03-22T01:59:33+00:00
7012,7012.T,7012.jp,2003-12-12,1030.37,1039.18,1021.71,1030.37,668554,https://stooq.com/q/d/l/?s=7012.jp&i=d,2026-03-22T01:59:33+00:00
7012,7012.T,7012.jp,2003-12-15,1056.63,1074.08,1039.18,1074.08,764064,https://stooq.com/q/d/l/?s=7012.jp&i=d,2026-03-22T01:59:33+00:00
7012,7012.T,7012.jp,2003-12-16,1047.90,1065.27,1039.18,1056.63,465630,https://stooq.com/q/d/l/?s=7012.jp&i=d,2026-03-22T01:59:33+00:00
7012,7012.T,7012.jp,2003-12-17,1056.63,1056.63,1021.71,1030.37,563198,https://stooq.com/q/d/l/?s=7012.jp&i=d,2026-03-22T01:59:33+00:00
7012,7012.T,7012.jp,2003-12-18,1021.71,1039.18,1021.71,1030.37,376649,https://stooq.com/q/d/l/?s=7012.jp&i=d,2026-03-22T01:59:33+00:00
7012,7012.T,7012.jp,2003-12-19,1039.18,1047.90,1030.37,1030.37,311030,https://stooq.com/q/d/l/?s=7012.jp&i=d,2026-03-22T01:59:33+00:00
7012,7012.T,7012.jp,2003-12-22,1039.18,1047.90,1030.37,1039.18,356953,https://stooq.com/q/d/l/?s=7012.jp&i=d,2026-03-22T01:59:33+00:00
7012,7012.T,7012.jp,2003-12-24,1074.08,1108.90,1056.63,1108.90,2065216,https://stooq.com/q/d/l/?s=7012.jp&i=d,2026-03-22T01:59:33+00:00
7012,7012.T,7012.jp,2003-12-25,1108.90,1152.66,1091.55,1152.66,1199459,https://stooq.com/q/d/l/?s=7012.jp&i=d,2026-03-22T01:59:33+00:00
7012,7012.T,7012.jp,2003-12-26,1152.66,1152.66,1126.47,1135.20,641529,https://stooq.com/q/d/l/?s=7012.jp&i=d,2026-03-22T01:59:33+00:00
7012,7012.T,7012.jp,2003-12-29,1143.93,1152.66,1135.20,1143.93,393369,https://stooq.com/q/d/l/?s=7012.jp&i=d,2026-03-22T01:59:33+00:00
7012,7012.T,7012.jp,2003-12-30,1152.66,1152.66,1135.20,1152.66,188497,https://stooq.com/q/d/l/?s=7012.jp&i=d,2026-03-22T01:59:33+00:00
7012,7012.T,7012.jp,2004-01-05,1152.66,1178.84,1152.66,1170.03,422455,https://stooq.com/q/d/l/?s=7012.jp&i=d,2026-03-22T01:59:33+00:00
7012,7012.T,7012.jp,2004-01-06,1178.84,1178.84,1135.20,1152.66,632251,https://stooq.com/q/d/l/?s=7012.jp&i=d,2026-03-22T01:59:33+00:00
7012,7012.T,7012.jp,2004-01-07,1143.93,1143.93,1117.73,1135.20,696725,https://stooq.com/q/d/l/?s=7012.jp&i=d,2026-03-22T01:59:33+00:00
7012,7012.T,7012.jp,2004-01-08,1135.20,1152.66,1126.47,1135.20,707032,https://stooq.com/q/d/l/?s=7012.jp&i=d,2026-03-22T01:59:33+00:00
7012,7012.T,7012.jp,2004-01-09,1152.66,1152.66,1135.20,1143.93,397263,https://stooq.com/q/d/l/?s=7012.jp&i=d,2026-03-22T01:59:33+00:00
7012,7012.T,7012.jp,2004-01-13,1152.66,1152.66,1117.73,1126.47,443527,https://stooq.com/q/d/l/?s=7012.jp&i=d,2026-03-22T01:59:33+00:00
7012,7012.T,7012.jp,2004-01-14,1126.47,1178.84,1117.73,1170.03,1396430,https://stooq.com/q/d/l/?s=7012.jp&i=d,2026-03-22T01:59:33+00:00
7012,7012.T,7012.jp,2004-01-15,1178.84,1187.58,1152.66,1152.66,894384,https://stooq.com/q/d/l/?s=7012.jp&i=d,2026-03-22T01:59:33+00:00
7012,7012.T,7012.jp,2004-01-16,1161.48,1161.48,1143.93,1152.66,624693,https://stooq.com/q/d/l/?s=7012.jp&i=d,2026-03-22T01:59:33+00:00
7012,7012.T,7012.jp,2004-01-19,1152.66,1170.03,1126.47,1143.93,1216066,https://stooq.com/q/d/l/?s=7012.jp&i=d,2026-03-22T01:59:33+00:00
7012,7012.T,7012.jp,2004-01-20,1161.48,1187.58,1152.66,1178.84,1641155,https://stooq.com/q/d/l/?s=7012.jp&i=d,2026-03-22T01:59:33+00:00
7012,7012.T,7012.jp,2004-01-21,1170.03,1187.58,1161.48,1178.84,895530,https://stooq.com/q/d/l/?s=7012.jp&i=d,2026-03-22T01:59:33+00:00
7012,7012.T,7012.jp,2004-01-22,1178.84,1187.58,1152.66,1170.03,846858,https://stooq.com/q/d/l/?s=7012.jp&i=d,2026-03-22T01:59:33+00:00
7012,7012.T,7012.jp,2004-01-23,1178.84,1178.84,1152.66,1161.48,405163,https://stooq.com/q/d/l/?s=7012.jp&i=d,2026-03-22T01:59:33+00:00
7012,7012.T,7012.jp,2004-01-26,1170.03,1187.58,1152.66,1161.48,1078183,https://stooq.com/q/d/l/?s=7012.jp&i=d,2026-03-22T01:59:33+00:00
7012,7012.T,7012.jp,2004-01-27,1161.48,1161.48,1126.47,1126.47,666723,https://stooq.com/q/d/l/?s=7012.jp&i=d,2026-03-22T01:59:33+00:00
7012,7012.T,7012.jp,2004-01-28,1126.47,1143.93,1117.73,1135.20,432075,https://stooq.com/q/d/l/?s=7012.jp&i=d,2026-03-22T01:59:33+00:00
7012,7012.T,7012.jp,2004-01-29,1117.73,1126.47,1091.55,1100.27,712415,https://stooq.com/q/d/l/?s=7012.jp&i=d,2026-03-22T01:59:33+00:00
7012,7012.T,7012.jp,2004-01-30,1108.90,1126.47,1091.55,1091.55,613013,https://stooq.com/q/d/l/?s=7012.jp&i=d,2026-03-22T01:59:33+00:00
7012,7012.T,7012.jp,2004-02-02,1100.27,1126.47,1100.27,1108.90,613702,https://stooq.com/q/d/l/?s=7012.jp&i=d,2026-03-22T01:59:33+00:00
7012,7012.T,7012.jp,2004-02-03,1108.90,1108.90,1082.81,1108.90,781353,https://stooq.com/q/d/l/?s=7012.jp&i=d,2026-03-22T01:59:33+00:00
7012,7012.T,7012.jp,2004-02-04,1108.90,1117.73,1074.08,1074.08,637750,https://stooq.com/q/d/l/?s=7012.jp&i=d,2026-03-22T01:59:33+00:00
7012,7012.T,7012.jp,2004-02-05,1091.55,1108.90,1082.81,1091.55,654126,https://stooq.com/q/d/l/?s=7012.jp&i=d,2026-03-22T01:59:33+00:00
7012,7012.T,7012.jp,2004-02-06,1100.27,1108.90,1091.55,1108.90,317900,https://stooq.com/q/d/l/?s=7012.jp&i=d,2026-03-22T01:59:33+00:00
7012,7012.T,7012.jp,2004-02-09,1100.27,1117.73,1091.55,1100.27,265794,https://stooq.com/q/d/l/?s=7012.jp&i=d,2026-03-22T01:59:33+00:00
7012,7012.T,7012.jp,2004-02-10,1100.27,1108.90,1082.81,1082.81,232700,https://stooq.com/q/d/l/?s=7012.jp&i=d,2026-03-22T01:59:33+00:00
7012,7012.T,7012.jp,2004-02-12,1100.27,1108.90,1082.81,1082.81,402759,https://stooq.com/q/d/l/?s=7012.jp&i=d,2026-03-22T01:59:33+00:00
7012,7012.T,7012.jp,2004-02-13,1091.55,1108.90,1091.55,1108.90,552090,https://stooq.com/q/d/l/?s=7012.jp&i=d,2026-03-22T01:59:33+00:00
7012,7012.T,7012.jp,2004-02-16,1117.73,1126.47,1100.27,1108.90,462193,https://stooq.com/q/d/l/?s=7012.jp&i=d,2026-03-22T01:59:33+00:00
7012,7012.T,7012.jp,2004-02-17,1117.73,1143.93,1108.90,1143.93,718371,https://stooq.com/q/d/l/?s=7012.jp&i=d,2026-03-22T01:59:33+00:00
7012,7012.T,7012.jp,2004-02-18,1152.66,1152.66,1126.47,1126.47,718713,https://stooq.com/q/d/l/?s=7012.jp&i=d,2026-03-22T01:59:33+00:00
7012,7012.T,7012.jp,2004-02-19,1143.93,1161.48,1135.20,1161.48,546822,https://stooq.com/q/d/l/?s=7012.jp&i=d,2026-03-22T01:59:33+00:00
7012,7012.T,7012.jp,2004-02-20,1161.48,1178.84,1143.93,1178.84,1128001,https://stooq.com/q/d/l/?s=7012.jp&i=d,2026-03-22T01:59:33+00:00
7012,7012.T,7012.jp,2004-02-23,1187.58,1222.48,1178.84,1213.75,1967530,https://stooq.com/q/d/l/?s=7012.jp&i=d,2026-03-22T01:59:33+00:00
7012,7012.T,7012.jp,2004-02-24,1213.75,1222.48,1187.58,1196.39,1612869,https://stooq.com/q/d/l/?s=7012.jp&i=d,2026-03-22T01:59:33+00:00
7012,7012.T,7012.jp,2004-02-25,1213.75,1231.21,1178.84,1178.84,1745823,https://stooq.com/q/d/l/?s=7012.jp&i=d,2026-03-22T01:59:33+00:00
7012,7012.T,7012.jp,2004-02-26,1187.58,1205.02,1178.84,1187.58,838615,https://stooq.com/q/d/l/?s=7012.jp&i=d,2026-03-22T01:59:33+00:00
7012,7012.T,7012.jp,2004-02-27,1205.02,1222.48,1196.39,1222.48,746312,https://stooq.com/q/d/l/?s=7012.jp&i=d,2026-03-22T01:59:33+00:00
7012,7012.T,7012.jp,2004-03-01,1222.48,1239.95,1213.75,1239.95,803686,https://stooq.com/q/d/l/?s=7012.jp&i=d,2026-03-22T01:59:33+00:00
7012,7012.T,7012.jp,2004-03-02,1231.21,1239.95,1205.02,1222.48,624466,https://stooq.com/q/d/l/?s=7012.jp&i=d,2026-03-22T01:59:33+00:00
7012,7012.T,7012.jp,2004-03-03,1231.21,1292.34,1231.21,1292.34,2161180,https://stooq.com/q/d/l/?s=7012.jp&i=d,2026-03-22T01:59:33+00:00
7012,7012.T,7012.jp,2004-03-04,1318.60,1370.98,1318.60,1344.71,4680687,https://stooq.com/q/d/l/?s=7012.jp&i=d,2026-03-22T01:59:33+00:00
7012,7012.T,7012.jp,2004-03-05,1344.71,1353.43,1309.79,1344.71,1339171,https://stooq.com/q/d/l/?s=7012.jp&i=d,2026-03-22T01:59:33+00:00
7012,7012.T,7012.jp,2004-03-08,1353.43,1379.70,1344.71,1362.24,1178274,https://stooq.com/q/d/l/?s=7012.jp&i=d,2026-03-22T01:59:33+00:00
7012,7012.T,7012.jp,2004-03-09,1353.43,1353.43,1309.79,1327.33,1211713,https://stooq.com/q/d/l/?s=7012.jp&i=d,2026-03-22T01:59:33+00:00
7012,7012.T,7012.jp,2004-03-10,1327.33,1327.33,1301.15,1301.15,1067304,https://stooq.com/q/d/l/?s=7012.jp&i=d,2026-03-22T01:59:33+00:00
7012,7012.T,7012.jp,2004-03-11,1283.60,1318.60,1274.97,1309.79,1326575,https://stooq.com/q/d/l/?s=7012.jp&i=d,2026-03-22T01:59:33+00:00
7012,7012.T,7012.jp,2004-03-12,1283.60,1327.33,1274.97,1292.34,1569008,https://stooq.com/q/d/l/?s=7012.jp&i=d,2026-03-22T01:59:33+00:00
7012,7012.T,7012.jp,2004-03-15,1301.15,1327.33,1301.15,1318.60,1670929,https://stooq.com/q/d/l/?s=7012.jp&i=d,2026-03-22T01:59:33+00:00
7012,7012.T,7012.jp,2004-03-16,1292.34,1301.15,1274.97,1274.97,931601,https://stooq.com/q/d/l/?s=7012.jp&i=d,2026-03-22T01:59:33+00:00
7012,7012.T,7012.jp,2004-03-17,1283.60,1327.33,1274.97,1318.60,1079901,https://stooq.com/q/d/l/?s=7012.jp&i=d,2026-03-22T01:59:33+00:00
7012,7012.T,7012.jp,2004-03-18,1344.71,1353.43,1292.34,1301.15,1304815,https://stooq.com/q/d/l/?s=7012.jp&i=d,2026-03-22T01:59:33+00:00
7012,7012.T,7012.jp,2004-03-19,1283.60,1301.15,1274.97,1292.34,430129,https://stooq.com/q/d/l/?s=7012.jp&i=d,2026-03-22T01:59:33+00:00
7012,7012.T,7012.jp,2004-03-22,1353.43,1440.91,1344.71,1440.91,6070589,https://stooq.com/q/d/l/?s=7012.jp&i=d,2026-03-22T01:59:33+00:00
7012,7012.T,7012.jp,2004-03-23,1414.53,1467.00,1397.18,1458.27,4117374,https://stooq.com/q/d/l/?s=7012.jp&i=d,2026-03-22T01:59:33+00:00
7012,7012.T,7012.jp,2004-03-24,1475.81,1502.00,1458.27,1484.46,3440002,https://stooq.com/q/d/l/?s=7012.jp&i=d,2026-03-22T01:59:33+00:00
7012,7012.T,7012.jp,2004-03-25,1493.19,1502.00,1467.00,1493.19,1512664,https://stooq.com/q/d/l/?s=7012.jp&i=d,2026-03-22T01:59:33+00:00
7012,7012.T,7012.jp,2004-03-26,1493.19,1502.00,1475.81,1484.46,1073490,https://stooq.com/q/d/l/?s=7012.jp&i=d,2026-03-22T01:59:33+00:00
7012,7012.T,7012.jp,2004-03-29,1467.00,1484.46,1432.09,1440.91,906865,https://stooq.com/q/d/l/?s=7012.jp&i=d,2026-03-22T01:59:33+00:00
7012,7012.T,7012.jp,2004-03-30,1467.00,1484.46,1449.45,1467.00,1603477,https://stooq.com/q/d/l/?s=7012.jp&i=d,2026-03-22T01:59:33+00:00
7012,7012.T,7012.jp,2004-03-31,1467.00,1475.81,1440.91,1458.27,1219729,https://stooq.com/q/d/l/?s=7012.jp&i=d,2026-03-22T01:59:33+00:00
7012,7012.T,7012.jp,2004-04-01,1475.81,1502.00,1467.00,1484.46,2700559,https://stooq.com/q/d/l/?s=7012.jp&i=d,2026-03-22T01:59:33+00:00
7012,7012.T,7012.jp,2004-04-02,1484.46,1484.46,1458.27,1467.00,675196,https://stooq.com/q/d/l/?s=7012.jp&i=d,2026-03-22T01:59:33+00:00
7012,7012.T,7012.jp,2004-04-05,1475.81,1484.46,1467.00,1475.81,935267,https://stooq.com/q/d/l/?s=7012.jp&i=d,2026-03-22T01:59:33+00:00
7012,7012.T,7012.jp,2004-04-06,1484.46,1528.11,1458.27,1528.11,2575275,https://stooq.com/q/d/l/?s=7012.jp&i=d,2026-03-22T01:59:33+00:00
7012,7012.T,7012.jp,2004-04-07,1519.38,1536.94,1493.19,1502.00,1525492,https://stooq.com/q/d/l/?s=7012.jp&i=d,2026-03-22T01:59:33+00:00
7012,7012.T,7012.jp,2004-04-08,1510.66,1519.38,1484.46,1493.19,1241029,https://stooq.com/q/d/l/?s=7012.jp&i=d,2026-03-22T01:59:33+00:00
7012,7012.T,7012.jp,2004-04-09,1502.00,1519.38,1449.45,1467.00,1700017,https://stooq.com/q/d/l/?s=7012.jp&i=d,2026-03-22T01:59:33+00:00
7012,7012.T,7012.jp,2004-04-12,1484.46,1502.00,1475.81,1484.46,556900,https://stooq.com/q/d/l/?s=7012.jp&i=d,2026-03-22T01:59:33+00:00
7012,7012.T,7012.jp,2004-04-13,1502.00,1502.00,1475.81,1493.19,488304,https://stooq.com/q/d/l/?s=7012.jp&i=d,2026-03-22T01:59:33+00:00
7012,7012.T,7012.jp,2004-04-14,1493.19,1571.76,1484.46,1571.76,2433845,https://stooq.com/q/d/l/?s=7012.jp&i=d,2026-03-22T01:59:33+00:00
7012,7012.T,7012.jp,2004-04-15,1606.76,1624.14,1536.94,1545.67,2056166,https://stooq.com/q/d/l/?s=7012.jp&i=d,2026-03-22T01:59:33+00:00
7012,7012.T,7012.jp,2004-04-16,1554.29,1563.03,1528.11,1545.67,594919,https://stooq.com/q/d/l/?s=7012.jp&i=d,2026-03-22T01:59:33+00:00
7012,7012.T,7012.jp,2004-04-19,1545.67,1554.29,1467.00,1493.19,798992,https://stooq.com/q/d/l/?s=7012.jp&i=d,2026-03-22T01:59:33+00:00
7012,7012.T,7012.jp,2004-04-20,1536.94,1580.57,1536.94,1563.03,1584812,https://stooq.com/q/d/l/?s=7012.jp&i=d,2026-03-22T01:59:33+00:00
7012,7012.T,7012.jp,2004-04-21,1563.03,1598.04,1545.67,1589.22,1687764,https://stooq.com/q/d/l/?s=7012.jp&i=d,2026-03-22T01:59:33+00:00
7012,7012.T,7012.jp,2004-04-22,1598.04,1632.86,1563.03,1580.57,2104265,https://stooq.com/q/d/l/?s=7012.jp&i=d,2026-03-22T01:59:33+00:00
7012,7012.T,7012.jp,2004-04-23,1589.22,1598.04,1563.03,1571.76,556212,https://stooq.com/q/d/l/?s=7012.jp&i=d,2026-03-22T01:59:33+00:00
7012,7012.T,7012.jp,2004-04-26,1589.22,1589.22,1536.94,1554.29,639697,https://stooq.com/q/d/l/?s=7012.jp&i=d,2026-03-22T01:59:33+00:00
7012,7012.T,7012.jp,2004-04-27,1554.29,1563.03,1475.81,1493.19,1137849,https://stooq.com/q/d/l/?s=7012.jp&i=d,2026-03-22T01:59:33+00:00
7012,7012.T,7012.jp,2004-04-28,1510.66,1528.11,1484.46,1502.00,1306419,https://stooq.com/q/d/l/?s=7012.jp&i=d,2026-03-22T01:59:33+00:00
7012,7012.T,7012.jp,2004-04-30,1475.81,1484.46,1440.91,1475.81,1017606,https://stooq.com/q/d/l/?s=7012.jp&i=d,2026-03-22T01:59:33+00:00
7012,7012.T,7012.jp,2004-05-06,1467.00,1475.81,1388.45,1414.53,972716,https://stooq.com/q/d/l/?s=7012.jp&i=d,2026-03-22T01:59:33+00:00
7012,7012.T,7012.jp,2004-05-07,1379.70,1405.91,1370.98,1379.70,1226257,https://stooq.com/q/d/l/?s=7012.jp&i=d,2026-03-22T01:59:33+00:00
7012,7012.T,7012.jp,2004-05-10,1379.70,1379.70,1274.97,1301.15,1026537,https://stooq.com/q/d/l/?s=7012.jp&i=d,2026-03-22T01:59:33+00:00
7012,7012.T,7012.jp,2004-05-11,1292.34,1353.43,1274.97,1336.06,951071,https://stooq.com/q/d/l/?s=7012.jp&i=d,2026-03-22T01:59:33+00:00
7012,7012.T,7012.jp,2004-05-12,1362.24,1458.27,1353.43,1458.27,3077667,https://stooq.com/q/d/l/?s=7012.jp&i=d,2026-03-22T01:59:33+00:00
7012,7012.T,7012.jp,2004-05-13,1484.46,1493.19,1432.09,1432.09,1485295,https://stooq.com/q/d/l/?s=7012.jp&i=d,2026-03-22T01:59:33+00:00
7012,7012.T,7012.jp,2004-05-14,1423.35,1432.09,1388.45,1405.91,931716,https://stooq.com/q/d/l/?s=7012.jp&i=d,2026-03-22T01:59:33+00:00
7012,7012.T,7012.jp,2004-05-17,1397.18,1405.91,1292.34,1309.79,1180680,https://stooq.com/q/d/l/?s=7012.jp&i=d,2026-03-22T01:59:33+00:00
7012,7012.T,7012.jp,2004-05-18,1301.15,1405.91,1292.34,1379.70,1031002,https://stooq.com/q/d/l/?s=7012.jp&i=d,2026-03-22T01:59:33+00:00
7012,7012.T,7012.jp,2004-05-19,1397.18,1440.91,1388.45,1432.09,670845,https://stooq.com/q/d/l/?s=7012.jp&i=d,2026-03-22T01:59:33+00:00
7012,7012.T,7012.jp,2004-05-20,1405.91,1440.91,1397.18,1414.53,713674,https://stooq.com/q/d/l/?s=7012.jp&i=d,2026-03-22T01:59:33+00:00
7012,7012.T,7012.jp,2004-05-21,1423.35,1467.00,1414.53,1467.00,636147,https://stooq.com/q/d/l/?s=7012.jp&i=d,2026-03-22T01:59:33+00:00
7012,7012.T,7012.jp,2004-05-24,1449.45,1484.46,1440.91,1484.46,571787,https://stooq.com/q/d/l/?s=7012.jp&i=d,2026-03-22T01:59:33+00:00
7012,7012.T,7012.jp,2004-05-25,1484.46,1493.19,1449.45,1458.27,627328,https://stooq.com/q/d/l/?s=7012.jp&i=d,2026-03-22T01:59:33+00:00
7012,7012.T,7012.jp,2004-05-26,1484.46,1493.19,1440.91,1458.27,459560,https://stooq.com/q/d/l/?s=7012.jp&i=d,2026-03-22T01:59:33+00:00
7012,7012.T,7012.jp,2004-05-27,1449.45,1458.27,1414.53,1440.91,444557,https://stooq.com/q/d/l/?s=7012.jp&i=d,2026-03-22T01:59:33+00:00
7012,7012.T,7012.jp,2004-05-28,1449.45,1467.00,1432.09,1440.91,440550,https://stooq.com/q/d/l/?s=7012.jp&i=d,2026-03-22T01:59:33+00:00
7012,7012.T,7012.jp,2004-05-31,1440.91,1467.00,1432.09,1458.27,374817,https://stooq.com/q/d/l/?s=7012.jp&i=d,2026-03-22T01:59:33+00:00
7012,7012.T,7012.jp,2004-06-01,1440.91,1458.27,1440.91,1449.45,243923,https://stooq.com/q/d/l/?s=7012.jp&i=d,2026-03-22T01:59:33+00:00
7012,7012.T,7012.jp,2004-06-02,1458.27,1475.81,1440.91,1467.00,358898,https://stooq.com/q/d/l/?s=7012.jp&i=d,2026-03-22T01:59:33+00:00
7012,7012.T,7012.jp,2004-06-03,1467.00,1475.81,1423.35,1440.91,608204,https://stooq.com/q/d/l/?s=7012.jp&i=d,2026-03-22T01:59:33+00:00
7012,7012.T,7012.jp,2004-06-04,1423.35,1432.09,1388.45,1405.91,655156,https://stooq.com/q/d/l/?s=7012.jp&i=d,2026-03-22T01:59:33+00:00
7012,7012.T,7012.jp,2004-06-07,1405.91,1432.09,1405.91,1414.53,703711,https://stooq.com/q/d/l/?s=7012.jp&i=d,2026-03-22T01:59:33+00:00
7012,7012.T,7012.jp,2004-06-08,1432.09,1458.27,1423.35,1432.09,967331,https://stooq.com/q/d/l/?s=7012.jp&i=d,2026-03-22T01:59:33+00:00
7012,7012.T,7012.jp,2004-06-09,1449.45,1458.27,1432.09,1432.09,527010,https://stooq.com/q/d/l/?s=7012.jp&i=d,2026-03-22T01:59:33+00:00
7012,7012.T,7012.jp,2004-06-10,1432.09,1502.00,1432.09,1493.19,1062954,https://stooq.com/q/d/l/?s=7012.jp&i=d,2026-03-22T01:59:33+00:00
7012,7012.T,7012.jp,2004-06-11,1493.19,1510.66,1484.46,1493.19,1561565,https://stooq.com/q/d/l/?s=7012.jp&i=d,2026-03-22T01:59:33+00:00
7012,7012.T,7012.jp,2004-06-14,1493.19,1528.11,1484.46,1502.00,936984,https://stooq.com/q/d/l/?s=7012.jp&i=d,2026-03-22T01:59:33+00:00
7012,7012.T,7012.jp,2004-06-15,1502.00,1510.66,1475.81,1475.81,533080,https://stooq.com/q/d/l/?s=7012.jp&i=d,2026-03-22T01:59:33+00:00
7012,7012.T,7012.jp,2004-06-16,1493.19,1510.66,1475.81,1484.46,530561,https://stooq.com/q/d/l/?s=7012.jp&i=d,2026-03-22T01:59:33+00:00
7012,7012.T,7012.jp,2004-06-17,1502.00,1519.38,1493.19,1502.00,687566,https://stooq.com/q/d/l/?s=7012.jp&i=d,2026-03-22T01:59:33+00:00
7012,7012.T,7012.jp,2004-06-18,1502.00,1502.00,1458.27,1484.46,531935,https://stooq.com/q/d/l/?s=7012.jp&i=d,2026-03-22T01:59:33+00:00
7012,7012.T,7012.jp,2004-06-21,1484.46,1510.66,1484.46,1493.19,610380,https://stooq.com/q/d/l/?s=7012.jp&i=d,2026-03-22T01:59:33+00:00
7012,7012.T,7012.jp,2004-06-22,1502.00,1502.00,1484.46,1502.00,364053,https://stooq.com/q/d/l/?s=7012.jp&i=d,2026-03-22T01:59:33+00:00
7012,7012.T,7012.jp,2004-06-23,1502.00,1519.38,1475.81,1484.46,655156,https://stooq.com/q/d/l/?s=7012.jp&i=d,2026-03-22T01:59:33+00:00
7012,7012.T,7012.jp,2004-06-24,1493.19,1502.00,1475.81,1484.46,486241,https://stooq.com/q/d/l/?s=7012.jp&i=d,2026-03-22T01:59:33+00:00
7012,7012.T,7012.jp,2004-06-25,1502.00,1536.94,1502.00,1528.11,2213401,https://stooq.com/q/d/l/?s=7012.jp&i=d,2026-03-22T01:59:33+00:00
7012,7012.T,7012.jp,2004-06-28,1536.94,1571.76,1536.94,1563.03,1262445,https://stooq.com/q/d/l/?s=7012.jp&i=d,2026-03-22T01:59:33+00:00
7012,7012.T,7012.jp,2004-06-29,1554.29,1563.03,1536.94,1563.03,370466,https://stooq.com/q/d/l/?s=7012.jp&i=d,2026-03-22T01:59:33+00:00
7012,7012.T,7012.jp,2004-06-30,1545.67,1554.29,1528.11,1536.94,575108,https://stooq.com/q/d/l/?s=7012.jp&i=d,2026-03-22T01:59:33+00:00
7012,7012.T,7012.jp,2004-07-01,1554.29,1563.03,1510.66,1528.11,516590,https://stooq.com/q/d/l/?s=7012.jp&i=d,2026-03-22T01:59:33+00:00
7012,7012.T,7012.jp,2004-07-02,1519.38,1528.11,1502.00,1510.66,475361,https://stooq.com/q/d/l/?s=7012.jp&i=d,2026-03-22T01:59:33+00:00
7012,7012.T,7012.jp,2004-07-05,1510.66,1519.38,1493.19,1493.19,422914,https://stooq.com/q/d/l/?s=7012.jp&i=d,2026-03-22T01:59:33+00:00
7012,7012.T,7012.jp,2004-07-06,1502.00,1536.94,1493.19,1519.38,1336765,https://stooq.com/q/d/l/?s=7012.jp&i=d,2026-03-22T01:59:33+00:00
7012,7012.T,7012.jp,2004-07-07,1510.66,1519.38,1475.81,1502.00,1031690,https://stooq.com/q/d/l/?s=7012.jp&i=d,2026-03-22T01:59:33+00:00
7012,7012.T,7012.jp,2004-07-08,1502.00,1502.00,1475.81,1475.81,373900,https://stooq.com/q/d/l/?s=7012.jp&i=d,2026-03-22T01:59:33+00:00
7012,7012.T,7012.jp,2004-07-09,1475.81,1493.19,1475.81,1493.19,460477,https://stooq.com/q/d/l/?s=7012.jp&i=d,2026-03-22T01:59:33+00:00
7012,7012.T,7012.jp,2004-07-12,1502.00,1528.11,1502.00,1519.38,340346,https://stooq.com/q/d/l/?s=7012.jp&i=d,2026-03-22T01:59:33+00:00
7012,7012.T,7012.jp,2004-07-13,1519.38,1528.11,1493.19,1528.11,422226,https://stooq.com/q/d/l/?s=7012.jp&i=d,2026-03-22T01:59:33+00:00
7012,7012.T,7012.jp,2004-07-14,1519.38,1536.94,1493.19,1493.19,649545,https://stooq.com/q/d/l/?s=7012.jp&i=d,2026-03-22T01:59:33+00:00
7012,7012.T,7012.jp,2004-07-15,1510.66,1510.66,1467.00,1484.46,292478,https://stooq.com/q/d/l/?s=7012.jp&i=d,2026-03-22T01:59:33+00:00
7012,7012.T,7012.jp,2004-07-16,1484.46,1484.46,1458.27,1484.46,358327,https://stooq.com/q/d/l/?s=7012.jp&i=d,2026-03-22T01:59:33+00:00
7012,7012.T,7012.jp,2004-07-20,1467.00,1467.00,1423.35,1432.09,768414,https://stooq.com/q/d/l/?s=7012.jp&i=d,2026-03-22T01:59:33+00:00
7012,7012.T,7012.jp,2004-07-21,1449.45,1449.45,1423.35,1432.09,612097,https://stooq.com/q/d/l/?s=7012.jp&i=d,2026-03-22T01:59:33+00:00
7012,7012.T,7012.jp,2004-07-22,1440.91,1449.45,1423.35,1432.09,268543,https://stooq.com/q/d/l/?s=7012.jp&i=d,2026-03-22T01:59:33+00:00
7012,7012.T,7012.jp,2004-07-23,1449.45,1449.45,1423.35,1423.35,255147,https://stooq.com/q/d/l/?s=7012.jp&i=d,2026-03-22T01:59:33+00:00
7012,7012.T,7012.jp,2004-07-26,1423.35,1432.09,1405.91,1423.35,291563,https://stooq.com/q/d/l/?s=7012.jp&i=d,2026-03-22T01:59:33+00:00
7012,7012.T,7012.jp,2004-07-27,1414.53,1423.35,1379.70,1397.18,417760,https://stooq.com/q/d/l/?s=7012.jp&i=d,2026-03-22T01:59:33+00:00
7012,7012.T,7012.jp,2004-07-28,1405.91,1414.53,1397.18,1405.91,467462,https://stooq.com/q/d/l/?s=7012.jp&i=d,2026-03-22T01:59:33+00:00
7012,7012.T,7012.jp,2004-07-29,1405.91,1405.91,1362.24,1388.45,331872,https://stooq.com/q/d/l/?s=7012.jp&i=d,2026-03-22T01:59:33+00:00
7012,7012.T,7012.jp,2004-07-30,1397.18,1423.35,1397.18,1423.35,293394,https://stooq.com/q/d/l/?s=7012.jp&i=d,2026-03-22T01:59:33+00:00
7012,7012.T,7012.jp,2004-08-02,1423.35,1449.45,1414.53,1440.91,446735,https://stooq.com/q/d/l/?s=7012.jp&i=d,2026-03-22T01:59:33+00:00
7012,7012.T,7012.jp,2004-08-03,1423.35,1432.09,1405.91,1423.35,192044,https://stooq.com/q/d/l/?s=7012.jp&i=d,2026-03-22T01:59:33+00:00
7012,7012.T,7012.jp,2004-08-04,1405.91,1405.91,1353.43,1379.70,487044,https://stooq.com/q/d/l/?s=7012.jp&i=d,2026-03-22T01:59:33+00:00
7012,7012.T,7012.jp,2004-08-05,1379.70,1423.35,1370.98,1405.91,501015,https://stooq.com/q/d/l/?s=7012.jp&i=d,2026-03-22T01:59:33+00:00
7012,7012.T,7012.jp,2004-08-06,1370.98,1388.45,1362.24,1370.98,587017,https://stooq.com/q/d/l/?s=7012.jp&i=d,2026-03-22T01:59:33+00:00
7012,7012.T,7012.jp,2004-08-09,1336.06,1353.43,1336.06,1344.71,533538,https://stooq.com/q/d/l/?s=7012.jp&i=d,2026-03-22T01:59:33+00:00
7012,7012.T,7012.jp,2004-08-10,1344.71,1344.71,1327.33,1336.06,459902,https://stooq.com/q/d/l/?s=7012.jp&i=d,2026-03-22T01:59:33+00:00
7012,7012.T,7012.jp,2004-08-11,1344.71,1362.24,1344.71,1353.43,460704,https://stooq.com/q/d/l/?s=7012.jp&i=d,2026-03-22T01:59:33+00:00
7012,7012.T,7012.jp,2004-08-12,1344.71,1397.18,1336.06,1370.98,874456,https://stooq.com/q/d/l/?s=7012.jp&i=d,2026-03-22T01:59:33+00:00
7012,7012.T,7012.jp,2004-08-13,1344.71,1370.98,1336.06,1336.06,853961,https://stooq.com/q/d/l/?s=7012.jp&i=d,2026-03-22T01:59:33+00:00
7012,7012.T,7012.jp,2004-08-16,1344.71,1353.43,1327.33,1344.71,497120,https://stooq.com/q/d/l/?s=7012.jp&i=d,2026-03-22T01:59:33+00:00
7012,7012.T,7012.jp,2004-08-17,1353.43,1353.43,1318.60,1327.33,427609,https://stooq.com/q/d/l/?s=7012.jp&i=d,2026-03-22T01:59:33+00:00
7012,7012.T,7012.jp,2004-08-18,1336.06,1336.06,1292.34,1318.60,996761,https://stooq.com/q/d/l/?s=7012.jp&i=d,2026-03-22T01:59:33+00:00
7012,7012.T,7012.jp,2004-08-19,1327.33,1336.06,1309.79,1327.33,462881,https://stooq.com/q/d/l/?s=7012.jp&i=d,2026-03-22T01:59:33+00:00
7012,7012.T,7012.jp,2004-08-20,1327.33,1353.43,1318.60,1344.71,603508,https://stooq.com/q/d/l/?s=7012.jp&i=d,2026-03-22T01:59:33+00:00
7012,7012.T,7012.jp,2004-08-23,1353.43,1362.24,1336.06,1336.06,654469,https://stooq.com/q/d/l/?s=7012.jp&i=d,2026-03-22T01:59:33+00:00
7012,7012.T,7012.jp,2004-08-24,1336.06,1405.91,1336.06,1388.45,1664515,https://stooq.com/q/d/l/?s=7012.jp&i=d,2026-03-22T01:59:33+00:00
7012,7012.T,7012.jp,2004-08-25,1379.70,1397.18,1362.24,1397.18,1329206,https://stooq.com/q/d/l/?s=7012.jp&i=d,2026-03-22T01:59:33+00:00
7012,7012.T,7012.jp,2004-08-26,1414.53,1423.35,1397.18,1405.91,1232096,https://stooq.com/q/d/l/?s=7012.jp&i=d,2026-03-22T01:59:33+00:00
7012,7012.T,7012.jp,2004-08-27,1405.91,1432.09,1388.45,1432.09,631908,https://stooq.com/q/d/l/?s=7012.jp&i=d,2026-03-22T01:59:33+00:00
7012,7012.T,7012.jp,2004-08-30,1449.45,1458.27,1432.09,1458.27,733028,https://stooq.com/q/d/l/?s=7012.jp&i=d,2026-03-22T01:59:33+00:00
7012,7012.T,7012.jp,2004-08-31,1449.45,1458.27,1432.09,1449.45,516590,https://stooq.com/q/d/l/?s=7012.jp&i=d,2026-03-22T01:59:33+00:00
7012,7012.T,7012.jp,2004-09-01,1458.27,1467.00,1423.35,1440.91,668783,https://stooq.com/q/d/l/?s=7012.jp&i=d,2026-03-22T01:59:33+00:00
7012,7012.T,7012.jp,2004-09-02,1449.45,1449.45,1432.09,1440.91,480518,https://stooq.com/q/d/l/?s=7012.jp&i=d,2026-03-22T01:59:33+00:00
7012,7012.T,7012.jp,2004-09-03,1397.18,1432.09,1388.45,1414.53,2363763,https://stooq.com/q/d/l/?s=7012.jp&i=d,2026-03-22T01:59:33+00:00
7012,7012.T,7012.jp,2004-09-06,1440.91,1484.46,1432.09,1484.46,1620656,https://stooq.com/q/d/l/?s=7012.jp&i=d,2026-03-22T01:59:33+00:00
7012,7012.T,7012.jp,2004-09-07,1493.19,1519.38,1484.46,1502.00,1058603,https://stooq.com/q/d/l/?s=7012.jp&i=d,2026-03-22T01:59:33+00:00
7012,7012.T,7012.jp,2004-09-08,1502.00,1510.66,1475.81,1484.46,826474,https://stooq.com/q/d/l/?s=7012.jp&i=d,2026-03-22T01:59:33+00:00
7012,7012.T,7012.jp,2004-09-09,1484.46,1502.00,1467.00,1493.19,569266,https://stooq.com/q/d/l/?s=7012.jp&i=d,2026-03-22T01:59:33+00:00
7012,7012.T,7012.jp,2004-09-10,1510.66,1510.66,1449.45,1493.19,1331385,https://stooq.com/q/d/l/?s=7012.jp&i=d,2026-03-22T01:59:33+00:00
7012,7012.T,7012.jp,2004-09-13,1493.19,1502.00,1484.46,1493.19,213346,https://stooq.com/q/d/l/?s=7012.jp&i=d,2026-03-22T01:59:33+00:00
7012,7012.T,7012.jp,2004-09-14,1493.19,1510.66,1484.46,1502.00,1114829,https://stooq.com/q/d/l/?s=7012.jp&i=d,2026-03-22T01:59:33+00:00
7012,7012.T,7012.jp,2004-09-15,1519.38,1554.29,1502.00,1510.66,2210539,https://stooq.com/q/d/l/?s=7012.jp&i=d,2026-03-22T01:59:33+00:00
7012,7012.T,7012.jp,2004-09-16,1475.81,1484.46,1440.91,1467.00,1234960,https://stooq.com/q/d/l/?s=7012.jp&i=d,2026-03-22T01:59:33+00:00
7012,7012.T,7012.jp,2004-09-17,1467.00,1475.81,1449.45,1458.27,480745,https://stooq.com/q/d/l/?s=7012.jp&i=d,2026-03-22T01:59:33+00:00
7012,7012.T,7012.jp,2004-09-21,1467.00,1493.19,1458.27,1475.81,355005,https://stooq.com/q/d/l/?s=7012.jp&i=d,2026-03-22T01:59:33+00:00
7012,7012.T,7012.jp,2004-09-22,1475.81,1475.81,1432.09,1449.45,635918,https://stooq.com/q/d/l/?s=7012.jp&i=d,2026-03-22T01:59:33+00:00
7012,7012.T,7012.jp,2004-09-24,1432.09,1440.91,1405.91,1432.09,792118,https://stooq.com/q/d/l/?s=7012.jp&i=d,2026-03-22T01:59:33+00:00
7012,7012.T,7012.jp,2004-09-27,1432.09,1449.45,1414.53,1449.45,252855,https://stooq.com/q/d/l/?s=7012.jp&i=d,2026-03-22T01:59:33+00:00
7012,7012.T,7012.jp,2004-09-28,1423.35,1432.09,1414.53,1423.35,408142,https://stooq.com/q/d/l/?s=7012.jp&i=d,2026-03-22T01:59:33+00:00
7012,7012.T,7012.jp,2004-09-29,1432.09,1440.91,1405.91,1414.53,673479,https://stooq.com/q/d/l/?s=7012.jp&i=d,2026-03-22T01:59:33+00:00
7012,7012.T,7012.jp,2004-09-30,1440.91,1458.27,1414.53,1449.45,579460,https://stooq.com/q/d/l/?s=7012.jp&i=d,2026-03-22T01:59:33+00:00
7012,7012.T,7012.jp,2004-10-01,1467.00,1493.19,1458.27,1484.46,860145,https://stooq.com/q/d/l/?s=7012.jp&i=d,2026-03-22T01:59:33+00:00
7012,7012.T,7012.jp,2004-10-04,1502.00,1528.11,1493.19,1510.66,1253625,https://stooq.com/q/d/l/?s=7012.jp&i=d,2026-03-22T01:59:33+00:00
7012,7012.T,7012.jp,2004-10-05,1519.38,1519.38,1484.46,1502.00,973171,https://stooq.com/q/d/l/?s=7012.jp&i=d,2026-03-22T01:59:33+00:00
7012,7012.T,7012.jp,2004-10-06,1502.00,1545.67,1502.00,1545.67,2095562,https://stooq.com/q/d/l/?s=7012.jp&i=d,2026-03-22T01:59:33+00:00
7012,7012.T,7012.jp,2004-10-07,1545.67,1571.76,1528.11,1554.29,2066588,https://stooq.com/q/d/l/?s=7012.jp&i=d,2026-03-22T01:59:33+00:00
7012,7012.T,7012.jp,2004-10-08,1563.03,1571.76,1545.67,1571.76,1330009,https://stooq.com/q/d/l/?s=7012.jp&i=d,2026-03-22T01:59:33+00:00
7012,7012.T,7012.jp,2004-10-12,1580.57,1589.22,1545.67,1554.29,854074,https://stooq.com/q/d/l/?s=7012.jp&i=d,2026-03-22T01:59:33+00:00
7012,7012.T,7012.jp,2004-10-13,1536.94,1554.29,1528.11,1545.67,462766,https://stooq.com/q/d/l/?s=7012.jp&i=d,2026-03-22T01:59:33+00:00
7012,7012.T,7012.jp,2004-10-14,1510.66,1519.38,1484.46,1484.46,894384,https://stooq.com/q/d/l/?s=7012.jp&i=d,2026-03-22T01:59:33+00:00
7012,7012.T,7012.jp,2004-10-15,1458.27,1502.00,1458.27,1493.19,742189,https://stooq.com/q/d/l/?s=7012.jp&i=d,2026-03-22T01:59:33+00:00
7012,7012.T,7012.jp,2004-10-18,1475.81,1484.46,1449.45,1467.00,669700,https://stooq.com/q/d/l/?s=7012.jp&i=d,2026-03-22T01:59:33+00:00
7012,7012.T,7012.jp,2004-10-19,1484.46,1493.19,1467.00,1475.81,596866,https://stooq.com/q/d/l/?s=7012.jp&i=d,2026-03-22T01:59:33+00:00
7012,7012.T,7012.jp,2004-10-20,1484.46,1484.46,1449.45,1458.27,545105,https://stooq.com/q/d/l/?s=7012.jp&i=d,2026-03-22T01:59:33+00:00
7012,7012.T,7012.jp,2004-10-21,1467.00,1493.19,1440.91,1458.27,1289814,https://stooq.com/q/d/l/?s=7012.jp&i=d,2026-03-22T01:59:33+00:00
7012,7012.T,7012.jp,2004-10-22,1467.00,1484.46,1449.45,1467.00,666492,https://stooq.com/q/d/l/?s=7012.jp&i=d,2026-03-22T01:59:33+00:00
7012,7012.T,7012.jp,2004-10-25,1458.27,1467.00,1440.91,1449.45,472615,https://stooq.com/q/d/l/?s=7012.jp&i=d,2026-03-22T01:59:33+00:00
7012,7012.T,7012.jp,2004-10-26,1440.91,1449.45,1432.09,1440.91,406650,https://stooq.com/q/d/l/?s=7012.jp&i=d,2026-03-22T01:59:33+00:00
7012,7012.T,7012.jp,2004-10-27,1449.45,1458.27,1432.09,1440.91,308168,https://stooq.com/q/d/l/?s=7012.jp&i=d,2026-03-22T01:59:33+00:00
7012,7012.T,7012.jp,2004-10-28,1449.45,1493.19,1449.45,1475.81,787539,https://stooq.com/q/d/l/?s=7012.jp&i=d,2026-03-22T01:59:33+00:00
7012,7012.T,7012.jp,2004-10-29,1475.81,1484.46,1458.27,1467.00,277248,https://stooq.com/q/d/l/?s=7012.jp&i=d,2026-03-22T01:59:33+00:00
7012,7012.T,7012.jp,2004-11-01,1467.00,1475.81,1449.45,1475.81,278849,https://stooq.com/q/d/l/?s=7012.jp&i=d,2026-03-22T01:59:33+00:00
7012,7012.T,7012.jp,2004-11-02,1484.46,1502.00,1467.00,1493.19,653553,https://stooq.com/q/d/l/?s=7012.jp&i=d,2026-03-22T01:59:33+00:00
7012,7012.T,7012.jp,2004-11-04,1493.19,1510.66,1449.45,1458.27,1613214,https://stooq.com/q/d/l/?s=7012.jp&i=d,2026-03-22T01:59:33+00:00
7012,7012.T,7012.jp,2004-11-05,1440.91,1458.27,1423.35,1440.91,2366624,https://stooq.com/q/d/l/?s=7012.jp&i=d,2026-03-22T01:59:33+00:00
7012,7012.T,7012.jp,2004-11-08,1449.45,1458.27,1423.35,1440.91,608778,https://stooq.com/q/d/l/?s=7012.jp&i=d,2026-03-22T01:59:33+00:00
7012,7012.T,7012.jp,2004-11-09,1423.35,1440.91,1414.53,1423.35,399437,https://stooq.com/q/d/l/?s=7012.jp&i=d,2026-03-22T01:59:33+00:00
7012,7012.T,7012.jp,2004-11-10,1414.53,1432.09,1414.53,1414.53,284920,https://stooq.com/q/d/l/?s=7012.jp&i=d,2026-03-22T01:59:33+00:00
7012,7012.T,7012.jp,2004-11-11,1414.53,1432.09,1397.18,1397.18,617939,https://stooq.com/q/d/l/?s=7012.jp&i=d,2026-03-22T01:59:33+00:00
7012,7012.T,7012.jp,2004-11-12,1388.45,1405.91,1379.70,1405.91,858082,https://stooq.com/q/d/l/?s=7012.jp&i=d,2026-03-22T01:59:33+00:00
7012,7012.T,7012.jp,2004-11-15,1405.91,1432.09,1405.91,1423.35,526668,https://stooq.com/q/d/l/?s=7012.jp&i=d,2026-03-22T01:59:33+00:00
7012,7012.T,7012.jp,2004-11-16,1432.09,1440.91,1423.35,1423.35,477998,https://stooq.com/q/d/l/?s=7012.jp&i=d,2026-03-22T01:59:33+00:00
7012,7012.T,7012.jp,2004-11-17,1440.91,1440.91,1423.35,1423.35,485784,https://stooq.com/q/d/l/?s=7012.jp&i=d,2026-03-22T01:59:33+00:00
7012,7012.T,7012.jp,2004-11-18,1423.35,1432.09,1388.45,1397.18,887170,https://stooq.com/q/d/l/?s=7012.jp&i=d,2026-03-22T01:59:33+00:00
7012,7012.T,7012.jp,2004-11-19,1397.18,1405.91,1388.45,1388.45,472501,https://stooq.com/q/d/l/?s=7012.jp&i=d,2026-03-22T01:59:33+00:00
7012,7012.T,7012.jp,2004-11-22,1388.45,1397.18,1344.71,1362.24,1131779,https://stooq.com/q/d/l/?s=7012.jp&i=d,2026-03-22T01:59:33+00:00
7012,7012.T,7012.jp,2004-11-24,1353.43,1353.43,1336.06,1353.43,1067878,https://stooq.com/q/d/l/?s=7012.jp&i=d,2026-03-22T01:59:33+00:00
7012,7012.T,7012.jp,2004-11-25,1353.43,1362.24,1344.71,1362.24,496665,https://stooq.com/q/d/l/?s=7012.jp&i=d,2026-03-22T01:59:33+00:00
7012,7012.T,7012.jp,2004-11-26,1362.24,1379.70,1344.71,1344.71,806433,https://stooq.com/q/d/l/?s=7012.jp&i=d,2026-03-22T01:59:33+00:00
7012,7012.T,7012.jp,2004-11-29,1353.43,1388.45,1344.71,1370.98,471241,https://stooq.com/q/d/l/?s=7012.jp&i=d,2026-03-22T01:59:33+00:00
7012,7012.T,7012.jp,2004-11-30,1379.70,1379.70,1353.43,1353.43,526093,https://stooq.com/q/d/l/?s=7012.jp&i=d,2026-03-22T01:59:33+00:00
7012,7012.T,7012.jp,2004-12-01,1353.43,1362.24,1353.43,1353.43,308168,https://stooq.com/q/d/l/?s=7012.jp&i=d,2026-03-22T01:59:33+00:00
7012,7012.T,7012.jp,2004-12-02,1370.98,1379.70,1362.24,1370.98,424746,https://stooq.com/q/d/l/?s=7012.jp&i=d,2026-03-22T01:59:33+00:00
7012,7012.T,7012.jp,2004-12-03,1379.70,1405.91,1370.98,1397.18,726158,https://stooq.com/q/d/l/?s=7012.jp&i=d,2026-03-22T01:59:33+00:00
7012,7012.T,7012.jp,2004-12-06,1397.18,1405.91,1379.70,1397.18,457498,https://stooq.com/q/d/l/?s=7012.jp&i=d,2026-03-22T01:59:33+00:00
7012,7012.T,7012.jp,2004-12-07,1405.91,1423.35,1397.18,1397.18,757306,https://stooq.com/q/d/l/?s=7012.jp&i=d,2026-03-22T01:59:33+00:00
7012,7012.T,7012.jp,2004-12-08,1388.45,1405.91,1388.45,1397.18,674853,https://stooq.com/q/d/l/?s=7012.jp&i=d,2026-03-22T01:59:33+00:00
7012,7012.T,7012.jp,2004-12-09,1397.18,1405.91,1379.70,1388.45,314809,https://stooq.com/q/d/l/?s=7012.jp&i=d,2026-03-22T01:59:33+00:00
7012,7012.T,7012.jp,2004-12-10,1388.45,1397.18,1379.70,1388.45,758108,https://stooq.com/q/d/l/?s=7012.jp&i=d,2026-03-22T01:59:33+00:00
7012,7012.T,7012.jp,2004-12-13,1397.18,1405.91,1388.45,1405.91,274499,https://stooq.com/q/d/l/?s=7012.jp&i=d,2026-03-22T01:59:33+00:00
7012,7012.T,7012.jp,2004-12-14,1414.53,1414.53,1397.18,1414.53,582093,https://stooq.com/q/d/l/?s=7012.jp&i=d,2026-03-22T01:59:33+00:00
7012,7012.T,7012.jp,2004-12-15,1414.53,1432.09,1405.91,1423.35,631335,https://stooq.com/q/d/l/?s=7012.jp&i=d,2026-03-22T01:59:33+00:00
7012,7012.T,7012.jp,2004-12-16,1423.35,1423.35,1397.18,1414.53,370578,https://stooq.com/q/d/l/?s=7012.jp&i=d,2026-03-22T01:59:33+00:00
7012,7012.T,7012.jp,2004-12-17,1397.18,1423.35,1397.18,1414.53,394742,https://stooq.com/q/d/l/?s=7012.jp&i=d,2026-03-22T01:59:33+00:00
7012,7012.T,7012.jp,2004-12-20,1414.53,1423.35,1405.91,1414.53,257780,https://stooq.com/q/d/l/?s=7012.jp&i=d,2026-03-22T01:59:33+00:00
7012,7012.T,7012.jp,2004-12-21,1423.35,1458.27,1423.35,1432.09,1070741,https://stooq.com/q/d/l/?s=7012.jp&i=d,2026-03-22T01:59:33+00:00
7012,7012.T,7012.jp,2004-12-22,1440.91,1449.45,1423.35,1449.45,627213,https://stooq.com/q/d/l/?s=7012.jp&i=d,2026-03-22T01:59:33+00:00
7012,7012.T,7012.jp,2004-12-24,1458.27,1467.00,1458.27,1458.27,501589,https://stooq.com/q/d/l/?s=7012.jp&i=d,2026-03-22T01:59:33+00:00
7012,7012.T,7012.jp,2004-12-27,1475.81,1475.81,1458.27,1467.00,207275,https://stooq.com/q/d/l/?s=7012.jp&i=d,2026-03-22T01:59:33+00:00
7012,7012.T,7012.jp,2004-12-28,1458.27,1467.00,1458.27,1467.00,137307,https://stooq.com/q/d/l/?s=7012.jp&i=d,2026-03-22T01:59:33+00:00
7012,7012.T,7012.jp,2004-12-29,1467.00,1475.81,1449.45,1458.27,219531,https://stooq.com/q/d/l/?s=7012.jp&i=d,2026-03-22T01:59:33+00:00
7012,7012.T,7012.jp,2004-12-30,1458.27,1467.00,1449.45,1467.00,118296,https://stooq.com/q/d/l/?s=7012.jp&i=d,2026-03-22T01:59:33+00:00
7012,7012.T,7012.jp,2005-01-04,1458.27,1484.46,1458.27,1475.81,272666,https://stooq.com/q/d/l/?s=7012.jp&i=d,2026-03-22T01:59:33+00:00
7012,7012.T,7012.jp,2005-01-05,1467.00,1484.46,1458.27,1467.00,722722,https://stooq.com/q/d/l/?s=7012.jp&i=d,2026-03-22T01:59:33+00:00
7012,7012.T,7012.jp,2005-01-06,1467.00,1493.19,1449.45,1493.19,1106127,https://stooq.com/q/d/l/?s=7012.jp&i=d,2026-03-22T01:59:33+00:00
7012,7012.T,7012.jp,2005-01-07,1493.19,1502.00,1475.81,1493.19,668325,https://stooq.com/q/d/l/?s=7012.jp&i=d,2026-03-22T01:59:33+00:00
7012,7012.T,7012.jp,2005-01-11,1502.00,1502.00,1484.46,1493.19,405279,https://stooq.com/q/d/l/?s=7012.jp&i=d,2026-03-22T01:59:33+00:00
7012,7012.T,7012.jp,2005-01-12,1493.19,1502.00,1467.00,1475.81,352485,https://stooq.com/q/d/l/?s=7012.jp&i=d,2026-03-22T01:59:33+00:00
7012,7012.T,7012.jp,2005-01-13,1467.00,1475.81,1458.27,1458.27,291219,https://stooq.com/q/d/l/?s=7012.jp&i=d,2026-03-22T01:59:33+00:00
7012,7012.T,7012.jp,2005-01-14,1449.45,1493.19,1449.45,1475.81,649889,https://stooq.com/q/d/l/?s=7012.jp&i=d,2026-03-22T01:59:33+00:00
7012,7012.T,7012.jp,2005-01-17,1493.19,1519.38,1484.46,1510.66,1042342,https://stooq.com/q/d/l/?s=7012.jp&i=d,2026-03-22T01:59:33+00:00
7012,7012.T,7012.jp,2005-01-18,1519.38,1519.38,1493.19,1502.00,411806,https://stooq.com/q/d/l/?s=7012.jp&i=d,2026-03-22T01:59:33+00:00
7012,7012.T,7012.jp,2005-01-19,1510.66,1510.66,1484.46,1502.00,364397,https://stooq.com/q/d/l/?s=7012.jp&i=d,2026-03-22T01:59:33+00:00
7012,7012.T,7012.jp,2005-01-20,1484.46,1493.19,1475.81,1475.81,297403,https://stooq.com/q/d/l/?s=7012.jp&i=d,2026-03-22T01:59:33+00:00
7012,7012.T,7012.jp,2005-01-21,1475.81,1484.46,1475.81,1475.81,149904,https://stooq.com/q/d/l/?s=7012.jp&i=d,2026-03-22T01:59:33+00:00
7012,7012.T,7012.jp,2005-01-24,1484.46,1502.00,1475.81,1484.46,340804,https://stooq.com/q/d/l/?s=7012.jp&i=d,2026-03-22T01:59:33+00:00
7012,7012.T,7012.jp,2005-01-25,1493.19,1493.19,1475.81,1484.46,214606,https://stooq.com/q/d/l/?s=7012.jp&i=d,2026-03-22T01:59:33+00:00
7012,7012.T,7012.jp,2005-01-26,1484.46,1502.00,1484.46,1493.19,589080,https://stooq.com/q/d/l/?s=7012.jp&i=d,2026-03-22T01:59:33+00:00
7012,7012.T,7012.jp,2005-01-27,1484.46,1493.19,1467.00,1475.81,753758,https://stooq.com/q/d/l/?s=7012.jp&i=d,2026-03-22T01:59:33+00:00
7012,7012.T,7012.jp,2005-01-28,1475.81,1493.19,1467.00,1493.19,539722,https://stooq.com/q/d/l/?s=7012.jp&i=d,2026-03-22T01:59:33+00:00
7012,7012.T,7012.jp,2005-01-31,1493.19,1510.66,1484.46,1493.19,538691,https://stooq.com/q/d/l/?s=7012.jp&i=d,2026-03-22T01:59:33+00:00
7012,7012.T,7012.jp,2005-02-01,1502.00,1502.00,1484.46,1493.19,208077,https://stooq.com/q/d/l/?s=7012.jp&i=d,2026-03-22T01:59:33+00:00
7012,7012.T,7012.jp,2005-02-02,1493.19,1519.38,1493.19,1510.66,978553,https://stooq.com/q/d/l/?s=7012.jp&i=d,2026-03-22T01:59:33+00:00
7012,7012.T,7012.jp,2005-02-03,1510.66,1536.94,1502.00,1528.11,1632337,https://stooq.com/q/d/l/?s=7012.jp&i=d,2026-03-22T01:59:33+00:00
7012,7012.T,7012.jp,2005-02-04,1528.11,1528.11,1493.19,1519.38,1167050,https://stooq.com/q/d/l/?s=7012.jp&i=d,2026-03-22T01:59:33+00:00
7012,7012.T,7012.jp,2005-02-07,1502.00,1519.38,1493.19,1510.66,601905,https://stooq.com/q/d/l/?s=7012.jp&i=d,2026-03-22T01:59:33+00:00
7012,7012.T,7012.jp,2005-02-08,1510.66,1536.94,1502.00,1519.38,1459872,https://stooq.com/q/d/l/?s=7012.jp&i=d,2026-03-22T01:59:33+00:00
7012,7012.T,7012.jp,2005-02-09,1528.11,1563.03,1528.11,1554.29,1613669,https://stooq.com/q/d/l/?s=7012.jp&i=d,2026-03-22T01:59:33+00:00
7012,7012.T,7012.jp,2005-02-10,1545.67,1580.57,1545.67,1563.03,1119755,https://stooq.com/q/d/l/?s=7012.jp&i=d,2026-03-22T01:59:33+00:00
7012,7012.T,7012.jp,2005-02-14,1571.76,1580.57,1554.29,1571.76,762459,https://stooq.com/q/d/l/?s=7012.jp&i=d,2026-03-22T01:59:33+00:00
7012,7012.T,7012.jp,2005-02-15,1563.03,1580.57,1563.03,1580.57,502274,https://stooq.com/q/d/l/?s=7012.jp&i=d,2026-03-22T01:59:33+00:00
7012,7012.T,7012.jp,2005-02-16,1589.22,1624.14,1563.03,1589.22,2893636,https://stooq.com/q/d/l/?s=7012.jp&i=d,2026-03-22T01:59:33+00:00
7012,7012.T,7012.jp,2005-02-17,1589.22,1589.22,1563.03,1563.03,612442,https://stooq.com/q/d/l/?s=7012.jp&i=d,2026-03-22T01:59:33+00:00
7012,7012.T,7012.jp,2005-02-18,1563.03,1571.76,1554.29,1554.29,488190,https://stooq.com/q/d/l/?s=7012.jp&i=d,2026-03-22T01:59:33+00:00
7012,7012.T,7012.jp,2005-02-21,1571.76,1580.57,1563.03,1571.76,529529,https://stooq.com/q/d/l/?s=7012.jp&i=d,2026-03-22T01:59:33+00:00
7012,7012.T,7012.jp,2005-02-22,1563.03,1563.03,1554.29,1554.29,277017,https://stooq.com/q/d/l/?s=7012.jp&i=d,2026-03-22T01:59:33+00:00
7012,7012.T,7012.jp,2005-02-23,1536.94,1545.67,1519.38,1536.94,628587,https://stooq.com/q/d/l/?s=7012.jp&i=d,2026-03-22T01:59:33+00:00
7012,7012.T,7012.jp,2005-02-24,1536.94,1545.67,1528.11,1536.94,765321,https://stooq.com/q/d/l/?s=7012.jp&i=d,2026-03-22T01:59:33+00:00
7012,7012.T,7012.jp,2005-02-25,1554.29,1563.03,1536.94,1545.67,589766,https://stooq.com/q/d/l/?s=7012.jp&i=d,2026-03-22T01:59:33+00:00
7012,7012.T,7012.jp,2005-02-28,1571.76,1580.57,1554.29,1571.76,658017,https://stooq.com/q/d/l/?s=7012.jp&i=d,2026-03-22T01:59:33+00:00
7012,7012.T,7012.jp,2005-03-01,1580.57,1632.86,1580.57,1632.86,1655926,https://stooq.com/q/d/l/?s=7012.jp&i=d,2026-03-22T01:59:33+00:00
7012,7012.T,7012.jp,2005-03-02,1632.86,1632.86,1598.04,1598.04,1243434,https://stooq.com/q/d/l/?s=7012.jp&i=d,2026-03-22T01:59:33+00:00
7012,7012.T,7012.jp,2005-03-03,1598.04,1615.49,1598.04,1598.04,418790,https://stooq.com/q/d/l/?s=7012.jp&i=d,2026-03-22T01:59:33+00:00
7012,7012.T,7012.jp,2005-03-04,1598.04,1606.76,1571.76,1606.76,818230,https://stooq.com/q/d/l/?s=7012.jp&i=d,2026-03-22T01:59:33+00:00
7012,7012.T,7012.jp,2005-03-07,1615.49,1641.69,1606.76,1632.86,1139222,https://stooq.com/q/d/l/?s=7012.jp&i=d,2026-03-22T01:59:33+00:00
7012,7012.T,7012.jp,2005-03-08,1632.86,1667.88,1624.14,1641.69,1886338,https://stooq.com/q/d/l/?s=7012.jp&i=d,2026-03-22T01:59:33+00:00
7012,7012.T,7012.jp,2005-03-09,1632.86,1676.60,1632.86,1676.60,1505222,https://stooq.com/q/d/l/?s=7012.jp&i=d,2026-03-22T01:59:33+00:00
7012,7012.T,7012.jp,2005-03-10,1659.13,1667.88,1632.86,1632.86,703252,https://stooq.com/q/d/l/?s=7012.jp&i=d,2026-03-22T01:59:33+00:00
7012,7012.T,7012.jp,2005-03-11,1650.41,1667.88,1641.69,1659.13,1134298,https://stooq.com/q/d/l/?s=7012.jp&i=d,2026-03-22T01:59:33+00:00
7012,7012.T,7012.jp,2005-03-14,1676.60,1711.52,1667.88,1676.60,1444872,https://stooq.com/q/d/l/?s=7012.jp&i=d,2026-03-22T01:59:33+00:00
7012,7012.T,7012.jp,2005-03-15,1685.33,1728.98,1685.33,1693.97,2415751,https://stooq.com/q/d/l/?s=7012.jp&i=d,2026-03-22T01:59:33+00:00
7012,7012.T,7012.jp,2005-03-16,1702.80,1711.52,1685.33,1702.80,703827,https://stooq.com/q/d/l/?s=7012.jp&i=d,2026-03-22T01:59:33+00:00
7012,7012.T,7012.jp,2005-03-17,1693.97,1711.52,1685.33,1693.97,415012,https://stooq.com/q/d/l/?s=7012.jp&i=d,2026-03-22T01:59:33+00:00
7012,7012.T,7012.jp,2005-03-18,1693.97,1711.52,1693.97,1693.97,340460,https://stooq.com/q/d/l/?s=7012.jp&i=d,2026-03-22T01:59:33+00:00
7012,7012.T,7012.jp,2005-03-22,1685.33,1711.52,1685.33,1702.80,430816,https://stooq.com/q/d/l/?s=7012.jp&i=d,2026-03-22T01:59:33+00:00
7012,7012.T,7012.jp,2005-03-23,1702.80,1702.80,1659.13,1693.97,889574,https://stooq.com/q/d/l/?s=7012.jp&i=d,2026-03-22T01:59:33+00:00
7012,7012.T,7012.jp,2005-03-24,1685.33,1685.33,1650.41,1659.13,913966,https://stooq.com/q/d/l/?s=7012.jp&i=d,2026-03-22T01:59:33+00:00
7012,7012.T,7012.jp,2005-03-25,1685.33,1685.33,1624.14,1632.86,686763,https://stooq.com/q/d/l/?s=7012.jp&i=d,2026-03-22T01:59:33+00:00
7012,7012.T,7012.jp,2005-03-28,1632.86,1667.88,1632.86,1650.41,387642,https://stooq.com/q/d/l/?s=7012.jp&i=d,2026-03-22T01:59:33+00:00
7012,7012.T,7012.jp,2005-03-29,1676.60,1676.60,1632.86,1632.86,418448,https://stooq.com/q/d/l/?s=7012.jp&i=d,2026-03-22T01:59:33+00:00
7012,7012.T,7012.jp,2005-03-30,1632.86,1641.69,1580.57,1598.04,1128801,https://stooq.com/q/d/l/?s=7012.jp&i=d,2026-03-22T01:59:33+00:00
7012,7012.T,7012.jp,2005-03-31,1589.22,1624.14,1571.76,1615.49,1253512,https://stooq.com/q/d/l/?s=7012.jp&i=d,2026-03-22T01:59:33+00:00
7012,7012.T,7012.jp,2005-04-01,1606.76,1659.13,1598.04,1641.69,1181595,https://stooq.com/q/d/l/?s=7012.jp&i=d,2026-03-22T01:59:33+00:00
7012,7012.T,7012.jp,2005-04-04,1650.41,1711.52,1641.69,1693.97,2751978,https://stooq.com/q/d/l/?s=7012.jp&i=d,2026-03-22T01:59:33+00:00
7012,7012.T,7012.jp,2005-04-05,1728.98,1772.63,1720.34,1755.17,4932970,https://stooq.com/q/d/l/?s=7012.jp&i=d,2026-03-22T01:59:33+00:00
7012,7012.T,7012.jp,2005-04-06,1755.17,1755.17,1728.98,1737.71,1688679,https://stooq.com/q/d/l/?s=7012.jp&i=d,2026-03-22T01:59:33+00:00
7012,7012.T,7012.jp,2005-04-07,1746.46,1790.08,1728.98,1781.44,2785531,https://stooq.com/q/d/l/?s=7012.jp&i=d,2026-03-22T01:59:33+00:00
7012,7012.T,7012.jp,2005-04-08,1790.08,1825.09,1781.44,1798.82,2334559,https://stooq.com/q/d/l/?s=7012.jp&i=d,2026-03-22T01:59:33+00:00
7012,7012.T,7012.jp,2005-04-11,1781.44,1781.44,1728.98,1746.46,1229693,https://stooq.com/q/d/l/?s=7012.jp&i=d,2026-03-22T01:59:33+00:00
7012,7012.T,7012.jp,2005-04-12,1737.71,1772.63,1737.71,1737.71,1373641,https://stooq.com/q/d/l/?s=7012.jp&i=d,2026-03-22T01:59:33+00:00
7012,7012.T,7012.jp,2005-04-13,1755.17,1772.63,1746.46,1763.89,834033,https://stooq.com/q/d/l/?s=7012.jp&i=d,2026-03-22T01:59:33+00:00
7012,7012.T,7012.jp,2005-04-14,1746.46,1755.17,1728.98,1746.46,876519,https://stooq.com/q/d/l/?s=7012.jp&i=d,2026-03-22T01:59:33+00:00
7012,7012.T,7012.jp,2005-04-15,1720.34,1720.34,1693.97,1702.80,1801936,https://stooq.com/q/d/l/?s=7012.jp&i=d,2026-03-22T01:59:33+00:00
7012,7012.T,7012.jp,2005-04-18,1676.60,1676.60,1624.14,1632.86,1669556,https://stooq.com/q/d/l/?s=7012.jp&i=d,2026-03-22T01:59:33+00:00
7012,7012.T,7012.jp,2005-04-19,1676.60,1728.98,1659.13,1728.98,1772162,https://stooq.com/q/d/l/?s=7012.jp&i=d,2026-03-22T01:59:33+00:00
7012,7012.T,7012.jp,2005-04-20,1737.71,1763.89,1693.97,1711.52,1639435,https://stooq.com/q/d/l/?s=7012.jp&i=d,2026-03-22T01:59:33+00:00
7012,7012.T,7012.jp,2005-04-21,1667.88,1720.34,1650.41,1711.52,2293906,https://stooq.com/q/d/l/?s=7012.jp&i=d,2026-03-22T01:59:33+00:00
7012,7012.T,7012.jp,2005-04-22,1737.71,1746.46,1720.34,1720.34,1596952,https://stooq.com/q/d/l/?s=7012.jp&i=d,2026-03-22T01:59:33+00:00
7012,7012.T,7012.jp,2005-04-25,1728.98,1755.17,1728.98,1746.46,1489992,https://stooq.com/q/d/l/?s=7012.jp&i=d,2026-03-22T01:59:33+00:00
7012,7012.T,7012.jp,2005-04-26,1746.46,1755.17,1728.98,1746.46,597782,https://stooq.com/q/d/l/?s=7012.jp&i=d,2026-03-22T01:59:33+00:00
7012,7012.T,7012.jp,2005-04-27,1746.46,1772.63,1728.98,1772.63,1364709,https://stooq.com/q/d/l/?s=7012.jp&i=d,2026-03-22T01:59:33+00:00
7012,7012.T,7012.jp,2005-04-28,1755.17,1790.08,1737.71,1772.63,2325512,https://stooq.com/q/d/l/?s=7012.jp&i=d,2026-03-22T01:59:33+00:00
7012,7012.T,7012.jp,2005-05-02,1755.17,1772.63,1746.46,1763.89,796929,https://stooq.com/q/d/l/?s=7012.jp&i=d,2026-03-22T01:59:33+00:00
7012,7012.T,7012.jp,2005-05-06,1772.63,1781.44,1763.89,1772.63,643245,https://stooq.com/q/d/l/?s=7012.jp&i=d,2026-03-22T01:59:33+00:00
7012,7012.T,7012.jp,2005-05-09,1781.44,1781.44,1755.17,1763.89,667064,https://stooq.com/q/d/l/?s=7012.jp&i=d,2026-03-22T01:59:33+00:00
7012,7012.T,7012.jp,2005-05-10,1772.63,1790.08,1763.89,1781.44,2296885,https://stooq.com/q/d/l/?s=7012.jp&i=d,2026-03-22T01:59:33+00:00
7012,7012.T,7012.jp,2005-05-11,1772.63,1825.09,1772.63,1816.36,2988916,https://stooq.com/q/d/l/?s=7012.jp&i=d,2026-03-22T01:59:33+00:00
7012,7012.T,7012.jp,2005-05-12,1816.36,1842.56,1807.55,1807.55,2382198,https://stooq.com/q/d/l/?s=7012.jp&i=d,2026-03-22T01:59:33+00:00
7012,7012.T,7012.jp,2005-05-13,1781.44,1807.55,1781.44,1790.08,872167,https://stooq.com/q/d/l/?s=7012.jp&i=d,2026-03-22T01:59:33+00:00
7012,7012.T,7012.jp,2005-05-16,1790.08,1798.82,1746.46,1755.17,727074,https://stooq.com/q/d/l/?s=7012.jp&i=d,2026-03-22T01:59:33+00:00
7012,7012.T,7012.jp,2005-05-17,1772.63,1772.63,1711.52,1728.98,1166248,https://stooq.com/q/d/l/?s=7012.jp&i=d,2026-03-22T01:59:33+00:00
7012,7012.T,7012.jp,2005-05-18,1763.89,1763.89,1711.52,1720.34,1062152,https://stooq.com/q/d/l/?s=7012.jp&i=d,2026-03-22T01:59:33+00:00
7012,7012.T,7012.jp,2005-05-19,1746.46,1763.89,1737.71,1737.71,1012794,https://stooq.com/q/d/l/?s=7012.jp&i=d,2026-03-22T01:59:33+00:00
7012,7012.T,7012.jp,2005-05-20,1755.17,1772.63,1737.71,1755.17,924730,https://stooq.com/q/d/l/?s=7012.jp&i=d,2026-03-22T01:59:33+00:00
7012,7012.T,7012.jp,2005-05-23,1755.17,1772.63,1728.98,1737.71,1385893,https://stooq.com/q/d/l/?s=7012.jp&i=d,2026-03-22T01:59:33+00:00
7012,7012.T,7012.jp,2005-05-24,1737.71,1746.46,1728.98,1746.46,451887,https://stooq.com/q/d/l/?s=7012.jp&i=d,2026-03-22T01:59:33+00:00
7012,7012.T,7012.jp,2005-05-25,1728.98,1737.71,1685.33,1702.80,781928,https://stooq.com/q/d/l/?s=7012.jp&i=d,2026-03-22T01:59:33+00:00
7012,7012.T,7012.jp,2005-05-26,1711.52,1711.52,1685.33,1693.97,511209,https://stooq.com/q/d/l/?s=7012.jp&i=d,2026-03-22T01:59:33+00:00
7012,7012.T,7012.jp,2005-05-27,1685.33,1728.98,1676.60,1711.52,998366,https://stooq.com/q/d/l/?s=7012.jp&i=d,2026-03-22T01:59:33+00:00
7012,7012.T,7012.jp,2005-05-30,1711.52,1728.98,1693.97,1693.97,880527,https://stooq.com/q/d/l/?s=7012.jp&i=d,2026-03-22T01:59:33+00:00
7012,7012.T,7012.jp,2005-05-31,1702.80,1711.52,1667.88,1702.80,951756,https://stooq.com/q/d/l/?s=7012.jp&i=d,2026-03-22T01:59:33+00:00
7012,7012.T,7012.jp,2005-06-01,1693.97,1728.98,1693.97,1720.34,472843,https://stooq.com/q/d/l/?s=7012.jp&i=d,2026-03-22T01:59:33+00:00
7012,7012.T,7012.jp,2005-06-02,1728.98,1728.98,1702.80,1728.98,759025,https://stooq.com/q/d/l/?s=7012.jp&i=d,2026-03-22T01:59:33+00:00
7012,7012.T,7012.jp,2005-06-03,1720.34,1728.98,1711.52,1720.34,549569,https://stooq.com/q/d/l/?s=7012.jp&i=d,2026-03-22T01:59:33+00:00
7012,7012.T,7012.jp,2005-06-06,1720.34,1728.98,1702.80,1711.52,325803,https://stooq.com/q/d/l/?s=7012.jp&i=d,2026-03-22T01:59:33+00:00
7012,7012.T,7012.jp,2005-06-07,1720.34,1755.17,1711.52,1737.71,1079901,https://stooq.com/q/d/l/?s=7012.jp&i=d,2026-03-22T01:59:33+00:00
7012,7012.T,7012.jp,2005-06-08,1746.46,1772.63,1746.46,1772.63,1093187,https://stooq.com/q/d/l/?s=7012.jp&i=d,2026-03-22T01:59:33+00:00
7012,7012.T,7012.jp,2005-06-09,1781.44,1790.08,1755.17,1755.17,1081506,https://stooq.com/q/d/l/?s=7012.jp&i=d,2026-03-22T01:59:33+00:00
7012,7012.T,7012.jp,2005-06-10,1763.89,1790.08,1763.89,1781.44,1359900,https://stooq.com/q/d/l/?s=7012.jp&i=d,2026-03-22T01:59:33+00:00
7012,7012.T,7012.jp,2005-06-13,1781.44,1798.82,1763.89,1763.89,971454,https://stooq.com/q/d/l/?s=7012.jp&i=d,2026-03-22T01:59:33+00:00
7012,7012.T,7012.jp,2005-06-14,1772.63,1790.08,1763.89,1781.44,804030,https://stooq.com/q/d/l/?s=7012.jp&i=d,2026-03-22T01:59:33+00:00
7012,7012.T,7012.jp,2005-06-15,1781.44,1798.82,1763.89,1781.44,1240228,https://stooq.com/q/d/l/?s=7012.jp&i=d,2026-03-22T01:59:33+00:00
7012,7012.T,7012.jp,2005-06-16,1781.44,1807.55,1772.63,1807.55,842506,https://stooq.com/q/d/l/?s=7012.jp&i=d,2026-03-22T01:59:33+00:00
7012,7012.T,7012.jp,2005-06-17,1807.55,1816.36,1790.08,1816.36,793950,https://stooq.com/q/d/l/?s=7012.jp&i=d,2026-03-22T01:59:33+00:00
7012,7012.T,7012.jp,2005-06-20,1816.36,1825.09,1790.08,1807.55,516931,https://stooq.com/q/d/l/?s=7012.jp&i=d,2026-03-22T01:59:33+00:00
7012,7012.T,7012.jp,2005-06-21,1790.08,1798.82,1781.44,1781.44,380082,https://stooq.com/q/d/l/?s=7012.jp&i=d,2026-03-22T01:59:33+00:00
7012,7012.T,7012.jp,2005-06-22,1781.44,1790.08,1772.63,1781.44,646913,https://stooq.com/q/d/l/?s=7012.jp&i=d,2026-03-22T01:59:33+00:00
7012,7012.T,7012.jp,2005-06-23,1781.44,1781.44,1772.63,1772.63,180708,https://stooq.com/q/d/l/?s=7012.jp&i=d,2026-03-22T01:59:33+00:00
7012,7012.T,7012.jp,2005-06-24,1772.63,1807.55,1763.89,1807.55,775171,https://stooq.com/q/d/l/?s=7012.jp&i=d,2026-03-22T01:59:33+00:00
7012,7012.T,7012.jp,2005-06-27,1781.44,1798.82,1763.89,1781.44,871366,https://stooq.com/q/d/l/?s=7012.jp&i=d,2026-03-22T01:59:33+00:00
7012,7012.T,7012.jp,2005-06-28,1798.82,1825.09,1790.08,1816.36,1641498,https://stooq.com/q/d/l/?s=7012.jp&i=d,2026-03-22T01:59:33+00:00
7012,7012.T,7012.jp,2005-06-29,1825.09,1842.56,1816.36,1816.36,930801,https://stooq.com/q/d/l/?s=7012.jp&i=d,2026-03-22T01:59:33+00:00
7012,7012.T,7012.jp,2005-06-30,1833.73,1886.20,1825.09,1860.00,2355173,https://stooq.com/q/d/l/?s=7012.jp&i=d,2026-03-22T01:59:33+00:00
7012,7012.T,7012.jp,2005-07-01,1860.00,1894.93,1851.19,1877.46,2058686,https://stooq.com/q/d/l/?s=7012.jp&i=d,2026-03-22T01:59:33+00:00
7012,7012.T,7012.jp,2005-07-04,1886.20,1894.93,1868.66,1894.93,595607,https://stooq.com/q/d/l/?s=7012.jp&i=d,2026-03-22T01:59:33+00:00
7012,7012.T,7012.jp,2005-07-05,1894.93,1894.93,1842.56,1860.00,676228,https://stooq.com/q/d/l/?s=7012.jp&i=d,2026-03-22T01:59:33+00:00
7012,7012.T,7012.jp,2005-07-06,1868.66,1877.46,1851.19,1860.00,448794,https://stooq.com/q/d/l/?s=7012.jp&i=d,2026-03-22T01:59:33+00:00
7012,7012.T,7012.jp,2005-07-07,1842.56,1868.66,1842.56,1860.00,552777,https://stooq.com/q/d/l/?s=7012.jp&i=d,2026-03-22T01:59:33+00:00
7012,7012.T,7012.jp,2005-07-08,1851.19,1860.00,1825.09,1833.73,737608,https://stooq.com/q/d/l/?s=7012.jp&i=d,2026-03-22T01:59:33+00:00
7012,7012.T,7012.jp,2005-07-11,1851.19,1860.00,1842.56,1842.56,294197,https://stooq.com/q/d/l/?s=7012.jp&i=d,2026-03-22T01:59:33+00:00
7012,7012.T,7012.jp,2005-07-12,1842.56,1868.66,1842.56,1860.00,685618,https://stooq.com/q/d/l/?s=7012.jp&i=d,2026-03-22T01:59:33+00:00
7012,7012.T,7012.jp,2005-07-13,1860.00,1886.20,1851.19,1877.46,644046,https://stooq.com/q/d/l/?s=7012.jp&i=d,2026-03-22T01:59:33+00:00
7012,7012.T,7012.jp,2005-07-14,1877.46,1903.56,1868.66,1877.46,933549,https://stooq.com/q/d/l/?s=7012.jp&i=d,2026-03-22T01:59:33+00:00
7012,7012.T,7012.jp,2005-07-15,1886.20,1894.93,1851.19,1851.19,556671,https://stooq.com/q/d/l/?s=7012.jp&i=d,2026-03-22T01:59:33+00:00
7012,7012.T,7012.jp,2005-07-19,1860.00,1894.93,1851.19,1894.93,565603,https://stooq.com/q/d/l/?s=7012.jp&i=d,2026-03-22T01:59:33+00:00
7012,7012.T,7012.jp,2005-07-20,1886.20,1894.93,1877.46,1877.46,414898,https://stooq.com/q/d/l/?s=7012.jp&i=d,2026-03-22T01:59:33+00:00
7012,7012.T,7012.jp,2005-07-21,1903.56,1921.11,1894.93,1912.30,1177586,https://stooq.com/q/d/l/?s=7012.jp&i=d,2026-03-22T01:59:33+00:00
7012,7012.T,7012.jp,2005-07-22,1894.93,1894.93,1860.00,1860.00,1118494,https://stooq.com/q/d/l/?s=7012.jp&i=d,2026-03-22T01:59:33+00:00
7012,7012.T,7012.jp,2005-07-25,1877.46,1886.20,1868.66,1877.46,433908,https://stooq.com/q/d/l/?s=7012.jp&i=d,2026-03-22T01:59:33+00:00
7012,7012.T,7012.jp,2005-07-26,1868.66,1886.20,1860.00,1877.46,483837,https://stooq.com/q/d/l/?s=7012.jp&i=d,2026-03-22T01:59:33+00:00
7012,7012.T,7012.jp,2005-07-27,1877.46,1894.93,1868.66,1886.20,744823,https://stooq.com/q/d/l/?s=7012.jp&i=d,2026-03-22T01:59:33+00:00
7012,7012.T,7012.jp,2005-07-28,1894.93,1964.77,1886.20,1956.03,1783616,https://stooq.com/q/d/l/?s=7012.jp&i=d,2026-03-22T01:59:33+00:00
7012,7012.T,7012.jp,2005-07-29,1964.77,1973.40,1929.84,1956.03,1230035,https://stooq.com/q/d/l/?s=7012.jp&i=d,2026-03-22T01:59:33+00:00
7012,7012.T,7012.jp,2005-08-01,1956.03,1982.22,1947.31,1973.40,788685,https://stooq.com/q/d/l/?s=7012.jp&i=d,2026-03-22T01:59:33+00:00
7012,7012.T,7012.jp,2005-08-02,1982.22,1982.22,1921.11,1938.58,577054,https://stooq.com/q/d/l/?s=7012.jp&i=d,2026-03-22T01:59:33+00:00
7012,7012.T,7012.jp,2005-08-03,1938.58,1947.31,1921.11,1947.31,447992,https://stooq.com/q/d/l/?s=7012.jp&i=d,2026-03-22T01:59:33+00:00
7012,7012.T,7012.jp,2005-08-04,1938.58,1938.58,1894.93,1912.30,891179,https://stooq.com/q/d/l/?s=7012.jp&i=d,2026-03-22T01:59:33+00:00
7012,7012.T,7012.jp,2005-08-05,1912.30,1912.30,1842.56,1877.46,692260,https://stooq.com/q/d/l/?s=7012.jp&i=d,2026-03-22T01:59:33+00:00
7012,7012.T,7012.jp,2005-08-08,1877.46,1938.58,1868.66,1929.84,1015199,https://stooq.com/q/d/l/?s=7012.jp&i=d,2026-03-22T01:59:33+00:00
7012,7012.T,7012.jp,2005-08-09,1929.84,1947.31,1921.11,1929.84,779407,https://stooq.com/q/d/l/?s=7012.jp&i=d,2026-03-22T01:59:33+00:00
7012,7012.T,7012.jp,2005-08-10,1964.77,1982.22,1947.31,1973.40,1651690,https://stooq.com/q/d/l/?s=7012.jp&i=d,2026-03-22T01:59:33+00:00
7012,7012.T,7012.jp,2005-08-11,1990.96,2043.34,1990.96,2025.86,2174236,https://stooq.com/q/d/l/?s=7012.jp&i=d,2026-03-22T01:59:33+00:00
7012,7012.T,7012.jp,2005-08-12,2052.06,2052.06,2034.59,2034.59,1032378,https://stooq.com/q/d/l/?s=7012.jp&i=d,2026-03-22T01:59:33+00:00
7012,7012.T,7012.jp,2005-08-15,2034.59,2052.06,2017.15,2034.59,776773,https://stooq.com/q/d/l/?s=7012.jp&i=d,2026-03-22T01:59:33+00:00
7012,7012.T,7012.jp,2005-08-16,2043.34,2078.24,2025.86,2078.24,2137360,https://stooq.com/q/d/l/?s=7012.jp&i=d,2026-03-22T01:59:33+00:00
7012,7012.T,7012.jp,2005-08-17,2060.87,2095.71,2034.59,2052.06,1757161,https://stooq.com/q/d/l/?s=7012.jp&i=d,2026-03-22T01:59:33+00:00
7012,7012.T,7012.jp,2005-08-18,2060.87,2078.24,2043.34,2052.06,742418,https://stooq.com/q/d/l/?s=7012.jp&i=d,2026-03-22T01:59:33+00:00
7012,7012.T,7012.jp,2005-08-19,2052.06,2060.87,2034.59,2052.06,936871,https://stooq.com/q/d/l/?s=7012.jp&i=d,2026-03-22T01:59:33+00:00
7012,7012.T,7012.jp,2005-08-22,2086.98,2130.62,2078.24,2113.17,2263558,https://stooq.com/q/d/l/?s=7012.jp&i=d,2026-03-22T01:59:33+00:00
7012,7012.T,7012.jp,2005-08-23,2121.99,2121.99,2078.24,2086.98,1233357,https://stooq.com/q/d/l/?s=7012.jp&i=d,2026-03-22T01:59:33+00:00
7012,7012.T,7012.jp,2005-08-24,2086.98,2086.98,2069.61,2086.98,885565,https://stooq.com/q/d/l/?s=7012.jp&i=d,2026-03-22T01:59:33+00:00
7012,7012.T,7012.jp,2005-08-25,2086.98,2086.98,2060.87,2060.87,613242,https://stooq.com/q/d/l/?s=7012.jp&i=d,2026-03-22T01:59:33+00:00
7012,7012.T,7012.jp,2005-08-26,2078.24,2113.17,2069.61,2113.17,1461362,https://stooq.com/q/d/l/?s=7012.jp&i=d,2026-03-22T01:59:33+00:00
7012,7012.T,7012.jp,2005-08-29,2086.98,2095.71,2052.06,2052.06,917287,https://stooq.com/q/d/l/?s=7012.jp&i=d,2026-03-22T01:59:33+00:00
7012,7012.T,7012.jp,2005-08-30,2060.87,2104.53,2043.34,2095.71,1848202,https://stooq.com/q/d/l/?s=7012.jp&i=d,2026-03-22T01:59:33+00:00
7012,7012.T,7012.jp,2005-08-31,2086.98,2095.71,2069.61,2069.61,580720,https://stooq.com/q/d/l/?s=7012.jp&i=d,2026-03-22T01:59:33+00:00
7012,7012.T,7012.jp,2005-09-01,2069.61,2095.71,2060.87,2060.87,888315,https://stooq.com/q/d/l/?s=7012.jp&i=d,2026-03-22T01:59:33+00:00
7012,7012.T,7012.jp,2005-09-02,2078.24,2113.17,2069.61,2095.71,1207590,https://stooq.com/q/d/l/?s=7012.jp&i=d,2026-03-22T01:59:33+00:00
7012,7012.T,7012.jp,2005-09-05,2104.53,2139.45,2104.53,2139.45,1606914,https://stooq.com/q/d/l/?s=7012.jp&i=d,2026-03-22T01:59:33+00:00
7012,7012.T,7012.jp,2005-09-06,2148.09,2200.54,2139.45,2191.73,2755984,https://stooq.com/q/d/l/?s=7012.jp&i=d,2026-03-22T01:59:33+00:00
7012,7012.T,7012.jp,2005-09-07,2226.73,2235.47,2165.63,2165.63,2162096,https://stooq.com/q/d/l/?s=7012.jp&i=d,2026-03-22T01:59:33+00:00
7012,7012.T,7012.jp,2005-09-08,2174.36,2174.36,2121.99,2139.45,804716,https://stooq.com/q/d/l/?s=7012.jp&i=d,2026-03-22T01:59:33+00:00
7012,7012.T,7012.jp,2005-09-09,2139.45,2174.36,2113.17,2156.82,1341805,https://stooq.com/q/d/l/?s=7012.jp&i=d,2026-03-22T01:59:33+00:00
7012,7012.T,7012.jp,2005-09-12,2191.73,2200.54,2130.62,2130.62,930917,https://stooq.com/q/d/l/?s=7012.jp&i=d,2026-03-22T01:59:33+00:00
7012,7012.T,7012.jp,2005-09-13,2156.82,2156.82,2130.62,2139.45,971912,https://stooq.com/q/d/l/?s=7012.jp&i=d,2026-03-22T01:59:33+00:00
7012,7012.T,7012.jp,2005-09-14,2148.09,2191.73,2139.45,2174.36,2046891,https://stooq.com/q/d/l/?s=7012.jp&i=d,2026-03-22T01:59:33+00:00
7012,7012.T,7012.jp,2005-09-15,2174.36,2244.21,2165.63,2235.47,1688450,https://stooq.com/q/d/l/?s=7012.jp&i=d,2026-03-22T01:59:33+00:00
7012,7012.T,7012.jp,2005-09-16,2218.00,2244.21,2183.10,2244.21,1676197,https://stooq.com/q/d/l/?s=7012.jp&i=d,2026-03-22T01:59:33+00:00
7012,7012.T,7012.jp,2005-09-20,2252.84,2279.21,2226.73,2279.21,1758078,https://stooq.com/q/d/l/?s=7012.jp&i=d,2026-03-22T01:59:33+00:00
7012,7012.T,7012.jp,2005-09-21,2279.21,2296.57,2244.21,2270.38,1503389,https://stooq.com/q/d/l/?s=7012.jp&i=d,2026-03-22T01:59:33+00:00
7012,7012.T,7012.jp,2005-09-22,2226.73,2252.84,2218.00,2252.84,1029743,https://stooq.com/q/d/l/?s=7012.jp&i=d,2026-03-22T01:59:33+00:00
7012,7012.T,7012.jp,2005-09-26,2279.21,2331.48,2270.38,2322.75,1483349,https://stooq.com/q/d/l/?s=7012.jp&i=d,2026-03-22T01:59:33+00:00
7012,7012.T,7012.jp,2005-09-27,2366.42,2401.43,2305.30,2305.30,2352997,https://stooq.com/q/d/l/?s=7012.jp&i=d,2026-03-22T01:59:33+00:00
7012,7012.T,7012.jp,2005-09-28,2349.04,2436.24,2331.48,2427.52,2005206,https://stooq.com/q/d/l/?s=7012.jp&i=d,2026-03-22T01:59:33+00:00
7012,7012.T,7012.jp,2005-09-29,2567.27,2576.00,2471.16,2558.56,4672441,https://stooq.com/q/d/l/?s=7012.jp&i=d,2026-03-22T01:59:33+00:00
7012,7012.T,7012.jp,2005-09-30,2628.49,2637.11,2479.99,2506.18,2860769,https://stooq.com/q/d/l/?s=7012.jp&i=d,2026-03-22T01:59:33+00:00
7012,7012.T,7012.jp,2005-10-03,2549.82,2549.82,2436.24,2523.73,1745022,https://stooq.com/q/d/l/?s=7012.jp&i=d,2026-03-22T01:59:33+00:00
7012,7012.T,7012.jp,2005-10-04,2532.27,2532.27,2488.72,2488.72,1227631,https://stooq.com/q/d/l/?s=7012.jp&i=d,2026-03-22T01:59:33+00:00
7012,7012.T,7012.jp,2005-10-05,2445.06,2471.16,2392.61,2401.43,1603020,https://stooq.com/q/d/l/?s=7012.jp&i=d,2026-03-22T01:59:33+00:00
7012,7012.T,7012.jp,2005-10-06,2357.60,2366.42,2314.04,2340.31,1798159,https://stooq.com/q/d/l/?s=7012.jp&i=d,2026-03-22T01:59:33+00:00
7012,7012.T,7012.jp,2005-10-07,2331.48,2427.52,2322.75,2418.87,1412920,https://stooq.com/q/d/l/?s=7012.jp&i=d,2026-03-22T01:59:33+00:00
7012,7012.T,7012.jp,2005-10-11,2401.43,2488.72,2375.13,2488.72,1528127,https://stooq.com/q/d/l/?s=7012.jp&i=d,2026-03-22T01:59:33+00:00
7012,7012.T,7012.jp,2005-10-12,2488.72,2532.27,2453.79,2453.79,2325168,https://stooq.com/q/d/l/?s=7012.jp&i=d,2026-03-22T01:59:33+00:00
7012,7012.T,7012.jp,2005-10-13,2427.52,2445.06,2401.43,2436.24,1023216,https://stooq.com/q/d/l/?s=7012.jp&i=d,2026-03-22T01:59:33+00:00
7012,7012.T,7012.jp,2005-10-14,2445.06,2445.06,2375.13,2383.97,906751,https://stooq.com/q/d/l/?s=7012.jp&i=d,2026-03-22T01:59:33+00:00
7012,7012.T,7012.jp,2005-10-17,2401.43,2418.87,2366.42,2375.13,627786,https://stooq.com/q/d/l/?s=7012.jp&i=d,2026-03-22T01:59:33+00:00
7012,7012.T,7012.jp,2005-10-18,2383.97,2445.06,2366.42,2436.24,1016117,https://stooq.com/q/d/l/?s=7012.jp&i=d,2026-03-22T01:59:33+00:00
7012,7012.T,7012.jp,2005-10-19,2445.06,2445.06,2366.42,2375.13,1644132,https://stooq.com/q/d/l/?s=7012.jp&i=d,2026-03-22T01:59:33+00:00
7012,7012.T,7012.jp,2005-10-20,2410.16,2514.91,2375.13,2445.06,2859853,https://stooq.com/q/d/l/?s=7012.jp&i=d,2026-03-22T01:59:33+00:00
7012,7012.T,7012.jp,2005-10-21,2453.79,2514.91,2445.06,2471.16,3719309,https://stooq.com/q/d/l/?s=7012.jp&i=d,2026-03-22T01:59:33+00:00
7012,7012.T,7012.jp,2005-10-24,2488.72,2488.72,2401.43,2418.87,1459872,https://stooq.com/q/d/l/?s=7012.jp&i=d,2026-03-22T01:59:33+00:00
7012,7012.T,7012.jp,2005-10-25,2445.06,2471.16,2436.24,2453.79,1033753,https://stooq.com/q/d/l/?s=7012.jp&i=d,2026-03-22T01:59:33+00:00
7012,7012.T,7012.jp,2005-10-26,2445.06,2506.18,2445.06,2488.72,1820718,https://stooq.com/q/d/l/?s=7012.jp&i=d,2026-03-22T01:59:33+00:00
7012,7012.T,7012.jp,2005-10-27,2523.73,2654.58,2523.73,2645.84,3556236,https://stooq.com/q/d/l/?s=7012.jp&i=d,2026-03-22T01:59:33+00:00
7012,7012.T,7012.jp,2005-10-28,2619.76,2645.84,2576.00,2602.20,2724264,https://stooq.com/q/d/l/?s=7012.jp&i=d,2026-03-22T01:59:33+00:00
7012,7012.T,7012.jp,2005-10-31,2654.58,2706.96,2628.49,2637.11,2721517,https://stooq.com/q/d/l/?s=7012.jp&i=d,2026-03-22T01:59:33+00:00
7012,7012.T,7012.jp,2005-11-01,2680.86,2794.33,2663.40,2768.14,1947833,https://stooq.com/q/d/l/?s=7012.jp&i=d,2026-03-22T01:59:33+00:00
7012,7012.T,7012.jp,2005-11-02,2750.69,2776.79,2724.50,2776.79,2289784,https://stooq.com/q/d/l/?s=7012.jp&i=d,2026-03-22T01:59:33+00:00
7012,7012.T,7012.jp,2005-11-04,2820.53,2846.72,2794.33,2811.70,1635885,https://stooq.com/q/d/l/?s=7012.jp&i=d,2026-03-22T01:59:33+00:00
7012,7012.T,7012.jp,2005-11-07,2811.70,2811.70,2741.96,2741.96,1235188,https://stooq.com/q/d/l/?s=7012.jp&i=d,2026-03-22T01:59:33+00:00
7012,7012.T,7012.jp,2005-11-08,2733.23,2785.60,2715.69,2750.69,1491135,https://stooq.com/q/d/l/?s=7012.jp&i=d,2026-03-22T01:59:33+00:00
7012,7012.T,7012.jp,2005-11-09,2759.34,2881.63,2750.69,2837.99,3784125,https://stooq.com/q/d/l/?s=7012.jp&i=d,2026-03-22T01:59:33+00:00
7012,7012.T,7012.jp,2005-11-10,2811.70,2846.72,2672.02,2715.69,3135499,https://stooq.com/q/d/l/?s=7012.jp&i=d,2026-03-22T01:59:33+00:00
7012,7012.T,7012.jp,2005-11-11,2715.69,2768.14,2706.96,2706.96,1307106,https://stooq.com/q/d/l/?s=7012.jp&i=d,2026-03-22T01:59:33+00:00
7012,7012.T,7012.jp,2005-11-14,2724.50,2733.23,2619.76,2637.11,1094676,https://stooq.com/q/d/l/?s=7012.jp&i=d,2026-03-22T01:59:33+00:00
7012,7012.T,7012.jp,2005-11-15,2619.76,2689.59,2619.76,2628.49,894613,https://stooq.com/q/d/l/?s=7012.jp&i=d,2026-03-22T01:59:33+00:00
7012,7012.T,7012.jp,2005-11-16,2628.49,2680.86,2602.20,2680.86,1553091,https://stooq.com/q/d/l/?s=7012.jp&i=d,2026-03-22T01:59:33+00:00
7012,7012.T,7012.jp,2005-11-17,2750.69,2829.25,2733.23,2794.33,3108930,https://stooq.com/q/d/l/?s=7012.jp&i=d,2026-03-22T01:59:33+00:00
7012,7012.T,7012.jp,2005-11-18,2855.45,2855.45,2794.33,2837.99,1683641,https://stooq.com/q/d/l/?s=7012.jp&i=d,2026-03-22T01:59:33+00:00
7012,7012.T,7012.jp,2005-11-21,2837.99,2846.72,2759.34,2811.70,1661880,https://stooq.com/q/d/l/?s=7012.jp&i=d,2026-03-22T01:59:33+00:00
7012,7012.T,7012.jp,2005-11-22,2820.53,2820.53,2776.79,2803.16,825789,https://stooq.com/q/d/l/?s=7012.jp&i=d,2026-03-22T01:59:33+00:00
7012,7012.T,7012.jp,2005-11-24,2794.33,2803.16,2724.50,2741.96,1008559,https://stooq.com/q/d/l/?s=7012.jp&i=d,2026-03-22T01:59:33+00:00
7012,7012.T,7012.jp,2005-11-25,2733.23,2803.16,2706.96,2794.33,1280994,https://stooq.com/q/d/l/?s=7012.jp&i=d,2026-03-22T01:59:33+00:00
7012,7012.T,7012.jp,2005-11-28,2794.33,2794.33,2759.34,2794.33,807925,https://stooq.com/q/d/l/?s=7012.jp&i=d,2026-03-22T01:59:33+00:00
7012,7012.T,7012.jp,2005-11-29,2785.60,2837.99,2759.34,2820.53,1783157,https://stooq.com/q/d/l/?s=7012.jp&i=d,2026-03-22T01:59:33+00:00
7012,7012.T,7012.jp,2005-11-30,2829.25,2986.39,2785.60,2925.28,6343715,https://stooq.com/q/d/l/?s=7012.jp&i=d,2026-03-22T01:59:33+00:00
7012,7012.T,7012.jp,2005-12-01,2986.39,3021.39,2934.00,2995.11,3670067,https://stooq.com/q/d/l/?s=7012.jp&i=d,2026-03-22T01:59:33+00:00
7012,7012.T,7012.jp,2005-12-02,3021.39,3021.39,2960.31,2995.11,1657187,https://stooq.com/q/d/l/?s=7012.jp&i=d,2026-03-22T01:59:33+00:00
7012,7012.T,7012.jp,2005-12-05,3056.22,3248.45,3047.57,3222.27,4041906,https://stooq.com/q/d/l/?s=7012.jp&i=d,2026-03-22T01:59:33+00:00
7012,7012.T,7012.jp,2005-12-06,3204.81,3230.90,3169.79,3204.81,2327689,https://stooq.com/q/d/l/?s=7012.jp&i=d,2026-03-22T01:59:33+00:00
7012,7012.T,7012.jp,2005-12-07,3230.90,3536.63,3230.90,3466.78,6548930,https://stooq.com/q/d/l/?s=7012.jp&i=d,2026-03-22T01:59:33+00:00
7012,7012.T,7012.jp,2005-12-08,3562.80,3658.82,3492.87,3650.10,7347694,https://stooq.com/q/d/l/?s=7012.jp&i=d,2026-03-22T01:59:33+00:00
7012,7012.T,7012.jp,2005-12-09,3588.99,3850.96,3545.35,3798.51,6360547,https://stooq.com/q/d/l/?s=7012.jp&i=d,2026-03-22T01:59:33+00:00
7012,7012.T,7012.jp,2005-12-12,3885.97,4235.15,3877.16,4121.59,9578500,https://stooq.com/q/d/l/?s=7012.jp&i=d,2026-03-22T01:59:33+00:00
7012,7012.T,7012.jp,2005-12-13,4165.41,4331.26,4086.76,4165.41,6858357,https://stooq.com/q/d/l/?s=7012.jp&i=d,2026-03-22T01:59:33+00:00
7012,7012.T,7012.jp,2005-12-14,4156.59,4156.59,3947.00,4069.20,5163380,https://stooq.com/q/d/l/?s=7012.jp&i=d,2026-03-22T01:59:33+00:00
7012,7012.T,7012.jp,2005-12-15,3920.81,3929.53,3754.85,3807.32,7254474,https://stooq.com/q/d/l/?s=7012.jp&i=d,2026-03-22T01:59:33+00:00
7012,7012.T,7012.jp,2005-12-16,3711.29,3842.15,3632.64,3641.38,8533751,https://stooq.com/q/d/l/?s=7012.jp&i=d,2026-03-22T01:59:33+00:00
7012,7012.T,7012.jp,2005-12-19,3754.85,3850.96,3737.39,3833.42,5331376,https://stooq.com/q/d/l/?s=7012.jp&i=d,2026-03-22T01:59:33+00:00
7012,7012.T,7012.jp,2005-12-20,3754.85,3798.51,3711.29,3789.76,3444238,https://stooq.com/q/d/l/?s=7012.jp&i=d,2026-03-22T01:59:33+00:00
7012,7012.T,7012.jp,2005-12-21,3859.59,3885.97,3781.05,3816.06,2438314,https://stooq.com/q/d/l/?s=7012.jp&i=d,2026-03-22T01:59:33+00:00
7012,7012.T,7012.jp,2005-12-22,3824.77,3850.96,3754.85,3833.42,1361273,https://stooq.com/q/d/l/?s=7012.jp&i=d,2026-03-22T01:59:33+00:00
7012,7012.T,7012.jp,2005-12-26,3824.77,3824.77,3737.39,3763.67,1341231,https://stooq.com/q/d/l/?s=7012.jp&i=d,2026-03-22T01:59:33+00:00
7012,7012.T,7012.jp,2005-12-27,3737.39,3798.51,3737.39,3737.39,1014625,https://stooq.com/q/d/l/?s=7012.jp&i=d,2026-03-22T01:59:33+00:00
7012,7012.T,7012.jp,2005-12-28,3711.29,3781.05,3711.29,3754.85,1125824,https://stooq.com/q/d/l/?s=7012.jp&i=d,2026-03-22T01:59:33+00:00
7012,7012.T,7012.jp,2005-12-29,3798.51,3798.51,3737.39,3781.05,1311115,https://stooq.com/q/d/l/?s=7012.jp&i=d,2026-03-22T01:59:33+00:00
7012,7012.T,7012.jp,2005-12-30,3789.76,3789.76,3737.39,3754.85,496090,https://stooq.com/q/d/l/?s=7012.jp&i=d,2026-03-22T01:59:33+00:00
7012,7012.T,7012.jp,2006-01-04,3824.77,4016.82,3816.06,3973.18,3332239,https://stooq.com/q/d/l/?s=7012.jp&i=d,2026-03-22T01:59:33+00:00
7012,7012.T,7012.jp,2006-01-05,3990.73,4008.08,3850.96,3912.06,3017087,https://stooq.com/q/d/l/?s=7012.jp&i=d,2026-03-22T01:59:33+00:00
7012,7012.T,7012.jp,2006-01-06,3929.53,4060.46,3912.06,4016.82,4001709,https://stooq.com/q/d/l/?s=7012.jp&i=d,2026-03-22T01:59:33+00:00
7012,7012.T,7012.jp,2006-01-10,4016.82,4016.82,3877.16,3894.52,2033494,https://stooq.com/q/d/l/?s=7012.jp&i=d,2026-03-22T01:59:33+00:00
7012,7012.T,7012.jp,2006-01-11,3842.15,3850.96,3711.29,3798.51,2753123,https://stooq.com/q/d/l/?s=7012.jp&i=d,2026-03-22T01:59:33+00:00
7012,7012.T,7012.jp,2006-01-12,3816.06,3894.52,3754.85,3859.59,2723347,https://stooq.com/q/d/l/?s=7012.jp&i=d,2026-03-22T01:59:33+00:00
7012,7012.T,7012.jp,2006-01-13,3859.59,3877.16,3737.39,3772.39,1867672,https://stooq.com/q/d/l/?s=7012.jp&i=d,2026-03-22T01:59:33+00:00
7012,7012.T,7012.jp,2006-01-16,3754.85,3833.42,3728.66,3798.51,1216753,https://stooq.com/q/d/l/?s=7012.jp&i=d,2026-03-22T01:59:33+00:00
7012,7012.T,7012.jp,2006-01-17,3719.84,3833.42,3676.30,3693.75,1638177,https://stooq.com/q/d/l/?s=7012.jp&i=d,2026-03-22T01:59:33+00:00
7012,7012.T,7012.jp,2006-01-18,3667.56,3676.30,3318.29,3475.42,2412088,https://stooq.com/q/d/l/?s=7012.jp&i=d,2026-03-22T01:59:33+00:00
7012,7012.T,7012.jp,2006-01-19,3431.86,3763.67,3431.86,3693.75,1829996,https://stooq.com/q/d/l/?s=7012.jp&i=d,2026-03-22T01:59:33+00:00
7012,7012.T,7012.jp,2006-01-20,3754.85,3754.85,3536.63,3597.72,1356922,https://stooq.com/q/d/l/?s=7012.jp&i=d,2026-03-22T01:59:33+00:00
7012,7012.T,7012.jp,2006-01-23,3423.13,3650.10,3414.30,3492.87,1756588,https://stooq.com/q/d/l/?s=7012.jp&i=d,2026-03-22T01:59:33+00:00
7012,7012.T,7012.jp,2006-01-24,3536.63,3571.53,3449.22,3492.87,1028369,https://stooq.com/q/d/l/?s=7012.jp&i=d,2026-03-22T01:59:33+00:00
7012,7012.T,7012.jp,2006-01-25,3562.80,3676.30,3510.34,3606.45,1413492,https://stooq.com/q/d/l/?s=7012.jp&i=d,2026-03-22T01:59:33+00:00
7012,7012.T,7012.jp,2006-01-26,3650.10,3658.82,3606.45,3615.09,866327,https://stooq.com/q/d/l/?s=7012.jp&i=d,2026-03-22T01:59:33+00:00
7012,7012.T,7012.jp,2006-01-27,3685.01,3746.21,3658.82,3728.66,1844079,https://stooq.com/q/d/l/?s=7012.jp&i=d,2026-03-22T01:59:33+00:00
7012,7012.T,7012.jp,2006-01-30,3833.42,3920.81,3824.77,3877.16,2445758,https://stooq.com/q/d/l/?s=7012.jp&i=d,2026-03-22T01:59:33+00:00
7012,7012.T,7012.jp,2006-01-31,3842.15,3894.52,3772.39,3859.59,1928595,https://stooq.com/q/d/l/?s=7012.jp&i=d,2026-03-22T01:59:33+00:00
7012,7012.T,7012.jp,2006-02-01,3807.32,3833.42,3772.39,3781.05,1511863,https://stooq.com/q/d/l/?s=7012.jp&i=d,2026-03-22T01:59:33+00:00
7012,7012.T,7012.jp,2006-02-02,3842.15,3912.06,3842.15,3868.42,2228632,https://stooq.com/q/d/l/?s=7012.jp&i=d,2026-03-22T01:59:33+00:00
7012,7012.T,7012.jp,2006-02-03,3824.77,3903.25,3807.32,3885.97,1525492,https://stooq.com/q/d/l/?s=7012.jp&i=d,2026-03-22T01:59:33+00:00
7012,7012.T,7012.jp,2006-02-06,3912.06,3981.90,3894.52,3938.27,2722775,https://stooq.com/q/d/l/?s=7012.jp&i=d,2026-03-22T01:59:33+00:00
7012,7012.T,7012.jp,2006-02-07,3964.45,3964.45,3885.97,3920.81,1037074,https://stooq.com/q/d/l/?s=7012.jp&i=d,2026-03-22T01:59:33+00:00
7012,7012.T,7012.jp,2006-02-08,3859.59,3877.16,3772.39,3807.32,1119641,https://stooq.com/q/d/l/?s=7012.jp&i=d,2026-03-22T01:59:33+00:00
7012,7012.T,7012.jp,2006-02-09,3833.42,3850.96,3754.85,3772.39,891635,https://stooq.com/q/d/l/?s=7012.jp&i=d,2026-03-22T01:59:33+00:00
7012,7012.T,7012.jp,2006-02-10,3737.39,3754.85,3545.35,3650.10,2053533,https://stooq.com/q/d/l/?s=7012.jp&i=d,2026-03-22T01:59:33+00:00
7012,7012.T,7012.jp,2006-02-13,3615.09,3623.91,3440.41,3475.42,1642987,https://stooq.com/q/d/l/?s=7012.jp&i=d,2026-03-22T01:59:33+00:00
7012,7012.T,7012.jp,2006-02-14,3466.78,3536.63,3283.37,3527.89,2263901,https://stooq.com/q/d/l/?s=7012.jp&i=d,2026-03-22T01:59:33+00:00
7012,7012.T,7012.jp,2006-02-15,3571.53,3580.17,3457.96,3475.42,1031347,https://stooq.com/q/d/l/?s=7012.jp&i=d,2026-03-22T01:59:33+00:00
7012,7012.T,7012.jp,2006-02-16,3466.78,3466.78,3379.31,3431.86,1442467,https://stooq.com/q/d/l/?s=7012.jp&i=d,2026-03-22T01:59:33+00:00
7012,7012.T,7012.jp,2006-02-17,3405.59,3457.96,3335.67,3344.47,1112310,https://stooq.com/q/d/l/?s=7012.jp&i=d,2026-03-22T01:59:33+00:00
7012,7012.T,7012.jp,2006-02-20,3257.19,3292.08,3143.69,3152.32,1495489,https://stooq.com/q/d/l/?s=7012.jp&i=d,2026-03-22T01:59:33+00:00
7012,7012.T,7012.jp,2006-02-21,3195.99,3327.02,3195.99,3318.29,1496518,https://stooq.com/q/d/l/?s=7012.jp&i=d,2026-03-22T01:59:33+00:00
7012,7012.T,7012.jp,2006-02-22,3335.67,3431.86,3300.73,3379.31,1444184,https://stooq.com/q/d/l/?s=7012.jp&i=d,2026-03-22T01:59:33+00:00
7012,7012.T,7012.jp,2006-02-23,3423.13,3492.87,3423.13,3484.24,1407082,https://stooq.com/q/d/l/?s=7012.jp&i=d,2026-03-22T01:59:33+00:00
7012,7012.T,7012.jp,2006-02-24,3475.42,3580.17,3414.30,3553.99,1618595,https://stooq.com/q/d/l/?s=7012.jp&i=d,2026-03-22T01:59:33+00:00
7012,7012.T,7012.jp,2006-02-27,3553.99,3588.99,3475.42,3536.63,1730364,https://stooq.com/q/d/l/?s=7012.jp&i=d,2026-03-22T01:59:33+00:00
7012,7012.T,7012.jp,2006-02-28,3553.99,3562.80,3457.96,3519.06,1238739,https://stooq.com/q/d/l/?s=7012.jp&i=d,2026-03-22T01:59:33+00:00
7012,7012.T,7012.jp,2006-03-01,3457.96,3492.87,3414.30,3457.96,1046234,https://stooq.com/q/d/l/?s=7012.jp&i=d,2026-03-22T01:59:33+00:00
7012,7012.T,7012.jp,2006-03-02,3466.78,3492.87,3344.47,3370.66,965614,https://stooq.com/q/d/l/?s=7012.jp&i=d,2026-03-22T01:59:33+00:00
7012,7012.T,7012.jp,2006-03-03,3300.73,3309.56,3230.90,3274.56,1302410,https://stooq.com/q/d/l/?s=7012.jp&i=d,2026-03-22T01:59:33+00:00
7012,7012.T,7012.jp,2006-03-06,3239.63,3292.08,3187.34,3292.08,1232783,https://stooq.com/q/d/l/?s=7012.jp&i=d,2026-03-22T01:59:33+00:00
7012,7012.T,7012.jp,2006-03-07,3362.03,3423.13,3265.82,3292.08,2770187,https://stooq.com/q/d/l/?s=7012.jp&i=d,2026-03-22T01:59:33+00:00
7012,7012.T,7012.jp,2006-03-08,3283.37,3318.29,3187.34,3230.90,1376961,https://stooq.com/q/d/l/?s=7012.jp&i=d,2026-03-22T01:59:33+00:00
7012,7012.T,7012.jp,2006-03-09,3222.27,3309.56,3204.81,3265.82,1025505,https://stooq.com/q/d/l/?s=7012.jp&i=d,2026-03-22T01:59:33+00:00
7012,7012.T,7012.jp,2006-03-10,3292.08,3362.03,3265.82,3318.29,1712958,https://stooq.com/q/d/l/?s=7012.jp&i=d,2026-03-22T01:59:33+00:00
7012,7012.T,7012.jp,2006-03-13,3388.12,3466.78,3362.03,3449.22,1561335,https://stooq.com/q/d/l/?s=7012.jp&i=d,2026-03-22T01:59:33+00:00
7012,7012.T,7012.jp,2006-03-14,3449.22,3501.60,3414.30,3449.22,1483463,https://stooq.com/q/d/l/?s=7012.jp&i=d,2026-03-22T01:59:33+00:00
7012,7012.T,7012.jp,2006-03-15,3475.42,3492.87,3431.86,3449.22,732455,https://stooq.com/q/d/l/?s=7012.jp&i=d,2026-03-22T01:59:33+00:00
7012,7012.T,7012.jp,2006-03-16,3466.78,3466.78,3362.03,3379.31,647254,https://stooq.com/q/d/l/?s=7012.jp&i=d,2026-03-22T01:59:33+00:00
7012,7012.T,7012.jp,2006-03-17,3396.85,3440.41,3370.66,3431.86,527356,https://stooq.com/q/d/l/?s=7012.jp&i=d,2026-03-22T01:59:33+00:00
7012,7012.T,7012.jp,2006-03-20,3405.59,3527.89,3396.85,3510.34,1072918,https://stooq.com/q/d/l/?s=7012.jp&i=d,2026-03-22T01:59:33+00:00
7012,7012.T,7012.jp,2006-03-22,3501.60,3545.35,3484.24,3527.89,1513009,https://stooq.com/q/d/l/?s=7012.jp&i=d,2026-03-22T01:59:33+00:00
7012,7012.T,7012.jp,2006-03-23,3562.80,3571.53,3519.06,3527.89,919692,https://stooq.com/q/d/l/?s=7012.jp&i=d,2026-03-22T01:59:33+00:00
7012,7012.T,7012.jp,2006-03-24,3545.35,3553.99,3510.34,3545.35,655041,https://stooq.com/q/d/l/?s=7012.jp&i=d,2026-03-22T01:59:33+00:00
7012,7012.T,7012.jp,2006-03-27,3553.99,3580.17,3527.89,3545.35,834948,https://stooq.com/q/d/l/?s=7012.jp&i=d,2026-03-22T01:59:33+00:00
7012,7012.T,7012.jp,2006-03-28,3519.06,3606.45,3510.34,3588.99,1189153,https://stooq.com/q/d/l/?s=7012.jp&i=d,2026-03-22T01:59:33+00:00
7012,7012.T,7012.jp,2006-03-29,3580.17,3650.10,3545.35,3623.91,821895,https://stooq.com/q/d/l/?s=7012.jp&i=d,2026-03-22T01:59:33+00:00
7012,7012.T,7012.jp,2006-03-30,3650.10,3667.56,3623.91,3650.10,807465,https://stooq.com/q/d/l/?s=7012.jp&i=d,2026-03-22T01:59:33+00:00
7012,7012.T,7012.jp,2006-03-31,3641.38,3650.10,3588.99,3606.45,554838,https://stooq.com/q/d/l/?s=7012.jp&i=d,2026-03-22T01:59:33+00:00
7012,7012.T,7012.jp,2006-04-03,3562.80,3719.84,3562.80,3702.47,1964668,https://stooq.com/q/d/l/?s=7012.jp&i=d,2026-03-22T01:59:33+00:00
7012,7012.T,7012.jp,2006-04-04,3711.29,3754.85,3685.01,3711.29,1446130,https://stooq.com/q/d/l/?s=7012.jp&i=d,2026-03-22T01:59:33+00:00
7012,7012.T,7012.jp,2006-04-05,3702.47,3728.66,3562.80,3606.45,1213889,https://stooq.com/q/d/l/?s=7012.jp&i=d,2026-03-22T01:59:33+00:00
7012,7012.T,7012.jp,2006-04-06,3650.10,3711.29,3641.38,3711.29,1057457,https://stooq.com/q/d/l/?s=7012.jp&i=d,2026-03-22T01:59:33+00:00
7012,7012.T,7012.jp,2006-04-07,3728.66,3754.85,3676.30,3754.85,1588818,https://stooq.com/q/d/l/?s=7012.jp&i=d,2026-03-22T01:59:33+00:00
7012,7012.T,7012.jp,2006-04-10,3676.30,3737.39,3667.56,3737.39,1198200,https://stooq.com/q/d/l/?s=7012.jp&i=d,2026-03-22T01:59:33+00:00
7012,7012.T,7012.jp,2006-04-11,3719.84,3719.84,3623.91,3676.30,1118840,https://stooq.com/q/d/l/?s=7012.jp&i=d,2026-03-22T01:59:33+00:00
7012,7012.T,7012.jp,2006-04-12,3632.64,3641.38,3536.63,3571.53,1748343,https://stooq.com/q/d/l/?s=7012.jp&i=d,2026-03-22T01:59:33+00:00
7012,7012.T,7012.jp,2006-04-13,3588.99,3615.09,3536.63,3588.99,1088490,https://stooq.com/q/d/l/?s=7012.jp&i=d,2026-03-22T01:59:33+00:00
7012,7012.T,7012.jp,2006-04-14,3597.72,3606.45,3527.89,3588.99,946261,https://stooq.com/q/d/l/?s=7012.jp&i=d,2026-03-22T01:59:33+00:00
7012,7012.T,7012.jp,2006-04-17,3553.99,3571.53,3475.42,3484.24,996991,https://stooq.com/q/d/l/?s=7012.jp&i=d,2026-03-22T01:59:33+00:00
7012,7012.T,7012.jp,2006-04-18,3440.41,3536.63,3423.13,3527.89,750320,https://stooq.com/q/d/l/?s=7012.jp&i=d,2026-03-22T01:59:33+00:00
7012,7012.T,7012.jp,2006-04-19,3571.53,3580.17,3510.34,3510.34,1042570,https://stooq.com/q/d/l/?s=7012.jp&i=d,2026-03-22T01:59:33+00:00
7012,7012.T,7012.jp,2006-04-20,3519.06,3580.17,3501.60,3562.80,948207,https://stooq.com/q/d/l/?s=7012.jp&i=d,2026-03-22T01:59:33+00:00
7012,7012.T,7012.jp,2006-04-21,3623.91,3693.75,3615.09,3650.10,3075031,https://stooq.com/q/d/l/?s=7012.jp&i=d,2026-03-22T01:59:33+00:00
7012,7012.T,7012.jp,2006-04-24,3615.09,3641.38,3545.35,3562.80,2175266,https://stooq.com/q/d/l/?s=7012.jp&i=d,2026-03-22T01:59:33+00:00
7012,7012.T,7012.jp,2006-04-25,3597.72,3606.45,3510.34,3536.63,1491709,https://stooq.com/q/d/l/?s=7012.jp&i=d,2026-03-22T01:59:33+00:00
7012,7012.T,7012.jp,2006-04-26,3536.63,3571.53,3475.42,3501.60,1696696,https://stooq.com/q/d/l/?s=7012.jp&i=d,2026-03-22T01:59:33+00:00
7012,7012.T,7012.jp,2006-04-27,3527.89,3606.45,3519.06,3597.72,1601644,https://stooq.com/q/d/l/?s=7012.jp&i=d,2026-03-22T01:59:33+00:00
7012,7012.T,7012.jp,2006-04-28,3597.72,3632.64,3492.87,3606.45,2370175,https://stooq.com/q/d/l/?s=7012.jp&i=d,2026-03-22T01:59:33+00:00
7012,7012.T,7012.jp,2006-05-01,3588.99,3606.45,3501.60,3527.89,1565916,https://stooq.com/q/d/l/?s=7012.jp&i=d,2026-03-22T01:59:33+00:00
7012,7012.T,7012.jp,2006-05-02,3536.63,3615.09,3527.89,3597.72,1213087,https://stooq.com/q/d/l/?s=7012.jp&i=d,2026-03-22T01:59:33+00:00
7012,7012.T,7012.jp,2006-05-08,3693.75,3754.85,3685.01,3746.21,4781921,https://stooq.com/q/d/l/?s=7012.jp&i=d,2026-03-22T01:59:33+00:00
7012,7012.T,7012.jp,2006-05-09,3719.84,3789.76,3685.01,3772.39,3049379,https://stooq.com/q/d/l/?s=7012.jp&i=d,2026-03-22T01:59:33+00:00
7012,7012.T,7012.jp,2006-05-10,3746.21,3833.42,3702.47,3719.84,3617617,https://stooq.com/q/d/l/?s=7012.jp&i=d,2026-03-22T01:59:33+00:00
7012,7012.T,7012.jp,2006-05-11,3737.39,3789.76,3667.56,3676.30,2099225,https://stooq.com/q/d/l/?s=7012.jp&i=d,2026-03-22T01:59:33+00:00
7012,7012.T,7012.jp,2006-05-12,3615.09,3711.29,3580.17,3667.56,2380710,https://stooq.com/q/d/l/?s=7012.jp&i=d,2026-03-22T01:59:33+00:00
7012,7012.T,7012.jp,2006-05-15,3615.09,3650.10,3588.99,3641.38,1492624,https://stooq.com/q/d/l/?s=7012.jp&i=d,2026-03-22T01:59:33+00:00
7012,7012.T,7012.jp,2006-05-16,3658.82,3711.29,3492.87,3527.89,2011620,https://stooq.com/q/d/l/?s=7012.jp&i=d,2026-03-22T01:59:33+00:00
7012,7012.T,7012.jp,2006-05-17,3580.17,3658.82,3519.06,3650.10,2102547,https://stooq.com/q/d/l/?s=7012.jp&i=d,2026-03-22T01:59:33+00:00
7012,7012.T,7012.jp,2006-05-18,3562.80,3606.45,3527.89,3597.72,1962606,https://stooq.com/q/d/l/?s=7012.jp&i=d,2026-03-22T01:59:33+00:00
7012,7012.T,7012.jp,2006-05-19,3580.17,3623.91,3510.34,3606.45,1684099,https://stooq.com/q/d/l/?s=7012.jp&i=d,2026-03-22T01:59:33+00:00
7012,7012.T,7012.jp,2006-05-22,3615.09,3658.82,3519.06,3527.89,1947147,https://stooq.com/q/d/l/?s=7012.jp&i=d,2026-03-22T01:59:33+00:00
7012,7012.T,7012.jp,2006-05-23,3440.41,3466.78,3318.29,3344.47,2973913,https://stooq.com/q/d/l/?s=7012.jp&i=d,2026-03-22T01:59:33+00:00
7012,7012.T,7012.jp,2006-05-24,3388.12,3457.96,3362.03,3449.22,2696778,https://stooq.com/q/d/l/?s=7012.jp&i=d,2026-03-22T01:59:33+00:00
7012,7012.T,7012.jp,2006-05-25,3405.59,3431.86,3327.02,3344.47,2053646,https://stooq.com/q/d/l/?s=7012.jp&i=d,2026-03-22T01:59:33+00:00
7012,7012.T,7012.jp,2006-05-26,3362.03,3423.13,3344.47,3396.85,2031889,https://stooq.com/q/d/l/?s=7012.jp&i=d,2026-03-22T01:59:33+00:00
7012,7012.T,7012.jp,2006-05-29,3423.13,3440.41,3379.31,3388.12,771390,https://stooq.com/q/d/l/?s=7012.jp&i=d,2026-03-22T01:59:33+00:00
7012,7012.T,7012.jp,2006-05-30,3405.59,3405.59,3353.20,3379.31,719401,https://stooq.com/q/d/l/?s=7012.jp&i=d,2026-03-22T01:59:33+00:00
7012,7012.T,7012.jp,2006-05-31,3265.82,3292.08,3222.27,3265.82,1880039,https://stooq.com/q/d/l/?s=7012.jp&i=d,2026-03-22T01:59:33+00:00
7012,7012.T,7012.jp,2006-06-01,3300.73,3309.56,3187.34,3195.99,1052305,https://stooq.com/q/d/l/?s=7012.jp&i=d,2026-03-22T01:59:33+00:00
7012,7012.T,7012.jp,2006-06-02,3222.27,3335.67,3152.32,3335.67,2875656,https://stooq.com/q/d/l/?s=7012.jp&i=d,2026-03-22T01:59:33+00:00
7012,7012.T,7012.jp,2006-06-05,3292.08,3327.02,3248.45,3283.37,1007069,https://stooq.com/q/d/l/?s=7012.jp&i=d,2026-03-22T01:59:33+00:00
7012,7012.T,7012.jp,2006-06-06,3204.81,3257.19,3187.34,3257.19,1074520,https://stooq.com/q/d/l/?s=7012.jp&i=d,2026-03-22T01:59:33+00:00
7012,7012.T,7012.jp,2006-06-07,3230.90,3239.63,3091.23,3117.42,2186143,https://stooq.com/q/d/l/?s=7012.jp&i=d,2026-03-22T01:59:33+00:00
7012,7012.T,7012.jp,2006-06-08,2986.39,3012.66,2907.91,2951.47,3398660,https://stooq.com/q/d/l/?s=7012.jp&i=d,2026-03-22T01:59:33+00:00
7012,7012.T,7012.jp,2006-06-09,2986.39,3056.22,2907.91,3038.76,3265819,https://stooq.com/q/d/l/?s=7012.jp&i=d,2026-03-22T01:59:33+00:00
7012,7012.T,7012.jp,2006-06-12,2995.11,3091.23,2951.47,3065.04,1824269,https://stooq.com/q/d/l/?s=7012.jp&i=d,2026-03-22T01:59:33+00:00
7012,7012.T,7012.jp,2006-06-13,2977.77,3021.39,2925.28,2925.28,1586758,https://stooq.com/q/d/l/?s=7012.jp&i=d,2026-03-22T01:59:33+00:00
7012,7012.T,7012.jp,2006-06-14,2846.72,3003.94,2837.99,2951.47,1789798,https://stooq.com/q/d/l/?s=7012.jp&i=d,2026-03-22T01:59:33+00:00
7012,7012.T,7012.jp,2006-06-15,3038.76,3056.22,2951.47,2969.03,1746282,https://stooq.com/q/d/l/?s=7012.jp&i=d,2026-03-22T01:59:33+00:00
7012,7012.T,7012.jp,2006-06-16,3073.77,3126.15,3065.04,3099.87,1591684,https://stooq.com/q/d/l/?s=7012.jp&i=d,2026-03-22T01:59:33+00:00
7012,7012.T,7012.jp,2006-06-19,3108.69,3152.32,3082.60,3091.23,1445214,https://stooq.com/q/d/l/?s=7012.jp&i=d,2026-03-22T01:59:33+00:00
7012,7012.T,7012.jp,2006-06-20,3091.23,3117.42,3056.22,3056.22,1126281,https://stooq.com/q/d/l/?s=7012.jp&i=d,2026-03-22T01:59:33+00:00
7012,7012.T,7012.jp,2006-06-21,3073.77,3091.23,2995.11,3038.76,995389,https://stooq.com/q/d/l/?s=7012.jp&i=d,2026-03-22T01:59:33+00:00
7012,7012.T,7012.jp,2006-06-22,3082.60,3169.79,3065.04,3161.07,1393453,https://stooq.com/q/d/l/?s=7012.jp&i=d,2026-03-22T01:59:33+00:00
7012,7012.T,7012.jp,2006-06-23,3143.69,3187.34,3099.87,3187.34,856135,https://stooq.com/q/d/l/?s=7012.jp&i=d,2026-03-22T01:59:33+00:00
7012,7012.T,7012.jp,2006-06-26,3187.34,3318.29,3161.07,3283.37,2174921,https://stooq.com/q/d/l/?s=7012.jp&i=d,2026-03-22T01:59:33+00:00
7012,7012.T,7012.jp,2006-06-27,3300.73,3353.20,3283.37,3283.37,1537402,https://stooq.com/q/d/l/?s=7012.jp&i=d,2026-03-22T01:59:33+00:00
7012,7012.T,7012.jp,2006-06-28,3222.27,3248.45,3204.81,3222.27,1556985,https://stooq.com/q/d/l/?s=7012.jp&i=d,2026-03-22T01:59:33+00:00
7012,7012.T,7012.jp,2006-06-29,3257.19,3283.37,3230.90,3257.19,1120213,https://stooq.com/q/d/l/?s=7012.jp&i=d,2026-03-22T01:59:33+00:00
7012,7012.T,7012.jp,2006-06-30,3379.31,3379.31,3327.02,3362.03,1323139,https://stooq.com/q/d/l/?s=7012.jp&i=d,2026-03-22T01:59:33+00:00
7012,7012.T,7012.jp,2006-07-03,3344.47,3344.47,3300.73,3327.02,1274010,https://stooq.com/q/d/l/?s=7012.jp&i=d,2026-03-22T01:59:33+00:00
7012,7012.T,7012.jp,2006-07-04,3335.67,3344.47,3292.08,3292.08,979357,https://stooq.com/q/d/l/?s=7012.jp&i=d,2026-03-22T01:59:33+00:00
7012,7012.T,7012.jp,2006-07-05,3344.47,3362.03,3309.56,3309.56,1535111,https://stooq.com/q/d/l/?s=7012.jp&i=d,2026-03-22T01:59:33+00:00
7012,7012.T,7012.jp,2006-07-06,3274.56,3292.08,3230.90,3239.63,1275499,https://stooq.com/q/d/l/?s=7012.jp&i=d,2026-03-22T01:59:33+00:00
7012,7012.T,7012.jp,2006-07-07,3248.45,3257.19,3169.79,3204.81,1161897,https://stooq.com/q/d/l/?s=7012.jp&i=d,2026-03-22T01:59:33+00:00
7012,7012.T,7012.jp,2006-07-10,3117.42,3161.07,3082.60,3161.07,2449193,https://stooq.com/q/d/l/?s=7012.jp&i=d,2026-03-22T01:59:33+00:00
7012,7012.T,7012.jp,2006-07-11,3126.15,3134.89,3065.04,3099.87,1376961,https://stooq.com/q/d/l/?s=7012.jp&i=d,2026-03-22T01:59:33+00:00
7012,7012.T,7012.jp,2006-07-12,3099.87,3126.15,3030.13,3038.76,1059520,https://stooq.com/q/d/l/?s=7012.jp&i=d,2026-03-22T01:59:33+00:00
7012,7012.T,7012.jp,2006-07-13,2986.39,3030.13,2969.03,2986.39,1414522,https://stooq.com/q/d/l/?s=7012.jp&i=d,2026-03-22T01:59:33+00:00
7012,7012.T,7012.jp,2006-07-14,2899.09,2934.00,2881.63,2899.09,2172748,https://stooq.com/q/d/l/?s=7012.jp&i=d,2026-03-22T01:59:33+00:00
7012,7012.T,7012.jp,2006-07-18,2837.99,2855.45,2706.96,2706.96,2184886,https://stooq.com/q/d/l/?s=7012.jp&i=d,2026-03-22T01:59:33+00:00
7012,7012.T,7012.jp,2006-07-19,2776.79,2803.16,2741.96,2750.69,1625351,https://stooq.com/q/d/l/?s=7012.jp&i=d,2026-03-22T01:59:33+00:00
7012,7012.T,7012.jp,2006-07-20,2881.63,2899.09,2820.53,2872.90,1531103,https://stooq.com/q/d/l/?s=7012.jp&i=d,2026-03-22T01:59:33+00:00
7012,7012.T,7012.jp,2006-07-21,2837.99,2864.26,2803.16,2829.25,1034439,https://stooq.com/q/d/l/?s=7012.jp&i=d,2026-03-22T01:59:33+00:00
7012,7012.T,7012.jp,2006-07-24,2776.79,2785.60,2689.59,2768.14,1710438,https://stooq.com/q/d/l/?s=7012.jp&i=d,2026-03-22T01:59:33+00:00
7012,7012.T,7012.jp,2006-07-25,2820.53,2846.72,2820.53,2837.99,1040966,https://stooq.com/q/d/l/?s=7012.jp&i=d,2026-03-22T01:59:33+00:00
7012,7012.T,7012.jp,2006-07-26,2916.54,2951.47,2872.90,2872.90,2680060,https://stooq.com/q/d/l/?s=7012.jp&i=d,2026-03-22T01:59:33+00:00
7012,7012.T,7012.jp,2006-07-27,2916.54,2977.77,2907.91,2977.77,2259780,https://stooq.com/q/d/l/?s=7012.jp&i=d,2026-03-22T01:59:33+00:00
7012,7012.T,7012.jp,2006-07-28,2960.31,3038.76,2942.82,3030.13,1964781,https://stooq.com/q/d/l/?s=7012.jp&i=d,2026-03-22T01:59:33+00:00
7012,7012.T,7012.jp,2006-07-31,3073.77,3091.23,3038.76,3038.76,1470294,https://stooq.com/q/d/l/?s=7012.jp&i=d,2026-03-22T01:59:33+00:00
7012,7012.T,7012.jp,2006-08-01,3012.66,3030.13,2969.03,2977.77,1316955,https://stooq.com/q/d/l/?s=7012.jp&i=d,2026-03-22T01:59:33+00:00
7012,7012.T,7012.jp,2006-08-02,2960.31,2986.39,2934.00,2977.77,1156973,https://stooq.com/q/d/l/?s=7012.jp&i=d,2026-03-22T01:59:33+00:00
7012,7012.T,7012.jp,2006-08-03,2986.39,2986.39,2934.00,2942.82,1306877,https://stooq.com/q/d/l/?s=7012.jp&i=d,2026-03-22T01:59:33+00:00
7012,7012.T,7012.jp,2006-08-04,2951.47,2969.03,2899.09,2916.54,898278,https://stooq.com/q/d/l/?s=7012.jp&i=d,2026-03-22T01:59:33+00:00
7012,7012.T,7012.jp,2006-08-07,2881.63,2934.00,2837.99,2837.99,898392,https://stooq.com/q/d/l/?s=7012.jp&i=d,2026-03-22T01:59:33+00:00
7012,7012.T,7012.jp,2006-08-08,2855.45,2916.54,2855.45,2881.63,1474529,https://stooq.com/q/d/l/?s=7012.jp&i=d,2026-03-22T01:59:33+00:00
7012,7012.T,7012.jp,2006-08-09,2864.26,2934.00,2820.53,2934.00,1514498,https://stooq.com/q/d/l/?s=7012.jp&i=d,2026-03-22T01:59:33+00:00
7012,7012.T,7012.jp,2006-08-10,2907.91,2960.31,2899.09,2960.31,968593,https://stooq.com/q/d/l/?s=7012.jp&i=d,2026-03-22T01:59:33+00:00
7012,7012.T,7012.jp,2006-08-11,2960.31,2969.03,2925.28,2942.82,1416128,https://stooq.com/q/d/l/?s=7012.jp&i=d,2026-03-22T01:59:33+00:00
7012,7012.T,7012.jp,2006-08-14,2934.00,2969.03,2916.54,2960.31,1096621,https://stooq.com/q/d/l/?s=7012.jp&i=d,2026-03-22T01:59:33+00:00
7012,7012.T,7012.jp,2006-08-15,2960.31,2995.11,2951.47,2960.31,2518361,https://stooq.com/q/d/l/?s=7012.jp&i=d,2026-03-22T01:59:33+00:00
7012,7012.T,7012.jp,2006-08-16,3003.94,3030.13,2986.39,3021.39,2199543,https://stooq.com/q/d/l/?s=7012.jp&i=d,2026-03-22T01:59:33+00:00
7012,7012.T,7012.jp,2006-08-17,3108.69,3161.07,3091.23,3099.87,3853638,https://stooq.com/q/d/l/?s=7012.jp&i=d,2026-03-22T01:59:33+00:00
7012,7012.T,7012.jp,2006-08-18,3117.42,3161.07,3065.04,3161.07,2281996,https://stooq.com/q/d/l/?s=7012.jp&i=d,2026-03-22T01:59:33+00:00
7012,7012.T,7012.jp,2006-08-21,3204.81,3230.90,3134.89,3161.07,3102975,https://stooq.com/q/d/l/?s=7012.jp&i=d,2026-03-22T01:59:33+00:00
7012,7012.T,7012.jp,2006-08-22,3143.69,3213.44,3134.89,3204.81,1450139,https://stooq.com/q/d/l/?s=7012.jp&i=d,2026-03-22T01:59:33+00:00
7012,7012.T,7012.jp,2006-08-23,3213.44,3222.27,3178.52,3213.44,1339400,https://stooq.com/q/d/l/?s=7012.jp&i=d,2026-03-22T01:59:33+00:00
7012,7012.T,7012.jp,2006-08-24,3195.99,3213.44,3161.07,3169.79,1446818,https://stooq.com/q/d/l/?s=7012.jp&i=d,2026-03-22T01:59:33+00:00
7012,7012.T,7012.jp,2006-08-25,3178.52,3222.27,3152.32,3169.79,1375472,https://stooq.com/q/d/l/?s=7012.jp&i=d,2026-03-22T01:59:33+00:00
7012,7012.T,7012.jp,2006-08-28,3187.34,3213.44,3161.07,3161.07,1917715,https://stooq.com/q/d/l/?s=7012.jp&i=d,2026-03-22T01:59:33+00:00
7012,7012.T,7012.jp,2006-08-29,3195.99,3222.27,3143.69,3178.52,1968674,https://stooq.com/q/d/l/?s=7012.jp&i=d,2026-03-22T01:59:33+00:00
7012,7012.T,7012.jp,2006-08-30,3178.52,3204.81,3169.79,3178.52,1251793,https://stooq.com/q/d/l/?s=7012.jp&i=d,2026-03-22T01:59:33+00:00
7012,7012.T,7012.jp,2006-08-31,3204.81,3248.45,3187.34,3239.63,2217064,https://stooq.com/q/d/l/?s=7012.jp&i=d,2026-03-22T01:59:33+00:00
7012,7012.T,7012.jp,2006-09-01,3283.37,3405.59,3274.56,3388.12,6705245,https://stooq.com/q/d/l/?s=7012.jp&i=d,2026-03-22T01:59:33+00:00
7012,7012.T,7012.jp,2006-09-04,3449.22,3475.42,3431.86,3440.41,3576621,https://stooq.com/q/d/l/?s=7012.jp&i=d,2026-03-22T01:59:33+00:00
7012,7012.T,7012.jp,2006-09-05,3449.22,3501.60,3440.41,3484.24,4238877,https://stooq.com/q/d/l/?s=7012.jp&i=d,2026-03-22T01:59:33+00:00
7012,7012.T,7012.jp,2006-09-06,3457.96,3475.42,3396.85,3431.86,2440030,https://stooq.com/q/d/l/?s=7012.jp&i=d,2026-03-22T01:59:33+00:00
7012,7012.T,7012.jp,2006-09-07,3388.12,3440.41,3370.66,3405.59,1791172,https://stooq.com/q/d/l/?s=7012.jp&i=d,2026-03-22T01:59:33+00:00
7012,7012.T,7012.jp,2006-09-08,3388.12,3536.63,3388.12,3510.34,4263726,https://stooq.com/q/d/l/?s=7012.jp&i=d,2026-03-22T01:59:33+00:00
7012,7012.T,7012.jp,2006-09-11,3519.06,3527.89,3414.30,3414.30,1903514,https://stooq.com/q/d/l/?s=7012.jp&i=d,2026-03-22T01:59:33+00:00
7012,7012.T,7012.jp,2006-09-12,3440.41,3466.78,3362.03,3388.12,2758619,https://stooq.com/q/d/l/?s=7012.jp&i=d,2026-03-22T01:59:33+00:00
7012,7012.T,7012.jp,2006-09-13,3431.86,3449.22,3344.47,3353.20,2256116,https://stooq.com/q/d/l/?s=7012.jp&i=d,2026-03-22T01:59:33+00:00
7012,7012.T,7012.jp,2006-09-14,3327.02,3362.03,3274.56,3362.03,2872335,https://stooq.com/q/d/l/?s=7012.jp&i=d,2026-03-22T01:59:33+00:00
7012,7012.T,7012.jp,2006-09-15,3344.47,3344.47,3257.19,3300.73,1643903,https://stooq.com/q/d/l/?s=7012.jp&i=d,2026-03-22T01:59:33+00:00
7012,7012.T,7012.jp,2006-09-19,3370.66,3431.86,3353.20,3379.31,1937869,https://stooq.com/q/d/l/?s=7012.jp&i=d,2026-03-22T01:59:33+00:00
7012,7012.T,7012.jp,2006-09-20,3335.67,3466.78,3335.67,3449.22,3161951,https://stooq.com/q/d/l/?s=7012.jp&i=d,2026-03-22T01:59:33+00:00
7012,7012.T,7012.jp,2006-09-21,3449.22,3449.22,3344.47,3405.59,2345554,https://stooq.com/q/d/l/?s=7012.jp&i=d,2026-03-22T01:59:33+00:00
7012,7012.T,7012.jp,2006-09-22,3362.03,3388.12,3335.67,3335.67,1085399,https://stooq.com/q/d/l/?s=7012.jp&i=d,2026-03-22T01:59:33+00:00
7012,7012.T,7012.jp,2006-09-25,3327.02,3327.02,3230.90,3309.56,2104608,https://stooq.com/q/d/l/?s=7012.jp&i=d,2026-03-22T01:59:33+00:00
7012,7012.T,7012.jp,2006-09-26,3318.29,3353.20,3257.19,3257.19,1181708,https://stooq.com/q/d/l/?s=7012.jp&i=d,2026-03-22T01:59:33+00:00
7012,7012.T,7012.jp,2006-09-27,3300.73,3414.30,3300.73,3414.30,1802624,https://stooq.com/q/d/l/?s=7012.jp&i=d,2026-03-22T01:59:33+00:00
7012,7012.T,7012.jp,2006-09-28,3405.59,3466.78,3396.85,3449.22,1499152,https://stooq.com/q/d/l/?s=7012.jp&i=d,2026-03-22T01:59:33+00:00
7012,7012.T,7012.jp,2006-09-29,3449.22,3466.78,3379.31,3414.30,1040738,https://stooq.com/q/d/l/?s=7012.jp&i=d,2026-03-22T01:59:33+00:00
7012,7012.T,7012.jp,2006-10-02,3457.96,3492.87,3431.86,3484.24,2974942,https://stooq.com/q/d/l/?s=7012.jp&i=d,2026-03-22T01:59:33+00:00
7012,7012.T,7012.jp,2006-10-03,3492.87,3588.99,3466.78,3580.17,3955445,https://stooq.com/q/d/l/?s=7012.jp&i=d,2026-03-22T01:59:33+00:00
7012,7012.T,7012.jp,2006-10-04,3580.17,3606.45,3449.22,3484.24,3247152,https://stooq.com/q/d/l/?s=7012.jp&i=d,2026-03-22T01:59:33+00:00
7012,7012.T,7012.jp,2006-10-05,3536.63,3597.72,3519.06,3597.72,2979410,https://stooq.com/q/d/l/?s=7012.jp&i=d,2026-03-22T01:59:33+00:00
7012,7012.T,7012.jp,2006-10-06,3562.80,3580.17,3527.89,3562.80,1500181,https://stooq.com/q/d/l/?s=7012.jp&i=d,2026-03-22T01:59:33+00:00
7012,7012.T,7012.jp,2006-10-10,3536.63,3650.10,3536.63,3588.99,2995558,https://stooq.com/q/d/l/?s=7012.jp&i=d,2026-03-22T01:59:33+00:00
7012,7012.T,7012.jp,2006-10-11,3623.91,3650.10,3580.17,3597.72,2461330,https://stooq.com/q/d/l/?s=7012.jp&i=d,2026-03-22T01:59:33+00:00
7012,7012.T,7012.jp,2006-10-12,3597.72,3658.82,3571.53,3641.38,2756787,https://stooq.com/q/d/l/?s=7012.jp&i=d,2026-03-22T01:59:33+00:00
7012,7012.T,7012.jp,2006-10-13,3667.56,3693.75,3650.10,3658.82,2374984,https://stooq.com/q/d/l/?s=7012.jp&i=d,2026-03-22T01:59:33+00:00
7012,7012.T,7012.jp,2006-10-16,3685.01,3746.21,3676.30,3719.84,2230921,https://stooq.com/q/d/l/?s=7012.jp&i=d,2026-03-22T01:59:33+00:00
7012,7012.T,7012.jp,2006-10-17,3746.21,3781.05,3711.29,3763.67,3854897,https://stooq.com/q/d/l/?s=7012.jp&i=d,2026-03-22T01:59:33+00:00
7012,7012.T,7012.jp,2006-10-18,3737.39,3754.85,3676.30,3711.29,2588559,https://stooq.com/q/d/l/?s=7012.jp&i=d,2026-03-22T01:59:33+00:00
7012,7012.T,7012.jp,2006-10-19,3737.39,3746.21,3702.47,3719.84,1095822,https://stooq.com/q/d/l/?s=7012.jp&i=d,2026-03-22T01:59:33+00:00
7012,7012.T,7012.jp,2006-10-20,3719.84,3833.42,3719.84,3824.77,2877604,https://stooq.com/q/d/l/?s=7012.jp&i=d,2026-03-22T01:59:33+00:00
7012,7012.T,7012.jp,2006-10-23,3807.32,3850.96,3781.05,3824.77,1861716,https://stooq.com/q/d/l/?s=7012.jp&i=d,2026-03-22T01:59:33+00:00
7012,7012.T,7012.jp,2006-10-24,3842.15,3850.96,3807.32,3824.77,1014625,https://stooq.com/q/d/l/?s=7012.jp&i=d,2026-03-22T01:59:33+00:00
7012,7012.T,7012.jp,2006-10-25,3824.77,3868.42,3798.51,3868.42,2262527,https://stooq.com/q/d/l/?s=7012.jp&i=d,2026-03-22T01:59:33+00:00
7012,7012.T,7012.jp,2006-10-26,3877.16,3912.06,3850.96,3859.59,2729646,https://stooq.com/q/d/l/?s=7012.jp&i=d,2026-03-22T01:59:33+00:00
7012,7012.T,7012.jp,2006-10-27,3894.52,3903.25,3859.59,3894.52,1437427,https://stooq.com/q/d/l/?s=7012.jp&i=d,2026-03-22T01:59:33+00:00
7012,7012.T,7012.jp,2006-10-30,3850.96,3850.96,3702.47,3737.39,2328378,https://stooq.com/q/d/l/?s=7012.jp&i=d,2026-03-22T01:59:33+00:00
7012,7012.T,7012.jp,2006-10-31,3711.29,3816.06,3702.47,3772.39,2210882,https://stooq.com/q/d/l/?s=7012.jp&i=d,2026-03-22T01:59:33+00:00
7012,7012.T,7012.jp,2006-11-01,3667.56,3711.29,3623.91,3685.01,1995587,https://stooq.com/q/d/l/?s=7012.jp&i=d,2026-03-22T01:59:33+00:00
7012,7012.T,7012.jp,2006-11-02,3650.10,3702.47,3650.10,3702.47,1601417,https://stooq.com/q/d/l/?s=7012.jp&i=d,2026-03-22T01:59:33+00:00
7012,7012.T,7012.jp,2006-11-06,3676.30,3763.67,3650.10,3754.85,1980126,https://stooq.com/q/d/l/?s=7012.jp&i=d,2026-03-22T01:59:33+00:00
7012,7012.T,7012.jp,2006-11-07,3798.51,3833.42,3772.39,3798.51,2993954,https://stooq.com/q/d/l/?s=7012.jp&i=d,2026-03-22T01:59:33+00:00
7012,7012.T,7012.jp,2006-11-08,3816.06,3824.77,3737.39,3737.39,1823467,https://stooq.com/q/d/l/?s=7012.jp&i=d,2026-03-22T01:59:33+00:00
7012,7012.T,7012.jp,2006-11-09,3746.21,3763.67,3711.29,3728.66,962522,https://stooq.com/q/d/l/?s=7012.jp&i=d,2026-03-22T01:59:33+00:00
7012,7012.T,7012.jp,2006-11-10,3693.75,3746.21,3685.01,3711.29,1222935,https://stooq.com/q/d/l/?s=7012.jp&i=d,2026-03-22T01:59:33+00:00
7012,7012.T,7012.jp,2006-11-13,3676.30,3693.75,3597.72,3597.72,1395858,https://stooq.com/q/d/l/?s=7012.jp&i=d,2026-03-22T01:59:33+00:00
7012,7012.T,7012.jp,2006-11-14,3650.10,3702.47,3623.91,3685.01,1558244,https://stooq.com/q/d/l/?s=7012.jp&i=d,2026-03-22T01:59:33+00:00
7012,7012.T,7012.jp,2006-11-15,3685.01,3693.75,3632.64,3641.38,934235,https://stooq.com/q/d/l/?s=7012.jp&i=d,2026-03-22T01:59:33+00:00
7012,7012.T,7012.jp,2006-11-16,3650.10,3719.84,3623.91,3632.64,1485295,https://stooq.com/q/d/l/?s=7012.jp&i=d,2026-03-22T01:59:33+00:00
7012,7012.T,7012.jp,2006-11-17,3623.91,3641.38,3553.99,3606.45,1186632,https://stooq.com/q/d/l/?s=7012.jp&i=d,2026-03-22T01:59:33+00:00
7012,7012.T,7012.jp,2006-11-20,3571.53,3580.17,3449.22,3449.22,2323337,https://stooq.com/q/d/l/?s=7012.jp&i=d,2026-03-22T01:59:33+00:00
7012,7012.T,7012.jp,2006-11-21,3457.96,3501.60,3431.86,3440.41,998595,https://stooq.com/q/d/l/?s=7012.jp&i=d,2026-03-22T01:59:33+00:00
7012,7012.T,7012.jp,2006-11-22,3466.78,3553.99,3431.86,3553.99,1055052,https://stooq.com/q/d/l/?s=7012.jp&i=d,2026-03-22T01:59:33+00:00
7012,7012.T,7012.jp,2006-11-24,3562.80,3562.80,3492.87,3519.06,1048297,https://stooq.com/q/d/l/?s=7012.jp&i=d,2026-03-22T01:59:33+00:00
7012,7012.T,7012.jp,2006-11-27,3475.42,3510.34,3449.22,3492.87,1272866,https://stooq.com/q/d/l/?s=7012.jp&i=d,2026-03-22T01:59:33+00:00
7012,7012.T,7012.jp,2006-11-28,3449.22,3519.06,3431.86,3501.60,1605310,https://stooq.com/q/d/l/?s=7012.jp&i=d,2026-03-22T01:59:33+00:00
7012,7012.T,7012.jp,2006-11-29,3553.99,3597.72,3536.63,3588.99,1565688,https://stooq.com/q/d/l/?s=7012.jp&i=d,2026-03-22T01:59:33+00:00
7012,7012.T,7012.jp,2006-11-30,3615.09,3641.38,3571.53,3597.72,1140598,https://stooq.com/q/d/l/?s=7012.jp&i=d,2026-03-22T01:59:33+00:00
7012,7012.T,7012.jp,2006-12-01,3615.09,3667.56,3588.99,3658.82,1747314,https://stooq.com/q/d/l/?s=7012.jp&i=d,2026-03-22T01:59:33+00:00
7012,7012.T,7012.jp,2006-12-04,3632.64,3632.64,3597.72,3623.91,1381314,https://stooq.com/q/d/l/?s=7012.jp&i=d,2026-03-22T01:59:33+00:00
7012,7012.T,7012.jp,2006-12-05,3641.38,3650.10,3571.53,3571.53,1472928,https://stooq.com/q/d/l/?s=7012.jp&i=d,2026-03-22T01:59:33+00:00
7012,7012.T,7012.jp,2006-12-06,3597.72,3623.91,3553.99,3615.09,1177472,https://stooq.com/q/d/l/?s=7012.jp&i=d,2026-03-22T01:59:33+00:00
7012,7012.T,7012.jp,2006-12-07,3623.91,3623.91,3562.80,3588.99,824986,https://stooq.com/q/d/l/?s=7012.jp&i=d,2026-03-22T01:59:33+00:00
7012,7012.T,7012.jp,2006-12-08,3562.80,3632.64,3562.80,3580.17,2012993,https://stooq.com/q/d/l/?s=7012.jp&i=d,2026-03-22T01:59:33+00:00
7012,7012.T,7012.jp,2006-12-11,3597.72,3789.76,3597.72,3772.39,3492334,https://stooq.com/q/d/l/?s=7012.jp&i=d,2026-03-22T01:59:33+00:00
7012,7012.T,7012.jp,2006-12-12,3816.06,3859.59,3746.21,3781.05,4178755,https://stooq.com/q/d/l/?s=7012.jp&i=d,2026-03-22T01:59:33+00:00
7012,7012.T,7012.jp,2006-12-13,3746.21,3816.06,3737.39,3798.51,1936840,https://stooq.com/q/d/l/?s=7012.jp&i=d,2026-03-22T01:59:33+00:00
7012,7012.T,7012.jp,2006-12-14,3798.51,3833.42,3754.85,3833.42,1526864,https://stooq.com/q/d/l/?s=7012.jp&i=d,2026-03-22T01:59:33+00:00
7012,7012.T,7012.jp,2006-12-15,3842.15,3885.97,3798.51,3807.32,3045715,https://stooq.com/q/d/l/?s=7012.jp&i=d,2026-03-22T01:59:33+00:00
7012,7012.T,7012.jp,2006-12-18,3824.77,3833.42,3763.67,3781.05,1390933,https://stooq.com/q/d/l/?s=7012.jp&i=d,2026-03-22T01:59:33+00:00
7012,7012.T,7012.jp,2006-12-19,3746.21,3781.05,3676.30,3702.47,1563052,https://stooq.com/q/d/l/?s=7012.jp&i=d,2026-03-22T01:59:33+00:00
7012,7012.T,7012.jp,2006-12-20,3728.66,3816.06,3719.84,3798.51,1727270,https://stooq.com/q/d/l/?s=7012.jp&i=d,2026-03-22T01:59:33+00:00
7012,7012.T,7012.jp,2006-12-21,3807.32,3912.06,3798.51,3885.97,4240937,https://stooq.com/q/d/l/?s=7012.jp&i=d,2026-03-22T01:59:33+00:00
7012,7012.T,7012.jp,2006-12-22,3868.42,3885.97,3807.32,3877.16,2434190,https://stooq.com/q/d/l/?s=7012.jp&i=d,2026-03-22T01:59:33+00:00
7012,7012.T,7012.jp,2006-12-25,3859.59,3955.73,3850.96,3885.97,4334269,https://stooq.com/q/d/l/?s=7012.jp&i=d,2026-03-22T01:59:33+00:00
7012,7012.T,7012.jp,2006-12-26,3885.97,3929.53,3824.77,3929.53,2174580,https://stooq.com/q/d/l/?s=7012.jp&i=d,2026-03-22T01:59:33+00:00
7012,7012.T,7012.jp,2006-12-27,3973.18,4016.82,3868.42,3868.42,4279760,https://stooq.com/q/d/l/?s=7012.jp&i=d,2026-03-22T01:59:33+00:00
7012,7012.T,7012.jp,2006-12-28,3912.06,3920.81,3850.96,3912.06,1648941,https://stooq.com/q/d/l/?s=7012.jp&i=d,2026-03-22T01:59:33+00:00
7012,7012.T,7012.jp,2006-12-29,3903.25,3955.73,3885.97,3903.25,1287296,https://stooq.com/q/d/l/?s=7012.jp&i=d,2026-03-22T01:59:33+00:00
7012,7012.T,7012.jp,2007-01-04,3955.73,3990.73,3938.27,3964.45,1581146,https://stooq.com/q/d/l/?s=7012.jp&i=d,2026-03-22T01:59:33+00:00
7012,7012.T,7012.jp,2007-01-05,3929.53,3938.27,3772.39,3833.42,1957224,https://stooq.com/q/d/l/?s=7012.jp&i=d,2026-03-22T01:59:33+00:00
7012,7012.T,7012.jp,2007-01-09,3816.06,3877.16,3798.51,3833.42,991036,https://stooq.com/q/d/l/?s=7012.jp&i=d,2026-03-22T01:59:33+00:00
7012,7012.T,7012.jp,2007-01-10,3833.42,3833.42,3746.21,3754.85,1182741,https://stooq.com/q/d/l/?s=7012.jp&i=d,2026-03-22T01:59:33+00:00
7012,7012.T,7012.jp,2007-01-11,3763.67,3789.76,3693.75,3719.84,1330239,https://stooq.com/q/d/l/?s=7012.jp&i=d,2026-03-22T01:59:33+00:00
7012,7012.T,7012.jp,2007-01-12,3746.21,3850.96,3728.66,3816.06,1493999,https://stooq.com/q/d/l/?s=7012.jp&i=d,2026-03-22T01:59:33+00:00
7012,7012.T,7012.jp,2007-01-15,3816.06,3859.59,3816.06,3842.15,1033753,https://stooq.com/q/d/l/?s=7012.jp&i=d,2026-03-22T01:59:33+00:00
7012,7012.T,7012.jp,2007-01-16,3833.42,3877.16,3807.32,3824.77,1348676,https://stooq.com/q/d/l/?s=7012.jp&i=d,2026-03-22T01:59:33+00:00
7012,7012.T,7012.jp,2007-01-17,3833.42,3938.27,3807.32,3920.81,2821145,https://stooq.com/q/d/l/?s=7012.jp&i=d,2026-03-22T01:59:33+00:00
7012,7012.T,7012.jp,2007-01-18,3912.06,3920.81,3859.59,3868.42,3626091,https://stooq.com/q/d/l/?s=7012.jp&i=d,2026-03-22T01:59:33+00:00
7012,7012.T,7012.jp,2007-01-19,3877.16,3903.25,3842.15,3859.59,1838812,https://stooq.com/q/d/l/?s=7012.jp&i=d,2026-03-22T01:59:33+00:00
7012,7012.T,7012.jp,2007-01-22,3903.25,3912.06,3885.97,3912.06,1652378,https://stooq.com/q/d/l/?s=7012.jp&i=d,2026-03-22T01:59:33+00:00
7012,7012.T,7012.jp,2007-01-23,3903.25,4043.02,3903.25,4043.02,5277438,https://stooq.com/q/d/l/?s=7012.jp&i=d,2026-03-22T01:59:33+00:00
7012,7012.T,7012.jp,2007-01-24,4043.02,4104.20,4008.08,4086.76,6388833,https://stooq.com/q/d/l/?s=7012.jp&i=d,2026-03-22T01:59:33+00:00
7012,7012.T,7012.jp,2007-01-25,4130.38,4139.02,4016.82,4025.64,3505046,https://stooq.com/q/d/l/?s=7012.jp&i=d,2026-03-22T01:59:33+00:00
7012,7012.T,7012.jp,2007-01-26,4016.82,4112.93,3999.37,4112.93,3822377,https://stooq.com/q/d/l/?s=7012.jp&i=d,2026-03-22T01:59:33+00:00
7012,7012.T,7012.jp,2007-01-29,4104.20,4139.02,4060.46,4121.59,2887108,https://stooq.com/q/d/l/?s=7012.jp&i=d,2026-03-22T01:59:33+00:00
7012,7012.T,7012.jp,2007-01-30,4139.02,4173.96,3999.37,4034.28,3470690,https://stooq.com/q/d/l/?s=7012.jp&i=d,2026-03-22T01:59:33+00:00
7012,7012.T,7012.jp,2007-01-31,4060.46,4095.50,4025.64,4095.50,2525804,https://stooq.com/q/d/l/?s=7012.jp&i=d,2026-03-22T01:59:33+00:00
7012,7012.T,7012.jp,2007-02-01,4121.59,4147.86,4086.76,4112.93,2980325,https://stooq.com/q/d/l/?s=7012.jp&i=d,2026-03-22T01:59:33+00:00
7012,7012.T,7012.jp,2007-02-02,4112.93,4121.59,4077.94,4086.76,1585843,https://stooq.com/q/d/l/?s=7012.jp&i=d,2026-03-22T01:59:33+00:00
7012,7012.T,7012.jp,2007-02-05,4060.46,4060.46,3964.45,3981.90,1532820,https://stooq.com/q/d/l/?s=7012.jp&i=d,2026-03-22T01:59:33+00:00
7012,7012.T,7012.jp,2007-02-06,4016.82,4051.84,3999.37,4034.28,1404675,https://stooq.com/q/d/l/?s=7012.jp&i=d,2026-03-22T01:59:33+00:00
7012,7012.T,7012.jp,2007-02-07,4051.84,4104.20,3999.37,4016.82,2395942,https://stooq.com/q/d/l/?s=7012.jp&i=d,2026-03-22T01:59:33+00:00
7012,7012.T,7012.jp,2007-02-08,4043.02,4043.02,3938.27,3973.18,1343523,https://stooq.com/q/d/l/?s=7012.jp&i=d,2026-03-22T01:59:33+00:00
7012,7012.T,7012.jp,2007-02-09,3981.90,4077.94,3973.18,4069.20,2128657,https://stooq.com/q/d/l/?s=7012.jp&i=d,2026-03-22T01:59:33+00:00
7012,7012.T,7012.jp,2007-02-13,4060.46,4165.41,4034.28,4130.38,3688961,https://stooq.com/q/d/l/?s=7012.jp&i=d,2026-03-22T01:59:33+00:00
7012,7012.T,7012.jp,2007-02-14,4191.51,4243.79,4191.51,4208.96,3701674,https://stooq.com/q/d/l/?s=7012.jp&i=d,2026-03-22T01:59:33+00:00
7012,7012.T,7012.jp,2007-02-15,4235.15,4243.79,4139.02,4165.41,2153851,https://stooq.com/q/d/l/?s=7012.jp&i=d,2026-03-22T01:59:33+00:00
7012,7012.T,7012.jp,2007-02-16,4156.59,4173.96,4112.93,4121.59,1531905,https://stooq.com/q/d/l/?s=7012.jp&i=d,2026-03-22T01:59:33+00:00
7012,7012.T,7012.jp,2007-02-19,4121.59,4243.79,4086.76,4208.96,2743733,https://stooq.com/q/d/l/?s=7012.jp&i=d,2026-03-22T01:59:33+00:00
7012,7012.T,7012.jp,2007-02-20,4200.25,4261.33,4165.41,4235.15,3325024,https://stooq.com/q/d/l/?s=7012.jp&i=d,2026-03-22T01:59:33+00:00
7012,7012.T,7012.jp,2007-02-21,4252.62,4401.01,4243.79,4401.01,6003138,https://stooq.com/q/d/l/?s=7012.jp&i=d,2026-03-22T01:59:33+00:00
7012,7012.T,7012.jp,2007-02-22,4453.48,4462.12,4340.00,4374.92,3999192,https://stooq.com/q/d/l/?s=7012.jp&i=d,2026-03-22T01:59:33+00:00
7012,7012.T,7012.jp,2007-02-23,4374.92,4462.12,4322.45,4427.29,3238792,https://stooq.com/q/d/l/?s=7012.jp&i=d,2026-03-22T01:59:33+00:00
7012,7012.T,7012.jp,2007-02-26,4488.39,4619.43,4488.39,4584.41,5217545,https://stooq.com/q/d/l/?s=7012.jp&i=d,2026-03-22T01:59:33+00:00
7012,7012.T,7012.jp,2007-02-27,4584.41,4601.88,4401.01,4453.48,3130228,https://stooq.com/q/d/l/?s=7012.jp&i=d,2026-03-22T01:59:33+00:00
7012,7012.T,7012.jp,2007-02-28,4060.46,4287.53,4060.46,4217.70,4715957,https://stooq.com/q/d/l/?s=7012.jp&i=d,2026-03-22T01:59:33+00:00
7012,7012.T,7012.jp,2007-03-01,4261.33,4296.27,4086.76,4173.96,3747596,https://stooq.com/q/d/l/?s=7012.jp&i=d,2026-03-22T01:59:33+00:00
7012,7012.T,7012.jp,2007-03-02,4139.02,4191.51,4051.84,4156.59,3741870,https://stooq.com/q/d/l/?s=7012.jp&i=d,2026-03-22T01:59:33+00:00
7012,7012.T,7012.jp,2007-03-05,4069.20,4077.94,3868.42,3912.06,3706256,https://stooq.com/q/d/l/?s=7012.jp&i=d,2026-03-22T01:59:33+00:00
7012,7012.T,7012.jp,2007-03-06,3955.73,4069.20,3947.00,4051.84,5040730,https://stooq.com/q/d/l/?s=7012.jp&i=d,2026-03-22T01:59:33+00:00
7012,7012.T,7012.jp,2007-03-07,4139.02,4182.68,3981.90,4016.82,5175289,https://stooq.com/q/d/l/?s=7012.jp&i=d,2026-03-22T01:59:33+00:00
7012,7012.T,7012.jp,2007-03-08,3990.73,4095.50,3955.73,4095.50,2404875,https://stooq.com/q/d/l/?s=7012.jp&i=d,2026-03-22T01:59:33+00:00
7012,7012.T,7012.jp,2007-03-09,4121.59,4139.02,4043.02,4069.20,2351738,https://stooq.com/q/d/l/?s=7012.jp&i=d,2026-03-22T01:59:33+00:00
7012,7012.T,7012.jp,2007-03-12,4147.86,4182.68,4077.94,4139.02,1436280,https://stooq.com/q/d/l/?s=7012.jp&i=d,2026-03-22T01:59:33+00:00
7012,7012.T,7012.jp,2007-03-13,4130.38,4165.41,4095.50,4104.20,1726586,https://stooq.com/q/d/l/?s=7012.jp&i=d,2026-03-22T01:59:33+00:00
7012,7012.T,7012.jp,2007-03-14,4016.82,4051.84,3973.18,4016.82,2590965,https://stooq.com/q/d/l/?s=7012.jp&i=d,2026-03-22T01:59:33+00:00
7012,7012.T,7012.jp,2007-03-15,4077.94,4173.96,4051.84,4147.86,3833482,https://stooq.com/q/d/l/?s=7012.jp&i=d,2026-03-22T01:59:33+00:00
7012,7012.T,7012.jp,2007-03-16,4305.07,4331.26,4130.38,4156.59,10029470,https://stooq.com/q/d/l/?s=7012.jp&i=d,2026-03-22T01:59:33+00:00
7012,7012.T,7012.jp,2007-03-19,4147.86,4261.33,4095.50,4235.15,4348699,https://stooq.com/q/d/l/?s=7012.jp&i=d,2026-03-22T01:59:33+00:00
7012,7012.T,7012.jp,2007-03-20,4278.81,4340.00,4252.62,4287.53,4739205,https://stooq.com/q/d/l/?s=7012.jp&i=d,2026-03-22T01:59:33+00:00
7012,7012.T,7012.jp,2007-03-22,4348.64,4374.92,4296.27,4305.07,3405530,https://stooq.com/q/d/l/?s=7012.jp&i=d,2026-03-22T01:59:33+00:00
7012,7012.T,7012.jp,2007-03-23,4331.26,4392.38,4305.07,4374.92,3110876,https://stooq.com/q/d/l/?s=7012.jp&i=d,2026-03-22T01:59:33+00:00
7012,7012.T,7012.jp,2007-03-26,4383.55,4401.01,4340.00,4366.18,2313258,https://stooq.com/q/d/l/?s=7012.jp&i=d,2026-03-22T01:59:33+00:00
7012,7012.T,7012.jp,2007-03-27,4348.64,4418.47,4331.26,4401.01,4047174,https://stooq.com/q/d/l/?s=7012.jp&i=d,2026-03-22T01:59:33+00:00
7012,7012.T,7012.jp,2007-03-28,4374.92,4401.01,4278.81,4331.26,3588186,https://stooq.com/q/d/l/?s=7012.jp&i=d,2026-03-22T01:59:33+00:00
7012,7012.T,7012.jp,2007-03-29,4243.79,4383.55,4243.79,4357.36,2528096,https://stooq.com/q/d/l/?s=7012.jp&i=d,2026-03-22T01:59:33+00:00
7012,7012.T,7012.jp,2007-03-30,4383.55,4401.01,4340.00,4357.36,2053991,https://stooq.com/q/d/l/?s=7012.jp&i=d,2026-03-22T01:59:33+00:00
7012,7012.T,7012.jp,2007-04-02,4366.18,4374.92,4235.15,4252.62,2247641,https://stooq.com/q/d/l/?s=7012.jp&i=d,2026-03-22T01:59:33+00:00
7012,7012.T,7012.jp,2007-04-03,4261.33,4331.26,4243.79,4322.45,2214204,https://stooq.com/q/d/l/?s=7012.jp&i=d,2026-03-22T01:59:33+00:00
7012,7012.T,7012.jp,2007-04-04,4357.36,4374.92,4322.45,4374.92,2122816,https://stooq.com/q/d/l/?s=7012.jp&i=d,2026-03-22T01:59:33+00:00
7012,7012.T,7012.jp,2007-04-05,4348.64,4348.64,4243.79,4287.53,1536830,https://stooq.com/q/d/l/?s=7012.jp&i=d,2026-03-22T01:59:33+00:00
7012,7012.T,7012.jp,2007-04-06,4357.36,4374.92,4287.53,4296.27,2813815,https://stooq.com/q/d/l/?s=7012.jp&i=d,2026-03-22T01:59:33+00:00
7012,7012.T,7012.jp,2007-04-09,4313.72,4418.47,4278.81,4418.47,3459813,https://stooq.com/q/d/l/?s=7012.jp&i=d,2026-03-22T01:59:33+00:00
7012,7012.T,7012.jp,2007-04-10,4374.92,4401.01,4357.36,4374.92,2369257,https://stooq.com/q/d/l/?s=7012.jp&i=d,2026-03-22T01:59:33+00:00
7012,7012.T,7012.jp,2007-04-11,4383.55,4409.82,4348.64,4366.18,1415095,https://stooq.com/q/d/l/?s=7012.jp&i=d,2026-03-22T01:59:33+00:00
7012,7012.T,7012.jp,2007-04-12,4374.92,4462.12,4366.18,4436.02,5465591,https://stooq.com/q/d/l/?s=7012.jp&i=d,2026-03-22T01:59:33+00:00
7012,7012.T,7012.jp,2007-04-13,4462.12,4462.12,4296.27,4305.07,2741328,https://stooq.com/q/d/l/?s=7012.jp&i=d,2026-03-22T01:59:33+00:00
7012,7012.T,7012.jp,2007-04-16,4331.26,4383.55,4287.53,4348.64,1633024,https://stooq.com/q/d/l/?s=7012.jp&i=d,2026-03-22T01:59:33+00:00
7012,7012.T,7012.jp,2007-04-17,4366.18,4409.82,4348.64,4366.18,1821749,https://stooq.com/q/d/l/?s=7012.jp&i=d,2026-03-22T01:59:33+00:00
7012,7012.T,7012.jp,2007-04-18,4357.36,4374.92,4322.45,4340.00,1415325,https://stooq.com/q/d/l/?s=7012.jp&i=d,2026-03-22T01:59:33+00:00
7012,7012.T,7012.jp,2007-04-19,4348.64,4409.82,4278.81,4313.72,2563594,https://stooq.com/q/d/l/?s=7012.jp&i=d,2026-03-22T01:59:33+00:00
7012,7012.T,7012.jp,2007-04-20,4348.64,4453.48,4313.72,4418.47,4755238,https://stooq.com/q/d/l/?s=7012.jp&i=d,2026-03-22T01:59:33+00:00
7012,7012.T,7012.jp,2007-04-23,4479.66,4505.94,4418.47,4436.02,3572840,https://stooq.com/q/d/l/?s=7012.jp&i=d,2026-03-22T01:59:33+00:00
7012,7012.T,7012.jp,2007-04-24,4401.01,4418.47,4322.45,4409.82,1837552,https://stooq.com/q/d/l/?s=7012.jp&i=d,2026-03-22T01:59:33+00:00
7012,7012.T,7012.jp,2007-04-25,4374.92,4392.38,4305.07,4313.72,2336164,https://stooq.com/q/d/l/?s=7012.jp&i=d,2026-03-22T01:59:33+00:00
7012,7012.T,7012.jp,2007-04-26,4322.45,4427.29,4287.53,4427.29,2351967,https://stooq.com/q/d/l/?s=7012.jp&i=d,2026-03-22T01:59:33+00:00
7012,7012.T,7012.jp,2007-04-27,4427.29,4436.02,4200.25,4200.25,3871961,https://stooq.com/q/d/l/?s=7012.jp&i=d,2026-03-22T01:59:33+00:00
7012,7012.T,7012.jp,2007-05-01,4191.51,4217.70,4077.94,4095.50,2289669,https://stooq.com/q/d/l/?s=7012.jp&i=d,2026-03-22T01:59:33+00:00
7012,7012.T,7012.jp,2007-05-02,4121.59,4130.38,4016.82,4069.20,2375444,https://stooq.com/q/d/l/?s=7012.jp&i=d,2026-03-22T01:59:33+00:00
7012,7012.T,7012.jp,2007-05-07,4121.59,4182.68,4112.93,4156.59,2782783,https://stooq.com/q/d/l/?s=7012.jp&i=d,2026-03-22T01:59:33+00:00
7012,7012.T,7012.jp,2007-05-08,4191.51,4243.79,4121.59,4130.38,3568375,https://stooq.com/q/d/l/?s=7012.jp&i=d,2026-03-22T01:59:33+00:00
7012,7012.T,7012.jp,2007-05-09,4130.38,4173.96,4095.50,4165.41,2391475,https://stooq.com/q/d/l/?s=7012.jp&i=d,2026-03-22T01:59:33+00:00
7012,7012.T,7012.jp,2007-05-10,4208.96,4208.96,4130.38,4165.41,1821292,https://stooq.com/q/d/l/?s=7012.jp&i=d,2026-03-22T01:59:33+00:00
7012,7012.T,7012.jp,2007-05-11,4139.02,4243.79,4104.20,4156.59,3329721,https://stooq.com/q/d/l/?s=7012.jp&i=d,2026-03-22T01:59:33+00:00
7012,7012.T,7012.jp,2007-05-14,4208.96,4217.70,4147.86,4156.59,1656500,https://stooq.com/q/d/l/?s=7012.jp&i=d,2026-03-22T01:59:33+00:00
7012,7012.T,7012.jp,2007-05-15,4139.02,4147.86,4060.46,4069.20,1655469,https://stooq.com/q/d/l/?s=7012.jp&i=d,2026-03-22T01:59:33+00:00
7012,7012.T,7012.jp,2007-05-16,4025.64,4051.84,3964.45,4025.64,1583437,https://stooq.com/q/d/l/?s=7012.jp&i=d,2026-03-22T01:59:33+00:00
7012,7012.T,7012.jp,2007-05-17,4025.64,4069.20,3973.18,3990.73,1456208,https://stooq.com/q/d/l/?s=7012.jp&i=d,2026-03-22T01:59:33+00:00
7012,7012.T,7012.jp,2007-05-18,4016.82,4025.64,3929.53,3955.73,1278706,https://stooq.com/q/d/l/?s=7012.jp&i=d,2026-03-22T01:59:33+00:00
7012,7012.T,7012.jp,2007-05-21,3973.18,4034.28,3929.53,4016.82,1338255,https://stooq.com/q/d/l/?s=7012.jp&i=d,2026-03-22T01:59:33+00:00
7012,7012.T,7012.jp,2007-05-22,4008.08,4034.28,3964.45,4008.08,946604,https://stooq.com/q/d/l/?s=7012.jp&i=d,2026-03-22T01:59:33+00:00
7012,7012.T,7012.jp,2007-05-23,4051.84,4165.41,4043.02,4060.46,2357119,https://stooq.com/q/d/l/?s=7012.jp&i=d,2026-03-22T01:59:33+00:00
7012,7012.T,7012.jp,2007-05-24,4034.28,4104.20,4025.64,4060.46,1182282,https://stooq.com/q/d/l/?s=7012.jp&i=d,2026-03-22T01:59:33+00:00
7012,7012.T,7012.jp,2007-05-25,4034.28,4051.84,3990.73,4034.28,1003291,https://stooq.com/q/d/l/?s=7012.jp&i=d,2026-03-22T01:59:33+00:00
7012,7012.T,7012.jp,2007-05-28,4112.93,4173.96,4104.20,4130.38,2176068,https://stooq.com/q/d/l/?s=7012.jp&i=d,2026-03-22T01:59:33+00:00
7012,7012.T,7012.jp,2007-05-29,4112.93,4156.59,4095.50,4139.02,597095,https://stooq.com/q/d/l/?s=7012.jp&i=d,2026-03-22T01:59:33+00:00
7012,7012.T,7012.jp,2007-05-30,4139.02,4165.41,4077.94,4112.93,924386,https://stooq.com/q/d/l/?s=7012.jp&i=d,2026-03-22T01:59:33+00:00
7012,7012.T,7012.jp,2007-05-31,4147.86,4173.96,4130.38,4165.41,1072688,https://stooq.com/q/d/l/?s=7012.jp&i=d,2026-03-22T01:59:33+00:00
7012,7012.T,7012.jp,2007-06-01,4182.68,4243.79,4165.41,4226.50,1668638,https://stooq.com/q/d/l/?s=7012.jp&i=d,2026-03-22T01:59:33+00:00
7012,7012.T,7012.jp,2007-06-04,4261.33,4348.64,4252.62,4348.64,3333726,https://stooq.com/q/d/l/?s=7012.jp&i=d,2026-03-22T01:59:33+00:00
7012,7012.T,7012.jp,2007-06-05,4340.00,4348.64,4270.15,4313.72,1817168,https://stooq.com/q/d/l/?s=7012.jp&i=d,2026-03-22T01:59:33+00:00
7012,7012.T,7012.jp,2007-06-06,4296.27,4331.26,4287.53,4296.27,1084025,https://stooq.com/q/d/l/?s=7012.jp&i=d,2026-03-22T01:59:33+00:00
7012,7012.T,7012.jp,2007-06-07,4252.62,4409.82,4235.15,4401.01,2112626,https://stooq.com/q/d/l/?s=7012.jp&i=d,2026-03-22T01:59:33+00:00
7012,7012.T,7012.jp,2007-06-08,4313.72,4348.64,4182.68,4217.70,3567803,https://stooq.com/q/d/l/?s=7012.jp&i=d,2026-03-22T01:59:33+00:00
7012,7012.T,7012.jp,2007-06-11,4305.07,4313.72,4217.70,4217.70,1369288,https://stooq.com/q/d/l/?s=7012.jp&i=d,2026-03-22T01:59:33+00:00
7012,7012.T,7012.jp,2007-06-12,4226.50,4278.81,4191.51,4235.15,1137047,https://stooq.com/q/d/l/?s=7012.jp&i=d,2026-03-22T01:59:33+00:00
7012,7012.T,7012.jp,2007-06-13,4191.51,4200.25,4156.59,4173.96,1070741,https://stooq.com/q/d/l/?s=7012.jp&i=d,2026-03-22T01:59:33+00:00
7012,7012.T,7012.jp,2007-06-14,4226.50,4235.15,4182.68,4200.25,769101,https://stooq.com/q/d/l/?s=7012.jp&i=d,2026-03-22T01:59:33+00:00
7012,7012.T,7012.jp,2007-06-15,4243.79,4296.27,4217.70,4278.81,1127083,https://stooq.com/q/d/l/?s=7012.jp&i=d,2026-03-22T01:59:33+00:00
7012,7012.T,7012.jp,2007-06-18,4409.82,4436.02,4383.55,4383.55,3356059,https://stooq.com/q/d/l/?s=7012.jp&i=d,2026-03-22T01:59:33+00:00
7012,7012.T,7012.jp,2007-06-19,4462.12,4497.14,4444.76,4453.48,4938465,https://stooq.com/q/d/l/?s=7012.jp&i=d,2026-03-22T01:59:33+00:00
7012,7012.T,7012.jp,2007-06-20,4453.48,4497.14,4409.82,4470.94,3077667,https://stooq.com/q/d/l/?s=7012.jp&i=d,2026-03-22T01:59:33+00:00
7012,7012.T,7012.jp,2007-06-21,4462.12,4505.94,4418.47,4497.14,2754267,https://stooq.com/q/d/l/?s=7012.jp&i=d,2026-03-22T01:59:33+00:00
7012,7012.T,7012.jp,2007-06-22,4532.05,4540.77,4470.94,4514.58,3246122,https://stooq.com/q/d/l/?s=7012.jp&i=d,2026-03-22T01:59:33+00:00
7012,7012.T,7012.jp,2007-06-25,4505.94,4532.05,4453.48,4462.12,1470410,https://stooq.com/q/d/l/?s=7012.jp&i=d,2026-03-22T01:59:33+00:00
7012,7012.T,7012.jp,2007-06-26,4427.29,4453.48,4374.92,4383.55,1418877,https://stooq.com/q/d/l/?s=7012.jp&i=d,2026-03-22T01:59:33+00:00
7012,7012.T,7012.jp,2007-06-27,4348.64,4357.36,4270.15,4305.07,2156600,https://stooq.com/q/d/l/?s=7012.jp&i=d,2026-03-22T01:59:33+00:00
7012,7012.T,7012.jp,2007-06-28,4313.72,4383.55,4287.53,4366.18,1846945,https://stooq.com/q/d/l/?s=7012.jp&i=d,2026-03-22T01:59:33+00:00
7012,7012.T,7012.jp,2007-06-29,4383.55,4409.82,4313.72,4401.01,1140941,https://stooq.com/q/d/l/?s=7012.jp&i=d,2026-03-22T01:59:33+00:00
7012,7012.T,7012.jp,2007-07-02,4409.82,4418.47,4374.92,4401.01,647712,https://stooq.com/q/d/l/?s=7012.jp&i=d,2026-03-22T01:59:33+00:00
7012,7012.T,7012.jp,2007-07-03,4479.66,4479.66,4418.47,4418.47,2245237,https://stooq.com/q/d/l/?s=7012.jp&i=d,2026-03-22T01:59:33+00:00
7012,7012.T,7012.jp,2007-07-04,4436.02,4444.76,4401.01,4401.01,1063298,https://stooq.com/q/d/l/?s=7012.jp&i=d,2026-03-22T01:59:33+00:00
7012,7012.T,7012.jp,2007-07-05,4409.82,4436.02,4409.82,4427.29,778606,https://stooq.com/q/d/l/?s=7012.jp&i=d,2026-03-22T01:59:33+00:00
7012,7012.T,7012.jp,2007-07-06,4401.01,4409.82,4348.64,4357.36,1665662,https://stooq.com/q/d/l/?s=7012.jp&i=d,2026-03-22T01:59:33+00:00
7012,7012.T,7012.jp,2007-07-09,4392.38,4479.66,4383.55,4479.66,2226225,https://stooq.com/q/d/l/?s=7012.jp&i=d,2026-03-22T01:59:33+00:00
7012,7012.T,7012.jp,2007-07-10,4532.05,4636.81,4532.05,4584.41,8554023,https://stooq.com/q/d/l/?s=7012.jp&i=d,2026-03-22T01:59:33+00:00
7012,7012.T,7012.jp,2007-07-11,4558.24,4628.06,4549.60,4584.41,3735340,https://stooq.com/q/d/l/?s=7012.jp&i=d,2026-03-22T01:59:33+00:00
7012,7012.T,7012.jp,2007-07-12,4671.81,4706.72,4497.14,4549.60,5913585,https://stooq.com/q/d/l/?s=7012.jp&i=d,2026-03-22T01:59:33+00:00
7012,7012.T,7012.jp,2007-07-13,4654.37,4663.00,4593.15,4628.06,1959972,https://stooq.com/q/d/l/?s=7012.jp&i=d,2026-03-22T01:59:33+00:00
7012,7012.T,7012.jp,2007-07-17,4663.00,4680.53,4619.43,4628.06,2306502,https://stooq.com/q/d/l/?s=7012.jp&i=d,2026-03-22T01:59:33+00:00
7012,7012.T,7012.jp,2007-07-18,4628.06,4645.53,4601.88,4610.69,1875917,https://stooq.com/q/d/l/?s=7012.jp&i=d,2026-03-22T01:59:33+00:00
7012,7012.T,7012.jp,2007-07-19,4628.06,4654.37,4593.15,4654.37,1530414,https://stooq.com/q/d/l/?s=7012.jp&i=d,2026-03-22T01:59:33+00:00
7012,7012.T,7012.jp,2007-07-20,4715.45,4951.24,4697.91,4942.42,7982008,https://stooq.com/q/d/l/?s=7012.jp&i=d,2026-03-22T01:59:33+00:00
7012,7012.T,7012.jp,2007-07-23,4933.79,4977.33,4846.39,4959.97,5863655,https://stooq.com/q/d/l/?s=7012.jp&i=d,2026-03-22T01:59:33+00:00
7012,7012.T,7012.jp,2007-07-24,4968.69,4968.69,4794.12,4802.66,3645216,https://stooq.com/q/d/l/?s=7012.jp&i=d,2026-03-22T01:59:33+00:00
7012,7012.T,7012.jp,2007-07-25,4680.53,4890.15,4680.53,4820.20,3524400,https://stooq.com/q/d/l/?s=7012.jp&i=d,2026-03-22T01:59:33+00:00
7012,7012.T,7012.jp,2007-07-26,4829.02,4863.85,4715.45,4715.45,2299288,https://stooq.com/q/d/l/?s=7012.jp&i=d,2026-03-22T01:59:33+00:00
7012,7012.T,7012.jp,2007-07-27,4593.15,4680.53,4567.04,4619.43,3800045,https://stooq.com/q/d/l/?s=7012.jp&i=d,2026-03-22T01:59:33+00:00
7012,7012.T,7012.jp,2007-07-30,4601.88,4785.29,4575.70,4785.29,3222531,https://stooq.com/q/d/l/?s=7012.jp&i=d,2026-03-22T01:59:33+00:00
7012,7012.T,7012.jp,2007-07-31,4837.66,4872.59,4619.43,4636.81,3617389,https://stooq.com/q/d/l/?s=7012.jp&i=d,2026-03-22T01:59:33+00:00
7012,7012.T,7012.jp,2007-08-01,4680.53,4776.56,4628.06,4636.81,4651255,https://stooq.com/q/d/l/?s=7012.jp&i=d,2026-03-22T01:59:33+00:00
7012,7012.T,7012.jp,2007-08-02,4715.45,4732.92,4540.77,4680.53,2884360,https://stooq.com/q/d/l/?s=7012.jp&i=d,2026-03-22T01:59:33+00:00
7012,7012.T,7012.jp,2007-08-03,4715.45,4732.92,4628.06,4663.00,2153277,https://stooq.com/q/d/l/?s=7012.jp&i=d,2026-03-22T01:59:33+00:00
7012,7012.T,7012.jp,2007-08-06,4593.15,4654.37,4567.04,4636.81,1911874,https://stooq.com/q/d/l/?s=7012.jp&i=d,2026-03-22T01:59:33+00:00
7012,7012.T,7012.jp,2007-08-07,4689.26,4706.72,4523.23,4549.60,2098540,https://stooq.com/q/d/l/?s=7012.jp&i=d,2026-03-22T01:59:33+00:00
7012,7012.T,7012.jp,2007-08-08,4549.60,4601.88,4462.12,4488.39,2345554,https://stooq.com/q/d/l/?s=7012.jp&i=d,2026-03-22T01:59:33+00:00
7012,7012.T,7012.jp,2007-08-09,4567.04,4619.43,4488.39,4610.69,1943595,https://stooq.com/q/d/l/?s=7012.jp&i=d,2026-03-22T01:59:33+00:00
7012,7012.T,7012.jp,2007-08-10,4453.48,4514.58,4409.82,4409.82,2193588,https://stooq.com/q/d/l/?s=7012.jp&i=d,2026-03-22T01:59:33+00:00
7012,7012.T,7012.jp,2007-08-13,4444.76,4470.94,4374.92,4401.01,1490219,https://stooq.com/q/d/l/?s=7012.jp&i=d,2026-03-22T01:59:33+00:00
7012,7012.T,7012.jp,2007-08-14,4479.66,4593.15,4462.12,4479.66,2339027,https://stooq.com/q/d/l/?s=7012.jp&i=d,2026-03-22T01:59:33+00:00
7012,7012.T,7012.jp,2007-08-15,4409.82,4436.02,4313.72,4322.45,1575536,https://stooq.com/q/d/l/?s=7012.jp&i=d,2026-03-22T01:59:33+00:00
7012,7012.T,7012.jp,2007-08-16,4235.15,4243.79,3973.18,4121.59,4179671,https://stooq.com/q/d/l/?s=7012.jp&i=d,2026-03-22T01:59:33+00:00
7012,7012.T,7012.jp,2007-08-17,3990.73,4043.02,3658.82,3676.30,3839208,https://stooq.com/q/d/l/?s=7012.jp&i=d,2026-03-22T01:59:33+00:00
7012,7012.T,7012.jp,2007-08-20,3938.27,3981.90,3850.96,3850.96,2112740,https://stooq.com/q/d/l/?s=7012.jp&i=d,2026-03-22T01:59:33+00:00
7012,7012.T,7012.jp,2007-08-21,3894.52,3999.37,3859.59,3938.27,1615502,https://stooq.com/q/d/l/?s=7012.jp&i=d,2026-03-22T01:59:33+00:00
7012,7012.T,7012.jp,2007-08-22,3894.52,3920.81,3807.32,3850.96,1756246,https://stooq.com/q/d/l/?s=7012.jp&i=d,2026-03-22T01:59:33+00:00
7012,7012.T,7012.jp,2007-08-23,3938.27,3981.90,3885.97,3947.00,2272034,https://stooq.com/q/d/l/?s=7012.jp&i=d,2026-03-22T01:59:33+00:00
7012,7012.T,7012.jp,2007-08-24,3929.53,3947.00,3885.97,3912.06,2079643,https://stooq.com/q/d/l/?s=7012.jp&i=d,2026-03-22T01:59:33+00:00
7012,7012.T,7012.jp,2007-08-27,3955.73,3973.18,3859.59,3868.42,1582293,https://stooq.com/q/d/l/?s=7012.jp&i=d,2026-03-22T01:59:33+00:00
7012,7012.T,7012.jp,2007-08-28,3824.77,3885.97,3816.06,3842.15,1449223,https://stooq.com/q/d/l/?s=7012.jp&i=d,2026-03-22T01:59:33+00:00
7012,7012.T,7012.jp,2007-08-29,3728.66,3807.32,3711.29,3781.05,2003947,https://stooq.com/q/d/l/?s=7012.jp&i=d,2026-03-22T01:59:33+00:00
7012,7012.T,7012.jp,2007-08-30,3824.77,3877.16,3781.05,3789.76,1207820,https://stooq.com/q/d/l/?s=7012.jp&i=d,2026-03-22T01:59:33+00:00
7012,7012.T,7012.jp,2007-08-31,3798.51,3973.18,3798.51,3973.18,2166333,https://stooq.com/q/d/l/?s=7012.jp&i=d,2026-03-22T01:59:33+00:00
7012,7012.T,7012.jp,2007-09-03,3973.18,4034.28,3929.53,3955.73,1496289,https://stooq.com/q/d/l/?s=7012.jp&i=d,2026-03-22T01:59:33+00:00
7012,7012.T,7012.jp,2007-09-04,3955.73,3973.18,3920.81,3929.53,823038,https://stooq.com/q/d/l/?s=7012.jp&i=d,2026-03-22T01:59:33+00:00
7012,7012.T,7012.jp,2007-09-05,3964.45,3990.73,3842.15,3850.96,1059175,https://stooq.com/q/d/l/?s=7012.jp&i=d,2026-03-22T01:59:33+00:00
7012,7012.T,7012.jp,2007-09-06,3807.32,3868.42,3754.85,3868.42,1589279,https://stooq.com/q/d/l/?s=7012.jp&i=d,2026-03-22T01:59:33+00:00
7012,7012.T,7012.jp,2007-09-07,3850.96,3850.96,3711.29,3746.21,2023070,https://stooq.com/q/d/l/?s=7012.jp&i=d,2026-03-22T01:59:33+00:00
7012,7012.T,7012.jp,2007-09-10,3588.99,3623.91,3562.80,3588.99,2340629,https://stooq.com/q/d/l/?s=7012.jp&i=d,2026-03-22T01:59:33+00:00
7012,7012.T,7012.jp,2007-09-11,3588.99,3606.45,3475.42,3527.89,3511117,https://stooq.com/q/d/l/?s=7012.jp&i=d,2026-03-22T01:59:33+00:00
7012,7012.T,7012.jp,2007-09-12,3571.53,3597.72,3475.42,3484.24,1856678,https://stooq.com/q/d/l/?s=7012.jp&i=d,2026-03-22T01:59:33+00:00
7012,7012.T,7012.jp,2007-09-13,3615.09,3650.10,3519.06,3527.89,3033806,https://stooq.com/q/d/l/?s=7012.jp&i=d,2026-03-22T01:59:33+00:00
7012,7012.T,7012.jp,2007-09-14,3527.89,3606.45,3510.34,3597.72,3001856,https://stooq.com/q/d/l/?s=7012.jp&i=d,2026-03-22T01:59:33+00:00
7012,7012.T,7012.jp,2007-09-18,3519.06,3545.35,3440.41,3466.78,2474731,https://stooq.com/q/d/l/?s=7012.jp&i=d,2026-03-22T01:59:33+00:00
7012,7012.T,7012.jp,2007-09-19,3580.17,3667.56,3562.80,3658.82,2744764,https://stooq.com/q/d/l/?s=7012.jp&i=d,2026-03-22T01:59:33+00:00
7012,7012.T,7012.jp,2007-09-20,3667.56,3702.47,3553.99,3571.53,2524429,https://stooq.com/q/d/l/?s=7012.jp&i=d,2026-03-22T01:59:33+00:00
7012,7012.T,7012.jp,2007-09-21,3545.35,3615.09,3510.34,3615.09,2339140,https://stooq.com/q/d/l/?s=7012.jp&i=d,2026-03-22T01:59:33+00:00
7012,7012.T,7012.jp,2007-09-25,3615.09,3623.91,3562.80,3597.72,2516070,https://stooq.com/q/d/l/?s=7012.jp&i=d,2026-03-22T01:59:33+00:00
7012,7012.T,7012.jp,2007-09-26,3641.38,3789.76,3623.91,3754.85,3093355,https://stooq.com/q/d/l/?s=7012.jp&i=d,2026-03-22T01:59:33+00:00
7012,7012.T,7012.jp,2007-09-27,3842.15,3929.53,3842.15,3929.53,2868328,https://stooq.com/q/d/l/?s=7012.jp&i=d,2026-03-22T01:59:33+00:00
7012,7012.T,7012.jp,2007-09-28,3964.45,3999.37,3912.06,3929.53,2847486,https://stooq.com/q/d/l/?s=7012.jp&i=d,2026-03-22T01:59:33+00:00
7012,7012.T,7012.jp,2007-10-01,3842.15,3912.06,3824.77,3868.42,1474646,https://stooq.com/q/d/l/?s=7012.jp&i=d,2026-03-22T01:59:33+00:00
7012,7012.T,7012.jp,2007-10-02,3947.00,3964.45,3912.06,3920.81,1436397,https://stooq.com/q/d/l/?s=7012.jp&i=d,2026-03-22T01:59:33+00:00
7012,7012.T,7012.jp,2007-10-03,3912.06,3973.18,3894.52,3955.73,1398263,https://stooq.com/q/d/l/?s=7012.jp&i=d,2026-03-22T01:59:33+00:00
7012,7012.T,7012.jp,2007-10-04,3964.45,4016.82,3947.00,3999.37,1602447,https://stooq.com/q/d/l/?s=7012.jp&i=d,2026-03-22T01:59:33+00:00
7012,7012.T,7012.jp,2007-10-05,3990.73,4025.64,3929.53,3999.37,1287753,https://stooq.com/q/d/l/?s=7012.jp&i=d,2026-03-22T01:59:33+00:00
7012,7012.T,7012.jp,2007-10-09,4034.28,4086.76,4008.08,4016.82,1442237,https://stooq.com/q/d/l/?s=7012.jp&i=d,2026-03-22T01:59:33+00:00
7012,7012.T,7012.jp,2007-10-10,4051.84,4060.46,3938.27,3964.45,987028,https://stooq.com/q/d/l/?s=7012.jp&i=d,2026-03-22T01:59:33+00:00
7012,7012.T,7012.jp,2007-10-11,3894.52,3912.06,3842.15,3877.16,2897415,https://stooq.com/q/d/l/?s=7012.jp&i=d,2026-03-22T01:59:33+00:00
7012,7012.T,7012.jp,2007-10-12,3842.15,3850.96,3772.39,3798.51,2050097,https://stooq.com/q/d/l/?s=7012.jp&i=d,2026-03-22T01:59:33+00:00
7012,7012.T,7012.jp,2007-10-15,3833.42,3868.42,3789.76,3798.51,1646308,https://stooq.com/q/d/l/?s=7012.jp&i=d,2026-03-22T01:59:33+00:00
7012,7012.T,7012.jp,2007-10-16,3816.06,3850.96,3763.67,3772.39,2119839,https://stooq.com/q/d/l/?s=7012.jp&i=d,2026-03-22T01:59:33+00:00
7012,7012.T,7012.jp,2007-10-17,3772.39,3781.05,3641.38,3711.29,2001428,https://stooq.com/q/d/l/?s=7012.jp&i=d,2026-03-22T01:59:33+00:00
7012,7012.T,7012.jp,2007-10-18,3685.01,3929.53,3685.01,3894.52,3999992,https://stooq.com/q/d/l/?s=7012.jp&i=d,2026-03-22T01:59:33+00:00
7012,7012.T,7012.jp,2007-10-19,3885.97,3885.97,3781.05,3816.06,1993525,https://stooq.com/q/d/l/?s=7012.jp&i=d,2026-03-22T01:59:33+00:00
7012,7012.T,7012.jp,2007-10-22,3641.38,3685.01,3580.17,3615.09,2955360,https://stooq.com/q/d/l/?s=7012.jp&i=d,2026-03-22T01:59:33+00:00
7012,7012.T,7012.jp,2007-10-23,3650.10,3676.30,3606.45,3641.38,1620656,https://stooq.com/q/d/l/?s=7012.jp&i=d,2026-03-22T01:59:33+00:00
7012,7012.T,7012.jp,2007-10-24,3658.82,3719.84,3606.45,3615.09,1871795,https://stooq.com/q/d/l/?s=7012.jp&i=d,2026-03-22T01:59:33+00:00
7012,7012.T,7012.jp,2007-10-25,3623.91,3641.38,3501.60,3519.06,2096934,https://stooq.com/q/d/l/?s=7012.jp&i=d,2026-03-22T01:59:33+00:00
7012,7012.T,7012.jp,2007-10-26,3536.63,3588.99,3519.06,3580.17,1781898,https://stooq.com/q/d/l/?s=7012.jp&i=d,2026-03-22T01:59:33+00:00
7012,7012.T,7012.jp,2007-10-29,3650.10,3667.56,3623.91,3650.10,1100974,https://stooq.com/q/d/l/?s=7012.jp&i=d,2026-03-22T01:59:33+00:00
7012,7012.T,7012.jp,2007-10-30,3641.38,3667.56,3580.17,3623.91,1673677,https://stooq.com/q/d/l/?s=7012.jp&i=d,2026-03-22T01:59:33+00:00
7012,7012.T,7012.jp,2007-10-31,3606.45,3632.64,3571.53,3606.45,1407536,https://stooq.com/q/d/l/?s=7012.jp&i=d,2026-03-22T01:59:33+00:00
7012,7012.T,7012.jp,2007-11-01,3632.64,3650.10,3615.09,3632.64,1170371,https://stooq.com/q/d/l/?s=7012.jp&i=d,2026-03-22T01:59:33+00:00
7012,7012.T,7012.jp,2007-11-02,3562.80,3632.64,3519.06,3545.35,3418472,https://stooq.com/q/d/l/?s=7012.jp&i=d,2026-03-22T01:59:33+00:00
7012,7012.T,7012.jp,2007-11-05,3562.80,3562.80,3327.02,3335.67,3216690,https://stooq.com/q/d/l/?s=7012.jp&i=d,2026-03-22T01:59:33+00:00
7012,7012.T,7012.jp,2007-11-06,3300.73,3423.13,3274.56,3370.66,2626811,https://stooq.com/q/d/l/?s=7012.jp&i=d,2026-03-22T01:59:33+00:00
7012,7012.T,7012.jp,2007-11-07,3405.59,3423.13,3239.63,3257.19,1761628,https://stooq.com/q/d/l/?s=7012.jp&i=d,2026-03-22T01:59:33+00:00
7012,7012.T,7012.jp,2007-11-08,3143.69,3152.32,3030.13,3091.23,4304611,https://stooq.com/q/d/l/?s=7012.jp&i=d,2026-03-22T01:59:33+00:00
7012,7012.T,7012.jp,2007-11-09,3065.04,3161.07,3056.22,3065.04,2286118,https://stooq.com/q/d/l/?s=7012.jp&i=d,2026-03-22T01:59:33+00:00
7012,7012.T,7012.jp,2007-11-12,2995.11,3012.66,2907.91,2986.39,2281766,https://stooq.com/q/d/l/?s=7012.jp&i=d,2026-03-22T01:59:33+00:00
7012,7012.T,7012.jp,2007-11-13,2995.11,3012.66,2925.28,2986.39,1972339,https://stooq.com/q/d/l/?s=7012.jp&i=d,2026-03-22T01:59:33+00:00
7012,7012.T,7012.jp,2007-11-14,3117.42,3126.15,3082.60,3117.42,1522170,https://stooq.com/q/d/l/?s=7012.jp&i=d,2026-03-22T01:59:33+00:00
7012,7012.T,7012.jp,2007-11-15,3152.32,3204.81,3143.69,3204.81,1803770,https://stooq.com/q/d/l/?s=7012.jp&i=d,2026-03-22T01:59:33+00:00
7012,7012.T,7012.jp,2007-11-16,3126.15,3126.15,3038.76,3082.60,1637374,https://stooq.com/q/d/l/?s=7012.jp&i=d,2026-03-22T01:59:33+00:00
7012,7012.T,7012.jp,2007-11-19,3065.04,3099.87,2916.54,2925.28,2137360,https://stooq.com/q/d/l/?s=7012.jp&i=d,2026-03-22T01:59:33+00:00
7012,7012.T,7012.jp,2007-11-20,2785.60,3091.23,2785.60,3056.22,4278272,https://stooq.com/q/d/l/?s=7012.jp&i=d,2026-03-22T01:59:33+00:00
7012,7012.T,7012.jp,2007-11-21,3056.22,3134.89,3012.66,3038.76,3020634,https://stooq.com/q/d/l/?s=7012.jp&i=d,2026-03-22T01:59:33+00:00
7012,7012.T,7012.jp,2007-11-22,2995.11,3030.13,2925.28,3003.94,2476447,https://stooq.com/q/d/l/?s=7012.jp&i=d,2026-03-22T01:59:33+00:00
7012,7012.T,7012.jp,2007-11-26,3003.94,3082.60,2969.03,3056.22,2391245,https://stooq.com/q/d/l/?s=7012.jp&i=d,2026-03-22T01:59:33+00:00
7012,7012.T,7012.jp,2007-11-27,2986.39,3082.60,2969.03,3073.77,1874312,https://stooq.com/q/d/l/?s=7012.jp&i=d,2026-03-22T01:59:33+00:00
7012,7012.T,7012.jp,2007-11-28,3108.69,3126.15,3003.94,3003.94,2514811,https://stooq.com/q/d/l/?s=7012.jp&i=d,2026-03-22T01:59:33+00:00
7012,7012.T,7012.jp,2007-11-29,3065.04,3117.42,3047.57,3099.87,1302068,https://stooq.com/q/d/l/?s=7012.jp&i=d,2026-03-22T01:59:33+00:00
7012,7012.T,7012.jp,2007-11-30,3091.23,3204.81,3082.60,3178.52,1741015,https://stooq.com/q/d/l/?s=7012.jp&i=d,2026-03-22T01:59:33+00:00
7012,7012.T,7012.jp,2007-12-03,3222.27,3239.63,3117.42,3152.32,1395056,https://stooq.com/q/d/l/?s=7012.jp&i=d,2026-03-22T01:59:33+00:00
7012,7012.T,7012.jp,2007-12-04,3161.07,3169.79,3047.57,3056.22,990006,https://stooq.com/q/d/l/?s=7012.jp&i=d,2026-03-22T01:59:33+00:00
7012,7012.T,7012.jp,2007-12-05,2995.11,3030.13,2951.47,2995.11,1958026,https://stooq.com/q/d/l/?s=7012.jp&i=d,2026-03-22T01:59:33+00:00
7012,7012.T,7012.jp,2007-12-06,3056.22,3099.87,3021.39,3073.77,1302068,https://stooq.com/q/d/l/?s=7012.jp&i=d,2026-03-22T01:59:33+00:00
7012,7012.T,7012.jp,2007-12-07,3126.15,3204.81,3117.42,3152.32,1422540,https://stooq.com/q/d/l/?s=7012.jp&i=d,2026-03-22T01:59:33+00:00
7012,7012.T,7012.jp,2007-12-10,3161.07,3161.07,3056.22,3082.60,2017690,https://stooq.com/q/d/l/?s=7012.jp&i=d,2026-03-22T01:59:33+00:00
7012,7012.T,7012.jp,2007-12-11,3108.69,3134.89,3091.23,3117.42,925763,https://stooq.com/q/d/l/?s=7012.jp&i=d,2026-03-22T01:59:33+00:00
7012,7012.T,7012.jp,2007-12-12,3030.13,3073.77,3012.66,3065.04,1430212,https://stooq.com/q/d/l/?s=7012.jp&i=d,2026-03-22T01:59:33+00:00
7012,7012.T,7012.jp,2007-12-13,3047.57,3056.22,2969.03,2986.39,977408,https://stooq.com/q/d/l/?s=7012.jp&i=d,2026-03-22T01:59:33+00:00
7012,7012.T,7012.jp,2007-12-14,3003.94,3030.13,2925.28,2951.47,1565916,https://stooq.com/q/d/l/?s=7012.jp&i=d,2026-03-22T01:59:33+00:00
7012,7012.T,7012.jp,2007-12-17,2907.91,2925.28,2811.70,2829.25,1624205,https://stooq.com/q/d/l/?s=7012.jp&i=d,2026-03-22T01:59:33+00:00
7012,7012.T,7012.jp,2007-12-18,2750.69,2803.16,2724.50,2759.34,2205842,https://stooq.com/q/d/l/?s=7012.jp&i=d,2026-03-22T01:59:33+00:00
7012,7012.T,7012.jp,2007-12-19,2837.99,2899.09,2803.16,2811.70,3003459,https://stooq.com/q/d/l/?s=7012.jp&i=d,2026-03-22T01:59:33+00:00
7012,7012.T,7012.jp,2007-12-20,2855.45,2864.26,2768.14,2785.60,1836980,https://stooq.com/q/d/l/?s=7012.jp&i=d,2026-03-22T01:59:33+00:00
7012,7012.T,7012.jp,2007-12-21,2759.34,2820.53,2724.50,2811.70,2395828,https://stooq.com/q/d/l/?s=7012.jp&i=d,2026-03-22T01:59:33+00:00
7012,7012.T,7012.jp,2007-12-25,2864.26,2899.09,2855.45,2864.26,1945314,https://stooq.com/q/d/l/?s=7012.jp&i=d,2026-03-22T01:59:33+00:00
7012,7012.T,7012.jp,2007-12-26,2872.90,2986.39,2829.25,2969.03,3703621,https://stooq.com/q/d/l/?s=7012.jp&i=d,2026-03-22T01:59:33+00:00
7012,7012.T,7012.jp,2007-12-27,2960.31,3065.04,2951.47,2995.11,3145231,https://stooq.com/q/d/l/?s=7012.jp&i=d,2026-03-22T01:59:33+00:00
7012,7012.T,7012.jp,2007-12-28,2951.47,2951.47,2864.26,2890.35,809983,https://stooq.com/q/d/l/?s=7012.jp&i=d,2026-03-22T01:59:33+00:00
7012,7012.T,7012.jp,2008-01-04,2803.16,2829.25,2689.59,2724.50,1645278,https://stooq.com/q/d/l/?s=7012.jp&i=d,2026-03-22T01:59:33+00:00
7012,7012.T,7012.jp,2008-01-07,2663.40,2689.59,2628.49,2645.84,1861829,https://stooq.com/q/d/l/?s=7012.jp&i=d,2026-03-22T01:59:33+00:00
7012,7012.T,7012.jp,2008-01-08,2654.58,2698.22,2628.49,2672.02,1861829,https://stooq.com/q/d/l/?s=7012.jp&i=d,2026-03-22T01:59:33+00:00
7012,7012.T,7012.jp,2008-01-09,2576.00,2689.59,2567.27,2689.59,3237417,https://stooq.com/q/d/l/?s=7012.jp&i=d,2026-03-22T01:59:33+00:00
7012,7012.T,7012.jp,2008-01-10,2663.40,2680.86,2584.73,2602.20,1737922,https://stooq.com/q/d/l/?s=7012.jp&i=d,2026-03-22T01:59:33+00:00
7012,7012.T,7012.jp,2008-01-11,2628.49,2654.58,2506.18,2523.73,2700215,https://stooq.com/q/d/l/?s=7012.jp&i=d,2026-03-22T01:59:33+00:00
7012,7012.T,7012.jp,2008-01-15,2488.72,2497.36,2331.48,2349.04,3002657,https://stooq.com/q/d/l/?s=7012.jp&i=d,2026-03-22T01:59:33+00:00
7012,7012.T,7012.jp,2008-01-16,2218.00,2322.75,2191.73,2191.73,3579483,https://stooq.com/q/d/l/?s=7012.jp&i=d,2026-03-22T01:59:33+00:00
7012,7012.T,7012.jp,2008-01-17,2235.47,2296.57,2183.10,2279.21,3879175,https://stooq.com/q/d/l/?s=7012.jp&i=d,2026-03-22T01:59:33+00:00
7012,7012.T,7012.jp,2008-01-18,2191.73,2383.97,2191.73,2366.42,2768010,https://stooq.com/q/d/l/?s=7012.jp&i=d,2026-03-22T01:59:33+00:00
7012,7012.T,7012.jp,2008-01-21,2322.75,2331.48,2235.47,2244.21,2328378,https://stooq.com/q/d/l/?s=7012.jp&i=d,2026-03-22T01:59:33+00:00
7012,7012.T,7012.jp,2008-01-22,2156.82,2200.54,2095.71,2095.71,2721287,https://stooq.com/q/d/l/?s=7012.jp&i=d,2026-03-22T01:59:33+00:00
7012,7012.T,7012.jp,2008-01-23,2200.54,2235.47,2113.17,2156.82,2372237,https://stooq.com/q/d/l/?s=7012.jp&i=d,2026-03-22T01:59:33+00:00
7012,7012.T,7012.jp,2008-01-24,2226.73,2261.67,2200.54,2235.47,2418387,https://stooq.com/q/d/l/?s=7012.jp&i=d,2026-03-22T01:59:33+00:00
7012,7012.T,7012.jp,2008-01-25,2279.21,2375.13,2252.84,2375.13,4602930,https://stooq.com/q/d/l/?s=7012.jp&i=d,2026-03-22T01:59:33+00:00
7012,7012.T,7012.jp,2008-01-28,2314.04,2340.31,2209.28,2226.73,2305014,https://stooq.com/q/d/l/?s=7012.jp&i=d,2026-03-22T01:59:33+00:00
7012,7012.T,7012.jp,2008-01-29,2340.31,2349.04,2270.38,2296.57,2733312,https://stooq.com/q/d/l/?s=7012.jp&i=d,2026-03-22T01:59:33+00:00
7012,7012.T,7012.jp,2008-01-30,2322.75,2383.97,2296.57,2296.57,2696208,https://stooq.com/q/d/l/?s=7012.jp&i=d,2026-03-22T01:59:33+00:00
7012,7012.T,7012.jp,2008-01-31,2270.38,2340.31,2235.47,2331.48,2266881,https://stooq.com/q/d/l/?s=7012.jp&i=d,2026-03-22T01:59:33+00:00
7012,7012.T,7012.jp,2008-02-01,2296.57,2331.48,2209.28,2218.00,3313801,https://stooq.com/q/d/l/?s=7012.jp&i=d,2026-03-22T01:59:33+00:00
7012,7012.T,7012.jp,2008-02-04,2252.84,2287.86,2218.00,2261.67,2779918,https://stooq.com/q/d/l/?s=7012.jp&i=d,2026-03-22T01:59:33+00:00
7012,7012.T,7012.jp,2008-02-05,2261.67,2287.86,2226.73,2252.84,2723807,https://stooq.com/q/d/l/?s=7012.jp&i=d,2026-03-22T01:59:33+00:00
7012,7012.T,7012.jp,2008-02-06,2183.10,2183.10,2104.53,2113.17,3287347,https://stooq.com/q/d/l/?s=7012.jp&i=d,2026-03-22T01:59:33+00:00
7012,7012.T,7012.jp,2008-02-07,2113.17,2148.09,2043.34,2113.17,2427206,https://stooq.com/q/d/l/?s=7012.jp&i=d,2026-03-22T01:59:33+00:00
7012,7012.T,7012.jp,2008-02-08,2069.61,2104.53,1999.78,2025.86,1966385,https://stooq.com/q/d/l/?s=7012.jp&i=d,2026-03-22T01:59:33+00:00
7012,7012.T,7012.jp,2008-02-12,1990.96,1990.96,1929.84,1947.31,2168510,https://stooq.com/q/d/l/?s=7012.jp&i=d,2026-03-22T01:59:33+00:00
7012,7012.T,7012.jp,2008-02-13,1990.96,2017.15,1947.31,1964.77,1715131,https://stooq.com/q/d/l/?s=7012.jp&i=d,2026-03-22T01:59:33+00:00
7012,7012.T,7012.jp,2008-02-14,2034.59,2104.53,2025.86,2095.71,2361814,https://stooq.com/q/d/l/?s=7012.jp&i=d,2026-03-22T01:59:33+00:00
7012,7012.T,7012.jp,2008-02-15,2069.61,2183.10,2052.06,2156.82,3434962,https://stooq.com/q/d/l/?s=7012.jp&i=d,2026-03-22T01:59:33+00:00
7012,7012.T,7012.jp,2008-02-18,2200.54,2261.67,2183.10,2200.54,2467743,https://stooq.com/q/d/l/?s=7012.jp&i=d,2026-03-22T01:59:33+00:00
7012,7012.T,7012.jp,2008-02-19,2226.73,2235.47,2148.09,2200.54,1733570,https://stooq.com/q/d/l/?s=7012.jp&i=d,2026-03-22T01:59:33+00:00
7012,7012.T,7012.jp,2008-02-20,2183.10,2191.73,2095.71,2095.71,1397690,https://stooq.com/q/d/l/?s=7012.jp&i=d,2026-03-22T01:59:33+00:00
7012,7012.T,7012.jp,2008-02-21,2139.45,2174.36,2121.99,2165.63,1489533,https://stooq.com/q/d/l/?s=7012.jp&i=d,2026-03-22T01:59:33+00:00
7012,7012.T,7012.jp,2008-02-22,2121.99,2183.10,2121.99,2156.82,1795297,https://stooq.com/q/d/l/?s=7012.jp&i=d,2026-03-22T01:59:33+00:00
7012,7012.T,7012.jp,2008-02-25,2191.73,2287.86,2183.10,2270.38,2952498,https://stooq.com/q/d/l/?s=7012.jp&i=d,2026-03-22T01:59:33+00:00
7012,7012.T,7012.jp,2008-02-26,2340.31,2357.60,2287.86,2314.04,2339484,https://stooq.com/q/d/l/?s=7012.jp&i=d,2026-03-22T01:59:33+00:00
7012,7012.T,7012.jp,2008-02-27,2349.04,2357.60,2287.86,2331.48,2432815,https://stooq.com/q/d/l/?s=7012.jp&i=d,2026-03-22T01:59:33+00:00
7012,7012.T,7012.jp,2008-02-28,2305.30,2349.04,2287.86,2331.48,1361732,https://stooq.com/q/d/l/?s=7012.jp&i=d,2026-03-22T01:59:33+00:00
7012,7012.T,7012.jp,2008-02-29,2296.57,2296.57,2226.73,2244.21,1737808,https://stooq.com/q/d/l/?s=7012.jp&i=d,2026-03-22T01:59:33+00:00
7012,7012.T,7012.jp,2008-03-03,2130.62,2130.62,2069.61,2086.98,2295281,https://stooq.com/q/d/l/?s=7012.jp&i=d,2026-03-22T01:59:33+00:00
7012,7012.T,7012.jp,2008-03-04,2113.17,2121.99,2052.06,2060.87,1815794,https://stooq.com/q/d/l/?s=7012.jp&i=d,2026-03-22T01:59:33+00:00
7012,7012.T,7012.jp,2008-03-05,2069.61,2086.98,2043.34,2078.24,1589393,https://stooq.com/q/d/l/?s=7012.jp&i=d,2026-03-22T01:59:33+00:00
7012,7012.T,7012.jp,2008-03-06,2095.71,2121.99,2095.71,2104.53,1001345,https://stooq.com/q/d/l/?s=7012.jp&i=d,2026-03-22T01:59:33+00:00
7012,7012.T,7012.jp,2008-03-07,2078.24,2130.62,2069.61,2086.98,2200116,https://stooq.com/q/d/l/?s=7012.jp&i=d,2026-03-22T01:59:33+00:00
7012,7012.T,7012.jp,2008-03-10,2069.61,2069.61,1947.31,1947.31,1956537,https://stooq.com/q/d/l/?s=7012.jp&i=d,2026-03-22T01:59:33+00:00
7012,7012.T,7012.jp,2008-03-11,1903.56,2017.15,1886.20,2008.42,2094073,https://stooq.com/q/d/l/?s=7012.jp&i=d,2026-03-22T01:59:33+00:00
7012,7012.T,7012.jp,2008-03-12,2139.45,2148.09,2034.59,2043.34,1378222,https://stooq.com/q/d/l/?s=7012.jp&i=d,2026-03-22T01:59:33+00:00
7012,7012.T,7012.jp,2008-03-13,1999.78,2052.06,1938.58,1947.31,1406050,https://stooq.com/q/d/l/?s=7012.jp&i=d,2026-03-22T01:59:33+00:00
7012,7012.T,7012.jp,2008-03-14,1964.77,2017.15,1921.11,1929.84,2055137,https://stooq.com/q/d/l/?s=7012.jp&i=d,2026-03-22T01:59:33+00:00
7012,7012.T,7012.jp,2008-03-17,1886.20,1894.93,1833.73,1868.66,2156943,https://stooq.com/q/d/l/?s=7012.jp&i=d,2026-03-22T01:59:33+00:00
7012,7012.T,7012.jp,2008-03-18,1860.00,1877.46,1798.82,1833.73,2089720,https://stooq.com/q/d/l/?s=7012.jp&i=d,2026-03-22T01:59:33+00:00
7012,7012.T,7012.jp,2008-03-19,1921.11,1964.77,1903.56,1912.30,2019062,https://stooq.com/q/d/l/?s=7012.jp&i=d,2026-03-22T01:59:33+00:00
7012,7012.T,7012.jp,2008-03-21,1938.58,1982.22,1929.84,1982.22,1544958,https://stooq.com/q/d/l/?s=7012.jp&i=d,2026-03-22T01:59:33+00:00
7012,7012.T,7012.jp,2008-03-24,1999.78,2086.98,1990.96,2060.87,1919547,https://stooq.com/q/d/l/?s=7012.jp&i=d,2026-03-22T01:59:33+00:00
7012,7012.T,7012.jp,2008-03-25,2121.99,2121.99,2078.24,2095.71,1351882,https://stooq.com/q/d/l/?s=7012.jp&i=d,2026-03-22T01:59:33+00:00
7012,7012.T,7012.jp,2008-03-26,2034.59,2060.87,2025.86,2052.06,1013710,https://stooq.com/q/d/l/?s=7012.jp&i=d,2026-03-22T01:59:33+00:00
7012,7012.T,7012.jp,2008-03-27,1999.78,2008.42,1973.40,2008.42,1556525,https://stooq.com/q/d/l/?s=7012.jp&i=d,2026-03-22T01:59:33+00:00
7012,7012.T,7012.jp,2008-03-28,2008.42,2034.59,1973.40,2008.42,1482088,https://stooq.com/q/d/l/?s=7012.jp&i=d,2026-03-22T01:59:33+00:00
7012,7012.T,7012.jp,2008-03-31,1982.22,1999.78,1929.84,1938.58,1162471,https://stooq.com/q/d/l/?s=7012.jp&i=d,2026-03-22T01:59:33+00:00
7012,7012.T,7012.jp,2008-04-01,1947.31,1990.96,1929.84,1973.40,1103034,https://stooq.com/q/d/l/?s=7012.jp&i=d,2026-03-22T01:59:33+00:00
7012,7012.T,7012.jp,2008-04-02,2052.06,2113.17,2034.59,2113.17,1775942,https://stooq.com/q/d/l/?s=7012.jp&i=d,2026-03-22T01:59:33+00:00
7012,7012.T,7012.jp,2008-04-03,2104.53,2218.00,2086.98,2200.54,2911844,https://stooq.com/q/d/l/?s=7012.jp&i=d,2026-03-22T01:59:33+00:00
7012,7012.T,7012.jp,2008-04-04,2165.63,2200.54,2130.62,2156.82,1966042,https://stooq.com/q/d/l/?s=7012.jp&i=d,2026-03-22T01:59:33+00:00
7012,7012.T,7012.jp,2008-04-07,2139.45,2183.10,2121.99,2165.63,1421396,https://stooq.com/q/d/l/?s=7012.jp&i=d,2026-03-22T01:59:33+00:00
7012,7012.T,7012.jp,2008-04-08,2148.09,2156.82,2104.53,2121.99,918546,https://stooq.com/q/d/l/?s=7012.jp&i=d,2026-03-22T01:59:33+00:00
7012,7012.T,7012.jp,2008-04-09,2148.09,2165.63,2017.15,2025.86,1722118,https://stooq.com/q/d/l/?s=7012.jp&i=d,2026-03-22T01:59:33+00:00
7012,7012.T,7012.jp,2008-04-10,2017.15,2017.15,1947.31,1956.03,2335133,https://stooq.com/q/d/l/?s=7012.jp&i=d,2026-03-22T01:59:33+00:00
7012,7012.T,7012.jp,2008-04-11,1964.77,2008.42,1956.03,1999.78,2550426,https://stooq.com/q/d/l/?s=7012.jp&i=d,2026-03-22T01:59:33+00:00
7012,7012.T,7012.jp,2008-04-14,1938.58,1973.40,1921.11,1947.31,1219615,https://stooq.com/q/d/l/?s=7012.jp&i=d,2026-03-22T01:59:33+00:00
7012,7012.T,7012.jp,2008-04-15,1947.31,1973.40,1929.84,1956.03,1180450,https://stooq.com/q/d/l/?s=7012.jp&i=d,2026-03-22T01:59:33+00:00
7012,7012.T,7012.jp,2008-04-16,1990.96,2034.59,1973.40,2025.86,1735517,https://stooq.com/q/d/l/?s=7012.jp&i=d,2026-03-22T01:59:33+00:00
7012,7012.T,7012.jp,2008-04-17,2078.24,2165.63,2069.61,2148.09,3123588,https://stooq.com/q/d/l/?s=7012.jp&i=d,2026-03-22T01:59:33+00:00
7012,7012.T,7012.jp,2008-04-18,2130.62,2165.63,2086.98,2156.82,1907637,https://stooq.com/q/d/l/?s=7012.jp&i=d,2026-03-22T01:59:33+00:00
7012,7012.T,7012.jp,2008-04-21,2235.47,2244.21,2209.28,2218.00,1891720,https://stooq.com/q/d/l/?s=7012.jp&i=d,2026-03-22T01:59:33+00:00
7012,7012.T,7012.jp,2008-04-22,2191.73,2191.73,2139.45,2139.45,1074063,https://stooq.com/q/d/l/?s=7012.jp&i=d,2026-03-22T01:59:33+00:00
7012,7012.T,7012.jp,2008-04-23,2095.71,2226.73,2086.98,2191.73,1493999,https://stooq.com/q/d/l/?s=7012.jp&i=d,2026-03-22T01:59:33+00:00
7012,7012.T,7012.jp,2008-04-24,2218.00,2235.47,2165.63,2174.36,1145979,https://stooq.com/q/d/l/?s=7012.jp&i=d,2026-03-22T01:59:33+00:00
7012,7012.T,7012.jp,2008-04-25,2218.00,2252.84,2191.73,2244.21,1864464,https://stooq.com/q/d/l/?s=7012.jp&i=d,2026-03-22T01:59:33+00:00
7012,7012.T,7012.jp,2008-04-28,2279.21,2366.42,2270.38,2314.04,3127253,https://stooq.com/q/d/l/?s=7012.jp&i=d,2026-03-22T01:59:33+00:00
7012,7012.T,7012.jp,2008-04-30,2331.48,2375.13,2314.04,2340.31,2093498,https://stooq.com/q/d/l/?s=7012.jp&i=d,2026-03-22T01:59:33+00:00
7012,7012.T,7012.jp,2008-05-01,2305.30,2305.30,2244.21,2252.84,1922182,https://stooq.com/q/d/l/?s=7012.jp&i=d,2026-03-22T01:59:33+00:00
7012,7012.T,7012.jp,2008-05-02,2287.86,2305.30,2261.67,2270.38,1533967,https://stooq.com/q/d/l/?s=7012.jp&i=d,2026-03-22T01:59:33+00:00
7012,7012.T,7012.jp,2008-05-07,2305.30,2349.04,2296.57,2331.48,2076322,https://stooq.com/q/d/l/?s=7012.jp&i=d,2026-03-22T01:59:33+00:00
7012,7012.T,7012.jp,2008-05-08,2375.13,2445.06,2366.42,2383.97,3284598,https://stooq.com/q/d/l/?s=7012.jp&i=d,2026-03-22T01:59:33+00:00
7012,7012.T,7012.jp,2008-05-09,2410.16,2427.52,2279.21,2287.86,2232181,https://stooq.com/q/d/l/?s=7012.jp&i=d,2026-03-22T01:59:33+00:00
7012,7012.T,7012.jp,2008-05-12,2261.67,2270.38,2218.00,2252.84,1353370,https://stooq.com/q/d/l/?s=7012.jp&i=d,2026-03-22T01:59:33+00:00
7012,7012.T,7012.jp,2008-05-13,2270.38,2305.30,2244.21,2305.30,1121931,https://stooq.com/q/d/l/?s=7012.jp&i=d,2026-03-22T01:59:33+00:00
7012,7012.T,7012.jp,2008-05-14,2322.75,2383.97,2305.30,2383.97,1607713,https://stooq.com/q/d/l/?s=7012.jp&i=d,2026-03-22T01:59:33+00:00
7012,7012.T,7012.jp,2008-05-15,2401.43,2514.91,2401.43,2497.36,3441260,https://stooq.com/q/d/l/?s=7012.jp&i=d,2026-03-22T01:59:33+00:00
7012,7012.T,7012.jp,2008-05-16,2532.27,2637.11,2532.27,2558.56,3265245,https://stooq.com/q/d/l/?s=7012.jp&i=d,2026-03-22T01:59:33+00:00
7012,7012.T,7012.jp,2008-05-19,2576.00,2593.46,2541.09,2576.00,1388185,https://stooq.com/q/d/l/?s=7012.jp&i=d,2026-03-22T01:59:33+00:00
7012,7012.T,7012.jp,2008-05-20,2584.73,2698.22,2576.00,2689.59,3178327,https://stooq.com/q/d/l/?s=7012.jp&i=d,2026-03-22T01:59:33+00:00
7012,7012.T,7012.jp,2008-05-21,2619.76,2672.02,2549.82,2610.93,4103288,https://stooq.com/q/d/l/?s=7012.jp&i=d,2026-03-22T01:59:33+00:00
7012,7012.T,7012.jp,2008-05-22,2514.91,2663.40,2488.72,2610.93,3134810,https://stooq.com/q/d/l/?s=7012.jp&i=d,2026-03-22T01:59:33+00:00
7012,7012.T,7012.jp,2008-05-23,2680.86,2715.69,2637.11,2672.02,3726638,https://stooq.com/q/d/l/?s=7012.jp&i=d,2026-03-22T01:59:33+00:00
7012,7012.T,7012.jp,2008-05-26,2610.93,2628.49,2523.73,2532.27,1979211,https://stooq.com/q/d/l/?s=7012.jp&i=d,2026-03-22T01:59:33+00:00
7012,7012.T,7012.jp,2008-05-27,2558.56,2576.00,2532.27,2567.27,842851,https://stooq.com/q/d/l/?s=7012.jp&i=d,2026-03-22T01:59:33+00:00
7012,7012.T,7012.jp,2008-05-28,2602.20,2654.58,2549.82,2576.00,1808121,https://stooq.com/q/d/l/?s=7012.jp&i=d,2026-03-22T01:59:33+00:00
7012,7012.T,7012.jp,2008-05-29,2654.58,2724.50,2628.49,2715.69,2915050,https://stooq.com/q/d/l/?s=7012.jp&i=d,2026-03-22T01:59:33+00:00
7012,7012.T,7012.jp,2008-05-30,2759.34,2855.45,2759.34,2846.72,4109815,https://stooq.com/q/d/l/?s=7012.jp&i=d,2026-03-22T01:59:33+00:00
7012,7012.T,7012.jp,2008-06-02,2846.72,2899.09,2803.16,2881.63,2393766,https://stooq.com/q/d/l/?s=7012.jp&i=d,2026-03-22T01:59:33+00:00
7012,7012.T,7012.jp,2008-06-03,2837.99,2907.91,2803.16,2872.90,2647881,https://stooq.com/q/d/l/?s=7012.jp&i=d,2026-03-22T01:59:33+00:00
7012,7012.T,7012.jp,2008-06-04,2960.31,3065.04,2934.00,3065.04,5232776,https://stooq.com/q/d/l/?s=7012.jp&i=d,2026-03-22T01:59:33+00:00
7012,7012.T,7012.jp,2008-06-05,3099.87,3178.52,3021.39,3161.07,4033776,https://stooq.com/q/d/l/?s=7012.jp&i=d,2026-03-22T01:59:33+00:00
7012,7012.T,7012.jp,2008-06-06,3213.44,3222.27,3056.22,3065.04,3135954,https://stooq.com/q/d/l/?s=7012.jp&i=d,2026-03-22T01:59:33+00:00
7012,7012.T,7012.jp,2008-06-09,2977.77,3047.57,2960.31,2995.11,2830881,https://stooq.com/q/d/l/?s=7012.jp&i=d,2026-03-22T01:59:33+00:00
7012,7012.T,7012.jp,2008-06-10,3065.04,3091.23,2890.35,2942.82,2112626,https://stooq.com/q/d/l/?s=7012.jp&i=d,2026-03-22T01:59:33+00:00
7012,7012.T,7012.jp,2008-06-11,2986.39,3003.94,2855.45,2942.82,2366739,https://stooq.com/q/d/l/?s=7012.jp&i=d,2026-03-22T01:59:33+00:00
7012,7012.T,7012.jp,2008-06-12,2846.72,2864.26,2811.70,2829.25,1883018,https://stooq.com/q/d/l/?s=7012.jp&i=d,2026-03-22T01:59:33+00:00
7012,7012.T,7012.jp,2008-06-13,2916.54,2977.77,2855.45,2925.28,3837492,https://stooq.com/q/d/l/?s=7012.jp&i=d,2026-03-22T01:59:33+00:00
7012,7012.T,7012.jp,2008-06-16,2969.03,2986.39,2899.09,2969.03,1472355,https://stooq.com/q/d/l/?s=7012.jp&i=d,2026-03-22T01:59:33+00:00
7012,7012.T,7012.jp,2008-06-17,2969.03,2995.11,2899.09,2925.28,1490336,https://stooq.com/q/d/l/?s=7012.jp&i=d,2026-03-22T01:59:33+00:00
7012,7012.T,7012.jp,2008-06-18,2881.63,2925.28,2864.26,2899.09,1790486,https://stooq.com/q/d/l/?s=7012.jp&i=d,2026-03-22T01:59:33+00:00
7012,7012.T,7012.jp,2008-06-19,2855.45,2872.90,2803.16,2820.53,1440634,https://stooq.com/q/d/l/?s=7012.jp&i=d,2026-03-22T01:59:33+00:00
7012,7012.T,7012.jp,2008-06-20,2829.25,2837.99,2680.86,2724.50,1646308,https://stooq.com/q/d/l/?s=7012.jp&i=d,2026-03-22T01:59:33+00:00
7012,7012.T,7012.jp,2008-06-23,2645.84,2776.79,2619.76,2750.69,2495114,https://stooq.com/q/d/l/?s=7012.jp&i=d,2026-03-22T01:59:33+00:00
7012,7012.T,7012.jp,2008-06-24,2733.23,2837.99,2654.58,2785.60,1625694,https://stooq.com/q/d/l/?s=7012.jp&i=d,2026-03-22T01:59:33+00:00
7012,7012.T,7012.jp,2008-06-25,2759.34,2785.60,2663.40,2759.34,1772850,https://stooq.com/q/d/l/?s=7012.jp&i=d,2026-03-22T01:59:33+00:00
7012,7012.T,7012.jp,2008-06-26,2715.69,2741.96,2645.84,2645.84,2350362,https://stooq.com/q/d/l/?s=7012.jp&i=d,2026-03-22T01:59:33+00:00
7012,7012.T,7012.jp,2008-06-27,2549.82,2584.73,2523.73,2541.09,2510000,https://stooq.com/q/d/l/?s=7012.jp&i=d,2026-03-22T01:59:33+00:00
7012,7012.T,7012.jp,2008-06-30,2532.27,2541.09,2453.79,2471.16,2507024,https://stooq.com/q/d/l/?s=7012.jp&i=d,2026-03-22T01:59:33+00:00
7012,7012.T,7012.jp,2008-07-01,2471.16,2506.18,2418.87,2436.24,2215119,https://stooq.com/q/d/l/?s=7012.jp&i=d,2026-03-22T01:59:33+00:00
7012,7012.T,7012.jp,2008-07-02,2471.16,2471.16,2375.13,2392.61,2144231,https://stooq.com/q/d/l/?s=7012.jp&i=d,2026-03-22T01:59:33+00:00
7012,7012.T,7012.jp,2008-07-03,2349.04,2418.87,2322.75,2401.43,2393535,https://stooq.com/q/d/l/?s=7012.jp&i=d,2026-03-22T01:59:33+00:00
7012,7012.T,7012.jp,2008-07-04,2410.16,2488.72,2383.97,2445.06,1961346,https://stooq.com/q/d/l/?s=7012.jp&i=d,2026-03-22T01:59:33+00:00
7012,7012.T,7012.jp,2008-07-07,2401.43,2479.99,2366.42,2445.06,2089607,https://stooq.com/q/d/l/?s=7012.jp&i=d,2026-03-22T01:59:33+00:00
7012,7012.T,7012.jp,2008-07-08,2418.87,2427.52,2322.75,2331.48,1547022,https://stooq.com/q/d/l/?s=7012.jp&i=d,2026-03-22T01:59:33+00:00
7012,7012.T,7012.jp,2008-07-09,2410.16,2462.52,2383.97,2410.16,2011048,https://stooq.com/q/d/l/?s=7012.jp&i=d,2026-03-22T01:59:33+00:00
7012,7012.T,7012.jp,2008-07-10,2366.42,2410.16,2349.04,2357.60,1644361,https://stooq.com/q/d/l/?s=7012.jp&i=d,2026-03-22T01:59:33+00:00
7012,7012.T,7012.jp,2008-07-11,2375.13,2436.24,2314.04,2401.43,1850492,https://stooq.com/q/d/l/?s=7012.jp&i=d,2026-03-22T01:59:33+00:00
7012,7012.T,7012.jp,2008-07-14,2383.97,2497.36,2357.60,2410.16,1824612,https://stooq.com/q/d/l/?s=7012.jp&i=d,2026-03-22T01:59:33+00:00
7012,7012.T,7012.jp,2008-07-15,2392.61,2401.43,2322.75,2322.75,1536255,https://stooq.com/q/d/l/?s=7012.jp&i=d,2026-03-22T01:59:33+00:00
7012,7012.T,7012.jp,2008-07-16,2410.16,2445.06,2375.13,2410.16,2101974,https://stooq.com/q/d/l/?s=7012.jp&i=d,2026-03-22T01:59:33+00:00
7012,7012.T,7012.jp,2008-07-17,2488.72,2523.73,2471.16,2523.73,2978493,https://stooq.com/q/d/l/?s=7012.jp&i=d,2026-03-22T01:59:33+00:00
7012,7012.T,7012.jp,2008-07-18,2549.82,2584.73,2514.91,2532.27,2455949,https://stooq.com/q/d/l/?s=7012.jp&i=d,2026-03-22T01:59:33+00:00
7012,7012.T,7012.jp,2008-07-22,2541.09,2637.11,2532.27,2619.76,2427892,https://stooq.com/q/d/l/?s=7012.jp&i=d,2026-03-22T01:59:33+00:00
7012,7012.T,7012.jp,2008-07-23,2645.84,2680.86,2637.11,2680.86,1883474,https://stooq.com/q/d/l/?s=7012.jp&i=d,2026-03-22T01:59:33+00:00
7012,7012.T,7012.jp,2008-07-24,2698.22,2724.50,2672.02,2715.69,1633253,https://stooq.com/q/d/l/?s=7012.jp&i=d,2026-03-22T01:59:33+00:00
7012,7012.T,7012.jp,2008-07-25,2645.84,2654.58,2593.46,2628.49,1684786,https://stooq.com/q/d/l/?s=7012.jp&i=d,2026-03-22T01:59:33+00:00
7012,7012.T,7012.jp,2008-07-28,2663.40,2680.86,2593.46,2619.76,972486,https://stooq.com/q/d/l/?s=7012.jp&i=d,2026-03-22T01:59:33+00:00
7012,7012.T,7012.jp,2008-07-29,2549.82,2558.56,2497.36,2541.09,1206330,https://stooq.com/q/d/l/?s=7012.jp&i=d,2026-03-22T01:59:33+00:00
7012,7012.T,7012.jp,2008-07-30,2602.20,2602.20,2532.27,2549.82,849263,https://stooq.com/q/d/l/?s=7012.jp&i=d,2026-03-22T01:59:33+00:00
7012,7012.T,7012.jp,2008-07-31,2549.82,2576.00,2418.87,2453.79,1818198,https://stooq.com/q/d/l/?s=7012.jp&i=d,2026-03-22T01:59:33+00:00
7012,7012.T,7012.jp,2008-08-01,2322.75,2340.31,2226.73,2252.84,3079269,https://stooq.com/q/d/l/?s=7012.jp&i=d,2026-03-22T01:59:33+00:00
7012,7012.T,7012.jp,2008-08-04,2235.47,2244.21,2121.99,2130.62,2774652,https://stooq.com/q/d/l/?s=7012.jp&i=d,2026-03-22T01:59:33+00:00
7012,7012.T,7012.jp,2008-08-05,2121.99,2139.45,2078.24,2113.17,1653637,https://stooq.com/q/d/l/?s=7012.jp&i=d,2026-03-22T01:59:33+00:00
7012,7012.T,7012.jp,2008-08-06,2200.54,2226.73,2156.82,2200.54,1803541,https://stooq.com/q/d/l/?s=7012.jp&i=d,2026-03-22T01:59:33+00:00
7012,7012.T,7012.jp,2008-08-07,2226.73,2287.86,2200.54,2261.67,2398003,https://stooq.com/q/d/l/?s=7012.jp&i=d,2026-03-22T01:59:33+00:00
7012,7012.T,7012.jp,2008-08-08,2183.10,2218.00,2121.99,2183.10,2704682,https://stooq.com/q/d/l/?s=7012.jp&i=d,2026-03-22T01:59:33+00:00
7012,7012.T,7012.jp,2008-08-11,2252.84,2279.21,2235.47,2252.84,991723,https://stooq.com/q/d/l/?s=7012.jp&i=d,2026-03-22T01:59:33+00:00
7012,7012.T,7012.jp,2008-08-12,2252.84,2270.38,2183.10,2209.28,1139109,https://stooq.com/q/d/l/?s=7012.jp&i=d,2026-03-22T01:59:33+00:00
7012,7012.T,7012.jp,2008-08-13,2191.73,2200.54,2139.45,2148.09,1498810,https://stooq.com/q/d/l/?s=7012.jp&i=d,2026-03-22T01:59:33+00:00
7012,7012.T,7012.jp,2008-08-14,2139.45,2191.73,2121.99,2156.82,980387,https://stooq.com/q/d/l/?s=7012.jp&i=d,2026-03-22T01:59:33+00:00
7012,7012.T,7012.jp,2008-08-15,2174.36,2191.73,2104.53,2165.63,1232556,https://stooq.com/q/d/l/?s=7012.jp&i=d,2026-03-22T01:59:33+00:00
7012,7012.T,7012.jp,2008-08-18,2139.45,2252.84,2130.62,2252.84,1346615,https://stooq.com/q/d/l/?s=7012.jp&i=d,2026-03-22T01:59:33+00:00
7012,7012.T,7012.jp,2008-08-19,2235.47,2235.47,2183.10,2200.54,1367114,https://stooq.com/q/d/l/?s=7012.jp&i=d,2026-03-22T01:59:33+00:00
7012,7012.T,7012.jp,2008-08-20,2156.82,2183.10,2130.62,2165.63,1207704,https://stooq.com/q/d/l/?s=7012.jp&i=d,2026-03-22T01:59:33+00:00
7012,7012.T,7012.jp,2008-08-21,2183.10,2200.54,2148.09,2165.63,932404,https://stooq.com/q/d/l/?s=7012.jp&i=d,2026-03-22T01:59:33+00:00
7012,7012.T,7012.jp,2008-08-22,2148.09,2156.82,2086.98,2086.98,1246296,https://stooq.com/q/d/l/?s=7012.jp&i=d,2026-03-22T01:59:33+00:00
7012,7012.T,7012.jp,2008-08-25,2130.62,2148.09,2078.24,2121.99,1401469,https://stooq.com/q/d/l/?s=7012.jp&i=d,2026-03-22T01:59:33+00:00
7012,7012.T,7012.jp,2008-08-26,2078.24,2121.99,2060.87,2121.99,1185144,https://stooq.com/q/d/l/?s=7012.jp&i=d,2026-03-22T01:59:33+00:00
7012,7012.T,7012.jp,2008-08-27,2095.71,2104.53,2043.34,2052.06,1240455,https://stooq.com/q/d/l/?s=7012.jp&i=d,2026-03-22T01:59:33+00:00
7012,7012.T,7012.jp,2008-08-28,2052.06,2060.87,1999.78,2034.59,1526063,https://stooq.com/q/d/l/?s=7012.jp&i=d,2026-03-22T01:59:33+00:00
7012,7012.T,7012.jp,2008-08-29,2078.24,2121.99,2060.87,2121.99,1244120,https://stooq.com/q/d/l/?s=7012.jp&i=d,2026-03-22T01:59:33+00:00
7012,7012.T,7012.jp,2008-09-01,2086.98,2156.82,2078.24,2095.71,964126,https://stooq.com/q/d/l/?s=7012.jp&i=d,2026-03-22T01:59:33+00:00
7012,7012.T,7012.jp,2008-09-02,2086.98,2139.45,2034.59,2060.87,1182854,https://stooq.com/q/d/l/?s=7012.jp&i=d,2026-03-22T01:59:33+00:00
7012,7012.T,7012.jp,2008-09-03,2069.61,2086.98,2025.86,2043.34,1366083,https://stooq.com/q/d/l/?s=7012.jp&i=d,2026-03-22T01:59:33+00:00
7012,7012.T,7012.jp,2008-09-04,2017.15,2034.59,1938.58,1938.58,1329895,https://stooq.com/q/d/l/?s=7012.jp&i=d,2026-03-22T01:59:33+00:00
7012,7012.T,7012.jp,2008-09-05,1781.44,1886.20,1781.44,1860.00,2240655,https://stooq.com/q/d/l/?s=7012.jp&i=d,2026-03-22T01:59:33+00:00
7012,7012.T,7012.jp,2008-09-08,1990.96,2034.59,1964.77,2017.15,1691885,https://stooq.com/q/d/l/?s=7012.jp&i=d,2026-03-22T01:59:33+00:00
7012,7012.T,7012.jp,2008-09-09,2008.42,2008.42,1903.56,1912.30,1528353,https://stooq.com/q/d/l/?s=7012.jp&i=d,2026-03-22T01:59:33+00:00
7012,7012.T,7012.jp,2008-09-10,1825.09,1921.11,1772.63,1868.66,3334301,https://stooq.com/q/d/l/?s=7012.jp&i=d,2026-03-22T01:59:33+00:00
7012,7012.T,7012.jp,2008-09-11,1860.00,1903.56,1825.09,1825.09,1483692,https://stooq.com/q/d/l/?s=7012.jp&i=d,2026-03-22T01:59:33+00:00
7012,7012.T,7012.jp,2008-09-12,1868.66,1947.31,1860.00,1947.31,2372925,https://stooq.com/q/d/l/?s=7012.jp&i=d,2026-03-22T01:59:33+00:00
7012,7012.T,7012.jp,2008-09-16,1833.73,1842.56,1798.82,1807.55,3199285,https://stooq.com/q/d/l/?s=7012.jp&i=d,2026-03-22T01:59:33+00:00
7012,7012.T,7012.jp,2008-09-17,1868.66,1903.56,1860.00,1877.46,1620999,https://stooq.com/q/d/l/?s=7012.jp&i=d,2026-03-22T01:59:33+00:00
7012,7012.T,7012.jp,2008-09-18,1825.09,1903.56,1798.82,1868.66,1959972,https://stooq.com/q/d/l/?s=7012.jp&i=d,2026-03-22T01:59:33+00:00
7012,7012.T,7012.jp,2008-09-19,1921.11,1999.78,1912.30,1982.22,2045400,https://stooq.com/q/d/l/?s=7012.jp&i=d,2026-03-22T01:59:33+00:00
7012,7012.T,7012.jp,2008-09-22,2078.24,2095.71,2008.42,2043.34,1642987,https://stooq.com/q/d/l/?s=7012.jp&i=d,2026-03-22T01:59:33+00:00
7012,7012.T,7012.jp,2008-09-24,2034.59,2043.34,1982.22,2025.86,879955,https://stooq.com/q/d/l/?s=7012.jp&i=d,2026-03-22T01:59:33+00:00
7012,7012.T,7012.jp,2008-09-25,1990.96,2025.86,1956.03,2017.15,761428,https://stooq.com/q/d/l/?s=7012.jp&i=d,2026-03-22T01:59:33+00:00
7012,7012.T,7012.jp,2008-09-26,2025.86,2052.06,1929.84,1938.58,1147925,https://stooq.com/q/d/l/?s=7012.jp&i=d,2026-03-22T01:59:33+00:00
7012,7012.T,7012.jp,2008-09-29,1964.77,1982.22,1868.66,1877.46,1117924,https://stooq.com/q/d/l/?s=7012.jp&i=d,2026-03-22T01:59:33+00:00
7012,7012.T,7012.jp,2008-09-30,1746.46,1912.30,1737.71,1903.56,1366771,https://stooq.com/q/d/l/?s=7012.jp&i=d,2026-03-22T01:59:33+00:00
7012,7012.T,7012.jp,2008-10-01,1938.58,1964.77,1816.36,1816.36,2040820,https://stooq.com/q/d/l/?s=7012.jp&i=d,2026-03-22T01:59:33+00:00
7012,7012.T,7012.jp,2008-10-02,1807.55,1816.36,1711.52,1720.34,2649713,https://stooq.com/q/d/l/?s=7012.jp&i=d,2026-03-22T01:59:33+00:00
7012,7012.T,7012.jp,2008-10-03,1702.80,1720.34,1641.69,1641.69,2107127,https://stooq.com/q/d/l/?s=7012.jp&i=d,2026-03-22T01:59:33+00:00
7012,7012.T,7012.jp,2008-10-06,1615.49,1615.49,1475.81,1510.66,2226915,https://stooq.com/q/d/l/?s=7012.jp&i=d,2026-03-22T01:59:33+00:00
7012,7012.T,7012.jp,2008-10-07,1388.45,1519.38,1370.98,1484.46,2549852,https://stooq.com/q/d/l/?s=7012.jp&i=d,2026-03-22T01:59:33+00:00
7012,7012.T,7012.jp,2008-10-08,1397.18,1440.91,1309.79,1318.60,2406475,https://stooq.com/q/d/l/?s=7012.jp&i=d,2026-03-22T01:59:33+00:00
7012,7012.T,7012.jp,2008-10-09,1336.06,1432.09,1309.79,1414.53,2576880,https://stooq.com/q/d/l/?s=7012.jp&i=d,2026-03-22T01:59:33+00:00
7012,7012.T,7012.jp,2008-10-10,1292.34,1554.29,1283.60,1484.46,3059229,https://stooq.com/q/d/l/?s=7012.jp&i=d,2026-03-22T01:59:33+00:00
7012,7012.T,7012.jp,2008-10-14,1790.08,1798.82,1711.52,1763.89,2475875,https://stooq.com/q/d/l/?s=7012.jp&i=d,2026-03-22T01:59:33+00:00
7012,7012.T,7012.jp,2008-10-15,1702.80,1720.34,1598.04,1624.14,2195764,https://stooq.com/q/d/l/?s=7012.jp&i=d,2026-03-22T01:59:33+00:00
7012,7012.T,7012.jp,2008-10-16,1493.19,1510.66,1414.53,1440.91,2137588,https://stooq.com/q/d/l/?s=7012.jp&i=d,2026-03-22T01:59:33+00:00
7012,7012.T,7012.jp,2008-10-17,1528.11,1536.94,1388.45,1432.09,2120985,https://stooq.com/q/d/l/?s=7012.jp&i=d,2026-03-22T01:59:33+00:00
7012,7012.T,7012.jp,2008-10-20,1440.91,1449.45,1370.98,1414.53,2970591,https://stooq.com/q/d/l/?s=7012.jp&i=d,2026-03-22T01:59:33+00:00
7012,7012.T,7012.jp,2008-10-21,1467.00,1519.38,1449.45,1510.66,1939817,https://stooq.com/q/d/l/?s=7012.jp&i=d,2026-03-22T01:59:33+00:00
7012,7012.T,7012.jp,2008-10-22,1475.81,1475.81,1379.70,1388.45,1754413,https://stooq.com/q/d/l/?s=7012.jp&i=d,2026-03-22T01:59:33+00:00
7012,7012.T,7012.jp,2008-10-23,1336.06,1388.45,1301.15,1379.70,2432358,https://stooq.com/q/d/l/?s=7012.jp&i=d,2026-03-22T01:59:33+00:00
7012,7012.T,7012.jp,2008-10-24,1370.98,1370.98,1222.48,1231.21,2622344,https://stooq.com/q/d/l/?s=7012.jp&i=d,2026-03-22T01:59:33+00:00
7012,7012.T,7012.jp,2008-10-27,1187.58,1266.23,1021.71,1047.90,3610403,https://stooq.com/q/d/l/?s=7012.jp&i=d,2026-03-22T01:59:33+00:00
7012,7012.T,7012.jp,2008-10-28,1065.27,1222.48,1047.90,1205.02,2583293,https://stooq.com/q/d/l/?s=7012.jp&i=d,2026-03-22T01:59:33+00:00
7012,7012.T,7012.jp,2008-10-29,1379.70,1379.70,1205.02,1257.49,2856533,https://stooq.com/q/d/l/?s=7012.jp&i=d,2026-03-22T01:59:33+00:00
7012,7012.T,7012.jp,2008-10-30,1274.97,1493.19,1266.23,1467.00,3670181,https://stooq.com/q/d/l/?s=7012.jp&i=d,2026-03-22T01:59:33+00:00
7012,7012.T,7012.jp,2008-10-31,1475.81,1598.04,1388.45,1528.11,3752633,https://stooq.com/q/d/l/?s=7012.jp&i=d,2026-03-22T01:59:33+00:00
7012,7012.T,7012.jp,2008-11-04,1493.19,1650.41,1467.00,1641.69,2789426,https://stooq.com/q/d/l/?s=7012.jp&i=d,2026-03-22T01:59:33+00:00
7012,7012.T,7012.jp,2008-11-05,1685.33,1746.46,1676.60,1746.46,2759879,https://stooq.com/q/d/l/?s=7012.jp&i=d,2026-03-22T01:59:33+00:00
7012,7012.T,7012.jp,2008-11-06,1632.86,1641.69,1571.76,1615.49,1983907,https://stooq.com/q/d/l/?s=7012.jp&i=d,2026-03-22T01:59:33+00:00
7012,7012.T,7012.jp,2008-11-07,1493.19,1632.86,1475.81,1615.49,2455604,https://stooq.com/q/d/l/?s=7012.jp&i=d,2026-03-22T01:59:33+00:00
7012,7012.T,7012.jp,2008-11-10,1702.80,1886.20,1685.33,1842.56,4783294,https://stooq.com/q/d/l/?s=7012.jp&i=d,2026-03-22T01:59:33+00:00
7012,7012.T,7012.jp,2008-11-11,1816.36,1938.58,1763.89,1781.44,4989540,https://stooq.com/q/d/l/?s=7012.jp&i=d,2026-03-22T01:59:33+00:00
7012,7012.T,7012.jp,2008-11-12,1746.46,1860.00,1720.34,1842.56,3727782,https://stooq.com/q/d/l/?s=7012.jp&i=d,2026-03-22T01:59:33+00:00
7012,7012.T,7012.jp,2008-11-13,1772.63,1816.36,1676.60,1728.98,3181992,https://stooq.com/q/d/l/?s=7012.jp&i=d,2026-03-22T01:59:33+00:00
7012,7012.T,7012.jp,2008-11-14,1816.36,1842.56,1737.71,1763.89,2307992,https://stooq.com/q/d/l/?s=7012.jp&i=d,2026-03-22T01:59:33+00:00
7012,7012.T,7012.jp,2008-11-17,1720.34,1825.09,1702.80,1798.82,2689794,https://stooq.com/q/d/l/?s=7012.jp&i=d,2026-03-22T01:59:33+00:00
7012,7012.T,7012.jp,2008-11-18,1781.44,1816.36,1728.98,1728.98,2189466,https://stooq.com/q/d/l/?s=7012.jp&i=d,2026-03-22T01:59:33+00:00
7012,7012.T,7012.jp,2008-11-19,1737.71,1772.63,1589.22,1632.86,3173403,https://stooq.com/q/d/l/?s=7012.jp&i=d,2026-03-22T01:59:33+00:00
7012,7012.T,7012.jp,2008-11-20,1554.29,1571.76,1467.00,1475.81,2303410,https://stooq.com/q/d/l/?s=7012.jp&i=d,2026-03-22T01:59:33+00:00
7012,7012.T,7012.jp,2008-11-21,1423.35,1615.49,1423.35,1598.04,2882298,https://stooq.com/q/d/l/?s=7012.jp&i=d,2026-03-22T01:59:33+00:00
7012,7012.T,7012.jp,2008-11-25,1755.17,1755.17,1659.13,1728.98,2553402,https://stooq.com/q/d/l/?s=7012.jp&i=d,2026-03-22T01:59:33+00:00
7012,7012.T,7012.jp,2008-11-26,1685.33,1737.71,1624.14,1641.69,2236304,https://stooq.com/q/d/l/?s=7012.jp&i=d,2026-03-22T01:59:33+00:00
7012,7012.T,7012.jp,2008-11-27,1676.60,1711.52,1632.86,1667.88,1873968,https://stooq.com/q/d/l/?s=7012.jp&i=d,2026-03-22T01:59:33+00:00
7012,7012.T,7012.jp,2008-11-28,1702.80,1798.82,1667.88,1781.44,3623802,https://stooq.com/q/d/l/?s=7012.jp&i=d,2026-03-22T01:59:33+00:00
7012,7012.T,7012.jp,2008-12-01,1737.71,1763.89,1711.52,1746.46,1523088,https://stooq.com/q/d/l/?s=7012.jp&i=d,2026-03-22T01:59:33+00:00
7012,7012.T,7012.jp,2008-12-02,1667.88,1685.33,1632.86,1650.41,1614128,https://stooq.com/q/d/l/?s=7012.jp&i=d,2026-03-22T01:59:33+00:00
7012,7012.T,7012.jp,2008-12-03,1650.41,1659.13,1528.11,1528.11,2483892,https://stooq.com/q/d/l/?s=7012.jp&i=d,2026-03-22T01:59:33+00:00
7012,7012.T,7012.jp,2008-12-04,1502.00,1563.03,1440.91,1502.00,2300892,https://stooq.com/q/d/l/?s=7012.jp&i=d,2026-03-22T01:59:33+00:00
7012,7012.T,7012.jp,2008-12-05,1493.19,1502.00,1423.35,1449.45,1779150,https://stooq.com/q/d/l/?s=7012.jp&i=d,2026-03-22T01:59:33+00:00
7012,7012.T,7012.jp,2008-12-08,1458.27,1615.49,1458.27,1615.49,1996619,https://stooq.com/q/d/l/?s=7012.jp&i=d,2026-03-22T01:59:33+00:00
7012,7012.T,7012.jp,2008-12-09,1606.76,1676.60,1580.57,1615.49,2447016,https://stooq.com/q/d/l/?s=7012.jp&i=d,2026-03-22T01:59:33+00:00
7012,7012.T,7012.jp,2008-12-10,1615.49,1711.52,1598.04,1667.88,2575620,https://stooq.com/q/d/l/?s=7012.jp&i=d,2026-03-22T01:59:33+00:00
7012,7012.T,7012.jp,2008-12-11,1650.41,1702.80,1632.86,1702.80,1406278,https://stooq.com/q/d/l/?s=7012.jp&i=d,2026-03-22T01:59:33+00:00
7012,7012.T,7012.jp,2008-12-12,1676.60,1676.60,1545.67,1554.29,2728615,https://stooq.com/q/d/l/?s=7012.jp&i=d,2026-03-22T01:59:33+00:00
7012,7012.T,7012.jp,2008-12-15,1598.04,1667.88,1589.22,1632.86,1849691,https://stooq.com/q/d/l/?s=7012.jp&i=d,2026-03-22T01:59:33+00:00
7012,7012.T,7012.jp,2008-12-16,1641.69,1667.88,1589.22,1615.49,1798502,https://stooq.com/q/d/l/?s=7012.jp&i=d,2026-03-22T01:59:33+00:00
7012,7012.T,7012.jp,2008-12-17,1659.13,1676.60,1545.67,1598.04,2210766,https://stooq.com/q/d/l/?s=7012.jp&i=d,2026-03-22T01:59:33+00:00
7012,7012.T,7012.jp,2008-12-18,1571.76,1641.69,1554.29,1598.04,1663370,https://stooq.com/q/d/l/?s=7012.jp&i=d,2026-03-22T01:59:33+00:00
7012,7012.T,7012.jp,2008-12-19,1606.76,1659.13,1580.57,1615.49,1214116,https://stooq.com/q/d/l/?s=7012.jp&i=d,2026-03-22T01:59:33+00:00
7012,7012.T,7012.jp,2008-12-22,1615.49,1632.86,1598.04,1606.76,653784,https://stooq.com/q/d/l/?s=7012.jp&i=d,2026-03-22T01:59:33+00:00
7012,7012.T,7012.jp,2008-12-24,1606.76,1624.14,1554.29,1563.03,1118037,https://stooq.com/q/d/l/?s=7012.jp&i=d,2026-03-22T01:59:33+00:00
7012,7012.T,7012.jp,2008-12-25,1571.76,1580.57,1563.03,1580.57,300379,https://stooq.com/q/d/l/?s=7012.jp&i=d,2026-03-22T01:59:33+00:00
7012,7012.T,7012.jp,2008-12-26,1571.76,1598.04,1563.03,1589.22,288699,https://stooq.com/q/d/l/?s=7012.jp&i=d,2026-03-22T01:59:33+00:00
7012,7012.T,7012.jp,2008-12-29,1580.57,1589.22,1545.67,1580.57,546937,https://stooq.com/q/d/l/?s=7012.jp&i=d,2026-03-22T01:59:33+00:00
7012,7012.T,7012.jp,2008-12-30,1571.76,1589.22,1563.03,1563.03,332787,https://stooq.com/q/d/l/?s=7012.jp&i=d,2026-03-22T01:59:33+00:00
7012,7012.T,7012.jp,2009-01-05,1615.49,1641.69,1606.76,1641.69,591713,https://stooq.com/q/d/l/?s=7012.jp&i=d,2026-03-22T01:59:33+00:00
7012,7012.T,7012.jp,2009-01-06,1693.97,1833.73,1693.97,1825.09,3830734,https://stooq.com/q/d/l/?s=7012.jp&i=d,2026-03-22T01:59:33+00:00
7012,7012.T,7012.jp,2009-01-07,1929.84,1973.40,1894.93,1921.11,3395912,https://stooq.com/q/d/l/?s=7012.jp&i=d,2026-03-22T01:59:33+00:00
7012,7012.T,7012.jp,2009-01-08,1851.19,1868.66,1807.55,1816.36,1620198,https://stooq.com/q/d/l/?s=7012.jp&i=d,2026-03-22T01:59:33+00:00
7012,7012.T,7012.jp,2009-01-09,1825.09,1851.19,1798.82,1807.55,1231980,https://stooq.com/q/d/l/?s=7012.jp&i=d,2026-03-22T01:59:33+00:00
7012,7012.T,7012.jp,2009-01-13,1755.17,1755.17,1650.41,1650.41,1418416,https://stooq.com/q/d/l/?s=7012.jp&i=d,2026-03-22T01:59:33+00:00
7012,7012.T,7012.jp,2009-01-14,1667.88,1685.33,1650.41,1659.13,1063983,https://stooq.com/q/d/l/?s=7012.jp&i=d,2026-03-22T01:59:33+00:00
7012,7012.T,7012.jp,2009-01-15,1615.49,1615.49,1563.03,1598.04,2004176,https://stooq.com/q/d/l/?s=7012.jp&i=d,2026-03-22T01:59:33+00:00
7012,7012.T,7012.jp,2009-01-16,1641.69,1650.41,1598.04,1624.14,1752581,https://stooq.com/q/d/l/?s=7012.jp&i=d,2026-03-22T01:59:33+00:00
7012,7012.T,7012.jp,2009-01-19,1650.41,1676.60,1641.69,1641.69,976721,https://stooq.com/q/d/l/?s=7012.jp&i=d,2026-03-22T01:59:33+00:00
7012,7012.T,7012.jp,2009-01-20,1650.41,1685.33,1580.57,1615.49,1783730,https://stooq.com/q/d/l/?s=7012.jp&i=d,2026-03-22T01:59:33+00:00
7012,7012.T,7012.jp,2009-01-21,1571.76,1580.57,1528.11,1528.11,1503389,https://stooq.com/q/d/l/?s=7012.jp&i=d,2026-03-22T01:59:33+00:00
7012,7012.T,7012.jp,2009-01-22,1554.29,1563.03,1440.91,1475.81,2829277,https://stooq.com/q/d/l/?s=7012.jp&i=d,2026-03-22T01:59:33+00:00
7012,7012.T,7012.jp,2009-01-23,1475.81,1475.81,1414.53,1423.35,1535567,https://stooq.com/q/d/l/?s=7012.jp&i=d,2026-03-22T01:59:33+00:00
7012,7012.T,7012.jp,2009-01-26,1405.91,1423.35,1344.71,1397.18,1504880,https://stooq.com/q/d/l/?s=7012.jp&i=d,2026-03-22T01:59:33+00:00
7012,7012.T,7012.jp,2009-01-27,1423.35,1528.11,1414.53,1528.11,1444756,https://stooq.com/q/d/l/?s=7012.jp&i=d,2026-03-22T01:59:33+00:00
7012,7012.T,7012.jp,2009-01-28,1502.00,1563.03,1493.19,1510.66,1449910,https://stooq.com/q/d/l/?s=7012.jp&i=d,2026-03-22T01:59:33+00:00
7012,7012.T,7012.jp,2009-01-29,1545.67,1589.22,1493.19,1502.00,1809152,https://stooq.com/q/d/l/?s=7012.jp&i=d,2026-03-22T01:59:33+00:00
7012,7012.T,7012.jp,2009-01-30,1467.00,1467.00,1414.53,1449.45,955536,https://stooq.com/q/d/l/?s=7012.jp&i=d,2026-03-22T01:59:33+00:00
7012,7012.T,7012.jp,2009-02-02,1405.91,1405.91,1327.33,1370.98,2208018,https://stooq.com/q/d/l/?s=7012.jp&i=d,2026-03-22T01:59:33+00:00
7012,7012.T,7012.jp,2009-02-03,1353.43,1432.09,1344.71,1388.45,2148469,https://stooq.com/q/d/l/?s=7012.jp&i=d,2026-03-22T01:59:33+00:00
7012,7012.T,7012.jp,2009-02-04,1397.18,1484.46,1388.45,1484.46,1495260,https://stooq.com/q/d/l/?s=7012.jp&i=d,2026-03-22T01:59:33+00:00
7012,7012.T,7012.jp,2009-02-05,1475.81,1545.67,1449.45,1510.66,2059601,https://stooq.com/q/d/l/?s=7012.jp&i=d,2026-03-22T01:59:33+00:00
7012,7012.T,7012.jp,2009-02-06,1554.29,1571.76,1484.46,1519.38,1706543,https://stooq.com/q/d/l/?s=7012.jp&i=d,2026-03-22T01:59:33+00:00
7012,7012.T,7012.jp,2009-02-09,1554.29,1563.03,1475.81,1475.81,1197627,https://stooq.com/q/d/l/?s=7012.jp&i=d,2026-03-22T01:59:33+00:00
7012,7012.T,7012.jp,2009-02-10,1493.19,1510.66,1467.00,1493.19,833116,https://stooq.com/q/d/l/?s=7012.jp&i=d,2026-03-22T01:59:33+00:00
7012,7012.T,7012.jp,2009-02-12,1432.09,1475.81,1432.09,1440.91,638551,https://stooq.com/q/d/l/?s=7012.jp&i=d,2026-03-22T01:59:33+00:00
7012,7012.T,7012.jp,2009-02-13,1467.00,1475.81,1414.53,1423.35,978782,https://stooq.com/q/d/l/?s=7012.jp&i=d,2026-03-22T01:59:33+00:00
7012,7012.T,7012.jp,2009-02-16,1414.53,1440.91,1388.45,1440.91,943627,https://stooq.com/q/d/l/?s=7012.jp&i=d,2026-03-22T01:59:33+00:00
7012,7012.T,7012.jp,2009-02-17,1414.53,1432.09,1388.45,1397.18,604882,https://stooq.com/q/d/l/?s=7012.jp&i=d,2026-03-22T01:59:33+00:00
7012,7012.T,7012.jp,2009-02-18,1370.98,1449.45,1353.43,1432.09,1108074,https://stooq.com/q/d/l/?s=7012.jp&i=d,2026-03-22T01:59:33+00:00
7012,7012.T,7012.jp,2009-02-19,1423.35,1502.00,1405.91,1484.46,1502130,https://stooq.com/q/d/l/?s=7012.jp&i=d,2026-03-22T01:59:33+00:00
7012,7012.T,7012.jp,2009-02-20,1458.27,1467.00,1362.24,1362.24,1702651,https://stooq.com/q/d/l/?s=7012.jp&i=d,2026-03-22T01:59:33+00:00
7012,7012.T,7012.jp,2009-02-23,1327.33,1353.43,1301.15,1309.79,1878780,https://stooq.com/q/d/l/?s=7012.jp&i=d,2026-03-22T01:59:33+00:00
7012,7012.T,7012.jp,2009-02-24,1283.60,1327.33,1257.49,1318.60,1358525,https://stooq.com/q/d/l/?s=7012.jp&i=d,2026-03-22T01:59:33+00:00
7012,7012.T,7012.jp,2009-02-25,1405.91,1440.91,1388.45,1440.91,2371778,https://stooq.com/q/d/l/?s=7012.jp&i=d,2026-03-22T01:59:33+00:00
7012,7012.T,7012.jp,2009-02-26,1449.45,1528.11,1432.09,1475.81,2430410,https://stooq.com/q/d/l/?s=7012.jp&i=d,2026-03-22T01:59:33+00:00
7012,7012.T,7012.jp,2009-02-27,1475.81,1493.19,1423.35,1493.19,1911989,https://stooq.com/q/d/l/?s=7012.jp&i=d,2026-03-22T01:59:33+00:00
7012,7012.T,7012.jp,2009-03-02,1440.91,1475.81,1423.35,1432.09,1242404,https://stooq.com/q/d/l/?s=7012.jp&i=d,2026-03-22T01:59:33+00:00
7012,7012.T,7012.jp,2009-03-03,1397.18,1484.46,1388.45,1467.00,1782011,https://stooq.com/q/d/l/?s=7012.jp&i=d,2026-03-22T01:59:33+00:00
7012,7012.T,7012.jp,2009-03-04,1449.45,1502.00,1432.09,1502.00,1696696,https://stooq.com/q/d/l/?s=7012.jp&i=d,2026-03-22T01:59:33+00:00
7012,7012.T,7012.jp,2009-03-05,1519.38,1632.86,1519.38,1589.22,3079155,https://stooq.com/q/d/l/?s=7012.jp&i=d,2026-03-22T01:59:33+00:00
7012,7012.T,7012.jp,2009-03-06,1545.67,1606.76,1545.67,1571.76,2381628,https://stooq.com/q/d/l/?s=7012.jp&i=d,2026-03-22T01:59:33+00:00
7012,7012.T,7012.jp,2009-03-09,1589.22,1624.14,1554.29,1554.29,2619939,https://stooq.com/q/d/l/?s=7012.jp&i=d,2026-03-22T01:59:33+00:00
7012,7012.T,7012.jp,2009-03-10,1545.67,1545.67,1502.00,1545.67,1302068,https://stooq.com/q/d/l/?s=7012.jp&i=d,2026-03-22T01:59:33+00:00
7012,7012.T,7012.jp,2009-03-11,1589.22,1632.86,1589.22,1598.04,1596035,https://stooq.com/q/d/l/?s=7012.jp&i=d,2026-03-22T01:59:33+00:00
7012,7012.T,7012.jp,2009-03-12,1589.22,1615.49,1484.46,1493.19,1939359,https://stooq.com/q/d/l/?s=7012.jp&i=d,2026-03-22T01:59:33+00:00
7012,7012.T,7012.jp,2009-03-13,1554.29,1571.76,1510.66,1528.11,2501986,https://stooq.com/q/d/l/?s=7012.jp&i=d,2026-03-22T01:59:33+00:00
7012,7012.T,7012.jp,2009-03-16,1545.67,1659.13,1536.94,1632.86,2739723,https://stooq.com/q/d/l/?s=7012.jp&i=d,2026-03-22T01:59:33+00:00
7012,7012.T,7012.jp,2009-03-17,1650.41,1659.13,1624.14,1659.13,1718454,https://stooq.com/q/d/l/?s=7012.jp&i=d,2026-03-22T01:59:33+00:00
7012,7012.T,7012.jp,2009-03-18,1693.97,1720.34,1650.41,1685.33,1453802,https://stooq.com/q/d/l/?s=7012.jp&i=d,2026-03-22T01:59:33+00:00
7012,7012.T,7012.jp,2009-03-19,1702.80,1720.34,1615.49,1624.14,1381771,https://stooq.com/q/d/l/?s=7012.jp&i=d,2026-03-22T01:59:33+00:00
7012,7012.T,7012.jp,2009-03-23,1632.86,1728.98,1606.76,1720.34,1644361,https://stooq.com/q/d/l/?s=7012.jp&i=d,2026-03-22T01:59:33+00:00
7012,7012.T,7012.jp,2009-03-24,1781.44,1833.73,1755.17,1763.89,1503963,https://stooq.com/q/d/l/?s=7012.jp&i=d,2026-03-22T01:59:33+00:00
7012,7012.T,7012.jp,2009-03-25,1772.63,1825.09,1755.17,1763.89,1596035,https://stooq.com/q/d/l/?s=7012.jp&i=d,2026-03-22T01:59:33+00:00
7012,7012.T,7012.jp,2009-03-26,1746.46,1807.55,1737.71,1781.44,1090322,https://stooq.com/q/d/l/?s=7012.jp&i=d,2026-03-22T01:59:33+00:00
7012,7012.T,7012.jp,2009-03-27,1790.08,1842.56,1728.98,1755.17,1923212,https://stooq.com/q/d/l/?s=7012.jp&i=d,2026-03-22T01:59:33+00:00
7012,7012.T,7012.jp,2009-03-30,1781.44,1781.44,1667.88,1667.88,1578628,https://stooq.com/q/d/l/?s=7012.jp&i=d,2026-03-22T01:59:33+00:00
7012,7012.T,7012.jp,2009-03-31,1659.13,1737.71,1650.41,1711.52,2211683,https://stooq.com/q/d/l/?s=7012.jp&i=d,2026-03-22T01:59:33+00:00
7012,7012.T,7012.jp,2009-04-01,1720.34,1737.71,1685.33,1711.52,1496175,https://stooq.com/q/d/l/?s=7012.jp&i=d,2026-03-22T01:59:33+00:00
7012,7012.T,7012.jp,2009-04-02,1746.46,1842.56,1737.71,1790.08,2800763,https://stooq.com/q/d/l/?s=7012.jp&i=d,2026-03-22T01:59:33+00:00
7012,7012.T,7012.jp,2009-04-03,1842.56,1868.66,1790.08,1825.09,1626267,https://stooq.com/q/d/l/?s=7012.jp&i=d,2026-03-22T01:59:33+00:00
7012,7012.T,7012.jp,2009-04-06,1860.00,1912.30,1798.82,1825.09,2168395,https://stooq.com/q/d/l/?s=7012.jp&i=d,2026-03-22T01:59:33+00:00
7012,7012.T,7012.jp,2009-04-07,1833.73,1860.00,1807.55,1842.56,1055626,https://stooq.com/q/d/l/?s=7012.jp&i=d,2026-03-22T01:59:33+00:00
7012,7012.T,7012.jp,2009-04-08,1798.82,1816.36,1728.98,1746.46,1130633,https://stooq.com/q/d/l/?s=7012.jp&i=d,2026-03-22T01:59:33+00:00
7012,7012.T,7012.jp,2009-04-09,1790.08,1842.56,1772.63,1842.56,1179648,https://stooq.com/q/d/l/?s=7012.jp&i=d,2026-03-22T01:59:33+00:00
7012,7012.T,7012.jp,2009-04-10,1877.46,1886.20,1790.08,1807.55,1695550,https://stooq.com/q/d/l/?s=7012.jp&i=d,2026-03-22T01:59:33+00:00
7012,7012.T,7012.jp,2009-04-13,1825.09,1877.46,1807.55,1851.19,1660164,https://stooq.com/q/d/l/?s=7012.jp&i=d,2026-03-22T01:59:33+00:00
7012,7012.T,7012.jp,2009-04-14,1860.00,1868.66,1790.08,1851.19,1932947,https://stooq.com/q/d/l/?s=7012.jp&i=d,2026-03-22T01:59:33+00:00
7012,7012.T,7012.jp,2009-04-15,1825.09,1833.73,1763.89,1798.82,1791745,https://stooq.com/q/d/l/?s=7012.jp&i=d,2026-03-22T01:59:33+00:00
7012,7012.T,7012.jp,2009-04-16,1825.09,1877.46,1798.82,1816.36,1619853,https://stooq.com/q/d/l/?s=7012.jp&i=d,2026-03-22T01:59:33+00:00
7012,7012.T,7012.jp,2009-04-17,1877.46,1938.58,1860.00,1938.58,3720111,https://stooq.com/q/d/l/?s=7012.jp&i=d,2026-03-22T01:59:33+00:00
7012,7012.T,7012.jp,2009-04-20,1912.30,1947.31,1894.93,1938.58,1344897,https://stooq.com/q/d/l/?s=7012.jp&i=d,2026-03-22T01:59:33+00:00
7012,7012.T,7012.jp,2009-04-21,1868.66,1877.46,1798.82,1851.19,2921120,https://stooq.com/q/d/l/?s=7012.jp&i=d,2026-03-22T01:59:33+00:00
7012,7012.T,7012.jp,2009-04-22,1877.46,1886.20,1807.55,1807.55,1876948,https://stooq.com/q/d/l/?s=7012.jp&i=d,2026-03-22T01:59:33+00:00
7012,7012.T,7012.jp,2009-04-23,1886.20,1894.93,1816.36,1877.46,3509398,https://stooq.com/q/d/l/?s=7012.jp&i=d,2026-03-22T01:59:33+00:00
7012,7012.T,7012.jp,2009-04-24,1886.20,1956.03,1860.00,1894.93,3206613,https://stooq.com/q/d/l/?s=7012.jp&i=d,2026-03-22T01:59:33+00:00
7012,7012.T,7012.jp,2009-04-27,1903.56,1912.30,1825.09,1868.66,1480601,https://stooq.com/q/d/l/?s=7012.jp&i=d,2026-03-22T01:59:33+00:00
7012,7012.T,7012.jp,2009-04-28,1833.73,1868.66,1720.34,1720.34,2451255,https://stooq.com/q/d/l/?s=7012.jp&i=d,2026-03-22T01:59:33+00:00
7012,7012.T,7012.jp,2009-04-30,1798.82,1860.00,1790.08,1833.73,2529355,https://stooq.com/q/d/l/?s=7012.jp&i=d,2026-03-22T01:59:33+00:00
7012,7012.T,7012.jp,2009-05-01,1860.00,1868.66,1816.36,1860.00,1439259,https://stooq.com/q/d/l/?s=7012.jp&i=d,2026-03-22T01:59:33+00:00
7012,7012.T,7012.jp,2009-05-07,1903.56,1921.11,1868.66,1903.56,2456866,https://stooq.com/q/d/l/?s=7012.jp&i=d,2026-03-22T01:59:33+00:00
7012,7012.T,7012.jp,2009-05-08,1903.56,1912.30,1868.66,1912.30,1655469,https://stooq.com/q/d/l/?s=7012.jp&i=d,2026-03-22T01:59:33+00:00
7012,7012.T,7012.jp,2009-05-11,1929.84,1929.84,1886.20,1912.30,1306533,https://stooq.com/q/d/l/?s=7012.jp&i=d,2026-03-22T01:59:33+00:00
7012,7012.T,7012.jp,2009-05-12,1894.93,1929.84,1851.19,1868.66,1920006,https://stooq.com/q/d/l/?s=7012.jp&i=d,2026-03-22T01:59:33+00:00
7012,7012.T,7012.jp,2009-05-13,1868.66,1886.20,1807.55,1868.66,1234960,https://stooq.com/q/d/l/?s=7012.jp&i=d,2026-03-22T01:59:33+00:00
7012,7012.T,7012.jp,2009-05-14,1825.09,1833.73,1790.08,1798.82,1324398,https://stooq.com/q/d/l/?s=7012.jp&i=d,2026-03-22T01:59:33+00:00
7012,7012.T,7012.jp,2009-05-15,1807.55,1825.09,1781.44,1825.09,969050,https://stooq.com/q/d/l/?s=7012.jp&i=d,2026-03-22T01:59:33+00:00
7012,7012.T,7012.jp,2009-05-18,1816.36,1816.36,1755.17,1763.89,716881,https://stooq.com/q/d/l/?s=7012.jp&i=d,2026-03-22T01:59:33+00:00
7012,7012.T,7012.jp,2009-05-19,1798.82,1825.09,1781.44,1807.55,1017606,https://stooq.com/q/d/l/?s=7012.jp&i=d,2026-03-22T01:59:33+00:00
7012,7012.T,7012.jp,2009-05-20,1807.55,1825.09,1790.08,1807.55,1009473,https://stooq.com/q/d/l/?s=7012.jp&i=d,2026-03-22T01:59:33+00:00
7012,7012.T,7012.jp,2009-05-21,1807.55,1807.55,1781.44,1807.55,833574,https://stooq.com/q/d/l/?s=7012.jp&i=d,2026-03-22T01:59:33+00:00
7012,7012.T,7012.jp,2009-05-22,1781.44,1798.82,1763.89,1798.82,1230379,https://stooq.com/q/d/l/?s=7012.jp&i=d,2026-03-22T01:59:33+00:00
7012,7012.T,7012.jp,2009-05-25,1816.36,1825.09,1781.44,1798.82,1165677,https://stooq.com/q/d/l/?s=7012.jp&i=d,2026-03-22T01:59:33+00:00
7012,7012.T,7012.jp,2009-05-26,1798.82,1816.36,1781.44,1790.08,942480,https://stooq.com/q/d/l/?s=7012.jp&i=d,2026-03-22T01:59:33+00:00
7012,7012.T,7012.jp,2009-05-27,1816.36,1833.73,1807.55,1833.73,1076926,https://stooq.com/q/d/l/?s=7012.jp&i=d,2026-03-22T01:59:33+00:00
7012,7012.T,7012.jp,2009-05-28,1816.36,1851.19,1807.55,1842.56,1469263,https://stooq.com/q/d/l/?s=7012.jp&i=d,2026-03-22T01:59:33+00:00
7012,7012.T,7012.jp,2009-05-29,1851.19,1868.66,1825.09,1860.00,1132924,https://stooq.com/q/d/l/?s=7012.jp&i=d,2026-03-22T01:59:33+00:00
7012,7012.T,7012.jp,2009-06-01,1868.66,1877.46,1842.56,1877.46,1315236,https://stooq.com/q/d/l/?s=7012.jp&i=d,2026-03-22T01:59:33+00:00
7012,7012.T,7012.jp,2009-06-02,1894.93,1947.31,1894.93,1929.84,3175578,https://stooq.com/q/d/l/?s=7012.jp&i=d,2026-03-22T01:59:33+00:00
7012,7012.T,7012.jp,2009-06-03,1912.30,1929.84,1886.20,1903.56,1223851,https://stooq.com/q/d/l/?s=7012.jp&i=d,2026-03-22T01:59:33+00:00
7012,7012.T,7012.jp,2009-06-04,1877.46,1903.56,1860.00,1894.93,1138650,https://stooq.com/q/d/l/?s=7012.jp&i=d,2026-03-22T01:59:33+00:00
7012,7012.T,7012.jp,2009-06-05,1903.56,1903.56,1833.73,1886.20,1336880,https://stooq.com/q/d/l/?s=7012.jp&i=d,2026-03-22T01:59:33+00:00
7012,7012.T,7012.jp,2009-06-08,1886.20,1929.84,1886.20,1903.56,2006581,https://stooq.com/q/d/l/?s=7012.jp&i=d,2026-03-22T01:59:33+00:00
7012,7012.T,7012.jp,2009-06-09,1903.56,1903.56,1868.66,1886.20,732799,https://stooq.com/q/d/l/?s=7012.jp&i=d,2026-03-22T01:59:33+00:00
7012,7012.T,7012.jp,2009-06-10,2017.15,2209.28,2008.42,2183.10,15385813,https://stooq.com/q/d/l/?s=7012.jp&i=d,2026-03-22T01:59:33+00:00
7012,7012.T,7012.jp,2009-06-11,2218.00,2445.06,2218.00,2357.60,15157921,https://stooq.com/q/d/l/?s=7012.jp&i=d,2026-03-22T01:59:33+00:00
7012,7012.T,7012.jp,2009-06-12,2401.43,2436.24,2305.30,2331.48,5813038,https://stooq.com/q/d/l/?s=7012.jp&i=d,2026-03-22T01:59:33+00:00
7012,7012.T,7012.jp,2009-06-15,2305.30,2305.30,2252.84,2279.21,3161951,https://stooq.com/q/d/l/?s=7012.jp&i=d,2026-03-22T01:59:33+00:00
7012,7012.T,7012.jp,2009-06-16,2252.84,2270.38,2200.54,2218.00,2463507,https://stooq.com/q/d/l/?s=7012.jp&i=d,2026-03-22T01:59:33+00:00
7012,7012.T,7012.jp,2009-06-17,2209.28,2427.52,2200.54,2427.52,6876222,https://stooq.com/q/d/l/?s=7012.jp&i=d,2026-03-22T01:59:33+00:00
7012,7012.T,7012.jp,2009-06-18,2418.87,2427.52,2322.75,2427.52,5230257,https://stooq.com/q/d/l/?s=7012.jp&i=d,2026-03-22T01:59:33+00:00
7012,7012.T,7012.jp,2009-06-19,2427.52,2541.09,2305.30,2366.42,9397102,https://stooq.com/q/d/l/?s=7012.jp&i=d,2026-03-22T01:59:33+00:00
7012,7012.T,7012.jp,2009-06-22,2375.13,2427.52,2349.04,2418.87,2175035,https://stooq.com/q/d/l/?s=7012.jp&i=d,2026-03-22T01:59:33+00:00
7012,7012.T,7012.jp,2009-06-23,2331.48,2357.60,2287.86,2287.86,2290928,https://stooq.com/q/d/l/?s=7012.jp&i=d,2026-03-22T01:59:33+00:00
7012,7012.T,7012.jp,2009-06-24,2279.21,2322.75,2235.47,2270.38,1891262,https://stooq.com/q/d/l/?s=7012.jp&i=d,2026-03-22T01:59:33+00:00
7012,7012.T,7012.jp,2009-06-25,2252.84,2392.61,2244.21,2349.04,2567262,https://stooq.com/q/d/l/?s=7012.jp&i=d,2026-03-22T01:59:33+00:00
7012,7012.T,7012.jp,2009-06-26,2349.04,2357.60,2279.21,2331.48,2223020,https://stooq.com/q/d/l/?s=7012.jp&i=d,2026-03-22T01:59:33+00:00
7012,7012.T,7012.jp,2009-06-29,2349.04,2375.13,2252.84,2279.21,2249701,https://stooq.com/q/d/l/?s=7012.jp&i=d,2026-03-22T01:59:33+00:00
7012,7012.T,7012.jp,2009-06-30,2322.75,2366.42,2314.04,2322.75,2291616,https://stooq.com/q/d/l/?s=7012.jp&i=d,2026-03-22T01:59:33+00:00
7012,7012.T,7012.jp,2009-07-01,2296.57,2410.16,2287.86,2357.60,3228944,https://stooq.com/q/d/l/?s=7012.jp&i=d,2026-03-22T01:59:33+00:00
7012,7012.T,7012.jp,2009-07-02,2383.97,2410.16,2340.31,2349.04,2373953,https://stooq.com/q/d/l/?s=7012.jp&i=d,2026-03-22T01:59:33+00:00
7012,7012.T,7012.jp,2009-07-03,2270.38,2322.75,2226.73,2314.04,2241113,https://stooq.com/q/d/l/?s=7012.jp&i=d,2026-03-22T01:59:33+00:00
7012,7012.T,7012.jp,2009-07-06,2296.57,2331.48,2244.21,2270.38,2100487,https://stooq.com/q/d/l/?s=7012.jp&i=d,2026-03-22T01:59:33+00:00
7012,7012.T,7012.jp,2009-07-07,2270.38,2287.86,2165.63,2191.73,2218209,https://stooq.com/q/d/l/?s=7012.jp&i=d,2026-03-22T01:59:33+00:00
7012,7012.T,7012.jp,2009-07-08,2104.53,2139.45,2060.87,2086.98,2221762,https://stooq.com/q/d/l/?s=7012.jp&i=d,2026-03-22T01:59:33+00:00
7012,7012.T,7012.jp,2009-07-09,2043.34,2113.17,2034.59,2078.24,2309135,https://stooq.com/q/d/l/?s=7012.jp&i=d,2026-03-22T01:59:33+00:00
7012,7012.T,7012.jp,2009-07-10,2086.98,2113.17,2008.42,2025.86,1434564,https://stooq.com/q/d/l/?s=7012.jp&i=d,2026-03-22T01:59:33+00:00
7012,7012.T,7012.jp,2009-07-13,1982.22,1990.96,1877.46,1894.93,3115228,https://stooq.com/q/d/l/?s=7012.jp&i=d,2026-03-22T01:59:33+00:00
7012,7012.T,7012.jp,2009-07-14,1947.31,2017.15,1938.58,2017.15,2969331,https://stooq.com/q/d/l/?s=7012.jp&i=d,2026-03-22T01:59:33+00:00
7012,7012.T,7012.jp,2009-07-15,2017.15,2025.86,1947.31,1956.03,1982304,https://stooq.com/q/d/l/?s=7012.jp&i=d,2026-03-22T01:59:33+00:00
7012,7012.T,7012.jp,2009-07-16,2017.15,2034.59,1973.40,1999.78,1628786,https://stooq.com/q/d/l/?s=7012.jp&i=d,2026-03-22T01:59:33+00:00
7012,7012.T,7012.jp,2009-07-17,1999.78,2025.86,1921.11,1982.22,1669899,https://stooq.com/q/d/l/?s=7012.jp&i=d,2026-03-22T01:59:33+00:00
7012,7012.T,7012.jp,2009-07-21,2017.15,2148.09,2017.15,2139.45,3162980,https://stooq.com/q/d/l/?s=7012.jp&i=d,2026-03-22T01:59:33+00:00
7012,7012.T,7012.jp,2009-07-22,2095.71,2156.82,2086.98,2139.45,2296768,https://stooq.com/q/d/l/?s=7012.jp&i=d,2026-03-22T01:59:33+00:00
7012,7012.T,7012.jp,2009-07-23,2165.63,2174.36,2121.99,2139.45,1582065,https://stooq.com/q/d/l/?s=7012.jp&i=d,2026-03-22T01:59:33+00:00
7012,7012.T,7012.jp,2009-07-24,2200.54,2226.73,2156.82,2174.36,1887712,https://stooq.com/q/d/l/?s=7012.jp&i=d,2026-03-22T01:59:33+00:00
7012,7012.T,7012.jp,2009-07-27,2200.54,2209.28,2113.17,2130.62,1875228,https://stooq.com/q/d/l/?s=7012.jp&i=d,2026-03-22T01:59:33+00:00
7012,7012.T,7012.jp,2009-07-28,2165.63,2165.63,2095.71,2121.99,1121700,https://stooq.com/q/d/l/?s=7012.jp&i=d,2026-03-22T01:59:33+00:00
7012,7012.T,7012.jp,2009-07-29,2095.71,2148.09,2086.98,2113.17,1231181,https://stooq.com/q/d/l/?s=7012.jp&i=d,2026-03-22T01:59:33+00:00
7012,7012.T,7012.jp,2009-07-30,2148.09,2148.09,2060.87,2086.98,1590651,https://stooq.com/q/d/l/?s=7012.jp&i=d,2026-03-22T01:59:33+00:00
7012,7012.T,7012.jp,2009-07-31,2104.53,2148.09,2086.98,2130.62,1542898,https://stooq.com/q/d/l/?s=7012.jp&i=d,2026-03-22T01:59:33+00:00
7012,7012.T,7012.jp,2009-08-03,2130.62,2130.62,2078.24,2104.53,1360815,https://stooq.com/q/d/l/?s=7012.jp&i=d,2026-03-22T01:59:33+00:00
7012,7012.T,7012.jp,2009-08-04,2130.62,2174.36,2095.71,2113.17,2115145,https://stooq.com/q/d/l/?s=7012.jp&i=d,2026-03-22T01:59:33+00:00
7012,7012.T,7012.jp,2009-08-05,2130.62,2130.62,2069.61,2078.24,1009933,https://stooq.com/q/d/l/?s=7012.jp&i=d,2026-03-22T01:59:33+00:00
7012,7012.T,7012.jp,2009-08-06,2078.24,2139.45,2060.87,2121.99,1273896,https://stooq.com/q/d/l/?s=7012.jp&i=d,2026-03-22T01:59:33+00:00
7012,7012.T,7012.jp,2009-08-07,2095.71,2104.53,2052.06,2086.98,1272405,https://stooq.com/q/d/l/?s=7012.jp&i=d,2026-03-22T01:59:33+00:00
7012,7012.T,7012.jp,2009-08-10,2113.17,2156.82,2104.53,2148.09,1416699,https://stooq.com/q/d/l/?s=7012.jp&i=d,2026-03-22T01:59:33+00:00
7012,7012.T,7012.jp,2009-08-11,2156.82,2200.54,2130.62,2174.36,1588133,https://stooq.com/q/d/l/?s=7012.jp&i=d,2026-03-22T01:59:33+00:00
7012,7012.T,7012.jp,2009-08-12,2165.63,2183.10,2130.62,2148.09,1143803,https://stooq.com/q/d/l/?s=7012.jp&i=d,2026-03-22T01:59:33+00:00
7012,7012.T,7012.jp,2009-08-13,2218.00,2314.04,2209.28,2296.57,4718478,https://stooq.com/q/d/l/?s=7012.jp&i=d,2026-03-22T01:59:33+00:00
7012,7012.T,7012.jp,2009-08-14,2287.86,2305.30,2252.84,2279.21,2060632,https://stooq.com/q/d/l/?s=7012.jp&i=d,2026-03-22T01:59:33+00:00
7012,7012.T,7012.jp,2009-08-17,2279.21,2305.30,2191.73,2209.28,2218667,https://stooq.com/q/d/l/?s=7012.jp&i=d,2026-03-22T01:59:33+00:00
7012,7012.T,7012.jp,2009-08-18,2165.63,2218.00,2156.82,2218.00,1700818,https://stooq.com/q/d/l/?s=7012.jp&i=d,2026-03-22T01:59:33+00:00
7012,7012.T,7012.jp,2009-08-19,2209.28,2218.00,2165.63,2183.10,1345584,https://stooq.com/q/d/l/?s=7012.jp&i=d,2026-03-22T01:59:33+00:00
7012,7012.T,7012.jp,2009-08-20,2174.36,2200.54,2121.99,2191.73,2025590,https://stooq.com/q/d/l/?s=7012.jp&i=d,2026-03-22T01:59:33+00:00
7012,7012.T,7012.jp,2009-08-21,2174.36,2191.73,2121.99,2148.09,1690626,https://stooq.com/q/d/l/?s=7012.jp&i=d,2026-03-22T01:59:33+00:00
7012,7012.T,7012.jp,2009-08-24,2174.36,2200.54,2165.63,2191.73,918088,https://stooq.com/q/d/l/?s=7012.jp&i=d,2026-03-22T01:59:33+00:00
7012,7012.T,7012.jp,2009-08-25,2183.10,2218.00,2165.63,2200.54,1504880,https://stooq.com/q/d/l/?s=7012.jp&i=d,2026-03-22T01:59:33+00:00
7012,7012.T,7012.jp,2009-08-26,2209.28,2218.00,2165.63,2209.28,1972454,https://stooq.com/q/d/l/?s=7012.jp&i=d,2026-03-22T01:59:33+00:00
7012,7012.T,7012.jp,2009-08-27,2183.10,2209.28,2121.99,2139.45,2329292,https://stooq.com/q/d/l/?s=7012.jp&i=d,2026-03-22T01:59:33+00:00
7012,7012.T,7012.jp,2009-08-28,2183.10,2209.28,2121.99,2139.45,2364793,https://stooq.com/q/d/l/?s=7012.jp&i=d,2026-03-22T01:59:33+00:00
7012,7012.T,7012.jp,2009-08-31,2148.09,2174.36,2104.53,2156.82,2309135,https://stooq.com/q/d/l/?s=7012.jp&i=d,2026-03-22T01:59:33+00:00
7012,7012.T,7012.jp,2009-09-01,2139.45,2183.10,2130.62,2183.10,1402843,https://stooq.com/q/d/l/?s=7012.jp&i=d,2026-03-22T01:59:33+00:00
7012,7012.T,7012.jp,2009-09-02,2139.45,2156.82,2121.99,2139.45,1307679,https://stooq.com/q/d/l/?s=7012.jp&i=d,2026-03-22T01:59:33+00:00
7012,7012.T,7012.jp,2009-09-03,2130.62,2130.62,2086.98,2095.71,1387383,https://stooq.com/q/d/l/?s=7012.jp&i=d,2026-03-22T01:59:33+00:00
7012,7012.T,7012.jp,2009-09-04,2086.98,2095.71,2017.15,2025.86,1377078,https://stooq.com/q/d/l/?s=7012.jp&i=d,2026-03-22T01:59:33+00:00
7012,7012.T,7012.jp,2009-09-07,2034.59,2095.71,2034.59,2086.98,1235188,https://stooq.com/q/d/l/?s=7012.jp&i=d,2026-03-22T01:59:33+00:00
7012,7012.T,7012.jp,2009-09-08,2078.24,2086.98,2017.15,2060.87,1615389,https://stooq.com/q/d/l/?s=7012.jp&i=d,2026-03-22T01:59:33+00:00
7012,7012.T,7012.jp,2009-09-09,2043.34,2060.87,2017.15,2043.34,1158806,https://stooq.com/q/d/l/?s=7012.jp&i=d,2026-03-22T01:59:33+00:00
7012,7012.T,7012.jp,2009-09-10,2052.06,2130.62,2034.59,2121.99,1827704,https://stooq.com/q/d/l/?s=7012.jp&i=d,2026-03-22T01:59:33+00:00
7012,7012.T,7012.jp,2009-09-11,2148.09,2148.09,2086.98,2095.71,1825299,https://stooq.com/q/d/l/?s=7012.jp&i=d,2026-03-22T01:59:33+00:00
7012,7012.T,7012.jp,2009-09-14,2086.98,2086.98,1999.78,2025.86,1193847,https://stooq.com/q/d/l/?s=7012.jp&i=d,2026-03-22T01:59:33+00:00
7012,7012.T,7012.jp,2009-09-15,1990.96,2025.86,1982.22,2008.42,1447504,https://stooq.com/q/d/l/?s=7012.jp&i=d,2026-03-22T01:59:33+00:00
7012,7012.T,7012.jp,2009-09-16,2008.42,2025.86,1982.22,1999.78,917287,https://stooq.com/q/d/l/?s=7012.jp&i=d,2026-03-22T01:59:33+00:00
7012,7012.T,7012.jp,2009-09-17,2008.42,2043.34,1990.96,2043.34,1438800,https://stooq.com/q/d/l/?s=7012.jp&i=d,2026-03-22T01:59:33+00:00
7012,7012.T,7012.jp,2009-09-18,2043.34,2043.34,1990.96,2017.15,1171174,https://stooq.com/q/d/l/?s=7012.jp&i=d,2026-03-22T01:59:33+00:00
7012,7012.T,7012.jp,2009-09-24,2043.34,2104.53,2025.86,2078.24,1472128,https://stooq.com/q/d/l/?s=7012.jp&i=d,2026-03-22T01:59:33+00:00
7012,7012.T,7012.jp,2009-09-25,2052.06,2052.06,2017.15,2017.15,650577,https://stooq.com/q/d/l/?s=7012.jp&i=d,2026-03-22T01:59:33+00:00
7012,7012.T,7012.jp,2009-09-28,1982.22,1990.96,1886.20,1921.11,2780150,https://stooq.com/q/d/l/?s=7012.jp&i=d,2026-03-22T01:59:33+00:00
7012,7012.T,7012.jp,2009-09-29,1929.84,1956.03,1929.84,1947.31,1225912,https://stooq.com/q/d/l/?s=7012.jp&i=d,2026-03-22T01:59:33+00:00
7012,7012.T,7012.jp,2009-09-30,1956.03,2008.42,1938.58,1990.96,993328,https://stooq.com/q/d/l/?s=7012.jp&i=d,2026-03-22T01:59:33+00:00
7012,7012.T,7012.jp,2009-10-01,1964.77,1973.40,1912.30,1912.30,952101,https://stooq.com/q/d/l/?s=7012.jp&i=d,2026-03-22T01:59:33+00:00
7012,7012.T,7012.jp,2009-10-02,1842.56,1868.66,1798.82,1868.66,2282914,https://stooq.com/q/d/l/?s=7012.jp&i=d,2026-03-22T01:59:33+00:00
7012,7012.T,7012.jp,2009-10-05,1912.30,1982.22,1886.20,1903.56,2916770,https://stooq.com/q/d/l/?s=7012.jp&i=d,2026-03-22T01:59:33+00:00
7012,7012.T,7012.jp,2009-10-06,1938.58,1964.77,1912.30,1938.58,1197971,https://stooq.com/q/d/l/?s=7012.jp&i=d,2026-03-22T01:59:33+00:00
7012,7012.T,7012.jp,2009-10-07,1938.58,2008.42,1921.11,1990.96,1518736,https://stooq.com/q/d/l/?s=7012.jp&i=d,2026-03-22T01:59:33+00:00
7012,7012.T,7012.jp,2009-10-08,1999.78,2008.42,1947.31,1973.40,1244351,https://stooq.com/q/d/l/?s=7012.jp&i=d,2026-03-22T01:59:33+00:00
7012,7012.T,7012.jp,2009-10-09,1990.96,2025.86,1982.22,2017.15,1228891,https://stooq.com/q/d/l/?s=7012.jp&i=d,2026-03-22T01:59:33+00:00
7012,7012.T,7012.jp,2009-10-13,2017.15,2069.61,2008.42,2034.59,1098569,https://stooq.com/q/d/l/?s=7012.jp&i=d,2026-03-22T01:59:33+00:00
7012,7012.T,7012.jp,2009-10-14,2017.15,2025.86,1947.31,1973.40,1122504,https://stooq.com/q/d/l/?s=7012.jp&i=d,2026-03-22T01:59:33+00:00
7012,7012.T,7012.jp,2009-10-15,2008.42,2025.86,1956.03,1973.40,1462622,https://stooq.com/q/d/l/?s=7012.jp&i=d,2026-03-22T01:59:33+00:00
7012,7012.T,7012.jp,2009-10-16,1982.22,1982.22,1921.11,1947.31,1438688,https://stooq.com/q/d/l/?s=7012.jp&i=d,2026-03-22T01:59:33+00:00
7012,7012.T,7012.jp,2009-10-19,1947.31,1982.22,1912.30,1982.22,1340888,https://stooq.com/q/d/l/?s=7012.jp&i=d,2026-03-22T01:59:33+00:00
7012,7012.T,7012.jp,2009-10-20,1973.40,1999.78,1956.03,1973.40,863578,https://stooq.com/q/d/l/?s=7012.jp&i=d,2026-03-22T01:59:33+00:00
7012,7012.T,7012.jp,2009-10-21,1956.03,1964.77,1921.11,1947.31,882245,https://stooq.com/q/d/l/?s=7012.jp&i=d,2026-03-22T01:59:33+00:00
7012,7012.T,7012.jp,2009-10-22,1938.58,1956.03,1912.30,1947.31,887397,https://stooq.com/q/d/l/?s=7012.jp&i=d,2026-03-22T01:59:33+00:00
7012,7012.T,7012.jp,2009-10-23,1973.40,2034.59,1964.77,2008.42,2126251,https://stooq.com/q/d/l/?s=7012.jp&i=d,2026-03-22T01:59:33+00:00
7012,7012.T,7012.jp,2009-10-26,2139.45,2148.09,2095.71,2095.71,3826497,https://stooq.com/q/d/l/?s=7012.jp&i=d,2026-03-22T01:59:33+00:00
7012,7012.T,7012.jp,2009-10-27,2086.98,2095.71,2034.59,2060.87,1506481,https://stooq.com/q/d/l/?s=7012.jp&i=d,2026-03-22T01:59:33+00:00
7012,7012.T,7012.jp,2009-10-28,2043.34,2052.06,1982.22,2008.42,1376161,https://stooq.com/q/d/l/?s=7012.jp&i=d,2026-03-22T01:59:33+00:00
7012,7012.T,7012.jp,2009-10-29,1964.77,2008.42,1947.31,1999.78,1929282,https://stooq.com/q/d/l/?s=7012.jp&i=d,2026-03-22T01:59:33+00:00
7012,7012.T,7012.jp,2009-10-30,2008.42,2017.15,1982.22,2017.15,1296800,https://stooq.com/q/d/l/?s=7012.jp&i=d,2026-03-22T01:59:33+00:00
7012,7012.T,7012.jp,2009-11-02,1973.40,1973.40,1921.11,1938.58,1933060,https://stooq.com/q/d/l/?s=7012.jp&i=d,2026-03-22T01:59:33+00:00
7012,7012.T,7012.jp,2009-11-04,1938.58,1964.77,1903.56,1947.31,1070627,https://stooq.com/q/d/l/?s=7012.jp&i=d,2026-03-22T01:59:33+00:00
7012,7012.T,7012.jp,2009-11-05,1947.31,1956.03,1903.56,1912.30,1272178,https://stooq.com/q/d/l/?s=7012.jp&i=d,2026-03-22T01:59:33+00:00
7012,7012.T,7012.jp,2009-11-06,1929.84,1947.31,1886.20,1894.93,1285463,https://stooq.com/q/d/l/?s=7012.jp&i=d,2026-03-22T01:59:33+00:00
7012,7012.T,7012.jp,2009-11-09,1912.30,1938.58,1877.46,1912.30,1346730,https://stooq.com/q/d/l/?s=7012.jp&i=d,2026-03-22T01:59:33+00:00
7012,7012.T,7012.jp,2009-11-10,1938.58,1956.03,1877.46,1886.20,2194961,https://stooq.com/q/d/l/?s=7012.jp&i=d,2026-03-22T01:59:33+00:00
7012,7012.T,7012.jp,2009-11-11,1903.56,1912.30,1877.46,1894.93,994014,https://stooq.com/q/d/l/?s=7012.jp&i=d,2026-03-22T01:59:33+00:00
7012,7012.T,7012.jp,2009-11-12,1894.93,1903.56,1851.19,1868.66,902857,https://stooq.com/q/d/l/?s=7012.jp&i=d,2026-03-22T01:59:33+00:00
7012,7012.T,7012.jp,2009-11-13,1842.56,1868.66,1816.36,1851.19,1162814,https://stooq.com/q/d/l/?s=7012.jp&i=d,2026-03-22T01:59:33+00:00
7012,7012.T,7012.jp,2009-11-16,1842.56,1860.00,1798.82,1807.55,1180680,https://stooq.com/q/d/l/?s=7012.jp&i=d,2026-03-22T01:59:33+00:00
7012,7012.T,7012.jp,2009-11-17,1816.36,1825.09,1763.89,1781.44,993097,https://stooq.com/q/d/l/?s=7012.jp&i=d,2026-03-22T01:59:33+00:00
7012,7012.T,7012.jp,2009-11-18,1790.08,1842.56,1790.08,1798.82,2100829,https://stooq.com/q/d/l/?s=7012.jp&i=d,2026-03-22T01:59:33+00:00
7012,7012.T,7012.jp,2009-11-19,1807.55,1816.36,1737.71,1763.89,1571759,https://stooq.com/q/d/l/?s=7012.jp&i=d,2026-03-22T01:59:33+00:00
7012,7012.T,7012.jp,2009-11-20,1737.71,1763.89,1728.98,1763.89,1450025,https://stooq.com/q/d/l/?s=7012.jp&i=d,2026-03-22T01:59:33+00:00
7012,7012.T,7012.jp,2009-11-24,1833.73,1833.73,1763.89,1763.89,1660965,https://stooq.com/q/d/l/?s=7012.jp&i=d,2026-03-22T01:59:33+00:00
7012,7012.T,7012.jp,2009-11-25,1798.82,1851.19,1790.08,1833.73,2121900,https://stooq.com/q/d/l/?s=7012.jp&i=d,2026-03-22T01:59:33+00:00
7012,7012.T,7012.jp,2009-11-26,1798.82,1868.66,1781.44,1842.56,2279593,https://stooq.com/q/d/l/?s=7012.jp&i=d,2026-03-22T01:59:33+00:00
7012,7012.T,7012.jp,2009-11-27,1798.82,1807.55,1763.89,1772.63,1768268,https://stooq.com/q/d/l/?s=7012.jp&i=d,2026-03-22T01:59:33+00:00
7012,7012.T,7012.jp,2009-11-30,1772.63,1842.56,1772.63,1833.73,1125824,https://stooq.com/q/d/l/?s=7012.jp&i=d,2026-03-22T01:59:33+00:00
7012,7012.T,7012.jp,2009-12-01,1833.73,1912.30,1825.09,1894.93,2137360,https://stooq.com/q/d/l/?s=7012.jp&i=d,2026-03-22T01:59:33+00:00
7012,7012.T,7012.jp,2009-12-02,1886.20,1912.30,1877.46,1886.20,1338943,https://stooq.com/q/d/l/?s=7012.jp&i=d,2026-03-22T01:59:33+00:00
7012,7012.T,7012.jp,2009-12-03,1921.11,1973.40,1903.56,1964.77,1942680,https://stooq.com/q/d/l/?s=7012.jp&i=d,2026-03-22T01:59:33+00:00
7012,7012.T,7012.jp,2009-12-04,1973.40,1990.96,1947.31,1982.22,1402156,https://stooq.com/q/d/l/?s=7012.jp&i=d,2026-03-22T01:59:33+00:00
7012,7012.T,7012.jp,2009-12-07,2008.42,2043.34,2008.42,2017.15,1266451,https://stooq.com/q/d/l/?s=7012.jp&i=d,2026-03-22T01:59:33+00:00
7012,7012.T,7012.jp,2009-12-08,1990.96,2017.15,1982.22,2017.15,901599,https://stooq.com/q/d/l/?s=7012.jp&i=d,2026-03-22T01:59:33+00:00
7012,7012.T,7012.jp,2009-12-09,1982.22,1999.78,1964.77,1999.78,927252,https://stooq.com/q/d/l/?s=7012.jp&i=d,2026-03-22T01:59:33+00:00
7012,7012.T,7012.jp,2009-12-10,1956.03,1990.96,1912.30,1929.84,1642071,https://stooq.com/q/d/l/?s=7012.jp&i=d,2026-03-22T01:59:33+00:00
7012,7012.T,7012.jp,2009-12-11,1964.77,2069.61,1938.58,2052.06,2956393,https://stooq.com/q/d/l/?s=7012.jp&i=d,2026-03-22T01:59:33+00:00
7012,7012.T,7012.jp,2009-12-14,2060.87,2069.61,2008.42,2034.59,1796670,https://stooq.com/q/d/l/?s=7012.jp&i=d,2026-03-22T01:59:33+00:00
7012,7012.T,7012.jp,2009-12-15,2043.34,2069.61,2025.86,2034.59,1670013,https://stooq.com/q/d/l/?s=7012.jp&i=d,2026-03-22T01:59:33+00:00
7012,7012.T,7012.jp,2009-12-16,2069.61,2078.24,2034.59,2052.06,1429182,https://stooq.com/q/d/l/?s=7012.jp&i=d,2026-03-22T01:59:33+00:00
7012,7012.T,7012.jp,2009-12-17,2043.34,2060.87,1999.78,2025.86,1562251,https://stooq.com/q/d/l/?s=7012.jp&i=d,2026-03-22T01:59:33+00:00
7012,7012.T,7012.jp,2009-12-18,1982.22,2017.15,1964.77,2008.42,1402501,https://stooq.com/q/d/l/?s=7012.jp&i=d,2026-03-22T01:59:33+00:00
7012,7012.T,7012.jp,2009-12-21,2008.42,2017.15,1982.22,1999.78,551287,https://stooq.com/q/d/l/?s=7012.jp&i=d,2026-03-22T01:59:33+00:00
7012,7012.T,7012.jp,2009-12-22,1999.78,2052.06,1990.96,2043.34,860028,https://stooq.com/q/d/l/?s=7012.jp&i=d,2026-03-22T01:59:33+00:00
7012,7012.T,7012.jp,2009-12-24,2052.06,2060.87,2025.86,2060.87,1278133,https://stooq.com/q/d/l/?s=7012.jp&i=d,2026-03-22T01:59:33+00:00
7012,7012.T,7012.jp,2009-12-25,2060.87,2060.87,2025.86,2043.34,705313,https://stooq.com/q/d/l/?s=7012.jp&i=d,2026-03-22T01:59:33+00:00
7012,7012.T,7012.jp,2009-12-28,2043.34,2086.98,2034.59,2060.87,919464,https://stooq.com/q/d/l/?s=7012.jp&i=d,2026-03-22T01:59:33+00:00
7012,7012.T,7012.jp,2009-12-29,2069.61,2078.24,2043.34,2060.87,697298,https://stooq.com/q/d/l/?s=7012.jp&i=d,2026-03-22T01:59:33+00:00
7012,7012.T,7012.jp,2009-12-30,2060.87,2069.61,2025.86,2043.34,805863,https://stooq.com/q/d/l/?s=7012.jp&i=d,2026-03-22T01:59:33+00:00
7012,7012.T,7012.jp,2010-01-04,2034.59,2060.87,2034.59,2043.34,284463,https://stooq.com/q/d/l/?s=7012.jp&i=d,2026-03-22T01:59:33+00:00
7012,7012.T,7012.jp,2010-01-05,2069.61,2121.99,2060.87,2086.98,1399522,https://stooq.com/q/d/l/?s=7012.jp&i=d,2026-03-22T01:59:33+00:00
7012,7012.T,7012.jp,2010-01-06,2086.98,2095.71,2060.87,2086.98,602248,https://stooq.com/q/d/l/?s=7012.jp&i=d,2026-03-22T01:59:33+00:00
7012,7012.T,7012.jp,2010-01-07,2078.24,2121.99,2078.24,2086.98,1033753,https://stooq.com/q/d/l/?s=7012.jp&i=d,2026-03-22T01:59:33+00:00
7012,7012.T,7012.jp,2010-01-08,2121.99,2165.63,2113.17,2156.82,1543585,https://stooq.com/q/d/l/?s=7012.jp&i=d,2026-03-22T01:59:33+00:00
7012,7012.T,7012.jp,2010-01-12,2183.10,2235.47,2174.36,2218.00,2063382,https://stooq.com/q/d/l/?s=7012.jp&i=d,2026-03-22T01:59:33+00:00
7012,7012.T,7012.jp,2010-01-13,2209.28,2252.84,2200.54,2226.73,1742731,https://stooq.com/q/d/l/?s=7012.jp&i=d,2026-03-22T01:59:33+00:00
7012,7012.T,7012.jp,2010-01-14,2244.21,2287.86,2235.47,2270.38,1319474,https://stooq.com/q/d/l/?s=7012.jp&i=d,2026-03-22T01:59:33+00:00
7012,7012.T,7012.jp,2010-01-15,2270.38,2279.21,2244.21,2270.38,850065,https://stooq.com/q/d/l/?s=7012.jp&i=d,2026-03-22T01:59:33+00:00
7012,7012.T,7012.jp,2010-01-18,2235.47,2252.84,2218.00,2235.47,826017,https://stooq.com/q/d/l/?s=7012.jp&i=d,2026-03-22T01:59:33+00:00
7012,7012.T,7012.jp,2010-01-19,2226.73,2235.47,2174.36,2191.73,758221,https://stooq.com/q/d/l/?s=7012.jp&i=d,2026-03-22T01:59:33+00:00
7012,7012.T,7012.jp,2010-01-20,2226.73,2235.47,2174.36,2174.36,483265,https://stooq.com/q/d/l/?s=7012.jp&i=d,2026-03-22T01:59:33+00:00
7012,7012.T,7012.jp,2010-01-21,2156.82,2218.00,2148.09,2200.54,976837,https://stooq.com/q/d/l/?s=7012.jp&i=d,2026-03-22T01:59:33+00:00
7012,7012.T,7012.jp,2010-01-22,2174.36,2183.10,2148.09,2165.63,1167509,https://stooq.com/q/d/l/?s=7012.jp&i=d,2026-03-22T01:59:33+00:00
7012,7012.T,7012.jp,2010-01-25,2130.62,2183.10,2121.99,2174.36,1037074,https://stooq.com/q/d/l/?s=7012.jp&i=d,2026-03-22T01:59:33+00:00
7012,7012.T,7012.jp,2010-01-26,2174.36,2226.73,2086.98,2095.71,2205268,https://stooq.com/q/d/l/?s=7012.jp&i=d,2026-03-22T01:59:33+00:00
7012,7012.T,7012.jp,2010-01-27,2104.53,2104.53,2034.59,2052.06,1666463,https://stooq.com/q/d/l/?s=7012.jp&i=d,2026-03-22T01:59:33+00:00
7012,7012.T,7012.jp,2010-01-28,2060.87,2121.99,2060.87,2086.98,946831,https://stooq.com/q/d/l/?s=7012.jp&i=d,2026-03-22T01:59:33+00:00
7012,7012.T,7012.jp,2010-01-29,2095.71,2095.71,2034.59,2034.59,1017491,https://stooq.com/q/d/l/?s=7012.jp&i=d,2026-03-22T01:59:33+00:00
7012,7012.T,7012.jp,2010-02-01,2017.15,2025.86,1938.58,2008.42,1454376,https://stooq.com/q/d/l/?s=7012.jp&i=d,2026-03-22T01:59:33+00:00
7012,7012.T,7012.jp,2010-02-02,2052.06,2069.61,2017.15,2034.59,807350,https://stooq.com/q/d/l/?s=7012.jp&i=d,2026-03-22T01:59:33+00:00
7012,7012.T,7012.jp,2010-02-03,2052.06,2078.24,2043.34,2060.87,617595,https://stooq.com/q/d/l/?s=7012.jp&i=d,2026-03-22T01:59:33+00:00
7012,7012.T,7012.jp,2010-02-04,2086.98,2095.71,2052.06,2078.24,883734,https://stooq.com/q/d/l/?s=7012.jp&i=d,2026-03-22T01:59:33+00:00
7012,7012.T,7012.jp,2010-02-05,2025.86,2052.06,2017.15,2025.86,734173,https://stooq.com/q/d/l/?s=7012.jp&i=d,2026-03-22T01:59:33+00:00
7012,7012.T,7012.jp,2010-02-08,2025.86,2043.34,2017.15,2034.59,711614,https://stooq.com/q/d/l/?s=7012.jp&i=d,2026-03-22T01:59:33+00:00
7012,7012.T,7012.jp,2010-02-09,2017.15,2095.71,2008.42,2069.61,1552287,https://stooq.com/q/d/l/?s=7012.jp&i=d,2026-03-22T01:59:33+00:00
7012,7012.T,7012.jp,2010-02-10,2069.61,2113.17,2060.87,2086.98,1191557,https://stooq.com/q/d/l/?s=7012.jp&i=d,2026-03-22T01:59:33+00:00
7012,7012.T,7012.jp,2010-02-12,2113.17,2113.17,2043.34,2069.61,1211141,https://stooq.com/q/d/l/?s=7012.jp&i=d,2026-03-22T01:59:33+00:00
7012,7012.T,7012.jp,2010-02-15,2043.34,2060.87,2025.86,2043.34,487158,https://stooq.com/q/d/l/?s=7012.jp&i=d,2026-03-22T01:59:33+00:00
7012,7012.T,7012.jp,2010-02-16,2034.59,2043.34,2025.86,2025.86,308624,https://stooq.com/q/d/l/?s=7012.jp&i=d,2026-03-22T01:59:33+00:00
7012,7012.T,7012.jp,2010-02-17,2043.34,2060.87,2025.86,2060.87,706688,https://stooq.com/q/d/l/?s=7012.jp&i=d,2026-03-22T01:59:33+00:00
7012,7012.T,7012.jp,2010-02-18,2069.61,2078.24,2043.34,2052.06,558617,https://stooq.com/q/d/l/?s=7012.jp&i=d,2026-03-22T01:59:33+00:00
7012,7012.T,7012.jp,2010-02-19,2034.59,2052.06,1973.40,1990.96,784218,https://stooq.com/q/d/l/?s=7012.jp&i=d,2026-03-22T01:59:33+00:00
7012,7012.T,7012.jp,2010-02-22,2025.86,2060.87,2017.15,2043.34,727187,https://stooq.com/q/d/l/?s=7012.jp&i=d,2026-03-22T01:59:33+00:00
7012,7012.T,7012.jp,2010-02-23,2025.86,2034.59,1990.96,2017.15,996991,https://stooq.com/q/d/l/?s=7012.jp&i=d,2026-03-22T01:59:33+00:00
7012,7012.T,7012.jp,2010-02-24,1999.78,2017.15,1990.96,2008.42,437227,https://stooq.com/q/d/l/?s=7012.jp&i=d,2026-03-22T01:59:33+00:00
7012,7012.T,7012.jp,2010-02-25,2008.42,2017.15,1973.40,1990.96,731080,https://stooq.com/q/d/l/?s=7012.jp&i=d,2026-03-22T01:59:33+00:00
7012,7012.T,7012.jp,2010-02-26,1990.96,2008.42,1973.40,2008.42,465972,https://stooq.com/q/d/l/?s=7012.jp&i=d,2026-03-22T01:59:33+00:00
7012,7012.T,7012.jp,2010-03-01,2008.42,2034.59,1999.78,2017.15,391078,https://stooq.com/q/d/l/?s=7012.jp&i=d,2026-03-22T01:59:33+00:00
7012,7012.T,7012.jp,2010-03-02,2034.59,2060.87,2025.86,2043.34,703598,https://stooq.com/q/d/l/?s=7012.jp&i=d,2026-03-22T01:59:33+00:00
7012,7012.T,7012.jp,2010-03-03,2034.59,2043.34,1999.78,2017.15,725126,https://stooq.com/q/d/l/?s=7012.jp&i=d,2026-03-22T01:59:33+00:00
7012,7012.T,7012.jp,2010-03-04,1990.96,2017.15,1973.40,1973.40,1001459,https://stooq.com/q/d/l/?s=7012.jp&i=d,2026-03-22T01:59:33+00:00
7012,7012.T,7012.jp,2010-03-05,1982.22,2017.15,1982.22,1999.78,1207477,https://stooq.com/q/d/l/?s=7012.jp&i=d,2026-03-22T01:59:33+00:00
7012,7012.T,7012.jp,2010-03-08,2043.34,2086.98,2034.59,2078.24,1333100,https://stooq.com/q/d/l/?s=7012.jp&i=d,2026-03-22T01:59:33+00:00
7012,7012.T,7012.jp,2010-03-09,2078.24,2086.98,2069.61,2078.24,452575,https://stooq.com/q/d/l/?s=7012.jp&i=d,2026-03-22T01:59:33+00:00
7012,7012.T,7012.jp,2010-03-10,2069.61,2095.71,2069.61,2069.61,304274,https://stooq.com/q/d/l/?s=7012.jp&i=d,2026-03-22T01:59:33+00:00
7012,7012.T,7012.jp,2010-03-11,2086.98,2113.17,2078.24,2113.17,718140,https://stooq.com/q/d/l/?s=7012.jp&i=d,2026-03-22T01:59:33+00:00
7012,7012.T,7012.jp,2010-03-12,2139.45,2139.45,2113.17,2130.62,1002832,https://stooq.com/q/d/l/?s=7012.jp&i=d,2026-03-22T01:59:33+00:00
7012,7012.T,7012.jp,2010-03-15,2130.62,2139.45,2113.17,2130.62,389017,https://stooq.com/q/d/l/?s=7012.jp&i=d,2026-03-22T01:59:33+00:00
7012,7012.T,7012.jp,2010-03-16,2121.99,2148.09,2113.17,2130.62,492998,https://stooq.com/q/d/l/?s=7012.jp&i=d,2026-03-22T01:59:33+00:00
7012,7012.T,7012.jp,2010-03-17,2148.09,2148.09,2130.62,2148.09,387528,https://stooq.com/q/d/l/?s=7012.jp&i=d,2026-03-22T01:59:33+00:00
7012,7012.T,7012.jp,2010-03-18,2156.82,2156.82,2078.24,2086.98,1200606,https://stooq.com/q/d/l/?s=7012.jp&i=d,2026-03-22T01:59:33+00:00
7012,7012.T,7012.jp,2010-03-19,2104.53,2130.62,2095.71,2130.62,750893,https://stooq.com/q/d/l/?s=7012.jp&i=d,2026-03-22T01:59:33+00:00
7012,7012.T,7012.jp,2010-03-23,2148.09,2156.82,2130.62,2148.09,507771,https://stooq.com/q/d/l/?s=7012.jp&i=d,2026-03-22T01:59:33+00:00
7012,7012.T,7012.jp,2010-03-24,2156.82,2174.36,2148.09,2165.63,526438,https://stooq.com/q/d/l/?s=7012.jp&i=d,2026-03-22T01:59:33+00:00
7012,7012.T,7012.jp,2010-03-25,2183.10,2218.00,2174.36,2200.54,1303440,https://stooq.com/q/d/l/?s=7012.jp&i=d,2026-03-22T01:59:33+00:00
7012,7012.T,7012.jp,2010-03-26,2218.00,2279.21,2218.00,2252.84,1894124,https://stooq.com/q/d/l/?s=7012.jp&i=d,2026-03-22T01:59:33+00:00
7012,7012.T,7012.jp,2010-03-29,2226.73,2270.38,2226.73,2261.67,614732,https://stooq.com/q/d/l/?s=7012.jp&i=d,2026-03-22T01:59:33+00:00
7012,7012.T,7012.jp,2010-03-30,2261.67,2279.21,2252.84,2270.38,600874,https://stooq.com/q/d/l/?s=7012.jp&i=d,2026-03-22T01:59:33+00:00
7012,7012.T,7012.jp,2010-03-31,2279.21,2287.86,2244.21,2252.84,711957,https://stooq.com/q/d/l/?s=7012.jp&i=d,2026-03-22T01:59:33+00:00
7012,7012.T,7012.jp,2010-04-01,2261.67,2261.67,2226.73,2252.84,886826,https://stooq.com/q/d/l/?s=7012.jp&i=d,2026-03-22T01:59:33+00:00
7012,7012.T,7012.jp,2010-04-02,2270.38,2270.38,2244.21,2270.38,739669,https://stooq.com/q/d/l/?s=7012.jp&i=d,2026-03-22T01:59:33+00:00
7012,7012.T,7012.jp,2010-04-05,2296.57,2322.75,2287.86,2314.04,1183885,https://stooq.com/q/d/l/?s=7012.jp&i=d,2026-03-22T01:59:33+00:00
7012,7012.T,7012.jp,2010-04-06,2305.30,2305.30,2244.21,2261.67,830026,https://stooq.com/q/d/l/?s=7012.jp&i=d,2026-03-22T01:59:33+00:00
7012,7012.T,7012.jp,2010-04-07,2261.67,2261.67,2226.73,2252.84,676572,https://stooq.com/q/d/l/?s=7012.jp&i=d,2026-03-22T01:59:33+00:00
7012,7012.T,7012.jp,2010-04-08,2235.47,2244.21,2218.00,2235.47,472501,https://stooq.com/q/d/l/?s=7012.jp&i=d,2026-03-22T01:59:33+00:00
7012,7012.T,7012.jp,2010-04-09,2226.73,2270.38,2226.73,2252.84,916027,https://stooq.com/q/d/l/?s=7012.jp&i=d,2026-03-22T01:59:33+00:00
7012,7012.T,7012.jp,2010-04-12,2270.38,2279.21,2244.21,2244.21,541440,https://stooq.com/q/d/l/?s=7012.jp&i=d,2026-03-22T01:59:33+00:00
7012,7012.T,7012.jp,2010-04-13,2244.21,2252.84,2226.73,2226.73,350996,https://stooq.com/q/d/l/?s=7012.jp&i=d,2026-03-22T01:59:33+00:00
7012,7012.T,7012.jp,2010-04-14,2261.67,2296.57,2244.21,2252.84,1317757,https://stooq.com/q/d/l/?s=7012.jp&i=d,2026-03-22T01:59:33+00:00
7012,7012.T,7012.jp,2010-04-15,2305.30,2340.31,2305.30,2331.48,1942337,https://stooq.com/q/d/l/?s=7012.jp&i=d,2026-03-22T01:59:33+00:00
7012,7012.T,7012.jp,2010-04-16,2322.75,2349.04,2305.30,2331.48,1240686,https://stooq.com/q/d/l/?s=7012.jp&i=d,2026-03-22T01:59:33+00:00
7012,7012.T,7012.jp,2010-04-19,2296.57,2314.04,2287.86,2296.57,682641,https://stooq.com/q/d/l/?s=7012.jp&i=d,2026-03-22T01:59:33+00:00
7012,7012.T,7012.jp,2010-04-20,2314.04,2357.60,2296.57,2314.04,1734486,https://stooq.com/q/d/l/?s=7012.jp&i=d,2026-03-22T01:59:33+00:00
7012,7012.T,7012.jp,2010-04-21,2366.42,2418.87,2357.60,2401.43,1945886,https://stooq.com/q/d/l/?s=7012.jp&i=d,2026-03-22T01:59:33+00:00
7012,7012.T,7012.jp,2010-04-22,2349.04,2471.16,2340.31,2436.24,6012070,https://stooq.com/q/d/l/?s=7012.jp&i=d,2026-03-22T01:59:33+00:00
7012,7012.T,7012.jp,2010-04-23,2497.36,2514.91,2453.79,2497.36,3216231,https://stooq.com/q/d/l/?s=7012.jp&i=d,2026-03-22T01:59:33+00:00
7012,7012.T,7012.jp,2010-04-26,2514.91,2541.09,2506.18,2532.27,1331841,https://stooq.com/q/d/l/?s=7012.jp&i=d,2026-03-22T01:59:33+00:00
7012,7012.T,7012.jp,2010-04-27,2523.73,2602.20,2506.18,2576.00,2686473,https://stooq.com/q/d/l/?s=7012.jp&i=d,2026-03-22T01:59:33+00:00
7012,7012.T,7012.jp,2010-04-28,2506.18,2541.09,2462.52,2471.16,3062320,https://stooq.com/q/d/l/?s=7012.jp&i=d,2026-03-22T01:59:33+00:00
7012,7012.T,7012.jp,2010-04-30,2576.00,2593.46,2558.56,2584.73,1814534,https://stooq.com/q/d/l/?s=7012.jp&i=d,2026-03-22T01:59:33+00:00
7012,7012.T,7012.jp,2010-05-06,2532.27,2532.27,2471.16,2497.36,1575651,https://stooq.com/q/d/l/?s=7012.jp&i=d,2026-03-22T01:59:33+00:00
7012,7012.T,7012.jp,2010-05-07,2427.52,2488.72,2401.43,2471.16,2559243,https://stooq.com/q/d/l/?s=7012.jp&i=d,2026-03-22T01:59:33+00:00
7012,7012.T,7012.jp,2010-05-10,2445.06,2488.72,2427.52,2471.16,1390132,https://stooq.com/q/d/l/?s=7012.jp&i=d,2026-03-22T01:59:33+00:00
7012,7012.T,7012.jp,2010-05-11,2479.99,2497.36,2427.52,2427.52,1379367,https://stooq.com/q/d/l/?s=7012.jp&i=d,2026-03-22T01:59:33+00:00
7012,7012.T,7012.jp,2010-05-12,2445.06,2462.52,2383.97,2401.43,1173119,https://stooq.com/q/d/l/?s=7012.jp&i=d,2026-03-22T01:59:33+00:00
7012,7012.T,7012.jp,2010-05-13,2427.52,2479.99,2418.87,2462.52,1194649,https://stooq.com/q/d/l/?s=7012.jp&i=d,2026-03-22T01:59:33+00:00
7012,7012.T,7012.jp,2010-05-14,2418.87,2436.24,2401.43,2401.43,1641957,https://stooq.com/q/d/l/?s=7012.jp&i=d,2026-03-22T01:59:33+00:00
7012,7012.T,7012.jp,2010-05-17,2383.97,2383.97,2305.30,2322.75,1387955,https://stooq.com/q/d/l/?s=7012.jp&i=d,2026-03-22T01:59:33+00:00
7012,7012.T,7012.jp,2010-05-18,2331.48,2349.04,2279.21,2287.86,725813,https://stooq.com/q/d/l/?s=7012.jp&i=d,2026-03-22T01:59:33+00:00
7012,7012.T,7012.jp,2010-05-19,2270.38,2322.75,2235.47,2322.75,1116319,https://stooq.com/q/d/l/?s=7012.jp&i=d,2026-03-22T01:59:33+00:00
7012,7012.T,7012.jp,2010-05-20,2314.04,2314.04,2218.00,2226.73,837238,https://stooq.com/q/d/l/?s=7012.jp&i=d,2026-03-22T01:59:33+00:00
7012,7012.T,7012.jp,2010-05-21,2165.63,2218.00,2139.45,2209.28,1318672,https://stooq.com/q/d/l/?s=7012.jp&i=d,2026-03-22T01:59:33+00:00
7012,7012.T,7012.jp,2010-05-24,2218.00,2235.47,2156.82,2218.00,1177700,https://stooq.com/q/d/l/?s=7012.jp&i=d,2026-03-22T01:59:33+00:00
7012,7012.T,7012.jp,2010-05-25,2200.54,2218.00,2113.17,2121.99,1444986,https://stooq.com/q/d/l/?s=7012.jp&i=d,2026-03-22T01:59:33+00:00
7012,7012.T,7012.jp,2010-05-26,2139.45,2156.82,2060.87,2130.62,1656959,https://stooq.com/q/d/l/?s=7012.jp&i=d,2026-03-22T01:59:33+00:00
7012,7012.T,7012.jp,2010-05-27,2095.71,2183.10,2086.98,2183.10,1515873,https://stooq.com/q/d/l/?s=7012.jp&i=d,2026-03-22T01:59:33+00:00
7012,7012.T,7012.jp,2010-05-28,2252.84,2314.04,2235.47,2287.86,3336362,https://stooq.com/q/d/l/?s=7012.jp&i=d,2026-03-22T01:59:33+00:00
7012,7012.T,7012.jp,2010-05-31,2270.38,2305.30,2252.84,2296.57,1861945,https://stooq.com/q/d/l/?s=7012.jp&i=d,2026-03-22T01:59:33+00:00
7012,7012.T,7012.jp,2010-06-01,2279.21,2287.86,2226.73,2244.21,1496862,https://stooq.com/q/d/l/?s=7012.jp&i=d,2026-03-22T01:59:33+00:00
7012,7012.T,7012.jp,2010-06-02,2209.28,2261.67,2191.73,2218.00,1500181,https://stooq.com/q/d/l/?s=7012.jp&i=d,2026-03-22T01:59:33+00:00
7012,7012.T,7012.jp,2010-06-03,2252.84,2287.86,2244.21,2261.67,1235762,https://stooq.com/q/d/l/?s=7012.jp&i=d,2026-03-22T01:59:33+00:00
7012,7012.T,7012.jp,2010-06-04,2261.67,2305.30,2252.84,2287.86,917860,https://stooq.com/q/d/l/?s=7012.jp&i=d,2026-03-22T01:59:33+00:00
7012,7012.T,7012.jp,2010-06-07,2209.28,2218.00,2121.99,2130.62,1919432,https://stooq.com/q/d/l/?s=7012.jp&i=d,2026-03-22T01:59:33+00:00
7012,7012.T,7012.jp,2010-06-08,2130.62,2165.63,2113.17,2121.99,1268053,https://stooq.com/q/d/l/?s=7012.jp&i=d,2026-03-22T01:59:33+00:00
7012,7012.T,7012.jp,2010-06-09,2121.99,2130.62,2069.61,2086.98,778034,https://stooq.com/q/d/l/?s=7012.jp&i=d,2026-03-22T01:59:33+00:00
7012,7012.T,7012.jp,2010-06-10,2086.98,2121.99,2069.61,2113.17,792577,https://stooq.com/q/d/l/?s=7012.jp&i=d,2026-03-22T01:59:33+00:00
7012,7012.T,7012.jp,2010-06-11,2148.09,2165.63,2130.62,2139.45,1201291,https://stooq.com/q/d/l/?s=7012.jp&i=d,2026-03-22T01:59:33+00:00
7012,7012.T,7012.jp,2010-06-14,2165.63,2209.28,2165.63,2209.28,707604,https://stooq.com/q/d/l/?s=7012.jp&i=d,2026-03-22T01:59:33+00:00
7012,7012.T,7012.jp,2010-06-15,2200.54,2200.54,2174.36,2183.10,581866,https://stooq.com/q/d/l/?s=7012.jp&i=d,2026-03-22T01:59:33+00:00
7012,7012.T,7012.jp,2010-06-16,2218.00,2261.67,2218.00,2235.47,1140941,https://stooq.com/q/d/l/?s=7012.jp&i=d,2026-03-22T01:59:33+00:00
7012,7012.T,7012.jp,2010-06-17,2191.73,2191.73,2104.53,2104.53,2731823,https://stooq.com/q/d/l/?s=7012.jp&i=d,2026-03-22T01:59:33+00:00
7012,7012.T,7012.jp,2010-06-18,2095.71,2104.53,2078.24,2086.98,1145865,https://stooq.com/q/d/l/?s=7012.jp&i=d,2026-03-22T01:59:33+00:00
7012,7012.T,7012.jp,2010-06-21,2095.71,2148.09,2086.98,2139.45,1525834,https://stooq.com/q/d/l/?s=7012.jp&i=d,2026-03-22T01:59:33+00:00
7012,7012.T,7012.jp,2010-06-22,2104.53,2130.62,2086.98,2086.98,1000543,https://stooq.com/q/d/l/?s=7012.jp&i=d,2026-03-22T01:59:33+00:00
7012,7012.T,7012.jp,2010-06-23,2060.87,2069.61,2034.59,2043.34,764520,https://stooq.com/q/d/l/?s=7012.jp&i=d,2026-03-22T01:59:33+00:00
7012,7012.T,7012.jp,2010-06-24,2034.59,2060.87,2017.15,2034.59,927480,https://stooq.com/q/d/l/?s=7012.jp&i=d,2026-03-22T01:59:33+00:00
7012,7012.T,7012.jp,2010-06-25,2008.42,2017.15,1973.40,1982.22,812388,https://stooq.com/q/d/l/?s=7012.jp&i=d,2026-03-22T01:59:33+00:00
7012,7012.T,7012.jp,2010-06-28,1990.96,1990.96,1947.31,1964.77,812388,https://stooq.com/q/d/l/?s=7012.jp&i=d,2026-03-22T01:59:33+00:00
7012,7012.T,7012.jp,2010-06-29,1973.40,1990.96,1921.11,1929.84,885337,https://stooq.com/q/d/l/?s=7012.jp&i=d,2026-03-22T01:59:33+00:00
7012,7012.T,7012.jp,2010-06-30,1868.66,1912.30,1860.00,1894.93,824071,https://stooq.com/q/d/l/?s=7012.jp&i=d,2026-03-22T01:59:33+00:00
7012,7012.T,7012.jp,2010-07-01,1877.46,1903.56,1860.00,1868.66,812045,https://stooq.com/q/d/l/?s=7012.jp&i=d,2026-03-22T01:59:33+00:00
7012,7012.T,7012.jp,2010-07-02,1877.46,1912.30,1860.00,1894.93,1053220,https://stooq.com/q/d/l/?s=7012.jp&i=d,2026-03-22T01:59:33+00:00
7012,7012.T,7012.jp,2010-07-05,1929.84,1947.31,1877.46,1903.56,1401012,https://stooq.com/q/d/l/?s=7012.jp&i=d,2026-03-22T01:59:33+00:00
7012,7012.T,7012.jp,2010-07-06,1868.66,1912.30,1860.00,1912.30,1526979,https://stooq.com/q/d/l/?s=7012.jp&i=d,2026-03-22T01:59:33+00:00
7012,7012.T,7012.jp,2010-07-07,1894.93,1903.56,1842.56,1860.00,1626954,https://stooq.com/q/d/l/?s=7012.jp&i=d,2026-03-22T01:59:33+00:00
7012,7012.T,7012.jp,2010-07-08,1903.56,1929.84,1894.93,1912.30,1107846,https://stooq.com/q/d/l/?s=7012.jp&i=d,2026-03-22T01:59:33+00:00
7012,7012.T,7012.jp,2010-07-09,1903.56,1921.11,1894.93,1903.56,801853,https://stooq.com/q/d/l/?s=7012.jp&i=d,2026-03-22T01:59:33+00:00
7012,7012.T,7012.jp,2010-07-12,1877.46,1921.11,1877.46,1877.46,991151,https://stooq.com/q/d/l/?s=7012.jp&i=d,2026-03-22T01:59:33+00:00
7012,7012.T,7012.jp,2010-07-13,1894.93,1921.11,1894.93,1912.30,835522,https://stooq.com/q/d/l/?s=7012.jp&i=d,2026-03-22T01:59:33+00:00
7012,7012.T,7012.jp,2010-07-14,1964.77,1973.40,1947.31,1964.77,1014285,https://stooq.com/q/d/l/?s=7012.jp&i=d,2026-03-22T01:59:33+00:00
7012,7012.T,7012.jp,2010-07-15,1973.40,1982.22,1947.31,1964.77,1055967,https://stooq.com/q/d/l/?s=7012.jp&i=d,2026-03-22T01:59:33+00:00
7012,7012.T,7012.jp,2010-07-16,1947.31,1956.03,1894.93,1903.56,939847,https://stooq.com/q/d/l/?s=7012.jp&i=d,2026-03-22T01:59:33+00:00
7012,7012.T,7012.jp,2010-07-20,1894.93,1938.58,1886.20,1912.30,1073030,https://stooq.com/q/d/l/?s=7012.jp&i=d,2026-03-22T01:59:33+00:00
7012,7012.T,7012.jp,2010-07-21,1921.11,1938.58,1894.93,1894.93,492427,https://stooq.com/q/d/l/?s=7012.jp&i=d,2026-03-22T01:59:33+00:00
7012,7012.T,7012.jp,2010-07-22,1877.46,1894.93,1851.19,1860.00,1138536,https://stooq.com/q/d/l/?s=7012.jp&i=d,2026-03-22T01:59:33+00:00
7012,7012.T,7012.jp,2010-07-23,1903.56,1929.84,1894.93,1921.11,661226,https://stooq.com/q/d/l/?s=7012.jp&i=d,2026-03-22T01:59:33+00:00
7012,7012.T,7012.jp,2010-07-26,1938.58,1956.03,1929.84,1929.84,337711,https://stooq.com/q/d/l/?s=7012.jp&i=d,2026-03-22T01:59:33+00:00
7012,7012.T,7012.jp,2010-07-27,1912.30,1912.30,1886.20,1894.93,781012,https://stooq.com/q/d/l/?s=7012.jp&i=d,2026-03-22T01:59:33+00:00
7012,7012.T,7012.jp,2010-07-28,1912.30,1929.84,1903.56,1929.84,820519,https://stooq.com/q/d/l/?s=7012.jp&i=d,2026-03-22T01:59:33+00:00
7012,7012.T,7012.jp,2010-07-29,1912.30,1929.84,1903.56,1912.30,704743,https://stooq.com/q/d/l/?s=7012.jp&i=d,2026-03-22T01:59:33+00:00
7012,7012.T,7012.jp,2010-07-30,1912.30,1912.30,1868.66,1886.20,892208,https://stooq.com/q/d/l/?s=7012.jp&i=d,2026-03-22T01:59:33+00:00
7012,7012.T,7012.jp,2010-08-02,1947.31,2017.15,1938.58,2008.42,2818168,https://stooq.com/q/d/l/?s=7012.jp&i=d,2026-03-22T01:59:33+00:00
7012,7012.T,7012.jp,2010-08-03,2025.86,2086.98,2025.86,2078.24,2085485,https://stooq.com/q/d/l/?s=7012.jp&i=d,2026-03-22T01:59:33+00:00
7012,7012.T,7012.jp,2010-08-04,2060.87,2069.61,1982.22,1990.96,1792661,https://stooq.com/q/d/l/?s=7012.jp&i=d,2026-03-22T01:59:33+00:00
7012,7012.T,7012.jp,2010-08-05,2025.86,2043.34,1999.78,2017.15,1147697,https://stooq.com/q/d/l/?s=7012.jp&i=d,2026-03-22T01:59:33+00:00
7012,7012.T,7012.jp,2010-08-06,2008.42,2043.34,1999.78,2034.59,694206,https://stooq.com/q/d/l/?s=7012.jp&i=d,2026-03-22T01:59:33+00:00
7012,7012.T,7012.jp,2010-08-09,1999.78,2034.59,1999.78,2017.15,612672,https://stooq.com/q/d/l/?s=7012.jp&i=d,2026-03-22T01:59:33+00:00
7012,7012.T,7012.jp,2010-08-10,2017.15,2034.59,1990.96,1999.78,657332,https://stooq.com/q/d/l/?s=7012.jp&i=d,2026-03-22T01:59:33+00:00
7012,7012.T,7012.jp,2010-08-11,1973.40,1982.22,1921.11,1929.84,1057687,https://stooq.com/q/d/l/?s=7012.jp&i=d,2026-03-22T01:59:33+00:00
7012,7012.T,7012.jp,2010-08-12,1877.46,1877.46,1825.09,1860.00,1934892,https://stooq.com/q/d/l/?s=7012.jp&i=d,2026-03-22T01:59:33+00:00
7012,7012.T,7012.jp,2010-08-13,1851.19,1894.93,1833.73,1886.20,1055509,https://stooq.com/q/d/l/?s=7012.jp&i=d,2026-03-22T01:59:33+00:00
7012,7012.T,7012.jp,2010-08-16,1851.19,1868.66,1842.56,1860.00,893926,https://stooq.com/q/d/l/?s=7012.jp&i=d,2026-03-22T01:59:33+00:00
7012,7012.T,7012.jp,2010-08-17,1842.56,1877.46,1833.73,1868.66,550486,https://stooq.com/q/d/l/?s=7012.jp&i=d,2026-03-22T01:59:33+00:00
7012,7012.T,7012.jp,2010-08-18,1894.93,1921.11,1868.66,1921.11,952444,https://stooq.com/q/d/l/?s=7012.jp&i=d,2026-03-22T01:59:33+00:00
7012,7012.T,7012.jp,2010-08-19,1929.84,1990.96,1921.11,1982.22,1419678,https://stooq.com/q/d/l/?s=7012.jp&i=d,2026-03-22T01:59:33+00:00
7012,7012.T,7012.jp,2010-08-20,1947.31,1973.40,1938.58,1947.31,828076,https://stooq.com/q/d/l/?s=7012.jp&i=d,2026-03-22T01:59:33+00:00
7012,7012.T,7012.jp,2010-08-23,1956.03,1964.77,1921.11,1938.58,741961,https://stooq.com/q/d/l/?s=7012.jp&i=d,2026-03-22T01:59:33+00:00
7012,7012.T,7012.jp,2010-08-24,1921.11,1938.58,1903.56,1921.11,1094559,https://stooq.com/q/d/l/?s=7012.jp&i=d,2026-03-22T01:59:33+00:00
7012,7012.T,7012.jp,2010-08-25,1894.93,1929.84,1886.20,1903.56,1009130,https://stooq.com/q/d/l/?s=7012.jp&i=d,2026-03-22T01:59:33+00:00
7012,7012.T,7012.jp,2010-08-26,1929.84,1964.77,1912.30,1956.03,1417044,https://stooq.com/q/d/l/?s=7012.jp&i=d,2026-03-22T01:59:33+00:00
7012,7012.T,7012.jp,2010-08-27,1938.58,2052.06,1938.58,2025.86,1635658,https://stooq.com/q/d/l/?s=7012.jp&i=d,2026-03-22T01:59:33+00:00
7012,7012.T,7012.jp,2010-08-30,2052.06,2069.61,2034.59,2043.34,1291189,https://stooq.com/q/d/l/?s=7012.jp&i=d,2026-03-22T01:59:33+00:00
7012,7012.T,7012.jp,2010-08-31,2008.42,2017.15,1947.31,1956.03,1178274,https://stooq.com/q/d/l/?s=7012.jp&i=d,2026-03-22T01:59:33+00:00
7012,7012.T,7012.jp,2010-09-01,1973.40,1982.22,1956.03,1973.40,1014399,https://stooq.com/q/d/l/?s=7012.jp&i=d,2026-03-22T01:59:33+00:00
7012,7012.T,7012.jp,2010-09-02,1999.78,2008.42,1964.77,1973.40,769558,https://stooq.com/q/d/l/?s=7012.jp&i=d,2026-03-22T01:59:33+00:00
7012,7012.T,7012.jp,2010-09-03,1990.96,1990.96,1947.31,1964.77,836781,https://stooq.com/q/d/l/?s=7012.jp&i=d,2026-03-22T01:59:33+00:00
7012,7012.T,7012.jp,2010-09-06,1982.22,2052.06,1982.22,2052.06,1417961,https://stooq.com/q/d/l/?s=7012.jp&i=d,2026-03-22T01:59:33+00:00
7012,7012.T,7012.jp,2010-09-07,2043.34,2095.71,2034.59,2043.34,1710666,https://stooq.com/q/d/l/?s=7012.jp&i=d,2026-03-22T01:59:33+00:00
7012,7012.T,7012.jp,2010-09-08,2008.42,2017.15,1982.22,1999.78,1072574,https://stooq.com/q/d/l/?s=7012.jp&i=d,2026-03-22T01:59:33+00:00
7012,7012.T,7012.jp,2010-09-09,2025.86,2043.34,1999.78,2008.42,757420,https://stooq.com/q/d/l/?s=7012.jp&i=d,2026-03-22T01:59:33+00:00
7012,7012.T,7012.jp,2010-09-10,2025.86,2069.61,2017.15,2052.06,1355546,https://stooq.com/q/d/l/?s=7012.jp&i=d,2026-03-22T01:59:33+00:00
7012,7012.T,7012.jp,2010-09-13,2078.24,2095.71,2060.87,2078.24,763261,https://stooq.com/q/d/l/?s=7012.jp&i=d,2026-03-22T01:59:33+00:00
7012,7012.T,7012.jp,2010-09-14,2069.61,2086.98,2052.06,2052.06,560908,https://stooq.com/q/d/l/?s=7012.jp&i=d,2026-03-22T01:59:33+00:00
7012,7012.T,7012.jp,2010-09-15,2052.06,2156.82,2052.06,2121.99,1757504,https://stooq.com/q/d/l/?s=7012.jp&i=d,2026-03-22T01:59:33+00:00
7012,7012.T,7012.jp,2010-09-16,2148.09,2156.82,2113.17,2139.45,1039020,https://stooq.com/q/d/l/?s=7012.jp&i=d,2026-03-22T01:59:33+00:00
7012,7012.T,7012.jp,2010-09-17,2148.09,2156.82,2130.62,2148.09,710238,https://stooq.com/q/d/l/?s=7012.jp&i=d,2026-03-22T01:59:33+00:00
7012,7012.T,7012.jp,2010-09-21,2165.63,2174.36,2104.53,2104.53,867015,https://stooq.com/q/d/l/?s=7012.jp&i=d,2026-03-22T01:59:33+00:00
7012,7012.T,7012.jp,2010-09-22,2104.53,2121.99,2078.24,2113.17,1119868,https://stooq.com/q/d/l/?s=7012.jp&i=d,2026-03-22T01:59:33+00:00
7012,7012.T,7012.jp,2010-09-24,2095.71,2139.45,2069.61,2104.53,949238,https://stooq.com/q/d/l/?s=7012.jp&i=d,2026-03-22T01:59:33+00:00
7012,7012.T,7012.jp,2010-09-27,2121.99,2148.09,2113.17,2130.62,746427,https://stooq.com/q/d/l/?s=7012.jp&i=d,2026-03-22T01:59:33+00:00
7012,7012.T,7012.jp,2010-09-28,2121.99,2148.09,2113.17,2139.45,637176,https://stooq.com/q/d/l/?s=7012.jp&i=d,2026-03-22T01:59:33+00:00
7012,7012.T,7012.jp,2010-09-29,2130.62,2148.09,2104.53,2121.99,915798,https://stooq.com/q/d/l/?s=7012.jp&i=d,2026-03-22T01:59:33+00:00
7012,7012.T,7012.jp,2010-09-30,2113.17,2121.99,2069.61,2069.61,700849,https://stooq.com/q/d/l/?s=7012.jp&i=d,2026-03-22T01:59:33+00:00
7012,7012.T,7012.jp,2010-10-01,2086.98,2095.71,2052.06,2052.06,1160638,https://stooq.com/q/d/l/?s=7012.jp&i=d,2026-03-22T01:59:33+00:00
7012,7012.T,7012.jp,2010-10-04,2052.06,2078.24,2043.34,2060.87,881443,https://stooq.com/q/d/l/?s=7012.jp&i=d,2026-03-22T01:59:33+00:00
7012,7012.T,7012.jp,2010-10-05,2043.34,2069.61,2017.15,2052.06,1224310,https://stooq.com/q/d/l/?s=7012.jp&i=d,2026-03-22T01:59:33+00:00
7012,7012.T,7012.jp,2010-10-06,2060.87,2104.53,2052.06,2095.71,1242060,https://stooq.com/q/d/l/?s=7012.jp&i=d,2026-03-22T01:59:33+00:00
7012,7012.T,7012.jp,2010-10-07,2078.24,2095.71,2060.87,2078.24,532394,https://stooq.com/q/d/l/?s=7012.jp&i=d,2026-03-22T01:59:33+00:00
7012,7012.T,7012.jp,2010-10-08,2078.24,2095.71,2069.61,2086.98,477080,https://stooq.com/q/d/l/?s=7012.jp&i=d,2026-03-22T01:59:33+00:00
7012,7012.T,7012.jp,2010-10-12,2095.71,2095.71,2017.15,2025.86,816740,https://stooq.com/q/d/l/?s=7012.jp&i=d,2026-03-22T01:59:33+00:00
7012,7012.T,7012.jp,2010-10-13,2043.34,2078.24,2034.59,2052.06,584844,https://stooq.com/q/d/l/?s=7012.jp&i=d,2026-03-22T01:59:33+00:00
7012,7012.T,7012.jp,2010-10-14,2069.61,2113.17,2060.87,2095.71,1061579,https://stooq.com/q/d/l/?s=7012.jp&i=d,2026-03-22T01:59:33+00:00
7012,7012.T,7012.jp,2010-10-15,2078.24,2086.98,2052.06,2060.87,595836,https://stooq.com/q/d/l/?s=7012.jp&i=d,2026-03-22T01:59:33+00:00
7012,7012.T,7012.jp,2010-10-18,2052.06,2078.24,2052.06,2069.61,560107,https://stooq.com/q/d/l/?s=7012.jp&i=d,2026-03-22T01:59:33+00:00
7012,7012.T,7012.jp,2010-10-19,2069.61,2086.98,2043.34,2060.87,947062,https://stooq.com/q/d/l/?s=7012.jp&i=d,2026-03-22T01:59:33+00:00
7012,7012.T,7012.jp,2010-10-20,2025.86,2043.34,1990.96,2008.42,980387,https://stooq.com/q/d/l/?s=7012.jp&i=d,2026-03-22T01:59:33+00:00
7012,7012.T,7012.jp,2010-10-21,1999.78,2017.15,1982.22,2017.15,914196,https://stooq.com/q/d/l/?s=7012.jp&i=d,2026-03-22T01:59:33+00:00
7012,7012.T,7012.jp,2010-10-22,2043.34,2078.24,1990.96,2008.42,1876948,https://stooq.com/q/d/l/?s=7012.jp&i=d,2026-03-22T01:59:33+00:00
7012,7012.T,7012.jp,2010-10-25,2025.86,2025.86,1973.40,1973.40,860486,https://stooq.com/q/d/l/?s=7012.jp&i=d,2026-03-22T01:59:33+00:00
7012,7012.T,7012.jp,2010-10-26,1964.77,1982.22,1947.31,1947.31,879839,https://stooq.com/q/d/l/?s=7012.jp&i=d,2026-03-22T01:59:33+00:00
7012,7012.T,7012.jp,2010-10-27,1973.40,1982.22,1956.03,1964.77,632939,https://stooq.com/q/d/l/?s=7012.jp&i=d,2026-03-22T01:59:33+00:00
7012,7012.T,7012.jp,2010-10-28,1947.31,1964.77,1938.58,1956.03,615877,https://stooq.com/q/d/l/?s=7012.jp&i=d,2026-03-22T01:59:33+00:00
7012,7012.T,7012.jp,2010-10-29,1956.03,1956.03,1912.30,1938.58,779979,https://stooq.com/q/d/l/?s=7012.jp&i=d,2026-03-22T01:59:33+00:00
7012,7012.T,7012.jp,2010-11-01,1929.84,1947.31,1894.93,1894.93,852355,https://stooq.com/q/d/l/?s=7012.jp&i=d,2026-03-22T01:59:33+00:00
7012,7012.T,7012.jp,2010-11-02,1894.93,1894.93,1833.73,1877.46,1189840,https://stooq.com/q/d/l/?s=7012.jp&i=d,2026-03-22T01:59:33+00:00
7012,7012.T,7012.jp,2010-11-04,1912.30,1973.40,1912.30,1964.77,1362531,https://stooq.com/q/d/l/?s=7012.jp&i=d,2026-03-22T01:59:33+00:00
7012,7012.T,7012.jp,2010-11-05,1982.22,2052.06,1982.22,2052.06,1642987,https://stooq.com/q/d/l/?s=7012.jp&i=d,2026-03-22T01:59:33+00:00
7012,7012.T,7012.jp,2010-11-08,2060.87,2086.98,2052.06,2086.98,877434,https://stooq.com/q/d/l/?s=7012.jp&i=d,2026-03-22T01:59:33+00:00
7012,7012.T,7012.jp,2010-11-09,2060.87,2095.71,2060.87,2086.98,740930,https://stooq.com/q/d/l/?s=7012.jp&i=d,2026-03-22T01:59:33+00:00
7012,7012.T,7012.jp,2010-11-10,2086.98,2104.53,2052.06,2060.87,1402383,https://stooq.com/q/d/l/?s=7012.jp&i=d,2026-03-22T01:59:33+00:00
7012,7012.T,7012.jp,2010-11-11,2086.98,2148.09,2078.24,2113.17,1773307,https://stooq.com/q/d/l/?s=7012.jp&i=d,2026-03-22T01:59:33+00:00
7012,7012.T,7012.jp,2010-11-12,2095.71,2139.45,2095.71,2104.53,985196,https://stooq.com/q/d/l/?s=7012.jp&i=d,2026-03-22T01:59:33+00:00
7012,7012.T,7012.jp,2010-11-15,2130.62,2139.45,2095.71,2130.62,960918,https://stooq.com/q/d/l/?s=7012.jp&i=d,2026-03-22T01:59:33+00:00
7012,7012.T,7012.jp,2010-11-16,2139.45,2156.82,2104.53,2130.62,1164187,https://stooq.com/q/d/l/?s=7012.jp&i=d,2026-03-22T01:59:33+00:00
7012,7012.T,7012.jp,2010-11-17,2095.71,2130.62,2086.98,2121.99,1063755,https://stooq.com/q/d/l/?s=7012.jp&i=d,2026-03-22T01:59:33+00:00
7012,7012.T,7012.jp,2010-11-18,2148.09,2200.54,2130.62,2200.54,1500413,https://stooq.com/q/d/l/?s=7012.jp&i=d,2026-03-22T01:59:33+00:00
7012,7012.T,7012.jp,2010-11-19,2235.47,2252.84,2209.28,2226.73,1483578,https://stooq.com/q/d/l/?s=7012.jp&i=d,2026-03-22T01:59:33+00:00
7012,7012.T,7012.jp,2010-11-22,2244.21,2296.57,2235.47,2296.57,1274927,https://stooq.com/q/d/l/?s=7012.jp&i=d,2026-03-22T01:59:33+00:00
7012,7012.T,7012.jp,2010-11-24,2252.84,2261.67,2226.73,2235.47,1712499,https://stooq.com/q/d/l/?s=7012.jp&i=d,2026-03-22T01:59:33+00:00
7012,7012.T,7012.jp,2010-11-25,2261.67,2261.67,2226.73,2244.21,775515,https://stooq.com/q/d/l/?s=7012.jp&i=d,2026-03-22T01:59:33+00:00
7012,7012.T,7012.jp,2010-11-26,2226.73,2252.84,2200.54,2200.54,770475,https://stooq.com/q/d/l/?s=7012.jp&i=d,2026-03-22T01:59:33+00:00
7012,7012.T,7012.jp,2010-11-29,2226.73,2252.84,2200.54,2252.84,942480,https://stooq.com/q/d/l/?s=7012.jp&i=d,2026-03-22T01:59:33+00:00
7012,7012.T,7012.jp,2010-11-30,2314.04,2331.48,2252.84,2261.67,2400523,https://stooq.com/q/d/l/?s=7012.jp&i=d,2026-03-22T01:59:33+00:00
7012,7012.T,7012.jp,2010-12-01,2244.21,2244.21,2209.28,2235.47,1352455,https://stooq.com/q/d/l/?s=7012.jp&i=d,2026-03-22T01:59:33+00:00
7012,7012.T,7012.jp,2010-12-02,2287.86,2322.75,2279.21,2305.30,1502589,https://stooq.com/q/d/l/?s=7012.jp&i=d,2026-03-22T01:59:33+00:00
7012,7012.T,7012.jp,2010-12-03,2331.48,2357.60,2322.75,2340.31,1242060,https://stooq.com/q/d/l/?s=7012.jp&i=d,2026-03-22T01:59:33+00:00
7012,7012.T,7012.jp,2010-12-06,2340.31,2349.04,2305.30,2331.48,1002030,https://stooq.com/q/d/l/?s=7012.jp&i=d,2026-03-22T01:59:33+00:00
7012,7012.T,7012.jp,2010-12-07,2314.04,2340.31,2296.57,2331.48,1142315,https://stooq.com/q/d/l/?s=7012.jp&i=d,2026-03-22T01:59:33+00:00
7012,7012.T,7012.jp,2010-12-08,2340.31,2366.42,2331.48,2349.04,1344438,https://stooq.com/q/d/l/?s=7012.jp&i=d,2026-03-22T01:59:33+00:00
7012,7012.T,7012.jp,2010-12-09,2349.04,2375.13,2349.04,2366.42,1029858,https://stooq.com/q/d/l/?s=7012.jp&i=d,2026-03-22T01:59:33+00:00
7012,7012.T,7012.jp,2010-12-10,2392.61,2392.61,2357.60,2375.13,1937299,https://stooq.com/q/d/l/?s=7012.jp&i=d,2026-03-22T01:59:33+00:00
7012,7012.T,7012.jp,2010-12-13,2375.13,2392.61,2366.42,2392.61,697185,https://stooq.com/q/d/l/?s=7012.jp&i=d,2026-03-22T01:59:33+00:00
7012,7012.T,7012.jp,2010-12-14,2383.97,2401.43,2375.13,2392.61,1027224,https://stooq.com/q/d/l/?s=7012.jp&i=d,2026-03-22T01:59:33+00:00
7012,7012.T,7012.jp,2010-12-15,2401.43,2427.52,2392.61,2418.87,1541066,https://stooq.com/q/d/l/?s=7012.jp&i=d,2026-03-22T01:59:33+00:00
7012,7012.T,7012.jp,2010-12-16,2427.52,2427.52,2401.43,2427.52,933435,https://stooq.com/q/d/l/?s=7012.jp&i=d,2026-03-22T01:59:33+00:00
7012,7012.T,7012.jp,2010-12-17,2418.87,2418.87,2401.43,2418.87,648169,https://stooq.com/q/d/l/?s=7012.jp&i=d,2026-03-22T01:59:33+00:00
7012,7012.T,7012.jp,2010-12-20,2410.16,2418.87,2366.42,2366.42,840560,https://stooq.com/q/d/l/?s=7012.jp&i=d,2026-03-22T01:59:33+00:00
7012,7012.T,7012.jp,2010-12-21,2375.13,2427.52,2366.42,2418.87,1430212,https://stooq.com/q/d/l/?s=7012.jp&i=d,2026-03-22T01:59:33+00:00
7012,7012.T,7012.jp,2010-12-22,2418.87,2453.79,2401.43,2436.24,1500299,https://stooq.com/q/d/l/?s=7012.jp&i=d,2026-03-22T01:59:33+00:00
7012,7012.T,7012.jp,2010-12-24,2445.06,2445.06,2401.43,2410.16,469524,https://stooq.com/q/d/l/?s=7012.jp&i=d,2026-03-22T01:59:33+00:00
7012,7012.T,7012.jp,2010-12-27,2401.43,2418.87,2392.61,2410.16,558846,https://stooq.com/q/d/l/?s=7012.jp&i=d,2026-03-22T01:59:33+00:00
7012,7012.T,7012.jp,2010-12-28,2401.43,2410.16,2392.61,2410.16,220676,https://stooq.com/q/d/l/?s=7012.jp&i=d,2026-03-22T01:59:33+00:00
7012,7012.T,7012.jp,2010-12-29,2392.61,2436.24,2383.97,2427.52,669013,https://stooq.com/q/d/l/?s=7012.jp&i=d,2026-03-22T01:59:33+00:00
7012,7012.T,7012.jp,2010-12-30,2410.16,2427.52,2383.97,2383.97,553464,https://stooq.com/q/d/l/?s=7012.jp&i=d,2026-03-22T01:59:33+00:00
7012,7012.T,7012.jp,2011-01-04,2410.16,2453.79,2401.43,2436.24,872167,https://stooq.com/q/d/l/?s=7012.jp&i=d,2026-03-22T01:59:33+00:00
7012,7012.T,7012.jp,2011-01-05,2445.06,2488.72,2445.06,2471.16,994929,https://stooq.com/q/d/l/?s=7012.jp&i=d,2026-03-22T01:59:33+00:00
7012,7012.T,7012.jp,2011-01-06,2506.18,2514.91,2497.36,2514.91,1149416,https://stooq.com/q/d/l/?s=7012.jp&i=d,2026-03-22T01:59:33+00:00
7012,7012.T,7012.jp,2011-01-07,2514.91,2549.82,2506.18,2541.09,1174953,https://stooq.com/q/d/l/?s=7012.jp&i=d,2026-03-22T01:59:33+00:00
7012,7012.T,7012.jp,2011-01-11,2514.91,2549.82,2506.18,2541.09,888544,https://stooq.com/q/d/l/?s=7012.jp&i=d,2026-03-22T01:59:33+00:00
7012,7012.T,7012.jp,2011-01-12,2549.82,2558.56,2497.36,2497.36,749289,https://stooq.com/q/d/l/?s=7012.jp&i=d,2026-03-22T01:59:33+00:00
7012,7012.T,7012.jp,2011-01-13,2532.27,2541.09,2488.72,2506.18,543616,https://stooq.com/q/d/l/?s=7012.jp&i=d,2026-03-22T01:59:33+00:00
7012,7012.T,7012.jp,2011-01-14,2497.36,2514.91,2471.16,2488.72,813649,https://stooq.com/q/d/l/?s=7012.jp&i=d,2026-03-22T01:59:33+00:00
7012,7012.T,7012.jp,2011-01-17,2488.72,2497.36,2462.52,2462.52,684703,https://stooq.com/q/d/l/?s=7012.jp&i=d,2026-03-22T01:59:33+00:00
7012,7012.T,7012.jp,2011-01-18,2445.06,2479.99,2445.06,2471.16,1043944,https://stooq.com/q/d/l/?s=7012.jp&i=d,2026-03-22T01:59:33+00:00
7012,7012.T,7012.jp,2011-01-19,2497.36,2567.27,2497.36,2549.82,1626038,https://stooq.com/q/d/l/?s=7012.jp&i=d,2026-03-22T01:59:33+00:00
7012,7012.T,7012.jp,2011-01-20,2541.09,2549.82,2514.91,2532.27,1132694,https://stooq.com/q/d/l/?s=7012.jp&i=d,2026-03-22T01:59:33+00:00
7012,7012.T,7012.jp,2011-01-21,2567.27,2576.00,2453.79,2462.52,1725096,https://stooq.com/q/d/l/?s=7012.jp&i=d,2026-03-22T01:59:33+00:00
7012,7012.T,7012.jp,2011-01-24,2479.99,2488.72,2436.24,2471.16,598354,https://stooq.com/q/d/l/?s=7012.jp&i=d,2026-03-22T01:59:33+00:00
7012,7012.T,7012.jp,2011-01-25,2497.36,2523.73,2488.72,2506.18,648057,https://stooq.com/q/d/l/?s=7012.jp&i=d,2026-03-22T01:59:33+00:00
7012,7012.T,7012.jp,2011-01-26,2514.91,2532.27,2497.36,2506.18,1287065,https://stooq.com/q/d/l/?s=7012.jp&i=d,2026-03-22T01:59:33+00:00
7012,7012.T,7012.jp,2011-01-27,2532.27,2567.27,2514.91,2549.82,1198887,https://stooq.com/q/d/l/?s=7012.jp&i=d,2026-03-22T01:59:33+00:00
7012,7012.T,7012.jp,2011-01-28,2567.27,2576.00,2532.27,2558.56,911675,https://stooq.com/q/d/l/?s=7012.jp&i=d,2026-03-22T01:59:33+00:00
7012,7012.T,7012.jp,2011-01-31,2506.18,2549.82,2488.72,2549.82,1120900,https://stooq.com/q/d/l/?s=7012.jp&i=d,2026-03-22T01:59:33+00:00
7012,7012.T,7012.jp,2011-02-01,2619.76,2680.86,2610.93,2680.86,4431498,https://stooq.com/q/d/l/?s=7012.jp&i=d,2026-03-22T01:59:33+00:00
7012,7012.T,7012.jp,2011-02-02,2724.50,2776.79,2715.69,2768.14,3196994,https://stooq.com/q/d/l/?s=7012.jp&i=d,2026-03-22T01:59:33+00:00
7012,7012.T,7012.jp,2011-02-03,2750.69,2776.79,2741.96,2759.34,1775598,https://stooq.com/q/d/l/?s=7012.jp&i=d,2026-03-22T01:59:33+00:00
7012,7012.T,7012.jp,2011-02-04,2768.14,2829.25,2759.34,2803.16,1920118,https://stooq.com/q/d/l/?s=7012.jp&i=d,2026-03-22T01:59:33+00:00
7012,7012.T,7012.jp,2011-02-07,2820.53,2872.90,2820.53,2864.26,2401208,https://stooq.com/q/d/l/?s=7012.jp&i=d,2026-03-22T01:59:33+00:00
7012,7012.T,7012.jp,2011-02-08,2881.63,2899.09,2794.33,2829.25,2001313,https://stooq.com/q/d/l/?s=7012.jp&i=d,2026-03-22T01:59:33+00:00
7012,7012.T,7012.jp,2011-02-09,2829.25,2872.90,2829.25,2837.99,1737578,https://stooq.com/q/d/l/?s=7012.jp&i=d,2026-03-22T01:59:33+00:00
7012,7012.T,7012.jp,2011-02-10,2811.70,2846.72,2811.70,2829.25,903430,https://stooq.com/q/d/l/?s=7012.jp&i=d,2026-03-22T01:59:33+00:00
7012,7012.T,7012.jp,2011-02-14,2846.72,2916.54,2846.72,2907.91,1808351,https://stooq.com/q/d/l/?s=7012.jp&i=d,2026-03-22T01:59:33+00:00
7012,7012.T,7012.jp,2011-02-15,2916.54,2969.03,2890.35,2960.31,1626840,https://stooq.com/q/d/l/?s=7012.jp&i=d,2026-03-22T01:59:33+00:00
7012,7012.T,7012.jp,2011-02-16,2951.47,2986.39,2942.82,2951.47,1562137,https://stooq.com/q/d/l/?s=7012.jp&i=d,2026-03-22T01:59:33+00:00
7012,7012.T,7012.jp,2011-02-17,2969.03,2977.77,2899.09,2925.28,1362531,https://stooq.com/q/d/l/?s=7012.jp&i=d,2026-03-22T01:59:33+00:00
7012,7012.T,7012.jp,2011-02-18,2925.28,2934.00,2899.09,2907.91,813305,https://stooq.com/q/d/l/?s=7012.jp&i=d,2026-03-22T01:59:33+00:00
7012,7012.T,7012.jp,2011-02-21,2899.09,2907.91,2855.45,2881.63,1137277,https://stooq.com/q/d/l/?s=7012.jp&i=d,2026-03-22T01:59:33+00:00
7012,7012.T,7012.jp,2011-02-22,2837.99,2855.45,2785.60,2785.60,1995358,https://stooq.com/q/d/l/?s=7012.jp&i=d,2026-03-22T01:59:33+00:00
7012,7012.T,7012.jp,2011-02-23,2741.96,2820.53,2733.23,2785.60,1927449,https://stooq.com/q/d/l/?s=7012.jp&i=d,2026-03-22T01:59:33+00:00
7012,7012.T,7012.jp,2011-02-24,2750.69,2768.14,2698.22,2715.69,2401093,https://stooq.com/q/d/l/?s=7012.jp&i=d,2026-03-22T01:59:33+00:00
7012,7012.T,7012.jp,2011-02-25,2733.23,2811.70,2724.50,2785.60,1868473,https://stooq.com/q/d/l/?s=7012.jp&i=d,2026-03-22T01:59:33+00:00
7012,7012.T,7012.jp,2011-02-28,2794.33,2881.63,2759.34,2872.90,2110105,https://stooq.com/q/d/l/?s=7012.jp&i=d,2026-03-22T01:59:33+00:00
7012,7012.T,7012.jp,2011-03-01,2881.63,2916.54,2872.90,2916.54,1634053,https://stooq.com/q/d/l/?s=7012.jp&i=d,2026-03-22T01:59:33+00:00
7012,7012.T,7012.jp,2011-03-02,2872.90,2890.35,2846.72,2846.72,1867556,https://stooq.com/q/d/l/?s=7012.jp&i=d,2026-03-22T01:59:33+00:00
7012,7012.T,7012.jp,2011-03-03,2855.45,2934.00,2855.45,2934.00,2041852,https://stooq.com/q/d/l/?s=7012.jp&i=d,2026-03-22T01:59:33+00:00
7012,7012.T,7012.jp,2011-03-04,2986.39,3003.94,2934.00,2942.82,1908211,https://stooq.com/q/d/l/?s=7012.jp&i=d,2026-03-22T01:59:33+00:00
7012,7012.T,7012.jp,2011-03-07,2960.31,2995.11,2916.54,2942.82,2050097,https://stooq.com/q/d/l/?s=7012.jp&i=d,2026-03-22T01:59:33+00:00
7012,7012.T,7012.jp,2011-03-08,2925.28,2977.77,2925.28,2977.77,1526178,https://stooq.com/q/d/l/?s=7012.jp&i=d,2026-03-22T01:59:33+00:00
7012,7012.T,7012.jp,2011-03-09,3012.66,3073.77,3003.94,3030.13,2522826,https://stooq.com/q/d/l/?s=7012.jp&i=d,2026-03-22T01:59:33+00:00
7012,7012.T,7012.jp,2011-03-10,3012.66,3021.39,2916.54,2934.00,1932031,https://stooq.com/q/d/l/?s=7012.jp&i=d,2026-03-22T01:59:33+00:00
7012,7012.T,7012.jp,2011-03-11,2890.35,2942.82,2890.35,2890.35,2784729,https://stooq.com/q/d/l/?s=7012.jp&i=d,2026-03-22T01:59:33+00:00
7012,7012.T,7012.jp,2011-03-14,2541.09,2733.23,2523.73,2593.46,2933489,https://stooq.com/q/d/l/?s=7012.jp&i=d,2026-03-22T01:59:33+00:00
7012,7012.T,7012.jp,2011-03-15,2488.72,2514.91,2139.45,2357.60,3089002,https://stooq.com/q/d/l/?s=7012.jp&i=d,2026-03-22T01:59:33+00:00
7012,7012.T,7012.jp,2011-03-16,2462.52,2654.58,2462.52,2645.84,3994152,https://stooq.com/q/d/l/?s=7012.jp&i=d,2026-03-22T01:59:33+00:00
7012,7012.T,7012.jp,2011-03-17,2532.27,2645.84,2479.99,2584.73,2704337,https://stooq.com/q/d/l/?s=7012.jp&i=d,2026-03-22T01:59:33+00:00
7012,7012.T,7012.jp,2011-03-18,2645.84,2741.96,2637.11,2698.22,2258290,https://stooq.com/q/d/l/?s=7012.jp&i=d,2026-03-22T01:59:33+00:00
7012,7012.T,7012.jp,2011-03-22,2837.99,2855.45,2803.16,2846.72,1767239,https://stooq.com/q/d/l/?s=7012.jp&i=d,2026-03-22T01:59:33+00:00
7012,7012.T,7012.jp,2011-03-23,2855.45,2916.54,2803.16,2881.63,2488815,https://stooq.com/q/d/l/?s=7012.jp&i=d,2026-03-22T01:59:33+00:00
7012,7012.T,7012.jp,2011-03-24,2899.09,3047.57,2899.09,3030.13,3175921,https://stooq.com/q/d/l/?s=7012.jp&i=d,2026-03-22T01:59:33+00:00
7012,7012.T,7012.jp,2011-03-25,3073.77,3126.15,3030.13,3065.04,3146948,https://stooq.com/q/d/l/?s=7012.jp&i=d,2026-03-22T01:59:33+00:00
7012,7012.T,7012.jp,2011-03-28,3030.13,3073.77,3003.94,3065.04,2411288,https://stooq.com/q/d/l/?s=7012.jp&i=d,2026-03-22T01:59:33+00:00
7012,7012.T,7012.jp,2011-03-29,3030.13,3073.77,2934.00,3038.76,2327919,https://stooq.com/q/d/l/?s=7012.jp&i=d,2026-03-22T01:59:33+00:00
7012,7012.T,7012.jp,2011-03-30,3073.77,3222.27,3056.22,3222.27,3948345,https://stooq.com/q/d/l/?s=7012.jp&i=d,2026-03-22T01:59:33+00:00
7012,7012.T,7012.jp,2011-03-31,3222.27,3222.27,3143.69,3195.99,2666777,https://stooq.com/q/d/l/?s=7012.jp&i=d,2026-03-22T01:59:33+00:00
7012,7012.T,7012.jp,2011-04-01,3222.27,3292.08,3169.79,3239.63,4040418,https://stooq.com/q/d/l/?s=7012.jp&i=d,2026-03-22T01:59:33+00:00
7012,7012.T,7012.jp,2011-04-04,3248.45,3265.82,3169.79,3187.34,2110677,https://stooq.com/q/d/l/?s=7012.jp&i=d,2026-03-22T01:59:33+00:00
7012,7012.T,7012.jp,2011-04-05,3178.52,3187.34,3082.60,3134.89,2283943,https://stooq.com/q/d/l/?s=7012.jp&i=d,2026-03-22T01:59:33+00:00
7012,7012.T,7012.jp,2011-04-06,3117.42,3126.15,3003.94,3030.13,2753009,https://stooq.com/q/d/l/?s=7012.jp&i=d,2026-03-22T01:59:33+00:00
7012,7012.T,7012.jp,2011-04-07,3021.39,3108.69,3021.39,3038.76,1813160,https://stooq.com/q/d/l/?s=7012.jp&i=d,2026-03-22T01:59:33+00:00
7012,7012.T,7012.jp,2011-04-08,3012.66,3117.42,2986.39,3108.69,2525575,https://stooq.com/q/d/l/?s=7012.jp&i=d,2026-03-22T01:59:33+00:00
7012,7012.T,7012.jp,2011-04-11,3082.60,3117.42,3047.57,3065.04,1512208,https://stooq.com/q/d/l/?s=7012.jp&i=d,2026-03-22T01:59:33+00:00
7012,7012.T,7012.jp,2011-04-12,3003.94,3038.76,2969.03,2977.77,1870534,https://stooq.com/q/d/l/?s=7012.jp&i=d,2026-03-22T01:59:33+00:00
7012,7012.T,7012.jp,2011-04-13,2960.31,3047.57,2960.31,3038.76,1308366,https://stooq.com/q/d/l/?s=7012.jp&i=d,2026-03-22T01:59:33+00:00
7012,7012.T,7012.jp,2011-04-14,3003.94,3056.22,3003.94,3056.22,1151017,https://stooq.com/q/d/l/?s=7012.jp&i=d,2026-03-22T01:59:33+00:00
7012,7012.T,7012.jp,2011-04-15,3047.57,3099.87,3012.66,3056.22,1601644,https://stooq.com/q/d/l/?s=7012.jp&i=d,2026-03-22T01:59:33+00:00
7012,7012.T,7012.jp,2011-04-18,3056.22,3082.60,3021.39,3038.76,1958140,https://stooq.com/q/d/l/?s=7012.jp&i=d,2026-03-22T01:59:33+00:00
7012,7012.T,7012.jp,2011-04-19,2995.11,3021.39,2986.39,3012.66,909386,https://stooq.com/q/d/l/?s=7012.jp&i=d,2026-03-22T01:59:33+00:00
7012,7012.T,7012.jp,2011-04-20,3082.60,3099.87,3065.04,3091.23,1159606,https://stooq.com/q/d/l/?s=7012.jp&i=d,2026-03-22T01:59:33+00:00
7012,7012.T,7012.jp,2011-04-21,3126.15,3134.89,3073.77,3091.23,1382573,https://stooq.com/q/d/l/?s=7012.jp&i=d,2026-03-22T01:59:33+00:00
7012,7012.T,7012.jp,2011-04-22,3012.66,3030.13,2969.03,3003.94,3420531,https://stooq.com/q/d/l/?s=7012.jp&i=d,2026-03-22T01:59:33+00:00
7012,7012.T,7012.jp,2011-04-25,2995.11,3021.39,2916.54,2951.47,3170769,https://stooq.com/q/d/l/?s=7012.jp&i=d,2026-03-22T01:59:33+00:00
7012,7012.T,7012.jp,2011-04-26,2934.00,2969.03,2907.91,2925.28,3407135,https://stooq.com/q/d/l/?s=7012.jp&i=d,2026-03-22T01:59:33+00:00
7012,7012.T,7012.jp,2011-04-27,2942.82,2969.03,2907.91,2951.47,2198742,https://stooq.com/q/d/l/?s=7012.jp&i=d,2026-03-22T01:59:33+00:00
7012,7012.T,7012.jp,2011-04-28,2977.77,3030.13,2890.35,2907.91,3334529,https://stooq.com/q/d/l/?s=7012.jp&i=d,2026-03-22T01:59:33+00:00
7012,7012.T,7012.jp,2011-05-02,2977.77,2977.77,2899.09,2942.82,1580232,https://stooq.com/q/d/l/?s=7012.jp&i=d,2026-03-22T01:59:33+00:00
7012,7012.T,7012.jp,2011-05-06,2855.45,2899.09,2837.99,2890.35,1633940,https://stooq.com/q/d/l/?s=7012.jp&i=d,2026-03-22T01:59:33+00:00
7012,7012.T,7012.jp,2011-05-09,2899.09,2899.09,2820.53,2829.25,1265422,https://stooq.com/q/d/l/?s=7012.jp&i=d,2026-03-22T01:59:33+00:00
7012,7012.T,7012.jp,2011-05-10,2855.45,2916.54,2820.53,2899.09,1978982,https://stooq.com/q/d/l/?s=7012.jp&i=d,2026-03-22T01:59:33+00:00
7012,7012.T,7012.jp,2011-05-11,2925.28,2951.47,2864.26,2872.90,1482202,https://stooq.com/q/d/l/?s=7012.jp&i=d,2026-03-22T01:59:33+00:00
7012,7012.T,7012.jp,2011-05-12,2846.72,2881.63,2803.16,2829.25,2626924,https://stooq.com/q/d/l/?s=7012.jp&i=d,2026-03-22T01:59:33+00:00
7012,7012.T,7012.jp,2011-05-13,2837.99,2864.26,2733.23,2759.34,3050755,https://stooq.com/q/d/l/?s=7012.jp&i=d,2026-03-22T01:59:33+00:00
7012,7012.T,7012.jp,2011-05-16,2733.23,2768.14,2715.69,2724.50,2048953,https://stooq.com/q/d/l/?s=7012.jp&i=d,2026-03-22T01:59:33+00:00
7012,7012.T,7012.jp,2011-05-17,2733.23,2776.79,2706.96,2776.79,1831483,https://stooq.com/q/d/l/?s=7012.jp&i=d,2026-03-22T01:59:33+00:00
7012,7012.T,7012.jp,2011-05-18,2776.79,2811.70,2759.34,2794.33,1801135,https://stooq.com/q/d/l/?s=7012.jp&i=d,2026-03-22T01:59:33+00:00
7012,7012.T,7012.jp,2011-05-19,2803.16,2820.53,2733.23,2741.96,1921265,https://stooq.com/q/d/l/?s=7012.jp&i=d,2026-03-22T01:59:33+00:00
7012,7012.T,7012.jp,2011-05-20,2750.69,2750.69,2672.02,2672.02,1517019,https://stooq.com/q/d/l/?s=7012.jp&i=d,2026-03-22T01:59:33+00:00
7012,7012.T,7012.jp,2011-05-23,2532.27,2567.27,2506.18,2541.09,4264299,https://stooq.com/q/d/l/?s=7012.jp&i=d,2026-03-22T01:59:33+00:00
7012,7012.T,7012.jp,2011-05-24,2523.73,2619.76,2514.91,2610.93,3118778,https://stooq.com/q/d/l/?s=7012.jp&i=d,2026-03-22T01:59:33+00:00
7012,7012.T,7012.jp,2011-05-25,2610.93,2654.58,2558.56,2576.00,2291616,https://stooq.com/q/d/l/?s=7012.jp&i=d,2026-03-22T01:59:33+00:00
7012,7012.T,7012.jp,2011-05-26,2584.73,2619.76,2558.56,2558.56,2374069,https://stooq.com/q/d/l/?s=7012.jp&i=d,2026-03-22T01:59:33+00:00
7012,7012.T,7012.jp,2011-05-27,2523.73,2576.00,2497.36,2549.82,2616275,https://stooq.com/q/d/l/?s=7012.jp&i=d,2026-03-22T01:59:33+00:00
7012,7012.T,7012.jp,2011-05-30,2532.27,2558.56,2506.18,2514.91,1696009,https://stooq.com/q/d/l/?s=7012.jp&i=d,2026-03-22T01:59:33+00:00
7012,7012.T,7012.jp,2011-05-31,2497.36,2549.82,2497.36,2541.09,2054220,https://stooq.com/q/d/l/?s=7012.jp&i=d,2026-03-22T01:59:33+00:00
7012,7012.T,7012.jp,2011-06-01,2576.00,2654.58,2549.82,2637.11,3090950,https://stooq.com/q/d/l/?s=7012.jp&i=d,2026-03-22T01:59:33+00:00
7012,7012.T,7012.jp,2011-06-02,2567.27,2619.76,2558.56,2584.73,2979983,https://stooq.com/q/d/l/?s=7012.jp&i=d,2026-03-22T01:59:33+00:00
7012,7012.T,7012.jp,2011-06-03,2576.00,2628.49,2567.27,2576.00,2804312,https://stooq.com/q/d/l/?s=7012.jp&i=d,2026-03-22T01:59:33+00:00
7012,7012.T,7012.jp,2011-06-06,2549.82,2584.73,2506.18,2532.27,1892751,https://stooq.com/q/d/l/?s=7012.jp&i=d,2026-03-22T01:59:33+00:00
7012,7012.T,7012.jp,2011-06-07,2514.91,2541.09,2497.36,2532.27,1677571,https://stooq.com/q/d/l/?s=7012.jp&i=d,2026-03-22T01:59:33+00:00
7012,7012.T,7012.jp,2011-06-08,2532.27,2549.82,2497.36,2541.09,1894696,https://stooq.com/q/d/l/?s=7012.jp&i=d,2026-03-22T01:59:33+00:00
7012,7012.T,7012.jp,2011-06-09,2523.73,2541.09,2453.79,2453.79,3151530,https://stooq.com/q/d/l/?s=7012.jp&i=d,2026-03-22T01:59:33+00:00
7012,7012.T,7012.jp,2011-06-10,2488.72,2576.00,2488.72,2558.56,3615556,https://stooq.com/q/d/l/?s=7012.jp&i=d,2026-03-22T01:59:33+00:00
7012,7012.T,7012.jp,2011-06-13,2514.91,2558.56,2497.36,2506.18,2247985,https://stooq.com/q/d/l/?s=7012.jp&i=d,2026-03-22T01:59:33+00:00
7012,7012.T,7012.jp,2011-06-14,2497.36,2514.91,2471.16,2488.72,1880382,https://stooq.com/q/d/l/?s=7012.jp&i=d,2026-03-22T01:59:33+00:00
7012,7012.T,7012.jp,2011-06-15,2523.73,2523.73,2479.99,2506.18,907781,https://stooq.com/q/d/l/?s=7012.jp&i=d,2026-03-22T01:59:33+00:00
7012,7012.T,7012.jp,2011-06-16,2488.72,2532.27,2471.16,2488.72,1825757,https://stooq.com/q/d/l/?s=7012.jp&i=d,2026-03-22T01:59:33+00:00
7012,7012.T,7012.jp,2011-06-17,2523.73,2523.73,2471.16,2471.16,1279049,https://stooq.com/q/d/l/?s=7012.jp&i=d,2026-03-22T01:59:33+00:00
7012,7012.T,7012.jp,2011-06-20,2506.18,2541.09,2488.72,2506.18,2073687,https://stooq.com/q/d/l/?s=7012.jp&i=d,2026-03-22T01:59:33+00:00
7012,7012.T,7012.jp,2011-06-21,2541.09,2593.46,2523.73,2584.73,2137130,https://stooq.com/q/d/l/?s=7012.jp&i=d,2026-03-22T01:59:33+00:00
7012,7012.T,7012.jp,2011-06-22,2619.76,2637.11,2593.46,2602.20,2347387,https://stooq.com/q/d/l/?s=7012.jp&i=d,2026-03-22T01:59:33+00:00
7012,7012.T,7012.jp,2011-06-23,2619.76,2680.86,2610.93,2663.40,3239365,https://stooq.com/q/d/l/?s=7012.jp&i=d,2026-03-22T01:59:33+00:00
7012,7012.T,7012.jp,2011-06-24,2672.02,2689.59,2645.84,2689.59,1718570,https://stooq.com/q/d/l/?s=7012.jp&i=d,2026-03-22T01:59:33+00:00
7012,7012.T,7012.jp,2011-06-27,2689.59,2689.59,2637.11,2663.40,1972798,https://stooq.com/q/d/l/?s=7012.jp&i=d,2026-03-22T01:59:33+00:00
7012,7012.T,7012.jp,2011-06-28,2706.96,2724.50,2663.40,2680.86,1471211,https://stooq.com/q/d/l/?s=7012.jp&i=d,2026-03-22T01:59:33+00:00
7012,7012.T,7012.jp,2011-06-29,2733.23,2768.14,2724.50,2768.14,2162096,https://stooq.com/q/d/l/?s=7012.jp&i=d,2026-03-22T01:59:33+00:00
7012,7012.T,7012.jp,2011-06-30,2776.79,2803.16,2759.34,2785.60,1902027,https://stooq.com/q/d/l/?s=7012.jp&i=d,2026-03-22T01:59:33+00:00
7012,7012.T,7012.jp,2011-07-01,2811.70,2820.53,2794.33,2811.70,1815450,https://stooq.com/q/d/l/?s=7012.jp&i=d,2026-03-22T01:59:33+00:00
7012,7012.T,7012.jp,2011-07-04,2837.99,2846.72,2811.70,2829.25,1539690,https://stooq.com/q/d/l/?s=7012.jp&i=d,2026-03-22T01:59:33+00:00
7012,7012.T,7012.jp,2011-07-05,2820.53,2820.53,2785.60,2794.33,850178,https://stooq.com/q/d/l/?s=7012.jp&i=d,2026-03-22T01:59:33+00:00
7012,7012.T,7012.jp,2011-07-06,2794.33,2794.33,2750.69,2794.33,1910156,https://stooq.com/q/d/l/?s=7012.jp&i=d,2026-03-22T01:59:33+00:00
7012,7012.T,7012.jp,2011-07-07,2785.60,2820.53,2776.79,2794.33,1436625,https://stooq.com/q/d/l/?s=7012.jp&i=d,2026-03-22T01:59:33+00:00
7012,7012.T,7012.jp,2011-07-08,2811.70,2820.53,2768.14,2768.14,1765407,https://stooq.com/q/d/l/?s=7012.jp&i=d,2026-03-22T01:59:33+00:00
7012,7012.T,7012.jp,2011-07-11,2750.69,2759.34,2715.69,2724.50,1088263,https://stooq.com/q/d/l/?s=7012.jp&i=d,2026-03-22T01:59:33+00:00
7012,7012.T,7012.jp,2011-07-12,2689.59,2706.96,2672.02,2680.86,1790945,https://stooq.com/q/d/l/?s=7012.jp&i=d,2026-03-22T01:59:33+00:00
7012,7012.T,7012.jp,2011-07-13,2672.02,2733.23,2654.58,2724.50,1488845,https://stooq.com/q/d/l/?s=7012.jp&i=d,2026-03-22T01:59:33+00:00
7012,7012.T,7012.jp,2011-07-14,2715.69,2724.50,2672.02,2689.59,1591684,https://stooq.com/q/d/l/?s=7012.jp&i=d,2026-03-22T01:59:33+00:00
7012,7012.T,7012.jp,2011-07-15,2680.86,2715.69,2680.86,2706.96,1403759,https://stooq.com/q/d/l/?s=7012.jp&i=d,2026-03-22T01:59:33+00:00
7012,7012.T,7012.jp,2011-07-19,2680.86,2698.22,2654.58,2663.40,775171,https://stooq.com/q/d/l/?s=7012.jp&i=d,2026-03-22T01:59:33+00:00
7012,7012.T,7012.jp,2011-07-20,2689.59,2715.69,2663.40,2672.02,1792546,https://stooq.com/q/d/l/?s=7012.jp&i=d,2026-03-22T01:59:33+00:00
7012,7012.T,7012.jp,2011-07-21,2689.59,2698.22,2672.02,2680.86,1506939,https://stooq.com/q/d/l/?s=7012.jp&i=d,2026-03-22T01:59:33+00:00
7012,7012.T,7012.jp,2011-07-22,2689.59,2698.22,2645.84,2680.86,1848432,https://stooq.com/q/d/l/?s=7012.jp&i=d,2026-03-22T01:59:33+00:00
7012,7012.T,7012.jp,2011-07-25,2654.58,2672.02,2593.46,2602.20,2103121,https://stooq.com/q/d/l/?s=7012.jp&i=d,2026-03-22T01:59:33+00:00
7012,7012.T,7012.jp,2011-07-26,2610.93,2654.58,2584.73,2637.11,2014826,https://stooq.com/q/d/l/?s=7012.jp&i=d,2026-03-22T01:59:33+00:00
7012,7012.T,7012.jp,2011-07-27,2610.93,2619.76,2602.20,2610.93,777347,https://stooq.com/q/d/l/?s=7012.jp&i=d,2026-03-22T01:59:33+00:00
7012,7012.T,7012.jp,2011-07-28,2602.20,2610.93,2523.73,2541.09,2273407,https://stooq.com/q/d/l/?s=7012.jp&i=d,2026-03-22T01:59:33+00:00
7012,7012.T,7012.jp,2011-07-29,2514.91,2523.73,2462.52,2471.16,4105349,https://stooq.com/q/d/l/?s=7012.jp&i=d,2026-03-22T01:59:33+00:00
7012,7012.T,7012.jp,2011-08-01,2523.73,2610.93,2514.91,2576.00,2348530,https://stooq.com/q/d/l/?s=7012.jp&i=d,2026-03-22T01:59:33+00:00
7012,7012.T,7012.jp,2011-08-02,2541.09,2549.82,2497.36,2514.91,2150988,https://stooq.com/q/d/l/?s=7012.jp&i=d,2026-03-22T01:59:33+00:00
7012,7012.T,7012.jp,2011-08-03,2462.52,2471.16,2427.52,2427.52,2004748,https://stooq.com/q/d/l/?s=7012.jp&i=d,2026-03-22T01:59:33+00:00
7012,7012.T,7012.jp,2011-08-04,2462.52,2488.72,2401.43,2410.16,2414380,https://stooq.com/q/d/l/?s=7012.jp&i=d,2026-03-22T01:59:33+00:00
7012,7012.T,7012.jp,2011-08-05,2270.38,2314.04,2261.67,2296.57,2047004,https://stooq.com/q/d/l/?s=7012.jp&i=d,2026-03-22T01:59:33+00:00
7012,7012.T,7012.jp,2011-08-08,2270.38,2305.30,2200.54,2226.73,2854013,https://stooq.com/q/d/l/?s=7012.jp&i=d,2026-03-22T01:59:33+00:00
7012,7012.T,7012.jp,2011-08-09,2156.82,2226.73,2086.98,2209.28,4206585,https://stooq.com/q/d/l/?s=7012.jp&i=d,2026-03-22T01:59:33+00:00
7012,7012.T,7012.jp,2011-08-10,2270.38,2279.21,2165.63,2174.36,2964293,https://stooq.com/q/d/l/?s=7012.jp&i=d,2026-03-22T01:59:33+00:00
7012,7012.T,7012.jp,2011-08-11,2113.17,2139.45,2078.24,2095.71,3426488,https://stooq.com/q/d/l/?s=7012.jp&i=d,2026-03-22T01:59:33+00:00
7012,7012.T,7012.jp,2011-08-12,2113.17,2121.99,2034.59,2043.34,2505076,https://stooq.com/q/d/l/?s=7012.jp&i=d,2026-03-22T01:59:33+00:00
7012,7012.T,7012.jp,2011-08-15,2060.87,2078.24,2017.15,2025.86,1709979,https://stooq.com/q/d/l/?s=7012.jp&i=d,2026-03-22T01:59:33+00:00
7012,7012.T,7012.jp,2011-08-16,2060.87,2086.98,2043.34,2069.61,1822438,https://stooq.com/q/d/l/?s=7012.jp&i=d,2026-03-22T01:59:33+00:00
7012,7012.T,7012.jp,2011-08-17,2069.61,2104.53,2060.87,2060.87,1719141,https://stooq.com/q/d/l/?s=7012.jp&i=d,2026-03-22T01:59:33+00:00
7012,7012.T,7012.jp,2011-08-18,2052.06,2078.24,1990.96,1990.96,2210995,https://stooq.com/q/d/l/?s=7012.jp&i=d,2026-03-22T01:59:33+00:00
7012,7012.T,7012.jp,2011-08-19,1938.58,1964.77,1912.30,1912.30,2286579,https://stooq.com/q/d/l/?s=7012.jp&i=d,2026-03-22T01:59:33+00:00
7012,7012.T,7012.jp,2011-08-22,1903.56,1947.31,1868.66,1877.46,1844995,https://stooq.com/q/d/l/?s=7012.jp&i=d,2026-03-22T01:59:33+00:00
7012,7012.T,7012.jp,2011-08-23,1894.93,1903.56,1842.56,1868.66,1792204,https://stooq.com/q/d/l/?s=7012.jp&i=d,2026-03-22T01:59:33+00:00
7012,7012.T,7012.jp,2011-08-24,1894.93,1938.58,1833.73,1851.19,3538829,https://stooq.com/q/d/l/?s=7012.jp&i=d,2026-03-22T01:59:33+00:00
7012,7012.T,7012.jp,2011-08-25,1886.20,1938.58,1877.46,1903.56,3666288,https://stooq.com/q/d/l/?s=7012.jp&i=d,2026-03-22T01:59:33+00:00
7012,7012.T,7012.jp,2011-08-26,1886.20,1956.03,1868.66,1947.31,2897071,https://stooq.com/q/d/l/?s=7012.jp&i=d,2026-03-22T01:59:33+00:00
7012,7012.T,7012.jp,2011-08-29,1956.03,1990.96,1929.84,1956.03,3056022,https://stooq.com/q/d/l/?s=7012.jp&i=d,2026-03-22T01:59:33+00:00
7012,7012.T,7012.jp,2011-08-30,1999.78,2025.86,1982.22,2008.42,2917569,https://stooq.com/q/d/l/?s=7012.jp&i=d,2026-03-22T01:59:33+00:00
7012,7012.T,7012.jp,2011-08-31,2008.42,2034.59,1990.96,1999.78,2040135,https://stooq.com/q/d/l/?s=7012.jp&i=d,2026-03-22T01:59:33+00:00
7012,7012.T,7012.jp,2011-09-01,2043.34,2060.87,2017.15,2043.34,2237677,https://stooq.com/q/d/l/?s=7012.jp&i=d,2026-03-22T01:59:33+00:00
7012,7012.T,7012.jp,2011-09-02,2017.15,2043.34,1973.40,1973.40,3028081,https://stooq.com/q/d/l/?s=7012.jp&i=d,2026-03-22T01:59:33+00:00
7012,7012.T,7012.jp,2011-09-05,1938.58,1938.58,1903.56,1912.30,2532103,https://stooq.com/q/d/l/?s=7012.jp&i=d,2026-03-22T01:59:33+00:00
7012,7012.T,7012.jp,2011-09-06,1877.46,1877.46,1816.36,1825.09,2686015,https://stooq.com/q/d/l/?s=7012.jp&i=d,2026-03-22T01:59:33+00:00
7012,7012.T,7012.jp,2011-09-07,1868.66,1921.11,1868.66,1894.93,1811900,https://stooq.com/q/d/l/?s=7012.jp&i=d,2026-03-22T01:59:33+00:00
7012,7012.T,7012.jp,2011-09-08,1947.31,1956.03,1877.46,1912.30,2970134,https://stooq.com/q/d/l/?s=7012.jp&i=d,2026-03-22T01:59:33+00:00
7012,7012.T,7012.jp,2011-09-09,1921.11,1921.11,1816.36,1825.09,3647393,https://stooq.com/q/d/l/?s=7012.jp&i=d,2026-03-22T01:59:33+00:00
7012,7012.T,7012.jp,2011-09-12,1737.71,1755.17,1720.34,1755.17,3769125,https://stooq.com/q/d/l/?s=7012.jp&i=d,2026-03-22T01:59:33+00:00
7012,7012.T,7012.jp,2011-09-13,1772.63,1816.36,1746.46,1798.82,2359639,https://stooq.com/q/d/l/?s=7012.jp&i=d,2026-03-22T01:59:33+00:00
7012,7012.T,7012.jp,2011-09-14,1790.08,1807.55,1720.34,1746.46,2495570,https://stooq.com/q/d/l/?s=7012.jp&i=d,2026-03-22T01:59:33+00:00
7012,7012.T,7012.jp,2011-09-15,1781.44,1798.82,1755.17,1763.89,2420678,https://stooq.com/q/d/l/?s=7012.jp&i=d,2026-03-22T01:59:33+00:00
7012,7012.T,7012.jp,2011-09-16,1798.82,1886.20,1790.08,1886.20,2821031,https://stooq.com/q/d/l/?s=7012.jp&i=d,2026-03-22T01:59:33+00:00
7012,7012.T,7012.jp,2011-09-20,1842.56,1851.19,1790.08,1798.82,1782471,https://stooq.com/q/d/l/?s=7012.jp&i=d,2026-03-22T01:59:33+00:00
7012,7012.T,7012.jp,2011-09-21,1798.82,1825.09,1790.08,1807.55,1097996,https://stooq.com/q/d/l/?s=7012.jp&i=d,2026-03-22T01:59:33+00:00
7012,7012.T,7012.jp,2011-09-22,1763.89,1763.89,1728.98,1746.46,1632679,https://stooq.com/q/d/l/?s=7012.jp&i=d,2026-03-22T01:59:33+00:00
7012,7012.T,7012.jp,2011-09-26,1737.71,1737.71,1650.41,1659.13,2600698,https://stooq.com/q/d/l/?s=7012.jp&i=d,2026-03-22T01:59:33+00:00
7012,7012.T,7012.jp,2011-09-27,1702.80,1720.34,1676.60,1693.97,1917828,https://stooq.com/q/d/l/?s=7012.jp&i=d,2026-03-22T01:59:33+00:00
7012,7012.T,7012.jp,2011-09-28,1728.98,1746.46,1702.80,1711.52,1981846,https://stooq.com/q/d/l/?s=7012.jp&i=d,2026-03-22T01:59:33+00:00
7012,7012.T,7012.jp,2011-09-29,1685.33,1746.46,1676.60,1737.71,1522285,https://stooq.com/q/d/l/?s=7012.jp&i=d,2026-03-22T01:59:33+00:00
7012,7012.T,7012.jp,2011-09-30,1763.89,1790.08,1711.52,1746.46,2502101,https://stooq.com/q/d/l/?s=7012.jp&i=d,2026-03-22T01:59:33+00:00
7012,7012.T,7012.jp,2011-10-03,1711.52,1720.34,1659.13,1693.97,2233211,https://stooq.com/q/d/l/?s=7012.jp&i=d,2026-03-22T01:59:33+00:00
7012,7012.T,7012.jp,2011-10-04,1632.86,1650.41,1615.49,1624.14,2468317,https://stooq.com/q/d/l/?s=7012.jp&i=d,2026-03-22T01:59:33+00:00
7012,7012.T,7012.jp,2011-10-05,1632.86,1641.69,1519.38,1528.11,4252962,https://stooq.com/q/d/l/?s=7012.jp&i=d,2026-03-22T01:59:33+00:00
7012,7012.T,7012.jp,2011-10-06,1571.76,1606.76,1571.76,1589.22,1432045,https://stooq.com/q/d/l/?s=7012.jp&i=d,2026-03-22T01:59:33+00:00
7012,7012.T,7012.jp,2011-10-07,1615.49,1650.41,1615.49,1641.69,1231065,https://stooq.com/q/d/l/?s=7012.jp&i=d,2026-03-22T01:59:33+00:00
7012,7012.T,7012.jp,2011-10-11,1685.33,1720.34,1685.33,1711.52,1427808,https://stooq.com/q/d/l/?s=7012.jp&i=d,2026-03-22T01:59:33+00:00
7012,7012.T,7012.jp,2011-10-12,1685.33,1720.34,1667.88,1711.52,1033522,https://stooq.com/q/d/l/?s=7012.jp&i=d,2026-03-22T01:59:33+00:00
7012,7012.T,7012.jp,2011-10-13,1763.89,1842.56,1763.89,1816.36,2971051,https://stooq.com/q/d/l/?s=7012.jp&i=d,2026-03-22T01:59:33+00:00
7012,7012.T,7012.jp,2011-10-14,1790.08,1807.55,1763.89,1798.82,2045632,https://stooq.com/q/d/l/?s=7012.jp&i=d,2026-03-22T01:59:33+00:00
7012,7012.T,7012.jp,2011-10-17,1868.66,1886.20,1860.00,1860.00,1346844,https://stooq.com/q/d/l/?s=7012.jp&i=d,2026-03-22T01:59:33+00:00
7012,7012.T,7012.jp,2011-10-18,1807.55,1825.09,1798.82,1825.09,580606,https://stooq.com/q/d/l/?s=7012.jp&i=d,2026-03-22T01:59:33+00:00
7012,7012.T,7012.jp,2011-10-19,1851.19,1860.00,1781.44,1790.08,1133039,https://stooq.com/q/d/l/?s=7012.jp&i=d,2026-03-22T01:59:33+00:00
7012,7012.T,7012.jp,2011-10-20,1772.63,1781.44,1728.98,1746.46,934811,https://stooq.com/q/d/l/?s=7012.jp&i=d,2026-03-22T01:59:33+00:00
7012,7012.T,7012.jp,2011-10-21,1798.82,1816.36,1728.98,1746.46,2355059,https://stooq.com/q/d/l/?s=7012.jp&i=d,2026-03-22T01:59:33+00:00
7012,7012.T,7012.jp,2011-10-24,1772.63,1781.44,1728.98,1772.63,2004176,https://stooq.com/q/d/l/?s=7012.jp&i=d,2026-03-22T01:59:33+00:00
7012,7012.T,7012.jp,2011-10-25,1781.44,1781.44,1746.46,1746.46,1220418,https://stooq.com/q/d/l/?s=7012.jp&i=d,2026-03-22T01:59:33+00:00
7012,7012.T,7012.jp,2011-10-26,1711.52,1746.46,1676.60,1728.98,1639780,https://stooq.com/q/d/l/?s=7012.jp&i=d,2026-03-22T01:59:33+00:00
7012,7012.T,7012.jp,2011-10-27,1728.98,1763.89,1685.33,1755.17,2515267,https://stooq.com/q/d/l/?s=7012.jp&i=d,2026-03-22T01:59:33+00:00
7012,7012.T,7012.jp,2011-10-28,1790.08,1816.36,1746.46,1746.46,2413232,https://stooq.com/q/d/l/?s=7012.jp&i=d,2026-03-22T01:59:33+00:00
7012,7012.T,7012.jp,2011-10-31,1755.17,1807.55,1755.17,1790.08,2061091,https://stooq.com/q/d/l/?s=7012.jp&i=d,2026-03-22T01:59:33+00:00
7012,7012.T,7012.jp,2011-11-01,1772.63,1790.08,1755.17,1772.63,1457812,https://stooq.com/q/d/l/?s=7012.jp&i=d,2026-03-22T01:59:33+00:00
7012,7012.T,7012.jp,2011-11-02,1737.71,1781.44,1711.52,1746.46,2640438,https://stooq.com/q/d/l/?s=7012.jp&i=d,2026-03-22T01:59:33+00:00
7012,7012.T,7012.jp,2011-11-04,1781.44,1833.73,1781.44,1833.73,2826987,https://stooq.com/q/d/l/?s=7012.jp&i=d,2026-03-22T01:59:33+00:00
7012,7012.T,7012.jp,2011-11-07,1842.56,1921.11,1842.56,1912.30,2540347,https://stooq.com/q/d/l/?s=7012.jp&i=d,2026-03-22T01:59:33+00:00
7012,7012.T,7012.jp,2011-11-08,1903.56,1929.84,1860.00,1894.93,2600355,https://stooq.com/q/d/l/?s=7012.jp&i=d,2026-03-22T01:59:33+00:00
7012,7012.T,7012.jp,2011-11-09,1921.11,1947.31,1894.93,1929.84,1968446,https://stooq.com/q/d/l/?s=7012.jp&i=d,2026-03-22T01:59:33+00:00
7012,7012.T,7012.jp,2011-11-10,1860.00,1877.46,1816.36,1842.56,1930198,https://stooq.com/q/d/l/?s=7012.jp&i=d,2026-03-22T01:59:33+00:00
7012,7012.T,7012.jp,2011-11-11,1851.19,1868.66,1807.55,1860.00,1206674,https://stooq.com/q/d/l/?s=7012.jp&i=d,2026-03-22T01:59:33+00:00
7012,7012.T,7012.jp,2011-11-14,1903.56,1929.84,1877.46,1886.20,1462622,https://stooq.com/q/d/l/?s=7012.jp&i=d,2026-03-22T01:59:33+00:00
7012,7012.T,7012.jp,2011-11-15,1868.66,1886.20,1842.56,1851.19,921065,https://stooq.com/q/d/l/?s=7012.jp&i=d,2026-03-22T01:59:33+00:00
7012,7012.T,7012.jp,2011-11-16,1842.56,1860.00,1790.08,1790.08,1071086,https://stooq.com/q/d/l/?s=7012.jp&i=d,2026-03-22T01:59:33+00:00
7012,7012.T,7012.jp,2011-11-17,1763.89,1798.82,1737.71,1790.08,1965468,https://stooq.com/q/d/l/?s=7012.jp&i=d,2026-03-22T01:59:33+00:00
7012,7012.T,7012.jp,2011-11-18,1746.46,1772.63,1746.46,1763.89,863350,https://stooq.com/q/d/l/?s=7012.jp&i=d,2026-03-22T01:59:33+00:00
7012,7012.T,7012.jp,2011-11-21,1746.46,1746.46,1711.52,1720.34,833346,https://stooq.com/q/d/l/?s=7012.jp&i=d,2026-03-22T01:59:33+00:00
7012,7012.T,7012.jp,2011-11-22,1685.33,1711.52,1659.13,1685.33,2224622,https://stooq.com/q/d/l/?s=7012.jp&i=d,2026-03-22T01:59:33+00:00
7012,7012.T,7012.jp,2011-11-24,1667.88,1667.88,1624.14,1624.14,1685473,https://stooq.com/q/d/l/?s=7012.jp&i=d,2026-03-22T01:59:33+00:00
7012,7012.T,7012.jp,2011-11-25,1624.14,1632.86,1580.57,1615.49,1812358,https://stooq.com/q/d/l/?s=7012.jp&i=d,2026-03-22T01:59:33+00:00
7012,7012.T,7012.jp,2011-11-28,1659.13,1693.97,1650.41,1685.33,1187894,https://stooq.com/q/d/l/?s=7012.jp&i=d,2026-03-22T01:59:33+00:00
7012,7012.T,7012.jp,2011-11-29,1702.80,1728.98,1693.97,1720.34,1323484,https://stooq.com/q/d/l/?s=7012.jp&i=d,2026-03-22T01:59:33+00:00
7012,7012.T,7012.jp,2011-11-30,1702.80,1711.52,1667.88,1693.97,756505,https://stooq.com/q/d/l/?s=7012.jp&i=d,2026-03-22T01:59:33+00:00
7012,7012.T,7012.jp,2011-12-01,1781.44,1877.46,1772.63,1860.00,3631817,https://stooq.com/q/d/l/?s=7012.jp&i=d,2026-03-22T01:59:33+00:00
7012,7012.T,7012.jp,2011-12-02,1860.00,1886.20,1851.19,1868.66,1655241,https://stooq.com/q/d/l/?s=7012.jp&i=d,2026-03-22T01:59:33+00:00
7012,7012.T,7012.jp,2011-12-05,1894.93,1903.56,1877.46,1877.46,720203,https://stooq.com/q/d/l/?s=7012.jp&i=d,2026-03-22T01:59:33+00:00
7012,7012.T,7012.jp,2011-12-06,1860.00,1877.46,1833.73,1842.56,680350,https://stooq.com/q/d/l/?s=7012.jp&i=d,2026-03-22T01:59:33+00:00
7012,7012.T,7012.jp,2011-12-07,1842.56,1886.20,1842.56,1877.46,1099486,https://stooq.com/q/d/l/?s=7012.jp&i=d,2026-03-22T01:59:33+00:00
7012,7012.T,7012.jp,2011-12-08,1851.19,1868.66,1816.36,1860.00,1396086,https://stooq.com/q/d/l/?s=7012.jp&i=d,2026-03-22T01:59:33+00:00
7012,7012.T,7012.jp,2011-12-09,1807.55,1860.00,1807.55,1833.73,1888742,https://stooq.com/q/d/l/?s=7012.jp&i=d,2026-03-22T01:59:33+00:00
7012,7012.T,7012.jp,2011-12-12,1877.46,1877.46,1851.19,1868.66,965157,https://stooq.com/q/d/l/?s=7012.jp&i=d,2026-03-22T01:59:33+00:00
7012,7012.T,7012.jp,2011-12-13,1833.73,1860.00,1825.09,1833.73,1020696,https://stooq.com/q/d/l/?s=7012.jp&i=d,2026-03-22T01:59:33+00:00
7012,7012.T,7012.jp,2011-12-14,1816.36,1825.09,1772.63,1781.44,1491251,https://stooq.com/q/d/l/?s=7012.jp&i=d,2026-03-22T01:59:33+00:00
7012,7012.T,7012.jp,2011-12-15,1755.17,1755.17,1702.80,1702.80,1669669,https://stooq.com/q/d/l/?s=7012.jp&i=d,2026-03-22T01:59:33+00:00
7012,7012.T,7012.jp,2011-12-16,1711.52,1737.71,1702.80,1711.52,1011306,https://stooq.com/q/d/l/?s=7012.jp&i=d,2026-03-22T01:59:33+00:00
7012,7012.T,7012.jp,2011-12-19,1702.80,1702.80,1667.88,1667.88,733600,https://stooq.com/q/d/l/?s=7012.jp&i=d,2026-03-22T01:59:33+00:00
7012,7012.T,7012.jp,2011-12-20,1685.33,1711.52,1676.60,1693.97,1013941,https://stooq.com/q/d/l/?s=7012.jp&i=d,2026-03-22T01:59:33+00:00
7012,7012.T,7012.jp,2011-12-21,1728.98,1737.71,1702.80,1711.52,690200,https://stooq.com/q/d/l/?s=7012.jp&i=d,2026-03-22T01:59:33+00:00
7012,7012.T,7012.jp,2011-12-22,1702.80,1711.52,1667.88,1676.60,815251,https://stooq.com/q/d/l/?s=7012.jp&i=d,2026-03-22T01:59:33+00:00
7012,7012.T,7012.jp,2011-12-26,1720.34,1720.34,1693.97,1693.97,461622,https://stooq.com/q/d/l/?s=7012.jp&i=d,2026-03-22T01:59:33+00:00
7012,7012.T,7012.jp,2011-12-27,1693.97,1720.34,1685.33,1702.80,486471,https://stooq.com/q/d/l/?s=7012.jp&i=d,2026-03-22T01:59:33+00:00
7012,7012.T,7012.jp,2011-12-28,1693.97,1702.80,1676.60,1676.60,304847,https://stooq.com/q/d/l/?s=7012.jp&i=d,2026-03-22T01:59:33+00:00
7012,7012.T,7012.jp,2011-12-29,1667.88,1676.60,1659.13,1676.60,563198,https://stooq.com/q/d/l/?s=7012.jp&i=d,2026-03-22T01:59:33+00:00
7012,7012.T,7012.jp,2011-12-30,1676.60,1685.33,1659.13,1676.60,546134,https://stooq.com/q/d/l/?s=7012.jp&i=d,2026-03-22T01:59:33+00:00
7012,7012.T,7012.jp,2012-01-04,1702.80,1720.34,1693.97,1711.52,837699,https://stooq.com/q/d/l/?s=7012.jp&i=d,2026-03-22T01:59:33+00:00
7012,7012.T,7012.jp,2012-01-05,1711.52,1737.71,1702.80,1720.34,845371,https://stooq.com/q/d/l/?s=7012.jp&i=d,2026-03-22T01:59:33+00:00
7012,7012.T,7012.jp,2012-01-06,1711.52,1720.34,1685.33,1693.97,524948,https://stooq.com/q/d/l/?s=7012.jp&i=d,2026-03-22T01:59:33+00:00
7012,7012.T,7012.jp,2012-01-10,1702.80,1702.80,1685.33,1693.97,338285,https://stooq.com/q/d/l/?s=7012.jp&i=d,2026-03-22T01:59:33+00:00
7012,7012.T,7012.jp,2012-01-11,1693.97,1720.34,1685.33,1711.52,613586,https://stooq.com/q/d/l/?s=7012.jp&i=d,2026-03-22T01:59:33+00:00
7012,7012.T,7012.jp,2012-01-12,1711.52,1711.52,1685.33,1693.97,417416,https://stooq.com/q/d/l/?s=7012.jp&i=d,2026-03-22T01:59:33+00:00
7012,7012.T,7012.jp,2012-01-13,1711.52,1763.89,1711.52,1746.46,1552061,https://stooq.com/q/d/l/?s=7012.jp&i=d,2026-03-22T01:59:33+00:00
7012,7012.T,7012.jp,2012-01-16,1728.98,1763.89,1720.34,1763.89,1047723,https://stooq.com/q/d/l/?s=7012.jp&i=d,2026-03-22T01:59:33+00:00
7012,7012.T,7012.jp,2012-01-17,1763.89,1816.36,1755.17,1816.36,1482548,https://stooq.com/q/d/l/?s=7012.jp&i=d,2026-03-22T01:59:33+00:00
7012,7012.T,7012.jp,2012-01-18,1816.36,1894.93,1807.55,1868.66,2313373,https://stooq.com/q/d/l/?s=7012.jp&i=d,2026-03-22T01:59:33+00:00
7012,7012.T,7012.jp,2012-01-19,1886.20,1912.30,1860.00,1877.46,1531791,https://stooq.com/q/d/l/?s=7012.jp&i=d,2026-03-22T01:59:33+00:00
7012,7012.T,7012.jp,2012-01-20,1921.11,1956.03,1903.56,1956.03,2507481,https://stooq.com/q/d/l/?s=7012.jp&i=d,2026-03-22T01:59:33+00:00
7012,7012.T,7012.jp,2012-01-23,1956.03,1964.77,1929.84,1947.31,1146553,https://stooq.com/q/d/l/?s=7012.jp&i=d,2026-03-22T01:59:33+00:00
7012,7012.T,7012.jp,2012-01-24,1947.31,1947.31,1894.93,1894.93,1375129,https://stooq.com/q/d/l/?s=7012.jp&i=d,2026-03-22T01:59:33+00:00
7012,7012.T,7012.jp,2012-01-25,1912.30,1947.31,1894.93,1938.58,1489304,https://stooq.com/q/d/l/?s=7012.jp&i=d,2026-03-22T01:59:33+00:00
7012,7012.T,7012.jp,2012-01-26,1947.31,1947.31,1921.11,1929.84,1463881,https://stooq.com/q/d/l/?s=7012.jp&i=d,2026-03-22T01:59:33+00:00
7012,7012.T,7012.jp,2012-01-27,1938.58,1973.40,1938.58,1938.58,2932342,https://stooq.com/q/d/l/?s=7012.jp&i=d,2026-03-22T01:59:33+00:00
7012,7012.T,7012.jp,2012-01-30,1903.56,1929.84,1886.20,1886.20,1318215,https://stooq.com/q/d/l/?s=7012.jp&i=d,2026-03-22T01:59:33+00:00
7012,7012.T,7012.jp,2012-01-31,1877.46,1964.77,1851.19,1956.03,3344721,https://stooq.com/q/d/l/?s=7012.jp&i=d,2026-03-22T01:59:33+00:00
7012,7012.T,7012.jp,2012-02-01,1938.58,1964.77,1929.84,1929.84,1889199,https://stooq.com/q/d/l/?s=7012.jp&i=d,2026-03-22T01:59:33+00:00
7012,7012.T,7012.jp,2012-02-02,1938.58,1947.31,1921.11,1929.84,919692,https://stooq.com/q/d/l/?s=7012.jp&i=d,2026-03-22T01:59:33+00:00
7012,7012.T,7012.jp,2012-02-03,1921.11,1929.84,1894.93,1894.93,790859,https://stooq.com/q/d/l/?s=7012.jp&i=d,2026-03-22T01:59:33+00:00
7012,7012.T,7012.jp,2012-02-06,1929.84,1947.31,1921.11,1929.84,1515644,https://stooq.com/q/d/l/?s=7012.jp&i=d,2026-03-22T01:59:33+00:00
7012,7012.T,7012.jp,2012-02-07,1921.11,1929.84,1903.56,1912.30,832201,https://stooq.com/q/d/l/?s=7012.jp&i=d,2026-03-22T01:59:33+00:00
7012,7012.T,7012.jp,2012-02-08,1921.11,1938.58,1912.30,1929.84,837466,https://stooq.com/q/d/l/?s=7012.jp&i=d,2026-03-22T01:59:33+00:00
7012,7012.T,7012.jp,2012-02-09,1921.11,1929.84,1886.20,1903.56,1652950,https://stooq.com/q/d/l/?s=7012.jp&i=d,2026-03-22T01:59:33+00:00
7012,7012.T,7012.jp,2012-02-10,1903.56,1912.30,1877.46,1886.20,944542,https://stooq.com/q/d/l/?s=7012.jp&i=d,2026-03-22T01:59:33+00:00
7012,7012.T,7012.jp,2012-02-13,1877.46,1912.30,1877.46,1894.93,1768499,https://stooq.com/q/d/l/?s=7012.jp&i=d,2026-03-22T01:59:33+00:00
7012,7012.T,7012.jp,2012-02-14,1903.56,1903.56,1886.20,1894.93,1242288,https://stooq.com/q/d/l/?s=7012.jp&i=d,2026-03-22T01:59:33+00:00
7012,7012.T,7012.jp,2012-02-15,1903.56,1990.96,1894.93,1982.22,3583377,https://stooq.com/q/d/l/?s=7012.jp&i=d,2026-03-22T01:59:33+00:00
7012,7012.T,7012.jp,2012-02-16,1973.40,2008.42,1947.31,1982.22,2674449,https://stooq.com/q/d/l/?s=7012.jp&i=d,2026-03-22T01:59:33+00:00
7012,7012.T,7012.jp,2012-02-17,2043.34,2069.61,2025.86,2025.86,2601159,https://stooq.com/q/d/l/?s=7012.jp&i=d,2026-03-22T01:59:33+00:00
7012,7012.T,7012.jp,2012-02-20,2095.71,2183.10,2086.98,2148.09,4250100,https://stooq.com/q/d/l/?s=7012.jp&i=d,2026-03-22T01:59:33+00:00
7012,7012.T,7012.jp,2012-02-21,2139.45,2156.82,2113.17,2113.17,1914622,https://stooq.com/q/d/l/?s=7012.jp&i=d,2026-03-22T01:59:33+00:00
7012,7012.T,7012.jp,2012-02-22,2113.17,2183.10,2104.53,2174.36,2094646,https://stooq.com/q/d/l/?s=7012.jp&i=d,2026-03-22T01:59:33+00:00
7012,7012.T,7012.jp,2012-02-23,2165.63,2191.73,2148.09,2183.10,1725325,https://stooq.com/q/d/l/?s=7012.jp&i=d,2026-03-22T01:59:33+00:00
7012,7012.T,7012.jp,2012-02-24,2191.73,2261.67,2183.10,2261.67,2956734,https://stooq.com/q/d/l/?s=7012.jp&i=d,2026-03-22T01:59:33+00:00
7012,7012.T,7012.jp,2012-02-27,2314.04,2340.31,2235.47,2244.21,2369946,https://stooq.com/q/d/l/?s=7012.jp&i=d,2026-03-22T01:59:33+00:00
7012,7012.T,7012.jp,2012-02-28,2218.00,2226.73,2139.45,2200.54,4697863,https://stooq.com/q/d/l/?s=7012.jp&i=d,2026-03-22T01:59:33+00:00
7012,7012.T,7012.jp,2012-02-29,2235.47,2261.67,2218.00,2226.73,3299601,https://stooq.com/q/d/l/?s=7012.jp&i=d,2026-03-22T01:59:33+00:00
7012,7012.T,7012.jp,2012-03-01,2235.47,2252.84,2113.17,2148.09,2488815,https://stooq.com/q/d/l/?s=7012.jp&i=d,2026-03-22T01:59:33+00:00
7012,7012.T,7012.jp,2012-03-02,2174.36,2174.36,2104.53,2139.45,1869618,https://stooq.com/q/d/l/?s=7012.jp&i=d,2026-03-22T01:59:33+00:00
7012,7012.T,7012.jp,2012-03-05,2121.99,2148.09,2095.71,2104.53,1343981,https://stooq.com/q/d/l/?s=7012.jp&i=d,2026-03-22T01:59:33+00:00
7012,7012.T,7012.jp,2012-03-06,2095.71,2121.99,2043.34,2060.87,2568863,https://stooq.com/q/d/l/?s=7012.jp&i=d,2026-03-22T01:59:33+00:00
7012,7012.T,7012.jp,2012-03-07,2008.42,2043.34,1999.78,2025.86,3081672,https://stooq.com/q/d/l/?s=7012.jp&i=d,2026-03-22T01:59:33+00:00
7012,7012.T,7012.jp,2012-03-08,2060.87,2069.61,2043.34,2052.06,2460758,https://stooq.com/q/d/l/?s=7012.jp&i=d,2026-03-22T01:59:33+00:00
7012,7012.T,7012.jp,2012-03-09,2095.71,2121.99,2078.24,2104.53,3883756,https://stooq.com/q/d/l/?s=7012.jp&i=d,2026-03-22T01:59:33+00:00
7012,7012.T,7012.jp,2012-03-12,2130.62,2148.09,2078.24,2086.98,2090524,https://stooq.com/q/d/l/?s=7012.jp&i=d,2026-03-22T01:59:33+00:00
7012,7012.T,7012.jp,2012-03-13,2095.71,2139.45,2095.71,2104.53,2277874,https://stooq.com/q/d/l/?s=7012.jp&i=d,2026-03-22T01:59:33+00:00
7012,7012.T,7012.jp,2012-03-14,2165.63,2174.36,2148.09,2156.82,1636001,https://stooq.com/q/d/l/?s=7012.jp&i=d,2026-03-22T01:59:33+00:00
7012,7012.T,7012.jp,2012-03-15,2183.10,2200.54,2156.82,2183.10,1548738,https://stooq.com/q/d/l/?s=7012.jp&i=d,2026-03-22T01:59:33+00:00
7012,7012.T,7012.jp,2012-03-16,2218.00,2287.86,2209.28,2252.84,3427632,https://stooq.com/q/d/l/?s=7012.jp&i=d,2026-03-22T01:59:33+00:00
7012,7012.T,7012.jp,2012-03-19,2270.38,2322.75,2270.38,2296.57,2488928,https://stooq.com/q/d/l/?s=7012.jp&i=d,2026-03-22T01:59:33+00:00
7012,7012.T,7012.jp,2012-03-21,2270.38,2296.57,2244.21,2261.67,1630275,https://stooq.com/q/d/l/?s=7012.jp&i=d,2026-03-22T01:59:33+00:00
7012,7012.T,7012.jp,2012-03-22,2226.73,2252.84,2191.73,2209.28,2111021,https://stooq.com/q/d/l/?s=7012.jp&i=d,2026-03-22T01:59:33+00:00
7012,7012.T,7012.jp,2012-03-23,2183.10,2191.73,2148.09,2183.10,1419333,https://stooq.com/q/d/l/?s=7012.jp&i=d,2026-03-22T01:59:33+00:00
7012,7012.T,7012.jp,2012-03-26,2200.54,2209.28,2174.36,2191.73,1050929,https://stooq.com/q/d/l/?s=7012.jp&i=d,2026-03-22T01:59:33+00:00
7012,7012.T,7012.jp,2012-03-27,2279.21,2305.30,2270.38,2296.57,2315550,https://stooq.com/q/d/l/?s=7012.jp&i=d,2026-03-22T01:59:33+00:00
7012,7012.T,7012.jp,2012-03-28,2270.38,2305.30,2261.67,2279.21,1580345,https://stooq.com/q/d/l/?s=7012.jp&i=d,2026-03-22T01:59:33+00:00
7012,7012.T,7012.jp,2012-03-29,2279.21,2279.21,2226.73,2235.47,1841102,https://stooq.com/q/d/l/?s=7012.jp&i=d,2026-03-22T01:59:33+00:00
7012,7012.T,7012.jp,2012-03-30,2235.47,2244.21,2191.73,2209.28,2337650,https://stooq.com/q/d/l/?s=7012.jp&i=d,2026-03-22T01:59:33+00:00
7012,7012.T,7012.jp,2012-04-02,2226.73,2252.84,2174.36,2200.54,2244779,https://stooq.com/q/d/l/?s=7012.jp&i=d,2026-03-22T01:59:33+00:00
7012,7012.T,7012.jp,2012-04-03,2191.73,2200.54,2156.82,2174.36,1331156,https://stooq.com/q/d/l/?s=7012.jp&i=d,2026-03-22T01:59:33+00:00
7012,7012.T,7012.jp,2012-04-04,2174.36,2183.10,2104.53,2104.53,2009328,https://stooq.com/q/d/l/?s=7012.jp&i=d,2026-03-22T01:59:33+00:00
7012,7012.T,7012.jp,2012-04-05,2060.87,2095.71,2025.86,2086.98,3231119,https://stooq.com/q/d/l/?s=7012.jp&i=d,2026-03-22T01:59:33+00:00
7012,7012.T,7012.jp,2012-04-06,2078.24,2086.98,2043.34,2069.61,1904775,https://stooq.com/q/d/l/?s=7012.jp&i=d,2026-03-22T01:59:33+00:00
7012,7012.T,7012.jp,2012-04-09,2025.86,2043.34,2008.42,2017.15,1543814,https://stooq.com/q/d/l/?s=7012.jp&i=d,2026-03-22T01:59:33+00:00
7012,7012.T,7012.jp,2012-04-10,2025.86,2078.24,1999.78,2008.42,1444986,https://stooq.com/q/d/l/?s=7012.jp&i=d,2026-03-22T01:59:33+00:00
7012,7012.T,7012.jp,2012-04-11,1964.77,2017.15,1956.03,1999.78,1541522,https://stooq.com/q/d/l/?s=7012.jp&i=d,2026-03-22T01:59:33+00:00
7012,7012.T,7012.jp,2012-04-12,2034.59,2052.06,2008.42,2034.59,1190070,https://stooq.com/q/d/l/?s=7012.jp&i=d,2026-03-22T01:59:33+00:00
7012,7012.T,7012.jp,2012-04-13,2086.98,2113.17,2060.87,2069.61,2268254,https://stooq.com/q/d/l/?s=7012.jp&i=d,2026-03-22T01:59:33+00:00
7012,7012.T,7012.jp,2012-04-16,2043.34,2060.87,2025.86,2034.59,1040738,https://stooq.com/q/d/l/?s=7012.jp&i=d,2026-03-22T01:59:33+00:00
7012,7012.T,7012.jp,2012-04-17,2034.59,2060.87,2034.59,2043.34,991495,https://stooq.com/q/d/l/?s=7012.jp&i=d,2026-03-22T01:59:33+00:00
7012,7012.T,7012.jp,2012-04-18,2095.71,2121.99,2086.98,2121.99,1323484,https://stooq.com/q/d/l/?s=7012.jp&i=d,2026-03-22T01:59:33+00:00
7012,7012.T,7012.jp,2012-04-19,2104.53,2148.09,2095.71,2130.62,1164418,https://stooq.com/q/d/l/?s=7012.jp&i=d,2026-03-22T01:59:33+00:00
7012,7012.T,7012.jp,2012-04-20,2139.45,2165.63,2121.99,2156.82,1134985,https://stooq.com/q/d/l/?s=7012.jp&i=d,2026-03-22T01:59:33+00:00
7012,7012.T,7012.jp,2012-04-23,2174.36,2200.54,2121.99,2139.45,1275728,https://stooq.com/q/d/l/?s=7012.jp&i=d,2026-03-22T01:59:33+00:00
7012,7012.T,7012.jp,2012-04-24,2121.99,2156.82,2113.17,2148.09,1545417,https://stooq.com/q/d/l/?s=7012.jp&i=d,2026-03-22T01:59:33+00:00
7012,7012.T,7012.jp,2012-04-25,2165.63,2174.36,2139.45,2156.82,825444,https://stooq.com/q/d/l/?s=7012.jp&i=d,2026-03-22T01:59:33+00:00
7012,7012.T,7012.jp,2012-04-26,2148.09,2148.09,2043.34,2078.24,3547074,https://stooq.com/q/d/l/?s=7012.jp&i=d,2026-03-22T01:59:33+00:00
7012,7012.T,7012.jp,2012-04-27,2069.61,2130.62,2034.59,2113.17,4346409,https://stooq.com/q/d/l/?s=7012.jp&i=d,2026-03-22T01:59:33+00:00
7012,7012.T,7012.jp,2012-05-01,2078.24,2078.24,1982.22,2008.42,1838352,https://stooq.com/q/d/l/?s=7012.jp&i=d,2026-03-22T01:59:33+00:00
7012,7012.T,7012.jp,2012-05-02,2017.15,2025.86,1990.96,2017.15,905262,https://stooq.com/q/d/l/?s=7012.jp&i=d,2026-03-22T01:59:33+00:00
7012,7012.T,7012.jp,2012-05-07,1938.58,1956.03,1903.56,1912.30,1630848,https://stooq.com/q/d/l/?s=7012.jp&i=d,2026-03-22T01:59:33+00:00
7012,7012.T,7012.jp,2012-05-08,1929.84,1956.03,1921.11,1929.84,815481,https://stooq.com/q/d/l/?s=7012.jp&i=d,2026-03-22T01:59:33+00:00
7012,7012.T,7012.jp,2012-05-09,1894.93,1903.56,1833.73,1842.56,1866985,https://stooq.com/q/d/l/?s=7012.jp&i=d,2026-03-22T01:59:33+00:00
7012,7012.T,7012.jp,2012-05-10,1833.73,1886.20,1807.55,1851.19,2256687,https://stooq.com/q/d/l/?s=7012.jp&i=d,2026-03-22T01:59:33+00:00
7012,7012.T,7012.jp,2012-05-11,1851.19,1868.66,1816.36,1825.09,1127771,https://stooq.com/q/d/l/?s=7012.jp&i=d,2026-03-22T01:59:33+00:00
7012,7012.T,7012.jp,2012-05-14,1825.09,1868.66,1816.36,1842.56,1060779,https://stooq.com/q/d/l/?s=7012.jp&i=d,2026-03-22T01:59:33+00:00
7012,7012.T,7012.jp,2012-05-15,1816.36,1825.09,1790.08,1825.09,1053565,https://stooq.com/q/d/l/?s=7012.jp&i=d,2026-03-22T01:59:33+00:00
7012,7012.T,7012.jp,2012-05-16,1816.36,1851.19,1798.82,1816.36,1296113,https://stooq.com/q/d/l/?s=7012.jp&i=d,2026-03-22T01:59:33+00:00
7012,7012.T,7012.jp,2012-05-17,1816.36,1851.19,1807.55,1842.56,2080445,https://stooq.com/q/d/l/?s=7012.jp&i=d,2026-03-22T01:59:33+00:00
7012,7012.T,7012.jp,2012-05-18,1790.08,1798.82,1746.46,1755.17,1534884,https://stooq.com/q/d/l/?s=7012.jp&i=d,2026-03-22T01:59:33+00:00
7012,7012.T,7012.jp,2012-05-21,1746.46,1781.44,1728.98,1755.17,1307793,https://stooq.com/q/d/l/?s=7012.jp&i=d,2026-03-22T01:59:33+00:00
7012,7012.T,7012.jp,2012-05-22,1781.44,1816.36,1781.44,1807.55,1105439,https://stooq.com/q/d/l/?s=7012.jp&i=d,2026-03-22T01:59:33+00:00
7012,7012.T,7012.jp,2012-05-23,1833.73,1833.73,1772.63,1781.44,1524576,https://stooq.com/q/d/l/?s=7012.jp&i=d,2026-03-22T01:59:33+00:00
7012,7012.T,7012.jp,2012-05-24,1772.63,1798.82,1755.17,1798.82,1151706,https://stooq.com/q/d/l/?s=7012.jp&i=d,2026-03-22T01:59:33+00:00
7012,7012.T,7012.jp,2012-05-25,1816.36,1825.09,1772.63,1798.82,1597980,https://stooq.com/q/d/l/?s=7012.jp&i=d,2026-03-22T01:59:33+00:00
7012,7012.T,7012.jp,2012-05-28,1807.55,1816.36,1772.63,1807.55,1041197,https://stooq.com/q/d/l/?s=7012.jp&i=d,2026-03-22T01:59:33+00:00
7012,7012.T,7012.jp,2012-05-29,1798.82,1894.93,1781.44,1877.46,2183625,https://stooq.com/q/d/l/?s=7012.jp&i=d,2026-03-22T01:59:33+00:00
7012,7012.T,7012.jp,2012-05-30,1877.46,1886.20,1807.55,1825.09,2081704,https://stooq.com/q/d/l/?s=7012.jp&i=d,2026-03-22T01:59:33+00:00
7012,7012.T,7012.jp,2012-05-31,1790.08,1816.36,1772.63,1816.36,1231638,https://stooq.com/q/d/l/?s=7012.jp&i=d,2026-03-22T01:59:33+00:00
7012,7012.T,7012.jp,2012-06-01,1781.44,1790.08,1746.46,1755.17,1375359,https://stooq.com/q/d/l/?s=7012.jp&i=d,2026-03-22T01:59:33+00:00
7012,7012.T,7012.jp,2012-06-04,1702.80,1711.52,1685.33,1693.97,1045433,https://stooq.com/q/d/l/?s=7012.jp&i=d,2026-03-22T01:59:33+00:00
7012,7012.T,7012.jp,2012-06-05,1711.52,1755.17,1702.80,1737.71,1542440,https://stooq.com/q/d/l/?s=7012.jp&i=d,2026-03-22T01:59:33+00:00
7012,7012.T,7012.jp,2012-06-06,1755.17,1825.09,1737.71,1781.44,1606570,https://stooq.com/q/d/l/?s=7012.jp&i=d,2026-03-22T01:59:33+00:00
7012,7012.T,7012.jp,2012-06-07,1816.36,1833.73,1798.82,1825.09,1073833,https://stooq.com/q/d/l/?s=7012.jp&i=d,2026-03-22T01:59:33+00:00
7012,7012.T,7012.jp,2012-06-08,1825.09,1833.73,1790.08,1798.82,1217782,https://stooq.com/q/d/l/?s=7012.jp&i=d,2026-03-22T01:59:33+00:00
7012,7012.T,7012.jp,2012-06-11,1851.19,1886.20,1833.73,1877.46,1546335,https://stooq.com/q/d/l/?s=7012.jp&i=d,2026-03-22T01:59:33+00:00
7012,7012.T,7012.jp,2012-06-12,1825.09,1860.00,1816.36,1842.56,925190,https://stooq.com/q/d/l/?s=7012.jp&i=d,2026-03-22T01:59:33+00:00
7012,7012.T,7012.jp,2012-06-13,1851.19,1860.00,1807.55,1833.73,776202,https://stooq.com/q/d/l/?s=7012.jp&i=d,2026-03-22T01:59:33+00:00
7012,7012.T,7012.jp,2012-06-14,1807.55,1825.09,1798.82,1825.09,926678,https://stooq.com/q/d/l/?s=7012.jp&i=d,2026-03-22T01:59:33+00:00
7012,7012.T,7012.jp,2012-06-15,1807.55,1825.09,1772.63,1790.08,1425403,https://stooq.com/q/d/l/?s=7012.jp&i=d,2026-03-22T01:59:33+00:00
7012,7012.T,7012.jp,2012-06-18,1842.56,1877.46,1842.56,1860.00,1099257,https://stooq.com/q/d/l/?s=7012.jp&i=d,2026-03-22T01:59:33+00:00
7012,7012.T,7012.jp,2012-06-19,1860.00,1868.66,1842.56,1851.19,583925,https://stooq.com/q/d/l/?s=7012.jp&i=d,2026-03-22T01:59:33+00:00
7012,7012.T,7012.jp,2012-06-20,1877.46,1886.20,1851.19,1860.00,1030886,https://stooq.com/q/d/l/?s=7012.jp&i=d,2026-03-22T01:59:33+00:00
7012,7012.T,7012.jp,2012-06-21,1860.00,1886.20,1833.73,1842.56,1606456,https://stooq.com/q/d/l/?s=7012.jp&i=d,2026-03-22T01:59:33+00:00
7012,7012.T,7012.jp,2012-06-22,1816.36,1851.19,1807.55,1842.56,1286493,https://stooq.com/q/d/l/?s=7012.jp&i=d,2026-03-22T01:59:33+00:00
7012,7012.T,7012.jp,2012-06-25,1877.46,1877.46,1842.56,1851.19,843767,https://stooq.com/q/d/l/?s=7012.jp&i=d,2026-03-22T01:59:33+00:00
7012,7012.T,7012.jp,2012-06-26,1833.73,1851.19,1807.55,1851.19,1332071,https://stooq.com/q/d/l/?s=7012.jp&i=d,2026-03-22T01:59:33+00:00
7012,7012.T,7012.jp,2012-06-27,1851.19,1886.20,1842.56,1886.20,1359900,https://stooq.com/q/d/l/?s=7012.jp&i=d,2026-03-22T01:59:33+00:00
7012,7012.T,7012.jp,2012-06-28,1912.30,1938.58,1886.20,1894.93,1447047,https://stooq.com/q/d/l/?s=7012.jp&i=d,2026-03-22T01:59:33+00:00
7012,7012.T,7012.jp,2012-06-29,1894.93,1903.56,1860.00,1886.20,1600500,https://stooq.com/q/d/l/?s=7012.jp&i=d,2026-03-22T01:59:33+00:00
7012,7012.T,7012.jp,2012-07-02,1921.11,1921.11,1886.20,1886.20,1055626,https://stooq.com/q/d/l/?s=7012.jp&i=d,2026-03-22T01:59:33+00:00
7012,7012.T,7012.jp,2012-07-03,1886.20,1912.30,1877.46,1886.20,886253,https://stooq.com/q/d/l/?s=7012.jp&i=d,2026-03-22T01:59:33+00:00
7012,7012.T,7012.jp,2012-07-04,1894.93,1903.56,1886.20,1886.20,566978,https://stooq.com/q/d/l/?s=7012.jp&i=d,2026-03-22T01:59:33+00:00
7012,7012.T,7012.jp,2012-07-05,1903.56,1956.03,1886.20,1938.58,1944283,https://stooq.com/q/d/l/?s=7012.jp&i=d,2026-03-22T01:59:33+00:00
7012,7012.T,7012.jp,2012-07-06,1938.58,1947.31,1903.56,1921.11,1093644,https://stooq.com/q/d/l/?s=7012.jp&i=d,2026-03-22T01:59:33+00:00
7012,7012.T,7012.jp,2012-07-09,1868.66,1877.46,1816.36,1825.09,1890116,https://stooq.com/q/d/l/?s=7012.jp&i=d,2026-03-22T01:59:33+00:00
7012,7012.T,7012.jp,2012-07-10,1816.36,1833.73,1790.08,1798.82,1180793,https://stooq.com/q/d/l/?s=7012.jp&i=d,2026-03-22T01:59:33+00:00
7012,7012.T,7012.jp,2012-07-11,1790.08,1798.82,1755.17,1772.63,1087347,https://stooq.com/q/d/l/?s=7012.jp&i=d,2026-03-22T01:59:33+00:00
7012,7012.T,7012.jp,2012-07-12,1755.17,1763.89,1711.52,1711.52,1669326,https://stooq.com/q/d/l/?s=7012.jp&i=d,2026-03-22T01:59:33+00:00
7012,7012.T,7012.jp,2012-07-13,1693.97,1720.34,1676.60,1685.33,2753351,https://stooq.com/q/d/l/?s=7012.jp&i=d,2026-03-22T01:59:33+00:00
7012,7012.T,7012.jp,2012-07-17,1693.97,1693.97,1641.69,1650.41,1924357,https://stooq.com/q/d/l/?s=7012.jp&i=d,2026-03-22T01:59:33+00:00
7012,7012.T,7012.jp,2012-07-18,1659.13,1676.60,1632.86,1650.41,1107502,https://stooq.com/q/d/l/?s=7012.jp&i=d,2026-03-22T01:59:33+00:00
7012,7012.T,7012.jp,2012-07-19,1667.88,1702.80,1659.13,1685.33,1101431,https://stooq.com/q/d/l/?s=7012.jp&i=d,2026-03-22T01:59:33+00:00
7012,7012.T,7012.jp,2012-07-20,1676.60,1685.33,1624.14,1632.86,1158349,https://stooq.com/q/d/l/?s=7012.jp&i=d,2026-03-22T01:59:33+00:00
7012,7012.T,7012.jp,2012-07-23,1615.49,1632.86,1589.22,1598.04,1031921,https://stooq.com/q/d/l/?s=7012.jp&i=d,2026-03-22T01:59:33+00:00
7012,7012.T,7012.jp,2012-07-24,1580.57,1641.69,1580.57,1632.86,1083109,https://stooq.com/q/d/l/?s=7012.jp&i=d,2026-03-22T01:59:33+00:00
7012,7012.T,7012.jp,2012-07-25,1624.14,1650.41,1554.29,1571.76,1856905,https://stooq.com/q/d/l/?s=7012.jp&i=d,2026-03-22T01:59:33+00:00
7012,7012.T,7012.jp,2012-07-26,1598.04,1641.69,1580.57,1624.14,1178619,https://stooq.com/q/d/l/?s=7012.jp&i=d,2026-03-22T01:59:33+00:00
7012,7012.T,7012.jp,2012-07-27,1693.97,1702.80,1667.88,1676.60,1444872,https://stooq.com/q/d/l/?s=7012.jp&i=d,2026-03-22T01:59:33+00:00
7012,7012.T,7012.jp,2012-07-30,1711.52,1720.34,1685.33,1702.80,1042798,https://stooq.com/q/d/l/?s=7012.jp&i=d,2026-03-22T01:59:33+00:00
7012,7012.T,7012.jp,2012-07-31,1702.80,1746.46,1624.14,1641.69,2638834,https://stooq.com/q/d/l/?s=7012.jp&i=d,2026-03-22T01:59:33+00:00
7012,7012.T,7012.jp,2012-08-01,1624.14,1624.14,1571.76,1606.76,1383604,https://stooq.com/q/d/l/?s=7012.jp&i=d,2026-03-22T01:59:33+00:00
7012,7012.T,7012.jp,2012-08-02,1589.22,1598.04,1554.29,1563.03,1732425,https://stooq.com/q/d/l/?s=7012.jp&i=d,2026-03-22T01:59:33+00:00
7012,7012.T,7012.jp,2012-08-03,1536.94,1536.94,1484.46,1502.00,1503847,https://stooq.com/q/d/l/?s=7012.jp&i=d,2026-03-22T01:59:33+00:00
7012,7012.T,7012.jp,2012-08-06,1536.94,1545.67,1502.00,1519.38,1043599,https://stooq.com/q/d/l/?s=7012.jp&i=d,2026-03-22T01:59:33+00:00
7012,7012.T,7012.jp,2012-08-07,1484.46,1519.38,1484.46,1510.66,1596263,https://stooq.com/q/d/l/?s=7012.jp&i=d,2026-03-22T01:59:33+00:00
7012,7012.T,7012.jp,2012-08-08,1519.38,1589.22,1519.38,1545.67,2078842,https://stooq.com/q/d/l/?s=7012.jp&i=d,2026-03-22T01:59:33+00:00
7012,7012.T,7012.jp,2012-08-09,1536.94,1589.22,1536.94,1571.76,1600729,https://stooq.com/q/d/l/?s=7012.jp&i=d,2026-03-22T01:59:33+00:00
7012,7012.T,7012.jp,2012-08-10,1563.03,1580.57,1519.38,1545.67,1016117,https://stooq.com/q/d/l/?s=7012.jp&i=d,2026-03-22T01:59:33+00:00
7012,7012.T,7012.jp,2012-08-13,1536.94,1545.67,1519.38,1528.11,640382,https://stooq.com/q/d/l/?s=7012.jp&i=d,2026-03-22T01:59:33+00:00
7012,7012.T,7012.jp,2012-08-14,1528.11,1554.29,1519.38,1519.38,1036843,https://stooq.com/q/d/l/?s=7012.jp&i=d,2026-03-22T01:59:33+00:00
7012,7012.T,7012.jp,2012-08-15,1528.11,1536.94,1502.00,1528.11,827277,https://stooq.com/q/d/l/?s=7012.jp&i=d,2026-03-22T01:59:33+00:00
7012,7012.T,7012.jp,2012-08-16,1536.94,1589.22,1536.94,1571.76,1417502,https://stooq.com/q/d/l/?s=7012.jp&i=d,2026-03-22T01:59:33+00:00
7012,7012.T,7012.jp,2012-08-17,1598.04,1632.86,1580.57,1624.14,1965583,https://stooq.com/q/d/l/?s=7012.jp&i=d,2026-03-22T01:59:33+00:00
7012,7012.T,7012.jp,2012-08-20,1632.86,1650.41,1606.76,1615.49,708407,https://stooq.com/q/d/l/?s=7012.jp&i=d,2026-03-22T01:59:33+00:00
7012,7012.T,7012.jp,2012-08-21,1615.49,1624.14,1598.04,1615.49,583698,https://stooq.com/q/d/l/?s=7012.jp&i=d,2026-03-22T01:59:33+00:00
7012,7012.T,7012.jp,2012-08-22,1598.04,1598.04,1571.76,1598.04,920723,https://stooq.com/q/d/l/?s=7012.jp&i=d,2026-03-22T01:59:33+00:00
7012,7012.T,7012.jp,2012-08-23,1580.57,1589.22,1554.29,1571.76,1525949,https://stooq.com/q/d/l/?s=7012.jp&i=d,2026-03-22T01:59:33+00:00
7012,7012.T,7012.jp,2012-08-24,1554.29,1563.03,1536.94,1545.67,706346,https://stooq.com/q/d/l/?s=7012.jp&i=d,2026-03-22T01:59:33+00:00
7012,7012.T,7012.jp,2012-08-27,1554.29,1554.29,1536.94,1554.29,400469,https://stooq.com/q/d/l/?s=7012.jp&i=d,2026-03-22T01:59:33+00:00
7012,7012.T,7012.jp,2012-08-28,1536.94,1545.67,1510.66,1528.11,712071,https://stooq.com/q/d/l/?s=7012.jp&i=d,2026-03-22T01:59:33+00:00
7012,7012.T,7012.jp,2012-08-29,1519.38,1528.11,1493.19,1519.38,944658,https://stooq.com/q/d/l/?s=7012.jp&i=d,2026-03-22T01:59:33+00:00
7012,7012.T,7012.jp,2012-08-30,1510.66,1519.38,1484.46,1493.19,1326459,https://stooq.com/q/d/l/?s=7012.jp&i=d,2026-03-22T01:59:33+00:00
7012,7012.T,7012.jp,2012-08-31,1467.00,1484.46,1449.45,1449.45,1174838,https://stooq.com/q/d/l/?s=7012.jp&i=d,2026-03-22T01:59:33+00:00
7012,7012.T,7012.jp,2012-09-03,1458.27,1475.81,1423.35,1449.45,836897,https://stooq.com/q/d/l/?s=7012.jp&i=d,2026-03-22T01:59:33+00:00
7012,7012.T,7012.jp,2012-09-04,1449.45,1475.81,1432.09,1449.45,924386,https://stooq.com/q/d/l/?s=7012.jp&i=d,2026-03-22T01:59:33+00:00
7012,7012.T,7012.jp,2012-09-05,1440.91,1449.45,1370.98,1388.45,2148239,https://stooq.com/q/d/l/?s=7012.jp&i=d,2026-03-22T01:59:33+00:00
7012,7012.T,7012.jp,2012-09-06,1362.24,1388.45,1327.33,1379.70,1651690,https://stooq.com/q/d/l/?s=7012.jp&i=d,2026-03-22T01:59:33+00:00
7012,7012.T,7012.jp,2012-09-07,1432.09,1467.00,1414.53,1458.27,1505450,https://stooq.com/q/d/l/?s=7012.jp&i=d,2026-03-22T01:59:33+00:00
7012,7012.T,7012.jp,2012-09-10,1440.91,1467.00,1423.35,1458.27,597095,https://stooq.com/q/d/l/?s=7012.jp&i=d,2026-03-22T01:59:33+00:00
7012,7012.T,7012.jp,2012-09-11,1432.09,1449.45,1405.91,1423.35,738754,https://stooq.com/q/d/l/?s=7012.jp&i=d,2026-03-22T01:59:33+00:00
7012,7012.T,7012.jp,2012-09-12,1414.53,1440.91,1405.91,1440.91,916601,https://stooq.com/q/d/l/?s=7012.jp&i=d,2026-03-22T01:59:33+00:00
7012,7012.T,7012.jp,2012-09-13,1432.09,1458.27,1423.35,1449.45,952903,https://stooq.com/q/d/l/?s=7012.jp&i=d,2026-03-22T01:59:33+00:00
7012,7012.T,7012.jp,2012-09-14,1475.81,1528.11,1467.00,1519.38,1758764,https://stooq.com/q/d/l/?s=7012.jp&i=d,2026-03-22T01:59:33+00:00
7012,7012.T,7012.jp,2012-09-18,1519.38,1536.94,1493.19,1502.00,993786,https://stooq.com/q/d/l/?s=7012.jp&i=d,2026-03-22T01:59:33+00:00
7012,7012.T,7012.jp,2012-09-19,1519.38,1554.29,1502.00,1536.94,979700,https://stooq.com/q/d/l/?s=7012.jp&i=d,2026-03-22T01:59:33+00:00
7012,7012.T,7012.jp,2012-09-20,1519.38,1528.11,1467.00,1484.46,1126054,https://stooq.com/q/d/l/?s=7012.jp&i=d,2026-03-22T01:59:33+00:00
7012,7012.T,7012.jp,2012-09-21,1467.00,1493.19,1449.45,1475.81,881671,https://stooq.com/q/d/l/?s=7012.jp&i=d,2026-03-22T01:59:33+00:00
7012,7012.T,7012.jp,2012-09-24,1484.46,1484.46,1449.45,1475.81,761658,https://stooq.com/q/d/l/?s=7012.jp&i=d,2026-03-22T01:59:33+00:00
7012,7012.T,7012.jp,2012-09-25,1467.00,1475.81,1432.09,1449.45,1166364,https://stooq.com/q/d/l/?s=7012.jp&i=d,2026-03-22T01:59:33+00:00
7012,7012.T,7012.jp,2012-09-26,1414.53,1432.09,1397.18,1405.91,582322,https://stooq.com/q/d/l/?s=7012.jp&i=d,2026-03-22T01:59:33+00:00
7012,7012.T,7012.jp,2012-09-27,1379.70,1405.91,1370.98,1397.18,1037532,https://stooq.com/q/d/l/?s=7012.jp&i=d,2026-03-22T01:59:33+00:00
7012,7012.T,7012.jp,2012-09-28,1379.70,1388.45,1344.71,1353.43,1491938,https://stooq.com/q/d/l/?s=7012.jp&i=d,2026-03-22T01:59:33+00:00
7012,7012.T,7012.jp,2012-10-01,1344.71,1353.43,1327.33,1353.43,736348,https://stooq.com/q/d/l/?s=7012.jp&i=d,2026-03-22T01:59:33+00:00
7012,7012.T,7012.jp,2012-10-02,1362.24,1379.70,1353.43,1353.43,704056,https://stooq.com/q/d/l/?s=7012.jp&i=d,2026-03-22T01:59:33+00:00
7012,7012.T,7012.jp,2012-10-03,1344.71,1379.70,1336.06,1362.24,709093,https://stooq.com/q/d/l/?s=7012.jp&i=d,2026-03-22T01:59:33+00:00
7012,7012.T,7012.jp,2012-10-04,1379.70,1414.53,1362.24,1397.18,1416699,https://stooq.com/q/d/l/?s=7012.jp&i=d,2026-03-22T01:59:33+00:00
7012,7012.T,7012.jp,2012-10-05,1397.18,1440.91,1397.18,1432.09,1341691,https://stooq.com/q/d/l/?s=7012.jp&i=d,2026-03-22T01:59:33+00:00
7012,7012.T,7012.jp,2012-10-09,1432.09,1432.09,1362.24,1370.98,1492167,https://stooq.com/q/d/l/?s=7012.jp&i=d,2026-03-22T01:59:33+00:00
7012,7012.T,7012.jp,2012-10-10,1353.43,1362.24,1336.06,1353.43,1053793,https://stooq.com/q/d/l/?s=7012.jp&i=d,2026-03-22T01:59:33+00:00
7012,7012.T,7012.jp,2012-10-11,1336.06,1370.98,1318.60,1344.71,1639780,https://stooq.com/q/d/l/?s=7012.jp&i=d,2026-03-22T01:59:33+00:00
7012,7012.T,7012.jp,2012-10-12,1362.24,1388.45,1353.43,1370.98,950267,https://stooq.com/q/d/l/?s=7012.jp&i=d,2026-03-22T01:59:33+00:00
7012,7012.T,7012.jp,2012-10-15,1370.98,1397.18,1344.71,1388.45,1351768,https://stooq.com/q/d/l/?s=7012.jp&i=d,2026-03-22T01:59:33+00:00
7012,7012.T,7012.jp,2012-10-16,1405.91,1423.35,1388.45,1423.35,1132924,https://stooq.com/q/d/l/?s=7012.jp&i=d,2026-03-22T01:59:33+00:00
7012,7012.T,7012.jp,2012-10-17,1423.35,1449.45,1423.35,1440.91,888773,https://stooq.com/q/d/l/?s=7012.jp&i=d,2026-03-22T01:59:33+00:00
7012,7012.T,7012.jp,2012-10-18,1458.27,1519.38,1449.45,1502.00,2118234,https://stooq.com/q/d/l/?s=7012.jp&i=d,2026-03-22T01:59:33+00:00
7012,7012.T,7012.jp,2012-10-19,1502.00,1563.03,1502.00,1545.67,1946231,https://stooq.com/q/d/l/?s=7012.jp&i=d,2026-03-22T01:59:33+00:00
7012,7012.T,7012.jp,2012-10-22,1502.00,1545.67,1502.00,1536.94,1152048,https://stooq.com/q/d/l/?s=7012.jp&i=d,2026-03-22T01:59:33+00:00
7012,7012.T,7012.jp,2012-10-23,1571.76,1580.57,1519.38,1536.94,2062466,https://stooq.com/q/d/l/?s=7012.jp&i=d,2026-03-22T01:59:33+00:00
7012,7012.T,7012.jp,2012-10-24,1440.91,1475.81,1432.09,1449.45,2740868,https://stooq.com/q/d/l/?s=7012.jp&i=d,2026-03-22T01:59:33+00:00
7012,7012.T,7012.jp,2012-10-25,1449.45,1467.00,1423.35,1458.27,1406620,https://stooq.com/q/d/l/?s=7012.jp&i=d,2026-03-22T01:59:33+00:00
7012,7012.T,7012.jp,2012-10-26,1458.27,1475.81,1414.53,1423.35,1558817,https://stooq.com/q/d/l/?s=7012.jp&i=d,2026-03-22T01:59:33+00:00
7012,7012.T,7012.jp,2012-10-29,1405.91,1423.35,1397.18,1414.53,1482088,https://stooq.com/q/d/l/?s=7012.jp&i=d,2026-03-22T01:59:33+00:00
7012,7012.T,7012.jp,2012-10-30,1397.18,1458.27,1397.18,1432.09,1669556,https://stooq.com/q/d/l/?s=7012.jp&i=d,2026-03-22T01:59:33+00:00
7012,7012.T,7012.jp,2012-10-31,1423.35,1475.81,1414.53,1432.09,1486785,https://stooq.com/q/d/l/?s=7012.jp&i=d,2026-03-22T01:59:33+00:00
7012,7012.T,7012.jp,2012-11-01,1432.09,1493.19,1432.09,1493.19,1372841,https://stooq.com/q/d/l/?s=7012.jp&i=d,2026-03-22T01:59:33+00:00
7012,7012.T,7012.jp,2012-11-02,1510.66,1571.76,1510.66,1563.03,2216376,https://stooq.com/q/d/l/?s=7012.jp&i=d,2026-03-22T01:59:33+00:00
7012,7012.T,7012.jp,2012-11-05,1545.67,1563.03,1528.11,1545.67,953589,https://stooq.com/q/d/l/?s=7012.jp&i=d,2026-03-22T01:59:33+00:00
7012,7012.T,7012.jp,2012-11-06,1528.11,1536.94,1493.19,1502.00,886253,https://stooq.com/q/d/l/?s=7012.jp&i=d,2026-03-22T01:59:33+00:00
7012,7012.T,7012.jp,2012-11-07,1528.11,1536.94,1502.00,1510.66,1063755,https://stooq.com/q/d/l/?s=7012.jp&i=d,2026-03-22T01:59:33+00:00
7012,7012.T,7012.jp,2012-11-08,1493.19,1510.66,1484.46,1493.19,1195680,https://stooq.com/q/d/l/?s=7012.jp&i=d,2026-03-22T01:59:33+00:00
7012,7012.T,7012.jp,2012-11-09,1467.00,1493.19,1458.27,1493.19,902628,https://stooq.com/q/d/l/?s=7012.jp&i=d,2026-03-22T01:59:33+00:00
7012,7012.T,7012.jp,2012-11-12,1484.46,1502.00,1449.45,1467.00,763603,https://stooq.com/q/d/l/?s=7012.jp&i=d,2026-03-22T01:59:33+00:00
7012,7012.T,7012.jp,2012-11-13,1467.00,1475.81,1405.91,1449.45,1400095,https://stooq.com/q/d/l/?s=7012.jp&i=d,2026-03-22T01:59:33+00:00
7012,7012.T,7012.jp,2012-11-14,1440.91,1449.45,1423.35,1440.91,796472,https://stooq.com/q/d/l/?s=7012.jp&i=d,2026-03-22T01:59:33+00:00
7012,7012.T,7012.jp,2012-11-15,1449.45,1536.94,1440.91,1519.38,1640010,https://stooq.com/q/d/l/?s=7012.jp&i=d,2026-03-22T01:59:33+00:00
7012,7012.T,7012.jp,2012-11-16,1545.67,1571.76,1536.94,1554.29,2075062,https://stooq.com/q/d/l/?s=7012.jp&i=d,2026-03-22T01:59:33+00:00
7012,7012.T,7012.jp,2012-11-20,1606.76,1615.49,1563.03,1580.57,1281109,https://stooq.com/q/d/l/?s=7012.jp&i=d,2026-03-22T01:59:33+00:00
7012,7012.T,7012.jp,2012-11-21,1580.57,1615.49,1580.57,1598.04,1067304,https://stooq.com/q/d/l/?s=7012.jp&i=d,2026-03-22T01:59:33+00:00
7012,7012.T,7012.jp,2012-11-22,1641.69,1711.52,1632.86,1702.80,3097020,https://stooq.com/q/d/l/?s=7012.jp&i=d,2026-03-22T01:59:33+00:00
7012,7012.T,7012.jp,2012-11-26,1746.46,1763.89,1702.80,1711.52,2118234,https://stooq.com/q/d/l/?s=7012.jp&i=d,2026-03-22T01:59:33+00:00
7012,7012.T,7012.jp,2012-11-27,1702.80,1702.80,1641.69,1667.88,2348530,https://stooq.com/q/d/l/?s=7012.jp&i=d,2026-03-22T01:59:33+00:00
7012,7012.T,7012.jp,2012-11-28,1641.69,1650.41,1606.76,1624.14,1479113,https://stooq.com/q/d/l/?s=7012.jp&i=d,2026-03-22T01:59:33+00:00
7012,7012.T,7012.jp,2012-11-29,1641.69,1685.33,1641.69,1659.13,1587790,https://stooq.com/q/d/l/?s=7012.jp&i=d,2026-03-22T01:59:33+00:00
7012,7012.T,7012.jp,2012-11-30,1685.33,1685.33,1650.41,1667.88,1454605,https://stooq.com/q/d/l/?s=7012.jp&i=d,2026-03-22T01:59:33+00:00
7012,7012.T,7012.jp,2012-12-03,1667.88,1667.88,1632.86,1650.41,1525949,https://stooq.com/q/d/l/?s=7012.jp&i=d,2026-03-22T01:59:33+00:00
7012,7012.T,7012.jp,2012-12-04,1632.86,1650.41,1624.14,1632.86,872624,https://stooq.com/q/d/l/?s=7012.jp&i=d,2026-03-22T01:59:33+00:00
7012,7012.T,7012.jp,2012-12-05,1632.86,1650.41,1606.76,1632.86,1338825,https://stooq.com/q/d/l/?s=7012.jp&i=d,2026-03-22T01:59:33+00:00
7012,7012.T,7012.jp,2012-12-06,1659.13,1676.60,1650.41,1667.88,1159265,https://stooq.com/q/d/l/?s=7012.jp&i=d,2026-03-22T01:59:33+00:00
7012,7012.T,7012.jp,2012-12-07,1676.60,1693.97,1667.88,1676.60,1151360,https://stooq.com/q/d/l/?s=7012.jp&i=d,2026-03-22T01:59:33+00:00
7012,7012.T,7012.jp,2012-12-10,1693.97,1702.80,1676.60,1685.33,639924,https://stooq.com/q/d/l/?s=7012.jp&i=d,2026-03-22T01:59:33+00:00
7012,7012.T,7012.jp,2012-12-11,1667.88,1676.60,1632.86,1667.88,924960,https://stooq.com/q/d/l/?s=7012.jp&i=d,2026-03-22T01:59:33+00:00
7012,7012.T,7012.jp,2012-12-12,1667.88,1746.46,1667.88,1728.98,2287952,https://stooq.com/q/d/l/?s=7012.jp&i=d,2026-03-22T01:59:33+00:00
7012,7012.T,7012.jp,2012-12-13,1755.17,1790.08,1746.46,1763.89,1941419,https://stooq.com/q/d/l/?s=7012.jp&i=d,2026-03-22T01:59:33+00:00
7012,7012.T,7012.jp,2012-12-14,1772.63,1807.55,1755.17,1781.44,2752321,https://stooq.com/q/d/l/?s=7012.jp&i=d,2026-03-22T01:59:33+00:00
7012,7012.T,7012.jp,2012-12-17,1842.56,1851.19,1807.55,1807.55,1734145,https://stooq.com/q/d/l/?s=7012.jp&i=d,2026-03-22T01:59:33+00:00
7012,7012.T,7012.jp,2012-12-18,1825.09,1877.46,1825.09,1842.56,1728418,https://stooq.com/q/d/l/?s=7012.jp&i=d,2026-03-22T01:59:33+00:00
7012,7012.T,7012.jp,2012-12-19,1877.46,1921.11,1877.46,1912.30,2298258,https://stooq.com/q/d/l/?s=7012.jp&i=d,2026-03-22T01:59:33+00:00
7012,7012.T,7012.jp,2012-12-20,1903.56,1903.56,1851.19,1877.46,1835721,https://stooq.com/q/d/l/?s=7012.jp&i=d,2026-03-22T01:59:33+00:00
7012,7012.T,7012.jp,2012-12-21,1894.93,1912.30,1825.09,1842.56,1471325,https://stooq.com/q/d/l/?s=7012.jp&i=d,2026-03-22T01:59:33+00:00
7012,7012.T,7012.jp,2012-12-25,1894.93,1912.30,1877.46,1886.20,1266109,https://stooq.com/q/d/l/?s=7012.jp&i=d,2026-03-22T01:59:33+00:00
7012,7012.T,7012.jp,2012-12-26,1903.56,1938.58,1894.93,1929.84,1760941,https://stooq.com/q/d/l/?s=7012.jp&i=d,2026-03-22T01:59:33+00:00
7012,7012.T,7012.jp,2012-12-27,1973.40,2043.34,1964.77,1990.96,2857104,https://stooq.com/q/d/l/?s=7012.jp&i=d,2026-03-22T01:59:33+00:00
7012,7012.T,7012.jp,2012-12-28,2025.86,2034.59,2008.42,2025.86,1423799,https://stooq.com/q/d/l/?s=7012.jp&i=d,2026-03-22T01:59:33+00:00
7012,7012.T,7012.jp,2013-01-04,2139.45,2148.09,2078.24,2086.98,1541868,https://stooq.com/q/d/l/?s=7012.jp&i=d,2026-03-22T01:59:33+00:00
7012,7012.T,7012.jp,2013-01-07,2121.99,2130.62,2069.61,2095.71,1498008,https://stooq.com/q/d/l/?s=7012.jp&i=d,2026-03-22T01:59:33+00:00
7012,7012.T,7012.jp,2013-01-08,2078.24,2086.98,2034.59,2043.34,1698185,https://stooq.com/q/d/l/?s=7012.jp&i=d,2026-03-22T01:59:33+00:00
7012,7012.T,7012.jp,2013-01-09,2008.42,2104.53,1990.96,2086.98,1755099,https://stooq.com/q/d/l/?s=7012.jp&i=d,2026-03-22T01:59:33+00:00
7012,7012.T,7012.jp,2013-01-10,2139.45,2165.63,2113.17,2121.99,2140337,https://stooq.com/q/d/l/?s=7012.jp&i=d,2026-03-22T01:59:33+00:00
7012,7012.T,7012.jp,2013-01-11,2156.82,2156.82,2113.17,2113.17,1511177,https://stooq.com/q/d/l/?s=7012.jp&i=d,2026-03-22T01:59:33+00:00
7012,7012.T,7012.jp,2013-01-15,2139.45,2165.63,2121.99,2156.82,1356691,https://stooq.com/q/d/l/?s=7012.jp&i=d,2026-03-22T01:59:33+00:00
7012,7012.T,7012.jp,2013-01-16,2165.63,2165.63,2086.98,2095.71,1791976,https://stooq.com/q/d/l/?s=7012.jp&i=d,2026-03-22T01:59:33+00:00
7012,7012.T,7012.jp,2013-01-17,2104.53,2148.09,2060.87,2113.17,3074002,https://stooq.com/q/d/l/?s=7012.jp&i=d,2026-03-22T01:59:33+00:00
7012,7012.T,7012.jp,2013-01-18,2174.36,2279.21,2165.63,2252.84,4679082,https://stooq.com/q/d/l/?s=7012.jp&i=d,2026-03-22T01:59:33+00:00
7012,7012.T,7012.jp,2013-01-21,2261.67,2261.67,2183.10,2200.54,2643528,https://stooq.com/q/d/l/?s=7012.jp&i=d,2026-03-22T01:59:33+00:00
7012,7012.T,7012.jp,2013-01-22,2200.54,2252.84,2183.10,2226.73,2077354,https://stooq.com/q/d/l/?s=7012.jp&i=d,2026-03-22T01:59:33+00:00
7012,7012.T,7012.jp,2013-01-23,2174.36,2218.00,2165.63,2183.10,1733800,https://stooq.com/q/d/l/?s=7012.jp&i=d,2026-03-22T01:59:33+00:00
7012,7012.T,7012.jp,2013-01-24,2174.36,2252.84,2174.36,2244.21,1887940,https://stooq.com/q/d/l/?s=7012.jp&i=d,2026-03-22T01:59:33+00:00
7012,7012.T,7012.jp,2013-01-25,2287.86,2296.57,2261.67,2287.86,1467088,https://stooq.com/q/d/l/?s=7012.jp&i=d,2026-03-22T01:59:33+00:00
7012,7012.T,7012.jp,2013-01-28,2331.48,2331.48,2287.86,2296.57,1939932,https://stooq.com/q/d/l/?s=7012.jp&i=d,2026-03-22T01:59:33+00:00
7012,7012.T,7012.jp,2013-01-29,2270.38,2305.30,2270.38,2296.57,1018292,https://stooq.com/q/d/l/?s=7012.jp&i=d,2026-03-22T01:59:33+00:00
7012,7012.T,7012.jp,2013-01-30,2296.57,2340.31,2279.21,2305.30,2289899,https://stooq.com/q/d/l/?s=7012.jp&i=d,2026-03-22T01:59:33+00:00
7012,7012.T,7012.jp,2013-01-31,2314.04,2497.36,2287.86,2471.16,4966522,https://stooq.com/q/d/l/?s=7012.jp&i=d,2026-03-22T01:59:33+00:00
7012,7012.T,7012.jp,2013-02-01,2453.79,2488.72,2392.61,2453.79,2582146,https://stooq.com/q/d/l/?s=7012.jp&i=d,2026-03-22T01:59:33+00:00
7012,7012.T,7012.jp,2013-02-04,2488.72,2558.56,2479.99,2541.09,1846142,https://stooq.com/q/d/l/?s=7012.jp&i=d,2026-03-22T01:59:33+00:00
7012,7012.T,7012.jp,2013-02-05,2479.99,2541.09,2436.24,2445.06,2978836,https://stooq.com/q/d/l/?s=7012.jp&i=d,2026-03-22T01:59:33+00:00
7012,7012.T,7012.jp,2013-02-06,2558.56,2645.84,2541.09,2628.49,4672556,https://stooq.com/q/d/l/?s=7012.jp&i=d,2026-03-22T01:59:33+00:00
7012,7012.T,7012.jp,2013-02-07,2610.93,2680.86,2567.27,2628.49,2996817,https://stooq.com/q/d/l/?s=7012.jp&i=d,2026-03-22T01:59:33+00:00
7012,7012.T,7012.jp,2013-02-08,2584.73,2637.11,2576.00,2593.46,1827361,https://stooq.com/q/d/l/?s=7012.jp&i=d,2026-03-22T01:59:33+00:00
7012,7012.T,7012.jp,2013-02-12,2645.84,2672.02,2602.20,2602.20,1488160,https://stooq.com/q/d/l/?s=7012.jp&i=d,2026-03-22T01:59:33+00:00
7012,7012.T,7012.jp,2013-02-13,2593.46,2602.20,2471.16,2523.73,1687078,https://stooq.com/q/d/l/?s=7012.jp&i=d,2026-03-22T01:59:33+00:00
7012,7012.T,7012.jp,2013-02-14,2488.72,2514.91,2436.24,2471.16,1949321,https://stooq.com/q/d/l/?s=7012.jp&i=d,2026-03-22T01:59:33+00:00
7012,7012.T,7012.jp,2013-02-15,2427.52,2445.06,2287.86,2392.61,3280821,https://stooq.com/q/d/l/?s=7012.jp&i=d,2026-03-22T01:59:33+00:00
7012,7012.T,7012.jp,2013-02-18,2453.79,2488.72,2427.52,2445.06,1308137,https://stooq.com/q/d/l/?s=7012.jp&i=d,2026-03-22T01:59:33+00:00
7012,7012.T,7012.jp,2013-02-19,2410.16,2479.99,2401.43,2427.52,1413378,https://stooq.com/q/d/l/?s=7012.jp&i=d,2026-03-22T01:59:33+00:00
7012,7012.T,7012.jp,2013-02-20,2479.99,2523.73,2445.06,2453.79,1668295,https://stooq.com/q/d/l/?s=7012.jp&i=d,2026-03-22T01:59:33+00:00
7012,7012.T,7012.jp,2013-02-21,2418.87,2471.16,2418.87,2462.52,1507168,https://stooq.com/q/d/l/?s=7012.jp&i=d,2026-03-22T01:59:33+00:00
7012,7012.T,7012.jp,2013-02-22,2427.52,2479.99,2366.42,2471.16,1813160,https://stooq.com/q/d/l/?s=7012.jp&i=d,2026-03-22T01:59:33+00:00
7012,7012.T,7012.jp,2013-02-25,2567.27,2576.00,2514.91,2549.82,1594203,https://stooq.com/q/d/l/?s=7012.jp&i=d,2026-03-22T01:59:33+00:00
7012,7012.T,7012.jp,2013-02-26,2514.91,2584.73,2506.18,2541.09,2197826,https://stooq.com/q/d/l/?s=7012.jp&i=d,2026-03-22T01:59:33+00:00
7012,7012.T,7012.jp,2013-02-27,2549.82,2558.56,2514.91,2532.27,1523428,https://stooq.com/q/d/l/?s=7012.jp&i=d,2026-03-22T01:59:33+00:00
7012,7012.T,7012.jp,2013-02-28,2567.27,2602.20,2549.82,2576.00,1915655,https://stooq.com/q/d/l/?s=7012.jp&i=d,2026-03-22T01:59:33+00:00
7012,7012.T,7012.jp,2013-03-01,2549.82,2593.46,2541.09,2584.73,1010962,https://stooq.com/q/d/l/?s=7012.jp&i=d,2026-03-22T01:59:33+00:00
7012,7012.T,7012.jp,2013-03-04,2619.76,2628.49,2567.27,2567.27,1244007,https://stooq.com/q/d/l/?s=7012.jp&i=d,2026-03-22T01:59:33+00:00
7012,7012.T,7012.jp,2013-03-05,2584.73,2602.20,2567.27,2576.00,1002947,https://stooq.com/q/d/l/?s=7012.jp&i=d,2026-03-22T01:59:33+00:00
7012,7012.T,7012.jp,2013-03-06,2602.20,2610.93,2576.00,2584.73,1187664,https://stooq.com/q/d/l/?s=7012.jp&i=d,2026-03-22T01:59:33+00:00
7012,7012.T,7012.jp,2013-03-07,2584.73,2593.46,2488.72,2506.18,1919890,https://stooq.com/q/d/l/?s=7012.jp&i=d,2026-03-22T01:59:33+00:00
7012,7012.T,7012.jp,2013-03-08,2523.73,2593.46,2514.91,2567.27,2491794,https://stooq.com/q/d/l/?s=7012.jp&i=d,2026-03-22T01:59:33+00:00
7012,7012.T,7012.jp,2013-03-11,2654.58,2715.69,2637.11,2654.58,3965982,https://stooq.com/q/d/l/?s=7012.jp&i=d,2026-03-22T01:59:33+00:00
7012,7012.T,7012.jp,2013-03-12,2680.86,2680.86,2619.76,2628.49,1372380,https://stooq.com/q/d/l/?s=7012.jp&i=d,2026-03-22T01:59:33+00:00
7012,7012.T,7012.jp,2013-03-13,2602.20,2628.49,2584.73,2584.73,1347760,https://stooq.com/q/d/l/?s=7012.jp&i=d,2026-03-22T01:59:33+00:00
7012,7012.T,7012.jp,2013-03-14,2593.46,2645.84,2558.56,2637.11,1764720,https://stooq.com/q/d/l/?s=7012.jp&i=d,2026-03-22T01:59:33+00:00
7012,7012.T,7012.jp,2013-03-15,2654.58,2654.58,2576.00,2610.93,2019062,https://stooq.com/q/d/l/?s=7012.jp&i=d,2026-03-22T01:59:33+00:00
7012,7012.T,7012.jp,2013-03-18,2549.82,2567.27,2523.73,2549.82,1323252,https://stooq.com/q/d/l/?s=7012.jp&i=d,2026-03-22T01:59:33+00:00
7012,7012.T,7012.jp,2013-03-19,2576.00,2628.49,2567.27,2610.93,1241944,https://stooq.com/q/d/l/?s=7012.jp&i=d,2026-03-22T01:59:33+00:00
7012,7012.T,7012.jp,2013-03-21,2663.40,2663.40,2619.76,2628.49,1664174,https://stooq.com/q/d/l/?s=7012.jp&i=d,2026-03-22T01:59:33+00:00
7012,7012.T,7012.jp,2013-03-22,2628.49,2689.59,2619.76,2654.58,1858738,https://stooq.com/q/d/l/?s=7012.jp&i=d,2026-03-22T01:59:33+00:00
7012,7012.T,7012.jp,2013-03-25,2689.59,2768.14,2663.40,2724.50,3132864,https://stooq.com/q/d/l/?s=7012.jp&i=d,2026-03-22T01:59:33+00:00
7012,7012.T,7012.jp,2013-03-26,2706.96,2724.50,2680.86,2698.22,2121670,https://stooq.com/q/d/l/?s=7012.jp&i=d,2026-03-22T01:59:33+00:00
7012,7012.T,7012.jp,2013-03-27,2680.86,2706.96,2628.49,2637.11,1616075,https://stooq.com/q/d/l/?s=7012.jp&i=d,2026-03-22T01:59:33+00:00
7012,7012.T,7012.jp,2013-03-28,2628.49,2637.11,2541.09,2584.73,1774912,https://stooq.com/q/d/l/?s=7012.jp&i=d,2026-03-22T01:59:33+00:00
7012,7012.T,7012.jp,2013-03-29,2593.46,2602.20,2558.56,2576.00,1178846,https://stooq.com/q/d/l/?s=7012.jp&i=d,2026-03-22T01:59:33+00:00
7012,7012.T,7012.jp,2013-04-01,2558.56,2558.56,2479.99,2488.72,1405935,https://stooq.com/q/d/l/?s=7012.jp&i=d,2026-03-22T01:59:33+00:00
7012,7012.T,7012.jp,2013-04-02,2427.52,2462.52,2383.97,2427.52,2214659,https://stooq.com/q/d/l/?s=7012.jp&i=d,2026-03-22T01:59:33+00:00
7012,7012.T,7012.jp,2013-04-03,2445.06,2488.72,2427.52,2488.72,1265307,https://stooq.com/q/d/l/?s=7012.jp&i=d,2026-03-22T01:59:33+00:00
7012,7012.T,7012.jp,2013-04-04,2471.16,2497.36,2375.13,2488.72,2059144,https://stooq.com/q/d/l/?s=7012.jp&i=d,2026-03-22T01:59:33+00:00
7012,7012.T,7012.jp,2013-04-05,2715.69,2715.69,2584.73,2593.46,3397972,https://stooq.com/q/d/l/?s=7012.jp&i=d,2026-03-22T01:59:33+00:00
7012,7012.T,7012.jp,2013-04-08,2672.02,2680.86,2593.46,2619.76,2453087,https://stooq.com/q/d/l/?s=7012.jp&i=d,2026-03-22T01:59:33+00:00
7012,7012.T,7012.jp,2013-04-09,2645.84,2768.14,2619.76,2768.14,5328515,https://stooq.com/q/d/l/?s=7012.jp&i=d,2026-03-22T01:59:33+00:00
7012,7012.T,7012.jp,2013-04-10,2768.14,2837.99,2759.34,2820.53,3889253,https://stooq.com/q/d/l/?s=7012.jp&i=d,2026-03-22T01:59:33+00:00
7012,7012.T,7012.jp,2013-04-11,2855.45,3021.39,2855.45,2986.39,4375839,https://stooq.com/q/d/l/?s=7012.jp&i=d,2026-03-22T01:59:33+00:00
7012,7012.T,7012.jp,2013-04-12,2969.03,2986.39,2890.35,2951.47,2227143,https://stooq.com/q/d/l/?s=7012.jp&i=d,2026-03-22T01:59:33+00:00
7012,7012.T,7012.jp,2013-04-15,2890.35,2960.31,2881.63,2907.91,1619740,https://stooq.com/q/d/l/?s=7012.jp&i=d,2026-03-22T01:59:33+00:00
7012,7012.T,7012.jp,2013-04-16,2829.25,2864.26,2811.70,2829.25,2232638,https://stooq.com/q/d/l/?s=7012.jp&i=d,2026-03-22T01:59:33+00:00
7012,7012.T,7012.jp,2013-04-17,2881.63,2951.47,2872.90,2925.28,1648369,https://stooq.com/q/d/l/?s=7012.jp&i=d,2026-03-22T01:59:33+00:00
7012,7012.T,7012.jp,2013-04-18,2916.54,2977.77,2872.90,2872.90,2126368,https://stooq.com/q/d/l/?s=7012.jp&i=d,2026-03-22T01:59:33+00:00
7012,7012.T,7012.jp,2013-04-19,2881.63,2960.31,2872.90,2907.91,1543585,https://stooq.com/q/d/l/?s=7012.jp&i=d,2026-03-22T01:59:33+00:00
7012,7012.T,7012.jp,2013-04-22,2986.39,3012.66,2872.90,2881.63,4087943,https://stooq.com/q/d/l/?s=7012.jp&i=d,2026-03-22T01:59:33+00:00
7012,7012.T,7012.jp,2013-04-23,2837.99,2890.35,2811.70,2829.25,2384832,https://stooq.com/q/d/l/?s=7012.jp&i=d,2026-03-22T01:59:33+00:00
7012,7012.T,7012.jp,2013-04-24,2829.25,2881.63,2820.53,2881.63,2165646,https://stooq.com/q/d/l/?s=7012.jp&i=d,2026-03-22T01:59:33+00:00
7012,7012.T,7012.jp,2013-04-25,2925.28,3056.22,2820.53,2881.63,6586607,https://stooq.com/q/d/l/?s=7012.jp&i=d,2026-03-22T01:59:33+00:00
7012,7012.T,7012.jp,2013-04-26,2925.28,2925.28,2741.96,2759.34,4112450,https://stooq.com/q/d/l/?s=7012.jp&i=d,2026-03-22T01:59:33+00:00
7012,7012.T,7012.jp,2013-04-30,2759.34,2768.14,2689.59,2706.96,2346585,https://stooq.com/q/d/l/?s=7012.jp&i=d,2026-03-22T01:59:33+00:00
7012,7012.T,7012.jp,2013-05-01,2689.59,2698.22,2637.11,2654.58,1772507,https://stooq.com/q/d/l/?s=7012.jp&i=d,2026-03-22T01:59:33+00:00
7012,7012.T,7012.jp,2013-05-02,2654.58,2654.58,2619.76,2645.84,1679863,https://stooq.com/q/d/l/?s=7012.jp&i=d,2026-03-22T01:59:33+00:00
7012,7012.T,7012.jp,2013-05-07,2733.23,2741.96,2698.22,2706.96,1868473,https://stooq.com/q/d/l/?s=7012.jp&i=d,2026-03-22T01:59:33+00:00
7012,7012.T,7012.jp,2013-05-08,2706.96,2759.34,2706.96,2741.96,1949666,https://stooq.com/q/d/l/?s=7012.jp&i=d,2026-03-22T01:59:33+00:00
7012,7012.T,7012.jp,2013-05-09,2750.69,2759.34,2689.59,2698.22,1437084,https://stooq.com/q/d/l/?s=7012.jp&i=d,2026-03-22T01:59:33+00:00
7012,7012.T,7012.jp,2013-05-10,2768.14,2811.70,2733.23,2811.70,3348846,https://stooq.com/q/d/l/?s=7012.jp&i=d,2026-03-22T01:59:33+00:00
7012,7012.T,7012.jp,2013-05-13,2881.63,2934.00,2881.63,2925.28,3640064,https://stooq.com/q/d/l/?s=7012.jp&i=d,2026-03-22T01:59:33+00:00
7012,7012.T,7012.jp,2013-05-14,2951.47,2951.47,2907.91,2907.91,2511262,https://stooq.com/q/d/l/?s=7012.jp&i=d,2026-03-22T01:59:33+00:00
7012,7012.T,7012.jp,2013-05-15,2969.03,3038.76,2960.31,3012.66,4426343,https://stooq.com/q/d/l/?s=7012.jp&i=d,2026-03-22T01:59:33+00:00
7012,7012.T,7012.jp,2013-05-16,3056.22,3091.23,2942.82,3038.76,3534822,https://stooq.com/q/d/l/?s=7012.jp&i=d,2026-03-22T01:59:33+00:00
7012,7012.T,7012.jp,2013-05-17,3065.04,3248.45,3056.22,3230.90,7064374,https://stooq.com/q/d/l/?s=7012.jp&i=d,2026-03-22T01:59:33+00:00
7012,7012.T,7012.jp,2013-05-20,3300.73,3440.41,3283.37,3396.85,4013392,https://stooq.com/q/d/l/?s=7012.jp&i=d,2026-03-22T01:59:33+00:00
7012,7012.T,7012.jp,2013-05-21,3362.03,3466.78,3327.02,3405.59,2997617,https://stooq.com/q/d/l/?s=7012.jp&i=d,2026-03-22T01:59:33+00:00
7012,7012.T,7012.jp,2013-05-22,3440.41,3501.60,3379.31,3423.13,2460416,https://stooq.com/q/d/l/?s=7012.jp&i=d,2026-03-22T01:59:33+00:00
7012,7012.T,7012.jp,2013-05-23,3457.96,3466.78,3143.69,3143.69,3278302,https://stooq.com/q/d/l/?s=7012.jp&i=d,2026-03-22T01:59:33+00:00
7012,7012.T,7012.jp,2013-05-24,3195.99,3300.73,2986.39,3143.69,3598149,https://stooq.com/q/d/l/?s=7012.jp&i=d,2026-03-22T01:59:33+00:00
7012,7012.T,7012.jp,2013-05-27,3012.66,3091.23,2942.82,2986.39,2526836,https://stooq.com/q/d/l/?s=7012.jp&i=d,2026-03-22T01:59:33+00:00
7012,7012.T,7012.jp,2013-05-28,2942.82,3169.79,2934.00,3143.69,3058081,https://stooq.com/q/d/l/?s=7012.jp&i=d,2026-03-22T01:59:33+00:00
7012,7012.T,7012.jp,2013-05-29,3283.37,3292.08,3161.07,3161.07,2474385,https://stooq.com/q/d/l/?s=7012.jp&i=d,2026-03-22T01:59:33+00:00
7012,7012.T,7012.jp,2013-05-30,3134.89,3248.45,3099.87,3152.32,4951635,https://stooq.com/q/d/l/?s=7012.jp&i=d,2026-03-22T01:59:33+00:00
7012,7012.T,7012.jp,2013-05-31,3213.44,3222.27,3047.57,3047.57,2448276,https://stooq.com/q/d/l/?s=7012.jp&i=d,2026-03-22T01:59:33+00:00
7012,7012.T,7012.jp,2013-06-03,2986.39,3038.76,2916.54,2951.47,2768124,https://stooq.com/q/d/l/?s=7012.jp&i=d,2026-03-22T01:59:33+00:00
7012,7012.T,7012.jp,2013-06-04,2907.91,2951.47,2750.69,2934.00,3693886,https://stooq.com/q/d/l/?s=7012.jp&i=d,2026-03-22T01:59:33+00:00
7012,7012.T,7012.jp,2013-06-05,2916.54,3030.13,2881.63,2890.35,2857219,https://stooq.com/q/d/l/?s=7012.jp&i=d,2026-03-22T01:59:33+00:00
7012,7012.T,7012.jp,2013-06-06,2837.99,2907.91,2794.33,2811.70,2254969,https://stooq.com/q/d/l/?s=7012.jp&i=d,2026-03-22T01:59:33+00:00
7012,7012.T,7012.jp,2013-06-07,2750.69,2794.33,2619.76,2689.59,2901424,https://stooq.com/q/d/l/?s=7012.jp&i=d,2026-03-22T01:59:33+00:00
7012,7012.T,7012.jp,2013-06-10,2794.33,2907.91,2785.60,2899.09,1859539,https://stooq.com/q/d/l/?s=7012.jp&i=d,2026-03-22T01:59:33+00:00
7012,7012.T,7012.jp,2013-06-11,2890.35,2916.54,2794.33,2803.16,1649970,https://stooq.com/q/d/l/?s=7012.jp&i=d,2026-03-22T01:59:33+00:00
7012,7012.T,7012.jp,2013-06-12,2733.23,2855.45,2698.22,2820.53,1322795,https://stooq.com/q/d/l/?s=7012.jp&i=d,2026-03-22T01:59:33+00:00
7012,7012.T,7012.jp,2013-06-13,2750.69,2768.14,2672.02,2672.02,1684557,https://stooq.com/q/d/l/?s=7012.jp&i=d,2026-03-22T01:59:33+00:00
7012,7012.T,7012.jp,2013-06-14,2872.90,2907.91,2733.23,2785.60,4051983,https://stooq.com/q/d/l/?s=7012.jp&i=d,2026-03-22T01:59:33+00:00
7012,7012.T,7012.jp,2013-06-17,2803.16,2846.72,2759.34,2837.99,1617793,https://stooq.com/q/d/l/?s=7012.jp&i=d,2026-03-22T01:59:33+00:00
7012,7012.T,7012.jp,2013-06-18,2837.99,2872.90,2811.70,2820.53,1148958,https://stooq.com/q/d/l/?s=7012.jp&i=d,2026-03-22T01:59:33+00:00
7012,7012.T,7012.jp,2013-06-19,2855.45,2916.54,2846.72,2907.91,1531905,https://stooq.com/q/d/l/?s=7012.jp&i=d,2026-03-22T01:59:33+00:00
7012,7012.T,7012.jp,2013-06-20,2855.45,2881.63,2803.16,2837.99,1525376,https://stooq.com/q/d/l/?s=7012.jp&i=d,2026-03-22T01:59:33+00:00
7012,7012.T,7012.jp,2013-06-21,2750.69,2881.63,2724.50,2855.45,1674593,https://stooq.com/q/d/l/?s=7012.jp&i=d,2026-03-22T01:59:33+00:00
7012,7012.T,7012.jp,2013-06-24,2855.45,2855.45,2706.96,2715.69,2213401,https://stooq.com/q/d/l/?s=7012.jp&i=d,2026-03-22T01:59:33+00:00
7012,7012.T,7012.jp,2013-06-25,2706.96,2724.50,2619.76,2663.40,2128312,https://stooq.com/q/d/l/?s=7012.jp&i=d,2026-03-22T01:59:33+00:00
7012,7012.T,7012.jp,2013-06-26,2715.69,2724.50,2610.93,2619.76,1192245,https://stooq.com/q/d/l/?s=7012.jp&i=d,2026-03-22T01:59:33+00:00
7012,7012.T,7012.jp,2013-06-27,2619.76,2628.49,2471.16,2576.00,3777027,https://stooq.com/q/d/l/?s=7012.jp&i=d,2026-03-22T01:59:33+00:00
7012,7012.T,7012.jp,2013-06-28,2645.84,2733.23,2619.76,2663.40,2555579,https://stooq.com/q/d/l/?s=7012.jp&i=d,2026-03-22T01:59:33+00:00
7012,7012.T,7012.jp,2013-07-01,2733.23,2733.23,2680.86,2733.23,1309740,https://stooq.com/q/d/l/?s=7012.jp&i=d,2026-03-22T01:59:33+00:00
7012,7012.T,7012.jp,2013-07-02,2750.69,2759.34,2706.96,2724.50,1504993,https://stooq.com/q/d/l/?s=7012.jp&i=d,2026-03-22T01:59:33+00:00
7012,7012.T,7012.jp,2013-07-03,2776.79,2776.79,2715.69,2715.69,1760482,https://stooq.com/q/d/l/?s=7012.jp&i=d,2026-03-22T01:59:33+00:00
7012,7012.T,7012.jp,2013-07-04,2706.96,2759.34,2689.59,2750.69,1231754,https://stooq.com/q/d/l/?s=7012.jp&i=d,2026-03-22T01:59:33+00:00
7012,7012.T,7012.jp,2013-07-05,2768.14,2907.91,2759.34,2881.63,2312688,https://stooq.com/q/d/l/?s=7012.jp&i=d,2026-03-22T01:59:33+00:00
7012,7012.T,7012.jp,2013-07-08,2951.47,3056.22,2934.00,2934.00,3453400,https://stooq.com/q/d/l/?s=7012.jp&i=d,2026-03-22T01:59:33+00:00
7012,7012.T,7012.jp,2013-07-09,2951.47,2977.77,2907.91,2942.82,1588017,https://stooq.com/q/d/l/?s=7012.jp&i=d,2026-03-22T01:59:33+00:00
7012,7012.T,7012.jp,2013-07-10,2960.31,2977.77,2899.09,2925.28,1212629,https://stooq.com/q/d/l/?s=7012.jp&i=d,2026-03-22T01:59:33+00:00
7012,7012.T,7012.jp,2013-07-11,2881.63,2951.47,2881.63,2934.00,1570955,https://stooq.com/q/d/l/?s=7012.jp&i=d,2026-03-22T01:59:33+00:00
7012,7012.T,7012.jp,2013-07-12,2942.82,3012.66,2934.00,3003.94,1882442,https://stooq.com/q/d/l/?s=7012.jp&i=d,2026-03-22T01:59:33+00:00
7012,7012.T,7012.jp,2013-07-16,3038.76,3047.57,2977.77,3012.66,1490562,https://stooq.com/q/d/l/?s=7012.jp&i=d,2026-03-22T01:59:33+00:00
7012,7012.T,7012.jp,2013-07-17,2995.11,3012.66,2960.31,2986.39,1154568,https://stooq.com/q/d/l/?s=7012.jp&i=d,2026-03-22T01:59:33+00:00
7012,7012.T,7012.jp,2013-07-18,3038.76,3038.76,2995.11,3030.13,1187549,https://stooq.com/q/d/l/?s=7012.jp&i=d,2026-03-22T01:59:33+00:00
7012,7012.T,7012.jp,2013-07-19,3047.57,3056.22,2899.09,2969.03,2302839,https://stooq.com/q/d/l/?s=7012.jp&i=d,2026-03-22T01:59:33+00:00
7012,7012.T,7012.jp,2013-07-22,3003.94,3003.94,2934.00,2969.03,1301495,https://stooq.com/q/d/l/?s=7012.jp&i=d,2026-03-22T01:59:33+00:00
7012,7012.T,7012.jp,2013-07-23,2951.47,3056.22,2942.82,3047.57,1847058,https://stooq.com/q/d/l/?s=7012.jp&i=d,2026-03-22T01:59:33+00:00
7012,7012.T,7012.jp,2013-07-24,3012.66,3073.77,2977.77,3056.22,3169508,https://stooq.com/q/d/l/?s=7012.jp&i=d,2026-03-22T01:59:33+00:00
7012,7012.T,7012.jp,2013-07-25,3065.04,3082.60,3012.66,3021.39,2019062,https://stooq.com/q/d/l/?s=7012.jp&i=d,2026-03-22T01:59:33+00:00
7012,7012.T,7012.jp,2013-07-26,2977.77,3021.39,2960.31,2995.11,2021467,https://stooq.com/q/d/l/?s=7012.jp&i=d,2026-03-22T01:59:33+00:00
7012,7012.T,7012.jp,2013-07-29,2969.03,2977.77,2864.26,2925.28,2247412,https://stooq.com/q/d/l/?s=7012.jp&i=d,2026-03-22T01:59:33+00:00
7012,7012.T,7012.jp,2013-07-30,2907.91,3187.34,2907.91,3178.52,5863540,https://stooq.com/q/d/l/?s=7012.jp&i=d,2026-03-22T01:59:33+00:00
7012,7012.T,7012.jp,2013-07-31,3152.32,3204.81,3065.04,3134.89,2798356,https://stooq.com/q/d/l/?s=7012.jp&i=d,2026-03-22T01:59:33+00:00
7012,7012.T,7012.jp,2013-08-01,3169.79,3274.56,3161.07,3248.45,2256116,https://stooq.com/q/d/l/?s=7012.jp&i=d,2026-03-22T01:59:33+00:00
7012,7012.T,7012.jp,2013-08-02,3257.19,3283.37,3213.44,3274.56,2057311,https://stooq.com/q/d/l/?s=7012.jp&i=d,2026-03-22T01:59:33+00:00
7012,7012.T,7012.jp,2013-08-05,3222.27,3344.47,3222.27,3318.29,1741128,https://stooq.com/q/d/l/?s=7012.jp&i=d,2026-03-22T01:59:33+00:00
7012,7012.T,7012.jp,2013-08-06,3283.37,3318.29,3230.90,3309.56,1689367,https://stooq.com/q/d/l/?s=7012.jp&i=d,2026-03-22T01:59:33+00:00
7012,7012.T,7012.jp,2013-08-07,3230.90,3283.37,3204.81,3204.81,1284088,https://stooq.com/q/d/l/?s=7012.jp&i=d,2026-03-22T01:59:33+00:00
7012,7012.T,7012.jp,2013-08-08,3169.79,3239.63,3117.42,3126.15,1361502,https://stooq.com/q/d/l/?s=7012.jp&i=d,2026-03-22T01:59:33+00:00
7012,7012.T,7012.jp,2013-08-09,3161.07,3230.90,3152.32,3169.79,1797586,https://stooq.com/q/d/l/?s=7012.jp&i=d,2026-03-22T01:59:33+00:00
7012,7012.T,7012.jp,2013-08-12,3117.42,3169.79,3082.60,3117.42,791319,https://stooq.com/q/d/l/?s=7012.jp&i=d,2026-03-22T01:59:33+00:00
7012,7012.T,7012.jp,2013-08-13,3187.34,3327.02,3169.79,3309.56,2168852,https://stooq.com/q/d/l/?s=7012.jp&i=d,2026-03-22T01:59:33+00:00
7012,7012.T,7012.jp,2013-08-14,3335.67,3362.03,3265.82,3327.02,1622717,https://stooq.com/q/d/l/?s=7012.jp&i=d,2026-03-22T01:59:33+00:00
7012,7012.T,7012.jp,2013-08-15,3274.56,3318.29,3248.45,3257.19,963325,https://stooq.com/q/d/l/?s=7012.jp&i=d,2026-03-22T01:59:33+00:00
7012,7012.T,7012.jp,2013-08-16,3195.99,3265.82,3195.99,3213.44,1163844,https://stooq.com/q/d/l/?s=7012.jp&i=d,2026-03-22T01:59:33+00:00
7012,7012.T,7012.jp,2013-08-19,3265.82,3300.73,3222.27,3283.37,1218814,https://stooq.com/q/d/l/?s=7012.jp&i=d,2026-03-22T01:59:33+00:00
7012,7012.T,7012.jp,2013-08-20,3248.45,3265.82,3126.15,3152.32,1607713,https://stooq.com/q/d/l/?s=7012.jp&i=d,2026-03-22T01:59:33+00:00
7012,7012.T,7012.jp,2013-08-21,3169.79,3204.81,3047.57,3082.60,2163126,https://stooq.com/q/d/l/?s=7012.jp&i=d,2026-03-22T01:59:33+00:00
7012,7012.T,7012.jp,2013-08-22,3047.57,3056.22,2986.39,3030.13,1401700,https://stooq.com/q/d/l/?s=7012.jp&i=d,2026-03-22T01:59:33+00:00
7012,7012.T,7012.jp,2013-08-23,3134.89,3204.81,3126.15,3178.52,1666118,https://stooq.com/q/d/l/?s=7012.jp&i=d,2026-03-22T01:59:33+00:00
7012,7012.T,7012.jp,2013-08-26,3178.52,3187.34,3108.69,3152.32,760971,https://stooq.com/q/d/l/?s=7012.jp&i=d,2026-03-22T01:59:33+00:00
7012,7012.T,7012.jp,2013-08-27,3091.23,3161.07,3082.60,3108.69,635229,https://stooq.com/q/d/l/?s=7012.jp&i=d,2026-03-22T01:59:33+00:00
7012,7012.T,7012.jp,2013-08-28,3038.76,3073.77,3012.66,3047.57,729936,https://stooq.com/q/d/l/?s=7012.jp&i=d,2026-03-22T01:59:33+00:00
7012,7012.T,7012.jp,2013-08-29,3047.57,3056.22,3021.39,3030.13,532048,https://stooq.com/q/d/l/?s=7012.jp&i=d,2026-03-22T01:59:33+00:00
7012,7012.T,7012.jp,2013-08-30,3047.57,3099.87,3003.94,3003.94,808265,https://stooq.com/q/d/l/?s=7012.jp&i=d,2026-03-22T01:59:33+00:00
7012,7012.T,7012.jp,2013-09-02,3021.39,3091.23,3003.94,3065.04,650001,https://stooq.com/q/d/l/?s=7012.jp&i=d,2026-03-22T01:59:33+00:00
7012,7012.T,7012.jp,2013-09-03,3126.15,3204.81,3126.15,3204.81,1120213,https://stooq.com/q/d/l/?s=7012.jp&i=d,2026-03-22T01:59:33+00:00
7012,7012.T,7012.jp,2013-09-04,3152.32,3230.90,3152.32,3230.90,909842,https://stooq.com/q/d/l/?s=7012.jp&i=d,2026-03-22T01:59:33+00:00
7012,7012.T,7012.jp,2013-09-05,3222.27,3222.27,3161.07,3187.34,1061922,https://stooq.com/q/d/l/?s=7012.jp&i=d,2026-03-22T01:59:33+00:00
7012,7012.T,7012.jp,2013-09-06,3195.99,3195.99,3117.42,3152.32,715163,https://stooq.com/q/d/l/?s=7012.jp&i=d,2026-03-22T01:59:33+00:00
7012,7012.T,7012.jp,2013-09-09,3230.90,3230.90,3178.52,3213.44,660080,https://stooq.com/q/d/l/?s=7012.jp&i=d,2026-03-22T01:59:33+00:00
7012,7012.T,7012.jp,2013-09-10,3230.90,3309.56,3230.90,3309.56,1447962,https://stooq.com/q/d/l/?s=7012.jp&i=d,2026-03-22T01:59:33+00:00
7012,7012.T,7012.jp,2013-09-11,3318.29,3344.47,3283.37,3335.67,1282485,https://stooq.com/q/d/l/?s=7012.jp&i=d,2026-03-22T01:59:33+00:00
7012,7012.T,7012.jp,2013-09-12,3335.67,3396.85,3309.56,3362.03,1683411,https://stooq.com/q/d/l/?s=7012.jp&i=d,2026-03-22T01:59:33+00:00
7012,7012.T,7012.jp,2013-09-13,3318.29,3362.03,3318.29,3362.03,1199116,https://stooq.com/q/d/l/?s=7012.jp&i=d,2026-03-22T01:59:33+00:00
7012,7012.T,7012.jp,2013-09-17,3379.31,3405.59,3370.66,3370.66,604080,https://stooq.com/q/d/l/?s=7012.jp&i=d,2026-03-22T01:59:33+00:00
7012,7012.T,7012.jp,2013-09-18,3580.17,3623.91,3492.87,3527.89,3211425,https://stooq.com/q/d/l/?s=7012.jp&i=d,2026-03-22T01:59:33+00:00
7012,7012.T,7012.jp,2013-09-19,3527.89,3545.35,3492.87,3536.63,1444526,https://stooq.com/q/d/l/?s=7012.jp&i=d,2026-03-22T01:59:33+00:00
7012,7012.T,7012.jp,2013-09-20,3545.35,3562.80,3510.34,3536.63,1279049,https://stooq.com/q/d/l/?s=7012.jp&i=d,2026-03-22T01:59:33+00:00
7012,7012.T,7012.jp,2013-09-24,3536.63,3650.10,3527.89,3650.10,2983762,https://stooq.com/q/d/l/?s=7012.jp&i=d,2026-03-22T01:59:33+00:00
7012,7012.T,7012.jp,2013-09-25,3615.09,3650.10,3562.80,3588.99,1930313,https://stooq.com/q/d/l/?s=7012.jp&i=d,2026-03-22T01:59:33+00:00
7012,7012.T,7012.jp,2013-09-26,3588.99,3763.67,3588.99,3763.67,2799159,https://stooq.com/q/d/l/?s=7012.jp&i=d,2026-03-22T01:59:33+00:00
7012,7012.T,7012.jp,2013-09-27,3746.21,3789.76,3719.84,3746.21,1644475,https://stooq.com/q/d/l/?s=7012.jp&i=d,2026-03-22T01:59:33+00:00
7012,7012.T,7012.jp,2013-09-30,3693.75,3816.06,3693.75,3711.29,2071169,https://stooq.com/q/d/l/?s=7012.jp&i=d,2026-03-22T01:59:33+00:00
7012,7012.T,7012.jp,2013-10-01,3685.01,3711.29,3615.09,3623.91,1277217,https://stooq.com/q/d/l/?s=7012.jp&i=d,2026-03-22T01:59:33+00:00
7012,7012.T,7012.jp,2013-10-02,3632.64,3685.01,3545.35,3562.80,1593972,https://stooq.com/q/d/l/?s=7012.jp&i=d,2026-03-22T01:59:33+00:00
7012,7012.T,7012.jp,2013-10-03,3527.89,3553.99,3431.86,3466.78,2023873,https://stooq.com/q/d/l/?s=7012.jp&i=d,2026-03-22T01:59:33+00:00
7012,7012.T,7012.jp,2013-10-04,3449.22,3501.60,3423.13,3449.22,1143803,https://stooq.com/q/d/l/?s=7012.jp&i=d,2026-03-22T01:59:33+00:00
7012,7012.T,7012.jp,2013-10-07,3449.22,3466.78,3379.31,3396.85,1351082,https://stooq.com/q/d/l/?s=7012.jp&i=d,2026-03-22T01:59:33+00:00
7012,7012.T,7012.jp,2013-10-08,3362.03,3466.78,3335.67,3457.96,1339629,https://stooq.com/q/d/l/?s=7012.jp&i=d,2026-03-22T01:59:33+00:00
7012,7012.T,7012.jp,2013-10-09,3431.86,3545.35,3431.86,3519.06,1073490,https://stooq.com/q/d/l/?s=7012.jp&i=d,2026-03-22T01:59:33+00:00
7012,7012.T,7012.jp,2013-10-10,3527.89,3536.63,3440.41,3466.78,1488845,https://stooq.com/q/d/l/?s=7012.jp&i=d,2026-03-22T01:59:33+00:00
7012,7012.T,7012.jp,2013-10-11,3545.35,3588.99,3519.06,3580.17,1439947,https://stooq.com/q/d/l/?s=7012.jp&i=d,2026-03-22T01:59:33+00:00
7012,7012.T,7012.jp,2013-10-15,3623.91,3641.38,3588.99,3632.64,953704,https://stooq.com/q/d/l/?s=7012.jp&i=d,2026-03-22T01:59:33+00:00
7012,7012.T,7012.jp,2013-10-16,3615.09,3615.09,3571.53,3597.72,563313,https://stooq.com/q/d/l/?s=7012.jp&i=d,2026-03-22T01:59:33+00:00
7012,7012.T,7012.jp,2013-10-17,3641.38,3658.82,3615.09,3658.82,814449,https://stooq.com/q/d/l/?s=7012.jp&i=d,2026-03-22T01:59:33+00:00
7012,7012.T,7012.jp,2013-10-18,3641.38,3667.56,3632.64,3667.56,622633,https://stooq.com/q/d/l/?s=7012.jp&i=d,2026-03-22T01:59:33+00:00
7012,7012.T,7012.jp,2013-10-21,3667.56,3702.47,3650.10,3667.56,649430,https://stooq.com/q/d/l/?s=7012.jp&i=d,2026-03-22T01:59:33+00:00
7012,7012.T,7012.jp,2013-10-22,3667.56,3676.30,3632.64,3658.82,594919,https://stooq.com/q/d/l/?s=7012.jp&i=d,2026-03-22T01:59:33+00:00
7012,7012.T,7012.jp,2013-10-23,3667.56,3693.75,3588.99,3623.91,1005236,https://stooq.com/q/d/l/?s=7012.jp&i=d,2026-03-22T01:59:33+00:00
7012,7012.T,7012.jp,2013-10-24,3615.09,3693.75,3588.99,3685.01,1298059,https://stooq.com/q/d/l/?s=7012.jp&i=d,2026-03-22T01:59:33+00:00
7012,7012.T,7012.jp,2013-10-25,3702.47,3702.47,3545.35,3553.99,1844995,https://stooq.com/q/d/l/?s=7012.jp&i=d,2026-03-22T01:59:33+00:00
7012,7012.T,7012.jp,2013-10-28,3588.99,3632.64,3562.80,3623.91,935381,https://stooq.com/q/d/l/?s=7012.jp&i=d,2026-03-22T01:59:33+00:00
7012,7012.T,7012.jp,2013-10-29,3632.64,3702.47,3388.12,3414.30,5911066,https://stooq.com/q/d/l/?s=7012.jp&i=d,2026-03-22T01:59:33+00:00
7012,7012.T,7012.jp,2013-10-30,3501.60,3510.34,3379.31,3423.13,2495114,https://stooq.com/q/d/l/?s=7012.jp&i=d,2026-03-22T01:59:33+00:00
7012,7012.T,7012.jp,2013-10-31,3405.59,3423.13,3318.29,3335.67,1770560,https://stooq.com/q/d/l/?s=7012.jp&i=d,2026-03-22T01:59:33+00:00
7012,7012.T,7012.jp,2013-11-01,3344.47,3353.20,3283.37,3318.29,1229693,https://stooq.com/q/d/l/?s=7012.jp&i=d,2026-03-22T01:59:33+00:00
7012,7012.T,7012.jp,2013-11-05,3344.47,3423.13,3335.67,3414.30,1451857,https://stooq.com/q/d/l/?s=7012.jp&i=d,2026-03-22T01:59:33+00:00
7012,7012.T,7012.jp,2013-11-06,3414.30,3484.24,3405.59,3466.78,2016199,https://stooq.com/q/d/l/?s=7012.jp&i=d,2026-03-22T01:59:33+00:00
7012,7012.T,7012.jp,2013-11-07,3484.24,3510.34,3440.41,3440.41,1761742,https://stooq.com/q/d/l/?s=7012.jp&i=d,2026-03-22T01:59:33+00:00
7012,7012.T,7012.jp,2013-11-08,3388.12,3423.13,3370.66,3396.85,886482,https://stooq.com/q/d/l/?s=7012.jp&i=d,2026-03-22T01:59:33+00:00
7012,7012.T,7012.jp,2013-11-11,3457.96,3475.42,3423.13,3466.78,806777,https://stooq.com/q/d/l/?s=7012.jp&i=d,2026-03-22T01:59:33+00:00
7012,7012.T,7012.jp,2013-11-12,3449.22,3553.99,3440.41,3536.63,1962262,https://stooq.com/q/d/l/?s=7012.jp&i=d,2026-03-22T01:59:33+00:00
7012,7012.T,7012.jp,2013-11-13,3527.89,3580.17,3475.42,3501.60,1192245,https://stooq.com/q/d/l/?s=7012.jp&i=d,2026-03-22T01:59:33+00:00
7012,7012.T,7012.jp,2013-11-14,3519.06,3536.63,3492.87,3527.89,1497892,https://stooq.com/q/d/l/?s=7012.jp&i=d,2026-03-22T01:59:33+00:00
7012,7012.T,7012.jp,2013-11-15,3562.80,3615.09,3553.99,3597.72,1911073,https://stooq.com/q/d/l/?s=7012.jp&i=d,2026-03-22T01:59:33+00:00
7012,7012.T,7012.jp,2013-11-18,3615.09,3632.64,3571.53,3588.99,1259352,https://stooq.com/q/d/l/?s=7012.jp&i=d,2026-03-22T01:59:33+00:00
7012,7012.T,7012.jp,2013-11-19,3562.80,3641.38,3553.99,3615.09,1677340,https://stooq.com/q/d/l/?s=7012.jp&i=d,2026-03-22T01:59:33+00:00
7012,7012.T,7012.jp,2013-11-20,3615.09,3632.64,3588.99,3615.09,959088,https://stooq.com/q/d/l/?s=7012.jp&i=d,2026-03-22T01:59:33+00:00
7012,7012.T,7012.jp,2013-11-21,3623.91,3650.10,3615.09,3641.38,1204841,https://stooq.com/q/d/l/?s=7012.jp&i=d,2026-03-22T01:59:33+00:00
7012,7012.T,7012.jp,2013-11-22,3658.82,3667.56,3623.91,3641.38,1635315,https://stooq.com/q/d/l/?s=7012.jp&i=d,2026-03-22T01:59:33+00:00
7012,7012.T,7012.jp,2013-11-25,3658.82,3685.01,3632.64,3676.30,1594774,https://stooq.com/q/d/l/?s=7012.jp&i=d,2026-03-22T01:59:33+00:00
7012,7012.T,7012.jp,2013-11-26,3658.82,3685.01,3641.38,3658.82,960117,https://stooq.com/q/d/l/?s=7012.jp&i=d,2026-03-22T01:59:33+00:00
7012,7012.T,7012.jp,2013-11-27,3650.10,3693.75,3641.38,3658.82,1300578,https://stooq.com/q/d/l/?s=7012.jp&i=d,2026-03-22T01:59:33+00:00
7012,7012.T,7012.jp,2013-11-28,3711.29,3728.66,3641.38,3685.01,2281310,https://stooq.com/q/d/l/?s=7012.jp&i=d,2026-03-22T01:59:33+00:00
7012,7012.T,7012.jp,2013-11-29,3658.82,3685.01,3623.91,3667.56,1774451,https://stooq.com/q/d/l/?s=7012.jp&i=d,2026-03-22T01:59:33+00:00
7012,7012.T,7012.jp,2013-12-02,3676.30,3728.66,3667.56,3719.84,1969477,https://stooq.com/q/d/l/?s=7012.jp&i=d,2026-03-22T01:59:33+00:00
7012,7012.T,7012.jp,2013-12-03,3746.21,3763.67,3711.29,3746.21,2016774,https://stooq.com/q/d/l/?s=7012.jp&i=d,2026-03-22T01:59:33+00:00
7012,7012.T,7012.jp,2013-12-04,3693.75,3719.84,3658.82,3667.56,1709636,https://stooq.com/q/d/l/?s=7012.jp&i=d,2026-03-22T01:59:33+00:00
7012,7012.T,7012.jp,2013-12-05,3650.10,3685.01,3597.72,3597.72,1091354,https://stooq.com/q/d/l/?s=7012.jp&i=d,2026-03-22T01:59:33+00:00
7012,7012.T,7012.jp,2013-12-06,3597.72,3606.45,3571.53,3597.72,1342836,https://stooq.com/q/d/l/?s=7012.jp&i=d,2026-03-22T01:59:33+00:00
7012,7012.T,7012.jp,2013-12-09,3667.56,3711.29,3658.82,3711.29,1584696,https://stooq.com/q/d/l/?s=7012.jp&i=d,2026-03-22T01:59:33+00:00
7012,7012.T,7012.jp,2013-12-10,3711.29,3711.29,3676.30,3685.01,870106,https://stooq.com/q/d/l/?s=7012.jp&i=d,2026-03-22T01:59:33+00:00
7012,7012.T,7012.jp,2013-12-11,3685.01,3685.01,3615.09,3650.10,790516,https://stooq.com/q/d/l/?s=7012.jp&i=d,2026-03-22T01:59:33+00:00
7012,7012.T,7012.jp,2013-12-12,3650.10,3667.56,3606.45,3667.56,954736,https://stooq.com/q/d/l/?s=7012.jp&i=d,2026-03-22T01:59:33+00:00
7012,7012.T,7012.jp,2013-12-13,3676.30,3693.75,3623.91,3667.56,1924930,https://stooq.com/q/d/l/?s=7012.jp&i=d,2026-03-22T01:59:33+00:00
7012,7012.T,7012.jp,2013-12-16,3658.82,3658.82,3571.53,3580.17,1014170,https://stooq.com/q/d/l/?s=7012.jp&i=d,2026-03-22T01:59:33+00:00
7012,7012.T,7012.jp,2013-12-17,3597.72,3658.82,3597.72,3650.10,1068451,https://stooq.com/q/d/l/?s=7012.jp&i=d,2026-03-22T01:59:33+00:00
7012,7012.T,7012.jp,2013-12-18,3623.91,3676.30,3623.91,3676.30,1166248,https://stooq.com/q/d/l/?s=7012.jp&i=d,2026-03-22T01:59:33+00:00
7012,7012.T,7012.jp,2013-12-19,3711.29,3737.39,3676.30,3702.47,1538203,https://stooq.com/q/d/l/?s=7012.jp&i=d,2026-03-22T01:59:33+00:00
7012,7012.T,7012.jp,2013-12-20,3702.47,3702.47,3676.30,3702.47,1026768,https://stooq.com/q/d/l/?s=7012.jp&i=d,2026-03-22T01:59:33+00:00
7012,7012.T,7012.jp,2013-12-24,3693.75,3702.47,3658.82,3676.30,1472012,https://stooq.com/q/d/l/?s=7012.jp&i=d,2026-03-22T01:59:33+00:00
7012,7012.T,7012.jp,2013-12-25,3676.30,3693.75,3632.64,3693.75,1480716,https://stooq.com/q/d/l/?s=7012.jp&i=d,2026-03-22T01:59:33+00:00
7012,7012.T,7012.jp,2013-12-26,3685.01,3781.05,3685.01,3772.39,1742960,https://stooq.com/q/d/l/?s=7012.jp&i=d,2026-03-22T01:59:33+00:00
7012,7012.T,7012.jp,2013-12-27,3789.76,3824.77,3746.21,3807.32,1883018,https://stooq.com/q/d/l/?s=7012.jp&i=d,2026-03-22T01:59:33+00:00
7012,7012.T,7012.jp,2013-12-30,3833.42,3859.59,3816.06,3850.96,1545761,https://stooq.com/q/d/l/?s=7012.jp&i=d,2026-03-22T01:59:33+00:00
7012,7012.T,7012.jp,2014-01-06,3850.96,3859.59,3772.39,3807.32,1453802,https://stooq.com/q/d/l/?s=7012.jp&i=d,2026-03-22T01:59:33+00:00
7012,7012.T,7012.jp,2014-01-07,3816.06,3894.52,3798.51,3859.59,2195764,https://stooq.com/q/d/l/?s=7012.jp&i=d,2026-03-22T01:59:33+00:00
7012,7012.T,7012.jp,2014-01-08,3912.06,4095.50,3894.52,4069.20,3668923,https://stooq.com/q/d/l/?s=7012.jp&i=d,2026-03-22T01:59:33+00:00
7012,7012.T,7012.jp,2014-01-09,4043.02,4095.50,3990.73,4025.64,2176753,https://stooq.com/q/d/l/?s=7012.jp&i=d,2026-03-22T01:59:33+00:00
7012,7012.T,7012.jp,2014-01-10,4025.64,4121.59,4008.08,4112.93,2283485,https://stooq.com/q/d/l/?s=7012.jp&i=d,2026-03-22T01:59:33+00:00
7012,7012.T,7012.jp,2014-01-14,4043.02,4060.46,3981.90,3990.73,1648827,https://stooq.com/q/d/l/?s=7012.jp&i=d,2026-03-22T01:59:33+00:00
7012,7012.T,7012.jp,2014-01-15,4104.20,4261.33,4095.50,4200.25,3432327,https://stooq.com/q/d/l/?s=7012.jp&i=d,2026-03-22T01:59:33+00:00
7012,7012.T,7012.jp,2014-01-16,4217.70,4252.62,4173.96,4182.68,1642643,https://stooq.com/q/d/l/?s=7012.jp&i=d,2026-03-22T01:59:33+00:00
7012,7012.T,7012.jp,2014-01-17,4191.51,4287.53,4173.96,4261.33,2591080,https://stooq.com/q/d/l/?s=7012.jp&i=d,2026-03-22T01:59:33+00:00
7012,7012.T,7012.jp,2014-01-20,4270.15,4331.26,4243.79,4296.27,2153163,https://stooq.com/q/d/l/?s=7012.jp&i=d,2026-03-22T01:59:33+00:00
7012,7012.T,7012.jp,2014-01-21,4296.27,4313.72,4226.50,4226.50,1663485,https://stooq.com/q/d/l/?s=7012.jp&i=d,2026-03-22T01:59:33+00:00
7012,7012.T,7012.jp,2014-01-22,4235.15,4287.53,4200.25,4252.62,1726011,https://stooq.com/q/d/l/?s=7012.jp&i=d,2026-03-22T01:59:33+00:00
7012,7012.T,7012.jp,2014-01-23,4235.15,4243.79,4182.68,4182.68,1907637,https://stooq.com/q/d/l/?s=7012.jp&i=d,2026-03-22T01:59:33+00:00
7012,7012.T,7012.jp,2014-01-24,4147.86,4156.59,4043.02,4086.76,2472211,https://stooq.com/q/d/l/?s=7012.jp&i=d,2026-03-22T01:59:33+00:00
7012,7012.T,7012.jp,2014-01-27,3973.18,4025.64,3938.27,3955.73,2051701,https://stooq.com/q/d/l/?s=7012.jp&i=d,2026-03-22T01:59:33+00:00
7012,7012.T,7012.jp,2014-01-28,4095.50,4130.38,4034.28,4034.28,2030972,https://stooq.com/q/d/l/?s=7012.jp&i=d,2026-03-22T01:59:33+00:00
7012,7012.T,7012.jp,2014-01-29,4104.20,4147.86,4086.76,4139.02,1601187,https://stooq.com/q/d/l/?s=7012.jp&i=d,2026-03-22T01:59:33+00:00
7012,7012.T,7012.jp,2014-01-30,4051.84,4121.59,4016.82,4060.46,2254512,https://stooq.com/q/d/l/?s=7012.jp&i=d,2026-03-22T01:59:33+00:00
7012,7012.T,7012.jp,2014-01-31,4130.38,4139.02,3929.53,3929.53,2169539,https://stooq.com/q/d/l/?s=7012.jp&i=d,2026-03-22T01:59:33+00:00
7012,7012.T,7012.jp,2014-02-03,3938.27,3955.73,3824.77,3842.15,1479684,https://stooq.com/q/d/l/?s=7012.jp&i=d,2026-03-22T01:59:33+00:00
7012,7012.T,7012.jp,2014-02-04,3676.30,3719.84,3606.45,3606.45,2164501,https://stooq.com/q/d/l/?s=7012.jp&i=d,2026-03-22T01:59:33+00:00
7012,7012.T,7012.jp,2014-02-05,3676.30,3711.29,3571.53,3615.09,2482172,https://stooq.com/q/d/l/?s=7012.jp&i=d,2026-03-22T01:59:33+00:00
7012,7012.T,7012.jp,2014-02-06,3641.38,3685.01,3580.17,3632.64,1508544,https://stooq.com/q/d/l/?s=7012.jp&i=d,2026-03-22T01:59:33+00:00
7012,7012.T,7012.jp,2014-02-07,3711.29,3728.66,3650.10,3702.47,1106243,https://stooq.com/q/d/l/?s=7012.jp&i=d,2026-03-22T01:59:33+00:00
7012,7012.T,7012.jp,2014-02-10,3763.67,3772.39,3685.01,3719.84,1062267,https://stooq.com/q/d/l/?s=7012.jp&i=d,2026-03-22T01:59:33+00:00
7012,7012.T,7012.jp,2014-02-12,3763.67,3798.51,3728.66,3772.39,1090322,https://stooq.com/q/d/l/?s=7012.jp&i=d,2026-03-22T01:59:33+00:00
7012,7012.T,7012.jp,2014-02-13,3719.84,3737.39,3650.10,3667.56,1345700,https://stooq.com/q/d/l/?s=7012.jp&i=d,2026-03-22T01:59:33+00:00
7012,7012.T,7012.jp,2014-02-14,3667.56,3711.29,3588.99,3632.64,1184457,https://stooq.com/q/d/l/?s=7012.jp&i=d,2026-03-22T01:59:33+00:00
7012,7012.T,7012.jp,2014-02-17,3693.75,3737.39,3667.56,3685.01,1391850,https://stooq.com/q/d/l/?s=7012.jp&i=d,2026-03-22T01:59:33+00:00
7012,7012.T,7012.jp,2014-02-18,3702.47,3781.05,3685.01,3772.39,1183541,https://stooq.com/q/d/l/?s=7012.jp&i=d,2026-03-22T01:59:33+00:00
7012,7012.T,7012.jp,2014-02-19,3763.67,3763.67,3719.84,3763.67,1046578,https://stooq.com/q/d/l/?s=7012.jp&i=d,2026-03-22T01:59:33+00:00
7012,7012.T,7012.jp,2014-02-20,3737.39,3746.21,3571.53,3588.99,2301463,https://stooq.com/q/d/l/?s=7012.jp&i=d,2026-03-22T01:59:33+00:00
7012,7012.T,7012.jp,2014-02-21,3623.91,3650.10,3527.89,3615.09,3032432,https://stooq.com/q/d/l/?s=7012.jp&i=d,2026-03-22T01:59:33+00:00
7012,7012.T,7012.jp,2014-02-24,3632.64,3685.01,3571.53,3632.64,1697267,https://stooq.com/q/d/l/?s=7012.jp&i=d,2026-03-22T01:59:33+00:00
7012,7012.T,7012.jp,2014-02-25,3588.99,3685.01,3580.17,3667.56,1766207,https://stooq.com/q/d/l/?s=7012.jp&i=d,2026-03-22T01:59:33+00:00
7012,7012.T,7012.jp,2014-02-26,3641.38,3667.56,3606.45,3650.10,1154682,https://stooq.com/q/d/l/?s=7012.jp&i=d,2026-03-22T01:59:33+00:00
7012,7012.T,7012.jp,2014-02-27,3632.64,3667.56,3615.09,3623.91,1075093,https://stooq.com/q/d/l/?s=7012.jp&i=d,2026-03-22T01:59:33+00:00
7012,7012.T,7012.jp,2014-02-28,3658.82,3685.01,3606.45,3632.64,1282827,https://stooq.com/q/d/l/?s=7012.jp&i=d,2026-03-22T01:59:33+00:00
7012,7012.T,7012.jp,2014-03-03,3597.72,3606.45,3527.89,3571.53,1131663,https://stooq.com/q/d/l/?s=7012.jp&i=d,2026-03-22T01:59:33+00:00
7012,7012.T,7012.jp,2014-03-04,3519.06,3597.72,3510.34,3580.17,812961,https://stooq.com/q/d/l/?s=7012.jp&i=d,2026-03-22T01:59:33+00:00
7012,7012.T,7012.jp,2014-03-05,3650.10,3667.56,3597.72,3597.72,849606,https://stooq.com/q/d/l/?s=7012.jp&i=d,2026-03-22T01:59:33+00:00
7012,7012.T,7012.jp,2014-03-06,3606.45,3658.82,3597.72,3658.82,732683,https://stooq.com/q/d/l/?s=7012.jp&i=d,2026-03-22T01:59:33+00:00
7012,7012.T,7012.jp,2014-03-07,3676.30,3702.47,3632.64,3650.10,852470,https://stooq.com/q/d/l/?s=7012.jp&i=d,2026-03-22T01:59:33+00:00
7012,7012.T,7012.jp,2014-03-10,3650.10,3676.30,3606.45,3623.91,778034,https://stooq.com/q/d/l/?s=7012.jp&i=d,2026-03-22T01:59:33+00:00
7012,7012.T,7012.jp,2014-03-11,3623.91,3650.10,3606.45,3632.64,655958,https://stooq.com/q/d/l/?s=7012.jp&i=d,2026-03-22T01:59:33+00:00
7012,7012.T,7012.jp,2014-03-12,3597.72,3597.72,3527.89,3527.89,1012223,https://stooq.com/q/d/l/?s=7012.jp&i=d,2026-03-22T01:59:33+00:00
7012,7012.T,7012.jp,2014-03-13,3519.06,3545.35,3457.96,3466.78,1110478,https://stooq.com/q/d/l/?s=7012.jp&i=d,2026-03-22T01:59:33+00:00
7012,7012.T,7012.jp,2014-03-14,3370.66,3379.31,3292.08,3309.56,2138276,https://stooq.com/q/d/l/?s=7012.jp&i=d,2026-03-22T01:59:33+00:00
7012,7012.T,7012.jp,2014-03-17,3309.56,3362.03,3257.19,3309.56,989318,https://stooq.com/q/d/l/?s=7012.jp&i=d,2026-03-22T01:59:33+00:00
7012,7012.T,7012.jp,2014-03-18,3362.03,3379.31,3292.08,3292.08,1017721,https://stooq.com/q/d/l/?s=7012.jp&i=d,2026-03-22T01:59:33+00:00
7012,7012.T,7012.jp,2014-03-19,3344.47,3379.31,3265.82,3300.73,1572099,https://stooq.com/q/d/l/?s=7012.jp&i=d,2026-03-22T01:59:33+00:00
7012,7012.T,7012.jp,2014-03-20,3335.67,3362.03,3239.63,3239.63,1261528,https://stooq.com/q/d/l/?s=7012.jp&i=d,2026-03-22T01:59:33+00:00
7012,7012.T,7012.jp,2014-03-24,3248.45,3274.56,3134.89,3187.34,2082736,https://stooq.com/q/d/l/?s=7012.jp&i=d,2026-03-22T01:59:33+00:00
7012,7012.T,7012.jp,2014-03-25,3169.79,3283.37,3108.69,3239.63,2550770,https://stooq.com/q/d/l/?s=7012.jp&i=d,2026-03-22T01:59:33+00:00
7012,7012.T,7012.jp,2014-03-26,3274.56,3283.37,3230.90,3257.19,941794,https://stooq.com/q/d/l/?s=7012.jp&i=d,2026-03-22T01:59:33+00:00
7012,7012.T,7012.jp,2014-03-27,3204.81,3274.56,3161.07,3265.82,1529156,https://stooq.com/q/d/l/?s=7012.jp&i=d,2026-03-22T01:59:33+00:00
7012,7012.T,7012.jp,2014-03-28,3257.19,3274.56,3204.81,3257.19,1020813,https://stooq.com/q/d/l/?s=7012.jp&i=d,2026-03-22T01:59:33+00:00
7012,7012.T,7012.jp,2014-03-31,3292.08,3353.20,3283.37,3318.29,1210911,https://stooq.com/q/d/l/?s=7012.jp&i=d,2026-03-22T01:59:33+00:00
7012,7012.T,7012.jp,2014-04-01,3344.47,3388.12,3300.73,3388.12,1646994,https://stooq.com/q/d/l/?s=7012.jp&i=d,2026-03-22T01:59:33+00:00
7012,7012.T,7012.jp,2014-04-02,3414.30,3492.87,3405.59,3431.86,1707690,https://stooq.com/q/d/l/?s=7012.jp&i=d,2026-03-22T01:59:33+00:00
7012,7012.T,7012.jp,2014-04-03,3466.78,3536.63,3457.96,3475.42,1869618,https://stooq.com/q/d/l/?s=7012.jp&i=d,2026-03-22T01:59:33+00:00
7012,7012.T,7012.jp,2014-04-04,3466.78,3510.34,3457.96,3501.60,671073,https://stooq.com/q/d/l/?s=7012.jp&i=d,2026-03-22T01:59:33+00:00
7012,7012.T,7012.jp,2014-04-07,3475.42,3484.24,3431.86,3440.41,978441,https://stooq.com/q/d/l/?s=7012.jp&i=d,2026-03-22T01:59:33+00:00
7012,7012.T,7012.jp,2014-04-08,3405.59,3405.59,3318.29,3335.67,1441550,https://stooq.com/q/d/l/?s=7012.jp&i=d,2026-03-22T01:59:33+00:00
7012,7012.T,7012.jp,2014-04-09,3283.37,3283.37,3230.90,3257.19,1117235,https://stooq.com/q/d/l/?s=7012.jp&i=d,2026-03-22T01:59:33+00:00
7012,7012.T,7012.jp,2014-04-10,3283.37,3344.47,3248.45,3257.19,1153879,https://stooq.com/q/d/l/?s=7012.jp&i=d,2026-03-22T01:59:33+00:00
7012,7012.T,7012.jp,2014-04-11,3178.52,3230.90,3161.07,3213.44,1190984,https://stooq.com/q/d/l/?s=7012.jp&i=d,2026-03-22T01:59:33+00:00
7012,7012.T,7012.jp,2014-04-14,3195.99,3230.90,3178.52,3187.34,1034210,https://stooq.com/q/d/l/?s=7012.jp&i=d,2026-03-22T01:59:33+00:00
7012,7012.T,7012.jp,2014-04-15,3204.81,3222.27,3161.07,3161.07,728448,https://stooq.com/q/d/l/?s=7012.jp&i=d,2026-03-22T01:59:33+00:00
7012,7012.T,7012.jp,2014-04-16,3178.52,3248.45,3169.79,3230.90,1151360,https://stooq.com/q/d/l/?s=7012.jp&i=d,2026-03-22T01:59:33+00:00
7012,7012.T,7012.jp,2014-04-17,3257.19,3274.56,3187.34,3213.44,1183770,https://stooq.com/q/d/l/?s=7012.jp&i=d,2026-03-22T01:59:33+00:00
7012,7012.T,7012.jp,2014-04-18,3230.90,3265.82,3213.44,3257.19,1018863,https://stooq.com/q/d/l/?s=7012.jp&i=d,2026-03-22T01:59:33+00:00
7012,7012.T,7012.jp,2014-04-21,3257.19,3265.82,3178.52,3195.99,1360701,https://stooq.com/q/d/l/?s=7012.jp&i=d,2026-03-22T01:59:33+00:00
7012,7012.T,7012.jp,2014-04-22,3187.34,3204.81,3117.42,3134.89,1379825,https://stooq.com/q/d/l/?s=7012.jp&i=d,2026-03-22T01:59:33+00:00
7012,7012.T,7012.jp,2014-04-23,3126.15,3126.15,3065.04,3108.69,1750405,https://stooq.com/q/d/l/?s=7012.jp&i=d,2026-03-22T01:59:33+00:00
7012,7012.T,7012.jp,2014-04-24,3117.42,3117.42,3056.22,3073.77,1232211,https://stooq.com/q/d/l/?s=7012.jp&i=d,2026-03-22T01:59:33+00:00
7012,7012.T,7012.jp,2014-04-25,3108.69,3335.67,3082.60,3318.29,4735654,https://stooq.com/q/d/l/?s=7012.jp&i=d,2026-03-22T01:59:33+00:00
7012,7012.T,7012.jp,2014-04-28,3248.45,3309.56,3239.63,3300.73,1803770,https://stooq.com/q/d/l/?s=7012.jp&i=d,2026-03-22T01:59:33+00:00
7012,7012.T,7012.jp,2014-04-30,3335.67,3353.20,3300.73,3309.56,1021156,https://stooq.com/q/d/l/?s=7012.jp&i=d,2026-03-22T01:59:33+00:00
7012,7012.T,7012.jp,2014-05-01,3327.02,3379.31,3318.29,3370.66,1202322,https://stooq.com/q/d/l/?s=7012.jp&i=d,2026-03-22T01:59:33+00:00
7012,7012.T,7012.jp,2014-05-02,3362.03,3405.59,3344.47,3370.66,1024590,https://stooq.com/q/d/l/?s=7012.jp&i=d,2026-03-22T01:59:33+00:00
7012,7012.T,7012.jp,2014-05-07,3370.66,3379.31,3292.08,3300.73,1257635,https://stooq.com/q/d/l/?s=7012.jp&i=d,2026-03-22T01:59:33+00:00
7012,7012.T,7012.jp,2014-05-08,3309.56,3344.47,3283.37,3318.29,1023788,https://stooq.com/q/d/l/?s=7012.jp&i=d,2026-03-22T01:59:33+00:00
7012,7012.T,7012.jp,2014-05-09,3292.08,3327.02,3274.56,3292.08,1038907,https://stooq.com/q/d/l/?s=7012.jp&i=d,2026-03-22T01:59:33+00:00
7012,7012.T,7012.jp,2014-05-12,3300.73,3300.73,3222.27,3239.63,973286,https://stooq.com/q/d/l/?s=7012.jp&i=d,2026-03-22T01:59:33+00:00
7012,7012.T,7012.jp,2014-05-13,3274.56,3327.02,3265.82,3309.56,899307,https://stooq.com/q/d/l/?s=7012.jp&i=d,2026-03-22T01:59:33+00:00
7012,7012.T,7012.jp,2014-05-14,3292.08,3318.29,3265.82,3283.37,879267,https://stooq.com/q/d/l/?s=7012.jp&i=d,2026-03-22T01:59:33+00:00
7012,7012.T,7012.jp,2014-05-15,3248.45,3318.29,3239.63,3292.08,740700,https://stooq.com/q/d/l/?s=7012.jp&i=d,2026-03-22T01:59:33+00:00
7012,7012.T,7012.jp,2014-05-16,3265.82,3274.56,3213.44,3239.63,904346,https://stooq.com/q/d/l/?s=7012.jp&i=d,2026-03-22T01:59:33+00:00
7012,7012.T,7012.jp,2014-05-19,3222.27,3257.19,3178.52,3187.34,663744,https://stooq.com/q/d/l/?s=7012.jp&i=d,2026-03-22T01:59:33+00:00
7012,7012.T,7012.jp,2014-05-20,3187.34,3195.99,3134.89,3169.79,709093,https://stooq.com/q/d/l/?s=7012.jp&i=d,2026-03-22T01:59:33+00:00
7012,7012.T,7012.jp,2014-05-21,3143.69,3152.32,3065.04,3117.42,1273210,https://stooq.com/q/d/l/?s=7012.jp&i=d,2026-03-22T01:59:33+00:00
7012,7012.T,7012.jp,2014-05-22,3143.69,3204.81,3108.69,3187.34,1089638,https://stooq.com/q/d/l/?s=7012.jp&i=d,2026-03-22T01:59:33+00:00
7012,7012.T,7012.jp,2014-05-23,3222.27,3265.82,3213.44,3230.90,868160,https://stooq.com/q/d/l/?s=7012.jp&i=d,2026-03-22T01:59:33+00:00
7012,7012.T,7012.jp,2014-05-26,3265.82,3300.73,3257.19,3283.37,678174,https://stooq.com/q/d/l/?s=7012.jp&i=d,2026-03-22T01:59:33+00:00
7012,7012.T,7012.jp,2014-05-27,3283.37,3344.47,3274.56,3309.56,882472,https://stooq.com/q/d/l/?s=7012.jp&i=d,2026-03-22T01:59:33+00:00
7012,7012.T,7012.jp,2014-05-28,3327.02,3353.20,3309.56,3335.67,940192,https://stooq.com/q/d/l/?s=7012.jp&i=d,2026-03-22T01:59:33+00:00
7012,7012.T,7012.jp,2014-05-29,3318.29,3379.31,3309.56,3353.20,932404,https://stooq.com/q/d/l/?s=7012.jp&i=d,2026-03-22T01:59:33+00:00
7012,7012.T,7012.jp,2014-05-30,3344.47,3379.31,3335.67,3344.47,983822,https://stooq.com/q/d/l/?s=7012.jp&i=d,2026-03-22T01:59:33+00:00
7012,7012.T,7012.jp,2014-06-02,3362.03,3414.30,3362.03,3379.31,977180,https://stooq.com/q/d/l/?s=7012.jp&i=d,2026-03-22T01:59:33+00:00
7012,7012.T,7012.jp,2014-06-03,3423.13,3492.87,3423.13,3431.86,1539120,https://stooq.com/q/d/l/?s=7012.jp&i=d,2026-03-22T01:59:33+00:00
7012,7012.T,7012.jp,2014-06-04,3449.22,3457.96,3423.13,3449.22,667409,https://stooq.com/q/d/l/?s=7012.jp&i=d,2026-03-22T01:59:33+00:00
7012,7012.T,7012.jp,2014-06-05,3466.78,3510.34,3457.96,3466.78,984509,https://stooq.com/q/d/l/?s=7012.jp&i=d,2026-03-22T01:59:33+00:00
7012,7012.T,7012.jp,2014-06-06,3466.78,3510.34,3457.96,3501.60,1365739,https://stooq.com/q/d/l/?s=7012.jp&i=d,2026-03-22T01:59:33+00:00
7012,7012.T,7012.jp,2014-06-09,3510.34,3536.63,3501.60,3501.60,988173,https://stooq.com/q/d/l/?s=7012.jp&i=d,2026-03-22T01:59:33+00:00
7012,7012.T,7012.jp,2014-06-10,3501.60,3510.34,3457.96,3484.24,1371351,https://stooq.com/q/d/l/?s=7012.jp&i=d,2026-03-22T01:59:33+00:00
7012,7012.T,7012.jp,2014-06-11,3484.24,3501.60,3475.42,3501.60,1137505,https://stooq.com/q/d/l/?s=7012.jp&i=d,2026-03-22T01:59:33+00:00
7012,7012.T,7012.jp,2014-06-12,3475.42,3484.24,3440.41,3475.42,945574,https://stooq.com/q/d/l/?s=7012.jp&i=d,2026-03-22T01:59:33+00:00
7012,7012.T,7012.jp,2014-06-13,3405.59,3475.42,3405.59,3466.78,1869846,https://stooq.com/q/d/l/?s=7012.jp&i=d,2026-03-22T01:59:33+00:00
7012,7012.T,7012.jp,2014-06-16,3457.96,3466.78,3405.59,3431.86,1124220,https://stooq.com/q/d/l/?s=7012.jp&i=d,2026-03-22T01:59:33+00:00
7012,7012.T,7012.jp,2014-06-17,3423.13,3431.86,3405.59,3423.13,518193,https://stooq.com/q/d/l/?s=7012.jp&i=d,2026-03-22T01:59:33+00:00
7012,7012.T,7012.jp,2014-06-18,3414.30,3466.78,3414.30,3440.41,635116,https://stooq.com/q/d/l/?s=7012.jp&i=d,2026-03-22T01:59:33+00:00
7012,7012.T,7012.jp,2014-06-19,3440.41,3492.87,3431.86,3475.42,1271491,https://stooq.com/q/d/l/?s=7012.jp&i=d,2026-03-22T01:59:33+00:00
7012,7012.T,7012.jp,2014-06-20,3484.24,3510.34,3449.22,3466.78,1629360,https://stooq.com/q/d/l/?s=7012.jp&i=d,2026-03-22T01:59:33+00:00
7012,7012.T,7012.jp,2014-06-23,3475.42,3492.87,3440.41,3466.78,1114717,https://stooq.com/q/d/l/?s=7012.jp&i=d,2026-03-22T01:59:33+00:00
7012,7012.T,7012.jp,2014-06-24,3440.41,3449.22,3388.12,3440.41,1616306,https://stooq.com/q/d/l/?s=7012.jp&i=d,2026-03-22T01:59:33+00:00
7012,7012.T,7012.jp,2014-06-25,3414.30,3431.86,3405.59,3414.30,924043,https://stooq.com/q/d/l/?s=7012.jp&i=d,2026-03-22T01:59:33+00:00
7012,7012.T,7012.jp,2014-06-26,3431.86,3466.78,3414.30,3431.86,1107960,https://stooq.com/q/d/l/?s=7012.jp&i=d,2026-03-22T01:59:33+00:00
7012,7012.T,7012.jp,2014-06-27,3414.30,3414.30,3327.02,3335.67,2761940,https://stooq.com/q/d/l/?s=7012.jp&i=d,2026-03-22T01:59:33+00:00
7012,7012.T,7012.jp,2014-06-30,3362.03,3379.31,3327.02,3370.66,950153,https://stooq.com/q/d/l/?s=7012.jp&i=d,2026-03-22T01:59:33+00:00
7012,7012.T,7012.jp,2014-07-01,3388.12,3431.86,3362.03,3405.59,1267139,https://stooq.com/q/d/l/?s=7012.jp&i=d,2026-03-22T01:59:33+00:00
7012,7012.T,7012.jp,2014-07-02,3440.41,3449.22,3405.59,3414.30,979586,https://stooq.com/q/d/l/?s=7012.jp&i=d,2026-03-22T01:59:33+00:00
7012,7012.T,7012.jp,2014-07-03,3449.22,3545.35,3449.22,3501.60,3821689,https://stooq.com/q/d/l/?s=7012.jp&i=d,2026-03-22T01:59:33+00:00
7012,7012.T,7012.jp,2014-07-04,3536.63,3562.80,3519.06,3527.89,2028108,https://stooq.com/q/d/l/?s=7012.jp&i=d,2026-03-22T01:59:33+00:00
7012,7012.T,7012.jp,2014-07-07,3536.63,3597.72,3527.89,3571.53,2073117,https://stooq.com/q/d/l/?s=7012.jp&i=d,2026-03-22T01:59:33+00:00
7012,7012.T,7012.jp,2014-07-08,3553.99,3571.53,3510.34,3553.99,1518964,https://stooq.com/q/d/l/?s=7012.jp&i=d,2026-03-22T01:59:33+00:00
7012,7012.T,7012.jp,2014-07-09,3536.63,3536.63,3510.34,3527.89,876863,https://stooq.com/q/d/l/?s=7012.jp&i=d,2026-03-22T01:59:33+00:00
7012,7012.T,7012.jp,2014-07-10,3527.89,3536.63,3449.22,3466.78,1226257,https://stooq.com/q/d/l/?s=7012.jp&i=d,2026-03-22T01:59:33+00:00
7012,7012.T,7012.jp,2014-07-11,3449.22,3457.96,3414.30,3440.41,988060,https://stooq.com/q/d/l/?s=7012.jp&i=d,2026-03-22T01:59:33+00:00
7012,7012.T,7012.jp,2014-07-14,3423.13,3457.96,3414.30,3440.41,834605,https://stooq.com/q/d/l/?s=7012.jp&i=d,2026-03-22T01:59:33+00:00
7012,7012.T,7012.jp,2014-07-15,3457.96,3501.60,3457.96,3484.24,1105785,https://stooq.com/q/d/l/?s=7012.jp&i=d,2026-03-22T01:59:33+00:00
7012,7012.T,7012.jp,2014-07-16,3475.42,3484.24,3449.22,3466.78,956109,https://stooq.com/q/d/l/?s=7012.jp&i=d,2026-03-22T01:59:33+00:00
7012,7012.T,7012.jp,2014-07-17,3492.87,3501.60,3440.41,3449.22,779751,https://stooq.com/q/d/l/?s=7012.jp&i=d,2026-03-22T01:59:33+00:00
7012,7012.T,7012.jp,2014-07-18,3405.59,3423.13,3388.12,3405.59,1191901,https://stooq.com/q/d/l/?s=7012.jp&i=d,2026-03-22T01:59:33+00:00
7012,7012.T,7012.jp,2014-07-22,3423.13,3492.87,3414.30,3484.24,1311457,https://stooq.com/q/d/l/?s=7012.jp&i=d,2026-03-22T01:59:33+00:00
7012,7012.T,7012.jp,2014-07-23,3492.87,3536.63,3492.87,3501.60,1864693,https://stooq.com/q/d/l/?s=7012.jp&i=d,2026-03-22T01:59:33+00:00
7012,7012.T,7012.jp,2014-07-24,3501.60,3527.89,3475.42,3501.60,1217324,https://stooq.com/q/d/l/?s=7012.jp&i=d,2026-03-22T01:59:33+00:00
7012,7012.T,7012.jp,2014-07-25,3492.87,3527.89,3492.87,3527.89,714820,https://stooq.com/q/d/l/?s=7012.jp&i=d,2026-03-22T01:59:33+00:00
7012,7012.T,7012.jp,2014-07-28,3519.06,3545.35,3510.34,3519.06,1148958,https://stooq.com/q/d/l/?s=7012.jp&i=d,2026-03-22T01:59:33+00:00
7012,7012.T,7012.jp,2014-07-29,3536.63,3536.63,3510.34,3519.06,887053,https://stooq.com/q/d/l/?s=7012.jp&i=d,2026-03-22T01:59:33+00:00
7012,7012.T,7012.jp,2014-07-30,3510.34,3615.09,3501.60,3571.53,3594025,https://stooq.com/q/d/l/?s=7012.jp&i=d,2026-03-22T01:59:33+00:00
7012,7012.T,7012.jp,2014-07-31,3580.17,3580.17,3510.34,3536.63,1829765,https://stooq.com/q/d/l/?s=7012.jp&i=d,2026-03-22T01:59:33+00:00
7012,7012.T,7012.jp,2014-08-01,3510.34,3510.34,3431.86,3449.22,1960315,https://stooq.com/q/d/l/?s=7012.jp&i=d,2026-03-22T01:59:33+00:00
7012,7012.T,7012.jp,2014-08-04,3457.96,3466.78,3431.86,3431.86,911331,https://stooq.com/q/d/l/?s=7012.jp&i=d,2026-03-22T01:59:33+00:00
7012,7012.T,7012.jp,2014-08-05,3431.86,3449.22,3370.66,3379.31,1753497,https://stooq.com/q/d/l/?s=7012.jp&i=d,2026-03-22T01:59:33+00:00
7012,7012.T,7012.jp,2014-08-06,3362.03,3379.31,3300.73,3327.02,2299288,https://stooq.com/q/d/l/?s=7012.jp&i=d,2026-03-22T01:59:33+00:00
7012,7012.T,7012.jp,2014-08-07,3327.02,3327.02,3248.45,3318.29,2318183,https://stooq.com/q/d/l/?s=7012.jp&i=d,2026-03-22T01:59:33+00:00
7012,7012.T,7012.jp,2014-08-08,3257.19,3283.37,3222.27,3239.63,2149157,https://stooq.com/q/d/l/?s=7012.jp&i=d,2026-03-22T01:59:33+00:00
7012,7012.T,7012.jp,2014-08-11,3283.37,3300.73,3257.19,3274.56,1095133,https://stooq.com/q/d/l/?s=7012.jp&i=d,2026-03-22T01:59:33+00:00
7012,7012.T,7012.jp,2014-08-12,3283.37,3292.08,3257.19,3265.82,992641,https://stooq.com/q/d/l/?s=7012.jp&i=d,2026-03-22T01:59:33+00:00
7012,7012.T,7012.jp,2014-08-13,3265.82,3292.08,3265.82,3283.37,719401,https://stooq.com/q/d/l/?s=7012.jp&i=d,2026-03-22T01:59:33+00:00
7012,7012.T,7012.jp,2014-08-14,3283.37,3327.02,3265.82,3309.56,1292219,https://stooq.com/q/d/l/?s=7012.jp&i=d,2026-03-22T01:59:33+00:00
7012,7012.T,7012.jp,2014-08-15,3309.56,3327.02,3292.08,3318.29,455895,https://stooq.com/q/d/l/?s=7012.jp&i=d,2026-03-22T01:59:33+00:00
7012,7012.T,7012.jp,2014-08-18,3327.02,3353.20,3318.29,3327.02,803456,https://stooq.com/q/d/l/?s=7012.jp&i=d,2026-03-22T01:59:33+00:00
7012,7012.T,7012.jp,2014-08-19,3344.47,3388.12,3335.67,3379.31,1279392,https://stooq.com/q/d/l/?s=7012.jp&i=d,2026-03-22T01:59:33+00:00
7012,7012.T,7012.jp,2014-08-20,3396.85,3414.30,3370.66,3379.31,769445,https://stooq.com/q/d/l/?s=7012.jp&i=d,2026-03-22T01:59:33+00:00
7012,7012.T,7012.jp,2014-08-21,3405.59,3475.42,3405.59,3449.22,1600273,https://stooq.com/q/d/l/?s=7012.jp&i=d,2026-03-22T01:59:33+00:00
7012,7012.T,7012.jp,2014-08-22,3457.96,3466.78,3423.13,3449.22,1210797,https://stooq.com/q/d/l/?s=7012.jp&i=d,2026-03-22T01:59:33+00:00
7012,7012.T,7012.jp,2014-08-25,3457.96,3466.78,3423.13,3449.22,889804,https://stooq.com/q/d/l/?s=7012.jp&i=d,2026-03-22T01:59:33+00:00
7012,7012.T,7012.jp,2014-08-26,3449.22,3466.78,3431.86,3440.41,1036501,https://stooq.com/q/d/l/?s=7012.jp&i=d,2026-03-22T01:59:33+00:00
7012,7012.T,7012.jp,2014-08-27,3457.96,3475.42,3449.22,3457.96,961606,https://stooq.com/q/d/l/?s=7012.jp&i=d,2026-03-22T01:59:33+00:00
7012,7012.T,7012.jp,2014-08-28,3440.41,3449.22,3396.85,3405.59,1460445,https://stooq.com/q/d/l/?s=7012.jp&i=d,2026-03-22T01:59:33+00:00
7012,7012.T,7012.jp,2014-08-29,3388.12,3396.85,3353.20,3379.31,1192931,https://stooq.com/q/d/l/?s=7012.jp&i=d,2026-03-22T01:59:33+00:00
7012,7012.T,7012.jp,2014-09-01,3370.66,3388.12,3353.20,3379.31,983480,https://stooq.com/q/d/l/?s=7012.jp&i=d,2026-03-22T01:59:33+00:00
7012,7012.T,7012.jp,2014-09-02,3388.12,3457.96,3379.31,3423.13,1724523,https://stooq.com/q/d/l/?s=7012.jp&i=d,2026-03-22T01:59:33+00:00
7012,7012.T,7012.jp,2014-09-03,3457.96,3484.24,3440.41,3457.96,1458956,https://stooq.com/q/d/l/?s=7012.jp&i=d,2026-03-22T01:59:33+00:00
7012,7012.T,7012.jp,2014-09-04,3457.96,3466.78,3414.30,3423.13,1205758,https://stooq.com/q/d/l/?s=7012.jp&i=d,2026-03-22T01:59:33+00:00
7012,7012.T,7012.jp,2014-09-05,3440.41,3449.22,3379.31,3405.59,1434336,https://stooq.com/q/d/l/?s=7012.jp&i=d,2026-03-22T01:59:33+00:00
7012,7012.T,7012.jp,2014-09-08,3423.13,3440.41,3405.59,3414.30,1132466,https://stooq.com/q/d/l/?s=7012.jp&i=d,2026-03-22T01:59:33+00:00
7012,7012.T,7012.jp,2014-09-09,3449.22,3475.42,3449.22,3449.22,1236104,https://stooq.com/q/d/l/?s=7012.jp&i=d,2026-03-22T01:59:33+00:00
7012,7012.T,7012.jp,2014-09-10,3423.13,3457.96,3405.59,3440.41,1041197,https://stooq.com/q/d/l/?s=7012.jp&i=d,2026-03-22T01:59:33+00:00
7012,7012.T,7012.jp,2014-09-11,3492.87,3536.63,3449.22,3519.06,2538403,https://stooq.com/q/d/l/?s=7012.jp&i=d,2026-03-22T01:59:33+00:00
7012,7012.T,7012.jp,2014-09-12,3553.99,3615.09,3536.63,3580.17,3223790,https://stooq.com/q/d/l/?s=7012.jp&i=d,2026-03-22T01:59:33+00:00
7012,7012.T,7012.jp,2014-09-16,3588.99,3597.72,3545.35,3562.80,1232669,https://stooq.com/q/d/l/?s=7012.jp&i=d,2026-03-22T01:59:33+00:00
7012,7012.T,7012.jp,2014-09-17,3588.99,3597.72,3545.35,3553.99,1143002,https://stooq.com/q/d/l/?s=7012.jp&i=d,2026-03-22T01:59:33+00:00
7012,7012.T,7012.jp,2014-09-18,3623.91,3667.56,3606.45,3632.64,2758505,https://stooq.com/q/d/l/?s=7012.jp&i=d,2026-03-22T01:59:33+00:00
7012,7012.T,7012.jp,2014-09-19,3658.82,3833.42,3658.82,3789.76,5291296,https://stooq.com/q/d/l/?s=7012.jp&i=d,2026-03-22T01:59:33+00:00
7012,7012.T,7012.jp,2014-09-22,3789.76,3842.15,3781.05,3798.51,3247497,https://stooq.com/q/d/l/?s=7012.jp&i=d,2026-03-22T01:59:33+00:00
7012,7012.T,7012.jp,2014-09-24,3763.67,3798.51,3737.39,3798.51,2204238,https://stooq.com/q/d/l/?s=7012.jp&i=d,2026-03-22T01:59:33+00:00
7012,7012.T,7012.jp,2014-09-25,3842.15,3920.81,3833.42,3903.25,3398546,https://stooq.com/q/d/l/?s=7012.jp&i=d,2026-03-22T01:59:33+00:00
7012,7012.T,7012.jp,2014-09-26,3868.42,3920.81,3842.15,3885.97,3161722,https://stooq.com/q/d/l/?s=7012.jp&i=d,2026-03-22T01:59:33+00:00
7012,7012.T,7012.jp,2014-09-29,3920.81,3938.27,3877.16,3920.81,1821636,https://stooq.com/q/d/l/?s=7012.jp&i=d,2026-03-22T01:59:33+00:00
7012,7012.T,7012.jp,2014-09-30,3894.52,3903.25,3798.51,3824.77,2449765,https://stooq.com/q/d/l/?s=7012.jp&i=d,2026-03-22T01:59:33+00:00
7012,7012.T,7012.jp,2014-10-01,3816.06,3850.96,3781.05,3798.51,1512094,https://stooq.com/q/d/l/?s=7012.jp&i=d,2026-03-22T01:59:33+00:00
7012,7012.T,7012.jp,2014-10-02,3754.85,3763.67,3685.01,3711.29,3008383,https://stooq.com/q/d/l/?s=7012.jp&i=d,2026-03-22T01:59:33+00:00
7012,7012.T,7012.jp,2014-10-03,3711.29,3754.85,3676.30,3719.84,1413263,https://stooq.com/q/d/l/?s=7012.jp&i=d,2026-03-22T01:59:33+00:00
7012,7012.T,7012.jp,2014-10-06,3781.05,3833.42,3746.21,3789.76,1758306,https://stooq.com/q/d/l/?s=7012.jp&i=d,2026-03-22T01:59:33+00:00
7012,7012.T,7012.jp,2014-10-07,3781.05,3807.32,3728.66,3737.39,1522858,https://stooq.com/q/d/l/?s=7012.jp&i=d,2026-03-22T01:59:33+00:00
7012,7012.T,7012.jp,2014-10-08,3623.91,3650.10,3580.17,3606.45,2660134,https://stooq.com/q/d/l/?s=7012.jp&i=d,2026-03-22T01:59:33+00:00
7012,7012.T,7012.jp,2014-10-09,3632.64,3650.10,3536.63,3580.17,2104265,https://stooq.com/q/d/l/?s=7012.jp&i=d,2026-03-22T01:59:33+00:00
7012,7012.T,7012.jp,2014-10-10,3562.80,3562.80,3492.87,3553.99,2807058,https://stooq.com/q/d/l/?s=7012.jp&i=d,2026-03-22T01:59:33+00:00
7012,7012.T,7012.jp,2014-10-14,3475.42,3484.24,3431.86,3449.22,2173663,https://stooq.com/q/d/l/?s=7012.jp&i=d,2026-03-22T01:59:33+00:00
7012,7012.T,7012.jp,2014-10-15,3519.06,3580.17,3510.34,3562.80,2824009,https://stooq.com/q/d/l/?s=7012.jp&i=d,2026-03-22T01:59:33+00:00
7012,7012.T,7012.jp,2014-10-16,3501.60,3571.53,3484.24,3501.60,2250276,https://stooq.com/q/d/l/?s=7012.jp&i=d,2026-03-22T01:59:33+00:00
7012,7012.T,7012.jp,2014-10-17,3527.89,3571.53,3466.78,3475.42,2351853,https://stooq.com/q/d/l/?s=7012.jp&i=d,2026-03-22T01:59:33+00:00
7012,7012.T,7012.jp,2014-10-20,3571.53,3615.09,3562.80,3588.99,1880268,https://stooq.com/q/d/l/?s=7012.jp&i=d,2026-03-22T01:59:33+00:00
7012,7012.T,7012.jp,2014-10-21,3606.45,3615.09,3492.87,3510.34,1763917,https://stooq.com/q/d/l/?s=7012.jp&i=d,2026-03-22T01:59:33+00:00
7012,7012.T,7012.jp,2014-10-22,3562.80,3623.91,3536.63,3615.09,1632794,https://stooq.com/q/d/l/?s=7012.jp&i=d,2026-03-22T01:59:33+00:00
7012,7012.T,7012.jp,2014-10-23,3606.45,3658.82,3571.53,3606.45,1344668,https://stooq.com/q/d/l/?s=7012.jp&i=d,2026-03-22T01:59:33+00:00
7012,7012.T,7012.jp,2014-10-24,3667.56,3676.30,3588.99,3597.72,2321276,https://stooq.com/q/d/l/?s=7012.jp&i=d,2026-03-22T01:59:33+00:00
7012,7012.T,7012.jp,2014-10-27,3606.45,3615.09,3527.89,3536.63,2018147,https://stooq.com/q/d/l/?s=7012.jp&i=d,2026-03-22T01:59:33+00:00
7012,7012.T,7012.jp,2014-10-28,3519.06,3553.99,3510.34,3527.89,1138419,https://stooq.com/q/d/l/?s=7012.jp&i=d,2026-03-22T01:59:33+00:00
7012,7012.T,7012.jp,2014-10-29,3536.63,3667.56,3536.63,3615.09,2494655,https://stooq.com/q/d/l/?s=7012.jp&i=d,2026-03-22T01:59:33+00:00
7012,7012.T,7012.jp,2014-10-30,3615.09,3676.30,3606.45,3623.91,2489503,https://stooq.com/q/d/l/?s=7012.jp&i=d,2026-03-22T01:59:33+00:00
7012,7012.T,7012.jp,2014-10-31,3685.01,3798.51,3676.30,3754.85,2811414,https://stooq.com/q/d/l/?s=7012.jp&i=d,2026-03-22T01:59:33+00:00
7012,7012.T,7012.jp,2014-11-04,3903.25,4008.08,3885.97,3912.06,3984991,https://stooq.com/q/d/l/?s=7012.jp&i=d,2026-03-22T01:59:33+00:00
7012,7012.T,7012.jp,2014-11-05,3903.25,3938.27,3885.97,3938.27,1931801,https://stooq.com/q/d/l/?s=7012.jp&i=d,2026-03-22T01:59:33+00:00
7012,7012.T,7012.jp,2014-11-06,3955.73,4008.08,3903.25,3955.73,2311313,https://stooq.com/q/d/l/?s=7012.jp&i=d,2026-03-22T01:59:33+00:00
7012,7012.T,7012.jp,2014-11-07,3964.45,3999.37,3929.53,3973.18,1738495,https://stooq.com/q/d/l/?s=7012.jp&i=d,2026-03-22T01:59:33+00:00
7012,7012.T,7012.jp,2014-11-10,3947.00,4016.82,3920.81,3990.73,1449910,https://stooq.com/q/d/l/?s=7012.jp&i=d,2026-03-22T01:59:33+00:00
7012,7012.T,7012.jp,2014-11-11,4016.82,4060.46,3999.37,4051.84,1963752,https://stooq.com/q/d/l/?s=7012.jp&i=d,2026-03-22T01:59:33+00:00
7012,7012.T,7012.jp,2014-11-12,4060.46,4226.50,4060.46,4104.20,3996099,https://stooq.com/q/d/l/?s=7012.jp&i=d,2026-03-22T01:59:33+00:00
7012,7012.T,7012.jp,2014-11-13,4095.50,4130.38,4034.28,4086.76,1659936,https://stooq.com/q/d/l/?s=7012.jp&i=d,2026-03-22T01:59:33+00:00
7012,7012.T,7012.jp,2014-11-14,4147.86,4147.86,4069.20,4121.59,1383147,https://stooq.com/q/d/l/?s=7012.jp&i=d,2026-03-22T01:59:33+00:00
7012,7012.T,7012.jp,2014-11-17,4121.59,4121.59,3929.53,3990.73,2126939,https://stooq.com/q/d/l/?s=7012.jp&i=d,2026-03-22T01:59:33+00:00
7012,7012.T,7012.jp,2014-11-18,4051.84,4130.38,4034.28,4112.93,1617678,https://stooq.com/q/d/l/?s=7012.jp&i=d,2026-03-22T01:59:33+00:00
7012,7012.T,7012.jp,2014-11-19,4147.86,4261.33,4139.02,4226.50,2366852,https://stooq.com/q/d/l/?s=7012.jp&i=d,2026-03-22T01:59:33+00:00
7012,7012.T,7012.jp,2014-11-20,4313.72,4331.26,4243.79,4252.62,2273866,https://stooq.com/q/d/l/?s=7012.jp&i=d,2026-03-22T01:59:33+00:00
7012,7012.T,7012.jp,2014-11-21,4322.45,4383.55,4278.81,4348.64,4049809,https://stooq.com/q/d/l/?s=7012.jp&i=d,2026-03-22T01:59:33+00:00
7012,7012.T,7012.jp,2014-11-25,4453.48,4540.77,4427.29,4523.23,3214630,https://stooq.com/q/d/l/?s=7012.jp&i=d,2026-03-22T01:59:33+00:00
7012,7012.T,7012.jp,2014-11-26,4514.58,4593.15,4505.94,4558.24,2749802,https://stooq.com/q/d/l/?s=7012.jp&i=d,2026-03-22T01:59:33+00:00
7012,7012.T,7012.jp,2014-11-27,4549.60,4549.60,4462.12,4462.12,1759337,https://stooq.com/q/d/l/?s=7012.jp&i=d,2026-03-22T01:59:33+00:00
7012,7012.T,7012.jp,2014-11-28,4488.39,4558.24,4479.66,4558.24,1743304,https://stooq.com/q/d/l/?s=7012.jp&i=d,2026-03-22T01:59:33+00:00
7012,7012.T,7012.jp,2014-12-01,4619.43,4645.53,4575.70,4601.88,1508199,https://stooq.com/q/d/l/?s=7012.jp&i=d,2026-03-22T01:59:33+00:00
7012,7012.T,7012.jp,2014-12-02,4593.15,4732.92,4558.24,4724.18,2256687,https://stooq.com/q/d/l/?s=7012.jp&i=d,2026-03-22T01:59:33+00:00
7012,7012.T,7012.jp,2014-12-03,4846.39,4907.59,4811.47,4846.39,3032890,https://stooq.com/q/d/l/?s=7012.jp&i=d,2026-03-22T01:59:33+00:00
7012,7012.T,7012.jp,2014-12-04,4924.95,4933.79,4820.20,4829.02,1576567,https://stooq.com/q/d/l/?s=7012.jp&i=d,2026-03-22T01:59:33+00:00
7012,7012.T,7012.jp,2014-12-05,4837.66,4898.87,4802.66,4890.15,1688910,https://stooq.com/q/d/l/?s=7012.jp&i=d,2026-03-22T01:59:33+00:00
7012,7012.T,7012.jp,2014-12-08,4959.97,5047.17,4951.24,5047.17,2622687,https://stooq.com/q/d/l/?s=7012.jp&i=d,2026-03-22T01:59:33+00:00
7012,7012.T,7012.jp,2014-12-09,4977.33,5143.30,4942.42,4959.97,3789738,https://stooq.com/q/d/l/?s=7012.jp&i=d,2026-03-22T01:59:33+00:00
7012,7012.T,7012.jp,2014-12-10,4802.66,4837.66,4671.81,4706.72,5175634,https://stooq.com/q/d/l/?s=7012.jp&i=d,2026-03-22T01:59:33+00:00
7012,7012.T,7012.jp,2014-12-11,4540.77,4741.54,4523.23,4715.45,2725980,https://stooq.com/q/d/l/?s=7012.jp&i=d,2026-03-22T01:59:33+00:00
7012,7012.T,7012.jp,2014-12-12,4759.11,4863.85,4750.37,4811.47,2536912,https://stooq.com/q/d/l/?s=7012.jp&i=d,2026-03-22T01:59:33+00:00
7012,7012.T,7012.jp,2014-12-15,4724.18,4794.12,4680.53,4706.72,1561220,https://stooq.com/q/d/l/?s=7012.jp&i=d,2026-03-22T01:59:33+00:00
7012,7012.T,7012.jp,2014-12-16,4636.81,4671.81,4575.70,4601.88,1877634,https://stooq.com/q/d/l/?s=7012.jp&i=d,2026-03-22T01:59:33+00:00
7012,7012.T,7012.jp,2014-12-17,4558.24,4697.91,4549.60,4645.53,2501756,https://stooq.com/q/d/l/?s=7012.jp&i=d,2026-03-22T01:59:33+00:00
7012,7012.T,7012.jp,2014-12-18,4794.12,4802.66,4741.54,4750.37,1998794,https://stooq.com/q/d/l/?s=7012.jp&i=d,2026-03-22T01:59:33+00:00
7012,7012.T,7012.jp,2014-12-19,4863.85,4872.59,4811.47,4863.85,1978180,https://stooq.com/q/d/l/?s=7012.jp&i=d,2026-03-22T01:59:33+00:00
7012,7012.T,7012.jp,2014-12-22,4881.31,4916.24,4829.02,4863.85,1299775,https://stooq.com/q/d/l/?s=7012.jp&i=d,2026-03-22T01:59:33+00:00
7012,7012.T,7012.jp,2014-12-24,4933.79,4959.97,4898.87,4907.59,1434564,https://stooq.com/q/d/l/?s=7012.jp&i=d,2026-03-22T01:59:33+00:00
7012,7012.T,7012.jp,2014-12-25,4890.15,4898.87,4855.12,4890.15,1179876,https://stooq.com/q/d/l/?s=7012.jp&i=d,2026-03-22T01:59:33+00:00
7012,7012.T,7012.jp,2014-12-26,4890.15,4959.97,4881.31,4933.79,1232096,https://stooq.com/q/d/l/?s=7012.jp&i=d,2026-03-22T01:59:33+00:00
7012,7012.T,7012.jp,2014-12-29,4951.24,4959.97,4820.20,4898.87,1436054,https://stooq.com/q/d/l/?s=7012.jp&i=d,2026-03-22T01:59:33+00:00
7012,7012.T,7012.jp,2014-12-30,4881.31,4898.87,4829.02,4829.02,1197627,https://stooq.com/q/d/l/?s=7012.jp&i=d,2026-03-22T01:59:33+00:00
7012,7012.T,7012.jp,2015-01-05,4820.20,4933.79,4741.54,4881.31,1754756,https://stooq.com/q/d/l/?s=7012.jp&i=d,2026-03-22T01:59:33+00:00
7012,7012.T,7012.jp,2015-01-06,4750.37,4811.47,4724.18,4724.18,1951498,https://stooq.com/q/d/l/?s=7012.jp&i=d,2026-03-22T01:59:33+00:00
7012,7012.T,7012.jp,2015-01-07,4697.91,4767.84,4689.26,4706.72,1465713,https://stooq.com/q/d/l/?s=7012.jp&i=d,2026-03-22T01:59:33+00:00
7012,7012.T,7012.jp,2015-01-08,4776.56,4785.29,4732.92,4759.11,1534196,https://stooq.com/q/d/l/?s=7012.jp&i=d,2026-03-22T01:59:33+00:00
7012,7012.T,7012.jp,2015-01-09,4846.39,4951.24,4837.66,4881.31,3625290,https://stooq.com/q/d/l/?s=7012.jp&i=d,2026-03-22T01:59:33+00:00
7012,7012.T,7012.jp,2015-01-13,4829.02,4829.02,4732.92,4802.66,1827704,https://stooq.com/q/d/l/?s=7012.jp&i=d,2026-03-22T01:59:33+00:00
7012,7012.T,7012.jp,2015-01-14,4776.56,4802.66,4645.53,4663.00,2351166,https://stooq.com/q/d/l/?s=7012.jp&i=d,2026-03-22T01:59:33+00:00
7012,7012.T,7012.jp,2015-01-15,4663.00,4732.92,4636.81,4724.18,2026048,https://stooq.com/q/d/l/?s=7012.jp&i=d,2026-03-22T01:59:33+00:00
7012,7012.T,7012.jp,2015-01-16,4628.06,4689.26,4575.70,4663.00,2183741,https://stooq.com/q/d/l/?s=7012.jp&i=d,2026-03-22T01:59:33+00:00
7012,7012.T,7012.jp,2015-01-19,4697.91,4715.45,4636.81,4671.81,1355776,https://stooq.com/q/d/l/?s=7012.jp&i=d,2026-03-22T01:59:33+00:00
7012,7012.T,7012.jp,2015-01-20,4689.26,4767.84,4671.81,4767.84,1750290,https://stooq.com/q/d/l/?s=7012.jp&i=d,2026-03-22T01:59:33+00:00
7012,7012.T,7012.jp,2015-01-21,4750.37,4759.11,4671.81,4697.91,1461248,https://stooq.com/q/d/l/?s=7012.jp&i=d,2026-03-22T01:59:33+00:00
7012,7012.T,7012.jp,2015-01-22,4697.91,4759.11,4680.53,4759.11,1111167,https://stooq.com/q/d/l/?s=7012.jp&i=d,2026-03-22T01:59:33+00:00
7012,7012.T,7012.jp,2015-01-23,4820.20,4872.59,4785.29,4811.47,1759910,https://stooq.com/q/d/l/?s=7012.jp&i=d,2026-03-22T01:59:33+00:00
7012,7012.T,7012.jp,2015-01-26,4750.37,4837.66,4697.91,4820.20,1037875,https://stooq.com/q/d/l/?s=7012.jp&i=d,2026-03-22T01:59:33+00:00
7012,7012.T,7012.jp,2015-01-27,4890.15,4898.87,4837.66,4872.59,1437657,https://stooq.com/q/d/l/?s=7012.jp&i=d,2026-03-22T01:59:33+00:00
7012,7012.T,7012.jp,2015-01-28,4811.47,4872.59,4802.66,4863.85,1459416,https://stooq.com/q/d/l/?s=7012.jp&i=d,2026-03-22T01:59:33+00:00
7012,7012.T,7012.jp,2015-01-29,4846.39,5073.45,4811.47,4968.69,3727554,https://stooq.com/q/d/l/?s=7012.jp&i=d,2026-03-22T01:59:33+00:00
7012,7012.T,7012.jp,2015-01-30,5056.00,5073.45,4933.79,4968.69,3642582,https://stooq.com/q/d/l/?s=7012.jp&i=d,2026-03-22T01:59:33+00:00
7012,7012.T,7012.jp,2015-02-02,4881.31,4986.05,4863.85,4959.97,2176411,https://stooq.com/q/d/l/?s=7012.jp&i=d,2026-03-22T01:59:33+00:00
7012,7012.T,7012.jp,2015-02-03,4994.89,5021.08,4811.47,4863.85,2012307,https://stooq.com/q/d/l/?s=7012.jp&i=d,2026-03-22T01:59:33+00:00
7012,7012.T,7012.jp,2015-02-04,4924.95,4968.69,4898.87,4951.24,1901454,https://stooq.com/q/d/l/?s=7012.jp&i=d,2026-03-22T01:59:33+00:00
7012,7012.T,7012.jp,2015-02-05,4951.24,4951.24,4872.59,4907.59,1332643,https://stooq.com/q/d/l/?s=7012.jp&i=d,2026-03-22T01:59:33+00:00
7012,7012.T,7012.jp,2015-02-06,4933.79,4942.42,4811.47,4820.20,1287638,https://stooq.com/q/d/l/?s=7012.jp&i=d,2026-03-22T01:59:33+00:00
7012,7012.T,7012.jp,2015-02-09,4898.87,4898.87,4829.02,4872.59,1348333,https://stooq.com/q/d/l/?s=7012.jp&i=d,2026-03-22T01:59:33+00:00
7012,7012.T,7012.jp,2015-02-10,4855.12,4863.85,4750.37,4785.29,1524117,https://stooq.com/q/d/l/?s=7012.jp&i=d,2026-03-22T01:59:33+00:00
7012,7012.T,7012.jp,2015-02-12,4855.12,4863.85,4785.29,4794.12,1556068,https://stooq.com/q/d/l/?s=7012.jp&i=d,2026-03-22T01:59:33+00:00
7012,7012.T,7012.jp,2015-02-13,4776.56,4785.29,4689.26,4732.92,1770330,https://stooq.com/q/d/l/?s=7012.jp&i=d,2026-03-22T01:59:33+00:00
7012,7012.T,7012.jp,2015-02-16,4706.72,4724.18,4567.04,4601.88,2724378,https://stooq.com/q/d/l/?s=7012.jp&i=d,2026-03-22T01:59:33+00:00
7012,7012.T,7012.jp,2015-02-17,4610.69,4750.37,4610.69,4724.18,1654669,https://stooq.com/q/d/l/?s=7012.jp&i=d,2026-03-22T01:59:33+00:00
7012,7012.T,7012.jp,2015-02-18,4776.56,4855.12,4759.11,4846.39,1670929,https://stooq.com/q/d/l/?s=7012.jp&i=d,2026-03-22T01:59:33+00:00
7012,7012.T,7012.jp,2015-02-19,4846.39,4942.42,4846.39,4916.24,1753153,https://stooq.com/q/d/l/?s=7012.jp&i=d,2026-03-22T01:59:33+00:00
7012,7012.T,7012.jp,2015-02-20,4942.42,4942.42,4872.59,4907.59,1058259,https://stooq.com/q/d/l/?s=7012.jp&i=d,2026-03-22T01:59:33+00:00
7012,7012.T,7012.jp,2015-02-23,4942.42,4951.24,4907.59,4907.59,1092272,https://stooq.com/q/d/l/?s=7012.jp&i=d,2026-03-22T01:59:33+00:00
7012,7012.T,7012.jp,2015-02-24,4924.95,4977.33,4881.31,4959.97,1039823,https://stooq.com/q/d/l/?s=7012.jp&i=d,2026-03-22T01:59:33+00:00
7012,7012.T,7012.jp,2015-02-25,4977.33,5003.63,4933.79,4959.97,1164759,https://stooq.com/q/d/l/?s=7012.jp&i=d,2026-03-22T01:59:33+00:00
7012,7012.T,7012.jp,2015-02-26,4942.42,4977.33,4916.24,4977.33,1077041,https://stooq.com/q/d/l/?s=7012.jp&i=d,2026-03-22T01:59:33+00:00
7012,7012.T,7012.jp,2015-02-27,4959.97,4959.97,4898.87,4951.24,1387610,https://stooq.com/q/d/l/?s=7012.jp&i=d,2026-03-22T01:59:33+00:00
7012,7012.T,7012.jp,2015-03-02,4959.97,5125.82,4959.97,5099.63,3201117,https://stooq.com/q/d/l/?s=7012.jp&i=d,2026-03-22T01:59:33+00:00
7012,7012.T,7012.jp,2015-03-03,5134.66,5134.66,4968.69,5029.81,2316238,https://stooq.com/q/d/l/?s=7012.jp&i=d,2026-03-22T01:59:33+00:00
7012,7012.T,7012.jp,2015-03-04,4959.97,4959.97,4846.39,4881.31,2830423,https://stooq.com/q/d/l/?s=7012.jp&i=d,2026-03-22T01:59:33+00:00
7012,7012.T,7012.jp,2015-03-05,4881.31,4890.15,4802.66,4811.47,2025132,https://stooq.com/q/d/l/?s=7012.jp&i=d,2026-03-22T01:59:33+00:00
7012,7012.T,7012.jp,2015-03-06,4820.20,4881.31,4811.47,4881.31,1291531,https://stooq.com/q/d/l/?s=7012.jp&i=d,2026-03-22T01:59:33+00:00
7012,7012.T,7012.jp,2015-03-09,4855.12,4951.24,4802.66,4924.95,1671845,https://stooq.com/q/d/l/?s=7012.jp&i=d,2026-03-22T01:59:33+00:00
7012,7012.T,7012.jp,2015-03-10,4959.97,5012.36,4924.95,4942.42,1956191,https://stooq.com/q/d/l/?s=7012.jp&i=d,2026-03-22T01:59:33+00:00
7012,7012.T,7012.jp,2015-03-11,4933.79,5056.00,4907.59,5012.36,1582523,https://stooq.com/q/d/l/?s=7012.jp&i=d,2026-03-22T01:59:33+00:00
7012,7012.T,7012.jp,2015-03-12,5038.54,5099.63,5029.81,5073.45,1546907,https://stooq.com/q/d/l/?s=7012.jp&i=d,2026-03-22T01:59:33+00:00
7012,7012.T,7012.jp,2015-03-13,5117.10,5143.30,5082.08,5099.63,1834002,https://stooq.com/q/d/l/?s=7012.jp&i=d,2026-03-22T01:59:33+00:00
7012,7012.T,7012.jp,2015-03-16,5134.66,5221.86,5117.10,5178.20,2175380,https://stooq.com/q/d/l/?s=7012.jp&i=d,2026-03-22T01:59:33+00:00
7012,7012.T,7012.jp,2015-03-17,5239.40,5361.63,5204.39,5326.61,3817566,https://stooq.com/q/d/l/?s=7012.jp&i=d,2026-03-22T01:59:33+00:00
7012,7012.T,7012.jp,2015-03-18,5387.72,5579.94,5361.63,5553.75,4938924,https://stooq.com/q/d/l/?s=7012.jp&i=d,2026-03-22T01:59:33+00:00
7012,7012.T,7012.jp,2015-03-19,5553.75,5649.78,5431.45,5492.56,2827100,https://stooq.com/q/d/l/?s=7012.jp&i=d,2026-03-22T01:59:33+00:00
7012,7012.T,7012.jp,2015-03-20,5501.28,5536.20,5396.52,5457.64,2161982,https://stooq.com/q/d/l/?s=7012.jp&i=d,2026-03-22T01:59:33+00:00
7012,7012.T,7012.jp,2015-03-23,5492.56,5536.20,5449.00,5483.84,1329094,https://stooq.com/q/d/l/?s=7012.jp&i=d,2026-03-22T01:59:33+00:00
7012,7012.T,7012.jp,2015-03-24,5492.56,5492.56,5396.52,5440.18,1214691,https://stooq.com/q/d/l/?s=7012.jp&i=d,2026-03-22T01:59:33+00:00
7012,7012.T,7012.jp,2015-03-25,5483.84,5536.20,5405.26,5483.84,1827818,https://stooq.com/q/d/l/?s=7012.jp&i=d,2026-03-22T01:59:33+00:00
7012,7012.T,7012.jp,2015-03-26,5414.09,5440.18,5370.34,5379.07,1299204,https://stooq.com/q/d/l/?s=7012.jp&i=d,2026-03-22T01:59:33+00:00
7012,7012.T,7012.jp,2015-03-27,5317.89,5396.52,5248.13,5309.25,1798616,https://stooq.com/q/d/l/?s=7012.jp&i=d,2026-03-22T01:59:33+00:00
7012,7012.T,7012.jp,2015-03-30,5282.95,5326.61,5239.40,5300.51,995272,https://stooq.com/q/d/l/?s=7012.jp&i=d,2026-03-22T01:59:33+00:00
7012,7012.T,7012.jp,2015-03-31,5352.89,5414.09,5291.78,5300.51,1857936,https://stooq.com/q/d/l/?s=7012.jp&i=d,2026-03-22T01:59:33+00:00
7012,7012.T,7012.jp,2015-04-01,5282.95,5300.51,5160.75,5248.13,2183969,https://stooq.com/q/d/l/?s=7012.jp&i=d,2026-03-22T01:59:33+00:00
7012,7012.T,7012.jp,2015-04-02,5248.13,5370.34,5230.67,5309.25,1660164,https://stooq.com/q/d/l/?s=7012.jp&i=d,2026-03-22T01:59:33+00:00
7012,7012.T,7012.jp,2015-04-03,5300.51,5379.07,5282.95,5326.61,1001115,https://stooq.com/q/d/l/?s=7012.jp&i=d,2026-03-22T01:59:33+00:00
7012,7012.T,7012.jp,2015-04-06,5274.32,5326.61,5256.77,5309.25,836667,https://stooq.com/q/d/l/?s=7012.jp&i=d,2026-03-22T01:59:33+00:00
7012,7012.T,7012.jp,2015-04-07,5326.61,5352.89,5291.78,5309.25,1427465,https://stooq.com/q/d/l/?s=7012.jp&i=d,2026-03-22T01:59:33+00:00
7012,7012.T,7012.jp,2015-04-08,5379.07,5492.56,5379.07,5440.18,2594286,https://stooq.com/q/d/l/?s=7012.jp&i=d,2026-03-22T01:59:33+00:00
7012,7012.T,7012.jp,2015-04-09,5449.00,5518.83,5405.26,5422.63,1771246,https://stooq.com/q/d/l/?s=7012.jp&i=d,2026-03-22T01:59:33+00:00
7012,7012.T,7012.jp,2015-04-10,5422.63,5422.63,5317.89,5361.63,1347300,https://stooq.com/q/d/l/?s=7012.jp&i=d,2026-03-22T01:59:33+00:00
7012,7012.T,7012.jp,2015-04-13,5352.89,5361.63,5282.95,5352.89,852585,https://stooq.com/q/d/l/?s=7012.jp&i=d,2026-03-22T01:59:33+00:00
7012,7012.T,7012.jp,2015-04-14,5326.61,5422.63,5326.61,5396.52,806892,https://stooq.com/q/d/l/?s=7012.jp&i=d,2026-03-22T01:59:33+00:00
7012,7012.T,7012.jp,2015-04-15,5370.34,5379.07,5317.89,5335.43,826820,https://stooq.com/q/d/l/?s=7012.jp&i=d,2026-03-22T01:59:33+00:00
7012,7012.T,7012.jp,2015-04-16,5335.43,5361.63,5300.51,5344.16,838729,https://stooq.com/q/d/l/?s=7012.jp&i=d,2026-03-22T01:59:33+00:00
7012,7012.T,7012.jp,2015-04-17,5326.61,5335.43,5282.95,5300.51,960577,https://stooq.com/q/d/l/?s=7012.jp&i=d,2026-03-22T01:59:33+00:00
7012,7012.T,7012.jp,2015-04-20,5239.40,5291.78,5195.67,5248.13,961606,https://stooq.com/q/d/l/?s=7012.jp&i=d,2026-03-22T01:59:33+00:00
7012,7012.T,7012.jp,2015-04-21,5265.51,5309.25,5256.77,5300.51,918546,https://stooq.com/q/d/l/?s=7012.jp&i=d,2026-03-22T01:59:33+00:00
7012,7012.T,7012.jp,2015-04-22,5370.34,5544.94,5361.63,5536.20,2816795,https://stooq.com/q/d/l/?s=7012.jp&i=d,2026-03-22T01:59:33+00:00
7012,7012.T,7012.jp,2015-04-23,5553.75,5606.05,5501.28,5527.47,2081475,https://stooq.com/q/d/l/?s=7012.jp&i=d,2026-03-22T01:59:33+00:00
7012,7012.T,7012.jp,2015-04-24,5536.20,5544.94,5457.64,5510.12,933435,https://stooq.com/q/d/l/?s=7012.jp&i=d,2026-03-22T01:59:33+00:00
7012,7012.T,7012.jp,2015-04-27,5466.38,5492.56,5431.45,5457.64,738410,https://stooq.com/q/d/l/?s=7012.jp&i=d,2026-03-22T01:59:33+00:00
7012,7012.T,7012.jp,2015-04-28,5501.28,5649.78,5483.84,5553.75,2683496,https://stooq.com/q/d/l/?s=7012.jp&i=d,2026-03-22T01:59:33+00:00
7012,7012.T,7012.jp,2015-04-30,5544.94,5606.05,5344.16,5396.52,2755641,https://stooq.com/q/d/l/?s=7012.jp&i=d,2026-03-22T01:59:33+00:00
7012,7012.T,7012.jp,2015-05-01,5405.26,5422.63,5309.25,5370.34,1279162,https://stooq.com/q/d/l/?s=7012.jp&i=d,2026-03-22T01:59:33+00:00
7012,7012.T,7012.jp,2015-05-07,5352.89,5352.89,5274.32,5326.61,1600386,https://stooq.com/q/d/l/?s=7012.jp&i=d,2026-03-22T01:59:33+00:00
7012,7012.T,7012.jp,2015-05-08,5256.77,5282.95,5178.20,5256.77,2785876,https://stooq.com/q/d/l/?s=7012.jp&i=d,2026-03-22T01:59:33+00:00
7012,7012.T,7012.jp,2015-05-11,5361.63,5379.07,5230.67,5248.13,2076436,https://stooq.com/q/d/l/?s=7012.jp&i=d,2026-03-22T01:59:33+00:00
7012,7012.T,7012.jp,2015-05-12,5256.77,5265.51,5204.39,5248.13,1510947,https://stooq.com/q/d/l/?s=7012.jp&i=d,2026-03-22T01:59:33+00:00
7012,7012.T,7012.jp,2015-05-13,5230.67,5274.32,5204.39,5265.51,1183541,https://stooq.com/q/d/l/?s=7012.jp&i=d,2026-03-22T01:59:33+00:00
7012,7012.T,7012.jp,2015-05-14,5291.78,5317.89,5274.32,5300.51,1330239,https://stooq.com/q/d/l/?s=7012.jp&i=d,2026-03-22T01:59:33+00:00
7012,7012.T,7012.jp,2015-05-15,5326.61,5344.16,5282.95,5300.51,929313,https://stooq.com/q/d/l/?s=7012.jp&i=d,2026-03-22T01:59:33+00:00
7012,7012.T,7012.jp,2015-05-18,5291.78,5335.43,5265.51,5335.43,860486,https://stooq.com/q/d/l/?s=7012.jp&i=d,2026-03-22T01:59:33+00:00
7012,7012.T,7012.jp,2015-05-19,5335.43,5405.26,5326.61,5387.72,1477852,https://stooq.com/q/d/l/?s=7012.jp&i=d,2026-03-22T01:59:33+00:00
7012,7012.T,7012.jp,2015-05-20,5431.45,5457.64,5414.09,5431.45,1173923,https://stooq.com/q/d/l/?s=7012.jp&i=d,2026-03-22T01:59:33+00:00
7012,7012.T,7012.jp,2015-05-21,5457.64,5483.84,5379.07,5396.52,1488160,https://stooq.com/q/d/l/?s=7012.jp&i=d,2026-03-22T01:59:33+00:00
7012,7012.T,7012.jp,2015-05-22,5396.52,5405.26,5335.43,5344.16,1162814,https://stooq.com/q/d/l/?s=7012.jp&i=d,2026-03-22T01:59:33+00:00
7012,7012.T,7012.jp,2015-05-25,5396.52,5457.64,5379.07,5440.18,1290845,https://stooq.com/q/d/l/?s=7012.jp&i=d,2026-03-22T01:59:33+00:00
7012,7012.T,7012.jp,2015-05-26,5449.00,5449.00,5396.52,5431.45,752038,https://stooq.com/q/d/l/?s=7012.jp&i=d,2026-03-22T01:59:33+00:00
7012,7012.T,7012.jp,2015-05-27,5431.45,5527.47,5431.45,5518.83,1621457,https://stooq.com/q/d/l/?s=7012.jp&i=d,2026-03-22T01:59:33+00:00
7012,7012.T,7012.jp,2015-05-28,5579.94,5597.31,5501.28,5518.83,1566145,https://stooq.com/q/d/l/?s=7012.jp&i=d,2026-03-22T01:59:33+00:00
7012,7012.T,7012.jp,2015-05-29,5457.64,5483.84,5379.07,5483.84,2285662,https://stooq.com/q/d/l/?s=7012.jp&i=d,2026-03-22T01:59:33+00:00
7012,7012.T,7012.jp,2015-06-01,5449.00,5536.20,5449.00,5527.47,1623175,https://stooq.com/q/d/l/?s=7012.jp&i=d,2026-03-22T01:59:33+00:00
7012,7012.T,7012.jp,2015-06-02,5571.22,5571.22,5466.38,5483.84,1163730,https://stooq.com/q/d/l/?s=7012.jp&i=d,2026-03-22T01:59:33+00:00
7012,7012.T,7012.jp,2015-06-03,5457.64,5475.18,5422.63,5440.18,809526,https://stooq.com/q/d/l/?s=7012.jp&i=d,2026-03-22T01:59:33+00:00
7012,7012.T,7012.jp,2015-06-04,5457.64,5457.64,5396.52,5422.63,977295,https://stooq.com/q/d/l/?s=7012.jp&i=d,2026-03-22T01:59:33+00:00
7012,7012.T,7012.jp,2015-06-05,5387.72,5422.63,5352.89,5414.09,1020239,https://stooq.com/q/d/l/?s=7012.jp&i=d,2026-03-22T01:59:33+00:00
7012,7012.T,7012.jp,2015-06-08,5457.64,5457.64,5370.34,5370.34,675998,https://stooq.com/q/d/l/?s=7012.jp&i=d,2026-03-22T01:59:33+00:00
7012,7012.T,7012.jp,2015-06-09,5344.16,5352.89,5274.32,5282.95,1527552,https://stooq.com/q/d/l/?s=7012.jp&i=d,2026-03-22T01:59:33+00:00
7012,7012.T,7012.jp,2015-06-10,5326.61,5370.34,5282.95,5291.78,1205643,https://stooq.com/q/d/l/?s=7012.jp&i=d,2026-03-22T01:59:33+00:00
7012,7012.T,7012.jp,2015-06-11,5352.89,5414.09,5352.89,5379.07,1196369,https://stooq.com/q/d/l/?s=7012.jp&i=d,2026-03-22T01:59:33+00:00
7012,7012.T,7012.jp,2015-06-12,5422.63,5422.63,5387.72,5414.09,1488845,https://stooq.com/q/d/l/?s=7012.jp&i=d,2026-03-22T01:59:33+00:00
7012,7012.T,7012.jp,2015-06-15,5387.72,5431.45,5370.34,5431.45,828535,https://stooq.com/q/d/l/?s=7012.jp&i=d,2026-03-22T01:59:33+00:00
7012,7012.T,7012.jp,2015-06-16,5414.09,5457.64,5352.89,5422.63,1496404,https://stooq.com/q/d/l/?s=7012.jp&i=d,2026-03-22T01:59:33+00:00
7012,7012.T,7012.jp,2015-06-17,5414.09,5440.18,5309.25,5335.43,1123190,https://stooq.com/q/d/l/?s=7012.jp&i=d,2026-03-22T01:59:33+00:00
7012,7012.T,7012.jp,2015-06-18,5326.61,5344.16,5230.67,5239.40,1236792,https://stooq.com/q/d/l/?s=7012.jp&i=d,2026-03-22T01:59:33+00:00
7012,7012.T,7012.jp,2015-06-19,5300.51,5300.51,5230.67,5248.13,1065703,https://stooq.com/q/d/l/?s=7012.jp&i=d,2026-03-22T01:59:33+00:00
7012,7012.T,7012.jp,2015-06-22,5256.77,5282.95,5239.40,5274.32,711154,https://stooq.com/q/d/l/?s=7012.jp&i=d,2026-03-22T01:59:33+00:00
7012,7012.T,7012.jp,2015-06-23,5300.51,5317.89,5274.32,5309.25,1167050,https://stooq.com/q/d/l/?s=7012.jp&i=d,2026-03-22T01:59:33+00:00
7012,7012.T,7012.jp,2015-06-24,5326.61,5352.89,5291.78,5300.51,1104868,https://stooq.com/q/d/l/?s=7012.jp&i=d,2026-03-22T01:59:33+00:00
7012,7012.T,7012.jp,2015-06-25,5274.32,5274.32,5204.39,5221.86,1399637,https://stooq.com/q/d/l/?s=7012.jp&i=d,2026-03-22T01:59:33+00:00
7012,7012.T,7012.jp,2015-06-26,5178.20,5186.94,5082.08,5108.38,2229777,https://stooq.com/q/d/l/?s=7012.jp&i=d,2026-03-22T01:59:33+00:00
7012,7012.T,7012.jp,2015-06-29,4924.95,4986.05,4881.31,4951.24,2392391,https://stooq.com/q/d/l/?s=7012.jp&i=d,2026-03-22T01:59:33+00:00
7012,7012.T,7012.jp,2015-06-30,5021.08,5029.81,4933.79,4986.05,1814762,https://stooq.com/q/d/l/?s=7012.jp&i=d,2026-03-22T01:59:33+00:00
7012,7012.T,7012.jp,2015-07-01,4986.05,5056.00,4959.97,5038.54,1370548,https://stooq.com/q/d/l/?s=7012.jp&i=d,2026-03-22T01:59:33+00:00
7012,7012.T,7012.jp,2015-07-02,5021.08,5021.08,4898.87,4916.24,3128053,https://stooq.com/q/d/l/?s=7012.jp&i=d,2026-03-22T01:59:33+00:00
7012,7012.T,7012.jp,2015-07-03,4890.15,4898.87,4837.66,4890.15,2298829,https://stooq.com/q/d/l/?s=7012.jp&i=d,2026-03-22T01:59:33+00:00
7012,7012.T,7012.jp,2015-07-06,4829.02,4846.39,4776.56,4820.20,1876487,https://stooq.com/q/d/l/?s=7012.jp&i=d,2026-03-22T01:59:33+00:00
7012,7012.T,7012.jp,2015-07-07,4855.12,4890.15,4820.20,4820.20,1178731,https://stooq.com/q/d/l/?s=7012.jp&i=d,2026-03-22T01:59:33+00:00
7012,7012.T,7012.jp,2015-07-08,4829.02,4829.02,4706.72,4715.45,1855762,https://stooq.com/q/d/l/?s=7012.jp&i=d,2026-03-22T01:59:33+00:00
7012,7012.T,7012.jp,2015-07-09,4601.88,4759.11,4470.94,4759.11,2780378,https://stooq.com/q/d/l/?s=7012.jp&i=d,2026-03-22T01:59:33+00:00
7012,7012.T,7012.jp,2015-07-10,4715.45,4785.29,4706.72,4741.54,2176068,https://stooq.com/q/d/l/?s=7012.jp&i=d,2026-03-22T01:59:33+00:00
7012,7012.T,7012.jp,2015-07-13,4759.11,4811.47,4706.72,4767.84,1623520,https://stooq.com/q/d/l/?s=7012.jp&i=d,2026-03-22T01:59:33+00:00
7012,7012.T,7012.jp,2015-07-14,4872.59,4977.33,4855.12,4933.79,2057197,https://stooq.com/q/d/l/?s=7012.jp&i=d,2026-03-22T01:59:33+00:00
7012,7012.T,7012.jp,2015-07-15,4933.79,4942.42,4829.02,4916.24,2080902,https://stooq.com/q/d/l/?s=7012.jp&i=d,2026-03-22T01:59:33+00:00
7012,7012.T,7012.jp,2015-07-16,4959.97,4977.33,4872.59,4968.69,1694636,https://stooq.com/q/d/l/?s=7012.jp&i=d,2026-03-22T01:59:33+00:00
7012,7012.T,7012.jp,2015-07-17,4959.97,4959.97,4898.87,4933.79,708864,https://stooq.com/q/d/l/?s=7012.jp&i=d,2026-03-22T01:59:33+00:00
7012,7012.T,7012.jp,2015-07-21,4986.05,5003.63,4924.95,4959.97,1126054,https://stooq.com/q/d/l/?s=7012.jp&i=d,2026-03-22T01:59:33+00:00
7012,7012.T,7012.jp,2015-07-22,4916.24,4933.79,4872.59,4872.59,734746,https://stooq.com/q/d/l/?s=7012.jp&i=d,2026-03-22T01:59:33+00:00
7012,7012.T,7012.jp,2015-07-23,4881.31,4907.59,4802.66,4846.39,800937,https://stooq.com/q/d/l/?s=7012.jp&i=d,2026-03-22T01:59:33+00:00
7012,7012.T,7012.jp,2015-07-24,4837.66,4881.31,4776.56,4794.12,923242,https://stooq.com/q/d/l/?s=7012.jp&i=d,2026-03-22T01:59:33+00:00
7012,7012.T,7012.jp,2015-07-27,4767.84,4785.29,4706.72,4767.84,984050,https://stooq.com/q/d/l/?s=7012.jp&i=d,2026-03-22T01:59:33+00:00
7012,7012.T,7012.jp,2015-07-28,4697.91,4741.54,4636.81,4715.45,1226028,https://stooq.com/q/d/l/?s=7012.jp&i=d,2026-03-22T01:59:33+00:00
7012,7012.T,7012.jp,2015-07-29,4785.29,4794.12,4636.81,4671.81,1408224,https://stooq.com/q/d/l/?s=7012.jp&i=d,2026-03-22T01:59:33+00:00
7012,7012.T,7012.jp,2015-07-30,4715.45,4890.15,4706.72,4837.66,1412347,https://stooq.com/q/d/l/?s=7012.jp&i=d,2026-03-22T01:59:33+00:00
7012,7012.T,7012.jp,2015-07-31,4898.87,4933.79,4567.04,4750.37,2590278,https://stooq.com/q/d/l/?s=7012.jp&i=d,2026-03-22T01:59:33+00:00
7012,7012.T,7012.jp,2015-08-03,4636.81,4654.37,4523.23,4549.60,2608485,https://stooq.com/q/d/l/?s=7012.jp&i=d,2026-03-22T01:59:33+00:00
7012,7012.T,7012.jp,2015-08-04,4523.23,4549.60,4444.76,4470.94,2203207,https://stooq.com/q/d/l/?s=7012.jp&i=d,2026-03-22T01:59:33+00:00
7012,7012.T,7012.jp,2015-08-05,4418.47,4514.58,4348.64,4462.12,1781325,https://stooq.com/q/d/l/?s=7012.jp&i=d,2026-03-22T01:59:33+00:00
7012,7012.T,7012.jp,2015-08-06,4540.77,4549.60,4488.39,4505.94,1042914,https://stooq.com/q/d/l/?s=7012.jp&i=d,2026-03-22T01:59:33+00:00
7012,7012.T,7012.jp,2015-08-07,4488.39,4628.06,4479.66,4601.88,1586873,https://stooq.com/q/d/l/?s=7012.jp&i=d,2026-03-22T01:59:33+00:00
7012,7012.T,7012.jp,2015-08-10,4567.04,4575.70,4505.94,4567.04,739440,https://stooq.com/q/d/l/?s=7012.jp&i=d,2026-03-22T01:59:33+00:00
7012,7012.T,7012.jp,2015-08-11,4610.69,4663.00,4601.88,4654.37,1204726,https://stooq.com/q/d/l/?s=7012.jp&i=d,2026-03-22T01:59:33+00:00
7012,7012.T,7012.jp,2015-08-12,4619.43,4697.91,4558.24,4610.69,1649515,https://stooq.com/q/d/l/?s=7012.jp&i=d,2026-03-22T01:59:33+00:00
7012,7012.T,7012.jp,2015-08-13,4610.69,4645.53,4575.70,4628.06,1053334,https://stooq.com/q/d/l/?s=7012.jp&i=d,2026-03-22T01:59:33+00:00
7012,7012.T,7012.jp,2015-08-14,4601.88,4601.88,4540.77,4575.70,761199,https://stooq.com/q/d/l/?s=7012.jp&i=d,2026-03-22T01:59:33+00:00
7012,7012.T,7012.jp,2015-08-17,4593.15,4601.88,4567.04,4584.41,548427,https://stooq.com/q/d/l/?s=7012.jp&i=d,2026-03-22T01:59:33+00:00
7012,7012.T,7012.jp,2015-08-18,4593.15,4671.81,4584.41,4601.88,943857,https://stooq.com/q/d/l/?s=7012.jp&i=d,2026-03-22T01:59:33+00:00
7012,7012.T,7012.jp,2015-08-19,4558.24,4567.04,4488.39,4497.14,1280651,https://stooq.com/q/d/l/?s=7012.jp&i=d,2026-03-22T01:59:33+00:00
7012,7012.T,7012.jp,2015-08-20,4462.12,4470.94,4374.92,4383.55,1383604,https://stooq.com/q/d/l/?s=7012.jp&i=d,2026-03-22T01:59:33+00:00
7012,7012.T,7012.jp,2015-08-21,4235.15,4287.53,4217.70,4226.50,2215232,https://stooq.com/q/d/l/?s=7012.jp&i=d,2026-03-22T01:59:33+00:00
7012,7012.T,7012.jp,2015-08-24,4086.76,4165.41,4025.64,4034.28,2155453,https://stooq.com/q/d/l/?s=7012.jp&i=d,2026-03-22T01:59:33+00:00
7012,7012.T,7012.jp,2015-08-25,3859.59,4008.08,3693.75,3754.85,4871701,https://stooq.com/q/d/l/?s=7012.jp&i=d,2026-03-22T01:59:33+00:00
7012,7012.T,7012.jp,2015-08-26,3789.76,3964.45,3719.84,3920.81,2445985,https://stooq.com/q/d/l/?s=7012.jp&i=d,2026-03-22T01:59:33+00:00
7012,7012.T,7012.jp,2015-08-27,4016.82,4043.02,3894.52,3912.06,1872136,https://stooq.com/q/d/l/?s=7012.jp&i=d,2026-03-22T01:59:33+00:00
7012,7012.T,7012.jp,2015-08-28,4016.82,4165.41,4016.82,4112.93,1751549,https://stooq.com/q/d/l/?s=7012.jp&i=d,2026-03-22T01:59:33+00:00
7012,7012.T,7012.jp,2015-08-31,4077.94,4086.76,3964.45,4008.08,1447162,https://stooq.com/q/d/l/?s=7012.jp&i=d,2026-03-22T01:59:33+00:00
7012,7012.T,7012.jp,2015-09-01,3981.90,3999.37,3868.42,3868.42,1673907,https://stooq.com/q/d/l/?s=7012.jp&i=d,2026-03-22T01:59:33+00:00
7012,7012.T,7012.jp,2015-09-02,3746.21,3868.42,3693.75,3763.67,2131635,https://stooq.com/q/d/l/?s=7012.jp&i=d,2026-03-22T01:59:33+00:00
7012,7012.T,7012.jp,2015-09-03,3833.42,3912.06,3798.51,3807.32,1214461,https://stooq.com/q/d/l/?s=7012.jp&i=d,2026-03-22T01:59:33+00:00
7012,7012.T,7012.jp,2015-09-04,3868.42,3877.16,3728.66,3763.67,1403186,https://stooq.com/q/d/l/?s=7012.jp&i=d,2026-03-22T01:59:33+00:00
7012,7012.T,7012.jp,2015-09-07,3711.29,3798.51,3650.10,3772.39,1271262,https://stooq.com/q/d/l/?s=7012.jp&i=d,2026-03-22T01:59:33+00:00
7012,7012.T,7012.jp,2015-09-08,3781.05,3868.42,3754.85,3754.85,1399063,https://stooq.com/q/d/l/?s=7012.jp&i=d,2026-03-22T01:59:33+00:00
7012,7012.T,7012.jp,2015-09-09,3877.16,3999.37,3868.42,3999.37,2026048,https://stooq.com/q/d/l/?s=7012.jp&i=d,2026-03-22T01:59:33+00:00
7012,7012.T,7012.jp,2015-09-10,3903.25,3973.18,3885.97,3964.45,1366998,https://stooq.com/q/d/l/?s=7012.jp&i=d,2026-03-22T01:59:33+00:00
7012,7012.T,7012.jp,2015-09-11,3912.06,3973.18,3903.25,3929.53,1444986,https://stooq.com/q/d/l/?s=7012.jp&i=d,2026-03-22T01:59:33+00:00
7012,7012.T,7012.jp,2015-09-14,3938.27,3964.45,3850.96,3877.16,968476,https://stooq.com/q/d/l/?s=7012.jp&i=d,2026-03-22T01:59:33+00:00
7012,7012.T,7012.jp,2015-09-15,3912.06,3920.81,3842.15,3850.96,906751,https://stooq.com/q/d/l/?s=7012.jp&i=d,2026-03-22T01:59:33+00:00
7012,7012.T,7012.jp,2015-09-16,3885.97,4104.20,3885.97,3973.18,2780721,https://stooq.com/q/d/l/?s=7012.jp&i=d,2026-03-22T01:59:33+00:00
7012,7012.T,7012.jp,2015-09-17,4025.64,4147.86,4025.64,4147.86,2417700,https://stooq.com/q/d/l/?s=7012.jp&i=d,2026-03-22T01:59:33+00:00
7012,7012.T,7012.jp,2015-09-18,4095.50,4139.02,4008.08,4069.20,3218294,https://stooq.com/q/d/l/?s=7012.jp&i=d,2026-03-22T01:59:33+00:00
7012,7012.T,7012.jp,2015-09-24,3938.27,3955.73,3763.67,3807.32,3275668,https://stooq.com/q/d/l/?s=7012.jp&i=d,2026-03-22T01:59:33+00:00
7012,7012.T,7012.jp,2015-09-25,3824.77,3833.42,3632.64,3754.85,3698924,https://stooq.com/q/d/l/?s=7012.jp&i=d,2026-03-22T01:59:33+00:00
7012,7012.T,7012.jp,2015-09-28,3702.47,3719.84,3615.09,3650.10,1973141,https://stooq.com/q/d/l/?s=7012.jp&i=d,2026-03-22T01:59:33+00:00
7012,7012.T,7012.jp,2015-09-29,3580.17,3580.17,3475.42,3484.24,2212827,https://stooq.com/q/d/l/?s=7012.jp&i=d,2026-03-22T01:59:33+00:00
7012,7012.T,7012.jp,2015-09-30,3536.63,3606.45,3519.06,3588.99,1583209,https://stooq.com/q/d/l/?s=7012.jp&i=d,2026-03-22T01:59:33+00:00
7012,7012.T,7012.jp,2015-10-01,3597.72,3693.75,3536.63,3650.10,1800104,https://stooq.com/q/d/l/?s=7012.jp&i=d,2026-03-22T01:59:33+00:00
7012,7012.T,7012.jp,2015-10-02,3597.72,3658.82,3545.35,3641.38,962522,https://stooq.com/q/d/l/?s=7012.jp&i=d,2026-03-22T01:59:33+00:00
7012,7012.T,7012.jp,2015-10-05,3711.29,3842.15,3702.47,3798.51,2638376,https://stooq.com/q/d/l/?s=7012.jp&i=d,2026-03-22T01:59:33+00:00
7012,7012.T,7012.jp,2015-10-06,3920.81,3981.90,3885.97,3929.53,2513435,https://stooq.com/q/d/l/?s=7012.jp&i=d,2026-03-22T01:59:33+00:00
7012,7012.T,7012.jp,2015-10-07,3955.73,4025.64,3885.97,3999.37,3303953,https://stooq.com/q/d/l/?s=7012.jp&i=d,2026-03-22T01:59:33+00:00
7012,7012.T,7012.jp,2015-10-08,4025.64,4139.02,4016.82,4034.28,3135154,https://stooq.com/q/d/l/?s=7012.jp&i=d,2026-03-22T01:59:33+00:00
7012,7012.T,7012.jp,2015-10-09,4060.46,4208.96,4060.46,4182.68,2448618,https://stooq.com/q/d/l/?s=7012.jp&i=d,2026-03-22T01:59:33+00:00
7012,7012.T,7012.jp,2015-10-13,4173.96,4200.25,4104.20,4139.02,1537518,https://stooq.com/q/d/l/?s=7012.jp&i=d,2026-03-22T01:59:33+00:00
7012,7012.T,7012.jp,2015-10-14,4077.94,4077.94,3999.37,4060.46,2003374,https://stooq.com/q/d/l/?s=7012.jp&i=d,2026-03-22T01:59:33+00:00
7012,7012.T,7012.jp,2015-10-15,3990.73,4104.20,3947.00,4095.50,1846598,https://stooq.com/q/d/l/?s=7012.jp&i=d,2026-03-22T01:59:33+00:00
7012,7012.T,7012.jp,2015-10-16,4156.59,4165.41,4095.50,4130.38,1672418,https://stooq.com/q/d/l/?s=7012.jp&i=d,2026-03-22T01:59:33+00:00
7012,7012.T,7012.jp,2015-10-19,4130.38,4139.02,4016.82,4034.28,1442580,https://stooq.com/q/d/l/?s=7012.jp&i=d,2026-03-22T01:59:33+00:00
7012,7012.T,7012.jp,2015-10-20,4069.20,4069.20,3981.90,4051.84,1116433,https://stooq.com/q/d/l/?s=7012.jp&i=d,2026-03-22T01:59:33+00:00
7012,7012.T,7012.jp,2015-10-21,4043.02,4182.68,4034.28,4165.41,1123876,https://stooq.com/q/d/l/?s=7012.jp&i=d,2026-03-22T01:59:33+00:00
7012,7012.T,7012.jp,2015-10-22,4104.20,4173.96,4077.94,4095.50,1196139,https://stooq.com/q/d/l/?s=7012.jp&i=d,2026-03-22T01:59:33+00:00
7012,7012.T,7012.jp,2015-10-23,4235.15,4287.53,4217.70,4270.15,1587330,https://stooq.com/q/d/l/?s=7012.jp&i=d,2026-03-22T01:59:33+00:00
7012,7012.T,7012.jp,2015-10-26,4340.00,4374.92,4331.26,4366.18,1413838,https://stooq.com/q/d/l/?s=7012.jp&i=d,2026-03-22T01:59:33+00:00
7012,7012.T,7012.jp,2015-10-27,4366.18,4366.18,4278.81,4305.07,1740784,https://stooq.com/q/d/l/?s=7012.jp&i=d,2026-03-22T01:59:33+00:00
7012,7012.T,7012.jp,2015-10-28,4313.72,4331.26,4235.15,4270.15,1468919,https://stooq.com/q/d/l/?s=7012.jp&i=d,2026-03-22T01:59:33+00:00
7012,7012.T,7012.jp,2015-10-29,4331.26,4383.55,4182.68,4340.00,3460040,https://stooq.com/q/d/l/?s=7012.jp&i=d,2026-03-22T01:59:33+00:00
7012,7012.T,7012.jp,2015-10-30,4243.79,4296.27,4165.41,4270.15,1894925,https://stooq.com/q/d/l/?s=7012.jp&i=d,2026-03-22T01:59:33+00:00
7012,7012.T,7012.jp,2015-11-02,4217.70,4226.50,4156.59,4156.59,1374100,https://stooq.com/q/d/l/?s=7012.jp&i=d,2026-03-22T01:59:33+00:00
7012,7012.T,7012.jp,2015-11-04,4217.70,4252.62,4139.02,4156.59,1547707,https://stooq.com/q/d/l/?s=7012.jp&i=d,2026-03-22T01:59:33+00:00
7012,7012.T,7012.jp,2015-11-05,4086.76,4130.38,4069.20,4121.59,1438114,https://stooq.com/q/d/l/?s=7012.jp&i=d,2026-03-22T01:59:33+00:00
7012,7012.T,7012.jp,2015-11-06,4139.02,4173.96,4112.93,4139.02,764293,https://stooq.com/q/d/l/?s=7012.jp&i=d,2026-03-22T01:59:33+00:00
7012,7012.T,7012.jp,2015-11-09,4191.51,4313.72,4173.96,4296.27,2130031,https://stooq.com/q/d/l/?s=7012.jp&i=d,2026-03-22T01:59:33+00:00
7012,7012.T,7012.jp,2015-11-10,4252.62,4305.07,4217.70,4287.53,1664059,https://stooq.com/q/d/l/?s=7012.jp&i=d,2026-03-22T01:59:33+00:00
7012,7012.T,7012.jp,2015-11-11,4331.26,4383.55,4305.07,4322.45,1617450,https://stooq.com/q/d/l/?s=7012.jp&i=d,2026-03-22T01:59:33+00:00
7012,7012.T,7012.jp,2015-11-12,4287.53,4348.64,4243.79,4331.26,988632,https://stooq.com/q/d/l/?s=7012.jp&i=d,2026-03-22T01:59:33+00:00
7012,7012.T,7012.jp,2015-11-13,4261.33,4287.53,4226.50,4252.62,1219270,https://stooq.com/q/d/l/?s=7012.jp&i=d,2026-03-22T01:59:33+00:00
7012,7012.T,7012.jp,2015-11-16,4139.02,4208.96,4121.59,4191.51,863922,https://stooq.com/q/d/l/?s=7012.jp&i=d,2026-03-22T01:59:33+00:00
7012,7012.T,7012.jp,2015-11-17,4261.33,4296.27,4252.62,4270.15,991151,https://stooq.com/q/d/l/?s=7012.jp&i=d,2026-03-22T01:59:33+00:00
7012,7012.T,7012.jp,2015-11-18,4296.27,4313.72,4235.15,4243.79,984165,https://stooq.com/q/d/l/?s=7012.jp&i=d,2026-03-22T01:59:33+00:00
7012,7012.T,7012.jp,2015-11-19,4296.27,4348.64,4287.53,4331.26,1470982,https://stooq.com/q/d/l/?s=7012.jp&i=d,2026-03-22T01:59:33+00:00
7012,7012.T,7012.jp,2015-11-20,4313.72,4313.72,4235.15,4261.33,1498236,https://stooq.com/q/d/l/?s=7012.jp&i=d,2026-03-22T01:59:33+00:00
7012,7012.T,7012.jp,2015-11-24,4278.81,4331.26,4261.33,4322.45,1073146,https://stooq.com/q/d/l/?s=7012.jp&i=d,2026-03-22T01:59:33+00:00
7012,7012.T,7012.jp,2015-11-25,4278.81,4296.27,4235.15,4261.33,1334821,https://stooq.com/q/d/l/?s=7012.jp&i=d,2026-03-22T01:59:33+00:00
7012,7012.T,7012.jp,2015-11-26,4270.15,4296.27,4226.50,4261.33,1006498,https://stooq.com/q/d/l/?s=7012.jp&i=d,2026-03-22T01:59:33+00:00
7012,7012.T,7012.jp,2015-11-27,4252.62,4287.53,4243.79,4243.79,893352,https://stooq.com/q/d/l/?s=7012.jp&i=d,2026-03-22T01:59:33+00:00
7012,7012.T,7012.jp,2015-11-30,4243.79,4270.15,4226.50,4270.15,1196482,https://stooq.com/q/d/l/?s=7012.jp&i=d,2026-03-22T01:59:33+00:00
7012,7012.T,7012.jp,2015-12-01,4287.53,4366.18,4270.15,4348.64,1349133,https://stooq.com/q/d/l/?s=7012.jp&i=d,2026-03-22T01:59:33+00:00
7012,7012.T,7012.jp,2015-12-02,4340.00,4348.64,4270.15,4287.53,1415898,https://stooq.com/q/d/l/?s=7012.jp&i=d,2026-03-22T01:59:33+00:00
7012,7012.T,7012.jp,2015-12-03,4278.81,4287.53,4235.15,4261.33,969507,https://stooq.com/q/d/l/?s=7012.jp&i=d,2026-03-22T01:59:33+00:00
7012,7012.T,7012.jp,2015-12-04,4200.25,4200.25,4156.59,4165.41,1105439,https://stooq.com/q/d/l/?s=7012.jp&i=d,2026-03-22T01:59:33+00:00
7012,7012.T,7012.jp,2015-12-07,4226.50,4243.79,4191.51,4200.25,807350,https://stooq.com/q/d/l/?s=7012.jp&i=d,2026-03-22T01:59:33+00:00
7012,7012.T,7012.jp,2015-12-08,4226.50,4235.15,4121.59,4130.38,1234960,https://stooq.com/q/d/l/?s=7012.jp&i=d,2026-03-22T01:59:33+00:00
7012,7012.T,7012.jp,2015-12-09,4104.20,4156.59,4095.50,4121.59,1910615,https://stooq.com/q/d/l/?s=7012.jp&i=d,2026-03-22T01:59:33+00:00
7012,7012.T,7012.jp,2015-12-10,4077.94,4104.20,4051.84,4060.46,946490,https://stooq.com/q/d/l/?s=7012.jp&i=d,2026-03-22T01:59:33+00:00
7012,7012.T,7012.jp,2015-12-11,4016.82,4104.20,3990.73,4069.20,1287753,https://stooq.com/q/d/l/?s=7012.jp&i=d,2026-03-22T01:59:33+00:00
7012,7012.T,7012.jp,2015-12-14,3947.00,3973.18,3885.97,3947.00,1572557,https://stooq.com/q/d/l/?s=7012.jp&i=d,2026-03-22T01:59:33+00:00
7012,7012.T,7012.jp,2015-12-15,3929.53,3955.73,3877.16,3877.16,1056311,https://stooq.com/q/d/l/?s=7012.jp&i=d,2026-03-22T01:59:33+00:00
7012,7012.T,7012.jp,2015-12-16,3929.53,4008.08,3929.53,3981.90,947291,https://stooq.com/q/d/l/?s=7012.jp&i=d,2026-03-22T01:59:33+00:00
7012,7012.T,7012.jp,2015-12-17,4069.20,4104.20,4008.08,4008.08,1113457,https://stooq.com/q/d/l/?s=7012.jp&i=d,2026-03-22T01:59:33+00:00
7012,7012.T,7012.jp,2015-12-18,3964.45,4104.20,3920.81,3929.53,1850835,https://stooq.com/q/d/l/?s=7012.jp&i=d,2026-03-22T01:59:33+00:00
7012,7012.T,7012.jp,2015-12-21,3885.97,3920.81,3859.59,3912.06,1400551,https://stooq.com/q/d/l/?s=7012.jp&i=d,2026-03-22T01:59:33+00:00
7012,7012.T,7012.jp,2015-12-22,3894.52,3929.53,3868.42,3912.06,761771,https://stooq.com/q/d/l/?s=7012.jp&i=d,2026-03-22T01:59:33+00:00
7012,7012.T,7012.jp,2015-12-24,3929.53,3990.73,3920.81,3929.53,1002832,https://stooq.com/q/d/l/?s=7012.jp&i=d,2026-03-22T01:59:33+00:00
7012,7012.T,7012.jp,2015-12-25,3894.52,3894.52,3816.06,3833.42,1222935,https://stooq.com/q/d/l/?s=7012.jp&i=d,2026-03-22T01:59:33+00:00
7012,7012.T,7012.jp,2015-12-28,3868.42,3973.18,3868.42,3955.73,988403,https://stooq.com/q/d/l/?s=7012.jp&i=d,2026-03-22T01:59:33+00:00
7012,7012.T,7012.jp,2015-12-29,3929.53,3973.18,3877.16,3955.73,1505907,https://stooq.com/q/d/l/?s=7012.jp&i=d,2026-03-22T01:59:33+00:00
7012,7012.T,7012.jp,2015-12-30,3964.45,4008.08,3938.27,3947.00,917630,https://stooq.com/q/d/l/?s=7012.jp&i=d,2026-03-22T01:59:33+00:00
7012,7012.T,7012.jp,2016-01-04,3903.25,3964.45,3833.42,3859.59,1528470,https://stooq.com/q/d/l/?s=7012.jp&i=d,2026-03-22T01:59:33+00:00
7012,7012.T,7012.jp,2016-01-05,3833.42,3868.42,3772.39,3816.06,1481287,https://stooq.com/q/d/l/?s=7012.jp&i=d,2026-03-22T01:59:33+00:00
7012,7012.T,7012.jp,2016-01-06,3816.06,3842.15,3693.75,3719.84,1740212,https://stooq.com/q/d/l/?s=7012.jp&i=d,2026-03-22T01:59:33+00:00
7012,7012.T,7012.jp,2016-01-07,3685.01,3685.01,3527.89,3536.63,2489273,https://stooq.com/q/d/l/?s=7012.jp&i=d,2026-03-22T01:59:33+00:00
7012,7012.T,7012.jp,2016-01-08,3484.24,3641.38,3484.24,3562.80,2267223,https://stooq.com/q/d/l/?s=7012.jp&i=d,2026-03-22T01:59:33+00:00
7012,7012.T,7012.jp,2016-01-12,3510.34,3562.80,3431.86,3431.86,1762773,https://stooq.com/q/d/l/?s=7012.jp&i=d,2026-03-22T01:59:33+00:00
7012,7012.T,7012.jp,2016-01-13,3501.60,3606.45,3501.60,3571.53,1418532,https://stooq.com/q/d/l/?s=7012.jp&i=d,2026-03-22T01:59:33+00:00
7012,7012.T,7012.jp,2016-01-14,3457.96,3475.42,3405.59,3466.78,1702535,https://stooq.com/q/d/l/?s=7012.jp&i=d,2026-03-22T01:59:33+00:00
7012,7012.T,7012.jp,2016-01-15,3370.66,3396.85,3213.44,3239.63,4186314,https://stooq.com/q/d/l/?s=7012.jp&i=d,2026-03-22T01:59:33+00:00
7012,7012.T,7012.jp,2016-01-18,3143.69,3195.99,3108.69,3178.52,2229089,https://stooq.com/q/d/l/?s=7012.jp&i=d,2026-03-22T01:59:33+00:00
7012,7012.T,7012.jp,2016-01-19,3161.07,3239.63,3134.89,3239.63,2180304,https://stooq.com/q/d/l/?s=7012.jp&i=d,2026-03-22T01:59:33+00:00
7012,7012.T,7012.jp,2016-01-20,3230.90,3230.90,3056.22,3065.04,2529126,https://stooq.com/q/d/l/?s=7012.jp&i=d,2026-03-22T01:59:33+00:00
7012,7012.T,7012.jp,2016-01-21,3108.69,3152.32,2969.03,2969.03,2445414,https://stooq.com/q/d/l/?s=7012.jp&i=d,2026-03-22T01:59:33+00:00
7012,7012.T,7012.jp,2016-01-22,3108.69,3187.34,3082.60,3169.79,2537943,https://stooq.com/q/d/l/?s=7012.jp&i=d,2026-03-22T01:59:33+00:00
7012,7012.T,7012.jp,2016-01-25,3239.63,3248.45,3161.07,3204.81,2012076,https://stooq.com/q/d/l/?s=7012.jp&i=d,2026-03-22T01:59:33+00:00
7012,7012.T,7012.jp,2016-01-26,3143.69,3161.07,3047.57,3065.04,2107240,https://stooq.com/q/d/l/?s=7012.jp&i=d,2026-03-22T01:59:33+00:00
7012,7012.T,7012.jp,2016-01-27,3134.89,3195.99,3117.42,3169.79,1485524,https://stooq.com/q/d/l/?s=7012.jp&i=d,2026-03-22T01:59:33+00:00
7012,7012.T,7012.jp,2016-01-28,3134.89,3134.89,2960.31,3003.94,2822290,https://stooq.com/q/d/l/?s=7012.jp&i=d,2026-03-22T01:59:33+00:00
7012,7012.T,7012.jp,2016-01-29,3021.39,3213.44,2951.47,3204.81,3950291,https://stooq.com/q/d/l/?s=7012.jp&i=d,2026-03-22T01:59:33+00:00
7012,7012.T,7012.jp,2016-02-01,3265.82,3327.02,3239.63,3309.56,3566429,https://stooq.com/q/d/l/?s=7012.jp&i=d,2026-03-22T01:59:33+00:00
7012,7012.T,7012.jp,2016-02-02,3300.73,3300.73,3117.42,3126.15,2280394,https://stooq.com/q/d/l/?s=7012.jp&i=d,2026-03-22T01:59:33+00:00
7012,7012.T,7012.jp,2016-02-03,3056.22,3056.22,2829.25,2864.26,3839897,https://stooq.com/q/d/l/?s=7012.jp&i=d,2026-03-22T01:59:33+00:00
7012,7012.T,7012.jp,2016-02-04,2829.25,2899.09,2794.33,2829.25,3599180,https://stooq.com/q/d/l/?s=7012.jp&i=d,2026-03-22T01:59:33+00:00
7012,7012.T,7012.jp,2016-02-05,2794.33,2855.45,2750.69,2794.33,2305931,https://stooq.com/q/d/l/?s=7012.jp&i=d,2026-03-22T01:59:33+00:00
7012,7012.T,7012.jp,2016-02-08,2768.14,2872.90,2733.23,2846.72,1939932,https://stooq.com/q/d/l/?s=7012.jp&i=d,2026-03-22T01:59:33+00:00
7012,7012.T,7012.jp,2016-02-09,2689.59,2715.69,2602.20,2637.11,4148636,https://stooq.com/q/d/l/?s=7012.jp&i=d,2026-03-22T01:59:33+00:00
7012,7012.T,7012.jp,2016-02-10,2637.11,2680.86,2558.56,2602.20,2811414,https://stooq.com/q/d/l/?s=7012.jp&i=d,2026-03-22T01:59:33+00:00
7012,7012.T,7012.jp,2016-02-12,2427.52,2479.99,2349.04,2392.61,4280905,https://stooq.com/q/d/l/?s=7012.jp&i=d,2026-03-22T01:59:33+00:00
7012,7012.T,7012.jp,2016-02-15,2514.91,2602.20,2462.52,2567.27,3678998,https://stooq.com/q/d/l/?s=7012.jp&i=d,2026-03-22T01:59:33+00:00
7012,7012.T,7012.jp,2016-02-16,2523.73,2794.33,2523.73,2706.96,3645216,https://stooq.com/q/d/l/?s=7012.jp&i=d,2026-03-22T01:59:33+00:00
7012,7012.T,7012.jp,2016-02-17,2663.40,2750.69,2602.20,2645.84,3611205,https://stooq.com/q/d/l/?s=7012.jp&i=d,2026-03-22T01:59:33+00:00
7012,7012.T,7012.jp,2016-02-18,2768.14,2794.33,2698.22,2741.96,2465682,https://stooq.com/q/d/l/?s=7012.jp&i=d,2026-03-22T01:59:33+00:00
7012,7012.T,7012.jp,2016-02-19,2689.59,2689.59,2576.00,2663.40,2334902,https://stooq.com/q/d/l/?s=7012.jp&i=d,2026-03-22T01:59:33+00:00
7012,7012.T,7012.jp,2016-02-22,2628.49,2680.86,2619.76,2645.84,1028027,https://stooq.com/q/d/l/?s=7012.jp&i=d,2026-03-22T01:59:33+00:00
7012,7012.T,7012.jp,2016-02-23,2689.59,2759.34,2654.58,2672.02,1505907,https://stooq.com/q/d/l/?s=7012.jp&i=d,2026-03-22T01:59:33+00:00
7012,7012.T,7012.jp,2016-02-24,2610.93,2610.93,2558.56,2584.73,1711356,https://stooq.com/q/d/l/?s=7012.jp&i=d,2026-03-22T01:59:33+00:00
7012,7012.T,7012.jp,2016-02-25,2593.46,2645.84,2584.73,2637.11,1588478,https://stooq.com/q/d/l/?s=7012.jp&i=d,2026-03-22T01:59:33+00:00
7012,7012.T,7012.jp,2016-02-26,2689.59,2733.23,2663.40,2680.86,1699559,https://stooq.com/q/d/l/?s=7012.jp&i=d,2026-03-22T01:59:33+00:00
7012,7012.T,7012.jp,2016-02-29,2741.96,2803.16,2672.02,2672.02,1797241,https://stooq.com/q/d/l/?s=7012.jp&i=d,2026-03-22T01:59:33+00:00
7012,7012.T,7012.jp,2016-03-01,2645.84,2645.84,2549.82,2637.11,2289209,https://stooq.com/q/d/l/?s=7012.jp&i=d,2026-03-22T01:59:33+00:00
7012,7012.T,7012.jp,2016-03-02,2776.79,2907.91,2741.96,2837.99,3284258,https://stooq.com/q/d/l/?s=7012.jp&i=d,2026-03-22T01:59:33+00:00
7012,7012.T,7012.jp,2016-03-03,2881.63,2995.11,2864.26,2986.39,3074575,https://stooq.com/q/d/l/?s=7012.jp&i=d,2026-03-22T01:59:33+00:00
7012,7012.T,7012.jp,2016-03-04,2969.03,3082.60,2969.03,3021.39,2457093,https://stooq.com/q/d/l/?s=7012.jp&i=d,2026-03-22T01:59:33+00:00
7012,7012.T,7012.jp,2016-03-07,3038.76,3117.42,3021.39,3038.76,2261384,https://stooq.com/q/d/l/?s=7012.jp&i=d,2026-03-22T01:59:33+00:00
7012,7012.T,7012.jp,2016-03-08,3082.60,3091.23,2811.70,2942.82,3083850,https://stooq.com/q/d/l/?s=7012.jp&i=d,2026-03-22T01:59:33+00:00
7012,7012.T,7012.jp,2016-03-09,2837.99,2890.35,2811.70,2872.90,1698299,https://stooq.com/q/d/l/?s=7012.jp&i=d,2026-03-22T01:59:33+00:00
7012,7012.T,7012.jp,2016-03-10,2934.00,2942.82,2864.26,2890.35,1260268,https://stooq.com/q/d/l/?s=7012.jp&i=d,2026-03-22T01:59:33+00:00
7012,7012.T,7012.jp,2016-03-11,2759.34,2855.45,2733.23,2837.99,4055877,https://stooq.com/q/d/l/?s=7012.jp&i=d,2026-03-22T01:59:33+00:00
7012,7012.T,7012.jp,2016-03-14,2890.35,2925.28,2855.45,2907.91,1871450,https://stooq.com/q/d/l/?s=7012.jp&i=d,2026-03-22T01:59:33+00:00
7012,7012.T,7012.jp,2016-03-15,2916.54,2942.82,2872.90,2899.09,1917943,https://stooq.com/q/d/l/?s=7012.jp&i=d,2026-03-22T01:59:33+00:00
7012,7012.T,7012.jp,2016-03-16,2890.35,2942.82,2864.26,2881.63,1597293,https://stooq.com/q/d/l/?s=7012.jp&i=d,2026-03-22T01:59:33+00:00
7012,7012.T,7012.jp,2016-03-17,2916.54,2960.31,2872.90,2899.09,3295708,https://stooq.com/q/d/l/?s=7012.jp&i=d,2026-03-22T01:59:33+00:00
7012,7012.T,7012.jp,2016-03-18,2899.09,2942.82,2785.60,2803.16,5261292,https://stooq.com/q/d/l/?s=7012.jp&i=d,2026-03-22T01:59:33+00:00
7012,7012.T,7012.jp,2016-03-22,2881.63,2907.91,2837.99,2872.90,1821749,https://stooq.com/q/d/l/?s=7012.jp&i=d,2026-03-22T01:59:33+00:00
7012,7012.T,7012.jp,2016-03-23,2881.63,2899.09,2829.25,2829.25,952444,https://stooq.com/q/d/l/?s=7012.jp&i=d,2026-03-22T01:59:33+00:00
7012,7012.T,7012.jp,2016-03-24,2811.70,2820.53,2715.69,2733.23,2526033,https://stooq.com/q/d/l/?s=7012.jp&i=d,2026-03-22T01:59:33+00:00
7012,7012.T,7012.jp,2016-03-25,2750.69,2829.25,2733.23,2811.70,1499037,https://stooq.com/q/d/l/?s=7012.jp&i=d,2026-03-22T01:59:33+00:00
7012,7012.T,7012.jp,2016-03-28,2837.99,2864.26,2794.33,2837.99,1703681,https://stooq.com/q/d/l/?s=7012.jp&i=d,2026-03-22T01:59:33+00:00
7012,7012.T,7012.jp,2016-03-29,2829.07,2900.45,2820.17,2882.63,2206289,https://stooq.com/q/d/l/?s=7012.jp&i=d,2026-03-22T01:59:33+00:00
7012,7012.T,7012.jp,2016-03-30,2882.63,2891.54,2829.07,2846.90,1841786,https://stooq.com/q/d/l/?s=7012.jp&i=d,2026-03-22T01:59:33+00:00
7012,7012.T,7012.jp,2016-03-31,2864.82,2927.28,2855.81,2900.45,1806376,https://stooq.com/q/d/l/?s=7012.jp&i=d,2026-03-22T01:59:33+00:00
7012,7012.T,7012.jp,2016-04-01,2900.45,2900.45,2748.68,2766.61,2531351,https://stooq.com/q/d/l/?s=7012.jp&i=d,2026-03-22T01:59:33+00:00
7012,7012.T,7012.jp,2016-04-04,2713.05,2766.61,2668.40,2695.24,1561321,https://stooq.com/q/d/l/?s=7012.jp&i=d,2026-03-22T01:59:33+00:00
7012,7012.T,7012.jp,2016-04-05,2668.40,2668.40,2561.29,2570.28,2526084,https://stooq.com/q/d/l/?s=7012.jp&i=d,2026-03-22T01:59:33+00:00
7012,7012.T,7012.jp,2016-04-06,2570.28,2650.58,2561.29,2588.11,1600541,https://stooq.com/q/d/l/?s=7012.jp&i=d,2026-03-22T01:59:33+00:00
7012,7012.T,7012.jp,2016-04-07,2552.46,2614.93,2498.80,2507.81,4901010,https://stooq.com/q/d/l/?s=7012.jp&i=d,2026-03-22T01:59:33+00:00
7012,7012.T,7012.jp,2016-04-08,2463.16,2605.93,2436.32,2561.29,3888403,https://stooq.com/q/d/l/?s=7012.jp&i=d,2026-03-22T01:59:33+00:00
7012,7012.T,7012.jp,2016-04-11,2552.46,2588.11,2489.89,2570.28,3034236,https://stooq.com/q/d/l/?s=7012.jp&i=d,2026-03-22T01:59:33+00:00
7012,7012.T,7012.jp,2016-04-12,2561.29,2739.87,2561.29,2721.95,3454877,https://stooq.com/q/d/l/?s=7012.jp&i=d,2026-03-22T01:59:33+00:00
7012,7012.T,7012.jp,2016-04-13,2766.61,2882.63,2766.61,2846.90,4242596,https://stooq.com/q/d/l/?s=7012.jp&i=d,2026-03-22T01:59:33+00:00
7012,7012.T,7012.jp,2016-04-14,2900.45,2945.02,2891.54,2927.28,3778031,https://stooq.com/q/d/l/?s=7012.jp&i=d,2026-03-22T01:59:33+00:00
7012,7012.T,7012.jp,2016-04-15,2873.63,2936.18,2855.81,2873.63,2298394,https://stooq.com/q/d/l/?s=7012.jp&i=d,2026-03-22T01:59:33+00:00
7012,7012.T,7012.jp,2016-04-18,2739.87,2811.16,2721.95,2748.68,2569559,https://stooq.com/q/d/l/?s=7012.jp&i=d,2026-03-22T01:59:33+00:00
7012,7012.T,7012.jp,2016-04-19,2846.90,2891.54,2837.99,2882.63,1651411,https://stooq.com/q/d/l/?s=7012.jp&i=d,2026-03-22T01:59:33+00:00
7012,7012.T,7012.jp,2016-04-20,2936.18,2971.82,2873.63,2873.63,2266460,https://stooq.com/q/d/l/?s=7012.jp&i=d,2026-03-22T01:59:33+00:00
7012,7012.T,7012.jp,2016-04-21,2945.02,2971.82,2882.63,2962.92,3506084,https://stooq.com/q/d/l/?s=7012.jp&i=d,2026-03-22T01:59:33+00:00
7012,7012.T,7012.jp,2016-04-22,2927.28,3078.96,2909.36,3052.22,4763075,https://stooq.com/q/d/l/?s=7012.jp&i=d,2026-03-22T01:59:33+00:00
7012,7012.T,7012.jp,2016-04-25,3096.87,3114.68,3034.30,3043.21,1812878,https://stooq.com/q/d/l/?s=7012.jp&i=d,2026-03-22T01:59:33+00:00
7012,7012.T,7012.jp,2016-04-26,3016.48,3016.48,2927.28,2980.74,2117207,https://stooq.com/q/d/l/?s=7012.jp&i=d,2026-03-22T01:59:33+00:00
7012,7012.T,7012.jp,2016-04-27,2971.82,3123.61,2820.17,3052.22,5378349,https://stooq.com/q/d/l/?s=7012.jp&i=d,2026-03-22T01:59:33+00:00
7012,7012.T,7012.jp,2016-04-28,3025.39,3061.12,2802.35,2820.17,3906778,https://stooq.com/q/d/l/?s=7012.jp&i=d,2026-03-22T01:59:33+00:00
7012,7012.T,7012.jp,2016-05-02,2721.95,2784.44,2704.14,2721.95,1984764,https://stooq.com/q/d/l/?s=7012.jp&i=d,2026-03-22T01:59:33+00:00
7012,7012.T,7012.jp,2016-05-06,2721.95,2757.69,2695.24,2730.88,2160798,https://stooq.com/q/d/l/?s=7012.jp&i=d,2026-03-22T01:59:33+00:00
7012,7012.T,7012.jp,2016-05-09,2748.68,2793.33,2739.87,2757.69,1298562,https://stooq.com/q/d/l/?s=7012.jp&i=d,2026-03-22T01:59:33+00:00
7012,7012.T,7012.jp,2016-05-10,2721.95,2811.16,2659.48,2802.35,1953838,https://stooq.com/q/d/l/?s=7012.jp&i=d,2026-03-22T01:59:33+00:00
7012,7012.T,7012.jp,2016-05-11,2855.81,2891.54,2793.33,2811.16,1514036,https://stooq.com/q/d/l/?s=7012.jp&i=d,2026-03-22T01:59:33+00:00
7012,7012.T,7012.jp,2016-05-12,2775.52,2873.63,2748.68,2855.81,1413415,https://stooq.com/q/d/l/?s=7012.jp&i=d,2026-03-22T01:59:33+00:00
7012,7012.T,7012.jp,2016-05-13,2873.63,2882.63,2775.52,2775.52,1411173,https://stooq.com/q/d/l/?s=7012.jp&i=d,2026-03-22T01:59:33+00:00
7012,7012.T,7012.jp,2016-05-16,2766.61,2864.82,2766.61,2829.07,1159059,https://stooq.com/q/d/l/?s=7012.jp&i=d,2026-03-22T01:59:33+00:00
7012,7012.T,7012.jp,2016-05-17,2846.90,2882.63,2811.16,2855.81,1103704,https://stooq.com/q/d/l/?s=7012.jp&i=d,2026-03-22T01:59:33+00:00
7012,7012.T,7012.jp,2016-05-18,2864.82,2927.28,2846.90,2900.45,1976697,https://stooq.com/q/d/l/?s=7012.jp&i=d,2026-03-22T01:59:33+00:00
7012,7012.T,7012.jp,2016-05-19,2927.28,2945.02,2873.63,2882.63,1311112,https://stooq.com/q/d/l/?s=7012.jp&i=d,2026-03-22T01:59:33+00:00
7012,7012.T,7012.jp,2016-05-20,2873.63,2945.02,2855.81,2936.18,1195139,https://stooq.com/q/d/l/?s=7012.jp&i=d,2026-03-22T01:59:33+00:00
7012,7012.T,7012.jp,2016-05-23,2936.18,2954.00,2873.63,2954.00,1197154,https://stooq.com/q/d/l/?s=7012.jp&i=d,2026-03-22T01:59:33+00:00
7012,7012.T,7012.jp,2016-05-24,2927.28,2936.18,2873.63,2882.63,1061685,https://stooq.com/q/d/l/?s=7012.jp&i=d,2026-03-22T01:59:33+00:00
7012,7012.T,7012.jp,2016-05-25,2945.02,2989.75,2918.28,2971.82,1555385,https://stooq.com/q/d/l/?s=7012.jp&i=d,2026-03-22T01:59:33+00:00
7012,7012.T,7012.jp,2016-05-26,3016.48,3025.39,2954.00,2971.82,1315146,https://stooq.com/q/d/l/?s=7012.jp&i=d,2026-03-22T01:59:33+00:00
7012,7012.T,7012.jp,2016-05-27,2971.82,2989.75,2954.00,2962.92,877472,https://stooq.com/q/d/l/?s=7012.jp&i=d,2026-03-22T01:59:33+00:00
7012,7012.T,7012.jp,2016-05-30,2998.66,3016.48,2962.92,3016.48,1096868,https://stooq.com/q/d/l/?s=7012.jp&i=d,2026-03-22T01:59:33+00:00
7012,7012.T,7012.jp,2016-05-31,3007.49,3078.96,2989.75,3078.96,1505071,https://stooq.com/q/d/l/?s=7012.jp&i=d,2026-03-22T01:59:33+00:00
7012,7012.T,7012.jp,2016-06-01,3043.21,3069.95,3016.48,3034.30,1259456,https://stooq.com/q/d/l/?s=7012.jp&i=d,2026-03-22T01:59:33+00:00
7012,7012.T,7012.jp,2016-06-02,2998.66,2998.66,2900.45,2927.28,1376437,https://stooq.com/q/d/l/?s=7012.jp&i=d,2026-03-22T01:59:33+00:00
7012,7012.T,7012.jp,2016-06-03,2927.28,2962.92,2864.82,2900.45,1273798,https://stooq.com/q/d/l/?s=7012.jp&i=d,2026-03-22T01:59:33+00:00
7012,7012.T,7012.jp,2016-06-06,2829.07,2837.99,2775.52,2829.07,1601213,https://stooq.com/q/d/l/?s=7012.jp&i=d,2026-03-22T01:59:33+00:00
7012,7012.T,7012.jp,2016-06-07,2864.82,2962.92,2855.81,2954.00,2322150,https://stooq.com/q/d/l/?s=7012.jp&i=d,2026-03-22T01:59:33+00:00
7012,7012.T,7012.jp,2016-06-08,2962.92,2998.66,2927.28,2989.75,1252733,https://stooq.com/q/d/l/?s=7012.jp&i=d,2026-03-22T01:59:33+00:00
7012,7012.T,7012.jp,2016-06-09,2945.02,2971.82,2873.63,2900.45,1684466,https://stooq.com/q/d/l/?s=7012.jp&i=d,2026-03-22T01:59:33+00:00
7012,7012.T,7012.jp,2016-06-10,2855.81,2873.63,2829.07,2846.90,1679088,https://stooq.com/q/d/l/?s=7012.jp&i=d,2026-03-22T01:59:33+00:00
7012,7012.T,7012.jp,2016-06-13,2775.52,2793.33,2704.14,2704.14,1748785,https://stooq.com/q/d/l/?s=7012.jp&i=d,2026-03-22T01:59:33+00:00
7012,7012.T,7012.jp,2016-06-14,2704.14,2739.87,2695.24,2704.14,2079336,https://stooq.com/q/d/l/?s=7012.jp&i=d,2026-03-22T01:59:33+00:00
7012,7012.T,7012.jp,2016-06-16,2704.14,2713.05,2588.11,2614.93,1889071,https://stooq.com/q/d/l/?s=7012.jp&i=d,2026-03-22T01:59:33+00:00
7012,7012.T,7012.jp,2016-06-17,2659.48,2721.95,2650.58,2721.95,2500761,https://stooq.com/q/d/l/?s=7012.jp&i=d,2026-03-22T01:59:33+00:00
7012,7012.T,7012.jp,2016-06-20,2793.33,2837.99,2775.52,2811.16,1268645,https://stooq.com/q/d/l/?s=7012.jp&i=d,2026-03-22T01:59:33+00:00
7012,7012.T,7012.jp,2016-06-21,2811.16,2855.81,2775.52,2846.90,1427308,https://stooq.com/q/d/l/?s=7012.jp&i=d,2026-03-22T01:59:33+00:00
7012,7012.T,7012.jp,2016-06-22,2855.81,2855.81,2793.33,2820.17,1265954,https://stooq.com/q/d/l/?s=7012.jp&i=d,2026-03-22T01:59:33+00:00
7012,7012.T,7012.jp,2016-06-23,2820.17,2936.18,2811.16,2927.28,2113175,https://stooq.com/q/d/l/?s=7012.jp&i=d,2026-03-22T01:59:33+00:00
7012,7012.T,7012.jp,2016-06-24,2962.92,2971.82,2588.11,2632.75,3639313,https://stooq.com/q/d/l/?s=7012.jp&i=d,2026-03-22T01:59:33+00:00
7012,7012.T,7012.jp,2016-06-27,2614.93,2623.77,2427.43,2436.32,2217383,https://stooq.com/q/d/l/?s=7012.jp&i=d,2026-03-22T01:59:33+00:00
7012,7012.T,7012.jp,2016-06-28,2409.60,2454.25,2293.66,2418.61,3568608,https://stooq.com/q/d/l/?s=7012.jp&i=d,2026-03-22T01:59:33+00:00
7012,7012.T,7012.jp,2016-06-29,2489.89,2525.63,2445.34,2507.81,1983195,https://stooq.com/q/d/l/?s=7012.jp&i=d,2026-03-22T01:59:33+00:00
7012,7012.T,7012.jp,2016-06-30,2588.11,2632.75,2543.46,2543.46,2499192,https://stooq.com/q/d/l/?s=7012.jp&i=d,2026-03-22T01:59:33+00:00
7012,7012.T,7012.jp,2016-07-01,2579.18,2605.93,2543.46,2552.46,1288703,https://stooq.com/q/d/l/?s=7012.jp&i=d,2026-03-22T01:59:33+00:00
7012,7012.T,7012.jp,2016-07-04,2516.72,2597.01,2507.81,2579.18,1451511,https://stooq.com/q/d/l/?s=7012.jp&i=d,2026-03-22T01:59:33+00:00
7012,7012.T,7012.jp,2016-07-05,2552.46,2579.18,2481.08,2516.72,1346968,https://stooq.com/q/d/l/?s=7012.jp&i=d,2026-03-22T01:59:33+00:00
7012,7012.T,7012.jp,2016-07-06,2427.43,2436.32,2391.79,2436.32,1599868,https://stooq.com/q/d/l/?s=7012.jp&i=d,2026-03-22T01:59:33+00:00
7012,7012.T,7012.jp,2016-07-07,2445.34,2481.08,2364.94,2373.88,1936807,https://stooq.com/q/d/l/?s=7012.jp&i=d,2026-03-22T01:59:33+00:00
7012,7012.T,7012.jp,2016-07-08,2356.14,2373.88,2320.40,2320.40,2418401,https://stooq.com/q/d/l/?s=7012.jp&i=d,2026-03-22T01:59:33+00:00
7012,7012.T,7012.jp,2016-07-11,2382.86,2418.61,2364.94,2391.79,2137154,https://stooq.com/q/d/l/?s=7012.jp&i=d,2026-03-22T01:59:33+00:00
7012,7012.T,7012.jp,2016-07-12,2463.16,2543.46,2445.34,2472.07,2610681,https://stooq.com/q/d/l/?s=7012.jp&i=d,2026-03-22T01:59:33+00:00
7012,7012.T,7012.jp,2016-07-13,2614.93,2614.93,2481.08,2507.81,3138556,https://stooq.com/q/d/l/?s=7012.jp&i=d,2026-03-22T01:59:33+00:00
7012,7012.T,7012.jp,2016-07-14,2481.08,2516.72,2463.16,2498.80,2117659,https://stooq.com/q/d/l/?s=7012.jp&i=d,2026-03-22T01:59:33+00:00
7012,7012.T,7012.jp,2016-07-15,2498.80,2579.18,2489.89,2534.55,3731980,https://stooq.com/q/d/l/?s=7012.jp&i=d,2026-03-22T01:59:33+00:00
7012,7012.T,7012.jp,2016-07-19,2561.29,2597.01,2534.55,2561.29,2374702,https://stooq.com/q/d/l/?s=7012.jp&i=d,2026-03-22T01:59:33+00:00
7012,7012.T,7012.jp,2016-07-20,2543.46,2552.46,2498.80,2525.63,1813998,https://stooq.com/q/d/l/?s=7012.jp&i=d,2026-03-22T01:59:33+00:00
7012,7012.T,7012.jp,2016-07-21,2579.18,2623.77,2561.29,2588.11,2585694,https://stooq.com/q/d/l/?s=7012.jp&i=d,2026-03-22T01:59:33+00:00
7012,7012.T,7012.jp,2016-07-22,2534.55,2561.29,2525.63,2543.46,1566700,https://stooq.com/q/d/l/?s=7012.jp&i=d,2026-03-22T01:59:33+00:00
7012,7012.T,7012.jp,2016-07-25,2579.18,2579.18,2516.72,2543.46,1902070,https://stooq.com/q/d/l/?s=7012.jp&i=d,2026-03-22T01:59:33+00:00
7012,7012.T,7012.jp,2016-07-26,2516.72,2525.63,2445.34,2445.34,2334027,https://stooq.com/q/d/l/?s=7012.jp&i=d,2026-03-22T01:59:33+00:00
7012,7012.T,7012.jp,2016-07-27,2481.08,2552.46,2472.07,2525.63,2794671,https://stooq.com/q/d/l/?s=7012.jp&i=d,2026-03-22T01:59:33+00:00
7012,7012.T,7012.jp,2016-07-28,2507.81,2561.29,2498.80,2525.63,1762565,https://stooq.com/q/d/l/?s=7012.jp&i=d,2026-03-22T01:59:33+00:00
7012,7012.T,7012.jp,2016-07-29,2543.46,2739.87,2489.89,2739.87,4683407,https://stooq.com/q/d/l/?s=7012.jp&i=d,2026-03-22T01:59:33+00:00
7012,7012.T,7012.jp,2016-08-01,2677.39,2695.24,2641.66,2668.40,1768954,https://stooq.com/q/d/l/?s=7012.jp&i=d,2026-03-22T01:59:33+00:00
7012,7012.T,7012.jp,2016-08-02,2641.66,2650.58,2543.46,2543.46,1935909,https://stooq.com/q/d/l/?s=7012.jp&i=d,2026-03-22T01:59:33+00:00
7012,7012.T,7012.jp,2016-08-03,2498.80,2507.81,2418.61,2436.32,2709511,https://stooq.com/q/d/l/?s=7012.jp&i=d,2026-03-22T01:59:33+00:00
7012,7012.T,7012.jp,2016-08-04,2472.07,2588.11,2463.16,2579.18,2101745,https://stooq.com/q/d/l/?s=7012.jp&i=d,2026-03-22T01:59:33+00:00
7012,7012.T,7012.jp,2016-08-05,2561.29,2597.01,2543.46,2561.29,1356043,https://stooq.com/q/d/l/?s=7012.jp&i=d,2026-03-22T01:59:33+00:00
7012,7012.T,7012.jp,2016-08-08,2632.75,2686.22,2623.77,2659.48,1390109,https://stooq.com/q/d/l/?s=7012.jp&i=d,2026-03-22T01:59:33+00:00
7012,7012.T,7012.jp,2016-08-09,2659.48,2695.24,2641.66,2677.39,1074347,https://stooq.com/q/d/l/?s=7012.jp&i=d,2026-03-22T01:59:33+00:00
7012,7012.T,7012.jp,2016-08-10,2659.48,2668.40,2623.77,2623.77,1078383,https://stooq.com/q/d/l/?s=7012.jp&i=d,2026-03-22T01:59:33+00:00
7012,7012.T,7012.jp,2016-08-12,2650.58,2668.40,2632.75,2641.66,1078494,https://stooq.com/q/d/l/?s=7012.jp&i=d,2026-03-22T01:59:33+00:00
7012,7012.T,7012.jp,2016-08-15,2632.75,2668.40,2623.77,2641.66,498964,https://stooq.com/q/d/l/?s=7012.jp&i=d,2026-03-22T01:59:33+00:00
7012,7012.T,7012.jp,2016-08-16,2659.48,2677.39,2579.18,2579.18,1259120,https://stooq.com/q/d/l/?s=7012.jp&i=d,2026-03-22T01:59:33+00:00
7012,7012.T,7012.jp,2016-08-17,2588.11,2677.39,2588.11,2668.40,1139338,https://stooq.com/q/d/l/?s=7012.jp&i=d,2026-03-22T01:59:33+00:00
7012,7012.T,7012.jp,2016-08-18,2623.77,2641.66,2588.11,2605.93,1294416,https://stooq.com/q/d/l/?s=7012.jp&i=d,2026-03-22T01:59:33+00:00
7012,7012.T,7012.jp,2016-08-19,2623.77,2677.39,2614.93,2650.58,1194692,https://stooq.com/q/d/l/?s=7012.jp&i=d,2026-03-22T01:59:33+00:00
7012,7012.T,7012.jp,2016-08-22,2677.39,2677.39,2641.66,2668.40,760042,https://stooq.com/q/d/l/?s=7012.jp&i=d,2026-03-22T01:59:33+00:00
7012,7012.T,7012.jp,2016-08-23,2641.66,2641.66,2605.93,2605.93,1156368,https://stooq.com/q/d/l/?s=7012.jp&i=d,2026-03-22T01:59:33+00:00
7012,7012.T,7012.jp,2016-08-24,2614.93,2659.48,2614.93,2623.77,764077,https://stooq.com/q/d/l/?s=7012.jp&i=d,2026-03-22T01:59:33+00:00
7012,7012.T,7012.jp,2016-08-25,2623.77,2650.58,2597.01,2641.66,856183,https://stooq.com/q/d/l/?s=7012.jp&i=d,2026-03-22T01:59:33+00:00
7012,7012.T,7012.jp,2016-08-26,2623.77,2623.77,2534.55,2534.55,2139284,https://stooq.com/q/d/l/?s=7012.jp&i=d,2026-03-22T01:59:33+00:00
7012,7012.T,7012.jp,2016-08-29,2597.01,2641.66,2570.28,2623.77,2175027,https://stooq.com/q/d/l/?s=7012.jp&i=d,2026-03-22T01:59:33+00:00
7012,7012.T,7012.jp,2016-08-30,2614.93,2641.66,2605.93,2623.77,669282,https://stooq.com/q/d/l/?s=7012.jp&i=d,2026-03-22T01:59:33+00:00
7012,7012.T,7012.jp,2016-08-31,2650.58,2713.05,2650.58,2704.14,1698474,https://stooq.com/q/d/l/?s=7012.jp&i=d,2026-03-22T01:59:33+00:00
7012,7012.T,7012.jp,2016-09-01,2677.39,2802.35,2668.40,2775.52,1921007,https://stooq.com/q/d/l/?s=7012.jp&i=d,2026-03-22T01:59:33+00:00
7012,7012.T,7012.jp,2016-09-02,2775.52,2864.82,2775.52,2855.81,3129590,https://stooq.com/q/d/l/?s=7012.jp&i=d,2026-03-22T01:59:33+00:00
7012,7012.T,7012.jp,2016-09-05,2918.28,2954.00,2846.90,2855.81,1512130,https://stooq.com/q/d/l/?s=7012.jp&i=d,2026-03-22T01:59:33+00:00
7012,7012.T,7012.jp,2016-09-06,2837.99,2882.63,2811.16,2846.90,1122865,https://stooq.com/q/d/l/?s=7012.jp&i=d,2026-03-22T01:59:33+00:00
7012,7012.T,7012.jp,2016-09-07,2784.44,2802.35,2748.68,2793.33,1542161,https://stooq.com/q/d/l/?s=7012.jp&i=d,2026-03-22T01:59:33+00:00
7012,7012.T,7012.jp,2016-09-08,2802.35,2820.17,2766.61,2793.33,886325,https://stooq.com/q/d/l/?s=7012.jp&i=d,2026-03-22T01:59:33+00:00
7012,7012.T,7012.jp,2016-09-09,2802.35,2837.99,2793.33,2829.07,1096421,https://stooq.com/q/d/l/?s=7012.jp&i=d,2026-03-22T01:59:33+00:00
7012,7012.T,7012.jp,2016-09-12,2784.44,2802.35,2748.68,2766.61,1209481,https://stooq.com/q/d/l/?s=7012.jp&i=d,2026-03-22T01:59:33+00:00
7012,7012.T,7012.jp,2016-09-13,2811.16,2820.17,2766.61,2784.44,958261,https://stooq.com/q/d/l/?s=7012.jp&i=d,2026-03-22T01:59:33+00:00
7012,7012.T,7012.jp,2016-09-14,2784.44,2829.07,2775.52,2802.35,1172280,https://stooq.com/q/d/l/?s=7012.jp&i=d,2026-03-22T01:59:33+00:00
7012,7012.T,7012.jp,2016-09-15,2766.61,2775.52,2721.95,2748.68,1236822,https://stooq.com/q/d/l/?s=7012.jp&i=d,2026-03-22T01:59:33+00:00
7012,7012.T,7012.jp,2016-09-16,2766.61,2820.17,2748.68,2811.16,1031209,https://stooq.com/q/d/l/?s=7012.jp&i=d,2026-03-22T01:59:33+00:00
7012,7012.T,7012.jp,2016-09-20,2766.61,2811.16,2757.69,2766.61,1069082,https://stooq.com/q/d/l/?s=7012.jp&i=d,2026-03-22T01:59:33+00:00
7012,7012.T,7012.jp,2016-09-21,2766.61,2811.16,2713.05,2811.16,1767608,https://stooq.com/q/d/l/?s=7012.jp&i=d,2026-03-22T01:59:33+00:00
7012,7012.T,7012.jp,2016-09-23,2811.16,2820.17,2775.52,2784.44,1080959,https://stooq.com/q/d/l/?s=7012.jp&i=d,2026-03-22T01:59:33+00:00
7012,7012.T,7012.jp,2016-09-26,2855.81,2873.63,2775.52,2784.44,1500814,https://stooq.com/q/d/l/?s=7012.jp&i=d,2026-03-22T01:59:33+00:00
7012,7012.T,7012.jp,2016-09-27,2739.87,2793.33,2721.95,2793.33,1402881,https://stooq.com/q/d/l/?s=7012.jp&i=d,2026-03-22T01:59:33+00:00
7012,7012.T,7012.jp,2016-09-28,2775.24,2784.34,2730.05,2748.15,1402984,https://stooq.com/q/d/l/?s=7012.jp&i=d,2026-03-22T01:59:33+00:00
7012,7012.T,7012.jp,2016-09-29,2793.33,2883.72,2775.24,2856.62,2156192,https://stooq.com/q/d/l/?s=7012.jp&i=d,2026-03-22T01:59:33+00:00
7012,7012.T,7012.jp,2016-09-30,2811.44,2820.53,2766.25,2802.44,1380419,https://stooq.com/q/d/l/?s=7012.jp&i=d,2026-03-22T01:59:33+00:00
7012,7012.T,7012.jp,2016-10-03,2585.46,2621.57,2485.99,2495.08,5741031,https://stooq.com/q/d/l/?s=7012.jp&i=d,2026-03-22T01:59:33+00:00
7012,7012.T,7012.jp,2016-10-04,2495.08,2522.18,2485.99,2513.09,1650218,https://stooq.com/q/d/l/?s=7012.jp&i=d,2026-03-22T01:59:33+00:00
7012,7012.T,7012.jp,2016-10-05,2522.18,2576.37,2513.09,2567.36,2109510,https://stooq.com/q/d/l/?s=7012.jp&i=d,2026-03-22T01:59:33+00:00
7012,7012.T,7012.jp,2016-10-06,2603.55,2630.66,2585.46,2603.55,2200549,https://stooq.com/q/d/l/?s=7012.jp&i=d,2026-03-22T01:59:33+00:00
7012,7012.T,7012.jp,2016-10-07,2612.57,2666.76,2603.55,2657.76,2332519,https://stooq.com/q/d/l/?s=7012.jp&i=d,2026-03-22T01:59:33+00:00
7012,7012.T,7012.jp,2016-10-11,2657.76,2684.85,2639.67,2666.76,1726767,https://stooq.com/q/d/l/?s=7012.jp&i=d,2026-03-22T01:59:33+00:00
7012,7012.T,7012.jp,2016-10-12,2639.67,2675.85,2630.66,2648.76,1105197,https://stooq.com/q/d/l/?s=7012.jp&i=d,2026-03-22T01:59:33+00:00
7012,7012.T,7012.jp,2016-10-13,2666.76,2684.85,2621.57,2639.67,1341591,https://stooq.com/q/d/l/?s=7012.jp&i=d,2026-03-22T01:59:33+00:00
7012,7012.T,7012.jp,2016-10-14,2630.66,2657.76,2594.46,2648.76,1202544,https://stooq.com/q/d/l/?s=7012.jp&i=d,2026-03-22T01:59:33+00:00
7012,7012.T,7012.jp,2016-10-17,2657.76,2693.95,2639.67,2648.76,1268472,https://stooq.com/q/d/l/?s=7012.jp&i=d,2026-03-22T01:59:33+00:00
7012,7012.T,7012.jp,2016-10-18,2639.67,2666.76,2612.57,2657.76,703538,https://stooq.com/q/d/l/?s=7012.jp&i=d,2026-03-22T01:59:33+00:00
7012,7012.T,7012.jp,2016-10-19,2666.76,2675.85,2648.76,2657.76,562608,https://stooq.com/q/d/l/?s=7012.jp&i=d,2026-03-22T01:59:33+00:00
7012,7012.T,7012.jp,2016-10-20,2648.76,2712.05,2639.67,2684.85,1153428,https://stooq.com/q/d/l/?s=7012.jp&i=d,2026-03-22T01:59:33+00:00
7012,7012.T,7012.jp,2016-10-21,2693.95,2721.04,2675.85,2693.95,972787,https://stooq.com/q/d/l/?s=7012.jp&i=d,2026-03-22T01:59:33+00:00
7012,7012.T,7012.jp,2016-10-24,2702.95,2739.14,2702.95,2721.04,1150109,https://stooq.com/q/d/l/?s=7012.jp&i=d,2026-03-22T01:59:33+00:00
7012,7012.T,7012.jp,2016-10-25,2757.23,2766.25,2702.95,2712.05,1878313,https://stooq.com/q/d/l/?s=7012.jp&i=d,2026-03-22T01:59:33+00:00
7012,7012.T,7012.jp,2016-10-26,2702.95,2730.05,2693.95,2730.05,733847,https://stooq.com/q/d/l/?s=7012.jp&i=d,2026-03-22T01:59:33+00:00
7012,7012.T,7012.jp,2016-10-27,2721.04,2784.34,2721.04,2748.15,901657,https://stooq.com/q/d/l/?s=7012.jp&i=d,2026-03-22T01:59:33+00:00
7012,7012.T,7012.jp,2016-10-28,2775.24,2829.52,2757.23,2802.44,1710175,https://stooq.com/q/d/l/?s=7012.jp&i=d,2026-03-22T01:59:33+00:00
7012,7012.T,7012.jp,2016-10-31,2775.24,2784.34,2739.14,2775.24,1356967,https://stooq.com/q/d/l/?s=7012.jp&i=d,2026-03-22T01:59:33+00:00
7012,7012.T,7012.jp,2016-11-01,2784.34,2793.33,2730.05,2757.23,1179091,https://stooq.com/q/d/l/?s=7012.jp&i=d,2026-03-22T01:59:33+00:00
7012,7012.T,7012.jp,2016-11-02,2712.05,2721.04,2630.66,2657.76,1525440,https://stooq.com/q/d/l/?s=7012.jp&i=d,2026-03-22T01:59:33+00:00
7012,7012.T,7012.jp,2016-11-04,2621.57,2639.67,2594.46,2603.55,1529311,https://stooq.com/q/d/l/?s=7012.jp&i=d,2026-03-22T01:59:33+00:00
7012,7012.T,7012.jp,2016-11-07,2657.76,2684.85,2630.66,2648.76,1009731,https://stooq.com/q/d/l/?s=7012.jp&i=d,2026-03-22T01:59:33+00:00
7012,7012.T,7012.jp,2016-11-08,2675.85,2675.85,2639.67,2648.76,556084,https://stooq.com/q/d/l/?s=7012.jp&i=d,2026-03-22T01:59:33+00:00
7012,7012.T,7012.jp,2016-11-09,2666.76,2712.05,2449.89,2522.18,3507628,https://stooq.com/q/d/l/?s=7012.jp&i=d,2026-03-22T01:59:33+00:00
7012,7012.T,7012.jp,2016-11-10,2739.14,2766.25,2684.85,2739.14,2739375,https://stooq.com/q/d/l/?s=7012.jp&i=d,2026-03-22T01:59:33+00:00
7012,7012.T,7012.jp,2016-11-11,2802.44,2892.82,2784.34,2847.62,2639155,https://stooq.com/q/d/l/?s=7012.jp&i=d,2026-03-22T01:59:33+00:00
7012,7012.T,7012.jp,2016-11-14,2865.71,2919.91,2865.71,2901.82,1448007,https://stooq.com/q/d/l/?s=7012.jp&i=d,2026-03-22T01:59:33+00:00
7012,7012.T,7012.jp,2016-11-15,2938.01,2965.10,2883.72,2901.82,1427985,https://stooq.com/q/d/l/?s=7012.jp&i=d,2026-03-22T01:59:33+00:00
7012,7012.T,7012.jp,2016-11-16,2956.11,2983.20,2938.01,2974.20,1557409,https://stooq.com/q/d/l/?s=7012.jp&i=d,2026-03-22T01:59:33+00:00
7012,7012.T,7012.jp,2016-11-17,2956.11,2974.20,2919.91,2938.01,2309621,https://stooq.com/q/d/l/?s=7012.jp&i=d,2026-03-22T01:59:33+00:00
7012,7012.T,7012.jp,2016-11-18,2983.20,3046.49,2974.20,3019.41,2625105,https://stooq.com/q/d/l/?s=7012.jp&i=d,2026-03-22T01:59:33+00:00
7012,7012.T,7012.jp,2016-11-21,3055.50,3082.68,3019.41,3037.49,2426545,https://stooq.com/q/d/l/?s=7012.jp&i=d,2026-03-22T01:59:33+00:00
7012,7012.T,7012.jp,2016-11-22,3046.49,3100.68,3037.49,3091.68,2304864,https://stooq.com/q/d/l/?s=7012.jp&i=d,2026-03-22T01:59:33+00:00
7012,7012.T,7012.jp,2016-11-24,3200.16,3317.65,3182.07,3254.34,4496676,https://stooq.com/q/d/l/?s=7012.jp&i=d,2026-03-22T01:59:33+00:00
7012,7012.T,7012.jp,2016-11-25,3317.65,3408.13,3317.65,3371.93,4042803,https://stooq.com/q/d/l/?s=7012.jp&i=d,2026-03-22T01:59:33+00:00
7012,7012.T,7012.jp,2016-11-28,3344.85,3362.85,3272.46,3326.73,2790592,https://stooq.com/q/d/l/?s=7012.jp&i=d,2026-03-22T01:59:33+00:00
7012,7012.T,7012.jp,2016-11-29,3263.45,3290.54,3236.35,3272.46,1884288,https://stooq.com/q/d/l/?s=7012.jp&i=d,2026-03-22T01:59:33+00:00
7012,7012.T,7012.jp,2016-11-30,3281.56,3290.54,3236.35,3263.45,1538272,https://stooq.com/q/d/l/?s=7012.jp&i=d,2026-03-22T01:59:33+00:00
7012,7012.T,7012.jp,2016-12-01,3344.85,3380.94,3317.65,3344.85,2398226,https://stooq.com/q/d/l/?s=7012.jp&i=d,2026-03-22T01:59:33+00:00
7012,7012.T,7012.jp,2016-12-02,3353.84,3353.84,3317.65,3335.75,1607631,https://stooq.com/q/d/l/?s=7012.jp&i=d,2026-03-22T01:59:33+00:00
7012,7012.T,7012.jp,2016-12-05,3335.75,3335.75,3290.54,3308.65,1706744,https://stooq.com/q/d/l/?s=7012.jp&i=d,2026-03-22T01:59:33+00:00
7012,7012.T,7012.jp,2016-12-06,3353.84,3390.02,3344.85,3390.02,1291811,https://stooq.com/q/d/l/?s=7012.jp&i=d,2026-03-22T01:59:33+00:00
7012,7012.T,7012.jp,2016-12-07,3408.13,3489.43,3408.13,3480.42,1905749,https://stooq.com/q/d/l/?s=7012.jp&i=d,2026-03-22T01:59:33+00:00
7012,7012.T,7012.jp,2016-12-08,3525.61,3561.81,3498.52,3534.62,1558626,https://stooq.com/q/d/l/?s=7012.jp&i=d,2026-03-22T01:59:33+00:00
7012,7012.T,7012.jp,2016-12-09,3543.71,3616.00,3507.51,3597.91,2667033,https://stooq.com/q/d/l/?s=7012.jp&i=d,2026-03-22T01:59:33+00:00
7012,7012.T,7012.jp,2016-12-12,3661.18,3715.47,3525.61,3570.81,3179862,https://stooq.com/q/d/l/?s=7012.jp&i=d,2026-03-22T01:59:33+00:00
7012,7012.T,7012.jp,2016-12-13,3498.52,3543.71,3462.32,3543.71,1947675,https://stooq.com/q/d/l/?s=7012.jp&i=d,2026-03-22T01:59:33+00:00
7012,7012.T,7012.jp,2016-12-14,3570.81,3570.81,3480.42,3534.62,1481966,https://stooq.com/q/d/l/?s=7012.jp&i=d,2026-03-22T01:59:33+00:00
7012,7012.T,7012.jp,2016-12-15,3625.01,3661.18,3507.51,3525.61,2899884,https://stooq.com/q/d/l/?s=7012.jp&i=d,2026-03-22T01:59:33+00:00
7012,7012.T,7012.jp,2016-12-16,3543.71,3579.80,3534.62,3543.71,1228427,https://stooq.com/q/d/l/?s=7012.jp&i=d,2026-03-22T01:59:33+00:00
7012,7012.T,7012.jp,2016-12-19,3507.51,3534.62,3480.42,3525.61,1036612,https://stooq.com/q/d/l/?s=7012.jp&i=d,2026-03-22T01:59:33+00:00
7012,7012.T,7012.jp,2016-12-20,3462.32,3471.34,3371.93,3462.32,1893803,https://stooq.com/q/d/l/?s=7012.jp&i=d,2026-03-22T01:59:33+00:00
7012,7012.T,7012.jp,2016-12-21,3471.34,3471.34,3353.84,3380.94,2136722,https://stooq.com/q/d/l/?s=7012.jp&i=d,2026-03-22T01:59:33+00:00
7012,7012.T,7012.jp,2016-12-22,3371.93,3390.02,3326.73,3380.94,1244024,https://stooq.com/q/d/l/?s=7012.jp&i=d,2026-03-22T01:59:33+00:00
7012,7012.T,7012.jp,2016-12-26,3371.93,3390.02,3326.73,3335.75,1005419,https://stooq.com/q/d/l/?s=7012.jp&i=d,2026-03-22T01:59:33+00:00
7012,7012.T,7012.jp,2016-12-27,3299.65,3371.93,3299.65,3344.85,953428,https://stooq.com/q/d/l/?s=7012.jp&i=d,2026-03-22T01:59:33+00:00
7012,7012.T,7012.jp,2016-12-28,3371.93,3399.03,3344.85,3353.84,1038383,https://stooq.com/q/d/l/?s=7012.jp&i=d,2026-03-22T01:59:33+00:00
7012,7012.T,7012.jp,2016-12-29,3317.65,3326.73,3281.56,3317.65,1220905,https://stooq.com/q/d/l/?s=7012.jp&i=d,2026-03-22T01:59:33+00:00
7012,7012.T,7012.jp,2016-12-30,3281.56,3317.65,3263.45,3317.65,1170021,https://stooq.com/q/d/l/?s=7012.jp&i=d,2026-03-22T01:59:33+00:00
7012,7012.T,7012.jp,2017-01-04,3390.02,3426.13,3344.85,3417.14,2282409,https://stooq.com/q/d/l/?s=7012.jp&i=d,2026-03-22T01:59:33+00:00
7012,7012.T,7012.jp,2017-01-05,3426.13,3435.24,3344.85,3371.93,1997232,https://stooq.com/q/d/l/?s=7012.jp&i=d,2026-03-22T01:59:33+00:00
7012,7012.T,7012.jp,2017-01-06,3299.65,3308.65,3245.36,3290.54,2419354,https://stooq.com/q/d/l/?s=7012.jp&i=d,2026-03-22T01:59:33+00:00
7012,7012.T,7012.jp,2017-01-10,3245.36,3299.65,3227.25,3254.34,1880638,https://stooq.com/q/d/l/?s=7012.jp&i=d,2026-03-22T01:59:33+00:00
7012,7012.T,7012.jp,2017-01-11,3263.45,3317.65,3254.34,3290.54,1786723,https://stooq.com/q/d/l/?s=7012.jp&i=d,2026-03-22T01:59:33+00:00
7012,7012.T,7012.jp,2017-01-12,3272.46,3272.46,3218.26,3245.36,1249112,https://stooq.com/q/d/l/?s=7012.jp&i=d,2026-03-22T01:59:33+00:00
7012,7012.T,7012.jp,2017-01-13,3272.46,3308.65,3263.45,3308.65,1049333,https://stooq.com/q/d/l/?s=7012.jp&i=d,2026-03-22T01:59:33+00:00
7012,7012.T,7012.jp,2017-01-16,3281.56,3308.65,3236.35,3245.36,747234,https://stooq.com/q/d/l/?s=7012.jp&i=d,2026-03-22T01:59:33+00:00
7012,7012.T,7012.jp,2017-01-17,3236.35,3254.34,3200.16,3209.18,1414933,https://stooq.com/q/d/l/?s=7012.jp&i=d,2026-03-22T01:59:33+00:00
7012,7012.T,7012.jp,2017-01-18,3182.07,3236.35,3173.07,3236.35,1023781,https://stooq.com/q/d/l/?s=7012.jp&i=d,2026-03-22T01:59:33+00:00
7012,7012.T,7012.jp,2017-01-19,3263.45,3317.65,3263.45,3290.54,1294797,https://stooq.com/q/d/l/?s=7012.jp&i=d,2026-03-22T01:59:33+00:00
7012,7012.T,7012.jp,2017-01-20,3281.56,3353.84,3281.56,3317.65,1688825,https://stooq.com/q/d/l/?s=7012.jp&i=d,2026-03-22T01:59:33+00:00
7012,7012.T,7012.jp,2017-01-23,3317.65,3317.65,3245.36,3263.45,1645240,https://stooq.com/q/d/l/?s=7012.jp&i=d,2026-03-22T01:59:33+00:00
7012,7012.T,7012.jp,2017-01-24,3218.26,3263.45,3209.18,3254.34,974445,https://stooq.com/q/d/l/?s=7012.jp&i=d,2026-03-22T01:59:33+00:00
7012,7012.T,7012.jp,2017-01-25,3308.65,3353.84,3290.54,3299.65,1291589,https://stooq.com/q/d/l/?s=7012.jp&i=d,2026-03-22T01:59:33+00:00
7012,7012.T,7012.jp,2017-01-26,3371.93,3371.93,3326.73,3344.85,1385064,https://stooq.com/q/d/l/?s=7012.jp&i=d,2026-03-22T01:59:33+00:00
7012,7012.T,7012.jp,2017-01-27,3362.85,3380.94,3326.73,3335.75,1713935,https://stooq.com/q/d/l/?s=7012.jp&i=d,2026-03-22T01:59:33+00:00
7012,7012.T,7012.jp,2017-01-30,3326.73,3362.85,3308.65,3353.84,1119800,https://stooq.com/q/d/l/?s=7012.jp&i=d,2026-03-22T01:59:33+00:00
7012,7012.T,7012.jp,2017-01-31,3308.65,3317.65,3209.18,3209.18,2213270,https://stooq.com/q/d/l/?s=7012.jp&i=d,2026-03-22T01:59:33+00:00
7012,7012.T,7012.jp,2017-02-01,3118.77,3182.07,3109.77,3173.07,1919356,https://stooq.com/q/d/l/?s=7012.jp&i=d,2026-03-22T01:59:33+00:00
7012,7012.T,7012.jp,2017-02-02,3191.16,3209.18,3127.87,3127.87,1201988,https://stooq.com/q/d/l/?s=7012.jp&i=d,2026-03-22T01:59:33+00:00
7012,7012.T,7012.jp,2017-02-03,3136.87,3182.07,3100.68,3154.97,2200549,https://stooq.com/q/d/l/?s=7012.jp&i=d,2026-03-22T01:59:33+00:00
7012,7012.T,7012.jp,2017-02-06,3182.07,3209.18,3154.97,3191.16,1237276,https://stooq.com/q/d/l/?s=7012.jp&i=d,2026-03-22T01:59:33+00:00
7012,7012.T,7012.jp,2017-02-07,3154.97,3209.18,3136.87,3173.07,1584843,https://stooq.com/q/d/l/?s=7012.jp&i=d,2026-03-22T01:59:33+00:00
7012,7012.T,7012.jp,2017-02-08,3191.16,3254.34,3191.16,3209.18,1477209,https://stooq.com/q/d/l/?s=7012.jp&i=d,2026-03-22T01:59:33+00:00
7012,7012.T,7012.jp,2017-02-09,3191.16,3218.26,3163.98,3182.07,995352,https://stooq.com/q/d/l/?s=7012.jp&i=d,2026-03-22T01:59:33+00:00
7012,7012.T,7012.jp,2017-02-10,3272.46,3344.85,3254.34,3308.65,2734288,https://stooq.com/q/d/l/?s=7012.jp&i=d,2026-03-22T01:59:33+00:00
7012,7012.T,7012.jp,2017-02-13,3371.93,3371.93,3317.65,3335.75,1259732,https://stooq.com/q/d/l/?s=7012.jp&i=d,2026-03-22T01:59:33+00:00
7012,7012.T,7012.jp,2017-02-14,3344.85,3344.85,3290.54,3299.65,1189046,https://stooq.com/q/d/l/?s=7012.jp&i=d,2026-03-22T01:59:33+00:00
7012,7012.T,7012.jp,2017-02-15,3335.75,3353.84,3317.65,3317.65,1096680,https://stooq.com/q/d/l/?s=7012.jp&i=d,2026-03-22T01:59:33+00:00
7012,7012.T,7012.jp,2017-02-16,3308.65,3317.65,3263.45,3290.54,1722231,https://stooq.com/q/d/l/?s=7012.jp&i=d,2026-03-22T01:59:33+00:00
7012,7012.T,7012.jp,2017-02-17,3272.46,3272.46,3227.25,3254.34,1420240,https://stooq.com/q/d/l/?s=7012.jp&i=d,2026-03-22T01:59:33+00:00
7012,7012.T,7012.jp,2017-02-20,3227.25,3227.25,3200.16,3209.18,1467697,https://stooq.com/q/d/l/?s=7012.jp&i=d,2026-03-22T01:59:33+00:00
7012,7012.T,7012.jp,2017-02-21,3209.18,3272.46,3200.16,3245.36,1623338,https://stooq.com/q/d/l/?s=7012.jp&i=d,2026-03-22T01:59:33+00:00
7012,7012.T,7012.jp,2017-02-22,3254.34,3263.45,3218.26,3227.25,892476,https://stooq.com/q/d/l/?s=7012.jp&i=d,2026-03-22T01:59:33+00:00
7012,7012.T,7012.jp,2017-02-23,3236.35,3254.34,3209.18,3236.35,895574,https://stooq.com/q/d/l/?s=7012.jp&i=d,2026-03-22T01:59:33+00:00
7012,7012.T,7012.jp,2017-02-24,3218.26,3227.25,3200.16,3209.18,1657853,https://stooq.com/q/d/l/?s=7012.jp&i=d,2026-03-22T01:59:33+00:00
7012,7012.T,7012.jp,2017-02-27,3173.07,3182.07,3118.77,3145.88,1631635,https://stooq.com/q/d/l/?s=7012.jp&i=d,2026-03-22T01:59:33+00:00
7012,7012.T,7012.jp,2017-02-28,3163.98,3227.25,3163.98,3191.16,1453760,https://stooq.com/q/d/l/?s=7012.jp&i=d,2026-03-22T01:59:33+00:00
7012,7012.T,7012.jp,2017-03-01,3200.16,3254.34,3191.16,3245.36,1362606,https://stooq.com/q/d/l/?s=7012.jp&i=d,2026-03-22T01:59:33+00:00
7012,7012.T,7012.jp,2017-03-02,3281.56,3299.65,3245.36,3254.34,1517475,https://stooq.com/q/d/l/?s=7012.jp&i=d,2026-03-22T01:59:33+00:00
7012,7012.T,7012.jp,2017-03-03,3254.34,3263.45,3191.16,3209.18,1394024,https://stooq.com/q/d/l/?s=7012.jp&i=d,2026-03-22T01:59:33+00:00
7012,7012.T,7012.jp,2017-03-06,3200.16,3245.36,3200.16,3218.26,943031,https://stooq.com/q/d/l/?s=7012.jp&i=d,2026-03-22T01:59:33+00:00
7012,7012.T,7012.jp,2017-03-07,3209.18,3245.36,3209.18,3236.35,1151327,https://stooq.com/q/d/l/?s=7012.jp&i=d,2026-03-22T01:59:33+00:00
7012,7012.T,7012.jp,2017-03-08,3227.25,3245.36,3200.16,3218.26,1015154,https://stooq.com/q/d/l/?s=7012.jp&i=d,2026-03-22T01:59:33+00:00
7012,7012.T,7012.jp,2017-03-09,3236.35,3245.36,3209.18,3227.25,768030,https://stooq.com/q/d/l/?s=7012.jp&i=d,2026-03-22T01:59:33+00:00
7012,7012.T,7012.jp,2017-03-10,3245.36,3281.56,3218.26,3281.56,1463714,https://stooq.com/q/d/l/?s=7012.jp&i=d,2026-03-22T01:59:33+00:00
7012,7012.T,7012.jp,2017-03-13,3272.46,3290.54,3254.34,3272.46,735951,https://stooq.com/q/d/l/?s=7012.jp&i=d,2026-03-22T01:59:33+00:00
7012,7012.T,7012.jp,2017-03-14,3308.65,3317.65,3272.46,3290.54,1135951,https://stooq.com/q/d/l/?s=7012.jp&i=d,2026-03-22T01:59:33+00:00
7012,7012.T,7012.jp,2017-03-15,3272.46,3272.46,3236.35,3254.34,711060,https://stooq.com/q/d/l/?s=7012.jp&i=d,2026-03-22T01:59:33+00:00
7012,7012.T,7012.jp,2017-03-16,3227.25,3263.45,3209.18,3254.34,1212608,https://stooq.com/q/d/l/?s=7012.jp&i=d,2026-03-22T01:59:33+00:00
7012,7012.T,7012.jp,2017-03-17,3209.18,3299.65,3191.16,3272.46,2132078,https://stooq.com/q/d/l/?s=7012.jp&i=d,2026-03-22T01:59:33+00:00
7012,7012.T,7012.jp,2017-03-21,3236.35,3245.36,3200.16,3227.25,1270684,https://stooq.com/q/d/l/?s=7012.jp&i=d,2026-03-22T01:59:33+00:00
7012,7012.T,7012.jp,2017-03-22,3154.97,3163.98,3073.59,3100.68,2552541,https://stooq.com/q/d/l/?s=7012.jp&i=d,2026-03-22T01:59:33+00:00
7012,7012.T,7012.jp,2017-03-23,3118.77,3127.87,3082.68,3100.68,920242,https://stooq.com/q/d/l/?s=7012.jp&i=d,2026-03-22T01:59:33+00:00
7012,7012.T,7012.jp,2017-03-24,3091.68,3127.87,3082.68,3109.77,885066,https://stooq.com/q/d/l/?s=7012.jp&i=d,2026-03-22T01:59:33+00:00
7012,7012.T,7012.jp,2017-03-27,3082.68,3091.68,3037.49,3055.50,1419687,https://stooq.com/q/d/l/?s=7012.jp&i=d,2026-03-22T01:59:33+00:00
7012,7012.T,7012.jp,2017-03-28,3091.68,3118.77,3091.68,3091.68,984068,https://stooq.com/q/d/l/?s=7012.jp&i=d,2026-03-22T01:59:33+00:00
7012,7012.T,7012.jp,2017-03-29,3164.44,3191.70,3146.23,3173.53,1836979,https://stooq.com/q/d/l/?s=7012.jp&i=d,2026-03-22T01:59:33+00:00
7012,7012.T,7012.jp,2017-03-30,3146.23,3164.44,3118.96,3137.14,896604,https://stooq.com/q/d/l/?s=7012.jp&i=d,2026-03-22T01:59:33+00:00
7012,7012.T,7012.jp,2017-03-31,3137.14,3155.34,3073.50,3073.50,1375866,https://stooq.com/q/d/l/?s=7012.jp&i=d,2026-03-22T01:59:33+00:00
7012,7012.T,7012.jp,2017-04-03,3082.60,3091.68,3018.95,3046.22,1044188,https://stooq.com/q/d/l/?s=7012.jp&i=d,2026-03-22T01:59:33+00:00
7012,7012.T,7012.jp,2017-04-04,3028.03,3037.13,2991.64,3018.95,1612415,https://stooq.com/q/d/l/?s=7012.jp&i=d,2026-03-22T01:59:33+00:00
7012,7012.T,7012.jp,2017-04-05,3028.03,3037.13,2973.47,3009.84,1247637,https://stooq.com/q/d/l/?s=7012.jp&i=d,2026-03-22T01:59:33+00:00
7012,7012.T,7012.jp,2017-04-06,2973.47,3000.75,2946.18,2982.57,1744273,https://stooq.com/q/d/l/?s=7012.jp&i=d,2026-03-22T01:59:33+00:00
7012,7012.T,7012.jp,2017-04-07,2991.64,3018.95,2946.18,2982.57,2084086,https://stooq.com/q/d/l/?s=7012.jp&i=d,2026-03-22T01:59:33+00:00
7012,7012.T,7012.jp,2017-04-10,3000.75,3064.42,2991.64,3055.31,1113141,https://stooq.com/q/d/l/?s=7012.jp&i=d,2026-03-22T01:59:33+00:00
7012,7012.T,7012.jp,2017-04-11,3028.03,3055.31,3000.75,3037.13,880988,https://stooq.com/q/d/l/?s=7012.jp&i=d,2026-03-22T01:59:33+00:00
7012,7012.T,7012.jp,2017-04-12,2991.64,2991.64,2955.31,2973.47,1388181,https://stooq.com/q/d/l/?s=7012.jp&i=d,2026-03-22T01:59:33+00:00
7012,7012.T,7012.jp,2017-04-13,2928.00,2937.10,2891.64,2937.10,1332645,https://stooq.com/q/d/l/?s=7012.jp&i=d,2026-03-22T01:59:33+00:00
7012,7012.T,7012.jp,2017-04-14,2900.72,2928.00,2873.46,2918.92,1115559,https://stooq.com/q/d/l/?s=7012.jp&i=d,2026-03-22T01:59:33+00:00
7012,7012.T,7012.jp,2017-04-17,2891.64,2909.81,2846.17,2909.81,1425131,https://stooq.com/q/d/l/?s=7012.jp&i=d,2026-03-22T01:59:33+00:00
7012,7012.T,7012.jp,2017-04-18,2946.18,2973.47,2882.55,2891.64,1279419,https://stooq.com/q/d/l/?s=7012.jp&i=d,2026-03-22T01:59:33+00:00
7012,7012.T,7012.jp,2017-04-19,2891.64,2918.92,2882.55,2891.64,1198368,https://stooq.com/q/d/l/?s=7012.jp&i=d,2026-03-22T01:59:33+00:00
7012,7012.T,7012.jp,2017-04-20,2882.55,2928.00,2873.46,2900.72,945982,https://stooq.com/q/d/l/?s=7012.jp&i=d,2026-03-22T01:59:33+00:00
7012,7012.T,7012.jp,2017-04-21,2937.10,2946.18,2918.92,2937.10,834031,https://stooq.com/q/d/l/?s=7012.jp&i=d,2026-03-22T01:59:33+00:00
7012,7012.T,7012.jp,2017-04-24,2973.47,2982.57,2937.10,2946.18,884728,https://stooq.com/q/d/l/?s=7012.jp&i=d,2026-03-22T01:59:33+00:00
7012,7012.T,7012.jp,2017-04-25,2955.31,3000.75,2946.18,2982.57,1296575,https://stooq.com/q/d/l/?s=7012.jp&i=d,2026-03-22T01:59:33+00:00
7012,7012.T,7012.jp,2017-04-26,3018.95,3100.77,3009.84,3082.60,1425571,https://stooq.com/q/d/l/?s=7012.jp&i=d,2026-03-22T01:59:33+00:00
7012,7012.T,7012.jp,2017-04-27,3073.50,3146.23,3046.22,3109.87,2880618,https://stooq.com/q/d/l/?s=7012.jp&i=d,2026-03-22T01:59:33+00:00
7012,7012.T,7012.jp,2017-04-28,3073.50,3100.77,3046.22,3064.42,1546762,https://stooq.com/q/d/l/?s=7012.jp&i=d,2026-03-22T01:59:33+00:00
7012,7012.T,7012.jp,2017-05-01,3028.03,3100.77,3028.03,3082.60,1331877,https://stooq.com/q/d/l/?s=7012.jp&i=d,2026-03-22T01:59:33+00:00
7012,7012.T,7012.jp,2017-05-02,3100.77,3137.14,3091.68,3118.96,916730,https://stooq.com/q/d/l/?s=7012.jp&i=d,2026-03-22T01:59:33+00:00
7012,7012.T,7012.jp,2017-05-08,3173.53,3218.98,3164.44,3191.70,1655963,https://stooq.com/q/d/l/?s=7012.jp&i=d,2026-03-22T01:59:33+00:00
7012,7012.T,7012.jp,2017-05-09,3200.80,3209.90,3155.34,3173.53,1090155,https://stooq.com/q/d/l/?s=7012.jp&i=d,2026-03-22T01:59:33+00:00
7012,7012.T,7012.jp,2017-05-10,3191.70,3228.08,3182.63,3191.70,1075749,https://stooq.com/q/d/l/?s=7012.jp&i=d,2026-03-22T01:59:33+00:00
7012,7012.T,7012.jp,2017-05-11,3209.90,3228.08,3182.63,3191.70,1195290,https://stooq.com/q/d/l/?s=7012.jp&i=d,2026-03-22T01:59:33+00:00
7012,7012.T,7012.jp,2017-05-12,3173.53,3182.63,3109.87,3146.23,1473190,https://stooq.com/q/d/l/?s=7012.jp&i=d,2026-03-22T01:59:33+00:00
7012,7012.T,7012.jp,2017-05-15,3109.87,3118.96,3064.42,3082.60,1161089,https://stooq.com/q/d/l/?s=7012.jp&i=d,2026-03-22T01:59:33+00:00
7012,7012.T,7012.jp,2017-05-16,3109.87,3137.14,3073.50,3073.50,683038,https://stooq.com/q/d/l/?s=7012.jp&i=d,2026-03-22T01:59:33+00:00
7012,7012.T,7012.jp,2017-05-17,3055.31,3064.42,3028.03,3055.31,871861,https://stooq.com/q/d/l/?s=7012.jp&i=d,2026-03-22T01:59:33+00:00
7012,7012.T,7012.jp,2017-05-18,2982.57,2991.64,2955.31,2973.47,1453174,https://stooq.com/q/d/l/?s=7012.jp&i=d,2026-03-22T01:59:33+00:00
7012,7012.T,7012.jp,2017-05-19,2982.57,3009.84,2982.57,3009.84,1006906,https://stooq.com/q/d/l/?s=7012.jp&i=d,2026-03-22T01:59:33+00:00
7012,7012.T,7012.jp,2017-05-22,3028.03,3046.22,3000.75,3009.84,693926,https://stooq.com/q/d/l/?s=7012.jp&i=d,2026-03-22T01:59:33+00:00
7012,7012.T,7012.jp,2017-05-23,3009.84,3009.84,2982.57,2991.64,473762,https://stooq.com/q/d/l/?s=7012.jp&i=d,2026-03-22T01:59:33+00:00
7012,7012.T,7012.jp,2017-05-24,3018.95,3028.03,2982.57,3000.75,624862,https://stooq.com/q/d/l/?s=7012.jp&i=d,2026-03-22T01:59:33+00:00
7012,7012.T,7012.jp,2017-05-25,2973.47,2982.57,2937.10,2973.47,1370037,https://stooq.com/q/d/l/?s=7012.jp&i=d,2026-03-22T01:59:33+00:00
7012,7012.T,7012.jp,2017-05-26,2964.39,2964.39,2928.00,2937.10,885718,https://stooq.com/q/d/l/?s=7012.jp&i=d,2026-03-22T01:59:33+00:00
7012,7012.T,7012.jp,2017-05-29,2937.10,2946.18,2918.92,2928.00,550961,https://stooq.com/q/d/l/?s=7012.jp&i=d,2026-03-22T01:59:33+00:00
7012,7012.T,7012.jp,2017-05-30,2928.00,2928.00,2882.55,2918.92,817533,https://stooq.com/q/d/l/?s=7012.jp&i=d,2026-03-22T01:59:33+00:00
7012,7012.T,7012.jp,2017-05-31,2918.92,2918.92,2873.46,2891.64,1761317,https://stooq.com/q/d/l/?s=7012.jp&i=d,2026-03-22T01:59:33+00:00
7012,7012.T,7012.jp,2017-06-01,2900.72,2946.18,2891.64,2909.81,1040229,https://stooq.com/q/d/l/?s=7012.jp&i=d,2026-03-22T01:59:33+00:00
7012,7012.T,7012.jp,2017-06-02,2937.10,3073.50,2937.10,3037.13,2549490,https://stooq.com/q/d/l/?s=7012.jp&i=d,2026-03-22T01:59:33+00:00
7012,7012.T,7012.jp,2017-06-05,3009.84,3018.95,2955.31,2973.47,1444707,https://stooq.com/q/d/l/?s=7012.jp&i=d,2026-03-22T01:59:33+00:00
7012,7012.T,7012.jp,2017-06-06,2955.31,2964.39,2918.92,2937.10,1159769,https://stooq.com/q/d/l/?s=7012.jp&i=d,2026-03-22T01:59:33+00:00
7012,7012.T,7012.jp,2017-06-07,2928.00,2964.39,2928.00,2964.39,1149431,https://stooq.com/q/d/l/?s=7012.jp&i=d,2026-03-22T01:59:33+00:00
7012,7012.T,7012.jp,2017-06-08,2973.47,2973.47,2928.00,2937.10,763318,https://stooq.com/q/d/l/?s=7012.jp&i=d,2026-03-22T01:59:33+00:00
7012,7012.T,7012.jp,2017-06-09,2918.92,2937.10,2900.72,2928.00,1757798,https://stooq.com/q/d/l/?s=7012.jp&i=d,2026-03-22T01:59:33+00:00
7012,7012.T,7012.jp,2017-06-12,2900.72,2955.31,2891.64,2928.00,735055,https://stooq.com/q/d/l/?s=7012.jp&i=d,2026-03-22T01:59:33+00:00
7012,7012.T,7012.jp,2017-06-13,2928.00,2946.18,2900.72,2918.92,648397,https://stooq.com/q/d/l/?s=7012.jp&i=d,2026-03-22T01:59:33+00:00
7012,7012.T,7012.jp,2017-06-14,2937.10,2946.18,2891.64,2900.72,874390,https://stooq.com/q/d/l/?s=7012.jp&i=d,2026-03-22T01:59:33+00:00
7012,7012.T,7012.jp,2017-06-15,2891.64,2909.81,2864.35,2882.55,1445696,https://stooq.com/q/d/l/?s=7012.jp&i=d,2026-03-22T01:59:33+00:00
7012,7012.T,7012.jp,2017-06-16,2909.81,2937.10,2891.64,2928.00,1845778,https://stooq.com/q/d/l/?s=7012.jp&i=d,2026-03-22T01:59:33+00:00
7012,7012.T,7012.jp,2017-06-19,2928.00,2928.00,2900.72,2900.72,1186713,https://stooq.com/q/d/l/?s=7012.jp&i=d,2026-03-22T01:59:33+00:00
7012,7012.T,7012.jp,2017-06-20,2928.00,2937.10,2909.81,2909.81,841948,https://stooq.com/q/d/l/?s=7012.jp&i=d,2026-03-22T01:59:33+00:00
7012,7012.T,7012.jp,2017-06-21,2891.64,2900.72,2873.46,2891.64,1122489,https://stooq.com/q/d/l/?s=7012.jp&i=d,2026-03-22T01:59:33+00:00
7012,7012.T,7012.jp,2017-06-22,2882.55,2891.64,2864.35,2873.46,1205736,https://stooq.com/q/d/l/?s=7012.jp&i=d,2026-03-22T01:59:33+00:00
7012,7012.T,7012.jp,2017-06-23,2900.72,2909.81,2882.55,2900.72,616835,https://stooq.com/q/d/l/?s=7012.jp&i=d,2026-03-22T01:59:33+00:00
7012,7012.T,7012.jp,2017-06-26,2900.72,2918.92,2882.55,2882.55,714599,https://stooq.com/q/d/l/?s=7012.jp&i=d,2026-03-22T01:59:33+00:00
7012,7012.T,7012.jp,2017-06-27,2900.72,2928.00,2891.64,2900.72,1085536,https://stooq.com/q/d/l/?s=7012.jp&i=d,2026-03-22T01:59:33+00:00
7012,7012.T,7012.jp,2017-06-28,2909.81,2964.39,2900.72,2955.31,1506623,https://stooq.com/q/d/l/?s=7012.jp&i=d,2026-03-22T01:59:33+00:00
7012,7012.T,7012.jp,2017-06-29,2973.47,3000.75,2964.39,2973.47,1158888,https://stooq.com/q/d/l/?s=7012.jp&i=d,2026-03-22T01:59:33+00:00
7012,7012.T,7012.jp,2017-06-30,2964.39,3018.95,2955.31,3018.95,2000509,https://stooq.com/q/d/l/?s=7012.jp&i=d,2026-03-22T01:59:33+00:00
7012,7012.T,7012.jp,2017-07-03,3018.95,3037.13,2982.57,3018.95,1004488,https://stooq.com/q/d/l/?s=7012.jp&i=d,2026-03-22T01:59:33+00:00
7012,7012.T,7012.jp,2017-07-04,3046.22,3091.68,3037.13,3046.22,1963557,https://stooq.com/q/d/l/?s=7012.jp&i=d,2026-03-22T01:59:33+00:00
7012,7012.T,7012.jp,2017-07-05,3046.22,3091.68,3046.22,3082.60,936635,https://stooq.com/q/d/l/?s=7012.jp&i=d,2026-03-22T01:59:33+00:00
7012,7012.T,7012.jp,2017-07-06,3091.68,3100.77,3055.31,3082.60,1116879,https://stooq.com/q/d/l/?s=7012.jp&i=d,2026-03-22T01:59:33+00:00
7012,7012.T,7012.jp,2017-07-07,3055.31,3100.77,3055.31,3082.60,1068492,https://stooq.com/q/d/l/?s=7012.jp&i=d,2026-03-22T01:59:33+00:00
7012,7012.T,7012.jp,2017-07-10,3118.96,3128.05,3073.50,3082.60,584944,https://stooq.com/q/d/l/?s=7012.jp&i=d,2026-03-22T01:59:33+00:00
7012,7012.T,7012.jp,2017-07-11,3082.60,3118.96,3073.50,3109.87,835570,https://stooq.com/q/d/l/?s=7012.jp&i=d,2026-03-22T01:59:33+00:00
7012,7012.T,7012.jp,2017-07-12,3137.14,3155.34,3118.96,3146.23,1423373,https://stooq.com/q/d/l/?s=7012.jp&i=d,2026-03-22T01:59:33+00:00
7012,7012.T,7012.jp,2017-07-13,3173.53,3191.70,3164.44,3173.53,1592181,https://stooq.com/q/d/l/?s=7012.jp&i=d,2026-03-22T01:59:33+00:00
7012,7012.T,7012.jp,2017-07-14,3173.53,3209.90,3173.53,3191.70,1370475,https://stooq.com/q/d/l/?s=7012.jp&i=d,2026-03-22T01:59:33+00:00
7012,7012.T,7012.jp,2017-07-18,3182.63,3191.70,3146.23,3173.53,814237,https://stooq.com/q/d/l/?s=7012.jp&i=d,2026-03-22T01:59:33+00:00
7012,7012.T,7012.jp,2017-07-19,3218.98,3264.46,3182.63,3246.28,2278517,https://stooq.com/q/d/l/?s=7012.jp&i=d,2026-03-22T01:59:33+00:00
7012,7012.T,7012.jp,2017-07-20,3237.16,3255.36,3218.98,3246.28,827872,https://stooq.com/q/d/l/?s=7012.jp&i=d,2026-03-22T01:59:33+00:00
7012,7012.T,7012.jp,2017-07-21,3246.28,3273.54,3218.98,3264.46,915740,https://stooq.com/q/d/l/?s=7012.jp&i=d,2026-03-22T01:59:33+00:00
7012,7012.T,7012.jp,2017-07-24,3246.28,3255.36,3209.90,3237.16,836119,https://stooq.com/q/d/l/?s=7012.jp&i=d,2026-03-22T01:59:33+00:00
7012,7012.T,7012.jp,2017-07-25,3228.08,3237.16,3209.90,3218.98,919920,https://stooq.com/q/d/l/?s=7012.jp&i=d,2026-03-22T01:59:33+00:00
7012,7012.T,7012.jp,2017-07-26,3237.16,3264.46,3228.08,3237.16,1017024,https://stooq.com/q/d/l/?s=7012.jp&i=d,2026-03-22T01:59:33+00:00
7012,7012.T,7012.jp,2017-07-27,3218.98,3228.08,3182.63,3200.80,1114461,https://stooq.com/q/d/l/?s=7012.jp&i=d,2026-03-22T01:59:33+00:00
7012,7012.T,7012.jp,2017-07-28,3200.80,3237.16,3164.44,3200.80,1810475,https://stooq.com/q/d/l/?s=7012.jp&i=d,2026-03-22T01:59:33+00:00
7012,7012.T,7012.jp,2017-07-31,3218.98,3237.16,3191.70,3200.80,969187,https://stooq.com/q/d/l/?s=7012.jp&i=d,2026-03-22T01:59:33+00:00
7012,7012.T,7012.jp,2017-08-01,3073.50,3082.60,3018.95,3064.42,2317119,https://stooq.com/q/d/l/?s=7012.jp&i=d,2026-03-22T01:59:33+00:00
7012,7012.T,7012.jp,2017-08-02,3046.22,3091.68,3028.03,3082.60,1310541,https://stooq.com/q/d/l/?s=7012.jp&i=d,2026-03-22T01:59:33+00:00
7012,7012.T,7012.jp,2017-08-03,3073.50,3082.60,3028.03,3046.22,955000,https://stooq.com/q/d/l/?s=7012.jp&i=d,2026-03-22T01:59:33+00:00
7012,7012.T,7012.jp,2017-08-04,3028.03,3055.31,3009.84,3037.13,794769,https://stooq.com/q/d/l/?s=7012.jp&i=d,2026-03-22T01:59:33+00:00
7012,7012.T,7012.jp,2017-08-07,3055.31,3082.60,3046.22,3064.42,607706,https://stooq.com/q/d/l/?s=7012.jp&i=d,2026-03-22T01:59:33+00:00
7012,7012.T,7012.jp,2017-08-08,3055.31,3073.50,3037.13,3046.22,681169,https://stooq.com/q/d/l/?s=7012.jp&i=d,2026-03-22T01:59:33+00:00
7012,7012.T,7012.jp,2017-08-09,3028.03,3046.22,2991.64,3046.22,1486827,https://stooq.com/q/d/l/?s=7012.jp&i=d,2026-03-22T01:59:33+00:00
7012,7012.T,7012.jp,2017-08-10,3018.95,3037.13,3009.84,3037.13,683369,https://stooq.com/q/d/l/?s=7012.jp&i=d,2026-03-22T01:59:33+00:00
7012,7012.T,7012.jp,2017-08-14,3000.75,3000.75,2955.31,2982.57,895616,https://stooq.com/q/d/l/?s=7012.jp&i=d,2026-03-22T01:59:33+00:00
7012,7012.T,7012.jp,2017-08-15,3000.75,3046.22,2991.64,2991.64,744623,https://stooq.com/q/d/l/?s=7012.jp&i=d,2026-03-22T01:59:33+00:00
7012,7012.T,7012.jp,2017-08-16,3009.84,3028.03,2991.64,3000.75,511920,https://stooq.com/q/d/l/?s=7012.jp&i=d,2026-03-22T01:59:33+00:00
7012,7012.T,7012.jp,2017-08-17,2982.57,3018.95,2973.47,2991.64,807747,https://stooq.com/q/d/l/?s=7012.jp&i=d,2026-03-22T01:59:33+00:00
7012,7012.T,7012.jp,2017-08-18,2973.47,2982.57,2955.31,2982.57,824022,https://stooq.com/q/d/l/?s=7012.jp&i=d,2026-03-22T01:59:33+00:00
7012,7012.T,7012.jp,2017-08-21,2982.57,2982.57,2937.10,2946.18,897045,https://stooq.com/q/d/l/?s=7012.jp&i=d,2026-03-22T01:59:33+00:00
7012,7012.T,7012.jp,2017-08-22,2937.10,2964.39,2928.00,2946.18,755400,https://stooq.com/q/d/l/?s=7012.jp&i=d,2026-03-22T01:59:33+00:00
7012,7012.T,7012.jp,2017-08-23,2955.31,2973.47,2946.18,2955.31,918599,https://stooq.com/q/d/l/?s=7012.jp&i=d,2026-03-22T01:59:33+00:00
7012,7012.T,7012.jp,2017-08-24,2946.18,2973.47,2937.10,2964.39,778053,https://stooq.com/q/d/l/?s=7012.jp&i=d,2026-03-22T01:59:33+00:00
7012,7012.T,7012.jp,2017-08-25,2982.57,2991.64,2946.18,2973.47,1119078,https://stooq.com/q/d/l/?s=7012.jp&i=d,2026-03-22T01:59:33+00:00
7012,7012.T,7012.jp,2017-08-28,3000.75,3009.84,2982.57,3000.75,740225,https://stooq.com/q/d/l/?s=7012.jp&i=d,2026-03-22T01:59:33+00:00
7012,7012.T,7012.jp,2017-08-29,2982.57,2991.64,2964.39,2973.47,1002617,https://stooq.com/q/d/l/?s=7012.jp&i=d,2026-03-22T01:59:33+00:00
7012,7012.T,7012.jp,2017-08-30,3000.75,3037.13,2991.64,3028.03,1000748,https://stooq.com/q/d/l/?s=7012.jp&i=d,2026-03-22T01:59:33+00:00
7012,7012.T,7012.jp,2017-08-31,3073.50,3128.05,3064.42,3073.50,2091345,https://stooq.com/q/d/l/?s=7012.jp&i=d,2026-03-22T01:59:33+00:00
7012,7012.T,7012.jp,2017-09-01,3100.77,3100.77,3055.31,3091.68,1101263,https://stooq.com/q/d/l/?s=7012.jp&i=d,2026-03-22T01:59:33+00:00
7012,7012.T,7012.jp,2017-09-04,3091.68,3128.05,3064.42,3064.42,1348811,https://stooq.com/q/d/l/?s=7012.jp&i=d,2026-03-22T01:59:33+00:00
7012,7012.T,7012.jp,2017-09-05,3073.50,3109.87,3055.31,3064.42,1140744,https://stooq.com/q/d/l/?s=7012.jp&i=d,2026-03-22T01:59:33+00:00
7012,7012.T,7012.jp,2017-09-06,3046.22,3100.77,3018.95,3091.68,1123698,https://stooq.com/q/d/l/?s=7012.jp&i=d,2026-03-22T01:59:33+00:00
7012,7012.T,7012.jp,2017-09-07,3100.77,3137.14,3091.68,3091.68,1217283,https://stooq.com/q/d/l/?s=7012.jp&i=d,2026-03-22T01:59:33+00:00
7012,7012.T,7012.jp,2017-09-08,3073.50,3109.87,3064.42,3073.50,1177804,https://stooq.com/q/d/l/?s=7012.jp&i=d,2026-03-22T01:59:33+00:00
7012,7012.T,7012.jp,2017-09-11,3109.87,3182.63,3109.87,3146.23,2174265,https://stooq.com/q/d/l/?s=7012.jp&i=d,2026-03-22T01:59:33+00:00
7012,7012.T,7012.jp,2017-09-12,3191.70,3200.80,3146.23,3146.23,999209,https://stooq.com/q/d/l/?s=7012.jp&i=d,2026-03-22T01:59:33+00:00
7012,7012.T,7012.jp,2017-09-13,3164.44,3191.70,3155.34,3164.44,934546,https://stooq.com/q/d/l/?s=7012.jp&i=d,2026-03-22T01:59:33+00:00
7012,7012.T,7012.jp,2017-09-14,3191.70,3264.46,3191.70,3218.98,2190319,https://stooq.com/q/d/l/?s=7012.jp&i=d,2026-03-22T01:59:33+00:00
7012,7012.T,7012.jp,2017-09-15,3209.90,3273.54,3209.90,3246.28,1536205,https://stooq.com/q/d/l/?s=7012.jp&i=d,2026-03-22T01:59:33+00:00
7012,7012.T,7012.jp,2017-09-19,3300.83,3364.47,3300.83,3337.20,2174594,https://stooq.com/q/d/l/?s=7012.jp&i=d,2026-03-22T01:59:33+00:00
7012,7012.T,7012.jp,2017-09-20,3328.11,3373.57,3328.11,3337.20,1345622,https://stooq.com/q/d/l/?s=7012.jp&i=d,2026-03-22T01:59:33+00:00
7012,7012.T,7012.jp,2017-09-21,3382.68,3400.85,3364.47,3364.47,1782653,https://stooq.com/q/d/l/?s=7012.jp&i=d,2026-03-22T01:59:33+00:00
7012,7012.T,7012.jp,2017-09-22,3364.47,3391.76,3355.39,3382.68,1509810,https://stooq.com/q/d/l/?s=7012.jp&i=d,2026-03-22T01:59:33+00:00
7012,7012.T,7012.jp,2017-09-25,3409.95,3446.32,3409.95,3419.04,1552700,https://stooq.com/q/d/l/?s=7012.jp&i=d,2026-03-22T01:59:33+00:00
7012,7012.T,7012.jp,2017-09-26,3391.76,3455.42,3391.76,3419.04,1189571,https://stooq.com/q/d/l/?s=7012.jp&i=d,2026-03-22T01:59:33+00:00
7012,7012.T,7012.jp,2017-09-27,3400.85,3409.95,3355.39,3373.57,1047926,https://stooq.com/q/d/l/?s=7012.jp&i=d,2026-03-22T01:59:33+00:00
7012,7012.T,7012.jp,2017-09-28,3382.68,3409.95,3373.57,3391.76,1237629,https://stooq.com/q/d/l/?s=7012.jp&i=d,2026-03-22T01:59:33+00:00
7012,7012.T,7012.jp,2017-09-29,3387.22,3400.85,3369.03,3391.76,1238289,https://stooq.com/q/d/l/?s=7012.jp&i=d,2026-03-22T01:59:33+00:00
7012,7012.T,7012.jp,2017-10-02,3387.22,3455.42,3382.68,3437.23,1329896,https://stooq.com/q/d/l/?s=7012.jp&i=d,2026-03-22T01:59:33+00:00
7012,7012.T,7012.jp,2017-10-03,3450.87,3464.50,3414.48,3464.50,1411936,https://stooq.com/q/d/l/?s=7012.jp&i=d,2026-03-22T01:59:33+00:00
7012,7012.T,7012.jp,2017-10-04,3473.59,3491.79,3450.87,3482.68,1051555,https://stooq.com/q/d/l/?s=7012.jp&i=d,2026-03-22T01:59:33+00:00
7012,7012.T,7012.jp,2017-10-05,3482.68,3500.88,3455.42,3473.59,1031432,https://stooq.com/q/d/l/?s=7012.jp&i=d,2026-03-22T01:59:33+00:00
7012,7012.T,7012.jp,2017-10-06,3491.79,3528.15,3487.24,3505.42,986233,https://stooq.com/q/d/l/?s=7012.jp&i=d,2026-03-22T01:59:33+00:00
7012,7012.T,7012.jp,2017-10-10,3482.68,3528.15,3478.15,3491.79,1094115,https://stooq.com/q/d/l/?s=7012.jp&i=d,2026-03-22T01:59:33+00:00
7012,7012.T,7012.jp,2017-10-11,3473.59,3487.24,3455.42,3464.50,763977,https://stooq.com/q/d/l/?s=7012.jp&i=d,2026-03-22T01:59:33+00:00
7012,7012.T,7012.jp,2017-10-12,3473.59,3478.15,3446.32,3464.50,797739,https://stooq.com/q/d/l/?s=7012.jp&i=d,2026-03-22T01:59:33+00:00
7012,7012.T,7012.jp,2017-10-13,3464.50,3509.97,3464.50,3487.24,1297894,https://stooq.com/q/d/l/?s=7012.jp&i=d,2026-03-22T01:59:33+00:00
7012,7012.T,7012.jp,2017-10-16,3487.24,3500.88,3473.59,3491.79,649387,https://stooq.com/q/d/l/?s=7012.jp&i=d,2026-03-22T01:59:33+00:00
7012,7012.T,7012.jp,2017-10-17,3500.88,3519.06,3478.15,3500.88,778715,https://stooq.com/q/d/l/?s=7012.jp&i=d,2026-03-22T01:59:33+00:00
7012,7012.T,7012.jp,2017-10-18,3491.79,3505.42,3473.59,3487.24,893086,https://stooq.com/q/d/l/?s=7012.jp&i=d,2026-03-22T01:59:33+00:00
7012,7012.T,7012.jp,2017-10-19,3505.42,3537.26,3500.88,3532.70,1279968,https://stooq.com/q/d/l/?s=7012.jp&i=d,2026-03-22T01:59:33+00:00
7012,7012.T,7012.jp,2017-10-20,3500.88,3546.34,3491.79,3528.15,1050566,https://stooq.com/q/d/l/?s=7012.jp&i=d,2026-03-22T01:59:33+00:00
7012,7012.T,7012.jp,2017-10-23,3559.99,3591.80,3550.89,3555.44,1147673,https://stooq.com/q/d/l/?s=7012.jp&i=d,2026-03-22T01:59:33+00:00
7012,7012.T,7012.jp,2017-10-24,3528.15,3550.89,3509.97,3537.26,1132276,https://stooq.com/q/d/l/?s=7012.jp&i=d,2026-03-22T01:59:33+00:00
7012,7012.T,7012.jp,2017-10-25,3555.44,3582.73,3537.26,3541.79,1212336,https://stooq.com/q/d/l/?s=7012.jp&i=d,2026-03-22T01:59:33+00:00
7012,7012.T,7012.jp,2017-10-26,3546.34,3550.89,3509.97,3514.51,924206,https://stooq.com/q/d/l/?s=7012.jp&i=d,2026-03-22T01:59:33+00:00
7012,7012.T,7012.jp,2017-10-27,3523.62,3655.45,3519.06,3646.37,3243524,https://stooq.com/q/d/l/?s=7012.jp&i=d,2026-03-22T01:59:33+00:00
7012,7012.T,7012.jp,2017-10-30,3646.37,3723.66,3641.82,3660.01,2274450,https://stooq.com/q/d/l/?s=7012.jp&i=d,2026-03-22T01:59:33+00:00
7012,7012.T,7012.jp,2017-10-31,3646.37,3664.57,3573.62,3573.62,2075620,https://stooq.com/q/d/l/?s=7012.jp&i=d,2026-03-22T01:59:33+00:00
7012,7012.T,7012.jp,2017-11-01,3596.35,3600.90,3537.26,3550.89,1980823,https://stooq.com/q/d/l/?s=7012.jp&i=d,2026-03-22T01:59:33+00:00
7012,7012.T,7012.jp,2017-11-02,3550.89,3555.44,3519.06,3523.62,1445477,https://stooq.com/q/d/l/?s=7012.jp&i=d,2026-03-22T01:59:33+00:00
7012,7012.T,7012.jp,2017-11-06,3546.34,3573.62,3528.15,3546.34,1321099,https://stooq.com/q/d/l/?s=7012.jp&i=d,2026-03-22T01:59:33+00:00
7012,7012.T,7012.jp,2017-11-07,3546.34,3628.19,3541.79,3619.09,1524546,https://stooq.com/q/d/l/?s=7012.jp&i=d,2026-03-22T01:59:33+00:00
7012,7012.T,7012.jp,2017-11-08,3619.09,3678.21,3614.53,3669.11,1579313,https://stooq.com/q/d/l/?s=7012.jp&i=d,2026-03-22T01:59:33+00:00
7012,7012.T,7012.jp,2017-11-09,3682.74,3723.66,3600.90,3660.01,2183612,https://stooq.com/q/d/l/?s=7012.jp&i=d,2026-03-22T01:59:33+00:00
7012,7012.T,7012.jp,2017-11-10,3600.90,3623.62,3569.10,3573.62,1108521,https://stooq.com/q/d/l/?s=7012.jp&i=d,2026-03-22T01:59:33+00:00
7012,7012.T,7012.jp,2017-11-13,3582.73,3587.28,3519.06,3523.62,991840,https://stooq.com/q/d/l/?s=7012.jp&i=d,2026-03-22T01:59:33+00:00
7012,7012.T,7012.jp,2017-11-14,3514.51,3523.62,3469.04,3509.97,961599,https://stooq.com/q/d/l/?s=7012.jp&i=d,2026-03-22T01:59:33+00:00
7012,7012.T,7012.jp,2017-11-15,3478.15,3482.68,3391.76,3400.85,1310320,https://stooq.com/q/d/l/?s=7012.jp&i=d,2026-03-22T01:59:33+00:00
7012,7012.T,7012.jp,2017-11-16,3396.30,3428.13,3387.22,3423.58,1028131,https://stooq.com/q/d/l/?s=7012.jp&i=d,2026-03-22T01:59:33+00:00
7012,7012.T,7012.jp,2017-11-17,3505.42,3519.06,3432.69,3441.79,1207829,https://stooq.com/q/d/l/?s=7012.jp&i=d,2026-03-22T01:59:33+00:00
7012,7012.T,7012.jp,2017-11-20,3414.48,3441.79,3378.12,3391.76,1002617,https://stooq.com/q/d/l/?s=7012.jp&i=d,2026-03-22T01:59:33+00:00
7012,7012.T,7012.jp,2017-11-21,3532.70,3591.80,3528.15,3528.15,1862271,https://stooq.com/q/d/l/?s=7012.jp&i=d,2026-03-22T01:59:33+00:00
7012,7012.T,7012.jp,2017-11-22,3491.79,3550.89,3482.68,3528.15,1133045,https://stooq.com/q/d/l/?s=7012.jp&i=d,2026-03-22T01:59:33+00:00
7012,7012.T,7012.jp,2017-11-24,3505.42,3509.97,3446.32,3464.50,1070800,https://stooq.com/q/d/l/?s=7012.jp&i=d,2026-03-22T01:59:33+00:00
7012,7012.T,7012.jp,2017-11-27,3459.96,3464.50,3396.30,3400.85,1016694,https://stooq.com/q/d/l/?s=7012.jp&i=d,2026-03-22T01:59:33+00:00
7012,7012.T,7012.jp,2017-11-28,3414.48,3423.58,3332.65,3337.20,1284148,https://stooq.com/q/d/l/?s=7012.jp&i=d,2026-03-22T01:59:33+00:00
7012,7012.T,7012.jp,2017-11-29,3369.03,3396.30,3332.65,3341.75,1092026,https://stooq.com/q/d/l/?s=7012.jp&i=d,2026-03-22T01:59:33+00:00
7012,7012.T,7012.jp,2017-11-30,3346.28,3378.12,3332.65,3373.57,909361,https://stooq.com/q/d/l/?s=7012.jp&i=d,2026-03-22T01:59:33+00:00
7012,7012.T,7012.jp,2017-12-01,3405.39,3428.13,3382.68,3387.22,888467,https://stooq.com/q/d/l/?s=7012.jp&i=d,2026-03-22T01:59:33+00:00
7012,7012.T,7012.jp,2017-12-04,3382.68,3382.68,3346.28,3355.39,721198,https://stooq.com/q/d/l/?s=7012.jp&i=d,2026-03-22T01:59:33+00:00
7012,7012.T,7012.jp,2017-12-05,3328.11,3346.28,3300.83,3314.46,1350132,https://stooq.com/q/d/l/?s=7012.jp&i=d,2026-03-22T01:59:33+00:00
7012,7012.T,7012.jp,2017-12-06,3309.93,3323.56,3250.81,3259.91,1842588,https://stooq.com/q/d/l/?s=7012.jp&i=d,2026-03-22T01:59:33+00:00
7012,7012.T,7012.jp,2017-12-07,3273.54,3305.37,3255.36,3273.54,1015156,https://stooq.com/q/d/l/?s=7012.jp&i=d,2026-03-22T01:59:33+00:00
7012,7012.T,7012.jp,2017-12-08,3255.36,3296.28,3255.36,3282.63,1346391,https://stooq.com/q/d/l/?s=7012.jp&i=d,2026-03-22T01:59:33+00:00
7012,7012.T,7012.jp,2017-12-11,3305.37,3341.75,3300.83,3341.75,944882,https://stooq.com/q/d/l/?s=7012.jp&i=d,2026-03-22T01:59:33+00:00
7012,7012.T,7012.jp,2017-12-12,3346.28,3373.57,3332.65,3364.47,1098734,https://stooq.com/q/d/l/?s=7012.jp&i=d,2026-03-22T01:59:33+00:00
7012,7012.T,7012.jp,2017-12-13,3359.94,3364.47,3309.93,3328.11,1030879,https://stooq.com/q/d/l/?s=7012.jp&i=d,2026-03-22T01:59:33+00:00
7012,7012.T,7012.jp,2017-12-14,3309.93,3341.75,3296.28,3300.83,1082016,https://stooq.com/q/d/l/?s=7012.jp&i=d,2026-03-22T01:59:33+00:00
7012,7012.T,7012.jp,2017-12-15,3296.28,3300.83,3241.72,3241.72,1255664,https://stooq.com/q/d/l/?s=7012.jp&i=d,2026-03-22T01:59:33+00:00
7012,7012.T,7012.jp,2017-12-18,3269.00,3273.54,3241.72,3259.91,1013397,https://stooq.com/q/d/l/?s=7012.jp&i=d,2026-03-22T01:59:33+00:00
7012,7012.T,7012.jp,2017-12-19,3259.91,3323.56,3259.91,3314.46,853604,https://stooq.com/q/d/l/?s=7012.jp&i=d,2026-03-22T01:59:33+00:00
7012,7012.T,7012.jp,2017-12-20,3309.93,3350.84,3305.37,3337.20,861743,https://stooq.com/q/d/l/?s=7012.jp&i=d,2026-03-22T01:59:33+00:00
7012,7012.T,7012.jp,2017-12-21,3323.56,3341.75,3305.37,3332.65,732968,https://stooq.com/q/d/l/?s=7012.jp&i=d,2026-03-22T01:59:33+00:00
7012,7012.T,7012.jp,2017-12-22,3341.75,3359.94,3341.75,3355.39,454846,https://stooq.com/q/d/l/?s=7012.jp&i=d,2026-03-22T01:59:33+00:00
7012,7012.T,7012.jp,2017-12-25,3364.47,3364.47,3328.11,3341.75,440219,https://stooq.com/q/d/l/?s=7012.jp&i=d,2026-03-22T01:59:33+00:00
7012,7012.T,7012.jp,2017-12-26,3323.56,3337.20,3309.93,3319.01,515770,https://stooq.com/q/d/l/?s=7012.jp&i=d,2026-03-22T01:59:33+00:00
7012,7012.T,7012.jp,2017-12-27,3573.62,3628.19,3555.44,3582.73,3970003,https://stooq.com/q/d/l/?s=7012.jp&i=d,2026-03-22T01:59:33+00:00
7012,7012.T,7012.jp,2017-12-28,3591.80,3696.38,3582.73,3600.90,2337023,https://stooq.com/q/d/l/?s=7012.jp&i=d,2026-03-22T01:59:33+00:00
7012,7012.T,7012.jp,2017-12-29,3578.18,3628.19,3578.18,3596.35,871092,https://stooq.com/q/d/l/?s=7012.jp&i=d,2026-03-22T01:59:33+00:00
7012,7012.T,7012.jp,2018-01-04,3660.01,3687.29,3623.62,3646.37,1434591,https://stooq.com/q/d/l/?s=7012.jp&i=d,2026-03-22T01:59:33+00:00
7012,7012.T,7012.jp,2018-01-05,3673.65,3719.11,3660.01,3705.47,1325938,https://stooq.com/q/d/l/?s=7012.jp&i=d,2026-03-22T01:59:33+00:00
7012,7012.T,7012.jp,2018-01-09,3755.49,3810.04,3746.39,3764.59,1535215,https://stooq.com/q/d/l/?s=7012.jp&i=d,2026-03-22T01:59:33+00:00
7012,7012.T,7012.jp,2018-01-10,3782.78,3814.60,3778.23,3796.41,1028131,https://stooq.com/q/d/l/?s=7012.jp&i=d,2026-03-22T01:59:33+00:00
7012,7012.T,7012.jp,2018-01-11,3760.03,3841.87,3750.93,3841.87,985243,https://stooq.com/q/d/l/?s=7012.jp&i=d,2026-03-22T01:59:33+00:00
7012,7012.T,7012.jp,2018-01-12,3846.42,3891.88,3841.87,3873.70,1122489,https://stooq.com/q/d/l/?s=7012.jp&i=d,2026-03-22T01:59:33+00:00
7012,7012.T,7012.jp,2018-01-15,3900.97,3914.61,3873.70,3882.78,709762,https://stooq.com/q/d/l/?s=7012.jp&i=d,2026-03-22T01:59:33+00:00
7012,7012.T,7012.jp,2018-01-16,3896.44,3905.53,3837.33,3878.25,735164,https://stooq.com/q/d/l/?s=7012.jp&i=d,2026-03-22T01:59:33+00:00
7012,7012.T,7012.jp,2018-01-17,3837.33,3914.61,3837.33,3900.97,1005478,https://stooq.com/q/d/l/?s=7012.jp&i=d,2026-03-22T01:59:33+00:00
7012,7012.T,7012.jp,2018-01-18,3937.35,3955.55,3914.61,3923.71,1396980,https://stooq.com/q/d/l/?s=7012.jp&i=d,2026-03-22T01:59:33+00:00
7012,7012.T,7012.jp,2018-01-19,3955.55,4005.54,3937.35,4001.00,1259514,https://stooq.com/q/d/l/?s=7012.jp&i=d,2026-03-22T01:59:33+00:00
7012,7012.T,7012.jp,2018-01-22,4191.96,4201.07,4023.73,4046.48,2967055,https://stooq.com/q/d/l/?s=7012.jp&i=d,2026-03-22T01:59:33+00:00
7012,7012.T,7012.jp,2018-01-23,4046.48,4073.76,4032.83,4051.02,1109512,https://stooq.com/q/d/l/?s=7012.jp&i=d,2026-03-22T01:59:33+00:00
7012,7012.T,7012.jp,2018-01-24,4046.48,4119.21,4046.48,4069.20,1524876,https://stooq.com/q/d/l/?s=7012.jp&i=d,2026-03-22T01:59:33+00:00
7012,7012.T,7012.jp,2018-01-25,4078.29,4137.41,4060.11,4091.94,2536075,https://stooq.com/q/d/l/?s=7012.jp&i=d,2026-03-22T01:59:33+00:00
7012,7012.T,7012.jp,2018-01-26,4155.60,4196.52,4114.66,4128.30,1868100,https://stooq.com/q/d/l/?s=7012.jp&i=d,2026-03-22T01:59:33+00:00
7012,7012.T,7012.jp,2018-01-29,4151.04,4160.12,4110.11,4114.66,1001408,https://stooq.com/q/d/l/?s=7012.jp&i=d,2026-03-22T01:59:33+00:00
7012,7012.T,7012.jp,2018-01-30,4091.94,4110.11,4028.27,4064.65,1442945,https://stooq.com/q/d/l/?s=7012.jp&i=d,2026-03-22T01:59:33+00:00
7012,7012.T,7012.jp,2018-01-31,4010.09,4137.41,4001.00,4091.94,2201648,https://stooq.com/q/d/l/?s=7012.jp&i=d,2026-03-22T01:59:33+00:00
7012,7012.T,7012.jp,2018-02-01,4110.11,4191.96,4096.48,4182.88,1926715,https://stooq.com/q/d/l/?s=7012.jp&i=d,2026-03-22T01:59:33+00:00
7012,7012.T,7012.jp,2018-02-02,4146.49,4169.23,4041.93,4060.11,1524437,https://stooq.com/q/d/l/?s=7012.jp&i=d,2026-03-22T01:59:33+00:00
7012,7012.T,7012.jp,2018-02-05,3941.90,3991.92,3932.80,3941.90,1433050,https://stooq.com/q/d/l/?s=7012.jp&i=d,2026-03-22T01:59:33+00:00
7012,7012.T,7012.jp,2018-02-06,3750.93,3778.23,3641.82,3741.84,2431048,https://stooq.com/q/d/l/?s=7012.jp&i=d,2026-03-22T01:59:33+00:00
7012,7012.T,7012.jp,2018-02-07,3891.88,3914.61,3773.67,3773.67,1806737,https://stooq.com/q/d/l/?s=7012.jp&i=d,2026-03-22T01:59:33+00:00
7012,7012.T,7012.jp,2018-02-08,3800.94,3864.61,3796.41,3832.78,1246978,https://stooq.com/q/d/l/?s=7012.jp&i=d,2026-03-22T01:59:33+00:00
7012,7012.T,7012.jp,2018-02-09,3705.47,3764.59,3691.83,3746.39,1269411,https://stooq.com/q/d/l/?s=7012.jp&i=d,2026-03-22T01:59:33+00:00
7012,7012.T,7012.jp,2018-02-13,3810.04,3810.04,3655.45,3664.57,1388072,https://stooq.com/q/d/l/?s=7012.jp&i=d,2026-03-22T01:59:33+00:00
7012,7012.T,7012.jp,2018-02-14,3660.01,3691.83,3596.35,3605.43,1477370,https://stooq.com/q/d/l/?s=7012.jp&i=d,2026-03-22T01:59:33+00:00
7012,7012.T,7012.jp,2018-02-15,3655.45,3660.01,3591.80,3605.43,1158229,https://stooq.com/q/d/l/?s=7012.jp&i=d,2026-03-22T01:59:33+00:00
7012,7012.T,7012.jp,2018-02-16,3628.19,3650.92,3582.73,3591.80,1227401,https://stooq.com/q/d/l/?s=7012.jp&i=d,2026-03-22T01:59:33+00:00
7012,7012.T,7012.jp,2018-02-19,3646.37,3719.11,3623.62,3710.04,838647,https://stooq.com/q/d/l/?s=7012.jp&i=d,2026-03-22T01:59:33+00:00
7012,7012.T,7012.jp,2018-02-20,3691.83,3696.38,3605.43,3641.82,1086198,https://stooq.com/q/d/l/?s=7012.jp&i=d,2026-03-22T01:59:33+00:00
7012,7012.T,7012.jp,2018-02-21,3623.62,3673.65,3619.09,3655.45,1004817,https://stooq.com/q/d/l/?s=7012.jp&i=d,2026-03-22T01:59:33+00:00
7012,7012.T,7012.jp,2018-02-22,3623.62,3632.73,3582.73,3609.98,796858,https://stooq.com/q/d/l/?s=7012.jp&i=d,2026-03-22T01:59:33+00:00
7012,7012.T,7012.jp,2018-02-23,3609.98,3655.45,3578.18,3650.92,874609,https://stooq.com/q/d/l/?s=7012.jp&i=d,2026-03-22T01:59:33+00:00
7012,7012.T,7012.jp,2018-02-26,3691.83,3696.38,3587.28,3619.09,1247637,https://stooq.com/q/d/l/?s=7012.jp&i=d,2026-03-22T01:59:33+00:00
7012,7012.T,7012.jp,2018-02-27,3655.45,3691.83,3619.09,3641.82,1064312,https://stooq.com/q/d/l/?s=7012.jp&i=d,2026-03-22T01:59:33+00:00
7012,7012.T,7012.jp,2018-02-28,3619.09,3678.21,3550.89,3564.53,2188891,https://stooq.com/q/d/l/?s=7012.jp&i=d,2026-03-22T01:59:33+00:00
7012,7012.T,7012.jp,2018-03-01,3432.69,3446.32,3350.84,3396.30,4168065,https://stooq.com/q/d/l/?s=7012.jp&i=d,2026-03-22T01:59:33+00:00
7012,7012.T,7012.jp,2018-03-02,3337.20,3387.22,3332.65,3341.75,2205827,https://stooq.com/q/d/l/?s=7012.jp&i=d,2026-03-22T01:59:33+00:00
7012,7012.T,7012.jp,2018-03-05,3309.93,3309.93,3205.34,3232.63,2024481,https://stooq.com/q/d/l/?s=7012.jp&i=d,2026-03-22T01:59:33+00:00
7012,7012.T,7012.jp,2018-03-06,3255.36,3273.54,3228.08,3232.63,1836429,https://stooq.com/q/d/l/?s=7012.jp&i=d,2026-03-22T01:59:33+00:00
7012,7012.T,7012.jp,2018-03-07,3205.34,3205.34,3118.96,3123.51,2342411,https://stooq.com/q/d/l/?s=7012.jp&i=d,2026-03-22T01:59:33+00:00
7012,7012.T,7012.jp,2018-03-08,3137.14,3146.23,3078.05,3091.68,1477808,https://stooq.com/q/d/l/?s=7012.jp&i=d,2026-03-22T01:59:33+00:00
7012,7012.T,7012.jp,2018-03-09,3091.68,3150.80,3064.42,3091.68,2039436,https://stooq.com/q/d/l/?s=7012.jp&i=d,2026-03-22T01:59:33+00:00
7012,7012.T,7012.jp,2018-03-12,3168.98,3187.17,3141.70,3187.17,1351120,https://stooq.com/q/d/l/?s=7012.jp&i=d,2026-03-22T01:59:33+00:00
7012,7012.T,7012.jp,2018-03-13,3191.70,3250.81,3173.53,3250.81,1974773,https://stooq.com/q/d/l/?s=7012.jp&i=d,2026-03-22T01:59:33+00:00
7012,7012.T,7012.jp,2018-03-14,3196.26,3250.81,3196.26,3241.72,1809156,https://stooq.com/q/d/l/?s=7012.jp&i=d,2026-03-22T01:59:33+00:00
7012,7012.T,7012.jp,2018-03-15,3218.98,3232.63,3168.98,3228.08,1119190,https://stooq.com/q/d/l/?s=7012.jp&i=d,2026-03-22T01:59:33+00:00
7012,7012.T,7012.jp,2018-03-16,3228.08,3228.08,3191.70,3218.98,1195070,https://stooq.com/q/d/l/?s=7012.jp&i=d,2026-03-22T01:59:33+00:00
7012,7012.T,7012.jp,2018-03-19,3218.98,3250.81,3182.63,3191.70,972375,https://stooq.com/q/d/l/?s=7012.jp&i=d,2026-03-22T01:59:33+00:00
7012,7012.T,7012.jp,2018-03-20,3146.23,3196.26,3128.05,3168.98,1004378,https://stooq.com/q/d/l/?s=7012.jp&i=d,2026-03-22T01:59:33+00:00
7012,7012.T,7012.jp,2018-03-22,3173.53,3214.43,3173.53,3205.34,1144812,https://stooq.com/q/d/l/?s=7012.jp&i=d,2026-03-22T01:59:33+00:00
7012,7012.T,7012.jp,2018-03-23,3105.32,3105.32,2964.39,2973.47,3550789,https://stooq.com/q/d/l/?s=7012.jp&i=d,2026-03-22T01:59:33+00:00
7012,7012.T,7012.jp,2018-03-26,2964.39,2991.64,2909.81,2991.64,1793539,https://stooq.com/q/d/l/?s=7012.jp&i=d,2026-03-22T01:59:33+00:00
7012,7012.T,7012.jp,2018-03-27,3028.03,3078.05,3009.84,3059.87,1362118,https://stooq.com/q/d/l/?s=7012.jp&i=d,2026-03-22T01:59:33+00:00
7012,7012.T,7012.jp,2018-03-28,3027.74,3078.22,3027.74,3078.22,1017549,https://stooq.com/q/d/l/?s=7012.jp&i=d,2026-03-22T01:59:33+00:00
7012,7012.T,7012.jp,2018-03-29,3119.50,3151.61,3069.04,3105.73,1603817,https://stooq.com/q/d/l/?s=7012.jp&i=d,2026-03-22T01:59:33+00:00
7012,7012.T,7012.jp,2018-03-30,3133.26,3165.36,3119.50,3156.19,1122397,https://stooq.com/q/d/l/?s=7012.jp&i=d,2026-03-22T01:59:33+00:00
7012,7012.T,7012.jp,2018-04-02,3169.96,3192.90,3096.55,3133.26,1541473,https://stooq.com/q/d/l/?s=7012.jp&i=d,2026-03-22T01:59:33+00:00
7012,7012.T,7012.jp,2018-04-03,3091.96,3142.44,3091.96,3128.67,1201635,https://stooq.com/q/d/l/?s=7012.jp&i=d,2026-03-22T01:59:33+00:00
7012,7012.T,7012.jp,2018-04-04,3137.84,3137.84,3069.04,3073.62,1194661,https://stooq.com/q/d/l/?s=7012.jp&i=d,2026-03-22T01:59:33+00:00
7012,7012.T,7012.jp,2018-04-05,3082.78,3082.78,3018.56,3059.87,1817114,https://stooq.com/q/d/l/?s=7012.jp&i=d,2026-03-22T01:59:33+00:00
7012,7012.T,7012.jp,2018-04-06,3073.62,3101.15,3023.15,3027.74,2005015,https://stooq.com/q/d/l/?s=7012.jp&i=d,2026-03-22T01:59:33+00:00
7012,7012.T,7012.jp,2018-04-09,3018.56,3036.92,2995.64,3013.98,1196513,https://stooq.com/q/d/l/?s=7012.jp&i=d,2026-03-22T01:59:33+00:00
7012,7012.T,7012.jp,2018-04-10,2995.64,3101.15,2986.47,3091.96,2233682,https://stooq.com/q/d/l/?s=7012.jp&i=d,2026-03-22T01:59:33+00:00
7012,7012.T,7012.jp,2018-04-11,3091.96,3114.91,3069.04,3073.62,1317495,https://stooq.com/q/d/l/?s=7012.jp&i=d,2026-03-22T01:59:33+00:00
7012,7012.T,7012.jp,2018-04-12,3050.69,3064.46,3013.98,3027.74,1078910,https://stooq.com/q/d/l/?s=7012.jp&i=d,2026-03-22T01:59:33+00:00
7012,7012.T,7012.jp,2018-04-13,3055.27,3156.19,3055.27,3137.84,1372317,https://stooq.com/q/d/l/?s=7012.jp&i=d,2026-03-22T01:59:33+00:00
7012,7012.T,7012.jp,2018-04-16,3156.19,3179.14,3119.50,3124.08,1079239,https://stooq.com/q/d/l/?s=7012.jp&i=d,2026-03-22T01:59:33+00:00
7012,7012.T,7012.jp,2018-04-17,3137.84,3142.44,3078.22,3087.38,875751,https://stooq.com/q/d/l/?s=7012.jp&i=d,2026-03-22T01:59:33+00:00
7012,7012.T,7012.jp,2018-04-18,3096.55,3165.36,3082.78,3142.44,956513,https://stooq.com/q/d/l/?s=7012.jp&i=d,2026-03-22T01:59:33+00:00
7012,7012.T,7012.jp,2018-04-19,3179.14,3266.29,3174.55,3225.01,1582454,https://stooq.com/q/d/l/?s=7012.jp&i=d,2026-03-22T01:59:33+00:00
7012,7012.T,7012.jp,2018-04-20,3188.31,3247.94,3179.14,3243.35,1392917,https://stooq.com/q/d/l/?s=7012.jp&i=d,2026-03-22T01:59:33+00:00
7012,7012.T,7012.jp,2018-04-23,3252.52,3284.65,3225.01,3275.47,1200438,https://stooq.com/q/d/l/?s=7012.jp&i=d,2026-03-22T01:59:33+00:00
7012,7012.T,7012.jp,2018-04-24,3298.40,3394.76,3298.40,3394.76,2182564,https://stooq.com/q/d/l/?s=7012.jp&i=d,2026-03-22T01:59:33+00:00
7012,7012.T,7012.jp,2018-04-25,3362.64,3362.64,3302.98,3339.71,1117278,https://stooq.com/q/d/l/?s=7012.jp&i=d,2026-03-22T01:59:33+00:00
7012,7012.T,7012.jp,2018-04-26,3362.64,3523.18,3261.70,3495.67,3991178,https://stooq.com/q/d/l/?s=7012.jp&i=d,2026-03-22T01:59:33+00:00
7012,7012.T,7012.jp,2018-04-27,3422.27,3426.84,3321.35,3367.23,2495588,https://stooq.com/q/d/l/?s=7012.jp&i=d,2026-03-22T01:59:33+00:00
7012,7012.T,7012.jp,2018-05-01,3307.58,3307.58,3247.94,3261.70,1651336,https://stooq.com/q/d/l/?s=7012.jp&i=d,2026-03-22T01:59:33+00:00
7012,7012.T,7012.jp,2018-05-02,3280.06,3284.65,3252.52,3252.52,1001308,https://stooq.com/q/d/l/?s=7012.jp&i=d,2026-03-22T01:59:33+00:00
7012,7012.T,7012.jp,2018-05-07,3261.70,3261.70,3183.73,3197.48,955860,https://stooq.com/q/d/l/?s=7012.jp&i=d,2026-03-22T01:59:33+00:00
7012,7012.T,7012.jp,2018-05-08,3257.12,3266.29,3197.48,3215.84,1165669,https://stooq.com/q/d/l/?s=7012.jp&i=d,2026-03-22T01:59:33+00:00
7012,7012.T,7012.jp,2018-05-09,3220.42,3234.18,3192.90,3229.59,1155205,https://stooq.com/q/d/l/?s=7012.jp&i=d,2026-03-22T01:59:33+00:00
7012,7012.T,7012.jp,2018-05-10,3206.66,3229.59,3188.31,3206.66,795095,https://stooq.com/q/d/l/?s=7012.jp&i=d,2026-03-22T01:59:33+00:00
7012,7012.T,7012.jp,2018-05-11,3211.25,3234.18,3183.73,3234.18,1034006,https://stooq.com/q/d/l/?s=7012.jp&i=d,2026-03-22T01:59:33+00:00
7012,7012.T,7012.jp,2018-05-14,3234.18,3252.52,3215.84,3252.52,933406,https://stooq.com/q/d/l/?s=7012.jp&i=d,2026-03-22T01:59:33+00:00
7012,7012.T,7012.jp,2018-05-15,3261.70,3280.06,3234.18,3234.18,925886,https://stooq.com/q/d/l/?s=7012.jp&i=d,2026-03-22T01:59:33+00:00
7012,7012.T,7012.jp,2018-05-16,3220.42,3220.42,3188.31,3192.90,927630,https://stooq.com/q/d/l/?s=7012.jp&i=d,2026-03-22T01:59:33+00:00
7012,7012.T,7012.jp,2018-05-17,3225.01,3229.59,3169.96,3202.07,1151282,https://stooq.com/q/d/l/?s=7012.jp&i=d,2026-03-22T01:59:33+00:00
7012,7012.T,7012.jp,2018-05-18,3215.84,3284.65,3197.48,3280.06,1176351,https://stooq.com/q/d/l/?s=7012.jp&i=d,2026-03-22T01:59:33+00:00
7012,7012.T,7012.jp,2018-05-21,3280.06,3344.29,3266.29,3339.71,1012754,https://stooq.com/q/d/l/?s=7012.jp&i=d,2026-03-22T01:59:33+00:00
7012,7012.T,7012.jp,2018-05-22,3362.64,3403.92,3339.71,3367.23,1083816,https://stooq.com/q/d/l/?s=7012.jp&i=d,2026-03-22T01:59:33+00:00
7012,7012.T,7012.jp,2018-05-23,3339.71,3399.33,3289.24,3330.53,2082182,https://stooq.com/q/d/l/?s=7012.jp&i=d,2026-03-22T01:59:33+00:00
7012,7012.T,7012.jp,2018-05-24,3293.82,3298.40,3160.78,3165.36,2060057,https://stooq.com/q/d/l/?s=7012.jp&i=d,2026-03-22T01:59:33+00:00
7012,7012.T,7012.jp,2018-05-25,3151.61,3156.19,3096.55,3137.84,1156950,https://stooq.com/q/d/l/?s=7012.jp&i=d,2026-03-22T01:59:33+00:00
7012,7012.T,7012.jp,2018-05-28,3147.02,3179.14,3133.26,3151.61,669864,https://stooq.com/q/d/l/?s=7012.jp&i=d,2026-03-22T01:59:33+00:00
7012,7012.T,7012.jp,2018-05-29,3137.84,3137.84,3069.04,3082.78,842180,https://stooq.com/q/d/l/?s=7012.jp&i=d,2026-03-22T01:59:33+00:00
7012,7012.T,7012.jp,2018-05-30,2995.64,3004.81,2949.76,2972.70,1765344,https://stooq.com/q/d/l/?s=7012.jp&i=d,2026-03-22T01:59:33+00:00
7012,7012.T,7012.jp,2018-05-31,3009.39,3036.92,2968.11,3032.32,1977659,https://stooq.com/q/d/l/?s=7012.jp&i=d,2026-03-22T01:59:33+00:00
7012,7012.T,7012.jp,2018-06-01,2995.64,3064.46,2995.64,3023.15,1076623,https://stooq.com/q/d/l/?s=7012.jp&i=d,2026-03-22T01:59:33+00:00
7012,7012.T,7012.jp,2018-06-04,3087.38,3142.44,3055.27,3133.26,1321528,https://stooq.com/q/d/l/?s=7012.jp&i=d,2026-03-22T01:59:33+00:00
7012,7012.T,7012.jp,2018-06-05,3160.78,3179.14,3133.26,3142.44,1083273,https://stooq.com/q/d/l/?s=7012.jp&i=d,2026-03-22T01:59:33+00:00
7012,7012.T,7012.jp,2018-06-06,3160.78,3179.14,3142.44,3156.19,745286,https://stooq.com/q/d/l/?s=7012.jp&i=d,2026-03-22T01:59:33+00:00
7012,7012.T,7012.jp,2018-06-07,3183.73,3211.25,3183.73,3197.48,865070,https://stooq.com/q/d/l/?s=7012.jp&i=d,2026-03-22T01:59:33+00:00
7012,7012.T,7012.jp,2018-06-08,3197.48,3211.25,3165.36,3192.90,971118,https://stooq.com/q/d/l/?s=7012.jp&i=d,2026-03-22T01:59:33+00:00
7012,7012.T,7012.jp,2018-06-11,3169.96,3188.31,3142.44,3174.55,600328,https://stooq.com/q/d/l/?s=7012.jp&i=d,2026-03-22T01:59:33+00:00
7012,7012.T,7012.jp,2018-06-12,3202.07,3202.07,3124.08,3137.84,941363,https://stooq.com/q/d/l/?s=7012.jp&i=d,2026-03-22T01:59:33+00:00
7012,7012.T,7012.jp,2018-06-13,3119.50,3160.78,3114.91,3147.02,658093,https://stooq.com/q/d/l/?s=7012.jp&i=d,2026-03-22T01:59:33+00:00
7012,7012.T,7012.jp,2018-06-14,3119.50,3156.19,3119.50,3124.08,803816,https://stooq.com/q/d/l/?s=7012.jp&i=d,2026-03-22T01:59:33+00:00
7012,7012.T,7012.jp,2018-06-15,3156.19,3160.78,3087.38,3133.26,1200001,https://stooq.com/q/d/l/?s=7012.jp&i=d,2026-03-22T01:59:33+00:00
7012,7012.T,7012.jp,2018-06-18,3142.44,3142.44,3064.46,3096.55,795423,https://stooq.com/q/d/l/?s=7012.jp&i=d,2026-03-22T01:59:33+00:00
7012,7012.T,7012.jp,2018-06-19,3059.87,3128.67,3041.50,3046.09,1141581,https://stooq.com/q/d/l/?s=7012.jp&i=d,2026-03-22T01:59:33+00:00
7012,7012.T,7012.jp,2018-06-20,3032.32,3059.87,2958.93,3050.69,1387685,https://stooq.com/q/d/l/?s=7012.jp&i=d,2026-03-22T01:59:33+00:00
7012,7012.T,7012.jp,2018-06-21,3018.56,3055.27,3000.22,3013.98,1000001,https://stooq.com/q/d/l/?s=7012.jp&i=d,2026-03-22T01:59:33+00:00
7012,7012.T,7012.jp,2018-06-22,2958.93,2981.88,2935.99,2972.70,1234771,https://stooq.com/q/d/l/?s=7012.jp&i=d,2026-03-22T01:59:33+00:00
7012,7012.T,7012.jp,2018-06-25,2972.70,3013.98,2954.36,2958.93,1132318,https://stooq.com/q/d/l/?s=7012.jp&i=d,2026-03-22T01:59:33+00:00
7012,7012.T,7012.jp,2018-06-26,2922.24,3009.39,2885.53,2986.47,1227794,https://stooq.com/q/d/l/?s=7012.jp&i=d,2026-03-22T01:59:33+00:00
7012,7012.T,7012.jp,2018-06-27,2981.88,2995.64,2922.24,2958.93,921963,https://stooq.com/q/d/l/?s=7012.jp&i=d,2026-03-22T01:59:33+00:00
7012,7012.T,7012.jp,2018-06-28,2931.42,2977.28,2931.42,2963.52,690791,https://stooq.com/q/d/l/?s=7012.jp&i=d,2026-03-22T01:59:33+00:00
7012,7012.T,7012.jp,2018-06-29,2981.88,3013.98,2954.36,2995.64,752698,https://stooq.com/q/d/l/?s=7012.jp&i=d,2026-03-22T01:59:33+00:00
7012,7012.T,7012.jp,2018-07-02,2995.64,3032.32,2935.99,2935.99,836622,https://stooq.com/q/d/l/?s=7012.jp&i=d,2026-03-22T01:59:33+00:00
7012,7012.T,7012.jp,2018-07-03,2935.99,2954.36,2890.13,2917.65,1054715,https://stooq.com/q/d/l/?s=7012.jp&i=d,2026-03-22T01:59:33+00:00
7012,7012.T,7012.jp,2018-07-04,2917.65,2949.76,2903.88,2931.42,892969,https://stooq.com/q/d/l/?s=7012.jp&i=d,2026-03-22T01:59:33+00:00
7012,7012.T,7012.jp,2018-07-05,2922.24,2940.59,2876.36,2890.13,951827,https://stooq.com/q/d/l/?s=7012.jp&i=d,2026-03-22T01:59:33+00:00
7012,7012.T,7012.jp,2018-07-06,2890.13,2913.06,2867.17,2890.13,1103871,https://stooq.com/q/d/l/?s=7012.jp&i=d,2026-03-22T01:59:33+00:00
7012,7012.T,7012.jp,2018-07-09,2894.70,2903.88,2867.17,2894.70,718692,https://stooq.com/q/d/l/?s=7012.jp&i=d,2026-03-22T01:59:33+00:00
7012,7012.T,7012.jp,2018-07-10,2945.18,2995.64,2940.59,2954.36,1213515,https://stooq.com/q/d/l/?s=7012.jp&i=d,2026-03-22T01:59:33+00:00
7012,7012.T,7012.jp,2018-07-11,2917.65,2954.36,2876.36,2926.83,837821,https://stooq.com/q/d/l/?s=7012.jp&i=d,2026-03-22T01:59:33+00:00
7012,7012.T,7012.jp,2018-07-12,2917.65,2926.83,2871.77,2913.06,931883,https://stooq.com/q/d/l/?s=7012.jp&i=d,2026-03-22T01:59:33+00:00
7012,7012.T,7012.jp,2018-07-13,2926.83,2963.52,2922.24,2945.18,817657,https://stooq.com/q/d/l/?s=7012.jp&i=d,2026-03-22T01:59:33+00:00
7012,7012.T,7012.jp,2018-07-17,2945.18,2977.28,2908.46,2949.76,794768,https://stooq.com/q/d/l/?s=7012.jp&i=d,2026-03-22T01:59:33+00:00
7012,7012.T,7012.jp,2018-07-18,2981.88,2986.47,2945.18,2963.52,512370,https://stooq.com/q/d/l/?s=7012.jp&i=d,2026-03-22T01:59:33+00:00
7012,7012.T,7012.jp,2018-07-19,2972.70,3041.50,2972.70,3013.98,879785,https://stooq.com/q/d/l/?s=7012.jp&i=d,2026-03-22T01:59:33+00:00
7012,7012.T,7012.jp,2018-07-20,2986.47,3009.39,2954.36,2986.47,1138312,https://stooq.com/q/d/l/?s=7012.jp&i=d,2026-03-22T01:59:33+00:00
7012,7012.T,7012.jp,2018-07-23,2963.52,2977.28,2940.59,2940.59,758911,https://stooq.com/q/d/l/?s=7012.jp&i=d,2026-03-22T01:59:33+00:00
7012,7012.T,7012.jp,2018-07-24,2963.52,3000.22,2958.93,2995.64,760546,https://stooq.com/q/d/l/?s=7012.jp&i=d,2026-03-22T01:59:33+00:00
7012,7012.T,7012.jp,2018-07-25,3013.98,3050.69,3004.81,3027.74,898966,https://stooq.com/q/d/l/?s=7012.jp&i=d,2026-03-22T01:59:33+00:00
7012,7012.T,7012.jp,2018-07-26,3091.96,3096.55,3046.09,3055.27,788011,https://stooq.com/q/d/l/?s=7012.jp&i=d,2026-03-22T01:59:33+00:00
7012,7012.T,7012.jp,2018-07-27,3073.62,3091.96,3055.27,3078.22,562289,https://stooq.com/q/d/l/?s=7012.jp&i=d,2026-03-22T01:59:33+00:00
7012,7012.T,7012.jp,2018-07-30,3091.96,3101.15,3055.27,3091.96,886433,https://stooq.com/q/d/l/?s=7012.jp&i=d,2026-03-22T01:59:33+00:00
7012,7012.T,7012.jp,2018-07-31,3096.55,3114.91,2977.28,3000.22,1943980,https://stooq.com/q/d/l/?s=7012.jp&i=d,2026-03-22T01:59:33+00:00
7012,7012.T,7012.jp,2018-08-01,2977.28,3009.39,2945.18,2968.11,1367305,https://stooq.com/q/d/l/?s=7012.jp&i=d,2026-03-22T01:59:33+00:00
7012,7012.T,7012.jp,2018-08-02,2940.59,2968.11,2894.70,2913.06,1516732,https://stooq.com/q/d/l/?s=7012.jp&i=d,2026-03-22T01:59:33+00:00
7012,7012.T,7012.jp,2018-08-03,2917.65,2935.99,2867.17,2890.13,973843,https://stooq.com/q/d/l/?s=7012.jp&i=d,2026-03-22T01:59:33+00:00
7012,7012.T,7012.jp,2018-08-06,2880.94,2880.94,2848.84,2858.01,845887,https://stooq.com/q/d/l/?s=7012.jp&i=d,2026-03-22T01:59:33+00:00
7012,7012.T,7012.jp,2018-08-07,2858.01,2899.30,2853.41,2894.70,656566,https://stooq.com/q/d/l/?s=7012.jp&i=d,2026-03-22T01:59:33+00:00
7012,7012.T,7012.jp,2018-08-08,2913.06,2968.11,2903.88,2926.83,974933,https://stooq.com/q/d/l/?s=7012.jp&i=d,2026-03-22T01:59:33+00:00
7012,7012.T,7012.jp,2018-08-09,2926.83,2940.59,2890.13,2917.65,600763,https://stooq.com/q/d/l/?s=7012.jp&i=d,2026-03-22T01:59:33+00:00
7012,7012.T,7012.jp,2018-08-10,2913.06,2935.99,2890.13,2913.06,876186,https://stooq.com/q/d/l/?s=7012.jp&i=d,2026-03-22T01:59:33+00:00
7012,7012.T,7012.jp,2018-08-13,2876.36,2880.94,2825.89,2835.08,1161853,https://stooq.com/q/d/l/?s=7012.jp&i=d,2026-03-22T01:59:33+00:00
7012,7012.T,7012.jp,2018-08-14,2839.66,2862.59,2825.89,2839.66,790627,https://stooq.com/q/d/l/?s=7012.jp&i=d,2026-03-22T01:59:33+00:00
7012,7012.T,7012.jp,2018-08-15,2853.41,2853.41,2780.03,2802.95,883707,https://stooq.com/q/d/l/?s=7012.jp&i=d,2026-03-22T01:59:33+00:00
7012,7012.T,7012.jp,2018-08-16,2766.27,2812.12,2750.66,2802.95,937438,https://stooq.com/q/d/l/?s=7012.jp&i=d,2026-03-22T01:59:33+00:00
7012,7012.T,7012.jp,2018-08-17,2830.48,2853.41,2812.12,2839.66,742671,https://stooq.com/q/d/l/?s=7012.jp&i=d,2026-03-22T01:59:33+00:00
7012,7012.T,7012.jp,2018-08-20,2830.48,2867.17,2830.48,2830.48,568502,https://stooq.com/q/d/l/?s=7012.jp&i=d,2026-03-22T01:59:33+00:00
7012,7012.T,7012.jp,2018-08-21,2821.31,2839.66,2802.95,2821.31,650465,https://stooq.com/q/d/l/?s=7012.jp&i=d,2026-03-22T01:59:33+00:00
7012,7012.T,7012.jp,2018-08-22,2830.48,2894.70,2825.89,2880.94,700165,https://stooq.com/q/d/l/?s=7012.jp&i=d,2026-03-22T01:59:33+00:00
7012,7012.T,7012.jp,2018-08-23,2862.59,2867.17,2830.48,2844.25,798474,https://stooq.com/q/d/l/?s=7012.jp&i=d,2026-03-22T01:59:33+00:00
7012,7012.T,7012.jp,2018-08-24,2839.66,2839.66,2757.08,2780.03,1345178,https://stooq.com/q/d/l/?s=7012.jp&i=d,2026-03-22T01:59:33+00:00
7012,7012.T,7012.jp,2018-08-27,2784.61,2821.31,2780.03,2802.95,797276,https://stooq.com/q/d/l/?s=7012.jp&i=d,2026-03-22T01:59:33+00:00
7012,7012.T,7012.jp,2018-08-28,2835.08,2871.77,2830.48,2830.48,871827,https://stooq.com/q/d/l/?s=7012.jp&i=d,2026-03-22T01:59:33+00:00
7012,7012.T,7012.jp,2018-08-29,2853.41,2858.01,2825.89,2839.66,870193,https://stooq.com/q/d/l/?s=7012.jp&i=d,2026-03-22T01:59:33+00:00
7012,7012.T,7012.jp,2018-08-30,2858.01,2862.59,2816.72,2821.31,871608,https://stooq.com/q/d/l/?s=7012.jp&i=d,2026-03-22T01:59:33+00:00
7012,7012.T,7012.jp,2018-08-31,2784.61,2812.12,2761.67,2789.20,1165451,https://stooq.com/q/d/l/?s=7012.jp&i=d,2026-03-22T01:59:33+00:00
7012,7012.T,7012.jp,2018-09-03,2793.78,2793.78,2736.89,2752.50,1416241,https://stooq.com/q/d/l/?s=7012.jp&i=d,2026-03-22T01:59:33+00:00
7012,7012.T,7012.jp,2018-09-04,2770.85,2784.61,2746.08,2757.08,549864,https://stooq.com/q/d/l/?s=7012.jp&i=d,2026-03-22T01:59:33+00:00
7012,7012.T,7012.jp,2018-09-05,2747.90,2761.67,2722.23,2751.58,1125887,https://stooq.com/q/d/l/?s=7012.jp&i=d,2026-03-22T01:59:33+00:00
7012,7012.T,7012.jp,2018-09-06,2738.73,2752.50,2719.46,2723.14,1013297,https://stooq.com/q/d/l/?s=7012.jp&i=d,2026-03-22T01:59:33+00:00
7012,7012.T,7012.jp,2018-09-07,2696.52,2714.89,2680.93,2704.78,1190847,https://stooq.com/q/d/l/?s=7012.jp&i=d,2026-03-22T01:59:33+00:00
7012,7012.T,7012.jp,2018-09-10,2691.93,2731.40,2686.44,2697.45,782344,https://stooq.com/q/d/l/?s=7012.jp&i=d,2026-03-22T01:59:33+00:00
7012,7012.T,7012.jp,2018-09-11,2695.61,2697.45,2674.51,2695.61,969265,https://stooq.com/q/d/l/?s=7012.jp&i=d,2026-03-22T01:59:33+00:00
7012,7012.T,7012.jp,2018-09-12,2702.04,2704.78,2651.56,2674.51,925559,https://stooq.com/q/d/l/?s=7012.jp&i=d,2026-03-22T01:59:33+00:00
7012,7012.T,7012.jp,2018-09-13,2681.84,2734.14,2673.60,2706.62,1096896,https://stooq.com/q/d/l/?s=7012.jp&i=d,2026-03-22T01:59:33+00:00
7012,7012.T,7012.jp,2018-09-14,2729.56,2770.85,2724.98,2757.08,1188013,https://stooq.com/q/d/l/?s=7012.jp&i=d,2026-03-22T01:59:33+00:00
7012,7012.T,7012.jp,2018-09-18,2761.67,2844.25,2761.67,2830.48,1346813,https://stooq.com/q/d/l/?s=7012.jp&i=d,2026-03-22T01:59:33+00:00
7012,7012.T,7012.jp,2018-09-19,2885.53,2931.42,2885.53,2903.88,1368613,https://stooq.com/q/d/l/?s=7012.jp&i=d,2026-03-22T01:59:33+00:00
7012,7012.T,7012.jp,2018-09-20,2935.99,2954.36,2917.65,2945.18,1099074,https://stooq.com/q/d/l/?s=7012.jp&i=d,2026-03-22T01:59:33+00:00
7012,7012.T,7012.jp,2018-09-21,2963.52,3009.39,2958.93,3004.81,1295152,https://stooq.com/q/d/l/?s=7012.jp&i=d,2026-03-22T01:59:33+00:00
7012,7012.T,7012.jp,2018-09-25,3004.81,3009.39,2958.93,3004.81,834770,https://stooq.com/q/d/l/?s=7012.jp&i=d,2026-03-22T01:59:33+00:00
7012,7012.T,7012.jp,2018-09-26,3009.44,3032.64,2990.89,3027.99,601674,https://stooq.com/q/d/l/?s=7012.jp&i=d,2026-03-22T01:59:33+00:00
7012,7012.T,7012.jp,2018-09-27,3023.36,3023.36,2930.62,2944.52,1591207,https://stooq.com/q/d/l/?s=7012.jp&i=d,2026-03-22T01:59:33+00:00
7012,7012.T,7012.jp,2018-09-28,2986.26,3000.18,2958.44,2972.34,1180815,https://stooq.com/q/d/l/?s=7012.jp&i=d,2026-03-22T01:59:33+00:00
7012,7012.T,7012.jp,2018-10-01,2963.08,3023.36,2958.44,2986.26,812693,https://stooq.com/q/d/l/?s=7012.jp&i=d,2026-03-22T01:59:33+00:00
7012,7012.T,7012.jp,2018-10-02,3009.44,3032.64,3000.18,3009.44,902728,https://stooq.com/q/d/l/?s=7012.jp&i=d,2026-03-22T01:59:33+00:00
7012,7012.T,7012.jp,2018-10-03,3000.18,3051.18,2995.54,3004.81,777216,https://stooq.com/q/d/l/?s=7012.jp&i=d,2026-03-22T01:59:33+00:00
7012,7012.T,7012.jp,2018-10-04,3055.82,3102.19,3041.91,3055.82,1584519,https://stooq.com/q/d/l/?s=7012.jp&i=d,2026-03-22T01:59:33+00:00
7012,7012.T,7012.jp,2018-10-05,3018.71,3083.63,3018.71,3023.36,1199469,https://stooq.com/q/d/l/?s=7012.jp&i=d,2026-03-22T01:59:33+00:00
7012,7012.T,7012.jp,2018-10-09,2967.70,3009.44,2958.44,3000.18,985217,https://stooq.com/q/d/l/?s=7012.jp&i=d,2026-03-22T01:59:33+00:00
7012,7012.T,7012.jp,2018-10-10,3032.64,3051.18,2995.54,2995.54,691603,https://stooq.com/q/d/l/?s=7012.jp&i=d,2026-03-22T01:59:33+00:00
7012,7012.T,7012.jp,2018-10-11,2907.43,2935.25,2879.60,2902.79,1351936,https://stooq.com/q/d/l/?s=7012.jp&i=d,2026-03-22T01:59:33+00:00
7012,7012.T,7012.jp,2018-10-12,2856.42,2898.16,2833.24,2893.53,1237748,https://stooq.com/q/d/l/?s=7012.jp&i=d,2026-03-22T01:59:33+00:00
7012,7012.T,7012.jp,2018-10-15,2861.05,2879.60,2833.24,2851.78,820133,https://stooq.com/q/d/l/?s=7012.jp&i=d,2026-03-22T01:59:33+00:00
7012,7012.T,7012.jp,2018-10-16,2851.78,2921.34,2842.51,2921.34,950172,https://stooq.com/q/d/l/?s=7012.jp&i=d,2026-03-22T01:59:33+00:00
7012,7012.T,7012.jp,2018-10-17,2967.70,3004.81,2939.90,2963.08,1062205,https://stooq.com/q/d/l/?s=7012.jp&i=d,2026-03-22T01:59:33+00:00
7012,7012.T,7012.jp,2018-10-18,2963.08,2967.70,2921.34,2930.62,681683,https://stooq.com/q/d/l/?s=7012.jp&i=d,2026-03-22T01:59:33+00:00
7012,7012.T,7012.jp,2018-10-19,2879.60,2907.43,2865.69,2898.16,782179,https://stooq.com/q/d/l/?s=7012.jp&i=d,2026-03-22T01:59:33+00:00
7012,7012.T,7012.jp,2018-10-22,2724.73,2726.60,2599.53,2629.20,5771772,https://stooq.com/q/d/l/?s=7012.jp&i=d,2026-03-22T01:59:33+00:00
7012,7012.T,7012.jp,2018-10-23,2629.20,2629.20,2578.20,2594.90,2258117,https://stooq.com/q/d/l/?s=7012.jp&i=d,2026-03-22T01:59:33+00:00
7012,7012.T,7012.jp,2018-10-24,2593.97,2594.90,2538.32,2546.67,1697632,https://stooq.com/q/d/l/?s=7012.jp&i=d,2026-03-22T01:59:33+00:00
7012,7012.T,7012.jp,2018-10-25,2461.35,2495.67,2447.43,2468.77,1883633,https://stooq.com/q/d/l/?s=7012.jp&i=d,2026-03-22T01:59:33+00:00
7012,7012.T,7012.jp,2018-10-26,2494.74,2520.70,2469.68,2491.03,1360238,https://stooq.com/q/d/l/?s=7012.jp&i=d,2026-03-22T01:59:33+00:00
7012,7012.T,7012.jp,2018-10-29,2478.03,2502.16,2459.49,2465.07,1128195,https://stooq.com/q/d/l/?s=7012.jp&i=d,2026-03-22T01:59:33+00:00
7012,7012.T,7012.jp,2018-10-30,2429.81,2497.52,2427.03,2466.00,1396686,https://stooq.com/q/d/l/?s=7012.jp&i=d,2026-03-22T01:59:33+00:00
7012,7012.T,7012.jp,2018-10-31,2373.25,2484.54,2347.27,2484.54,2454792,https://stooq.com/q/d/l/?s=7012.jp&i=d,2026-03-22T01:59:33+00:00
7012,7012.T,7012.jp,2018-11-01,2478.03,2519.78,2467.83,2476.17,1607164,https://stooq.com/q/d/l/?s=7012.jp&i=d,2026-03-22T01:59:33+00:00
7012,7012.T,7012.jp,2018-11-02,2465.07,2556.87,2460.42,2523.48,1558750,https://stooq.com/q/d/l/?s=7012.jp&i=d,2026-03-22T01:59:33+00:00
7012,7012.T,7012.jp,2018-11-05,2494.74,2534.61,2471.54,2511.42,833611,https://stooq.com/q/d/l/?s=7012.jp&i=d,2026-03-22T01:59:33+00:00
7012,7012.T,7012.jp,2018-11-06,2515.14,2552.22,2513.28,2527.19,593050,https://stooq.com/q/d/l/?s=7012.jp&i=d,2026-03-22T01:59:33+00:00
7012,7012.T,7012.jp,2018-11-07,2504.01,2563.36,2466.90,2479.89,1190194,https://stooq.com/q/d/l/?s=7012.jp&i=d,2026-03-22T01:59:33+00:00
7012,7012.T,7012.jp,2018-11-08,2529.98,2554.08,2514.20,2522.55,930009,https://stooq.com/q/d/l/?s=7012.jp&i=d,2026-03-22T01:59:33+00:00
7012,7012.T,7012.jp,2018-11-09,2532.76,2549.44,2514.20,2521.64,877499,https://stooq.com/q/d/l/?s=7012.jp&i=d,2026-03-22T01:59:33+00:00
7012,7012.T,7012.jp,2018-11-12,2500.30,2513.28,2473.40,2510.50,817114,https://stooq.com/q/d/l/?s=7012.jp&i=d,2026-03-22T01:59:33+00:00
7012,7012.T,7012.jp,2018-11-13,2457.64,2476.17,2418.69,2464.14,1258234,https://stooq.com/q/d/l/?s=7012.jp&i=d,2026-03-22T01:59:33+00:00
7012,7012.T,7012.jp,2018-11-14,2478.96,2503.08,2461.35,2477.10,709934,https://stooq.com/q/d/l/?s=7012.jp&i=d,2026-03-22T01:59:33+00:00
7012,7012.T,7012.jp,2018-11-15,2459.49,2480.82,2440.93,2461.35,722873,https://stooq.com/q/d/l/?s=7012.jp&i=d,2026-03-22T01:59:33+00:00
7012,7012.T,7012.jp,2018-11-16,2461.35,2478.96,2401.98,2427.03,1461058,https://stooq.com/q/d/l/?s=7012.jp&i=d,2026-03-22T01:59:33+00:00
7012,7012.T,7012.jp,2018-11-19,2425.18,2455.79,2417.76,2435.38,652247,https://stooq.com/q/d/l/?s=7012.jp&i=d,2026-03-22T01:59:33+00:00
7012,7012.T,7012.jp,2018-11-20,2401.98,2453.00,2397.36,2431.67,661843,https://stooq.com/q/d/l/?s=7012.jp&i=d,2026-03-22T01:59:33+00:00
7012,7012.T,7012.jp,2018-11-21,2388.08,2431.67,2376.02,2426.12,743038,https://stooq.com/q/d/l/?s=7012.jp&i=d,2026-03-22T01:59:33+00:00
7012,7012.T,7012.jp,2018-11-22,2439.08,2445.58,2414.04,2431.67,609977,https://stooq.com/q/d/l/?s=7012.jp&i=d,2026-03-22T01:59:33+00:00
7012,7012.T,7012.jp,2018-11-26,2438.15,2455.79,2421.47,2452.07,670254,https://stooq.com/q/d/l/?s=7012.jp&i=d,2026-03-22T01:59:33+00:00
7012,7012.T,7012.jp,2018-11-27,2485.46,2492.88,2453.93,2466.00,859059,https://stooq.com/q/d/l/?s=7012.jp&i=d,2026-03-22T01:59:33+00:00
7012,7012.T,7012.jp,2018-11-28,2466.90,2468.77,2429.81,2447.43,1303415,https://stooq.com/q/d/l/?s=7012.jp&i=d,2026-03-22T01:59:33+00:00
7012,7012.T,7012.jp,2018-11-29,2440.01,2468.77,2427.03,2448.36,854314,https://stooq.com/q/d/l/?s=7012.jp&i=d,2026-03-22T01:59:33+00:00
7012,7012.T,7012.jp,2018-11-30,2461.35,2474.33,2449.29,2451.15,1105766,https://stooq.com/q/d/l/?s=7012.jp&i=d,2026-03-22T01:59:33+00:00
7012,7012.T,7012.jp,2018-12-03,2480.82,2526.27,2466.90,2504.92,1066734,https://stooq.com/q/d/l/?s=7012.jp&i=d,2026-03-22T01:59:33+00:00
7012,7012.T,7012.jp,2018-12-04,2516.99,2524.41,2452.07,2469.68,1293495,https://stooq.com/q/d/l/?s=7012.jp&i=d,2026-03-22T01:59:33+00:00
7012,7012.T,7012.jp,2018-12-05,2440.01,2453.00,2405.70,2441.87,1200979,https://stooq.com/q/d/l/?s=7012.jp&i=d,2026-03-22T01:59:33+00:00
7012,7012.T,7012.jp,2018-12-06,2426.12,2429.81,2369.53,2407.55,1307943,https://stooq.com/q/d/l/?s=7012.jp&i=d,2026-03-22T01:59:33+00:00
7012,7012.T,7012.jp,2018-12-07,2423.32,2433.51,2364.88,2384.37,925803,https://stooq.com/q/d/l/?s=7012.jp&i=d,2026-03-22T01:59:33+00:00
7012,7012.T,7012.jp,2018-12-10,2343.57,2349.13,2300.90,2344.50,1165935,https://stooq.com/q/d/l/?s=7012.jp&i=d,2026-03-22T01:59:33+00:00
7012,7012.T,7012.jp,2018-12-11,2345.42,2351.91,2281.42,2312.03,1190519,https://stooq.com/q/d/l/?s=7012.jp&i=d,2026-03-22T01:59:33+00:00
7012,7012.T,7012.jp,2018-12-12,2309.24,2353.78,2283.29,2316.68,1562846,https://stooq.com/q/d/l/?s=7012.jp&i=d,2026-03-22T01:59:33+00:00
7012,7012.T,7012.jp,2018-12-13,2342.63,2398.28,2332.43,2381.59,1286918,https://stooq.com/q/d/l/?s=7012.jp&i=d,2026-03-22T01:59:33+00:00
7012,7012.T,7012.jp,2018-12-14,2367.66,2375.09,2320.38,2342.63,1089053,https://stooq.com/q/d/l/?s=7012.jp&i=d,2026-03-22T01:59:33+00:00
7012,7012.T,7012.jp,2018-12-17,2342.63,2373.25,2308.32,2317.60,939391,https://stooq.com/q/d/l/?s=7012.jp&i=d,2026-03-22T01:59:33+00:00
7012,7012.T,7012.jp,2018-12-18,2290.71,2346.35,2277.73,2337.07,1123020,https://stooq.com/q/d/l/?s=7012.jp&i=d,2026-03-22T01:59:33+00:00
7012,7012.T,7012.jp,2018-12-19,2325.96,2332.43,2278.65,2323.17,793608,https://stooq.com/q/d/l/?s=7012.jp&i=d,2026-03-22T01:59:33+00:00
7012,7012.T,7012.jp,2018-12-20,2298.11,2304.60,2238.76,2246.19,1137577,https://stooq.com/q/d/l/?s=7012.jp&i=d,2026-03-22T01:59:33+00:00
7012,7012.T,7012.jp,2018-12-21,2224.85,2226.71,2142.32,2166.43,1725773,https://stooq.com/q/d/l/?s=7012.jp&i=d,2026-03-22T01:59:33+00:00
7012,7012.T,7012.jp,2018-12-25,2086.66,2095.94,2042.17,2048.65,1835219,https://stooq.com/q/d/l/?s=7012.jp&i=d,2026-03-22T01:59:33+00:00
7012,7012.T,7012.jp,2018-12-26,2052.36,2098.73,2038.44,2071.84,1120001,https://stooq.com/q/d/l/?s=7012.jp&i=d,2026-03-22T01:59:33+00:00
7012,7012.T,7012.jp,2018-12-27,2163.64,2179.41,2140.45,2169.20,1320990,https://stooq.com/q/d/l/?s=7012.jp&i=d,2026-03-22T01:59:33+00:00
7012,7012.T,7012.jp,2018-12-28,2152.52,2209.08,2151.59,2181.27,872968,https://stooq.com/q/d/l/?s=7012.jp&i=d,2026-03-22T01:59:33+00:00
7012,7012.T,7012.jp,2019-01-04,2093.17,2126.55,2059.78,2120.05,1116873,https://stooq.com/q/d/l/?s=7012.jp&i=d,2026-03-22T01:59:33+00:00
7012,7012.T,7012.jp,2019-01-07,2197.03,2247.11,2167.36,2223.94,1261469,https://stooq.com/q/d/l/?s=7012.jp&i=d,2026-03-22T01:59:33+00:00
7012,7012.T,7012.jp,2019-01-08,2241.56,2288.86,2233.21,2255.47,966671,https://stooq.com/q/d/l/?s=7012.jp&i=d,2026-03-22T01:59:33+00:00
7012,7012.T,7012.jp,2019-01-09,2268.44,2313.89,2262.87,2288.86,883751,https://stooq.com/q/d/l/?s=7012.jp&i=d,2026-03-22T01:59:33+00:00
7012,7012.T,7012.jp,2019-01-10,2275.86,2307.40,2258.24,2285.14,827465,https://stooq.com/q/d/l/?s=7012.jp&i=d,2026-03-22T01:59:33+00:00
7012,7012.T,7012.jp,2019-01-11,2315.74,2343.57,2300.90,2337.99,1134880,https://stooq.com/q/d/l/?s=7012.jp&i=d,2026-03-22T01:59:33+00:00
7012,7012.T,7012.jp,2019-01-15,2307.40,2378.81,2307.40,2376.95,1344174,https://stooq.com/q/d/l/?s=7012.jp&i=d,2026-03-22T01:59:33+00:00
7012,7012.T,7012.jp,2019-01-16,2378.81,2385.30,2328.73,2354.70,947908,https://stooq.com/q/d/l/?s=7012.jp&i=d,2026-03-22T01:59:33+00:00
7012,7012.T,7012.jp,2019-01-17,2394.58,2409.41,2344.50,2348.20,741527,https://stooq.com/q/d/l/?s=7012.jp&i=d,2026-03-22T01:59:33+00:00
7012,7012.T,7012.jp,2019-01-18,2367.66,2424.26,2364.88,2406.63,956210,https://stooq.com/q/d/l/?s=7012.jp&i=d,2026-03-22T01:59:33+00:00
7012,7012.T,7012.jp,2019-01-21,2449.29,2475.26,2434.44,2439.08,794148,https://stooq.com/q/d/l/?s=7012.jp&i=d,2026-03-22T01:59:33+00:00
7012,7012.T,7012.jp,2019-01-22,2435.38,2453.93,2414.04,2417.76,624751,https://stooq.com/q/d/l/?s=7012.jp&i=d,2026-03-22T01:59:33+00:00
7012,7012.T,7012.jp,2019-01-23,2389.02,2424.26,2381.59,2403.84,791884,https://stooq.com/q/d/l/?s=7012.jp&i=d,2026-03-22T01:59:33+00:00
7012,7012.T,7012.jp,2019-01-24,2393.64,2428.91,2379.74,2419.63,648581,https://stooq.com/q/d/l/?s=7012.jp&i=d,2026-03-22T01:59:33+00:00
7012,7012.T,7012.jp,2019-01-25,2432.60,2474.33,2428.91,2461.35,1010017,https://stooq.com/q/d/l/?s=7012.jp&i=d,2026-03-22T01:59:33+00:00
7012,7012.T,7012.jp,2019-01-28,2471.54,2489.16,2450.21,2453.93,670900,https://stooq.com/q/d/l/?s=7012.jp&i=d,2026-03-22T01:59:33+00:00
7012,7012.T,7012.jp,2019-01-29,2452.07,2466.00,2417.76,2461.35,1222759,https://stooq.com/q/d/l/?s=7012.jp&i=d,2026-03-22T01:59:33+00:00
7012,7012.T,7012.jp,2019-01-30,2496.59,2522.55,2465.07,2474.33,1302983,https://stooq.com/q/d/l/?s=7012.jp&i=d,2026-03-22T01:59:33+00:00
7012,7012.T,7012.jp,2019-01-31,2515.14,2600.46,2485.46,2536.46,2135194,https://stooq.com/q/d/l/?s=7012.jp&i=d,2026-03-22T01:59:33+00:00
7012,7012.T,7012.jp,2019-02-01,2498.45,2520.70,2449.29,2464.14,1378570,https://stooq.com/q/d/l/?s=7012.jp&i=d,2026-03-22T01:59:33+00:00
7012,7012.T,7012.jp,2019-02-04,2486.38,2554.08,2480.82,2537.40,1014329,https://stooq.com/q/d/l/?s=7012.jp&i=d,2026-03-22T01:59:33+00:00
7012,7012.T,7012.jp,2019-02-05,2562.44,2599.53,2551.31,2581.90,1250039,https://stooq.com/q/d/l/?s=7012.jp&i=d,2026-03-22T01:59:33+00:00
7012,7012.T,7012.jp,2019-02-06,2600.46,2627.35,2583.76,2606.03,969150,https://stooq.com/q/d/l/?s=7012.jp&i=d,2026-03-22T01:59:33+00:00
7012,7012.T,7012.jp,2019-02-07,2586.55,2628.28,2586.55,2622.71,1230201,https://stooq.com/q/d/l/?s=7012.jp&i=d,2026-03-22T01:59:33+00:00
7012,7012.T,7012.jp,2019-02-08,2561.51,2562.44,2485.46,2504.01,1673155,https://stooq.com/q/d/l/?s=7012.jp&i=d,2026-03-22T01:59:33+00:00
7012,7012.T,7012.jp,2019-02-12,2523.48,2569.85,2495.67,2551.31,1435503,https://stooq.com/q/d/l/?s=7012.jp&i=d,2026-03-22T01:59:33+00:00
7012,7012.T,7012.jp,2019-02-13,2583.76,2620.86,2574.49,2600.46,1013683,https://stooq.com/q/d/l/?s=7012.jp&i=d,2026-03-22T01:59:33+00:00
7012,7012.T,7012.jp,2019-02-14,2593.97,2627.35,2583.76,2604.17,932058,https://stooq.com/q/d/l/?s=7012.jp&i=d,2026-03-22T01:59:33+00:00
7012,7012.T,7012.jp,2019-02-15,2606.94,2613.44,2575.42,2594.90,752957,https://stooq.com/q/d/l/?s=7012.jp&i=d,2026-03-22T01:59:33+00:00
7012,7012.T,7012.jp,2019-02-18,2647.74,2657.96,2633.85,2647.74,675753,https://stooq.com/q/d/l/?s=7012.jp&i=d,2026-03-22T01:59:33+00:00
7012,7012.T,7012.jp,2019-02-19,2651.46,2655.17,2625.49,2628.28,678771,https://stooq.com/q/d/l/?s=7012.jp&i=d,2026-03-22T01:59:33+00:00
7012,7012.T,7012.jp,2019-02-20,2644.05,2665.37,2639.41,2645.90,780993,https://stooq.com/q/d/l/?s=7012.jp&i=d,2026-03-22T01:59:33+00:00
7012,7012.T,7012.jp,2019-02-21,2641.26,2651.46,2613.44,2644.05,835876,https://stooq.com/q/d/l/?s=7012.jp&i=d,2026-03-22T01:59:33+00:00
7012,7012.T,7012.jp,2019-02-22,2628.28,2647.74,2620.86,2647.74,588412,https://stooq.com/q/d/l/?s=7012.jp&i=d,2026-03-22T01:59:33+00:00
7012,7012.T,7012.jp,2019-02-25,2670.94,2676.51,2657.03,2672.79,700661,https://stooq.com/q/d/l/?s=7012.jp&i=d,2026-03-22T01:59:33+00:00
7012,7012.T,7012.jp,2019-02-26,2678.36,2686.71,2670.94,2681.15,785844,https://stooq.com/q/d/l/?s=7012.jp&i=d,2026-03-22T01:59:33+00:00
7012,7012.T,7012.jp,2019-02-27,2681.15,2701.55,2681.15,2695.98,1069860,https://stooq.com/q/d/l/?s=7012.jp&i=d,2026-03-22T01:59:33+00:00
7012,7012.T,7012.jp,2019-02-28,2682.07,2691.34,2652.39,2652.39,989422,https://stooq.com/q/d/l/?s=7012.jp&i=d,2026-03-22T01:59:33+00:00
7012,7012.T,7012.jp,2019-03-01,2644.96,2663.52,2615.30,2657.03,839972,https://stooq.com/q/d/l/?s=7012.jp&i=d,2026-03-22T01:59:33+00:00
7012,7012.T,7012.jp,2019-03-04,2676.51,2721.01,2672.79,2717.32,852804,https://stooq.com/q/d/l/?s=7012.jp&i=d,2026-03-22T01:59:33+00:00
7012,7012.T,7012.jp,2019-03-05,2687.63,2687.63,2623.65,2643.12,1053471,https://stooq.com/q/d/l/?s=7012.jp&i=d,2026-03-22T01:59:33+00:00
7012,7012.T,7012.jp,2019-03-06,2623.65,2644.96,2611.58,2638.47,583022,https://stooq.com/q/d/l/?s=7012.jp&i=d,2026-03-22T01:59:33+00:00
7012,7012.T,7012.jp,2019-03-07,2603.24,2613.44,2548.53,2549.44,1226534,https://stooq.com/q/d/l/?s=7012.jp&i=d,2026-03-22T01:59:33+00:00
7012,7012.T,7012.jp,2019-03-08,2512.35,2529.98,2453.00,2465.07,1460411,https://stooq.com/q/d/l/?s=7012.jp&i=d,2026-03-22T01:59:33+00:00
7012,7012.T,7012.jp,2019-03-11,2476.17,2497.52,2460.42,2487.31,690309,https://stooq.com/q/d/l/?s=7012.jp&i=d,2026-03-22T01:59:33+00:00
7012,7012.T,7012.jp,2019-03-12,2518.84,2557.81,2497.52,2536.46,1298670,https://stooq.com/q/d/l/?s=7012.jp&i=d,2026-03-22T01:59:33+00:00
7012,7012.T,7012.jp,2019-03-13,2515.14,2529.05,2475.26,2481.75,792529,https://stooq.com/q/d/l/?s=7012.jp&i=d,2026-03-22T01:59:33+00:00
7012,7012.T,7012.jp,2019-03-14,2521.64,2535.54,2472.47,2472.47,801154,https://stooq.com/q/d/l/?s=7012.jp&i=d,2026-03-22T01:59:33+00:00
7012,7012.T,7012.jp,2019-03-15,2496.59,2524.41,2491.03,2505.85,927746,https://stooq.com/q/d/l/?s=7012.jp&i=d,2026-03-22T01:59:33+00:00
7012,7012.T,7012.jp,2019-03-18,2517.92,2527.19,2488.24,2494.74,707562,https://stooq.com/q/d/l/?s=7012.jp&i=d,2026-03-22T01:59:33+00:00
7012,7012.T,7012.jp,2019-03-19,2505.85,2516.05,2491.96,2509.56,593157,https://stooq.com/q/d/l/?s=7012.jp&i=d,2026-03-22T01:59:33+00:00
7012,7012.T,7012.jp,2019-03-20,2504.01,2528.13,2504.01,2522.55,545498,https://stooq.com/q/d/l/?s=7012.jp&i=d,2026-03-22T01:59:33+00:00
7012,7012.T,7012.jp,2019-03-22,2527.19,2547.59,2521.64,2542.02,614399,https://stooq.com/q/d/l/?s=7012.jp&i=d,2026-03-22T01:59:33+00:00
7012,7012.T,7012.jp,2019-03-25,2495.67,2496.59,2427.03,2459.49,1024034,https://stooq.com/q/d/l/?s=7012.jp&i=d,2026-03-22T01:59:33+00:00
7012,7012.T,7012.jp,2019-03-26,2505.85,2536.46,2484.54,2533.68,977777,https://stooq.com/q/d/l/?s=7012.jp&i=d,2026-03-22T01:59:33+00:00
7012,7012.T,7012.jp,2019-03-27,2570.33,2582.52,2538.37,2571.27,910643,https://stooq.com/q/d/l/?s=7012.jp&i=d,2026-03-22T01:59:33+00:00
7012,7012.T,7012.jp,2019-03-28,2524.29,2530.88,2478.26,2520.52,1123108,https://stooq.com/q/d/l/?s=7012.jp&i=d,2026-03-22T01:59:33+00:00
7012,7012.T,7012.jp,2019-03-29,2603.21,2603.21,2525.22,2564.68,1009637,https://stooq.com/q/d/l/?s=7012.jp&i=d,2026-03-22T01:59:33+00:00
7012,7012.T,7012.jp,2019-04-01,2609.77,2661.45,2600.38,2629.50,1157917,https://stooq.com/q/d/l/?s=7012.jp&i=d,2026-03-22T01:59:33+00:00
7012,7012.T,7012.jp,2019-04-02,2670.85,2683.05,2652.99,2658.63,648043,https://stooq.com/q/d/l/?s=7012.jp&i=d,2026-03-22T01:59:33+00:00
7012,7012.T,7012.jp,2019-04-03,2649.23,2701.84,2631.38,2698.08,1040401,https://stooq.com/q/d/l/?s=7012.jp&i=d,2026-03-22T01:59:33+00:00
7012,7012.T,7012.jp,2019-04-04,2704.67,2705.60,2668.97,2674.59,871258,https://stooq.com/q/d/l/?s=7012.jp&i=d,2026-03-22T01:59:33+00:00
7012,7012.T,7012.jp,2019-04-05,2659.57,2685.87,2653.93,2667.08,1098733,https://stooq.com/q/d/l/?s=7012.jp&i=d,2026-03-22T01:59:33+00:00
7012,7012.T,7012.jp,2019-04-08,2677.42,2683.99,2607.90,2612.60,882861,https://stooq.com/q/d/l/?s=7012.jp&i=d,2026-03-22T01:59:33+00:00
7012,7012.T,7012.jp,2019-04-09,2590.98,2614.48,2584.41,2612.60,745971,https://stooq.com/q/d/l/?s=7012.jp&i=d,2026-03-22T01:59:33+00:00
7012,7012.T,7012.jp,2019-04-10,2559.98,2577.84,2550.60,2562.80,950880,https://stooq.com/q/d/l/?s=7012.jp&i=d,2026-03-22T01:59:33+00:00
7012,7012.T,7012.jp,2019-04-11,2543.07,2557.17,2527.10,2546.84,755657,https://stooq.com/q/d/l/?s=7012.jp&i=d,2026-03-22T01:59:33+00:00
7012,7012.T,7012.jp,2019-04-12,2554.36,2569.38,2531.81,2544.02,562352,https://stooq.com/q/d/l/?s=7012.jp&i=d,2026-03-22T01:59:33+00:00
7012,7012.T,7012.jp,2019-04-15,2590.98,2612.60,2578.78,2607.90,1094581,https://stooq.com/q/d/l/?s=7012.jp&i=d,2026-03-22T01:59:33+00:00
7012,7012.T,7012.jp,2019-04-16,2575.02,2594.75,2559.98,2573.15,727450,https://stooq.com/q/d/l/?s=7012.jp&i=d,2026-03-22T01:59:33+00:00
7012,7012.T,7012.jp,2019-04-17,2592.87,2613.54,2583.47,2596.63,1030075,https://stooq.com/q/d/l/?s=7012.jp&i=d,2026-03-22T01:59:33+00:00
7012,7012.T,7012.jp,2019-04-18,2594.75,2601.33,2543.07,2547.78,834641,https://stooq.com/q/d/l/?s=7012.jp&i=d,2026-03-22T01:59:33+00:00
7012,7012.T,7012.jp,2019-04-19,2564.68,2572.21,2536.50,2549.65,760767,https://stooq.com/q/d/l/?s=7012.jp&i=d,2026-03-22T01:59:33+00:00
7012,7012.T,7012.jp,2019-04-22,2535.57,2539.32,2509.26,2525.22,706907,https://stooq.com/q/d/l/?s=7012.jp&i=d,2026-03-22T01:59:33+00:00
7012,7012.T,7012.jp,2019-04-23,2536.50,2551.53,2518.65,2540.25,645060,https://stooq.com/q/d/l/?s=7012.jp&i=d,2026-03-22T01:59:33+00:00
7012,7012.T,7012.jp,2019-04-24,2544.02,2558.09,2504.57,2506.45,874665,https://stooq.com/q/d/l/?s=7012.jp&i=d,2026-03-22T01:59:33+00:00
7012,7012.T,7012.jp,2019-04-25,2531.81,2536.50,2474.49,2496.10,1423393,https://stooq.com/q/d/l/?s=7012.jp&i=d,2026-03-22T01:59:33+00:00
7012,7012.T,7012.jp,2019-04-26,2364.58,2436.92,2348.62,2429.40,2348726,https://stooq.com/q/d/l/?s=7012.jp&i=d,2026-03-22T01:59:33+00:00
7012,7012.T,7012.jp,2019-05-07,2466.97,2482.03,2435.98,2436.92,1548999,https://stooq.com/q/d/l/?s=7012.jp&i=d,2026-03-22T01:59:33+00:00
7012,7012.T,7012.jp,2019-05-08,2399.34,2447.25,2395.58,2415.32,1314499,https://stooq.com/q/d/l/?s=7012.jp&i=d,2026-03-22T01:59:33+00:00
7012,7012.T,7012.jp,2019-05-09,2382.43,2384.31,2325.13,2329.82,1525154,https://stooq.com/q/d/l/?s=7012.jp&i=d,2026-03-22T01:59:33+00:00
7012,7012.T,7012.jp,2019-05-10,2341.10,2395.58,2318.55,2331.70,1283418,https://stooq.com/q/d/l/?s=7012.jp&i=d,2026-03-22T01:59:33+00:00
7012,7012.T,7012.jp,2019-05-13,2303.52,2309.15,2280.97,2286.61,1034758,https://stooq.com/q/d/l/?s=7012.jp&i=d,2026-03-22T01:59:33+00:00
7012,7012.T,7012.jp,2019-05-14,2207.70,2274.40,2200.18,2269.69,793552,https://stooq.com/q/d/l/?s=7012.jp&i=d,2026-03-22T01:59:33+00:00
7012,7012.T,7012.jp,2019-05-15,2292.25,2311.03,2274.40,2310.09,985261,https://stooq.com/q/d/l/?s=7012.jp&i=d,2026-03-22T01:59:33+00:00
7012,7012.T,7012.jp,2019-05-16,2292.25,2292.25,2248.10,2282.85,689130,https://stooq.com/q/d/l/?s=7012.jp&i=d,2026-03-22T01:59:33+00:00
7012,7012.T,7012.jp,2019-05-17,2311.97,2324.19,2287.54,2309.15,680188,https://stooq.com/q/d/l/?s=7012.jp&i=d,2026-03-22T01:59:33+00:00
7012,7012.T,7012.jp,2019-05-20,2324.19,2341.10,2296.00,2319.50,625050,https://stooq.com/q/d/l/?s=7012.jp&i=d,2026-03-22T01:59:33+00:00
7012,7012.T,7012.jp,2019-05-21,2287.54,2343.92,2270.64,2342.04,1082767,https://stooq.com/q/d/l/?s=7012.jp&i=d,2026-03-22T01:59:33+00:00
7012,7012.T,7012.jp,2019-05-22,2378.67,2386.19,2340.15,2351.42,874771,https://stooq.com/q/d/l/?s=7012.jp&i=d,2026-03-22T01:59:33+00:00
7012,7012.T,7012.jp,2019-05-23,2336.40,2338.28,2302.58,2314.80,808987,https://stooq.com/q/d/l/?s=7012.jp&i=d,2026-03-22T01:59:33+00:00
7012,7012.T,7012.jp,2019-05-24,2289.42,2322.31,2275.35,2322.31,856356,https://stooq.com/q/d/l/?s=7012.jp&i=d,2026-03-22T01:59:33+00:00
7012,7012.T,7012.jp,2019-05-27,2326.06,2343.92,2311.03,2325.13,597053,https://stooq.com/q/d/l/?s=7012.jp&i=d,2026-03-22T01:59:33+00:00
7012,7012.T,7012.jp,2019-05-28,2335.46,2339.23,2317.61,2338.28,787166,https://stooq.com/q/d/l/?s=7012.jp&i=d,2026-03-22T01:59:33+00:00
7012,7012.T,7012.jp,2019-05-29,2300.71,2320.43,2273.45,2313.85,870513,https://stooq.com/q/d/l/?s=7012.jp&i=d,2026-03-22T01:59:33+00:00
7012,7012.T,7012.jp,2019-05-30,2292.25,2341.10,2290.37,2340.15,659644,https://stooq.com/q/d/l/?s=7012.jp&i=d,2026-03-22T01:59:33+00:00
7012,7012.T,7012.jp,2019-05-31,2308.22,2312.92,2279.10,2285.67,1029011,https://stooq.com/q/d/l/?s=7012.jp&i=d,2026-03-22T01:59:33+00:00
7012,7012.T,7012.jp,2019-06-03,2235.87,2240.57,2210.51,2219.91,1032098,https://stooq.com/q/d/l/?s=7012.jp&i=d,2026-03-22T01:59:33+00:00
7012,7012.T,7012.jp,2019-06-04,2227.42,2284.72,2217.09,2281.92,1076059,https://stooq.com/q/d/l/?s=7012.jp&i=d,2026-03-22T01:59:33+00:00
7012,7012.T,7012.jp,2019-06-05,2311.97,2361.76,2301.65,2340.15,1132263,https://stooq.com/q/d/l/?s=7012.jp&i=d,2026-03-22T01:59:33+00:00
7012,7012.T,7012.jp,2019-06-06,2306.34,2318.55,2265.95,2265.95,1083937,https://stooq.com/q/d/l/?s=7012.jp&i=d,2026-03-22T01:59:33+00:00
7012,7012.T,7012.jp,2019-06-07,2273.45,2309.15,2266.88,2295.07,606954,https://stooq.com/q/d/l/?s=7012.jp&i=d,2026-03-22T01:59:33+00:00
7012,7012.T,7012.jp,2019-06-10,2319.50,2326.06,2297.88,2310.09,743843,https://stooq.com/q/d/l/?s=7012.jp&i=d,2026-03-22T01:59:33+00:00
7012,7012.T,7012.jp,2019-06-11,2322.31,2366.47,2311.97,2358.94,740330,https://stooq.com/q/d/l/?s=7012.jp&i=d,2026-03-22T01:59:33+00:00
7012,7012.T,7012.jp,2019-06-12,2319.50,2355.19,2294.12,2336.40,1095114,https://stooq.com/q/d/l/?s=7012.jp&i=d,2026-03-22T01:59:33+00:00
7012,7012.T,7012.jp,2019-06-13,2311.97,2322.31,2283.80,2306.34,759490,https://stooq.com/q/d/l/?s=7012.jp&i=d,2026-03-22T01:59:33+00:00
7012,7012.T,7012.jp,2019-06-14,2273.45,2348.62,2273.45,2326.06,1360377,https://stooq.com/q/d/l/?s=7012.jp&i=d,2026-03-22T01:59:33+00:00
7012,7012.T,7012.jp,2019-06-17,2305.39,2342.97,2297.88,2334.52,877113,https://stooq.com/q/d/l/?s=7012.jp&i=d,2026-03-22T01:59:33+00:00
7012,7012.T,7012.jp,2019-06-18,2338.28,2354.25,2303.52,2311.97,704777,https://stooq.com/q/d/l/?s=7012.jp&i=d,2026-03-22T01:59:33+00:00
7012,7012.T,7012.jp,2019-06-19,2358.94,2392.77,2355.19,2382.43,965145,https://stooq.com/q/d/l/?s=7012.jp&i=d,2026-03-22T01:59:33+00:00
7012,7012.T,7012.jp,2019-06-20,2383.38,2390.90,2351.42,2370.23,710312,https://stooq.com/q/d/l/?s=7012.jp&i=d,2026-03-22T01:59:33+00:00
7012,7012.T,7012.jp,2019-06-21,2401.22,2403.10,2332.65,2340.15,1571140,https://stooq.com/q/d/l/?s=7012.jp&i=d,2026-03-22T01:59:33+00:00
7012,7012.T,7012.jp,2019-06-24,2343.92,2347.68,2321.38,2330.76,687533,https://stooq.com/q/d/l/?s=7012.jp&i=d,2026-03-22T01:59:33+00:00
7012,7012.T,7012.jp,2019-06-25,2329.82,2356.13,2325.13,2349.55,844753,https://stooq.com/q/d/l/?s=7012.jp&i=d,2026-03-22T01:59:33+00:00
7012,7012.T,7012.jp,2019-06-26,2339.23,2361.76,2337.35,2348.62,465169,https://stooq.com/q/d/l/?s=7012.jp&i=d,2026-03-22T01:59:33+00:00
7012,7012.T,7012.jp,2019-06-27,2359.88,2397.46,2358.94,2391.83,835280,https://stooq.com/q/d/l/?s=7012.jp&i=d,2026-03-22T01:59:33+00:00
7012,7012.T,7012.jp,2019-06-28,2402.16,2402.16,2373.04,2379.61,1041572,https://stooq.com/q/d/l/?s=7012.jp&i=d,2026-03-22T01:59:33+00:00
7012,7012.T,7012.jp,2019-07-01,2451.95,2457.60,2417.19,2427.53,980152,https://stooq.com/q/d/l/?s=7012.jp&i=d,2026-03-22T01:59:33+00:00
7012,7012.T,7012.jp,2019-07-02,2419.06,2451.01,2399.34,2448.19,771837,https://stooq.com/q/d/l/?s=7012.jp&i=d,2026-03-22T01:59:33+00:00
7012,7012.T,7012.jp,2019-07-03,2441.62,2441.62,2389.96,2406.86,922992,https://stooq.com/q/d/l/?s=7012.jp&i=d,2026-03-22T01:59:33+00:00
7012,7012.T,7012.jp,2019-07-04,2408.74,2414.38,2386.19,2408.74,576297,https://stooq.com/q/d/l/?s=7012.jp&i=d,2026-03-22T01:59:33+00:00
7012,7012.T,7012.jp,2019-07-05,2408.74,2428.47,2404.98,2410.62,388953,https://stooq.com/q/d/l/?s=7012.jp&i=d,2026-03-22T01:59:33+00:00
7012,7012.T,7012.jp,2019-07-08,2389.96,2408.74,2381.49,2396.52,470383,https://stooq.com/q/d/l/?s=7012.jp&i=d,2026-03-22T01:59:33+00:00
7012,7012.T,7012.jp,2019-07-09,2390.90,2401.22,2367.40,2376.79,691897,https://stooq.com/q/d/l/?s=7012.jp&i=d,2026-03-22T01:59:33+00:00
7012,7012.T,7012.jp,2019-07-10,2367.40,2380.55,2357.08,2374.92,604611,https://stooq.com/q/d/l/?s=7012.jp&i=d,2026-03-22T01:59:33+00:00
7012,7012.T,7012.jp,2019-07-11,2370.23,2392.77,2358.00,2381.49,604611,https://stooq.com/q/d/l/?s=7012.jp&i=d,2026-03-22T01:59:33+00:00
7012,7012.T,7012.jp,2019-07-12,2398.40,2405.92,2378.67,2379.61,422589,https://stooq.com/q/d/l/?s=7012.jp&i=d,2026-03-22T01:59:33+00:00
7012,7012.T,7012.jp,2019-07-16,2376.79,2384.31,2358.94,2363.65,526693,https://stooq.com/q/d/l/?s=7012.jp&i=d,2026-03-22T01:59:33+00:00
7012,7012.T,7012.jp,2019-07-17,2385.25,2416.26,2384.31,2387.13,811436,https://stooq.com/q/d/l/?s=7012.jp&i=d,2026-03-22T01:59:33+00:00
7012,7012.T,7012.jp,2019-07-18,2358.00,2363.65,2316.68,2327.94,1213588,https://stooq.com/q/d/l/?s=7012.jp&i=d,2026-03-22T01:59:33+00:00
7012,7012.T,7012.jp,2019-07-19,2337.35,2373.98,2328.88,2367.40,670288,https://stooq.com/q/d/l/?s=7012.jp&i=d,2026-03-22T01:59:33+00:00
7012,7012.T,7012.jp,2019-07-22,2380.55,2396.52,2367.40,2374.92,842943,https://stooq.com/q/d/l/?s=7012.jp&i=d,2026-03-22T01:59:33+00:00
7012,7012.T,7012.jp,2019-07-23,2368.34,2444.44,2353.31,2442.55,1266279,https://stooq.com/q/d/l/?s=7012.jp&i=d,2026-03-22T01:59:33+00:00
7012,7012.T,7012.jp,2019-07-24,2461.35,2470.74,2449.13,2462.30,1111931,https://stooq.com/q/d/l/?s=7012.jp&i=d,2026-03-22T01:59:33+00:00
7012,7012.T,7012.jp,2019-07-25,2484.83,2514.90,2479.20,2486.72,1226575,https://stooq.com/q/d/l/?s=7012.jp&i=d,2026-03-22T01:59:33+00:00
7012,7012.T,7012.jp,2019-07-26,2497.99,2505.50,2469.79,2486.72,625581,https://stooq.com/q/d/l/?s=7012.jp&i=d,2026-03-22T01:59:33+00:00
7012,7012.T,7012.jp,2019-07-29,2481.08,2484.83,2456.65,2471.68,502104,https://stooq.com/q/d/l/?s=7012.jp&i=d,2026-03-22T01:59:33+00:00
7012,7012.T,7012.jp,2019-07-30,2466.04,2522.42,2326.99,2331.70,3049140,https://stooq.com/q/d/l/?s=7012.jp&i=d,2026-03-22T01:59:33+00:00
7012,7012.T,7012.jp,2019-07-31,2274.40,2280.97,2216.14,2235.87,2266763,https://stooq.com/q/d/l/?s=7012.jp&i=d,2026-03-22T01:59:33+00:00
7012,7012.T,7012.jp,2019-08-01,2192.67,2192.67,2137.24,2164.47,2580245,https://stooq.com/q/d/l/?s=7012.jp&i=d,2026-03-22T01:59:33+00:00
7012,7012.T,7012.jp,2019-08-02,2096.84,2100.60,2031.07,2038.59,2595575,https://stooq.com/q/d/l/?s=7012.jp&i=d,2026-03-22T01:59:33+00:00
7012,7012.T,7012.jp,2019-08-05,2019.82,2024.50,1952.17,1998.20,1946468,https://stooq.com/q/d/l/?s=7012.jp&i=d,2026-03-22T01:59:33+00:00
7012,7012.T,7012.jp,2019-08-06,1928.69,2014.17,1925.87,2009.47,1326740,https://stooq.com/q/d/l/?s=7012.jp&i=d,2026-03-22T01:59:33+00:00
7012,7012.T,7012.jp,2019-08-07,1985.99,2016.99,1982.22,2005.71,1178993,https://stooq.com/q/d/l/?s=7012.jp&i=d,2026-03-22T01:59:33+00:00
7012,7012.T,7012.jp,2019-08-08,1989.74,1997.27,1963.43,1970.02,1049768,https://stooq.com/q/d/l/?s=7012.jp&i=d,2026-03-22T01:59:33+00:00
7012,7012.T,7012.jp,2019-08-09,1973.77,1980.34,1956.86,1966.26,773009,https://stooq.com/q/d/l/?s=7012.jp&i=d,2026-03-22T01:59:33+00:00
7012,7012.T,7012.jp,2019-08-13,1925.87,1931.50,1909.88,1921.16,1303961,https://stooq.com/q/d/l/?s=7012.jp&i=d,2026-03-22T01:59:33+00:00
7012,7012.T,7012.jp,2019-08-14,1937.14,1948.41,1901.44,1916.46,933529,https://stooq.com/q/d/l/?s=7012.jp&i=d,2026-03-22T01:59:33+00:00
7012,7012.T,7012.jp,2019-08-15,1878.90,1887.35,1860.10,1880.77,1333446,https://stooq.com/q/d/l/?s=7012.jp&i=d,2026-03-22T01:59:33+00:00
7012,7012.T,7012.jp,2019-08-16,1870.44,1891.10,1859.16,1886.41,726066,https://stooq.com/q/d/l/?s=7012.jp&i=d,2026-03-22T01:59:33+00:00
7012,7012.T,7012.jp,2019-08-19,1906.14,1908.96,1892.98,1894.86,606208,https://stooq.com/q/d/l/?s=7012.jp&i=d,2026-03-22T01:59:33+00:00
7012,7012.T,7012.jp,2019-08-20,1902.38,1920.23,1892.98,1918.35,590667,https://stooq.com/q/d/l/?s=7012.jp&i=d,2026-03-22T01:59:33+00:00
7012,7012.T,7012.jp,2019-08-21,1881.71,1908.96,1878.90,1897.67,505724,https://stooq.com/q/d/l/?s=7012.jp&i=d,2026-03-22T01:59:33+00:00
7012,7012.T,7012.jp,2019-08-22,1901.44,1919.29,1900.50,1913.64,809626,https://stooq.com/q/d/l/?s=7012.jp&i=d,2026-03-22T01:59:33+00:00
7012,7012.T,7012.jp,2019-08-23,1926.81,1953.12,1911.77,1926.81,806114,https://stooq.com/q/d/l/?s=7012.jp&i=d,2026-03-22T01:59:33+00:00
7012,7012.T,7012.jp,2019-08-26,1873.25,1895.80,1868.56,1884.53,715421,https://stooq.com/q/d/l/?s=7012.jp&i=d,2026-03-22T01:59:33+00:00
7012,7012.T,7012.jp,2019-08-27,1909.88,1926.81,1900.50,1907.08,653683,https://stooq.com/q/d/l/?s=7012.jp&i=d,2026-03-22T01:59:33+00:00
7012,7012.T,7012.jp,2019-08-28,1905.20,1939.01,1896.73,1923.99,720213,https://stooq.com/q/d/l/?s=7012.jp&i=d,2026-03-22T01:59:33+00:00
7012,7012.T,7012.jp,2019-08-29,1923.99,1933.37,1907.08,1910.83,614724,https://stooq.com/q/d/l/?s=7012.jp&i=d,2026-03-22T01:59:33+00:00
7012,7012.T,7012.jp,2019-08-30,1924.93,1968.14,1923.04,1956.86,1087983,https://stooq.com/q/d/l/?s=7012.jp&i=d,2026-03-22T01:59:33+00:00
7012,7012.T,7012.jp,2019-09-02,1951.23,1961.57,1930.56,1943.72,471447,https://stooq.com/q/d/l/?s=7012.jp&i=d,2026-03-22T01:59:33+00:00
7012,7012.T,7012.jp,2019-09-03,1938.07,1953.12,1938.07,1944.66,526374,https://stooq.com/q/d/l/?s=7012.jp&i=d,2026-03-22T01:59:33+00:00
7012,7012.T,7012.jp,2019-09-04,1927.74,1954.99,1922.11,1952.17,806540,https://stooq.com/q/d/l/?s=7012.jp&i=d,2026-03-22T01:59:33+00:00
7012,7012.T,7012.jp,2019-09-05,1973.77,2010.42,1973.77,1993.51,733837,https://stooq.com/q/d/l/?s=7012.jp&i=d,2026-03-22T01:59:33+00:00
7012,7012.T,7012.jp,2019-09-06,2014.17,2035.77,2011.35,2025.44,814736,https://stooq.com/q/d/l/?s=7012.jp&i=d,2026-03-22T01:59:33+00:00
7012,7012.T,7012.jp,2019-09-09,2020.74,2039.54,2008.54,2032.97,731495,https://stooq.com/q/d/l/?s=7012.jp&i=d,2026-03-22T01:59:33+00:00
7012,7012.T,7012.jp,2019-09-10,2067.73,2124.09,2054.56,2123.15,1519513,https://stooq.com/q/d/l/?s=7012.jp&i=d,2026-03-22T01:59:33+00:00
7012,7012.T,7012.jp,2019-09-11,2145.68,2187.03,2138.18,2187.03,1572311,https://stooq.com/q/d/l/?s=7012.jp&i=d,2026-03-22T01:59:33+00:00
7012,7012.T,7012.jp,2019-09-12,2211.45,2233.99,2204.88,2216.14,1574333,https://stooq.com/q/d/l/?s=7012.jp&i=d,2026-03-22T01:59:33+00:00
7012,7012.T,7012.jp,2019-09-13,2242.46,2262.19,2214.27,2257.49,1677054,https://stooq.com/q/d/l/?s=7012.jp&i=d,2026-03-22T01:59:33+00:00
7012,7012.T,7012.jp,2019-09-17,2245.27,2311.03,2224.61,2298.83,1655019,https://stooq.com/q/d/l/?s=7012.jp&i=d,2026-03-22T01:59:33+00:00
7012,7012.T,7012.jp,2019-09-18,2233.99,2238.69,2195.49,2202.99,1590832,https://stooq.com/q/d/l/?s=7012.jp&i=d,2026-03-22T01:59:33+00:00
7012,7012.T,7012.jp,2019-09-19,2214.27,2225.55,2172.00,2173.88,1638625,https://stooq.com/q/d/l/?s=7012.jp&i=d,2026-03-22T01:59:33+00:00
7012,7012.T,7012.jp,2019-09-20,2183.27,2213.34,2175.76,2199.24,897444,https://stooq.com/q/d/l/?s=7012.jp&i=d,2026-03-22T01:59:33+00:00
7012,7012.T,7012.jp,2019-09-24,2215.21,2233.07,2200.18,2216.14,931400,https://stooq.com/q/d/l/?s=7012.jp&i=d,2026-03-22T01:59:33+00:00
7012,7012.T,7012.jp,2019-09-25,2217.09,2280.04,2200.18,2273.45,1542932,https://stooq.com/q/d/l/?s=7012.jp&i=d,2026-03-22T01:59:33+00:00
7012,7012.T,7012.jp,2019-09-26,2336.40,2373.04,2300.71,2305.39,1869720,https://stooq.com/q/d/l/?s=7012.jp&i=d,2026-03-22T01:59:33+00:00
7012,7012.T,7012.jp,2019-09-27,2306.35,2317.79,2273.94,2305.39,979709,https://stooq.com/q/d/l/?s=7012.jp&i=d,2026-03-22T01:59:33+00:00
7012,7012.T,7012.jp,2019-09-30,2296.82,2333.99,2265.37,2279.67,1269519,https://stooq.com/q/d/l/?s=7012.jp&i=d,2026-03-22T01:59:33+00:00
7012,7012.T,7012.jp,2019-10-01,2264.43,2295.86,2238.68,2271.09,1512320,https://stooq.com/q/d/l/?s=7012.jp&i=d,2026-03-22T01:59:33+00:00
7012,7012.T,7012.jp,2019-10-02,2217.73,2274.90,2213.90,2260.60,1488817,https://stooq.com/q/d/l/?s=7012.jp&i=d,2026-03-22T01:59:33+00:00
7012,7012.T,7012.jp,2019-10-03,2196.76,2224.39,2189.12,2221.53,735752,https://stooq.com/q/d/l/?s=7012.jp&i=d,2026-03-22T01:59:33+00:00
7012,7012.T,7012.jp,2019-10-04,2214.86,2251.08,2211.06,2247.26,698187,https://stooq.com/q/d/l/?s=7012.jp&i=d,2026-03-22T01:59:33+00:00
7012,7012.T,7012.jp,2019-10-07,2255.84,2264.43,2236.77,2249.17,480988,https://stooq.com/q/d/l/?s=7012.jp&i=d,2026-03-22T01:59:33+00:00
7012,7012.T,7012.jp,2019-10-08,2262.51,2306.35,2257.75,2305.39,986634,https://stooq.com/q/d/l/?s=7012.jp&i=d,2026-03-22T01:59:33+00:00
7012,7012.T,7012.jp,2019-10-09,2272.99,2286.34,2252.03,2262.51,823996,https://stooq.com/q/d/l/?s=7012.jp&i=d,2026-03-22T01:59:33+00:00
7012,7012.T,7012.jp,2019-10-10,2265.37,2291.11,2248.22,2282.52,498301,https://stooq.com/q/d/l/?s=7012.jp&i=d,2026-03-22T01:59:33+00:00
7012,7012.T,7012.jp,2019-10-11,2323.50,2337.81,2311.12,2332.08,846661,https://stooq.com/q/d/l/?s=7012.jp&i=d,2026-03-22T01:59:33+00:00
7012,7012.T,7012.jp,2019-10-15,2390.21,2398.79,2371.17,2381.65,1249687,https://stooq.com/q/d/l/?s=7012.jp&i=d,2026-03-22T01:59:33+00:00
7012,7012.T,7012.jp,2019-10-16,2430.25,2442.63,2349.24,2354.95,1346955,https://stooq.com/q/d/l/?s=7012.jp&i=d,2026-03-22T01:59:33+00:00
7012,7012.T,7012.jp,2019-10-17,2360.67,2387.36,2348.29,2370.21,627047,https://stooq.com/q/d/l/?s=7012.jp&i=d,2026-03-22T01:59:33+00:00
7012,7012.T,7012.jp,2019-10-18,2386.41,2410.23,2382.59,2394.99,935324,https://stooq.com/q/d/l/?s=7012.jp&i=d,2026-03-22T01:59:33+00:00
7012,7012.T,7012.jp,2019-10-21,2395.94,2420.71,2389.26,2415.95,587595,https://stooq.com/q/d/l/?s=7012.jp&i=d,2026-03-22T01:59:33+00:00
7012,7012.T,7012.jp,2019-10-23,2390.21,2438.83,2369.25,2433.11,1188201,https://stooq.com/q/d/l/?s=7012.jp&i=d,2026-03-22T01:59:33+00:00
7012,7012.T,7012.jp,2019-10-24,2449.30,2492.19,2449.30,2480.75,1331426,https://stooq.com/q/d/l/?s=7012.jp&i=d,2026-03-22T01:59:33+00:00
7012,7012.T,7012.jp,2019-10-25,2478.84,2496.96,2465.51,2486.48,638695,https://stooq.com/q/d/l/?s=7012.jp&i=d,2026-03-22T01:59:33+00:00
7012,7012.T,7012.jp,2019-10-28,2505.54,2524.61,2496.96,2498.87,560628,https://stooq.com/q/d/l/?s=7012.jp&i=d,2026-03-22T01:59:33+00:00
7012,7012.T,7012.jp,2019-10-29,2516.97,2533.18,2498.87,2527.45,1071311,https://stooq.com/q/d/l/?s=7012.jp&i=d,2026-03-22T01:59:33+00:00
7012,7012.T,7012.jp,2019-10-30,2530.31,2533.18,2508.40,2530.31,844352,https://stooq.com/q/d/l/?s=7012.jp&i=d,2026-03-22T01:59:33+00:00
7012,7012.T,7012.jp,2019-10-31,2530.31,2539.85,2480.75,2499.82,1149271,https://stooq.com/q/d/l/?s=7012.jp&i=d,2026-03-22T01:59:33+00:00
7012,7012.T,7012.jp,2019-11-01,2374.96,2415.95,2368.30,2399.75,2056160,https://stooq.com/q/d/l/?s=7012.jp&i=d,2026-03-22T01:59:33+00:00
7012,7012.T,7012.jp,2019-11-05,2447.40,2474.09,2415.00,2442.63,1641173,https://stooq.com/q/d/l/?s=7012.jp&i=d,2026-03-22T01:59:33+00:00
7012,7012.T,7012.jp,2019-11-06,2473.14,2476.95,2426.43,2443.59,882441,https://stooq.com/q/d/l/?s=7012.jp&i=d,2026-03-22T01:59:33+00:00
7012,7012.T,7012.jp,2019-11-07,2444.54,2479.80,2440.73,2465.51,677097,https://stooq.com/q/d/l/?s=7012.jp&i=d,2026-03-22T01:59:33+00:00
7012,7012.T,7012.jp,2019-11-08,2511.26,2521.74,2466.47,2473.14,1047071,https://stooq.com/q/d/l/?s=7012.jp&i=d,2026-03-22T01:59:33+00:00
7012,7012.T,7012.jp,2019-11-11,2499.82,2527.45,2472.18,2476.95,792728,https://stooq.com/q/d/l/?s=7012.jp&i=d,2026-03-22T01:59:33+00:00
7012,7012.T,7012.jp,2019-11-12,2485.52,2499.82,2447.40,2487.43,970579,https://stooq.com/q/d/l/?s=7012.jp&i=d,2026-03-22T01:59:33+00:00
7012,7012.T,7012.jp,2019-11-13,2479.80,2488.39,2457.88,2470.28,563567,https://stooq.com/q/d/l/?s=7012.jp&i=d,2026-03-22T01:59:33+00:00
7012,7012.T,7012.jp,2019-11-14,2456.93,2456.93,2409.27,2410.23,1027870,https://stooq.com/q/d/l/?s=7012.jp&i=d,2026-03-22T01:59:33+00:00
7012,7012.T,7012.jp,2019-11-15,2401.66,2439.79,2401.66,2432.15,1016013,https://stooq.com/q/d/l/?s=7012.jp&i=d,2026-03-22T01:59:33+00:00
7012,7012.T,7012.jp,2019-11-18,2448.35,2454.08,2411.19,2416.91,596618,https://stooq.com/q/d/l/?s=7012.jp&i=d,2026-03-22T01:59:33+00:00
7012,7012.T,7012.jp,2019-11-19,2395.94,2400.70,2354.95,2374.02,868905,https://stooq.com/q/d/l/?s=7012.jp&i=d,2026-03-22T01:59:33+00:00
7012,7012.T,7012.jp,2019-11-20,2349.24,2373.07,2329.22,2339.70,1085687,https://stooq.com/q/d/l/?s=7012.jp&i=d,2026-03-22T01:59:33+00:00
7012,7012.T,7012.jp,2019-11-21,2334.95,2354.00,2282.52,2311.12,1066799,https://stooq.com/q/d/l/?s=7012.jp&i=d,2026-03-22T01:59:33+00:00
7012,7012.T,7012.jp,2019-11-22,2334.95,2365.44,2325.41,2325.41,775624,https://stooq.com/q/d/l/?s=7012.jp&i=d,2026-03-22T01:59:33+00:00
7012,7012.T,7012.jp,2019-11-25,2351.15,2385.46,2351.15,2376.87,660938,https://stooq.com/q/d/l/?s=7012.jp&i=d,2026-03-22T01:59:33+00:00
7012,7012.T,7012.jp,2019-11-26,2400.70,2415.00,2367.35,2367.35,928714,https://stooq.com/q/d/l/?s=7012.jp&i=d,2026-03-22T01:59:33+00:00
7012,7012.T,7012.jp,2019-11-27,2376.87,2405.47,2373.07,2401.66,724000,https://stooq.com/q/d/l/?s=7012.jp&i=d,2026-03-22T01:59:33+00:00
7012,7012.T,7012.jp,2019-11-28,2406.42,2414.04,2382.59,2399.75,595569,https://stooq.com/q/d/l/?s=7012.jp&i=d,2026-03-22T01:59:33+00:00
7012,7012.T,7012.jp,2019-11-29,2392.12,2407.37,2337.81,2342.56,1149902,https://stooq.com/q/d/l/?s=7012.jp&i=d,2026-03-22T01:59:33+00:00
7012,7012.T,7012.jp,2019-12-02,2345.43,2369.25,2338.75,2364.49,761354,https://stooq.com/q/d/l/?s=7012.jp&i=d,2026-03-22T01:59:33+00:00
7012,7012.T,7012.jp,2019-12-03,2316.83,2357.82,2295.86,2350.20,849598,https://stooq.com/q/d/l/?s=7012.jp&i=d,2026-03-22T01:59:33+00:00
7012,7012.T,7012.jp,2019-12-04,2329.22,2340.65,2317.79,2331.13,820848,https://stooq.com/q/d/l/?s=7012.jp&i=d,2026-03-22T01:59:33+00:00
7012,7012.T,7012.jp,2019-12-05,2342.56,2361.63,2339.70,2351.15,727567,https://stooq.com/q/d/l/?s=7012.jp&i=d,2026-03-22T01:59:33+00:00
7012,7012.T,7012.jp,2019-12-06,2354.00,2375.91,2345.43,2354.00,535340,https://stooq.com/q/d/l/?s=7012.jp&i=d,2026-03-22T01:59:33+00:00
7012,7012.T,7012.jp,2019-12-09,2394.99,2420.71,2376.87,2408.33,840051,https://stooq.com/q/d/l/?s=7012.jp&i=d,2026-03-22T01:59:33+00:00
7012,7012.T,7012.jp,2019-12-10,2384.51,2391.17,2368.30,2377.83,604592,https://stooq.com/q/d/l/?s=7012.jp&i=d,2026-03-22T01:59:33+00:00
7012,7012.T,7012.jp,2019-12-11,2374.02,2374.02,2346.38,2354.00,636596,https://stooq.com/q/d/l/?s=7012.jp&i=d,2026-03-22T01:59:33+00:00
7012,7012.T,7012.jp,2019-12-12,2358.77,2364.49,2333.04,2343.52,970159,https://stooq.com/q/d/l/?s=7012.jp&i=d,2026-03-22T01:59:33+00:00
7012,7012.T,7012.jp,2019-12-13,2417.87,2467.41,2417.87,2459.79,2129190,https://stooq.com/q/d/l/?s=7012.jp&i=d,2026-03-22T01:59:33+00:00
7012,7012.T,7012.jp,2019-12-16,2478.84,2492.19,2443.59,2443.59,814553,https://stooq.com/q/d/l/?s=7012.jp&i=d,2026-03-22T01:59:33+00:00
7012,7012.T,7012.jp,2019-12-17,2455.04,2468.37,2407.37,2422.62,897026,https://stooq.com/q/d/l/?s=7012.jp&i=d,2026-03-22T01:59:33+00:00
7012,7012.T,7012.jp,2019-12-18,2420.71,2427.38,2387.36,2390.21,832810,https://stooq.com/q/d/l/?s=7012.jp&i=d,2026-03-22T01:59:33+00:00
7012,7012.T,7012.jp,2019-12-19,2374.02,2384.51,2358.77,2373.07,720957,https://stooq.com/q/d/l/?s=7012.jp&i=d,2026-03-22T01:59:33+00:00
7012,7012.T,7012.jp,2019-12-20,2376.87,2393.08,2355.90,2359.73,906259,https://stooq.com/q/d/l/?s=7012.jp&i=d,2026-03-22T01:59:33+00:00
7012,7012.T,7012.jp,2019-12-23,2366.40,2379.74,2331.13,2331.13,630510,https://stooq.com/q/d/l/?s=7012.jp&i=d,2026-03-22T01:59:33+00:00
7012,7012.T,7012.jp,2019-12-24,2340.65,2346.38,2310.16,2314.94,571121,https://stooq.com/q/d/l/?s=7012.jp&i=d,2026-03-22T01:59:33+00:00
7012,7012.T,7012.jp,2019-12-25,2311.12,2311.12,2272.99,2272.99,743097,https://stooq.com/q/d/l/?s=7012.jp&i=d,2026-03-22T01:59:33+00:00
7012,7012.T,7012.jp,2019-12-26,2255.84,2300.64,2254.89,2295.86,710255,https://stooq.com/q/d/l/?s=7012.jp&i=d,2026-03-22T01:59:33+00:00
7012,7012.T,7012.jp,2019-12-27,2305.39,2324.46,2299.69,2315.89,557585,https://stooq.com/q/d/l/?s=7012.jp&i=d,2026-03-22T01:59:33+00:00
7012,7012.T,7012.jp,2019-12-30,2306.35,2306.35,2276.81,2294.91,577311,https://stooq.com/q/d/l/?s=7012.jp&i=d,2026-03-22T01:59:33+00:00
7012,7012.T,7012.jp,2020-01-06,2261.56,2269.19,2232.02,2255.84,924726,https://stooq.com/q/d/l/?s=7012.jp&i=d,2026-03-22T01:59:33+00:00
7012,7012.T,7012.jp,2020-01-07,2267.28,2283.48,2257.75,2280.62,521175,https://stooq.com/q/d/l/?s=7012.jp&i=d,2026-03-22T01:59:33+00:00
7012,7012.T,7012.jp,2020-01-08,2223.43,2239.64,2210.10,2232.02,892409,https://stooq.com/q/d/l/?s=7012.jp&i=d,2026-03-22T01:59:33+00:00
7012,7012.T,7012.jp,2020-01-09,2266.33,2273.94,2241.55,2250.12,618548,https://stooq.com/q/d/l/?s=7012.jp&i=d,2026-03-22T01:59:33+00:00
7012,7012.T,7012.jp,2020-01-10,2268.24,2271.09,2248.22,2271.09,597667,https://stooq.com/q/d/l/?s=7012.jp&i=d,2026-03-22T01:59:33+00:00
7012,7012.T,7012.jp,2020-01-14,2286.34,2300.64,2278.72,2292.06,700811,https://stooq.com/q/d/l/?s=7012.jp&i=d,2026-03-22T01:59:33+00:00
7012,7012.T,7012.jp,2020-01-15,2269.19,2271.09,2247.26,2252.98,679721,https://stooq.com/q/d/l/?s=7012.jp&i=d,2026-03-22T01:59:33+00:00
7012,7012.T,7012.jp,2020-01-16,2248.22,2251.08,2205.33,2211.06,1029550,https://stooq.com/q/d/l/?s=7012.jp&i=d,2026-03-22T01:59:33+00:00
7012,7012.T,7012.jp,2020-01-17,2228.20,2276.81,2218.67,2270.13,1226079,https://stooq.com/q/d/l/?s=7012.jp&i=d,2026-03-22T01:59:33+00:00
7012,7012.T,7012.jp,2020-01-20,2269.19,2307.30,2268.24,2301.59,472489,https://stooq.com/q/d/l/?s=7012.jp&i=d,2026-03-22T01:59:33+00:00
7012,7012.T,7012.jp,2020-01-21,2301.59,2310.16,2259.65,2263.47,620961,https://stooq.com/q/d/l/?s=7012.jp&i=d,2026-03-22T01:59:33+00:00
7012,7012.T,7012.jp,2020-01-22,2249.17,2274.90,2240.59,2267.28,752856,https://stooq.com/q/d/l/?s=7012.jp&i=d,2026-03-22T01:59:33+00:00
7012,7012.T,7012.jp,2020-01-23,2250.12,2252.98,2203.42,2203.42,1004891,https://stooq.com/q/d/l/?s=7012.jp&i=d,2026-03-22T01:59:33+00:00
7012,7012.T,7012.jp,2020-01-24,2215.81,2227.25,2204.38,2212.00,597142,https://stooq.com/q/d/l/?s=7012.jp&i=d,2026-03-22T01:59:33+00:00
7012,7012.T,7012.jp,2020-01-27,2165.30,2185.31,2144.34,2149.10,869115,https://stooq.com/q/d/l/?s=7012.jp&i=d,2026-03-22T01:59:33+00:00
7012,7012.T,7012.jp,2020-01-28,2105.26,2137.67,2091.92,2128.14,922733,https://stooq.com/q/d/l/?s=7012.jp&i=d,2026-03-22T01:59:33+00:00
7012,7012.T,7012.jp,2020-01-29,2128.14,2143.38,2112.89,2132.89,593051,https://stooq.com/q/d/l/?s=7012.jp&i=d,2026-03-22T01:59:33+00:00
7012,7012.T,7012.jp,2020-01-30,2118.60,2136.71,2077.63,2084.29,1078130,https://stooq.com/q/d/l/?s=7012.jp&i=d,2026-03-22T01:59:33+00:00
7012,7012.T,7012.jp,2020-01-31,2095.73,2118.60,2091.92,2093.83,1195755,https://stooq.com/q/d/l/?s=7012.jp&i=d,2026-03-22T01:59:33+00:00
7012,7012.T,7012.jp,2020-02-03,2023.30,2052.84,2016.62,2026.16,1634247,https://stooq.com/q/d/l/?s=7012.jp&i=d,2026-03-22T01:59:33+00:00
7012,7012.T,7012.jp,2020-02-04,2022.35,2033.78,2002.33,2032.83,1419985,https://stooq.com/q/d/l/?s=7012.jp&i=d,2026-03-22T01:59:33+00:00
7012,7012.T,7012.jp,2020-02-05,2053.79,2076.67,2041.41,2064.28,1067322,https://stooq.com/q/d/l/?s=7012.jp&i=d,2026-03-22T01:59:33+00:00
7012,7012.T,7012.jp,2020-02-06,2159.59,2301.59,2148.15,2242.50,4175385,https://stooq.com/q/d/l/?s=7012.jp&i=d,2026-03-22T01:59:33+00:00
7012,7012.T,7012.jp,2020-02-07,2202.46,2225.34,2154.81,2173.88,2187424,https://stooq.com/q/d/l/?s=7012.jp&i=d,2026-03-22T01:59:33+00:00
7012,7012.T,7012.jp,2020-02-10,2143.38,2196.76,2116.70,2193.89,1058719,https://stooq.com/q/d/l/?s=7012.jp&i=d,2026-03-22T01:59:33+00:00
7012,7012.T,7012.jp,2020-02-12,2190.08,2191.04,2147.20,2154.81,1135420,https://stooq.com/q/d/l/?s=7012.jp&i=d,2026-03-22T01:59:33+00:00
7012,7012.T,7012.jp,2020-02-13,2177.69,2178.64,2136.71,2138.62,877614,https://stooq.com/q/d/l/?s=7012.jp&i=d,2026-03-22T01:59:33+00:00
7012,7012.T,7012.jp,2020-02-14,2099.54,2137.67,2080.49,2131.00,1813989,https://stooq.com/q/d/l/?s=7012.jp&i=d,2026-03-22T01:59:33+00:00
7012,7012.T,7012.jp,2020-02-17,2083.34,2138.62,2079.54,2132.89,894088,https://stooq.com/q/d/l/?s=7012.jp&i=d,2026-03-22T01:59:33+00:00
7012,7012.T,7012.jp,2020-02-18,2141.48,2156.72,2113.84,2118.60,760201,https://stooq.com/q/d/l/?s=7012.jp&i=d,2026-03-22T01:59:33+00:00
7012,7012.T,7012.jp,2020-02-19,2110.03,2115.74,2080.49,2082.38,856734,https://stooq.com/q/d/l/?s=7012.jp&i=d,2026-03-22T01:59:33+00:00
7012,7012.T,7012.jp,2020-02-20,2105.26,2144.34,2091.92,2114.80,1153364,https://stooq.com/q/d/l/?s=7012.jp&i=d,2026-03-22T01:59:33+00:00
7012,7012.T,7012.jp,2020-02-21,2115.74,2137.67,2099.54,2101.45,871109,https://stooq.com/q/d/l/?s=7012.jp&i=d,2026-03-22T01:59:33+00:00
7012,7012.T,7012.jp,2020-02-25,1987.08,2045.22,1979.45,1998.52,1533413,https://stooq.com/q/d/l/?s=7012.jp&i=d,2026-03-22T01:59:33+00:00
7012,7012.T,7012.jp,2020-02-26,1972.79,1981.36,1940.39,1979.45,956414,https://stooq.com/q/d/l/?s=7012.jp&i=d,2026-03-22T01:59:33+00:00
7012,7012.T,7012.jp,2020-02-27,1944.20,1958.49,1906.08,1914.65,1381162,https://stooq.com/q/d/l/?s=7012.jp&i=d,2026-03-22T01:59:33+00:00
7012,7012.T,7012.jp,2020-02-28,1867.96,1887.01,1838.42,1867.96,2544493,https://stooq.com/q/d/l/?s=7012.jp&i=d,2026-03-22T01:59:33+00:00
7012,7012.T,7012.jp,2020-03-02,1829.83,1891.78,1819.35,1859.38,1179072,https://stooq.com/q/d/l/?s=7012.jp&i=d,2026-03-22T01:59:33+00:00
7012,7012.T,7012.jp,2020-03-03,1906.08,1912.74,1824.12,1824.12,1065644,https://stooq.com/q/d/l/?s=7012.jp&i=d,2026-03-22T01:59:33+00:00
7012,7012.T,7012.jp,2020-03-04,1791.71,1840.31,1773.59,1813.63,837846,https://stooq.com/q/d/l/?s=7012.jp&i=d,2026-03-22T01:59:33+00:00
7012,7012.T,7012.jp,2020-03-05,1848.89,1856.52,1806.95,1811.72,870479,https://stooq.com/q/d/l/?s=7012.jp&i=d,2026-03-22T01:59:33+00:00
7012,7012.T,7012.jp,2020-03-06,1763.12,1779.33,1724.04,1729.76,1176027,https://stooq.com/q/d/l/?s=7012.jp&i=d,2026-03-22T01:59:33+00:00
7012,7012.T,7012.jp,2020-03-09,1658.28,1664.96,1566.80,1573.46,1868026,https://stooq.com/q/d/l/?s=7012.jp&i=d,2026-03-22T01:59:33+00:00
7012,7012.T,7012.jp,2020-03-10,1525.82,1583.96,1488.64,1564.89,1900973,https://stooq.com/q/d/l/?s=7012.jp&i=d,2026-03-22T01:59:33+00:00
7012,7012.T,7012.jp,2020-03-11,1577.28,1617.32,1562.02,1564.89,1366577,https://stooq.com/q/d/l/?s=7012.jp&i=d,2026-03-22T01:59:33+00:00
7012,7012.T,7012.jp,2020-03-12,1529.63,1550.59,1452.43,1462.92,2358248,https://stooq.com/q/d/l/?s=7012.jp&i=d,2026-03-22T01:59:33+00:00
7012,7012.T,7012.jp,2020-03-13,1322.82,1414.30,1311.37,1358.08,2658761,https://stooq.com/q/d/l/?s=7012.jp&i=d,2026-03-22T01:59:33+00:00
7012,7012.T,7012.jp,2020-03-16,1386.67,1417.17,1332.35,1337.12,1942524,https://stooq.com/q/d/l/?s=7012.jp&i=d,2026-03-22T01:59:33+00:00
7012,7012.T,7012.jp,2020-03-17,1314.24,1390.49,1283.74,1379.04,1898979,https://stooq.com/q/d/l/?s=7012.jp&i=d,2026-03-22T01:59:33+00:00
7012,7012.T,7012.jp,2020-03-18,1389.53,1469.58,1385.72,1390.49,2060569,https://stooq.com/q/d/l/?s=7012.jp&i=d,2026-03-22T01:59:33+00:00
7012,7012.T,7012.jp,2020-03-19,1429.56,1437.18,1326.63,1367.61,2074944,https://stooq.com/q/d/l/?s=7012.jp&i=d,2026-03-22T01:59:33+00:00
7012,7012.T,7012.jp,2020-03-23,1355.21,1395.25,1339.97,1381.90,2338417,https://stooq.com/q/d/l/?s=7012.jp&i=d,2026-03-22T01:59:33+00:00
7012,7012.T,7012.jp,2020-03-24,1438.13,1470.54,1376.19,1466.72,1437612,https://stooq.com/q/d/l/?s=7012.jp&i=d,2026-03-22T01:59:33+00:00
7012,7012.T,7012.jp,2020-03-25,1581.10,1655.42,1545.83,1651.62,1855541,https://stooq.com/q/d/l/?s=7012.jp&i=d,2026-03-22T01:59:33+00:00
7012,7012.T,7012.jp,2020-03-26,1555.35,1603.97,1515.33,1580.14,1414633,https://stooq.com/q/d/l/?s=7012.jp&i=d,2026-03-22T01:59:33+00:00
7012,7012.T,7012.jp,2020-03-27,1651.62,1659.24,1565.85,1602.05,1717979,https://stooq.com/q/d/l/?s=7012.jp&i=d,2026-03-22T01:59:33+00:00
7012,7012.T,7012.jp,2020-03-30,1551.45,1584.54,1480.39,1569.94,1480114,https://stooq.com/q/d/l/?s=7012.jp&i=d,2026-03-22T01:59:33+00:00
7012,7012.T,7012.jp,2020-03-31,1561.18,1594.27,1519.33,1527.11,1056915,https://stooq.com/q/d/l/?s=7012.jp&i=d,2026-03-22T01:59:33+00:00
7012,7012.T,7012.jp,2020-04-01,1502.77,1510.57,1392.80,1409.34,1522444,https://stooq.com/q/d/l/?s=7012.jp&i=d,2026-03-22T01:59:33+00:00
7012,7012.T,7012.jp,2020-04-02,1391.82,1395.71,1333.42,1337.33,1877832,https://stooq.com/q/d/l/?s=7012.jp&i=d,2026-03-22T01:59:33+00:00
7012,7012.T,7012.jp,2020-04-03,1347.05,1365.54,1306.18,1322.72,1385898,https://stooq.com/q/d/l/?s=7012.jp&i=d,2026-03-22T01:59:33+00:00
7012,7012.T,7012.jp,2020-04-06,1325.64,1406.42,1295.46,1389.87,1208667,https://stooq.com/q/d/l/?s=7012.jp&i=d,2026-03-22T01:59:33+00:00
7012,7012.T,7012.jp,2020-04-07,1448.28,1454.11,1356.79,1437.57,1708922,https://stooq.com/q/d/l/?s=7012.jp&i=d,2026-03-22T01:59:33+00:00
7012,7012.T,7012.jp,2020-04-08,1437.57,1445.36,1369.44,1411.29,1676765,https://stooq.com/q/d/l/?s=7012.jp&i=d,2026-03-22T01:59:33+00:00
7012,7012.T,7012.jp,2020-04-09,1411.29,1449.25,1403.50,1440.48,1113014,https://stooq.com/q/d/l/?s=7012.jp&i=d,2026-03-22T01:59:33+00:00
7012,7012.T,7012.jp,2020-04-10,1441.46,1467.74,1402.52,1458.98,1070375,https://stooq.com/q/d/l/?s=7012.jp&i=d,2026-03-22T01:59:33+00:00
7012,7012.T,7012.jp,2020-04-13,1431.73,1450.23,1409.34,1413.24,704404,https://stooq.com/q/d/l/?s=7012.jp&i=d,2026-03-22T01:59:33+00:00
7012,7012.T,7012.jp,2020-04-14,1394.75,1448.28,1378.19,1444.38,1131096,https://stooq.com/q/d/l/?s=7012.jp&i=d,2026-03-22T01:59:33+00:00
7012,7012.T,7012.jp,2020-04-15,1431.73,1443.41,1396.69,1413.24,1287882,https://stooq.com/q/d/l/?s=7012.jp&i=d,2026-03-22T01:59:33+00:00
7012,7012.T,7012.jp,2020-04-16,1372.36,1399.62,1367.49,1393.77,1013455,https://stooq.com/q/d/l/?s=7012.jp&i=d,2026-03-22T01:59:33+00:00
7012,7012.T,7012.jp,2020-04-17,1422.97,1468.71,1409.34,1462.88,1438400,https://stooq.com/q/d/l/?s=7012.jp&i=d,2026-03-22T01:59:33+00:00
7012,7012.T,7012.jp,2020-04-20,1458.01,1473.58,1444.38,1452.16,913281,https://stooq.com/q/d/l/?s=7012.jp&i=d,2026-03-22T01:59:33+00:00
7012,7012.T,7012.jp,2020-04-21,1424.92,1433.67,1398.64,1421.02,1106953,https://stooq.com/q/d/l/?s=7012.jp&i=d,2026-03-22T01:59:33+00:00
7012,7012.T,7012.jp,2020-04-22,1399.62,1419.08,1385.01,1391.82,840230,https://stooq.com/q/d/l/?s=7012.jp&i=d,2026-03-22T01:59:33+00:00
7012,7012.T,7012.jp,2020-04-23,1410.32,1461.90,1403.50,1460.93,846704,https://stooq.com/q/d/l/?s=7012.jp&i=d,2026-03-22T01:59:33+00:00
7012,7012.T,7012.jp,2020-04-24,1458.98,1463.86,1427.83,1448.28,878143,https://stooq.com/q/d/l/?s=7012.jp&i=d,2026-03-22T01:59:33+00:00
7012,7012.T,7012.jp,2020-04-27,1462.88,1513.49,1453.13,1513.49,863759,https://stooq.com/q/d/l/?s=7012.jp&i=d,2026-03-22T01:59:33+00:00
7012,7012.T,7012.jp,2020-04-28,1529.05,1538.80,1504.72,1515.42,716015,https://stooq.com/q/d/l/?s=7012.jp&i=d,2026-03-22T01:59:33+00:00
7012,7012.T,7012.jp,2020-04-30,1574.81,1620.55,1574.81,1600.11,1198906,https://stooq.com/q/d/l/?s=7012.jp&i=d,2026-03-22T01:59:33+00:00
7012,7012.T,7012.jp,2020-05-01,1554.36,1557.29,1510.57,1525.17,1132330,https://stooq.com/q/d/l/?s=7012.jp&i=d,2026-03-22T01:59:33+00:00
7012,7012.T,7012.jp,2020-05-07,1487.21,1495.00,1471.63,1486.24,913692,https://stooq.com/q/d/l/?s=7012.jp&i=d,2026-03-22T01:59:33+00:00
7012,7012.T,7012.jp,2020-05-08,1516.40,1560.20,1498.89,1556.31,990441,https://stooq.com/q/d/l/?s=7012.jp&i=d,2026-03-22T01:59:33+00:00
7012,7012.T,7012.jp,2020-05-11,1595.25,1643.91,1592.32,1635.16,1072533,https://stooq.com/q/d/l/?s=7012.jp&i=d,2026-03-22T01:59:33+00:00
7012,7012.T,7012.jp,2020-05-12,1607.90,1623.47,1521.28,1542.68,2627239,https://stooq.com/q/d/l/?s=7012.jp&i=d,2026-03-22T01:59:33+00:00
7012,7012.T,7012.jp,2020-05-13,1464.81,1528.08,1459.95,1522.24,1739848,https://stooq.com/q/d/l/?s=7012.jp&i=d,2026-03-22T01:59:33+00:00
7012,7012.T,7012.jp,2020-05-14,1495.00,1498.89,1445.36,1445.36,1493471,https://stooq.com/q/d/l/?s=7012.jp&i=d,2026-03-22T01:59:33+00:00
7012,7012.T,7012.jp,2020-05-15,1474.56,1494.02,1438.55,1468.71,1113938,https://stooq.com/q/d/l/?s=7012.jp&i=d,2026-03-22T01:59:33+00:00
7012,7012.T,7012.jp,2020-05-18,1468.71,1477.46,1446.32,1470.67,743756,https://stooq.com/q/d/l/?s=7012.jp&i=d,2026-03-22T01:59:33+00:00
7012,7012.T,7012.jp,2020-05-19,1548.53,1572.86,1540.73,1544.63,1131096,https://stooq.com/q/d/l/?s=7012.jp&i=d,2026-03-22T01:59:33+00:00
7012,7012.T,7012.jp,2020-05-20,1509.59,1569.94,1509.59,1568.96,906911,https://stooq.com/q/d/l/?s=7012.jp&i=d,2026-03-22T01:59:33+00:00
7012,7012.T,7012.jp,2020-05-21,1585.51,1603.03,1558.26,1565.07,794511,https://stooq.com/q/d/l/?s=7012.jp&i=d,2026-03-22T01:59:33+00:00
7012,7012.T,7012.jp,2020-05-22,1568.96,1572.86,1512.52,1523.22,716837,https://stooq.com/q/d/l/?s=7012.jp&i=d,2026-03-22T01:59:33+00:00
7012,7012.T,7012.jp,2020-05-25,1556.31,1570.91,1545.61,1570.91,790606,https://stooq.com/q/d/l/?s=7012.jp&i=d,2026-03-22T01:59:33+00:00
7012,7012.T,7012.jp,2020-05-26,1604.97,1655.58,1590.38,1644.88,1126472,https://stooq.com/q/d/l/?s=7012.jp&i=d,2026-03-22T01:59:33+00:00
7012,7012.T,7012.jp,2020-05-27,1645.86,1714.96,1625.42,1707.17,1278430,https://stooq.com/q/d/l/?s=7012.jp&i=d,2026-03-22T01:59:33+00:00
7012,7012.T,7012.jp,2020-05-28,1771.41,1803.53,1722.75,1754.87,1461313,https://stooq.com/q/d/l/?s=7012.jp&i=d,2026-03-22T01:59:33+00:00
7012,7012.T,7012.jp,2020-05-29,1688.68,1713.02,1655.58,1660.46,1774473,https://stooq.com/q/d/l/?s=7012.jp&i=d,2026-03-22T01:59:33+00:00
7012,7012.T,7012.jp,2020-06-01,1644.88,1675.06,1636.12,1653.64,746016,https://stooq.com/q/d/l/?s=7012.jp&i=d,2026-03-22T01:59:33+00:00
7012,7012.T,7012.jp,2020-06-02,1667.26,1714.96,1662.40,1688.68,981812,https://stooq.com/q/d/l/?s=7012.jp&i=d,2026-03-22T01:59:33+00:00
7012,7012.T,7012.jp,2020-06-03,1750.00,1761.69,1709.12,1714.96,1419187,https://stooq.com/q/d/l/?s=7012.jp&i=d,2026-03-22T01:59:33+00:00
7012,7012.T,7012.jp,2020-06-04,1771.41,1777.25,1713.02,1738.32,1179693,https://stooq.com/q/d/l/?s=7012.jp&i=d,2026-03-22T01:59:33+00:00
7012,7012.T,7012.jp,2020-06-05,1758.76,1838.56,1743.18,1837.61,1799645,https://stooq.com/q/d/l/?s=7012.jp&i=d,2026-03-22T01:59:33+00:00
7012,7012.T,7012.jp,2020-06-08,1915.45,1936.88,1890.15,1927.13,1999172,https://stooq.com/q/d/l/?s=7012.jp&i=d,2026-03-22T01:59:33+00:00
7012,7012.T,7012.jp,2020-06-09,1934.93,1962.18,1901.83,1922.27,1304424,https://stooq.com/q/d/l/?s=7012.jp&i=d,2026-03-22T01:59:33+00:00
7012,7012.T,7012.jp,2020-06-10,1844.40,1888.21,1823.00,1873.61,1402646,https://stooq.com/q/d/l/?s=7012.jp&i=d,2026-03-22T01:59:33+00:00
7012,7012.T,7012.jp,2020-06-11,1824.95,1842.46,1770.44,1770.44,1276376,https://stooq.com/q/d/l/?s=7012.jp&i=d,2026-03-22T01:59:33+00:00
7012,7012.T,7012.jp,2020-06-12,1677.97,1730.53,1658.51,1720.80,1670703,https://stooq.com/q/d/l/?s=7012.jp&i=d,2026-03-22T01:59:33+00:00
7012,7012.T,7012.jp,2020-06-15,1693.54,1699.39,1615.68,1615.68,1527170,https://stooq.com/q/d/l/?s=7012.jp&i=d,2026-03-22T01:59:33+00:00
7012,7012.T,7012.jp,2020-06-16,1671.16,1775.31,1665.32,1768.49,1993418,https://stooq.com/q/d/l/?s=7012.jp&i=d,2026-03-22T01:59:33+00:00
7012,7012.T,7012.jp,2020-06-17,1751.94,1756.81,1707.17,1733.45,972666,https://stooq.com/q/d/l/?s=7012.jp&i=d,2026-03-22T01:59:33+00:00
7012,7012.T,7012.jp,2020-06-18,1711.07,1713.02,1645.86,1670.19,1609570,https://stooq.com/q/d/l/?s=7012.jp&i=d,2026-03-22T01:59:33+00:00
7012,7012.T,7012.jp,2020-06-19,1693.54,1693.54,1642.93,1652.67,1463779,https://stooq.com/q/d/l/?s=7012.jp&i=d,2026-03-22T01:59:33+00:00
7012,7012.T,7012.jp,2020-06-22,1635.16,1677.97,1631.25,1654.61,729988,https://stooq.com/q/d/l/?s=7012.jp&i=d,2026-03-22T01:59:33+00:00
7012,7012.T,7012.jp,2020-06-23,1677.00,1690.63,1644.88,1664.34,912357,https://stooq.com/q/d/l/?s=7012.jp&i=d,2026-03-22T01:59:33+00:00
7012,7012.T,7012.jp,2020-06-24,1639.04,1648.77,1607.90,1607.90,1525424,https://stooq.com/q/d/l/?s=7012.jp&i=d,2026-03-22T01:59:33+00:00
7012,7012.T,7012.jp,2020-06-25,1568.96,1583.57,1515.42,1522.24,2391033,https://stooq.com/q/d/l/?s=7012.jp&i=d,2026-03-22T01:59:33+00:00
7012,7012.T,7012.jp,2020-06-26,1545.61,1562.15,1508.62,1515.42,1775808,https://stooq.com/q/d/l/?s=7012.jp&i=d,2026-03-22T01:59:33+00:00
7012,7012.T,7012.jp,2020-06-29,1483.32,1486.24,1440.48,1447.30,2142807,https://stooq.com/q/d/l/?s=7012.jp&i=d,2026-03-22T01:59:33+00:00
7012,7012.T,7012.jp,2020-06-30,1490.12,1533.93,1489.16,1508.62,2839506,https://stooq.com/q/d/l/?s=7012.jp&i=d,2026-03-22T01:59:33+00:00
7012,7012.T,7012.jp,2020-07-01,1484.28,1496.94,1448.28,1464.81,1798103,https://stooq.com/q/d/l/?s=7012.jp&i=d,2026-03-22T01:59:33+00:00
7012,7012.T,7012.jp,2020-07-02,1455.09,1511.54,1440.48,1489.16,1891908,https://stooq.com/q/d/l/?s=7012.jp&i=d,2026-03-22T01:59:33+00:00
7012,7012.T,7012.jp,2020-07-03,1506.67,1524.19,1464.81,1486.24,1172193,https://stooq.com/q/d/l/?s=7012.jp&i=d,2026-03-22T01:59:33+00:00
7012,7012.T,7012.jp,2020-07-06,1495.97,1554.36,1490.12,1549.50,1321273,https://stooq.com/q/d/l/?s=7012.jp&i=d,2026-03-22T01:59:33+00:00
7012,7012.T,7012.jp,2020-07-07,1556.31,1562.15,1510.57,1531.98,1009244,https://stooq.com/q/d/l/?s=7012.jp&i=d,2026-03-22T01:59:33+00:00
7012,7012.T,7012.jp,2020-07-08,1508.62,1540.73,1492.07,1517.38,961159,https://stooq.com/q/d/l/?s=7012.jp&i=d,2026-03-22T01:59:33+00:00
7012,7012.T,7012.jp,2020-07-09,1505.70,1526.15,1495.97,1496.94,929618,https://stooq.com/q/d/l/?s=7012.jp&i=d,2026-03-22T01:59:33+00:00
7012,7012.T,7012.jp,2020-07-10,1491.09,1492.07,1447.30,1447.30,1252949,https://stooq.com/q/d/l/?s=7012.jp&i=d,2026-03-22T01:59:33+00:00
7012,7012.T,7012.jp,2020-07-13,1490.12,1531.00,1490.12,1517.38,1321890,https://stooq.com/q/d/l/?s=7012.jp&i=d,2026-03-22T01:59:33+00:00
7012,7012.T,7012.jp,2020-07-14,1517.38,1545.61,1491.09,1533.93,1102226,https://stooq.com/q/d/l/?s=7012.jp&i=d,2026-03-22T01:59:33+00:00
7012,7012.T,7012.jp,2020-07-15,1567.99,1604.97,1563.13,1581.62,1433675,https://stooq.com/q/d/l/?s=7012.jp&i=d,2026-03-22T01:59:33+00:00
7012,7012.T,7012.jp,2020-07-16,1639.04,1664.34,1617.62,1640.01,2286030,https://stooq.com/q/d/l/?s=7012.jp&i=d,2026-03-22T01:59:33+00:00
7012,7012.T,7012.jp,2020-07-17,1623.47,1633.20,1591.34,1612.77,1326308,https://stooq.com/q/d/l/?s=7012.jp&i=d,2026-03-22T01:59:33+00:00
7012,7012.T,7012.jp,2020-07-20,1613.74,1622.50,1581.62,1614.71,731015,https://stooq.com/q/d/l/?s=7012.jp&i=d,2026-03-22T01:59:33+00:00
7012,7012.T,7012.jp,2020-07-21,1585.51,1601.09,1571.89,1591.34,748996,https://stooq.com/q/d/l/?s=7012.jp&i=d,2026-03-22T01:59:33+00:00
7012,7012.T,7012.jp,2020-07-22,1611.79,1624.44,1575.78,1576.75,869308,https://stooq.com/q/d/l/?s=7012.jp&i=d,2026-03-22T01:59:33+00:00
7012,7012.T,7012.jp,2020-07-27,1565.07,1577.72,1519.33,1577.72,956227,https://stooq.com/q/d/l/?s=7012.jp&i=d,2026-03-22T01:59:33+00:00
7012,7012.T,7012.jp,2020-07-28,1563.13,1571.89,1520.30,1524.19,911021,https://stooq.com/q/d/l/?s=7012.jp&i=d,2026-03-22T01:59:33+00:00
7012,7012.T,7012.jp,2020-07-29,1511.54,1529.05,1494.02,1496.94,1471381,https://stooq.com/q/d/l/?s=7012.jp&i=d,2026-03-22T01:59:33+00:00
7012,7012.T,7012.jp,2020-07-30,1508.62,1512.52,1461.90,1463.86,814340,https://stooq.com/q/d/l/?s=7012.jp&i=d,2026-03-22T01:59:33+00:00
7012,7012.T,7012.jp,2020-07-31,1444.38,1451.20,1391.82,1395.71,1529328,https://stooq.com/q/d/l/?s=7012.jp&i=d,2026-03-22T01:59:33+00:00
7012,7012.T,7012.jp,2020-08-03,1395.71,1442.43,1392.80,1429.78,1078390,https://stooq.com/q/d/l/?s=7012.jp&i=d,2026-03-22T01:59:33+00:00
7012,7012.T,7012.jp,2020-08-04,1459.95,1501.81,1449.25,1496.94,1040374,https://stooq.com/q/d/l/?s=7012.jp&i=d,2026-03-22T01:59:33+00:00
7012,7012.T,7012.jp,2020-08-05,1472.61,1510.57,1467.74,1492.07,1079622,https://stooq.com/q/d/l/?s=7012.jp&i=d,2026-03-22T01:59:33+00:00
7012,7012.T,7012.jp,2020-08-06,1489.16,1501.81,1397.66,1404.47,2643061,https://stooq.com/q/d/l/?s=7012.jp&i=d,2026-03-22T01:59:33+00:00
7012,7012.T,7012.jp,2020-08-07,1361.66,1396.69,1347.05,1389.87,2548435,https://stooq.com/q/d/l/?s=7012.jp&i=d,2026-03-22T01:59:33+00:00
7012,7012.T,7012.jp,2020-08-11,1448.28,1518.35,1430.75,1516.40,2352504,https://stooq.com/q/d/l/?s=7012.jp&i=d,2026-03-22T01:59:33+00:00
7012,7012.T,7012.jp,2020-08-12,1508.62,1553.38,1500.84,1537.82,1594878,https://stooq.com/q/d/l/?s=7012.jp&i=d,2026-03-22T01:59:33+00:00
7012,7012.T,7012.jp,2020-08-13,1562.15,1570.91,1507.65,1512.52,1864270,https://stooq.com/q/d/l/?s=7012.jp&i=d,2026-03-22T01:59:33+00:00
7012,7012.T,7012.jp,2020-08-14,1508.62,1516.40,1479.42,1482.34,1128631,https://stooq.com/q/d/l/?s=7012.jp&i=d,2026-03-22T01:59:33+00:00
7012,7012.T,7012.jp,2020-08-17,1475.53,1499.86,1466.76,1469.69,844238,https://stooq.com/q/d/l/?s=7012.jp&i=d,2026-03-22T01:59:33+00:00
7012,7012.T,7012.jp,2020-08-18,1459.95,1461.90,1421.02,1436.60,1271340,https://stooq.com/q/d/l/?s=7012.jp&i=d,2026-03-22T01:59:33+00:00
7012,7012.T,7012.jp,2020-08-19,1421.02,1440.48,1408.37,1435.62,1124623,https://stooq.com/q/d/l/?s=7012.jp&i=d,2026-03-22T01:59:33+00:00
7012,7012.T,7012.jp,2020-08-20,1421.02,1444.38,1412.27,1429.78,1009449,https://stooq.com/q/d/l/?s=7012.jp&i=d,2026-03-22T01:59:33+00:00
7012,7012.T,7012.jp,2020-08-21,1430.75,1463.86,1425.90,1428.80,972462,https://stooq.com/q/d/l/?s=7012.jp&i=d,2026-03-22T01:59:33+00:00
7012,7012.T,7012.jp,2020-08-24,1431.73,1440.48,1406.42,1411.29,783414,https://stooq.com/q/d/l/?s=7012.jp&i=d,2026-03-22T01:59:33+00:00
7012,7012.T,7012.jp,2020-08-25,1455.09,1485.26,1450.23,1473.58,1667723,https://stooq.com/q/d/l/?s=7012.jp&i=d,2026-03-22T01:59:33+00:00
7012,7012.T,7012.jp,2020-08-26,1450.23,1466.76,1444.38,1460.93,997530,https://stooq.com/q/d/l/?s=7012.jp&i=d,2026-03-22T01:59:33+00:00
7012,7012.T,7012.jp,2020-08-27,1441.46,1447.30,1426.86,1428.80,924686,https://stooq.com/q/d/l/?s=7012.jp&i=d,2026-03-22T01:59:33+00:00
7012,7012.T,7012.jp,2020-08-28,1462.88,1492.07,1428.80,1444.38,1842283,https://stooq.com/q/d/l/?s=7012.jp&i=d,2026-03-22T01:59:33+00:00
7012,7012.T,7012.jp,2020-08-31,1484.28,1507.65,1461.90,1461.90,1553267,https://stooq.com/q/d/l/?s=7012.jp&i=d,2026-03-22T01:59:33+00:00
7012,7012.T,7012.jp,2020-09-01,1448.28,1450.23,1428.80,1437.57,976880,https://stooq.com/q/d/l/?s=7012.jp&i=d,2026-03-22T01:59:33+00:00
7012,7012.T,7012.jp,2020-09-02,1452.16,1454.11,1408.37,1416.15,1288705,https://stooq.com/q/d/l/?s=7012.jp&i=d,2026-03-22T01:59:33+00:00
7012,7012.T,7012.jp,2020-09-03,1445.36,1455.09,1430.75,1435.62,913487,https://stooq.com/q/d/l/?s=7012.jp&i=d,2026-03-22T01:59:33+00:00
7012,7012.T,7012.jp,2020-09-04,1411.29,1435.62,1406.42,1435.62,969996,https://stooq.com/q/d/l/?s=7012.jp&i=d,2026-03-22T01:59:33+00:00
7012,7012.T,7012.jp,2020-09-07,1435.62,1466.76,1432.71,1450.23,981400,https://stooq.com/q/d/l/?s=7012.jp&i=d,2026-03-22T01:59:33+00:00
7012,7012.T,7012.jp,2020-09-08,1461.90,1474.56,1454.11,1474.56,1016948,https://stooq.com/q/d/l/?s=7012.jp&i=d,2026-03-22T01:59:33+00:00
7012,7012.T,7012.jp,2020-09-09,1438.55,1466.76,1429.78,1462.88,1173940,https://stooq.com/q/d/l/?s=7012.jp&i=d,2026-03-22T01:59:33+00:00
7012,7012.T,7012.jp,2020-09-10,1470.67,1502.77,1465.79,1502.77,1446106,https://stooq.com/q/d/l/?s=7012.jp&i=d,2026-03-22T01:59:33+00:00
7012,7012.T,7012.jp,2020-09-11,1503.75,1525.17,1483.32,1525.17,1541348,https://stooq.com/q/d/l/?s=7012.jp&i=d,2026-03-22T01:59:33+00:00
7012,7012.T,7012.jp,2020-09-14,1542.68,1567.99,1535.87,1566.04,1291171,https://stooq.com/q/d/l/?s=7012.jp&i=d,2026-03-22T01:59:33+00:00
7012,7012.T,7012.jp,2020-09-15,1551.45,1551.45,1524.19,1535.87,1043662,https://stooq.com/q/d/l/?s=7012.jp&i=d,2026-03-22T01:59:33+00:00
7012,7012.T,7012.jp,2020-09-16,1525.17,1526.15,1494.02,1495.97,991469,https://stooq.com/q/d/l/?s=7012.jp&i=d,2026-03-22T01:59:33+00:00
7012,7012.T,7012.jp,2020-09-17,1496.94,1506.67,1452.16,1454.11,1191509,https://stooq.com/q/d/l/?s=7012.jp&i=d,2026-03-22T01:59:33+00:00
7012,7012.T,7012.jp,2020-09-18,1469.69,1492.07,1461.90,1486.24,1326513,https://stooq.com/q/d/l/?s=7012.jp&i=d,2026-03-22T01:59:33+00:00
7012,7012.T,7012.jp,2020-09-23,1452.16,1458.01,1430.75,1443.41,1353843,https://stooq.com/q/d/l/?s=7012.jp&i=d,2026-03-22T01:59:33+00:00
7012,7012.T,7012.jp,2020-09-24,1431.73,1433.67,1406.42,1413.24,1444874,https://stooq.com/q/d/l/?s=7012.jp&i=d,2026-03-22T01:59:33+00:00
7012,7012.T,7012.jp,2020-09-25,1430.75,1433.67,1398.64,1402.52,1401722,https://stooq.com/q/d/l/?s=7012.jp&i=d,2026-03-22T01:59:33+00:00
7012,7012.T,7012.jp,2020-09-28,1411.29,1432.71,1385.99,1432.71,1439428,https://stooq.com/q/d/l/?s=7012.jp&i=d,2026-03-22T01:59:33+00:00
7012,7012.T,7012.jp,2020-09-29,1448.28,1453.13,1409.34,1411.29,1257368,https://stooq.com/q/d/l/?s=7012.jp&i=d,2026-03-22T01:59:33+00:00
7012,7012.T,7012.jp,2020-09-30,1392.80,1421.99,1377.22,1379.17,2059584,https://stooq.com/q/d/l/?s=7012.jp&i=d,2026-03-22T01:59:33+00:00
7012,7012.T,7012.jp,2020-10-02,1380.14,1389.87,1328.55,1333.42,2271440,https://stooq.com/q/d/l/?s=7012.jp&i=d,2026-03-22T01:59:33+00:00
7012,7012.T,7012.jp,2020-10-05,1379.17,1409.34,1348.03,1367.49,1927868,https://stooq.com/q/d/l/?s=7012.jp&i=d,2026-03-22T01:59:33+00:00
7012,7012.T,7012.jp,2020-10-06,1387.94,1425.90,1379.17,1423.95,1578028,https://stooq.com/q/d/l/?s=7012.jp&i=d,2026-03-22T01:59:33+00:00
7012,7012.T,7012.jp,2020-10-07,1385.99,1423.95,1377.22,1421.99,1347370,https://stooq.com/q/d/l/?s=7012.jp&i=d,2026-03-22T01:59:33+00:00
7012,7012.T,7012.jp,2020-10-08,1425.90,1432.71,1388.90,1391.82,1226134,https://stooq.com/q/d/l/?s=7012.jp&i=d,2026-03-22T01:59:33+00:00
7012,7012.T,7012.jp,2020-10-09,1404.47,1410.32,1359.70,1364.57,1797281,https://stooq.com/q/d/l/?s=7012.jp&i=d,2026-03-22T01:59:33+00:00
7012,7012.T,7012.jp,2020-10-12,1361.66,1362.63,1329.53,1333.42,1482888,https://stooq.com/q/d/l/?s=7012.jp&i=d,2026-03-22T01:59:33+00:00
7012,7012.T,7012.jp,2020-10-13,1353.86,1361.66,1327.58,1350.94,1406037,https://stooq.com/q/d/l/?s=7012.jp&i=d,2026-03-22T01:59:33+00:00
7012,7012.T,7012.jp,2020-10-14,1328.55,1328.55,1292.55,1294.49,1930026,https://stooq.com/q/d/l/?s=7012.jp&i=d,2026-03-22T01:59:33+00:00
7012,7012.T,7012.jp,2020-10-15,1291.57,1296.44,1265.29,1265.29,1652619,https://stooq.com/q/d/l/?s=7012.jp&i=d,2026-03-22T01:59:33+00:00
7012,7012.T,7012.jp,2020-10-16,1270.16,1282.81,1246.80,1246.80,1557274,https://stooq.com/q/d/l/?s=7012.jp&i=d,2026-03-22T01:59:33+00:00
7012,7012.T,7012.jp,2020-10-19,1268.22,1306.18,1267.24,1304.22,1957560,https://stooq.com/q/d/l/?s=7012.jp&i=d,2026-03-22T01:59:33+00:00
7012,7012.T,7012.jp,2020-10-20,1275.03,1286.71,1253.61,1257.50,1551315,https://stooq.com/q/d/l/?s=7012.jp&i=d,2026-03-22T01:59:33+00:00
7012,7012.T,7012.jp,2020-10-21,1272.11,1307.14,1272.11,1300.33,1487717,https://stooq.com/q/d/l/?s=7012.jp&i=d,2026-03-22T01:59:33+00:00
7012,7012.T,7012.jp,2020-10-22,1294.49,1302.28,1285.74,1293.52,1078184,https://stooq.com/q/d/l/?s=7012.jp&i=d,2026-03-22T01:59:33+00:00
7012,7012.T,7012.jp,2020-10-23,1307.14,1332.45,1293.52,1320.77,1877730,https://stooq.com/q/d/l/?s=7012.jp&i=d,2026-03-22T01:59:33+00:00
7012,7012.T,7012.jp,2020-10-26,1318.83,1340.23,1312.98,1330.51,1268978,https://stooq.com/q/d/l/?s=7012.jp&i=d,2026-03-22T01:59:33+00:00
7012,7012.T,7012.jp,2020-10-27,1304.22,1307.14,1280.87,1285.74,1310588,https://stooq.com/q/d/l/?s=7012.jp&i=d,2026-03-22T01:59:33+00:00
7012,7012.T,7012.jp,2020-10-28,1261.41,1263.35,1226.36,1232.20,1906292,https://stooq.com/q/d/l/?s=7012.jp&i=d,2026-03-22T01:59:33+00:00
7012,7012.T,7012.jp,2020-10-29,1206.89,1285.74,1198.14,1269.18,2926632,https://stooq.com/q/d/l/?s=7012.jp&i=d,2026-03-22T01:59:33+00:00
7012,7012.T,7012.jp,2020-10-30,1252.64,1259.46,1203.00,1206.89,2722995,https://stooq.com/q/d/l/?s=7012.jp&i=d,2026-03-22T01:59:33+00:00
7012,7012.T,7012.jp,2020-11-02,1223.45,1291.57,1223.45,1289.63,2500968,https://stooq.com/q/d/l/?s=7012.jp&i=d,2026-03-22T01:59:33+00:00
7012,7012.T,7012.jp,2020-11-04,1332.45,1340.23,1303.25,1317.85,2814437,https://stooq.com/q/d/l/?s=7012.jp&i=d,2026-03-22T01:59:33+00:00
7012,7012.T,7012.jp,2020-11-05,1305.20,1306.18,1267.24,1287.68,2412300,https://stooq.com/q/d/l/?s=7012.jp&i=d,2026-03-22T01:59:33+00:00
7012,7012.T,7012.jp,2020-11-06,1292.55,1348.03,1284.76,1346.08,2594258,https://stooq.com/q/d/l/?s=7012.jp&i=d,2026-03-22T01:59:33+00:00
7012,7012.T,7012.jp,2020-11-09,1352.89,1387.94,1321.75,1370.41,2570114,https://stooq.com/q/d/l/?s=7012.jp&i=d,2026-03-22T01:59:33+00:00
7012,7012.T,7012.jp,2020-11-10,1487.21,1567.99,1484.28,1556.31,7050219,https://stooq.com/q/d/l/?s=7012.jp&i=d,2026-03-22T01:59:33+00:00
7012,7012.T,7012.jp,2020-11-11,1575.78,1629.30,1518.35,1554.36,3578330,https://stooq.com/q/d/l/?s=7012.jp&i=d,2026-03-22T01:59:33+00:00
7012,7012.T,7012.jp,2020-11-12,1507.65,1532.96,1488.19,1531.00,2577819,https://stooq.com/q/d/l/?s=7012.jp&i=d,2026-03-22T01:59:33+00:00
7012,7012.T,7012.jp,2020-11-13,1492.07,1524.19,1469.69,1499.86,2070783,https://stooq.com/q/d/l/?s=7012.jp&i=d,2026-03-22T01:59:33+00:00
7012,7012.T,7012.jp,2020-11-16,1529.05,1555.33,1504.72,1533.93,2312742,https://stooq.com/q/d/l/?s=7012.jp&i=d,2026-03-22T01:59:33+00:00
7012,7012.T,7012.jp,2020-11-17,1572.86,1578.69,1540.73,1554.36,2124209,https://stooq.com/q/d/l/?s=7012.jp&i=d,2026-03-22T01:59:33+00:00
7012,7012.T,7012.jp,2020-11-18,1531.00,1563.13,1504.72,1552.42,1778274,https://stooq.com/q/d/l/?s=7012.jp&i=d,2026-03-22T01:59:33+00:00
7012,7012.T,7012.jp,2020-11-19,1567.01,1593.29,1522.24,1545.61,2381170,https://stooq.com/q/d/l/?s=7012.jp&i=d,2026-03-22T01:59:33+00:00
7012,7012.T,7012.jp,2020-11-20,1508.62,1549.50,1501.81,1545.61,1758239,https://stooq.com/q/d/l/?s=7012.jp&i=d,2026-03-22T01:59:33+00:00
7012,7012.T,7012.jp,2020-11-24,1586.48,1590.38,1557.29,1557.29,2351374,https://stooq.com/q/d/l/?s=7012.jp&i=d,2026-03-22T01:59:33+00:00
7012,7012.T,7012.jp,2020-11-25,1596.22,1621.53,1565.07,1567.99,2556654,https://stooq.com/q/d/l/?s=7012.jp&i=d,2026-03-22T01:59:33+00:00
7012,7012.T,7012.jp,2020-11-26,1544.63,1570.91,1535.87,1562.15,1918621,https://stooq.com/q/d/l/?s=7012.jp&i=d,2026-03-22T01:59:33+00:00
7012,7012.T,7012.jp,2020-11-27,1545.61,1561.18,1532.96,1547.55,4169513,https://stooq.com/q/d/l/?s=7012.jp&i=d,2026-03-22T01:59:33+00:00
7012,7012.T,7012.jp,2020-11-30,1533.93,1534.90,1451.20,1474.56,13454598,https://stooq.com/q/d/l/?s=7012.jp&i=d,2026-03-22T01:59:33+00:00
7012,7012.T,7012.jp,2020-12-01,1462.88,1505.70,1448.28,1495.00,3167049,https://stooq.com/q/d/l/?s=7012.jp&i=d,2026-03-22T01:59:33+00:00
7012,7012.T,7012.jp,2020-12-02,1499.86,1535.87,1495.00,1525.17,2339250,https://stooq.com/q/d/l/?s=7012.jp&i=d,2026-03-22T01:59:33+00:00
7012,7012.T,7012.jp,2020-12-03,1530.03,1552.42,1522.24,1542.68,1686524,https://stooq.com/q/d/l/?s=7012.jp&i=d,2026-03-22T01:59:33+00:00
7012,7012.T,7012.jp,2020-12-04,1531.98,1564.10,1526.15,1559.24,1500971,https://stooq.com/q/d/l/?s=7012.jp&i=d,2026-03-22T01:59:33+00:00
7012,7012.T,7012.jp,2020-12-07,1576.75,1581.62,1539.76,1543.66,1262916,https://stooq.com/q/d/l/?s=7012.jp&i=d,2026-03-22T01:59:33+00:00
7012,7012.T,7012.jp,2020-12-08,1528.08,1573.83,1514.46,1568.96,1726389,https://stooq.com/q/d/l/?s=7012.jp&i=d,2026-03-22T01:59:33+00:00
7012,7012.T,7012.jp,2020-12-09,1573.83,1659.49,1570.91,1641.96,2885534,https://stooq.com/q/d/l/?s=7012.jp&i=d,2026-03-22T01:59:33+00:00
7012,7012.T,7012.jp,2020-12-10,1683.82,1739.29,1670.19,1713.02,3237224,https://stooq.com/q/d/l/?s=7012.jp&i=d,2026-03-22T01:59:33+00:00
7012,7012.T,7012.jp,2020-12-11,1737.35,1745.13,1672.14,1745.13,3927861,https://stooq.com/q/d/l/?s=7012.jp&i=d,2026-03-22T01:59:33+00:00
7012,7012.T,7012.jp,2020-12-14,1776.27,1951.47,1770.44,1937.85,5881621,https://stooq.com/q/d/l/?s=7012.jp&i=d,2026-03-22T01:59:33+00:00
7012,7012.T,7012.jp,2020-12-15,1936.88,2068.27,1921.30,2047.83,6931551,https://stooq.com/q/d/l/?s=7012.jp&i=d,2026-03-22T01:59:33+00:00
7012,7012.T,7012.jp,2020-12-16,2005.00,2071.19,1996.24,2060.48,3555110,https://stooq.com/q/d/l/?s=7012.jp&i=d,2026-03-22T01:59:33+00:00
7012,7012.T,7012.jp,2020-12-17,2054.64,2066.32,1947.58,1956.34,3846694,https://stooq.com/q/d/l/?s=7012.jp&i=d,2026-03-22T01:59:33+00:00
7012,7012.T,7012.jp,2020-12-18,1948.56,2032.26,1941.74,2017.66,4233317,https://stooq.com/q/d/l/?s=7012.jp&i=d,2026-03-22T01:59:33+00:00
7012,7012.T,7012.jp,2020-12-21,2063.40,2073.14,2022.52,2045.89,2779504,https://stooq.com/q/d/l/?s=7012.jp&i=d,2026-03-22T01:59:33+00:00
7012,7012.T,7012.jp,2020-12-22,2022.52,2110.12,2014.74,2071.19,3468087,https://stooq.com/q/d/l/?s=7012.jp&i=d,2026-03-22T01:59:33+00:00
7012,7012.T,7012.jp,2020-12-23,2064.38,2080.92,1997.22,2005.98,2277399,https://stooq.com/q/d/l/?s=7012.jp&i=d,2026-03-22T01:59:33+00:00
7012,7012.T,7012.jp,2020-12-24,2092.60,2145.16,2062.43,2074.11,3213387,https://stooq.com/q/d/l/?s=7012.jp&i=d,2026-03-22T01:59:33+00:00
7012,7012.T,7012.jp,2020-12-25,2082.87,2126.66,2074.11,2096.50,1642140,https://stooq.com/q/d/l/?s=7012.jp&i=d,2026-03-22T01:59:33+00:00
7012,7012.T,7012.jp,2020-12-28,2097.47,2202.58,2078.97,2202.58,3555727,https://stooq.com/q/d/l/?s=7012.jp&i=d,2026-03-22T01:59:33+00:00
7012,7012.T,7012.jp,2020-12-29,2224.96,2290.18,2209.40,2244.44,3626208,https://stooq.com/q/d/l/?s=7012.jp&i=d,2026-03-22T01:59:33+00:00
7012,7012.T,7012.jp,2020-12-30,2268.77,2276.55,2234.71,2261.96,2237946,https://stooq.com/q/d/l/?s=7012.jp&i=d,2026-03-22T01:59:33+00:00
7012,7012.T,7012.jp,2021-01-04,2286.30,2296.02,2198.69,2277.53,2344490,https://stooq.com/q/d/l/?s=7012.jp&i=d,2026-03-22T01:59:33+00:00
7012,7012.T,7012.jp,2021-01-05,2253.20,2286.30,2229.84,2271.69,1719505,https://stooq.com/q/d/l/?s=7012.jp&i=d,2026-03-22T01:59:33+00:00
7012,7012.T,7012.jp,2021-01-06,2267.80,2300.88,2249.30,2288.23,2301853,https://stooq.com/q/d/l/?s=7012.jp&i=d,2026-03-22T01:59:33+00:00
7012,7012.T,7012.jp,2021-01-07,2355.40,2439.09,2347.61,2397.25,3494081,https://stooq.com/q/d/l/?s=7012.jp&i=d,2026-03-22T01:59:33+00:00
7012,7012.T,7012.jp,2021-01-08,2422.55,2466.35,2391.40,2459.54,3092459,https://stooq.com/q/d/l/?s=7012.jp&i=d,2026-03-22T01:59:33+00:00
7012,7012.T,7012.jp,2021-01-12,2471.22,2552.97,2459.54,2493.60,2505181,https://stooq.com/q/d/l/?s=7012.jp&i=d,2026-03-22T01:59:33+00:00
7012,7012.T,7012.jp,2021-01-13,2470.25,2569.52,2462.45,2564.66,2321681,https://stooq.com/q/d/l/?s=7012.jp&i=d,2026-03-22T01:59:33+00:00
7012,7012.T,7012.jp,2021-01-14,2579.25,2588.99,2481.93,2495.56,3315822,https://stooq.com/q/d/l/?s=7012.jp&i=d,2026-03-22T01:59:33+00:00
7012,7012.T,7012.jp,2021-01-15,2492.63,2539.35,2437.15,2448.84,2107257,https://stooq.com/q/d/l/?s=7012.jp&i=d,2026-03-22T01:59:33+00:00
7012,7012.T,7012.jp,2021-01-18,2423.53,2451.74,2384.59,2407.95,2182465,https://stooq.com/q/d/l/?s=7012.jp&i=d,2026-03-22T01:59:33+00:00
7012,7012.T,7012.jp,2021-01-19,2404.06,2472.19,2388.48,2421.58,1799336,https://stooq.com/q/d/l/?s=7012.jp&i=d,2026-03-22T01:59:33+00:00
7012,7012.T,7012.jp,2021-01-20,2422.55,2432.29,2377.78,2398.22,1389495,https://stooq.com/q/d/l/?s=7012.jp&i=d,2026-03-22T01:59:33+00:00
7012,7012.T,7012.jp,2021-01-21,2419.64,2428.39,2333.01,2333.98,2502920,https://stooq.com/q/d/l/?s=7012.jp&i=d,2026-03-22T01:59:33+00:00
7012,7012.T,7012.jp,2021-01-22,2321.33,2347.61,2291.16,2339.82,1920573,https://stooq.com/q/d/l/?s=7012.jp&i=d,2026-03-22T01:59:33+00:00
7012,7012.T,7012.jp,2021-01-25,2371.94,2380.70,2311.60,2328.14,1392166,https://stooq.com/q/d/l/?s=7012.jp&i=d,2026-03-22T01:59:33+00:00
7012,7012.T,7012.jp,2021-01-26,2344.68,2348.59,2235.68,2250.27,2152258,https://stooq.com/q/d/l/?s=7012.jp&i=d,2026-03-22T01:59:33+00:00
7012,7012.T,7012.jp,2021-01-27,2268.77,2287.25,2201.61,2202.58,1717553,https://stooq.com/q/d/l/?s=7012.jp&i=d,2026-03-22T01:59:33+00:00
7012,7012.T,7012.jp,2021-01-28,2131.53,2255.15,2124.72,2239.57,2179075,https://stooq.com/q/d/l/?s=7012.jp&i=d,2026-03-22T01:59:33+00:00
7012,7012.T,7012.jp,2021-01-29,2239.57,2253.20,2148.08,2155.86,1409119,https://stooq.com/q/d/l/?s=7012.jp&i=d,2026-03-22T01:59:33+00:00
7012,7012.T,7012.jp,2021-02-01,2154.89,2246.39,2154.89,2212.31,1676661,https://stooq.com/q/d/l/?s=7012.jp&i=d,2026-03-22T01:59:33+00:00
7012,7012.T,7012.jp,2021-02-02,2186.04,2257.09,2170.47,2252.22,1320658,https://stooq.com/q/d/l/?s=7012.jp&i=d,2026-03-22T01:59:33+00:00
7012,7012.T,7012.jp,2021-02-03,2285.32,2311.60,2249.30,2281.42,1519156,https://stooq.com/q/d/l/?s=7012.jp&i=d,2026-03-22T01:59:33+00:00
7012,7012.T,7012.jp,2021-02-04,2259.04,2335.93,2251.24,2275.58,2628677,https://stooq.com/q/d/l/?s=7012.jp&i=d,2026-03-22T01:59:33+00:00
7012,7012.T,7012.jp,2021-02-05,2306.73,2358.31,2270.72,2301.86,2265070,https://stooq.com/q/d/l/?s=7012.jp&i=d,2026-03-22T01:59:33+00:00
7012,7012.T,7012.jp,2021-02-08,2304.78,2361.24,2302.83,2340.79,1638031,https://stooq.com/q/d/l/?s=7012.jp&i=d,2026-03-22T01:59:33+00:00
7012,7012.T,7012.jp,2021-02-09,2333.98,2353.44,2269.74,2293.11,1731526,https://stooq.com/q/d/l/?s=7012.jp&i=d,2026-03-22T01:59:33+00:00
7012,7012.T,7012.jp,2021-02-10,2288.23,2300.88,2258.06,2260.99,1098424,https://stooq.com/q/d/l/?s=7012.jp&i=d,2026-03-22T01:59:33+00:00
7012,7012.T,7012.jp,2021-02-12,2243.46,2256.11,2209.40,2253.20,979448,https://stooq.com/q/d/l/?s=7012.jp&i=d,2026-03-22T01:59:33+00:00
7012,7012.T,7012.jp,2021-02-15,2287.25,2311.60,2228.87,2252.22,1038627,https://stooq.com/q/d/l/?s=7012.jp&i=d,2026-03-22T01:59:33+00:00
7012,7012.T,7012.jp,2021-02-16,2259.04,2353.44,2244.44,2334.96,1781254,https://stooq.com/q/d/l/?s=7012.jp&i=d,2026-03-22T01:59:33+00:00
7012,7012.T,7012.jp,2021-02-17,2331.07,2414.76,2326.19,2388.48,2003589,https://stooq.com/q/d/l/?s=7012.jp&i=d,2026-03-22T01:59:33+00:00
7012,7012.T,7012.jp,2021-02-18,2406.01,2416.71,2290.18,2310.63,2009652,https://stooq.com/q/d/l/?s=7012.jp&i=d,2026-03-22T01:59:33+00:00
7012,7012.T,7012.jp,2021-02-19,2283.37,2304.78,2205.50,2232.76,1788549,https://stooq.com/q/d/l/?s=7012.jp&i=d,2026-03-22T01:59:33+00:00
7012,7012.T,7012.jp,2021-02-22,2257.09,2296.02,2229.84,2245.41,1241545,https://stooq.com/q/d/l/?s=7012.jp&i=d,2026-03-22T01:59:33+00:00
7012,7012.T,7012.jp,2021-02-24,2271.69,2343.72,2250.27,2307.70,2381992,https://stooq.com/q/d/l/?s=7012.jp&i=d,2026-03-22T01:59:33+00:00
7012,7012.T,7012.jp,2021-02-25,2380.70,2400.16,2305.76,2326.19,1676559,https://stooq.com/q/d/l/?s=7012.jp&i=d,2026-03-22T01:59:33+00:00
7012,7012.T,7012.jp,2021-02-26,2287.25,2339.82,2242.49,2324.26,1949136,https://stooq.com/q/d/l/?s=7012.jp&i=d,2026-03-22T01:59:33+00:00
7012,7012.T,7012.jp,2021-03-01,2335.93,2351.49,2300.88,2324.26,1286751,https://stooq.com/q/d/l/?s=7012.jp&i=d,2026-03-22T01:59:33+00:00
7012,7012.T,7012.jp,2021-03-02,2357.34,2402.11,2340.79,2381.68,1749917,https://stooq.com/q/d/l/?s=7012.jp&i=d,2026-03-22T01:59:33+00:00
7012,7012.T,7012.jp,2021-03-03,2407.95,2527.66,2399.19,2510.15,3365652,https://stooq.com/q/d/l/?s=7012.jp&i=d,2026-03-22T01:59:33+00:00
7012,7012.T,7012.jp,2021-03-04,2540.31,2565.62,2421.58,2476.08,2744674,https://stooq.com/q/d/l/?s=7012.jp&i=d,2026-03-22T01:59:33+00:00
7012,7012.T,7012.jp,2021-03-05,2479.00,2498.47,2423.53,2479.00,1466552,https://stooq.com/q/d/l/?s=7012.jp&i=d,2026-03-22T01:59:33+00:00
7012,7012.T,7012.jp,2021-03-08,2502.36,2512.09,2413.78,2423.53,1458949,https://stooq.com/q/d/l/?s=7012.jp&i=d,2026-03-22T01:59:33+00:00
7012,7012.T,7012.jp,2021-03-09,2489.70,2499.44,2444.94,2499.44,1702758,https://stooq.com/q/d/l/?s=7012.jp&i=d,2026-03-22T01:59:33+00:00
7012,7012.T,7012.jp,2021-03-10,2460.51,2490.68,2422.55,2482.90,1191920,https://stooq.com/q/d/l/?s=7012.jp&i=d,2026-03-22T01:59:33+00:00
7012,7012.T,7012.jp,2021-03-11,2529.61,2571.47,2509.17,2513.07,1476415,https://stooq.com/q/d/l/?s=7012.jp&i=d,2026-03-22T01:59:33+00:00
7012,7012.T,7012.jp,2021-03-12,2561.73,2659.07,2531.56,2652.25,3578227,https://stooq.com/q/d/l/?s=7012.jp&i=d,2026-03-22T01:59:33+00:00
7012,7012.T,7012.jp,2021-03-15,2671.72,2772.95,2671.72,2730.11,2062255,https://stooq.com/q/d/l/?s=7012.jp&i=d,2026-03-22T01:59:33+00:00
7012,7012.T,7012.jp,2021-03-16,2749.57,2765.15,2694.10,2721.36,1994137,https://stooq.com/q/d/l/?s=7012.jp&i=d,2026-03-22T01:59:33+00:00
7012,7012.T,7012.jp,2021-03-17,2681.45,2728.17,2637.65,2727.19,1688168,https://stooq.com/q/d/l/?s=7012.jp&i=d,2026-03-22T01:59:33+00:00
7012,7012.T,7012.jp,2021-03-18,2752.50,2757.37,2677.56,2708.71,1476108,https://stooq.com/q/d/l/?s=7012.jp&i=d,2026-03-22T01:59:33+00:00
7012,7012.T,7012.jp,2021-03-19,2690.21,2754.45,2680.47,2744.72,1518335,https://stooq.com/q/d/l/?s=7012.jp&i=d,2026-03-22T01:59:33+00:00
7012,7012.T,7012.jp,2021-03-22,2755.42,2778.78,2710.66,2764.18,1540424,https://stooq.com/q/d/l/?s=7012.jp&i=d,2026-03-22T01:59:33+00:00
7012,7012.T,7012.jp,2021-03-23,2778.78,2784.63,2691.19,2694.10,1251613,https://stooq.com/q/d/l/?s=7012.jp&i=d,2026-03-22T01:59:33+00:00
7012,7012.T,7012.jp,2021-03-24,2623.05,2638.62,2551.03,2605.53,1649948,https://stooq.com/q/d/l/?s=7012.jp&i=d,2026-03-22T01:59:33+00:00
7012,7012.T,7012.jp,2021-03-25,2626.94,2699.94,2626.94,2636.67,1318808,https://stooq.com/q/d/l/?s=7012.jp&i=d,2026-03-22T01:59:33+00:00
7012,7012.T,7012.jp,2021-03-26,2697.03,2766.13,2680.47,2701.89,1813515,https://stooq.com/q/d/l/?s=7012.jp&i=d,2026-03-22T01:59:33+00:00
7012,7012.T,7012.jp,2021-03-29,2720.38,2737.90,2592.88,2626.94,2122874,https://stooq.com/q/d/l/?s=7012.jp&i=d,2026-03-22T01:59:33+00:00
7012,7012.T,7012.jp,2021-03-30,2632.79,2715.52,2631.81,2705.78,1173529,https://stooq.com/q/d/l/?s=7012.jp&i=d,2026-03-22T01:59:33+00:00
7012,7012.T,7012.jp,2021-03-31,2724.27,2734.99,2656.14,2668.80,1348398,https://stooq.com/q/d/l/?s=7012.jp&i=d,2026-03-22T01:59:33+00:00
7012,7012.T,7012.jp,2021-04-01,2691.19,2692.15,2549.08,2569.52,1769747,https://stooq.com/q/d/l/?s=7012.jp&i=d,2026-03-22T01:59:33+00:00
7012,7012.T,7012.jp,2021-04-02,2602.61,2640.57,2596.78,2608.46,980578,https://stooq.com/q/d/l/?s=7012.jp&i=d,2026-03-22T01:59:33+00:00
7012,7012.T,7012.jp,2021-04-05,2610.40,2645.44,2566.60,2618.18,916877,https://stooq.com/q/d/l/?s=7012.jp&i=d,2026-03-22T01:59:33+00:00
7012,7012.T,7012.jp,2021-04-06,2611.36,2613.32,2537.40,2552.97,1102226,https://stooq.com/q/d/l/?s=7012.jp&i=d,2026-03-22T01:59:33+00:00
7012,7012.T,7012.jp,2021-04-07,2532.54,2572.44,2503.33,2547.13,1184728,https://stooq.com/q/d/l/?s=7012.jp&i=d,2026-03-22T01:59:33+00:00
7012,7012.T,7012.jp,2021-04-08,2534.48,2565.62,2523.78,2557.85,786907,https://stooq.com/q/d/l/?s=7012.jp&i=d,2026-03-22T01:59:33+00:00
7012,7012.T,7012.jp,2021-04-09,2564.66,2618.18,2542.27,2588.99,1056506,https://stooq.com/q/d/l/?s=7012.jp&i=d,2026-03-22T01:59:33+00:00
7012,7012.T,7012.jp,2021-04-12,2620.14,2631.81,2559.79,2571.47,694747,https://stooq.com/q/d/l/?s=7012.jp&i=d,2026-03-22T01:59:33+00:00
7012,7012.T,7012.jp,2021-04-13,2550.05,2590.93,2535.46,2565.62,907733,https://stooq.com/q/d/l/?s=7012.jp&i=d,2026-03-22T01:59:33+00:00
7012,7012.T,7012.jp,2021-04-14,2545.19,2605.53,2532.54,2592.88,1078800,https://stooq.com/q/d/l/?s=7012.jp&i=d,2026-03-22T01:59:33+00:00
7012,7012.T,7012.jp,2021-04-15,2598.71,2621.11,2588.01,2603.58,838896,https://stooq.com/q/d/l/?s=7012.jp&i=d,2026-03-22T01:59:33+00:00
7012,7012.T,7012.jp,2021-04-16,2583.15,2596.78,2549.08,2572.44,770263,https://stooq.com/q/d/l/?s=7012.jp&i=d,2026-03-22T01:59:33+00:00
7012,7012.T,7012.jp,2021-04-19,2567.57,2567.57,2527.66,2538.37,902287,https://stooq.com/q/d/l/?s=7012.jp&i=d,2026-03-22T01:59:33+00:00
7012,7012.T,7012.jp,2021-04-20,2507.23,2512.09,2458.56,2483.87,1084759,https://stooq.com/q/d/l/?s=7012.jp&i=d,2026-03-22T01:59:33+00:00
7012,7012.T,7012.jp,2021-04-21,2410.88,2412.82,2345.66,2371.94,1498197,https://stooq.com/q/d/l/?s=7012.jp&i=d,2026-03-22T01:59:33+00:00
7012,7012.T,7012.jp,2021-04-22,2427.41,2442.99,2406.98,2424.50,1115377,https://stooq.com/q/d/l/?s=7012.jp&i=d,2026-03-22T01:59:33+00:00
7012,7012.T,7012.jp,2021-04-23,2395.30,2421.58,2375.82,2417.69,882767,https://stooq.com/q/d/l/?s=7012.jp&i=d,2026-03-22T01:59:33+00:00
7012,7012.T,7012.jp,2021-04-26,2431.31,2451.74,2404.06,2437.15,996811,https://stooq.com/q/d/l/?s=7012.jp&i=d,2026-03-22T01:59:33+00:00
7012,7012.T,7012.jp,2021-04-27,2441.04,2506.26,2418.66,2494.58,1329390,https://stooq.com/q/d/l/?s=7012.jp&i=d,2026-03-22T01:59:33+00:00
7012,7012.T,7012.jp,2021-04-28,2543.24,2566.60,2517.94,2535.46,1463469,https://stooq.com/q/d/l/?s=7012.jp&i=d,2026-03-22T01:59:33+00:00
7012,7012.T,7012.jp,2021-04-30,2544.22,2566.60,2533.52,2543.24,1336891,https://stooq.com/q/d/l/?s=7012.jp&i=d,2026-03-22T01:59:33+00:00
7012,7012.T,7012.jp,2021-05-06,2562.70,2621.11,2561.73,2613.32,1219147,https://stooq.com/q/d/l/?s=7012.jp&i=d,2026-03-22T01:59:33+00:00
7012,7012.T,7012.jp,2021-05-07,2607.48,2652.25,2595.80,2637.65,1090308,https://stooq.com/q/d/l/?s=7012.jp&i=d,2026-03-22T01:59:33+00:00
7012,7012.T,7012.jp,2021-05-10,2664.90,2751.52,2664.90,2732.06,1788445,https://stooq.com/q/d/l/?s=7012.jp&i=d,2026-03-22T01:59:33+00:00
7012,7012.T,7012.jp,2021-05-11,2715.52,2764.18,2581.20,2602.61,2305037,https://stooq.com/q/d/l/?s=7012.jp&i=d,2026-03-22T01:59:33+00:00
7012,7012.T,7012.jp,2021-05-12,2608.46,2611.36,2467.32,2533.52,2047872,https://stooq.com/q/d/l/?s=7012.jp&i=d,2026-03-22T01:59:33+00:00
7012,7012.T,7012.jp,2021-05-13,2521.83,2596.78,2505.28,2511.13,1777657,https://stooq.com/q/d/l/?s=7012.jp&i=d,2026-03-22T01:59:33+00:00
7012,7012.T,7012.jp,2021-05-14,2578.27,2596.78,2507.23,2508.21,2060099,https://stooq.com/q/d/l/?s=7012.jp&i=d,2026-03-22T01:59:33+00:00
7012,7012.T,7012.jp,2021-05-17,2532.54,2534.48,2439.09,2461.48,1610803,https://stooq.com/q/d/l/?s=7012.jp&i=d,2026-03-22T01:59:33+00:00
7012,7012.T,7012.jp,2021-05-18,2462.45,2488.74,2441.04,2447.86,1376960,https://stooq.com/q/d/l/?s=7012.jp&i=d,2026-03-22T01:59:33+00:00
7012,7012.T,7012.jp,2021-05-19,2408.93,2424.50,2380.70,2406.01,1838584,https://stooq.com/q/d/l/?s=7012.jp&i=d,2026-03-22T01:59:33+00:00
7012,7012.T,7012.jp,2021-05-20,2401.13,2402.11,2360.26,2379.73,1501176,https://stooq.com/q/d/l/?s=7012.jp&i=d,2026-03-22T01:59:33+00:00
7012,7012.T,7012.jp,2021-05-21,2379.73,2379.73,2334.96,2365.12,1773857,https://stooq.com/q/d/l/?s=7012.jp&i=d,2026-03-22T01:59:33+00:00
7012,7012.T,7012.jp,2021-05-24,2394.33,2432.29,2384.59,2426.44,1943690,https://stooq.com/q/d/l/?s=7012.jp&i=d,2026-03-22T01:59:33+00:00
7012,7012.T,7012.jp,2021-05-25,2460.51,2522.80,2443.97,2469.27,3057424,https://stooq.com/q/d/l/?s=7012.jp&i=d,2026-03-22T01:59:33+00:00
7012,7012.T,7012.jp,2021-05-26,2472.19,2577.31,2456.62,2576.33,2719296,https://stooq.com/q/d/l/?s=7012.jp&i=d,2026-03-22T01:59:33+00:00
7012,7012.T,7012.jp,2021-05-27,2543.24,2560.76,2503.33,2503.33,2046946,https://stooq.com/q/d/l/?s=7012.jp&i=d,2026-03-22T01:59:33+00:00
7012,7012.T,7012.jp,2021-05-28,2588.99,2640.57,2587.03,2610.40,2140032,https://stooq.com/q/d/l/?s=7012.jp&i=d,2026-03-22T01:59:33+00:00
7012,7012.T,7012.jp,2021-05-31,2601.64,2602.61,2531.56,2561.73,1135103,https://stooq.com/q/d/l/?s=7012.jp&i=d,2026-03-22T01:59:33+00:00
7012,7012.T,7012.jp,2021-06-01,2623.05,2644.47,2574.38,2613.32,1381892,https://stooq.com/q/d/l/?s=7012.jp&i=d,2026-03-22T01:59:33+00:00
7012,7012.T,7012.jp,2021-06-02,2626.94,2664.90,2593.85,2655.17,1279149,https://stooq.com/q/d/l/?s=7012.jp&i=d,2026-03-22T01:59:33+00:00
7012,7012.T,7012.jp,2021-06-03,2632.79,2681.45,2618.18,2645.44,1262916,https://stooq.com/q/d/l/?s=7012.jp&i=d,2026-03-22T01:59:33+00:00
7012,7012.T,7012.jp,2021-06-04,2648.36,2694.10,2619.16,2692.15,1588815,https://stooq.com/q/d/l/?s=7012.jp&i=d,2026-03-22T01:59:33+00:00
7012,7012.T,7012.jp,2021-06-07,2666.85,2677.56,2581.20,2605.53,2022390,https://stooq.com/q/d/l/?s=7012.jp&i=d,2026-03-22T01:59:33+00:00
7012,7012.T,7012.jp,2021-06-08,2590.93,2615.27,2564.66,2565.62,841464,https://stooq.com/q/d/l/?s=7012.jp&i=d,2026-03-22T01:59:33+00:00
7012,7012.T,7012.jp,2021-06-09,2518.91,2535.46,2462.45,2471.22,1969479,https://stooq.com/q/d/l/?s=7012.jp&i=d,2026-03-22T01:59:33+00:00
7012,7012.T,7012.jp,2021-06-10,2470.25,2474.13,2445.91,2467.32,809922,https://stooq.com/q/d/l/?s=7012.jp&i=d,2026-03-22T01:59:33+00:00
7012,7012.T,7012.jp,2021-06-11,2439.09,2444.94,2369.99,2400.16,2060509,https://stooq.com/q/d/l/?s=7012.jp&i=d,2026-03-22T01:59:33+00:00
7012,7012.T,7012.jp,2021-06-14,2419.64,2436.18,2410.88,2436.18,1121644,https://stooq.com/q/d/l/?s=7012.jp&i=d,2026-03-22T01:59:33+00:00
7012,7012.T,7012.jp,2021-06-15,2447.86,2470.25,2387.51,2414.76,1545458,https://stooq.com/q/d/l/?s=7012.jp&i=d,2026-03-22T01:59:33+00:00
7012,7012.T,7012.jp,2021-06-16,2432.29,2449.80,2406.98,2410.88,873931,https://stooq.com/q/d/l/?s=7012.jp&i=d,2026-03-22T01:59:33+00:00
7012,7012.T,7012.jp,2021-06-17,2409.90,2434.23,2379.73,2408.93,1057841,https://stooq.com/q/d/l/?s=7012.jp&i=d,2026-03-22T01:59:33+00:00
7012,7012.T,7012.jp,2021-06-18,2311.60,2317.44,2279.48,2298.95,2605047,https://stooq.com/q/d/l/?s=7012.jp&i=d,2026-03-22T01:59:33+00:00
7012,7012.T,7012.jp,2021-06-21,2219.13,2242.49,2184.10,2219.13,2327332,https://stooq.com/q/d/l/?s=7012.jp&i=d,2026-03-22T01:59:33+00:00
7012,7012.T,7012.jp,2021-06-22,2310.63,2315.49,2248.34,2260.99,2095647,https://stooq.com/q/d/l/?s=7012.jp&i=d,2026-03-22T01:59:33+00:00
7012,7012.T,7012.jp,2021-06-23,2275.58,2300.88,2239.57,2282.39,1932080,https://stooq.com/q/d/l/?s=7012.jp&i=d,2026-03-22T01:59:33+00:00
7012,7012.T,7012.jp,2021-06-24,2283.37,2333.98,2283.37,2294.07,1417236,https://stooq.com/q/d/l/?s=7012.jp&i=d,2026-03-22T01:59:33+00:00
7012,7012.T,7012.jp,2021-06-25,2335.93,2374.86,2329.11,2357.34,1589227,https://stooq.com/q/d/l/?s=7012.jp&i=d,2026-03-22T01:59:33+00:00
7012,7012.T,7012.jp,2021-06-28,2374.86,2401.13,2358.31,2378.75,1200346,https://stooq.com/q/d/l/?s=7012.jp&i=d,2026-03-22T01:59:33+00:00
7012,7012.T,7012.jp,2021-06-29,2313.53,2315.49,2270.72,2281.42,1826153,https://stooq.com/q/d/l/?s=7012.jp&i=d,2026-03-22T01:59:33+00:00
7012,7012.T,7012.jp,2021-06-30,2283.37,2319.38,2279.48,2311.60,1263121,https://stooq.com/q/d/l/?s=7012.jp&i=d,2026-03-22T01:59:33+00:00
7012,7012.T,7012.jp,2021-07-01,2325.21,2333.98,2280.45,2298.95,899102,https://stooq.com/q/d/l/?s=7012.jp&i=d,2026-03-22T01:59:33+00:00
7012,7012.T,7012.jp,2021-07-02,2309.65,2331.07,2299.91,2331.07,796977,https://stooq.com/q/d/l/?s=7012.jp&i=d,2026-03-22T01:59:33+00:00
7012,7012.T,7012.jp,2021-07-05,2310.63,2331.07,2298.95,2314.51,809511,https://stooq.com/q/d/l/?s=7012.jp&i=d,2026-03-22T01:59:33+00:00
7012,7012.T,7012.jp,2021-07-06,2324.26,2341.77,2317.44,2332.03,721358,https://stooq.com/q/d/l/?s=7012.jp&i=d,2026-03-22T01:59:33+00:00
7012,7012.T,7012.jp,2021-07-07,2260.99,2277.53,2235.68,2273.64,1308739,https://stooq.com/q/d/l/?s=7012.jp&i=d,2026-03-22T01:59:33+00:00
7012,7012.T,7012.jp,2021-07-08,2270.72,2305.76,2268.77,2278.50,1429873,https://stooq.com/q/d/l/?s=7012.jp&i=d,2026-03-22T01:59:33+00:00
7012,7012.T,7012.jp,2021-07-09,2215.24,2256.11,2163.65,2250.27,2976667,https://stooq.com/q/d/l/?s=7012.jp&i=d,2026-03-22T01:59:33+00:00
7012,7012.T,7012.jp,2021-07-12,2286.30,2331.07,2278.50,2327.16,1393708,https://stooq.com/q/d/l/?s=7012.jp&i=d,2026-03-22T01:59:33+00:00
7012,7012.T,7012.jp,2021-07-13,2351.49,2393.36,2351.49,2382.64,1325178,https://stooq.com/q/d/l/?s=7012.jp&i=d,2026-03-22T01:59:33+00:00
7012,7012.T,7012.jp,2021-07-14,2321.33,2335.93,2282.39,2289.20,1809713,https://stooq.com/q/d/l/?s=7012.jp&i=d,2026-03-22T01:59:33+00:00
7012,7012.T,7012.jp,2021-07-15,2260.99,2260.99,2192.85,2200.63,2630425,https://stooq.com/q/d/l/?s=7012.jp&i=d,2026-03-22T01:59:33+00:00
7012,7012.T,7012.jp,2021-07-16,2204.53,2246.39,2201.61,2239.57,1291171,https://stooq.com/q/d/l/?s=7012.jp&i=d,2026-03-22T01:59:33+00:00
7012,7012.T,7012.jp,2021-07-19,2199.67,2210.38,2168.52,2189.93,1357440,https://stooq.com/q/d/l/?s=7012.jp&i=d,2026-03-22T01:59:33+00:00
7012,7012.T,7012.jp,2021-07-20,2152.95,2195.77,2151.00,2168.52,1180722,https://stooq.com/q/d/l/?s=7012.jp&i=d,2026-03-22T01:59:33+00:00
7012,7012.T,7012.jp,2021-07-21,2217.19,2218.15,2149.05,2152.95,1487820,https://stooq.com/q/d/l/?s=7012.jp&i=d,2026-03-22T01:59:33+00:00
7012,7012.T,7012.jp,2021-07-26,2200.63,2229.84,2191.88,2219.13,1063183,https://stooq.com/q/d/l/?s=7012.jp&i=d,2026-03-22T01:59:33+00:00
7012,7012.T,7012.jp,2021-07-27,2235.68,2263.90,2233.73,2242.49,983866,https://stooq.com/q/d/l/?s=7012.jp&i=d,2026-03-22T01:59:33+00:00
7012,7012.T,7012.jp,2021-07-28,2224.00,2253.20,2219.13,2245.41,773654,https://stooq.com/q/d/l/?s=7012.jp&i=d,2026-03-22T01:59:33+00:00
7012,7012.T,7012.jp,2021-07-29,2247.36,2260.02,2234.71,2250.27,640191,https://stooq.com/q/d/l/?s=7012.jp&i=d,2026-03-22T01:59:33+00:00
7012,7012.T,7012.jp,2021-07-30,2247.36,2247.36,2205.50,2217.19,735023,https://stooq.com/q/d/l/?s=7012.jp&i=d,2026-03-22T01:59:33+00:00
7012,7012.T,7012.jp,2021-08-02,2244.44,2270.72,2225.94,2262.92,911226,https://stooq.com/q/d/l/?s=7012.jp&i=d,2026-03-22T01:59:33+00:00
7012,7012.T,7012.jp,2021-08-03,2270.72,2270.72,2233.73,2266.82,949447,https://stooq.com/q/d/l/?s=7012.jp&i=d,2026-03-22T01:59:33+00:00
7012,7012.T,7012.jp,2021-08-04,2260.02,2262.92,2230.81,2262.92,939172,https://stooq.com/q/d/l/?s=7012.jp&i=d,2026-03-22T01:59:33+00:00
7012,7012.T,7012.jp,2021-08-05,2224.00,2387.51,2210.38,2290.18,3485964,https://stooq.com/q/d/l/?s=7012.jp&i=d,2026-03-22T01:59:33+00:00
7012,7012.T,7012.jp,2021-08-06,2311.60,2412.82,2304.78,2377.78,4346848,https://stooq.com/q/d/l/?s=7012.jp&i=d,2026-03-22T01:59:33+00:00
7012,7012.T,7012.jp,2021-08-10,2355.40,2428.39,2355.40,2393.36,2141984,https://stooq.com/q/d/l/?s=7012.jp&i=d,2026-03-22T01:59:33+00:00
7012,7012.T,7012.jp,2021-08-11,2405.03,2468.30,2387.51,2442.02,2911016,https://stooq.com/q/d/l/?s=7012.jp&i=d,2026-03-22T01:59:33+00:00
7012,7012.T,7012.jp,2021-08-12,2455.65,2508.21,2453.69,2460.51,1981397,https://stooq.com/q/d/l/?s=7012.jp&i=d,2026-03-22T01:59:33+00:00
7012,7012.T,7012.jp,2021-08-13,2442.99,2444.94,2379.73,2380.70,1274217,https://stooq.com/q/d/l/?s=7012.jp&i=d,2026-03-22T01:59:33+00:00
7012,7012.T,7012.jp,2021-08-16,2353.44,2362.21,2326.19,2359.29,1609056,https://stooq.com/q/d/l/?s=7012.jp&i=d,2026-03-22T01:59:33+00:00
7012,7012.T,7012.jp,2021-08-17,2367.07,2375.82,2279.48,2279.48,1394117,https://stooq.com/q/d/l/?s=7012.jp&i=d,2026-03-22T01:59:33+00:00
7012,7012.T,7012.jp,2021-08-18,2256.11,2318.41,2244.44,2291.16,2877726,https://stooq.com/q/d/l/?s=7012.jp&i=d,2026-03-22T01:59:33+00:00
7012,7012.T,7012.jp,2021-08-19,2281.42,2331.07,2267.80,2301.86,2777655,https://stooq.com/q/d/l/?s=7012.jp&i=d,2026-03-22T01:59:33+00:00
7012,7012.T,7012.jp,2021-08-20,2269.74,2289.20,2208.43,2215.24,1417955,https://stooq.com/q/d/l/?s=7012.jp&i=d,2026-03-22T01:59:33+00:00
7012,7012.T,7012.jp,2021-08-23,2213.29,2241.52,2210.38,2224.00,819682,https://stooq.com/q/d/l/?s=7012.jp&i=d,2026-03-22T01:59:33+00:00
7012,7012.T,7012.jp,2021-08-24,2235.68,2272.67,2228.87,2270.72,721872,https://stooq.com/q/d/l/?s=7012.jp&i=d,2026-03-22T01:59:33+00:00
7012,7012.T,7012.jp,2021-08-25,2316.46,2342.74,2297.00,2311.60,1074690,https://stooq.com/q/d/l/?s=7012.jp&i=d,2026-03-22T01:59:33+00:00
7012,7012.T,7012.jp,2021-08-26,2360.26,2361.24,2297.97,2302.83,989003,https://stooq.com/q/d/l/?s=7012.jp&i=d,2026-03-22T01:59:33+00:00
7012,7012.T,7012.jp,2021-08-27,2300.88,2308.68,2271.69,2284.35,724954,https://stooq.com/q/d/l/?s=7012.jp&i=d,2026-03-22T01:59:33+00:00
7012,7012.T,7012.jp,2021-08-30,2318.41,2328.14,2297.00,2325.21,833142,https://stooq.com/q/d/l/?s=7012.jp&i=d,2026-03-22T01:59:33+00:00
7012,7012.T,7012.jp,2021-08-31,2294.07,2309.65,2255.15,2279.48,2102326,https://stooq.com/q/d/l/?s=7012.jp&i=d,2026-03-22T01:59:33+00:00
7012,7012.T,7012.jp,2021-09-01,2279.48,2326.19,2267.80,2326.19,1290040,https://stooq.com/q/d/l/?s=7012.jp&i=d,2026-03-22T01:59:33+00:00
7012,7012.T,7012.jp,2021-09-02,2312.56,2322.31,2277.53,2281.42,1001538,https://stooq.com/q/d/l/?s=7012.jp&i=d,2026-03-22T01:59:33+00:00
7012,7012.T,7012.jp,2021-09-03,2288.23,2380.70,2279.48,2374.86,2015200,https://stooq.com/q/d/l/?s=7012.jp&i=d,2026-03-22T01:59:33+00:00
7012,7012.T,7012.jp,2021-09-06,2413.78,2426.44,2359.29,2374.86,1760089,https://stooq.com/q/d/l/?s=7012.jp&i=d,2026-03-22T01:59:33+00:00
7012,7012.T,7012.jp,2021-09-07,2398.22,2407.95,2373.89,2389.45,1582651,https://stooq.com/q/d/l/?s=7012.jp&i=d,2026-03-22T01:59:33+00:00
7012,7012.T,7012.jp,2021-09-08,2389.45,2405.03,2370.97,2400.16,909069,https://stooq.com/q/d/l/?s=7012.jp&i=d,2026-03-22T01:59:33+00:00
7012,7012.T,7012.jp,2021-09-09,2369.99,2390.43,2368.05,2389.45,810230,https://stooq.com/q/d/l/?s=7012.jp&i=d,2026-03-22T01:59:33+00:00
7012,7012.T,7012.jp,2021-09-10,2406.01,2454.67,2399.19,2434.23,1941738,https://stooq.com/q/d/l/?s=7012.jp&i=d,2026-03-22T01:59:33+00:00
7012,7012.T,7012.jp,2021-09-13,2423.53,2442.99,2409.90,2429.36,1120925,https://stooq.com/q/d/l/?s=7012.jp&i=d,2026-03-22T01:59:33+00:00
7012,7012.T,7012.jp,2021-09-14,2454.67,2526.70,2454.67,2526.70,2261475,https://stooq.com/q/d/l/?s=7012.jp&i=d,2026-03-22T01:59:33+00:00
7012,7012.T,7012.jp,2021-09-15,2491.65,2499.44,2455.65,2489.70,1707278,https://stooq.com/q/d/l/?s=7012.jp&i=d,2026-03-22T01:59:33+00:00
7012,7012.T,7012.jp,2021-09-16,2509.17,2515.01,2434.23,2440.07,1413434,https://stooq.com/q/d/l/?s=7012.jp&i=d,2026-03-22T01:59:33+00:00
7012,7012.T,7012.jp,2021-09-17,2421.58,2426.44,2397.25,2406.01,1582241,https://stooq.com/q/d/l/?s=7012.jp&i=d,2026-03-22T01:59:33+00:00
7012,7012.T,7012.jp,2021-09-21,2346.64,2390.43,2325.21,2380.70,1132637,https://stooq.com/q/d/l/?s=7012.jp&i=d,2026-03-22T01:59:33+00:00
7012,7012.T,7012.jp,2021-09-22,2346.64,2367.07,2333.01,2359.29,1057635,https://stooq.com/q/d/l/?s=7012.jp&i=d,2026-03-22T01:59:33+00:00
7012,7012.T,7012.jp,2021-09-24,2442.02,2464.40,2435.21,2455.65,1557377,https://stooq.com/q/d/l/?s=7012.jp&i=d,2026-03-22T01:59:33+00:00
7012,7012.T,7012.jp,2021-09-27,2472.19,2514.04,2464.40,2478.02,1271547,https://stooq.com/q/d/l/?s=7012.jp&i=d,2026-03-22T01:59:33+00:00
7012,7012.T,7012.jp,2021-09-28,2508.21,2530.59,2467.32,2530.59,1650976,https://stooq.com/q/d/l/?s=7012.jp&i=d,2026-03-22T01:59:33+00:00
7012,7012.T,7012.jp,2021-09-29,2530.59,2621.18,2519.76,2554.22,2489071,https://stooq.com/q/d/l/?s=7012.jp&i=d,2026-03-22T01:59:33+00:00
7012,7012.T,7012.jp,2021-09-30,2549.29,2603.45,2531.57,2567.02,1320653,https://stooq.com/q/d/l/?s=7012.jp&i=d,2026-03-22T01:59:33+00:00
7012,7012.T,7012.jp,2021-10-01,2520.74,2543.39,2407.50,2433.11,2435042,https://stooq.com/q/d/l/?s=7012.jp&i=d,2026-03-22T01:59:33+00:00
7012,7012.T,7012.jp,2021-10-04,2479.39,2515.81,2443.94,2464.61,1287036,https://stooq.com/q/d/l/?s=7012.jp&i=d,2026-03-22T01:59:33+00:00
7012,7012.T,7012.jp,2021-10-05,2458.71,2490.22,2413.42,2481.35,1326848,https://stooq.com/q/d/l/?s=7012.jp&i=d,2026-03-22T01:59:33+00:00
7012,7012.T,7012.jp,2021-10-06,2483.32,2546.35,2435.08,2456.74,1549258,https://stooq.com/q/d/l/?s=7012.jp&i=d,2026-03-22T01:59:33+00:00
7012,7012.T,7012.jp,2021-10-07,2458.71,2473.48,2375.01,2391.75,1790458,https://stooq.com/q/d/l/?s=7012.jp&i=d,2026-03-22T01:59:33+00:00
7012,7012.T,7012.jp,2021-10-08,2421.29,2453.78,2402.58,2406.52,947632,https://stooq.com/q/d/l/?s=7012.jp&i=d,2026-03-22T01:59:33+00:00
7012,7012.T,7012.jp,2021-10-11,2441.97,2480.37,2437.05,2474.46,888526,https://stooq.com/q/d/l/?s=7012.jp&i=d,2026-03-22T01:59:33+00:00
7012,7012.T,7012.jp,2021-10-12,2501.05,2554.22,2498.09,2543.39,1613036,https://stooq.com/q/d/l/?s=7012.jp&i=d,2026-03-22T01:59:33+00:00
7012,7012.T,7012.jp,2021-10-13,2549.29,2601.48,2513.85,2571.94,1643199,https://stooq.com/q/d/l/?s=7012.jp&i=d,2026-03-22T01:59:33+00:00
7012,7012.T,7012.jp,2021-10-14,2599.52,2629.06,2572.93,2609.36,1590185,https://stooq.com/q/d/l/?s=7012.jp&i=d,2026-03-22T01:59:33+00:00
7012,7012.T,7012.jp,2021-10-15,2619.21,2626.10,2591.63,2619.21,1388696,https://stooq.com/q/d/l/?s=7012.jp&i=d,2026-03-22T01:59:33+00:00
7012,7012.T,7012.jp,2021-10-18,2643.83,2733.43,2638.90,2719.65,2698787,https://stooq.com/q/d/l/?s=7012.jp&i=d,2026-03-22T01:59:33+00:00
7012,7012.T,7012.jp,2021-10-19,2718.66,2749.19,2503.01,2540.43,4857999,https://stooq.com/q/d/l/?s=7012.jp&i=d,2026-03-22T01:59:33+00:00
7012,7012.T,7012.jp,2021-10-20,2466.59,2469.54,2294.27,2311.01,8390979,https://stooq.com/q/d/l/?s=7012.jp&i=d,2026-03-22T01:59:33+00:00
7012,7012.T,7012.jp,2021-10-21,2357.29,2376.98,2302.15,2308.05,4427091,https://stooq.com/q/d/l/?s=7012.jp&i=d,2026-03-22T01:59:33+00:00
7012,7012.T,7012.jp,2021-10-22,2287.37,2335.63,2259.81,2321.84,2460431,https://stooq.com/q/d/l/?s=7012.jp&i=d,2026-03-22T01:59:33+00:00
7012,7012.T,7012.jp,2021-10-25,2309.03,2383.87,2306.09,2366.15,1902780,https://stooq.com/q/d/l/?s=7012.jp&i=d,2026-03-22T01:59:33+00:00
7012,7012.T,7012.jp,2021-10-26,2373.04,2382.89,2308.05,2324.79,2447432,https://stooq.com/q/d/l/?s=7012.jp&i=d,2026-03-22T01:59:33+00:00
7012,7012.T,7012.jp,2021-10-27,2342.51,2366.15,2281.47,2304.12,1746686,https://stooq.com/q/d/l/?s=7012.jp&i=d,2026-03-22T01:59:33+00:00
7012,7012.T,7012.jp,2021-10-28,2268.67,2289.34,2245.03,2274.58,2702239,https://stooq.com/q/d/l/?s=7012.jp&i=d,2026-03-22T01:59:33+00:00
7012,7012.T,7012.jp,2021-10-29,2292.30,2300.17,2247.99,2270.64,1061275,https://stooq.com/q/d/l/?s=7012.jp&i=d,2026-03-22T01:59:33+00:00
7012,7012.T,7012.jp,2021-11-01,2309.03,2314.95,2279.50,2310.02,1161410,https://stooq.com/q/d/l/?s=7012.jp&i=d,2026-03-22T01:59:33+00:00
7012,7012.T,7012.jp,2021-11-02,2337.60,2342.51,2289.34,2291.31,953217,https://stooq.com/q/d/l/?s=7012.jp&i=d,2026-03-22T01:59:33+00:00
7012,7012.T,7012.jp,2021-11-04,2315.93,2329.71,2299.19,2316.92,892892,https://stooq.com/q/d/l/?s=7012.jp&i=d,2026-03-22T01:59:33+00:00
7012,7012.T,7012.jp,2021-11-05,2296.24,2300.17,2255.86,2273.59,1005418,https://stooq.com/q/d/l/?s=7012.jp&i=d,2026-03-22T01:59:33+00:00
7012,7012.T,7012.jp,2021-11-08,2304.12,2321.84,2285.41,2291.31,988153,https://stooq.com/q/d/l/?s=7012.jp&i=d,2026-03-22T01:59:33+00:00
7012,7012.T,7012.jp,2021-11-09,2271.62,2277.53,2070.75,2079.61,5475976,https://stooq.com/q/d/l/?s=7012.jp&i=d,2026-03-22T01:59:33+00:00
7012,7012.T,7012.jp,2021-11-10,2084.53,2093.39,2019.55,2041.21,3998824,https://stooq.com/q/d/l/?s=7012.jp&i=d,2026-03-22T01:59:33+00:00
7012,7012.T,7012.jp,2021-11-11,2035.31,2048.10,1986.07,2000.84,2884637,https://stooq.com/q/d/l/?s=7012.jp&i=d,2026-03-22T01:59:33+00:00
7012,7012.T,7012.jp,2021-11-12,2012.66,2048.10,2004.77,2015.60,1772482,https://stooq.com/q/d/l/?s=7012.jp&i=d,2026-03-22T01:59:33+00:00
7012,7012.T,7012.jp,2021-11-15,2035.31,2072.72,2034.32,2038.25,1565203,https://stooq.com/q/d/l/?s=7012.jp&i=d,2026-03-22T01:59:33+00:00
7012,7012.T,7012.jp,2021-11-16,2047.11,2105.21,2026.44,2074.69,2044756,https://stooq.com/q/d/l/?s=7012.jp&i=d,2026-03-22T01:59:33+00:00
7012,7012.T,7012.jp,2021-11-17,2064.84,2065.83,2022.50,2043.18,1296075,https://stooq.com/q/d/l/?s=7012.jp&i=d,2026-03-22T01:59:33+00:00
7012,7012.T,7012.jp,2021-11-18,2023.49,2055.00,2008.72,2053.03,966116,https://stooq.com/q/d/l/?s=7012.jp&i=d,2026-03-22T01:59:33+00:00
7012,7012.T,7012.jp,2021-11-19,2039.24,2055.00,2025.45,2054.01,1513916,https://stooq.com/q/d/l/?s=7012.jp&i=d,2026-03-22T01:59:33+00:00
7012,7012.T,7012.jp,2021-11-22,2012.66,2033.33,1969.33,2031.36,1968690,https://stooq.com/q/d/l/?s=7012.jp&i=d,2026-03-22T01:59:33+00:00
7012,7012.T,7012.jp,2021-11-24,2047.11,2080.59,2038.25,2059.92,1957621,https://stooq.com/q/d/l/?s=7012.jp&i=d,2026-03-22T01:59:33+00:00
7012,7012.T,7012.jp,2021-11-25,2069.76,2102.25,2052.04,2084.53,1449325,https://stooq.com/q/d/l/?s=7012.jp&i=d,2026-03-22T01:59:33+00:00
7012,7012.T,7012.jp,2021-11-26,2072.72,2077.65,2001.83,2020.53,1533517,https://stooq.com/q/d/l/?s=7012.jp&i=d,2026-03-22T01:59:33+00:00
7012,7012.T,7012.jp,2021-11-29,1959.49,2002.81,1940.77,1954.56,2087004,https://stooq.com/q/d/l/?s=7012.jp&i=d,2026-03-22T01:59:33+00:00
7012,7012.T,7012.jp,2021-11-30,1969.33,1983.11,1874.80,1878.74,2738699,https://stooq.com/q/d/l/?s=7012.jp&i=d,2026-03-22T01:59:33+00:00
7012,7012.T,7012.jp,2021-12-01,1915.18,1947.67,1888.59,1909.26,2248989,https://stooq.com/q/d/l/?s=7012.jp&i=d,2026-03-22T01:59:33+00:00
7012,7012.T,7012.jp,2021-12-02,1880.71,1898.43,1859.05,1891.54,1806401,https://stooq.com/q/d/l/?s=7012.jp&i=d,2026-03-22T01:59:33+00:00
7012,7012.T,7012.jp,2021-12-03,1920.09,1933.88,1896.46,1924.04,2080201,https://stooq.com/q/d/l/?s=7012.jp&i=d,2026-03-22T01:59:33+00:00
7012,7012.T,7012.jp,2021-12-06,1939.79,1973.26,1908.28,1944.71,1379353,https://stooq.com/q/d/l/?s=7012.jp&i=d,2026-03-22T01:59:33+00:00
7012,7012.T,7012.jp,2021-12-07,1984.10,1998.87,1950.62,1991.00,1455013,https://stooq.com/q/d/l/?s=7012.jp&i=d,2026-03-22T01:59:33+00:00
7012,7012.T,7012.jp,2021-12-08,1998.87,2001.83,1965.39,1975.24,1324816,https://stooq.com/q/d/l/?s=7012.jp&i=d,2026-03-22T01:59:33+00:00
7012,7012.T,7012.jp,2021-12-09,1978.19,1992.96,1951.60,1961.45,954233,https://stooq.com/q/d/l/?s=7012.jp&i=d,2026-03-22T01:59:33+00:00
7012,7012.T,7012.jp,2021-12-10,1952.59,1989.02,1939.79,1954.56,1092960,https://stooq.com/q/d/l/?s=7012.jp&i=d,2026-03-22T01:59:33+00:00
7012,7012.T,7012.jp,2021-12-13,1969.33,1975.24,1925.02,1952.59,1058837,https://stooq.com/q/d/l/?s=7012.jp&i=d,2026-03-22T01:59:33+00:00
7012,7012.T,7012.jp,2021-12-14,1931.91,1938.80,1907.29,1926.01,1140591,https://stooq.com/q/d/l/?s=7012.jp&i=d,2026-03-22T01:59:33+00:00
7012,7012.T,7012.jp,2021-12-15,1935.85,2039.24,1935.85,2022.50,3201598,https://stooq.com/q/d/l/?s=7012.jp&i=d,2026-03-22T01:59:33+00:00
7012,7012.T,7012.jp,2021-12-16,2024.47,2051.06,2013.64,2023.49,1700579,https://stooq.com/q/d/l/?s=7012.jp&i=d,2026-03-22T01:59:33+00:00
7012,7012.T,7012.jp,2021-12-17,2055.98,2080.59,2024.47,2033.33,1744858,https://stooq.com/q/d/l/?s=7012.jp&i=d,2026-03-22T01:59:33+00:00
7012,7012.T,7012.jp,2021-12-20,1984.10,2013.64,1956.53,1960.46,1714289,https://stooq.com/q/d/l/?s=7012.jp&i=d,2026-03-22T01:59:33+00:00
7012,7012.T,7012.jp,2021-12-21,1999.86,2007.73,1969.33,1987.05,1277694,https://stooq.com/q/d/l/?s=7012.jp&i=d,2026-03-22T01:59:33+00:00
7012,7012.T,7012.jp,2021-12-22,2018.56,2038.25,1991.00,1996.90,1220619,https://stooq.com/q/d/l/?s=7012.jp&i=d,2026-03-22T01:59:33+00:00
7012,7012.T,7012.jp,2021-12-23,2006.74,2048.10,2001.83,2032.35,1314762,https://stooq.com/q/d/l/?s=7012.jp&i=d,2026-03-22T01:59:33+00:00
7012,7012.T,7012.jp,2021-12-24,2067.80,2086.51,2038.25,2046.14,1311106,https://stooq.com/q/d/l/?s=7012.jp&i=d,2026-03-22T01:59:33+00:00
7012,7012.T,7012.jp,2021-12-27,2044.17,2051.06,2023.49,2033.33,944280,https://stooq.com/q/d/l/?s=7012.jp&i=d,2026-03-22T01:59:33+00:00
7012,7012.T,7012.jp,2021-12-28,2043.18,2052.04,2008.72,2022.50,1050611,https://stooq.com/q/d/l/?s=7012.jp&i=d,2026-03-22T01:59:33+00:00
7012,7012.T,7012.jp,2021-12-29,2045.15,2055.00,2029.39,2041.21,1022378,https://stooq.com/q/d/l/?s=7012.jp&i=d,2026-03-22T01:59:33+00:00
7012,7012.T,7012.jp,2021-12-30,2043.18,2049.08,2018.56,2046.14,600103,https://stooq.com/q/d/l/?s=7012.jp&i=d,2026-03-22T01:59:33+00:00
7012,7012.T,7012.jp,2022-01-04,2065.83,2082.56,2054.01,2073.70,1229657,https://stooq.com/q/d/l/?s=7012.jp&i=d,2026-03-22T01:59:33+00:00
7012,7012.T,7012.jp,2022-01-05,2115.06,2160.35,2101.27,2160.35,2119198,https://stooq.com/q/d/l/?s=7012.jp&i=d,2026-03-22T01:59:33+00:00
7012,7012.T,7012.jp,2022-01-06,2164.30,2183.99,2127.86,2144.60,1682196,https://stooq.com/q/d/l/?s=7012.jp&i=d,2026-03-22T01:59:33+00:00
7012,7012.T,7012.jp,2022-01-07,2146.57,2184.97,2140.66,2174.14,1548243,https://stooq.com/q/d/l/?s=7012.jp&i=d,2026-03-22T01:59:33+00:00
7012,7012.T,7012.jp,2022-01-11,2174.14,2214.51,2173.16,2206.64,1608872,https://stooq.com/q/d/l/?s=7012.jp&i=d,2026-03-22T01:59:33+00:00
7012,7012.T,7012.jp,2022-01-12,2226.33,2274.58,2224.36,2272.61,1730132,https://stooq.com/q/d/l/?s=7012.jp&i=d,2026-03-22T01:59:33+00:00
7012,7012.T,7012.jp,2022-01-13,2279.50,2319.87,2272.61,2314.95,2009212,https://stooq.com/q/d/l/?s=7012.jp&i=d,2026-03-22T01:59:33+00:00
7012,7012.T,7012.jp,2022-01-14,2316.92,2325.78,2257.83,2283.44,2165103,https://stooq.com/q/d/l/?s=7012.jp&i=d,2026-03-22T01:59:33+00:00
7012,7012.T,7012.jp,2022-01-17,2309.03,2348.43,2289.34,2301.16,1485684,https://stooq.com/q/d/l/?s=7012.jp&i=d,2026-03-22T01:59:33+00:00
7012,7012.T,7012.jp,2022-01-18,2313.96,2370.09,2276.54,2296.24,2774142,https://stooq.com/q/d/l/?s=7012.jp&i=d,2026-03-22T01:59:33+00:00
7012,7012.T,7012.jp,2022-01-19,2270.64,2316.92,2261.78,2273.59,1983518,https://stooq.com/q/d/l/?s=7012.jp&i=d,2026-03-22T01:59:33+00:00
7012,7012.T,7012.jp,2022-01-20,2254.88,2266.70,2191.86,2247.99,1878914,https://stooq.com/q/d/l/?s=7012.jp&i=d,2026-03-22T01:59:33+00:00
7012,7012.T,7012.jp,2022-01-21,2210.57,2236.17,2147.55,2232.23,1986869,https://stooq.com/q/d/l/?s=7012.jp&i=d,2026-03-22T01:59:33+00:00
7012,7012.T,7012.jp,2022-01-24,2231.25,2261.78,2224.36,2243.06,1351323,https://stooq.com/q/d/l/?s=7012.jp&i=d,2026-03-22T01:59:33+00:00
7012,7012.T,7012.jp,2022-01-25,2236.17,2236.17,2148.54,2169.21,1639644,https://stooq.com/q/d/l/?s=7012.jp&i=d,2026-03-22T01:59:33+00:00
7012,7012.T,7012.jp,2022-01-26,2199.74,2204.66,2164.30,2177.10,1136834,https://stooq.com/q/d/l/?s=7012.jp&i=d,2026-03-22T01:59:33+00:00
7012,7012.T,7012.jp,2022-01-27,2188.91,2228.30,2127.86,2145.58,1725155,https://stooq.com/q/d/l/?s=7012.jp&i=d,2026-03-22T01:59:33+00:00
7012,7012.T,7012.jp,2022-01-28,2160.35,2193.83,2155.44,2186.94,1274850,https://stooq.com/q/d/l/?s=7012.jp&i=d,2026-03-22T01:59:33+00:00
7012,7012.T,7012.jp,2022-01-31,2157.40,2200.72,2148.54,2173.16,1304404,https://stooq.com/q/d/l/?s=7012.jp&i=d,2026-03-22T01:59:33+00:00
7012,7012.T,7012.jp,2022-02-01,2190.88,2192.85,2126.87,2135.73,1391032,https://stooq.com/q/d/l/?s=7012.jp&i=d,2026-03-22T01:59:33+00:00
7012,7012.T,7012.jp,2022-02-02,2158.38,2258.82,2138.69,2183.00,3197942,https://stooq.com/q/d/l/?s=7012.jp&i=d,2026-03-22T01:59:33+00:00
7012,7012.T,7012.jp,2022-02-03,2158.38,2164.30,2050.07,2106.20,3035450,https://stooq.com/q/d/l/?s=7012.jp&i=d,2026-03-22T01:59:33+00:00
7012,7012.T,7012.jp,2022-02-04,2084.53,2107.18,2056.97,2082.56,2480540,https://stooq.com/q/d/l/?s=7012.jp&i=d,2026-03-22T01:59:33+00:00
7012,7012.T,7012.jp,2022-02-07,2067.80,2142.63,2056.97,2138.69,1778574,https://stooq.com/q/d/l/?s=7012.jp&i=d,2026-03-22T01:59:33+00:00
7012,7012.T,7012.jp,2022-02-08,2154.45,2190.88,2131.80,2181.03,1380165,https://stooq.com/q/d/l/?s=7012.jp&i=d,2026-03-22T01:59:33+00:00
7012,7012.T,7012.jp,2022-02-09,2200.72,2219.44,2156.41,2158.38,1546719,https://stooq.com/q/d/l/?s=7012.jp&i=d,2026-03-22T01:59:33+00:00
7012,7012.T,7012.jp,2022-02-10,2174.14,2183.00,2144.60,2181.03,1479387,https://stooq.com/q/d/l/?s=7012.jp&i=d,2026-03-22T01:59:33+00:00
7012,7012.T,7012.jp,2022-02-14,2171.18,2173.16,2122.93,2143.62,1356096,https://stooq.com/q/d/l/?s=7012.jp&i=d,2026-03-22T01:59:33+00:00
7012,7012.T,7012.jp,2022-02-15,2142.63,2171.18,2098.32,2100.29,1387782,https://stooq.com/q/d/l/?s=7012.jp&i=d,2026-03-22T01:59:33+00:00
7012,7012.T,7012.jp,2022-02-16,2127.86,2134.75,2098.32,2107.18,1272615,https://stooq.com/q/d/l/?s=7012.jp&i=d,2026-03-22T01:59:33+00:00
7012,7012.T,7012.jp,2022-02-17,2101.27,2106.20,2060.90,2077.65,1234531,https://stooq.com/q/d/l/?s=7012.jp&i=d,2026-03-22T01:59:33+00:00
7012,7012.T,7012.jp,2022-02-18,2048.10,2097.34,2046.14,2083.55,818350,https://stooq.com/q/d/l/?s=7012.jp&i=d,2026-03-22T01:59:33+00:00
7012,7012.T,7012.jp,2022-02-21,2052.04,2058.93,2021.52,2052.04,1166183,https://stooq.com/q/d/l/?s=7012.jp&i=d,2026-03-22T01:59:33+00:00
7012,7012.T,7012.jp,2022-02-22,2017.58,2050.07,2011.67,2032.35,1118858,https://stooq.com/q/d/l/?s=7012.jp&i=d,2026-03-22T01:59:33+00:00
7012,7012.T,7012.jp,2022-02-24,2037.27,2040.22,1972.28,2000.84,1481621,https://stooq.com/q/d/l/?s=7012.jp&i=d,2026-03-22T01:59:33+00:00
7012,7012.T,7012.jp,2022-02-25,1993.94,2041.21,1991.00,2026.44,1132365,https://stooq.com/q/d/l/?s=7012.jp&i=d,2026-03-22T01:59:33+00:00
7012,7012.T,7012.jp,2022-02-28,2058.93,2100.29,2055.98,2093.39,1878203,https://stooq.com/q/d/l/?s=7012.jp&i=d,2026-03-22T01:59:33+00:00
7012,7012.T,7012.jp,2022-03-01,2124.90,2165.28,2117.03,2149.52,1664830,https://stooq.com/q/d/l/?s=7012.jp&i=d,2026-03-22T01:59:33+00:00
7012,7012.T,7012.jp,2022-03-02,2121.96,2142.63,2104.23,2120.97,1252507,https://stooq.com/q/d/l/?s=7012.jp&i=d,2026-03-22T01:59:33+00:00
7012,7012.T,7012.jp,2022-03-03,2150.51,2151.49,2124.90,2133.77,791640,https://stooq.com/q/d/l/?s=7012.jp&i=d,2026-03-22T01:59:33+00:00
7012,7012.T,7012.jp,2022-03-04,2132.79,2141.65,2070.75,2083.55,1518994,https://stooq.com/q/d/l/?s=7012.jp&i=d,2026-03-22T01:59:33+00:00
7012,7012.T,7012.jp,2022-03-07,2048.10,2060.90,1990.01,2006.74,1649292,https://stooq.com/q/d/l/?s=7012.jp&i=d,2026-03-22T01:59:33+00:00
7012,7012.T,7012.jp,2022-03-08,1965.39,1986.07,1917.14,1919.11,2476477,https://stooq.com/q/d/l/?s=7012.jp&i=d,2026-03-22T01:59:33+00:00
7012,7012.T,7012.jp,2022-03-09,1935.85,1967.36,1904.34,1913.21,1259108,https://stooq.com/q/d/l/?s=7012.jp&i=d,2026-03-22T01:59:33+00:00
7012,7012.T,7012.jp,2022-03-10,1988.04,2006.74,1957.52,1993.94,1209752,https://stooq.com/q/d/l/?s=7012.jp&i=d,2026-03-22T01:59:33+00:00
7012,7012.T,7012.jp,2022-03-11,1969.33,1992.96,1950.62,1984.10,1070923,https://stooq.com/q/d/l/?s=7012.jp&i=d,2026-03-22T01:59:33+00:00
7012,7012.T,7012.jp,2022-03-14,2009.70,2064.84,2008.72,2045.15,1112154,https://stooq.com/q/d/l/?s=7012.jp&i=d,2026-03-22T01:59:33+00:00
7012,7012.T,7012.jp,2022-03-15,2057.94,2079.61,2024.47,2026.44,835716,https://stooq.com/q/d/l/?s=7012.jp&i=d,2026-03-22T01:59:33+00:00
7012,7012.T,7012.jp,2022-03-16,2029.39,2030.38,1999.86,2013.64,1506197,https://stooq.com/q/d/l/?s=7012.jp&i=d,2026-03-22T01:59:33+00:00
7012,7012.T,7012.jp,2022-03-17,2050.07,2087.49,2029.39,2087.49,1422718,https://stooq.com/q/d/l/?s=7012.jp&i=d,2026-03-22T01:59:33+00:00
7012,7012.T,7012.jp,2022-03-18,2078.63,2097.34,2067.80,2088.48,903759,https://stooq.com/q/d/l/?s=7012.jp&i=d,2026-03-22T01:59:33+00:00
7012,7012.T,7012.jp,2022-03-22,2121.96,2168.23,2117.03,2128.85,1322684,https://stooq.com/q/d/l/?s=7012.jp&i=d,2026-03-22T01:59:33+00:00
7012,7012.T,7012.jp,2022-03-23,2155.44,2194.82,2154.45,2187.93,1942184,https://stooq.com/q/d/l/?s=7012.jp&i=d,2026-03-22T01:59:33+00:00
7012,7012.T,7012.jp,2022-03-24,2165.28,2190.88,2146.57,2188.91,1128506,https://stooq.com/q/d/l/?s=7012.jp&i=d,2026-03-22T01:59:33+00:00
7012,7012.T,7012.jp,2022-03-25,2212.54,2241.10,2206.64,2233.22,1430944,https://stooq.com/q/d/l/?s=7012.jp&i=d,2026-03-22T01:59:33+00:00
7012,7012.T,7012.jp,2022-03-28,2252.92,2260.79,2196.79,2225.34,882229,https://stooq.com/q/d/l/?s=7012.jp&i=d,2026-03-22T01:59:33+00:00
7012,7012.T,7012.jp,2022-03-29,2212.54,2226.33,2186.94,2223.37,1254945,https://stooq.com/q/d/l/?s=7012.jp&i=d,2026-03-22T01:59:33+00:00
7012,7012.T,7012.jp,2022-03-30,2210.51,2232.27,2163.04,2189.74,1474453,https://stooq.com/q/d/l/?s=7012.jp&i=d,2026-03-22T01:59:33+00:00
7012,7012.T,7012.jp,2022-03-31,2154.14,2209.53,2146.23,2201.61,1236142,https://stooq.com/q/d/l/?s=7012.jp&i=d,2026-03-22T01:59:33+00:00
7012,7012.T,7012.jp,2022-04-01,2156.12,2201.61,2151.17,2195.68,991562,https://stooq.com/q/d/l/?s=7012.jp&i=d,2026-03-22T01:59:33+00:00
7012,7012.T,7012.jp,2022-04-04,2199.64,2200.62,2162.05,2186.78,678432,https://stooq.com/q/d/l/?s=7012.jp&i=d,2026-03-22T01:59:33+00:00
7012,7012.T,7012.jp,2022-04-05,2216.45,2222.38,2146.23,2158.10,1155053,https://stooq.com/q/d/l/?s=7012.jp&i=d,2026-03-22T01:59:33+00:00
7012,7012.T,7012.jp,2022-04-06,2142.27,2142.27,2076.00,2081.94,1624901,https://stooq.com/q/d/l/?s=7012.jp&i=d,2026-03-22T01:59:33+00:00
7012,7012.T,7012.jp,2022-04-07,2059.19,2070.07,2004.79,2028.53,1660693,https://stooq.com/q/d/l/?s=7012.jp&i=d,2026-03-22T01:59:33+00:00
7012,7012.T,7012.jp,2022-04-08,2047.32,2107.65,2039.41,2100.73,1818825,https://stooq.com/q/d/l/?s=7012.jp&i=d,2026-03-22T01:59:33+00:00
7012,7012.T,7012.jp,2022-04-11,2103.70,2199.64,2103.70,2156.12,1685464,https://stooq.com/q/d/l/?s=7012.jp&i=d,2026-03-22T01:59:33+00:00
7012,7012.T,7012.jp,2022-04-12,2157.11,2166.01,2103.70,2112.60,1094086,https://stooq.com/q/d/l/?s=7012.jp&i=d,2026-03-22T01:59:33+00:00
7012,7012.T,7012.jp,2022-04-13,2126.45,2163.04,2111.61,2160.07,1428449,https://stooq.com/q/d/l/?s=7012.jp&i=d,2026-03-22T01:59:33+00:00
7012,7012.T,7012.jp,2022-04-14,2155.13,2250.08,2146.23,2250.08,2202529,https://stooq.com/q/d/l/?s=7012.jp&i=d,2026-03-22T01:59:33+00:00
7012,7012.T,7012.jp,2022-04-15,2250.08,2344.04,2241.18,2321.29,2677937,https://stooq.com/q/d/l/?s=7012.jp&i=d,2026-03-22T01:59:33+00:00
7012,7012.T,7012.jp,2022-04-18,2317.33,2366.78,2280.74,2324.26,2100410,https://stooq.com/q/d/l/?s=7012.jp&i=d,2026-03-22T01:59:33+00:00
7012,7012.T,7012.jp,2022-04-19,2343.05,2357.88,2294.58,2355.90,1540476,https://stooq.com/q/d/l/?s=7012.jp&i=d,2026-03-22T01:59:33+00:00
7012,7012.T,7012.jp,2022-04-20,2373.71,2399.42,2329.20,2364.81,2176848,https://stooq.com/q/d/l/?s=7012.jp&i=d,2026-03-22T01:59:33+00:00
7012,7012.T,7012.jp,2022-04-21,2349.97,2374.70,2347.00,2366.78,1167894,https://stooq.com/q/d/l/?s=7012.jp&i=d,2026-03-22T01:59:33+00:00
7012,7012.T,7012.jp,2022-04-22,2339.09,2363.82,2318.32,2337.11,1311770,https://stooq.com/q/d/l/?s=7012.jp&i=d,2026-03-22T01:59:33+00:00
7012,7012.T,7012.jp,2022-04-25,2283.70,2286.67,2236.23,2268.87,1478194,https://stooq.com/q/d/l/?s=7012.jp&i=d,2026-03-22T01:59:33+00:00
7012,7012.T,7012.jp,2022-04-26,2274.80,2278.76,2229.31,2252.05,1158693,https://stooq.com/q/d/l/?s=7012.jp&i=d,2026-03-22T01:59:33+00:00
7012,7012.T,7012.jp,2022-04-27,2177.88,2257.99,2175.90,2257.00,1711247,https://stooq.com/q/d/l/?s=7012.jp&i=d,2026-03-22T01:59:33+00:00
7012,7012.T,7012.jp,2022-04-28,2275.79,2283.70,2209.53,2282.72,1693250,https://stooq.com/q/d/l/?s=7012.jp&i=d,2026-03-22T01:59:33+00:00
7012,7012.T,7012.jp,2022-05-02,2280.74,2309.42,2246.12,2276.78,1210359,https://stooq.com/q/d/l/?s=7012.jp&i=d,2026-03-22T01:59:33+00:00
7012,7012.T,7012.jp,2022-05-06,2294.58,2385.58,2279.75,2371.73,1916799,https://stooq.com/q/d/l/?s=7012.jp&i=d,2026-03-22T01:59:33+00:00
7012,7012.T,7012.jp,2022-05-09,2344.04,2351.95,2292.61,2330.19,1683139,https://stooq.com/q/d/l/?s=7012.jp&i=d,2026-03-22T01:59:33+00:00
7012,7012.T,7012.jp,2022-05-10,2294.58,2348.98,2179.85,2228.32,4768844,https://stooq.com/q/d/l/?s=7012.jp&i=d,2026-03-22T01:59:33+00:00
7012,7012.T,7012.jp,2022-05-11,2293.59,2297.55,2169.96,2237.22,3302884,https://stooq.com/q/d/l/?s=7012.jp&i=d,2026-03-22T01:59:33+00:00
7012,7012.T,7012.jp,2022-05-12,2221.39,2361.84,2220.41,2317.33,2737591,https://stooq.com/q/d/l/?s=7012.jp&i=d,2026-03-22T01:59:33+00:00
7012,7012.T,7012.jp,2022-05-13,2320.30,2372.72,2311.40,2340.08,1835710,https://stooq.com/q/d/l/?s=7012.jp&i=d,2026-03-22T01:59:33+00:00
7012,7012.T,7012.jp,2022-05-16,2373.71,2382.61,2334.15,2341.07,1494169,https://stooq.com/q/d/l/?s=7012.jp&i=d,2026-03-22T01:59:33+00:00
7012,7012.T,7012.jp,2022-05-17,2354.92,2358.87,2316.34,2347.99,1112184,https://stooq.com/q/d/l/?s=7012.jp&i=d,2026-03-22T01:59:33+00:00
7012,7012.T,7012.jp,2022-05-18,2380.63,2436.02,2378.65,2433.05,2405452,https://stooq.com/q/d/l/?s=7012.jp&i=d,2026-03-22T01:59:33+00:00
7012,7012.T,7012.jp,2022-05-19,2358.87,2466.68,2351.95,2461.73,2407474,https://stooq.com/q/d/l/?s=7012.jp&i=d,2026-03-22T01:59:33+00:00
7012,7012.T,7012.jp,2022-05-20,2458.77,2491.40,2420.19,2453.82,2187363,https://stooq.com/q/d/l/?s=7012.jp&i=d,2026-03-22T01:59:33+00:00
7012,7012.T,7012.jp,2022-05-23,2471.62,2476.57,2362.83,2383.60,2266934,https://stooq.com/q/d/l/?s=7012.jp&i=d,2026-03-22T01:59:33+00:00
7012,7012.T,7012.jp,2022-05-24,2417.23,2449.86,2396.46,2430.08,2014570,https://stooq.com/q/d/l/?s=7012.jp&i=d,2026-03-22T01:59:33+00:00
7012,7012.T,7012.jp,2022-05-25,2430.08,2460.74,2408.32,2445.91,1588199,https://stooq.com/q/d/l/?s=7012.jp&i=d,2026-03-22T01:59:33+00:00
7012,7012.T,7012.jp,2022-05-26,2441.95,2470.63,2438.00,2442.94,1298727,https://stooq.com/q/d/l/?s=7012.jp&i=d,2026-03-22T01:59:33+00:00
7012,7012.T,7012.jp,2022-05-27,2462.72,2491.40,2439.97,2473.60,1655435,https://stooq.com/q/d/l/?s=7012.jp&i=d,2026-03-22T01:59:33+00:00
7012,7012.T,7012.jp,2022-05-30,2515.14,2528.99,2459.75,2489.43,1806490,https://stooq.com/q/d/l/?s=7012.jp&i=d,2026-03-22T01:59:33+00:00
7012,7012.T,7012.jp,2022-05-31,2472.61,2528.99,2469.64,2491.40,2466420,https://stooq.com/q/d/l/?s=7012.jp&i=d,2026-03-22T01:59:33+00:00
7012,7012.T,7012.jp,2022-06-01,2518.11,2640.75,2516.13,2640.75,3365975,https://stooq.com/q/d/l/?s=7012.jp&i=d,2026-03-22T01:59:33+00:00
7012,7012.T,7012.jp,2022-06-02,2656.57,2713.94,2630.86,2702.07,3311174,https://stooq.com/q/d/l/?s=7012.jp&i=d,2026-03-22T01:59:33+00:00
7012,7012.T,7012.jp,2022-06-03,2714.93,2749.54,2691.19,2708.99,2247623,https://stooq.com/q/d/l/?s=7012.jp&i=d,2026-03-22T01:59:33+00:00
7012,7012.T,7012.jp,2022-06-06,2746.58,2895.92,2739.65,2882.08,4929908,https://stooq.com/q/d/l/?s=7012.jp&i=d,2026-03-22T01:59:33+00:00
7012,7012.T,7012.jp,2022-06-07,2917.68,3016.59,2581.41,2756.47,17205895,https://stooq.com/q/d/l/?s=7012.jp&i=d,2026-03-22T01:59:33+00:00
7012,7012.T,7012.jp,2022-06-08,2873.17,2957.24,2812.84,2955.27,9052775,https://stooq.com/q/d/l/?s=7012.jp&i=d,2026-03-22T01:59:33+00:00
7012,7012.T,7012.jp,2022-06-09,2977.02,3070.98,2927.57,2950.32,6380803,https://stooq.com/q/d/l/?s=7012.jp&i=d,2026-03-22T01:59:33+00:00
7012,7012.T,7012.jp,2022-06-10,2917.68,2959.22,2855.37,2910.76,3593265,https://stooq.com/q/d/l/?s=7012.jp&i=d,2026-03-22T01:59:33+00:00
7012,7012.T,7012.jp,2022-06-13,2834.60,2899.88,2813.83,2874.16,3332609,https://stooq.com/q/d/l/?s=7012.jp&i=d,2026-03-22T01:59:33+00:00
7012,7012.T,7012.jp,2022-06-14,2780.20,2846.47,2724.82,2843.50,3963218,https://stooq.com/q/d/l/?s=7012.jp&i=d,2026-03-22T01:59:33+00:00
7012,7012.T,7012.jp,2022-06-15,2877.13,2905.81,2794.05,2799.99,2782988,https://stooq.com/q/d/l/?s=7012.jp&i=d,2026-03-22T01:59:33+00:00
7012,7012.T,7012.jp,2022-06-16,2849.44,2887.02,2825.70,2853.39,2844664,https://stooq.com/q/d/l/?s=7012.jp&i=d,2026-03-22T01:59:33+00:00
7012,7012.T,7012.jp,2022-06-17,2720.86,2777.24,2707.02,2736.69,3279326,https://stooq.com/q/d/l/?s=7012.jp&i=d,2026-03-22T01:59:33+00:00
7012,7012.T,7012.jp,2022-06-20,2719.87,2726.80,2507.23,2527.01,5362143,https://stooq.com/q/d/l/?s=7012.jp&i=d,2026-03-22T01:59:33+00:00
7012,7012.T,7012.jp,2022-06-21,2596.24,2663.50,2551.74,2618.99,3214515,https://stooq.com/q/d/l/?s=7012.jp&i=d,2026-03-22T01:59:33+00:00
7012,7012.T,7012.jp,2022-06-22,2668.44,2678.33,2594.26,2609.10,2842439,https://stooq.com/q/d/l/?s=7012.jp&i=d,2026-03-22T01:59:33+00:00
7012,7012.T,7012.jp,2022-06-23,2588.33,2620.97,2516.13,2521.07,2648211,https://stooq.com/q/d/l/?s=7012.jp&i=d,2026-03-22T01:59:33+00:00
7012,7012.T,7012.jp,2022-06-24,2486.46,2528.99,2405.36,2526.02,3068112,https://stooq.com/q/d/l/?s=7012.jp&i=d,2026-03-22T01:59:33+00:00
7012,7012.T,7012.jp,2022-06-27,2574.48,2583.38,2528.99,2559.65,2207685,https://stooq.com/q/d/l/?s=7012.jp&i=d,2026-03-22T01:59:33+00:00
7012,7012.T,7012.jp,2022-06-28,2561.63,2614.05,2551.74,2577.45,1958455,https://stooq.com/q/d/l/?s=7012.jp&i=d,2026-03-22T01:59:33+00:00
7012,7012.T,7012.jp,2022-06-29,2574.48,2654.60,2557.67,2595.25,2015379,https://stooq.com/q/d/l/?s=7012.jp&i=d,2026-03-22T01:59:33+00:00
7012,7012.T,7012.jp,2022-06-30,2562.61,2569.54,2505.25,2516.13,2098186,https://stooq.com/q/d/l/?s=7012.jp&i=d,2026-03-22T01:59:33+00:00
7012,7012.T,7012.jp,2022-07-01,2541.84,2556.68,2489.43,2511.18,2101725,https://stooq.com/q/d/l/?s=7012.jp&i=d,2026-03-22T01:59:33+00:00
7012,7012.T,7012.jp,2022-07-04,2523.05,2528.00,2484.48,2513.16,1829138,https://stooq.com/q/d/l/?s=7012.jp&i=d,2026-03-22T01:59:33+00:00
7012,7012.T,7012.jp,2022-07-05,2557.67,2564.59,2500.30,2511.18,1410654,https://stooq.com/q/d/l/?s=7012.jp&i=d,2026-03-22T01:59:33+00:00
7012,7012.T,7012.jp,2022-07-06,2422.17,2426.13,2327.22,2366.78,3115430,https://stooq.com/q/d/l/?s=7012.jp&i=d,2026-03-22T01:59:33+00:00
7012,7012.T,7012.jp,2022-07-07,2393.49,2407.33,2326.23,2397.44,1910429,https://stooq.com/q/d/l/?s=7012.jp&i=d,2026-03-22T01:59:33+00:00
7012,7012.T,7012.jp,2022-07-08,2398.43,2475.58,2393.49,2463.71,2651952,https://stooq.com/q/d/l/?s=7012.jp&i=d,2026-03-22T01:59:33+00:00
7012,7012.T,7012.jp,2022-07-11,2522.06,2533.93,2466.68,2482.50,1787482,https://stooq.com/q/d/l/?s=7012.jp&i=d,2026-03-22T01:59:33+00:00
7012,7012.T,7012.jp,2022-07-12,2459.75,2462.72,2396.46,2397.44,1447760,https://stooq.com/q/d/l/?s=7012.jp&i=d,2026-03-22T01:59:33+00:00
7012,7012.T,7012.jp,2022-07-13,2429.09,2455.80,2417.23,2428.10,1205203,https://stooq.com/q/d/l/?s=7012.jp&i=d,2026-03-22T01:59:33+00:00
7012,7012.T,7012.jp,2022-07-14,2412.28,2467.67,2407.33,2462.72,1240692,https://stooq.com/q/d/l/?s=7012.jp&i=d,2026-03-22T01:59:33+00:00
7012,7012.T,7012.jp,2022-07-15,2446.90,2449.86,2405.36,2424.15,1592041,https://stooq.com/q/d/l/?s=7012.jp&i=d,2026-03-22T01:59:33+00:00
7012,7012.T,7012.jp,2022-07-19,2482.50,2553.71,2481.51,2550.75,2475924,https://stooq.com/q/d/l/?s=7012.jp&i=d,2026-03-22T01:59:33+00:00
7012,7012.T,7012.jp,2022-07-20,2599.21,2600.20,2533.93,2578.44,2114970,https://stooq.com/q/d/l/?s=7012.jp&i=d,2026-03-22T01:59:33+00:00
7012,7012.T,7012.jp,2022-07-21,2571.52,2586.35,2548.77,2568.55,1068303,https://stooq.com/q/d/l/?s=7012.jp&i=d,2026-03-22T01:59:33+00:00
7012,7012.T,7012.jp,2022-07-22,2532.94,2560.64,2524.04,2555.69,1022501,https://stooq.com/q/d/l/?s=7012.jp&i=d,2026-03-22T01:59:33+00:00
7012,7012.T,7012.jp,2022-07-25,2553.71,2562.61,2517.12,2559.65,1291852,https://stooq.com/q/d/l/?s=7012.jp&i=d,2026-03-22T01:59:33+00:00
7012,7012.T,7012.jp,2022-07-26,2571.52,2618.99,2571.52,2595.25,1308434,https://stooq.com/q/d/l/?s=7012.jp&i=d,2026-03-22T01:59:33+00:00
7012,7012.T,7012.jp,2022-07-27,2581.41,2618.99,2561.63,2616.02,1082660,https://stooq.com/q/d/l/?s=7012.jp&i=d,2026-03-22T01:59:33+00:00
7012,7012.T,7012.jp,2022-07-28,2634.82,2634.82,2595.25,2614.05,1221380,https://stooq.com/q/d/l/?s=7012.jp&i=d,2026-03-22T01:59:33+00:00
7012,7012.T,7012.jp,2022-07-29,2597.23,2607.12,2562.61,2566.57,1288313,https://stooq.com/q/d/l/?s=7012.jp&i=d,2026-03-22T01:59:33+00:00
7012,7012.T,7012.jp,2022-08-01,2618.00,2692.18,2613.06,2675.37,2339631,https://stooq.com/q/d/l/?s=7012.jp&i=d,2026-03-22T01:59:33+00:00
7012,7012.T,7012.jp,2022-08-02,2650.64,2661.52,2605.14,2605.14,1481833,https://stooq.com/q/d/l/?s=7012.jp&i=d,2026-03-22T01:59:33+00:00
7012,7012.T,7012.jp,2022-08-03,2614.05,2653.61,2594.26,2646.68,1353831,https://stooq.com/q/d/l/?s=7012.jp&i=d,2026-03-22T01:59:33+00:00
7012,7012.T,7012.jp,2022-08-04,2653.61,2663.50,2609.10,2617.01,2022658,https://stooq.com/q/d/l/?s=7012.jp&i=d,2026-03-22T01:59:33+00:00
7012,7012.T,7012.jp,2022-08-05,2608.11,2617.01,2578.44,2616.02,1625609,https://stooq.com/q/d/l/?s=7012.jp&i=d,2026-03-22T01:59:33+00:00
7012,7012.T,7012.jp,2022-08-08,2639.76,2682.29,2625.91,2658.55,1918821,https://stooq.com/q/d/l/?s=7012.jp&i=d,2026-03-22T01:59:33+00:00
7012,7012.T,7012.jp,2022-08-09,2660.53,2667.45,2641.74,2643.72,1171130,https://stooq.com/q/d/l/?s=7012.jp&i=d,2026-03-22T01:59:33+00:00
7012,7012.T,7012.jp,2022-08-10,2658.55,2692.18,2635.80,2692.18,1649167,https://stooq.com/q/d/l/?s=7012.jp&i=d,2026-03-22T01:59:33+00:00
7012,7012.T,7012.jp,2022-08-12,2706.03,2788.12,2592.29,2618.99,8018444,https://stooq.com/q/d/l/?s=7012.jp&i=d,2026-03-22T01:59:33+00:00
7012,7012.T,7012.jp,2022-08-15,2636.79,2636.79,2577.45,2584.37,3043138,https://stooq.com/q/d/l/?s=7012.jp&i=d,2026-03-22T01:59:33+00:00
7012,7012.T,7012.jp,2022-08-16,2563.60,2565.58,2502.28,2547.78,2151166,https://stooq.com/q/d/l/?s=7012.jp&i=d,2026-03-22T01:59:33+00:00
7012,7012.T,7012.jp,2022-08-17,2575.47,2598.22,2547.78,2598.22,1537948,https://stooq.com/q/d/l/?s=7012.jp&i=d,2026-03-22T01:59:33+00:00
7012,7012.T,7012.jp,2022-08-18,2578.44,2599.21,2559.65,2565.58,1048183,https://stooq.com/q/d/l/?s=7012.jp&i=d,2026-03-22T01:59:33+00:00
7012,7012.T,7012.jp,2022-08-19,2577.45,2598.22,2560.64,2595.25,1037364,https://stooq.com/q/d/l/?s=7012.jp&i=d,2026-03-22T01:59:33+00:00
7012,7012.T,7012.jp,2022-08-22,2571.52,2590.31,2555.69,2587.34,1502459,https://stooq.com/q/d/l/?s=7012.jp&i=d,2026-03-22T01:59:33+00:00
7012,7012.T,7012.jp,2022-08-23,2559.65,2573.49,2553.71,2562.61,1115015,https://stooq.com/q/d/l/?s=7012.jp&i=d,2026-03-22T01:59:33+00:00
7012,7012.T,7012.jp,2022-08-24,2581.41,2673.39,2578.44,2651.63,2846382,https://stooq.com/q/d/l/?s=7012.jp&i=d,2026-03-22T01:59:33+00:00
7012,7012.T,7012.jp,2022-08-25,2660.53,2670.42,2615.03,2616.02,1900419,https://stooq.com/q/d/l/?s=7012.jp&i=d,2026-03-22T01:59:33+00:00
7012,7012.T,7012.jp,2022-08-26,2618.00,2626.90,2594.26,2620.97,1164962,https://stooq.com/q/d/l/?s=7012.jp&i=d,2026-03-22T01:59:33+00:00
7012,7012.T,7012.jp,2022-08-29,2548.77,2575.47,2537.89,2571.52,1775349,https://stooq.com/q/d/l/?s=7012.jp&i=d,2026-03-22T01:59:33+00:00
7012,7012.T,7012.jp,2022-08-30,2605.14,2678.33,2601.19,2676.35,2259857,https://stooq.com/q/d/l/?s=7012.jp&i=d,2026-03-22T01:59:33+00:00
7012,7012.T,7012.jp,2022-08-31,2642.73,2700.09,2634.82,2683.28,2423550,https://stooq.com/q/d/l/?s=7012.jp&i=d,2026-03-22T01:59:33+00:00
7012,7012.T,7012.jp,2022-09-01,2654.60,2671.41,2601.19,2611.08,1863818,https://stooq.com/q/d/l/?s=7012.jp&i=d,2026-03-22T01:59:33+00:00
7012,7012.T,7012.jp,2022-09-02,2601.19,2610.09,2556.68,2574.48,1537544,https://stooq.com/q/d/l/?s=7012.jp&i=d,2026-03-22T01:59:33+00:00
7012,7012.T,7012.jp,2022-09-05,2593.28,2610.09,2553.71,2595.25,1381130,https://stooq.com/q/d/l/?s=7012.jp&i=d,2026-03-22T01:59:33+00:00
7012,7012.T,7012.jp,2022-09-06,2589.32,2641.74,2570.53,2641.74,1173657,https://stooq.com/q/d/l/?s=7012.jp&i=d,2026-03-22T01:59:33+00:00
7012,7012.T,7012.jp,2022-09-07,2647.67,2659.54,2592.29,2618.99,1178713,https://stooq.com/q/d/l/?s=7012.jp&i=d,2026-03-22T01:59:33+00:00
7012,7012.T,7012.jp,2022-09-08,2618.00,2618.00,2563.60,2576.46,2758924,https://stooq.com/q/d/l/?s=7012.jp&i=d,2026-03-22T01:59:33+00:00
7012,7012.T,7012.jp,2022-09-09,2551.74,2588.33,2551.74,2584.37,1975138,https://stooq.com/q/d/l/?s=7012.jp&i=d,2026-03-22T01:59:33+00:00
7012,7012.T,7012.jp,2022-09-12,2604.15,2608.11,2553.71,2553.71,1679802,https://stooq.com/q/d/l/?s=7012.jp&i=d,2026-03-22T01:59:33+00:00
7012,7012.T,7012.jp,2022-09-13,2559.65,2564.59,2515.14,2548.77,1599321,https://stooq.com/q/d/l/?s=7012.jp&i=d,2026-03-22T01:59:33+00:00
7012,7012.T,7012.jp,2022-09-14,2500.30,2565.58,2496.35,2544.81,1480014,https://stooq.com/q/d/l/?s=7012.jp&i=d,2026-03-22T01:59:33+00:00
7012,7012.T,7012.jp,2022-09-15,2535.91,2559.65,2498.33,2507.23,1576167,https://stooq.com/q/d/l/?s=7012.jp&i=d,2026-03-22T01:59:33+00:00
7012,7012.T,7012.jp,2022-09-16,2485.47,2498.33,2454.81,2469.64,1575257,https://stooq.com/q/d/l/?s=7012.jp&i=d,2026-03-22T01:59:33+00:00
7012,7012.T,7012.jp,2022-09-20,2469.64,2496.35,2438.00,2439.97,2018007,https://stooq.com/q/d/l/?s=7012.jp&i=d,2026-03-22T01:59:33+00:00
7012,7012.T,7012.jp,2022-09-21,2415.25,2446.90,2401.40,2431.07,1417832,https://stooq.com/q/d/l/?s=7012.jp&i=d,2026-03-22T01:59:33+00:00
7012,7012.T,7012.jp,2022-09-22,2397.44,2455.80,2391.51,2455.80,1646538,https://stooq.com/q/d/l/?s=7012.jp&i=d,2026-03-22T01:59:33+00:00
7012,7012.T,7012.jp,2022-09-26,2396.46,2398.43,2279.75,2291.62,3070639,https://stooq.com/q/d/l/?s=7012.jp&i=d,2026-03-22T01:59:33+00:00
7012,7012.T,7012.jp,2022-09-27,2289.64,2331.18,2279.75,2288.65,1597399,https://stooq.com/q/d/l/?s=7012.jp&i=d,2026-03-22T01:59:33+00:00
7012,7012.T,7012.jp,2022-09-28,2284.69,2294.58,2230.30,2257.00,2036915,https://stooq.com/q/d/l/?s=7012.jp&i=d,2026-03-22T01:59:33+00:00
7012,7012.T,7012.jp,2022-09-29,2319.00,2336.00,2271.00,2286.00,1519700,https://stooq.com/q/d/l/?s=7012.jp&i=d,2026-03-22T01:59:33+00:00
7012,7012.T,7012.jp,2022-09-30,2264.00,2271.00,2180.00,2187.00,2675600,https://stooq.com/q/d/l/?s=7012.jp&i=d,2026-03-22T01:59:33+00:00
7012,7012.T,7012.jp,2022-10-03,2190.00,2241.00,2163.00,2241.00,1675300,https://stooq.com/q/d/l/?s=7012.jp&i=d,2026-03-22T01:59:33+00:00
7012,7012.T,7012.jp,2022-10-04,2317.00,2327.00,2285.00,2307.00,1581900,https://stooq.com/q/d/l/?s=7012.jp&i=d,2026-03-22T01:59:33+00:00
7012,7012.T,7012.jp,2022-10-05,2331.00,2340.00,2286.00,2313.00,1583800,https://stooq.com/q/d/l/?s=7012.jp&i=d,2026-03-22T01:59:33+00:00
7012,7012.T,7012.jp,2022-10-06,2325.00,2365.00,2320.00,2330.00,1241100,https://stooq.com/q/d/l/?s=7012.jp&i=d,2026-03-22T01:59:33+00:00
7012,7012.T,7012.jp,2022-10-07,2300.00,2361.00,2297.00,2324.00,2385600,https://stooq.com/q/d/l/?s=7012.jp&i=d,2026-03-22T01:59:33+00:00
7012,7012.T,7012.jp,2022-10-11,2324.00,2338.00,2298.00,2308.00,1681900,https://stooq.com/q/d/l/?s=7012.jp&i=d,2026-03-22T01:59:33+00:00
7012,7012.T,7012.jp,2022-10-12,2301.00,2317.00,2274.00,2300.00,1261600,https://stooq.com/q/d/l/?s=7012.jp&i=d,2026-03-22T01:59:33+00:00
7012,7012.T,7012.jp,2022-10-13,2298.00,2308.00,2279.00,2296.00,1224800,https://stooq.com/q/d/l/?s=7012.jp&i=d,2026-03-22T01:59:33+00:00
7012,7012.T,7012.jp,2022-10-14,2335.00,2366.00,2315.00,2355.00,1409200,https://stooq.com/q/d/l/?s=7012.jp&i=d,2026-03-22T01:59:33+00:00
7012,7012.T,7012.jp,2022-10-17,2329.00,2371.00,2326.00,2360.00,1047300,https://stooq.com/q/d/l/?s=7012.jp&i=d,2026-03-22T01:59:33+00:00
7012,7012.T,7012.jp,2022-10-18,2380.00,2395.00,2367.00,2389.00,973300,https://stooq.com/q/d/l/?s=7012.jp&i=d,2026-03-22T01:59:33+00:00
7012,7012.T,7012.jp,2022-10-19,2387.00,2424.00,2378.00,2413.00,1064300,https://stooq.com/q/d/l/?s=7012.jp&i=d,2026-03-22T01:59:33+00:00
7012,7012.T,7012.jp,2022-10-20,2410.00,2428.00,2385.00,2409.00,1132100,https://stooq.com/q/d/l/?s=7012.jp&i=d,2026-03-22T01:59:33+00:00
7012,7012.T,7012.jp,2022-10-21,2397.00,2404.00,2373.00,2388.00,1040700,https://stooq.com/q/d/l/?s=7012.jp&i=d,2026-03-22T01:59:33+00:00
7012,7012.T,7012.jp,2022-10-24,2421.00,2447.00,2412.00,2424.00,1057900,https://stooq.com/q/d/l/?s=7012.jp&i=d,2026-03-22T01:59:33+00:00
7012,7012.T,7012.jp,2022-10-25,2432.00,2471.00,2422.00,2466.00,1147700,https://stooq.com/q/d/l/?s=7012.jp&i=d,2026-03-22T01:59:33+00:00
7012,7012.T,7012.jp,2022-10-26,2468.00,2469.00,2440.00,2446.00,1088200,https://stooq.com/q/d/l/?s=7012.jp&i=d,2026-03-22T01:59:33+00:00
7012,7012.T,7012.jp,2022-10-27,2460.00,2468.00,2434.00,2463.00,826700,https://stooq.com/q/d/l/?s=7012.jp&i=d,2026-03-22T01:59:33+00:00
7012,7012.T,7012.jp,2022-10-28,2467.00,2495.00,2455.00,2459.00,1731200,https://stooq.com/q/d/l/?s=7012.jp&i=d,2026-03-22T01:59:33+00:00
7012,7012.T,7012.jp,2022-10-31,2486.00,2532.00,2482.00,2526.00,1407900,https://stooq.com/q/d/l/?s=7012.jp&i=d,2026-03-22T01:59:33+00:00
7012,7012.T,7012.jp,2022-11-01,2530.00,2575.00,2516.00,2571.00,1455100,https://stooq.com/q/d/l/?s=7012.jp&i=d,2026-03-22T01:59:33+00:00
7012,7012.T,7012.jp,2022-11-02,2571.00,2600.00,2554.00,2576.00,1400500,https://stooq.com/q/d/l/?s=7012.jp&i=d,2026-03-22T01:59:33+00:00
7012,7012.T,7012.jp,2022-11-04,2579.00,2618.00,2577.00,2608.00,1919100,https://stooq.com/q/d/l/?s=7012.jp&i=d,2026-03-22T01:59:33+00:00
7012,7012.T,7012.jp,2022-11-07,2635.00,2635.00,2604.00,2611.00,1235200,https://stooq.com/q/d/l/?s=7012.jp&i=d,2026-03-22T01:59:33+00:00
7012,7012.T,7012.jp,2022-11-08,2612.00,2675.00,2597.00,2674.00,1912600,https://stooq.com/q/d/l/?s=7012.jp&i=d,2026-03-22T01:59:33+00:00
7012,7012.T,7012.jp,2022-11-09,2670.00,2714.00,2661.00,2714.00,2372500,https://stooq.com/q/d/l/?s=7012.jp&i=d,2026-03-22T01:59:33+00:00
7012,7012.T,7012.jp,2022-11-10,2685.00,2858.00,2675.00,2857.00,7804700,https://stooq.com/q/d/l/?s=7012.jp&i=d,2026-03-22T01:59:33+00:00
7012,7012.T,7012.jp,2022-11-11,2805.00,2875.00,2774.00,2861.00,5709800,https://stooq.com/q/d/l/?s=7012.jp&i=d,2026-03-22T01:59:33+00:00
7012,7012.T,7012.jp,2022-11-14,2820.00,2864.00,2785.00,2814.00,3325300,https://stooq.com/q/d/l/?s=7012.jp&i=d,2026-03-22T01:59:33+00:00
7012,7012.T,7012.jp,2022-11-15,2820.00,2869.00,2801.00,2869.00,2362400,https://stooq.com/q/d/l/?s=7012.jp&i=d,2026-03-22T01:59:33+00:00
7012,7012.T,7012.jp,2022-11-16,2877.00,2896.00,2822.00,2890.00,2257100,https://stooq.com/q/d/l/?s=7012.jp&i=d,2026-03-22T01:59:33+00:00
7012,7012.T,7012.jp,2022-11-17,2895.00,2967.00,2877.00,2956.00,2844800,https://stooq.com/q/d/l/?s=7012.jp&i=d,2026-03-22T01:59:33+00:00
7012,7012.T,7012.jp,2022-11-18,2949.00,2998.00,2905.00,2930.00,2987500,https://stooq.com/q/d/l/?s=7012.jp&i=d,2026-03-22T01:59:33+00:00
7012,7012.T,7012.jp,2022-11-21,2933.00,2962.00,2851.00,2860.00,3886200,https://stooq.com/q/d/l/?s=7012.jp&i=d,2026-03-22T01:59:33+00:00
7012,7012.T,7012.jp,2022-11-22,2845.00,2878.00,2818.00,2828.00,3621700,https://stooq.com/q/d/l/?s=7012.jp&i=d,2026-03-22T01:59:33+00:00
7012,7012.T,7012.jp,2022-11-24,2829.00,2833.00,2787.00,2788.00,3045800,https://stooq.com/q/d/l/?s=7012.jp&i=d,2026-03-22T01:59:33+00:00
7012,7012.T,7012.jp,2022-11-25,2838.00,2914.00,2801.00,2888.00,3551800,https://stooq.com/q/d/l/?s=7012.jp&i=d,2026-03-22T01:59:33+00:00
7012,7012.T,7012.jp,2022-11-28,2890.00,2907.00,2813.00,2817.00,2013300,https://stooq.com/q/d/l/?s=7012.jp&i=d,2026-03-22T01:59:33+00:00
7012,7012.T,7012.jp,2022-11-29,2816.00,2858.00,2792.00,2842.00,1859600,https://stooq.com/q/d/l/?s=7012.jp&i=d,2026-03-22T01:59:33+00:00
7012,7012.T,7012.jp,2022-11-30,2868.00,2927.00,2866.00,2926.00,3308700,https://stooq.com/q/d/l/?s=7012.jp&i=d,2026-03-22T01:59:33+00:00
7012,7012.T,7012.jp,2022-12-01,2921.00,2935.00,2903.00,2911.00,1993400,https://stooq.com/q/d/l/?s=7012.jp&i=d,2026-03-22T01:59:33+00:00
7012,7012.T,7012.jp,2022-12-02,2900.00,2904.00,2816.00,2833.00,2088000,https://stooq.com/q/d/l/?s=7012.jp&i=d,2026-03-22T01:59:33+00:00
7012,7012.T,7012.jp,2022-12-05,2860.00,2867.00,2836.00,2863.00,1607100,https://stooq.com/q/d/l/?s=7012.jp&i=d,2026-03-22T01:59:33+00:00
7012,7012.T,7012.jp,2022-12-06,2879.00,2935.00,2875.00,2920.00,2172500,https://stooq.com/q/d/l/?s=7012.jp&i=d,2026-03-22T01:59:33+00:00
7012,7012.T,7012.jp,2022-12-07,2910.00,2987.00,2898.00,2977.00,2570500,https://stooq.com/q/d/l/?s=7012.jp&i=d,2026-03-22T01:59:33+00:00
7012,7012.T,7012.jp,2022-12-08,2944.00,2966.00,2928.00,2951.00,1783600,https://stooq.com/q/d/l/?s=7012.jp&i=d,2026-03-22T01:59:33+00:00
7012,7012.T,7012.jp,2022-12-09,2955.00,3045.00,2955.00,3005.00,2990900,https://stooq.com/q/d/l/?s=7012.jp&i=d,2026-03-22T01:59:33+00:00
7012,7012.T,7012.jp,2022-12-12,3015.00,3145.00,3000.00,3095.00,3867100,https://stooq.com/q/d/l/?s=7012.jp&i=d,2026-03-22T01:59:33+00:00
7012,7012.T,7012.jp,2022-12-13,3120.00,3140.00,3075.00,3090.00,2334400,https://stooq.com/q/d/l/?s=7012.jp&i=d,2026-03-22T01:59:33+00:00
7012,7012.T,7012.jp,2022-12-14,3065.00,3105.00,3045.00,3090.00,1816000,https://stooq.com/q/d/l/?s=7012.jp&i=d,2026-03-22T01:59:33+00:00
7012,7012.T,7012.jp,2022-12-15,3125.00,3260.00,3090.00,3245.00,4185000,https://stooq.com/q/d/l/?s=7012.jp&i=d,2026-03-22T01:59:33+00:00
7012,7012.T,7012.jp,2022-12-16,3210.00,3285.00,3190.00,3235.00,3494800,https://stooq.com/q/d/l/?s=7012.jp&i=d,2026-03-22T01:59:33+00:00
7012,7012.T,7012.jp,2022-12-19,3245.00,3260.00,3155.00,3165.00,1547700,https://stooq.com/q/d/l/?s=7012.jp&i=d,2026-03-22T01:59:33+00:00
7012,7012.T,7012.jp,2022-12-20,3200.00,3235.00,3055.00,3105.00,3503900,https://stooq.com/q/d/l/?s=7012.jp&i=d,2026-03-22T01:59:33+00:00
7012,7012.T,7012.jp,2022-12-21,3100.00,3105.00,3005.00,3055.00,2402200,https://stooq.com/q/d/l/?s=7012.jp&i=d,2026-03-22T01:59:33+00:00
7012,7012.T,7012.jp,2022-12-22,3075.00,3075.00,3010.00,3070.00,1513400,https://stooq.com/q/d/l/?s=7012.jp&i=d,2026-03-22T01:59:33+00:00
7012,7012.T,7012.jp,2022-12-23,3025.00,3080.00,3000.00,3050.00,1420200,https://stooq.com/q/d/l/?s=7012.jp&i=d,2026-03-22T01:59:33+00:00
7012,7012.T,7012.jp,2022-12-26,3050.00,3145.00,3045.00,3140.00,1147400,https://stooq.com/q/d/l/?s=7012.jp&i=d,2026-03-22T01:59:33+00:00
7012,7012.T,7012.jp,2022-12-27,3160.00,3170.00,3085.00,3100.00,1405500,https://stooq.com/q/d/l/?s=7012.jp&i=d,2026-03-22T01:59:33+00:00
7012,7012.T,7012.jp,2022-12-28,3130.00,3180.00,3115.00,3180.00,1559400,https://stooq.com/q/d/l/?s=7012.jp&i=d,2026-03-22T01:59:33+00:00
7012,7012.T,7012.jp,2022-12-29,3135.00,3145.00,3075.00,3110.00,1445600,https://stooq.com/q/d/l/?s=7012.jp&i=d,2026-03-22T01:59:33+00:00
7012,7012.T,7012.jp,2022-12-30,3100.00,3130.00,3075.00,3090.00,1080400,https://stooq.com/q/d/l/?s=7012.jp&i=d,2026-03-22T01:59:33+00:00
7012,7012.T,7012.jp,2023-01-04,3040.00,3060.00,2976.00,2976.00,2084700,https://stooq.com/q/d/l/?s=7012.jp&i=d,2026-03-22T01:59:33+00:00
7012,7012.T,7012.jp,2023-01-05,2989.00,3020.00,2907.00,2927.00,2125500,https://stooq.com/q/d/l/?s=7012.jp&i=d,2026-03-22T01:59:33+00:00
7012,7012.T,7012.jp,2023-01-06,2947.00,2963.00,2908.00,2937.00,1764800,https://stooq.com/q/d/l/?s=7012.jp&i=d,2026-03-22T01:59:33+00:00
7012,7012.T,7012.jp,2023-01-10,2942.00,2985.00,2911.00,2932.00,2217700,https://stooq.com/q/d/l/?s=7012.jp&i=d,2026-03-22T01:59:33+00:00
7012,7012.T,7012.jp,2023-01-11,2949.00,2955.00,2890.00,2892.00,1978700,https://stooq.com/q/d/l/?s=7012.jp&i=d,2026-03-22T01:59:33+00:00
7012,7012.T,7012.jp,2023-01-12,2898.00,2960.00,2882.00,2915.00,2034000,https://stooq.com/q/d/l/?s=7012.jp&i=d,2026-03-22T01:59:33+00:00
7012,7012.T,7012.jp,2023-01-13,2883.00,2935.00,2872.00,2928.00,2009700,https://stooq.com/q/d/l/?s=7012.jp&i=d,2026-03-22T01:59:33+00:00
7012,7012.T,7012.jp,2023-01-16,2878.00,2878.00,2771.00,2777.00,3156500,https://stooq.com/q/d/l/?s=7012.jp&i=d,2026-03-22T01:59:33+00:00
7012,7012.T,7012.jp,2023-01-17,2809.00,2832.00,2787.00,2818.00,1540000,https://stooq.com/q/d/l/?s=7012.jp&i=d,2026-03-22T01:59:33+00:00
7012,7012.T,7012.jp,2023-01-18,2801.00,2909.00,2791.00,2900.00,2381400,https://stooq.com/q/d/l/?s=7012.jp&i=d,2026-03-22T01:59:33+00:00
7012,7012.T,7012.jp,2023-01-19,2853.00,2856.00,2813.00,2813.00,1847900,https://stooq.com/q/d/l/?s=7012.jp&i=d,2026-03-22T01:59:33+00:00
7012,7012.T,7012.jp,2023-01-20,2806.00,2836.00,2794.00,2836.00,1303200,https://stooq.com/q/d/l/?s=7012.jp&i=d,2026-03-22T01:59:33+00:00
7012,7012.T,7012.jp,2023-01-23,2875.00,2878.00,2839.00,2851.00,1055800,https://stooq.com/q/d/l/?s=7012.jp&i=d,2026-03-22T01:59:33+00:00
7012,7012.T,7012.jp,2023-01-24,2870.00,2909.00,2856.00,2886.00,1346100,https://stooq.com/q/d/l/?s=7012.jp&i=d,2026-03-22T01:59:33+00:00
7012,7012.T,7012.jp,2023-01-25,2890.00,2944.00,2879.00,2926.00,1160900,https://stooq.com/q/d/l/?s=7012.jp&i=d,2026-03-22T01:59:33+00:00
7012,7012.T,7012.jp,2023-01-26,2952.00,3005.00,2937.00,2955.00,1761100,https://stooq.com/q/d/l/?s=7012.jp&i=d,2026-03-22T01:59:33+00:00
7012,7012.T,7012.jp,2023-01-27,2958.00,2980.00,2936.00,2950.00,1203400,https://stooq.com/q/d/l/?s=7012.jp&i=d,2026-03-22T01:59:33+00:00
7012,7012.T,7012.jp,2023-01-30,2943.00,2976.00,2898.00,2939.00,2087200,https://stooq.com/q/d/l/?s=7012.jp&i=d,2026-03-22T01:59:33+00:00
7012,7012.T,7012.jp,2023-01-31,2955.00,2979.00,2946.00,2959.00,1176900,https://stooq.com/q/d/l/?s=7012.jp&i=d,2026-03-22T01:59:33+00:00
7012,7012.T,7012.jp,2023-02-01,2964.00,2977.00,2935.00,2972.00,1146100,https://stooq.com/q/d/l/?s=7012.jp&i=d,2026-03-22T01:59:33+00:00
7012,7012.T,7012.jp,2023-02-02,2980.00,2989.00,2896.00,2900.00,1434000,https://stooq.com/q/d/l/?s=7012.jp&i=d,2026-03-22T01:59:33+00:00
7012,7012.T,7012.jp,2023-02-03,2874.00,2920.00,2860.00,2911.00,1508400,https://stooq.com/q/d/l/?s=7012.jp&i=d,2026-03-22T01:59:33+00:00
7012,7012.T,7012.jp,2023-02-06,2939.00,2962.00,2926.00,2930.00,1513400,https://stooq.com/q/d/l/?s=7012.jp&i=d,2026-03-22T01:59:33+00:00
7012,7012.T,7012.jp,2023-02-07,2970.00,2973.00,2868.00,2887.00,1684000,https://stooq.com/q/d/l/?s=7012.jp&i=d,2026-03-22T01:59:33+00:00
7012,7012.T,7012.jp,2023-02-08,2899.00,2908.00,2851.00,2856.00,1100700,https://stooq.com/q/d/l/?s=7012.jp&i=d,2026-03-22T01:59:33+00:00
7012,7012.T,7012.jp,2023-02-09,2840.00,2850.00,2826.00,2843.00,1125000,https://stooq.com/q/d/l/?s=7012.jp&i=d,2026-03-22T01:59:33+00:00
7012,7012.T,7012.jp,2023-02-10,2830.00,3015.00,2818.00,2912.00,7684900,https://stooq.com/q/d/l/?s=7012.jp&i=d,2026-03-22T01:59:33+00:00
7012,7012.T,7012.jp,2023-02-13,2900.00,2968.00,2850.00,2962.00,3307600,https://stooq.com/q/d/l/?s=7012.jp&i=d,2026-03-22T01:59:33+00:00
7012,7012.T,7012.jp,2023-02-14,2982.00,3025.00,2967.00,3005.00,2565000,https://stooq.com/q/d/l/?s=7012.jp&i=d,2026-03-22T01:59:33+00:00
7012,7012.T,7012.jp,2023-02-15,3030.00,3075.00,3010.00,3025.00,1757200,https://stooq.com/q/d/l/?s=7012.jp&i=d,2026-03-22T01:59:33+00:00
7012,7012.T,7012.jp,2023-02-16,3040.00,3070.00,3020.00,3025.00,1374100,https://stooq.com/q/d/l/?s=7012.jp&i=d,2026-03-22T01:59:33+00:00
7012,7012.T,7012.jp,2023-02-17,3010.00,3050.00,2993.00,3040.00,1431800,https://stooq.com/q/d/l/?s=7012.jp&i=d,2026-03-22T01:59:33+00:00
7012,7012.T,7012.jp,2023-02-20,3085.00,3090.00,3020.00,3025.00,1027500,https://stooq.com/q/d/l/?s=7012.jp&i=d,2026-03-22T01:59:33+00:00
7012,7012.T,7012.jp,2023-02-21,3025.00,3035.00,2993.00,2996.00,1308800,https://stooq.com/q/d/l/?s=7012.jp&i=d,2026-03-22T01:59:33+00:00
7012,7012.T,7012.jp,2023-02-22,2976.00,2984.00,2935.00,2943.00,1285600,https://stooq.com/q/d/l/?s=7012.jp&i=d,2026-03-22T01:59:33+00:00
7012,7012.T,7012.jp,2023-02-24,2954.00,2968.00,2915.00,2967.00,1165700,https://stooq.com/q/d/l/?s=7012.jp&i=d,2026-03-22T01:59:33+00:00
7012,7012.T,7012.jp,2023-02-27,3000.00,3040.00,2988.00,3040.00,1159500,https://stooq.com/q/d/l/?s=7012.jp&i=d,2026-03-22T01:59:33+00:00
7012,7012.T,7012.jp,2023-02-28,3045.00,3060.00,2971.00,2974.00,1079400,https://stooq.com/q/d/l/?s=7012.jp&i=d,2026-03-22T01:59:33+00:00
7012,7012.T,7012.jp,2023-03-01,2970.00,3015.00,2969.00,3010.00,801100,https://stooq.com/q/d/l/?s=7012.jp&i=d,2026-03-22T01:59:33+00:00
7012,7012.T,7012.jp,2023-03-02,3030.00,3045.00,3005.00,3005.00,695200,https://stooq.com/q/d/l/?s=7012.jp&i=d,2026-03-22T01:59:33+00:00
7012,7012.T,7012.jp,2023-03-03,3025.00,3065.00,3025.00,3065.00,1143900,https://stooq.com/q/d/l/?s=7012.jp&i=d,2026-03-22T01:59:33+00:00
7012,7012.T,7012.jp,2023-03-06,3085.00,3095.00,3045.00,3050.00,883700,https://stooq.com/q/d/l/?s=7012.jp&i=d,2026-03-22T01:59:33+00:00
7012,7012.T,7012.jp,2023-03-07,3065.00,3090.00,3020.00,3040.00,1108600,https://stooq.com/q/d/l/?s=7012.jp&i=d,2026-03-22T01:59:33+00:00
7012,7012.T,7012.jp,2023-03-08,3040.00,3115.00,3035.00,3110.00,1364300,https://stooq.com/q/d/l/?s=7012.jp&i=d,2026-03-22T01:59:33+00:00
7012,7012.T,7012.jp,2023-03-09,3125.00,3135.00,3085.00,3095.00,889200,https://stooq.com/q/d/l/?s=7012.jp&i=d,2026-03-22T01:59:33+00:00
7012,7012.T,7012.jp,2023-03-10,3050.00,3065.00,3000.00,3000.00,1242500,https://stooq.com/q/d/l/?s=7012.jp&i=d,2026-03-22T01:59:33+00:00
7012,7012.T,7012.jp,2023-03-13,2955.00,2963.00,2877.00,2887.00,1804100,https://stooq.com/q/d/l/?s=7012.jp&i=d,2026-03-22T01:59:33+00:00
7012,7012.T,7012.jp,2023-03-14,2817.00,2817.00,2728.00,2745.00,2303600,https://stooq.com/q/d/l/?s=7012.jp&i=d,2026-03-22T01:59:33+00:00
7012,7012.T,7012.jp,2023-03-15,2804.00,2832.00,2766.00,2811.00,1510200,https://stooq.com/q/d/l/?s=7012.jp&i=d,2026-03-22T01:59:33+00:00
7012,7012.T,7012.jp,2023-03-16,2700.00,2747.00,2671.00,2731.00,1451700,https://stooq.com/q/d/l/?s=7012.jp&i=d,2026-03-22T01:59:33+00:00
7012,7012.T,7012.jp,2023-03-17,2752.00,2757.00,2686.00,2719.00,1711300,https://stooq.com/q/d/l/?s=7012.jp&i=d,2026-03-22T01:59:33+00:00
7012,7012.T,7012.jp,2023-03-20,2689.00,2748.00,2683.00,2696.00,963500,https://stooq.com/q/d/l/?s=7012.jp&i=d,2026-03-22T01:59:33+00:00
7012,7012.T,7012.jp,2023-03-22,2752.00,2767.00,2717.00,2737.00,1105300,https://stooq.com/q/d/l/?s=7012.jp&i=d,2026-03-22T01:59:33+00:00
7012,7012.T,7012.jp,2023-03-23,2720.00,2772.00,2696.00,2768.00,764800,https://stooq.com/q/d/l/?s=7012.jp&i=d,2026-03-22T01:59:33+00:00
7012,7012.T,7012.jp,2023-03-24,2754.00,2784.00,2746.00,2761.00,1001000,https://stooq.com/q/d/l/?s=7012.jp&i=d,2026-03-22T01:59:33+00:00
7012,7012.T,7012.jp,2023-03-27,2766.00,2777.00,2740.00,2766.00,704800,https://stooq.com/q/d/l/?s=7012.jp&i=d,2026-03-22T01:59:33+00:00
7012,7012.T,7012.jp,2023-03-28,2806.00,2849.00,2784.00,2807.00,1247600,https://stooq.com/q/d/l/?s=7012.jp&i=d,2026-03-22T01:59:33+00:00
7012,7012.T,7012.jp,2023-03-29,2834.00,2843.00,2810.00,2843.00,962100,https://stooq.com/q/d/l/?s=7012.jp&i=d,2026-03-22T01:59:33+00:00
7012,7012.T,7012.jp,2023-03-30,2830.00,2844.00,2807.00,2835.00,947000,https://stooq.com/q/d/l/?s=7012.jp&i=d,2026-03-22T01:59:33+00:00
7012,7012.T,7012.jp,2023-03-31,2864.00,2908.00,2863.00,2894.00,1344000,https://stooq.com/q/d/l/?s=7012.jp&i=d,2026-03-22T01:59:33+00:00
7012,7012.T,7012.jp,2023-04-03,2917.00,2943.00,2882.00,2936.00,1169300,https://stooq.com/q/d/l/?s=7012.jp&i=d,2026-03-22T01:59:33+00:00
7012,7012.T,7012.jp,2023-04-04,2935.00,2954.00,2903.00,2937.00,1074400,https://stooq.com/q/d/l/?s=7012.jp&i=d,2026-03-22T01:59:33+00:00
7012,7012.T,7012.jp,2023-04-05,2891.00,2907.00,2857.00,2873.00,1197700,https://stooq.com/q/d/l/?s=7012.jp&i=d,2026-03-22T01:59:33+00:00
7012,7012.T,7012.jp,2023-04-06,2830.00,2852.00,2803.00,2805.00,976700,https://stooq.com/q/d/l/?s=7012.jp&i=d,2026-03-22T01:59:33+00:00
7012,7012.T,7012.jp,2023-04-07,2803.00,2869.00,2797.00,2860.00,1062900,https://stooq.com/q/d/l/?s=7012.jp&i=d,2026-03-22T01:59:33+00:00
7012,7012.T,7012.jp,2023-04-10,2868.00,2881.00,2848.00,2867.00,977800,https://stooq.com/q/d/l/?s=7012.jp&i=d,2026-03-22T01:59:33+00:00
7012,7012.T,7012.jp,2023-04-11,2908.00,2910.00,2863.00,2903.00,1137300,https://stooq.com/q/d/l/?s=7012.jp&i=d,2026-03-22T01:59:33+00:00
7012,7012.T,7012.jp,2023-04-12,2913.00,2926.00,2898.00,2901.00,886000,https://stooq.com/q/d/l/?s=7012.jp&i=d,2026-03-22T01:59:33+00:00
7012,7012.T,7012.jp,2023-04-13,2888.00,2889.00,2855.00,2880.00,830200,https://stooq.com/q/d/l/?s=7012.jp&i=d,2026-03-22T01:59:33+00:00
7012,7012.T,7012.jp,2023-04-14,2889.00,2904.00,2878.00,2880.00,744900,https://stooq.com/q/d/l/?s=7012.jp&i=d,2026-03-22T01:59:33+00:00
7012,7012.T,7012.jp,2023-04-17,2916.00,2918.00,2870.00,2882.00,1099700,https://stooq.com/q/d/l/?s=7012.jp&i=d,2026-03-22T01:59:33+00:00
7012,7012.T,7012.jp,2023-04-18,2909.00,2917.00,2893.00,2907.00,1010100,https://stooq.com/q/d/l/?s=7012.jp&i=d,2026-03-22T01:59:33+00:00
7012,7012.T,7012.jp,2023-04-19,2917.00,2931.00,2888.00,2907.00,1017700,https://stooq.com/q/d/l/?s=7012.jp&i=d,2026-03-22T01:59:33+00:00
7012,7012.T,7012.jp,2023-04-20,2887.00,2916.00,2885.00,2908.00,779300,https://stooq.com/q/d/l/?s=7012.jp&i=d,2026-03-22T01:59:33+00:00
7012,7012.T,7012.jp,2023-04-21,2899.00,2924.00,2891.00,2914.00,796900,https://stooq.com/q/d/l/?s=7012.jp&i=d,2026-03-22T01:59:33+00:00
7012,7012.T,7012.jp,2023-04-24,2914.00,2943.00,2898.00,2930.00,757800,https://stooq.com/q/d/l/?s=7012.jp&i=d,2026-03-22T01:59:33+00:00
7012,7012.T,7012.jp,2023-04-25,2950.00,2954.00,2919.00,2921.00,724300,https://stooq.com/q/d/l/?s=7012.jp&i=d,2026-03-22T01:59:33+00:00
7012,7012.T,7012.jp,2023-04-26,2893.00,2907.00,2865.00,2881.00,910100,https://stooq.com/q/d/l/?s=7012.jp&i=d,2026-03-22T01:59:33+00:00
7012,7012.T,7012.jp,2023-04-27,2865.00,2917.00,2865.00,2913.00,839200,https://stooq.com/q/d/l/?s=7012.jp&i=d,2026-03-22T01:59:33+00:00
7012,7012.T,7012.jp,2023-04-28,2941.00,2947.00,2900.00,2938.00,957000,https://stooq.com/q/d/l/?s=7012.jp&i=d,2026-03-22T01:59:33+00:00
7012,7012.T,7012.jp,2023-05-01,2959.00,2994.00,2949.00,2990.00,1331000,https://stooq.com/q/d/l/?s=7012.jp&i=d,2026-03-22T01:59:33+00:00
7012,7012.T,7012.jp,2023-05-02,3000.00,3000.00,2963.00,2984.00,1052500,https://stooq.com/q/d/l/?s=7012.jp&i=d,2026-03-22T01:59:33+00:00
7012,7012.T,7012.jp,2023-05-08,2982.00,2984.00,2948.00,2966.00,978400,https://stooq.com/q/d/l/?s=7012.jp&i=d,2026-03-22T01:59:33+00:00
7012,7012.T,7012.jp,2023-05-09,2969.00,2984.00,2944.00,2984.00,943700,https://stooq.com/q/d/l/?s=7012.jp&i=d,2026-03-22T01:59:33+00:00
7012,7012.T,7012.jp,2023-05-10,3015.00,3045.00,2822.00,2874.00,6721100,https://stooq.com/q/d/l/?s=7012.jp&i=d,2026-03-22T01:59:33+00:00
7012,7012.T,7012.jp,2023-05-11,2828.00,2857.00,2774.00,2799.00,3214300,https://stooq.com/q/d/l/?s=7012.jp&i=d,2026-03-22T01:59:33+00:00
7012,7012.T,7012.jp,2023-05-12,2767.00,2786.00,2743.00,2753.00,2581400,https://stooq.com/q/d/l/?s=7012.jp&i=d,2026-03-22T01:59:33+00:00
7012,7012.T,7012.jp,2023-05-15,2780.00,2812.00,2757.00,2770.00,1439200,https://stooq.com/q/d/l/?s=7012.jp&i=d,2026-03-22T01:59:33+00:00
7012,7012.T,7012.jp,2023-05-16,2771.00,2782.00,2739.00,2760.00,2292900,https://stooq.com/q/d/l/?s=7012.jp&i=d,2026-03-22T01:59:33+00:00
7012,7012.T,7012.jp,2023-05-17,2765.00,2793.00,2759.00,2782.00,1443000,https://stooq.com/q/d/l/?s=7012.jp&i=d,2026-03-22T01:59:33+00:00
7012,7012.T,7012.jp,2023-05-18,2808.00,2836.00,2797.00,2836.00,1985600,https://stooq.com/q/d/l/?s=7012.jp&i=d,2026-03-22T01:59:33+00:00
7012,7012.T,7012.jp,2023-05-19,2842.00,2853.00,2813.00,2827.00,1238200,https://stooq.com/q/d/l/?s=7012.jp&i=d,2026-03-22T01:59:33+00:00
7012,7012.T,7012.jp,2023-05-22,2872.00,2932.00,2848.00,2932.00,3299000,https://stooq.com/q/d/l/?s=7012.jp&i=d,2026-03-22T01:59:33+00:00
7012,7012.T,7012.jp,2023-05-23,2957.00,3040.00,2940.00,2990.00,3518900,https://stooq.com/q/d/l/?s=7012.jp&i=d,2026-03-22T01:59:33+00:00
7012,7012.T,7012.jp,2023-05-24,3025.00,3035.00,2948.00,2958.00,2064800,https://stooq.com/q/d/l/?s=7012.jp&i=d,2026-03-22T01:59:33+00:00
7012,7012.T,7012.jp,2023-05-25,2952.00,2960.00,2896.00,2944.00,1380800,https://stooq.com/q/d/l/?s=7012.jp&i=d,2026-03-22T01:59:33+00:00
7012,7012.T,7012.jp,2023-05-26,3025.00,3160.00,3010.00,3140.00,6226200,https://stooq.com/q/d/l/?s=7012.jp&i=d,2026-03-22T01:59:33+00:00
7012,7012.T,7012.jp,2023-05-29,3165.00,3200.00,3115.00,3135.00,2811300,https://stooq.com/q/d/l/?s=7012.jp&i=d,2026-03-22T01:59:33+00:00
7012,7012.T,7012.jp,2023-05-30,3095.00,3140.00,3035.00,3065.00,2056900,https://stooq.com/q/d/l/?s=7012.jp&i=d,2026-03-22T01:59:33+00:00
7012,7012.T,7012.jp,2023-05-31,3045.00,3045.00,2921.00,2929.00,2818700,https://stooq.com/q/d/l/?s=7012.jp&i=d,2026-03-22T01:59:33+00:00
7012,7012.T,7012.jp,2023-06-01,2927.00,2928.00,2867.00,2914.00,2469000,https://stooq.com/q/d/l/?s=7012.jp&i=d,2026-03-22T01:59:33+00:00
7012,7012.T,7012.jp,2023-06-02,2925.00,3040.00,2913.00,3040.00,2413700,https://stooq.com/q/d/l/?s=7012.jp&i=d,2026-03-22T01:59:33+00:00
7012,7012.T,7012.jp,2023-06-05,3107.00,3260.00,3100.00,3235.00,5492000,https://stooq.com/q/d/l/?s=7012.jp&i=d,2026-03-22T01:59:33+00:00
7012,7012.T,7012.jp,2023-06-06,3210.00,3364.00,3175.00,3354.00,5743400,https://stooq.com/q/d/l/?s=7012.jp&i=d,2026-03-22T01:59:33+00:00
7012,7012.T,7012.jp,2023-06-07,3399.00,3553.00,3398.00,3500.00,8554100,https://stooq.com/q/d/l/?s=7012.jp&i=d,2026-03-22T01:59:33+00:00
7012,7012.T,7012.jp,2023-06-08,3516.00,3530.00,3412.00,3433.00,3731800,https://stooq.com/q/d/l/?s=7012.jp&i=d,2026-03-22T01:59:33+00:00
7012,7012.T,7012.jp,2023-06-09,3431.00,3437.00,3371.00,3419.00,4076800,https://stooq.com/q/d/l/?s=7012.jp&i=d,2026-03-22T01:59:33+00:00
7012,7012.T,7012.jp,2023-06-12,3449.00,3480.00,3407.00,3427.00,2263900,https://stooq.com/q/d/l/?s=7012.jp&i=d,2026-03-22T01:59:33+00:00
7012,7012.T,7012.jp,2023-06-13,3447.00,3454.00,3396.00,3417.00,2604300,https://stooq.com/q/d/l/?s=7012.jp&i=d,2026-03-22T01:59:33+00:00
7012,7012.T,7012.jp,2023-06-14,3460.00,3574.00,3456.00,3573.00,3532100,https://stooq.com/q/d/l/?s=7012.jp&i=d,2026-03-22T01:59:33+00:00
7012,7012.T,7012.jp,2023-06-15,3567.00,3593.00,3514.00,3553.00,2476500,https://stooq.com/q/d/l/?s=7012.jp&i=d,2026-03-22T01:59:33+00:00
7012,7012.T,7012.jp,2023-06-16,3548.00,3554.00,3475.00,3538.00,2749200,https://stooq.com/q/d/l/?s=7012.jp&i=d,2026-03-22T01:59:33+00:00
7012,7012.T,7012.jp,2023-06-19,3585.00,3587.00,3529.00,3554.00,1773400,https://stooq.com/q/d/l/?s=7012.jp&i=d,2026-03-22T01:59:33+00:00
7012,7012.T,7012.jp,2023-06-20,3545.00,3577.00,3508.00,3530.00,1545600,https://stooq.com/q/d/l/?s=7012.jp&i=d,2026-03-22T01:59:33+00:00
7012,7012.T,7012.jp,2023-06-21,3513.00,3576.00,3502.00,3576.00,1920100,https://stooq.com/q/d/l/?s=7012.jp&i=d,2026-03-22T01:59:33+00:00
7012,7012.T,7012.jp,2023-06-22,3618.00,3726.00,3610.00,3657.00,3375000,https://stooq.com/q/d/l/?s=7012.jp&i=d,2026-03-22T01:59:33+00:00
7012,7012.T,7012.jp,2023-06-23,3679.00,3713.00,3512.00,3542.00,2800800,https://stooq.com/q/d/l/?s=7012.jp&i=d,2026-03-22T01:59:33+00:00
7012,7012.T,7012.jp,2023-06-26,3502.00,3569.00,3462.00,3531.00,1616700,https://stooq.com/q/d/l/?s=7012.jp&i=d,2026-03-22T01:59:33+00:00
7012,7012.T,7012.jp,2023-06-27,3600.00,3607.00,3456.00,3490.00,1550900,https://stooq.com/q/d/l/?s=7012.jp&i=d,2026-03-22T01:59:33+00:00
7012,7012.T,7012.jp,2023-06-28,3560.00,3612.00,3522.00,3612.00,1937300,https://stooq.com/q/d/l/?s=7012.jp&i=d,2026-03-22T01:59:33+00:00
7012,7012.T,7012.jp,2023-06-29,3626.00,3660.00,3608.00,3625.00,1683700,https://stooq.com/q/d/l/?s=7012.jp&i=d,2026-03-22T01:59:33+00:00
7012,7012.T,7012.jp,2023-06-30,3656.00,3680.00,3622.00,3674.00,1965500,https://stooq.com/q/d/l/?s=7012.jp&i=d,2026-03-22T01:59:33+00:00
7012,7012.T,7012.jp,2023-07-03,3730.00,3840.00,3729.00,3828.00,3299600,https://stooq.com/q/d/l/?s=7012.jp&i=d,2026-03-22T01:59:33+00:00
7012,7012.T,7012.jp,2023-07-04,3825.00,3826.00,3773.00,3794.00,1905400,https://stooq.com/q/d/l/?s=7012.jp&i=d,2026-03-22T01:59:33+00:00
7012,7012.T,7012.jp,2023-07-05,3800.00,3832.00,3767.00,3820.00,1335700,https://stooq.com/q/d/l/?s=7012.jp&i=d,2026-03-22T01:59:33+00:00
7012,7012.T,7012.jp,2023-07-06,3790.00,3868.00,3772.00,3785.00,1824700,https://stooq.com/q/d/l/?s=7012.jp&i=d,2026-03-22T01:59:33+00:00
7012,7012.T,7012.jp,2023-07-07,3735.00,3759.00,3697.00,3718.00,1496900,https://stooq.com/q/d/l/?s=7012.jp&i=d,2026-03-22T01:59:33+00:00
7012,7012.T,7012.jp,2023-07-10,3717.00,3739.00,3664.00,3670.00,1291900,https://stooq.com/q/d/l/?s=7012.jp&i=d,2026-03-22T01:59:33+00:00
7012,7012.T,7012.jp,2023-07-11,3671.00,3684.00,3539.00,3551.00,2236700,https://stooq.com/q/d/l/?s=7012.jp&i=d,2026-03-22T01:59:33+00:00
7012,7012.T,7012.jp,2023-07-12,3581.00,3588.00,3472.00,3486.00,1695200,https://stooq.com/q/d/l/?s=7012.jp&i=d,2026-03-22T01:59:33+00:00
7012,7012.T,7012.jp,2023-07-13,3478.00,3514.00,3435.00,3485.00,1392400,https://stooq.com/q/d/l/?s=7012.jp&i=d,2026-03-22T01:59:33+00:00
7012,7012.T,7012.jp,2023-07-14,3463.00,3488.00,3382.00,3429.00,2104600,https://stooq.com/q/d/l/?s=7012.jp&i=d,2026-03-22T01:59:33+00:00
7012,7012.T,7012.jp,2023-07-18,3427.00,3464.00,3397.00,3434.00,1528100,https://stooq.com/q/d/l/?s=7012.jp&i=d,2026-03-22T01:59:33+00:00
7012,7012.T,7012.jp,2023-07-19,3511.00,3594.00,3511.00,3592.00,2141800,https://stooq.com/q/d/l/?s=7012.jp&i=d,2026-03-22T01:59:33+00:00
7012,7012.T,7012.jp,2023-07-20,3599.00,3666.00,3586.00,3623.00,2721800,https://stooq.com/q/d/l/?s=7012.jp&i=d,2026-03-22T01:59:33+00:00
7012,7012.T,7012.jp,2023-07-21,3593.00,3646.00,3576.00,3603.00,1678700,https://stooq.com/q/d/l/?s=7012.jp&i=d,2026-03-22T01:59:33+00:00
7012,7012.T,7012.jp,2023-07-24,3648.00,3668.00,3626.00,3632.00,1693400,https://stooq.com/q/d/l/?s=7012.jp&i=d,2026-03-22T01:59:33+00:00
7012,7012.T,7012.jp,2023-07-25,3642.00,3653.00,3618.00,3653.00,1095400,https://stooq.com/q/d/l/?s=7012.jp&i=d,2026-03-22T01:59:33+00:00
7012,7012.T,7012.jp,2023-07-26,3630.00,3631.00,3536.00,3581.00,2220500,https://stooq.com/q/d/l/?s=7012.jp&i=d,2026-03-22T01:59:33+00:00
7012,7012.T,7012.jp,2023-07-27,3563.00,3606.00,3545.00,3589.00,1413100,https://stooq.com/q/d/l/?s=7012.jp&i=d,2026-03-22T01:59:33+00:00
7012,7012.T,7012.jp,2023-07-28,3543.00,3613.00,3495.00,3555.00,2034700,https://stooq.com/q/d/l/?s=7012.jp&i=d,2026-03-22T01:59:33+00:00
7012,7012.T,7012.jp,2023-07-31,3613.00,3655.00,3595.00,3622.00,1427200,https://stooq.com/q/d/l/?s=7012.jp&i=d,2026-03-22T01:59:33+00:00
7012,7012.T,7012.jp,2023-08-01,3640.00,3707.00,3632.00,3690.00,1210300,https://stooq.com/q/d/l/?s=7012.jp&i=d,2026-03-22T01:59:33+00:00
7012,7012.T,7012.jp,2023-08-02,3662.00,3737.00,3646.00,3650.00,1349900,https://stooq.com/q/d/l/?s=7012.jp&i=d,2026-03-22T01:59:33+00:00
7012,7012.T,7012.jp,2023-08-03,3608.00,3648.00,3577.00,3613.00,1151700,https://stooq.com/q/d/l/?s=7012.jp&i=d,2026-03-22T01:59:33+00:00
7012,7012.T,7012.jp,2023-08-04,3602.00,3788.00,3562.00,3780.00,2527500,https://stooq.com/q/d/l/?s=7012.jp&i=d,2026-03-22T01:59:33+00:00
7012,7012.T,7012.jp,2023-08-07,3750.00,3782.00,3663.00,3761.00,2099500,https://stooq.com/q/d/l/?s=7012.jp&i=d,2026-03-22T01:59:33+00:00
7012,7012.T,7012.jp,2023-08-08,3852.00,3942.00,3542.00,3698.00,10601800,https://stooq.com/q/d/l/?s=7012.jp&i=d,2026-03-22T01:59:33+00:00
7012,7012.T,7012.jp,2023-08-09,3688.00,3766.00,3481.00,3533.00,6301100,https://stooq.com/q/d/l/?s=7012.jp&i=d,2026-03-22T01:59:33+00:00
7012,7012.T,7012.jp,2023-08-10,3498.00,3555.00,3471.00,3551.00,2517600,https://stooq.com/q/d/l/?s=7012.jp&i=d,2026-03-22T01:59:33+00:00
7012,7012.T,7012.jp,2023-08-14,3552.00,3601.00,3496.00,3516.00,2104600,https://stooq.com/q/d/l/?s=7012.jp&i=d,2026-03-22T01:59:33+00:00
7012,7012.T,7012.jp,2023-08-15,3542.00,3593.00,3532.00,3588.00,1654200,https://stooq.com/q/d/l/?s=7012.jp&i=d,2026-03-22T01:59:33+00:00
7012,7012.T,7012.jp,2023-08-16,3540.00,3548.00,3501.00,3532.00,1194300,https://stooq.com/q/d/l/?s=7012.jp&i=d,2026-03-22T01:59:33+00:00
7012,7012.T,7012.jp,2023-08-17,3520.00,3548.00,3453.00,3523.00,1747800,https://stooq.com/q/d/l/?s=7012.jp&i=d,2026-03-22T01:59:33+00:00
7012,7012.T,7012.jp,2023-08-18,3476.00,3557.00,3476.00,3537.00,1379200,https://stooq.com/q/d/l/?s=7012.jp&i=d,2026-03-22T01:59:33+00:00
7012,7012.T,7012.jp,2023-08-21,3564.00,3673.00,3553.00,3587.00,2093800,https://stooq.com/q/d/l/?s=7012.jp&i=d,2026-03-22T01:59:33+00:00
7012,7012.T,7012.jp,2023-08-22,3604.00,3619.00,3571.00,3590.00,1493700,https://stooq.com/q/d/l/?s=7012.jp&i=d,2026-03-22T01:59:33+00:00
7012,7012.T,7012.jp,2023-08-23,3550.00,3578.00,3532.00,3554.00,1326800,https://stooq.com/q/d/l/?s=7012.jp&i=d,2026-03-22T01:59:33+00:00
7012,7012.T,7012.jp,2023-08-24,3531.00,3553.00,3510.00,3525.00,1259500,https://stooq.com/q/d/l/?s=7012.jp&i=d,2026-03-22T01:59:33+00:00
7012,7012.T,7012.jp,2023-08-25,3490.00,3537.00,3479.00,3521.00,1265100,https://stooq.com/q/d/l/?s=7012.jp&i=d,2026-03-22T01:59:33+00:00
7012,7012.T,7012.jp,2023-08-28,3561.00,3626.00,3549.00,3626.00,1558400,https://stooq.com/q/d/l/?s=7012.jp&i=d,2026-03-22T01:59:33+00:00
7012,7012.T,7012.jp,2023-08-29,3641.00,3678.00,3626.00,3644.00,1517800,https://stooq.com/q/d/l/?s=7012.jp&i=d,2026-03-22T01:59:33+00:00
7012,7012.T,7012.jp,2023-08-30,3712.00,3758.00,3682.00,3712.00,2218300,https://stooq.com/q/d/l/?s=7012.jp&i=d,2026-03-22T01:59:33+00:00
7012,7012.T,7012.jp,2023-08-31,3770.00,3770.00,3711.00,3739.00,1631400,https://stooq.com/q/d/l/?s=7012.jp&i=d,2026-03-22T01:59:33+00:00
7012,7012.T,7012.jp,2023-09-01,3742.00,3808.00,3731.00,3760.00,1631600,https://stooq.com/q/d/l/?s=7012.jp&i=d,2026-03-22T01:59:33+00:00
7012,7012.T,7012.jp,2023-09-04,3785.00,3837.00,3757.00,3836.00,1397400,https://stooq.com/q/d/l/?s=7012.jp&i=d,2026-03-22T01:59:33+00:00
7012,7012.T,7012.jp,2023-09-05,3863.00,3876.00,3793.00,3851.00,1585200,https://stooq.com/q/d/l/?s=7012.jp&i=d,2026-03-22T01:59:33+00:00
7012,7012.T,7012.jp,2023-09-06,3877.00,3980.00,3873.00,3971.00,2398800,https://stooq.com/q/d/l/?s=7012.jp&i=d,2026-03-22T01:59:33+00:00
7012,7012.T,7012.jp,2023-09-07,3993.00,4228.00,3989.00,4108.00,5716500,https://stooq.com/q/d/l/?s=7012.jp&i=d,2026-03-22T01:59:33+00:00
7012,7012.T,7012.jp,2023-09-08,4060.00,4145.00,4037.00,4131.00,2888500,https://stooq.com/q/d/l/?s=7012.jp&i=d,2026-03-22T01:59:33+00:00
7012,7012.T,7012.jp,2023-09-11,4190.00,4194.00,4018.00,4038.00,3036000,https://stooq.com/q/d/l/?s=7012.jp&i=d,2026-03-22T01:59:33+00:00
7012,7012.T,7012.jp,2023-09-12,3865.00,3873.00,3729.00,3800.00,8273200,https://stooq.com/q/d/l/?s=7012.jp&i=d,2026-03-22T01:59:33+00:00
7012,7012.T,7012.jp,2023-09-13,3750.00,3823.00,3721.00,3804.00,3630200,https://stooq.com/q/d/l/?s=7012.jp&i=d,2026-03-22T01:59:33+00:00
7012,7012.T,7012.jp,2023-09-14,3833.00,3913.00,3802.00,3907.00,2888600,https://stooq.com/q/d/l/?s=7012.jp&i=d,2026-03-22T01:59:33+00:00
7012,7012.T,7012.jp,2023-09-15,3950.00,3950.00,3878.00,3883.00,3245400,https://stooq.com/q/d/l/?s=7012.jp&i=d,2026-03-22T01:59:33+00:00
7012,7012.T,7012.jp,2023-09-19,3878.00,3937.00,3845.00,3918.00,1690700,https://stooq.com/q/d/l/?s=7012.jp&i=d,2026-03-22T01:59:33+00:00
7012,7012.T,7012.jp,2023-09-20,3901.00,3917.00,3832.00,3840.00,1896700,https://stooq.com/q/d/l/?s=7012.jp&i=d,2026-03-22T01:59:33+00:00
7012,7012.T,7012.jp,2023-09-21,3830.00,3836.00,3762.00,3785.00,1516700,https://stooq.com/q/d/l/?s=7012.jp&i=d,2026-03-22T01:59:33+00:00
7012,7012.T,7012.jp,2023-09-22,3750.00,3778.00,3696.00,3751.00,1863600,https://stooq.com/q/d/l/?s=7012.jp&i=d,2026-03-22T01:59:33+00:00
7012,7012.T,7012.jp,2023-09-25,3728.00,3748.00,3703.00,3725.00,1845700,https://stooq.com/q/d/l/?s=7012.jp&i=d,2026-03-22T01:59:33+00:00
7012,7012.T,7012.jp,2023-09-26,3750.00,3796.00,3729.00,3770.00,1651700,https://stooq.com/q/d/l/?s=7012.jp&i=d,2026-03-22T01:59:33+00:00
7012,7012.T,7012.jp,2023-09-27,3759.00,3795.00,3722.00,3775.00,1468700,https://stooq.com/q/d/l/?s=7012.jp&i=d,2026-03-22T01:59:33+00:00
7012,7012.T,7012.jp,2023-09-28,3765.00,3819.00,3727.00,3765.00,1622400,https://stooq.com/q/d/l/?s=7012.jp&i=d,2026-03-22T01:59:33+00:00
7012,7012.T,7012.jp,2023-09-29,3765.00,3771.00,3593.00,3620.00,2193000,https://stooq.com/q/d/l/?s=7012.jp&i=d,2026-03-22T01:59:33+00:00
7012,7012.T,7012.jp,2023-10-02,3644.00,3688.00,3601.00,3603.00,1333900,https://stooq.com/q/d/l/?s=7012.jp&i=d,2026-03-22T01:59:33+00:00
7012,7012.T,7012.jp,2023-10-03,3574.00,3574.00,3449.00,3452.00,2047800,https://stooq.com/q/d/l/?s=7012.jp&i=d,2026-03-22T01:59:33+00:00
7012,7012.T,7012.jp,2023-10-04,3421.00,3423.00,3261.00,3293.00,3007100,https://stooq.com/q/d/l/?s=7012.jp&i=d,2026-03-22T01:59:33+00:00
7012,7012.T,7012.jp,2023-10-05,3363.00,3383.00,3288.00,3367.00,1864800,https://stooq.com/q/d/l/?s=7012.jp&i=d,2026-03-22T01:59:33+00:00
7012,7012.T,7012.jp,2023-10-06,3373.00,3419.00,3335.00,3372.00,1497500,https://stooq.com/q/d/l/?s=7012.jp&i=d,2026-03-22T01:59:33+00:00
7012,7012.T,7012.jp,2023-10-10,3500.00,3599.00,3482.00,3592.00,2998100,https://stooq.com/q/d/l/?s=7012.jp&i=d,2026-03-22T01:59:33+00:00
7012,7012.T,7012.jp,2023-10-11,3600.00,3702.00,3584.00,3616.00,2423600,https://stooq.com/q/d/l/?s=7012.jp&i=d,2026-03-22T01:59:33+00:00
7012,7012.T,7012.jp,2023-10-12,3644.00,3712.00,3638.00,3708.00,1716300,https://stooq.com/q/d/l/?s=7012.jp&i=d,2026-03-22T01:59:33+00:00
7012,7012.T,7012.jp,2023-10-13,3670.00,3715.00,3652.00,3680.00,1573700,https://stooq.com/q/d/l/?s=7012.jp&i=d,2026-03-22T01:59:33+00:00
7012,7012.T,7012.jp,2023-10-16,3662.00,3693.00,3605.00,3641.00,1550800,https://stooq.com/q/d/l/?s=7012.jp&i=d,2026-03-22T01:59:33+00:00
7012,7012.T,7012.jp,2023-10-17,3685.00,3695.00,3528.00,3550.00,1827700,https://stooq.com/q/d/l/?s=7012.jp&i=d,2026-03-22T01:59:33+00:00
7012,7012.T,7012.jp,2023-10-18,3620.00,3629.00,3474.00,3505.00,1783100,https://stooq.com/q/d/l/?s=7012.jp&i=d,2026-03-22T01:59:33+00:00
7012,7012.T,7012.jp,2023-10-19,3450.00,3471.00,3418.00,3418.00,1593300,https://stooq.com/q/d/l/?s=7012.jp&i=d,2026-03-22T01:59:33+00:00
7012,7012.T,7012.jp,2023-10-20,3442.00,3470.00,3419.00,3433.00,1248300,https://stooq.com/q/d/l/?s=7012.jp&i=d,2026-03-22T01:59:33+00:00
7012,7012.T,7012.jp,2023-10-23,3411.00,3416.00,3336.00,3339.00,1457900,https://stooq.com/q/d/l/?s=7012.jp&i=d,2026-03-22T01:59:33+00:00
7012,7012.T,7012.jp,2023-10-24,3377.00,3379.00,3227.00,3302.00,2132800,https://stooq.com/q/d/l/?s=7012.jp&i=d,2026-03-22T01:59:33+00:00
7012,7012.T,7012.jp,2023-10-25,3385.00,3432.00,3361.00,3399.00,1776200,https://stooq.com/q/d/l/?s=7012.jp&i=d,2026-03-22T01:59:33+00:00
7012,7012.T,7012.jp,2023-10-26,3266.00,3344.00,3250.00,3318.00,2403100,https://stooq.com/q/d/l/?s=7012.jp&i=d,2026-03-22T01:59:33+00:00
7012,7012.T,7012.jp,2023-10-27,3357.00,3375.00,3281.00,3364.00,1780300,https://stooq.com/q/d/l/?s=7012.jp&i=d,2026-03-22T01:59:33+00:00
7012,7012.T,7012.jp,2023-10-30,3330.00,3334.00,3257.00,3262.00,2775800,https://stooq.com/q/d/l/?s=7012.jp&i=d,2026-03-22T01:59:33+00:00
7012,7012.T,7012.jp,2023-10-31,3296.00,3296.00,3217.00,3292.00,1612200,https://stooq.com/q/d/l/?s=7012.jp&i=d,2026-03-22T01:59:33+00:00
7012,7012.T,7012.jp,2023-11-01,3347.00,3369.00,3274.00,3310.00,2544300,https://stooq.com/q/d/l/?s=7012.jp&i=d,2026-03-22T01:59:33+00:00
7012,7012.T,7012.jp,2023-11-02,3380.00,3383.00,3288.00,3303.00,1417800,https://stooq.com/q/d/l/?s=7012.jp&i=d,2026-03-22T01:59:33+00:00
7012,7012.T,7012.jp,2023-11-06,3373.00,3459.00,3350.00,3453.00,2233600,https://stooq.com/q/d/l/?s=7012.jp&i=d,2026-03-22T01:59:33+00:00
7012,7012.T,7012.jp,2023-11-07,3458.00,3509.00,3438.00,3438.00,2123800,https://stooq.com/q/d/l/?s=7012.jp&i=d,2026-03-22T01:59:33+00:00
7012,7012.T,7012.jp,2023-11-08,3477.00,3479.00,3056.00,3194.00,8126400,https://stooq.com/q/d/l/?s=7012.jp&i=d,2026-03-22T01:59:33+00:00
7012,7012.T,7012.jp,2023-11-09,3234.00,3303.00,3138.00,3179.00,4475800,https://stooq.com/q/d/l/?s=7012.jp&i=d,2026-03-22T01:59:33+00:00
7012,7012.T,7012.jp,2023-11-10,3177.00,3274.00,3151.00,3266.00,2186500,https://stooq.com/q/d/l/?s=7012.jp&i=d,2026-03-22T01:59:33+00:00
7012,7012.T,7012.jp,2023-11-13,3258.00,3288.00,3219.00,3286.00,1623600,https://stooq.com/q/d/l/?s=7012.jp&i=d,2026-03-22T01:59:33+00:00
7012,7012.T,7012.jp,2023-11-14,3321.00,3418.00,3300.00,3384.00,2032700,https://stooq.com/q/d/l/?s=7012.jp&i=d,2026-03-22T01:59:33+00:00
7012,7012.T,7012.jp,2023-11-15,3380.00,3401.00,3314.00,3385.00,2295300,https://stooq.com/q/d/l/?s=7012.jp&i=d,2026-03-22T01:59:33+00:00
7012,7012.T,7012.jp,2023-11-16,3385.00,3404.00,3336.00,3394.00,1302400,https://stooq.com/q/d/l/?s=7012.jp&i=d,2026-03-22T01:59:33+00:00
7012,7012.T,7012.jp,2023-11-17,3370.00,3430.00,3361.00,3427.00,1385300,https://stooq.com/q/d/l/?s=7012.jp&i=d,2026-03-22T01:59:33+00:00
7012,7012.T,7012.jp,2023-11-20,3415.00,3434.00,3320.00,3332.00,1892900,https://stooq.com/q/d/l/?s=7012.jp&i=d,2026-03-22T01:59:33+00:00
7012,7012.T,7012.jp,2023-11-21,3322.00,3326.00,3258.00,3288.00,1329400,https://stooq.com/q/d/l/?s=7012.jp&i=d,2026-03-22T01:59:33+00:00
7012,7012.T,7012.jp,2023-11-22,3267.00,3356.00,3261.00,3341.00,1177500,https://stooq.com/q/d/l/?s=7012.jp&i=d,2026-03-22T01:59:33+00:00
7012,7012.T,7012.jp,2023-11-24,3389.00,3484.00,3364.00,3458.00,2203700,https://stooq.com/q/d/l/?s=7012.jp&i=d,2026-03-22T01:59:33+00:00
7012,7012.T,7012.jp,2023-11-27,3450.00,3450.00,3365.00,3376.00,1467600,https://stooq.com/q/d/l/?s=7012.jp&i=d,2026-03-22T01:59:33+00:00
7012,7012.T,7012.jp,2023-11-28,3380.00,3419.00,3349.00,3368.00,1237400,https://stooq.com/q/d/l/?s=7012.jp&i=d,2026-03-22T01:59:33+00:00
7012,7012.T,7012.jp,2023-11-29,3373.00,3374.00,3310.00,3311.00,1157800,https://stooq.com/q/d/l/?s=7012.jp&i=d,2026-03-22T01:59:33+00:00
7012,7012.T,7012.jp,2023-11-30,3300.00,3368.00,3295.00,3363.00,1358500,https://stooq.com/q/d/l/?s=7012.jp&i=d,2026-03-22T01:59:33+00:00
7012,7012.T,7012.jp,2023-12-01,3388.00,3390.00,3334.00,3346.00,829700,https://stooq.com/q/d/l/?s=7012.jp&i=d,2026-03-22T01:59:33+00:00
7012,7012.T,7012.jp,2023-12-04,3331.00,3336.00,3261.00,3304.00,961600,https://stooq.com/q/d/l/?s=7012.jp&i=d,2026-03-22T01:59:33+00:00
7012,7012.T,7012.jp,2023-12-05,3296.00,3300.00,3221.00,3240.00,1123200,https://stooq.com/q/d/l/?s=7012.jp&i=d,2026-03-22T01:59:33+00:00
7012,7012.T,7012.jp,2023-12-06,3224.00,3267.00,3222.00,3240.00,985800,https://stooq.com/q/d/l/?s=7012.jp&i=d,2026-03-22T01:59:33+00:00
7012,7012.T,7012.jp,2023-12-07,3216.00,3220.00,3110.00,3113.00,2147000,https://stooq.com/q/d/l/?s=7012.jp&i=d,2026-03-22T01:59:33+00:00
7012,7012.T,7012.jp,2023-12-08,3064.00,3064.00,2990.00,3052.00,2826800,https://stooq.com/q/d/l/?s=7012.jp&i=d,2026-03-22T01:59:33+00:00
7012,7012.T,7012.jp,2023-12-11,3100.00,3118.00,3070.00,3115.00,1374600,https://stooq.com/q/d/l/?s=7012.jp&i=d,2026-03-22T01:59:33+00:00
7012,7012.T,7012.jp,2023-12-12,3160.00,3178.00,3101.00,3110.00,1273100,https://stooq.com/q/d/l/?s=7012.jp&i=d,2026-03-22T01:59:33+00:00
7012,7012.T,7012.jp,2023-12-13,2999.00,3062.00,2956.00,2982.00,4676900,https://stooq.com/q/d/l/?s=7012.jp&i=d,2026-03-22T01:59:33+00:00
7012,7012.T,7012.jp,2023-12-14,2950.00,2973.50,2786.50,2824.00,4907500,https://stooq.com/q/d/l/?s=7012.jp&i=d,2026-03-22T01:59:33+00:00
7012,7012.T,7012.jp,2023-12-15,2873.50,2945.50,2844.00,2938.00,2718100,https://stooq.com/q/d/l/?s=7012.jp&i=d,2026-03-22T01:59:33+00:00
7012,7012.T,7012.jp,2023-12-18,2900.00,2942.50,2881.50,2941.00,1369300,https://stooq.com/q/d/l/?s=7012.jp&i=d,2026-03-22T01:59:33+00:00
7012,7012.T,7012.jp,2023-12-19,2948.50,3015.00,2931.50,2988.50,1804400,https://stooq.com/q/d/l/?s=7012.jp&i=d,2026-03-22T01:59:33+00:00
7012,7012.T,7012.jp,2023-12-20,3020.00,3088.00,3020.00,3064.00,1775900,https://stooq.com/q/d/l/?s=7012.jp&i=d,2026-03-22T01:59:33+00:00
7012,7012.T,7012.jp,2023-12-21,3020.00,3098.00,3005.00,3039.00,1569400,https://stooq.com/q/d/l/?s=7012.jp&i=d,2026-03-22T01:59:33+00:00
7012,7012.T,7012.jp,2023-12-22,3040.00,3078.00,3024.00,3058.00,1410900,https://stooq.com/q/d/l/?s=7012.jp&i=d,2026-03-22T01:59:33+00:00
7012,7012.T,7012.jp,2023-12-25,3088.00,3122.00,3066.00,3087.00,1140200,https://stooq.com/q/d/l/?s=7012.jp&i=d,2026-03-22T01:59:33+00:00
7012,7012.T,7012.jp,2023-12-26,3110.00,3122.00,3061.00,3068.00,1002600,https://stooq.com/q/d/l/?s=7012.jp&i=d,2026-03-22T01:59:33+00:00
7012,7012.T,7012.jp,2023-12-27,3077.00,3109.00,3070.00,3104.00,999900,https://stooq.com/q/d/l/?s=7012.jp&i=d,2026-03-22T01:59:33+00:00
7012,7012.T,7012.jp,2023-12-28,3088.00,3121.00,3077.00,3121.00,699600,https://stooq.com/q/d/l/?s=7012.jp&i=d,2026-03-22T01:59:33+00:00
7012,7012.T,7012.jp,2023-12-29,3142.00,3168.00,3107.00,3119.00,739600,https://stooq.com/q/d/l/?s=7012.jp&i=d,2026-03-22T01:59:33+00:00
7012,7012.T,7012.jp,2024-01-04,3123.00,3178.00,3087.00,3149.00,1221400,https://stooq.com/q/d/l/?s=7012.jp&i=d,2026-03-22T01:59:33+00:00
7012,7012.T,7012.jp,2024-01-05,3180.00,3257.00,3173.00,3255.00,1882900,https://stooq.com/q/d/l/?s=7012.jp&i=d,2026-03-22T01:59:33+00:00
7012,7012.T,7012.jp,2024-01-09,3268.00,3268.00,3206.00,3225.00,1401900,https://stooq.com/q/d/l/?s=7012.jp&i=d,2026-03-22T01:59:33+00:00
7012,7012.T,7012.jp,2024-01-10,3197.00,3223.00,3193.00,3207.00,1191800,https://stooq.com/q/d/l/?s=7012.jp&i=d,2026-03-22T01:59:33+00:00
7012,7012.T,7012.jp,2024-01-11,3240.00,3327.00,3216.00,3287.00,2721500,https://stooq.com/q/d/l/?s=7012.jp&i=d,2026-03-22T01:59:33+00:00
7012,7012.T,7012.jp,2024-01-12,3311.00,3318.00,3241.00,3262.00,1337400,https://stooq.com/q/d/l/?s=7012.jp&i=d,2026-03-22T01:59:33+00:00
7012,7012.T,7012.jp,2024-01-15,3270.00,3323.00,3266.00,3286.00,1199300,https://stooq.com/q/d/l/?s=7012.jp&i=d,2026-03-22T01:59:33+00:00
7012,7012.T,7012.jp,2024-01-16,3280.00,3289.00,3226.00,3244.00,1162400,https://stooq.com/q/d/l/?s=7012.jp&i=d,2026-03-22T01:59:33+00:00
7012,7012.T,7012.jp,2024-01-17,3255.00,3286.00,3205.00,3208.00,1265600,https://stooq.com/q/d/l/?s=7012.jp&i=d,2026-03-22T01:59:33+00:00
7012,7012.T,7012.jp,2024-01-18,3205.00,3234.00,3191.00,3204.00,1116800,https://stooq.com/q/d/l/?s=7012.jp&i=d,2026-03-22T01:59:33+00:00
7012,7012.T,7012.jp,2024-01-19,3237.00,3256.00,3191.00,3206.00,977100,https://stooq.com/q/d/l/?s=7012.jp&i=d,2026-03-22T01:59:33+00:00
7012,7012.T,7012.jp,2024-01-22,3231.00,3289.00,3206.00,3289.00,1689100,https://stooq.com/q/d/l/?s=7012.jp&i=d,2026-03-22T01:59:33+00:00
7012,7012.T,7012.jp,2024-01-23,3296.00,3332.00,3250.00,3285.00,1647000,https://stooq.com/q/d/l/?s=7012.jp&i=d,2026-03-22T01:59:33+00:00
7012,7012.T,7012.jp,2024-01-24,3287.00,3348.00,3283.00,3300.00,1225800,https://stooq.com/q/d/l/?s=7012.jp&i=d,2026-03-22T01:59:33+00:00
7012,7012.T,7012.jp,2024-01-25,3249.00,3268.00,3217.00,3263.00,1840700,https://stooq.com/q/d/l/?s=7012.jp&i=d,2026-03-22T01:59:33+00:00
7012,7012.T,7012.jp,2024-01-26,3260.00,3283.00,3234.00,3281.00,986200,https://stooq.com/q/d/l/?s=7012.jp&i=d,2026-03-22T01:59:33+00:00
7012,7012.T,7012.jp,2024-01-29,3328.00,3355.00,3303.00,3344.00,1350700,https://stooq.com/q/d/l/?s=7012.jp&i=d,2026-03-22T01:59:33+00:00
7012,7012.T,7012.jp,2024-01-30,3344.00,3373.00,3331.00,3351.00,987500,https://stooq.com/q/d/l/?s=7012.jp&i=d,2026-03-22T01:59:33+00:00
7012,7012.T,7012.jp,2024-01-31,3337.00,3373.00,3332.00,3369.00,805500,https://stooq.com/q/d/l/?s=7012.jp&i=d,2026-03-22T01:59:33+00:00
7012,7012.T,7012.jp,2024-02-01,3345.00,3346.00,3285.00,3289.00,1218700,https://stooq.com/q/d/l/?s=7012.jp&i=d,2026-03-22T01:59:33+00:00
7012,7012.T,7012.jp,2024-02-02,3311.00,3354.00,3289.00,3336.00,1089000,https://stooq.com/q/d/l/?s=7012.jp&i=d,2026-03-22T01:59:33+00:00
7012,7012.T,7012.jp,2024-02-05,3374.00,3436.00,3370.00,3423.00,1716400,https://stooq.com/q/d/l/?s=7012.jp&i=d,2026-03-22T01:59:33+00:00
7012,7012.T,7012.jp,2024-02-06,3411.00,3455.00,3358.00,3426.00,1949400,https://stooq.com/q/d/l/?s=7012.jp&i=d,2026-03-22T01:59:33+00:00
7012,7012.T,7012.jp,2024-02-07,3401.00,3519.00,3401.00,3507.00,2001900,https://stooq.com/q/d/l/?s=7012.jp&i=d,2026-03-22T01:59:33+00:00
7012,7012.T,7012.jp,2024-02-08,3517.00,3534.00,3415.00,3435.00,2095200,https://stooq.com/q/d/l/?s=7012.jp&i=d,2026-03-22T01:59:33+00:00
7012,7012.T,7012.jp,2024-02-09,3400.00,3619.00,3270.00,3601.00,8869600,https://stooq.com/q/d/l/?s=7012.jp&i=d,2026-03-22T01:59:33+00:00
7012,7012.T,7012.jp,2024-02-13,3631.00,3789.00,3617.00,3648.00,5194000,https://stooq.com/q/d/l/?s=7012.jp&i=d,2026-03-22T01:59:33+00:00
7012,7012.T,7012.jp,2024-02-14,3718.00,3718.00,3584.00,3618.00,2068900,https://stooq.com/q/d/l/?s=7012.jp&i=d,2026-03-22T01:59:33+00:00
7012,7012.T,7012.jp,2024-02-15,3680.00,3745.00,3665.00,3705.00,1738100,https://stooq.com/q/d/l/?s=7012.jp&i=d,2026-03-22T01:59:33+00:00
7012,7012.T,7012.jp,2024-02-16,3800.00,3868.00,3726.00,3786.00,3080400,https://stooq.com/q/d/l/?s=7012.jp&i=d,2026-03-22T01:59:33+00:00
7012,7012.T,7012.jp,2024-02-19,3848.00,3867.00,3768.00,3794.00,1674600,https://stooq.com/q/d/l/?s=7012.jp&i=d,2026-03-22T01:59:33+00:00
7012,7012.T,7012.jp,2024-02-20,3810.00,3895.00,3797.00,3888.00,2541300,https://stooq.com/q/d/l/?s=7012.jp&i=d,2026-03-22T01:59:33+00:00
7012,7012.T,7012.jp,2024-02-21,3890.00,3891.00,3818.00,3846.00,1753100,https://stooq.com/q/d/l/?s=7012.jp&i=d,2026-03-22T01:59:33+00:00
7012,7012.T,7012.jp,2024-02-22,3890.00,3953.00,3851.00,3943.00,1853500,https://stooq.com/q/d/l/?s=7012.jp&i=d,2026-03-22T01:59:33+00:00
7012,7012.T,7012.jp,2024-02-26,4050.00,4178.00,4003.00,4118.00,3408000,https://stooq.com/q/d/l/?s=7012.jp&i=d,2026-03-22T01:59:33+00:00
7012,7012.T,7012.jp,2024-02-27,4179.00,4300.00,4156.00,4246.00,3859500,https://stooq.com/q/d/l/?s=7012.jp&i=d,2026-03-22T01:59:33+00:00
7012,7012.T,7012.jp,2024-02-28,4283.00,4283.00,4167.00,4177.00,2328800,https://stooq.com/q/d/l/?s=7012.jp&i=d,2026-03-22T01:59:33+00:00
7012,7012.T,7012.jp,2024-02-29,4156.00,4179.00,4107.00,4133.00,1487700,https://stooq.com/q/d/l/?s=7012.jp&i=d,2026-03-22T01:59:33+00:00
7012,7012.T,7012.jp,2024-03-01,4129.00,4230.00,4122.00,4223.00,1439300,https://stooq.com/q/d/l/?s=7012.jp&i=d,2026-03-22T01:59:33+00:00
7012,7012.T,7012.jp,2024-03-04,4235.00,4264.00,4181.00,4214.00,1460000,https://stooq.com/q/d/l/?s=7012.jp&i=d,2026-03-22T01:59:33+00:00
7012,7012.T,7012.jp,2024-03-05,4192.00,4333.00,4165.00,4324.00,1852300,https://stooq.com/q/d/l/?s=7012.jp&i=d,2026-03-22T01:59:33+00:00
7012,7012.T,7012.jp,2024-03-06,4328.00,4568.00,4303.00,4565.00,3509500,https://stooq.com/q/d/l/?s=7012.jp&i=d,2026-03-22T01:59:33+00:00
7012,7012.T,7012.jp,2024-03-07,4700.00,5056.00,4689.00,4813.00,9218000,https://stooq.com/q/d/l/?s=7012.jp&i=d,2026-03-22T01:59:33+00:00
7012,7012.T,7012.jp,2024-03-08,4830.00,4909.00,4752.00,4831.00,3879800,https://stooq.com/q/d/l/?s=7012.jp&i=d,2026-03-22T01:59:33+00:00
7012,7012.T,7012.jp,2024-03-11,4691.00,4723.00,4545.00,4606.00,3219500,https://stooq.com/q/d/l/?s=7012.jp&i=d,2026-03-22T01:59:33+00:00
7012,7012.T,7012.jp,2024-03-12,4515.00,4591.00,4463.00,4563.00,2267500,https://stooq.com/q/d/l/?s=7012.jp&i=d,2026-03-22T01:59:33+00:00
7012,7012.T,7012.jp,2024-03-13,4642.00,4695.00,4445.00,4538.00,2776600,https://stooq.com/q/d/l/?s=7012.jp&i=d,2026-03-22T01:59:33+00:00
7012,7012.T,7012.jp,2024-03-14,4589.00,4615.00,4473.00,4592.00,1501000,https://stooq.com/q/d/l/?s=7012.jp&i=d,2026-03-22T01:59:33+00:00
7012,7012.T,7012.jp,2024-03-15,4622.00,4790.00,4616.00,4643.00,2938400,https://stooq.com/q/d/l/?s=7012.jp&i=d,2026-03-22T01:59:33+00:00
7012,7012.T,7012.jp,2024-03-18,4676.00,4807.00,4654.00,4790.00,1761500,https://stooq.com/q/d/l/?s=7012.jp&i=d,2026-03-22T01:59:33+00:00
7012,7012.T,7012.jp,2024-03-19,4736.00,4911.00,4720.00,4911.00,2499100,https://stooq.com/q/d/l/?s=7012.jp&i=d,2026-03-22T01:59:33+00:00
7012,7012.T,7012.jp,2024-03-21,4981.00,5035.00,4914.00,4979.00,3016000,https://stooq.com/q/d/l/?s=7012.jp&i=d,2026-03-22T01:59:33+00:00
7012,7012.T,7012.jp,2024-03-22,4962.00,4994.00,4892.00,4965.00,2063900,https://stooq.com/q/d/l/?s=7012.jp&i=d,2026-03-22T01:59:33+00:00
7012,7012.T,7012.jp,2024-03-25,4970.00,5073.00,4956.00,4991.00,2085900,https://stooq.com/q/d/l/?s=7012.jp&i=d,2026-03-22T01:59:33+00:00
7012,7012.T,7012.jp,2024-03-26,4960.00,5108.00,4945.00,5098.00,2108800,https://stooq.com/q/d/l/?s=7012.jp&i=d,2026-03-22T01:59:33+00:00
7012,7012.T,7012.jp,2024-03-27,5096.00,5137.00,4938.00,4954.00,3127500,https://stooq.com/q/d/l/?s=7012.jp&i=d,2026-03-22T01:59:33+00:00
7012,7012.T,7012.jp,2024-03-28,4971.00,5076.00,4930.00,4955.00,2336000,https://stooq.com/q/d/l/?s=7012.jp&i=d,2026-03-22T01:59:33+00:00
7012,7012.T,7012.jp,2024-03-29,5005.00,5120.00,4985.00,5097.00,2150700,https://stooq.com/q/d/l/?s=7012.jp&i=d,2026-03-22T01:59:33+00:00
7012,7012.T,7012.jp,2024-04-01,5016.00,5044.00,4740.00,4773.00,4292400,https://stooq.com/q/d/l/?s=7012.jp&i=d,2026-03-22T01:59:33+00:00
7012,7012.T,7012.jp,2024-04-02,4825.00,4880.00,4742.00,4770.00,2016400,https://stooq.com/q/d/l/?s=7012.jp&i=d,2026-03-22T01:59:33+00:00
7012,7012.T,7012.jp,2024-04-03,4700.00,4774.00,4631.00,4728.00,1694300,https://stooq.com/q/d/l/?s=7012.jp&i=d,2026-03-22T01:59:33+00:00
7012,7012.T,7012.jp,2024-04-04,4798.00,4809.00,4648.00,4697.00,2270700,https://stooq.com/q/d/l/?s=7012.jp&i=d,2026-03-22T01:59:33+00:00
7012,7012.T,7012.jp,2024-04-05,4602.00,4674.00,4571.00,4659.00,1751700,https://stooq.com/q/d/l/?s=7012.jp&i=d,2026-03-22T01:59:33+00:00
7012,7012.T,7012.jp,2024-04-08,4694.00,4732.00,4653.00,4732.00,1427600,https://stooq.com/q/d/l/?s=7012.jp&i=d,2026-03-22T01:59:33+00:00
7012,7012.T,7012.jp,2024-04-09,4755.00,4778.00,4688.00,4759.00,1112200,https://stooq.com/q/d/l/?s=7012.jp&i=d,2026-03-22T01:59:33+00:00
7012,7012.T,7012.jp,2024-04-10,4715.00,4748.00,4644.00,4648.00,1437900,https://stooq.com/q/d/l/?s=7012.jp&i=d,2026-03-22T01:59:33+00:00
7012,7012.T,7012.jp,2024-04-11,4630.00,4795.00,4622.00,4772.00,1460300,https://stooq.com/q/d/l/?s=7012.jp&i=d,2026-03-22T01:59:33+00:00
7012,7012.T,7012.jp,2024-04-12,4771.00,4792.00,4712.00,4777.00,1417800,https://stooq.com/q/d/l/?s=7012.jp&i=d,2026-03-22T01:59:33+00:00
7012,7012.T,7012.jp,2024-04-15,4727.00,4944.00,4726.00,4918.00,1936300,https://stooq.com/q/d/l/?s=7012.jp&i=d,2026-03-22T01:59:33+00:00
7012,7012.T,7012.jp,2024-04-16,4901.00,4941.00,4673.00,4673.00,1679500,https://stooq.com/q/d/l/?s=7012.jp&i=d,2026-03-22T01:59:33+00:00
7012,7012.T,7012.jp,2024-04-17,4833.00,4929.00,4766.00,4818.00,2415700,https://stooq.com/q/d/l/?s=7012.jp&i=d,2026-03-22T01:59:33+00:00
7012,7012.T,7012.jp,2024-04-18,4770.00,4878.00,4682.00,4873.00,2058700,https://stooq.com/q/d/l/?s=7012.jp&i=d,2026-03-22T01:59:33+00:00
7012,7012.T,7012.jp,2024-04-19,4762.00,4877.00,4681.00,4799.00,2702300,https://stooq.com/q/d/l/?s=7012.jp&i=d,2026-03-22T01:59:33+00:00
7012,7012.T,7012.jp,2024-04-22,4750.00,4934.00,4698.00,4750.00,2033500,https://stooq.com/q/d/l/?s=7012.jp&i=d,2026-03-22T01:59:33+00:00
7012,7012.T,7012.jp,2024-04-23,4777.00,4856.00,4736.00,4770.00,1413600,https://stooq.com/q/d/l/?s=7012.jp&i=d,2026-03-22T01:59:33+00:00
7012,7012.T,7012.jp,2024-04-24,4840.00,4868.00,4725.00,4824.00,2324700,https://stooq.com/q/d/l/?s=7012.jp&i=d,2026-03-22T01:59:33+00:00
7012,7012.T,7012.jp,2024-04-25,4791.00,4827.00,4643.00,4648.00,1856300,https://stooq.com/q/d/l/?s=7012.jp&i=d,2026-03-22T01:59:33+00:00
7012,7012.T,7012.jp,2024-04-26,4675.00,4735.00,4614.00,4713.00,1359600,https://stooq.com/q/d/l/?s=7012.jp&i=d,2026-03-22T01:59:33+00:00
7012,7012.T,7012.jp,2024-04-30,4783.00,4920.00,4748.00,4897.00,1903800,https://stooq.com/q/d/l/?s=7012.jp&i=d,2026-03-22T01:59:33+00:00
7012,7012.T,7012.jp,2024-05-01,4812.00,4863.00,4782.00,4822.00,1290000,https://stooq.com/q/d/l/?s=7012.jp&i=d,2026-03-22T01:59:33+00:00
7012,7012.T,7012.jp,2024-05-02,4752.00,4872.00,4705.00,4855.00,1464200,https://stooq.com/q/d/l/?s=7012.jp&i=d,2026-03-22T01:59:33+00:00
7012,7012.T,7012.jp,2024-05-07,4899.00,4972.00,4896.00,4971.00,1625600,https://stooq.com/q/d/l/?s=7012.jp&i=d,2026-03-22T01:59:33+00:00
7012,7012.T,7012.jp,2024-05-08,4971.00,5000.00,4873.00,4907.00,2241300,https://stooq.com/q/d/l/?s=7012.jp&i=d,2026-03-22T01:59:33+00:00
7012,7012.T,7012.jp,2024-05-09,4920.00,5607.00,4814.00,5607.00,12065900,https://stooq.com/q/d/l/?s=7012.jp&i=d,2026-03-22T01:59:33+00:00
7012,7012.T,7012.jp,2024-05-10,5667.00,5955.00,5611.00,5821.00,11921500,https://stooq.com/q/d/l/?s=7012.jp&i=d,2026-03-22T01:59:33+00:00
7012,7012.T,7012.jp,2024-05-13,5821.00,5854.00,5620.00,5725.00,3440300,https://stooq.com/q/d/l/?s=7012.jp&i=d,2026-03-22T01:59:33+00:00
7012,7012.T,7012.jp,2024-05-14,5725.00,5782.00,5539.00,5701.00,2987700,https://stooq.com/q/d/l/?s=7012.jp&i=d,2026-03-22T01:59:33+00:00
7012,7012.T,7012.jp,2024-05-15,5750.00,5861.00,5640.00,5663.00,2440800,https://stooq.com/q/d/l/?s=7012.jp&i=d,2026-03-22T01:59:33+00:00
7012,7012.T,7012.jp,2024-05-16,5687.00,5691.00,5548.00,5641.00,1692000,https://stooq.com/q/d/l/?s=7012.jp&i=d,2026-03-22T01:59:33+00:00
7012,7012.T,7012.jp,2024-05-17,5594.00,5611.00,5493.00,5520.00,2030800,https://stooq.com/q/d/l/?s=7012.jp&i=d,2026-03-22T01:59:33+00:00
7012,7012.T,7012.jp,2024-05-20,5555.00,5656.00,5508.00,5629.00,1969300,https://stooq.com/q/d/l/?s=7012.jp&i=d,2026-03-22T01:59:33+00:00
7012,7012.T,7012.jp,2024-05-21,5660.00,5771.00,5657.00,5725.00,1820400,https://stooq.com/q/d/l/?s=7012.jp&i=d,2026-03-22T01:59:33+00:00
7012,7012.T,7012.jp,2024-05-22,5681.00,5707.00,5520.00,5546.00,1806400,https://stooq.com/q/d/l/?s=7012.jp&i=d,2026-03-22T01:59:33+00:00
7012,7012.T,7012.jp,2024-05-23,5585.00,5689.00,5550.00,5684.00,1525400,https://stooq.com/q/d/l/?s=7012.jp&i=d,2026-03-22T01:59:33+00:00
7012,7012.T,7012.jp,2024-05-24,5684.00,5900.00,5661.00,5792.00,3459900,https://stooq.com/q/d/l/?s=7012.jp&i=d,2026-03-22T01:59:33+00:00
7012,7012.T,7012.jp,2024-05-27,5847.00,6105.00,5836.00,6105.00,4036900,https://stooq.com/q/d/l/?s=7012.jp&i=d,2026-03-22T01:59:33+00:00
7012,7012.T,7012.jp,2024-05-28,6150.00,6212.00,6107.00,6188.00,3015400,https://stooq.com/q/d/l/?s=7012.jp&i=d,2026-03-22T01:59:33+00:00
7012,7012.T,7012.jp,2024-05-29,6175.00,6210.00,5988.00,5993.00,2500100,https://stooq.com/q/d/l/?s=7012.jp&i=d,2026-03-22T01:59:33+00:00
7012,7012.T,7012.jp,2024-05-30,5893.00,5950.00,5802.00,5901.00,1849500,https://stooq.com/q/d/l/?s=7012.jp&i=d,2026-03-22T01:59:33+00:00
7012,7012.T,7012.jp,2024-05-31,5930.00,5970.00,5823.00,5970.00,1697700,https://stooq.com/q/d/l/?s=7012.jp&i=d,2026-03-22T01:59:33+00:00
7012,7012.T,7012.jp,2024-06-03,6000.00,6048.00,5954.00,5995.00,1503300,https://stooq.com/q/d/l/?s=7012.jp&i=d,2026-03-22T01:59:33+00:00
7012,7012.T,7012.jp,2024-06-04,5965.00,5983.00,5812.00,5863.00,1807100,https://stooq.com/q/d/l/?s=7012.jp&i=d,2026-03-22T01:59:33+00:00
7012,7012.T,7012.jp,2024-06-05,5711.00,5717.00,5564.00,5603.00,2921600,https://stooq.com/q/d/l/?s=7012.jp&i=d,2026-03-22T01:59:33+00:00
7012,7012.T,7012.jp,2024-06-06,5684.00,5708.00,5570.00,5606.00,1572100,https://stooq.com/q/d/l/?s=7012.jp&i=d,2026-03-22T01:59:33+00:00
7012,7012.T,7012.jp,2024-06-07,5605.00,5606.00,5540.00,5555.00,1091900,https://stooq.com/q/d/l/?s=7012.jp&i=d,2026-03-22T01:59:33+00:00
7012,7012.T,7012.jp,2024-06-10,5622.00,5737.00,5600.00,5736.00,1632200,https://stooq.com/q/d/l/?s=7012.jp&i=d,2026-03-22T01:59:33+00:00
7012,7012.T,7012.jp,2024-06-11,5730.00,5832.00,5707.00,5709.00,1606500,https://stooq.com/q/d/l/?s=7012.jp&i=d,2026-03-22T01:59:33+00:00
7012,7012.T,7012.jp,2024-06-12,5532.00,5703.00,5516.00,5663.00,1669900,https://stooq.com/q/d/l/?s=7012.jp&i=d,2026-03-22T01:59:33+00:00
7012,7012.T,7012.jp,2024-06-13,5671.00,5743.00,5615.00,5615.00,1522700,https://stooq.com/q/d/l/?s=7012.jp&i=d,2026-03-22T01:59:33+00:00
7012,7012.T,7012.jp,2024-06-14,5626.00,5874.00,5591.00,5845.00,2336100,https://stooq.com/q/d/l/?s=7012.jp&i=d,2026-03-22T01:59:33+00:00
7012,7012.T,7012.jp,2024-06-17,5769.00,5773.00,5598.00,5641.00,1708200,https://stooq.com/q/d/l/?s=7012.jp&i=d,2026-03-22T01:59:33+00:00
7012,7012.T,7012.jp,2024-06-18,5707.00,5730.00,5551.00,5655.00,1487900,https://stooq.com/q/d/l/?s=7012.jp&i=d,2026-03-22T01:59:33+00:00
7012,7012.T,7012.jp,2024-06-19,5690.00,5742.00,5581.00,5693.00,1688100,https://stooq.com/q/d/l/?s=7012.jp&i=d,2026-03-22T01:59:33+00:00
7012,7012.T,7012.jp,2024-06-20,5651.00,5656.00,5469.00,5531.00,2128400,https://stooq.com/q/d/l/?s=7012.jp&i=d,2026-03-22T01:59:33+00:00
7012,7012.T,7012.jp,2024-06-21,5622.00,5746.00,5566.00,5694.00,3070500,https://stooq.com/q/d/l/?s=7012.jp&i=d,2026-03-22T01:59:33+00:00
7012,7012.T,7012.jp,2024-06-24,5731.00,5949.00,5694.00,5733.00,3147900,https://stooq.com/q/d/l/?s=7012.jp&i=d,2026-03-22T01:59:33+00:00
7012,7012.T,7012.jp,2024-06-25,5735.00,6032.00,5705.00,6032.00,3162100,https://stooq.com/q/d/l/?s=7012.jp&i=d,2026-03-22T01:59:33+00:00
7012,7012.T,7012.jp,2024-06-26,6016.00,6098.00,5965.00,6025.00,3339500,https://stooq.com/q/d/l/?s=7012.jp&i=d,2026-03-22T01:59:33+00:00
7012,7012.T,7012.jp,2024-06-27,5980.00,6035.00,5925.00,6019.00,2073300,https://stooq.com/q/d/l/?s=7012.jp&i=d,2026-03-22T01:59:33+00:00
7012,7012.T,7012.jp,2024-06-28,6109.00,6183.00,6040.00,6110.00,2927600,https://stooq.com/q/d/l/?s=7012.jp&i=d,2026-03-22T01:59:33+00:00
7012,7012.T,7012.jp,2024-07-01,6130.00,6135.00,6012.00,6091.00,2240200,https://stooq.com/q/d/l/?s=7012.jp&i=d,2026-03-22T01:59:33+00:00
7012,7012.T,7012.jp,2024-07-02,6060.00,6220.00,6060.00,6163.00,2980900,https://stooq.com/q/d/l/?s=7012.jp&i=d,2026-03-22T01:59:33+00:00
7012,7012.T,7012.jp,2024-07-03,6245.00,6473.00,6215.00,6451.00,4832800,https://stooq.com/q/d/l/?s=7012.jp&i=d,2026-03-22T01:59:33+00:00
7012,7012.T,7012.jp,2024-07-04,6215.00,6282.00,5902.00,5978.00,23034700,https://stooq.com/q/d/l/?s=7012.jp&i=d,2026-03-22T01:59:33+00:00
7012,7012.T,7012.jp,2024-07-05,5903.00,6276.00,5895.00,6123.00,21553100,https://stooq.com/q/d/l/?s=7012.jp&i=d,2026-03-22T01:59:33+00:00
7012,7012.T,7012.jp,2024-07-08,6023.00,6243.00,6007.00,6106.00,7976100,https://stooq.com/q/d/l/?s=7012.jp&i=d,2026-03-22T01:59:33+00:00
7012,7012.T,7012.jp,2024-07-09,6154.00,6157.00,6038.00,6102.00,4588500,https://stooq.com/q/d/l/?s=7012.jp&i=d,2026-03-22T01:59:33+00:00
7012,7012.T,7012.jp,2024-07-10,6085.00,6180.00,5892.00,5942.00,5529900,https://stooq.com/q/d/l/?s=7012.jp&i=d,2026-03-22T01:59:33+00:00
7012,7012.T,7012.jp,2024-07-11,5981.00,6003.00,5866.00,5943.00,4383800,https://stooq.com/q/d/l/?s=7012.jp&i=d,2026-03-22T01:59:33+00:00
7012,7012.T,7012.jp,2024-07-12,5835.00,5860.00,5707.00,5723.00,4078300,https://stooq.com/q/d/l/?s=7012.jp&i=d,2026-03-22T01:59:33+00:00
7012,7012.T,7012.jp,2024-07-16,5844.00,6083.00,5831.00,6076.00,5691300,https://stooq.com/q/d/l/?s=7012.jp&i=d,2026-03-22T01:59:33+00:00
7012,7012.T,7012.jp,2024-07-17,6176.00,6719.00,6160.00,6710.00,16076400,https://stooq.com/q/d/l/?s=7012.jp&i=d,2026-03-22T01:59:33+00:00
7012,7012.T,7012.jp,2024-07-18,6543.00,6641.00,6269.00,6276.00,10273600,https://stooq.com/q/d/l/?s=7012.jp&i=d,2026-03-22T01:59:33+00:00
7012,7012.T,7012.jp,2024-07-19,6248.00,6360.00,6161.00,6235.00,5052100,https://stooq.com/q/d/l/?s=7012.jp&i=d,2026-03-22T01:59:33+00:00
7012,7012.T,7012.jp,2024-07-22,6200.00,6230.00,6001.00,6047.00,4039400,https://stooq.com/q/d/l/?s=7012.jp&i=d,2026-03-22T01:59:33+00:00
7012,7012.T,7012.jp,2024-07-23,6130.00,6226.00,6085.00,6172.00,3372500,https://stooq.com/q/d/l/?s=7012.jp&i=d,2026-03-22T01:59:33+00:00
7012,7012.T,7012.jp,2024-07-24,6100.00,6222.00,5893.00,5897.00,4867700,https://stooq.com/q/d/l/?s=7012.jp&i=d,2026-03-22T01:59:33+00:00
7012,7012.T,7012.jp,2024-07-25,5697.00,5705.00,5330.00,5358.00,7369900,https://stooq.com/q/d/l/?s=7012.jp&i=d,2026-03-22T01:59:33+00:00
7012,7012.T,7012.jp,2024-07-26,5403.00,5497.00,5160.00,5357.00,5077600,https://stooq.com/q/d/l/?s=7012.jp&i=d,2026-03-22T01:59:33+00:00
7012,7012.T,7012.jp,2024-07-29,5490.00,5617.00,5424.00,5498.00,4658600,https://stooq.com/q/d/l/?s=7012.jp&i=d,2026-03-22T01:59:33+00:00
7012,7012.T,7012.jp,2024-07-30,5504.00,5551.00,5430.00,5519.00,2522900,https://stooq.com/q/d/l/?s=7012.jp&i=d,2026-03-22T01:59:33+00:00
7012,7012.T,7012.jp,2024-07-31,5357.00,5631.00,5321.00,5606.00,2969800,https://stooq.com/q/d/l/?s=7012.jp&i=d,2026-03-22T01:59:33+00:00
7012,7012.T,7012.jp,2024-08-01,5506.00,5527.00,5144.00,5239.00,4630600,https://stooq.com/q/d/l/?s=7012.jp&i=d,2026-03-22T01:59:33+00:00
7012,7012.T,7012.jp,2024-08-02,4972.00,5019.00,4713.00,4735.00,5938700,https://stooq.com/q/d/l/?s=7012.jp&i=d,2026-03-22T01:59:33+00:00
7012,7012.T,7012.jp,2024-08-05,4245.00,4249.00,4035.00,4035.00,6122100,https://stooq.com/q/d/l/?s=7012.jp&i=d,2026-03-22T01:59:33+00:00
7012,7012.T,7012.jp,2024-08-06,4354.00,4410.00,3792.00,3850.00,13901200,https://stooq.com/q/d/l/?s=7012.jp&i=d,2026-03-22T01:59:33+00:00
7012,7012.T,7012.jp,2024-08-07,3837.00,4339.00,3692.00,4197.00,14798300,https://stooq.com/q/d/l/?s=7012.jp&i=d,2026-03-22T01:59:33+00:00
7012,7012.T,7012.jp,2024-08-08,4070.00,4288.00,4031.00,4149.00,6423200,https://stooq.com/q/d/l/?s=7012.jp&i=d,2026-03-22T01:59:33+00:00
7012,7012.T,7012.jp,2024-08-09,4250.00,4349.00,4083.00,4187.00,6184000,https://stooq.com/q/d/l/?s=7012.jp&i=d,2026-03-22T01:59:33+00:00
7012,7012.T,7012.jp,2024-08-13,4354.00,4474.00,4330.00,4425.00,5194600,https://stooq.com/q/d/l/?s=7012.jp&i=d,2026-03-22T01:59:33+00:00
7012,7012.T,7012.jp,2024-08-14,4490.00,4607.00,4385.00,4513.00,5581100,https://stooq.com/q/d/l/?s=7012.jp&i=d,2026-03-22T01:59:33+00:00
7012,7012.T,7012.jp,2024-08-15,4537.00,4929.00,4524.00,4845.00,11064300,https://stooq.com/q/d/l/?s=7012.jp&i=d,2026-03-22T01:59:33+00:00
7012,7012.T,7012.jp,2024-08-16,5018.00,5058.00,4944.00,5055.00,7714900,https://stooq.com/q/d/l/?s=7012.jp&i=d,2026-03-22T01:59:33+00:00
7012,7012.T,7012.jp,2024-08-19,5021.00,5273.00,4966.00,4968.00,9143300,https://stooq.com/q/d/l/?s=7012.jp&i=d,2026-03-22T01:59:33+00:00
7012,7012.T,7012.jp,2024-08-20,5049.00,5058.00,4923.00,5013.00,4354300,https://stooq.com/q/d/l/?s=7012.jp&i=d,2026-03-22T01:59:33+00:00
7012,7012.T,7012.jp,2024-08-21,4857.00,4959.00,4856.00,4941.00,3491300,https://stooq.com/q/d/l/?s=7012.jp&i=d,2026-03-22T01:59:33+00:00
7012,7012.T,7012.jp,2024-08-22,4871.00,4995.00,4775.00,4876.00,9030700,https://stooq.com/q/d/l/?s=7012.jp&i=d,2026-03-22T01:59:33+00:00
7012,7012.T,7012.jp,2024-08-23,4910.00,5029.00,4797.00,5011.00,6514500,https://stooq.com/q/d/l/?s=7012.jp&i=d,2026-03-22T01:59:33+00:00
7012,7012.T,7012.jp,2024-08-26,4963.00,4989.00,4801.00,4866.00,4253900,https://stooq.com/q/d/l/?s=7012.jp&i=d,2026-03-22T01:59:33+00:00
7012,7012.T,7012.jp,2024-08-27,4868.00,4996.00,4868.00,4976.00,3776000,https://stooq.com/q/d/l/?s=7012.jp&i=d,2026-03-22T01:59:33+00:00
7012,7012.T,7012.jp,2024-08-28,4926.00,4936.00,4839.00,4909.00,3118600,https://stooq.com/q/d/l/?s=7012.jp&i=d,2026-03-22T01:59:33+00:00
7012,7012.T,7012.jp,2024-08-29,4892.00,5033.00,4867.00,5001.00,2916000,https://stooq.com/q/d/l/?s=7012.jp&i=d,2026-03-22T01:59:33+00:00
7012,7012.T,7012.jp,2024-08-30,5060.00,5155.00,5047.00,5151.00,4067000,https://stooq.com/q/d/l/?s=7012.jp&i=d,2026-03-22T01:59:33+00:00
7012,7012.T,7012.jp,2024-09-02,5295.00,5429.00,5252.00,5321.00,6289200,https://stooq.com/q/d/l/?s=7012.jp&i=d,2026-03-22T01:59:33+00:00
7012,7012.T,7012.jp,2024-09-03,5281.00,5299.00,5136.00,5205.00,5662300,https://stooq.com/q/d/l/?s=7012.jp&i=d,2026-03-22T01:59:33+00:00
7012,7012.T,7012.jp,2024-09-04,4938.00,5076.00,4904.00,4934.00,5276800,https://stooq.com/q/d/l/?s=7012.jp&i=d,2026-03-22T01:59:33+00:00
7012,7012.T,7012.jp,2024-09-05,4864.00,4999.00,4794.00,4866.00,4635300,https://stooq.com/q/d/l/?s=7012.jp&i=d,2026-03-22T01:59:33+00:00
7012,7012.T,7012.jp,2024-09-06,4850.00,4875.00,4647.00,4692.00,4889100,https://stooq.com/q/d/l/?s=7012.jp&i=d,2026-03-22T01:59:33+00:00
7012,7012.T,7012.jp,2024-09-09,4482.00,4616.00,4441.00,4576.00,4413800,https://stooq.com/q/d/l/?s=7012.jp&i=d,2026-03-22T01:59:33+00:00
7012,7012.T,7012.jp,2024-09-10,4646.00,4714.00,4471.00,4507.00,4637100,https://stooq.com/q/d/l/?s=7012.jp&i=d,2026-03-22T01:59:33+00:00
7012,7012.T,7012.jp,2024-09-11,4450.00,4463.00,4247.00,4315.00,5065500,https://stooq.com/q/d/l/?s=7012.jp&i=d,2026-03-22T01:59:33+00:00
7012,7012.T,7012.jp,2024-09-12,4522.00,4634.00,4509.00,4585.00,4545500,https://stooq.com/q/d/l/?s=7012.jp&i=d,2026-03-22T01:59:33+00:00
7012,7012.T,7012.jp,2024-09-13,4691.00,4970.00,4673.00,4918.00,12732300,https://stooq.com/q/d/l/?s=7012.jp&i=d,2026-03-22T01:59:33+00:00
7012,7012.T,7012.jp,2024-09-17,4960.00,5035.00,4835.00,4933.00,9446400,https://stooq.com/q/d/l/?s=7012.jp&i=d,2026-03-22T01:59:33+00:00
7012,7012.T,7012.jp,2024-09-18,5050.00,5056.00,4890.00,4995.00,6857100,https://stooq.com/q/d/l/?s=7012.jp&i=d,2026-03-22T01:59:33+00:00
7012,7012.T,7012.jp,2024-09-19,5080.00,5182.00,5021.00,5092.00,6371500,https://stooq.com/q/d/l/?s=7012.jp&i=d,2026-03-22T01:59:33+00:00
7012,7012.T,7012.jp,2024-09-20,5292.00,5496.00,5272.00,5411.00,9873500,https://stooq.com/q/d/l/?s=7012.jp&i=d,2026-03-22T01:59:33+00:00
7012,7012.T,7012.jp,2024-09-24,5545.00,5592.00,5460.00,5568.00,7645400,https://stooq.com/q/d/l/?s=7012.jp&i=d,2026-03-22T01:59:33+00:00
7012,7012.T,7012.jp,2024-09-25,5532.00,5735.00,5522.00,5645.00,8077400,https://stooq.com/q/d/l/?s=7012.jp&i=d,2026-03-22T01:59:33+00:00
7012,7012.T,7012.jp,2024-09-26,5755.00,5847.00,5638.00,5748.00,7703200,https://stooq.com/q/d/l/?s=7012.jp&i=d,2026-03-22T01:59:33+00:00
7012,7012.T,7012.jp,2024-09-27,5754.00,6098.00,5713.00,6096.00,11446700,https://stooq.com/q/d/l/?s=7012.jp&i=d,2026-03-22T01:59:33+00:00
7012,7012.T,7012.jp,2024-09-30,5896.00,6045.00,5791.00,5805.00,11766100,https://stooq.com/q/d/l/?s=7012.jp&i=d,2026-03-22T01:59:33+00:00
7012,7012.T,7012.jp,2024-10-01,5894.00,6377.00,5874.00,6287.00,16305900,https://stooq.com/q/d/l/?s=7012.jp&i=d,2026-03-22T01:59:33+00:00
7012,7012.T,7012.jp,2024-10-02,6262.00,6599.00,6143.00,6245.00,19149300,https://stooq.com/q/d/l/?s=7012.jp&i=d,2026-03-22T01:59:33+00:00
7012,7012.T,7012.jp,2024-10-03,6445.00,6457.00,6082.00,6195.00,13211200,https://stooq.com/q/d/l/?s=7012.jp&i=d,2026-03-22T01:59:33+00:00
7012,7012.T,7012.jp,2024-10-04,6100.00,6270.00,6032.00,6225.00,11203000,https://stooq.com/q/d/l/?s=7012.jp&i=d,2026-03-22T01:59:33+00:00
7012,7012.T,7012.jp,2024-10-07,6325.00,6414.00,6238.00,6365.00,11520900,https://stooq.com/q/d/l/?s=7012.jp&i=d,2026-03-22T01:59:33+00:00
7012,7012.T,7012.jp,2024-10-08,6340.00,6408.00,6271.00,6313.00,8205500,https://stooq.com/q/d/l/?s=7012.jp&i=d,2026-03-22T01:59:33+00:00
7012,7012.T,7012.jp,2024-10-09,6325.00,6545.00,6325.00,6530.00,10285400,https://stooq.com/q/d/l/?s=7012.jp&i=d,2026-03-22T01:59:33+00:00
7012,7012.T,7012.jp,2024-10-10,6570.00,6573.00,6115.00,6339.00,17784600,https://stooq.com/q/d/l/?s=7012.jp&i=d,2026-03-22T01:59:33+00:00
7012,7012.T,7012.jp,2024-10-11,6323.00,6538.00,6201.00,6502.00,13940800,https://stooq.com/q/d/l/?s=7012.jp&i=d,2026-03-22T01:59:33+00:00
7012,7012.T,7012.jp,2024-10-15,6499.00,6588.00,6203.00,6563.00,16821800,https://stooq.com/q/d/l/?s=7012.jp&i=d,2026-03-22T01:59:33+00:00
7012,7012.T,7012.jp,2024-10-16,6403.00,6624.00,6344.00,6460.00,10364400,https://stooq.com/q/d/l/?s=7012.jp&i=d,2026-03-22T01:59:33+00:00
7012,7012.T,7012.jp,2024-10-17,6492.00,6497.00,6344.00,6406.00,9130100,https://stooq.com/q/d/l/?s=7012.jp&i=d,2026-03-22T01:59:33+00:00
7012,7012.T,7012.jp,2024-10-18,6417.00,6575.00,6357.00,6441.00,11806700,https://stooq.com/q/d/l/?s=7012.jp&i=d,2026-03-22T01:59:33+00:00
7012,7012.T,7012.jp,2024-10-21,6400.00,6429.00,6158.00,6182.00,10189700,https://stooq.com/q/d/l/?s=7012.jp&i=d,2026-03-22T01:59:33+00:00
7012,7012.T,7012.jp,2024-10-22,6158.00,6283.00,5984.00,6032.00,10223600,https://stooq.com/q/d/l/?s=7012.jp&i=d,2026-03-22T01:59:33+00:00
7012,7012.T,7012.jp,2024-10-23,5950.00,6064.00,5841.00,5859.00,9375100,https://stooq.com/q/d/l/?s=7012.jp&i=d,2026-03-22T01:59:33+00:00
7012,7012.T,7012.jp,2024-10-24,5759.00,5963.00,5690.00,5878.00,11227200,https://stooq.com/q/d/l/?s=7012.jp&i=d,2026-03-22T01:59:33+00:00
7012,7012.T,7012.jp,2024-10-25,5799.00,5888.00,5757.00,5790.00,6064700,https://stooq.com/q/d/l/?s=7012.jp&i=d,2026-03-22T01:59:33+00:00
7012,7012.T,7012.jp,2024-10-28,5690.00,5943.00,5565.00,5587.00,11836100,https://stooq.com/q/d/l/?s=7012.jp&i=d,2026-03-22T01:59:33+00:00
7012,7012.T,7012.jp,2024-10-29,5652.00,5867.00,5588.00,5832.00,9552300,https://stooq.com/q/d/l/?s=7012.jp&i=d,2026-03-22T01:59:33+00:00
7012,7012.T,7012.jp,2024-10-30,5817.00,5948.00,5804.00,5913.00,9395400,https://stooq.com/q/d/l/?s=7012.jp&i=d,2026-03-22T01:59:33+00:00
7012,7012.T,7012.jp,2024-10-31,5913.00,5978.00,5866.00,5949.00,5310400,https://stooq.com/q/d/l/?s=7012.jp&i=d,2026-03-22T01:59:33+00:00
7012,7012.T,7012.jp,2024-11-01,5849.00,5902.00,5725.00,5726.00,5382400,https://stooq.com/q/d/l/?s=7012.jp&i=d,2026-03-22T01:59:33+00:00
7012,7012.T,7012.jp,2024-11-05,5720.00,5907.00,5703.00,5855.00,7329800,https://stooq.com/q/d/l/?s=7012.jp&i=d,2026-03-22T01:59:33+00:00
7012,7012.T,7012.jp,2024-11-06,5890.00,6345.00,5865.00,6285.00,12214300,https://stooq.com/q/d/l/?s=7012.jp&i=d,2026-03-22T01:59:33+00:00
7012,7012.T,7012.jp,2024-11-07,6385.00,6657.00,6338.00,6625.00,15090900,https://stooq.com/q/d/l/?s=7012.jp&i=d,2026-03-22T01:59:33+00:00
7012,7012.T,7012.jp,2024-11-08,6700.00,7155.00,6370.00,7028.00,38677300,https://stooq.com/q/d/l/?s=7012.jp&i=d,2026-03-22T01:59:33+00:00
7012,7012.T,7012.jp,2024-11-11,6925.00,6947.00,6602.00,6669.00,20980200,https://stooq.com/q/d/l/?s=7012.jp&i=d,2026-03-22T01:59:33+00:00
7012,7012.T,7012.jp,2024-11-12,6673.00,6845.00,6501.00,6582.00,14998300,https://stooq.com/q/d/l/?s=7012.jp&i=d,2026-03-22T01:59:33+00:00
7012,7012.T,7012.jp,2024-11-13,6523.00,6625.00,6355.00,6440.00,11033100,https://stooq.com/q/d/l/?s=7012.jp&i=d,2026-03-22T01:59:33+00:00
7012,7012.T,7012.jp,2024-11-14,6440.00,6715.00,6391.00,6487.00,14355400,https://stooq.com/q/d/l/?s=7012.jp&i=d,2026-03-22T01:59:33+00:00
7012,7012.T,7012.jp,2024-11-15,6455.00,6666.00,6407.00,6425.00,12936200,https://stooq.com/q/d/l/?s=7012.jp&i=d,2026-03-22T01:59:33+00:00
7012,7012.T,7012.jp,2024-11-18,6325.00,6373.00,6191.00,6245.00,8915500,https://stooq.com/q/d/l/?s=7012.jp&i=d,2026-03-22T01:59:33+00:00
7012,7012.T,7012.jp,2024-11-19,6281.00,6290.00,6058.00,6290.00,10221400,https://stooq.com/q/d/l/?s=7012.jp&i=d,2026-03-22T01:59:33+00:00
7012,7012.T,7012.jp,2024-11-20,6331.00,6480.00,6274.00,6411.00,9255100,https://stooq.com/q/d/l/?s=7012.jp&i=d,2026-03-22T01:59:33+00:00
7012,7012.T,7012.jp,2024-11-21,6415.00,6465.00,6196.00,6229.00,9839600,https://stooq.com/q/d/l/?s=7012.jp&i=d,2026-03-22T01:59:33+00:00
7012,7012.T,7012.jp,2024-11-22,6274.00,6312.00,6190.00,6282.00,7000600,https://stooq.com/q/d/l/?s=7012.jp&i=d,2026-03-22T01:59:33+00:00
7012,7012.T,7012.jp,2024-11-25,6321.00,6423.00,6193.00,6220.00,8896700,https://stooq.com/q/d/l/?s=7012.jp&i=d,2026-03-22T01:59:33+00:00
7012,7012.T,7012.jp,2024-11-26,6176.00,6206.00,5827.00,5885.00,9610600,https://stooq.com/q/d/l/?s=7012.jp&i=d,2026-03-22T01:59:33+00:00
7012,7012.T,7012.jp,2024-11-27,5841.00,5858.00,5666.00,5696.00,8263100,https://stooq.com/q/d/l/?s=7012.jp&i=d,2026-03-22T01:59:33+00:00
7012,7012.T,7012.jp,2024-11-28,5639.00,5728.00,5593.00,5609.00,5991600,https://stooq.com/q/d/l/?s=7012.jp&i=d,2026-03-22T01:59:33+00:00
7012,7012.T,7012.jp,2024-11-29,5627.00,5724.00,5531.00,5536.00,6506900,https://stooq.com/q/d/l/?s=7012.jp&i=d,2026-03-22T01:59:33+00:00
7012,7012.T,7012.jp,2024-12-02,5481.00,5640.00,5455.00,5588.00,7301700,https://stooq.com/q/d/l/?s=7012.jp&i=d,2026-03-22T01:59:33+00:00
7012,7012.T,7012.jp,2024-12-03,5639.00,5965.00,5630.00,5958.00,10206100,https://stooq.com/q/d/l/?s=7012.jp&i=d,2026-03-22T01:59:33+00:00
7012,7012.T,7012.jp,2024-12-04,5947.00,6354.00,5919.00,6302.00,15845800,https://stooq.com/q/d/l/?s=7012.jp&i=d,2026-03-22T01:59:33+00:00
7012,7012.T,7012.jp,2024-12-05,6382.00,6753.00,6324.00,6477.00,23631900,https://stooq.com/q/d/l/?s=7012.jp&i=d,2026-03-22T01:59:33+00:00
7012,7012.T,7012.jp,2024-12-06,6480.00,6506.00,6231.00,6242.00,12487400,https://stooq.com/q/d/l/?s=7012.jp&i=d,2026-03-22T01:59:33+00:00
7012,7012.T,7012.jp,2024-12-09,6288.00,6373.00,5975.00,6041.00,13531900,https://stooq.com/q/d/l/?s=7012.jp&i=d,2026-03-22T01:59:33+00:00
7012,7012.T,7012.jp,2024-12-10,6077.00,6202.00,6016.00,6097.00,11742200,https://stooq.com/q/d/l/?s=7012.jp&i=d,2026-03-22T01:59:33+00:00
7012,7012.T,7012.jp,2024-12-11,6140.00,6745.00,6095.00,6724.00,33333500,https://stooq.com/q/d/l/?s=7012.jp&i=d,2026-03-22T01:59:33+00:00
7012,7012.T,7012.jp,2024-12-12,6799.00,6861.00,6581.00,6624.00,18613400,https://stooq.com/q/d/l/?s=7012.jp&i=d,2026-03-22T01:59:33+00:00
7012,7012.T,7012.jp,2024-12-13,6600.00,6619.00,6316.00,6410.00,13213800,https://stooq.com/q/d/l/?s=7012.jp&i=d,2026-03-22T01:59:33+00:00
7012,7012.T,7012.jp,2024-12-16,6436.00,6472.00,6296.00,6356.00,9628700,https://stooq.com/q/d/l/?s=7012.jp&i=d,2026-03-22T01:59:33+00:00
7012,7012.T,7012.jp,2024-12-17,6375.00,6511.00,6311.00,6314.00,13452700,https://stooq.com/q/d/l/?s=7012.jp&i=d,2026-03-22T01:59:33+00:00
7012,7012.T,7012.jp,2024-12-18,6430.00,6697.00,6285.00,6364.00,22625000,https://stooq.com/q/d/l/?s=7012.jp&i=d,2026-03-22T01:59:33+00:00
7012,7012.T,7012.jp,2024-12-19,6213.00,6665.00,6159.00,6570.00,20701000,https://stooq.com/q/d/l/?s=7012.jp&i=d,2026-03-22T01:59:33+00:00
7012,7012.T,7012.jp,2024-12-20,6585.00,6675.00,6485.00,6524.00,13181000,https://stooq.com/q/d/l/?s=7012.jp&i=d,2026-03-22T01:59:33+00:00
7012,7012.T,7012.jp,2024-12-23,6616.00,6814.00,6551.00,6791.00,19948500,https://stooq.com/q/d/l/?s=7012.jp&i=d,2026-03-22T01:59:33+00:00
7012,7012.T,7012.jp,2024-12-24,6790.00,6838.00,6664.00,6798.00,13029800,https://stooq.com/q/d/l/?s=7012.jp&i=d,2026-03-22T01:59:33+00:00
7012,7012.T,7012.jp,2024-12-25,6869.00,7218.00,6858.00,7089.00,23157400,https://stooq.com/q/d/l/?s=7012.jp&i=d,2026-03-22T01:59:33+00:00
7012,7012.T,7012.jp,2024-12-26,7052.00,7366.00,7015.00,7366.00,15775200,https://stooq.com/q/d/l/?s=7012.jp&i=d,2026-03-22T01:59:33+00:00
7012,7012.T,7012.jp,2024-12-27,7423.00,7435.00,7235.00,7422.00,14755300,https://stooq.com/q/d/l/?s=7012.jp&i=d,2026-03-22T01:59:33+00:00
7012,7012.T,7012.jp,2024-12-30,7400.00,7426.00,7109.00,7280.00,12984400,https://stooq.com/q/d/l/?s=7012.jp&i=d,2026-03-22T01:59:33+00:00
7012,7012.T,7012.jp,2025-01-06,7321.00,7365.00,7058.00,7061.00,8566800,https://stooq.com/q/d/l/?s=7012.jp&i=d,2026-03-22T01:59:33+00:00
7012,7012.T,7012.jp,2025-01-07,7145.00,7175.00,6981.00,7050.00,7357900,https://stooq.com/q/d/l/?s=7012.jp&i=d,2026-03-22T01:59:33+00:00
7012,7012.T,7012.jp,2025-01-08,7065.00,7163.00,6984.00,7018.00,7392800,https://stooq.com/q/d/l/?s=7012.jp&i=d,2026-03-22T01:59:33+00:00
7012,7012.T,7012.jp,2025-01-09,6966.00,7012.00,6755.00,6819.00,7723800,https://stooq.com/q/d/l/?s=7012.jp&i=d,2026-03-22T01:59:33+00:00
7012,7012.T,7012.jp,2025-01-10,6819.00,7170.00,6769.00,7054.00,12640200,https://stooq.com/q/d/l/?s=7012.jp&i=d,2026-03-22T01:59:33+00:00
7012,7012.T,7012.jp,2025-01-14,7197.00,7214.00,6883.00,6978.00,7720200,https://stooq.com/q/d/l/?s=7012.jp&i=d,2026-03-22T01:59:33+00:00
7012,7012.T,7012.jp,2025-01-15,7000.00,7052.00,6825.00,6912.00,6257000,https://stooq.com/q/d/l/?s=7012.jp&i=d,2026-03-22T01:59:33+00:00
7012,7012.T,7012.jp,2025-01-16,6939.00,6970.00,6760.00,6847.00,6846600,https://stooq.com/q/d/l/?s=7012.jp&i=d,2026-03-22T01:59:33+00:00
7012,7012.T,7012.jp,2025-01-17,6772.00,6914.00,6628.00,6868.00,7241500,https://stooq.com/q/d/l/?s=7012.jp&i=d,2026-03-22T01:59:33+00:00
7012,7012.T,7012.jp,2025-01-20,6914.00,7072.00,6842.00,7025.00,7897300,https://stooq.com/q/d/l/?s=7012.jp&i=d,2026-03-22T01:59:33+00:00
7012,7012.T,7012.jp,2025-01-21,7074.00,7074.00,6720.00,6750.00,10884600,https://stooq.com/q/d/l/?s=7012.jp&i=d,2026-03-22T01:59:33+00:00
7012,7012.T,7012.jp,2025-01-22,6800.00,7010.00,6703.00,6738.00,10682600,https://stooq.com/q/d/l/?s=7012.jp&i=d,2026-03-22T01:59:33+00:00
7012,7012.T,7012.jp,2025-01-23,6787.00,6978.00,6758.00,6815.00,10090000,https://stooq.com/q/d/l/?s=7012.jp&i=d,2026-03-22T01:59:33+00:00
7012,7012.T,7012.jp,2025-01-24,6856.00,6963.00,6760.00,6874.00,12275300,https://stooq.com/q/d/l/?s=7012.jp&i=d,2026-03-22T01:59:33+00:00
7012,7012.T,7012.jp,2025-01-27,6885.00,6985.00,6768.00,6915.00,12194700,https://stooq.com/q/d/l/?s=7012.jp&i=d,2026-03-22T01:59:33+00:00
7012,7012.T,7012.jp,2025-01-28,6750.00,6826.00,6388.00,6741.00,14910400,https://stooq.com/q/d/l/?s=7012.jp&i=d,2026-03-22T01:59:33+00:00
7012,7012.T,7012.jp,2025-01-29,6772.00,6896.00,6672.00,6751.00,9494700,https://stooq.com/q/d/l/?s=7012.jp&i=d,2026-03-22T01:59:33+00:00
7012,7012.T,7012.jp,2025-01-30,6776.00,6958.00,6766.00,6790.00,8449500,https://stooq.com/q/d/l/?s=7012.jp&i=d,2026-03-22T01:59:33+00:00
7012,7012.T,7012.jp,2025-01-31,6844.00,7070.00,6768.00,7066.00,9043500,https://stooq.com/q/d/l/?s=7012.jp&i=d,2026-03-22T01:59:33+00:00
7012,7012.T,7012.jp,2025-02-03,6897.00,7060.00,6840.00,6992.00,7811700,https://stooq.com/q/d/l/?s=7012.jp&i=d,2026-03-22T01:59:33+00:00
7012,7012.T,7012.jp,2025-02-04,7060.00,7133.00,6925.00,6990.00,8861200,https://stooq.com/q/d/l/?s=7012.jp&i=d,2026-03-22T01:59:33+00:00
7012,7012.T,7012.jp,2025-02-05,7073.00,7093.00,6805.00,6996.00,7159600,https://stooq.com/q/d/l/?s=7012.jp&i=d,2026-03-22T01:59:33+00:00
7012,7012.T,7012.jp,2025-02-06,6975.00,7054.00,6925.00,7025.00,7128900,https://stooq.com/q/d/l/?s=7012.jp&i=d,2026-03-22T01:59:33+00:00
7012,7012.T,7012.jp,2025-02-07,7000.00,7160.00,6700.00,7139.00,23133100,https://stooq.com/q/d/l/?s=7012.jp&i=d,2026-03-22T01:59:33+00:00
7012,7012.T,7012.jp,2025-02-10,6925.00,7673.00,6887.00,7541.00,34023600,https://stooq.com/q/d/l/?s=7012.jp&i=d,2026-03-22T01:59:33+00:00
7012,7012.T,7012.jp,2025-02-12,7550.00,7634.00,7247.00,7347.00,11394200,https://stooq.com/q/d/l/?s=7012.jp&i=d,2026-03-22T01:59:33+00:00
7012,7012.T,7012.jp,2025-02-13,7450.00,7612.00,7224.00,7561.00,11160700,https://stooq.com/q/d/l/?s=7012.jp&i=d,2026-03-22T01:59:33+00:00
7012,7012.T,7012.jp,2025-02-14,7529.00,7569.00,7150.00,7170.00,10487500,https://stooq.com/q/d/l/?s=7012.jp&i=d,2026-03-22T01:59:33+00:00
7012,7012.T,7012.jp,2025-02-17,7190.00,7561.00,7130.00,7553.00,13694400,https://stooq.com/q/d/l/?s=7012.jp&i=d,2026-03-22T01:59:33+00:00
7012,7012.T,7012.jp,2025-02-18,7949.00,8176.00,7788.00,7905.00,17428800,https://stooq.com/q/d/l/?s=7012.jp&i=d,2026-03-22T01:59:33+00:00
7012,7012.T,7012.jp,2025-02-19,8100.00,8177.00,7835.00,8090.00,13223700,https://stooq.com/q/d/l/?s=7012.jp&i=d,2026-03-22T01:59:33+00:00
7012,7012.T,7012.jp,2025-02-20,8010.00,8133.00,7841.00,8047.00,12420400,https://stooq.com/q/d/l/?s=7012.jp&i=d,2026-03-22T01:59:33+00:00
7012,7012.T,7012.jp,2025-02-21,7953.00,8008.00,7741.00,7862.00,10360300,https://stooq.com/q/d/l/?s=7012.jp&i=d,2026-03-22T01:59:33+00:00
7012,7012.T,7012.jp,2025-02-25,7581.00,7848.00,7505.00,7676.00,9203900,https://stooq.com/q/d/l/?s=7012.jp&i=d,2026-03-22T01:59:33+00:00
7012,7012.T,7012.jp,2025-02-26,7578.00,7797.00,7434.00,7788.00,9325800,https://stooq.com/q/d/l/?s=7012.jp&i=d,2026-03-22T01:59:33+00:00
7012,7012.T,7012.jp,2025-02-27,7887.00,7988.00,7755.00,7792.00,6851600,https://stooq.com/q/d/l/?s=7012.jp&i=d,2026-03-22T01:59:33+00:00
7012,7012.T,7012.jp,2025-02-28,7667.00,7758.00,7486.00,7490.00,8132500,https://stooq.com/q/d/l/?s=7012.jp&i=d,2026-03-22T01:59:33+00:00
7012,7012.T,7012.jp,2025-03-03,7640.00,7935.00,7553.00,7834.00,11873100,https://stooq.com/q/d/l/?s=7012.jp&i=d,2026-03-22T01:59:33+00:00
7012,7012.T,7012.jp,2025-03-04,7821.00,8143.00,7761.00,8125.00,18187400,https://stooq.com/q/d/l/?s=7012.jp&i=d,2026-03-22T01:59:33+00:00
7012,7012.T,7012.jp,2025-03-05,8150.00,8730.00,8077.00,8500.00,28457100,https://stooq.com/q/d/l/?s=7012.jp&i=d,2026-03-22T01:59:33+00:00
7012,7012.T,7012.jp,2025-03-06,8750.00,9360.00,8700.00,9120.00,25251900,https://stooq.com/q/d/l/?s=7012.jp&i=d,2026-03-22T01:59:33+00:00
7012,7012.T,7012.jp,2025-03-07,9119.00,9319.00,8695.00,8740.00,20339800,https://stooq.com/q/d/l/?s=7012.jp&i=d,2026-03-22T01:59:33+00:00
7012,7012.T,7012.jp,2025-03-10,8780.00,8895.00,8426.00,8500.00,14210700,https://stooq.com/q/d/l/?s=7012.jp&i=d,2026-03-22T01:59:33+00:00
7012,7012.T,7012.jp,2025-03-11,8320.00,8428.00,7952.00,8399.00,15133500,https://stooq.com/q/d/l/?s=7012.jp&i=d,2026-03-22T01:59:33+00:00
7012,7012.T,7012.jp,2025-03-12,8470.00,8742.00,8470.00,8707.00,15184800,https://stooq.com/q/d/l/?s=7012.jp&i=d,2026-03-22T01:59:33+00:00
7012,7012.T,7012.jp,2025-03-13,9000.00,9260.00,8850.00,8870.00,22404700,https://stooq.com/q/d/l/?s=7012.jp&i=d,2026-03-22T01:59:33+00:00
7012,7012.T,7012.jp,2025-03-14,8871.00,9169.00,8788.00,9166.00,16235900,https://stooq.com/q/d/l/?s=7012.jp&i=d,2026-03-22T01:59:33+00:00
7012,7012.T,7012.jp,2025-03-17,9400.00,9792.00,9302.00,9718.00,23201200,https://stooq.com/q/d/l/?s=7012.jp&i=d,2026-03-22T01:59:33+00:00
7012,7012.T,7012.jp,2025-03-18,9868.00,10035.00,9517.00,9750.00,20226200,https://stooq.com/q/d/l/?s=7012.jp&i=d,2026-03-22T01:59:33+00:00
7012,7012.T,7012.jp,2025-03-19,9751.00,9962.00,9651.00,9847.00,24960300,https://stooq.com/q/d/l/?s=7012.jp&i=d,2026-03-22T01:59:33+00:00
7012,7012.T,7012.jp,2025-03-21,9578.00,9652.00,9367.00,9535.00,16728400,https://stooq.com/q/d/l/?s=7012.jp&i=d,2026-03-22T01:59:33+00:00
7012,7012.T,7012.jp,2025-03-24,9650.00,9852.00,9465.00,9569.00,10929000,https://stooq.com/q/d/l/?s=7012.jp&i=d,2026-03-22T01:59:33+00:00
7012,7012.T,7012.jp,2025-03-25,9600.00,9649.00,9384.00,9384.00,12915100,https://stooq.com/q/d/l/?s=7012.jp&i=d,2026-03-22T01:59:33+00:00
7012,7012.T,7012.jp,2025-03-26,9533.00,9628.00,9302.00,9420.00,15142900,https://stooq.com/q/d/l/?s=7012.jp&i=d,2026-03-22T01:59:33+00:00
7012,7012.T,7012.jp,2025-03-27,9276.00,9590.00,9271.00,9436.00,16758100,https://stooq.com/q/d/l/?s=7012.jp&i=d,2026-03-22T01:59:33+00:00
7012,7012.T,7012.jp,2025-03-28,9356.00,9752.00,9216.00,9362.00,18060200,https://stooq.com/q/d/l/?s=7012.jp&i=d,2026-03-22T01:59:33+00:00
7012,7012.T,7012.jp,2025-03-31,9062.00,9105.00,8831.00,8928.00,12794700,https://stooq.com/q/d/l/?s=7012.jp&i=d,2026-03-22T01:59:33+00:00
7012,7012.T,7012.jp,2025-04-01,9065.00,9104.00,8690.00,8731.00,11538200,https://stooq.com/q/d/l/?s=7012.jp&i=d,2026-03-22T01:59:33+00:00
7012,7012.T,7012.jp,2025-04-02,8861.00,9045.00,8625.00,9034.00,15543600,https://stooq.com/q/d/l/?s=7012.jp&i=d,2026-03-22T01:59:33+00:00
7012,7012.T,7012.jp,2025-04-03,8584.00,8754.00,8275.00,8393.00,17001400,https://stooq.com/q/d/l/?s=7012.jp&i=d,2026-03-22T01:59:33+00:00
7012,7012.T,7012.jp,2025-04-04,8279.00,8307.00,7130.00,7400.00,24990000,https://stooq.com/q/d/l/?s=7012.jp&i=d,2026-03-22T01:59:33+00:00
7012,7012.T,7012.jp,2025-04-07,6150.00,6514.00,5980.00,6182.00,19747200,https://stooq.com/q/d/l/?s=7012.jp&i=d,2026-03-22T01:59:33+00:00
7012,7012.T,7012.jp,2025-04-08,6782.00,7182.00,6730.00,6891.00,17850600,https://stooq.com/q/d/l/?s=7012.jp&i=d,2026-03-22T01:59:33+00:00
7012,7012.T,7012.jp,2025-04-09,6491.00,6516.00,6258.00,6457.00,17658000,https://stooq.com/q/d/l/?s=7012.jp&i=d,2026-03-22T01:59:33+00:00
7012,7012.T,7012.jp,2025-04-10,7457.00,7457.00,7457.00,7457.00,2462700,https://stooq.com/q/d/l/?s=7012.jp&i=d,2026-03-22T01:59:33+00:00
7012,7012.T,7012.jp,2025-04-11,7425.00,7598.00,7016.00,7581.00,33118400,https://stooq.com/q/d/l/?s=7012.jp&i=d,2026-03-22T01:59:33+00:00
7012,7012.T,7012.jp,2025-04-14,7731.00,7807.00,7503.00,7504.00,18000900,https://stooq.com/q/d/l/?s=7012.jp&i=d,2026-03-22T01:59:33+00:00
7012,7012.T,7012.jp,2025-04-15,7654.00,7884.00,7593.00,7838.00,21025200,https://stooq.com/q/d/l/?s=7012.jp&i=d,2026-03-22T01:59:33+00:00
7012,7012.T,7012.jp,2025-04-16,7934.00,8040.00,7501.00,7570.00,36167700,https://stooq.com/q/d/l/?s=7012.jp&i=d,2026-03-22T01:59:33+00:00
7012,7012.T,7012.jp,2025-04-17,7617.00,8212.00,7613.00,8104.00,38741800,https://stooq.com/q/d/l/?s=7012.jp&i=d,2026-03-22T01:59:33+00:00
7012,7012.T,7012.jp,2025-04-18,8000.00,8096.00,7925.00,7987.00,21889800,https://stooq.com/q/d/l/?s=7012.jp&i=d,2026-03-22T01:59:33+00:00
7012,7012.T,7012.jp,2025-04-21,8008.00,8059.00,7815.00,7865.00,22232000,https://stooq.com/q/d/l/?s=7012.jp&i=d,2026-03-22T01:59:33+00:00
7012,7012.T,7012.jp,2025-04-22,7805.00,7860.00,7670.00,7760.00,18122200,https://stooq.com/q/d/l/?s=7012.jp&i=d,2026-03-22T01:59:33+00:00
7012,7012.T,7012.jp,2025-04-23,8015.00,8078.00,7869.00,7970.00,17889400,https://stooq.com/q/d/l/?s=7012.jp&i=d,2026-03-22T01:59:33+00:00
7012,7012.T,7012.jp,2025-04-24,8070.00,8116.00,8000.00,8013.00,15640700,https://stooq.com/q/d/l/?s=7012.jp&i=d,2026-03-22T01:59:33+00:00
7012,7012.T,7012.jp,2025-04-25,8146.00,8397.00,8114.00,8397.00,22461300,https://stooq.com/q/d/l/?s=7012.jp&i=d,2026-03-22T01:59:33+00:00
7012,7012.T,7012.jp,2025-04-28,8578.00,8645.00,8451.00,8487.00,14237900,https://stooq.com/q/d/l/?s=7012.jp&i=d,2026-03-22T01:59:33+00:00
7012,7012.T,7012.jp,2025-04-30,8547.00,8579.00,8279.00,8469.00,14725300,https://stooq.com/q/d/l/?s=7012.jp&i=d,2026-03-22T01:59:33+00:00
7012,7012.T,7012.jp,2025-05-01,8474.00,8539.00,8342.00,8494.00,12832000,https://stooq.com/q/d/l/?s=7012.jp&i=d,2026-03-22T01:59:33+00:00
7012,7012.T,7012.jp,2025-05-02,8478.00,8531.00,8316.00,8432.00,12896900,https://stooq.com/q/d/l/?s=7012.jp&i=d,2026-03-22T01:59:33+00:00
7012,7012.T,7012.jp,2025-05-07,8250.00,8438.00,8104.00,8311.00,17327800,https://stooq.com/q/d/l/?s=7012.jp&i=d,2026-03-22T01:59:33+00:00
7012,7012.T,7012.jp,2025-05-08,8210.00,8523.00,8129.00,8445.00,19373000,https://stooq.com/q/d/l/?s=7012.jp&i=d,2026-03-22T01:59:33+00:00
7012,7012.T,7012.jp,2025-05-09,8590.00,8720.00,8010.00,8273.00,39975000,https://stooq.com/q/d/l/?s=7012.jp&i=d,2026-03-22T01:59:33+00:00
7012,7012.T,7012.jp,2025-05-12,8123.00,8770.00,8070.00,8652.00,32267800,https://stooq.com/q/d/l/?s=7012.jp&i=d,2026-03-22T01:59:33+00:00
7012,7012.T,7012.jp,2025-05-13,8730.00,9017.00,8555.00,8966.00,30174500,https://stooq.com/q/d/l/?s=7012.jp&i=d,2026-03-22T01:59:33+00:00
7012,7012.T,7012.jp,2025-05-14,9097.00,9126.00,8628.00,8732.00,19011700,https://stooq.com/q/d/l/?s=7012.jp&i=d,2026-03-22T01:59:33+00:00
7012,7012.T,7012.jp,2025-05-15,8693.00,8797.00,8535.00,8787.00,13885500,https://stooq.com/q/d/l/?s=7012.jp&i=d,2026-03-22T01:59:33+00:00
7012,7012.T,7012.jp,2025-05-16,8750.00,8877.00,8723.00,8859.00,14376400,https://stooq.com/q/d/l/?s=7012.jp&i=d,2026-03-22T01:59:33+00:00
7012,7012.T,7012.jp,2025-05-19,8818.00,8940.00,8737.00,8931.00,13714800,https://stooq.com/q/d/l/?s=7012.jp&i=d,2026-03-22T01:59:33+00:00
7012,7012.T,7012.jp,2025-05-20,8990.00,9055.00,8714.00,8732.00,18024900,https://stooq.com/q/d/l/?s=7012.jp&i=d,2026-03-22T01:59:33+00:00
7012,7012.T,7012.jp,2025-05-21,8810.00,9169.00,8736.00,9148.00,22859500,https://stooq.com/q/d/l/?s=7012.jp&i=d,2026-03-22T01:59:33+00:00
7012,7012.T,7012.jp,2025-05-22,9126.00,9154.00,8872.00,9048.00,19176400,https://stooq.com/q/d/l/?s=7012.jp&i=d,2026-03-22T01:59:33+00:00
7012,7012.T,7012.jp,2025-05-23,9048.00,9338.00,8990.00,9185.00,25757100,https://stooq.com/q/d/l/?s=7012.jp&i=d,2026-03-22T01:59:33+00:00
7012,7012.T,7012.jp,2025-05-26,9294.00,9599.00,9243.00,9511.00,23566600,https://stooq.com/q/d/l/?s=7012.jp&i=d,2026-03-22T01:59:33+00:00
7012,7012.T,7012.jp,2025-05-27,9560.00,9999.00,9558.00,9949.00,31054000,https://stooq.com/q/d/l/?s=7012.jp&i=d,2026-03-22T01:59:33+00:00
7012,7012.T,7012.jp,2025-05-28,10000.00,10080.00,9820.00,9840.00,19290500,https://stooq.com/q/d/l/?s=7012.jp&i=d,2026-03-22T01:59:33+00:00
7012,7012.T,7012.jp,2025-05-29,9960.00,10050.00,9832.00,10045.00,17025600,https://stooq.com/q/d/l/?s=7012.jp&i=d,2026-03-22T01:59:33+00:00
7012,7012.T,7012.jp,2025-05-30,9901.00,10185.00,9901.00,10155.00,11938300,https://stooq.com/q/d/l/?s=7012.jp&i=d,2026-03-22T01:59:33+00:00
7012,7012.T,7012.jp,2025-06-02,10210.00,10235.00,10015.00,10210.00,6344800,https://stooq.com/q/d/l/?s=7012.jp&i=d,2026-03-22T01:59:33+00:00
7012,7012.T,7012.jp,2025-06-03,10365.00,10875.00,10365.00,10825.00,12284800,https://stooq.com/q/d/l/?s=7012.jp&i=d,2026-03-22T01:59:33+00:00
7012,7012.T,7012.jp,2025-06-04,10950.00,11015.00,10675.00,10830.00,9461700,https://stooq.com/q/d/l/?s=7012.jp&i=d,2026-03-22T01:59:33+00:00
7012,7012.T,7012.jp,2025-06-05,10830.00,10875.00,10400.00,10405.00,6582800,https://stooq.com/q/d/l/?s=7012.jp&i=d,2026-03-22T01:59:33+00:00
7012,7012.T,7012.jp,2025-06-06,10395.00,10755.00,10365.00,10725.00,7700800,https://stooq.com/q/d/l/?s=7012.jp&i=d,2026-03-22T01:59:33+00:00
7012,7012.T,7012.jp,2025-06-09,10785.00,10850.00,10655.00,10810.00,5800600,https://stooq.com/q/d/l/?s=7012.jp&i=d,2026-03-22T01:59:33+00:00
7012,7012.T,7012.jp,2025-06-10,10810.00,10860.00,10565.00,10580.00,4642600,https://stooq.com/q/d/l/?s=7012.jp&i=d,2026-03-22T01:59:33+00:00
7012,7012.T,7012.jp,2025-06-11,10380.00,10495.00,10050.00,10050.00,6669700,https://stooq.com/q/d/l/?s=7012.jp&i=d,2026-03-22T01:59:33+00:00
7012,7012.T,7012.jp,2025-06-12,10180.00,10485.00,10110.00,10455.00,7096200,https://stooq.com/q/d/l/?s=7012.jp&i=d,2026-03-22T01:59:33+00:00
7012,7012.T,7012.jp,2025-06-13,10270.00,10590.00,10140.00,10540.00,9760400,https://stooq.com/q/d/l/?s=7012.jp&i=d,2026-03-22T01:59:33+00:00
7012,7012.T,7012.jp,2025-06-16,10760.00,10815.00,10520.00,10670.00,6805100,https://stooq.com/q/d/l/?s=7012.jp&i=d,2026-03-22T01:59:33+00:00
7012,7012.T,7012.jp,2025-06-17,10720.00,10810.00,10620.00,10790.00,5469000,https://stooq.com/q/d/l/?s=7012.jp&i=d,2026-03-22T01:59:33+00:00
7012,7012.T,7012.jp,2025-06-18,10820.00,10880.00,10605.00,10685.00,4580700,https://stooq.com/q/d/l/?s=7012.jp&i=d,2026-03-22T01:59:33+00:00
7012,7012.T,7012.jp,2025-06-19,10730.00,10795.00,10620.00,10660.00,4796200,https://stooq.com/q/d/l/?s=7012.jp&i=d,2026-03-22T01:59:33+00:00
7012,7012.T,7012.jp,2025-06-20,10615.00,10635.00,10325.00,10330.00,4510800,https://stooq.com/q/d/l/?s=7012.jp&i=d,2026-03-22T01:59:33+00:00
7012,7012.T,7012.jp,2025-06-23,10610.00,10740.00,10260.00,10290.00,7501200,https://stooq.com/q/d/l/?s=7012.jp&i=d,2026-03-22T01:59:33+00:00
7012,7012.T,7012.jp,2025-06-24,10260.00,10520.00,10235.00,10450.00,4829700,https://stooq.com/q/d/l/?s=7012.jp&i=d,2026-03-22T01:59:33+00:00
7012,7012.T,7012.jp,2025-06-25,10750.00,10845.00,10430.00,10490.00,6153700,https://stooq.com/q/d/l/?s=7012.jp&i=d,2026-03-22T01:59:33+00:00
7012,7012.T,7012.jp,2025-06-26,10500.00,10615.00,10350.00,10575.00,4564100,https://stooq.com/q/d/l/?s=7012.jp&i=d,2026-03-22T01:59:33+00:00
7012,7012.T,7012.jp,2025-06-27,10830.00,11445.00,10825.00,11225.00,11260400,https://stooq.com/q/d/l/?s=7012.jp&i=d,2026-03-22T01:59:33+00:00
7012,7012.T,7012.jp,2025-06-30,11495.00,11500.00,10800.00,10900.00,6856700,https://stooq.com/q/d/l/?s=7012.jp&i=d,2026-03-22T01:59:33+00:00
7012,7012.T,7012.jp,2025-07-01,10970.00,11160.00,10930.00,11010.00,5213600,https://stooq.com/q/d/l/?s=7012.jp&i=d,2026-03-22T01:59:33+00:00
7012,7012.T,7012.jp,2025-07-02,10480.00,10675.00,10380.00,10460.00,5402500,https://stooq.com/q/d/l/?s=7012.jp&i=d,2026-03-22T01:59:33+00:00
7012,7012.T,7012.jp,2025-07-03,10560.00,10560.00,10250.00,10285.00,3551100,https://stooq.com/q/d/l/?s=7012.jp&i=d,2026-03-22T01:59:33+00:00
7012,7012.T,7012.jp,2025-07-04,10405.00,10430.00,10050.00,10110.00,3651300,https://stooq.com/q/d/l/?s=7012.jp&i=d,2026-03-22T01:59:33+00:00
7012,7012.T,7012.jp,2025-07-07,9969.00,10215.00,9913.00,10155.00,3973900,https://stooq.com/q/d/l/?s=7012.jp&i=d,2026-03-22T01:59:33+00:00
7012,7012.T,7012.jp,2025-07-08,10160.00,10225.00,10100.00,10170.00,2914700,https://stooq.com/q/d/l/?s=7012.jp&i=d,2026-03-22T01:59:33+00:00
7012,7012.T,7012.jp,2025-07-09,10100.00,10175.00,9891.00,10030.00,4482300,https://stooq.com/q/d/l/?s=7012.jp&i=d,2026-03-22T01:59:33+00:00
7012,7012.T,7012.jp,2025-07-10,10160.00,10185.00,9956.00,10080.00,3291500,https://stooq.com/q/d/l/?s=7012.jp&i=d,2026-03-22T01:59:33+00:00
7012,7012.T,7012.jp,2025-07-11,10100.00,10160.00,9903.00,9903.00,3445000,https://stooq.com/q/d/l/?s=7012.jp&i=d,2026-03-22T01:59:33+00:00
7012,7012.T,7012.jp,2025-07-14,9875.00,10305.00,9852.00,10225.00,4334900,https://stooq.com/q/d/l/?s=7012.jp&i=d,2026-03-22T01:59:33+00:00
7012,7012.T,7012.jp,2025-07-15,10475.00,10495.00,10120.00,10165.00,3933300,https://stooq.com/q/d/l/?s=7012.jp&i=d,2026-03-22T01:59:33+00:00
7012,7012.T,7012.jp,2025-07-16,10145.00,10220.00,10055.00,10115.00,2372600,https://stooq.com/q/d/l/?s=7012.jp&i=d,2026-03-22T01:59:33+00:00
7012,7012.T,7012.jp,2025-07-17,10080.00,10105.00,9960.00,10085.00,2499700,https://stooq.com/q/d/l/?s=7012.jp&i=d,2026-03-22T01:59:33+00:00
7012,7012.T,7012.jp,2025-07-18,10180.00,10200.00,10005.00,10040.00,2072600,https://stooq.com/q/d/l/?s=7012.jp&i=d,2026-03-22T01:59:33+00:00
7012,7012.T,7012.jp,2025-07-22,10200.00,10420.00,10120.00,10355.00,4195000,https://stooq.com/q/d/l/?s=7012.jp&i=d,2026-03-22T01:59:33+00:00
7012,7012.T,7012.jp,2025-07-23,10650.00,10695.00,10230.00,10675.00,6277300,https://stooq.com/q/d/l/?s=7012.jp&i=d,2026-03-22T01:59:33+00:00
7012,7012.T,7012.jp,2025-07-24,10820.00,10960.00,10740.00,10935.00,4892800,https://stooq.com/q/d/l/?s=7012.jp&i=d,2026-03-22T01:59:33+00:00
7012,7012.T,7012.jp,2025-07-25,10805.00,10980.00,10770.00,10860.00,3187400,https://stooq.com/q/d/l/?s=7012.jp&i=d,2026-03-22T01:59:33+00:00
7012,7012.T,7012.jp,2025-07-28,10865.00,10870.00,10620.00,10680.00,2430800,https://stooq.com/q/d/l/?s=7012.jp&i=d,2026-03-22T01:59:33+00:00
7012,7012.T,7012.jp,2025-07-29,10545.00,10605.00,10430.00,10520.00,2213200,https://stooq.com/q/d/l/?s=7012.jp&i=d,2026-03-22T01:59:33+00:00
7012,7012.T,7012.jp,2025-07-30,10625.00,11020.00,10535.00,10905.00,4173800,https://stooq.com/q/d/l/?s=7012.jp&i=d,2026-03-22T01:59:33+00:00
7012,7012.T,7012.jp,2025-07-31,10855.00,11160.00,10805.00,11120.00,3769300,https://stooq.com/q/d/l/?s=7012.jp&i=d,2026-03-22T01:59:33+00:00
7012,7012.T,7012.jp,2025-08-01,11120.00,11300.00,11090.00,11195.00,3380700,https://stooq.com/q/d/l/?s=7012.jp&i=d,2026-03-22T01:59:33+00:00
7012,7012.T,7012.jp,2025-08-04,10855.00,11210.00,10825.00,11200.00,2664200,https://stooq.com/q/d/l/?s=7012.jp&i=d,2026-03-22T01:59:33+00:00
7012,7012.T,7012.jp,2025-08-05,11500.00,11540.00,11010.00,11130.00,5685600,https://stooq.com/q/d/l/?s=7012.jp&i=d,2026-03-22T01:59:33+00:00
7012,7012.T,7012.jp,2025-08-06,11240.00,11435.00,10590.00,11100.00,16737800,https://stooq.com/q/d/l/?s=7012.jp&i=d,2026-03-22T01:59:33+00:00
7012,7012.T,7012.jp,2025-08-07,11110.00,11135.00,10570.00,11080.00,7154800,https://stooq.com/q/d/l/?s=7012.jp&i=d,2026-03-22T01:59:33+00:00
7012,7012.T,7012.jp,2025-08-08,10980.00,11415.00,10830.00,10905.00,5231600,https://stooq.com/q/d/l/?s=7012.jp&i=d,2026-03-22T01:59:33+00:00
7012,7012.T,7012.jp,2025-08-12,11020.00,11050.00,10840.00,10845.00,3876300,https://stooq.com/q/d/l/?s=7012.jp&i=d,2026-03-22T01:59:33+00:00
7012,7012.T,7012.jp,2025-08-13,10965.00,11195.00,10755.00,10830.00,4357700,https://stooq.com/q/d/l/?s=7012.jp&i=d,2026-03-22T01:59:33+00:00
7012,7012.T,7012.jp,2025-08-14,10830.00,10845.00,10240.00,10255.00,5280100,https://stooq.com/q/d/l/?s=7012.jp&i=d,2026-03-22T01:59:33+00:00
7012,7012.T,7012.jp,2025-08-15,10310.00,10320.00,10070.00,10095.00,4086800,https://stooq.com/q/d/l/?s=7012.jp&i=d,2026-03-22T01:59:33+00:00
7012,7012.T,7012.jp,2025-08-18,10180.00,10345.00,10105.00,10150.00,3964200,https://stooq.com/q/d/l/?s=7012.jp&i=d,2026-03-22T01:59:33+00:00
7012,7012.T,7012.jp,2025-08-19,10200.00,10200.00,9819.00,9888.00,5593400,https://stooq.com/q/d/l/?s=7012.jp&i=d,2026-03-22T01:59:33+00:00
7012,7012.T,7012.jp,2025-08-20,9600.00,9647.00,9430.00,9581.00,6979700,https://stooq.com/q/d/l/?s=7012.jp&i=d,2026-03-22T01:59:33+00:00
7012,7012.T,7012.jp,2025-08-21,9630.00,9690.00,9445.00,9458.00,4926800,https://stooq.com/q/d/l/?s=7012.jp&i=d,2026-03-22T01:59:33+00:00
7012,7012.T,7012.jp,2025-08-22,9520.00,9623.00,9490.00,9500.00,3803400,https://stooq.com/q/d/l/?s=7012.jp&i=d,2026-03-22T01:59:33+00:00
7012,7012.T,7012.jp,2025-08-25,9643.00,9645.00,9470.00,9543.00,3922500,https://stooq.com/q/d/l/?s=7012.jp&i=d,2026-03-22T01:59:33+00:00
7012,7012.T,7012.jp,2025-08-26,9508.00,9578.00,9355.00,9365.00,12353500,https://stooq.com/q/d/l/?s=7012.jp&i=d,2026-03-22T01:59:33+00:00
7012,7012.T,7012.jp,2025-08-27,9480.00,9485.00,9090.00,9161.00,7282500,https://stooq.com/q/d/l/?s=7012.jp&i=d,2026-03-22T01:59:33+00:00
7012,7012.T,7012.jp,2025-08-28,9129.00,9325.00,9079.00,9305.00,6175800,https://stooq.com/q/d/l/?s=7012.jp&i=d,2026-03-22T01:59:33+00:00
7012,7012.T,7012.jp,2025-08-29,9200.00,9321.00,8990.00,9025.00,6600100,https://stooq.com/q/d/l/?s=7012.jp&i=d,2026-03-22T01:59:33+00:00
7012,7012.T,7012.jp,2025-09-01,8875.00,9154.00,8841.00,8890.00,5424600,https://stooq.com/q/d/l/?s=7012.jp&i=d,2026-03-22T01:59:33+00:00
7012,7012.T,7012.jp,2025-09-02,8931.00,8980.00,8817.00,8834.00,4470700,https://stooq.com/q/d/l/?s=7012.jp&i=d,2026-03-22T01:59:33+00:00
7012,7012.T,7012.jp,2025-09-03,8882.00,8915.00,8645.00,8720.00,5419800,https://stooq.com/q/d/l/?s=7012.jp&i=d,2026-03-22T01:59:33+00:00
7012,7012.T,7012.jp,2025-09-04,8723.00,8929.00,8685.00,8835.00,5519100,https://stooq.com/q/d/l/?s=7012.jp&i=d,2026-03-22T01:59:33+00:00
7012,7012.T,7012.jp,2025-09-05,8998.00,8999.00,8820.00,8911.00,5047400,https://stooq.com/q/d/l/?s=7012.jp&i=d,2026-03-22T01:59:33+00:00
7012,7012.T,7012.jp,2025-09-08,9100.00,9182.00,8978.00,9082.00,6537400,https://stooq.com/q/d/l/?s=7012.jp&i=d,2026-03-22T01:59:33+00:00
7012,7012.T,7012.jp,2025-09-09,9230.00,9431.00,9045.00,9115.00,8802300,https://stooq.com/q/d/l/?s=7012.jp&i=d,2026-03-22T01:59:33+00:00
7012,7012.T,7012.jp,2025-09-10,9065.00,9166.00,8936.00,9043.00,5062500,https://stooq.com/q/d/l/?s=7012.jp&i=d,2026-03-22T01:59:33+00:00
7012,7012.T,7012.jp,2025-09-11,9104.00,9260.00,9033.00,9206.00,5289800,https://stooq.com/q/d/l/?s=7012.jp&i=d,2026-03-22T01:59:33+00:00
7012,7012.T,7012.jp,2025-09-12,9283.00,9290.00,9172.00,9217.00,3677200,https://stooq.com/q/d/l/?s=7012.jp&i=d,2026-03-22T01:59:33+00:00
7012,7012.T,7012.jp,2025-09-16,9210.00,9483.00,9209.00,9378.00,5774400,https://stooq.com/q/d/l/?s=7012.jp&i=d,2026-03-22T01:59:33+00:00
7012,7012.T,7012.jp,2025-09-17,9291.00,9305.00,9132.00,9165.00,3855500,https://stooq.com/q/d/l/?s=7012.jp&i=d,2026-03-22T01:59:33+00:00
7012,7012.T,7012.jp,2025-09-18,9188.00,9196.00,8981.00,9030.00,3424100,https://stooq.com/q/d/l/?s=7012.jp&i=d,2026-03-22T01:59:33+00:00
7012,7012.T,7012.jp,2025-09-19,9218.00,9604.00,9217.00,9457.00,11012900,https://stooq.com/q/d/l/?s=7012.jp&i=d,2026-03-22T01:59:33+00:00
7012,7012.T,7012.jp,2025-09-22,9594.00,9668.00,9422.00,9513.00,4548300,https://stooq.com/q/d/l/?s=7012.jp&i=d,2026-03-22T01:59:33+00:00
7012,7012.T,7012.jp,2025-09-24,9435.00,9860.00,9360.00,9816.00,7455400,https://stooq.com/q/d/l/?s=7012.jp&i=d,2026-03-22T01:59:33+00:00
7012,7012.T,7012.jp,2025-09-25,9834.00,10040.00,9678.00,9750.00,7196800,https://stooq.com/q/d/l/?s=7012.jp&i=d,2026-03-22T01:59:33+00:00
7012,7012.T,7012.jp,2025-09-26,9750.00,9926.00,9700.00,9723.00,4689200,https://stooq.com/q/d/l/?s=7012.jp&i=d,2026-03-22T01:59:33+00:00
7012,7012.T,7012.jp,2025-09-29,9740.00,9859.00,9522.00,9788.00,5956900,https://stooq.com/q/d/l/?s=7012.jp&i=d,2026-03-22T01:59:33+00:00
7012,7012.T,7012.jp,2025-09-30,9653.00,9905.00,9645.00,9770.00,5380800,https://stooq.com/q/d/l/?s=7012.jp&i=d,2026-03-22T01:59:33+00:00
7012,7012.T,7012.jp,2025-10-01,9538.00,9586.00,9330.00,9380.00,5392900,https://stooq.com/q/d/l/?s=7012.jp&i=d,2026-03-22T01:59:33+00:00
7012,7012.T,7012.jp,2025-10-02,9435.00,9438.00,9224.00,9375.00,3641500,https://stooq.com/q/d/l/?s=7012.jp&i=d,2026-03-22T01:59:33+00:00
7012,7012.T,7012.jp,2025-10-03,9400.00,9407.00,9202.00,9202.00,4202800,https://stooq.com/q/d/l/?s=7012.jp&i=d,2026-03-22T01:59:33+00:00
7012,7012.T,7012.jp,2025-10-06,10000.00,10425.00,9950.00,10065.00,12600800,https://stooq.com/q/d/l/?s=7012.jp&i=d,2026-03-22T01:59:33+00:00
7012,7012.T,7012.jp,2025-10-07,10100.00,10255.00,9600.00,9937.00,9781800,https://stooq.com/q/d/l/?s=7012.jp&i=d,2026-03-22T01:59:33+00:00
7012,7012.T,7012.jp,2025-10-08,9942.00,10325.00,9911.00,10280.00,5788900,https://stooq.com/q/d/l/?s=7012.jp&i=d,2026-03-22T01:59:33+00:00
7012,7012.T,7012.jp,2025-10-09,10310.00,10325.00,9953.00,10110.00,4898900,https://stooq.com/q/d/l/?s=7012.jp&i=d,2026-03-22T01:59:33+00:00
7012,7012.T,7012.jp,2025-10-10,10005.00,10055.00,9683.00,9723.00,5367800,https://stooq.com/q/d/l/?s=7012.jp&i=d,2026-03-22T01:59:33+00:00
7012,7012.T,7012.jp,2025-10-14,9603.00,9687.00,9390.00,9467.00,6904900,https://stooq.com/q/d/l/?s=7012.jp&i=d,2026-03-22T01:59:33+00:00
7012,7012.T,7012.jp,2025-10-15,9592.00,9910.00,9552.00,9873.00,4666100,https://stooq.com/q/d/l/?s=7012.jp&i=d,2026-03-22T01:59:33+00:00
7012,7012.T,7012.jp,2025-10-16,9963.00,10095.00,9841.00,9869.00,4045200,https://stooq.com/q/d/l/?s=7012.jp&i=d,2026-03-22T01:59:33+00:00
7012,7012.T,7012.jp,2025-10-17,9787.00,9918.00,9691.00,9728.00,4785200,https://stooq.com/q/d/l/?s=7012.jp&i=d,2026-03-22T01:59:33+00:00
7012,7012.T,7012.jp,2025-10-20,9958.00,9989.00,9780.00,9935.00,4754200,https://stooq.com/q/d/l/?s=7012.jp&i=d,2026-03-22T01:59:33+00:00
7012,7012.T,7012.jp,2025-10-21,10085.00,10150.00,9821.00,9841.00,4325700,https://stooq.com/q/d/l/?s=7012.jp&i=d,2026-03-22T01:59:33+00:00
7012,7012.T,7012.jp,2025-10-22,9991.00,10540.00,9955.00,10520.00,7751500,https://stooq.com/q/d/l/?s=7012.jp&i=d,2026-03-22T01:59:33+00:00
7012,7012.T,7012.jp,2025-10-23,10450.00,11395.00,10380.00,11395.00,11808300,https://stooq.com/q/d/l/?s=7012.jp&i=d,2026-03-22T01:59:33+00:00
7012,7012.T,7012.jp,2025-10-24,11300.00,11605.00,11130.00,11585.00,7862400,https://stooq.com/q/d/l/?s=7012.jp&i=d,2026-03-22T01:59:33+00:00
7012,7012.T,7012.jp,2025-10-27,12055.00,12775.00,11995.00,12630.00,12324800,https://stooq.com/q/d/l/?s=7012.jp&i=d,2026-03-22T01:59:33+00:00
7012,7012.T,7012.jp,2025-10-28,12500.00,12725.00,11940.00,11995.00,9026200,https://stooq.com/q/d/l/?s=7012.jp&i=d,2026-03-22T01:59:33+00:00
7012,7012.T,7012.jp,2025-10-29,12235.00,12265.00,11770.00,11795.00,5887800,https://stooq.com/q/d/l/?s=7012.jp&i=d,2026-03-22T01:59:33+00:00
7012,7012.T,7012.jp,2025-10-30,11930.00,12200.00,11825.00,12130.00,3979400,https://stooq.com/q/d/l/?s=7012.jp&i=d,2026-03-22T01:59:33+00:00
7012,7012.T,7012.jp,2025-10-31,12140.00,12595.00,12045.00,12400.00,5747700,https://stooq.com/q/d/l/?s=7012.jp&i=d,2026-03-22T01:59:33+00:00
7012,7012.T,7012.jp,2025-11-04,12550.00,12745.00,12050.00,12090.00,4099600,https://stooq.com/q/d/l/?s=7012.jp&i=d,2026-03-22T01:59:33+00:00
7012,7012.T,7012.jp,2025-11-05,11920.00,12015.00,11355.00,11970.00,4627900,https://stooq.com/q/d/l/?s=7012.jp&i=d,2026-03-22T01:59:33+00:00
7012,7012.T,7012.jp,2025-11-06,12145.00,12185.00,11735.00,12015.00,3652700,https://stooq.com/q/d/l/?s=7012.jp&i=d,2026-03-22T01:59:33+00:00
7012,7012.T,7012.jp,2025-11-07,11750.00,11810.00,11325.00,11425.00,3507800,https://stooq.com/q/d/l/?s=7012.jp&i=d,2026-03-22T01:59:33+00:00
7012,7012.T,7012.jp,2025-11-10,11525.00,11600.00,11255.00,11380.00,2180500,https://stooq.com/q/d/l/?s=7012.jp&i=d,2026-03-22T01:59:33+00:00
7012,7012.T,7012.jp,2025-11-11,11260.00,11285.00,10580.00,10685.00,7902100,https://stooq.com/q/d/l/?s=7012.jp&i=d,2026-03-22T01:59:33+00:00
7012,7012.T,7012.jp,2025-11-12,10400.00,10690.00,10380.00,10545.00,4150900,https://stooq.com/q/d/l/?s=7012.jp&i=d,2026-03-22T01:59:33+00:00
7012,7012.T,7012.jp,2025-11-13,10450.00,10720.00,10435.00,10680.00,3092800,https://stooq.com/q/d/l/?s=7012.jp&i=d,2026-03-22T01:59:33+00:00
7012,7012.T,7012.jp,2025-11-14,10455.00,10635.00,10405.00,10535.00,2900500,https://stooq.com/q/d/l/?s=7012.jp&i=d,2026-03-22T01:59:33+00:00
7012,7012.T,7012.jp,2025-11-17,10425.00,10725.00,10265.00,10725.00,2629500,https://stooq.com/q/d/l/?s=7012.jp&i=d,2026-03-22T01:59:33+00:00
7012,7012.T,7012.jp,2025-11-18,10520.00,10575.00,10130.00,10150.00,3040200,https://stooq.com/q/d/l/?s=7012.jp&i=d,2026-03-22T01:59:33+00:00
7012,7012.T,7012.jp,2025-11-19,10100.00,10365.00,9715.00,10195.00,4807600,https://stooq.com/q/d/l/?s=7012.jp&i=d,2026-03-22T01:59:33+00:00
7012,7012.T,7012.jp,2025-11-20,10465.00,10465.00,10100.00,10235.00,4234700,https://stooq.com/q/d/l/?s=7012.jp&i=d,2026-03-22T01:59:33+00:00
7012,7012.T,7012.jp,2025-11-21,9942.00,10115.00,9820.00,9996.00,4225600,https://stooq.com/q/d/l/?s=7012.jp&i=d,2026-03-22T01:59:33+00:00
7012,7012.T,7012.jp,2025-11-25,10080.00,10105.00,9687.00,9816.00,3687300,https://stooq.com/q/d/l/?s=7012.jp&i=d,2026-03-22T01:59:33+00:00
7012,7012.T,7012.jp,2025-11-26,9855.00,10075.00,9715.00,9991.00,3129500,https://stooq.com/q/d/l/?s=7012.jp&i=d,2026-03-22T01:59:33+00:00
7012,7012.T,7012.jp,2025-11-27,10020.00,10025.00,9853.00,9935.00,3109200,https://stooq.com/q/d/l/?s=7012.jp&i=d,2026-03-22T01:59:33+00:00
7012,7012.T,7012.jp,2025-11-28,9935.00,9954.00,9827.00,9882.00,2687400,https://stooq.com/q/d/l/?s=7012.jp&i=d,2026-03-22T01:59:33+00:00
7012,7012.T,7012.jp,2025-12-01,9915.00,9932.00,9764.00,9851.00,2581400,https://stooq.com/q/d/l/?s=7012.jp&i=d,2026-03-22T01:59:33+00:00
7012,7012.T,7012.jp,2025-12-02,9893.00,9963.00,9818.00,9856.00,2559600,https://stooq.com/q/d/l/?s=7012.jp&i=d,2026-03-22T01:59:33+00:00
7012,7012.T,7012.jp,2025-12-03,10000.00,10285.00,9916.00,10125.00,3764400,https://stooq.com/q/d/l/?s=7012.jp&i=d,2026-03-22T01:59:33+00:00
7012,7012.T,7012.jp,2025-12-04,10155.00,10685.00,10155.00,10680.00,3909700,https://stooq.com/q/d/l/?s=7012.jp&i=d,2026-03-22T01:59:33+00:00
7012,7012.T,7012.jp,2025-12-05,10700.00,10835.00,10565.00,10695.00,3137500,https://stooq.com/q/d/l/?s=7012.jp&i=d,2026-03-22T01:59:33+00:00
7012,7012.T,7012.jp,2025-12-08,10930.00,11030.00,10730.00,10960.00,3805400,https://stooq.com/q/d/l/?s=7012.jp&i=d,2026-03-22T01:59:33+00:00
7012,7012.T,7012.jp,2025-12-09,11080.00,11655.00,11065.00,11430.00,5598700,https://stooq.com/q/d/l/?s=7012.jp&i=d,2026-03-22T01:59:33+00:00
7012,7012.T,7012.jp,2025-12-10,11660.00,12040.00,11470.00,11720.00,6710800,https://stooq.com/q/d/l/?s=7012.jp&i=d,2026-03-22T01:59:33+00:00
7012,7012.T,7012.jp,2025-12-11,11790.00,11800.00,11100.00,11240.00,4187300,https://stooq.com/q/d/l/?s=7012.jp&i=d,2026-03-22T01:59:33+00:00
7012,7012.T,7012.jp,2025-12-12,11400.00,11760.00,11145.00,11705.00,4475600,https://stooq.com/q/d/l/?s=7012.jp&i=d,2026-03-22T01:59:33+00:00
7012,7012.T,7012.jp,2025-12-15,11525.00,11910.00,11475.00,11905.00,4215100,https://stooq.com/q/d/l/?s=7012.jp&i=d,2026-03-22T01:59:33+00:00
7012,7012.T,7012.jp,2025-12-16,11845.00,11970.00,11575.00,11680.00,3431900,https://stooq.com/q/d/l/?s=7012.jp&i=d,2026-03-22T01:59:33+00:00
7012,7012.T,7012.jp,2025-12-17,11620.00,11775.00,11315.00,11550.00,3719000,https://stooq.com/q/d/l/?s=7012.jp&i=d,2026-03-22T01:59:33+00:00
7012,7012.T,7012.jp,2025-12-18,11090.00,11300.00,10895.00,11030.00,3955200,https://stooq.com/q/d/l/?s=7012.jp&i=d,2026-03-22T01:59:33+00:00
7012,7012.T,7012.jp,2025-12-19,10975.00,11305.00,10850.00,10885.00,3805100,https://stooq.com/q/d/l/?s=7012.jp&i=d,2026-03-22T01:59:33+00:00
7012,7012.T,7012.jp,2025-12-22,11170.00,11410.00,11070.00,11265.00,3201900,https://stooq.com/q/d/l/?s=7012.jp&i=d,2026-03-22T01:59:33+00:00
7012,7012.T,7012.jp,2025-12-23,11265.00,11280.00,11110.00,11110.00,1689200,https://stooq.com/q/d/l/?s=7012.jp&i=d,2026-03-22T01:59:33+00:00
7012,7012.T,7012.jp,2025-12-24,11070.00,11115.00,10920.00,10985.00,1516300,https://stooq.com/q/d/l/?s=7012.jp&i=d,2026-03-22T01:59:33+00:00
7012,7012.T,7012.jp,2025-12-25,10940.00,10975.00,10670.00,10735.00,1728200,https://stooq.com/q/d/l/?s=7012.jp&i=d,2026-03-22T01:59:33+00:00
7012,7012.T,7012.jp,2025-12-26,10735.00,10790.00,10550.00,10605.00,1731700,https://stooq.com/q/d/l/?s=7012.jp&i=d,2026-03-22T01:59:33+00:00
7012,7012.T,7012.jp,2025-12-29,10495.00,10685.00,10345.00,10415.00,3079500,https://stooq.com/q/d/l/?s=7012.jp&i=d,2026-03-22T01:59:33+00:00
7012,7012.T,7012.jp,2025-12-30,10315.00,10460.00,10220.00,10380.00,1931400,https://stooq.com/q/d/l/?s=7012.jp&i=d,2026-03-22T01:59:33+00:00
7012,7012.T,7012.jp,2026-01-05,10730.00,11200.00,10645.00,11200.00,4299700,https://stooq.com/q/d/l/?s=7012.jp&i=d,2026-03-22T01:59:33+00:00
7012,7012.T,7012.jp,2026-01-06,11460.00,11930.00,11445.00,11870.00,5689200,https://stooq.com/q/d/l/?s=7012.jp&i=d,2026-03-22T01:59:33+00:00
7012,7012.T,7012.jp,2026-01-07,11575.00,11830.00,11415.00,11620.00,4238600,https://stooq.com/q/d/l/?s=7012.jp&i=d,2026-03-22T01:59:33+00:00
7012,7012.T,7012.jp,2026-01-08,11560.00,12035.00,11555.00,11990.00,5085700,https://stooq.com/q/d/l/?s=7012.jp&i=d,2026-03-22T01:59:33+00:00
7012,7012.T,7012.jp,2026-01-09,12150.00,12395.00,12000.00,12370.00,4892900,https://stooq.com/q/d/l/?s=7012.jp&i=d,2026-03-22T01:59:33+00:00
7012,7012.T,7012.jp,2026-01-13,13190.00,13615.00,13005.00,13420.00,6789500,https://stooq.com/q/d/l/?s=7012.jp&i=d,2026-03-22T01:59:33+00:00
7012,7012.T,7012.jp,2026-01-14,13400.00,13900.00,13340.00,13825.00,5549600,https://stooq.com/q/d/l/?s=7012.jp&i=d,2026-03-22T01:59:33+00:00
7012,7012.T,7012.jp,2026-01-15,13670.00,13975.00,13590.00,13905.00,3614600,https://stooq.com/q/d/l/?s=7012.jp&i=d,2026-03-22T01:59:33+00:00
7012,7012.T,7012.jp,2026-01-16,14000.00,14200.00,13720.00,13965.00,4739700,https://stooq.com/q/d/l/?s=7012.jp&i=d,2026-03-22T01:59:33+00:00
7012,7012.T,7012.jp,2026-01-19,13915.00,14600.00,13625.00,14570.00,6071000,https://stooq.com/q/d/l/?s=7012.jp&i=d,2026-03-22T01:59:33+00:00
7012,7012.T,7012.jp,2026-01-20,14620.00,14940.00,14115.00,14175.00,5388000,https://stooq.com/q/d/l/?s=7012.jp&i=d,2026-03-22T01:59:33+00:00
7012,7012.T,7012.jp,2026-01-21,13875.00,14625.00,13840.00,14400.00,4238600,https://stooq.com/q/d/l/?s=7012.jp&i=d,2026-03-22T01:59:33+00:00
7012,7012.T,7012.jp,2026-01-22,14475.00,14540.00,13575.00,13625.00,5353900,https://stooq.com/q/d/l/?s=7012.jp&i=d,2026-03-22T01:59:33+00:00
7012,7012.T,7012.jp,2026-01-23,13605.00,13800.00,13205.00,13265.00,4178100,https://stooq.com/q/d/l/?s=7012.jp&i=d,2026-03-22T01:59:33+00:00
7012,7012.T,7012.jp,2026-01-26,13200.00,13390.00,12855.00,13050.00,3410300,https://stooq.com/q/d/l/?s=7012.jp&i=d,2026-03-22T01:59:33+00:00
7012,7012.T,7012.jp,2026-01-27,12985.00,13100.00,12705.00,13035.00,2619300,https://stooq.com/q/d/l/?s=7012.jp&i=d,2026-03-22T01:59:33+00:00
7012,7012.T,7012.jp,2026-01-28,12865.00,12880.00,12540.00,12675.00,2756400,https://stooq.com/q/d/l/?s=7012.jp&i=d,2026-03-22T01:59:33+00:00
7012,7012.T,7012.jp,2026-01-29,12860.00,13170.00,12725.00,12985.00,3516000,https://stooq.com/q/d/l/?s=7012.jp&i=d,2026-03-22T01:59:33+00:00
7012,7012.T,7012.jp,2026-01-30,13075.00,13085.00,12715.00,12875.00,2252400,https://stooq.com/q/d/l/?s=7012.jp&i=d,2026-03-22T01:59:33+00:00
7012,7012.T,7012.jp,2026-02-02,13145.00,13650.00,12950.00,13070.00,4769600,https://stooq.com/q/d/l/?s=7012.jp&i=d,2026-03-22T01:59:33+00:00
7012,7012.T,7012.jp,2026-02-03,13370.00,13720.00,13090.00,13720.00,3809600,https://stooq.com/q/d/l/?s=7012.jp&i=d,2026-03-22T01:59:33+00:00
7012,7012.T,7012.jp,2026-02-04,13900.00,13995.00,13555.00,13910.00,4341400,https://stooq.com/q/d/l/?s=7012.jp&i=d,2026-03-22T01:59:33+00:00
7012,7012.T,7012.jp,2026-02-05,14075.00,14345.00,13420.00,13680.00,4644500,https://stooq.com/q/d/l/?s=7012.jp&i=d,2026-03-22T01:59:33+00:00
7012,7012.T,7012.jp,2026-02-06,13630.00,14650.00,13575.00,14650.00,7079300,https://stooq.com/q/d/l/?s=7012.jp&i=d,2026-03-22T01:59:33+00:00
7012,7012.T,7012.jp,2026-02-09,15500.00,17280.00,14905.00,16955.00,19427800,https://stooq.com/q/d/l/?s=7012.jp&i=d,2026-03-22T01:59:33+00:00
7012,7012.T,7012.jp,2026-02-10,17500.00,18250.00,16960.00,18250.00,10719500,https://stooq.com/q/d/l/?s=7012.jp&i=d,2026-03-22T01:59:33+00:00
7012,7012.T,7012.jp,2026-02-12,18650.00,18670.00,17505.00,17810.00,7506400,https://stooq.com/q/d/l/?s=7012.jp&i=d,2026-03-22T01:59:33+00:00
7012,7012.T,7012.jp,2026-02-13,17810.00,17950.00,17260.00,17710.00,4915200,https://stooq.com/q/d/l/?s=7012.jp&i=d,2026-03-22T01:59:33+00:00
7012,7012.T,7012.jp,2026-02-16,18000.00,18135.00,17490.00,17725.00,2854400,https://stooq.com/q/d/l/?s=7012.jp&i=d,2026-03-22T01:59:33+00:00
7012,7012.T,7012.jp,2026-02-17,17605.00,17655.00,16650.00,16940.00,3687500,https://stooq.com/q/d/l/?s=7012.jp&i=d,2026-03-22T01:59:33+00:00
7012,7012.T,7012.jp,2026-02-18,17100.00,17440.00,16890.00,16945.00,3175100,https://stooq.com/q/d/l/?s=7012.jp&i=d,2026-03-22T01:59:33+00:00
7012,7012.T,7012.jp,2026-02-19,17110.00,17335.00,16770.00,17270.00,2367400,https://stooq.com/q/d/l/?s=7012.jp&i=d,2026-03-22T01:59:33+00:00
7012,7012.T,7012.jp,2026-02-20,17120.00,17995.00,17115.00,17915.00,4915100,https://stooq.com/q/d/l/?s=7012.jp&i=d,2026-03-22T01:59:33+00:00
7012,7012.T,7012.jp,2026-02-24,18005.00,18100.00,16875.00,17195.00,5295200,https://stooq.com/q/d/l/?s=7012.jp&i=d,2026-03-22T01:59:33+00:00
7012,7012.T,7012.jp,2026-02-25,17050.00,17475.00,16740.00,17400.00,3454200,https://stooq.com/q/d/l/?s=7012.jp&i=d,2026-03-22T01:59:33+00:00
7012,7012.T,7012.jp,2026-02-26,17595.00,17800.00,17415.00,17580.00,3088900,https://stooq.com/q/d/l/?s=7012.jp&i=d,2026-03-22T01:59:33+00:00
7012,7012.T,7012.jp,2026-02-27,17640.00,18340.00,17555.00,18255.00,4852800,https://stooq.com/q/d/l/?s=7012.jp&i=d,2026-03-22T01:59:33+00:00
7012,7012.T,7012.jp,2026-03-02,18500.00,18765.00,18025.00,18375.00,4992100,https://stooq.com/q/d/l/?s=7012.jp&i=d,2026-03-22T01:59:33+00:00
7012,7012.T,7012.jp,2026-03-03,18775.00,18830.00,17275.00,17285.00,4288300,https://stooq.com/q/d/l/?s=7012.jp&i=d,2026-03-22T01:59:33+00:00
7012,7012.T,7012.jp,2026-03-04,16700.00,16920.00,15385.00,16015.00,6828800,https://stooq.com/q/d/l/?s=7012.jp&i=d,2026-03-22T01:59:33+00:00
7012,7012.T,7012.jp,2026-03-05,16630.00,17150.00,16255.00,16650.00,4472900,https://stooq.com/q/d/l/?s=7012.jp&i=d,2026-03-22T01:59:33+00:00
7012,7012.T,7012.jp,2026-03-06,16180.00,16520.00,15810.00,16340.00,3907000,https://stooq.com/q/d/l/?s=7012.jp&i=d,2026-03-22T01:59:33+00:00
7012,7012.T,7012.jp,2026-03-09,15200.00,15720.00,14980.00,15695.00,5340800,https://stooq.com/q/d/l/?s=7012.jp&i=d,2026-03-22T01:59:33+00:00
7012,7012.T,7012.jp,2026-03-10,15975.00,16675.00,15760.00,16320.00,4172700,https://stooq.com/q/d/l/?s=7012.jp&i=d,2026-03-22T01:59:33+00:00
7012,7012.T,7012.jp,2026-03-11,16465.00,16570.00,16075.00,16100.00,2776700,https://stooq.com/q/d/l/?s=7012.jp&i=d,2026-03-22T01:59:33+00:00
7012,7012.T,7012.jp,2026-03-12,15850.00,17020.00,15720.00,16715.00,5134700,https://stooq.com/q/d/l/?s=7012.jp&i=d,2026-03-22T01:59:33+00:00
7012,7012.T,7012.jp,2026-03-13,15950.00,16560.00,15820.00,16420.00,3734500,https://stooq.com/q/d/l/?s=7012.jp&i=d,2026-03-22T01:59:33+00:00
7012,7012.T,7012.jp,2026-03-16,16400.00,16665.00,15850.00,16165.00,2765600,https://stooq.com/q/d/l/?s=7012.jp&i=d,2026-03-22T01:59:33+00:00
7012,7012.T,7012.jp,2026-03-17,16410.00,16725.00,16020.00,16150.00,2791400,https://stooq.com/q/d/l/?s=7012.jp&i=d,2026-03-22T01:59:33+00:00
7012,7012.T,7012.jp,2026-03-18,16550.00,16935.00,16195.00,16930.00,3144900,https://stooq.com/q/d/l/?s=7012.jp&i=d,2026-03-22T01:59:33+00:00
